date,warmup,forecast_method,k_load,rho_load,k_pv,rho_pv,scenario_count,purchase_strategy,risk_source_dates,risk_source_day_count,purchase_margin_kwh,similar_load_dates,similar_pv_dates,scenario_source_dates,reserve_latest_source_date,reserve_kwh,soc_start_kwh,soc_end_kwh,load_mae_kwh,load_rmse_kwh,pv_mae_kwh,pv_rmse_kwh,planned_grid_kwh,actual_emergency_kwh,actual_surplus_kwh,planned_cost_yuan,emergency_cost_yuan,actual_total_cost_yuan,solver_objective_yuan,primary_optimum_yuan,storage_throughput_kwh,peak_grid_kwh,objective_mode,cost_lock_tolerance,throughput_lock_tolerance,lexicographic_tolerance_relaxed,solver_seconds,mip_gap,mip_node_count,solver_status
2025-01-01,True,similar_day,4,1.0,7,1.0,1,legacy_scenarios,,0,0.0,,,,,0.0,6000.0,1200.0,113.22068668981478,133.3022984116728,140.49898124999996,202.86438614058318,54149.365590550944,36514.41488333333,21.217300000000023,32909.86528886616,146586.90245181666,179496.76774068282,32909.86528886616,32909.8652559563,32207.271655599336,1409.802763499626,lexicographic,3.29098652559563e-05,3.220727162339207e-05,False,0.18413759999748436,0.0,1,0
2025-01-02,True,similar_day,4,1.0,7,1.0,1,legacy_scenarios,,0,0.0,2025-01-01,2025-01-01,2025-01-01,2025-01-01,0.0,1200.0,1200.0,23.174773842592586,30.59957725485432,10.191742013888886,22.31262096676364,121187.55481800545,1078.4512333333328,24345.769549999997,80989.97380738662,3690.905855833331,84680.87966321995,113351.5922729366,113351.592159585,47964.973656613576,1915.6016626657388,lexicographic,0.000113351592159585,4.7964973608648594e-05,False,0.07088850000218372,0.0,1,0
2025-01-03,True,similar_day,4,1.0,7,1.0,2,legacy_scenarios,,0,0.0,2025-01-02,2025-01-02,2025-01-02;2025-01-01,2025-01-02,0.0,1200.0,1200.0,317.8716789351851,348.7040332424474,14.416922685185186,34.59753499876732,122067.11959109809,0.0,71527.18066666667,81754.5938942043,0.0,81754.5938942043,99925.96195176264,99925.96185183665,47964.97673449597,1912.4201794637067,lexicographic,9.992596185183665e-05,4.7964976734494286e-05,False,0.08557229999860283,1.4562697179681322e-16,1,0
2025-01-04,True,similar_day,4,1.0,7,1.0,3,legacy_scenarios,,0,0.0,2025-01-02;2025-01-03,2025-01-02;2025-01-03,2025-01-03;2025-01-02;2025-01-01,2025-01-03,0.0,1200.0,1200.0,160.62484398148146,176.43343098782768,13.496411921296293,34.372197882564734,98237.90548959529,125.69500000000005,48634.08835833332,62151.69617870356,268.7359100000001,62420.432088703565,74327.74660861329,74327.74653428551,47287.77196798675,1678.534834638601,lexicographic,7.432774653428552e-05,4.728777192069897e-05,False,0.1145500999991782,0.0,1,0
2025-01-05,True,similar_day,4,1.0,7,1.0,4,legacy_scenarios,,0,0.0,2025-01-04;2025-01-02;2025-01-03,2025-01-04;2025-01-02;2025-01-03,2025-01-04;2025-01-03;2025-01-02;2025-01-01,2025-01-04,0.0,1200.0,1200.0,212.01386859567904,233.77631031764665,8.594969907407412,17.060329152744558,90014.20848887303,14603.011850000003,8704.845405555552,55605.654769347544,61680.16771044722,117285.82247979476,64810.351417777405,64810.351352967074,46456.64729634028,1603.423387051109,lexicographic,6.481035135296708e-05,4.6456647296334436e-05,False,0.10268839999844204,1.1226536289793353e-16,1,0
2025-01-06,True,similar_day,4,1.0,7,1.0,5,legacy_scenarios,,0,0.0,2025-01-05;2025-01-04;2025-01-02;2025-01-03,2025-01-05;2025-01-04;2025-01-02;2025-01-03,2025-01-03;2025-01-02;2025-01-01;2025-01-05;2025-01-04,2025-01-05,9600.0,1200.0,10800.0,153.12547980324072,169.0588475659639,10.199889641203704,18.703873205654457,105422.1587042349,10192.509579166666,9349.51824162676,64414.39777545165,42773.92441210208,107188.32218755374,85984.62961686037,85984.62953087577,57974.372550591725,1610.9678399960856,lexicographic,8.598462953087577e-05,5.797437249261735e-05,False,0.12763260000065202,0.0,1,0
2025-01-07,True,similar_day,4,1.0,7,1.0,5,legacy_scenarios,,0,0.0,2025-01-06;2025-01-05;2025-01-04;2025-01-03,2025-01-06;2025-01-05;2025-01-04;2025-01-03;2025-01-02,2025-01-06;2025-01-03;2025-01-02;2025-01-01;2025-01-05,2025-01-06,9600.0,10800.0,10800.0,155.2669320601852,173.6515376588082,16.54014543981482,37.71145158073236,94677.62244514885,10384.913862222224,7538.4891462435735,59708.393800744016,43479.53507560959,103187.9288763536,89800.61346252705,89800.61337272651,47223.34022179352,1604.4349832606772,lexicographic,8.980061337272651e-05,4.722334017457018e-05,False,0.18235640000057174,3.2409389383494873e-16,1,0
2025-01-08,True,similar_day,4,1.0,7,1.0,5,legacy_scenarios,,0,0.0,2025-01-07;2025-01-06;2025-01-03;2025-01-02,2025-01-07;2025-01-06;2025-01-03;2025-01-02;2025-01-04;2025-01-05,2025-01-07;2025-01-06;2025-01-03;2025-01-02;2025-01-01,2025-01-07,9600.0,10800.0,10800.0,76.57864282407408,86.28541026220604,11.743839756944448,27.510074910574733,106191.48870137743,4869.559020833333,16500.048737702797,68976.30406255917,20180.026293962503,89156.33035652168,95422.15807119702,95422.15797577491,47964.97778311983,1720.6140574250162,lexicographic,9.542215797577491e-05,4.796497778313101e-05,False,0.16954640000039944,1.5250037870723052e-16,1,0
2025-01-09,True,similar_day,4,1.0,7,1.0,6,legacy_scenarios,,0,0.0,2025-01-07;2025-01-06;2025-01-08;2025-01-05,2025-01-07;2025-01-06;2025-01-08;2025-01-05;2025-01-04;2025-01-03;2025-01-02,2025-01-08;2025-01-07;2025-01-06;2025-01-03;2025-01-02;2025-01-01,2025-01-08,9600.0,10800.0,10800.0,18.543603269675916,24.68488685753256,14.302365443121687,28.964994506799798,110957.60126310047,811.0136333333337,15690.802539642862,73250.1270675677,2382.3757356375027,75632.50280320519,102769.40319287457,102769.40309010522,47500.65155065767,1765.0389596080197,lexicographic,0.00010276940309010522,4.750065150315703e-05,False,0.20648999999684747,0.0,1,0
2025-01-10,True,similar_day,4,1.0,7,1.0,7,legacy_scenarios,,0,0.0,2025-01-09;2025-01-08;2025-01-07;2025-01-06,2025-01-09;2025-01-08;2025-01-07;2025-01-06;2025-01-03;2025-01-04;2025-01-02,2025-01-09;2025-01-08;2025-01-07;2025-01-06;2025-01-03;2025-01-02;2025-01-01,2025-01-09,9600.0,10800.0,10800.0,315.2259735243055,343.80741676306536,13.036234490740743,23.581469382985006,110914.96354142716,0.0,60438.61378130952,73204.97834802934,0.0,73204.97834802934,98826.9628069848,98826.96270815782,47495.191098138326,1765.13955425116,lexicographic,9.882696270815783e-05,4.749519105064313e-05,False,0.21382250000169734,0.0,1,0
2025-01-11,True,similar_day,4,1.0,7,1.0,5,legacy_scenarios,,0,0.0,2025-01-10;2025-01-04;2025-01-05;2025-01-09,2025-01-10;2025-01-04;2025-01-05;2025-01-09;2025-01-08;2025-01-07;2025-01-06,2025-01-05;2025-01-04;2025-01-10;2025-01-09;2025-01-08,2025-01-10,9600.0,10800.0,10800.0,160.43242879050925,177.37324896535188,8.88114518849207,17.65386992893256,86571.88040287208,91.34416666666539,36920.6735432886,53747.99910130003,195.2938283333306,53943.29292963336,72096.95806051801,72096.95798842103,46456.645164979534,1531.105624908067,lexicographic,7.209695798842104e-05,4.645664511852289e-05,False,0.12040079999860609,0.0,1,0
2025-01-12,True,similar_day,4,1.0,7,1.0,5,legacy_scenarios,,0,0.0,2025-01-11;2025-01-10;2025-01-05;2025-01-04,2025-01-11;2025-01-10;2025-01-05;2025-01-04;2025-01-09;2025-01-06;2025-01-07,2025-01-11;2025-01-05;2025-01-04;2025-01-10;2025-01-09,2025-01-11,9600.0,10800.0,10800.0,231.62261385995367,254.54862271919572,9.330521312830685,18.99400306046369,74393.249241963,21507.63141917243,249.32705396825452,44096.78731806662,86879.49373369594,130976.28105176256,58852.47501051852,58852.47495166607,45589.758026171636,1396.1745896953153,lexicographic,5.885247495166607e-05,4.5589757980581885e-05,False,0.16172330000335933,0.0,1,0
2025-01-13,True,similar_day,4,1.0,7,1.0,8,legacy_scenarios,,0,0.0,2025-01-10;2025-01-12;2025-01-07;2025-01-08,2025-01-10;2025-01-12;2025-01-07;2025-01-08;2025-01-11;2025-01-06;2025-01-09,2025-01-10;2025-01-09;2025-01-08;2025-01-07;2025-01-06;2025-01-03;2025-01-02;2025-01-01,2025-01-12,9600.0,10800.0,10800.0,80.42537786458335,90.09165214394307,18.904435813492082,33.965321589273174,99391.63842203503,5127.986495833333,11369.003986666672,63779.27117681023,20811.176881777083,84590.44805858731,86126.84893829902,86126.84885217213,46456.64092530751,1650.3843955165153,lexicographic,8.612684885217214e-05,4.6456640925313084e-05,False,0.23771559999659075,0.0,1,0
2025-01-14,True,similar_day,4,1.0,7,1.0,9,legacy_scenarios,,0,0.0,2025-01-09;2025-01-13;2025-01-07;2025-01-12,2025-01-09;2025-01-13;2025-01-07;2025-01-12;2025-01-06;2025-01-10;2025-01-11,2025-01-13;2025-01-10;2025-01-09;2025-01-08;2025-01-07;2025-01-06;2025-01-03;2025-01-02;2025-01-01,2025-01-13,9600.0,10800.0,10800.0,18.74131059027778,23.157980450644043,11.960215823412709,23.98416661720409,110797.95019197415,1009.2585916666669,17522.686548571433,73012.09697858267,3293.389235491668,76305.48621407434,95166.01144835207,95166.01135318611,47671.67808495923,1761.2050827966727,lexicographic,9.516601135318612e-05,4.767167803728755e-05,False,0.3180555999970238,0.0,1,0
2025-01-15,True,similar_day,4,1.0,7,1.0,10,legacy_scenarios,,0,0.0,2025-01-14;2025-01-09;2025-01-13;2025-01-10,2025-01-14;2025-01-09;2025-01-13;2025-01-10;2025-01-07;2025-01-12;2025-01-06,2025-01-14;2025-01-13;2025-01-10;2025-01-09;2025-01-08;2025-01-07;2025-01-06;2025-01-03;2025-01-02;2025-01-01,2025-01-14,9600.0,10800.0,10800.0,79.35085726273148,90.22398859570124,9.678541005291002,18.616331272321712,98073.59655296209,5050.389867261903,8176.9794532544665,62752.79251325327,21754.697309396422,84507.48982264969,83924.44003260364,83924.43994867927,46456.641583587,1592.2145038497017,lexicographic,8.392443994867927e-05,4.6456641583597695e-05,False,0.30316189999939525,0.0,1,0
2025-01-16,True,similar_day,4,1.0,7,1.0,11,legacy_scenarios,,0,0.0,2025-01-15;2025-01-10;2025-01-14;2025-01-09,2025-01-15;2025-01-10;2025-01-14;2025-01-09;2025-01-07;2025-01-13;2025-01-08,2025-01-15;2025-01-14;2025-01-13;2025-01-10;2025-01-09;2025-01-08;2025-01-07;2025-01-06;2025-01-03;2025-01-02;2025-01-01,2025-01-15,9600.0,10800.0,10800.0,78.99361782407408,88.4022191100579,15.770518634259266,32.492414400432736,95241.14049891153,5074.959358928571,6365.284366071431,60736.58330975956,21084.58828764375,81821.17159740331,83665.13203091634,83665.13194725117,46456.641661059475,1595.8615395093134,lexicographic,8.366513194725117e-05,4.645664166104684e-05,False,0.24748120000003837,0.0,1,0
2025-01-17,True,similar_day,4,1.0,7,1.0,12,legacy_scenarios,,0,0.0,2025-01-16;2025-01-15;2025-01-10;2025-01-14,2025-01-16;2025-01-15;2025-01-10;2025-01-14;2025-01-09;2025-01-07;2025-01-13,2025-01-16;2025-01-15;2025-01-14;2025-01-13;2025-01-10;2025-01-09;2025-01-08;2025-01-07;2025-01-06;2025-01-03;2025-01-02;2025-01-01,2025-01-16,9600.0,10800.0,10800.0,241.08244337384258,264.7647145378256,11.897375810185197,22.92634785488274,95021.42941385602,0.0,47455.65189678571,60561.85643512991,0.0,60561.85643512991,83389.98195239881,83389.98186900887,46456.641743318905,1590.0665385279465,lexicographic,8.338998186900888e-05,4.645664174331864e-05,False,0.26056679999965127,1.745043577443796e-16,1,0
2025-01-18,True,similar_day,4,1.0,7,1.0,5,legacy_scenarios,,0,0.0,2025-01-12;2025-01-11;2025-01-17;2025-01-16,2025-01-12;2025-01-11;2025-01-17;2025-01-16;2025-01-15;2025-01-14;2025-01-04,2025-01-12;2025-01-11;2025-01-05;2025-01-04;2025-01-17,2025-01-17,9600.0,10800.0,10800.0,159.61433272569445,175.89388512040037,12.71195305886244,22.94699779741692,88888.35157024016,119.59041666666599,40888.768860919314,55416.11096199694,255.68431083333186,55671.79527283028,81667.46865837314,81667.46857670565,46456.64230458272,1600.5657350268184,lexicographic,8.166746857670565e-05,4.645664225812609e-05,False,0.11931099999856087,1.781849674292164e-16,1,0
2025-01-19,True,similar_day,4,1.0,7,1.0,5,legacy_scenarios,,0,0.0,2025-01-18;2025-01-12;2025-01-11;2025-01-17,2025-01-18;2025-01-12;2025-01-11;2025-01-17;2025-01-14;2025-01-16;2025-01-15,2025-01-18;2025-01-12;2025-01-11;2025-01-05;2025-01-04,2025-01-18,9600.0,10800.0,10800.0,233.73216880787035,258.3747073217141,11.925785152116404,22.622458756992767,77459.49798321154,17187.07421170635,1226.1709599001674,46098.193337719305,72848.44226084066,118946.63559855997,72140.62444702066,72140.62437488002,45128.651582712744,1541.6253622811205,lexicographic,7.214062437488003e-05,4.512865153758408e-05,False,0.2332843000003777,4.0343191799249117e-16,1,0
2025-01-20,True,similar_day,4,1.0,7,1.0,13,legacy_scenarios,,0,0.0,2025-01-13;2025-01-14;2025-01-17;2025-01-15,2025-01-13;2025-01-14;2025-01-17;2025-01-15;2025-01-16;2025-01-07;2025-01-09,2025-01-17;2025-01-16;2025-01-15;2025-01-14;2025-01-13;2025-01-10;2025-01-09;2025-01-08;2025-01-07;2025-01-06;2025-01-03;2025-01-02;2025-01-01,2025-01-19,9600.0,10800.0,10800.0,77.61492627314816,87.9739474006443,13.255158416005306,24.8406359428604,94616.00566578656,4710.122792857141,6382.387790238097,60176.61664974874,19835.70791079107,80012.32456053981,81222.60906811914,81222.60898689668,46456.64239112708,1589.7581244092019,lexicographic,8.122260898689668e-05,4.645664239112695e-05,False,0.4620156999990286,1.7916089386779554e-16,1,0
2025-01-21,True,similar_day,4,1.0,7,1.0,14,legacy_scenarios,,0,0.0,2025-01-20;2025-01-14;2025-01-15;2025-01-17,2025-01-20;2025-01-14;2025-01-15;2025-01-17;2025-01-16;2025-01-09;2025-01-07,2025-01-20;2025-01-17;2025-01-16;2025-01-15;2025-01-14;2025-01-13;2025-01-10;2025-01-09;2025-01-08;2025-01-07;2025-01-06;2025-01-03;2025-01-02;2025-01-01,2025-01-20,9600.0,10800.0,10800.0,72.38462725694441,82.18990599086861,36.5304693452381,69.4728256871594,94557.53463862755,4450.477120833331,10657.201992023813,60189.58627855932,18139.778179402078,78329.3644579614,81114.84740762704,81114.84732651213,46439.885274883105,1580.2677759220019,lexicographic,8.111484732651213e-05,4.6439885274892625e-05,False,0.5103342999973393,0.0,1,0
2025-01-22,True,similar_day,4,1.0,7,1.0,14,legacy_scenarios,,0,0.0,2025-01-21;2025-01-20;2025-01-14;2025-01-15,2025-01-21;2025-01-20;2025-01-14;2025-01-15;2025-01-17;2025-01-09;2025-01-16,2025-01-21;2025-01-20;2025-01-17;2025-01-16;2025-01-15;2025-01-14;2025-01-13;2025-01-10;2025-01-09;2025-01-08;2025-01-07;2025-01-06;2025-01-03;2025-01-02,2025-01-21,9600.0,10800.0,10800.0,17.456171325231484,22.136014137538805,13.73011674933862,25.383954250927996,101051.71168090591,799.8590499999991,8076.142334722224,65763.0582381053,3028.5012029312475,68791.55944103654,84055.70436537461,84055.70428131895,46456.64154434639,1675.3932899079005,lexicographic,8.405570428131895e-05,4.645664154434639e-05,False,0.46530429999984335,0.0,1,0
2025-01-23,True,similar_day,4,1.0,7,1.0,14,legacy_scenarios,,0,0.0,2025-01-15;2025-01-21;2025-01-16;2025-01-17,2025-01-15;2025-01-21;2025-01-16;2025-01-17;2025-01-20;2025-01-14;2025-01-09,2025-01-22;2025-01-21;2025-01-20;2025-01-17;2025-01-16;2025-01-15;2025-01-14;2025-01-13;2025-01-10;2025-01-09;2025-01-08;2025-01-07;2025-01-06;2025-01-03,2025-01-22,9600.0,10800.0,10800.0,79.48195810185183,89.38770605470151,14.05202716600528,28.507884196245495,89450.87304550316,6099.509641468254,1210.8025939358681,56377.12666251263,23361.05386733065,79738.18052984329,74627.8686802873,74627.86860565929,45475.340170496616,1544.1393314358663,lexicographic,7.462786860565928e-05,4.5475340125021295e-05,False,0.7030446999997366,0.0,1,0
2025-01-24,True,similar_day,4,1.0,7,1.0,14,legacy_scenarios,,0,0.0,2025-01-23;2025-01-17;2025-01-16;2025-01-20,2025-01-23;2025-01-17;2025-01-16;2025-01-20;2025-01-21;2025-01-10;2025-01-15,2025-01-23;2025-01-22;2025-01-21;2025-01-20;2025-01-17;2025-01-16;2025-01-15;2025-01-14;2025-01-13;2025-01-10;2025-01-09;2025-01-08;2025-01-07;2025-01-06,2025-01-23,9600.0,10800.0,10800.0,241.74790778356478,266.3479368050662,17.402429894179907,38.576393485774744,90692.56493521281,0.0,46092.5222663187,57034.60977143311,0.0,57034.60977143311,76306.47873796365,76306.47866165696,45446.52331157018,1535.9440683425116,lexicographic,7.630647866165697e-05,4.5446523266123666e-05,False,0.6870836000016425,0.0,1,0
2025-01-25,True,similar_day,4,1.0,7,1.0,6,legacy_scenarios,,0,0.0,2025-01-19;2025-01-18;2025-01-22;2025-01-21,2025-01-19;2025-01-18;2025-01-22;2025-01-21;2025-01-12;2025-01-23;2025-01-17,2025-01-19;2025-01-18;2025-01-12;2025-01-11;2025-01-05;2025-01-04,2025-01-24,9600.0,10800.0,10800.0,238.40343926504627,262.9484828503039,29.016727728174615,56.81586459973441,99035.5626920034,0.0,55701.894266468255,63774.37352505754,0.0,63774.37352505754,97250.99864205046,97250.99854479954,46622.675029220816,1745.4807436666374,lexicographic,9.725099854479955e-05,4.6622674982598143e-05,False,0.3823974000006274,0.0,1,0
2025-01-26,True,similar_day,4,1.0,7,1.0,7,legacy_scenarios,,0,0.0,2025-01-25;2025-01-19;2025-01-18;2025-01-22,2025-01-25;2025-01-19;2025-01-18;2025-01-22;2025-01-21;2025-01-20;2025-01-12,2025-01-25;2025-01-19;2025-01-18;2025-01-12;2025-01-11;2025-01-05;2025-01-04,2025-01-25,9600.0,10800.0,10800.0,157.65562161458334,175.02319621012435,16.48676069775131,35.340363716249435,86909.76260026697,10111.58783611111,4456.432235912698,53922.875634292126,41835.41972518641,95758.29535947854,82625.8033894978,82625.8033068721,46354.36832899481,1572.618908047929,lexicographic,8.26258033068721e-05,4.635436828264045e-05,False,0.14257809999980964,1.7611829048512924e-16,1,0
2025-01-27,True,similar_day,4,1.0,7,1.0,14,legacy_scenarios,,0,0.0,2025-01-20;2025-01-21;2025-01-24;2025-01-23,2025-01-20;2025-01-21;2025-01-24;2025-01-23;2025-01-14;2025-01-17;2025-01-13,2025-01-24;2025-01-23;2025-01-22;2025-01-21;2025-01-20;2025-01-17;2025-01-16;2025-01-15;2025-01-14;2025-01-13;2025-01-10;2025-01-09;2025-01-08;2025-01-07,2025-01-26,9600.0,10800.0,10800.0,75.6719003761574,84.69641244648551,19.775141749338633,36.97094694954484,87665.94419889437,5057.995240476191,3794.62718324686,54813.86838196557,20772.59467985208,75586.46306181766,70837.41966309614,70837.4195922587,45101.3463460558,1527.438726699241,lexicographic,7.08374195922587e-05,4.510134630095446e-05,False,0.5752214999993157,0.0,1,0
2025-01-28,True,similar_day,4,1.0,7,1.0,14,legacy_scenarios,,0,0.0,2025-01-22;2025-01-20;2025-01-23;2025-01-21,2025-01-22;2025-01-20;2025-01-23;2025-01-21;2025-01-27;2025-01-14;2025-01-13,2025-01-27;2025-01-24;2025-01-23;2025-01-22;2025-01-21;2025-01-20;2025-01-17;2025-01-16;2025-01-15;2025-01-14;2025-01-13;2025-01-10;2025-01-09;2025-01-08,2025-01-27,9600.0,10800.0,10800.0,20.212109780092582,24.657720047553937,11.444311425264548,21.210525538467504,98361.94120825629,893.3042791666654,7408.583300992062,63486.300654196275,2824.2345435895786,66310.53519778585,76552.90946247126,76552.90938591832,46357.556335648726,1565.4249199683852,lexicographic,7.655290938591833e-05,4.635755633564709e-05,False,0.4166187999981048,0.0,1,0
2025-01-29,True,similar_day,4,1.0,7,1.0,14,legacy_scenarios,,0,0.0,2025-01-23;2025-01-21;2025-01-27;2025-01-22,2025-01-23;2025-01-21;2025-01-27;2025-01-22;2025-01-24;2025-01-15;2025-01-20,2025-01-28;2025-01-27;2025-01-24;2025-01-23;2025-01-22;2025-01-21;2025-01-20;2025-01-17;2025-01-16;2025-01-15;2025-01-14;2025-01-13;2025-01-10;2025-01-09,2025-01-28,9600.0,10800.0,10800.0,20.31237502893519,24.755673979558736,33.8163037202381,56.83979809664988,97842.20202563368,409.17457499999944,11999.831306547618,63112.67763881077,1262.6417155520826,64375.31935436285,74952.80443887434,74952.80436392159,46358.33200945159,1564.550073792644,lexicographic,7.495280436392159e-05,4.635833200944737e-05,False,0.25035619999835035,0.0,1,0
2025-01-30,True,similar_day,4,1.0,7,1.0,14,legacy_scenarios,,0,0.0,2025-01-22;2025-01-29;2025-01-21;2025-01-27,2025-01-22;2025-01-29;2025-01-21;2025-01-27;2025-01-23;2025-01-24;2025-01-17,2025-01-29;2025-01-28;2025-01-27;2025-01-24;2025-01-23;2025-01-22;2025-01-21;2025-01-20;2025-01-17;2025-01-16;2025-01-15;2025-01-14;2025-01-13;2025-01-10,2025-01-29,9600.0,10800.0,10800.0,17.260203530092593,23.54083424750967,16.762830340608478,35.092930279914206,96528.68987645846,689.7846875000005,8653.083229618866,62038.62324583382,2933.2123870375026,64971.83563287132,73778.33982309596,73778.33974931772,45943.597249059756,1539.4618069998162,lexicographic,7.377833974931772e-05,4.594359720311616e-05,False,0.28002679999917746,0.0,1,0
2025-01-31,True,similar_day,4,1.0,7,1.0,14,legacy_scenarios,,0,0.0,2025-01-30;2025-01-29;2025-01-22;2025-01-23,2025-01-30;2025-01-29;2025-01-22;2025-01-23;2025-01-24;2025-01-27;2025-01-21,2025-01-30;2025-01-29;2025-01-28;2025-01-27;2025-01-24;2025-01-23;2025-01-22;2025-01-21;2025-01-20;2025-01-17;2025-01-16;2025-01-15;2025-01-14;2025-01-13,2025-01-30,9600.0,10800.0,10800.0,320.19415726273144,350.270053053422,14.48071106150793,26.750097102667116,96182.22372465688,0.0,52619.538400468206,61872.05983358764,0.0,61872.05983358764,73781.29982088186,73781.29974710058,45710.71429621853,1536.0844665396376,lexicographic,7.378129974710058e-05,4.571071425050782e-05,False,0.2718834000006609,0.0,1,0
2025-02-01,False,calendar_trend,4,1.0,7,1.0,0,calibrated_quantile,2025-01-04;2025-01-05;2025-01-06;2025-01-07;2025-01-08;2025-01-09;2025-01-10;2025-01-11;2025-01-12;2025-01-13;2025-01-14;2025-01-15;2025-01-16;2025-01-17;2025-01-18;2025-01-19;2025-01-20;2025-01-21;2025-01-22;2025-01-23;2025-01-24;2025-01-25;2025-01-26;2025-01-27;2025-01-28;2025-01-29;2025-01-30;2025-01-31,28,19861.867349841268,2025-01-04;2025-01-05;2025-01-06;2025-01-07;2025-01-08;2025-01-09;2025-01-10;2025-01-11;2025-01-12;2025-01-13;2025-01-14;2025-01-15;2025-01-16;2025-01-17;2025-01-18;2025-01-19;2025-01-20;2025-01-21;2025-01-22;2025-01-23;2025-01-24;2025-01-25;2025-01-26;2025-01-27;2025-01-28;2025-01-29;2025-01-30;2025-01-31,2025-01-18;2025-01-19;2025-01-20;2025-01-21;2025-01-22;2025-01-23;2025-01-24;2025-01-25;2025-01-26;2025-01-27;2025-01-28;2025-01-29;2025-01-30;2025-01-31,,2025-01-31,9600.0,10800.0,10800.0,33.071501354996855,38.32793014869407,10.493657839017365,20.724795551149512,62523.867997676476,0.0,24042.081332429552,35450.64199570945,0.0,35450.64199570945,35450.64199570944,35450.6419602588,39092.29170928215,1510.1311210698714,lexicographic,3.5450641960258804e-05,3.909229167018987e-05,False,0.09629969999878085,0.0,1,0
2025-02-02,False,calendar_trend,4,1.0,7,1.0,0,calibrated_quantile,2025-01-05;2025-01-06;2025-01-07;2025-01-08;2025-01-09;2025-01-10;2025-01-11;2025-01-12;2025-01-13;2025-01-14;2025-01-15;2025-01-16;2025-01-17;2025-01-18;2025-01-19;2025-01-20;2025-01-21;2025-01-22;2025-01-23;2025-01-24;2025-01-25;2025-01-26;2025-01-27;2025-01-28;2025-01-29;2025-01-30;2025-01-31;2025-02-01,28,19855.4772831746,2025-01-05;2025-01-06;2025-01-07;2025-01-08;2025-01-09;2025-01-10;2025-01-11;2025-01-12;2025-01-13;2025-01-14;2025-01-15;2025-01-16;2025-01-17;2025-01-18;2025-01-19;2025-01-20;2025-01-21;2025-01-22;2025-01-23;2025-01-24;2025-01-25;2025-01-26;2025-01-27;2025-01-28;2025-01-29;2025-01-30;2025-01-31;2025-02-01,2025-01-19;2025-01-20;2025-01-21;2025-01-22;2025-01-23;2025-01-24;2025-01-25;2025-01-26;2025-01-27;2025-01-28;2025-01-29;2025-01-30;2025-01-31;2025-02-01,,2025-02-01,9600.0,10800.0,10800.0,22.133344352358293,27.013918851677808,10.459012263849935,20.3720277303429,105921.21497832052,0.0,22715.046801888497,69559.724433241,0.0,69559.724433241,69559.724433241,69559.72436368126,46201.58584127357,1601.4390669673228,lexicographic,6.955972436368126e-05,4.620158579507197e-05,False,0.06386420000126236,2.0920030033880846e-16,1,0
2025-02-03,False,calendar_trend,4,1.0,7,1.0,0,calibrated_quantile,2025-01-06;2025-01-07;2025-01-08;2025-01-09;2025-01-10;2025-01-11;2025-01-12;2025-01-13;2025-01-14;2025-01-15;2025-01-16;2025-01-17;2025-01-18;2025-01-19;2025-01-20;2025-01-21;2025-01-22;2025-01-23;2025-01-24;2025-01-25;2025-01-26;2025-01-27;2025-01-28;2025-01-29;2025-01-30;2025-01-31;2025-02-01;2025-02-02,28,16555.527216746028,2025-01-06;2025-01-07;2025-01-08;2025-01-09;2025-01-10;2025-01-11;2025-01-12;2025-01-13;2025-01-14;2025-01-15;2025-01-16;2025-01-17;2025-01-18;2025-01-19;2025-01-20;2025-01-21;2025-01-22;2025-01-23;2025-01-24;2025-01-25;2025-01-26;2025-01-27;2025-01-28;2025-01-29;2025-01-30;2025-01-31;2025-02-01;2025-02-02,2025-01-20;2025-01-21;2025-01-22;2025-01-23;2025-01-24;2025-01-25;2025-01-26;2025-01-27;2025-01-28;2025-01-29;2025-01-30;2025-01-31;2025-02-01;2025-02-02,,2025-02-02,9600.0,10800.0,10800.0,18.65718764706313,23.292614125755797,12.527401165299993,24.4400753607094,101548.74366870575,0.0,16575.910172797492,66045.87972689167,0.0,66045.87972689167,66045.87972689167,66045.87966084576,45306.36717154723,1544.3815093164844,lexicographic,6.604587966084576e-05,4.530636712624086e-05,False,0.11526230000163196,0.0,1,0
2025-02-04,False,calendar_trend,4,1.0,7,1.0,0,calibrated_quantile,2025-01-07;2025-01-08;2025-01-09;2025-01-10;2025-01-11;2025-01-12;2025-01-13;2025-01-14;2025-01-15;2025-01-16;2025-01-17;2025-01-18;2025-01-19;2025-01-20;2025-01-21;2025-01-22;2025-01-23;2025-01-24;2025-01-25;2025-01-26;2025-01-27;2025-01-28;2025-01-29;2025-01-30;2025-01-31;2025-02-01;2025-02-02;2025-02-03,28,14095.679795515873,2025-01-07;2025-01-08;2025-01-09;2025-01-10;2025-01-11;2025-01-12;2025-01-13;2025-01-14;2025-01-15;2025-01-16;2025-01-17;2025-01-18;2025-01-19;2025-01-20;2025-01-21;2025-01-22;2025-01-23;2025-01-24;2025-01-25;2025-01-26;2025-01-27;2025-01-28;2025-01-29;2025-01-30;2025-01-31;2025-02-01;2025-02-02;2025-02-03,2025-01-21;2025-01-22;2025-01-23;2025-01-24;2025-01-25;2025-01-26;2025-01-27;2025-01-28;2025-01-29;2025-01-30;2025-01-31;2025-02-01;2025-02-02;2025-02-03,,2025-02-03,9600.0,10800.0,10800.0,21.38931991217457,27.320586263543092,19.87631451314577,38.96144525982467,98594.35169853871,74.74429241312146,12755.938302981802,63776.99078773404,159.7968727222658,63936.787660456306,63776.99078773404,63776.99072395707,44947.9561353989,1567.4759964316659,lexicographic,6.377699072395708e-05,4.4947956090450945e-05,False,0.09889710000061314,0.0,1,0
2025-02-05,False,calendar_trend,4,1.0,7,1.0,0,calibrated_quantile,2025-01-08;2025-01-09;2025-01-10;2025-01-11;2025-01-12;2025-01-13;2025-01-14;2025-01-15;2025-01-16;2025-01-17;2025-01-18;2025-01-19;2025-01-20;2025-01-21;2025-01-22;2025-01-23;2025-01-24;2025-01-25;2025-01-26;2025-01-27;2025-01-28;2025-01-29;2025-01-30;2025-01-31;2025-02-01;2025-02-02;2025-02-03;2025-02-04,28,12400.550877176509,2025-01-08;2025-01-09;2025-01-10;2025-01-11;2025-01-12;2025-01-13;2025-01-14;2025-01-15;2025-01-16;2025-01-17;2025-01-18;2025-01-19;2025-01-20;2025-01-21;2025-01-22;2025-01-23;2025-01-24;2025-01-25;2025-01-26;2025-01-27;2025-01-28;2025-01-29;2025-01-30;2025-01-31;2025-02-01;2025-02-02;2025-02-03;2025-02-04,2025-01-22;2025-01-23;2025-01-24;2025-01-25;2025-01-26;2025-01-27;2025-01-28;2025-01-29;2025-01-30;2025-01-31;2025-02-01;2025-02-02;2025-02-03;2025-02-04,,2025-02-04,9600.0,10800.0,10800.0,19.352008254716388,24.682765617858756,16.23143159863173,33.108053745700175,96189.66872985105,80.15783516909073,10803.104795481562,62088.75790858568,188.85920979747715,62277.617118383154,62088.75790858568,62088.75784649691,44947.96612121846,1537.9119596673067,lexicographic,6.208875784649692e-05,4.4947966076270497e-05,False,0.06815679999999702,0.0,1,0
2025-02-06,False,calendar_trend,4,1.0,7,1.0,0,calibrated_quantile,2025-01-09;2025-01-10;2025-01-11;2025-01-12;2025-01-13;2025-01-14;2025-01-15;2025-01-16;2025-01-17;2025-01-18;2025-01-19;2025-01-20;2025-01-21;2025-01-22;2025-01-23;2025-01-24;2025-01-25;2025-01-26;2025-01-27;2025-01-28;2025-01-29;2025-01-30;2025-01-31;2025-02-01;2025-02-02;2025-02-03;2025-02-04;2025-02-05,28,11917.791682113479,2025-01-09;2025-01-10;2025-01-11;2025-01-12;2025-01-13;2025-01-14;2025-01-15;2025-01-16;2025-01-17;2025-01-18;2025-01-19;2025-01-20;2025-01-21;2025-01-22;2025-01-23;2025-01-24;2025-01-25;2025-01-26;2025-01-27;2025-01-28;2025-01-29;2025-01-30;2025-01-31;2025-02-01;2025-02-02;2025-02-03;2025-02-04;2025-02-05,2025-01-23;2025-01-24;2025-01-25;2025-01-26;2025-01-27;2025-01-28;2025-01-29;2025-01-30;2025-01-31;2025-02-01;2025-02-02;2025-02-03;2025-02-04;2025-02-05,,2025-02-05,9600.0,10800.0,10800.0,19.318868104144162,24.1760125319647,10.601000311683006,19.69376306276086,95801.75897981018,2.1236858037951833,10814.530493889128,61816.802653342864,4.648748224507656,61821.45140156737,61816.80265334286,61816.80259152604,44947.96772976492,1530.8137045198669,lexicographic,6.181680259152604e-05,4.494796768481694e-05,False,0.07404410000162898,0.0,1,0
2025-02-07,False,calendar_trend,4,1.0,7,1.0,0,calibrated_quantile,2025-01-10;2025-01-11;2025-01-12;2025-01-13;2025-01-14;2025-01-15;2025-01-16;2025-01-17;2025-01-18;2025-01-19;2025-01-20;2025-01-21;2025-01-22;2025-01-23;2025-01-24;2025-01-25;2025-01-26;2025-01-27;2025-01-28;2025-01-29;2025-01-30;2025-01-31;2025-02-01;2025-02-02;2025-02-03;2025-02-04;2025-02-05;2025-02-06,28,11865.357688468825,2025-01-10;2025-01-11;2025-01-12;2025-01-13;2025-01-14;2025-01-15;2025-01-16;2025-01-17;2025-01-18;2025-01-19;2025-01-20;2025-01-21;2025-01-22;2025-01-23;2025-01-24;2025-01-25;2025-01-26;2025-01-27;2025-01-28;2025-01-29;2025-01-30;2025-01-31;2025-02-01;2025-02-02;2025-02-03;2025-02-04;2025-02-05;2025-02-06,2025-01-24;2025-01-25;2025-01-26;2025-01-27;2025-01-28;2025-01-29;2025-01-30;2025-01-31;2025-02-01;2025-02-02;2025-02-03;2025-02-04;2025-02-05;2025-02-06,,2025-02-06,9600.0,10800.0,10800.0,20.165601490131266,25.485948006145097,25.826060653623593,51.39366369789802,51195.36677204887,0.0,15335.271438394877,27826.519994490543,0.0,27826.519994490543,27826.519994490543,27826.51996666402,38623.64398551086,1298.9071027591897,lexicographic,2.782651996666402e-05,3.862364394688723e-05,False,0.1126646000011533,0.0,1,0
2025-02-08,False,calendar_trend,4,1.0,7,1.0,0,calibrated_quantile,2025-01-11;2025-01-12;2025-01-13;2025-01-14;2025-01-15;2025-01-16;2025-01-17;2025-01-18;2025-01-19;2025-01-20;2025-01-21;2025-01-22;2025-01-23;2025-01-24;2025-01-25;2025-01-26;2025-01-27;2025-01-28;2025-01-29;2025-01-30;2025-01-31;2025-02-01;2025-02-02;2025-02-03;2025-02-04;2025-02-05;2025-02-06;2025-02-07,28,11865.357688468825,2025-01-11;2025-01-12;2025-01-13;2025-01-14;2025-01-15;2025-01-16;2025-01-17;2025-01-18;2025-01-19;2025-01-20;2025-01-21;2025-01-22;2025-01-23;2025-01-24;2025-01-25;2025-01-26;2025-01-27;2025-01-28;2025-01-29;2025-01-30;2025-01-31;2025-02-01;2025-02-02;2025-02-03;2025-02-04;2025-02-05;2025-02-06;2025-02-07,2025-01-25;2025-01-26;2025-01-27;2025-01-28;2025-01-29;2025-01-30;2025-01-31;2025-02-01;2025-02-02;2025-02-03;2025-02-04;2025-02-05;2025-02-06;2025-02-07,,2025-02-07,9600.0,10800.0,10800.0,18.24072219287527,22.695699010789856,19.681528704751145,40.912837308333025,49388.5414625965,0.2832538720564344,13758.328725993371,26876.490928407882,1.4546502599458186,26877.945578667826,26876.490928407882,26876.490901531386,38613.332766281135,1435.6763298823444,lexicographic,2.6876490901531388e-05,3.86133327276678e-05,False,0.12314710000282503,0.0,1,0
2025-02-09,False,calendar_trend,4,1.0,7,1.0,0,calibrated_quantile,2025-01-12;2025-01-13;2025-01-14;2025-01-15;2025-01-16;2025-01-17;2025-01-18;2025-01-19;2025-01-20;2025-01-21;2025-01-22;2025-01-23;2025-01-24;2025-01-25;2025-01-26;2025-01-27;2025-01-28;2025-01-29;2025-01-30;2025-01-31;2025-02-01;2025-02-02;2025-02-03;2025-02-04;2025-02-05;2025-02-06;2025-02-07;2025-02-08,28,11864.686813593547,2025-01-12;2025-01-13;2025-01-14;2025-01-15;2025-01-16;2025-01-17;2025-01-18;2025-01-19;2025-01-20;2025-01-21;2025-01-22;2025-01-23;2025-01-24;2025-01-25;2025-01-26;2025-01-27;2025-01-28;2025-01-29;2025-01-30;2025-01-31;2025-02-01;2025-02-02;2025-02-03;2025-02-04;2025-02-05;2025-02-06;2025-02-07;2025-02-08,2025-01-26;2025-01-27;2025-01-28;2025-01-29;2025-01-30;2025-01-31;2025-02-01;2025-02-02;2025-02-03;2025-02-04;2025-02-05;2025-02-06;2025-02-07;2025-02-08,,2025-02-08,9600.0,10800.0,10800.0,28.269530926356538,33.88627964671594,20.373448041695347,40.37946491915458,91771.37390343078,681.5080307659797,8214.81180079203,58992.71060791313,2036.5088427417488,61029.219450654884,58992.71060791313,58992.71054892039,44608.442325241616,1463.602161176347,lexicographic,5.8992710548920395e-05,4.460844228063317e-05,False,0.06887099999948987,0.0,1,0
2025-02-10,False,calendar_trend,4,1.0,7,1.0,0,calibrated_quantile,2025-01-13;2025-01-14;2025-01-15;2025-01-16;2025-01-17;2025-01-18;2025-01-19;2025-01-20;2025-01-21;2025-01-22;2025-01-23;2025-01-24;2025-01-25;2025-01-26;2025-01-27;2025-01-28;2025-01-29;2025-01-30;2025-01-31;2025-02-01;2025-02-02;2025-02-03;2025-02-04;2025-02-05;2025-02-06;2025-02-07;2025-02-08;2025-02-09,28,10539.343574109967,2025-01-13;2025-01-14;2025-01-15;2025-01-16;2025-01-17;2025-01-18;2025-01-19;2025-01-20;2025-01-21;2025-01-22;2025-01-23;2025-01-24;2025-01-25;2025-01-26;2025-01-27;2025-01-28;2025-01-29;2025-01-30;2025-01-31;2025-02-01;2025-02-02;2025-02-03;2025-02-04;2025-02-05;2025-02-06;2025-02-07;2025-02-08;2025-02-09,2025-01-27;2025-01-28;2025-01-29;2025-01-30;2025-01-31;2025-02-01;2025-02-02;2025-02-03;2025-02-04;2025-02-05;2025-02-06;2025-02-07;2025-02-08;2025-02-09,,2025-02-09,9600.0,10800.0,10800.0,23.97962707565277,30.115335970435176,30.15202585698214,58.11531330481456,91646.93513199037,40.765057471136515,12663.4890452385,58746.91674064902,88.8891409066459,58835.80588155567,58746.91674064903,58746.91668190212,44750.56918531741,1442.0929618273553,lexicographic,5.874691668190212e-05,4.4750569140566846e-05,False,0.07355029999962426,1.2385258708266634e-16,1,0
2025-02-11,False,calendar_trend,4,1.0,7,1.0,0,calibrated_quantile,2025-01-14;2025-01-15;2025-01-16;2025-01-17;2025-01-18;2025-01-19;2025-01-20;2025-01-21;2025-01-22;2025-01-23;2025-01-24;2025-01-25;2025-01-26;2025-01-27;2025-01-28;2025-01-29;2025-01-30;2025-01-31;2025-02-01;2025-02-02;2025-02-03;2025-02-04;2025-02-05;2025-02-06;2025-02-07;2025-02-08;2025-02-09;2025-02-10,28,9990.907683742204,2025-01-14;2025-01-15;2025-01-16;2025-01-17;2025-01-18;2025-01-19;2025-01-20;2025-01-21;2025-01-22;2025-01-23;2025-01-24;2025-01-25;2025-01-26;2025-01-27;2025-01-28;2025-01-29;2025-01-30;2025-01-31;2025-02-01;2025-02-02;2025-02-03;2025-02-04;2025-02-05;2025-02-06;2025-02-07;2025-02-08;2025-02-09;2025-02-10,2025-01-28;2025-01-29;2025-01-30;2025-01-31;2025-02-01;2025-02-02;2025-02-03;2025-02-04;2025-02-05;2025-02-06;2025-02-07;2025-02-08;2025-02-09;2025-02-10,,2025-02-10,9600.0,10800.0,10800.0,22.79676129352062,28.168783076615828,15.760283696472381,30.458667890452425,89924.86676924305,9.462235294962056,10041.299057090777,57319.97072634154,20.61607328044138,57340.58679962198,57319.97072634153,57319.970669021546,44511.07049234824,1448.2123052197853,lexicographic,5.731997066902155e-05,4.451107044783717e-05,False,0.07012110000141547,0.0,1,0
2025-02-12,False,calendar_trend,4,1.0,7,1.0,0,calibrated_quantile,2025-01-15;2025-01-16;2025-01-17;2025-01-18;2025-01-19;2025-01-20;2025-01-21;2025-01-22;2025-01-23;2025-01-24;2025-01-25;2025-01-26;2025-01-27;2025-01-28;2025-01-29;2025-01-30;2025-01-31;2025-02-01;2025-02-02;2025-02-03;2025-02-04;2025-02-05;2025-02-06;2025-02-07;2025-02-08;2025-02-09;2025-02-10;2025-02-11,28,9984.56442103452,2025-01-15;2025-01-16;2025-01-17;2025-01-18;2025-01-19;2025-01-20;2025-01-21;2025-01-22;2025-01-23;2025-01-24;2025-01-25;2025-01-26;2025-01-27;2025-01-28;2025-01-29;2025-01-30;2025-01-31;2025-02-01;2025-02-02;2025-02-03;2025-02-04;2025-02-05;2025-02-06;2025-02-07;2025-02-08;2025-02-09;2025-02-10;2025-02-11,2025-01-29;2025-01-30;2025-01-31;2025-02-01;2025-02-02;2025-02-03;2025-02-04;2025-02-05;2025-02-06;2025-02-07;2025-02-08;2025-02-09;2025-02-10;2025-02-11,,2025-02-11,9600.0,10800.0,10800.0,20.61293697708291,25.99924276266871,15.197550320288636,30.24428976537834,89730.61903354611,30.535299219494597,9822.57674612781,57276.888355241106,102.95134152388275,57379.83969676499,57276.8883552411,57276.88829796424,44505.437002531966,1437.06746860298,lexicographic,5.7276888297964243e-05,4.450543695802652e-05,False,0.07525329999771202,0.0,1,0
2025-02-13,False,calendar_trend,4,1.0,7,1.0,0,calibrated_quantile,2025-01-16;2025-01-17;2025-01-18;2025-01-19;2025-01-20;2025-01-21;2025-01-22;2025-01-23;2025-01-24;2025-01-25;2025-01-26;2025-01-27;2025-01-28;2025-01-29;2025-01-30;2025-01-31;2025-02-01;2025-02-02;2025-02-03;2025-02-04;2025-02-05;2025-02-06;2025-02-07;2025-02-08;2025-02-09;2025-02-10;2025-02-11;2025-02-12,28,8934.231341923814,2025-01-16;2025-01-17;2025-01-18;2025-01-19;2025-01-20;2025-01-21;2025-01-22;2025-01-23;2025-01-24;2025-01-25;2025-01-26;2025-01-27;2025-01-28;2025-01-29;2025-01-30;2025-01-31;2025-02-01;2025-02-02;2025-02-03;2025-02-04;2025-02-05;2025-02-06;2025-02-07;2025-02-08;2025-02-09;2025-02-10;2025-02-11;2025-02-12,2025-01-30;2025-01-31;2025-02-01;2025-02-02;2025-02-03;2025-02-04;2025-02-05;2025-02-06;2025-02-07;2025-02-08;2025-02-09;2025-02-10;2025-02-11;2025-02-12,,2025-02-12,9600.0,10800.0,10800.0,21.94414317119749,26.20948543889598,32.427843538975445,58.695729606330204,88171.86126635883,87.5877961319176,12265.024948358938,56088.47565376001,188.7173570957747,56277.193010855786,56088.475653760004,56088.47559767151,44439.7401390101,1462.9345146057422,lexicographic,5.608847559767151e-05,4.4439740094570365e-05,False,0.1031637000014598,0.0,1,0
2025-02-14,False,calendar_trend,4,1.0,7,1.0,0,calibrated_quantile,2025-01-17;2025-01-18;2025-01-19;2025-01-20;2025-01-21;2025-01-22;2025-01-23;2025-01-24;2025-01-25;2025-01-26;2025-01-27;2025-01-28;2025-01-29;2025-01-30;2025-01-31;2025-02-01;2025-02-02;2025-02-03;2025-02-04;2025-02-05;2025-02-06;2025-02-07;2025-02-08;2025-02-09;2025-02-10;2025-02-11;2025-02-12;2025-02-13,28,7931.049939653702,2025-01-17;2025-01-18;2025-01-19;2025-01-20;2025-01-21;2025-01-22;2025-01-23;2025-01-24;2025-01-25;2025-01-26;2025-01-27;2025-01-28;2025-01-29;2025-01-30;2025-01-31;2025-02-01;2025-02-02;2025-02-03;2025-02-04;2025-02-05;2025-02-06;2025-02-07;2025-02-08;2025-02-09;2025-02-10;2025-02-11;2025-02-12;2025-02-13,2025-01-31;2025-02-01;2025-02-02;2025-02-03;2025-02-04;2025-02-05;2025-02-06;2025-02-07;2025-02-08;2025-02-09;2025-02-10;2025-02-11;2025-02-12;2025-02-13,,2025-02-13,9600.0,10800.0,10800.0,18.16674221814877,22.807991585061586,18.71590626759834,39.68676756888508,41147.31811035115,534.7898668808415,7827.828592987221,22099.0480673073,1545.2784850665898,23644.32655237389,22099.048067307303,22099.04804520826,38605.181038507246,1283.473967132059,lexicographic,2.209904804520826e-05,3.8605180999902065e-05,False,0.1377035999976215,0.0,1,0
2025-02-15,False,calendar_trend,4,1.0,7,1.0,0,calibrated_quantile,2025-01-18;2025-01-19;2025-01-20;2025-01-21;2025-01-22;2025-01-23;2025-01-24;2025-01-25;2025-01-26;2025-01-27;2025-01-28;2025-01-29;2025-01-30;2025-01-31;2025-02-01;2025-02-02;2025-02-03;2025-02-04;2025-02-05;2025-02-06;2025-02-07;2025-02-08;2025-02-09;2025-02-10;2025-02-11;2025-02-12;2025-02-13;2025-02-14,28,8098.31006441822,2025-01-18;2025-01-19;2025-01-20;2025-01-21;2025-01-22;2025-01-23;2025-01-24;2025-01-25;2025-01-26;2025-01-27;2025-01-28;2025-01-29;2025-01-30;2025-01-31;2025-02-01;2025-02-02;2025-02-03;2025-02-04;2025-02-05;2025-02-06;2025-02-07;2025-02-08;2025-02-09;2025-02-10;2025-02-11;2025-02-12;2025-02-13;2025-02-14,2025-02-01;2025-02-02;2025-02-03;2025-02-04;2025-02-05;2025-02-06;2025-02-07;2025-02-08;2025-02-09;2025-02-10;2025-02-11;2025-02-12;2025-02-13;2025-02-14,,2025-02-14,9600.0,10800.0,10800.0,17.637986973972925,21.978471657288527,12.355124916961906,23.940245449486586,40556.06567192556,113.53921369742841,7335.368867526016,21815.082715534023,268.3652786489299,22083.447994182952,21815.082715534023,21815.082693718938,38621.06474598825,1410.49008241288,lexicographic,2.1815082693718938e-05,3.862106470737606e-05,False,0.2173058000007586,0.0,1,0
2025-02-16,False,calendar_trend,4,1.0,7,1.0,0,calibrated_quantile,2025-01-19;2025-01-20;2025-01-21;2025-01-22;2025-01-23;2025-01-24;2025-01-25;2025-01-26;2025-01-27;2025-01-28;2025-01-29;2025-01-30;2025-01-31;2025-02-01;2025-02-02;2025-02-03;2025-02-04;2025-02-05;2025-02-06;2025-02-07;2025-02-08;2025-02-09;2025-02-10;2025-02-11;2025-02-12;2025-02-13;2025-02-14;2025-02-15,28,8211.247965174938,2025-01-19;2025-01-20;2025-01-21;2025-01-22;2025-01-23;2025-01-24;2025-01-25;2025-01-26;2025-01-27;2025-01-28;2025-01-29;2025-01-30;2025-01-31;2025-02-01;2025-02-02;2025-02-03;2025-02-04;2025-02-05;2025-02-06;2025-02-07;2025-02-08;2025-02-09;2025-02-10;2025-02-11;2025-02-12;2025-02-13;2025-02-14;2025-02-15,2025-02-02;2025-02-03;2025-02-04;2025-02-05;2025-02-06;2025-02-07;2025-02-08;2025-02-09;2025-02-10;2025-02-11;2025-02-12;2025-02-13;2025-02-14;2025-02-15,,2025-02-15,9600.0,10800.0,10800.0,23.852807913826933,29.4240887560387,18.466560391671887,39.44413320214526,84048.7676214907,796.6459881328401,5031.473043970985,52871.02929279102,2994.9018886611943,55865.931181452215,52871.02929279102,52871.02923991998,42264.08554121647,1440.5943395313025,lexicographic,5.2871029239919984e-05,4.226408549895239e-05,False,0.2208176000021922,0.0,1,0
2025-02-17,False,calendar_trend,4,1.0,7,1.0,0,calibrated_quantile,2025-01-20;2025-01-21;2025-01-22;2025-01-23;2025-01-24;2025-01-25;2025-01-26;2025-01-27;2025-01-28;2025-01-29;2025-01-30;2025-01-31;2025-02-01;2025-02-02;2025-02-03;2025-02-04;2025-02-05;2025-02-06;2025-02-07;2025-02-08;2025-02-09;2025-02-10;2025-02-11;2025-02-12;2025-02-13;2025-02-14;2025-02-15;2025-02-16,28,6859.349557484207,2025-01-20;2025-01-21;2025-01-22;2025-01-23;2025-01-24;2025-01-25;2025-01-26;2025-01-27;2025-01-28;2025-01-29;2025-01-30;2025-01-31;2025-02-01;2025-02-02;2025-02-03;2025-02-04;2025-02-05;2025-02-06;2025-02-07;2025-02-08;2025-02-09;2025-02-10;2025-02-11;2025-02-12;2025-02-13;2025-02-14;2025-02-15;2025-02-16,2025-02-03;2025-02-04;2025-02-05;2025-02-06;2025-02-07;2025-02-08;2025-02-09;2025-02-10;2025-02-11;2025-02-12;2025-02-13;2025-02-14;2025-02-15;2025-02-16,,2025-02-16,9600.0,10800.0,10800.0,18.95444959187009,22.79050386688437,17.559999686079493,32.29742378617327,83471.44882927337,80.2460030618231,7957.315840505076,52251.490239645194,178.3919334429026,52429.882173088095,52251.490239645194,52251.49018739373,42015.96654497834,1440.7327425856424,lexicographic,5.225149018739373e-05,4.201596650296238e-05,False,0.11910709999938263,0.0,1,0
2025-02-18,False,calendar_trend,4,1.0,7,1.0,0,calibrated_quantile,2025-01-21;2025-01-22;2025-01-23;2025-01-24;2025-01-25;2025-01-26;2025-01-27;2025-01-28;2025-01-29;2025-01-30;2025-01-31;2025-02-01;2025-02-02;2025-02-03;2025-02-04;2025-02-05;2025-02-06;2025-02-07;2025-02-08;2025-02-09;2025-02-10;2025-02-11;2025-02-12;2025-02-13;2025-02-14;2025-02-15;2025-02-16;2025-02-17,28,6053.209807421434,2025-01-21;2025-01-22;2025-01-23;2025-01-24;2025-01-25;2025-01-26;2025-01-27;2025-01-28;2025-01-29;2025-01-30;2025-01-31;2025-02-01;2025-02-02;2025-02-03;2025-02-04;2025-02-05;2025-02-06;2025-02-07;2025-02-08;2025-02-09;2025-02-10;2025-02-11;2025-02-12;2025-02-13;2025-02-14;2025-02-15;2025-02-16;2025-02-17,2025-02-04;2025-02-05;2025-02-06;2025-02-07;2025-02-08;2025-02-09;2025-02-10;2025-02-11;2025-02-12;2025-02-13;2025-02-14;2025-02-15;2025-02-16;2025-02-17,,2025-02-17,9600.0,10800.0,10800.0,19.921408654154824,27.04190662727081,12.627631379236753,25.72261869726687,81879.77091935358,342.96930883876377,5715.274543547026,50884.88313720658,1440.2866144060063,52325.169751612586,50884.883137206576,50884.88308632169,42068.95263881434,1444.7570429010027,lexicographic,5.0884883086321695e-05,4.206895259674539e-05,False,0.09183480000137934,0.0,1,0
2025-02-19,False,calendar_trend,4,1.0,7,1.0,0,calibrated_quantile,2025-01-22;2025-01-23;2025-01-24;2025-01-25;2025-01-26;2025-01-27;2025-01-28;2025-01-29;2025-01-30;2025-01-31;2025-02-01;2025-02-02;2025-02-03;2025-02-04;2025-02-05;2025-02-06;2025-02-07;2025-02-08;2025-02-09;2025-02-10;2025-02-11;2025-02-12;2025-02-13;2025-02-14;2025-02-15;2025-02-16;2025-02-17;2025-02-18,28,5662.83855499502,2025-01-22;2025-01-23;2025-01-24;2025-01-25;2025-01-26;2025-01-27;2025-01-28;2025-01-29;2025-01-30;2025-01-31;2025-02-01;2025-02-02;2025-02-03;2025-02-04;2025-02-05;2025-02-06;2025-02-07;2025-02-08;2025-02-09;2025-02-10;2025-02-11;2025-02-12;2025-02-13;2025-02-14;2025-02-15;2025-02-16;2025-02-17;2025-02-18,2025-02-05;2025-02-06;2025-02-07;2025-02-08;2025-02-09;2025-02-10;2025-02-11;2025-02-12;2025-02-13;2025-02-14;2025-02-15;2025-02-16;2025-02-17;2025-02-18,,2025-02-18,9600.0,10800.0,10800.0,22.813514389143393,28.694901586038302,18.49105867655007,35.276963606903855,81704.66470896572,764.7995497598997,5184.183682528207,50735.916306845385,2954.4145850222135,53690.3308918676,50735.91630684538,50735.91625610948,41972.50146886318,1433.8955234119974,lexicographic,5.073591625610948e-05,4.197250142689067e-05,False,0.11408740000115358,0.0,1,0
2025-02-20,False,calendar_trend,4,1.0,7,1.0,0,calibrated_quantile,2025-01-23;2025-01-24;2025-01-25;2025-01-26;2025-01-27;2025-01-28;2025-01-29;2025-01-30;2025-01-31;2025-02-01;2025-02-02;2025-02-03;2025-02-04;2025-02-05;2025-02-06;2025-02-07;2025-02-08;2025-02-09;2025-02-10;2025-02-11;2025-02-12;2025-02-13;2025-02-14;2025-02-15;2025-02-16;2025-02-17;2025-02-18;2025-02-19,28,5818.033504251491,2025-01-23;2025-01-24;2025-01-25;2025-01-26;2025-01-27;2025-01-28;2025-01-29;2025-01-30;2025-01-31;2025-02-01;2025-02-02;2025-02-03;2025-02-04;2025-02-05;2025-02-06;2025-02-07;2025-02-08;2025-02-09;2025-02-10;2025-02-11;2025-02-12;2025-02-13;2025-02-14;2025-02-15;2025-02-16;2025-02-17;2025-02-18;2025-02-19,2025-02-06;2025-02-07;2025-02-08;2025-02-09;2025-02-10;2025-02-11;2025-02-12;2025-02-13;2025-02-14;2025-02-15;2025-02-16;2025-02-17;2025-02-18;2025-02-19,,2025-02-19,9600.0,10800.0,10800.0,20.414550620401602,25.78746182055724,15.675546093858205,29.379001847178383,82435.72927499248,251.27400233049022,7289.590617536724,51313.66860990503,1092.576007682689,52406.24461758772,51313.66860990502,51313.66855859135,41956.55187831466,1461.2094746393109,lexicographic,5.1313668558591356e-05,4.1956551836358106e-05,False,0.10307990000001155,0.0,1,0
2025-02-21,False,calendar_trend,4,1.0,7,1.0,0,calibrated_quantile,2025-01-24;2025-01-25;2025-01-26;2025-01-27;2025-01-28;2025-01-29;2025-01-30;2025-01-31;2025-02-01;2025-02-02;2025-02-03;2025-02-04;2025-02-05;2025-02-06;2025-02-07;2025-02-08;2025-02-09;2025-02-10;2025-02-11;2025-02-12;2025-02-13;2025-02-14;2025-02-15;2025-02-16;2025-02-17;2025-02-18;2025-02-19;2025-02-20,28,5107.267226865795,2025-01-24;2025-01-25;2025-01-26;2025-01-27;2025-01-28;2025-01-29;2025-01-30;2025-01-31;2025-02-01;2025-02-02;2025-02-03;2025-02-04;2025-02-05;2025-02-06;2025-02-07;2025-02-08;2025-02-09;2025-02-10;2025-02-11;2025-02-12;2025-02-13;2025-02-14;2025-02-15;2025-02-16;2025-02-17;2025-02-18;2025-02-19;2025-02-20,2025-02-07;2025-02-08;2025-02-09;2025-02-10;2025-02-11;2025-02-12;2025-02-13;2025-02-14;2025-02-15;2025-02-16;2025-02-17;2025-02-18;2025-02-19;2025-02-20,,2025-02-20,9600.0,10800.0,10800.0,20.975245412202558,26.001119264359676,10.101139277054735,18.098629399539593,38195.64339627419,111.9718179845095,8694.019847592028,19908.777905118106,511.94378174156645,20420.721686859673,19908.77790511811,19908.777885209332,38613.333333333336,1278.9109715137342,lexicographic,1.9908777885209334e-05,3.861333333333334e-05,False,0.2559097999983351,0.0,1,0
2025-02-22,False,calendar_trend,4,1.0,7,1.0,0,calibrated_quantile,2025-01-25;2025-01-26;2025-01-27;2025-01-28;2025-01-29;2025-01-30;2025-01-31;2025-02-01;2025-02-02;2025-02-03;2025-02-04;2025-02-05;2025-02-06;2025-02-07;2025-02-08;2025-02-09;2025-02-10;2025-02-11;2025-02-12;2025-02-13;2025-02-14;2025-02-15;2025-02-16;2025-02-17;2025-02-18;2025-02-19;2025-02-20;2025-02-21,28,5168.066588911227,2025-01-25;2025-01-26;2025-01-27;2025-01-28;2025-01-29;2025-01-30;2025-01-31;2025-02-01;2025-02-02;2025-02-03;2025-02-04;2025-02-05;2025-02-06;2025-02-07;2025-02-08;2025-02-09;2025-02-10;2025-02-11;2025-02-12;2025-02-13;2025-02-14;2025-02-15;2025-02-16;2025-02-17;2025-02-18;2025-02-19;2025-02-20;2025-02-21,2025-02-08;2025-02-09;2025-02-10;2025-02-11;2025-02-12;2025-02-13;2025-02-14;2025-02-15;2025-02-16;2025-02-17;2025-02-18;2025-02-19;2025-02-20;2025-02-21,,2025-02-21,9551.666205357138,10800.0,10751.666205357138,19.550767441330965,24.390713064957144,17.99587133479086,33.9120887629499,37668.01567253681,497.0237172508707,6320.647389390861,19586.142677003532,1955.1623691319473,21541.30504613548,19586.142677003532,19586.142657417386,38559.62911706349,1416.204959481979,lexicographic,1.9586142657417385e-05,3.855962911706349e-05,False,0.1683615000001737,0.0,1,0
2025-02-23,False,calendar_trend,4,1.0,7,1.0,0,calibrated_quantile,2025-01-26;2025-01-27;2025-01-28;2025-01-29;2025-01-30;2025-01-31;2025-02-01;2025-02-02;2025-02-03;2025-02-04;2025-02-05;2025-02-06;2025-02-07;2025-02-08;2025-02-09;2025-02-10;2025-02-11;2025-02-12;2025-02-13;2025-02-14;2025-02-15;2025-02-16;2025-02-17;2025-02-18;2025-02-19;2025-02-20;2025-02-21;2025-02-22,28,5375.061049546177,2025-01-26;2025-01-27;2025-01-28;2025-01-29;2025-01-30;2025-01-31;2025-02-01;2025-02-02;2025-02-03;2025-02-04;2025-02-05;2025-02-06;2025-02-07;2025-02-08;2025-02-09;2025-02-10;2025-02-11;2025-02-12;2025-02-13;2025-02-14;2025-02-15;2025-02-16;2025-02-17;2025-02-18;2025-02-19;2025-02-20;2025-02-21;2025-02-22,2025-02-09;2025-02-10;2025-02-11;2025-02-12;2025-02-13;2025-02-14;2025-02-15;2025-02-16;2025-02-17;2025-02-18;2025-02-19;2025-02-20;2025-02-21;2025-02-22,,2025-02-22,9420.120888227506,10751.666205357138,10620.120888227506,22.92330183472039,28.365421368821757,16.170071697674487,32.1916365391418,80692.45361490478,677.995443142597,5562.359544506022,49968.296907986296,2126.9137276809156,52095.21063566721,49968.296907986296,49968.29685801802,41982.99170268352,1453.707048218202,lexicographic,4.996829685801802e-05,4.198299166070052e-05,False,0.12413139999989653,0.0,1,0
2025-02-24,False,calendar_trend,4,1.0,7,1.0,0,calibrated_quantile,2025-01-27;2025-01-28;2025-01-29;2025-01-30;2025-01-31;2025-02-01;2025-02-02;2025-02-03;2025-02-04;2025-02-05;2025-02-06;2025-02-07;2025-02-08;2025-02-09;2025-02-10;2025-02-11;2025-02-12;2025-02-13;2025-02-14;2025-02-15;2025-02-16;2025-02-17;2025-02-18;2025-02-19;2025-02-20;2025-02-21;2025-02-22;2025-02-23,28,4804.309318581452,2025-01-27;2025-01-28;2025-01-29;2025-01-30;2025-01-31;2025-02-01;2025-02-02;2025-02-03;2025-02-04;2025-02-05;2025-02-06;2025-02-07;2025-02-08;2025-02-09;2025-02-10;2025-02-11;2025-02-12;2025-02-13;2025-02-14;2025-02-15;2025-02-16;2025-02-17;2025-02-18;2025-02-19;2025-02-20;2025-02-21;2025-02-22;2025-02-23,2025-02-10;2025-02-11;2025-02-12;2025-02-13;2025-02-14;2025-02-15;2025-02-16;2025-02-17;2025-02-18;2025-02-19;2025-02-20;2025-02-21;2025-02-22;2025-02-23,,2025-02-23,8912.034560185179,10620.120888227506,10112.034560185179,21.407273536846798,26.58176692440839,22.880290881021907,43.059103641521865,80655.17343299088,193.49176358130822,8789.622707397673,49946.17828615791,923.6132967474595,50869.791582905375,49946.17828615791,49946.17823621172,41547.00763008105,1456.686591118737,lexicographic,4.9946178236211725e-05,4.154700758853404e-05,False,0.12862200000017765,0.0,1,0
2025-02-25,False,calendar_trend,4,1.0,7,1.0,0,calibrated_quantile,2025-01-28;2025-01-29;2025-01-30;2025-01-31;2025-02-01;2025-02-02;2025-02-03;2025-02-04;2025-02-05;2025-02-06;2025-02-07;2025-02-08;2025-02-09;2025-02-10;2025-02-11;2025-02-12;2025-02-13;2025-02-14;2025-02-15;2025-02-16;2025-02-17;2025-02-18;2025-02-19;2025-02-20;2025-02-21;2025-02-22;2025-02-23;2025-02-24,28,4325.617086990613,2025-01-28;2025-01-29;2025-01-30;2025-01-31;2025-02-01;2025-02-02;2025-02-03;2025-02-04;2025-02-05;2025-02-06;2025-02-07;2025-02-08;2025-02-09;2025-02-10;2025-02-11;2025-02-12;2025-02-13;2025-02-14;2025-02-15;2025-02-16;2025-02-17;2025-02-18;2025-02-19;2025-02-20;2025-02-21;2025-02-22;2025-02-23;2025-02-24,2025-02-11;2025-02-12;2025-02-13;2025-02-14;2025-02-15;2025-02-16;2025-02-17;2025-02-18;2025-02-19;2025-02-20;2025-02-21;2025-02-22;2025-02-23;2025-02-24,,2025-02-24,8403.948232142851,10112.034560185179,9603.948232142851,20.85706224760963,26.351223749361623,32.889307237278516,62.45031532926532,79498.52145519067,203.83935675460825,10021.73616860499,49113.28881802783,928.7360939477496,50042.02491197558,49113.28881802783,49113.28876891455,41578.37338204628,1437.7372379090448,lexicographic,4.911328876891455e-05,4.157837338204623e-05,False,0.15624349999779952,0.0,1,0
2025-02-26,False,calendar_trend,4,1.0,7,1.0,0,calibrated_quantile,2025-01-29;2025-01-30;2025-01-31;2025-02-01;2025-02-02;2025-02-03;2025-02-04;2025-02-05;2025-02-06;2025-02-07;2025-02-08;2025-02-09;2025-02-10;2025-02-11;2025-02-12;2025-02-13;2025-02-14;2025-02-15;2025-02-16;2025-02-17;2025-02-18;2025-02-19;2025-02-20;2025-02-21;2025-02-22;2025-02-23;2025-02-24;2025-02-25,28,4258.957866500114,2025-01-29;2025-01-30;2025-01-31;2025-02-01;2025-02-02;2025-02-03;2025-02-04;2025-02-05;2025-02-06;2025-02-07;2025-02-08;2025-02-09;2025-02-10;2025-02-11;2025-02-12;2025-02-13;2025-02-14;2025-02-15;2025-02-16;2025-02-17;2025-02-18;2025-02-19;2025-02-20;2025-02-21;2025-02-22;2025-02-23;2025-02-24;2025-02-25,2025-02-12;2025-02-13;2025-02-14;2025-02-15;2025-02-16;2025-02-17;2025-02-18;2025-02-19;2025-02-20;2025-02-21;2025-02-22;2025-02-23;2025-02-24;2025-02-25,,2025-02-25,7895.861904100525,9603.948232142851,9095.861904100526,21.534578449844066,26.921916919108842,16.060867556718534,29.37921407276142,78261.47072404962,441.2318696022673,6044.57199134723,48244.108467114405,1822.766374142195,50066.8748412566,48244.108467114405,48244.10841887029,41425.77284375943,1504.7245275775088,lexicographic,4.824410841887029e-05,4.142577280233365e-05,False,0.12136090000058175,0.0,1,0
2025-02-27,False,calendar_trend,4,1.0,7,1.0,0,calibrated_quantile,2025-01-30;2025-01-31;2025-02-01;2025-02-02;2025-02-03;2025-02-04;2025-02-05;2025-02-06;2025-02-07;2025-02-08;2025-02-09;2025-02-10;2025-02-11;2025-02-12;2025-02-13;2025-02-14;2025-02-15;2025-02-16;2025-02-17;2025-02-18;2025-02-19;2025-02-20;2025-02-21;2025-02-22;2025-02-23;2025-02-24;2025-02-25;2025-02-26,28,4332.167127230427,2025-01-30;2025-01-31;2025-02-01;2025-02-02;2025-02-03;2025-02-04;2025-02-05;2025-02-06;2025-02-07;2025-02-08;2025-02-09;2025-02-10;2025-02-11;2025-02-12;2025-02-13;2025-02-14;2025-02-15;2025-02-16;2025-02-17;2025-02-18;2025-02-19;2025-02-20;2025-02-21;2025-02-22;2025-02-23;2025-02-24;2025-02-25;2025-02-26,2025-02-13;2025-02-14;2025-02-15;2025-02-16;2025-02-17;2025-02-18;2025-02-19;2025-02-20;2025-02-21;2025-02-22;2025-02-23;2025-02-24;2025-02-25;2025-02-26,,2025-02-26,7387.775576058198,9095.861904100526,8587.775576058197,20.852652785275012,25.735725682005256,21.643400034296267,42.456928154205706,78127.30716879322,251.93060555102477,7547.397446508945,48182.497664774215,1300.60898918405,49483.10665395827,48182.497664774215,48182.4976165917,41730.36306241108,1505.9163383816108,lexicographic,4.8182497616591705e-05,4.1730363062412635e-05,False,0.182913999997254,0.0,1,0
2025-02-28,False,calendar_trend,4,1.0,7,1.0,0,calibrated_quantile,2025-01-31;2025-02-01;2025-02-02;2025-02-03;2025-02-04;2025-02-05;2025-02-06;2025-02-07;2025-02-08;2025-02-09;2025-02-10;2025-02-11;2025-02-12;2025-02-13;2025-02-14;2025-02-15;2025-02-16;2025-02-17;2025-02-18;2025-02-19;2025-02-20;2025-02-21;2025-02-22;2025-02-23;2025-02-24;2025-02-25;2025-02-26;2025-02-27,28,4348.567250641307,2025-01-31;2025-02-01;2025-02-02;2025-02-03;2025-02-04;2025-02-05;2025-02-06;2025-02-07;2025-02-08;2025-02-09;2025-02-10;2025-02-11;2025-02-12;2025-02-13;2025-02-14;2025-02-15;2025-02-16;2025-02-17;2025-02-18;2025-02-19;2025-02-20;2025-02-21;2025-02-22;2025-02-23;2025-02-24;2025-02-25;2025-02-26;2025-02-27,2025-02-14;2025-02-15;2025-02-16;2025-02-17;2025-02-18;2025-02-19;2025-02-20;2025-02-21;2025-02-22;2025-02-23;2025-02-24;2025-02-25;2025-02-26;2025-02-27,,2025-02-27,6921.907211139323,8587.775576058197,8121.907211139323,19.20218217723767,23.31499946238186,17.73181872927313,39.62438661302822,35828.24538952598,850.68275002562,10317.657928960289,18635.392193612257,2597.814277155323,21233.20647076758,18635.392193612253,18635.392174976856,33646.67269749607,1264.3271153396374,lexicographic,1.8635392174976857e-05,3.3646672697496064e-05,False,0.1834923999995226,0.0,1,0
2025-03-01,False,calendar_trend,4,1.0,7,1.0,0,calibrated_quantile,2025-02-01;2025-02-02;2025-02-03;2025-02-04;2025-02-05;2025-02-06;2025-02-07;2025-02-08;2025-02-09;2025-02-10;2025-02-11;2025-02-12;2025-02-13;2025-02-14;2025-02-15;2025-02-16;2025-02-17;2025-02-18;2025-02-19;2025-02-20;2025-02-21;2025-02-22;2025-02-23;2025-02-24;2025-02-25;2025-02-26;2025-02-27;2025-02-28,28,4532.809846493603,2025-02-01;2025-02-02;2025-02-03;2025-02-04;2025-02-05;2025-02-06;2025-02-07;2025-02-08;2025-02-09;2025-02-10;2025-02-11;2025-02-12;2025-02-13;2025-02-14;2025-02-15;2025-02-16;2025-02-17;2025-02-18;2025-02-19;2025-02-20;2025-02-21;2025-02-22;2025-02-23;2025-02-24;2025-02-25;2025-02-26;2025-02-27;2025-02-28,2025-02-15;2025-02-16;2025-02-17;2025-02-18;2025-02-19;2025-02-20;2025-02-21;2025-02-22;2025-02-23;2025-02-24;2025-02-25;2025-02-26;2025-02-27;2025-02-28,,2025-02-28,6456.038846220448,8121.907211139323,7656.038846220448,29.61258287438758,38.55553711295747,34.78879037601807,72.33751232371195,35035.24361539996,699.4677416133565,9105.618751238213,18223.36888324334,2131.0545506905873,20354.423433933927,18223.36888324334,18223.36886501997,32709.75965249256,1263.1186329168736,lexicographic,1.822336886501997e-05,3.270975965249256e-05,False,0.19178119999924093,0.0,1,0
2025-03-02,False,calendar_trend,4,1.0,7,1.0,0,calibrated_quantile,2025-02-02;2025-02-03;2025-02-04;2025-02-05;2025-02-06;2025-02-07;2025-02-08;2025-02-09;2025-02-10;2025-02-11;2025-02-12;2025-02-13;2025-02-14;2025-02-15;2025-02-16;2025-02-17;2025-02-18;2025-02-19;2025-02-20;2025-02-21;2025-02-22;2025-02-23;2025-02-24;2025-02-25;2025-02-26;2025-02-27;2025-02-28;2025-03-01,28,4729.964257857605,2025-02-02;2025-02-03;2025-02-04;2025-02-05;2025-02-06;2025-02-07;2025-02-08;2025-02-09;2025-02-10;2025-02-11;2025-02-12;2025-02-13;2025-02-14;2025-02-15;2025-02-16;2025-02-17;2025-02-18;2025-02-19;2025-02-20;2025-02-21;2025-02-22;2025-02-23;2025-02-24;2025-02-25;2025-02-26;2025-02-27;2025-02-28;2025-03-01,2025-02-16;2025-02-17;2025-02-18;2025-02-19;2025-02-20;2025-02-21;2025-02-22;2025-02-23;2025-02-24;2025-02-25;2025-02-26;2025-02-27;2025-02-28;2025-03-01,,2025-03-01,5990.170481301574,7656.038846220448,7190.170481301574,22.261243575140536,29.25759176525722,49.624792284907535,99.52645643373745,75142.86248214135,4306.787317770449,3203.8596107923177,46153.49870907287,15818.817708914386,61972.316417987255,46153.49870907287,46153.49866307276,41446.88162365058,1467.0591548398747,lexicographic,4.615349866307276e-05,4.1446881582203704e-05,False,0.18890639999881387,0.0,1,0
2025-03-03,False,calendar_trend,4,1.0,7,1.0,0,calibrated_quantile,2025-02-03;2025-02-04;2025-02-05;2025-02-06;2025-02-07;2025-02-08;2025-02-09;2025-02-10;2025-02-11;2025-02-12;2025-02-13;2025-02-14;2025-02-15;2025-02-16;2025-02-17;2025-02-18;2025-02-19;2025-02-20;2025-02-21;2025-02-22;2025-02-23;2025-02-24;2025-02-25;2025-02-26;2025-02-27;2025-02-28;2025-03-01;2025-03-02,28,5035.178403737844,2025-02-03;2025-02-04;2025-02-05;2025-02-06;2025-02-07;2025-02-08;2025-02-09;2025-02-10;2025-02-11;2025-02-12;2025-02-13;2025-02-14;2025-02-15;2025-02-16;2025-02-17;2025-02-18;2025-02-19;2025-02-20;2025-02-21;2025-02-22;2025-02-23;2025-02-24;2025-02-25;2025-02-26;2025-02-27;2025-02-28;2025-03-01;2025-03-02,2025-02-17;2025-02-18;2025-02-19;2025-02-20;2025-02-21;2025-02-22;2025-02-23;2025-02-24;2025-02-25;2025-02-26;2025-02-27;2025-02-28;2025-03-01;2025-03-02,,2025-03-02,7387.775576058198,7190.170481301574,8587.775576058197,22.6613550600929,28.376304631195186,33.63658190538742,60.42202659877052,79089.15799678143,1960.469784410699,3071.099752079161,48329.74289206277,8371.040124848947,56700.78301691172,48329.74289206277,48329.74284373303,43549.5323989434,1472.9871146037794,lexicographic,4.8329742843733036e-05,4.354953235539388e-05,False,0.10614470000291476,0.0,1,0
2025-03-04,False,calendar_trend,4,1.0,7,1.0,0,calibrated_quantile,2025-02-04;2025-02-05;2025-02-06;2025-02-07;2025-02-08;2025-02-09;2025-02-10;2025-02-11;2025-02-12;2025-02-13;2025-02-14;2025-02-15;2025-02-16;2025-02-17;2025-02-18;2025-02-19;2025-02-20;2025-02-21;2025-02-22;2025-02-23;2025-02-24;2025-02-25;2025-02-26;2025-02-27;2025-02-28;2025-03-01;2025-03-02;2025-03-03,28,5289.256923658567,2025-02-04;2025-02-05;2025-02-06;2025-02-07;2025-02-08;2025-02-09;2025-02-10;2025-02-11;2025-02-12;2025-02-13;2025-02-14;2025-02-15;2025-02-16;2025-02-17;2025-02-18;2025-02-19;2025-02-20;2025-02-21;2025-02-22;2025-02-23;2025-02-24;2025-02-25;2025-02-26;2025-02-27;2025-02-28;2025-03-01;2025-03-02;2025-03-03,2025-02-18;2025-02-19;2025-02-20;2025-02-21;2025-02-22;2025-02-23;2025-02-24;2025-02-25;2025-02-26;2025-02-27;2025-02-28;2025-03-01;2025-03-02;2025-03-03,,2025-03-03,6961.326095542993,8587.775576058197,8161.326095542993,16.85649372366484,21.455899820686284,15.258138294737957,30.807775690390667,77972.55959890904,314.13860859271927,5156.803022440763,48180.04146280242,1160.1281116373584,49340.16957443978,48180.04146280243,48180.04141462239,41482.63416081284,1454.8035874734442,lexicographic,4.818004141462239e-05,4.1482634119330206e-05,False,0.19385980000151903,0.0,1,0
2025-03-05,False,calendar_trend,4,1.0,7,1.0,0,calibrated_quantile,2025-02-05;2025-02-06;2025-02-07;2025-02-08;2025-02-09;2025-02-10;2025-02-11;2025-02-12;2025-02-13;2025-02-14;2025-02-15;2025-02-16;2025-02-17;2025-02-18;2025-02-19;2025-02-20;2025-02-21;2025-02-22;2025-02-23;2025-02-24;2025-02-25;2025-02-26;2025-02-27;2025-02-28;2025-03-01;2025-03-02;2025-03-03;2025-03-04,28,5212.204555777813,2025-02-05;2025-02-06;2025-02-07;2025-02-08;2025-02-09;2025-02-10;2025-02-11;2025-02-12;2025-02-13;2025-02-14;2025-02-15;2025-02-16;2025-02-17;2025-02-18;2025-02-19;2025-02-20;2025-02-21;2025-02-22;2025-02-23;2025-02-24;2025-02-25;2025-02-26;2025-02-27;2025-02-28;2025-03-01;2025-03-02;2025-03-03;2025-03-04,2025-02-19;2025-02-20;2025-02-21;2025-02-22;2025-02-23;2025-02-24;2025-02-25;2025-02-26;2025-02-27;2025-02-28;2025-03-01;2025-03-02;2025-03-03;2025-03-04,,2025-03-04,6534.876615027789,8161.326095542993,7734.876615027789,19.679206248427835,24.103808523840726,23.93602838099136,42.501408220053506,78170.00108581776,121.5568229308011,8221.662157854757,48201.11543519988,520.3912166087273,48721.5066518086,48201.115435199885,48201.11538699877,41568.24223093952,1449.4553555702878,lexicographic,4.820111538699877e-05,4.156824218937128e-05,False,0.11270839999997406,0.0,1,0
2025-03-06,False,calendar_trend,4,1.0,7,1.0,0,calibrated_quantile,2025-02-06;2025-02-07;2025-02-08;2025-02-09;2025-02-10;2025-02-11;2025-02-12;2025-02-13;2025-02-14;2025-02-15;2025-02-16;2025-02-17;2025-02-18;2025-02-19;2025-02-20;2025-02-21;2025-02-22;2025-02-23;2025-02-24;2025-02-25;2025-02-26;2025-02-27;2025-02-28;2025-03-01;2025-03-02;2025-03-03;2025-03-04;2025-03-05,28,5134.8375836854275,2025-02-06;2025-02-07;2025-02-08;2025-02-09;2025-02-10;2025-02-11;2025-02-12;2025-02-13;2025-02-14;2025-02-15;2025-02-16;2025-02-17;2025-02-18;2025-02-19;2025-02-20;2025-02-21;2025-02-22;2025-02-23;2025-02-24;2025-02-25;2025-02-26;2025-02-27;2025-02-28;2025-03-01;2025-03-02;2025-03-03;2025-03-04;2025-03-05,2025-02-20;2025-02-21;2025-02-22;2025-02-23;2025-02-24;2025-02-25;2025-02-26;2025-02-27;2025-02-28;2025-03-01;2025-03-02;2025-03-03;2025-03-04;2025-03-05,,2025-03-05,6108.427134512584,7734.876615027789,7308.427134512584,19.838053436122063,24.33480606663001,17.961896832931917,31.17606947543317,77225.92215797033,222.9163402837882,7562.567809067377,47613.821362765084,849.7041220845405,48463.525484849626,47613.821362765084,47613.82131515125,41627.23700537915,1456.5447606189452,lexicographic,4.761382131515125e-05,4.162723700537549e-05,False,0.272560399997019,0.0,1,0
2025-03-07,False,calendar_trend,4,1.0,7,1.0,0,calibrated_quantile,2025-02-07;2025-02-08;2025-02-09;2025-02-10;2025-02-11;2025-02-12;2025-02-13;2025-02-14;2025-02-15;2025-02-16;2025-02-17;2025-02-18;2025-02-19;2025-02-20;2025-02-21;2025-02-22;2025-02-23;2025-02-24;2025-02-25;2025-02-26;2025-02-27;2025-02-28;2025-03-01;2025-03-02;2025-03-03;2025-03-04;2025-03-05;2025-03-06,28,5061.480247662675,2025-02-07;2025-02-08;2025-02-09;2025-02-10;2025-02-11;2025-02-12;2025-02-13;2025-02-14;2025-02-15;2025-02-16;2025-02-17;2025-02-18;2025-02-19;2025-02-20;2025-02-21;2025-02-22;2025-02-23;2025-02-24;2025-02-25;2025-02-26;2025-02-27;2025-02-28;2025-03-01;2025-03-02;2025-03-03;2025-03-04;2025-03-05;2025-03-06,2025-02-21;2025-02-22;2025-02-23;2025-02-24;2025-02-25;2025-02-26;2025-02-27;2025-02-28;2025-03-01;2025-03-02;2025-03-03;2025-03-04;2025-03-05;2025-03-06,,2025-03-06,5681.97765399738,7308.427134512584,6881.97765399738,19.975198987341553,25.75503636502311,14.820691023065725,32.54084539264572,33604.36925933427,78.98193997498751,9918.674915929056,17610.609985123338,230.02278448608902,17840.632769609427,17610.609985123338,17610.60996751272,31117.559592169535,1257.4541468051475,lexicographic,1.761060996751272e-05,3.1117559592169525e-05,False,0.2056007999999565,0.0,1,0
2025-03-08,False,calendar_trend,4,1.0,7,1.0,0,calibrated_quantile,2025-02-08;2025-02-09;2025-02-10;2025-02-11;2025-02-12;2025-02-13;2025-02-14;2025-02-15;2025-02-16;2025-02-17;2025-02-18;2025-02-19;2025-02-20;2025-02-21;2025-02-22;2025-02-23;2025-02-24;2025-02-25;2025-02-26;2025-02-27;2025-02-28;2025-03-01;2025-03-02;2025-03-03;2025-03-04;2025-03-05;2025-03-06;2025-03-07,28,5031.641870296078,2025-02-08;2025-02-09;2025-02-10;2025-02-11;2025-02-12;2025-02-13;2025-02-14;2025-02-15;2025-02-16;2025-02-17;2025-02-18;2025-02-19;2025-02-20;2025-02-21;2025-02-22;2025-02-23;2025-02-24;2025-02-25;2025-02-26;2025-02-27;2025-02-28;2025-03-01;2025-03-02;2025-03-03;2025-03-04;2025-03-05;2025-03-06;2025-03-07,2025-02-22;2025-02-23;2025-02-24;2025-02-25;2025-02-26;2025-02-27;2025-02-28;2025-03-01;2025-03-02;2025-03-03;2025-03-04;2025-03-05;2025-03-06;2025-03-07,,2025-03-07,5642.558769593709,6881.97765399738,6842.558769593709,16.0138439077521,19.8658059587557,24.233868457296165,41.89001172601177,33133.48155169508,172.60364157306697,11060.549160540766,17386.756343199937,515.091039779375,17901.84738297931,17386.756343199937,17386.75632581318,30689.956242086824,1269.7118527032628,lexicographic,1.7386756325813182e-05,3.068995621139688e-05,False,0.19250979999924311,0.0,1,0
2025-03-09,False,calendar_trend,4,1.0,7,1.0,0,calibrated_quantile,2025-02-09;2025-02-10;2025-02-11;2025-02-12;2025-02-13;2025-02-14;2025-02-15;2025-02-16;2025-02-17;2025-02-18;2025-02-19;2025-02-20;2025-02-21;2025-02-22;2025-02-23;2025-02-24;2025-02-25;2025-02-26;2025-02-27;2025-02-28;2025-03-01;2025-03-02;2025-03-03;2025-03-04;2025-03-05;2025-03-06;2025-03-07;2025-03-08,28,5003.218878115817,2025-02-09;2025-02-10;2025-02-11;2025-02-12;2025-02-13;2025-02-14;2025-02-15;2025-02-16;2025-02-17;2025-02-18;2025-02-19;2025-02-20;2025-02-21;2025-02-22;2025-02-23;2025-02-24;2025-02-25;2025-02-26;2025-02-27;2025-02-28;2025-03-01;2025-03-02;2025-03-03;2025-03-04;2025-03-05;2025-03-06;2025-03-07;2025-03-08,2025-02-23;2025-02-24;2025-02-25;2025-02-26;2025-02-27;2025-02-28;2025-03-01;2025-03-02;2025-03-03;2025-03-04;2025-03-05;2025-03-06;2025-03-07;2025-03-08,,2025-03-08,5603.139885190039,6842.558769593709,6803.139885190039,25.063681345091243,32.295136171024815,29.033803738058616,59.639386607676336,74151.70969612512,516.028176203298,7046.434857026088,45225.307243203664,2126.567666323148,47351.874909526814,45225.307243203664,45225.30719797837,41220.168995388594,1447.3963965851594,lexicographic,4.5225307197978374e-05,4.122016899538899e-05,False,0.2235158000003139,0.0,1,0
2025-03-10,False,calendar_trend,4,1.0,7,1.0,0,calibrated_quantile,2025-02-10;2025-02-11;2025-02-12;2025-02-13;2025-02-14;2025-02-15;2025-02-16;2025-02-17;2025-02-18;2025-02-19;2025-02-20;2025-02-21;2025-02-22;2025-02-23;2025-02-24;2025-02-25;2025-02-26;2025-02-27;2025-02-28;2025-03-01;2025-03-02;2025-03-03;2025-03-04;2025-03-05;2025-03-06;2025-03-07;2025-03-08;2025-03-09,28,4716.443131878919,2025-02-10;2025-02-11;2025-02-12;2025-02-13;2025-02-14;2025-02-15;2025-02-16;2025-02-17;2025-02-18;2025-02-19;2025-02-20;2025-02-21;2025-02-22;2025-02-23;2025-02-24;2025-02-25;2025-02-26;2025-02-27;2025-02-28;2025-03-01;2025-03-02;2025-03-03;2025-03-04;2025-03-05;2025-03-06;2025-03-07;2025-03-08;2025-03-09,2025-02-24;2025-02-25;2025-02-26;2025-02-27;2025-02-28;2025-03-01;2025-03-02;2025-03-03;2025-03-04;2025-03-05;2025-03-06;2025-03-07;2025-03-08;2025-03-09,,2025-03-09,5563.72100078637,6803.139885190039,6763.72100078637,29.118742440280144,35.33626726553916,20.603450367633357,45.05071201577951,73512.59110138379,2112.447520403014,3312.6283316893387,44788.8468876562,6987.391165808902,51776.2380534651,44788.84688765619,44788.84684286733,41054.03838159452,1435.4345426712343,lexicographic,4.4788846842867334e-05,4.1054038381594395e-05,False,0.20530999999755295,0.0,1,0
2025-03-11,False,calendar_trend,4,1.0,7,1.0,0,calibrated_quantile,2025-02-11;2025-02-12;2025-02-13;2025-02-14;2025-02-15;2025-02-16;2025-02-17;2025-02-18;2025-02-19;2025-02-20;2025-02-21;2025-02-22;2025-02-23;2025-02-24;2025-02-25;2025-02-26;2025-02-27;2025-02-28;2025-03-01;2025-03-02;2025-03-03;2025-03-04;2025-03-05;2025-03-06;2025-03-07;2025-03-08;2025-03-09;2025-03-10,28,4970.414069001929,2025-02-11;2025-02-12;2025-02-13;2025-02-14;2025-02-15;2025-02-16;2025-02-17;2025-02-18;2025-02-19;2025-02-20;2025-02-21;2025-02-22;2025-02-23;2025-02-24;2025-02-25;2025-02-26;2025-02-27;2025-02-28;2025-03-01;2025-03-02;2025-03-03;2025-03-04;2025-03-05;2025-03-06;2025-03-07;2025-03-08;2025-03-09;2025-03-10,2025-02-25;2025-02-26;2025-02-27;2025-02-28;2025-03-01;2025-03-02;2025-03-03;2025-03-04;2025-03-05;2025-03-06;2025-03-07;2025-03-08;2025-03-09;2025-03-10,,2025-03-10,5543.397646595862,6763.72100078637,6743.397646595862,24.351961122653595,29.879442305903826,27.493723980180203,53.245444471812036,74493.59390819323,414.05641791559157,6652.72021512277,45304.19568581341,1556.494165120748,46860.689850934155,45304.19568581341,45304.195640509206,41308.223739092966,1435.9330019257122,lexicographic,4.530419564050921e-05,4.130822369778475e-05,False,0.24041179999767337,0.0,1,0
2025-03-12,False,calendar_trend,4,1.0,7,1.0,0,calibrated_quantile,2025-02-12;2025-02-13;2025-02-14;2025-02-15;2025-02-16;2025-02-17;2025-02-18;2025-02-19;2025-02-20;2025-02-21;2025-02-22;2025-02-23;2025-02-24;2025-02-25;2025-02-26;2025-02-27;2025-02-28;2025-03-01;2025-03-02;2025-03-03;2025-03-04;2025-03-05;2025-03-06;2025-03-07;2025-03-08;2025-03-09;2025-03-10;2025-03-11,28,5010.805667967728,2025-02-12;2025-02-13;2025-02-14;2025-02-15;2025-02-16;2025-02-17;2025-02-18;2025-02-19;2025-02-20;2025-02-21;2025-02-22;2025-02-23;2025-02-24;2025-02-25;2025-02-26;2025-02-27;2025-02-28;2025-03-01;2025-03-02;2025-03-03;2025-03-04;2025-03-05;2025-03-06;2025-03-07;2025-03-08;2025-03-09;2025-03-10;2025-03-11,2025-02-26;2025-02-27;2025-02-28;2025-03-01;2025-03-02;2025-03-03;2025-03-04;2025-03-05;2025-03-06;2025-03-07;2025-03-08;2025-03-09;2025-03-10;2025-03-11,,2025-03-11,5538.623764042572,6743.397646595862,6738.623764042572,22.748126630545173,28.749877356171716,28.55237636179508,51.06214471161851,73564.61089441861,480.8235777952857,7343.519742553597,44685.18044871798,1674.8726394051905,46360.053088123175,44685.18044871798,44685.180404032806,40688.109854988,1452.2926408559067,lexicographic,4.468518040403281e-05,4.068810981429991e-05,False,0.2437312000001839,0.0,1,0
2025-03-13,False,calendar_trend,4,1.0,7,1.0,0,calibrated_quantile,2025-02-13;2025-02-14;2025-02-15;2025-02-16;2025-02-17;2025-02-18;2025-02-19;2025-02-20;2025-02-21;2025-02-22;2025-02-23;2025-02-24;2025-02-25;2025-02-26;2025-02-27;2025-02-28;2025-03-01;2025-03-02;2025-03-03;2025-03-04;2025-03-05;2025-03-06;2025-03-07;2025-03-08;2025-03-09;2025-03-10;2025-03-11;2025-03-12,28,4952.388361668292,2025-02-13;2025-02-14;2025-02-15;2025-02-16;2025-02-17;2025-02-18;2025-02-19;2025-02-20;2025-02-21;2025-02-22;2025-02-23;2025-02-24;2025-02-25;2025-02-26;2025-02-27;2025-02-28;2025-03-01;2025-03-02;2025-03-03;2025-03-04;2025-03-05;2025-03-06;2025-03-07;2025-03-08;2025-03-09;2025-03-10;2025-03-11;2025-03-12,2025-02-27;2025-02-28;2025-03-01;2025-03-02;2025-03-03;2025-03-04;2025-03-05;2025-03-06;2025-03-07;2025-03-08;2025-03-09;2025-03-10;2025-03-11;2025-03-12,,2025-03-12,5533.849881489281,6738.623764042572,6733.849881489281,22.617620046756493,27.966202559383973,33.68724494888846,64.40728971267762,72073.89877243931,2857.765677991387,3146.83606590982,43661.676356213415,11171.980723531991,54833.657079745404,43661.676356213415,43661.67631255173,40429.28291795812,1458.7228213725803,lexicographic,4.366167631255173e-05,4.042928287752883e-05,False,0.2060674000022118,0.0,1,0
2025-03-14,False,calendar_trend,4,1.0,7,1.0,0,calibrated_quantile,2025-02-14;2025-02-15;2025-02-16;2025-02-17;2025-02-18;2025-02-19;2025-02-20;2025-02-21;2025-02-22;2025-02-23;2025-02-24;2025-02-25;2025-02-26;2025-02-27;2025-02-28;2025-03-01;2025-03-02;2025-03-03;2025-03-04;2025-03-05;2025-03-06;2025-03-07;2025-03-08;2025-03-09;2025-03-10;2025-03-11;2025-03-12;2025-03-13,28,5303.139814425829,2025-02-14;2025-02-15;2025-02-16;2025-02-17;2025-02-18;2025-02-19;2025-02-20;2025-02-21;2025-02-22;2025-02-23;2025-02-24;2025-02-25;2025-02-26;2025-02-27;2025-02-28;2025-03-01;2025-03-02;2025-03-03;2025-03-04;2025-03-05;2025-03-06;2025-03-07;2025-03-08;2025-03-09;2025-03-10;2025-03-11;2025-03-12;2025-03-13,2025-02-28;2025-03-01;2025-03-02;2025-03-03;2025-03-04;2025-03-05;2025-03-06;2025-03-07;2025-03-08;2025-03-09;2025-03-10;2025-03-11;2025-03-12;2025-03-13,,2025-03-13,5578.042648446242,6733.849881489281,6778.042648446242,18.975360369406076,22.234166698211567,24.396266512267836,49.459478468086445,32556.804364530733,187.81519562887954,13471.166638559698,16921.340109502795,805.5644714074451,17726.90458091024,16921.340109502795,16921.34009258146,30484.956724947282,1265.0717020075442,lexicographic,1.6921340092581463e-05,3.0484956724947283e-05,False,0.1882709999990766,0.0,1,0
2025-03-15,False,calendar_trend,4,1.0,7,1.0,0,calibrated_quantile,2025-02-15;2025-02-16;2025-02-17;2025-02-18;2025-02-19;2025-02-20;2025-02-21;2025-02-22;2025-02-23;2025-02-24;2025-02-25;2025-02-26;2025-02-27;2025-02-28;2025-03-01;2025-03-02;2025-03-03;2025-03-04;2025-03-05;2025-03-06;2025-03-07;2025-03-08;2025-03-09;2025-03-10;2025-03-11;2025-03-12;2025-03-13;2025-03-14,28,5242.874453251554,2025-02-15;2025-02-16;2025-02-17;2025-02-18;2025-02-19;2025-02-20;2025-02-21;2025-02-22;2025-02-23;2025-02-24;2025-02-25;2025-02-26;2025-02-27;2025-02-28;2025-03-01;2025-03-02;2025-03-03;2025-03-04;2025-03-05;2025-03-06;2025-03-07;2025-03-08;2025-03-09;2025-03-10;2025-03-11;2025-03-12;2025-03-13;2025-03-14,2025-03-01;2025-03-02;2025-03-03;2025-03-04;2025-03-05;2025-03-06;2025-03-07;2025-03-08;2025-03-09;2025-03-10;2025-03-11;2025-03-12;2025-03-13;2025-03-14,,2025-03-14,5543.397646595862,6778.042648446242,6743.397646595862,18.250679466683923,23.378390566206374,32.729708194503765,65.42600981365958,32094.38194703377,1127.723074235163,9132.220869764038,16739.589449001985,3493.8204488514443,20233.40989785343,16739.589449001985,16739.589432262386,30486.235768708128,1275.8405797720714,lexicographic,1.673958943226239e-05,3.0486235768708135e-05,False,0.23142269999880227,0.0,1,0
2025-03-16,False,calendar_trend,4,1.0,7,1.0,0,calibrated_quantile,2025-02-16;2025-02-17;2025-02-18;2025-02-19;2025-02-20;2025-02-21;2025-02-22;2025-02-23;2025-02-24;2025-02-25;2025-02-26;2025-02-27;2025-02-28;2025-03-01;2025-03-02;2025-03-03;2025-03-04;2025-03-05;2025-03-06;2025-03-07;2025-03-08;2025-03-09;2025-03-10;2025-03-11;2025-03-12;2025-03-13;2025-03-14;2025-03-15,28,5498.998591410736,2025-02-16;2025-02-17;2025-02-18;2025-02-19;2025-02-20;2025-02-21;2025-02-22;2025-02-23;2025-02-24;2025-02-25;2025-02-26;2025-02-27;2025-02-28;2025-03-01;2025-03-02;2025-03-03;2025-03-04;2025-03-05;2025-03-06;2025-03-07;2025-03-08;2025-03-09;2025-03-10;2025-03-11;2025-03-12;2025-03-13;2025-03-14;2025-03-15,2025-03-02;2025-03-03;2025-03-04;2025-03-05;2025-03-06;2025-03-07;2025-03-08;2025-03-09;2025-03-10;2025-03-11;2025-03-12;2025-03-13;2025-03-14;2025-03-15,,2025-03-15,5647.332652147,6743.397646595862,6847.332652147,25.784424387701698,32.38313635442051,22.753964938805623,44.89371197218628,71197.71279994826,1293.8210933486334,4835.9356290955675,43033.31931772313,5294.771449624185,48328.09076734731,43033.31931772313,43033.31927468981,40021.867888837,1445.5183253774605,lexicographic,4.3033319274689816e-05,4.002186784881514e-05,False,0.1837924000028579,0.0,1,0
2025-03-17,False,calendar_trend,4,1.0,7,1.0,0,calibrated_quantile,2025-02-17;2025-02-18;2025-02-19;2025-02-20;2025-02-21;2025-02-22;2025-02-23;2025-02-24;2025-02-25;2025-02-26;2025-02-27;2025-02-28;2025-03-01;2025-03-02;2025-03-03;2025-03-04;2025-03-05;2025-03-06;2025-03-07;2025-03-08;2025-03-09;2025-03-10;2025-03-11;2025-03-12;2025-03-13;2025-03-14;2025-03-15;2025-03-16,28,5369.4015304659515,2025-02-17;2025-02-18;2025-02-19;2025-02-20;2025-02-21;2025-02-22;2025-02-23;2025-02-24;2025-02-25;2025-02-26;2025-02-27;2025-02-28;2025-03-01;2025-03-02;2025-03-03;2025-03-04;2025-03-05;2025-03-06;2025-03-07;2025-03-08;2025-03-09;2025-03-10;2025-03-11;2025-03-12;2025-03-13;2025-03-14;2025-03-15;2025-03-16,2025-03-03;2025-03-04;2025-03-05;2025-03-06;2025-03-07;2025-03-08;2025-03-09;2025-03-10;2025-03-11;2025-03-12;2025-03-13;2025-03-14;2025-03-15;2025-03-16,,2025-03-16,5612.6876502966215,6847.332652147,6812.6876502966215,23.711794705065515,30.987163520570185,36.042636313145195,64.52332362071456,71677.20685940314,207.93101366972172,9852.877337369046,43287.1709388507,827.441966475694,44114.612905326394,43287.1709388507,43287.17089556354,40092.2877822173,1459.0783570142485,lexicographic,4.328717089556354e-05,4.009228774212502e-05,False,0.3510024999995949,0.0,1,0
2025-03-18,False,calendar_trend,4,1.0,7,1.0,0,calibrated_quantile,2025-02-18;2025-02-19;2025-02-20;2025-02-21;2025-02-22;2025-02-23;2025-02-24;2025-02-25;2025-02-26;2025-02-27;2025-02-28;2025-03-01;2025-03-02;2025-03-03;2025-03-04;2025-03-05;2025-03-06;2025-03-07;2025-03-08;2025-03-09;2025-03-10;2025-03-11;2025-03-12;2025-03-13;2025-03-14;2025-03-15;2025-03-16;2025-03-17,28,5316.287680795557,2025-02-18;2025-02-19;2025-02-20;2025-02-21;2025-02-22;2025-02-23;2025-02-24;2025-02-25;2025-02-26;2025-02-27;2025-02-28;2025-03-01;2025-03-02;2025-03-03;2025-03-04;2025-03-05;2025-03-06;2025-03-07;2025-03-08;2025-03-09;2025-03-10;2025-03-11;2025-03-12;2025-03-13;2025-03-14;2025-03-15;2025-03-16;2025-03-17,2025-03-04;2025-03-05;2025-03-06;2025-03-07;2025-03-08;2025-03-09;2025-03-10;2025-03-11;2025-03-12;2025-03-13;2025-03-14;2025-03-15;2025-03-16;2025-03-17,,2025-03-17,5578.042648446242,6812.6876502966215,6778.042648446242,21.387982409491954,26.169069630110123,21.148833475785327,41.238672156556504,71012.57895890519,926.3391523513642,6702.3230884241475,42841.62600815058,4644.943374607025,47486.56938275761,42841.62600815058,42841.62596530897,39487.43868942457,1444.692280078225,lexicographic,4.284162596530898e-05,3.948743864993714e-05,False,0.25597080000079586,0.0,1,0
2025-03-19,False,calendar_trend,4,1.0,7,1.0,0,calibrated_quantile,2025-02-19;2025-02-20;2025-02-21;2025-02-22;2025-02-23;2025-02-24;2025-02-25;2025-02-26;2025-02-27;2025-02-28;2025-03-01;2025-03-02;2025-03-03;2025-03-04;2025-03-05;2025-03-06;2025-03-07;2025-03-08;2025-03-09;2025-03-10;2025-03-11;2025-03-12;2025-03-13;2025-03-14;2025-03-15;2025-03-16;2025-03-17;2025-03-18,28,5295.893667392513,2025-02-19;2025-02-20;2025-02-21;2025-02-22;2025-02-23;2025-02-24;2025-02-25;2025-02-26;2025-02-27;2025-02-28;2025-03-01;2025-03-02;2025-03-03;2025-03-04;2025-03-05;2025-03-06;2025-03-07;2025-03-08;2025-03-09;2025-03-10;2025-03-11;2025-03-12;2025-03-13;2025-03-14;2025-03-15;2025-03-16;2025-03-17;2025-03-18,2025-03-05;2025-03-06;2025-03-07;2025-03-08;2025-03-09;2025-03-10;2025-03-11;2025-03-12;2025-03-13;2025-03-14;2025-03-15;2025-03-16;2025-03-17;2025-03-18,,2025-03-18,5543.397646595862,6778.042648446242,6743.397646595862,19.249675478856926,23.92278907950958,24.95165756044739,45.30216492525305,71306.07072632598,281.52645784086394,8007.069025716959,43071.59732612907,1404.1201839753267,44475.7175101044,43071.59732612907,43071.59728305748,39529.55502960526,1451.184205136462,lexicographic,4.307159728305749e-05,3.952955502960521e-05,False,0.24663850000069942,0.0,1,0
2025-03-20,False,calendar_trend,4,1.0,7,1.0,0,calibrated_quantile,2025-02-20;2025-02-21;2025-02-22;2025-02-23;2025-02-24;2025-02-25;2025-02-26;2025-02-27;2025-02-28;2025-03-01;2025-03-02;2025-03-03;2025-03-04;2025-03-05;2025-03-06;2025-03-07;2025-03-08;2025-03-09;2025-03-10;2025-03-11;2025-03-12;2025-03-13;2025-03-14;2025-03-15;2025-03-16;2025-03-17;2025-03-18;2025-03-19,28,5156.594345452091,2025-02-20;2025-02-21;2025-02-22;2025-02-23;2025-02-24;2025-02-25;2025-02-26;2025-02-27;2025-02-28;2025-03-01;2025-03-02;2025-03-03;2025-03-04;2025-03-05;2025-03-06;2025-03-07;2025-03-08;2025-03-09;2025-03-10;2025-03-11;2025-03-12;2025-03-13;2025-03-14;2025-03-15;2025-03-16;2025-03-17;2025-03-18;2025-03-19,2025-03-06;2025-03-07;2025-03-08;2025-03-09;2025-03-10;2025-03-11;2025-03-12;2025-03-13;2025-03-14;2025-03-15;2025-03-16;2025-03-17;2025-03-18;2025-03-19,,2025-03-19,5538.623764042572,6743.397646595862,6738.623764042572,20.002082829298942,25.428818180368232,16.172430392914656,30.256594249664076,70222.96526600889,666.1257560485267,4527.4542544902915,42442.506375581026,2534.8202018837374,44977.326577464766,42442.506375581026,42442.50633313853,39604.91920908306,1456.00252345714,lexicographic,4.2442506333138535e-05,3.960491916947814e-05,False,0.22038160000010976,0.0,1,0
2025-03-21,False,calendar_trend,4,1.0,7,1.0,0,calibrated_quantile,2025-02-21;2025-02-22;2025-02-23;2025-02-24;2025-02-25;2025-02-26;2025-02-27;2025-02-28;2025-03-01;2025-03-02;2025-03-03;2025-03-04;2025-03-05;2025-03-06;2025-03-07;2025-03-08;2025-03-09;2025-03-10;2025-03-11;2025-03-12;2025-03-13;2025-03-14;2025-03-15;2025-03-16;2025-03-17;2025-03-18;2025-03-19;2025-03-20,28,5236.733138531452,2025-02-21;2025-02-22;2025-02-23;2025-02-24;2025-02-25;2025-02-26;2025-02-27;2025-02-28;2025-03-01;2025-03-02;2025-03-03;2025-03-04;2025-03-05;2025-03-06;2025-03-07;2025-03-08;2025-03-09;2025-03-10;2025-03-11;2025-03-12;2025-03-13;2025-03-14;2025-03-15;2025-03-16;2025-03-17;2025-03-18;2025-03-19;2025-03-20,2025-03-07;2025-03-08;2025-03-09;2025-03-10;2025-03-11;2025-03-12;2025-03-13;2025-03-14;2025-03-15;2025-03-16;2025-03-17;2025-03-18;2025-03-19;2025-03-20,,2025-03-20,5533.849881489281,6738.623764042572,6733.849881489281,16.748732000140173,21.291864546915942,29.860726092779675,52.807692563366174,31865.04751403052,166.2852634445457,16807.2408912364,16401.668061298362,761.5296163463961,17163.19767764476,16401.668061298362,16401.668044896698,30440.150144848627,1261.3466722620778,lexicographic,1.64016680448967e-05,3.0440150144848624e-05,False,0.2232962000016414,0.0,1,0
2025-03-22,False,calendar_trend,4,1.0,7,1.0,0,calibrated_quantile,2025-02-22;2025-02-23;2025-02-24;2025-02-25;2025-02-26;2025-02-27;2025-02-28;2025-03-01;2025-03-02;2025-03-03;2025-03-04;2025-03-05;2025-03-06;2025-03-07;2025-03-08;2025-03-09;2025-03-10;2025-03-11;2025-03-12;2025-03-13;2025-03-14;2025-03-15;2025-03-16;2025-03-17;2025-03-18;2025-03-19;2025-03-20;2025-03-21,28,5229.157463922846,2025-02-22;2025-02-23;2025-02-24;2025-02-25;2025-02-26;2025-02-27;2025-02-28;2025-03-01;2025-03-02;2025-03-03;2025-03-04;2025-03-05;2025-03-06;2025-03-07;2025-03-08;2025-03-09;2025-03-10;2025-03-11;2025-03-12;2025-03-13;2025-03-14;2025-03-15;2025-03-16;2025-03-17;2025-03-18;2025-03-19;2025-03-20;2025-03-21,2025-03-08;2025-03-09;2025-03-10;2025-03-11;2025-03-12;2025-03-13;2025-03-14;2025-03-15;2025-03-16;2025-03-17;2025-03-18;2025-03-19;2025-03-20;2025-03-21,,2025-03-21,5529.075998935989,6733.849881489281,6729.075998935989,17.351942670888775,21.61273114503918,18.512901450762627,36.568380347041796,31817.87914395389,491.74950135983704,13238.809362058537,16428.104628261863,1986.5667433098697,18414.671371571734,16428.104628261866,16428.10461183377,30430.549336602562,1256.7606916873979,lexicographic,1.642810461183377e-05,3.0430549336602565e-05,False,0.227017800003523,0.0,1,0
2025-03-23,False,calendar_trend,4,1.0,7,1.0,0,calibrated_quantile,2025-02-23;2025-02-24;2025-02-25;2025-02-26;2025-02-27;2025-02-28;2025-03-01;2025-03-02;2025-03-03;2025-03-04;2025-03-05;2025-03-06;2025-03-07;2025-03-08;2025-03-09;2025-03-10;2025-03-11;2025-03-12;2025-03-13;2025-03-14;2025-03-15;2025-03-16;2025-03-17;2025-03-18;2025-03-19;2025-03-20;2025-03-21;2025-03-22,28,5215.686513619212,2025-02-23;2025-02-24;2025-02-25;2025-02-26;2025-02-27;2025-02-28;2025-03-01;2025-03-02;2025-03-03;2025-03-04;2025-03-05;2025-03-06;2025-03-07;2025-03-08;2025-03-09;2025-03-10;2025-03-11;2025-03-12;2025-03-13;2025-03-14;2025-03-15;2025-03-16;2025-03-17;2025-03-18;2025-03-19;2025-03-20;2025-03-21;2025-03-22,2025-03-09;2025-03-10;2025-03-11;2025-03-12;2025-03-13;2025-03-14;2025-03-15;2025-03-16;2025-03-17;2025-03-18;2025-03-19;2025-03-20;2025-03-21;2025-03-22,,2025-03-22,5524.302116382699,6729.075998935989,6724.302116382699,19.70233214336314,24.37452679984644,27.02593149402954,50.60516108808476,68822.97817554408,535.2462455228937,6452.4484655851265,41497.6613705878,2009.439595785227,43507.10096637302,41497.6613705878,41497.66132909013,39446.60029921796,1450.1022597453684,lexicographic,4.149766132909013e-05,3.944660029921807e-05,False,0.20557990000088466,0.0,1,0
2025-03-24,False,calendar_trend,4,1.0,7,1.0,0,calibrated_quantile,2025-02-24;2025-02-25;2025-02-26;2025-02-27;2025-02-28;2025-03-01;2025-03-02;2025-03-03;2025-03-04;2025-03-05;2025-03-06;2025-03-07;2025-03-08;2025-03-09;2025-03-10;2025-03-11;2025-03-12;2025-03-13;2025-03-14;2025-03-15;2025-03-16;2025-03-17;2025-03-18;2025-03-19;2025-03-20;2025-03-21;2025-03-22;2025-03-23,28,5216.679442357917,2025-02-24;2025-02-25;2025-02-26;2025-02-27;2025-02-28;2025-03-01;2025-03-02;2025-03-03;2025-03-04;2025-03-05;2025-03-06;2025-03-07;2025-03-08;2025-03-09;2025-03-10;2025-03-11;2025-03-12;2025-03-13;2025-03-14;2025-03-15;2025-03-16;2025-03-17;2025-03-18;2025-03-19;2025-03-20;2025-03-21;2025-03-22;2025-03-23,2025-03-10;2025-03-11;2025-03-12;2025-03-13;2025-03-14;2025-03-15;2025-03-16;2025-03-17;2025-03-18;2025-03-19;2025-03-20;2025-03-21;2025-03-22;2025-03-23,,2025-03-23,5457.964149124002,6724.302116382699,6657.964149124002,18.059982664599048,23.356245137153568,18.88292570017886,36.89156000230932,68483.519168473,496.87896563852934,6949.021969640658,41362.83420671274,1777.5852048564636,43140.4194115692,41362.83420671274,41362.8341653499,39046.94462065588,1440.9858984165112,lexicographic,4.13628341653499e-05,3.904694458160894e-05,False,0.19268369999917923,0.0,1,0
2025-03-25,False,calendar_trend,4,1.0,7,1.0,0,calibrated_quantile,2025-02-25;2025-02-26;2025-02-27;2025-02-28;2025-03-01;2025-03-02;2025-03-03;2025-03-04;2025-03-05;2025-03-06;2025-03-07;2025-03-08;2025-03-09;2025-03-10;2025-03-11;2025-03-12;2025-03-13;2025-03-14;2025-03-15;2025-03-16;2025-03-17;2025-03-18;2025-03-19;2025-03-20;2025-03-21;2025-03-22;2025-03-23;2025-03-24,28,5233.8972765435665,2025-02-25;2025-02-26;2025-02-27;2025-02-28;2025-03-01;2025-03-02;2025-03-03;2025-03-04;2025-03-05;2025-03-06;2025-03-07;2025-03-08;2025-03-09;2025-03-10;2025-03-11;2025-03-12;2025-03-13;2025-03-14;2025-03-15;2025-03-16;2025-03-17;2025-03-18;2025-03-19;2025-03-20;2025-03-21;2025-03-22;2025-03-23;2025-03-24,2025-03-11;2025-03-12;2025-03-13;2025-03-14;2025-03-15;2025-03-16;2025-03-17;2025-03-18;2025-03-19;2025-03-20;2025-03-21;2025-03-22;2025-03-23;2025-03-24,,2025-03-24,5391.626181865305,6657.964149124002,6591.626181865305,20.271215980273432,25.267018225016216,23.24003620580659,46.89553675346793,68382.71076879642,1095.8162969934797,4490.474344693911,41197.44604280013,4469.622366881717,45667.06840968185,41197.446042800126,41197.44600160267,39095.04225833018,1455.5117793584905,lexicographic,4.119744600160267e-05,3.9095042219235145e-05,False,0.18859099999826867,0.0,1,0
2025-03-26,False,calendar_trend,4,1.0,7,1.0,0,calibrated_quantile,2025-02-26;2025-02-27;2025-02-28;2025-03-01;2025-03-02;2025-03-03;2025-03-04;2025-03-05;2025-03-06;2025-03-07;2025-03-08;2025-03-09;2025-03-10;2025-03-11;2025-03-12;2025-03-13;2025-03-14;2025-03-15;2025-03-16;2025-03-17;2025-03-18;2025-03-19;2025-03-20;2025-03-21;2025-03-22;2025-03-23;2025-03-24;2025-03-25,28,5432.738139973873,2025-02-26;2025-02-27;2025-02-28;2025-03-01;2025-03-02;2025-03-03;2025-03-04;2025-03-05;2025-03-06;2025-03-07;2025-03-08;2025-03-09;2025-03-10;2025-03-11;2025-03-12;2025-03-13;2025-03-14;2025-03-15;2025-03-16;2025-03-17;2025-03-18;2025-03-19;2025-03-20;2025-03-21;2025-03-22;2025-03-23;2025-03-24;2025-03-25,2025-03-12;2025-03-13;2025-03-14;2025-03-15;2025-03-16;2025-03-17;2025-03-18;2025-03-19;2025-03-20;2025-03-21;2025-03-22;2025-03-23;2025-03-24;2025-03-25,,2025-03-25,5325.288214606608,6591.626181865305,6525.288214606608,18.956634119709946,24.01274923991405,28.09421810518303,56.57767481930464,69133.83491377058,186.46157537286615,9683.772050690455,41728.68988858053,647.9096417425163,42376.599530323045,41728.68988858053,41728.689846851834,39152.59613683795,1462.2495866313286,lexicographic,4.1728689846851834e-05,3.9152596097685536e-05,False,0.2870909000012034,0.0,1,0
2025-03-27,False,calendar_trend,4,1.0,7,1.0,0,calibrated_quantile,2025-02-27;2025-02-28;2025-03-01;2025-03-02;2025-03-03;2025-03-04;2025-03-05;2025-03-06;2025-03-07;2025-03-08;2025-03-09;2025-03-10;2025-03-11;2025-03-12;2025-03-13;2025-03-14;2025-03-15;2025-03-16;2025-03-17;2025-03-18;2025-03-19;2025-03-20;2025-03-21;2025-03-22;2025-03-23;2025-03-24;2025-03-25;2025-03-26,28,5394.045765155933,2025-02-27;2025-02-28;2025-03-01;2025-03-02;2025-03-03;2025-03-04;2025-03-05;2025-03-06;2025-03-07;2025-03-08;2025-03-09;2025-03-10;2025-03-11;2025-03-12;2025-03-13;2025-03-14;2025-03-15;2025-03-16;2025-03-17;2025-03-18;2025-03-19;2025-03-20;2025-03-21;2025-03-22;2025-03-23;2025-03-24;2025-03-25;2025-03-26,2025-03-13;2025-03-14;2025-03-15;2025-03-16;2025-03-17;2025-03-18;2025-03-19;2025-03-20;2025-03-21;2025-03-22;2025-03-23;2025-03-24;2025-03-25;2025-03-26,,2025-03-26,5258.950247347911,6525.288214606608,6458.950247347911,20.39303750233857,24.988337060615965,18.50332097006098,34.960375191682985,67785.73847661051,785.4491493316303,5825.18192546981,40987.131256972185,3168.0982419609604,44155.22949893314,40987.13125697218,40987.13121598504,39010.1465522136,1479.5230769424575,lexicographic,4.0987131215985044e-05,3.901014651320344e-05,False,0.1756506999990961,0.0,1,0
2025-03-28,False,calendar_trend,4,1.0,7,1.0,0,calibrated_quantile,2025-02-28;2025-03-01;2025-03-02;2025-03-03;2025-03-04;2025-03-05;2025-03-06;2025-03-07;2025-03-08;2025-03-09;2025-03-10;2025-03-11;2025-03-12;2025-03-13;2025-03-14;2025-03-15;2025-03-16;2025-03-17;2025-03-18;2025-03-19;2025-03-20;2025-03-21;2025-03-22;2025-03-23;2025-03-24;2025-03-25;2025-03-26;2025-03-27,28,5552.010653229516,2025-02-28;2025-03-01;2025-03-02;2025-03-03;2025-03-04;2025-03-05;2025-03-06;2025-03-07;2025-03-08;2025-03-09;2025-03-10;2025-03-11;2025-03-12;2025-03-13;2025-03-14;2025-03-15;2025-03-16;2025-03-17;2025-03-18;2025-03-19;2025-03-20;2025-03-21;2025-03-22;2025-03-23;2025-03-24;2025-03-25;2025-03-26;2025-03-27,2025-03-14;2025-03-15;2025-03-16;2025-03-17;2025-03-18;2025-03-19;2025-03-20;2025-03-21;2025-03-22;2025-03-23;2025-03-24;2025-03-25;2025-03-26;2025-03-27,,2025-03-27,5010.343024018797,6458.950247347911,6210.343024018797,20.12000253968607,24.903008983267245,14.027737211981515,25.639749317763968,30815.33841154687,239.67515227823378,17372.47354863955,15720.119487621738,934.8859514416871,16655.005439063425,15720.11948762174,15720.119471901618,29606.76969374512,1291.5377532614891,lexicographic,1.572011947190162e-05,2.960676969374511e-05,False,0.2578867000011087,0.0,1,0
2025-03-29,False,calendar_trend,4,1.0,7,1.0,0,calibrated_quantile,2025-03-01;2025-03-02;2025-03-03;2025-03-04;2025-03-05;2025-03-06;2025-03-07;2025-03-08;2025-03-09;2025-03-10;2025-03-11;2025-03-12;2025-03-13;2025-03-14;2025-03-15;2025-03-16;2025-03-17;2025-03-18;2025-03-19;2025-03-20;2025-03-21;2025-03-22;2025-03-23;2025-03-24;2025-03-25;2025-03-26;2025-03-27;2025-03-28,28,5474.806067617834,2025-03-01;2025-03-02;2025-03-03;2025-03-04;2025-03-05;2025-03-06;2025-03-07;2025-03-08;2025-03-09;2025-03-10;2025-03-11;2025-03-12;2025-03-13;2025-03-14;2025-03-15;2025-03-16;2025-03-17;2025-03-18;2025-03-19;2025-03-20;2025-03-21;2025-03-22;2025-03-23;2025-03-24;2025-03-25;2025-03-26;2025-03-27;2025-03-28,2025-03-15;2025-03-16;2025-03-17;2025-03-18;2025-03-19;2025-03-20;2025-03-21;2025-03-22;2025-03-23;2025-03-24;2025-03-25;2025-03-26;2025-03-27;2025-03-28,,2025-03-28,4761.735800689685,6210.343024018797,5961.735800689685,16.594964154894846,20.129766796523146,29.70394640104465,51.273417708058034,30596.86885855443,167.25497980869196,20248.739153658164,15619.686885371979,744.2575076754808,16363.944393047459,15619.686885371979,15619.686869752293,29106.79294460545,1271.5301458117412,lexicographic,1.5619686869752293e-05,2.9106792944605453e-05,False,0.27605039999980363,0.0,1,0
2025-03-30,False,calendar_trend,4,1.0,7,1.0,0,calibrated_quantile,2025-03-02;2025-03-03;2025-03-04;2025-03-05;2025-03-06;2025-03-07;2025-03-08;2025-03-09;2025-03-10;2025-03-11;2025-03-12;2025-03-13;2025-03-14;2025-03-15;2025-03-16;2025-03-17;2025-03-18;2025-03-19;2025-03-20;2025-03-21;2025-03-22;2025-03-23;2025-03-24;2025-03-25;2025-03-26;2025-03-27;2025-03-28;2025-03-29,28,5248.949442099971,2025-03-02;2025-03-03;2025-03-04;2025-03-05;2025-03-06;2025-03-07;2025-03-08;2025-03-09;2025-03-10;2025-03-11;2025-03-12;2025-03-13;2025-03-14;2025-03-15;2025-03-16;2025-03-17;2025-03-18;2025-03-19;2025-03-20;2025-03-21;2025-03-22;2025-03-23;2025-03-24;2025-03-25;2025-03-26;2025-03-27;2025-03-28;2025-03-29,2025-03-16;2025-03-17;2025-03-18;2025-03-19;2025-03-20;2025-03-21;2025-03-22;2025-03-23;2025-03-24;2025-03-25;2025-03-26;2025-03-27;2025-03-28;2025-03-29,,2025-03-29,4513.128577360571,5961.735800689685,5713.128577360571,19.542661390443435,24.626413126298683,18.641560989920986,34.06804639945601,64789.384113576365,639.777180187465,6293.2131230893165,39003.93931787896,2677.026702368176,41680.966020247135,39003.93931787896,39003.93927887503,38463.09228375416,1449.6585625352388,lexicographic,3.900393927887503e-05,3.8463092245291064e-05,False,0.1724291999998968,0.0,1,0
2025-03-31,False,calendar_trend,4,1.0,7,1.0,0,calibrated_quantile,2025-03-03;2025-03-04;2025-03-05;2025-03-06;2025-03-07;2025-03-08;2025-03-09;2025-03-10;2025-03-11;2025-03-12;2025-03-13;2025-03-14;2025-03-15;2025-03-16;2025-03-17;2025-03-18;2025-03-19;2025-03-20;2025-03-21;2025-03-22;2025-03-23;2025-03-24;2025-03-25;2025-03-26;2025-03-27;2025-03-28;2025-03-29;2025-03-30,28,4944.843624332543,2025-03-03;2025-03-04;2025-03-05;2025-03-06;2025-03-07;2025-03-08;2025-03-09;2025-03-10;2025-03-11;2025-03-12;2025-03-13;2025-03-14;2025-03-15;2025-03-16;2025-03-17;2025-03-18;2025-03-19;2025-03-20;2025-03-21;2025-03-22;2025-03-23;2025-03-24;2025-03-25;2025-03-26;2025-03-27;2025-03-28;2025-03-29;2025-03-30,2025-03-17;2025-03-18;2025-03-19;2025-03-20;2025-03-21;2025-03-22;2025-03-23;2025-03-24;2025-03-25;2025-03-26;2025-03-27;2025-03-28;2025-03-29;2025-03-30,,2025-03-30,4264.521354031458,5713.128577360571,5464.521354031458,19.19217112236391,23.643980933039185,33.525937869957666,60.0590117975724,64460.00727864968,2086.033880138922,5800.308416489728,38751.97677326994,8570.633947665772,47322.610720935714,38751.97677326994,38751.97673451798,38501.33842484221,1446.1212868190046,lexicographic,3.875197673451798e-05,3.850133838634089e-05,False,0.1603653000020131,0.0,1,0
2025-04-01,False,calendar_trend,4,1.0,7,1.0,0,calibrated_quantile,2025-03-04;2025-03-05;2025-03-06;2025-03-07;2025-03-08;2025-03-09;2025-03-10;2025-03-11;2025-03-12;2025-03-13;2025-03-14;2025-03-15;2025-03-16;2025-03-17;2025-03-18;2025-03-19;2025-03-20;2025-03-21;2025-03-22;2025-03-23;2025-03-24;2025-03-25;2025-03-26;2025-03-27;2025-03-28;2025-03-29;2025-03-30;2025-03-31,28,4835.837834737575,2025-03-04;2025-03-05;2025-03-06;2025-03-07;2025-03-08;2025-03-09;2025-03-10;2025-03-11;2025-03-12;2025-03-13;2025-03-14;2025-03-15;2025-03-16;2025-03-17;2025-03-18;2025-03-19;2025-03-20;2025-03-21;2025-03-22;2025-03-23;2025-03-24;2025-03-25;2025-03-26;2025-03-27;2025-03-28;2025-03-29;2025-03-30;2025-03-31,2025-03-18;2025-03-19;2025-03-20;2025-03-21;2025-03-22;2025-03-23;2025-03-24;2025-03-25;2025-03-26;2025-03-27;2025-03-28;2025-03-29;2025-03-30;2025-03-31,,2025-03-31,4473.386416274525,5464.521354031458,5673.386416274525,20.88615857934009,26.162497672485326,39.5621617232606,84.80728639162655,64469.68758409996,3242.7205252243716,3190.135343933718,38436.688477323805,9942.96808329993,48379.656560623735,38436.6884773238,38436.68843888714,39112.291306067535,1469.5137682004595,lexicographic,3.8436688438887145e-05,3.9112291266955264e-05,False,0.2098961000010604,0.0,1,0
2025-04-02,False,calendar_trend,4,1.0,7,1.0,0,calibrated_quantile,2025-03-05;2025-03-06;2025-03-07;2025-03-08;2025-03-09;2025-03-10;2025-03-11;2025-03-12;2025-03-13;2025-03-14;2025-03-15;2025-03-16;2025-03-17;2025-03-18;2025-03-19;2025-03-20;2025-03-21;2025-03-22;2025-03-23;2025-03-24;2025-03-25;2025-03-26;2025-03-27;2025-03-28;2025-03-29;2025-03-30;2025-03-31;2025-04-01,28,5190.578281792527,2025-03-05;2025-03-06;2025-03-07;2025-03-08;2025-03-09;2025-03-10;2025-03-11;2025-03-12;2025-03-13;2025-03-14;2025-03-15;2025-03-16;2025-03-17;2025-03-18;2025-03-19;2025-03-20;2025-03-21;2025-03-22;2025-03-23;2025-03-24;2025-03-25;2025-03-26;2025-03-27;2025-03-28;2025-03-29;2025-03-30;2025-03-31;2025-04-01,2025-03-19;2025-03-20;2025-03-21;2025-03-22;2025-03-23;2025-03-24;2025-03-25;2025-03-26;2025-03-27;2025-03-28;2025-03-29;2025-03-30;2025-03-31;2025-04-01,,2025-04-01,4900.979175518395,5673.386416274525,6100.979175518395,18.38017412984666,22.718597773910975,44.87557388636955,78.25768356543387,66019.3612058962,2677.7891204528933,3703.3368579693642,39191.75124463014,11841.523146408546,51033.274391038685,39191.75124463013,39191.7512054384,39374.62282699135,1493.4374533095386,lexicographic,3.91917512054384e-05,3.937462278761674e-05,False,0.1303817000007257,0.0,1,0
2025-04-03,False,calendar_trend,4,1.0,7,1.0,0,calibrated_quantile,2025-03-06;2025-03-07;2025-03-08;2025-03-09;2025-03-10;2025-03-11;2025-03-12;2025-03-13;2025-03-14;2025-03-15;2025-03-16;2025-03-17;2025-03-18;2025-03-19;2025-03-20;2025-03-21;2025-03-22;2025-03-23;2025-03-24;2025-03-25;2025-03-26;2025-03-27;2025-03-28;2025-03-29;2025-03-30;2025-03-31;2025-04-01;2025-04-02,28,5610.569293797164,2025-03-06;2025-03-07;2025-03-08;2025-03-09;2025-03-10;2025-03-11;2025-03-12;2025-03-13;2025-03-14;2025-03-15;2025-03-16;2025-03-17;2025-03-18;2025-03-19;2025-03-20;2025-03-21;2025-03-22;2025-03-23;2025-03-24;2025-03-25;2025-03-26;2025-03-27;2025-03-28;2025-03-29;2025-03-30;2025-03-31;2025-04-01;2025-04-02,2025-03-20;2025-03-21;2025-03-22;2025-03-23;2025-03-24;2025-03-25;2025-03-26;2025-03-27;2025-03-28;2025-03-29;2025-03-30;2025-03-31;2025-04-01;2025-04-02,,2025-04-02,5325.288214606608,6100.979175518395,6525.288214606608,18.466884778584873,23.699937942770504,26.719975829219035,50.110669988680655,67261.7155440618,418.8324771945884,7254.497387883307,39977.06267860017,1911.9000353580345,41888.9627139582,39977.06267860017,39977.06263862311,39444.239965156856,1487.357114388188,lexicographic,3.997706263862311e-05,3.944423992571261e-05,False,0.28395549999913783,0.0,1,0
2025-04-04,False,calendar_trend,4,1.0,7,1.0,0,calibrated_quantile,2025-03-07;2025-03-08;2025-03-09;2025-03-10;2025-03-11;2025-03-12;2025-03-13;2025-03-14;2025-03-15;2025-03-16;2025-03-17;2025-03-18;2025-03-19;2025-03-20;2025-03-21;2025-03-22;2025-03-23;2025-03-24;2025-03-25;2025-03-26;2025-03-27;2025-03-28;2025-03-29;2025-03-30;2025-03-31;2025-04-01;2025-04-02;2025-04-03,28,5669.836596225205,2025-03-07;2025-03-08;2025-03-09;2025-03-10;2025-03-11;2025-03-12;2025-03-13;2025-03-14;2025-03-15;2025-03-16;2025-03-17;2025-03-18;2025-03-19;2025-03-20;2025-03-21;2025-03-22;2025-03-23;2025-03-24;2025-03-25;2025-03-26;2025-03-27;2025-03-28;2025-03-29;2025-03-30;2025-03-31;2025-04-01;2025-04-02;2025-04-03,2025-03-21;2025-03-22;2025-03-23;2025-03-24;2025-03-25;2025-03-26;2025-03-27;2025-03-28;2025-03-29;2025-03-30;2025-03-31;2025-04-01;2025-04-02;2025-04-03,,2025-04-03,5258.950247347911,6525.288214606608,6458.950247347911,16.05757275106491,19.548527826017885,32.89613916028364,64.16160897152889,30157.743128373368,136.40945219464396,20786.165004438495,15297.815572460804,610.5692257531787,15908.384798213983,15297.815572460804,15297.815557162985,29942.7041124214,1286.7854946877883,lexicographic,1.5297815557162984e-05,2.9942704112421402e-05,False,0.1912895000023127,0.0,1,0
2025-04-05,False,calendar_trend,4,1.0,7,1.0,0,calibrated_quantile,2025-03-08;2025-03-09;2025-03-10;2025-03-11;2025-03-12;2025-03-13;2025-03-14;2025-03-15;2025-03-16;2025-03-17;2025-03-18;2025-03-19;2025-03-20;2025-03-21;2025-03-22;2025-03-23;2025-03-24;2025-03-25;2025-03-26;2025-03-27;2025-03-28;2025-03-29;2025-03-30;2025-03-31;2025-04-01;2025-04-02;2025-04-03;2025-04-04,28,5683.474236684326,2025-03-08;2025-03-09;2025-03-10;2025-03-11;2025-03-12;2025-03-13;2025-03-14;2025-03-15;2025-03-16;2025-03-17;2025-03-18;2025-03-19;2025-03-20;2025-03-21;2025-03-22;2025-03-23;2025-03-24;2025-03-25;2025-03-26;2025-03-27;2025-03-28;2025-03-29;2025-03-30;2025-03-31;2025-04-01;2025-04-02;2025-04-03;2025-04-04,2025-03-22;2025-03-23;2025-03-24;2025-03-25;2025-03-26;2025-03-27;2025-03-28;2025-03-29;2025-03-30;2025-03-31;2025-04-01;2025-04-02;2025-04-03;2025-04-04,,2025-04-04,5079.964711433153,6458.950247347911,6279.964711433153,19.30470498360522,24.29190538685172,23.23904179568423,44.31588316912016,30259.039814256892,747.6830996997746,16024.591251644057,15329.526604045815,3124.044543695883,18453.5711477417,15329.526604045815,15329.526588716286,29684.12712420551,1259.236420813641,lexicographic,1.5329526588716288e-05,2.968412712420551e-05,False,0.1916337000002386,0.0,1,0
2025-04-06,False,calendar_trend,4,1.0,7,1.0,0,calibrated_quantile,2025-03-09;2025-03-10;2025-03-11;2025-03-12;2025-03-13;2025-03-14;2025-03-15;2025-03-16;2025-03-17;2025-03-18;2025-03-19;2025-03-20;2025-03-21;2025-03-22;2025-03-23;2025-03-24;2025-03-25;2025-03-26;2025-03-27;2025-03-28;2025-03-29;2025-03-30;2025-03-31;2025-04-01;2025-04-02;2025-04-03;2025-04-04;2025-04-05,28,5871.725670575577,2025-03-09;2025-03-10;2025-03-11;2025-03-12;2025-03-13;2025-03-14;2025-03-15;2025-03-16;2025-03-17;2025-03-18;2025-03-19;2025-03-20;2025-03-21;2025-03-22;2025-03-23;2025-03-24;2025-03-25;2025-03-26;2025-03-27;2025-03-28;2025-03-29;2025-03-30;2025-03-31;2025-04-01;2025-04-02;2025-04-03;2025-04-04;2025-04-05,2025-03-23;2025-03-24;2025-03-25;2025-03-26;2025-03-27;2025-03-28;2025-03-29;2025-03-30;2025-03-31;2025-04-01;2025-04-02;2025-04-03;2025-04-04;2025-04-05,,2025-04-05,4900.979175518395,6279.964711433153,6100.979175518395,18.283593098264387,23.644889444865246,14.935854792873677,29.082758772229678,65512.11522024106,179.06953315885175,7396.326599127338,38943.82234775149,707.0592158942666,39650.88156364576,38943.82234775149,38943.82230880768,38703.311480069766,1453.4156924821532,lexicographic,3.894382230880768e-05,3.870331144136646e-05,False,0.19843110000147135,0.0,1,0
2025-04-07,False,calendar_trend,4,1.0,7,1.0,0,calibrated_quantile,2025-03-10;2025-03-11;2025-03-12;2025-03-13;2025-03-14;2025-03-15;2025-03-16;2025-03-17;2025-03-18;2025-03-19;2025-03-20;2025-03-21;2025-03-22;2025-03-23;2025-03-24;2025-03-25;2025-03-26;2025-03-27;2025-03-28;2025-03-29;2025-03-30;2025-03-31;2025-04-01;2025-04-02;2025-04-03;2025-04-04;2025-04-05;2025-04-06,28,5835.621829654903,2025-03-10;2025-03-11;2025-03-12;2025-03-13;2025-03-14;2025-03-15;2025-03-16;2025-03-17;2025-03-18;2025-03-19;2025-03-20;2025-03-21;2025-03-22;2025-03-23;2025-03-24;2025-03-25;2025-03-26;2025-03-27;2025-03-28;2025-03-29;2025-03-30;2025-03-31;2025-04-01;2025-04-02;2025-04-03;2025-04-04;2025-04-05;2025-04-06,2025-03-24;2025-03-25;2025-03-26;2025-03-27;2025-03-28;2025-03-29;2025-03-30;2025-03-31;2025-04-01;2025-04-02;2025-04-03;2025-04-04;2025-04-05;2025-04-06,,2025-04-06,4721.993639603637,6100.979175518395,5921.993639603637,18.3940470863462,23.37197470622083,32.38746174093811,65.44703623529132,65074.60053972392,296.44857928286524,8246.278580941456,38667.20284311778,1034.7307406985797,39701.93358381636,38667.20284311778,38667.20280445058,38677.29860900776,1459.784235234682,lexicographic,3.866720280445058e-05,3.8677298570330476e-05,False,0.17158439999911934,0.0,1,0
2025-04-08,False,calendar_trend,4,1.0,7,1.0,0,calibrated_quantile,2025-03-11;2025-03-12;2025-03-13;2025-03-14;2025-03-15;2025-03-16;2025-03-17;2025-03-18;2025-03-19;2025-03-20;2025-03-21;2025-03-22;2025-03-23;2025-03-24;2025-03-25;2025-03-26;2025-03-27;2025-03-28;2025-03-29;2025-03-30;2025-03-31;2025-04-01;2025-04-02;2025-04-03;2025-04-04;2025-04-05;2025-04-06;2025-04-07,28,5629.150786994016,2025-03-11;2025-03-12;2025-03-13;2025-03-14;2025-03-15;2025-03-16;2025-03-17;2025-03-18;2025-03-19;2025-03-20;2025-03-21;2025-03-22;2025-03-23;2025-03-24;2025-03-25;2025-03-26;2025-03-27;2025-03-28;2025-03-29;2025-03-30;2025-03-31;2025-04-01;2025-04-02;2025-04-03;2025-04-04;2025-04-05;2025-04-06;2025-04-07,2025-03-25;2025-03-26;2025-03-27;2025-03-28;2025-03-29;2025-03-30;2025-03-31;2025-04-01;2025-04-02;2025-04-03;2025-04-04;2025-04-05;2025-04-06;2025-04-07,,2025-04-07,4543.00810368888,5921.993639603637,5743.00810368888,17.588717333148715,21.89750223970581,25.22114910125471,46.059471578979476,64446.11185226783,763.6832760404602,6958.36383568557,38213.75412076656,3429.6575784946076,41643.411699261174,38213.75412076656,38213.75408255282,38831.495569089624,1456.2932688287428,lexicographic,3.8213754082552825e-05,3.883149553025813e-05,False,0.24145510000016657,0.0,1,0
2025-04-09,False,calendar_trend,4,1.0,7,1.0,0,calibrated_quantile,2025-03-12;2025-03-13;2025-03-14;2025-03-15;2025-03-16;2025-03-17;2025-03-18;2025-03-19;2025-03-20;2025-03-21;2025-03-22;2025-03-23;2025-03-24;2025-03-25;2025-03-26;2025-03-27;2025-03-28;2025-03-29;2025-03-30;2025-03-31;2025-04-01;2025-04-02;2025-04-03;2025-04-04;2025-04-05;2025-04-06;2025-04-07;2025-04-08,28,5673.424882537733,2025-03-12;2025-03-13;2025-03-14;2025-03-15;2025-03-16;2025-03-17;2025-03-18;2025-03-19;2025-03-20;2025-03-21;2025-03-22;2025-03-23;2025-03-24;2025-03-25;2025-03-26;2025-03-27;2025-03-28;2025-03-29;2025-03-30;2025-03-31;2025-04-01;2025-04-02;2025-04-03;2025-04-04;2025-04-05;2025-04-06;2025-04-07;2025-04-08,2025-03-26;2025-03-27;2025-03-28;2025-03-29;2025-03-30;2025-03-31;2025-04-01;2025-04-02;2025-04-03;2025-04-04;2025-04-05;2025-04-06;2025-04-07;2025-04-08,,2025-04-08,4473.386416274525,5743.00810368888,5673.386416274525,16.897974366944535,21.158682100501295,33.18113796171306,60.56845514395592,64727.66334505596,1508.9035474221128,3091.678408535456,38477.87776029009,5655.9033583060345,44133.781118596125,38477.87776029009,38477.87772181221,38865.60133218586,1469.8135462629916,lexicographic,3.8477877721812214e-05,3.886560129332027e-05,False,0.12136200000168174,0.0,1,0
2025-04-10,False,calendar_trend,4,1.0,7,1.0,0,calibrated_quantile,2025-03-13;2025-03-14;2025-03-15;2025-03-16;2025-03-17;2025-03-18;2025-03-19;2025-03-20;2025-03-21;2025-03-22;2025-03-23;2025-03-24;2025-03-25;2025-03-26;2025-03-27;2025-03-28;2025-03-29;2025-03-30;2025-03-31;2025-04-01;2025-04-02;2025-04-03;2025-04-04;2025-04-05;2025-04-06;2025-04-07;2025-04-08;2025-04-09,28,5977.439785822762,2025-03-13;2025-03-14;2025-03-15;2025-03-16;2025-03-17;2025-03-18;2025-03-19;2025-03-20;2025-03-21;2025-03-22;2025-03-23;2025-03-24;2025-03-25;2025-03-26;2025-03-27;2025-03-28;2025-03-29;2025-03-30;2025-03-31;2025-04-01;2025-04-02;2025-04-03;2025-04-04;2025-04-05;2025-04-06;2025-04-07;2025-04-08;2025-04-09,2025-03-27;2025-03-28;2025-03-29;2025-03-30;2025-03-31;2025-04-01;2025-04-02;2025-04-03;2025-04-04;2025-04-05;2025-04-06;2025-04-07;2025-04-08;2025-04-09,,2025-04-09,4900.979175518395,5673.386416274525,6100.979175518395,19.186284361205665,23.229163263958775,27.067205499253014,53.87774173457183,66488.73957294595,582.060710721315,8022.525205219728,39424.467418579894,2644.472566222826,42068.93998480272,39424.467418579894,39424.46737915542,39652.40171763727,1448.2294769404466,lexicographic,3.9424467379155425e-05,3.965240167798488e-05,False,0.15861010000298847,0.0,1,0
2025-04-11,False,calendar_trend,4,1.0,7,1.0,0,calibrated_quantile,2025-03-14;2025-03-15;2025-03-16;2025-03-17;2025-03-18;2025-03-19;2025-03-20;2025-03-21;2025-03-22;2025-03-23;2025-03-24;2025-03-25;2025-03-26;2025-03-27;2025-03-28;2025-03-29;2025-03-30;2025-03-31;2025-04-01;2025-04-02;2025-04-03;2025-04-04;2025-04-05;2025-04-06;2025-04-07;2025-04-08;2025-04-09;2025-04-10,28,5684.5443747609825,2025-03-14;2025-03-15;2025-03-16;2025-03-17;2025-03-18;2025-03-19;2025-03-20;2025-03-21;2025-03-22;2025-03-23;2025-03-24;2025-03-25;2025-03-26;2025-03-27;2025-03-28;2025-03-29;2025-03-30;2025-03-31;2025-04-01;2025-04-02;2025-04-03;2025-04-04;2025-04-05;2025-04-06;2025-04-07;2025-04-08;2025-04-09;2025-04-10,2025-03-28;2025-03-29;2025-03-30;2025-03-31;2025-04-01;2025-04-02;2025-04-03;2025-04-04;2025-04-05;2025-04-06;2025-04-07;2025-04-08;2025-04-09;2025-04-10,,2025-04-10,4721.993639603637,6100.979175518395,5921.993639603637,19.32725067499204,23.547854383109627,33.22894817530504,64.5206425478436,29251.45738005771,299.6842961072201,21372.04650123855,14745.769564302027,1185.449452529636,15931.219016831663,14745.769564302027,14745.769549556257,28964.207524192818,1299.3422020760186,lexicographic,1.4745769549556257e-05,2.8964207524192816e-05,False,0.25231150000035996,0.0,1,0
2025-04-12,False,calendar_trend,4,1.0,7,1.0,0,calibrated_quantile,2025-03-15;2025-03-16;2025-03-17;2025-03-18;2025-03-19;2025-03-20;2025-03-21;2025-03-22;2025-03-23;2025-03-24;2025-03-25;2025-03-26;2025-03-27;2025-03-28;2025-03-29;2025-03-30;2025-03-31;2025-04-01;2025-04-02;2025-04-03;2025-04-04;2025-04-05;2025-04-06;2025-04-07;2025-04-08;2025-04-09;2025-04-10;2025-04-11,28,5632.53152379394,2025-03-15;2025-03-16;2025-03-17;2025-03-18;2025-03-19;2025-03-20;2025-03-21;2025-03-22;2025-03-23;2025-03-24;2025-03-25;2025-03-26;2025-03-27;2025-03-28;2025-03-29;2025-03-30;2025-03-31;2025-04-01;2025-04-02;2025-04-03;2025-04-04;2025-04-05;2025-04-06;2025-04-07;2025-04-08;2025-04-09;2025-04-10;2025-04-11,2025-03-29;2025-03-30;2025-03-31;2025-04-01;2025-04-02;2025-04-03;2025-04-04;2025-04-05;2025-04-06;2025-04-07;2025-04-08;2025-04-09;2025-04-10;2025-04-11,,2025-04-11,4543.00810368888,5921.993639603637,5743.00810368888,18.444414773675184,23.827727743104017,27.402559273108878,47.06762217621021,29521.479210046433,400.81273335717526,18072.472220503678,14879.07091707442,1427.3292428790787,16306.400159953499,14879.070917074418,14879.070902195344,28604.247724186473,1284.0803100068492,lexicographic,1.4879070902195345e-05,2.860424772418647e-05,False,0.1754533999992418,0.0,1,0
2025-04-13,False,calendar_trend,4,1.0,7,1.0,0,calibrated_quantile,2025-03-16;2025-03-17;2025-03-18;2025-03-19;2025-03-20;2025-03-21;2025-03-22;2025-03-23;2025-03-24;2025-03-25;2025-03-26;2025-03-27;2025-03-28;2025-03-29;2025-03-30;2025-03-31;2025-04-01;2025-04-02;2025-04-03;2025-04-04;2025-04-05;2025-04-06;2025-04-07;2025-04-08;2025-04-09;2025-04-10;2025-04-11;2025-04-12,28,5452.359434921729,2025-03-16;2025-03-17;2025-03-18;2025-03-19;2025-03-20;2025-03-21;2025-03-22;2025-03-23;2025-03-24;2025-03-25;2025-03-26;2025-03-27;2025-03-28;2025-03-29;2025-03-30;2025-03-31;2025-04-01;2025-04-02;2025-04-03;2025-04-04;2025-04-05;2025-04-06;2025-04-07;2025-04-08;2025-04-09;2025-04-10;2025-04-11;2025-04-12,2025-03-30;2025-03-31;2025-04-01;2025-04-02;2025-04-03;2025-04-04;2025-04-05;2025-04-06;2025-04-07;2025-04-08;2025-04-09;2025-04-10;2025-04-11;2025-04-12,,2025-04-12,4473.386416274525,5743.00810368888,5673.386416274525,20.20762072693682,24.470497367508603,18.162095613326912,34.27346838954061,62817.921608088225,490.3209726755806,5082.510830898395,37248.72976804486,2034.7400625336452,39283.469830578506,37248.72976804486,37248.72973079613,38282.55078825739,1434.1022958133935,lexicographic,3.724872973079613e-05,3.828255074997484e-05,False,0.1488024000027508,0.0,1,0
2025-04-14,False,calendar_trend,4,1.0,7,1.0,0,calibrated_quantile,2025-03-17;2025-03-18;2025-03-19;2025-03-20;2025-03-21;2025-03-22;2025-03-23;2025-03-24;2025-03-25;2025-03-26;2025-03-27;2025-03-28;2025-03-29;2025-03-30;2025-03-31;2025-04-01;2025-04-02;2025-04-03;2025-04-04;2025-04-05;2025-04-06;2025-04-07;2025-04-08;2025-04-09;2025-04-10;2025-04-11;2025-04-12;2025-04-13,28,5349.732338024275,2025-03-17;2025-03-18;2025-03-19;2025-03-20;2025-03-21;2025-03-22;2025-03-23;2025-03-24;2025-03-25;2025-03-26;2025-03-27;2025-03-28;2025-03-29;2025-03-30;2025-03-31;2025-04-01;2025-04-02;2025-04-03;2025-04-04;2025-04-05;2025-04-06;2025-04-07;2025-04-08;2025-04-09;2025-04-10;2025-04-11;2025-04-12;2025-04-13,2025-03-31;2025-04-01;2025-04-02;2025-04-03;2025-04-04;2025-04-05;2025-04-06;2025-04-07;2025-04-08;2025-04-09;2025-04-10;2025-04-11;2025-04-12;2025-04-13,,2025-04-13,4403.764728860169,5673.386416274525,5603.764728860169,19.96606178939511,25.203988890315106,18.01588837604356,32.42158776566645,62201.80069617225,536.12849091938,6299.842238007776,36928.23871644035,1774.6850424642726,38702.923758904624,36928.23871644035,36928.23867951212,37907.993985198,1428.9394632553137,lexicographic,3.6928238679512125e-05,3.7907993947290014e-05,False,0.15902779999669292,0.0,1,0
2025-04-15,False,calendar_trend,4,1.0,7,1.0,0,calibrated_quantile,2025-03-18;2025-03-19;2025-03-20;2025-03-21;2025-03-22;2025-03-23;2025-03-24;2025-03-25;2025-03-26;2025-03-27;2025-03-28;2025-03-29;2025-03-30;2025-03-31;2025-04-01;2025-04-02;2025-04-03;2025-04-04;2025-04-05;2025-04-06;2025-04-07;2025-04-08;2025-04-09;2025-04-10;2025-04-11;2025-04-12;2025-04-13;2025-04-14,28,5452.762551781512,2025-03-18;2025-03-19;2025-03-20;2025-03-21;2025-03-22;2025-03-23;2025-03-24;2025-03-25;2025-03-26;2025-03-27;2025-03-28;2025-03-29;2025-03-30;2025-03-31;2025-04-01;2025-04-02;2025-04-03;2025-04-04;2025-04-05;2025-04-06;2025-04-07;2025-04-08;2025-04-09;2025-04-10;2025-04-11;2025-04-12;2025-04-13;2025-04-14,2025-04-01;2025-04-02;2025-04-03;2025-04-04;2025-04-05;2025-04-06;2025-04-07;2025-04-08;2025-04-09;2025-04-10;2025-04-11;2025-04-12;2025-04-13;2025-04-14,,2025-04-14,4334.143041445814,5603.764728860169,5534.143041445814,19.237806613357428,23.53794968526873,32.84401933962555,59.7087763002563,62302.34205547924,331.85127081449815,8613.982567049798,37064.714614744735,1453.750464978311,38518.46507972304,37064.71461474473,37064.71457768001,37629.12801707393,1441.1345507271863,lexicographic,3.706471457768001e-05,3.7629127979444806e-05,False,0.13857970000026398,0.0,1,0
2025-04-16,False,calendar_trend,4,1.0,7,1.0,0,calibrated_quantile,2025-03-19;2025-03-20;2025-03-21;2025-03-22;2025-03-23;2025-03-24;2025-03-25;2025-03-26;2025-03-27;2025-03-28;2025-03-29;2025-03-30;2025-03-31;2025-04-01;2025-04-02;2025-04-03;2025-04-04;2025-04-05;2025-04-06;2025-04-07;2025-04-08;2025-04-09;2025-04-10;2025-04-11;2025-04-12;2025-04-13;2025-04-14;2025-04-15,28,5411.456860057204,2025-03-19;2025-03-20;2025-03-21;2025-03-22;2025-03-23;2025-03-24;2025-03-25;2025-03-26;2025-03-27;2025-03-28;2025-03-29;2025-03-30;2025-03-31;2025-04-01;2025-04-02;2025-04-03;2025-04-04;2025-04-05;2025-04-06;2025-04-07;2025-04-08;2025-04-09;2025-04-10;2025-04-11;2025-04-12;2025-04-13;2025-04-14;2025-04-15,2025-04-02;2025-04-03;2025-04-04;2025-04-05;2025-04-06;2025-04-07;2025-04-08;2025-04-09;2025-04-10;2025-04-11;2025-04-12;2025-04-13;2025-04-14;2025-04-15,,2025-04-15,4264.521354031458,5534.143041445814,5464.521354031458,18.441259610415948,22.74409192500074,27.1530139356158,52.160102467504956,61321.815614008374,1402.117259670751,3218.3415802994978,36581.368093108555,5281.59541517511,41862.96350828366,36581.36809310856,36581.368056527186,36154.620257173505,1446.9946977491732,lexicographic,3.6581368056527185e-05,3.615462022101889e-05,False,0.3538076999975601,0.0,1,0
2025-04-17,False,calendar_trend,4,1.0,7,1.0,0,calibrated_quantile,2025-03-20;2025-03-21;2025-03-22;2025-03-23;2025-03-24;2025-03-25;2025-03-26;2025-03-27;2025-03-28;2025-03-29;2025-03-30;2025-03-31;2025-04-01;2025-04-02;2025-04-03;2025-04-04;2025-04-05;2025-04-06;2025-04-07;2025-04-08;2025-04-09;2025-04-10;2025-04-11;2025-04-12;2025-04-13;2025-04-14;2025-04-15;2025-04-16,28,5649.199742027945,2025-03-20;2025-03-21;2025-03-22;2025-03-23;2025-03-24;2025-03-25;2025-03-26;2025-03-27;2025-03-28;2025-03-29;2025-03-30;2025-03-31;2025-04-01;2025-04-02;2025-04-03;2025-04-04;2025-04-05;2025-04-06;2025-04-07;2025-04-08;2025-04-09;2025-04-10;2025-04-11;2025-04-12;2025-04-13;2025-04-14;2025-04-15;2025-04-16,2025-04-03;2025-04-04;2025-04-05;2025-04-06;2025-04-07;2025-04-08;2025-04-09;2025-04-10;2025-04-11;2025-04-12;2025-04-13;2025-04-14;2025-04-15;2025-04-16,,2025-04-16,4473.386416274525,5464.521354031458,5673.386416274525,16.296016572016313,19.97074183071237,17.931063298344352,31.983702330391193,63049.66167361726,252.4852512361973,6346.801096962221,37378.210863061286,1109.1686145137398,38487.37947757503,37378.210863061286,37378.210825683076,36955.36412076642,1463.6896789590226,lexicographic,3.737821082568308e-05,3.695536408381106e-05,False,0.34510950000185403,0.0,1,0
2025-04-18,False,calendar_trend,4,1.0,7,1.0,0,calibrated_quantile,2025-03-21;2025-03-22;2025-03-23;2025-03-24;2025-03-25;2025-03-26;2025-03-27;2025-03-28;2025-03-29;2025-03-30;2025-03-31;2025-04-01;2025-04-02;2025-04-03;2025-04-04;2025-04-05;2025-04-06;2025-04-07;2025-04-08;2025-04-09;2025-04-10;2025-04-11;2025-04-12;2025-04-13;2025-04-14;2025-04-15;2025-04-16;2025-04-17,28,5595.866697107755,2025-03-21;2025-03-22;2025-03-23;2025-03-24;2025-03-25;2025-03-26;2025-03-27;2025-03-28;2025-03-29;2025-03-30;2025-03-31;2025-04-01;2025-04-02;2025-04-03;2025-04-04;2025-04-05;2025-04-06;2025-04-07;2025-04-08;2025-04-09;2025-04-10;2025-04-11;2025-04-12;2025-04-13;2025-04-14;2025-04-15;2025-04-16;2025-04-17,2025-04-04;2025-04-05;2025-04-06;2025-04-07;2025-04-08;2025-04-09;2025-04-10;2025-04-11;2025-04-12;2025-04-13;2025-04-14;2025-04-15;2025-04-16;2025-04-17,,2025-04-17,4403.764728860169,5673.386416274525,5603.764728860169,17.156834062400875,21.48835153769531,19.226333956915308,38.04453446043131,28476.138362568978,211.51083712202575,19439.841203382333,14256.322760370218,630.2035745909648,14886.526334961183,14256.322760370218,14256.322746113901,28225.78636226948,1272.7193692135947,lexicographic,1.4256322746113903e-05,2.8225786362269485e-05,False,0.18817350000244915,1.2759176654033668e-16,1,0
2025-04-19,False,calendar_trend,4,1.0,7,1.0,0,calibrated_quantile,2025-03-22;2025-03-23;2025-03-24;2025-03-25;2025-03-26;2025-03-27;2025-03-28;2025-03-29;2025-03-30;2025-03-31;2025-04-01;2025-04-02;2025-04-03;2025-04-04;2025-04-05;2025-04-06;2025-04-07;2025-04-08;2025-04-09;2025-04-10;2025-04-11;2025-04-12;2025-04-13;2025-04-14;2025-04-15;2025-04-16;2025-04-17;2025-04-18,28,5605.40492710145,2025-03-22;2025-03-23;2025-03-24;2025-03-25;2025-03-26;2025-03-27;2025-03-28;2025-03-29;2025-03-30;2025-03-31;2025-04-01;2025-04-02;2025-04-03;2025-04-04;2025-04-05;2025-04-06;2025-04-07;2025-04-08;2025-04-09;2025-04-10;2025-04-11;2025-04-12;2025-04-13;2025-04-14;2025-04-15;2025-04-16;2025-04-17;2025-04-18,2025-04-05;2025-04-06;2025-04-07;2025-04-08;2025-04-09;2025-04-10;2025-04-11;2025-04-12;2025-04-13;2025-04-14;2025-04-15;2025-04-16;2025-04-17;2025-04-18,,2025-04-18,4334.143041445814,5603.764728860169,5534.143041445814,18.882955131075633,23.710772032944302,20.715796836625387,37.65755647917733,28236.10675767821,251.79673424503645,18824.231345296375,14069.706907154714,718.5863850532144,14788.293292207929,14069.706907154712,14069.70689308501,28085.769369686757,1253.7970557301578,lexicographic,1.406970689308501e-05,2.8085769341600988e-05,False,0.1361280999990413,0.0,1,0
2025-04-20,False,calendar_trend,4,1.0,7,1.0,0,calibrated_quantile,2025-03-23;2025-03-24;2025-03-25;2025-03-26;2025-03-27;2025-03-28;2025-03-29;2025-03-30;2025-03-31;2025-04-01;2025-04-02;2025-04-03;2025-04-04;2025-04-05;2025-04-06;2025-04-07;2025-04-08;2025-04-09;2025-04-10;2025-04-11;2025-04-12;2025-04-13;2025-04-14;2025-04-15;2025-04-16;2025-04-17;2025-04-18;2025-04-19,28,5634.2161736801945,2025-03-23;2025-03-24;2025-03-25;2025-03-26;2025-03-27;2025-03-28;2025-03-29;2025-03-30;2025-03-31;2025-04-01;2025-04-02;2025-04-03;2025-04-04;2025-04-05;2025-04-06;2025-04-07;2025-04-08;2025-04-09;2025-04-10;2025-04-11;2025-04-12;2025-04-13;2025-04-14;2025-04-15;2025-04-16;2025-04-17;2025-04-18;2025-04-19,2025-04-06;2025-04-07;2025-04-08;2025-04-09;2025-04-10;2025-04-11;2025-04-12;2025-04-13;2025-04-14;2025-04-15;2025-04-16;2025-04-17;2025-04-18;2025-04-19,,2025-04-19,4264.521354031458,5534.143041445814,5464.521354031458,16.184187009416164,21.245722689328545,23.885880772184688,43.146140372033244,61111.80849057608,683.0668943379962,6035.359416866386,36098.37620209344,3032.683643859579,39131.059845953016,36098.37620209344,36098.37616599506,36876.44579304652,1438.8555903594286,lexicographic,3.609837616599507e-05,3.687644575617008e-05,False,0.2801990999978443,0.0,1,0
2025-04-21,False,calendar_trend,4,1.0,7,1.0,0,calibrated_quantile,2025-03-24;2025-03-25;2025-03-26;2025-03-27;2025-03-28;2025-03-29;2025-03-30;2025-03-31;2025-04-01;2025-04-02;2025-04-03;2025-04-04;2025-04-05;2025-04-06;2025-04-07;2025-04-08;2025-04-09;2025-04-10;2025-04-11;2025-04-12;2025-04-13;2025-04-14;2025-04-15;2025-04-16;2025-04-17;2025-04-18;2025-04-19;2025-04-20,28,5572.541953904913,2025-03-24;2025-03-25;2025-03-26;2025-03-27;2025-03-28;2025-03-29;2025-03-30;2025-03-31;2025-04-01;2025-04-02;2025-04-03;2025-04-04;2025-04-05;2025-04-06;2025-04-07;2025-04-08;2025-04-09;2025-04-10;2025-04-11;2025-04-12;2025-04-13;2025-04-14;2025-04-15;2025-04-16;2025-04-17;2025-04-18;2025-04-19;2025-04-20,2025-04-07;2025-04-08;2025-04-09;2025-04-10;2025-04-11;2025-04-12;2025-04-13;2025-04-14;2025-04-15;2025-04-16;2025-04-17;2025-04-18;2025-04-19;2025-04-20,,2025-04-20,4182.659217857298,5464.521354031458,5382.659217857298,21.32527108137806,26.67517330099658,32.42522081984866,57.77010802328466,61018.61125572826,432.7593856385362,9113.821743604269,35946.76680340765,1552.3774400813772,37499.14424348903,35946.76680340765,35946.76676746089,37172.145032791166,1433.7362160305256,lexicographic,3.594676676746089e-05,3.717214499561902e-05,False,0.2866953000011563,0.0,1,0
2025-04-22,False,calendar_trend,4,1.0,7,1.0,0,calibrated_quantile,2025-03-25;2025-03-26;2025-03-27;2025-03-28;2025-03-29;2025-03-30;2025-03-31;2025-04-01;2025-04-02;2025-04-03;2025-04-04;2025-04-05;2025-04-06;2025-04-07;2025-04-08;2025-04-09;2025-04-10;2025-04-11;2025-04-12;2025-04-13;2025-04-14;2025-04-15;2025-04-16;2025-04-17;2025-04-18;2025-04-19;2025-04-20;2025-04-21,28,5577.423674629815,2025-03-25;2025-03-26;2025-03-27;2025-03-28;2025-03-29;2025-03-30;2025-03-31;2025-04-01;2025-04-02;2025-04-03;2025-04-04;2025-04-05;2025-04-06;2025-04-07;2025-04-08;2025-04-09;2025-04-10;2025-04-11;2025-04-12;2025-04-13;2025-04-14;2025-04-15;2025-04-16;2025-04-17;2025-04-18;2025-04-19;2025-04-20;2025-04-21,2025-04-08;2025-04-09;2025-04-10;2025-04-11;2025-04-12;2025-04-13;2025-04-14;2025-04-15;2025-04-16;2025-04-17;2025-04-18;2025-04-19;2025-04-20;2025-04-21,,2025-04-21,4100.7970816831385,5382.659217857298,5300.7970816831385,19.363051760953233,23.423249104039687,24.68255085977833,41.672464217468395,60231.81821566455,807.9520146752524,5142.905937383942,35727.78037883826,2771.070190597013,38498.85056943527,35727.78037883826,35727.780343110426,36441.44290629924,1447.4189584063151,lexicographic,3.572778034311043e-05,3.6441442869857844e-05,False,0.32704150000063237,0.0,1,0
2025-04-23,False,calendar_trend,4,1.0,7,1.0,0,calibrated_quantile,2025-03-26;2025-03-27;2025-03-28;2025-03-29;2025-03-30;2025-03-31;2025-04-01;2025-04-02;2025-04-03;2025-04-04;2025-04-05;2025-04-06;2025-04-07;2025-04-08;2025-04-09;2025-04-10;2025-04-11;2025-04-12;2025-04-13;2025-04-14;2025-04-15;2025-04-16;2025-04-17;2025-04-18;2025-04-19;2025-04-20;2025-04-21;2025-04-22,28,5440.551274689802,2025-03-26;2025-03-27;2025-03-28;2025-03-29;2025-03-30;2025-03-31;2025-04-01;2025-04-02;2025-04-03;2025-04-04;2025-04-05;2025-04-06;2025-04-07;2025-04-08;2025-04-09;2025-04-10;2025-04-11;2025-04-12;2025-04-13;2025-04-14;2025-04-15;2025-04-16;2025-04-17;2025-04-18;2025-04-19;2025-04-20;2025-04-21;2025-04-22,2025-04-09;2025-04-10;2025-04-11;2025-04-12;2025-04-13;2025-04-14;2025-04-15;2025-04-16;2025-04-17;2025-04-18;2025-04-19;2025-04-20;2025-04-21;2025-04-22,,2025-04-22,4018.934945508978,5300.7970816831385,5218.934945508978,18.99224232241069,23.787930664709158,22.624405435017703,40.80866157868044,60129.14028552959,386.0223674304201,5378.748916768848,35545.65270866263,1339.6263588601992,36885.27906752283,35545.65270866263,35545.65267311698,36370.58658133073,1443.3740219228869,lexicographic,3.554565267311698e-05,3.637058654496014e-05,False,0.31932420000157435,0.0,1,0
2025-04-24,False,calendar_trend,4,1.0,7,1.0,0,calibrated_quantile,2025-03-27;2025-03-28;2025-03-29;2025-03-30;2025-03-31;2025-04-01;2025-04-02;2025-04-03;2025-04-04;2025-04-05;2025-04-06;2025-04-07;2025-04-08;2025-04-09;2025-04-10;2025-04-11;2025-04-12;2025-04-13;2025-04-14;2025-04-15;2025-04-16;2025-04-17;2025-04-18;2025-04-19;2025-04-20;2025-04-21;2025-04-22;2025-04-23,28,5590.530016446273,2025-03-27;2025-03-28;2025-03-29;2025-03-30;2025-03-31;2025-04-01;2025-04-02;2025-04-03;2025-04-04;2025-04-05;2025-04-06;2025-04-07;2025-04-08;2025-04-09;2025-04-10;2025-04-11;2025-04-12;2025-04-13;2025-04-14;2025-04-15;2025-04-16;2025-04-17;2025-04-18;2025-04-19;2025-04-20;2025-04-21;2025-04-22;2025-04-23,2025-04-10;2025-04-11;2025-04-12;2025-04-13;2025-04-14;2025-04-15;2025-04-16;2025-04-17;2025-04-18;2025-04-19;2025-04-20;2025-04-21;2025-04-22;2025-04-23,,2025-04-23,3937.0728093348184,5218.934945508978,5137.072809334819,16.90147603858899,21.21793556812541,30.112661769967993,58.11994723977387,60587.49812082041,254.5138611754195,9981.166414715997,35718.14636548121,1329.7096504509873,37047.8560159322,35718.14636548121,35718.14632976307,36696.785236263175,1458.272382133197,lexicographic,3.571814632976307e-05,3.66967851995664e-05,False,0.19151419999980135,0.0,1,0
2025-04-25,False,calendar_trend,4,1.0,7,1.0,0,calibrated_quantile,2025-03-28;2025-03-29;2025-03-30;2025-03-31;2025-04-01;2025-04-02;2025-04-03;2025-04-04;2025-04-05;2025-04-06;2025-04-07;2025-04-08;2025-04-09;2025-04-10;2025-04-11;2025-04-12;2025-04-13;2025-04-14;2025-04-15;2025-04-16;2025-04-17;2025-04-18;2025-04-19;2025-04-20;2025-04-21;2025-04-22;2025-04-23;2025-04-24,28,5430.189860433527,2025-03-28;2025-03-29;2025-03-30;2025-03-31;2025-04-01;2025-04-02;2025-04-03;2025-04-04;2025-04-05;2025-04-06;2025-04-07;2025-04-08;2025-04-09;2025-04-10;2025-04-11;2025-04-12;2025-04-13;2025-04-14;2025-04-15;2025-04-16;2025-04-17;2025-04-18;2025-04-19;2025-04-20;2025-04-21;2025-04-22;2025-04-23;2025-04-24,2025-04-11;2025-04-12;2025-04-13;2025-04-14;2025-04-15;2025-04-16;2025-04-17;2025-04-18;2025-04-19;2025-04-20;2025-04-21;2025-04-22;2025-04-23;2025-04-24,,2025-04-24,3928.9181940902713,5137.072809334819,5128.918194090271,19.39981781119772,23.651808392351686,22.588948153358917,42.37305210730519,27428.89446941261,161.86536289159204,22741.636383938574,13444.544667133714,680.3763483258678,14124.921015459582,13444.544667133712,13444.544653689174,27215.496855168305,1243.3279454117455,lexicographic,1.3444544653689175e-05,2.7215496855168305e-05,False,0.184348200000386,0.0,1,0
2025-04-26,False,calendar_trend,4,1.0,7,1.0,0,calibrated_quantile,2025-03-29;2025-03-30;2025-03-31;2025-04-01;2025-04-02;2025-04-03;2025-04-04;2025-04-05;2025-04-06;2025-04-07;2025-04-08;2025-04-09;2025-04-10;2025-04-11;2025-04-12;2025-04-13;2025-04-14;2025-04-15;2025-04-16;2025-04-17;2025-04-18;2025-04-19;2025-04-20;2025-04-21;2025-04-22;2025-04-23;2025-04-24;2025-04-25,28,5401.821524671188,2025-03-29;2025-03-30;2025-03-31;2025-04-01;2025-04-02;2025-04-03;2025-04-04;2025-04-05;2025-04-06;2025-04-07;2025-04-08;2025-04-09;2025-04-10;2025-04-11;2025-04-12;2025-04-13;2025-04-14;2025-04-15;2025-04-16;2025-04-17;2025-04-18;2025-04-19;2025-04-20;2025-04-21;2025-04-22;2025-04-23;2025-04-24;2025-04-25,2025-04-12;2025-04-13;2025-04-14;2025-04-15;2025-04-16;2025-04-17;2025-04-18;2025-04-19;2025-04-20;2025-04-21;2025-04-22;2025-04-23;2025-04-24;2025-04-25,,2025-04-25,3920.763578845724,5128.918194090271,5120.763578845725,19.454341382045644,24.16005903352967,45.38859394822579,81.82448683972343,27346.284402947596,531.2241108712773,24960.270612004868,13422.08660386744,2098.2975059666187,15520.384109834058,13422.086603867438,13422.086590445351,27199.097017843163,1252.9709587083596,lexicographic,1.3422086590445353e-05,2.7199097017843163e-05,False,0.160675999999512,0.0,1,0
2025-04-27,False,calendar_trend,4,1.0,7,1.0,0,calibrated_quantile,2025-03-30;2025-03-31;2025-04-01;2025-04-02;2025-04-03;2025-04-04;2025-04-05;2025-04-06;2025-04-07;2025-04-08;2025-04-09;2025-04-10;2025-04-11;2025-04-12;2025-04-13;2025-04-14;2025-04-15;2025-04-16;2025-04-17;2025-04-18;2025-04-19;2025-04-20;2025-04-21;2025-04-22;2025-04-23;2025-04-24;2025-04-25;2025-04-26,28,5520.421865567425,2025-03-30;2025-03-31;2025-04-01;2025-04-02;2025-04-03;2025-04-04;2025-04-05;2025-04-06;2025-04-07;2025-04-08;2025-04-09;2025-04-10;2025-04-11;2025-04-12;2025-04-13;2025-04-14;2025-04-15;2025-04-16;2025-04-17;2025-04-18;2025-04-19;2025-04-20;2025-04-21;2025-04-22;2025-04-23;2025-04-24;2025-04-25;2025-04-26,2025-04-13;2025-04-14;2025-04-15;2025-04-16;2025-04-17;2025-04-18;2025-04-19;2025-04-20;2025-04-21;2025-04-22;2025-04-23;2025-04-24;2025-04-25;2025-04-26,,2025-04-26,3912.6089636011775,5120.763578845725,5112.6089636011775,21.222224713639,26.959458513730095,24.31818027894309,42.12692432691019,56594.56579744341,1279.284689343553,5548.209213777154,33487.81877488516,5433.122359423547,38920.94113430871,33487.81877488516,33487.818741397336,35821.61141976117,1464.0482641789656,lexicographic,3.348781874139734e-05,3.582161138393955e-05,False,0.25589190000027884,0.0,1,0
2025-04-28,False,calendar_trend,4,1.0,7,1.0,0,calibrated_quantile,2025-03-31;2025-04-01;2025-04-02;2025-04-03;2025-04-04;2025-04-05;2025-04-06;2025-04-07;2025-04-08;2025-04-09;2025-04-10;2025-04-11;2025-04-12;2025-04-13;2025-04-14;2025-04-15;2025-04-16;2025-04-17;2025-04-18;2025-04-19;2025-04-20;2025-04-21;2025-04-22;2025-04-23;2025-04-24;2025-04-25;2025-04-26;2025-04-27,28,5664.4401500987115,2025-03-31;2025-04-01;2025-04-02;2025-04-03;2025-04-04;2025-04-05;2025-04-06;2025-04-07;2025-04-08;2025-04-09;2025-04-10;2025-04-11;2025-04-12;2025-04-13;2025-04-14;2025-04-15;2025-04-16;2025-04-17;2025-04-18;2025-04-19;2025-04-20;2025-04-21;2025-04-22;2025-04-23;2025-04-24;2025-04-25;2025-04-26;2025-04-27,2025-04-14;2025-04-15;2025-04-16;2025-04-17;2025-04-18;2025-04-19;2025-04-20;2025-04-21;2025-04-22;2025-04-23;2025-04-24;2025-04-25;2025-04-26;2025-04-27,,2025-04-27,3904.4543483566304,5112.6089636011775,5104.45434835663,18.972641532826337,23.512904702144905,63.16439201503681,113.40320114691397,57258.299999944946,5653.979827192331,2495.571056136632,34056.47793729826,20974.925420344603,55031.40335764286,34056.47793729826,34056.47790324178,36227.159683077356,1470.7813081768113,lexicographic,3.405647790324178e-05,3.62271596468502e-05,False,0.2764601999988372,0.0,1,0
2025-04-29,False,calendar_trend,4,1.0,7,1.0,0,calibrated_quantile,2025-04-01;2025-04-02;2025-04-03;2025-04-04;2025-04-05;2025-04-06;2025-04-07;2025-04-08;2025-04-09;2025-04-10;2025-04-11;2025-04-12;2025-04-13;2025-04-14;2025-04-15;2025-04-16;2025-04-17;2025-04-18;2025-04-19;2025-04-20;2025-04-21;2025-04-22;2025-04-23;2025-04-24;2025-04-25;2025-04-26;2025-04-27;2025-04-28,28,6117.965890163203,2025-04-01;2025-04-02;2025-04-03;2025-04-04;2025-04-05;2025-04-06;2025-04-07;2025-04-08;2025-04-09;2025-04-10;2025-04-11;2025-04-12;2025-04-13;2025-04-14;2025-04-15;2025-04-16;2025-04-17;2025-04-18;2025-04-19;2025-04-20;2025-04-21;2025-04-22;2025-04-23;2025-04-24;2025-04-25;2025-04-26;2025-04-27;2025-04-28,2025-04-15;2025-04-16;2025-04-17;2025-04-18;2025-04-19;2025-04-20;2025-04-21;2025-04-22;2025-04-23;2025-04-24;2025-04-25;2025-04-26;2025-04-27;2025-04-28,,2025-04-28,3928.9181940902713,5104.45434835663,5128.918194090271,16.63713821151829,20.836032756781023,31.719635751613005,53.2339105497971,59298.99454002119,551.6335395117246,8697.113029253056,35239.0944580085,2189.108018002546,37428.20247601104,35239.094458008505,35239.09442276942,35209.00258694371,1458.083015391337,lexicographic,3.523909442276942e-05,3.520900255173472e-05,False,0.24625239999659243,0.0,1,0
2025-04-30,False,calendar_trend,4,1.0,7,1.0,0,calibrated_quantile,2025-04-02;2025-04-03;2025-04-04;2025-04-05;2025-04-06;2025-04-07;2025-04-08;2025-04-09;2025-04-10;2025-04-11;2025-04-12;2025-04-13;2025-04-14;2025-04-15;2025-04-16;2025-04-17;2025-04-18;2025-04-19;2025-04-20;2025-04-21;2025-04-22;2025-04-23;2025-04-24;2025-04-25;2025-04-26;2025-04-27;2025-04-28;2025-04-29,28,5782.882130862847,2025-04-02;2025-04-03;2025-04-04;2025-04-05;2025-04-06;2025-04-07;2025-04-08;2025-04-09;2025-04-10;2025-04-11;2025-04-12;2025-04-13;2025-04-14;2025-04-15;2025-04-16;2025-04-17;2025-04-18;2025-04-19;2025-04-20;2025-04-21;2025-04-22;2025-04-23;2025-04-24;2025-04-25;2025-04-26;2025-04-27;2025-04-28;2025-04-29,2025-04-16;2025-04-17;2025-04-18;2025-04-19;2025-04-20;2025-04-21;2025-04-22;2025-04-23;2025-04-24;2025-04-25;2025-04-26;2025-04-27;2025-04-28;2025-04-29,,2025-04-29,3920.763578845724,5128.918194090271,5120.763578845725,19.79552687081828,24.323773303337088,36.66674771984765,60.91487235983605,58370.95724380606,1298.2983485103055,7683.407881327723,34764.691438159105,4531.7382947818705,39296.429732940975,34764.691438159105,34764.691403394405,35600.8217894542,1460.8480022342958,lexicographic,3.4764691403394404e-05,3.560082175385339e-05,False,0.18233739999777754,0.0,1,0
2025-05-01,False,calendar_trend,4,1.0,7,1.0,0,calibrated_quantile,2025-04-03;2025-04-04;2025-04-05;2025-04-06;2025-04-07;2025-04-08;2025-04-09;2025-04-10;2025-04-11;2025-04-12;2025-04-13;2025-04-14;2025-04-15;2025-04-16;2025-04-17;2025-04-18;2025-04-19;2025-04-20;2025-04-21;2025-04-22;2025-04-23;2025-04-24;2025-04-25;2025-04-26;2025-04-27;2025-04-28;2025-04-29;2025-04-30,28,5528.948421196001,2025-04-03;2025-04-04;2025-04-05;2025-04-06;2025-04-07;2025-04-08;2025-04-09;2025-04-10;2025-04-11;2025-04-12;2025-04-13;2025-04-14;2025-04-15;2025-04-16;2025-04-17;2025-04-18;2025-04-19;2025-04-20;2025-04-21;2025-04-22;2025-04-23;2025-04-24;2025-04-25;2025-04-26;2025-04-27;2025-04-28;2025-04-29;2025-04-30,2025-04-17;2025-04-18;2025-04-19;2025-04-20;2025-04-21;2025-04-22;2025-04-23;2025-04-24;2025-04-25;2025-04-26;2025-04-27;2025-04-28;2025-04-29;2025-04-30,,2025-04-30,3912.6089636011775,5120.763578845725,5112.6089636011775,34.97624236280891,46.86796062701144,25.13285605223588,42.61576644318834,57737.61669752226,2801.665882026458,5839.613390895542,34439.05159765654,13159.461048664765,47598.5126463213,34439.051597656544,34439.05156321748,35213.07321527606,1463.2058212172242,lexicographic,3.443905156321748e-05,3.5213073180062985e-05,False,0.2205093999982637,0.0,1,0
2025-05-02,False,calendar_trend,4,1.0,7,1.0,0,calibrated_quantile,2025-04-04;2025-04-05;2025-04-06;2025-04-07;2025-04-08;2025-04-09;2025-04-10;2025-04-11;2025-04-12;2025-04-13;2025-04-14;2025-04-15;2025-04-16;2025-04-17;2025-04-18;2025-04-19;2025-04-20;2025-04-21;2025-04-22;2025-04-23;2025-04-24;2025-04-25;2025-04-26;2025-04-27;2025-04-28;2025-04-29;2025-04-30;2025-05-01,28,5719.276211201816,2025-04-04;2025-04-05;2025-04-06;2025-04-07;2025-04-08;2025-04-09;2025-04-10;2025-04-11;2025-04-12;2025-04-13;2025-04-14;2025-04-15;2025-04-16;2025-04-17;2025-04-18;2025-04-19;2025-04-20;2025-04-21;2025-04-22;2025-04-23;2025-04-24;2025-04-25;2025-04-26;2025-04-27;2025-04-28;2025-04-29;2025-04-30;2025-05-01,2025-04-18;2025-04-19;2025-04-20;2025-04-21;2025-04-22;2025-04-23;2025-04-24;2025-04-25;2025-04-26;2025-04-27;2025-04-28;2025-04-29;2025-04-30;2025-05-01,,2025-05-01,3937.0728093348184,5112.6089636011775,5137.072809334819,28.141391205595465,36.37852090142164,60.410933142462824,96.16606306054521,27834.304505542532,3947.4104567072814,14611.550935785517,13942.14620545978,17123.101250101783,31065.247455561563,13942.146205459781,13942.146191517631,27202.54007761308,1271.174053492948,lexicographic,1.3942146191517633e-05,2.7202540077613082e-05,False,0.23884479999833275,0.0,1,0
2025-05-03,False,calendar_trend,4,1.0,7,1.0,0,calibrated_quantile,2025-04-05;2025-04-06;2025-04-07;2025-04-08;2025-04-09;2025-04-10;2025-04-11;2025-04-12;2025-04-13;2025-04-14;2025-04-15;2025-04-16;2025-04-17;2025-04-18;2025-04-19;2025-04-20;2025-04-21;2025-04-22;2025-04-23;2025-04-24;2025-04-25;2025-04-26;2025-04-27;2025-04-28;2025-04-29;2025-04-30;2025-05-01;2025-05-02,28,6622.913345625867,2025-04-05;2025-04-06;2025-04-07;2025-04-08;2025-04-09;2025-04-10;2025-04-11;2025-04-12;2025-04-13;2025-04-14;2025-04-15;2025-04-16;2025-04-17;2025-04-18;2025-04-19;2025-04-20;2025-04-21;2025-04-22;2025-04-23;2025-04-24;2025-04-25;2025-04-26;2025-04-27;2025-04-28;2025-04-29;2025-04-30;2025-05-01;2025-05-02,2025-04-19;2025-04-20;2025-04-21;2025-04-22;2025-04-23;2025-04-24;2025-04-25;2025-04-26;2025-04-27;2025-04-28;2025-04-29;2025-04-30;2025-05-01;2025-05-02,,2025-05-02,4182.659217857298,5137.072809334819,5382.659217857298,25.405817762658135,34.12864439765468,18.944284999202846,33.49136702978204,29226.049954050544,949.6779387649265,18177.855973597587,14964.327514366585,4889.363726388934,19853.69124075552,14964.327514366585,14964.327499402258,27497.43132602056,1285.2276976285798,lexicographic,1.496432749940226e-05,2.749743132602056e-05,False,0.1995435000026191,0.0,1,0
2025-05-04,False,calendar_trend,4,1.0,7,1.0,0,calibrated_quantile,2025-04-06;2025-04-07;2025-04-08;2025-04-09;2025-04-10;2025-04-11;2025-04-12;2025-04-13;2025-04-14;2025-04-15;2025-04-16;2025-04-17;2025-04-18;2025-04-19;2025-04-20;2025-04-21;2025-04-22;2025-04-23;2025-04-24;2025-04-25;2025-04-26;2025-04-27;2025-04-28;2025-04-29;2025-04-30;2025-05-01;2025-05-02;2025-05-03,28,6555.915761064386,2025-04-06;2025-04-07;2025-04-08;2025-04-09;2025-04-10;2025-04-11;2025-04-12;2025-04-13;2025-04-14;2025-04-15;2025-04-16;2025-04-17;2025-04-18;2025-04-19;2025-04-20;2025-04-21;2025-04-22;2025-04-23;2025-04-24;2025-04-25;2025-04-26;2025-04-27;2025-04-28;2025-04-29;2025-04-30;2025-05-01;2025-05-02;2025-05-03,2025-04-20;2025-04-21;2025-04-22;2025-04-23;2025-04-24;2025-04-25;2025-04-26;2025-04-27;2025-04-28;2025-04-29;2025-04-30;2025-05-01;2025-05-02;2025-05-03,,2025-05-03,4265.895138833866,5382.659217857298,5465.895138833866,25.811560528971327,31.4693643568667,31.505827627686912,50.105460194367865,63350.781956436156,621.7718352586157,8420.563738789515,38623.64858065591,2101.4105950453904,40725.059175701295,38623.64858065591,38623.648542032235,35576.47086667034,1467.8292729066634,lexicographic,3.862364854203224e-05,3.5576470831093866e-05,False,0.20493789999818546,0.0,1,0
2025-05-05,False,calendar_trend,4,1.0,7,1.0,0,calibrated_quantile,2025-04-07;2025-04-08;2025-04-09;2025-04-10;2025-04-11;2025-04-12;2025-04-13;2025-04-14;2025-04-15;2025-04-16;2025-04-17;2025-04-18;2025-04-19;2025-04-20;2025-04-21;2025-04-22;2025-04-23;2025-04-24;2025-04-25;2025-04-26;2025-04-27;2025-04-28;2025-04-29;2025-04-30;2025-05-01;2025-05-02;2025-05-03;2025-05-04,28,6665.211344370287,2025-04-07;2025-04-08;2025-04-09;2025-04-10;2025-04-11;2025-04-12;2025-04-13;2025-04-14;2025-04-15;2025-04-16;2025-04-17;2025-04-18;2025-04-19;2025-04-20;2025-04-21;2025-04-22;2025-04-23;2025-04-24;2025-04-25;2025-04-26;2025-04-27;2025-04-28;2025-04-29;2025-04-30;2025-05-01;2025-05-02;2025-05-03;2025-05-04,2025-04-21;2025-04-22;2025-04-23;2025-04-24;2025-04-25;2025-04-26;2025-04-27;2025-04-28;2025-04-29;2025-04-30;2025-05-01;2025-05-02;2025-05-03;2025-05-04,,2025-05-04,4265.208246432662,5465.895138833866,5465.208246432662,23.346004123773533,29.61717310705466,33.56792051677462,54.42257510695648,64709.944944516974,1285.4725922109565,7254.494047540749,39555.1700942148,5465.749431451692,45020.9195256665,39555.1700942148,39555.17005465964,34919.66112500511,1487.6816189848269,lexicographic,3.955517005465964e-05,3.491966109008544e-05,False,0.3455197999974189,0.0,1,0
2025-05-06,False,calendar_trend,4,1.0,7,1.0,0,calibrated_quantile,2025-04-08;2025-04-09;2025-04-10;2025-04-11;2025-04-12;2025-04-13;2025-04-14;2025-04-15;2025-04-16;2025-04-17;2025-04-18;2025-04-19;2025-04-20;2025-04-21;2025-04-22;2025-04-23;2025-04-24;2025-04-25;2025-04-26;2025-04-27;2025-04-28;2025-04-29;2025-04-30;2025-05-01;2025-05-02;2025-05-03;2025-05-04;2025-05-05,28,6848.099270786089,2025-04-08;2025-04-09;2025-04-10;2025-04-11;2025-04-12;2025-04-13;2025-04-14;2025-04-15;2025-04-16;2025-04-17;2025-04-18;2025-04-19;2025-04-20;2025-04-21;2025-04-22;2025-04-23;2025-04-24;2025-04-25;2025-04-26;2025-04-27;2025-04-28;2025-04-29;2025-04-30;2025-05-01;2025-05-02;2025-05-03;2025-05-04;2025-05-05,2025-04-22;2025-04-23;2025-04-24;2025-04-25;2025-04-26;2025-04-27;2025-04-28;2025-04-29;2025-04-30;2025-05-01;2025-05-02;2025-05-03;2025-05-04;2025-05-05,,2025-05-05,4264.521354031458,5465.208246432662,5464.521354031458,24.107518250992467,30.309876547681277,34.846962850465474,61.631520190039154,65276.7237187922,907.5109115059872,9549.56273564657,40087.926329951384,3527.935519920082,43615.861849871464,40087.926329951384,40087.92628986345,35869.176063026025,1483.4198040801969,lexicographic,4.008792628986345e-05,3.586917602715686e-05,False,0.3444993000011891,0.0,1,0
2025-05-07,False,calendar_trend,4,1.0,7,1.0,0,calibrated_quantile,2025-04-09;2025-04-10;2025-04-11;2025-04-12;2025-04-13;2025-04-14;2025-04-15;2025-04-16;2025-04-17;2025-04-18;2025-04-19;2025-04-20;2025-04-21;2025-04-22;2025-04-23;2025-04-24;2025-04-25;2025-04-26;2025-04-27;2025-04-28;2025-04-29;2025-04-30;2025-05-01;2025-05-02;2025-05-03;2025-05-04;2025-05-05;2025-05-06,28,6942.2569727103855,2025-04-09;2025-04-10;2025-04-11;2025-04-12;2025-04-13;2025-04-14;2025-04-15;2025-04-16;2025-04-17;2025-04-18;2025-04-19;2025-04-20;2025-04-21;2025-04-22;2025-04-23;2025-04-24;2025-04-25;2025-04-26;2025-04-27;2025-04-28;2025-04-29;2025-04-30;2025-05-01;2025-05-02;2025-05-03;2025-05-04;2025-05-05;2025-05-06,2025-04-23;2025-04-24;2025-04-25;2025-04-26;2025-04-27;2025-04-28;2025-04-29;2025-04-30;2025-05-01;2025-05-02;2025-05-03;2025-05-04;2025-05-05;2025-05-06,,2025-05-06,4220.745464104703,5464.521354031458,5420.745464104703,21.629095568549015,27.215427872905767,16.46242491893746,30.85248452598107,66234.61764705509,225.03248983404026,7587.997602122531,40527.31318016035,893.9391357885659,41421.25231594892,40527.31318016035,40527.31313963304,36650.98168576685,1507.3355762880667,lexicographic,4.0527313139633046e-05,3.6650981649115866e-05,False,0.30016260000047623,0.0,1,0
2025-05-08,False,calendar_trend,4,1.0,7,1.0,0,calibrated_quantile,2025-04-10;2025-04-11;2025-04-12;2025-04-13;2025-04-14;2025-04-15;2025-04-16;2025-04-17;2025-04-18;2025-04-19;2025-04-20;2025-04-21;2025-04-22;2025-04-23;2025-04-24;2025-04-25;2025-04-26;2025-04-27;2025-04-28;2025-04-29;2025-04-30;2025-05-01;2025-05-02;2025-05-03;2025-05-04;2025-05-05;2025-05-06;2025-05-07,28,6667.896740827007,2025-04-10;2025-04-11;2025-04-12;2025-04-13;2025-04-14;2025-04-15;2025-04-16;2025-04-17;2025-04-18;2025-04-19;2025-04-20;2025-04-21;2025-04-22;2025-04-23;2025-04-24;2025-04-25;2025-04-26;2025-04-27;2025-04-28;2025-04-29;2025-04-30;2025-05-01;2025-05-02;2025-05-03;2025-05-04;2025-05-05;2025-05-06;2025-05-07,2025-04-24;2025-04-25;2025-04-26;2025-04-27;2025-04-28;2025-04-29;2025-04-30;2025-05-01;2025-05-02;2025-05-03;2025-05-04;2025-05-05;2025-05-06;2025-05-07,,2025-05-07,4176.969574177948,5420.745464104703,5376.969574177948,27.741619085513616,38.07760532885485,27.097640822204408,46.539747717164914,67254.27078315063,730.1343315310376,8251.718482921437,41688.163540477755,2678.0472864254925,44366.21082690325,41688.163540477755,41688.16349878958,37626.16821765354,1517.469329897183,lexicographic,4.1688163498789585e-05,3.7626168180027374e-05,False,0.2961135000005015,0.0,1,0
2025-05-09,False,calendar_trend,4,1.0,7,1.0,0,calibrated_quantile,2025-04-11;2025-04-12;2025-04-13;2025-04-14;2025-04-15;2025-04-16;2025-04-17;2025-04-18;2025-04-19;2025-04-20;2025-04-21;2025-04-22;2025-04-23;2025-04-24;2025-04-25;2025-04-26;2025-04-27;2025-04-28;2025-04-29;2025-04-30;2025-05-01;2025-05-02;2025-05-03;2025-05-04;2025-05-05;2025-05-06;2025-05-07;2025-05-08,28,6696.849612620274,2025-04-11;2025-04-12;2025-04-13;2025-04-14;2025-04-15;2025-04-16;2025-04-17;2025-04-18;2025-04-19;2025-04-20;2025-04-21;2025-04-22;2025-04-23;2025-04-24;2025-04-25;2025-04-26;2025-04-27;2025-04-28;2025-04-29;2025-04-30;2025-05-01;2025-05-02;2025-05-03;2025-05-04;2025-05-05;2025-05-06;2025-05-07;2025-05-08,2025-04-25;2025-04-26;2025-04-27;2025-04-28;2025-04-29;2025-04-30;2025-05-01;2025-05-02;2025-05-03;2025-05-04;2025-05-05;2025-05-06;2025-05-07;2025-05-08,,2025-05-08,4133.193684251192,5376.969574177948,5333.193684251192,21.058629097304635,27.58613298476539,19.68362127149786,37.82536483640738,31019.522832368697,164.81529329728153,19825.1208047803,16619.29781207836,499.8669379093768,17119.164749987736,16619.29781207836,16619.297795459068,27658.376653532792,1347.4779583424881,lexicographic,1.661929779545907e-05,2.765837662587442e-05,False,0.1367075999987719,0.0,1,0
2025-05-10,False,calendar_trend,4,1.0,7,1.0,0,calibrated_quantile,2025-04-12;2025-04-13;2025-04-14;2025-04-15;2025-04-16;2025-04-17;2025-04-18;2025-04-19;2025-04-20;2025-04-21;2025-04-22;2025-04-23;2025-04-24;2025-04-25;2025-04-26;2025-04-27;2025-04-28;2025-04-29;2025-04-30;2025-05-01;2025-05-02;2025-05-03;2025-05-04;2025-05-05;2025-05-06;2025-05-07;2025-05-08;2025-05-09,28,6808.783661009419,2025-04-12;2025-04-13;2025-04-14;2025-04-15;2025-04-16;2025-04-17;2025-04-18;2025-04-19;2025-04-20;2025-04-21;2025-04-22;2025-04-23;2025-04-24;2025-04-25;2025-04-26;2025-04-27;2025-04-28;2025-04-29;2025-04-30;2025-05-01;2025-05-02;2025-05-03;2025-05-04;2025-05-05;2025-05-06;2025-05-07;2025-05-08;2025-05-09,2025-04-26;2025-04-27;2025-04-28;2025-04-29;2025-04-30;2025-05-01;2025-05-02;2025-05-03;2025-05-04;2025-05-05;2025-05-06;2025-05-07;2025-05-08;2025-05-09,,2025-05-09,4089.417794324437,5333.193684251192,5289.417794324438,22.066732380711986,26.224549553739873,29.019519571268102,53.48116514881389,30912.785843684178,546.273364436026,16487.4240246969,16586.38028652958,2255.6192558501775,18841.99954237976,16586.380286529573,16586.380269943194,27570.338531742116,1353.4749921822752,lexicographic,1.6586380269943196e-05,2.7570338531742117e-05,False,0.22833160000300268,0.0,1,0
2025-05-11,False,calendar_trend,4,1.0,7,1.0,0,calibrated_quantile,2025-04-13;2025-04-14;2025-04-15;2025-04-16;2025-04-17;2025-04-18;2025-04-19;2025-04-20;2025-04-21;2025-04-22;2025-04-23;2025-04-24;2025-04-25;2025-04-26;2025-04-27;2025-04-28;2025-04-29;2025-04-30;2025-05-01;2025-05-02;2025-05-03;2025-05-04;2025-05-05;2025-05-06;2025-05-07;2025-05-08;2025-05-09;2025-05-10,28,6944.86822546751,2025-04-13;2025-04-14;2025-04-15;2025-04-16;2025-04-17;2025-04-18;2025-04-19;2025-04-20;2025-04-21;2025-04-22;2025-04-23;2025-04-24;2025-04-25;2025-04-26;2025-04-27;2025-04-28;2025-04-29;2025-04-30;2025-05-01;2025-05-02;2025-05-03;2025-05-04;2025-05-05;2025-05-06;2025-05-07;2025-05-08;2025-05-09;2025-05-10,2025-04-27;2025-04-28;2025-04-29;2025-04-30;2025-05-01;2025-05-02;2025-05-03;2025-05-04;2025-05-05;2025-05-06;2025-05-07;2025-05-08;2025-05-09;2025-05-10,,2025-05-10,4220.745464104703,5289.417794324438,5420.745464104703,26.962148727972416,35.530450907162624,25.393950161613343,41.202544974251126,67852.64687695996,346.23134542087035,8558.161353663945,41640.12937275594,1047.1190632639082,42687.24843601984,41640.129372755946,41640.12933111583,38353.287294419686,1533.7073354257554,lexicographic,4.164012933111583e-05,3.835328725606639e-05,False,0.16762740000194754,0.0,1,0
2025-05-12,False,calendar_trend,4,1.0,7,1.0,0,calibrated_quantile,2025-04-14;2025-04-15;2025-04-16;2025-04-17;2025-04-18;2025-04-19;2025-04-20;2025-04-21;2025-04-22;2025-04-23;2025-04-24;2025-04-25;2025-04-26;2025-04-27;2025-04-28;2025-04-29;2025-04-30;2025-05-01;2025-05-02;2025-05-03;2025-05-04;2025-05-05;2025-05-06;2025-05-07;2025-05-08;2025-05-09;2025-05-10;2025-05-11,28,6967.62497597491,2025-04-14;2025-04-15;2025-04-16;2025-04-17;2025-04-18;2025-04-19;2025-04-20;2025-04-21;2025-04-22;2025-04-23;2025-04-24;2025-04-25;2025-04-26;2025-04-27;2025-04-28;2025-04-29;2025-04-30;2025-05-01;2025-05-02;2025-05-03;2025-05-04;2025-05-05;2025-05-06;2025-05-07;2025-05-08;2025-05-09;2025-05-10;2025-05-11,2025-04-28;2025-04-29;2025-04-30;2025-05-01;2025-05-02;2025-05-03;2025-05-04;2025-05-05;2025-05-06;2025-05-07;2025-05-08;2025-05-09;2025-05-10;2025-05-11,,2025-05-11,4176.969574177948,5420.745464104703,5376.969574177948,29.006626767402516,37.99467972453063,49.2814653639636,83.96289584572547,68533.63557321274,739.8290453197869,13332.906629393568,42017.892384654464,1875.6727761284,43893.56516078286,42017.892384654464,42017.89234263657,38609.17468355977,1518.636592330161,lexicographic,4.201789234263658e-05,3.86091746449506e-05,False,0.18790879999869503,1.731633170662474e-16,1,0
2025-05-13,False,calendar_trend,4,1.0,7,1.0,0,calibrated_quantile,2025-04-15;2025-04-16;2025-04-17;2025-04-18;2025-04-19;2025-04-20;2025-04-21;2025-04-22;2025-04-23;2025-04-24;2025-04-25;2025-04-26;2025-04-27;2025-04-28;2025-04-29;2025-04-30;2025-05-01;2025-05-02;2025-05-03;2025-05-04;2025-05-05;2025-05-06;2025-05-07;2025-05-08;2025-05-09;2025-05-10;2025-05-11;2025-05-12,28,7015.674378509523,2025-04-15;2025-04-16;2025-04-17;2025-04-18;2025-04-19;2025-04-20;2025-04-21;2025-04-22;2025-04-23;2025-04-24;2025-04-25;2025-04-26;2025-04-27;2025-04-28;2025-04-29;2025-04-30;2025-05-01;2025-05-02;2025-05-03;2025-05-04;2025-05-05;2025-05-06;2025-05-07;2025-05-08;2025-05-09;2025-05-10;2025-05-11;2025-05-12,2025-04-29;2025-04-30;2025-05-01;2025-05-02;2025-05-03;2025-05-04;2025-05-05;2025-05-06;2025-05-07;2025-05-08;2025-05-09;2025-05-10;2025-05-11;2025-05-12,,2025-05-12,4133.193684251192,5376.969574177948,5333.193684251192,27.851927899524284,36.185881564368366,17.77015351923565,29.046051721747084,67716.11328898644,122.65191085699578,10844.194953257007,41436.495141659485,347.33685507875487,41783.83199673824,41436.495141659485,41436.49510022298,37237.33495012066,1529.988603475645,lexicographic,4.143649510022298e-05,3.723733491288333e-05,False,0.19525359999897773,0.0,1,0
2025-05-14,False,calendar_trend,4,1.0,7,1.0,0,calibrated_quantile,2025-04-16;2025-04-17;2025-04-18;2025-04-19;2025-04-20;2025-04-21;2025-04-22;2025-04-23;2025-04-24;2025-04-25;2025-04-26;2025-04-27;2025-04-28;2025-04-29;2025-04-30;2025-05-01;2025-05-02;2025-05-03;2025-05-04;2025-05-05;2025-05-06;2025-05-07;2025-05-08;2025-05-09;2025-05-10;2025-05-11;2025-05-12;2025-05-13,28,6968.900003845488,2025-04-16;2025-04-17;2025-04-18;2025-04-19;2025-04-20;2025-04-21;2025-04-22;2025-04-23;2025-04-24;2025-04-25;2025-04-26;2025-04-27;2025-04-28;2025-04-29;2025-04-30;2025-05-01;2025-05-02;2025-05-03;2025-05-04;2025-05-05;2025-05-06;2025-05-07;2025-05-08;2025-05-09;2025-05-10;2025-05-11;2025-05-12;2025-05-13,2025-04-30;2025-05-01;2025-05-02;2025-05-03;2025-05-04;2025-05-05;2025-05-06;2025-05-07;2025-05-08;2025-05-09;2025-05-10;2025-05-11;2025-05-12;2025-05-13,,2025-05-13,4089.417794324437,5333.193684251192,5289.417794324438,22.489263262430374,30.54888715235809,23.19077046028068,42.19321779878606,67122.4413033426,212.297638768973,10486.867478528156,40946.62577066603,605.9863114815427,41552.61208214758,40946.62577066604,40946.62572971941,36935.97185853064,1489.6593751943087,lexicographic,4.094662572971941e-05,3.693597182159467e-05,False,0.1938981999992393,0.0,1,0
2025-05-15,False,calendar_trend,4,1.0,7,1.0,0,calibrated_quantile,2025-04-17;2025-04-18;2025-04-19;2025-04-20;2025-04-21;2025-04-22;2025-04-23;2025-04-24;2025-04-25;2025-04-26;2025-04-27;2025-04-28;2025-04-29;2025-04-30;2025-05-01;2025-05-02;2025-05-03;2025-05-04;2025-05-05;2025-05-06;2025-05-07;2025-05-08;2025-05-09;2025-05-10;2025-05-11;2025-05-12;2025-05-13;2025-05-14,28,6753.209465587979,2025-04-17;2025-04-18;2025-04-19;2025-04-20;2025-04-21;2025-04-22;2025-04-23;2025-04-24;2025-04-25;2025-04-26;2025-04-27;2025-04-28;2025-04-29;2025-04-30;2025-05-01;2025-05-02;2025-05-03;2025-05-04;2025-05-05;2025-05-06;2025-05-07;2025-05-08;2025-05-09;2025-05-10;2025-05-11;2025-05-12;2025-05-13;2025-05-14,2025-05-01;2025-05-02;2025-05-03;2025-05-04;2025-05-05;2025-05-06;2025-05-07;2025-05-08;2025-05-09;2025-05-10;2025-05-11;2025-05-12;2025-05-13;2025-05-14,,2025-05-14,4051.3315480770325,5289.417794324438,5251.3315480770325,28.4417928624056,39.337038469069626,26.78695994578652,47.552038300467906,66027.50153786986,438.2573003578384,9957.378435737957,40596.43325499946,1674.8940747148229,42271.32732971428,40596.43325499946,40596.43321440301,36020.88567851805,1491.7974577704304,lexicographic,4.059643321440301e-05,3.602088564249716e-05,False,0.1952874000016891,0.0,1,0
2025-05-16,False,calendar_trend,4,1.0,7,1.0,0,calibrated_quantile,2025-04-18;2025-04-19;2025-04-20;2025-04-21;2025-04-22;2025-04-23;2025-04-24;2025-04-25;2025-04-26;2025-04-27;2025-04-28;2025-04-29;2025-04-30;2025-05-01;2025-05-02;2025-05-03;2025-05-04;2025-05-05;2025-05-06;2025-05-07;2025-05-08;2025-05-09;2025-05-10;2025-05-11;2025-05-12;2025-05-13;2025-05-14;2025-05-15,28,6783.5893094367,2025-04-18;2025-04-19;2025-04-20;2025-04-21;2025-04-22;2025-04-23;2025-04-24;2025-04-25;2025-04-26;2025-04-27;2025-04-28;2025-04-29;2025-04-30;2025-05-01;2025-05-02;2025-05-03;2025-05-04;2025-05-05;2025-05-06;2025-05-07;2025-05-08;2025-05-09;2025-05-10;2025-05-11;2025-05-12;2025-05-13;2025-05-14;2025-05-15,2025-05-02;2025-05-03;2025-05-04;2025-05-05;2025-05-06;2025-05-07;2025-05-08;2025-05-09;2025-05-10;2025-05-11;2025-05-12;2025-05-13;2025-05-14;2025-05-15,,2025-05-15,4013.2453018296283,5251.3315480770325,5213.245301829628,21.891990337974292,28.067364045902856,35.554424267517845,62.41258961465017,29508.624396006675,277.87270812024644,24231.36085091889,15580.351536578884,905.3781535135496,16485.729690092434,15580.351536578884,15580.351520998533,27412.026506413353,1305.4003056111205,lexicographic,1.5580351520998534e-05,2.7412026506413354e-05,False,0.20268980000037118,0.0,1,0
2025-05-17,False,calendar_trend,4,1.0,7,1.0,0,calibrated_quantile,2025-04-19;2025-04-20;2025-04-21;2025-04-22;2025-04-23;2025-04-24;2025-04-25;2025-04-26;2025-04-27;2025-04-28;2025-04-29;2025-04-30;2025-05-01;2025-05-02;2025-05-03;2025-05-04;2025-05-05;2025-05-06;2025-05-07;2025-05-08;2025-05-09;2025-05-10;2025-05-11;2025-05-12;2025-05-13;2025-05-14;2025-05-15;2025-05-16,28,6764.823069838607,2025-04-19;2025-04-20;2025-04-21;2025-04-22;2025-04-23;2025-04-24;2025-04-25;2025-04-26;2025-04-27;2025-04-28;2025-04-29;2025-04-30;2025-05-01;2025-05-02;2025-05-03;2025-05-04;2025-05-05;2025-05-06;2025-05-07;2025-05-08;2025-05-09;2025-05-10;2025-05-11;2025-05-12;2025-05-13;2025-05-14;2025-05-15;2025-05-16,2025-05-03;2025-05-04;2025-05-05;2025-05-06;2025-05-07;2025-05-08;2025-05-09;2025-05-10;2025-05-11;2025-05-12;2025-05-13;2025-05-14;2025-05-15;2025-05-16,,2025-05-16,3975.159055582223,5213.245301829628,5175.159055582223,21.53677248565161,27.61015963374216,33.318820823547384,62.539724104608545,29521.198461753345,1419.7687055087795,17660.57879381743,15500.881004405484,5984.074462863919,21484.955467269403,15500.881004405488,15500.880988904606,27335.43083340469,1335.4928870171498,lexicographic,1.5500880988904608e-05,2.733543083340469e-05,False,0.2044105999993917,0.0,1,0
2025-05-18,False,calendar_trend,4,1.0,7,1.0,0,calibrated_quantile,2025-04-20;2025-04-21;2025-04-22;2025-04-23;2025-04-24;2025-04-25;2025-04-26;2025-04-27;2025-04-28;2025-04-29;2025-04-30;2025-05-01;2025-05-02;2025-05-03;2025-05-04;2025-05-05;2025-05-06;2025-05-07;2025-05-08;2025-05-09;2025-05-10;2025-05-11;2025-05-12;2025-05-13;2025-05-14;2025-05-15;2025-05-16;2025-05-17,28,6880.299646461352,2025-04-20;2025-04-21;2025-04-22;2025-04-23;2025-04-24;2025-04-25;2025-04-26;2025-04-27;2025-04-28;2025-04-29;2025-04-30;2025-05-01;2025-05-02;2025-05-03;2025-05-04;2025-05-05;2025-05-06;2025-05-07;2025-05-08;2025-05-09;2025-05-10;2025-05-11;2025-05-12;2025-05-13;2025-05-14;2025-05-15;2025-05-16;2025-05-17,2025-05-04;2025-05-05;2025-05-06;2025-05-07;2025-05-08;2025-05-09;2025-05-10;2025-05-11;2025-05-12;2025-05-13;2025-05-14;2025-05-15;2025-05-16;2025-05-17,,2025-05-17,4089.417794324437,5175.159055582223,5289.417794324438,22.568178849900036,28.390603339626747,30.007449130251505,53.88434627530538,64066.97705181414,927.7262236319269,7605.856142807299,38901.85644833564,3094.8519725185392,41996.70842085418,38901.85644833564,38901.8564094338,34285.70168073786,1481.716778997717,lexicographic,3.89018564094338e-05,3.428570164645216e-05,False,0.15535219999947003,0.0,1,0
2025-05-19,False,calendar_trend,4,1.0,7,1.0,0,calibrated_quantile,2025-04-21;2025-04-22;2025-04-23;2025-04-24;2025-04-25;2025-04-26;2025-04-27;2025-04-28;2025-04-29;2025-04-30;2025-05-01;2025-05-02;2025-05-03;2025-05-04;2025-05-05;2025-05-06;2025-05-07;2025-05-08;2025-05-09;2025-05-10;2025-05-11;2025-05-12;2025-05-13;2025-05-14;2025-05-15;2025-05-16;2025-05-17;2025-05-18,28,6949.500003787178,2025-04-21;2025-04-22;2025-04-23;2025-04-24;2025-04-25;2025-04-26;2025-04-27;2025-04-28;2025-04-29;2025-04-30;2025-05-01;2025-05-02;2025-05-03;2025-05-04;2025-05-05;2025-05-06;2025-05-07;2025-05-08;2025-05-09;2025-05-10;2025-05-11;2025-05-12;2025-05-13;2025-05-14;2025-05-15;2025-05-16;2025-05-17;2025-05-18,2025-05-05;2025-05-06;2025-05-07;2025-05-08;2025-05-09;2025-05-10;2025-05-11;2025-05-12;2025-05-13;2025-05-14;2025-05-15;2025-05-16;2025-05-17;2025-05-18,,2025-05-18,4051.3315480770325,5289.417794324438,5251.3315480770325,21.854624617232034,29.119868847390105,43.794429452896146,87.81056020448314,64097.64063516815,151.09576077884094,13181.185149926183,38569.76585240789,891.1921276128653,39460.95798002075,38569.76585240789,38569.76581383811,34201.47917391051,1476.6759291101284,lexicographic,3.856976581383811e-05,3.420147913970905e-05,False,0.19754530000136583,0.0,1,0
2025-05-20,False,calendar_trend,4,1.0,7,1.0,0,calibrated_quantile,2025-04-22;2025-04-23;2025-04-24;2025-04-25;2025-04-26;2025-04-27;2025-04-28;2025-04-29;2025-04-30;2025-05-01;2025-05-02;2025-05-03;2025-05-04;2025-05-05;2025-05-06;2025-05-07;2025-05-08;2025-05-09;2025-05-10;2025-05-11;2025-05-12;2025-05-13;2025-05-14;2025-05-15;2025-05-16;2025-05-17;2025-05-18;2025-05-19,28,6901.494225392827,2025-04-22;2025-04-23;2025-04-24;2025-04-25;2025-04-26;2025-04-27;2025-04-28;2025-04-29;2025-04-30;2025-05-01;2025-05-02;2025-05-03;2025-05-04;2025-05-05;2025-05-06;2025-05-07;2025-05-08;2025-05-09;2025-05-10;2025-05-11;2025-05-12;2025-05-13;2025-05-14;2025-05-15;2025-05-16;2025-05-17;2025-05-18;2025-05-19,2025-05-06;2025-05-07;2025-05-08;2025-05-09;2025-05-10;2025-05-11;2025-05-12;2025-05-13;2025-05-14;2025-05-15;2025-05-16;2025-05-17;2025-05-18;2025-05-19,,2025-05-19,4013.2453018296283,5251.3315480770325,5213.245301829628,21.168441870747362,27.467276432582928,26.333871210814763,49.71116029412478,62003.34199206531,822.3164029726936,4789.415156195676,37333.9099634059,3727.2562831371893,41061.16624654309,37333.9099634059,37333.90992607199,33787.21519675416,1469.7671252293196,lexicographic,3.7333909926071993e-05,3.3787215162966945e-05,False,0.33646869999938644,0.0,1,0
2025-05-21,False,calendar_trend,4,1.0,7,1.0,0,calibrated_quantile,2025-04-23;2025-04-24;2025-04-25;2025-04-26;2025-04-27;2025-04-28;2025-04-29;2025-04-30;2025-05-01;2025-05-02;2025-05-03;2025-05-04;2025-05-05;2025-05-06;2025-05-07;2025-05-08;2025-05-09;2025-05-10;2025-05-11;2025-05-12;2025-05-13;2025-05-14;2025-05-15;2025-05-16;2025-05-17;2025-05-18;2025-05-19;2025-05-20,28,7017.613331891112,2025-04-23;2025-04-24;2025-04-25;2025-04-26;2025-04-27;2025-04-28;2025-04-29;2025-04-30;2025-05-01;2025-05-02;2025-05-03;2025-05-04;2025-05-05;2025-05-06;2025-05-07;2025-05-08;2025-05-09;2025-05-10;2025-05-11;2025-05-12;2025-05-13;2025-05-14;2025-05-15;2025-05-16;2025-05-17;2025-05-18;2025-05-19;2025-05-20,2025-05-07;2025-05-08;2025-05-09;2025-05-10;2025-05-11;2025-05-12;2025-05-13;2025-05-14;2025-05-15;2025-05-16;2025-05-17;2025-05-18;2025-05-19;2025-05-20,,2025-05-20,4133.193684251192,5213.245301829628,5333.193684251192,21.00858147607219,27.881774867340052,40.16303798745207,68.98560705135768,62373.28855805165,1120.2846670084807,8453.293635802238,37438.334422807515,4548.271054375021,41986.60547718254,37438.334422807515,37438.33438536919,33898.23844928759,1459.2325676303146,lexicographic,3.7438334385369196e-05,3.3898238415389366e-05,False,0.2153954999994312,0.0,1,0
2025-05-22,False,calendar_trend,4,1.0,7,1.0,0,calibrated_quantile,2025-04-24;2025-04-25;2025-04-26;2025-04-27;2025-04-28;2025-04-29;2025-04-30;2025-05-01;2025-05-02;2025-05-03;2025-05-04;2025-05-05;2025-05-06;2025-05-07;2025-05-08;2025-05-09;2025-05-10;2025-05-11;2025-05-12;2025-05-13;2025-05-14;2025-05-15;2025-05-16;2025-05-17;2025-05-18;2025-05-19;2025-05-20;2025-05-21,28,7187.516793262177,2025-04-24;2025-04-25;2025-04-26;2025-04-27;2025-04-28;2025-04-29;2025-04-30;2025-05-01;2025-05-02;2025-05-03;2025-05-04;2025-05-05;2025-05-06;2025-05-07;2025-05-08;2025-05-09;2025-05-10;2025-05-11;2025-05-12;2025-05-13;2025-05-14;2025-05-15;2025-05-16;2025-05-17;2025-05-18;2025-05-19;2025-05-20;2025-05-21,2025-05-08;2025-05-09;2025-05-10;2025-05-11;2025-05-12;2025-05-13;2025-05-14;2025-05-15;2025-05-16;2025-05-17;2025-05-18;2025-05-19;2025-05-20;2025-05-21,,2025-05-21,4089.417794324437,5333.193684251192,5289.417794324438,20.994051234448676,27.485124037176647,15.108422489581471,28.35941407784426,61634.46449738641,184.30626342945698,7538.403847572339,37466.45392214036,729.9301890059974,38196.384111146355,37466.45392214036,37466.4538846739,33411.36282459101,1487.2129218317295,lexicographic,3.74664538846739e-05,3.3411362791179635e-05,False,0.2602554000004602,0.0,1,0
2025-05-23,False,calendar_trend,4,1.0,7,1.0,0,calibrated_quantile,2025-04-25;2025-04-26;2025-04-27;2025-04-28;2025-04-29;2025-04-30;2025-05-01;2025-05-02;2025-05-03;2025-05-04;2025-05-05;2025-05-06;2025-05-07;2025-05-08;2025-05-09;2025-05-10;2025-05-11;2025-05-12;2025-05-13;2025-05-14;2025-05-15;2025-05-16;2025-05-17;2025-05-18;2025-05-19;2025-05-20;2025-05-21;2025-05-22,28,7214.812618115936,2025-04-25;2025-04-26;2025-04-27;2025-04-28;2025-04-29;2025-04-30;2025-05-01;2025-05-02;2025-05-03;2025-05-04;2025-05-05;2025-05-06;2025-05-07;2025-05-08;2025-05-09;2025-05-10;2025-05-11;2025-05-12;2025-05-13;2025-05-14;2025-05-15;2025-05-16;2025-05-17;2025-05-18;2025-05-19;2025-05-20;2025-05-21;2025-05-22,2025-05-09;2025-05-10;2025-05-11;2025-05-12;2025-05-13;2025-05-14;2025-05-15;2025-05-16;2025-05-17;2025-05-18;2025-05-19;2025-05-20;2025-05-21;2025-05-22,,2025-05-22,4065.512697371595,5289.417794324438,5265.512697371595,18.85609355099787,24.267084282330355,17.767531325475318,32.96277031870544,28470.62961399625,332.9446355846121,19519.198384059964,14777.277421270446,1287.0721273764111,16064.349548646856,14777.277421270446,14777.27740649317,27504.37901197155,1286.5064109277832,lexicographic,1.477727740649317e-05,2.7504379011971543e-05,False,0.21506670000235317,0.0,1,0
2025-05-24,False,calendar_trend,4,1.0,7,1.0,0,calibrated_quantile,2025-04-26;2025-04-27;2025-04-28;2025-04-29;2025-04-30;2025-05-01;2025-05-02;2025-05-03;2025-05-04;2025-05-05;2025-05-06;2025-05-07;2025-05-08;2025-05-09;2025-05-10;2025-05-11;2025-05-12;2025-05-13;2025-05-14;2025-05-15;2025-05-16;2025-05-17;2025-05-18;2025-05-19;2025-05-20;2025-05-21;2025-05-22;2025-05-23,28,7333.240570185664,2025-04-26;2025-04-27;2025-04-28;2025-04-29;2025-04-30;2025-05-01;2025-05-02;2025-05-03;2025-05-04;2025-05-05;2025-05-06;2025-05-07;2025-05-08;2025-05-09;2025-05-10;2025-05-11;2025-05-12;2025-05-13;2025-05-14;2025-05-15;2025-05-16;2025-05-17;2025-05-18;2025-05-19;2025-05-20;2025-05-21;2025-05-22;2025-05-23,2025-05-10;2025-05-11;2025-05-12;2025-05-13;2025-05-14;2025-05-15;2025-05-16;2025-05-17;2025-05-18;2025-05-19;2025-05-20;2025-05-21;2025-05-22;2025-05-23,,2025-05-23,4041.607600418752,5265.512697371595,5241.607600418753,19.726025494688365,24.875985357651185,31.0099838072729,51.65843951380241,28698.025312794973,299.3246535370277,22384.46823239004,14884.66773844821,1277.9052413434135,16162.572979791623,14884.66773844821,14884.66772356354,27456.3032058775,1312.5917006622542,lexicographic,1.4884667723563541e-05,2.7456303205877495e-05,False,0.2583761999994749,0.0,1,0
2025-05-25,False,calendar_trend,4,1.0,7,1.0,0,calibrated_quantile,2025-04-27;2025-04-28;2025-04-29;2025-04-30;2025-05-01;2025-05-02;2025-05-03;2025-05-04;2025-05-05;2025-05-06;2025-05-07;2025-05-08;2025-05-09;2025-05-10;2025-05-11;2025-05-12;2025-05-13;2025-05-14;2025-05-15;2025-05-16;2025-05-17;2025-05-18;2025-05-19;2025-05-20;2025-05-21;2025-05-22;2025-05-23;2025-05-24,28,7394.030528156665,2025-04-27;2025-04-28;2025-04-29;2025-04-30;2025-05-01;2025-05-02;2025-05-03;2025-05-04;2025-05-05;2025-05-06;2025-05-07;2025-05-08;2025-05-09;2025-05-10;2025-05-11;2025-05-12;2025-05-13;2025-05-14;2025-05-15;2025-05-16;2025-05-17;2025-05-18;2025-05-19;2025-05-20;2025-05-21;2025-05-22;2025-05-23;2025-05-24,2025-05-11;2025-05-12;2025-05-13;2025-05-14;2025-05-15;2025-05-16;2025-05-17;2025-05-18;2025-05-19;2025-05-20;2025-05-21;2025-05-22;2025-05-23;2025-05-24,,2025-05-24,4017.7025034659096,5241.607600418753,5217.702503465909,26.093505531480567,32.69871561917475,21.34993946923431,40.33062236994685,60713.15902601378,516.3985649293252,9079.571839747972,36466.41477983154,2521.2152033635334,38987.629983195075,36466.41477983154,36466.41474336512,34568.605012342014,1466.5464485475009,lexicographic,3.6466414743365126e-05,3.4568604977773415e-05,False,0.15772170000127517,0.0,1,0
2025-05-26,False,calendar_trend,4,1.0,7,1.0,0,calibrated_quantile,2025-04-28;2025-04-29;2025-04-30;2025-05-01;2025-05-02;2025-05-03;2025-05-04;2025-05-05;2025-05-06;2025-05-07;2025-05-08;2025-05-09;2025-05-10;2025-05-11;2025-05-12;2025-05-13;2025-05-14;2025-05-15;2025-05-16;2025-05-17;2025-05-18;2025-05-19;2025-05-20;2025-05-21;2025-05-22;2025-05-23;2025-05-24;2025-05-25,28,7334.178351731152,2025-04-28;2025-04-29;2025-04-30;2025-05-01;2025-05-02;2025-05-03;2025-05-04;2025-05-05;2025-05-06;2025-05-07;2025-05-08;2025-05-09;2025-05-10;2025-05-11;2025-05-12;2025-05-13;2025-05-14;2025-05-15;2025-05-16;2025-05-17;2025-05-18;2025-05-19;2025-05-20;2025-05-21;2025-05-22;2025-05-23;2025-05-24;2025-05-25,2025-05-12;2025-05-13;2025-05-14;2025-05-15;2025-05-16;2025-05-17;2025-05-18;2025-05-19;2025-05-20;2025-05-21;2025-05-22;2025-05-23;2025-05-24;2025-05-25,,2025-05-25,3993.7974065130675,5217.702503465909,5193.7974065130675,23.265300681259866,29.882591861787823,41.87634658712969,79.55235596288404,60268.87662576404,2359.938877978575,4445.9152546739715,36166.83681964863,8637.073253075016,44803.91007272365,36166.83681964863,36166.83678348179,34550.42624120716,1457.6664393333529,lexicographic,3.616683678348179e-05,3.4550426206656745e-05,False,0.16206809999857796,0.0,1,0
2025-05-27,False,calendar_trend,4,1.0,7,1.0,0,calibrated_quantile,2025-04-29;2025-04-30;2025-05-01;2025-05-02;2025-05-03;2025-05-04;2025-05-05;2025-05-06;2025-05-07;2025-05-08;2025-05-09;2025-05-10;2025-05-11;2025-05-12;2025-05-13;2025-05-14;2025-05-15;2025-05-16;2025-05-17;2025-05-18;2025-05-19;2025-05-20;2025-05-21;2025-05-22;2025-05-23;2025-05-24;2025-05-25;2025-05-26,28,7163.900540125076,2025-04-29;2025-04-30;2025-05-01;2025-05-02;2025-05-03;2025-05-04;2025-05-05;2025-05-06;2025-05-07;2025-05-08;2025-05-09;2025-05-10;2025-05-11;2025-05-12;2025-05-13;2025-05-14;2025-05-15;2025-05-16;2025-05-17;2025-05-18;2025-05-19;2025-05-20;2025-05-21;2025-05-22;2025-05-23;2025-05-24;2025-05-25;2025-05-26,2025-05-13;2025-05-14;2025-05-15;2025-05-16;2025-05-17;2025-05-18;2025-05-19;2025-05-20;2025-05-21;2025-05-22;2025-05-23;2025-05-24;2025-05-25;2025-05-26,,2025-05-26,4065.512697371595,5193.7974065130675,5265.512697371595,21.475668197670423,26.241046419716334,22.072773076180773,38.99803750483202,60957.65544294369,372.3560962214353,8249.95509985118,36584.658629275174,1335.9434222117115,37920.60205148689,36584.658629275174,36584.6585926905,34469.735887436254,1478.1723269122353,lexicographic,3.65846585926905e-05,3.446973585296653e-05,False,0.17416619999858085,0.0,1,0
2025-05-28,False,calendar_trend,4,1.0,7,1.0,0,calibrated_quantile,2025-04-30;2025-05-01;2025-05-02;2025-05-03;2025-05-04;2025-05-05;2025-05-06;2025-05-07;2025-05-08;2025-05-09;2025-05-10;2025-05-11;2025-05-12;2025-05-13;2025-05-14;2025-05-15;2025-05-16;2025-05-17;2025-05-18;2025-05-19;2025-05-20;2025-05-21;2025-05-22;2025-05-23;2025-05-24;2025-05-25;2025-05-26;2025-05-27,28,7186.617593430839,2025-04-30;2025-05-01;2025-05-02;2025-05-03;2025-05-04;2025-05-05;2025-05-06;2025-05-07;2025-05-08;2025-05-09;2025-05-10;2025-05-11;2025-05-12;2025-05-13;2025-05-14;2025-05-15;2025-05-16;2025-05-17;2025-05-18;2025-05-19;2025-05-20;2025-05-21;2025-05-22;2025-05-23;2025-05-24;2025-05-25;2025-05-26;2025-05-27,2025-05-14;2025-05-15;2025-05-16;2025-05-17;2025-05-18;2025-05-19;2025-05-20;2025-05-21;2025-05-22;2025-05-23;2025-05-24;2025-05-25;2025-05-26;2025-05-27,,2025-05-27,4041.607600418752,5265.512697371595,5241.607600418753,21.977022199078018,28.05218292202858,41.04388931686013,68.60795319936906,60645.05778934551,1554.0301811378094,6369.313017593094,36418.45896085564,5406.525489104852,41824.984449960495,36418.45896085565,36418.458924437175,34101.58009603382,1450.04853881076,lexicographic,3.641845892443718e-05,3.410158006193224e-05,False,0.27712959999917075,0.0,1,0
2025-05-29,False,calendar_trend,4,1.0,7,1.0,0,calibrated_quantile,2025-05-01;2025-05-02;2025-05-03;2025-05-04;2025-05-05;2025-05-06;2025-05-07;2025-05-08;2025-05-09;2025-05-10;2025-05-11;2025-05-12;2025-05-13;2025-05-14;2025-05-15;2025-05-16;2025-05-17;2025-05-18;2025-05-19;2025-05-20;2025-05-21;2025-05-22;2025-05-23;2025-05-24;2025-05-25;2025-05-26;2025-05-27;2025-05-28,28,7290.973052543506,2025-05-01;2025-05-02;2025-05-03;2025-05-04;2025-05-05;2025-05-06;2025-05-07;2025-05-08;2025-05-09;2025-05-10;2025-05-11;2025-05-12;2025-05-13;2025-05-14;2025-05-15;2025-05-16;2025-05-17;2025-05-18;2025-05-19;2025-05-20;2025-05-21;2025-05-22;2025-05-23;2025-05-24;2025-05-25;2025-05-26;2025-05-27;2025-05-28,2025-05-15;2025-05-16;2025-05-17;2025-05-18;2025-05-19;2025-05-20;2025-05-21;2025-05-22;2025-05-23;2025-05-24;2025-05-25;2025-05-26;2025-05-27;2025-05-28,,2025-05-28,4133.193684251192,5241.607600418753,5333.193684251192,23.57851666236373,31.073282470042923,25.4624449328945,47.68032137606391,61458.19272841791,1251.7859934639837,4851.136203248459,37092.858723469224,5362.740510000835,42455.59923347006,37092.858723469224,37092.85868637636,34843.823541200785,1496.9342506709856,lexicographic,3.709285868637637e-05,3.484382350635697e-05,False,0.2945392000001448,0.0,1,0
2025-05-30,False,calendar_trend,4,1.0,7,1.0,0,calibrated_quantile,2025-05-02;2025-05-03;2025-05-04;2025-05-05;2025-05-06;2025-05-07;2025-05-08;2025-05-09;2025-05-10;2025-05-11;2025-05-12;2025-05-13;2025-05-14;2025-05-15;2025-05-16;2025-05-17;2025-05-18;2025-05-19;2025-05-20;2025-05-21;2025-05-22;2025-05-23;2025-05-24;2025-05-25;2025-05-26;2025-05-27;2025-05-28;2025-05-29,28,7318.554777456229,2025-05-02;2025-05-03;2025-05-04;2025-05-05;2025-05-06;2025-05-07;2025-05-08;2025-05-09;2025-05-10;2025-05-11;2025-05-12;2025-05-13;2025-05-14;2025-05-15;2025-05-16;2025-05-17;2025-05-18;2025-05-19;2025-05-20;2025-05-21;2025-05-22;2025-05-23;2025-05-24;2025-05-25;2025-05-26;2025-05-27;2025-05-28;2025-05-29,2025-05-16;2025-05-17;2025-05-18;2025-05-19;2025-05-20;2025-05-21;2025-05-22;2025-05-23;2025-05-24;2025-05-25;2025-05-26;2025-05-27;2025-05-28;2025-05-29,,2025-05-29,4264.521354031458,5333.193684251192,5464.521354031458,20.21292800504459,25.333020100817727,35.788178476108584,65.10815607679147,29281.650030238045,1013.6777479387657,20653.945100634595,15355.297504571698,3984.581758055907,19339.879262627604,15355.297504571698,15355.297489216397,27764.89804252769,1288.709953801625,lexicographic,1.5355297489216398e-05,2.776489804252769e-05,False,0.1804946000011114,0.0,1,0
2025-05-31,False,calendar_trend,4,1.0,7,1.0,0,calibrated_quantile,2025-05-03;2025-05-04;2025-05-05;2025-05-06;2025-05-07;2025-05-08;2025-05-09;2025-05-10;2025-05-11;2025-05-12;2025-05-13;2025-05-14;2025-05-15;2025-05-16;2025-05-17;2025-05-18;2025-05-19;2025-05-20;2025-05-21;2025-05-22;2025-05-23;2025-05-24;2025-05-25;2025-05-26;2025-05-27;2025-05-28;2025-05-29;2025-05-30,28,6717.400646033384,2025-05-03;2025-05-04;2025-05-05;2025-05-06;2025-05-07;2025-05-08;2025-05-09;2025-05-10;2025-05-11;2025-05-12;2025-05-13;2025-05-14;2025-05-15;2025-05-16;2025-05-17;2025-05-18;2025-05-19;2025-05-20;2025-05-21;2025-05-22;2025-05-23;2025-05-24;2025-05-25;2025-05-26;2025-05-27;2025-05-28;2025-05-29;2025-05-30,2025-05-17;2025-05-18;2025-05-19;2025-05-20;2025-05-21;2025-05-22;2025-05-23;2025-05-24;2025-05-25;2025-05-26;2025-05-27;2025-05-28;2025-05-29;2025-05-30,,2025-05-30,4220.745464104703,5464.521354031458,5420.745464104703,23.873324003493376,30.757514872767633,29.54190576794051,56.0933761907972,29330.81651313995,1072.7446068269646,19136.064939590004,15437.934110270113,4192.630488098787,19630.5645983689,15437.934110270115,15437.93409483218,27834.453067633538,1313.9773111135742,lexicographic,1.5437934094832182e-05,2.783445306763354e-05,False,0.18820300000152201,0.0,1,0
2025-06-01,False,calendar_trend,4,1.0,7,1.0,0,calibrated_quantile,2025-05-04;2025-05-05;2025-05-06;2025-05-07;2025-05-08;2025-05-09;2025-05-10;2025-05-11;2025-05-12;2025-05-13;2025-05-14;2025-05-15;2025-05-16;2025-05-17;2025-05-18;2025-05-19;2025-05-20;2025-05-21;2025-05-22;2025-05-23;2025-05-24;2025-05-25;2025-05-26;2025-05-27;2025-05-28;2025-05-29;2025-05-30;2025-05-31,28,6795.551630002645,2025-05-04;2025-05-05;2025-05-06;2025-05-07;2025-05-08;2025-05-09;2025-05-10;2025-05-11;2025-05-12;2025-05-13;2025-05-14;2025-05-15;2025-05-16;2025-05-17;2025-05-18;2025-05-19;2025-05-20;2025-05-21;2025-05-22;2025-05-23;2025-05-24;2025-05-25;2025-05-26;2025-05-27;2025-05-28;2025-05-29;2025-05-30;2025-05-31,2025-05-18;2025-05-19;2025-05-20;2025-05-21;2025-05-22;2025-05-23;2025-05-24;2025-05-25;2025-05-26;2025-05-27;2025-05-28;2025-05-29;2025-05-30;2025-05-31,,2025-05-31,4265.895138833866,5420.745464104703,5465.895138833866,61.93206236784626,77.47704753836669,74.53968043249104,138.03620574913572,62973.4596341553,12932.506051183294,862.9267981915838,37838.052973659884,49732.33004676857,87570.38302042845,37838.05297365988,37838.05293582181,35945.76509591365,1461.5847792732093,lexicographic,3.7838052935821815e-05,3.5945765059967895e-05,False,0.2770622000025469,0.0,1,0
2025-06-02,False,calendar_trend,4,1.0,7,1.0,0,calibrated_quantile,2025-05-05;2025-05-06;2025-05-07;2025-05-08;2025-05-09;2025-05-10;2025-05-11;2025-05-12;2025-05-13;2025-05-14;2025-05-15;2025-05-16;2025-05-17;2025-05-18;2025-05-19;2025-05-20;2025-05-21;2025-05-22;2025-05-23;2025-05-24;2025-05-25;2025-05-26;2025-05-27;2025-05-28;2025-05-29;2025-05-30;2025-05-31;2025-06-01,28,7571.258230774372,2025-05-05;2025-05-06;2025-05-07;2025-05-08;2025-05-09;2025-05-10;2025-05-11;2025-05-12;2025-05-13;2025-05-14;2025-05-15;2025-05-16;2025-05-17;2025-05-18;2025-05-19;2025-05-20;2025-05-21;2025-05-22;2025-05-23;2025-05-24;2025-05-25;2025-05-26;2025-05-27;2025-05-28;2025-05-29;2025-05-30;2025-05-31;2025-06-01,2025-05-19;2025-05-20;2025-05-21;2025-05-22;2025-05-23;2025-05-24;2025-05-25;2025-05-26;2025-05-27;2025-05-28;2025-05-29;2025-05-30;2025-05-31;2025-06-01,,2025-06-01,4330.377254100176,5465.895138833866,5530.377254100176,49.987952762549156,61.049904350839775,54.97109100248338,87.76219500501652,68734.18711268678,7336.637524210624,3385.7511950377475,41380.00764356439,30293.86236931083,71673.87001287522,41380.00764356439,41380.00760218438,37916.071777824356,1491.6129395331495,lexicographic,4.138000760218438e-05,3.79160717778242e-05,False,0.2934707000022172,0.0,1,0
2025-06-03,False,calendar_trend,4,1.0,7,1.0,0,calibrated_quantile,2025-05-06;2025-05-07;2025-05-08;2025-05-09;2025-05-10;2025-05-11;2025-05-12;2025-05-13;2025-05-14;2025-05-15;2025-05-16;2025-05-17;2025-05-18;2025-05-19;2025-05-20;2025-05-21;2025-05-22;2025-05-23;2025-05-24;2025-05-25;2025-05-26;2025-05-27;2025-05-28;2025-05-29;2025-05-30;2025-05-31;2025-06-01;2025-06-02,28,8116.000514222915,2025-05-06;2025-05-07;2025-05-08;2025-05-09;2025-05-10;2025-05-11;2025-05-12;2025-05-13;2025-05-14;2025-05-15;2025-05-16;2025-05-17;2025-05-18;2025-05-19;2025-05-20;2025-05-21;2025-05-22;2025-05-23;2025-05-24;2025-05-25;2025-05-26;2025-05-27;2025-05-28;2025-05-29;2025-05-30;2025-05-31;2025-06-01;2025-06-02,2025-05-20;2025-05-21;2025-05-22;2025-05-23;2025-05-24;2025-05-25;2025-05-26;2025-05-27;2025-05-28;2025-05-29;2025-05-30;2025-05-31;2025-06-01;2025-06-02,,2025-06-02,4519.702245491884,5530.377254100176,5719.702245491884,37.97231681061336,48.93765168526848,28.40897174136232,48.488390097333976,73113.69514938447,2380.4452259379636,2976.441232742081,44607.10614663045,10244.379909041396,54851.48605567185,44607.10614663046,44607.10610202334,39410.87629069494,1511.7681604344593,lexicographic,4.460710610202334e-05,3.941087625128406e-05,False,0.2988014000002295,0.0,1,0
2025-06-04,False,calendar_trend,4,1.0,7,1.0,0,calibrated_quantile,2025-05-07;2025-05-08;2025-05-09;2025-05-10;2025-05-11;2025-05-12;2025-05-13;2025-05-14;2025-05-15;2025-05-16;2025-05-17;2025-05-18;2025-05-19;2025-05-20;2025-05-21;2025-05-22;2025-05-23;2025-05-24;2025-05-25;2025-05-26;2025-05-27;2025-05-28;2025-05-29;2025-05-30;2025-05-31;2025-06-01;2025-06-02;2025-06-03,28,8407.828924292458,2025-05-07;2025-05-08;2025-05-09;2025-05-10;2025-05-11;2025-05-12;2025-05-13;2025-05-14;2025-05-15;2025-05-16;2025-05-17;2025-05-18;2025-05-19;2025-05-20;2025-05-21;2025-05-22;2025-05-23;2025-05-24;2025-05-25;2025-05-26;2025-05-27;2025-05-28;2025-05-29;2025-05-30;2025-05-31;2025-06-01;2025-06-02;2025-06-03,2025-05-21;2025-05-22;2025-05-23;2025-05-24;2025-05-25;2025-05-26;2025-05-27;2025-05-28;2025-05-29;2025-05-30;2025-05-31;2025-06-01;2025-06-02;2025-06-03,,2025-06-03,4537.1816391396305,5719.702245491884,5737.1816391396305,32.78942643504754,42.05780268455005,25.16848664667971,56.344922944218766,76693.25400132204,1934.8714912619173,4755.7168112260615,47283.95982725741,6210.990253107708,53494.95008036512,47283.95982725741,47283.95977997344,40103.551192237835,1540.7335735860133,lexicographic,4.728395977997344e-05,4.010355119223939e-05,False,0.18110009999873,0.0,1,0
2025-06-05,False,calendar_trend,4,1.0,7,1.0,0,calibrated_quantile,2025-05-08;2025-05-09;2025-05-10;2025-05-11;2025-05-12;2025-05-13;2025-05-14;2025-05-15;2025-05-16;2025-05-17;2025-05-18;2025-05-19;2025-05-20;2025-05-21;2025-05-22;2025-05-23;2025-05-24;2025-05-25;2025-05-26;2025-05-27;2025-05-28;2025-05-29;2025-05-30;2025-05-31;2025-06-01;2025-06-02;2025-06-03;2025-06-04,28,8795.89727441497,2025-05-08;2025-05-09;2025-05-10;2025-05-11;2025-05-12;2025-05-13;2025-05-14;2025-05-15;2025-05-16;2025-05-17;2025-05-18;2025-05-19;2025-05-20;2025-05-21;2025-05-22;2025-05-23;2025-05-24;2025-05-25;2025-05-26;2025-05-27;2025-05-28;2025-05-29;2025-05-30;2025-05-31;2025-06-01;2025-06-02;2025-06-03;2025-06-04,2025-05-22;2025-05-23;2025-05-24;2025-05-25;2025-05-26;2025-05-27;2025-05-28;2025-05-29;2025-05-30;2025-05-31;2025-06-01;2025-06-02;2025-06-03;2025-06-04,,2025-06-04,4678.783634168619,5737.1816391396305,5878.783634168619,26.119232835528297,32.296498630956734,28.225181961962967,50.40403676413983,79696.90388717384,1047.7111986340024,5183.502516323324,49506.497463049105,3616.834625286625,53123.33208833573,49506.497463049105,49506.49741354261,40686.65552393756,1556.3362505164357,lexicographic,4.950649741354261e-05,4.068665552393955e-05,False,0.16748759999973117,0.0,1,0
2025-06-06,False,calendar_trend,4,1.0,7,1.0,0,calibrated_quantile,2025-05-09;2025-05-10;2025-05-11;2025-05-12;2025-05-13;2025-05-14;2025-05-15;2025-05-16;2025-05-17;2025-05-18;2025-05-19;2025-05-20;2025-05-21;2025-05-22;2025-05-23;2025-05-24;2025-05-25;2025-05-26;2025-05-27;2025-05-28;2025-05-29;2025-05-30;2025-05-31;2025-06-01;2025-06-02;2025-06-03;2025-06-04;2025-06-05,28,8959.39703776458,2025-05-09;2025-05-10;2025-05-11;2025-05-12;2025-05-13;2025-05-14;2025-05-15;2025-05-16;2025-05-17;2025-05-18;2025-05-19;2025-05-20;2025-05-21;2025-05-22;2025-05-23;2025-05-24;2025-05-25;2025-05-26;2025-05-27;2025-05-28;2025-05-29;2025-05-30;2025-05-31;2025-06-01;2025-06-02;2025-06-03;2025-06-04;2025-06-05,2025-05-23;2025-05-24;2025-05-25;2025-05-26;2025-05-27;2025-05-28;2025-05-29;2025-05-30;2025-05-31;2025-06-01;2025-06-02;2025-06-03;2025-06-04;2025-06-05,,2025-06-05,4817.604020711914,5878.783634168619,6017.604020711914,31.84299577331398,39.75852556819373,45.954961407282454,79.31407052279603,35967.85159978026,2968.314950062998,4912.516397581785,20210.948588871837,12508.55331249988,32719.501901371717,20210.94858887184,20210.948568660886,28870.465293764995,1395.0025610966002,lexicographic,2.0210948568660886e-05,2.8870465293764997e-05,False,0.24404439999852912,0.0,1,0
2025-06-07,False,calendar_trend,4,1.0,7,1.0,0,calibrated_quantile,2025-05-10;2025-05-11;2025-05-12;2025-05-13;2025-05-14;2025-05-15;2025-05-16;2025-05-17;2025-05-18;2025-05-19;2025-05-20;2025-05-21;2025-05-22;2025-05-23;2025-05-24;2025-05-25;2025-05-26;2025-05-27;2025-05-28;2025-05-29;2025-05-30;2025-05-31;2025-06-01;2025-06-02;2025-06-03;2025-06-04;2025-06-05;2025-06-06,28,9546.817515279949,2025-05-10;2025-05-11;2025-05-12;2025-05-13;2025-05-14;2025-05-15;2025-05-16;2025-05-17;2025-05-18;2025-05-19;2025-05-20;2025-05-21;2025-05-22;2025-05-23;2025-05-24;2025-05-25;2025-05-26;2025-05-27;2025-05-28;2025-05-29;2025-05-30;2025-05-31;2025-06-01;2025-06-02;2025-06-03;2025-06-04;2025-06-05;2025-06-06,2025-05-24;2025-05-25;2025-05-26;2025-05-27;2025-05-28;2025-05-29;2025-05-30;2025-05-31;2025-06-01;2025-06-02;2025-06-03;2025-06-04;2025-06-05;2025-06-06,,2025-06-06,4826.7385889025845,6017.604020711914,6026.7385889025845,27.727353074927287,35.843507619257,30.69348249834014,58.37510377749572,38542.34760929413,1256.5727533399142,5618.541271383007,22230.909664047744,5554.503243362805,27785.412907410548,22230.909664047744,22230.90964181684,29005.553161865813,1432.1598632233556,lexicographic,2.2230909641816843e-05,2.9005553161865815e-05,False,0.31341990000146325,0.0,1,0
2025-06-08,False,calendar_trend,4,1.0,7,1.0,0,calibrated_quantile,2025-05-11;2025-05-12;2025-05-13;2025-05-14;2025-05-15;2025-05-16;2025-05-17;2025-05-18;2025-05-19;2025-05-20;2025-05-21;2025-05-22;2025-05-23;2025-05-24;2025-05-25;2025-05-26;2025-05-27;2025-05-28;2025-05-29;2025-05-30;2025-05-31;2025-06-01;2025-06-02;2025-06-03;2025-06-04;2025-06-05;2025-06-06;2025-06-07,28,9672.664327776783,2025-05-11;2025-05-12;2025-05-13;2025-05-14;2025-05-15;2025-05-16;2025-05-17;2025-05-18;2025-05-19;2025-05-20;2025-05-21;2025-05-22;2025-05-23;2025-05-24;2025-05-25;2025-05-26;2025-05-27;2025-05-28;2025-05-29;2025-05-30;2025-05-31;2025-06-01;2025-06-02;2025-06-03;2025-06-04;2025-06-05;2025-06-06;2025-06-07,2025-05-25;2025-05-26;2025-05-27;2025-05-28;2025-05-29;2025-05-30;2025-05-31;2025-06-01;2025-06-02;2025-06-03;2025-06-04;2025-06-05;2025-06-06;2025-06-07,,2025-06-07,5006.369593302746,6026.7385889025845,6206.369593302746,46.21118438699661,58.79555588824543,65.97809237738831,110.9620298798942,95000.77819065595,0.0,24897.96945391717,60995.28820455582,0.0,60995.28820455582,60995.28820455582,60995.28814356054,45147.56259426436,1642.127667287365,lexicographic,6.099528814356054e-05,4.5147562549116786e-05,False,0.12056219999794848,0.0,1,0
2025-06-09,False,calendar_trend,4,1.0,7,1.0,0,calibrated_quantile,2025-05-12;2025-05-13;2025-05-14;2025-05-15;2025-05-16;2025-05-17;2025-05-18;2025-05-19;2025-05-20;2025-05-21;2025-05-22;2025-05-23;2025-05-24;2025-05-25;2025-05-26;2025-05-27;2025-05-28;2025-05-29;2025-05-30;2025-05-31;2025-06-01;2025-06-02;2025-06-03;2025-06-04;2025-06-05;2025-06-06;2025-06-07;2025-06-08,28,9590.215875719849,2025-05-12;2025-05-13;2025-05-14;2025-05-15;2025-05-16;2025-05-17;2025-05-18;2025-05-19;2025-05-20;2025-05-21;2025-05-22;2025-05-23;2025-05-24;2025-05-25;2025-05-26;2025-05-27;2025-05-28;2025-05-29;2025-05-30;2025-05-31;2025-06-01;2025-06-02;2025-06-03;2025-06-04;2025-06-05;2025-06-06;2025-06-07;2025-06-08,2025-05-26;2025-05-27;2025-05-28;2025-05-29;2025-05-30;2025-05-31;2025-06-01;2025-06-02;2025-06-03;2025-06-04;2025-06-05;2025-06-06;2025-06-07;2025-06-08,,2025-06-08,4946.492591836025,6206.369593302746,6146.492591836025,46.577995004090695,59.12734724262329,30.579842019648122,53.4647076717581,92691.64970621806,133.80837611179345,17399.312271347648,59461.79876887609,298.06377703573503,59759.86254591183,59461.79876887609,59461.7987094143,43373.11827991878,1662.8944282119564,lexicographic,5.9461798709414307e-05,4.3373118279922064e-05,False,0.23278950000167242,0.0,1,0
2025-06-10,False,calendar_trend,4,1.0,7,1.0,0,calibrated_quantile,2025-05-13;2025-05-14;2025-05-15;2025-05-16;2025-05-17;2025-05-18;2025-05-19;2025-05-20;2025-05-21;2025-05-22;2025-05-23;2025-05-24;2025-05-25;2025-05-26;2025-05-27;2025-05-28;2025-05-29;2025-05-30;2025-05-31;2025-06-01;2025-06-02;2025-06-03;2025-06-04;2025-06-05;2025-06-06;2025-06-07;2025-06-08;2025-06-09,28,9504.40167484501,2025-05-13;2025-05-14;2025-05-15;2025-05-16;2025-05-17;2025-05-18;2025-05-19;2025-05-20;2025-05-21;2025-05-22;2025-05-23;2025-05-24;2025-05-25;2025-05-26;2025-05-27;2025-05-28;2025-05-29;2025-05-30;2025-05-31;2025-06-01;2025-06-02;2025-06-03;2025-06-04;2025-06-05;2025-06-06;2025-06-07;2025-06-08;2025-06-09,2025-05-27;2025-05-28;2025-05-29;2025-05-30;2025-05-31;2025-06-01;2025-06-02;2025-06-03;2025-06-04;2025-06-05;2025-06-06;2025-06-07;2025-06-08;2025-06-09,,2025-06-09,4886.615590369305,6146.492591836025,6086.615590369305,51.82268987038013,64.09989220762792,23.92727057564855,40.86829457049993,93263.17133529321,83.22272357397276,17201.93171577858,59957.87769801039,255.39152288846304,60213.26922089885,59957.87769801038,59957.87763805249,43683.53358577455,1651.5659392147518,lexicographic,5.995787763805249e-05,4.3683533542091016e-05,False,0.19648660000166274,0.0,1,0
2025-06-11,False,calendar_trend,4,1.0,7,1.0,0,calibrated_quantile,2025-05-14;2025-05-15;2025-05-16;2025-05-17;2025-05-18;2025-05-19;2025-05-20;2025-05-21;2025-05-22;2025-05-23;2025-05-24;2025-05-25;2025-05-26;2025-05-27;2025-05-28;2025-05-29;2025-05-30;2025-05-31;2025-06-01;2025-06-02;2025-06-03;2025-06-04;2025-06-05;2025-06-06;2025-06-07;2025-06-08;2025-06-09;2025-06-10,28,9500.389786472075,2025-05-14;2025-05-15;2025-05-16;2025-05-17;2025-05-18;2025-05-19;2025-05-20;2025-05-21;2025-05-22;2025-05-23;2025-05-24;2025-05-25;2025-05-26;2025-05-27;2025-05-28;2025-05-29;2025-05-30;2025-05-31;2025-06-01;2025-06-02;2025-06-03;2025-06-04;2025-06-05;2025-06-06;2025-06-07;2025-06-08;2025-06-09;2025-06-10,2025-05-28;2025-05-29;2025-05-30;2025-05-31;2025-06-01;2025-06-02;2025-06-03;2025-06-04;2025-06-05;2025-06-06;2025-06-07;2025-06-08;2025-06-09;2025-06-10,,2025-06-10,4826.7385889025845,6086.615590369305,6026.7385889025845,41.03886311293229,51.90612572761732,26.66756403426263,54.63897672381183,92813.73355569859,930.1242889412197,13165.978346881187,59295.18249549311,4531.76358043107,63826.94607592418,59295.18249549311,59295.18243619791,43373.11926535028,1642.7863728195166,lexicographic,5.929518243619791e-05,4.3373119265357925e-05,False,0.17731560000174795,0.0,1,0
2025-06-12,False,calendar_trend,4,1.0,7,1.0,0,calibrated_quantile,2025-05-15;2025-05-16;2025-05-17;2025-05-18;2025-05-19;2025-05-20;2025-05-21;2025-05-22;2025-05-23;2025-05-24;2025-05-25;2025-05-26;2025-05-27;2025-05-28;2025-05-29;2025-05-30;2025-05-31;2025-06-01;2025-06-02;2025-06-03;2025-06-04;2025-06-05;2025-06-06;2025-06-07;2025-06-08;2025-06-09;2025-06-10;2025-06-11,28,9602.602524609398,2025-05-15;2025-05-16;2025-05-17;2025-05-18;2025-05-19;2025-05-20;2025-05-21;2025-05-22;2025-05-23;2025-05-24;2025-05-25;2025-05-26;2025-05-27;2025-05-28;2025-05-29;2025-05-30;2025-05-31;2025-06-01;2025-06-02;2025-06-03;2025-06-04;2025-06-05;2025-06-06;2025-06-07;2025-06-08;2025-06-09;2025-06-10;2025-06-11,2025-05-29;2025-05-30;2025-05-31;2025-06-01;2025-06-02;2025-06-03;2025-06-04;2025-06-05;2025-06-06;2025-06-07;2025-06-08;2025-06-09;2025-06-10;2025-06-11,,2025-06-11,4823.693732839028,6026.7385889025845,6023.693732839028,41.83702077523368,51.682643980158886,19.43991085884727,34.412325962180894,93212.34856665938,41.93473504985194,16107.173798209526,59701.69177589333,91.30192151545475,59792.99369740878,59701.691775893334,59701.69171619165,44752.21288376604,1658.8116554214314,lexicographic,5.970169171619165e-05,4.4752212883774785e-05,False,0.22241419999772916,0.0,1,0
2025-06-13,False,calendar_trend,4,1.0,7,1.0,0,calibrated_quantile,2025-05-16;2025-05-17;2025-05-18;2025-05-19;2025-05-20;2025-05-21;2025-05-22;2025-05-23;2025-05-24;2025-05-25;2025-05-26;2025-05-27;2025-05-28;2025-05-29;2025-05-30;2025-05-31;2025-06-01;2025-06-02;2025-06-03;2025-06-04;2025-06-05;2025-06-06;2025-06-07;2025-06-08;2025-06-09;2025-06-10;2025-06-11;2025-06-12,28,9535.35587007735,2025-05-16;2025-05-17;2025-05-18;2025-05-19;2025-05-20;2025-05-21;2025-05-22;2025-05-23;2025-05-24;2025-05-25;2025-05-26;2025-05-27;2025-05-28;2025-05-29;2025-05-30;2025-05-31;2025-06-01;2025-06-02;2025-06-03;2025-06-04;2025-06-05;2025-06-06;2025-06-07;2025-06-08;2025-06-09;2025-06-10;2025-06-11;2025-06-12,2025-05-30;2025-05-31;2025-06-01;2025-06-02;2025-06-03;2025-06-04;2025-06-05;2025-06-06;2025-06-07;2025-06-08;2025-06-09;2025-06-10;2025-06-11;2025-06-12,,2025-06-12,4820.648876775471,6023.693732839028,6020.648876775471,22.955880006127128,30.061370352927486,32.96009654434545,58.93767148883976,41806.41888478206,522.3919343471595,11302.92207787814,24320.143154535857,2657.594179479973,26977.73733401583,24320.143154535854,24320.14313021571,25564.85034515183,1447.5825863423438,lexicographic,2.4320143130215712e-05,2.5564850319586984e-05,False,0.27726740000071004,0.0,1,0
2025-06-14,False,calendar_trend,4,1.0,7,1.0,0,calibrated_quantile,2025-05-17;2025-05-18;2025-05-19;2025-05-20;2025-05-21;2025-05-22;2025-05-23;2025-05-24;2025-05-25;2025-05-26;2025-05-27;2025-05-28;2025-05-29;2025-05-30;2025-05-31;2025-06-01;2025-06-02;2025-06-03;2025-06-04;2025-06-05;2025-06-06;2025-06-07;2025-06-08;2025-06-09;2025-06-10;2025-06-11;2025-06-12;2025-06-13,28,9744.472779487958,2025-05-17;2025-05-18;2025-05-19;2025-05-20;2025-05-21;2025-05-22;2025-05-23;2025-05-24;2025-05-25;2025-05-26;2025-05-27;2025-05-28;2025-05-29;2025-05-30;2025-05-31;2025-06-01;2025-06-02;2025-06-03;2025-06-04;2025-06-05;2025-06-06;2025-06-07;2025-06-08;2025-06-09;2025-06-10;2025-06-11;2025-06-12;2025-06-13,2025-05-31;2025-06-01;2025-06-02;2025-06-03;2025-06-04;2025-06-05;2025-06-06;2025-06-07;2025-06-08;2025-06-09;2025-06-10;2025-06-11;2025-06-12;2025-06-13,,2025-06-13,4817.604020711914,6020.648876775471,6017.604020711914,20.97958338839901,28.42535065372669,30.61106497296708,52.42186007458685,42104.859282769045,25.284243283387468,13235.663790133895,24632.490798372506,53.61523788242312,24686.10603625493,24632.490798372506,24632.490773740017,25760.729923299805,1466.1931305985713,lexicographic,2.4632490773740017e-05,2.5760729897539067e-05,False,0.2889257999995607,0.0,1,0
2025-06-15,False,calendar_trend,4,1.0,7,1.0,0,calibrated_quantile,2025-05-18;2025-05-19;2025-05-20;2025-05-21;2025-05-22;2025-05-23;2025-05-24;2025-05-25;2025-05-26;2025-05-27;2025-05-28;2025-05-29;2025-05-30;2025-05-31;2025-06-01;2025-06-02;2025-06-03;2025-06-04;2025-06-05;2025-06-06;2025-06-07;2025-06-08;2025-06-09;2025-06-10;2025-06-11;2025-06-12;2025-06-13;2025-06-14,28,9532.96575830691,2025-05-18;2025-05-19;2025-05-20;2025-05-21;2025-05-22;2025-05-23;2025-05-24;2025-05-25;2025-05-26;2025-05-27;2025-05-28;2025-05-29;2025-05-30;2025-05-31;2025-06-01;2025-06-02;2025-06-03;2025-06-04;2025-06-05;2025-06-06;2025-06-07;2025-06-08;2025-06-09;2025-06-10;2025-06-11;2025-06-12;2025-06-13;2025-06-14,2025-06-01;2025-06-02;2025-06-03;2025-06-04;2025-06-05;2025-06-06;2025-06-07;2025-06-08;2025-06-09;2025-06-10;2025-06-11;2025-06-12;2025-06-13;2025-06-14,,2025-06-14,4814.559164648356,6017.604020711914,6014.559164648356,51.27761503332657,64.77699259888958,27.418237572785173,45.687272202261504,93483.74252920522,9.031842503670191,18194.94692678375,60050.471369986146,37.98552439030565,60088.45689437645,60050.471369986146,60050.47130993568,44524.86775208201,1663.0960003186124,lexicographic,6.005047130993568e-05,4.452486775210604e-05,False,0.22380850000263308,0.0,1,0
2025-06-16,False,calendar_trend,4,1.0,7,1.0,0,calibrated_quantile,2025-05-19;2025-05-20;2025-05-21;2025-05-22;2025-05-23;2025-05-24;2025-05-25;2025-05-26;2025-05-27;2025-05-28;2025-05-29;2025-05-30;2025-05-31;2025-06-01;2025-06-02;2025-06-03;2025-06-04;2025-06-05;2025-06-06;2025-06-07;2025-06-08;2025-06-09;2025-06-10;2025-06-11;2025-06-12;2025-06-13;2025-06-14;2025-06-15,28,9373.351135437726,2025-05-19;2025-05-20;2025-05-21;2025-05-22;2025-05-23;2025-05-24;2025-05-25;2025-05-26;2025-05-27;2025-05-28;2025-05-29;2025-05-30;2025-05-31;2025-06-01;2025-06-02;2025-06-03;2025-06-04;2025-06-05;2025-06-06;2025-06-07;2025-06-08;2025-06-09;2025-06-10;2025-06-11;2025-06-12;2025-06-13;2025-06-14;2025-06-15,2025-06-02;2025-06-03;2025-06-04;2025-06-05;2025-06-06;2025-06-07;2025-06-08;2025-06-09;2025-06-10;2025-06-11;2025-06-12;2025-06-13;2025-06-14;2025-06-15,,2025-06-15,4746.671399408488,6014.559164648356,5946.671399408488,42.60692019435501,55.883114955239556,21.290474127113313,40.51950754700898,91341.2771825441,164.89021384052663,14276.265803627131,58460.61489908821,521.3458711303306,58981.96077021854,58460.61489908821,58460.6148406276,43853.07506397987,1659.6230728726944,lexicographic,5.84606148406276e-05,4.3853075063984246e-05,False,0.21266219999961322,0.0,1,0
2025-06-17,False,calendar_trend,4,1.0,7,1.0,0,calibrated_quantile,2025-05-20;2025-05-21;2025-05-22;2025-05-23;2025-05-24;2025-05-25;2025-05-26;2025-05-27;2025-05-28;2025-05-29;2025-05-30;2025-05-31;2025-06-01;2025-06-02;2025-06-03;2025-06-04;2025-06-05;2025-06-06;2025-06-07;2025-06-08;2025-06-09;2025-06-10;2025-06-11;2025-06-12;2025-06-13;2025-06-14;2025-06-15;2025-06-16,28,9402.066038791281,2025-05-20;2025-05-21;2025-05-22;2025-05-23;2025-05-24;2025-05-25;2025-05-26;2025-05-27;2025-05-28;2025-05-29;2025-05-30;2025-05-31;2025-06-01;2025-06-02;2025-06-03;2025-06-04;2025-06-05;2025-06-06;2025-06-07;2025-06-08;2025-06-09;2025-06-10;2025-06-11;2025-06-12;2025-06-13;2025-06-14;2025-06-15;2025-06-16,2025-06-03;2025-06-04;2025-06-05;2025-06-06;2025-06-07;2025-06-08;2025-06-09;2025-06-10;2025-06-11;2025-06-12;2025-06-13;2025-06-14;2025-06-15;2025-06-16,,2025-06-16,4678.783634168619,5946.671399408488,5878.783634168619,35.97704647589272,45.9523030527796,28.52433712114848,59.195408559009906,90136.25728030583,466.5194582988517,11374.73997896395,57494.69103049797,1793.2948849297218,59287.98591542769,57494.69103049796,57494.690973003264,44378.70636955173,1626.1393562695987,lexicographic,5.749469097300327e-05,4.4378706325173006e-05,False,0.21828169999935199,0.0,1,0
2025-06-18,False,calendar_trend,4,1.0,7,1.0,0,calibrated_quantile,2025-05-21;2025-05-22;2025-05-23;2025-05-24;2025-05-25;2025-05-26;2025-05-27;2025-05-28;2025-05-29;2025-05-30;2025-05-31;2025-06-01;2025-06-02;2025-06-03;2025-06-04;2025-06-05;2025-06-06;2025-06-07;2025-06-08;2025-06-09;2025-06-10;2025-06-11;2025-06-12;2025-06-13;2025-06-14;2025-06-15;2025-06-16;2025-06-17,28,9346.79332437093,2025-05-21;2025-05-22;2025-05-23;2025-05-24;2025-05-25;2025-05-26;2025-05-27;2025-05-28;2025-05-29;2025-05-30;2025-05-31;2025-06-01;2025-06-02;2025-06-03;2025-06-04;2025-06-05;2025-06-06;2025-06-07;2025-06-08;2025-06-09;2025-06-10;2025-06-11;2025-06-12;2025-06-13;2025-06-14;2025-06-15;2025-06-16;2025-06-17,2025-06-04;2025-06-05;2025-06-06;2025-06-07;2025-06-08;2025-06-09;2025-06-10;2025-06-11;2025-06-12;2025-06-13;2025-06-14;2025-06-15;2025-06-16;2025-06-17,,2025-06-17,4610.895868928749,5878.783634168619,5810.895868928749,28.93331135506775,37.89542949198674,20.79752454807944,37.581837131803276,89300.93168848516,48.14429580855783,13847.027813832723,56665.59306903471,130.39484478595347,56795.98791382066,56665.59306903471,56665.59301236909,44213.25072087458,1647.4954895182004,lexicographic,5.6665593012369096e-05,4.421325072088005e-05,False,0.16246260000116308,0.0,1,0
2025-06-19,False,calendar_trend,4,1.0,7,1.0,0,calibrated_quantile,2025-05-22;2025-05-23;2025-05-24;2025-05-25;2025-05-26;2025-05-27;2025-05-28;2025-05-29;2025-05-30;2025-05-31;2025-06-01;2025-06-02;2025-06-03;2025-06-04;2025-06-05;2025-06-06;2025-06-07;2025-06-08;2025-06-09;2025-06-10;2025-06-11;2025-06-12;2025-06-13;2025-06-14;2025-06-15;2025-06-16;2025-06-17;2025-06-18,28,9116.072671312277,2025-05-22;2025-05-23;2025-05-24;2025-05-25;2025-05-26;2025-05-27;2025-05-28;2025-05-29;2025-05-30;2025-05-31;2025-06-01;2025-06-02;2025-06-03;2025-06-04;2025-06-05;2025-06-06;2025-06-07;2025-06-08;2025-06-09;2025-06-10;2025-06-11;2025-06-12;2025-06-13;2025-06-14;2025-06-15;2025-06-16;2025-06-17;2025-06-18,2025-06-05;2025-06-06;2025-06-07;2025-06-08;2025-06-09;2025-06-10;2025-06-11;2025-06-12;2025-06-13;2025-06-14;2025-06-15;2025-06-16;2025-06-17;2025-06-18,,2025-06-18,4543.00810368888,5810.895868928749,5743.00810368888,26.617595905610642,33.08174016829551,38.30846285407237,77.54030401022169,86840.61642553932,163.12774990418626,14292.33319313945,55031.8134118369,448.3559443758821,55480.16935621278,55031.8134118369,55031.813356805076,43053.417123168925,1606.227386115832,lexicographic,5.503181335680508e-05,4.305341712318749e-05,False,0.19133990000045742,0.0,1,0
2025-06-20,False,calendar_trend,4,1.0,7,1.0,0,calibrated_quantile,2025-05-23;2025-05-24;2025-05-25;2025-05-26;2025-05-27;2025-05-28;2025-05-29;2025-05-30;2025-05-31;2025-06-01;2025-06-02;2025-06-03;2025-06-04;2025-06-05;2025-06-06;2025-06-07;2025-06-08;2025-06-09;2025-06-10;2025-06-11;2025-06-12;2025-06-13;2025-06-14;2025-06-15;2025-06-16;2025-06-17;2025-06-18;2025-06-19,28,9118.553393790575,2025-05-23;2025-05-24;2025-05-25;2025-05-26;2025-05-27;2025-05-28;2025-05-29;2025-05-30;2025-05-31;2025-06-01;2025-06-02;2025-06-03;2025-06-04;2025-06-05;2025-06-06;2025-06-07;2025-06-08;2025-06-09;2025-06-10;2025-06-11;2025-06-12;2025-06-13;2025-06-14;2025-06-15;2025-06-16;2025-06-17;2025-06-18;2025-06-19,2025-06-06;2025-06-07;2025-06-08;2025-06-09;2025-06-10;2025-06-11;2025-06-12;2025-06-13;2025-06-14;2025-06-15;2025-06-16;2025-06-17;2025-06-18;2025-06-19,,2025-06-19,4537.1816391396305,5743.00810368888,5737.1816391396305,22.98512027358063,28.99053493438596,24.18309506095589,40.75837144093335,36562.80364397352,207.1154378648447,11390.065926114337,21126.672994978708,461.80273001094395,21588.47572498965,21126.672994978708,21126.672973852037,28436.686892364036,1409.8397418474715,lexicographic,2.1126672973852037e-05,2.843668689236403e-05,False,0.24224039999899105,0.0,1,0
2025-06-21,False,calendar_trend,4,1.0,7,1.0,0,calibrated_quantile,2025-05-24;2025-05-25;2025-05-26;2025-05-27;2025-05-28;2025-05-29;2025-05-30;2025-05-31;2025-06-01;2025-06-02;2025-06-03;2025-06-04;2025-06-05;2025-06-06;2025-06-07;2025-06-08;2025-06-09;2025-06-10;2025-06-11;2025-06-12;2025-06-13;2025-06-14;2025-06-15;2025-06-16;2025-06-17;2025-06-18;2025-06-19;2025-06-20,28,9086.895546509913,2025-05-24;2025-05-25;2025-05-26;2025-05-27;2025-05-28;2025-05-29;2025-05-30;2025-05-31;2025-06-01;2025-06-02;2025-06-03;2025-06-04;2025-06-05;2025-06-06;2025-06-07;2025-06-08;2025-06-09;2025-06-10;2025-06-11;2025-06-12;2025-06-13;2025-06-14;2025-06-15;2025-06-16;2025-06-17;2025-06-18;2025-06-19;2025-06-20,2025-06-07;2025-06-08;2025-06-09;2025-06-10;2025-06-11;2025-06-12;2025-06-13;2025-06-14;2025-06-15;2025-06-16;2025-06-17;2025-06-18;2025-06-19;2025-06-20,,2025-06-20,4531.355174590382,5737.1816391396305,5731.355174590382,27.596777927911074,35.984534779252975,46.70763397375288,89.10361058617069,36423.12990361653,485.42346911607257,14595.77069841341,20920.069650677353,1675.946771113221,22596.016421790573,20920.069650677353,20920.06962975728,28424.969224770535,1417.4127826487663,lexicographic,2.0920069629757282e-05,2.8424969224770538e-05,False,0.24320349999834434,0.0,1,0
2025-06-22,False,calendar_trend,4,1.0,7,1.0,0,calibrated_quantile,2025-05-25;2025-05-26;2025-05-27;2025-05-28;2025-05-29;2025-05-30;2025-05-31;2025-06-01;2025-06-02;2025-06-03;2025-06-04;2025-06-05;2025-06-06;2025-06-07;2025-06-08;2025-06-09;2025-06-10;2025-06-11;2025-06-12;2025-06-13;2025-06-14;2025-06-15;2025-06-16;2025-06-17;2025-06-18;2025-06-19;2025-06-20;2025-06-21,28,9062.642526155578,2025-05-25;2025-05-26;2025-05-27;2025-05-28;2025-05-29;2025-05-30;2025-05-31;2025-06-01;2025-06-02;2025-06-03;2025-06-04;2025-06-05;2025-06-06;2025-06-07;2025-06-08;2025-06-09;2025-06-10;2025-06-11;2025-06-12;2025-06-13;2025-06-14;2025-06-15;2025-06-16;2025-06-17;2025-06-18;2025-06-19;2025-06-20;2025-06-21,2025-06-08;2025-06-09;2025-06-10;2025-06-11;2025-06-12;2025-06-13;2025-06-14;2025-06-15;2025-06-16;2025-06-17;2025-06-18;2025-06-19;2025-06-20;2025-06-21,,2025-06-21,4525.528710041133,5731.355174590382,5725.528710041133,22.430403752277314,28.347562559357588,32.44454475970651,54.28424395610692,83364.34023003443,179.5320118542302,11707.252832167347,52305.04259654255,594.909830915785,52899.95242745834,52305.042596542546,52305.04254423751,41773.586193601215,1589.7395976637897,lexicographic,5.2305042544237516e-05,4.1773586193601744e-05,False,0.17857229999935953,0.0,1,0
2025-06-23,False,calendar_trend,4,1.0,7,1.0,0,calibrated_quantile,2025-05-26;2025-05-27;2025-05-28;2025-05-29;2025-05-30;2025-05-31;2025-06-01;2025-06-02;2025-06-03;2025-06-04;2025-06-05;2025-06-06;2025-06-07;2025-06-08;2025-06-09;2025-06-10;2025-06-11;2025-06-12;2025-06-13;2025-06-14;2025-06-15;2025-06-16;2025-06-17;2025-06-18;2025-06-19;2025-06-20;2025-06-21;2025-06-22,28,9027.702654412255,2025-05-26;2025-05-27;2025-05-28;2025-05-29;2025-05-30;2025-05-31;2025-06-01;2025-06-02;2025-06-03;2025-06-04;2025-06-05;2025-06-06;2025-06-07;2025-06-08;2025-06-09;2025-06-10;2025-06-11;2025-06-12;2025-06-13;2025-06-14;2025-06-15;2025-06-16;2025-06-17;2025-06-18;2025-06-19;2025-06-20;2025-06-21;2025-06-22,2025-06-09;2025-06-10;2025-06-11;2025-06-12;2025-06-13;2025-06-14;2025-06-15;2025-06-16;2025-06-17;2025-06-18;2025-06-19;2025-06-20;2025-06-21;2025-06-22,,2025-06-22,4519.702245491884,5725.528710041133,5719.702245491884,25.403593553822006,31.98757540083302,21.01653330182696,37.438295219351595,80697.44428079753,293.4306871010591,9559.292995876705,50085.097187625375,932.0762427684317,51017.17343039381,50085.097187625375,50085.09713754027,41688.017608148744,1584.8214000317735,lexicographic,5.008509713754028e-05,4.168801760814996e-05,False,0.20576330000039889,0.0,1,0
2025-06-24,False,calendar_trend,4,1.0,7,1.0,0,calibrated_quantile,2025-05-27;2025-05-28;2025-05-29;2025-05-30;2025-05-31;2025-06-01;2025-06-02;2025-06-03;2025-06-04;2025-06-05;2025-06-06;2025-06-07;2025-06-08;2025-06-09;2025-06-10;2025-06-11;2025-06-12;2025-06-13;2025-06-14;2025-06-15;2025-06-16;2025-06-17;2025-06-18;2025-06-19;2025-06-20;2025-06-21;2025-06-22;2025-06-23,28,8813.001510201088,2025-05-27;2025-05-28;2025-05-29;2025-05-30;2025-05-31;2025-06-01;2025-06-02;2025-06-03;2025-06-04;2025-06-05;2025-06-06;2025-06-07;2025-06-08;2025-06-09;2025-06-10;2025-06-11;2025-06-12;2025-06-13;2025-06-14;2025-06-15;2025-06-16;2025-06-17;2025-06-18;2025-06-19;2025-06-20;2025-06-21;2025-06-22;2025-06-23,2025-06-10;2025-06-11;2025-06-12;2025-06-13;2025-06-14;2025-06-15;2025-06-16;2025-06-17;2025-06-18;2025-06-19;2025-06-20;2025-06-21;2025-06-22;2025-06-23,,2025-06-23,4456.593915027982,5719.702245491884,5656.593915027982,29.152138731934443,36.769137126507346,61.20806181943903,104.42580551195901,78435.8972951429,4774.433506618017,2605.847322272746,48505.704297189164,19415.46064151739,67921.16493870656,48505.70429718916,48505.70424868345,41901.03221162439,1561.7843641278253,lexicographic,4.850570424868345e-05,4.190103216972336e-05,False,0.1073885000005248,1.500021023688345e-16,1,0
2025-06-25,False,calendar_trend,4,1.0,7,1.0,0,calibrated_quantile,2025-05-28;2025-05-29;2025-05-30;2025-05-31;2025-06-01;2025-06-02;2025-06-03;2025-06-04;2025-06-05;2025-06-06;2025-06-07;2025-06-08;2025-06-09;2025-06-10;2025-06-11;2025-06-12;2025-06-13;2025-06-14;2025-06-15;2025-06-16;2025-06-17;2025-06-18;2025-06-19;2025-06-20;2025-06-21;2025-06-22;2025-06-23;2025-06-24,28,9572.058989173198,2025-05-28;2025-05-29;2025-05-30;2025-05-31;2025-06-01;2025-06-02;2025-06-03;2025-06-04;2025-06-05;2025-06-06;2025-06-07;2025-06-08;2025-06-09;2025-06-10;2025-06-11;2025-06-12;2025-06-13;2025-06-14;2025-06-15;2025-06-16;2025-06-17;2025-06-18;2025-06-19;2025-06-20;2025-06-21;2025-06-22;2025-06-23;2025-06-24,2025-06-11;2025-06-12;2025-06-13;2025-06-14;2025-06-15;2025-06-16;2025-06-17;2025-06-18;2025-06-19;2025-06-20;2025-06-21;2025-06-22;2025-06-23;2025-06-24,,2025-06-24,4531.355174590382,5656.593915027982,5731.355174590382,28.91570762022334,36.94414330329217,30.3284020808882,60.24044992372713,80383.75704529164,1373.8359013208733,6825.592429973985,49672.13959095204,4946.67128565675,54618.8108766088,49672.139590952036,49672.139541279896,42108.51575914091,1578.4289695875686,lexicographic,4.96721395412799e-05,4.210851575915181e-05,False,0.26993399999992107,1.464796499884359e-16,1,0
2025-06-26,False,calendar_trend,4,1.0,7,1.0,0,calibrated_quantile,2025-05-29;2025-05-30;2025-05-31;2025-06-01;2025-06-02;2025-06-03;2025-06-04;2025-06-05;2025-06-06;2025-06-07;2025-06-08;2025-06-09;2025-06-10;2025-06-11;2025-06-12;2025-06-13;2025-06-14;2025-06-15;2025-06-16;2025-06-17;2025-06-18;2025-06-19;2025-06-20;2025-06-21;2025-06-22;2025-06-23;2025-06-24;2025-06-25,28,9537.388986708647,2025-05-29;2025-05-30;2025-05-31;2025-06-01;2025-06-02;2025-06-03;2025-06-04;2025-06-05;2025-06-06;2025-06-07;2025-06-08;2025-06-09;2025-06-10;2025-06-11;2025-06-12;2025-06-13;2025-06-14;2025-06-15;2025-06-16;2025-06-17;2025-06-18;2025-06-19;2025-06-20;2025-06-21;2025-06-22;2025-06-23;2025-06-24;2025-06-25,2025-06-12;2025-06-13;2025-06-14;2025-06-15;2025-06-16;2025-06-17;2025-06-18;2025-06-19;2025-06-20;2025-06-21;2025-06-22;2025-06-23;2025-06-24;2025-06-25,,2025-06-25,4610.895868928749,5731.355174590382,5810.895868928749,29.028537159510115,37.95828013402429,29.1553844681109,53.13537663167902,80426.34238890049,603.4023094566886,8951.976970146912,49919.70000268066,2591.5381354068672,52511.23813808753,49919.70000268066,49919.699952760966,42404.32421009579,1535.2492817941534,lexicographic,4.991969995276097e-05,4.240432421014275e-05,False,0.2059140000019397,0.0,1,0
2025-06-27,False,calendar_trend,4,1.0,7,1.0,0,calibrated_quantile,2025-05-30;2025-05-31;2025-06-01;2025-06-02;2025-06-03;2025-06-04;2025-06-05;2025-06-06;2025-06-07;2025-06-08;2025-06-09;2025-06-10;2025-06-11;2025-06-12;2025-06-13;2025-06-14;2025-06-15;2025-06-16;2025-06-17;2025-06-18;2025-06-19;2025-06-20;2025-06-21;2025-06-22;2025-06-23;2025-06-24;2025-06-25;2025-06-26,28,9521.845709013915,2025-05-30;2025-05-31;2025-06-01;2025-06-02;2025-06-03;2025-06-04;2025-06-05;2025-06-06;2025-06-07;2025-06-08;2025-06-09;2025-06-10;2025-06-11;2025-06-12;2025-06-13;2025-06-14;2025-06-15;2025-06-16;2025-06-17;2025-06-18;2025-06-19;2025-06-20;2025-06-21;2025-06-22;2025-06-23;2025-06-24;2025-06-25;2025-06-26,2025-06-13;2025-06-14;2025-06-15;2025-06-16;2025-06-17;2025-06-18;2025-06-19;2025-06-20;2025-06-21;2025-06-22;2025-06-23;2025-06-24;2025-06-25;2025-06-26,,2025-06-26,4543.00810368888,5810.895868928749,5743.00810368888,25.900544670494885,32.739821729113864,23.929337261071275,46.07316919397558,34268.944047437115,310.92837708378005,11883.579391346912,19282.342754170182,1215.3432482967542,20497.686002466937,19282.342754170182,19282.342734887843,28504.259730579077,1392.952312688244,lexicographic,1.9282342734887843e-05,2.8504259730579075e-05,False,0.2781085999995412,0.0,1,0
2025-06-28,False,calendar_trend,4,1.0,7,1.0,0,calibrated_quantile,2025-05-31;2025-06-01;2025-06-02;2025-06-03;2025-06-04;2025-06-05;2025-06-06;2025-06-07;2025-06-08;2025-06-09;2025-06-10;2025-06-11;2025-06-12;2025-06-13;2025-06-14;2025-06-15;2025-06-16;2025-06-17;2025-06-18;2025-06-19;2025-06-20;2025-06-21;2025-06-22;2025-06-23;2025-06-24;2025-06-25;2025-06-26;2025-06-27,28,9394.786516367207,2025-05-31;2025-06-01;2025-06-02;2025-06-03;2025-06-04;2025-06-05;2025-06-06;2025-06-07;2025-06-08;2025-06-09;2025-06-10;2025-06-11;2025-06-12;2025-06-13;2025-06-14;2025-06-15;2025-06-16;2025-06-17;2025-06-18;2025-06-19;2025-06-20;2025-06-21;2025-06-22;2025-06-23;2025-06-24;2025-06-25;2025-06-26;2025-06-27,2025-06-14;2025-06-15;2025-06-16;2025-06-17;2025-06-18;2025-06-19;2025-06-20;2025-06-21;2025-06-22;2025-06-23;2025-06-24;2025-06-25;2025-06-26;2025-06-27,,2025-06-27,4537.1816391396305,5743.00810368888,5737.1816391396305,24.614765922305853,31.9132056390868,28.875655507144124,55.15356546478299,34808.67854962594,492.73961627590825,10545.219743511147,19460.63728919715,1729.6453335230694,21190.28262272022,19460.637289197148,19460.63726973651,28436.686892364025,1397.3459963502212,lexicographic,1.9460637269736513e-05,2.8436686892364026e-05,False,0.24509890000263113,0.0,1,0
2025-06-29,False,calendar_trend,4,1.0,7,1.0,0,calibrated_quantile,2025-06-01;2025-06-02;2025-06-03;2025-06-04;2025-06-05;2025-06-06;2025-06-07;2025-06-08;2025-06-09;2025-06-10;2025-06-11;2025-06-12;2025-06-13;2025-06-14;2025-06-15;2025-06-16;2025-06-17;2025-06-18;2025-06-19;2025-06-20;2025-06-21;2025-06-22;2025-06-23;2025-06-24;2025-06-25;2025-06-26;2025-06-27;2025-06-28,28,9460.18505786077,2025-06-01;2025-06-02;2025-06-03;2025-06-04;2025-06-05;2025-06-06;2025-06-07;2025-06-08;2025-06-09;2025-06-10;2025-06-11;2025-06-12;2025-06-13;2025-06-14;2025-06-15;2025-06-16;2025-06-17;2025-06-18;2025-06-19;2025-06-20;2025-06-21;2025-06-22;2025-06-23;2025-06-24;2025-06-25;2025-06-26;2025-06-27;2025-06-28,2025-06-15;2025-06-16;2025-06-17;2025-06-18;2025-06-19;2025-06-20;2025-06-21;2025-06-22;2025-06-23;2025-06-24;2025-06-25;2025-06-26;2025-06-27;2025-06-28,,2025-06-28,4573.779700339162,5737.1816391396305,5773.779700339162,25.361286364594687,32.56480274975061,29.232171584570224,59.278354623496305,79864.12840283866,1362.9134268100602,7583.437453809179,49649.86700596947,3917.3405360743745,53567.20754204385,49649.86700596947,49649.86695631961,41338.875604089946,1573.3020332785663,lexicographic,4.964986695631961e-05,4.133887556275106e-05,False,0.2373920000027283,0.0,1,0
2025-06-30,False,calendar_trend,4,1.0,7,1.0,0,calibrated_quantile,2025-06-02;2025-06-03;2025-06-04;2025-06-05;2025-06-06;2025-06-07;2025-06-08;2025-06-09;2025-06-10;2025-06-11;2025-06-12;2025-06-13;2025-06-14;2025-06-15;2025-06-16;2025-06-17;2025-06-18;2025-06-19;2025-06-20;2025-06-21;2025-06-22;2025-06-23;2025-06-24;2025-06-25;2025-06-26;2025-06-27;2025-06-28;2025-06-29,28,8486.484440442178,2025-06-02;2025-06-03;2025-06-04;2025-06-05;2025-06-06;2025-06-07;2025-06-08;2025-06-09;2025-06-10;2025-06-11;2025-06-12;2025-06-13;2025-06-14;2025-06-15;2025-06-16;2025-06-17;2025-06-18;2025-06-19;2025-06-20;2025-06-21;2025-06-22;2025-06-23;2025-06-24;2025-06-25;2025-06-26;2025-06-27;2025-06-28;2025-06-29,2025-06-16;2025-06-17;2025-06-18;2025-06-19;2025-06-20;2025-06-21;2025-06-22;2025-06-23;2025-06-24;2025-06-25;2025-06-26;2025-06-27;2025-06-28;2025-06-29,,2025-06-29,4657.053263904172,5773.779700339162,5857.053263904172,26.184978849023917,34.392703812328456,29.994797906690437,52.54446782410912,79610.19442849254,1198.5673384909655,6562.1884107934675,49369.178188246224,4632.186241224418,54001.36442947064,49369.178188246224,49369.17813887705,40830.512370808545,1548.677513291862,lexicographic,4.936917813887705e-05,4.083051237080941e-05,False,0.33420379999733996,0.0,1,0
2025-07-01,False,calendar_trend,4,1.0,7,1.0,0,calibrated_quantile,2025-06-03;2025-06-04;2025-06-05;2025-06-06;2025-06-07;2025-06-08;2025-06-09;2025-06-10;2025-06-11;2025-06-12;2025-06-13;2025-06-14;2025-06-15;2025-06-16;2025-06-17;2025-06-18;2025-06-19;2025-06-20;2025-06-21;2025-06-22;2025-06-23;2025-06-24;2025-06-25;2025-06-26;2025-06-27;2025-06-28;2025-06-29;2025-06-30,28,7861.807441649551,2025-06-03;2025-06-04;2025-06-05;2025-06-06;2025-06-07;2025-06-08;2025-06-09;2025-06-10;2025-06-11;2025-06-12;2025-06-13;2025-06-14;2025-06-15;2025-06-16;2025-06-17;2025-06-18;2025-06-19;2025-06-20;2025-06-21;2025-06-22;2025-06-23;2025-06-24;2025-06-25;2025-06-26;2025-06-27;2025-06-28;2025-06-29;2025-06-30,2025-06-17;2025-06-18;2025-06-19;2025-06-20;2025-06-21;2025-06-22;2025-06-23;2025-06-24;2025-06-25;2025-06-26;2025-06-27;2025-06-28;2025-06-29;2025-06-30,,2025-06-30,4814.559164648356,5857.053263904172,6014.559164648356,113.47681417135838,120.25138430033162,35.35499621029814,58.109619313626325,79624.13812594482,6677.760748426409,2997.7043602169506,49218.67713395276,23853.374652284147,73072.0517862369,49218.67713395276,49218.67708473408,40782.29867866518,1573.7052686033092,lexicographic,4.921867708473409e-05,4.078229867866471e-05,False,0.2417965999993612,1.4782919909970872e-16,1,0
2025-07-02,False,calendar_trend,4,1.0,7,1.0,0,calibrated_quantile,2025-06-04;2025-06-05;2025-06-06;2025-06-07;2025-06-08;2025-06-09;2025-06-10;2025-06-11;2025-06-12;2025-06-13;2025-06-14;2025-06-15;2025-06-16;2025-06-17;2025-06-18;2025-06-19;2025-06-20;2025-06-21;2025-06-22;2025-06-23;2025-06-24;2025-06-25;2025-06-26;2025-06-27;2025-06-28;2025-06-29;2025-06-30;2025-07-01,28,7919.509590683536,2025-06-04;2025-06-05;2025-06-06;2025-06-07;2025-06-08;2025-06-09;2025-06-10;2025-06-11;2025-06-12;2025-06-13;2025-06-14;2025-06-15;2025-06-16;2025-06-17;2025-06-18;2025-06-19;2025-06-20;2025-06-21;2025-06-22;2025-06-23;2025-06-24;2025-06-25;2025-06-26;2025-06-27;2025-06-28;2025-06-29;2025-06-30;2025-07-01,2025-06-18;2025-06-19;2025-06-20;2025-06-21;2025-06-22;2025-06-23;2025-06-24;2025-06-25;2025-06-26;2025-06-27;2025-06-28;2025-06-29;2025-06-30;2025-07-01,,2025-07-01,4823.693732839028,6014.559164648356,6023.693732839028,84.60312070371994,92.76523099047532,68.2739395352549,107.59844041332289,82742.3099169975,4243.570007932669,9779.356067071145,51393.0607061527,15530.703408328875,66923.76411448157,51393.0607061527,51393.06065475964,40893.36229639465,1600.5696008322375,lexicographic,5.1393060654759644e-05,4.0893362255501275e-05,False,0.2584308000004967,0.0,1,0
2025-07-03,False,calendar_trend,4,1.0,7,1.0,0,calibrated_quantile,2025-06-05;2025-06-06;2025-06-07;2025-06-08;2025-06-09;2025-06-10;2025-06-11;2025-06-12;2025-06-13;2025-06-14;2025-06-15;2025-06-16;2025-06-17;2025-06-18;2025-06-19;2025-06-20;2025-06-21;2025-06-22;2025-06-23;2025-06-24;2025-06-25;2025-06-26;2025-06-27;2025-06-28;2025-06-29;2025-06-30;2025-07-01;2025-07-02,28,7864.9208344877425,2025-06-05;2025-06-06;2025-06-07;2025-06-08;2025-06-09;2025-06-10;2025-06-11;2025-06-12;2025-06-13;2025-06-14;2025-06-15;2025-06-16;2025-06-17;2025-06-18;2025-06-19;2025-06-20;2025-06-21;2025-06-22;2025-06-23;2025-06-24;2025-06-25;2025-06-26;2025-06-27;2025-06-28;2025-06-29;2025-06-30;2025-07-01;2025-07-02,2025-06-19;2025-06-20;2025-06-21;2025-06-22;2025-06-23;2025-06-24;2025-06-25;2025-06-26;2025-06-27;2025-06-28;2025-06-29;2025-06-30;2025-07-01;2025-07-02,,2025-07-02,4946.492591836025,6023.693732839028,6146.492591836025,64.39105134807298,74.44553160515513,19.118414679154323,33.519681483151444,84111.18480623746,3428.6010252897895,3398.9112135348896,52608.216991661735,13210.72580633516,65818.94279799689,52608.216991661735,52608.216939053535,40566.246542306515,1621.963034514607,lexicographic,5.2608216939053535e-05,4.056624650174027e-05,False,0.35267430000021704,0.0,1,0
2025-07-04,False,calendar_trend,4,1.0,7,1.0,0,calibrated_quantile,2025-06-06;2025-06-07;2025-06-08;2025-06-09;2025-06-10;2025-06-11;2025-06-12;2025-06-13;2025-06-14;2025-06-15;2025-06-16;2025-06-17;2025-06-18;2025-06-19;2025-06-20;2025-06-21;2025-06-22;2025-06-23;2025-06-24;2025-06-25;2025-06-26;2025-06-27;2025-06-28;2025-06-29;2025-06-30;2025-07-01;2025-07-02;2025-07-03,28,8132.353051335011,2025-06-06;2025-06-07;2025-06-08;2025-06-09;2025-06-10;2025-06-11;2025-06-12;2025-06-13;2025-06-14;2025-06-15;2025-06-16;2025-06-17;2025-06-18;2025-06-19;2025-06-20;2025-06-21;2025-06-22;2025-06-23;2025-06-24;2025-06-25;2025-06-26;2025-06-27;2025-06-28;2025-06-29;2025-06-30;2025-07-01;2025-07-02;2025-07-03,2025-06-20;2025-06-21;2025-06-22;2025-06-23;2025-06-24;2025-06-25;2025-06-26;2025-06-27;2025-06-28;2025-06-29;2025-06-30;2025-07-01;2025-07-02;2025-07-03,,2025-07-03,5114.422507914078,6146.492591836025,6314.422507914078,63.27221314983222,69.5827149766742,41.82386454281658,84.81542529282711,40865.57635182142,2157.52180888724,10884.715684567669,23753.306404799434,8062.432064839692,31815.738469639127,23753.306404799434,23753.306381046124,29441.20167477918,1469.3172447776844,lexicographic,2.3753306381046125e-05,2.9441201674779173e-05,False,0.256955900000321,0.0,1,0
2025-07-05,False,calendar_trend,4,1.0,7,1.0,0,calibrated_quantile,2025-06-07;2025-06-08;2025-06-09;2025-06-10;2025-06-11;2025-06-12;2025-06-13;2025-06-14;2025-06-15;2025-06-16;2025-06-17;2025-06-18;2025-06-19;2025-06-20;2025-06-21;2025-06-22;2025-06-23;2025-06-24;2025-06-25;2025-06-26;2025-06-27;2025-06-28;2025-06-29;2025-06-30;2025-07-01;2025-07-02;2025-07-03;2025-07-04,28,7895.938628829136,2025-06-07;2025-06-08;2025-06-09;2025-06-10;2025-06-11;2025-06-12;2025-06-13;2025-06-14;2025-06-15;2025-06-16;2025-06-17;2025-06-18;2025-06-19;2025-06-20;2025-06-21;2025-06-22;2025-06-23;2025-06-24;2025-06-25;2025-06-26;2025-06-27;2025-06-28;2025-06-29;2025-06-30;2025-07-01;2025-07-02;2025-07-03;2025-07-04,2025-06-21;2025-06-22;2025-06-23;2025-06-24;2025-06-25;2025-06-26;2025-06-27;2025-06-28;2025-06-29;2025-06-30;2025-07-01;2025-07-02;2025-07-03;2025-07-04,,2025-07-04,5258.950247347911,6314.422507914078,6458.950247347911,41.69474110904834,51.06614160441958,32.9918097307199,62.538969739214025,43526.14573379208,1118.6213477524716,12587.722652725104,25335.839569438205,4433.124256958846,29768.963826397052,25335.839569438205,25335.839544102368,29752.92497639812,1510.3249327980313,lexicographic,2.533583954410237e-05,2.9752924976398128e-05,False,0.2136002000006556,0.0,1,0
2025-07-06,False,calendar_trend,4,1.0,7,1.0,0,calibrated_quantile,2025-06-08;2025-06-09;2025-06-10;2025-06-11;2025-06-12;2025-06-13;2025-06-14;2025-06-15;2025-06-16;2025-06-17;2025-06-18;2025-06-19;2025-06-20;2025-06-21;2025-06-22;2025-06-23;2025-06-24;2025-06-25;2025-06-26;2025-06-27;2025-06-28;2025-06-29;2025-06-30;2025-07-01;2025-07-02;2025-07-03;2025-07-04;2025-07-05,28,7674.1733340792025,2025-06-08;2025-06-09;2025-06-10;2025-06-11;2025-06-12;2025-06-13;2025-06-14;2025-06-15;2025-06-16;2025-06-17;2025-06-18;2025-06-19;2025-06-20;2025-06-21;2025-06-22;2025-06-23;2025-06-24;2025-06-25;2025-06-26;2025-06-27;2025-06-28;2025-06-29;2025-06-30;2025-07-01;2025-07-02;2025-07-03;2025-07-04;2025-07-05,2025-06-22;2025-06-23;2025-06-24;2025-06-25;2025-06-26;2025-06-27;2025-06-28;2025-06-29;2025-06-30;2025-07-01;2025-07-02;2025-07-03;2025-07-04;2025-07-05,,2025-07-05,5210.774334203299,6458.950247347911,6410.774334203299,34.90036629891396,44.91792526438344,38.129337501133904,67.55639387296328,90650.21460100332,1494.738188437453,8125.426368349745,57599.14940209741,6661.795024127301,64260.94442622471,57599.14940209741,57599.14934449827,40710.27821228989,1718.6531815784242,lexicographic,5.759914934449827e-05,4.071027817157961e-05,False,0.11333040000317851,0.0,1,0
2025-07-07,False,calendar_trend,4,1.0,7,1.0,0,calibrated_quantile,2025-06-09;2025-06-10;2025-06-11;2025-06-12;2025-06-13;2025-06-14;2025-06-15;2025-06-16;2025-06-17;2025-06-18;2025-06-19;2025-06-20;2025-06-21;2025-06-22;2025-06-23;2025-06-24;2025-06-25;2025-06-26;2025-06-27;2025-06-28;2025-06-29;2025-06-30;2025-07-01;2025-07-02;2025-07-03;2025-07-04;2025-07-05;2025-07-06,28,8002.09463554747,2025-06-09;2025-06-10;2025-06-11;2025-06-12;2025-06-13;2025-06-14;2025-06-15;2025-06-16;2025-06-17;2025-06-18;2025-06-19;2025-06-20;2025-06-21;2025-06-22;2025-06-23;2025-06-24;2025-06-25;2025-06-26;2025-06-27;2025-06-28;2025-06-29;2025-06-30;2025-07-01;2025-07-02;2025-07-03;2025-07-04;2025-07-05;2025-07-06,2025-06-23;2025-06-24;2025-06-25;2025-06-26;2025-06-27;2025-06-28;2025-06-29;2025-06-30;2025-07-01;2025-07-02;2025-07-03;2025-07-04;2025-07-05;2025-07-06,,2025-07-06,5162.598421058689,6410.774334203299,6362.598421058689,36.97922211975268,46.3531110690438,28.467102693839983,46.682554774020794,92810.3825604216,39.141906738893795,15150.570556139422,59300.183143098395,122.41558615495202,59422.59872925335,59300.183143098395,59300.18308379822,41319.26007864089,1708.7548246032252,lexicographic,5.930018308379822e-05,4.131926003732162e-05,False,0.12368209999840474,0.0,1,0
2025-07-08,False,calendar_trend,4,1.0,7,1.0,0,calibrated_quantile,2025-06-10;2025-06-11;2025-06-12;2025-06-13;2025-06-14;2025-06-15;2025-06-16;2025-06-17;2025-06-18;2025-06-19;2025-06-20;2025-06-21;2025-06-22;2025-06-23;2025-06-24;2025-06-25;2025-06-26;2025-06-27;2025-06-28;2025-06-29;2025-06-30;2025-07-01;2025-07-02;2025-07-03;2025-07-04;2025-07-05;2025-07-06;2025-07-07,28,7994.9096730652045,2025-06-10;2025-06-11;2025-06-12;2025-06-13;2025-06-14;2025-06-15;2025-06-16;2025-06-17;2025-06-18;2025-06-19;2025-06-20;2025-06-21;2025-06-22;2025-06-23;2025-06-24;2025-06-25;2025-06-26;2025-06-27;2025-06-28;2025-06-29;2025-06-30;2025-07-01;2025-07-02;2025-07-03;2025-07-04;2025-07-05;2025-07-06;2025-07-07,2025-06-24;2025-06-25;2025-06-26;2025-06-27;2025-06-28;2025-06-29;2025-06-30;2025-07-01;2025-07-02;2025-07-03;2025-07-04;2025-07-05;2025-07-06;2025-07-07,,2025-07-07,5114.422507914078,6362.598421058689,6314.422507914078,69.75731623376538,78.0099855536401,32.85751008532775,53.701953937134505,96455.16994999442,48.604483046950065,16672.765161336643,61813.02474080566,186.49754161269573,61999.52228241836,61813.02474080566,61813.024678992646,41034.91013304856,1794.1466840854057,lexicographic,6.181302467899265e-05,4.103491009201363e-05,False,0.1141648000011628,0.0,1,0
2025-07-09,False,calendar_trend,4,1.0,7,1.0,0,calibrated_quantile,2025-06-11;2025-06-12;2025-06-13;2025-06-14;2025-06-15;2025-06-16;2025-06-17;2025-06-18;2025-06-19;2025-06-20;2025-06-21;2025-06-22;2025-06-23;2025-06-24;2025-06-25;2025-06-26;2025-06-27;2025-06-28;2025-06-29;2025-06-30;2025-07-01;2025-07-02;2025-07-03;2025-07-04;2025-07-05;2025-07-06;2025-07-07;2025-07-08,28,7977.417028332575,2025-06-11;2025-06-12;2025-06-13;2025-06-14;2025-06-15;2025-06-16;2025-06-17;2025-06-18;2025-06-19;2025-06-20;2025-06-21;2025-06-22;2025-06-23;2025-06-24;2025-06-25;2025-06-26;2025-06-27;2025-06-28;2025-06-29;2025-06-30;2025-07-01;2025-07-02;2025-07-03;2025-07-04;2025-07-05;2025-07-06;2025-07-07;2025-07-08,2025-06-25;2025-06-26;2025-06-27;2025-06-28;2025-06-29;2025-06-30;2025-07-01;2025-07-02;2025-07-03;2025-07-04;2025-07-05;2025-07-06;2025-07-07;2025-07-08,,2025-07-08,5066.246594769466,6314.422507914078,6266.246594769466,71.41518003927338,79.77853594863618,27.24733244366333,47.23726174712238,96062.58583767292,74.33919663207814,17798.080062772457,61693.20843233872,218.2388615259572,61911.44729386467,61693.20843233871,61693.20837064551,41230.177694565835,1786.8733545887558,lexicographic,6.16932083706455e-05,4.1230177653335656e-05,False,0.16875550000258954,1.17937740739148e-16,1,0
2025-07-10,False,calendar_trend,4,1.0,7,1.0,0,calibrated_quantile,2025-06-12;2025-06-13;2025-06-14;2025-06-15;2025-06-16;2025-06-17;2025-06-18;2025-06-19;2025-06-20;2025-06-21;2025-06-22;2025-06-23;2025-06-24;2025-06-25;2025-06-26;2025-06-27;2025-06-28;2025-06-29;2025-06-30;2025-07-01;2025-07-02;2025-07-03;2025-07-04;2025-07-05;2025-07-06;2025-07-07;2025-07-08;2025-07-09,28,7878.572549418699,2025-06-12;2025-06-13;2025-06-14;2025-06-15;2025-06-16;2025-06-17;2025-06-18;2025-06-19;2025-06-20;2025-06-21;2025-06-22;2025-06-23;2025-06-24;2025-06-25;2025-06-26;2025-06-27;2025-06-28;2025-06-29;2025-06-30;2025-07-01;2025-07-02;2025-07-03;2025-07-04;2025-07-05;2025-07-06;2025-07-07;2025-07-08;2025-07-09,2025-06-26;2025-06-27;2025-06-28;2025-06-29;2025-06-30;2025-07-01;2025-07-02;2025-07-03;2025-07-04;2025-07-05;2025-07-06;2025-07-07;2025-07-08;2025-07-09,,2025-07-09,5036.829015987531,6266.246594769466,6236.829015987531,70.21864598342961,79.97478242958402,19.501129090399353,37.62836402487842,95285.97893725932,2.8614190922530724,18091.379278174172,61250.33960135627,14.822150897870914,61265.161752254135,61250.339601356274,61250.33954010595,41659.462470922255,1804.5041949117121,lexicographic,6.125033954010596e-05,4.1659462429262785e-05,False,0.17257779999999912,0.0,1,0
2025-07-11,False,calendar_trend,4,1.0,7,1.0,0,calibrated_quantile,2025-06-13;2025-06-14;2025-06-15;2025-06-16;2025-06-17;2025-06-18;2025-06-19;2025-06-20;2025-06-21;2025-06-22;2025-06-23;2025-06-24;2025-06-25;2025-06-26;2025-06-27;2025-06-28;2025-06-29;2025-06-30;2025-07-01;2025-07-02;2025-07-03;2025-07-04;2025-07-05;2025-07-06;2025-07-07;2025-07-08;2025-07-09;2025-07-10,28,7838.037530031184,2025-06-13;2025-06-14;2025-06-15;2025-06-16;2025-06-17;2025-06-18;2025-06-19;2025-06-20;2025-06-21;2025-06-22;2025-06-23;2025-06-24;2025-06-25;2025-06-26;2025-06-27;2025-06-28;2025-06-29;2025-06-30;2025-07-01;2025-07-02;2025-07-03;2025-07-04;2025-07-05;2025-07-06;2025-07-07;2025-07-08;2025-07-09;2025-07-10,2025-06-27;2025-06-28;2025-06-29;2025-06-30;2025-07-01;2025-07-02;2025-07-03;2025-07-04;2025-07-05;2025-07-06;2025-07-07;2025-07-08;2025-07-09;2025-07-10,,2025-07-10,5007.411437205596,6236.829015987531,6207.411437205596,26.822871590218732,32.797601797400844,48.67963747363225,88.99633205147309,47580.83398558255,1746.2971374165904,13751.042947172678,28708.16322287631,5240.133536528328,33948.296759404635,28708.163222876312,28708.163194168144,29403.60315028092,1569.0395304272593,lexicographic,2.8708163194168147e-05,2.940360312087732e-05,False,0.1794107999994594,0.0,1,0
2025-07-12,False,calendar_trend,4,1.0,7,1.0,0,calibrated_quantile,2025-06-14;2025-06-15;2025-06-16;2025-06-17;2025-06-18;2025-06-19;2025-06-20;2025-06-21;2025-06-22;2025-06-23;2025-06-24;2025-06-25;2025-06-26;2025-06-27;2025-06-28;2025-06-29;2025-06-30;2025-07-01;2025-07-02;2025-07-03;2025-07-04;2025-07-05;2025-07-06;2025-07-07;2025-07-08;2025-07-09;2025-07-10;2025-07-11,28,8184.02580399843,2025-06-14;2025-06-15;2025-06-16;2025-06-17;2025-06-18;2025-06-19;2025-06-20;2025-06-21;2025-06-22;2025-06-23;2025-06-24;2025-06-25;2025-06-26;2025-06-27;2025-06-28;2025-06-29;2025-06-30;2025-07-01;2025-07-02;2025-07-03;2025-07-04;2025-07-05;2025-07-06;2025-07-07;2025-07-08;2025-07-09;2025-07-10;2025-07-11,2025-06-28;2025-06-29;2025-06-30;2025-07-01;2025-07-02;2025-07-03;2025-07-04;2025-07-05;2025-07-06;2025-07-07;2025-07-08;2025-07-09;2025-07-10;2025-07-11,,2025-07-11,5114.422507914078,6207.411437205596,6314.422507914078,30.467433090571514,37.99622466154355,26.156331737983837,44.0692821837428,48594.10336629088,259.74213475286035,14566.914131470272,29037.66584797996,802.8820005596763,29840.547848539634,29037.665847979966,29037.6658189423,29496.028517470426,1577.821243602586,lexicographic,2.90376658189423e-05,2.9496028487974407e-05,False,0.16633280000314699,0.0,1,0
2025-07-13,False,calendar_trend,4,1.0,7,1.0,0,calibrated_quantile,2025-06-15;2025-06-16;2025-06-17;2025-06-18;2025-06-19;2025-06-20;2025-06-21;2025-06-22;2025-06-23;2025-06-24;2025-06-25;2025-06-26;2025-06-27;2025-06-28;2025-06-29;2025-06-30;2025-07-01;2025-07-02;2025-07-03;2025-07-04;2025-07-05;2025-07-06;2025-07-07;2025-07-08;2025-07-09;2025-07-10;2025-07-11;2025-07-12,28,8388.318766618702,2025-06-15;2025-06-16;2025-06-17;2025-06-18;2025-06-19;2025-06-20;2025-06-21;2025-06-22;2025-06-23;2025-06-24;2025-06-25;2025-06-26;2025-06-27;2025-06-28;2025-06-29;2025-06-30;2025-07-01;2025-07-02;2025-07-03;2025-07-04;2025-07-05;2025-07-06;2025-07-07;2025-07-08;2025-07-09;2025-07-10;2025-07-11;2025-07-12,2025-06-29;2025-06-30;2025-07-01;2025-07-02;2025-07-03;2025-07-04;2025-07-05;2025-07-06;2025-07-07;2025-07-08;2025-07-09;2025-07-10;2025-07-11;2025-07-12,,2025-07-12,5066.246594769466,6314.422507914078,6266.246594769466,66.92376286045219,75.33684722712451,31.12263132901785,57.22666160728633,95333.20317908395,0.0,21844.498346555705,61199.50230930325,0.0,61199.50230930325,61199.50230930326,61199.50224810376,40666.83403440234,1771.1571307031138,lexicographic,6.119950224810376e-05,4.0666833993735495e-05,False,0.21199020000130986,0.0,1,0
2025-07-14,False,calendar_trend,4,1.0,7,1.0,0,calibrated_quantile,2025-06-16;2025-06-17;2025-06-18;2025-06-19;2025-06-20;2025-06-21;2025-06-22;2025-06-23;2025-06-24;2025-06-25;2025-06-26;2025-06-27;2025-06-28;2025-06-29;2025-06-30;2025-07-01;2025-07-02;2025-07-03;2025-07-04;2025-07-05;2025-07-06;2025-07-07;2025-07-08;2025-07-09;2025-07-10;2025-07-11;2025-07-12;2025-07-13,28,8314.535743486811,2025-06-16;2025-06-17;2025-06-18;2025-06-19;2025-06-20;2025-06-21;2025-06-22;2025-06-23;2025-06-24;2025-06-25;2025-06-26;2025-06-27;2025-06-28;2025-06-29;2025-06-30;2025-07-01;2025-07-02;2025-07-03;2025-07-04;2025-07-05;2025-07-06;2025-07-07;2025-07-08;2025-07-09;2025-07-10;2025-07-11;2025-07-12;2025-07-13,2025-06-30;2025-07-01;2025-07-02;2025-07-03;2025-07-04;2025-07-05;2025-07-06;2025-07-07;2025-07-08;2025-07-09;2025-07-10;2025-07-11;2025-07-12;2025-07-13,,2025-07-13,5036.829015987531,6266.246594769466,6236.829015987531,52.38504834354288,61.04955311556827,22.317048461524248,41.51321149267941,93424.47425987713,0.0,17380.700871274043,59889.21318063364,0.0,59889.21318063364,59889.21318063365,59889.21312074444,40633.063643402376,1752.5864015698712,lexicographic,5.988921312074444e-05,4.063306360315229e-05,False,0.2941549999995914,0.0,1,0
2025-07-15,False,calendar_trend,4,1.0,7,1.0,0,calibrated_quantile,2025-06-17;2025-06-18;2025-06-19;2025-06-20;2025-06-21;2025-06-22;2025-06-23;2025-06-24;2025-06-25;2025-06-26;2025-06-27;2025-06-28;2025-06-29;2025-06-30;2025-07-01;2025-07-02;2025-07-03;2025-07-04;2025-07-05;2025-07-06;2025-07-07;2025-07-08;2025-07-09;2025-07-10;2025-07-11;2025-07-12;2025-07-13;2025-07-14,28,8222.555184239427,2025-06-17;2025-06-18;2025-06-19;2025-06-20;2025-06-21;2025-06-22;2025-06-23;2025-06-24;2025-06-25;2025-06-26;2025-06-27;2025-06-28;2025-06-29;2025-06-30;2025-07-01;2025-07-02;2025-07-03;2025-07-04;2025-07-05;2025-07-06;2025-07-07;2025-07-08;2025-07-09;2025-07-10;2025-07-11;2025-07-12;2025-07-13;2025-07-14,2025-07-01;2025-07-02;2025-07-03;2025-07-04;2025-07-05;2025-07-06;2025-07-07;2025-07-08;2025-07-09;2025-07-10;2025-07-11;2025-07-12;2025-07-13;2025-07-14,,2025-07-14,5007.411437205596,6236.829015987531,6207.411437205596,83.133889975664,91.79443473049464,38.11676586061103,74.72147903848474,96404.70141573183,531.2175715272119,19963.516748761067,62158.26261410795,1217.9434228687735,63376.20603697673,62158.26261410795,62158.262551949665,40511.67440871315,1778.0353345255644,lexicographic,6.215826255194967e-05,4.0511674368201484e-05,False,0.20570059999954537,1.1705535701070214e-16,1,0
2025-07-16,False,calendar_trend,4,1.0,7,1.0,0,calibrated_quantile,2025-06-18;2025-06-19;2025-06-20;2025-06-21;2025-06-22;2025-06-23;2025-06-24;2025-06-25;2025-06-26;2025-06-27;2025-06-28;2025-06-29;2025-06-30;2025-07-01;2025-07-02;2025-07-03;2025-07-04;2025-07-05;2025-07-06;2025-07-07;2025-07-08;2025-07-09;2025-07-10;2025-07-11;2025-07-12;2025-07-13;2025-07-14;2025-07-15,28,8206.133064455056,2025-06-18;2025-06-19;2025-06-20;2025-06-21;2025-06-22;2025-06-23;2025-06-24;2025-06-25;2025-06-26;2025-06-27;2025-06-28;2025-06-29;2025-06-30;2025-07-01;2025-07-02;2025-07-03;2025-07-04;2025-07-05;2025-07-06;2025-07-07;2025-07-08;2025-07-09;2025-07-10;2025-07-11;2025-07-12;2025-07-13;2025-07-14;2025-07-15,2025-07-02;2025-07-03;2025-07-04;2025-07-05;2025-07-06;2025-07-07;2025-07-08;2025-07-09;2025-07-10;2025-07-11;2025-07-12;2025-07-13;2025-07-14;2025-07-15,,2025-07-15,4977.993858423662,6207.411437205596,6177.993858423662,54.4533412159317,64.35333123732157,22.169097063469653,39.53421620539754,92896.92352258302,103.4700986036778,16647.888776758733,59355.80928167864,421.7767064638214,59777.58598814246,59355.80928167864,59355.80922232282,40460.13519151992,1744.712412895849,lexicographic,5.935580922232283e-05,4.046013515105977e-05,False,0.12234510000052978,0.0,1,0
2025-07-17,False,calendar_trend,4,1.0,7,1.0,0,calibrated_quantile,2025-06-19;2025-06-20;2025-06-21;2025-06-22;2025-06-23;2025-06-24;2025-06-25;2025-06-26;2025-06-27;2025-06-28;2025-06-29;2025-06-30;2025-07-01;2025-07-02;2025-07-03;2025-07-04;2025-07-05;2025-07-06;2025-07-07;2025-07-08;2025-07-09;2025-07-10;2025-07-11;2025-07-12;2025-07-13;2025-07-14;2025-07-15;2025-07-16,28,8202.20941707589,2025-06-19;2025-06-20;2025-06-21;2025-06-22;2025-06-23;2025-06-24;2025-06-25;2025-06-26;2025-06-27;2025-06-28;2025-06-29;2025-06-30;2025-07-01;2025-07-02;2025-07-03;2025-07-04;2025-07-05;2025-07-06;2025-07-07;2025-07-08;2025-07-09;2025-07-10;2025-07-11;2025-07-12;2025-07-13;2025-07-14;2025-07-15;2025-07-16,2025-07-03;2025-07-04;2025-07-05;2025-07-06;2025-07-07;2025-07-08;2025-07-09;2025-07-10;2025-07-11;2025-07-12;2025-07-13;2025-07-14;2025-07-15;2025-07-16,,2025-07-16,4948.576279641727,6177.993858423662,6148.576279641727,48.19988437622236,58.25782721233106,26.285293625024995,47.031956040692464,89943.16643658737,520.671414551696,13582.423361552515,57336.163228637066,2463.941957692081,59800.10518632915,57336.163228637066,57336.16317130094,39917.6778278551,1757.5202124079797,lexicographic,5.733616317130094e-05,3.991767778793744e-05,False,0.2950411999991047,0.0,1,0
2025-07-18,False,calendar_trend,4,1.0,7,1.0,0,calibrated_quantile,2025-06-20;2025-06-21;2025-06-22;2025-06-23;2025-06-24;2025-06-25;2025-06-26;2025-06-27;2025-06-28;2025-06-29;2025-06-30;2025-07-01;2025-07-02;2025-07-03;2025-07-04;2025-07-05;2025-07-06;2025-07-07;2025-07-08;2025-07-09;2025-07-10;2025-07-11;2025-07-12;2025-07-13;2025-07-14;2025-07-15;2025-07-16;2025-07-17,28,8217.802452560752,2025-06-20;2025-06-21;2025-06-22;2025-06-23;2025-06-24;2025-06-25;2025-06-26;2025-06-27;2025-06-28;2025-06-29;2025-06-30;2025-07-01;2025-07-02;2025-07-03;2025-07-04;2025-07-05;2025-07-06;2025-07-07;2025-07-08;2025-07-09;2025-07-10;2025-07-11;2025-07-12;2025-07-13;2025-07-14;2025-07-15;2025-07-16;2025-07-17,2025-07-04;2025-07-05;2025-07-06;2025-07-07;2025-07-08;2025-07-09;2025-07-10;2025-07-11;2025-07-12;2025-07-13;2025-07-14;2025-07-15;2025-07-16;2025-07-17,,2025-07-17,4918.116856956941,6148.576279641727,6118.116856956941,21.34849429819868,27.184175620085476,39.683652394755505,71.0796772795453,45475.82764901777,709.0929571126342,11873.150205633578,27211.82215020111,2214.716243045834,29426.538393246945,27211.82215020111,27211.822122989284,29224.95960385193,1543.9064964256231,lexicographic,2.7211822122989285e-05,2.922495960385193e-05,False,0.21358300000065356,0.0,1,0
2025-07-19,False,calendar_trend,4,1.0,7,1.0,0,calibrated_quantile,2025-06-21;2025-06-22;2025-06-23;2025-06-24;2025-06-25;2025-06-26;2025-06-27;2025-06-28;2025-06-29;2025-06-30;2025-07-01;2025-07-02;2025-07-03;2025-07-04;2025-07-05;2025-07-06;2025-07-07;2025-07-08;2025-07-09;2025-07-10;2025-07-11;2025-07-12;2025-07-13;2025-07-14;2025-07-15;2025-07-16;2025-07-17;2025-07-18,28,8683.773484686157,2025-06-21;2025-06-22;2025-06-23;2025-06-24;2025-06-25;2025-06-26;2025-06-27;2025-06-28;2025-06-29;2025-06-30;2025-07-01;2025-07-02;2025-07-03;2025-07-04;2025-07-05;2025-07-06;2025-07-07;2025-07-08;2025-07-09;2025-07-10;2025-07-11;2025-07-12;2025-07-13;2025-07-14;2025-07-15;2025-07-16;2025-07-17;2025-07-18,2025-07-05;2025-07-06;2025-07-07;2025-07-08;2025-07-09;2025-07-10;2025-07-11;2025-07-12;2025-07-13;2025-07-14;2025-07-15;2025-07-16;2025-07-17;2025-07-18,,2025-07-18,5007.411437205596,6118.116856956941,6207.411437205596,28.78844705440043,35.545845186971285,21.516285926518037,38.619115711652746,45060.42066353164,226.42532639706633,14939.874969908775,26689.950942088923,654.2830538407788,27344.233995929702,26689.950942088923,26689.950915398982,29296.762217307907,1547.0448707408734,lexicographic,2.6689950915398982e-05,2.929676218801115e-05,False,0.19355459999860614,0.0,1,0
2025-07-20,False,calendar_trend,4,1.0,7,1.0,0,calibrated_quantile,2025-06-22;2025-06-23;2025-06-24;2025-06-25;2025-06-26;2025-06-27;2025-06-28;2025-06-29;2025-06-30;2025-07-01;2025-07-02;2025-07-03;2025-07-04;2025-07-05;2025-07-06;2025-07-07;2025-07-08;2025-07-09;2025-07-10;2025-07-11;2025-07-12;2025-07-13;2025-07-14;2025-07-15;2025-07-16;2025-07-17;2025-07-18;2025-07-19,28,8726.390048002344,2025-06-22;2025-06-23;2025-06-24;2025-06-25;2025-06-26;2025-06-27;2025-06-28;2025-06-29;2025-06-30;2025-07-01;2025-07-02;2025-07-03;2025-07-04;2025-07-05;2025-07-06;2025-07-07;2025-07-08;2025-07-09;2025-07-10;2025-07-11;2025-07-12;2025-07-13;2025-07-14;2025-07-15;2025-07-16;2025-07-17;2025-07-18;2025-07-19,2025-07-06;2025-07-07;2025-07-08;2025-07-09;2025-07-10;2025-07-11;2025-07-12;2025-07-13;2025-07-14;2025-07-15;2025-07-16;2025-07-17;2025-07-18;2025-07-19,,2025-07-19,4977.993858423662,6207.411437205596,6177.993858423662,27.998043815051144,35.249835307346686,19.09388997489883,32.45592736139374,85635.77797260777,241.842346141087,9574.221847905905,54067.01123583882,921.0536592339494,54988.06489507277,54067.011235838814,54067.0111817718,40417.06474666612,1688.8858418067653,lexicographic,5.40670111817718e-05,4.041706470624904e-05,False,0.18423379999876488,0.0,1,0
2025-07-21,False,calendar_trend,4,1.0,7,1.0,0,calibrated_quantile,2025-06-23;2025-06-24;2025-06-25;2025-06-26;2025-06-27;2025-06-28;2025-06-29;2025-06-30;2025-07-01;2025-07-02;2025-07-03;2025-07-04;2025-07-05;2025-07-06;2025-07-07;2025-07-08;2025-07-09;2025-07-10;2025-07-11;2025-07-12;2025-07-13;2025-07-14;2025-07-15;2025-07-16;2025-07-17;2025-07-18;2025-07-19;2025-07-20,28,8718.636075703222,2025-06-23;2025-06-24;2025-06-25;2025-06-26;2025-06-27;2025-06-28;2025-06-29;2025-06-30;2025-07-01;2025-07-02;2025-07-03;2025-07-04;2025-07-05;2025-07-06;2025-07-07;2025-07-08;2025-07-09;2025-07-10;2025-07-11;2025-07-12;2025-07-13;2025-07-14;2025-07-15;2025-07-16;2025-07-17;2025-07-18;2025-07-19;2025-07-20,2025-07-07;2025-07-08;2025-07-09;2025-07-10;2025-07-11;2025-07-12;2025-07-13;2025-07-14;2025-07-15;2025-07-16;2025-07-17;2025-07-18;2025-07-19;2025-07-20,,2025-07-20,4948.576279641727,6177.993858423662,6148.576279641727,30.608638417276982,38.117490821510735,25.732840236095235,44.408590393932805,84823.02904288779,854.6710602646838,7486.603540741724,53436.77407987829,2750.9691706951253,56187.74325057342,53436.77407987828,53436.774026441504,40302.05313826823,1698.7422882533351,lexicographic,5.343677402644151e-05,4.0302053138268635e-05,False,0.33507119999921997,0.0,1,0
2025-07-22,False,calendar_trend,4,1.0,7,1.0,0,calibrated_quantile,2025-06-24;2025-06-25;2025-06-26;2025-06-27;2025-06-28;2025-06-29;2025-06-30;2025-07-01;2025-07-02;2025-07-03;2025-07-04;2025-07-05;2025-07-06;2025-07-07;2025-07-08;2025-07-09;2025-07-10;2025-07-11;2025-07-12;2025-07-13;2025-07-14;2025-07-15;2025-07-16;2025-07-17;2025-07-18;2025-07-19;2025-07-20;2025-07-21,28,8890.58120850214,2025-06-24;2025-06-25;2025-06-26;2025-06-27;2025-06-28;2025-06-29;2025-06-30;2025-07-01;2025-07-02;2025-07-03;2025-07-04;2025-07-05;2025-07-06;2025-07-07;2025-07-08;2025-07-09;2025-07-10;2025-07-11;2025-07-12;2025-07-13;2025-07-14;2025-07-15;2025-07-16;2025-07-17;2025-07-18;2025-07-19;2025-07-20;2025-07-21,2025-07-08;2025-07-09;2025-07-10;2025-07-11;2025-07-12;2025-07-13;2025-07-14;2025-07-15;2025-07-16;2025-07-17;2025-07-18;2025-07-19;2025-07-20;2025-07-21,,2025-07-21,4918.116856956941,6148.576279641727,6118.116856956941,31.62034513949657,39.78530039098672,30.330564787121958,60.196401189011674,87167.65896740196,820.091161947681,10023.649318031194,55029.3750953246,3413.189007546767,58442.564102871365,55029.375095324605,55029.375040295236,40003.35617448599,1675.926324010822,lexicographic,5.502937504029524e-05,4.000335613448263e-05,False,0.19343739999749232,1.3221952109860615e-16,1,0
2025-07-23,False,calendar_trend,4,1.0,7,1.0,0,calibrated_quantile,2025-06-25;2025-06-26;2025-06-27;2025-06-28;2025-06-29;2025-06-30;2025-07-01;2025-07-02;2025-07-03;2025-07-04;2025-07-05;2025-07-06;2025-07-07;2025-07-08;2025-07-09;2025-07-10;2025-07-11;2025-07-12;2025-07-13;2025-07-14;2025-07-15;2025-07-16;2025-07-17;2025-07-18;2025-07-19;2025-07-20;2025-07-21;2025-07-22,28,8288.909699798278,2025-06-25;2025-06-26;2025-06-27;2025-06-28;2025-06-29;2025-06-30;2025-07-01;2025-07-02;2025-07-03;2025-07-04;2025-07-05;2025-07-06;2025-07-07;2025-07-08;2025-07-09;2025-07-10;2025-07-11;2025-07-12;2025-07-13;2025-07-14;2025-07-15;2025-07-16;2025-07-17;2025-07-18;2025-07-19;2025-07-20;2025-07-21;2025-07-22,2025-07-09;2025-07-10;2025-07-11;2025-07-12;2025-07-13;2025-07-14;2025-07-15;2025-07-16;2025-07-17;2025-07-18;2025-07-19;2025-07-20;2025-07-21;2025-07-22,,2025-07-22,4887.657434272155,6118.116856956941,6087.657434272155,27.741890392258206,34.40814476502167,27.74243242635903,47.29737537113821,84138.0993326717,950.180782200634,6755.884764651055,52916.933897284944,4084.371078639332,57001.30497592428,52916.933897284944,52916.933844368,39497.43296613934,1674.4981889424967,lexicographic,5.2916933844368004e-05,3.949743292664191e-05,False,0.2934239999995043,0.0,1,0
2025-07-24,False,calendar_trend,4,1.0,7,1.0,0,calibrated_quantile,2025-06-26;2025-06-27;2025-06-28;2025-06-29;2025-06-30;2025-07-01;2025-07-02;2025-07-03;2025-07-04;2025-07-05;2025-07-06;2025-07-07;2025-07-08;2025-07-09;2025-07-10;2025-07-11;2025-07-12;2025-07-13;2025-07-14;2025-07-15;2025-07-16;2025-07-17;2025-07-18;2025-07-19;2025-07-20;2025-07-21;2025-07-22;2025-07-23,28,8199.323081284758,2025-06-26;2025-06-27;2025-06-28;2025-06-29;2025-06-30;2025-07-01;2025-07-02;2025-07-03;2025-07-04;2025-07-05;2025-07-06;2025-07-07;2025-07-08;2025-07-09;2025-07-10;2025-07-11;2025-07-12;2025-07-13;2025-07-14;2025-07-15;2025-07-16;2025-07-17;2025-07-18;2025-07-19;2025-07-20;2025-07-21;2025-07-22;2025-07-23,2025-07-10;2025-07-11;2025-07-12;2025-07-13;2025-07-14;2025-07-15;2025-07-16;2025-07-17;2025-07-18;2025-07-19;2025-07-20;2025-07-21;2025-07-22;2025-07-23,,2025-07-23,4857.19801158737,6087.657434272155,6057.19801158737,32.93804565392257,39.575207249573964,30.771118386702614,51.67070159456701,82439.57884624228,1695.2691077895952,6386.388514020715,51908.43870346261,6442.5077046369815,58350.9464080996,51908.43870346261,51908.43865155416,39651.1801434359,1669.2304469533801,lexicographic,5.1908438651554165e-05,3.9651180103784714e-05,False,0.2783755000018573,0.0,1,0
2025-07-25,False,calendar_trend,4,1.0,7,1.0,0,calibrated_quantile,2025-06-27;2025-06-28;2025-06-29;2025-06-30;2025-07-01;2025-07-02;2025-07-03;2025-07-04;2025-07-05;2025-07-06;2025-07-07;2025-07-08;2025-07-09;2025-07-10;2025-07-11;2025-07-12;2025-07-13;2025-07-14;2025-07-15;2025-07-16;2025-07-17;2025-07-18;2025-07-19;2025-07-20;2025-07-21;2025-07-22;2025-07-23;2025-07-24,28,8398.86219860442,2025-06-27;2025-06-28;2025-06-29;2025-06-30;2025-07-01;2025-07-02;2025-07-03;2025-07-04;2025-07-05;2025-07-06;2025-07-07;2025-07-08;2025-07-09;2025-07-10;2025-07-11;2025-07-12;2025-07-13;2025-07-14;2025-07-15;2025-07-16;2025-07-17;2025-07-18;2025-07-19;2025-07-20;2025-07-21;2025-07-22;2025-07-23;2025-07-24,2025-07-11;2025-07-12;2025-07-13;2025-07-14;2025-07-15;2025-07-16;2025-07-17;2025-07-18;2025-07-19;2025-07-20;2025-07-21;2025-07-22;2025-07-23;2025-07-24,,2025-07-24,4948.576279641727,6057.19801158737,6148.576279641727,29.913822884834318,36.24951952274829,21.262168006761012,38.00338305796941,42607.506283758106,439.88924245752924,13388.469425169133,25129.014240574215,1784.6310268367345,26913.64526741095,25129.014240574215,25129.014215445208,29176.562866998232,1491.301792780194,lexicographic,2.512901421544521e-05,2.9176562837821668e-05,False,0.22175900000002002,0.0,1,0
2025-07-26,False,calendar_trend,4,1.0,7,1.0,0,calibrated_quantile,2025-06-28;2025-06-29;2025-06-30;2025-07-01;2025-07-02;2025-07-03;2025-07-04;2025-07-05;2025-07-06;2025-07-07;2025-07-08;2025-07-09;2025-07-10;2025-07-11;2025-07-12;2025-07-13;2025-07-14;2025-07-15;2025-07-16;2025-07-17;2025-07-18;2025-07-19;2025-07-20;2025-07-21;2025-07-22;2025-07-23;2025-07-24;2025-07-25,28,8515.196032812652,2025-06-28;2025-06-29;2025-06-30;2025-07-01;2025-07-02;2025-07-03;2025-07-04;2025-07-05;2025-07-06;2025-07-07;2025-07-08;2025-07-09;2025-07-10;2025-07-11;2025-07-12;2025-07-13;2025-07-14;2025-07-15;2025-07-16;2025-07-17;2025-07-18;2025-07-19;2025-07-20;2025-07-21;2025-07-22;2025-07-23;2025-07-24;2025-07-25,2025-07-12;2025-07-13;2025-07-14;2025-07-15;2025-07-16;2025-07-17;2025-07-18;2025-07-19;2025-07-20;2025-07-21;2025-07-22;2025-07-23;2025-07-24;2025-07-25,,2025-07-25,4980.082047778546,6148.576279641727,6180.082047778546,36.059311361637555,44.21325267027334,23.33075787670866,43.216125542918206,42423.122626596734,1150.754924175975,11998.413471585212,24940.271806192493,3626.7436330257738,28567.015439218267,24940.27180619249,24940.271781252206,29293.80981587594,1499.361414823276,lexicographic,2.494027178125221e-05,2.9293809815875937e-05,False,0.292228400001477,0.0,1,0
2025-07-27,False,calendar_trend,4,1.0,7,1.0,0,calibrated_quantile,2025-06-29;2025-06-30;2025-07-01;2025-07-02;2025-07-03;2025-07-04;2025-07-05;2025-07-06;2025-07-07;2025-07-08;2025-07-09;2025-07-10;2025-07-11;2025-07-12;2025-07-13;2025-07-14;2025-07-15;2025-07-16;2025-07-17;2025-07-18;2025-07-19;2025-07-20;2025-07-21;2025-07-22;2025-07-23;2025-07-24;2025-07-25;2025-07-26,28,8635.517661210837,2025-06-29;2025-06-30;2025-07-01;2025-07-02;2025-07-03;2025-07-04;2025-07-05;2025-07-06;2025-07-07;2025-07-08;2025-07-09;2025-07-10;2025-07-11;2025-07-12;2025-07-13;2025-07-14;2025-07-15;2025-07-16;2025-07-17;2025-07-18;2025-07-19;2025-07-20;2025-07-21;2025-07-22;2025-07-23;2025-07-24;2025-07-25;2025-07-26,2025-07-13;2025-07-14;2025-07-15;2025-07-16;2025-07-17;2025-07-18;2025-07-19;2025-07-20;2025-07-21;2025-07-22;2025-07-23;2025-07-24;2025-07-25;2025-07-26,,2025-07-26,5028.415282630143,6180.082047778546,6228.415282630143,42.5666614392327,50.835966538185836,26.438168755386144,47.7192166463743,80754.16075516706,2187.36763519057,5113.030699869576,50382.16853500501,8979.106277977835,59361.27481298285,50382.168535005025,50382.16848403794,39012.56557395012,1637.1671727254597,lexicographic,5.038216848403794e-05,3.901256553493798e-05,False,0.23641980000320473,0.0,1,0
2025-07-28,False,calendar_trend,4,1.0,7,1.0,0,calibrated_quantile,2025-06-30;2025-07-01;2025-07-02;2025-07-03;2025-07-04;2025-07-05;2025-07-06;2025-07-07;2025-07-08;2025-07-09;2025-07-10;2025-07-11;2025-07-12;2025-07-13;2025-07-14;2025-07-15;2025-07-16;2025-07-17;2025-07-18;2025-07-19;2025-07-20;2025-07-21;2025-07-22;2025-07-23;2025-07-24;2025-07-25;2025-07-26;2025-07-27,28,8752.33596396145,2025-06-30;2025-07-01;2025-07-02;2025-07-03;2025-07-04;2025-07-05;2025-07-06;2025-07-07;2025-07-08;2025-07-09;2025-07-10;2025-07-11;2025-07-12;2025-07-13;2025-07-14;2025-07-15;2025-07-16;2025-07-17;2025-07-18;2025-07-19;2025-07-20;2025-07-21;2025-07-22;2025-07-23;2025-07-24;2025-07-25;2025-07-26;2025-07-27,2025-07-14;2025-07-15;2025-07-16;2025-07-17;2025-07-18;2025-07-19;2025-07-20;2025-07-21;2025-07-22;2025-07-23;2025-07-24;2025-07-25;2025-07-26;2025-07-27,,2025-07-27,5114.422507914078,6228.415282630143,6314.422507914078,42.80225376752649,51.39953542116855,33.12510665611894,65.23279451257947,81674.36749855119,3395.1779102163996,2805.198053464085,50909.56175134605,13172.885785834264,64082.44753718031,50909.56175134605,50909.56170043649,40238.56797502602,1660.1876535770066,lexicographic,5.090956170043649e-05,4.023856793478744e-05,False,0.25158730000111973,0.0,1,0
2025-07-29,False,calendar_trend,4,1.0,7,1.0,0,calibrated_quantile,2025-07-01;2025-07-02;2025-07-03;2025-07-04;2025-07-05;2025-07-06;2025-07-07;2025-07-08;2025-07-09;2025-07-10;2025-07-11;2025-07-12;2025-07-13;2025-07-14;2025-07-15;2025-07-16;2025-07-17;2025-07-18;2025-07-19;2025-07-20;2025-07-21;2025-07-22;2025-07-23;2025-07-24;2025-07-25;2025-07-26;2025-07-27;2025-07-28,28,9093.355011443813,2025-07-01;2025-07-02;2025-07-03;2025-07-04;2025-07-05;2025-07-06;2025-07-07;2025-07-08;2025-07-09;2025-07-10;2025-07-11;2025-07-12;2025-07-13;2025-07-14;2025-07-15;2025-07-16;2025-07-17;2025-07-18;2025-07-19;2025-07-20;2025-07-21;2025-07-22;2025-07-23;2025-07-24;2025-07-25;2025-07-26;2025-07-27;2025-07-28,2025-07-15;2025-07-16;2025-07-17;2025-07-18;2025-07-19;2025-07-20;2025-07-21;2025-07-22;2025-07-23;2025-07-24;2025-07-25;2025-07-26;2025-07-27;2025-07-28,,2025-07-28,5258.950247347911,6314.422507914078,6458.950247347911,30.490603223474377,37.17598666995518,26.654088455037463,52.95462719777636,87514.24710013512,955.2483617171298,7995.460220509781,55045.64666319579,3685.106404508887,58730.753067704674,55045.64666319579,55045.64660815014,40592.2036123631,1670.317111104524,lexicographic,5.504564660815015e-05,4.0592203571770884e-05,False,0.14866319999782718,0.0,1,0
2025-07-30,False,calendar_trend,4,1.0,7,1.0,0,calibrated_quantile,2025-07-02;2025-07-03;2025-07-04;2025-07-05;2025-07-06;2025-07-07;2025-07-08;2025-07-09;2025-07-10;2025-07-11;2025-07-12;2025-07-13;2025-07-14;2025-07-15;2025-07-16;2025-07-17;2025-07-18;2025-07-19;2025-07-20;2025-07-21;2025-07-22;2025-07-23;2025-07-24;2025-07-25;2025-07-26;2025-07-27;2025-07-28;2025-07-29,28,8675.663927113612,2025-07-02;2025-07-03;2025-07-04;2025-07-05;2025-07-06;2025-07-07;2025-07-08;2025-07-09;2025-07-10;2025-07-11;2025-07-12;2025-07-13;2025-07-14;2025-07-15;2025-07-16;2025-07-17;2025-07-18;2025-07-19;2025-07-20;2025-07-21;2025-07-22;2025-07-23;2025-07-24;2025-07-25;2025-07-26;2025-07-27;2025-07-28;2025-07-29,2025-07-16;2025-07-17;2025-07-18;2025-07-19;2025-07-20;2025-07-21;2025-07-22;2025-07-23;2025-07-24;2025-07-25;2025-07-26;2025-07-27;2025-07-28;2025-07-29,,2025-07-29,5210.774334203299,6458.950247347911,6410.774334203299,27.012000602332925,33.57270554300518,28.312523179537834,55.75766069412063,87498.7478848503,466.4351384413765,9670.575861038524,54999.077102736526,1945.84288152434,56944.919984260865,54999.07710273652,54999.07704773745,40384.55672020267,1664.38893490353,lexicographic,5.499907704773746e-05,4.0384556679818106e-05,False,0.1121342000005825,2.6458471686236204e-16,1,0
2025-07-31,False,calendar_trend,4,1.0,7,1.0,0,calibrated_quantile,2025-07-03;2025-07-04;2025-07-05;2025-07-06;2025-07-07;2025-07-08;2025-07-09;2025-07-10;2025-07-11;2025-07-12;2025-07-13;2025-07-14;2025-07-15;2025-07-16;2025-07-17;2025-07-18;2025-07-19;2025-07-20;2025-07-21;2025-07-22;2025-07-23;2025-07-24;2025-07-25;2025-07-26;2025-07-27;2025-07-28;2025-07-29;2025-07-30,28,8367.925795575931,2025-07-03;2025-07-04;2025-07-05;2025-07-06;2025-07-07;2025-07-08;2025-07-09;2025-07-10;2025-07-11;2025-07-12;2025-07-13;2025-07-14;2025-07-15;2025-07-16;2025-07-17;2025-07-18;2025-07-19;2025-07-20;2025-07-21;2025-07-22;2025-07-23;2025-07-24;2025-07-25;2025-07-26;2025-07-27;2025-07-28;2025-07-29;2025-07-30,2025-07-17;2025-07-18;2025-07-19;2025-07-20;2025-07-21;2025-07-22;2025-07-23;2025-07-24;2025-07-25;2025-07-26;2025-07-27;2025-07-28;2025-07-29;2025-07-30,,2025-07-30,5162.598421058689,6410.774334203299,6362.598421058689,30.538300708912086,37.58812177123229,20.12062212825252,37.444938638441435,86853.62561262741,481.19171912894546,8445.586474221749,54589.72123628081,2021.0754869973644,56610.79672327818,54589.721236280806,54589.7211816911,40412.00659542773,1650.8574577091701,lexicographic,5.45897211816911e-05,4.041200655501572e-05,False,0.1301701000011235,0.0,1,0
2025-08-01,False,calendar_trend,4,1.0,7,1.0,0,calibrated_quantile,2025-07-04;2025-07-05;2025-07-06;2025-07-07;2025-07-08;2025-07-09;2025-07-10;2025-07-11;2025-07-12;2025-07-13;2025-07-14;2025-07-15;2025-07-16;2025-07-17;2025-07-18;2025-07-19;2025-07-20;2025-07-21;2025-07-22;2025-07-23;2025-07-24;2025-07-25;2025-07-26;2025-07-27;2025-07-28;2025-07-29;2025-07-30;2025-07-31,28,7987.129709714805,2025-07-04;2025-07-05;2025-07-06;2025-07-07;2025-07-08;2025-07-09;2025-07-10;2025-07-11;2025-07-12;2025-07-13;2025-07-14;2025-07-15;2025-07-16;2025-07-17;2025-07-18;2025-07-19;2025-07-20;2025-07-21;2025-07-22;2025-07-23;2025-07-24;2025-07-25;2025-07-26;2025-07-27;2025-07-28;2025-07-29;2025-07-30;2025-07-31,2025-07-18;2025-07-19;2025-07-20;2025-07-21;2025-07-22;2025-07-23;2025-07-24;2025-07-25;2025-07-26;2025-07-27;2025-07-28;2025-07-29;2025-07-30;2025-07-31,,2025-07-31,5114.422507914078,6362.598421058689,6314.422507914078,24.01593924972247,30.807636341205612,58.69333088976084,93.92165313215038,44494.366264465934,194.0914069863652,20374.0782416117,26400.308466282382,494.4682923872636,26894.776758669646,26400.308466282382,26400.308439882076,29635.69692107957,1485.905018551817,lexicographic,2.6400308439882076e-05,2.9635696921079575e-05,False,0.17939689999911934,0.0,1,0
2025-08-02,False,calendar_trend,4,1.0,7,1.0,0,calibrated_quantile,2025-07-05;2025-07-06;2025-07-07;2025-07-08;2025-07-09;2025-07-10;2025-07-11;2025-07-12;2025-07-13;2025-07-14;2025-07-15;2025-07-16;2025-07-17;2025-07-18;2025-07-19;2025-07-20;2025-07-21;2025-07-22;2025-07-23;2025-07-24;2025-07-25;2025-07-26;2025-07-27;2025-07-28;2025-07-29;2025-07-30;2025-07-31;2025-08-01,28,7562.005684931537,2025-07-05;2025-07-06;2025-07-07;2025-07-08;2025-07-09;2025-07-10;2025-07-11;2025-07-12;2025-07-13;2025-07-14;2025-07-15;2025-07-16;2025-07-17;2025-07-18;2025-07-19;2025-07-20;2025-07-21;2025-07-22;2025-07-23;2025-07-24;2025-07-25;2025-07-26;2025-07-27;2025-07-28;2025-07-29;2025-07-30;2025-07-31;2025-08-01,2025-07-19;2025-07-20;2025-07-21;2025-07-22;2025-07-23;2025-07-24;2025-07-25;2025-07-26;2025-07-27;2025-07-28;2025-07-29;2025-07-30;2025-07-31;2025-08-01,,2025-08-01,5066.246594769466,6314.422507914078,6266.246594769466,25.223374547792805,32.103802773813236,43.706117609492054,79.01647610370776,44087.3610460645,79.12620634551618,20186.61303733348,26191.369497581327,334.0682920736931,26525.43778965502,26191.369497581327,26191.36947138995,29538.80970323943,1464.1605582317256,lexicographic,2.6191369471389952e-05,2.9538809673700625e-05,False,0.23592130000179168,0.0,1,0
2025-08-03,False,calendar_trend,4,1.0,7,1.0,0,calibrated_quantile,2025-07-06;2025-07-07;2025-07-08;2025-07-09;2025-07-10;2025-07-11;2025-07-12;2025-07-13;2025-07-14;2025-07-15;2025-07-16;2025-07-17;2025-07-18;2025-07-19;2025-07-20;2025-07-21;2025-07-22;2025-07-23;2025-07-24;2025-07-25;2025-07-26;2025-07-27;2025-07-28;2025-07-29;2025-07-30;2025-07-31;2025-08-01;2025-08-02,28,7290.952030147192,2025-07-06;2025-07-07;2025-07-08;2025-07-09;2025-07-10;2025-07-11;2025-07-12;2025-07-13;2025-07-14;2025-07-15;2025-07-16;2025-07-17;2025-07-18;2025-07-19;2025-07-20;2025-07-21;2025-07-22;2025-07-23;2025-07-24;2025-07-25;2025-07-26;2025-07-27;2025-07-28;2025-07-29;2025-07-30;2025-07-31;2025-08-01;2025-08-02,2025-07-20;2025-07-21;2025-07-22;2025-07-23;2025-07-24;2025-07-25;2025-07-26;2025-07-27;2025-07-28;2025-07-29;2025-07-30;2025-07-31;2025-08-01;2025-08-02,,2025-08-02,5047.330938699805,6266.246594769466,6247.330938699805,31.316905698476653,38.881493159352964,63.435224940441735,103.94554808551462,81690.77052803311,886.318922837701,15533.144559005785,51192.63865220378,3256.244939258884,54448.88359146266,51192.63865220378,51192.638601011146,40232.26139667244,1617.055801651395,lexicographic,5.119263860101115e-05,4.023226139667235e-05,False,0.29959990000133985,0.0,1,0
2025-08-04,False,calendar_trend,4,1.0,7,1.0,0,calibrated_quantile,2025-07-07;2025-07-08;2025-07-09;2025-07-10;2025-07-11;2025-07-12;2025-07-13;2025-07-14;2025-07-15;2025-07-16;2025-07-17;2025-07-18;2025-07-19;2025-07-20;2025-07-21;2025-07-22;2025-07-23;2025-07-24;2025-07-25;2025-07-26;2025-07-27;2025-07-28;2025-07-29;2025-07-30;2025-07-31;2025-08-01;2025-08-02;2025-08-03,28,7204.696742616727,2025-07-07;2025-07-08;2025-07-09;2025-07-10;2025-07-11;2025-07-12;2025-07-13;2025-07-14;2025-07-15;2025-07-16;2025-07-17;2025-07-18;2025-07-19;2025-07-20;2025-07-21;2025-07-22;2025-07-23;2025-07-24;2025-07-25;2025-07-26;2025-07-27;2025-07-28;2025-07-29;2025-07-30;2025-07-31;2025-08-01;2025-08-02;2025-08-03,2025-07-21;2025-07-22;2025-07-23;2025-07-24;2025-07-25;2025-07-26;2025-07-27;2025-07-28;2025-07-29;2025-07-30;2025-07-31;2025-08-01;2025-08-02;2025-08-03,,2025-08-03,5028.415282630143,6247.330938699805,6228.415282630143,30.813755761059912,38.95104099934915,31.61518839229838,56.343016176173556,79868.06513547144,311.3862189083509,10681.070749821563,50124.28695934932,939.8042017873177,51064.09116113664,50124.28695934932,50124.28690922502,39072.533549170796,1648.9899974467278,lexicographic,5.012428690922502e-05,3.9072533510098256e-05,False,0.2776880000019446,0.0,1,0
2025-08-05,False,calendar_trend,4,1.0,7,1.0,0,calibrated_quantile,2025-07-08;2025-07-09;2025-07-10;2025-07-11;2025-07-12;2025-07-13;2025-07-14;2025-07-15;2025-07-16;2025-07-17;2025-07-18;2025-07-19;2025-07-20;2025-07-21;2025-07-22;2025-07-23;2025-07-24;2025-07-25;2025-07-26;2025-07-27;2025-07-28;2025-07-29;2025-07-30;2025-07-31;2025-08-01;2025-08-02;2025-08-03;2025-08-04,28,7260.064788709205,2025-07-08;2025-07-09;2025-07-10;2025-07-11;2025-07-12;2025-07-13;2025-07-14;2025-07-15;2025-07-16;2025-07-17;2025-07-18;2025-07-19;2025-07-20;2025-07-21;2025-07-22;2025-07-23;2025-07-24;2025-07-25;2025-07-26;2025-07-27;2025-07-28;2025-07-29;2025-07-30;2025-07-31;2025-08-01;2025-08-02;2025-08-03;2025-08-04,2025-07-22;2025-07-23;2025-07-24;2025-07-25;2025-07-26;2025-07-27;2025-07-28;2025-07-29;2025-07-30;2025-07-31;2025-08-01;2025-08-02;2025-08-03;2025-08-04,,2025-08-04,5009.499626560482,6228.415282630143,6209.499626560482,31.56219033430471,40.064149964327186,20.37244439953487,33.524024452875196,78452.1407224911,446.8713553939262,9767.48024080306,49392.57145404609,1626.6056213858906,51019.17707543198,49392.57145404609,49392.571405876486,38086.527309002275,1626.2235925424068,lexicographic,4.939257140587649e-05,3.808652727091575e-05,False,0.26861579999967944,2.946174862772084e-16,1,0
2025-08-06,False,calendar_trend,4,1.0,7,1.0,0,calibrated_quantile,2025-07-09;2025-07-10;2025-07-11;2025-07-12;2025-07-13;2025-07-14;2025-07-15;2025-07-16;2025-07-17;2025-07-18;2025-07-19;2025-07-20;2025-07-21;2025-07-22;2025-07-23;2025-07-24;2025-07-25;2025-07-26;2025-07-27;2025-07-28;2025-07-29;2025-07-30;2025-07-31;2025-08-01;2025-08-02;2025-08-03;2025-08-04;2025-08-05,28,7361.601536470154,2025-07-09;2025-07-10;2025-07-11;2025-07-12;2025-07-13;2025-07-14;2025-07-15;2025-07-16;2025-07-17;2025-07-18;2025-07-19;2025-07-20;2025-07-21;2025-07-22;2025-07-23;2025-07-24;2025-07-25;2025-07-26;2025-07-27;2025-07-28;2025-07-29;2025-07-30;2025-07-31;2025-08-01;2025-08-02;2025-08-03;2025-08-04;2025-08-05,2025-07-23;2025-07-24;2025-07-25;2025-07-26;2025-07-27;2025-07-28;2025-07-29;2025-07-30;2025-07-31;2025-08-01;2025-08-02;2025-08-03;2025-08-04;2025-08-05,,2025-08-05,4990.58397049082,6209.499626560482,6190.58397049082,31.670628759721613,39.147428480547255,34.95537545981356,67.17290833637021,77257.64081383313,2330.444235689117,7596.569073441841,48657.657330876886,9550.241786567056,58207.89911744394,48657.657330876886,48657.65728221923,37113.83907875927,1660.6851500786984,lexicographic,4.865765728221924e-05,3.7113839041645436e-05,False,0.3094676000000618,0.0,1,0
2025-08-07,False,calendar_trend,4,1.0,7,1.0,0,calibrated_quantile,2025-07-10;2025-07-11;2025-07-12;2025-07-13;2025-07-14;2025-07-15;2025-07-16;2025-07-17;2025-07-18;2025-07-19;2025-07-20;2025-07-21;2025-07-22;2025-07-23;2025-07-24;2025-07-25;2025-07-26;2025-07-27;2025-07-28;2025-07-29;2025-07-30;2025-07-31;2025-08-01;2025-08-02;2025-08-03;2025-08-04;2025-08-05;2025-08-06,28,7622.784748330776,2025-07-10;2025-07-11;2025-07-12;2025-07-13;2025-07-14;2025-07-15;2025-07-16;2025-07-17;2025-07-18;2025-07-19;2025-07-20;2025-07-21;2025-07-22;2025-07-23;2025-07-24;2025-07-25;2025-07-26;2025-07-27;2025-07-28;2025-07-29;2025-07-30;2025-07-31;2025-08-01;2025-08-02;2025-08-03;2025-08-04;2025-08-05;2025-08-06,2025-07-24;2025-07-25;2025-07-26;2025-07-27;2025-07-28;2025-07-29;2025-07-30;2025-07-31;2025-08-01;2025-08-02;2025-08-03;2025-08-04;2025-08-05;2025-08-06,,2025-08-06,5047.330938699805,6190.58397049082,6247.330938699805,30.4280778831865,38.29190374332666,18.676441383910106,35.21957684559087,76604.70362950586,453.5115277128868,9760.237222373895,48420.1357230293,1528.5501086743352,49948.68583170364,48420.1357230293,48420.135674609155,36710.222193646536,1650.2665499239315,lexicographic,4.8420135674609155e-05,3.67102221569362e-05,False,0.30480859999806853,0.0,1,0
2025-08-08,False,calendar_trend,4,1.0,7,1.0,0,calibrated_quantile,2025-07-11;2025-07-12;2025-07-13;2025-07-14;2025-07-15;2025-07-16;2025-07-17;2025-07-18;2025-07-19;2025-07-20;2025-07-21;2025-07-22;2025-07-23;2025-07-24;2025-07-25;2025-07-26;2025-07-27;2025-07-28;2025-07-29;2025-07-30;2025-07-31;2025-08-01;2025-08-02;2025-08-03;2025-08-04;2025-08-05;2025-08-06;2025-08-07,28,7763.1276021039985,2025-07-11;2025-07-12;2025-07-13;2025-07-14;2025-07-15;2025-07-16;2025-07-17;2025-07-18;2025-07-19;2025-07-20;2025-07-21;2025-07-22;2025-07-23;2025-07-24;2025-07-25;2025-07-26;2025-07-27;2025-07-28;2025-07-29;2025-07-30;2025-07-31;2025-08-01;2025-08-02;2025-08-03;2025-08-04;2025-08-05;2025-08-06;2025-08-07,2025-07-25;2025-07-26;2025-07-27;2025-07-28;2025-07-29;2025-07-30;2025-07-31;2025-08-01;2025-08-02;2025-08-03;2025-08-04;2025-08-05;2025-08-06;2025-08-07,,2025-08-07,5028.415282630143,6247.330938699805,6228.415282630143,22.561959111596316,28.896417463321107,29.969133742279098,50.81831497844725,42905.41306023518,107.25096782842681,24166.295874777265,25192.56282712525,484.16817072974135,25676.730997854993,25192.56282712525,25192.562801932687,29436.392504598247,1492.7347312336738,lexicographic,2.5192562801932688e-05,2.9436392475161858e-05,False,0.13201789999948232,0.0,1,0
2025-08-09,False,calendar_trend,4,1.0,7,1.0,0,calibrated_quantile,2025-07-12;2025-07-13;2025-07-14;2025-07-15;2025-07-16;2025-07-17;2025-07-18;2025-07-19;2025-07-20;2025-07-21;2025-07-22;2025-07-23;2025-07-24;2025-07-25;2025-07-26;2025-07-27;2025-07-28;2025-07-29;2025-07-30;2025-07-31;2025-08-01;2025-08-02;2025-08-03;2025-08-04;2025-08-05;2025-08-06;2025-08-07;2025-08-08,28,7260.71250793598,2025-07-12;2025-07-13;2025-07-14;2025-07-15;2025-07-16;2025-07-17;2025-07-18;2025-07-19;2025-07-20;2025-07-21;2025-07-22;2025-07-23;2025-07-24;2025-07-25;2025-07-26;2025-07-27;2025-07-28;2025-07-29;2025-07-30;2025-07-31;2025-08-01;2025-08-02;2025-08-03;2025-08-04;2025-08-05;2025-08-06;2025-08-07;2025-08-08,2025-07-26;2025-07-27;2025-07-28;2025-07-29;2025-07-30;2025-07-31;2025-08-01;2025-08-02;2025-08-03;2025-08-04;2025-08-05;2025-08-06;2025-08-07;2025-08-08,,2025-08-08,5009.499626560482,6228.415282630143,6209.499626560482,25.81482333869549,32.32109279066081,31.111568920665654,59.147542965628624,42683.410972687896,944.6384205579888,21638.916795107925,25144.098582774895,3500.7504480717935,28644.84903084669,25144.098582774895,25144.098557630787,29398.351018711015,1487.7015574666707,lexicographic,2.5144098557630788e-05,2.9398350989312676e-05,False,0.11350039999888395,0.0,1,0
2025-08-10,False,calendar_trend,4,1.0,7,1.0,0,calibrated_quantile,2025-07-13;2025-07-14;2025-07-15;2025-07-16;2025-07-17;2025-07-18;2025-07-19;2025-07-20;2025-07-21;2025-07-22;2025-07-23;2025-07-24;2025-07-25;2025-07-26;2025-07-27;2025-07-28;2025-07-29;2025-07-30;2025-07-31;2025-08-01;2025-08-02;2025-08-03;2025-08-04;2025-08-05;2025-08-06;2025-08-07;2025-08-08;2025-08-09,28,7315.960551135379,2025-07-13;2025-07-14;2025-07-15;2025-07-16;2025-07-17;2025-07-18;2025-07-19;2025-07-20;2025-07-21;2025-07-22;2025-07-23;2025-07-24;2025-07-25;2025-07-26;2025-07-27;2025-07-28;2025-07-29;2025-07-30;2025-07-31;2025-08-01;2025-08-02;2025-08-03;2025-08-04;2025-08-05;2025-08-06;2025-08-07;2025-08-08;2025-08-09,2025-07-27;2025-07-28;2025-07-29;2025-07-30;2025-07-31;2025-08-01;2025-08-02;2025-08-03;2025-08-04;2025-08-05;2025-08-06;2025-08-07;2025-08-08;2025-08-09,,2025-08-09,4990.58397049082,6209.499626560482,6190.58397049082,25.926083939080705,32.97263264667256,33.75897278862164,65.08674891346519,71695.9223814166,2284.7023859332567,4889.55437760584,45772.56001011401,8405.669181961403,54178.22919207541,45772.560010114015,45772.55996434145,36250.13213611617,1671.5540226810685,lexicographic,4.577255996434146e-05,3.625013209986604e-05,False,0.28828749999956926,0.0,1,0
2025-08-11,False,calendar_trend,4,1.0,7,1.0,0,calibrated_quantile,2025-07-14;2025-07-15;2025-07-16;2025-07-17;2025-07-18;2025-07-19;2025-07-20;2025-07-21;2025-07-22;2025-07-23;2025-07-24;2025-07-25;2025-07-26;2025-07-27;2025-07-28;2025-07-29;2025-07-30;2025-07-31;2025-08-01;2025-08-02;2025-08-03;2025-08-04;2025-08-05;2025-08-06;2025-08-07;2025-08-08;2025-08-09;2025-08-10,28,7784.168894874473,2025-07-14;2025-07-15;2025-07-16;2025-07-17;2025-07-18;2025-07-19;2025-07-20;2025-07-21;2025-07-22;2025-07-23;2025-07-24;2025-07-25;2025-07-26;2025-07-27;2025-07-28;2025-07-29;2025-07-30;2025-07-31;2025-08-01;2025-08-02;2025-08-03;2025-08-04;2025-08-05;2025-08-06;2025-08-07;2025-08-08;2025-08-09;2025-08-10,2025-07-28;2025-07-29;2025-07-30;2025-07-31;2025-08-01;2025-08-02;2025-08-03;2025-08-04;2025-08-05;2025-08-06;2025-08-07;2025-08-08;2025-08-09;2025-08-10,,2025-08-10,5047.330938699805,6190.58397049082,6247.330938699805,28.36810791098375,36.762434506082236,25.785313072800122,49.34564511280499,73070.77419875795,1419.8303037668145,6029.8963970060595,46474.94123623199,6726.088828116354,53201.03006434835,46474.941236231985,46474.941189757046,36609.83470989129,1673.18461635344,lexicographic,4.647494118975705e-05,3.6609834673281454e-05,False,0.32231709999905434,0.0,1,0
2025-08-12,False,calendar_trend,4,1.0,7,1.0,0,calibrated_quantile,2025-07-15;2025-07-16;2025-07-17;2025-07-18;2025-07-19;2025-07-20;2025-07-21;2025-07-22;2025-07-23;2025-07-24;2025-07-25;2025-07-26;2025-07-27;2025-07-28;2025-07-29;2025-07-30;2025-07-31;2025-08-01;2025-08-02;2025-08-03;2025-08-04;2025-08-05;2025-08-06;2025-08-07;2025-08-08;2025-08-09;2025-08-10;2025-08-11,28,8119.381697378589,2025-07-15;2025-07-16;2025-07-17;2025-07-18;2025-07-19;2025-07-20;2025-07-21;2025-07-22;2025-07-23;2025-07-24;2025-07-25;2025-07-26;2025-07-27;2025-07-28;2025-07-29;2025-07-30;2025-07-31;2025-08-01;2025-08-02;2025-08-03;2025-08-04;2025-08-05;2025-08-06;2025-08-07;2025-08-08;2025-08-09;2025-08-10;2025-08-11,2025-07-29;2025-07-30;2025-07-31;2025-08-01;2025-08-02;2025-08-03;2025-08-04;2025-08-05;2025-08-06;2025-08-07;2025-08-08;2025-08-09;2025-08-10;2025-08-11,,2025-08-11,5162.598421058689,6247.330938699805,6362.598421058689,26.966739167369695,34.02607454205578,44.96436612699475,77.34737778585894,73574.68567079995,2898.440353395715,4701.162967428614,46652.04016525506,12092.821941574544,58744.862106829605,46652.04016525505,46652.040118751676,37122.04030527569,1662.5641222704378,lexicographic,4.665204011875168e-05,3.712204026815365e-05,False,0.31970259999798145,0.0,1,0
2025-08-13,False,calendar_trend,4,1.0,7,1.0,0,calibrated_quantile,2025-07-16;2025-07-17;2025-07-18;2025-07-19;2025-07-20;2025-07-21;2025-07-22;2025-07-23;2025-07-24;2025-07-25;2025-07-26;2025-07-27;2025-07-28;2025-07-29;2025-07-30;2025-07-31;2025-08-01;2025-08-02;2025-08-03;2025-08-04;2025-08-05;2025-08-06;2025-08-07;2025-08-08;2025-08-09;2025-08-10;2025-08-11;2025-08-12,28,8412.188998631074,2025-07-16;2025-07-17;2025-07-18;2025-07-19;2025-07-20;2025-07-21;2025-07-22;2025-07-23;2025-07-24;2025-07-25;2025-07-26;2025-07-27;2025-07-28;2025-07-29;2025-07-30;2025-07-31;2025-08-01;2025-08-02;2025-08-03;2025-08-04;2025-08-05;2025-08-06;2025-08-07;2025-08-08;2025-08-09;2025-08-10;2025-08-11;2025-08-12,2025-07-30;2025-07-31;2025-08-01;2025-08-02;2025-08-03;2025-08-04;2025-08-05;2025-08-06;2025-08-07;2025-08-08;2025-08-09;2025-08-10;2025-08-11;2025-08-12,,2025-08-12,5291.374668716629,6362.598421058689,6491.374668716629,26.083983274211462,33.846413825107504,26.149237364457242,51.458067756478464,75569.09463589877,1421.723715526515,6962.922540964915,47912.178687041436,5863.8767932227365,53776.05548026417,47912.17868704143,47912.17863912925,35998.533508678855,1694.7861458651323,lexicographic,4.791217863912925e-05,3.599853347268032e-05,False,0.29403369999999995,0.0,1,0
2025-08-14,False,calendar_trend,4,1.0,7,1.0,0,calibrated_quantile,2025-07-17;2025-07-18;2025-07-19;2025-07-20;2025-07-21;2025-07-22;2025-07-23;2025-07-24;2025-07-25;2025-07-26;2025-07-27;2025-07-28;2025-07-29;2025-07-30;2025-07-31;2025-08-01;2025-08-02;2025-08-03;2025-08-04;2025-08-05;2025-08-06;2025-08-07;2025-08-08;2025-08-09;2025-08-10;2025-08-11;2025-08-12;2025-08-13,28,8734.778805945954,2025-07-17;2025-07-18;2025-07-19;2025-07-20;2025-07-21;2025-07-22;2025-07-23;2025-07-24;2025-07-25;2025-07-26;2025-07-27;2025-07-28;2025-07-29;2025-07-30;2025-07-31;2025-08-01;2025-08-02;2025-08-03;2025-08-04;2025-08-05;2025-08-06;2025-08-07;2025-08-08;2025-08-09;2025-08-10;2025-08-11;2025-08-12;2025-08-13,2025-07-31;2025-08-01;2025-08-02;2025-08-03;2025-08-04;2025-08-05;2025-08-06;2025-08-07;2025-08-08;2025-08-09;2025-08-10;2025-08-11;2025-08-12;2025-08-13,,2025-08-13,5349.392426355164,6491.374668716629,6549.392426355164,28.775018738315858,36.563451433263545,26.0119598077661,45.21084573389278,76300.45463557784,857.2790738526758,7361.546456450173,48221.16261689585,4031.0274897697996,52252.19010666564,48221.162616895854,48221.16256867468,36316.212022693246,1683.7865933260343,lexicographic,4.822116256867468e-05,3.6316211986377036e-05,False,0.16208460000052582,0.0,1,0
2025-08-15,False,calendar_trend,4,1.0,7,1.0,0,calibrated_quantile,2025-07-18;2025-07-19;2025-07-20;2025-07-21;2025-07-22;2025-07-23;2025-07-24;2025-07-25;2025-07-26;2025-07-27;2025-07-28;2025-07-29;2025-07-30;2025-07-31;2025-08-01;2025-08-02;2025-08-03;2025-08-04;2025-08-05;2025-08-06;2025-08-07;2025-08-08;2025-08-09;2025-08-10;2025-08-11;2025-08-12;2025-08-13;2025-08-14,28,8795.588276159388,2025-07-18;2025-07-19;2025-07-20;2025-07-21;2025-07-22;2025-07-23;2025-07-24;2025-07-25;2025-07-26;2025-07-27;2025-07-28;2025-07-29;2025-07-30;2025-07-31;2025-08-01;2025-08-02;2025-08-03;2025-08-04;2025-08-05;2025-08-06;2025-08-07;2025-08-08;2025-08-09;2025-08-10;2025-08-11;2025-08-12;2025-08-13;2025-08-14,2025-08-01;2025-08-02;2025-08-03;2025-08-04;2025-08-05;2025-08-06;2025-08-07;2025-08-08;2025-08-09;2025-08-10;2025-08-11;2025-08-12;2025-08-13;2025-08-14,,2025-08-14,5326.7818816033505,6549.392426355164,6526.7818816033505,28.097815287784695,34.20835415466818,23.085789436462793,43.78077249773207,43138.46962106529,165.657102608923,23013.539822279025,25518.838768963302,524.4375761903649,26043.276345153667,25518.8387689633,25518.838743444463,30039.766385501152,1507.1793178865832,lexicographic,2.5518838743444464e-05,3.0039766385501147e-05,False,0.1865077000002202,0.0,1,0
2025-08-16,False,calendar_trend,4,1.0,7,1.0,0,calibrated_quantile,2025-07-19;2025-07-20;2025-07-21;2025-07-22;2025-07-23;2025-07-24;2025-07-25;2025-07-26;2025-07-27;2025-07-28;2025-07-29;2025-07-30;2025-07-31;2025-08-01;2025-08-02;2025-08-03;2025-08-04;2025-08-05;2025-08-06;2025-08-07;2025-08-08;2025-08-09;2025-08-10;2025-08-11;2025-08-12;2025-08-13;2025-08-14;2025-08-15,28,8336.672174848763,2025-07-19;2025-07-20;2025-07-21;2025-07-22;2025-07-23;2025-07-24;2025-07-25;2025-07-26;2025-07-27;2025-07-28;2025-07-29;2025-07-30;2025-07-31;2025-08-01;2025-08-02;2025-08-03;2025-08-04;2025-08-05;2025-08-06;2025-08-07;2025-08-08;2025-08-09;2025-08-10;2025-08-11;2025-08-12;2025-08-13;2025-08-14;2025-08-15,2025-08-02;2025-08-03;2025-08-04;2025-08-05;2025-08-06;2025-08-07;2025-08-08;2025-08-09;2025-08-10;2025-08-11;2025-08-12;2025-08-13;2025-08-14;2025-08-15,,2025-08-15,5304.171336851537,6526.7818816033505,6504.171336851537,26.039249456302784,32.38310923006849,26.65259493420344,53.2216352162856,43237.66954521634,203.30147052210043,23385.6039682353,25583.540606104267,953.3552938596928,26536.895899963958,25583.540606104267,25583.540580520723,29994.294067722498,1466.6903478634379,lexicographic,2.5583540580520725e-05,2.9994294067722502e-05,False,0.23837940000157687,0.0,1,0
2025-08-17,False,calendar_trend,4,1.0,7,1.0,0,calibrated_quantile,2025-07-20;2025-07-21;2025-07-22;2025-07-23;2025-07-24;2025-07-25;2025-07-26;2025-07-27;2025-07-28;2025-07-29;2025-07-30;2025-07-31;2025-08-01;2025-08-02;2025-08-03;2025-08-04;2025-08-05;2025-08-06;2025-08-07;2025-08-08;2025-08-09;2025-08-10;2025-08-11;2025-08-12;2025-08-13;2025-08-14;2025-08-15;2025-08-16,28,8265.612741871897,2025-07-20;2025-07-21;2025-07-22;2025-07-23;2025-07-24;2025-07-25;2025-07-26;2025-07-27;2025-07-28;2025-07-29;2025-07-30;2025-07-31;2025-08-01;2025-08-02;2025-08-03;2025-08-04;2025-08-05;2025-08-06;2025-08-07;2025-08-08;2025-08-09;2025-08-10;2025-08-11;2025-08-12;2025-08-13;2025-08-14;2025-08-15;2025-08-16,2025-08-03;2025-08-04;2025-08-05;2025-08-06;2025-08-07;2025-08-08;2025-08-09;2025-08-10;2025-08-11;2025-08-12;2025-08-13;2025-08-14;2025-08-15;2025-08-16,,2025-08-16,5281.5607920997245,6504.171336851537,6481.5607920997245,29.119265376308842,35.405820861500665,22.286425535699774,41.7802390662205,75590.8707341611,348.81326983195356,8986.428458771166,47888.94858451932,1586.5371573291247,49475.485741848446,47888.94858451931,47888.948536630356,36298.57405914848,1658.8476950412357,lexicographic,4.788894853663036e-05,3.629857402284991e-05,False,0.21258989999842015,0.0,1,0
2025-08-18,False,calendar_trend,4,1.0,7,1.0,0,calibrated_quantile,2025-07-21;2025-07-22;2025-07-23;2025-07-24;2025-07-25;2025-07-26;2025-07-27;2025-07-28;2025-07-29;2025-07-30;2025-07-31;2025-08-01;2025-08-02;2025-08-03;2025-08-04;2025-08-05;2025-08-06;2025-08-07;2025-08-08;2025-08-09;2025-08-10;2025-08-11;2025-08-12;2025-08-13;2025-08-14;2025-08-15;2025-08-16;2025-08-17,28,8275.733647621486,2025-07-21;2025-07-22;2025-07-23;2025-07-24;2025-07-25;2025-07-26;2025-07-27;2025-07-28;2025-07-29;2025-07-30;2025-07-31;2025-08-01;2025-08-02;2025-08-03;2025-08-04;2025-08-05;2025-08-06;2025-08-07;2025-08-08;2025-08-09;2025-08-10;2025-08-11;2025-08-12;2025-08-13;2025-08-14;2025-08-15;2025-08-16;2025-08-17,2025-08-04;2025-08-05;2025-08-06;2025-08-07;2025-08-08;2025-08-09;2025-08-10;2025-08-11;2025-08-12;2025-08-13;2025-08-14;2025-08-15;2025-08-16;2025-08-17,,2025-08-17,5258.950247347911,6481.5607920997245,6458.950247347911,29.733251198566766,37.74843610753171,20.76792594604606,40.236751931701335,75507.3930184184,856.0139700145903,8126.447408774292,47809.89484774412,3863.258952806304,51673.153800550426,47809.89484774412,47809.89479993421,36822.350281941304,1640.3939970243396,lexicographic,4.780989479993422e-05,3.682235024511896e-05,False,0.29647920000206796,1.5218518351965581e-16,1,0
2025-08-19,False,calendar_trend,4,1.0,7,1.0,0,calibrated_quantile,2025-07-22;2025-07-23;2025-07-24;2025-07-25;2025-07-26;2025-07-27;2025-07-28;2025-07-29;2025-07-30;2025-07-31;2025-08-01;2025-08-02;2025-08-03;2025-08-04;2025-08-05;2025-08-06;2025-08-07;2025-08-08;2025-08-09;2025-08-10;2025-08-11;2025-08-12;2025-08-13;2025-08-14;2025-08-15;2025-08-16;2025-08-17;2025-08-18,28,8285.807692623242,2025-07-22;2025-07-23;2025-07-24;2025-07-25;2025-07-26;2025-07-27;2025-07-28;2025-07-29;2025-07-30;2025-07-31;2025-08-01;2025-08-02;2025-08-03;2025-08-04;2025-08-05;2025-08-06;2025-08-07;2025-08-08;2025-08-09;2025-08-10;2025-08-11;2025-08-12;2025-08-13;2025-08-14;2025-08-15;2025-08-16;2025-08-17;2025-08-18,2025-08-05;2025-08-06;2025-08-07;2025-08-08;2025-08-09;2025-08-10;2025-08-11;2025-08-12;2025-08-13;2025-08-14;2025-08-15;2025-08-16;2025-08-17;2025-08-18,,2025-08-18,5210.774334203299,6458.950247347911,6410.774334203299,28.760847641689338,35.74575146627133,25.276504888870065,43.75007591722923,75467.23414418273,628.5076461629831,7933.389884611437,47863.208765935844,2407.662588990812,50270.871354926654,47863.20876593585,47863.20871807265,37082.15211862815,1653.4708314419593,lexicographic,4.786320871807266e-05,3.7082152081546e-05,False,0.13914239999940037,0.0,1,0
2025-08-20,False,calendar_trend,4,1.0,7,1.0,0,calibrated_quantile,2025-07-23;2025-07-24;2025-07-25;2025-07-26;2025-07-27;2025-07-28;2025-07-29;2025-07-30;2025-07-31;2025-08-01;2025-08-02;2025-08-03;2025-08-04;2025-08-05;2025-08-06;2025-08-07;2025-08-08;2025-08-09;2025-08-10;2025-08-11;2025-08-12;2025-08-13;2025-08-14;2025-08-15;2025-08-16;2025-08-17;2025-08-18;2025-08-19,28,8299.444387682985,2025-07-23;2025-07-24;2025-07-25;2025-07-26;2025-07-27;2025-07-28;2025-07-29;2025-07-30;2025-07-31;2025-08-01;2025-08-02;2025-08-03;2025-08-04;2025-08-05;2025-08-06;2025-08-07;2025-08-08;2025-08-09;2025-08-10;2025-08-11;2025-08-12;2025-08-13;2025-08-14;2025-08-15;2025-08-16;2025-08-17;2025-08-18;2025-08-19,2025-08-06;2025-08-07;2025-08-08;2025-08-09;2025-08-10;2025-08-11;2025-08-12;2025-08-13;2025-08-14;2025-08-15;2025-08-16;2025-08-17;2025-08-18;2025-08-19,,2025-08-19,5162.598421058689,6410.774334203299,6362.598421058689,27.895526627778327,33.51086747543925,52.50405903414614,91.88185282343676,75782.37592719703,3022.391788650604,4304.836535631579,48042.04525467755,12204.43602636162,60246.48128103917,48042.04525467755,48042.04520663552,37125.480258866824,1642.9014941639737,lexicographic,4.8042045206635525e-05,3.712548022174135e-05,False,0.15915880000102334,0.0,1,0
2025-08-21,False,calendar_trend,4,1.0,7,1.0,0,calibrated_quantile,2025-07-24;2025-07-25;2025-07-26;2025-07-27;2025-07-28;2025-07-29;2025-07-30;2025-07-31;2025-08-01;2025-08-02;2025-08-03;2025-08-04;2025-08-05;2025-08-06;2025-08-07;2025-08-08;2025-08-09;2025-08-10;2025-08-11;2025-08-12;2025-08-13;2025-08-14;2025-08-15;2025-08-16;2025-08-17;2025-08-18;2025-08-19;2025-08-20,28,8700.645711088811,2025-07-24;2025-07-25;2025-07-26;2025-07-27;2025-07-28;2025-07-29;2025-07-30;2025-07-31;2025-08-01;2025-08-02;2025-08-03;2025-08-04;2025-08-05;2025-08-06;2025-08-07;2025-08-08;2025-08-09;2025-08-10;2025-08-11;2025-08-12;2025-08-13;2025-08-14;2025-08-15;2025-08-16;2025-08-17;2025-08-18;2025-08-19;2025-08-20,2025-08-07;2025-08-08;2025-08-09;2025-08-10;2025-08-11;2025-08-12;2025-08-13;2025-08-14;2025-08-15;2025-08-16;2025-08-17;2025-08-18;2025-08-19;2025-08-20,,2025-08-20,5281.5607920997245,6362.598421058689,6481.5607920997245,25.148827792098658,32.10268204551136,23.229359049499994,41.7175130651075,78174.29589203701,416.9844868169033,8494.062717146404,49315.524917982606,1915.1909384907308,51230.71585647334,49315.5249179826,49315.52486866707,39386.49602622844,1645.6237143094713,lexicographic,4.931552486866707e-05,3.9386496026228316e-05,False,0.19924080000055255,0.0,1,0
2025-08-22,False,calendar_trend,4,1.0,7,1.0,0,calibrated_quantile,2025-07-25;2025-07-26;2025-07-27;2025-07-28;2025-07-29;2025-07-30;2025-07-31;2025-08-01;2025-08-02;2025-08-03;2025-08-04;2025-08-05;2025-08-06;2025-08-07;2025-08-08;2025-08-09;2025-08-10;2025-08-11;2025-08-12;2025-08-13;2025-08-14;2025-08-15;2025-08-16;2025-08-17;2025-08-18;2025-08-19;2025-08-20;2025-08-21,28,8499.746526317473,2025-07-25;2025-07-26;2025-07-27;2025-07-28;2025-07-29;2025-07-30;2025-07-31;2025-08-01;2025-08-02;2025-08-03;2025-08-04;2025-08-05;2025-08-06;2025-08-07;2025-08-08;2025-08-09;2025-08-10;2025-08-11;2025-08-12;2025-08-13;2025-08-14;2025-08-15;2025-08-16;2025-08-17;2025-08-18;2025-08-19;2025-08-20;2025-08-21,2025-08-08;2025-08-09;2025-08-10;2025-08-11;2025-08-12;2025-08-13;2025-08-14;2025-08-15;2025-08-16;2025-08-17;2025-08-18;2025-08-19;2025-08-20;2025-08-21,,2025-08-21,5258.950247347911,6481.5607920997245,6458.950247347911,27.169568878838916,34.31477320188044,26.687103014154133,46.0391282528346,43291.942829134794,551.2520191127769,19496.08544186187,25566.987975298474,2112.147180514747,27679.135155813223,25566.987975298478,25566.987949731483,29903.349432165207,1485.7804343427629,lexicographic,2.5566987949731486e-05,2.9903349432165208e-05,False,0.21212709999963408,0.0,1,0
2025-08-23,False,calendar_trend,4,1.0,7,1.0,0,calibrated_quantile,2025-07-26;2025-07-27;2025-07-28;2025-07-29;2025-07-30;2025-07-31;2025-08-01;2025-08-02;2025-08-03;2025-08-04;2025-08-05;2025-08-06;2025-08-07;2025-08-08;2025-08-09;2025-08-10;2025-08-11;2025-08-12;2025-08-13;2025-08-14;2025-08-15;2025-08-16;2025-08-17;2025-08-18;2025-08-19;2025-08-20;2025-08-21;2025-08-22,28,8467.304554971437,2025-07-26;2025-07-27;2025-07-28;2025-07-29;2025-07-30;2025-07-31;2025-08-01;2025-08-02;2025-08-03;2025-08-04;2025-08-05;2025-08-06;2025-08-07;2025-08-08;2025-08-09;2025-08-10;2025-08-11;2025-08-12;2025-08-13;2025-08-14;2025-08-15;2025-08-16;2025-08-17;2025-08-18;2025-08-19;2025-08-20;2025-08-21;2025-08-22,2025-08-09;2025-08-10;2025-08-11;2025-08-12;2025-08-13;2025-08-14;2025-08-15;2025-08-16;2025-08-17;2025-08-18;2025-08-19;2025-08-20;2025-08-21;2025-08-22,,2025-08-22,5210.774334203299,6458.950247347911,6410.774334203299,23.780756237045207,30.89436406297804,25.798616413044673,49.775549595126414,43337.963176322024,188.37923105130432,17912.97556367743,25696.869328458535,585.5385628496733,26282.40789130821,25696.86932845853,25696.869302761665,29829.471048683503,1466.031133306623,lexicographic,2.5696869302761667e-05,2.9829471018854025e-05,False,0.1543152000012924,0.0,1,0
2025-08-24,False,calendar_trend,4,1.0,7,1.0,0,calibrated_quantile,2025-07-27;2025-07-28;2025-07-29;2025-07-30;2025-07-31;2025-08-01;2025-08-02;2025-08-03;2025-08-04;2025-08-05;2025-08-06;2025-08-07;2025-08-08;2025-08-09;2025-08-10;2025-08-11;2025-08-12;2025-08-13;2025-08-14;2025-08-15;2025-08-16;2025-08-17;2025-08-18;2025-08-19;2025-08-20;2025-08-21;2025-08-22;2025-08-23,28,8431.755647753102,2025-07-27;2025-07-28;2025-07-29;2025-07-30;2025-07-31;2025-08-01;2025-08-02;2025-08-03;2025-08-04;2025-08-05;2025-08-06;2025-08-07;2025-08-08;2025-08-09;2025-08-10;2025-08-11;2025-08-12;2025-08-13;2025-08-14;2025-08-15;2025-08-16;2025-08-17;2025-08-18;2025-08-19;2025-08-20;2025-08-21;2025-08-22;2025-08-23,2025-08-10;2025-08-11;2025-08-12;2025-08-13;2025-08-14;2025-08-15;2025-08-16;2025-08-17;2025-08-18;2025-08-19;2025-08-20;2025-08-21;2025-08-22;2025-08-23,,2025-08-23,5162.598421058689,6410.774334203299,6362.598421058689,29.194193777703237,36.51845326790407,33.577245149391764,64.77934955006963,78367.12877590166,254.7697445075749,10871.493728913332,49559.30915073116,1044.530398203022,50603.839548934186,49559.30915073117,49559.30910117185,38721.854481234404,1630.0745491666717,lexicographic,4.9559309101171854e-05,3.8721854442512556e-05,False,0.1340353999985382,1.4681313654575107e-16,1,0
2025-08-25,False,calendar_trend,4,1.0,7,1.0,0,calibrated_quantile,2025-07-28;2025-07-29;2025-07-30;2025-07-31;2025-08-01;2025-08-02;2025-08-03;2025-08-04;2025-08-05;2025-08-06;2025-08-07;2025-08-08;2025-08-09;2025-08-10;2025-08-11;2025-08-12;2025-08-13;2025-08-14;2025-08-15;2025-08-16;2025-08-17;2025-08-18;2025-08-19;2025-08-20;2025-08-21;2025-08-22;2025-08-23;2025-08-24,28,8176.485401244285,2025-07-28;2025-07-29;2025-07-30;2025-07-31;2025-08-01;2025-08-02;2025-08-03;2025-08-04;2025-08-05;2025-08-06;2025-08-07;2025-08-08;2025-08-09;2025-08-10;2025-08-11;2025-08-12;2025-08-13;2025-08-14;2025-08-15;2025-08-16;2025-08-17;2025-08-18;2025-08-19;2025-08-20;2025-08-21;2025-08-22;2025-08-23;2025-08-24,2025-08-11;2025-08-12;2025-08-13;2025-08-14;2025-08-15;2025-08-16;2025-08-17;2025-08-18;2025-08-19;2025-08-20;2025-08-21;2025-08-22;2025-08-23;2025-08-24,,2025-08-24,5114.422507914078,6362.598421058689,6314.422507914078,23.551567587269027,29.31976740415123,39.93830465319675,70.42505436326104,78385.26591963379,1798.2116966536705,5322.048208294791,49614.356113296264,6445.274642631427,56059.63075592769,49614.35611329625,49614.35606368191,39403.24406294932,1626.4923815652264,lexicographic,4.961435606368191e-05,3.940324402354607e-05,False,0.1729605000000447,0.0,1,0
2025-08-26,False,calendar_trend,4,1.0,7,1.0,0,calibrated_quantile,2025-07-29;2025-07-30;2025-07-31;2025-08-01;2025-08-02;2025-08-03;2025-08-04;2025-08-05;2025-08-06;2025-08-07;2025-08-08;2025-08-09;2025-08-10;2025-08-11;2025-08-12;2025-08-13;2025-08-14;2025-08-15;2025-08-16;2025-08-17;2025-08-18;2025-08-19;2025-08-20;2025-08-21;2025-08-22;2025-08-23;2025-08-24;2025-08-25,28,7879.668515305125,2025-07-29;2025-07-30;2025-07-31;2025-08-01;2025-08-02;2025-08-03;2025-08-04;2025-08-05;2025-08-06;2025-08-07;2025-08-08;2025-08-09;2025-08-10;2025-08-11;2025-08-12;2025-08-13;2025-08-14;2025-08-15;2025-08-16;2025-08-17;2025-08-18;2025-08-19;2025-08-20;2025-08-21;2025-08-22;2025-08-23;2025-08-24;2025-08-25,2025-08-12;2025-08-13;2025-08-14;2025-08-15;2025-08-16;2025-08-17;2025-08-18;2025-08-19;2025-08-20;2025-08-21;2025-08-22;2025-08-23;2025-08-24;2025-08-25,,2025-08-25,5258.950247347911,6314.422507914078,6458.950247347911,31.584223707423185,39.589056611443894,21.253214804985703,42.675142642136564,79160.57498545173,380.28514661753957,9693.144905392624,50047.06639980294,1440.6471174051742,51487.71351720812,50047.06639980295,50047.066349755914,39773.965028792234,1635.2604350568045,lexicographic,5.004706634975592e-05,3.9773965028791504e-05,False,0.29134659999908763,0.0,1,0
2025-08-27,False,calendar_trend,4,1.0,7,1.0,0,calibrated_quantile,2025-07-30;2025-07-31;2025-08-01;2025-08-02;2025-08-03;2025-08-04;2025-08-05;2025-08-06;2025-08-07;2025-08-08;2025-08-09;2025-08-10;2025-08-11;2025-08-12;2025-08-13;2025-08-14;2025-08-15;2025-08-16;2025-08-17;2025-08-18;2025-08-19;2025-08-20;2025-08-21;2025-08-22;2025-08-23;2025-08-24;2025-08-25;2025-08-26,28,7620.1668421140575,2025-07-30;2025-07-31;2025-08-01;2025-08-02;2025-08-03;2025-08-04;2025-08-05;2025-08-06;2025-08-07;2025-08-08;2025-08-09;2025-08-10;2025-08-11;2025-08-12;2025-08-13;2025-08-14;2025-08-15;2025-08-16;2025-08-17;2025-08-18;2025-08-19;2025-08-20;2025-08-21;2025-08-22;2025-08-23;2025-08-24;2025-08-25;2025-08-26,2025-08-13;2025-08-14;2025-08-15;2025-08-16;2025-08-17;2025-08-18;2025-08-19;2025-08-20;2025-08-21;2025-08-22;2025-08-23;2025-08-24;2025-08-25;2025-08-26,,2025-08-26,5210.774334203299,6458.950247347911,6410.774334203299,27.080873875547475,34.10851775936202,23.989320982234215,41.473193693658956,79010.65292700505,451.71010923480173,7431.9036331028765,50105.03569012204,2200.177174258435,52305.212864380475,50105.03569012204,50105.03564001699,39669.677445639856,1612.0159156602087,lexicographic,5.0105035640016995e-05,3.9669677405970174e-05,False,0.1294981999999436,0.0,1,0
2025-08-28,False,calendar_trend,4,1.0,7,1.0,0,calibrated_quantile,2025-07-31;2025-08-01;2025-08-02;2025-08-03;2025-08-04;2025-08-05;2025-08-06;2025-08-07;2025-08-08;2025-08-09;2025-08-10;2025-08-11;2025-08-12;2025-08-13;2025-08-14;2025-08-15;2025-08-16;2025-08-17;2025-08-18;2025-08-19;2025-08-20;2025-08-21;2025-08-22;2025-08-23;2025-08-24;2025-08-25;2025-08-26;2025-08-27,28,7579.591359704132,2025-07-31;2025-08-01;2025-08-02;2025-08-03;2025-08-04;2025-08-05;2025-08-06;2025-08-07;2025-08-08;2025-08-09;2025-08-10;2025-08-11;2025-08-12;2025-08-13;2025-08-14;2025-08-15;2025-08-16;2025-08-17;2025-08-18;2025-08-19;2025-08-20;2025-08-21;2025-08-22;2025-08-23;2025-08-24;2025-08-25;2025-08-26;2025-08-27,2025-08-14;2025-08-15;2025-08-16;2025-08-17;2025-08-18;2025-08-19;2025-08-20;2025-08-21;2025-08-22;2025-08-23;2025-08-24;2025-08-25;2025-08-26;2025-08-27,,2025-08-27,5162.598421058689,6410.774334203299,6362.598421058689,29.855798853203787,35.83890935110124,40.16627917947278,78.81141867705725,79376.22269591062,2567.2638900413112,6961.870878536595,50412.15343199164,9780.468238786514,60192.62167077816,50412.15343199164,50412.15338157948,40598.59028551962,1620.875548619268,lexicographic,5.041215338157949e-05,4.0598590244921014e-05,False,0.1586029000027338,0.0,1,0
2025-08-29,False,calendar_trend,4,1.0,7,1.0,0,calibrated_quantile,2025-08-01;2025-08-02;2025-08-03;2025-08-04;2025-08-05;2025-08-06;2025-08-07;2025-08-08;2025-08-09;2025-08-10;2025-08-11;2025-08-12;2025-08-13;2025-08-14;2025-08-15;2025-08-16;2025-08-17;2025-08-18;2025-08-19;2025-08-20;2025-08-21;2025-08-22;2025-08-23;2025-08-24;2025-08-25;2025-08-26;2025-08-27;2025-08-28,28,7837.667681069859,2025-08-01;2025-08-02;2025-08-03;2025-08-04;2025-08-05;2025-08-06;2025-08-07;2025-08-08;2025-08-09;2025-08-10;2025-08-11;2025-08-12;2025-08-13;2025-08-14;2025-08-15;2025-08-16;2025-08-17;2025-08-18;2025-08-19;2025-08-20;2025-08-21;2025-08-22;2025-08-23;2025-08-24;2025-08-25;2025-08-26;2025-08-27;2025-08-28,2025-08-15;2025-08-16;2025-08-17;2025-08-18;2025-08-19;2025-08-20;2025-08-21;2025-08-22;2025-08-23;2025-08-24;2025-08-25;2025-08-26;2025-08-27;2025-08-28,,2025-08-28,5281.5607920997245,6362.598421058689,6481.5607920997245,26.041693853787397,32.146976254651506,22.613325473164476,38.546921274340995,43696.79972838811,357.69793809773546,18250.548348661196,26017.378310553897,1385.604530272894,27402.98284082679,26017.378310553893,26017.37828453654,29821.40612573029,1470.6154288687353,lexicographic,2.601737828453654e-05,2.9821406125730286e-05,False,0.18646869999793125,0.0,1,0
2025-08-30,False,calendar_trend,4,1.0,7,1.0,0,calibrated_quantile,2025-08-02;2025-08-03;2025-08-04;2025-08-05;2025-08-06;2025-08-07;2025-08-08;2025-08-09;2025-08-10;2025-08-11;2025-08-12;2025-08-13;2025-08-14;2025-08-15;2025-08-16;2025-08-17;2025-08-18;2025-08-19;2025-08-20;2025-08-21;2025-08-22;2025-08-23;2025-08-24;2025-08-25;2025-08-26;2025-08-27;2025-08-28;2025-08-29,28,7897.925009247664,2025-08-02;2025-08-03;2025-08-04;2025-08-05;2025-08-06;2025-08-07;2025-08-08;2025-08-09;2025-08-10;2025-08-11;2025-08-12;2025-08-13;2025-08-14;2025-08-15;2025-08-16;2025-08-17;2025-08-18;2025-08-19;2025-08-20;2025-08-21;2025-08-22;2025-08-23;2025-08-24;2025-08-25;2025-08-26;2025-08-27;2025-08-28;2025-08-29,2025-08-16;2025-08-17;2025-08-18;2025-08-19;2025-08-20;2025-08-21;2025-08-22;2025-08-23;2025-08-24;2025-08-25;2025-08-26;2025-08-27;2025-08-28;2025-08-29,,2025-08-29,5258.950247347911,6481.5607920997245,6458.950247347911,27.33081144843497,33.2468369013644,42.30399402292531,80.70499797847074,43288.27782385282,312.2063419462569,21971.224326080035,25740.23293738778,815.0554575642134,26555.288394951993,25740.23293738778,25740.232911647552,29903.34943216521,1460.468298487601,lexicographic,2.5740232911647553e-05,2.990334943216521e-05,False,0.1821555000024091,0.0,1,0
2025-08-31,False,calendar_trend,4,1.0,7,1.0,0,calibrated_quantile,2025-08-03;2025-08-04;2025-08-05;2025-08-06;2025-08-07;2025-08-08;2025-08-09;2025-08-10;2025-08-11;2025-08-12;2025-08-13;2025-08-14;2025-08-15;2025-08-16;2025-08-17;2025-08-18;2025-08-19;2025-08-20;2025-08-21;2025-08-22;2025-08-23;2025-08-24;2025-08-25;2025-08-26;2025-08-27;2025-08-28;2025-08-29;2025-08-30,28,7961.718117863815,2025-08-03;2025-08-04;2025-08-05;2025-08-06;2025-08-07;2025-08-08;2025-08-09;2025-08-10;2025-08-11;2025-08-12;2025-08-13;2025-08-14;2025-08-15;2025-08-16;2025-08-17;2025-08-18;2025-08-19;2025-08-20;2025-08-21;2025-08-22;2025-08-23;2025-08-24;2025-08-25;2025-08-26;2025-08-27;2025-08-28;2025-08-29;2025-08-30,2025-08-17;2025-08-18;2025-08-19;2025-08-20;2025-08-21;2025-08-22;2025-08-23;2025-08-24;2025-08-25;2025-08-26;2025-08-27;2025-08-28;2025-08-29;2025-08-30,,2025-08-30,5210.774334203299,6458.950247347911,6410.774334203299,27.907235115951565,34.264401104143346,20.514819028983183,35.78918082829443,79483.99196243679,315.03655441927265,9002.101097849023,50387.459209604014,1118.2012365069597,51505.660446110975,50387.459209604014,50387.45915921656,39993.51311173536,1648.7552309825091,lexicographic,5.0387459159216566e-05,3.999351307174184e-05,False,0.16256570000041393,0.0,1,0
2025-09-01,False,calendar_trend,4,1.0,7,1.0,0,calibrated_quantile,2025-08-04;2025-08-05;2025-08-06;2025-08-07;2025-08-08;2025-08-09;2025-08-10;2025-08-11;2025-08-12;2025-08-13;2025-08-14;2025-08-15;2025-08-16;2025-08-17;2025-08-18;2025-08-19;2025-08-20;2025-08-21;2025-08-22;2025-08-23;2025-08-24;2025-08-25;2025-08-26;2025-08-27;2025-08-28;2025-08-29;2025-08-30;2025-08-31,28,7946.392347644749,2025-08-04;2025-08-05;2025-08-06;2025-08-07;2025-08-08;2025-08-09;2025-08-10;2025-08-11;2025-08-12;2025-08-13;2025-08-14;2025-08-15;2025-08-16;2025-08-17;2025-08-18;2025-08-19;2025-08-20;2025-08-21;2025-08-22;2025-08-23;2025-08-24;2025-08-25;2025-08-26;2025-08-27;2025-08-28;2025-08-29;2025-08-30;2025-08-31,2025-08-18;2025-08-19;2025-08-20;2025-08-21;2025-08-22;2025-08-23;2025-08-24;2025-08-25;2025-08-26;2025-08-27;2025-08-28;2025-08-29;2025-08-30;2025-08-31,,2025-08-31,5162.598421058689,6410.774334203299,6362.598421058689,89.16072842718046,101.44969812512205,27.72986178256025,49.14756349986915,79507.66850800058,27.29613562127838,21821.638033865587,50275.15030015973,130.87616805380452,50406.02646821353,50275.15030015973,50275.15024988458,39887.65422097809,1630.578405519571,lexicographic,5.0275150249884585e-05,3.9887654181090435e-05,False,0.1360512999999628,0.0,1,0
2025-09-02,False,calendar_trend,4,1.0,7,1.0,0,calibrated_quantile,2025-08-05;2025-08-06;2025-08-07;2025-08-08;2025-08-09;2025-08-10;2025-08-11;2025-08-12;2025-08-13;2025-08-14;2025-08-15;2025-08-16;2025-08-17;2025-08-18;2025-08-19;2025-08-20;2025-08-21;2025-08-22;2025-08-23;2025-08-24;2025-08-25;2025-08-26;2025-08-27;2025-08-28;2025-08-29;2025-08-30;2025-08-31;2025-09-01,28,7896.6526452381195,2025-08-05;2025-08-06;2025-08-07;2025-08-08;2025-08-09;2025-08-10;2025-08-11;2025-08-12;2025-08-13;2025-08-14;2025-08-15;2025-08-16;2025-08-17;2025-08-18;2025-08-19;2025-08-20;2025-08-21;2025-08-22;2025-08-23;2025-08-24;2025-08-25;2025-08-26;2025-08-27;2025-08-28;2025-08-29;2025-08-30;2025-08-31;2025-09-01,2025-08-19;2025-08-20;2025-08-21;2025-08-22;2025-08-23;2025-08-24;2025-08-25;2025-08-26;2025-08-27;2025-08-28;2025-08-29;2025-08-30;2025-08-31;2025-09-01,,2025-09-01,5114.422507914078,6362.598421058689,6314.422507914078,62.173260290868335,71.79160786026597,25.443112221164558,41.71840941816962,75080.82660808663,66.5535207205329,17094.928750264768,47158.459212456815,331.55978483290767,47490.01899728972,47158.459212456815,47158.45916529835,38511.134475379135,1621.9136429100827,lexicographic,4.715845916529835e-05,3.8511134436868e-05,False,0.1414370999991661,0.0,1,0
2025-09-03,False,calendar_trend,4,1.0,7,1.0,0,calibrated_quantile,2025-08-06;2025-08-07;2025-08-08;2025-08-09;2025-08-10;2025-08-11;2025-08-12;2025-08-13;2025-08-14;2025-08-15;2025-08-16;2025-08-17;2025-08-18;2025-08-19;2025-08-20;2025-08-21;2025-08-22;2025-08-23;2025-08-24;2025-08-25;2025-08-26;2025-08-27;2025-08-28;2025-08-29;2025-08-30;2025-08-31;2025-09-01;2025-09-02,28,7834.029018867212,2025-08-06;2025-08-07;2025-08-08;2025-08-09;2025-08-10;2025-08-11;2025-08-12;2025-08-13;2025-08-14;2025-08-15;2025-08-16;2025-08-17;2025-08-18;2025-08-19;2025-08-20;2025-08-21;2025-08-22;2025-08-23;2025-08-24;2025-08-25;2025-08-26;2025-08-27;2025-08-28;2025-08-29;2025-08-30;2025-08-31;2025-09-01;2025-09-02,2025-08-20;2025-08-21;2025-08-22;2025-08-23;2025-08-24;2025-08-25;2025-08-26;2025-08-27;2025-08-28;2025-08-29;2025-08-30;2025-08-31;2025-09-01;2025-09-02,,2025-09-02,5066.246594769466,6314.422507914078,6266.246594769466,44.12539658726033,52.10648430321904,26.697675236527903,45.23318401758142,71693.85703627003,35.71335196495909,12226.377122794014,44831.33436191341,118.69805464093386,44950.03241655434,44831.33436191341,44831.33431708208,38137.517008465584,1556.3309968050896,lexicographic,4.4831334317082086e-05,3.8137516970328075e-05,False,0.15242209999996703,0.0,1,0
2025-09-04,False,calendar_trend,4,1.0,7,1.0,0,calibrated_quantile,2025-08-07;2025-08-08;2025-08-09;2025-08-10;2025-08-11;2025-08-12;2025-08-13;2025-08-14;2025-08-15;2025-08-16;2025-08-17;2025-08-18;2025-08-19;2025-08-20;2025-08-21;2025-08-22;2025-08-23;2025-08-24;2025-08-25;2025-08-26;2025-08-27;2025-08-28;2025-08-29;2025-08-30;2025-08-31;2025-09-01;2025-09-02;2025-09-03,28,7555.833940591351,2025-08-07;2025-08-08;2025-08-09;2025-08-10;2025-08-11;2025-08-12;2025-08-13;2025-08-14;2025-08-15;2025-08-16;2025-08-17;2025-08-18;2025-08-19;2025-08-20;2025-08-21;2025-08-22;2025-08-23;2025-08-24;2025-08-25;2025-08-26;2025-08-27;2025-08-28;2025-08-29;2025-08-30;2025-08-31;2025-09-01;2025-09-02;2025-09-03,2025-08-21;2025-08-22;2025-08-23;2025-08-24;2025-08-25;2025-08-26;2025-08-27;2025-08-28;2025-08-29;2025-08-30;2025-08-31;2025-09-01;2025-09-02;2025-09-03,,2025-09-03,5047.330938699805,6266.246594769466,6247.330938699805,34.60648393635558,42.075268697613716,28.793791047658985,55.892731266579545,70018.97201293282,119.88159121593031,12185.950375755963,43571.52331270385,487.030676115101,44058.55398881895,43571.52331270385,43571.52326913233,38544.89146745441,1546.1756602953517,lexicographic,4.3571523269132336e-05,3.854489142890951e-05,False,0.2821199999998498,0.0,1,0
2025-09-05,False,calendar_trend,4,1.0,7,1.0,0,calibrated_quantile,2025-08-08;2025-08-09;2025-08-10;2025-08-11;2025-08-12;2025-08-13;2025-08-14;2025-08-15;2025-08-16;2025-08-17;2025-08-18;2025-08-19;2025-08-20;2025-08-21;2025-08-22;2025-08-23;2025-08-24;2025-08-25;2025-08-26;2025-08-27;2025-08-28;2025-08-29;2025-08-30;2025-08-31;2025-09-01;2025-09-02;2025-09-03;2025-09-04,28,7452.700092159914,2025-08-08;2025-08-09;2025-08-10;2025-08-11;2025-08-12;2025-08-13;2025-08-14;2025-08-15;2025-08-16;2025-08-17;2025-08-18;2025-08-19;2025-08-20;2025-08-21;2025-08-22;2025-08-23;2025-08-24;2025-08-25;2025-08-26;2025-08-27;2025-08-28;2025-08-29;2025-08-30;2025-08-31;2025-09-01;2025-09-02;2025-09-03;2025-09-04,2025-08-22;2025-08-23;2025-08-24;2025-08-25;2025-08-26;2025-08-27;2025-08-28;2025-08-29;2025-08-30;2025-08-31;2025-09-01;2025-09-02;2025-09-03;2025-09-04,,2025-09-04,5028.415282630143,6247.330938699805,6228.415282630143,43.59816131451723,50.6273222495072,20.58627007123605,41.19859275720008,37165.80556210785,28.66944487865544,27299.01642667174,21299.25857316077,68.04673081285728,21367.305303973626,21299.25857316077,21299.258551861512,29436.392603307762,1378.2053379084111,lexicographic,2.1299258551861514e-05,2.9436392603307765e-05,False,0.22630819999903906,0.0,1,0
2025-09-06,False,calendar_trend,4,1.0,7,1.0,0,calibrated_quantile,2025-08-09;2025-08-10;2025-08-11;2025-08-12;2025-08-13;2025-08-14;2025-08-15;2025-08-16;2025-08-17;2025-08-18;2025-08-19;2025-08-20;2025-08-21;2025-08-22;2025-08-23;2025-08-24;2025-08-25;2025-08-26;2025-08-27;2025-08-28;2025-08-29;2025-08-30;2025-08-31;2025-09-01;2025-09-02;2025-09-03;2025-09-04;2025-09-05,28,7406.501380050984,2025-08-09;2025-08-10;2025-08-11;2025-08-12;2025-08-13;2025-08-14;2025-08-15;2025-08-16;2025-08-17;2025-08-18;2025-08-19;2025-08-20;2025-08-21;2025-08-22;2025-08-23;2025-08-24;2025-08-25;2025-08-26;2025-08-27;2025-08-28;2025-08-29;2025-08-30;2025-08-31;2025-09-01;2025-09-02;2025-09-03;2025-09-04;2025-09-05,2025-08-23;2025-08-24;2025-08-25;2025-08-26;2025-08-27;2025-08-28;2025-08-29;2025-08-30;2025-08-31;2025-09-01;2025-09-02;2025-09-03;2025-09-04;2025-09-05,,2025-09-05,5009.499626560482,6228.415282630143,6209.499626560482,28.316450547095567,35.63958955141807,40.57763203379482,70.79147791081637,35457.43731474966,107.13264905289975,24776.28265532471,20047.67577968994,294.4131515775443,20342.088931267484,20047.67577968994,20047.67575964227,29398.351117212107,1371.703595493933,lexicographic,2.004767575964227e-05,2.9398351117212113e-05,False,0.230363300001045,0.0,1,0
2025-09-07,False,calendar_trend,4,1.0,7,1.0,0,calibrated_quantile,2025-08-10;2025-08-11;2025-08-12;2025-08-13;2025-08-14;2025-08-15;2025-08-16;2025-08-17;2025-08-18;2025-08-19;2025-08-20;2025-08-21;2025-08-22;2025-08-23;2025-08-24;2025-08-25;2025-08-26;2025-08-27;2025-08-28;2025-08-29;2025-08-30;2025-08-31;2025-09-01;2025-09-02;2025-09-03;2025-09-04;2025-09-05;2025-09-06,28,7383.495926054913,2025-08-10;2025-08-11;2025-08-12;2025-08-13;2025-08-14;2025-08-15;2025-08-16;2025-08-17;2025-08-18;2025-08-19;2025-08-20;2025-08-21;2025-08-22;2025-08-23;2025-08-24;2025-08-25;2025-08-26;2025-08-27;2025-08-28;2025-08-29;2025-08-30;2025-08-31;2025-09-01;2025-09-02;2025-09-03;2025-09-04;2025-09-05;2025-09-06,2025-08-24;2025-08-25;2025-08-26;2025-08-27;2025-08-28;2025-08-29;2025-08-30;2025-08-31;2025-09-01;2025-09-02;2025-09-03;2025-09-04;2025-09-05;2025-09-06,,2025-09-06,4990.58397049082,6209.499626560482,6190.58397049082,38.56143525277536,46.536032079611005,17.716416164797295,40.2071038447936,60069.996306784626,2273.200950691619,3466.3483406791474,36820.697726351165,9085.876571157454,45906.57429750862,36820.69772635116,36820.69768953047,37482.97039032365,1473.0276699750161,lexicographic,3.6820697689530474e-05,3.748297035284069e-05,False,0.28817950000302517,0.0,1,0
2025-09-08,False,calendar_trend,4,1.0,7,1.0,0,calibrated_quantile,2025-08-11;2025-08-12;2025-08-13;2025-08-14;2025-08-15;2025-08-16;2025-08-17;2025-08-18;2025-08-19;2025-08-20;2025-08-21;2025-08-22;2025-08-23;2025-08-24;2025-08-25;2025-08-26;2025-08-27;2025-08-28;2025-08-29;2025-08-30;2025-08-31;2025-09-01;2025-09-02;2025-09-03;2025-09-04;2025-09-05;2025-09-06;2025-09-07,28,7410.379033151019,2025-08-11;2025-08-12;2025-08-13;2025-08-14;2025-08-15;2025-08-16;2025-08-17;2025-08-18;2025-08-19;2025-08-20;2025-08-21;2025-08-22;2025-08-23;2025-08-24;2025-08-25;2025-08-26;2025-08-27;2025-08-28;2025-08-29;2025-08-30;2025-08-31;2025-09-01;2025-09-02;2025-09-03;2025-09-04;2025-09-05;2025-09-06;2025-09-07,2025-08-25;2025-08-26;2025-08-27;2025-08-28;2025-08-29;2025-08-30;2025-08-31;2025-09-01;2025-09-02;2025-09-03;2025-09-04;2025-09-05;2025-09-06;2025-09-07,,2025-09-07,5047.330938699805,6190.58397049082,6247.330938699805,57.39458978081661,67.7902964195105,42.00828120173193,80.53424350207543,57236.84310728284,7728.680655818487,1464.37523899368,34622.01985370823,32063.06261225693,66685.08246596516,34622.01985370824,34622.01981908622,38573.43910802806,1435.4182188100633,lexicographic,3.462201981908622e-05,3.857343910802841e-05,False,0.2965812000002188,0.0,1,0
2025-09-09,False,calendar_trend,4,1.0,7,1.0,0,calibrated_quantile,2025-08-12;2025-08-13;2025-08-14;2025-08-15;2025-08-16;2025-08-17;2025-08-18;2025-08-19;2025-08-20;2025-08-21;2025-08-22;2025-08-23;2025-08-24;2025-08-25;2025-08-26;2025-08-27;2025-08-28;2025-08-29;2025-08-30;2025-08-31;2025-09-01;2025-09-02;2025-09-03;2025-09-04;2025-09-05;2025-09-06;2025-09-07;2025-09-08,28,7897.1015780642265,2025-08-12;2025-08-13;2025-08-14;2025-08-15;2025-08-16;2025-08-17;2025-08-18;2025-08-19;2025-08-20;2025-08-21;2025-08-22;2025-08-23;2025-08-24;2025-08-25;2025-08-26;2025-08-27;2025-08-28;2025-08-29;2025-08-30;2025-08-31;2025-09-01;2025-09-02;2025-09-03;2025-09-04;2025-09-05;2025-09-06;2025-09-07;2025-09-08,2025-08-26;2025-08-27;2025-08-28;2025-08-29;2025-08-30;2025-08-31;2025-09-01;2025-09-02;2025-09-03;2025-09-04;2025-09-05;2025-09-06;2025-09-07;2025-09-08,,2025-09-08,5162.598421058689,6247.330938699805,6362.598421058689,53.17681394385361,63.013688766301556,32.356746097313234,58.44720109761503,59703.8850570591,3756.66971836668,6365.637697761986,36264.70184773132,15377.026470071707,51641.72831780303,36264.70184773132,36264.7018114666,36937.83378767808,1434.5125467092653,lexicographic,3.6264701811466604e-05,3.6937833750740264e-05,False,0.26733560000138823,0.0,1,0
2025-09-10,False,calendar_trend,4,1.0,7,1.0,0,calibrated_quantile,2025-08-13;2025-08-14;2025-08-15;2025-08-16;2025-08-17;2025-08-18;2025-08-19;2025-08-20;2025-08-21;2025-08-22;2025-08-23;2025-08-24;2025-08-25;2025-08-26;2025-08-27;2025-08-28;2025-08-29;2025-08-30;2025-08-31;2025-09-01;2025-09-02;2025-09-03;2025-09-04;2025-09-05;2025-09-06;2025-09-07;2025-09-08;2025-09-09,28,7881.968693192449,2025-08-13;2025-08-14;2025-08-15;2025-08-16;2025-08-17;2025-08-18;2025-08-19;2025-08-20;2025-08-21;2025-08-22;2025-08-23;2025-08-24;2025-08-25;2025-08-26;2025-08-27;2025-08-28;2025-08-29;2025-08-30;2025-08-31;2025-09-01;2025-09-02;2025-09-03;2025-09-04;2025-09-05;2025-09-06;2025-09-07;2025-09-08;2025-09-09,2025-08-27;2025-08-28;2025-08-29;2025-08-30;2025-08-31;2025-09-01;2025-09-02;2025-09-03;2025-09-04;2025-09-05;2025-09-06;2025-09-07;2025-09-08;2025-09-09,,2025-09-09,5281.5607920997245,6362.598421058689,6481.5607920997245,50.88272170760258,59.34693168302966,46.97650985248182,81.5715947264598,59510.334136371705,6461.12080899132,560.8996779791678,36405.11934088019,27476.306484853612,63881.42582573381,36405.11934088019,36405.11930447507,37879.02741889968,1445.6987618299347,lexicographic,3.640511930447507e-05,3.787902738102065e-05,False,0.29871859999911976,0.0,1,0
2025-09-11,False,calendar_trend,4,1.0,7,1.0,0,calibrated_quantile,2025-08-14;2025-08-15;2025-08-16;2025-08-17;2025-08-18;2025-08-19;2025-08-20;2025-08-21;2025-08-22;2025-08-23;2025-08-24;2025-08-25;2025-08-26;2025-08-27;2025-08-28;2025-08-29;2025-08-30;2025-08-31;2025-09-01;2025-09-02;2025-09-03;2025-09-04;2025-09-05;2025-09-06;2025-09-07;2025-09-08;2025-09-09;2025-09-10,28,8584.192233373546,2025-08-14;2025-08-15;2025-08-16;2025-08-17;2025-08-18;2025-08-19;2025-08-20;2025-08-21;2025-08-22;2025-08-23;2025-08-24;2025-08-25;2025-08-26;2025-08-27;2025-08-28;2025-08-29;2025-08-30;2025-08-31;2025-09-01;2025-09-02;2025-09-03;2025-09-04;2025-09-05;2025-09-06;2025-09-07;2025-09-08;2025-09-09;2025-09-10,2025-08-28;2025-08-29;2025-08-30;2025-08-31;2025-09-01;2025-09-02;2025-09-03;2025-09-04;2025-09-05;2025-09-06;2025-09-07;2025-09-08;2025-09-09;2025-09-10,,2025-09-10,5349.392426355164,6481.5607920997245,6549.392426355164,42.7458707353776,51.124635790143834,25.66665562792801,55.69195466872876,62679.5932558524,1720.2658922585886,6732.03874948956,38256.62544778929,7429.6929403696495,45686.318388158936,38256.62544778929,38256.625409532666,39098.645852693015,1465.4550768158003,lexicographic,3.825662540953267e-05,3.909864581359437e-05,False,0.16511840000021039,0.0,1,0
2025-09-12,False,calendar_trend,4,1.0,7,1.0,0,calibrated_quantile,2025-08-15;2025-08-16;2025-08-17;2025-08-18;2025-08-19;2025-08-20;2025-08-21;2025-08-22;2025-08-23;2025-08-24;2025-08-25;2025-08-26;2025-08-27;2025-08-28;2025-08-29;2025-08-30;2025-08-31;2025-09-01;2025-09-02;2025-09-03;2025-09-04;2025-09-05;2025-09-06;2025-09-07;2025-09-08;2025-09-09;2025-09-10;2025-09-11,28,8710.92806600083,2025-08-15;2025-08-16;2025-08-17;2025-08-18;2025-08-19;2025-08-20;2025-08-21;2025-08-22;2025-08-23;2025-08-24;2025-08-25;2025-08-26;2025-08-27;2025-08-28;2025-08-29;2025-08-30;2025-08-31;2025-09-01;2025-09-02;2025-09-03;2025-09-04;2025-09-05;2025-09-06;2025-09-07;2025-09-08;2025-09-09;2025-09-10;2025-09-11,2025-08-29;2025-08-30;2025-08-31;2025-09-01;2025-09-02;2025-09-03;2025-09-04;2025-09-05;2025-09-06;2025-09-07;2025-09-08;2025-09-09;2025-09-10;2025-09-11,,2025-09-11,5378.834056205879,6549.392426355164,6578.834056205879,20.9608513019111,25.44303760990485,20.431059431066057,38.85926171318648,34517.30853377687,257.82940314219275,20034.78597643227,19285.2643278663,821.1784188803583,20106.44274674666,19285.2643278663,19285.26430858104,30097.602067104268,1329.4655638418394,lexicographic,1.9285264308581043e-05,3.009760203700666e-05,False,0.14008239999748184,0.0,1,0
2025-09-13,False,calendar_trend,4,1.0,7,1.0,0,calibrated_quantile,2025-08-16;2025-08-17;2025-08-18;2025-08-19;2025-08-20;2025-08-21;2025-08-22;2025-08-23;2025-08-24;2025-08-25;2025-08-26;2025-08-27;2025-08-28;2025-08-29;2025-08-30;2025-08-31;2025-09-01;2025-09-02;2025-09-03;2025-09-04;2025-09-05;2025-09-06;2025-09-07;2025-09-08;2025-09-09;2025-09-10;2025-09-11;2025-09-12,28,8800.304343588045,2025-08-16;2025-08-17;2025-08-18;2025-08-19;2025-08-20;2025-08-21;2025-08-22;2025-08-23;2025-08-24;2025-08-25;2025-08-26;2025-08-27;2025-08-28;2025-08-29;2025-08-30;2025-08-31;2025-09-01;2025-09-02;2025-09-03;2025-09-04;2025-09-05;2025-09-06;2025-09-07;2025-09-08;2025-09-09;2025-09-10;2025-09-11;2025-09-12,2025-08-30;2025-08-31;2025-09-01;2025-09-02;2025-09-03;2025-09-04;2025-09-05;2025-09-06;2025-09-07;2025-09-08;2025-09-09;2025-09-10;2025-09-11;2025-09-12,,2025-09-12,5369.020179588974,6578.834056205879,6569.020179588974,19.95423127023952,25.1689921173966,31.50585338858335,61.47128881441063,34836.93006003362,109.26427370861941,23787.798857006448,19415.70160824414,384.73354843588817,19800.43515668003,19415.70160824414,19415.701588828437,30113.195294573037,1317.7917868908753,lexicographic,1.941570158882844e-05,3.011319529457304e-05,False,0.18789839999953983,0.0,1,0
2025-09-14,False,calendar_trend,4,1.0,7,1.0,0,calibrated_quantile,2025-08-17;2025-08-18;2025-08-19;2025-08-20;2025-08-21;2025-08-22;2025-08-23;2025-08-24;2025-08-25;2025-08-26;2025-08-27;2025-08-28;2025-08-29;2025-08-30;2025-08-31;2025-09-01;2025-09-02;2025-09-03;2025-09-04;2025-09-05;2025-09-06;2025-09-07;2025-09-08;2025-09-09;2025-09-10;2025-09-11;2025-09-12;2025-09-13,28,8781.075300131717,2025-08-17;2025-08-18;2025-08-19;2025-08-20;2025-08-21;2025-08-22;2025-08-23;2025-08-24;2025-08-25;2025-08-26;2025-08-27;2025-08-28;2025-08-29;2025-08-30;2025-08-31;2025-09-01;2025-09-02;2025-09-03;2025-09-04;2025-09-05;2025-09-06;2025-09-07;2025-09-08;2025-09-09;2025-09-10;2025-09-11;2025-09-12;2025-09-13,2025-08-31;2025-09-01;2025-09-02;2025-09-03;2025-09-04;2025-09-05;2025-09-06;2025-09-07;2025-09-08;2025-09-09;2025-09-10;2025-09-11;2025-09-12;2025-09-13,,2025-09-13,5359.20630297207,6569.020179588974,6559.20630297207,52.5147679354267,62.384486064694144,29.181278831581082,59.32489621204467,62122.18307769308,3836.395085671354,1796.2320640422488,38137.32428103375,14378.634569896203,52515.95885092995,38137.324281033754,38137.324242896415,38798.59800096632,1438.0639454494708,lexicographic,3.813732424289642e-05,3.879859796216773e-05,False,0.15366770000036922,0.0,1,0
2025-09-15,False,calendar_trend,4,1.0,7,1.0,0,calibrated_quantile,2025-08-18;2025-08-19;2025-08-20;2025-08-21;2025-08-22;2025-08-23;2025-08-24;2025-08-25;2025-08-26;2025-08-27;2025-08-28;2025-08-29;2025-08-30;2025-08-31;2025-09-01;2025-09-02;2025-09-03;2025-09-04;2025-09-05;2025-09-06;2025-09-07;2025-09-08;2025-09-09;2025-09-10;2025-09-11;2025-09-12;2025-09-13;2025-09-14,28,9378.063379844596,2025-08-18;2025-08-19;2025-08-20;2025-08-21;2025-08-22;2025-08-23;2025-08-24;2025-08-25;2025-08-26;2025-08-27;2025-08-28;2025-08-29;2025-08-30;2025-08-31;2025-09-01;2025-09-02;2025-09-03;2025-09-04;2025-09-05;2025-09-06;2025-09-07;2025-09-08;2025-09-09;2025-09-10;2025-09-11;2025-09-12;2025-09-13;2025-09-14,2025-09-01;2025-09-02;2025-09-03;2025-09-04;2025-09-05;2025-09-06;2025-09-07;2025-09-08;2025-09-09;2025-09-10;2025-09-11;2025-09-12;2025-09-13;2025-09-14,,2025-09-14,5388.647932822785,6559.20630297207,6588.647932822785,53.99798780865254,61.53357257897751,26.78169622490132,50.72607548125553,63012.30712225661,2214.9693617862135,6060.220446090748,38438.031783547514,9510.138686689896,47948.17047023741,38438.031783547514,38438.03174510948,38779.216045413974,1457.1206092989173,lexicographic,3.8438031745109485e-05,3.8779216006634775e-05,False,0.3076234000000113,0.0,1,0
2025-09-16,False,calendar_trend,4,1.0,7,1.0,0,calibrated_quantile,2025-08-19;2025-08-20;2025-08-21;2025-08-22;2025-08-23;2025-08-24;2025-08-25;2025-08-26;2025-08-27;2025-08-28;2025-08-29;2025-08-30;2025-08-31;2025-09-01;2025-09-02;2025-09-03;2025-09-04;2025-09-05;2025-09-06;2025-09-07;2025-09-08;2025-09-09;2025-09-10;2025-09-11;2025-09-12;2025-09-13;2025-09-14;2025-09-15,28,9606.763274885907,2025-08-19;2025-08-20;2025-08-21;2025-08-22;2025-08-23;2025-08-24;2025-08-25;2025-08-26;2025-08-27;2025-08-28;2025-08-29;2025-08-30;2025-08-31;2025-09-01;2025-09-02;2025-09-03;2025-09-04;2025-09-05;2025-09-06;2025-09-07;2025-09-08;2025-09-09;2025-09-10;2025-09-11;2025-09-12;2025-09-13;2025-09-14;2025-09-15,2025-09-02;2025-09-03;2025-09-04;2025-09-05;2025-09-06;2025-09-07;2025-09-08;2025-09-09;2025-09-10;2025-09-11;2025-09-12;2025-09-13;2025-09-14;2025-09-15,,2025-09-15,5416.607776663689,6588.647932822785,6616.607776663689,49.95502684519986,58.62154275594619,23.351876731280306,49.532944851754145,64719.59520528359,2588.535071606985,3700.285454514296,39888.525461949765,8750.49067097166,48639.016132921424,39888.525461949765,39888.52542206122,38946.145998705906,1464.732272266504,lexicographic,3.988852542206122e-05,3.894614595975975e-05,False,0.23350379999828874,0.0,1,0
2025-09-17,False,calendar_trend,4,1.0,7,1.0,0,calibrated_quantile,2025-08-20;2025-08-21;2025-08-22;2025-08-23;2025-08-24;2025-08-25;2025-08-26;2025-08-27;2025-08-28;2025-08-29;2025-08-30;2025-08-31;2025-09-01;2025-09-02;2025-09-03;2025-09-04;2025-09-05;2025-09-06;2025-09-07;2025-09-08;2025-09-09;2025-09-10;2025-09-11;2025-09-12;2025-09-13;2025-09-14;2025-09-15;2025-09-16,28,10018.41567920061,2025-08-20;2025-08-21;2025-08-22;2025-08-23;2025-08-24;2025-08-25;2025-08-26;2025-08-27;2025-08-28;2025-08-29;2025-08-30;2025-08-31;2025-09-01;2025-09-02;2025-09-03;2025-09-04;2025-09-05;2025-09-06;2025-09-07;2025-09-08;2025-09-09;2025-09-10;2025-09-11;2025-09-12;2025-09-13;2025-09-14;2025-09-15;2025-09-16,2025-09-03;2025-09-04;2025-09-05;2025-09-06;2025-09-07;2025-09-08;2025-09-09;2025-09-10;2025-09-11;2025-09-12;2025-09-13;2025-09-14;2025-09-15;2025-09-16,,2025-09-16,5436.711408098175,6616.607776663689,6636.711408098175,33.41203276947715,40.833774712059906,25.264168808447966,52.14498598551999,67529.17802660371,1125.3269740414908,4564.269617958731,41759.84774030054,4319.5646072200325,46079.41234752057,41759.84774030054,41759.84769854069,39154.34316884448,1479.9761589273558,lexicographic,4.1759847698540694e-05,3.915434312969014e-05,False,0.17400980000093114,0.0,1,0
2025-09-18,False,calendar_trend,4,1.0,7,1.0,0,calibrated_quantile,2025-08-21;2025-08-22;2025-08-23;2025-08-24;2025-08-25;2025-08-26;2025-08-27;2025-08-28;2025-08-29;2025-08-30;2025-08-31;2025-09-01;2025-09-02;2025-09-03;2025-09-04;2025-09-05;2025-09-06;2025-09-07;2025-09-08;2025-09-09;2025-09-10;2025-09-11;2025-09-12;2025-09-13;2025-09-14;2025-09-15;2025-09-16;2025-09-17,28,9824.822506657292,2025-08-21;2025-08-22;2025-08-23;2025-08-24;2025-08-25;2025-08-26;2025-08-27;2025-08-28;2025-08-29;2025-08-30;2025-08-31;2025-09-01;2025-09-02;2025-09-03;2025-09-04;2025-09-05;2025-09-06;2025-09-07;2025-09-08;2025-09-09;2025-09-10;2025-09-11;2025-09-12;2025-09-13;2025-09-14;2025-09-15;2025-09-16;2025-09-17,2025-09-04;2025-09-05;2025-09-06;2025-09-07;2025-09-08;2025-09-09;2025-09-10;2025-09-11;2025-09-12;2025-09-13;2025-09-14;2025-09-15;2025-09-16;2025-09-17,,2025-09-17,5464.022231663294,6636.711408098175,6664.022231663294,24.40213763485996,30.932501402132154,14.347833302503565,29.212111092751822,70006.53120753294,262.1628563151606,7170.319471658035,43521.896216548084,1190.4352042282653,44712.33142077635,43521.89621654808,43521.8961730262,39202.34741200081,1484.3169101056728,lexicographic,4.35218961730262e-05,3.9202347372798456e-05,False,0.18513319999692612,0.0,1,0
2025-09-19,False,calendar_trend,4,1.0,7,1.0,0,calibrated_quantile,2025-08-22;2025-08-23;2025-08-24;2025-08-25;2025-08-26;2025-08-27;2025-08-28;2025-08-29;2025-08-30;2025-08-31;2025-09-01;2025-09-02;2025-09-03;2025-09-04;2025-09-05;2025-09-06;2025-09-07;2025-09-08;2025-09-09;2025-09-10;2025-09-11;2025-09-12;2025-09-13;2025-09-14;2025-09-15;2025-09-16;2025-09-17;2025-09-18,28,9802.963723694644,2025-08-22;2025-08-23;2025-08-24;2025-08-25;2025-08-26;2025-08-27;2025-08-28;2025-08-29;2025-08-30;2025-08-31;2025-09-01;2025-09-02;2025-09-03;2025-09-04;2025-09-05;2025-09-06;2025-09-07;2025-09-08;2025-09-09;2025-09-10;2025-09-11;2025-09-12;2025-09-13;2025-09-14;2025-09-15;2025-09-16;2025-09-17;2025-09-18,2025-09-05;2025-09-06;2025-09-07;2025-09-08;2025-09-09;2025-09-10;2025-09-11;2025-09-12;2025-09-13;2025-09-14;2025-09-15;2025-09-16;2025-09-17;2025-09-18,,2025-09-18,5447.495091585694,6664.022231663294,6647.495091585694,24.136295734124324,30.531167014330762,23.912967595921344,47.77459467068387,38139.03287586695,251.46663224981722,19127.328209296287,21900.36640008615,570.2769233042079,22470.64332339036,21900.36640008615,21900.366378185783,30277.05899914773,1373.042454532591,lexicographic,2.1900366378185786e-05,3.0277058999147732e-05,False,0.2233304000001226,0.0,1,0
2025-09-20,False,calendar_trend,4,1.0,7,1.0,0,calibrated_quantile,2025-08-23;2025-08-24;2025-08-25;2025-08-26;2025-08-27;2025-08-28;2025-08-29;2025-08-30;2025-08-31;2025-09-01;2025-09-02;2025-09-03;2025-09-04;2025-09-05;2025-09-06;2025-09-07;2025-09-08;2025-09-09;2025-09-10;2025-09-11;2025-09-12;2025-09-13;2025-09-14;2025-09-15;2025-09-16;2025-09-17;2025-09-18;2025-09-19,28,9821.835366810337,2025-08-23;2025-08-24;2025-08-25;2025-08-26;2025-08-27;2025-08-28;2025-08-29;2025-08-30;2025-08-31;2025-09-01;2025-09-02;2025-09-03;2025-09-04;2025-09-05;2025-09-06;2025-09-07;2025-09-08;2025-09-09;2025-09-10;2025-09-11;2025-09-12;2025-09-13;2025-09-14;2025-09-15;2025-09-16;2025-09-17;2025-09-18;2025-09-19,2025-09-06;2025-09-07;2025-09-08;2025-09-09;2025-09-10;2025-09-11;2025-09-12;2025-09-13;2025-09-14;2025-09-15;2025-09-16;2025-09-17;2025-09-18;2025-09-19,,2025-09-19,5442.1032498419345,6647.495091585694,6642.1032498419345,24.666722323356037,34.4744166316818,21.252386641359692,40.316386081961795,38620.10794524452,8.43045942012833,19812.402198378517,22174.418990455084,34.44383561757739,22208.862826072662,22174.418990455084,22174.41896828066,30256.193637807053,1383.4108761854288,lexicographic,2.2174418968280664e-05,3.0256193637807055e-05,False,0.18701309999960358,0.0,1,0
2025-09-21,False,calendar_trend,4,1.0,7,1.0,0,calibrated_quantile,2025-08-24;2025-08-25;2025-08-26;2025-08-27;2025-08-28;2025-08-29;2025-08-30;2025-08-31;2025-09-01;2025-09-02;2025-09-03;2025-09-04;2025-09-05;2025-09-06;2025-09-07;2025-09-08;2025-09-09;2025-09-10;2025-09-11;2025-09-12;2025-09-13;2025-09-14;2025-09-15;2025-09-16;2025-09-17;2025-09-18;2025-09-19;2025-09-20,28,9682.445448592973,2025-08-24;2025-08-25;2025-08-26;2025-08-27;2025-08-28;2025-08-29;2025-08-30;2025-08-31;2025-09-01;2025-09-02;2025-09-03;2025-09-04;2025-09-05;2025-09-06;2025-09-07;2025-09-08;2025-09-09;2025-09-10;2025-09-11;2025-09-12;2025-09-13;2025-09-14;2025-09-15;2025-09-16;2025-09-17;2025-09-18;2025-09-19;2025-09-20,2025-09-07;2025-09-08;2025-09-09;2025-09-10;2025-09-11;2025-09-12;2025-09-13;2025-09-14;2025-09-15;2025-09-16;2025-09-17;2025-09-18;2025-09-19;2025-09-20,,2025-09-20,5436.711408098175,6642.1032498419345,6636.711408098175,23.498613006225234,29.568369696634097,27.980623323581757,53.874319217341004,73850.53624073521,90.05752618109062,11528.459816361497,46316.84043639166,214.53914570806037,46531.379582099726,46316.840436391656,46316.84039007484,39343.76537268224,1513.2984523343507,lexicographic,4.631684039007484e-05,3.934376533333848e-05,False,0.1637793000008969,0.0,1,0
2025-09-22,False,calendar_trend,4,1.0,7,1.0,0,calibrated_quantile,2025-08-25;2025-08-26;2025-08-27;2025-08-28;2025-08-29;2025-08-30;2025-08-31;2025-09-01;2025-09-02;2025-09-03;2025-09-04;2025-09-05;2025-09-06;2025-09-07;2025-09-08;2025-09-09;2025-09-10;2025-09-11;2025-09-12;2025-09-13;2025-09-14;2025-09-15;2025-09-16;2025-09-17;2025-09-18;2025-09-19;2025-09-20;2025-09-21,28,9709.515839855587,2025-08-25;2025-08-26;2025-08-27;2025-08-28;2025-08-29;2025-08-30;2025-08-31;2025-09-01;2025-09-02;2025-09-03;2025-09-04;2025-09-05;2025-09-06;2025-09-07;2025-09-08;2025-09-09;2025-09-10;2025-09-11;2025-09-12;2025-09-13;2025-09-14;2025-09-15;2025-09-16;2025-09-17;2025-09-18;2025-09-19;2025-09-20;2025-09-21,2025-09-08;2025-09-09;2025-09-10;2025-09-11;2025-09-12;2025-09-13;2025-09-14;2025-09-15;2025-09-16;2025-09-17;2025-09-18;2025-09-19;2025-09-20;2025-09-21,,2025-09-21,5431.319566354416,6636.711408098175,6631.319566354416,27.105188773829337,34.03502410042513,12.954231825009519,22.10392021862675,72356.22029554876,352.0966280714329,8007.1977063386485,45057.5626873405,1411.7971993690928,46469.35988670959,45057.562687340505,45057.562642282945,38986.07952413195,1498.6936685636888,lexicographic,4.505756264228295e-05,3.898607948514587e-05,False,0.17403049999848008,0.0,1,0
2025-09-23,False,calendar_trend,4,1.0,7,1.0,0,calibrated_quantile,2025-08-26;2025-08-27;2025-08-28;2025-08-29;2025-08-30;2025-08-31;2025-09-01;2025-09-02;2025-09-03;2025-09-04;2025-09-05;2025-09-06;2025-09-07;2025-09-08;2025-09-09;2025-09-10;2025-09-11;2025-09-12;2025-09-13;2025-09-14;2025-09-15;2025-09-16;2025-09-17;2025-09-18;2025-09-19;2025-09-20;2025-09-21;2025-09-22,28,9419.243739881027,2025-08-26;2025-08-27;2025-08-28;2025-08-29;2025-08-30;2025-08-31;2025-09-01;2025-09-02;2025-09-03;2025-09-04;2025-09-05;2025-09-06;2025-09-07;2025-09-08;2025-09-09;2025-09-10;2025-09-11;2025-09-12;2025-09-13;2025-09-14;2025-09-15;2025-09-16;2025-09-17;2025-09-18;2025-09-19;2025-09-20;2025-09-21;2025-09-22,2025-09-09;2025-09-10;2025-09-11;2025-09-12;2025-09-13;2025-09-14;2025-09-15;2025-09-16;2025-09-17;2025-09-18;2025-09-19;2025-09-20;2025-09-21;2025-09-22,,2025-09-22,5425.927724610657,6631.319566354416,6625.927724610657,22.317326882700822,28.294125376074508,19.811696702469476,38.91254125263139,74855.49499920379,256.0267724090386,8870.859747341005,46883.77023841862,1056.2616178326302,47940.03185625125,46883.77023841863,46883.770191534844,39338.04933282861,1527.9998875906263,lexicographic,4.688377019153485e-05,3.9338049293490556e-05,False,0.16148379999867757,0.0,1,0
2025-09-24,False,calendar_trend,4,1.0,7,1.0,0,calibrated_quantile,2025-08-27;2025-08-28;2025-08-29;2025-08-30;2025-08-31;2025-09-01;2025-09-02;2025-09-03;2025-09-04;2025-09-05;2025-09-06;2025-09-07;2025-09-08;2025-09-09;2025-09-10;2025-09-11;2025-09-12;2025-09-13;2025-09-14;2025-09-15;2025-09-16;2025-09-17;2025-09-18;2025-09-19;2025-09-20;2025-09-21;2025-09-22;2025-09-23,28,9519.173159463578,2025-08-27;2025-08-28;2025-08-29;2025-08-30;2025-08-31;2025-09-01;2025-09-02;2025-09-03;2025-09-04;2025-09-05;2025-09-06;2025-09-07;2025-09-08;2025-09-09;2025-09-10;2025-09-11;2025-09-12;2025-09-13;2025-09-14;2025-09-15;2025-09-16;2025-09-17;2025-09-18;2025-09-19;2025-09-20;2025-09-21;2025-09-22;2025-09-23,2025-09-10;2025-09-11;2025-09-12;2025-09-13;2025-09-14;2025-09-15;2025-09-16;2025-09-17;2025-09-18;2025-09-19;2025-09-20;2025-09-21;2025-09-22;2025-09-23,,2025-09-23,5416.607776663689,6625.927724610657,6616.607776663689,24.876299532704348,31.442160924449787,17.724472628941864,30.829660707083125,76398.08445124539,61.055213556603114,11236.679056770048,48088.33672384041,186.34336254781792,48274.68008638823,48088.33672384042,48088.336675752085,39710.48513601256,1536.8726516542442,lexicographic,4.808833667575209e-05,3.971048509630208e-05,False,0.3166441000030318,0.0,1,0
2025-09-25,False,calendar_trend,4,1.0,7,1.0,0,calibrated_quantile,2025-08-28;2025-08-29;2025-08-30;2025-08-31;2025-09-01;2025-09-02;2025-09-03;2025-09-04;2025-09-05;2025-09-06;2025-09-07;2025-09-08;2025-09-09;2025-09-10;2025-09-11;2025-09-12;2025-09-13;2025-09-14;2025-09-15;2025-09-16;2025-09-17;2025-09-18;2025-09-19;2025-09-20;2025-09-21;2025-09-22;2025-09-23;2025-09-24,28,9457.965324654915,2025-08-28;2025-08-29;2025-08-30;2025-08-31;2025-09-01;2025-09-02;2025-09-03;2025-09-04;2025-09-05;2025-09-06;2025-09-07;2025-09-08;2025-09-09;2025-09-10;2025-09-11;2025-09-12;2025-09-13;2025-09-14;2025-09-15;2025-09-16;2025-09-17;2025-09-18;2025-09-19;2025-09-20;2025-09-21;2025-09-22;2025-09-23;2025-09-24,2025-09-11;2025-09-12;2025-09-13;2025-09-14;2025-09-15;2025-09-16;2025-09-17;2025-09-18;2025-09-19;2025-09-20;2025-09-21;2025-09-22;2025-09-23;2025-09-24,,2025-09-24,5407.2878287167205,6616.607776663689,6607.2878287167205,32.76209636468967,40.93447586999121,16.755691975541534,31.14628325256521,78322.72923639479,32.32773554840228,13856.715679177916,49593.75329215767,97.56288525264752,49691.31617741032,49593.75329215768,49593.7532425639,39745.32177478801,1517.0400335152356,lexicographic,4.95937532425639e-05,3.974532173504271e-05,False,0.29138979999697767,0.0,1,0
2025-09-26,False,calendar_trend,4,1.0,7,1.0,0,calibrated_quantile,2025-08-29;2025-08-30;2025-08-31;2025-09-01;2025-09-02;2025-09-03;2025-09-04;2025-09-05;2025-09-06;2025-09-07;2025-09-08;2025-09-09;2025-09-10;2025-09-11;2025-09-12;2025-09-13;2025-09-14;2025-09-15;2025-09-16;2025-09-17;2025-09-18;2025-09-19;2025-09-20;2025-09-21;2025-09-22;2025-09-23;2025-09-24;2025-09-25,28,9176.850853058277,2025-08-29;2025-08-30;2025-08-31;2025-09-01;2025-09-02;2025-09-03;2025-09-04;2025-09-05;2025-09-06;2025-09-07;2025-09-08;2025-09-09;2025-09-10;2025-09-11;2025-09-12;2025-09-13;2025-09-14;2025-09-15;2025-09-16;2025-09-17;2025-09-18;2025-09-19;2025-09-20;2025-09-21;2025-09-22;2025-09-23;2025-09-24;2025-09-25,2025-09-12;2025-09-13;2025-09-14;2025-09-15;2025-09-16;2025-09-17;2025-09-18;2025-09-19;2025-09-20;2025-09-21;2025-09-22;2025-09-23;2025-09-24;2025-09-25,,2025-09-25,5397.967880769752,6607.2878287167205,6597.967880769752,35.20697424547736,42.80364610804789,21.20629183118316,46.225343114847725,40123.29921459612,0.0,19271.206004030333,23341.861941928273,0.0,23341.861941928273,23341.861941928273,23341.861918586397,30170.96780225588,1397.6651989136274,lexicographic,2.33418619185864e-05,3.0170967802255885e-05,False,0.2650578000029782,0.0,1,0
2025-09-27,False,calendar_trend,4,1.0,7,1.0,0,calibrated_quantile,2025-08-30;2025-08-31;2025-09-01;2025-09-02;2025-09-03;2025-09-04;2025-09-05;2025-09-06;2025-09-07;2025-09-08;2025-09-09;2025-09-10;2025-09-11;2025-09-12;2025-09-13;2025-09-14;2025-09-15;2025-09-16;2025-09-17;2025-09-18;2025-09-19;2025-09-20;2025-09-21;2025-09-22;2025-09-23;2025-09-24;2025-09-25;2025-09-26,28,9221.16481156268,2025-08-30;2025-08-31;2025-09-01;2025-09-02;2025-09-03;2025-09-04;2025-09-05;2025-09-06;2025-09-07;2025-09-08;2025-09-09;2025-09-10;2025-09-11;2025-09-12;2025-09-13;2025-09-14;2025-09-15;2025-09-16;2025-09-17;2025-09-18;2025-09-19;2025-09-20;2025-09-21;2025-09-22;2025-09-23;2025-09-24;2025-09-25;2025-09-26,2025-09-13;2025-09-14;2025-09-15;2025-09-16;2025-09-17;2025-09-18;2025-09-19;2025-09-20;2025-09-21;2025-09-22;2025-09-23;2025-09-24;2025-09-25;2025-09-26,,2025-09-26,5388.647932822785,6597.967880769752,6588.647932822785,28.4654918952288,35.068460430702046,34.23092532050086,58.61619754193309,40090.156316959445,57.78944441797336,19190.76134537821,23278.39801172483,240.03721247389478,23518.43522419872,23278.398011724825,23278.39798844643,30152.22435138476,1399.146960338093,lexicographic,2.3278397988446432e-05,3.0152224351384762e-05,False,0.18330950000017765,0.0,1,0
2025-09-28,False,calendar_trend,4,1.0,7,1.0,0,calibrated_quantile,2025-08-31;2025-09-01;2025-09-02;2025-09-03;2025-09-04;2025-09-05;2025-09-06;2025-09-07;2025-09-08;2025-09-09;2025-09-10;2025-09-11;2025-09-12;2025-09-13;2025-09-14;2025-09-15;2025-09-16;2025-09-17;2025-09-18;2025-09-19;2025-09-20;2025-09-21;2025-09-22;2025-09-23;2025-09-24;2025-09-25;2025-09-26;2025-09-27,28,9266.541529305723,2025-08-31;2025-09-01;2025-09-02;2025-09-03;2025-09-04;2025-09-05;2025-09-06;2025-09-07;2025-09-08;2025-09-09;2025-09-10;2025-09-11;2025-09-12;2025-09-13;2025-09-14;2025-09-15;2025-09-16;2025-09-17;2025-09-18;2025-09-19;2025-09-20;2025-09-21;2025-09-22;2025-09-23;2025-09-24;2025-09-25;2025-09-26;2025-09-27,2025-09-14;2025-09-15;2025-09-16;2025-09-17;2025-09-18;2025-09-19;2025-09-20;2025-09-21;2025-09-22;2025-09-23;2025-09-24;2025-09-25;2025-09-26;2025-09-27,,2025-09-27,5378.834056205879,6588.647932822785,6578.834056205879,31.797981110194314,39.36106835846024,18.32316886037114,34.607117257741145,78782.06434796467,31.173798247391346,11099.40479487364,49787.42092252041,120.15918470808131,49907.58010722849,49787.42092252041,49787.42087273301,40353.1292219279,1549.73850007688,lexicographic,4.9787420872733016e-05,4.0353129181574764e-05,False,0.16879749999861815,2.922809612003114e-16,1,0
2025-09-29,False,calendar_trend,4,1.0,7,1.0,0,calibrated_quantile,2025-09-01;2025-09-02;2025-09-03;2025-09-04;2025-09-05;2025-09-06;2025-09-07;2025-09-08;2025-09-09;2025-09-10;2025-09-11;2025-09-12;2025-09-13;2025-09-14;2025-09-15;2025-09-16;2025-09-17;2025-09-18;2025-09-19;2025-09-20;2025-09-21;2025-09-22;2025-09-23;2025-09-24;2025-09-25;2025-09-26;2025-09-27;2025-09-28,28,9195.483512478171,2025-09-01;2025-09-02;2025-09-03;2025-09-04;2025-09-05;2025-09-06;2025-09-07;2025-09-08;2025-09-09;2025-09-10;2025-09-11;2025-09-12;2025-09-13;2025-09-14;2025-09-15;2025-09-16;2025-09-17;2025-09-18;2025-09-19;2025-09-20;2025-09-21;2025-09-22;2025-09-23;2025-09-24;2025-09-25;2025-09-26;2025-09-27;2025-09-28,2025-09-15;2025-09-16;2025-09-17;2025-09-18;2025-09-19;2025-09-20;2025-09-21;2025-09-22;2025-09-23;2025-09-24;2025-09-25;2025-09-26;2025-09-27;2025-09-28,,2025-09-28,5369.020179588974,6578.834056205879,6569.020179588974,25.16925716019926,30.904117117496053,10.751648228816332,22.667429365105196,76633.53317634121,92.66536357374923,9775.64626874869,48011.35526794352,326.6861575564186,48338.04142549994,48011.35526794352,48011.35521993216,40014.53048800728,1499.952473850741,lexicographic,4.801135521993216e-05,4.001453044799274e-05,False,0.13674879999962286,0.0,1,0
2025-09-30,False,calendar_trend,4,1.0,7,1.0,0,calibrated_quantile,2025-09-02;2025-09-03;2025-09-04;2025-09-05;2025-09-06;2025-09-07;2025-09-08;2025-09-09;2025-09-10;2025-09-11;2025-09-12;2025-09-13;2025-09-14;2025-09-15;2025-09-16;2025-09-17;2025-09-18;2025-09-19;2025-09-20;2025-09-21;2025-09-22;2025-09-23;2025-09-24;2025-09-25;2025-09-26;2025-09-27;2025-09-28;2025-09-29,28,9206.909922857592,2025-09-02;2025-09-03;2025-09-04;2025-09-05;2025-09-06;2025-09-07;2025-09-08;2025-09-09;2025-09-10;2025-09-11;2025-09-12;2025-09-13;2025-09-14;2025-09-15;2025-09-16;2025-09-17;2025-09-18;2025-09-19;2025-09-20;2025-09-21;2025-09-22;2025-09-23;2025-09-24;2025-09-25;2025-09-26;2025-09-27;2025-09-28;2025-09-29,2025-09-16;2025-09-17;2025-09-18;2025-09-19;2025-09-20;2025-09-21;2025-09-22;2025-09-23;2025-09-24;2025-09-25;2025-09-26;2025-09-27;2025-09-28;2025-09-29,,2025-09-29,5359.20630297207,6569.020179588974,6559.20630297207,22.246758624018767,27.875597815196418,25.06588825838622,46.234366223810134,76760.72463854266,287.55753384655077,7422.484855200511,48349.92307549312,1348.4393138475605,49698.36238934068,48349.92307549312,48349.92302714318,40138.009443975185,1495.346871815708,lexicographic,4.834992302714318e-05,4.0138009403837403e-05,False,0.20646580000175163,0.0,1,0
2025-10-01,False,calendar_trend,4,1.0,7,1.0,0,calibrated_quantile,2025-09-03;2025-09-04;2025-09-05;2025-09-06;2025-09-07;2025-09-08;2025-09-09;2025-09-10;2025-09-11;2025-09-12;2025-09-13;2025-09-14;2025-09-15;2025-09-16;2025-09-17;2025-09-18;2025-09-19;2025-09-20;2025-09-21;2025-09-22;2025-09-23;2025-09-24;2025-09-25;2025-09-26;2025-09-27;2025-09-28;2025-09-29;2025-09-30,28,9349.633384158265,2025-09-03;2025-09-04;2025-09-05;2025-09-06;2025-09-07;2025-09-08;2025-09-09;2025-09-10;2025-09-11;2025-09-12;2025-09-13;2025-09-14;2025-09-15;2025-09-16;2025-09-17;2025-09-18;2025-09-19;2025-09-20;2025-09-21;2025-09-22;2025-09-23;2025-09-24;2025-09-25;2025-09-26;2025-09-27;2025-09-28;2025-09-29;2025-09-30,2025-09-17;2025-09-18;2025-09-19;2025-09-20;2025-09-21;2025-09-22;2025-09-23;2025-09-24;2025-09-25;2025-09-26;2025-09-27;2025-09-28;2025-09-29;2025-09-30,,2025-09-30,5349.392426355164,6559.20630297207,6549.392426355164,33.580644149003284,44.36817524488599,73.33436616853866,130.37869075617797,77348.83426796203,22.520164230718592,23471.51130155102,48609.86748950767,49.14502946006469,48659.012518967735,48609.86748950767,48609.86744089779,40468.56352125587,1513.1163199659127,lexicographic,4.860986744089779e-05,4.046856348078731e-05,False,0.19410720000087167,0.0,1,0
2025-10-02,False,calendar_trend,4,1.0,7,1.0,0,calibrated_quantile,2025-09-04;2025-09-05;2025-09-06;2025-09-07;2025-09-08;2025-09-09;2025-09-10;2025-09-11;2025-09-12;2025-09-13;2025-09-14;2025-09-15;2025-09-16;2025-09-17;2025-09-18;2025-09-19;2025-09-20;2025-09-21;2025-09-22;2025-09-23;2025-09-24;2025-09-25;2025-09-26;2025-09-27;2025-09-28;2025-09-29;2025-09-30;2025-10-01,28,9348.240851592414,2025-09-04;2025-09-05;2025-09-06;2025-09-07;2025-09-08;2025-09-09;2025-09-10;2025-09-11;2025-09-12;2025-09-13;2025-09-14;2025-09-15;2025-09-16;2025-09-17;2025-09-18;2025-09-19;2025-09-20;2025-09-21;2025-09-22;2025-09-23;2025-09-24;2025-09-25;2025-09-26;2025-09-27;2025-09-28;2025-09-29;2025-09-30;2025-10-01,2025-09-18;2025-09-19;2025-09-20;2025-09-21;2025-09-22;2025-09-23;2025-09-24;2025-09-25;2025-09-26;2025-09-27;2025-09-28;2025-09-29;2025-09-30;2025-10-01,,2025-10-01,5326.7818816033505,6549.392426355164,6526.7818816033505,26.52881675908924,36.41769120575011,43.6779868367523,76.78080560337439,73793.4473063124,19.237387744661778,17889.557621866334,46254.99240816078,80.22613981765068,46335.21854797843,46254.99240816079,46254.99236190577,40151.79757921957,1497.927284425969,lexicographic,4.625499236190578e-05,4.015179757921888e-05,False,0.1931457999999111,0.0,1,0
2025-10-03,False,calendar_trend,4,1.0,7,1.0,0,calibrated_quantile,2025-09-05;2025-09-06;2025-09-07;2025-09-08;2025-09-09;2025-09-10;2025-09-11;2025-09-12;2025-09-13;2025-09-14;2025-09-15;2025-09-16;2025-09-17;2025-09-18;2025-09-19;2025-09-20;2025-09-21;2025-09-22;2025-09-23;2025-09-24;2025-09-25;2025-09-26;2025-09-27;2025-09-28;2025-09-29;2025-09-30;2025-10-01;2025-10-02,28,9334.422555991005,2025-09-05;2025-09-06;2025-09-07;2025-09-08;2025-09-09;2025-09-10;2025-09-11;2025-09-12;2025-09-13;2025-09-14;2025-09-15;2025-09-16;2025-09-17;2025-09-18;2025-09-19;2025-09-20;2025-09-21;2025-09-22;2025-09-23;2025-09-24;2025-09-25;2025-09-26;2025-09-27;2025-09-28;2025-09-29;2025-09-30;2025-10-01;2025-10-02,2025-09-19;2025-09-20;2025-09-21;2025-09-22;2025-09-23;2025-09-24;2025-09-25;2025-09-26;2025-09-27;2025-09-28;2025-09-29;2025-09-30;2025-10-01;2025-10-02,,2025-10-02,5304.171336851537,6526.7818816033505,6504.171336851537,25.018241687128725,32.70873924496526,21.058964553292114,40.94326097979451,36336.54565520627,0.0,25393.305274369806,20276.5039454757,0.0,20276.5039454757,20276.503945475702,20276.5039251992,29994.294067722498,1333.631479288484,lexicographic,2.02765039251992e-05,2.9994294067722502e-05,False,0.19166130000303383,0.0,1,0
2025-10-04,False,calendar_trend,4,1.0,7,1.0,0,calibrated_quantile,2025-09-06;2025-09-07;2025-09-08;2025-09-09;2025-09-10;2025-09-11;2025-09-12;2025-09-13;2025-09-14;2025-09-15;2025-09-16;2025-09-17;2025-09-18;2025-09-19;2025-09-20;2025-09-21;2025-09-22;2025-09-23;2025-09-24;2025-09-25;2025-09-26;2025-09-27;2025-09-28;2025-09-29;2025-09-30;2025-10-01;2025-10-02;2025-10-03,28,9309.434684652846,2025-09-06;2025-09-07;2025-09-08;2025-09-09;2025-09-10;2025-09-11;2025-09-12;2025-09-13;2025-09-14;2025-09-15;2025-09-16;2025-09-17;2025-09-18;2025-09-19;2025-09-20;2025-09-21;2025-09-22;2025-09-23;2025-09-24;2025-09-25;2025-09-26;2025-09-27;2025-09-28;2025-09-29;2025-09-30;2025-10-01;2025-10-02;2025-10-03,2025-09-20;2025-09-21;2025-09-22;2025-09-23;2025-09-24;2025-09-25;2025-09-26;2025-09-27;2025-09-28;2025-09-29;2025-09-30;2025-10-01;2025-10-02;2025-10-03,,2025-10-03,5281.5607920997245,6504.171336851537,6481.5607920997245,21.571032972552178,27.126255910340145,19.586333907443557,34.87536760237478,35808.17380436201,113.93224336618823,19704.810270783775,19792.25623963463,472.86984271051904,20265.12608234515,19792.256239634626,19792.25621984237,29948.821749943854,1302.1948454445028,lexicographic,1.979225621984237e-05,2.994882174994386e-05,False,0.23870759999772417,1.8380819077334512e-16,1,0
2025-10-05,False,calendar_trend,4,1.0,7,1.0,0,calibrated_quantile,2025-09-07;2025-09-08;2025-09-09;2025-09-10;2025-09-11;2025-09-12;2025-09-13;2025-09-14;2025-09-15;2025-09-16;2025-09-17;2025-09-18;2025-09-19;2025-09-20;2025-09-21;2025-09-22;2025-09-23;2025-09-24;2025-09-25;2025-09-26;2025-09-27;2025-09-28;2025-09-29;2025-09-30;2025-10-01;2025-10-02;2025-10-03;2025-10-04,28,9180.372561214874,2025-09-07;2025-09-08;2025-09-09;2025-09-10;2025-09-11;2025-09-12;2025-09-13;2025-09-14;2025-09-15;2025-09-16;2025-09-17;2025-09-18;2025-09-19;2025-09-20;2025-09-21;2025-09-22;2025-09-23;2025-09-24;2025-09-25;2025-09-26;2025-09-27;2025-09-28;2025-09-29;2025-09-30;2025-10-01;2025-10-02;2025-10-03;2025-10-04,2025-09-21;2025-09-22;2025-09-23;2025-09-24;2025-09-25;2025-09-26;2025-09-27;2025-09-28;2025-09-29;2025-09-30;2025-10-01;2025-10-02;2025-10-03;2025-10-04,,2025-10-04,5258.950247347911,6481.5607920997245,6458.950247347911,25.569286016107394,30.46152785384433,15.17214501720952,28.01411884169631,68515.70271459845,80.6133940281302,9725.405091744171,42016.97548111218,194.90109124361572,42211.876572355795,42016.97548111219,42016.9754390952,39605.04416023029,1470.2066735737053,lexicographic,4.2016975439095205e-05,3.960504412057824e-05,False,0.19310119999863673,0.0,1,0
2025-10-06,False,calendar_trend,4,1.0,7,1.0,0,calibrated_quantile,2025-09-08;2025-09-09;2025-09-10;2025-09-11;2025-09-12;2025-09-13;2025-09-14;2025-09-15;2025-09-16;2025-09-17;2025-09-18;2025-09-19;2025-09-20;2025-09-21;2025-09-22;2025-09-23;2025-09-24;2025-09-25;2025-09-26;2025-09-27;2025-09-28;2025-09-29;2025-09-30;2025-10-01;2025-10-02;2025-10-03;2025-10-04;2025-10-05,28,8920.568586723444,2025-09-08;2025-09-09;2025-09-10;2025-09-11;2025-09-12;2025-09-13;2025-09-14;2025-09-15;2025-09-16;2025-09-17;2025-09-18;2025-09-19;2025-09-20;2025-09-21;2025-09-22;2025-09-23;2025-09-24;2025-09-25;2025-09-26;2025-09-27;2025-09-28;2025-09-29;2025-09-30;2025-10-01;2025-10-02;2025-10-03;2025-10-04;2025-10-05,2025-09-22;2025-09-23;2025-09-24;2025-09-25;2025-09-26;2025-09-27;2025-09-28;2025-09-29;2025-09-30;2025-10-01;2025-10-02;2025-10-03;2025-10-04;2025-10-05,,2025-10-05,5210.774334203299,6458.950247347911,6410.774334203299,22.215999997876015,27.826252205175216,17.01811654752034,35.71979120168504,67682.67686261899,359.70977547691075,6236.209166370006,41443.77975829656,1117.7631088502494,42561.54286714681,41443.77975829656,41443.779716852776,39257.73749991662,1481.834567314218,lexicographic,4.144377971685278e-05,3.92577374606589e-05,False,0.13534729999810224,0.0,1,0
2025-10-07,False,calendar_trend,4,1.0,7,1.0,0,calibrated_quantile,2025-09-09;2025-09-10;2025-09-11;2025-09-12;2025-09-13;2025-09-14;2025-09-15;2025-09-16;2025-09-17;2025-09-18;2025-09-19;2025-09-20;2025-09-21;2025-09-22;2025-09-23;2025-09-24;2025-09-25;2025-09-26;2025-09-27;2025-09-28;2025-09-29;2025-09-30;2025-10-01;2025-10-02;2025-10-03;2025-10-04;2025-10-05;2025-10-06,28,8225.181011653694,2025-09-09;2025-09-10;2025-09-11;2025-09-12;2025-09-13;2025-09-14;2025-09-15;2025-09-16;2025-09-17;2025-09-18;2025-09-19;2025-09-20;2025-09-21;2025-09-22;2025-09-23;2025-09-24;2025-09-25;2025-09-26;2025-09-27;2025-09-28;2025-09-29;2025-09-30;2025-10-01;2025-10-02;2025-10-03;2025-10-04;2025-10-05;2025-10-06,2025-09-23;2025-09-24;2025-09-25;2025-09-26;2025-09-27;2025-09-28;2025-09-29;2025-09-30;2025-10-01;2025-10-02;2025-10-03;2025-10-04;2025-10-05;2025-10-06,,2025-10-06,5162.598421058689,6410.774334203299,6362.598421058689,18.81227577024218,23.241404678945855,21.44557121982727,38.62345723128617,66889.89743189621,314.4725537114981,5385.743617209808,40921.17517034558,1534.7499729889487,42455.92514333453,40921.17517034558,40921.17512942444,39010.00705505534,1468.9668814797794,lexicographic,4.092117512942444e-05,3.901000701604533e-05,False,0.143449099999998,0.0,1,0
2025-10-08,False,calendar_trend,4,1.0,7,1.0,0,calibrated_quantile,2025-09-10;2025-09-11;2025-09-12;2025-09-13;2025-09-14;2025-09-15;2025-09-16;2025-09-17;2025-09-18;2025-09-19;2025-09-20;2025-09-21;2025-09-22;2025-09-23;2025-09-24;2025-09-25;2025-09-26;2025-09-27;2025-09-28;2025-09-29;2025-09-30;2025-10-01;2025-10-02;2025-10-03;2025-10-04;2025-10-05;2025-10-06;2025-10-07,28,7942.742368225632,2025-09-10;2025-09-11;2025-09-12;2025-09-13;2025-09-14;2025-09-15;2025-09-16;2025-09-17;2025-09-18;2025-09-19;2025-09-20;2025-09-21;2025-09-22;2025-09-23;2025-09-24;2025-09-25;2025-09-26;2025-09-27;2025-09-28;2025-09-29;2025-09-30;2025-10-01;2025-10-02;2025-10-03;2025-10-04;2025-10-05;2025-10-06;2025-10-07,2025-09-24;2025-09-25;2025-09-26;2025-09-27;2025-09-28;2025-09-29;2025-09-30;2025-10-01;2025-10-02;2025-10-03;2025-10-04;2025-10-05;2025-10-06;2025-10-07,,2025-10-07,5114.422507914078,6362.598421058689,6314.422507914078,25.446867304940742,33.16576023769469,22.027684746290642,45.198916378462414,65606.31653907939,889.0172877898126,5985.518825024385,39611.60565984612,3439.812292991453,43051.417952837575,39611.605659846115,39611.60562023451,38860.02442280392,1465.3255768631407,lexicographic,3.9611605620234515e-05,3.8860024383943924e-05,False,0.1636709999984305,0.0,1,0
2025-10-09,False,calendar_trend,4,1.0,7,1.0,0,calibrated_quantile,2025-09-11;2025-09-12;2025-09-13;2025-09-14;2025-09-15;2025-09-16;2025-09-17;2025-09-18;2025-09-19;2025-09-20;2025-09-21;2025-09-22;2025-09-23;2025-09-24;2025-09-25;2025-09-26;2025-09-27;2025-09-28;2025-09-29;2025-09-30;2025-10-01;2025-10-02;2025-10-03;2025-10-04;2025-10-05;2025-10-06;2025-10-07;2025-10-08,28,7436.322298787223,2025-09-11;2025-09-12;2025-09-13;2025-09-14;2025-09-15;2025-09-16;2025-09-17;2025-09-18;2025-09-19;2025-09-20;2025-09-21;2025-09-22;2025-09-23;2025-09-24;2025-09-25;2025-09-26;2025-09-27;2025-09-28;2025-09-29;2025-09-30;2025-10-01;2025-10-02;2025-10-03;2025-10-04;2025-10-05;2025-10-06;2025-10-07;2025-10-08,2025-09-25;2025-09-26;2025-09-27;2025-09-28;2025-09-29;2025-09-30;2025-10-01;2025-10-02;2025-10-03;2025-10-04;2025-10-05;2025-10-06;2025-10-07;2025-10-08,,2025-10-08,5066.246594769466,6314.422507914078,6266.246594769466,25.134539549141728,31.851183228916177,18.772345488178985,33.958429222319076,64793.87633338751,404.4366821463183,5429.565446201448,39315.84812662641,1969.542525378658,41285.39065200507,39315.84812662641,39315.84808731057,38645.17314378202,1443.8769710674178,lexicographic,3.9315848087310576e-05,3.864517310513687e-05,False,0.17108750000261352,0.0,1,0
2025-10-10,False,calendar_trend,4,1.0,7,1.0,0,calibrated_quantile,2025-09-12;2025-09-13;2025-09-14;2025-09-15;2025-09-16;2025-09-17;2025-09-18;2025-09-19;2025-09-20;2025-09-21;2025-09-22;2025-09-23;2025-09-24;2025-09-25;2025-09-26;2025-09-27;2025-09-28;2025-09-29;2025-09-30;2025-10-01;2025-10-02;2025-10-03;2025-10-04;2025-10-05;2025-10-06;2025-10-07;2025-10-08;2025-10-09,28,7287.266164327295,2025-09-12;2025-09-13;2025-09-14;2025-09-15;2025-09-16;2025-09-17;2025-09-18;2025-09-19;2025-09-20;2025-09-21;2025-09-22;2025-09-23;2025-09-24;2025-09-25;2025-09-26;2025-09-27;2025-09-28;2025-09-29;2025-09-30;2025-10-01;2025-10-02;2025-10-03;2025-10-04;2025-10-05;2025-10-06;2025-10-07;2025-10-08;2025-10-09,2025-09-26;2025-09-27;2025-09-28;2025-09-29;2025-09-30;2025-10-01;2025-10-02;2025-10-03;2025-10-04;2025-10-05;2025-10-06;2025-10-07;2025-10-08;2025-10-09,,2025-10-09,5047.330938699805,6266.246594769466,6247.330938699805,18.244716201276756,23.184176878527623,21.592774874240376,40.57456949647128,33183.46583159392,177.1192322915988,20941.78393459884,17585.001091474867,602.6714635019945,18187.672554976863,17585.00109147487,17585.001073889864,29474.434030355915,1274.6483433451037,lexicographic,1.7585001073889863e-05,2.9474434000881487e-05,False,0.15761989999737125,0.0,1,0
2025-10-11,False,calendar_trend,4,1.0,7,1.0,0,calibrated_quantile,2025-09-13;2025-09-14;2025-09-15;2025-09-16;2025-09-17;2025-09-18;2025-09-19;2025-09-20;2025-09-21;2025-09-22;2025-09-23;2025-09-24;2025-09-25;2025-09-26;2025-09-27;2025-09-28;2025-09-29;2025-09-30;2025-10-01;2025-10-02;2025-10-03;2025-10-04;2025-10-05;2025-10-06;2025-10-07;2025-10-08;2025-10-09;2025-10-10,28,7210.947705946509,2025-09-13;2025-09-14;2025-09-15;2025-09-16;2025-09-17;2025-09-18;2025-09-19;2025-09-20;2025-09-21;2025-09-22;2025-09-23;2025-09-24;2025-09-25;2025-09-26;2025-09-27;2025-09-28;2025-09-29;2025-09-30;2025-10-01;2025-10-02;2025-10-03;2025-10-04;2025-10-05;2025-10-06;2025-10-07;2025-10-08;2025-10-09;2025-10-10,2025-09-27;2025-09-28;2025-09-29;2025-09-30;2025-10-01;2025-10-02;2025-10-03;2025-10-04;2025-10-05;2025-10-06;2025-10-07;2025-10-08;2025-10-09;2025-10-10,,2025-10-10,5028.415282630143,6247.330938699805,6228.415282630143,17.727396360834835,22.87427057072894,33.44119031044402,57.86461699042136,33752.12069717247,427.3164117761522,17001.926611967177,17977.611564951203,1508.741859076525,19486.35342402773,17977.611564951203,17977.6115469736,29436.39260330776,1266.0240605191893,lexicographic,1.79776115469736e-05,2.9436392603307765e-05,False,0.1742247000001953,0.0,1,0
2025-10-12,False,calendar_trend,4,1.0,7,1.0,0,calibrated_quantile,2025-09-14;2025-09-15;2025-09-16;2025-09-17;2025-09-18;2025-09-19;2025-09-20;2025-09-21;2025-09-22;2025-09-23;2025-09-24;2025-09-25;2025-09-26;2025-09-27;2025-09-28;2025-09-29;2025-09-30;2025-10-01;2025-10-02;2025-10-03;2025-10-04;2025-10-05;2025-10-06;2025-10-07;2025-10-08;2025-10-09;2025-10-10;2025-10-11,28,7427.738950223324,2025-09-14;2025-09-15;2025-09-16;2025-09-17;2025-09-18;2025-09-19;2025-09-20;2025-09-21;2025-09-22;2025-09-23;2025-09-24;2025-09-25;2025-09-26;2025-09-27;2025-09-28;2025-09-29;2025-09-30;2025-10-01;2025-10-02;2025-10-03;2025-10-04;2025-10-05;2025-10-06;2025-10-07;2025-10-08;2025-10-09;2025-10-10;2025-10-11,2025-09-28;2025-09-29;2025-09-30;2025-10-01;2025-10-02;2025-10-03;2025-10-04;2025-10-05;2025-10-06;2025-10-07;2025-10-08;2025-10-09;2025-10-10;2025-10-11,,2025-10-11,5114.422507914078,6228.415282630143,6314.422507914078,25.787476323364867,33.56835144857846,22.90754337988454,47.641964410307146,65532.57050716171,1561.1804781604283,4419.993759108487,39914.91700101569,6925.2222511520085,46840.1392521677,39914.917001015696,39914.91696110078,38803.248653170056,1458.7378225223067,lexicographic,3.9914916961100784e-05,3.8803248614366806e-05,False,0.32612069999959203,0.0,1,0
2025-10-13,False,calendar_trend,4,1.0,7,1.0,0,calibrated_quantile,2025-09-15;2025-09-16;2025-09-17;2025-09-18;2025-09-19;2025-09-20;2025-09-21;2025-09-22;2025-09-23;2025-09-24;2025-09-25;2025-09-26;2025-09-27;2025-09-28;2025-09-29;2025-09-30;2025-10-01;2025-10-02;2025-10-03;2025-10-04;2025-10-05;2025-10-06;2025-10-07;2025-10-08;2025-10-09;2025-10-10;2025-10-11;2025-10-12,28,7083.589986111395,2025-09-15;2025-09-16;2025-09-17;2025-09-18;2025-09-19;2025-09-20;2025-09-21;2025-09-22;2025-09-23;2025-09-24;2025-09-25;2025-09-26;2025-09-27;2025-09-28;2025-09-29;2025-09-30;2025-10-01;2025-10-02;2025-10-03;2025-10-04;2025-10-05;2025-10-06;2025-10-07;2025-10-08;2025-10-09;2025-10-10;2025-10-11;2025-10-12,2025-09-29;2025-09-30;2025-10-01;2025-10-02;2025-10-03;2025-10-04;2025-10-05;2025-10-06;2025-10-07;2025-10-08;2025-10-09;2025-10-10;2025-10-11;2025-10-12,,2025-10-12,5258.950247347911,6314.422507914078,6458.950247347911,21.891435492707007,28.425834255926013,19.041365991528377,38.309279285645815,67065.49984262203,524.9086300951317,6337.262345349661,40991.92367379018,2151.280871674381,43143.20454546456,40991.92367379018,40991.92363279826,38886.62666607523,1470.5657481315452,lexicographic,4.099192363279826e-05,3.8886626627196346e-05,False,0.23451270000077784,0.0,1,0
2025-10-14,False,calendar_trend,4,1.0,7,1.0,0,calibrated_quantile,2025-09-16;2025-09-17;2025-09-18;2025-09-19;2025-09-20;2025-09-21;2025-09-22;2025-09-23;2025-09-24;2025-09-25;2025-09-26;2025-09-27;2025-09-28;2025-09-29;2025-09-30;2025-10-01;2025-10-02;2025-10-03;2025-10-04;2025-10-05;2025-10-06;2025-10-07;2025-10-08;2025-10-09;2025-10-10;2025-10-11;2025-10-12;2025-10-13,28,6793.241347132773,2025-09-16;2025-09-17;2025-09-18;2025-09-19;2025-09-20;2025-09-21;2025-09-22;2025-09-23;2025-09-24;2025-09-25;2025-09-26;2025-09-27;2025-09-28;2025-09-29;2025-09-30;2025-10-01;2025-10-02;2025-10-03;2025-10-04;2025-10-05;2025-10-06;2025-10-07;2025-10-08;2025-10-09;2025-10-10;2025-10-11;2025-10-12;2025-10-13,2025-09-30;2025-10-01;2025-10-02;2025-10-03;2025-10-04;2025-10-05;2025-10-06;2025-10-07;2025-10-08;2025-10-09;2025-10-10;2025-10-11;2025-10-12;2025-10-13,,2025-10-13,5210.774334203299,6458.950247347911,6410.774334203299,19.98209234017425,25.175980788826806,21.210688132531118,37.05323460024986,67319.01561930851,934.0233022372144,3467.035576913231,41264.2959974307,4045.415209667,45309.7112070977,41264.2959974307,41264.29595616644,38677.640497956934,1457.4644945161208,lexicographic,4.1264295956166444e-05,3.867764045927931e-05,False,0.1386320000019623,0.0,1,0
2025-10-15,False,calendar_trend,4,1.0,7,1.0,0,calibrated_quantile,2025-09-17;2025-09-18;2025-09-19;2025-09-20;2025-09-21;2025-09-22;2025-09-23;2025-09-24;2025-09-25;2025-09-26;2025-09-27;2025-09-28;2025-09-29;2025-09-30;2025-10-01;2025-10-02;2025-10-03;2025-10-04;2025-10-05;2025-10-06;2025-10-07;2025-10-08;2025-10-09;2025-10-10;2025-10-11;2025-10-12;2025-10-13;2025-10-14,28,6611.691952705193,2025-09-17;2025-09-18;2025-09-19;2025-09-20;2025-09-21;2025-09-22;2025-09-23;2025-09-24;2025-09-25;2025-09-26;2025-09-27;2025-09-28;2025-09-29;2025-09-30;2025-10-01;2025-10-02;2025-10-03;2025-10-04;2025-10-05;2025-10-06;2025-10-07;2025-10-08;2025-10-09;2025-10-10;2025-10-11;2025-10-12;2025-10-13;2025-10-14,2025-10-01;2025-10-02;2025-10-03;2025-10-04;2025-10-05;2025-10-06;2025-10-07;2025-10-08;2025-10-09;2025-10-10;2025-10-11;2025-10-12;2025-10-13;2025-10-14,,2025-10-14,5304.171336851537,6410.774334203299,6504.171336851537,23.57191478875939,29.47026285924674,21.907254793247546,45.828343678579266,68266.39364644073,1478.9120402526369,3647.4048195264922,41603.239475892115,6302.714339316195,47905.95381520831,41603.23947589212,41603.23943428887,38914.96399108002,1435.5444165386073,lexicographic,4.160323943428888e-05,3.8914963952165065e-05,False,0.17426390000036918,0.0,1,0
2025-10-16,False,calendar_trend,4,1.0,7,1.0,0,calibrated_quantile,2025-09-18;2025-09-19;2025-09-20;2025-09-21;2025-09-22;2025-09-23;2025-09-24;2025-09-25;2025-09-26;2025-09-27;2025-09-28;2025-09-29;2025-09-30;2025-10-01;2025-10-02;2025-10-03;2025-10-04;2025-10-05;2025-10-06;2025-10-07;2025-10-08;2025-10-09;2025-10-10;2025-10-11;2025-10-12;2025-10-13;2025-10-14;2025-10-15,28,6449.248370563914,2025-09-18;2025-09-19;2025-09-20;2025-09-21;2025-09-22;2025-09-23;2025-09-24;2025-09-25;2025-09-26;2025-09-27;2025-09-28;2025-09-29;2025-09-30;2025-10-01;2025-10-02;2025-10-03;2025-10-04;2025-10-05;2025-10-06;2025-10-07;2025-10-08;2025-10-09;2025-10-10;2025-10-11;2025-10-12;2025-10-13;2025-10-14;2025-10-15,2025-10-02;2025-10-03;2025-10-04;2025-10-05;2025-10-06;2025-10-07;2025-10-08;2025-10-09;2025-10-10;2025-10-11;2025-10-12;2025-10-13;2025-10-14;2025-10-15,,2025-10-15,5359.20630297207,6504.171336851537,6559.20630297207,20.81758072944621,26.871190352806213,24.368497080220088,49.36325550284289,69065.42014363114,1746.7989290555404,3683.1366623549293,42374.92095945897,7173.298743688226,49548.219703147195,42374.92095945897,42374.92091708405,39132.94833780811,1433.449616601147,lexicographic,4.237492091708405e-05,3.913294829867517e-05,False,0.19166120000227238,0.0,1,0
2025-10-17,False,calendar_trend,4,1.0,7,1.0,0,calibrated_quantile,2025-09-19;2025-09-20;2025-09-21;2025-09-22;2025-09-23;2025-09-24;2025-09-25;2025-09-26;2025-09-27;2025-09-28;2025-09-29;2025-09-30;2025-10-01;2025-10-02;2025-10-03;2025-10-04;2025-10-05;2025-10-06;2025-10-07;2025-10-08;2025-10-09;2025-10-10;2025-10-11;2025-10-12;2025-10-13;2025-10-14;2025-10-15;2025-10-16,28,6493.047669161648,2025-09-19;2025-09-20;2025-09-21;2025-09-22;2025-09-23;2025-09-24;2025-09-25;2025-09-26;2025-09-27;2025-09-28;2025-09-29;2025-09-30;2025-10-01;2025-10-02;2025-10-03;2025-10-04;2025-10-05;2025-10-06;2025-10-07;2025-10-08;2025-10-09;2025-10-10;2025-10-11;2025-10-12;2025-10-13;2025-10-14;2025-10-15;2025-10-16,2025-10-03;2025-10-04;2025-10-05;2025-10-06;2025-10-07;2025-10-08;2025-10-09;2025-10-10;2025-10-11;2025-10-12;2025-10-13;2025-10-14;2025-10-15;2025-10-16,,2025-10-16,5388.647932822785,6559.20630297207,6588.647932822785,16.470129666295392,20.93911502013717,14.689705348442638,27.97989114138615,34173.705321456,188.44194464177912,15167.18036341399,18324.36874879702,529.995229536222,18854.363978333244,18324.368748797024,18324.36873047265,30117.338931366845,1297.602747672189,lexicographic,1.832436873047265e-05,3.0117338931366855e-05,False,0.22267370000190567,0.0,1,0
2025-10-18,False,calendar_trend,4,1.0,7,1.0,0,calibrated_quantile,2025-09-20;2025-09-21;2025-09-22;2025-09-23;2025-09-24;2025-09-25;2025-09-26;2025-09-27;2025-09-28;2025-09-29;2025-09-30;2025-10-01;2025-10-02;2025-10-03;2025-10-04;2025-10-05;2025-10-06;2025-10-07;2025-10-08;2025-10-09;2025-10-10;2025-10-11;2025-10-12;2025-10-13;2025-10-14;2025-10-15;2025-10-16;2025-10-17,28,6398.353176738217,2025-09-20;2025-09-21;2025-09-22;2025-09-23;2025-09-24;2025-09-25;2025-09-26;2025-09-27;2025-09-28;2025-09-29;2025-09-30;2025-10-01;2025-10-02;2025-10-03;2025-10-04;2025-10-05;2025-10-06;2025-10-07;2025-10-08;2025-10-09;2025-10-10;2025-10-11;2025-10-12;2025-10-13;2025-10-14;2025-10-15;2025-10-16;2025-10-17,2025-10-04;2025-10-05;2025-10-06;2025-10-07;2025-10-08;2025-10-09;2025-10-10;2025-10-11;2025-10-12;2025-10-13;2025-10-14;2025-10-15;2025-10-16;2025-10-17,,2025-10-17,5378.834056205879,6588.647932822785,6578.834056205879,18.198698436368627,22.827719735865607,15.72920772434335,28.96797232687205,34810.844401155766,143.35955163217977,15724.244874321914,18860.270327710452,340.2324388148246,19200.50276652528,18860.270327710452,18860.270308850188,30132.932090880375,1265.5039734655652,lexicographic,1.886027030885019e-05,3.0132932090880372e-05,False,0.21866769999905955,0.0,1,0
2025-10-19,False,calendar_trend,4,1.0,7,1.0,0,calibrated_quantile,2025-09-21;2025-09-22;2025-09-23;2025-09-24;2025-09-25;2025-09-26;2025-09-27;2025-09-28;2025-09-29;2025-09-30;2025-10-01;2025-10-02;2025-10-03;2025-10-04;2025-10-05;2025-10-06;2025-10-07;2025-10-08;2025-10-09;2025-10-10;2025-10-11;2025-10-12;2025-10-13;2025-10-14;2025-10-15;2025-10-16;2025-10-17;2025-10-18,28,6358.549123100303,2025-09-21;2025-09-22;2025-09-23;2025-09-24;2025-09-25;2025-09-26;2025-09-27;2025-09-28;2025-09-29;2025-09-30;2025-10-01;2025-10-02;2025-10-03;2025-10-04;2025-10-05;2025-10-06;2025-10-07;2025-10-08;2025-10-09;2025-10-10;2025-10-11;2025-10-12;2025-10-13;2025-10-14;2025-10-15;2025-10-16;2025-10-17;2025-10-18,2025-10-05;2025-10-06;2025-10-07;2025-10-08;2025-10-09;2025-10-10;2025-10-11;2025-10-12;2025-10-13;2025-10-14;2025-10-15;2025-10-16;2025-10-17;2025-10-18,,2025-10-18,5369.020179588974,6578.834056205879,6569.020179588974,20.305849869233068,25.137474549470294,17.88750852226989,34.08992181657219,71628.66859231517,832.7001993874937,4358.138297464609,44076.11118328692,3175.8285120447326,47251.939695331654,44076.11118328692,44076.111139210814,40270.28624814734,1445.6369067035444,lexicographic,4.407611113921082e-05,4.027028620787707e-05,False,0.1917412000002514,0.0,1,0
2025-10-20,False,calendar_trend,4,1.0,7,1.0,0,calibrated_quantile,2025-09-22;2025-09-23;2025-09-24;2025-09-25;2025-09-26;2025-09-27;2025-09-28;2025-09-29;2025-09-30;2025-10-01;2025-10-02;2025-10-03;2025-10-04;2025-10-05;2025-10-06;2025-10-07;2025-10-08;2025-10-09;2025-10-10;2025-10-11;2025-10-12;2025-10-13;2025-10-14;2025-10-15;2025-10-16;2025-10-17;2025-10-18;2025-10-19,28,6367.148114524316,2025-09-22;2025-09-23;2025-09-24;2025-09-25;2025-09-26;2025-09-27;2025-09-28;2025-09-29;2025-09-30;2025-10-01;2025-10-02;2025-10-03;2025-10-04;2025-10-05;2025-10-06;2025-10-07;2025-10-08;2025-10-09;2025-10-10;2025-10-11;2025-10-12;2025-10-13;2025-10-14;2025-10-15;2025-10-16;2025-10-17;2025-10-18;2025-10-19,2025-10-06;2025-10-07;2025-10-08;2025-10-09;2025-10-10;2025-10-11;2025-10-12;2025-10-13;2025-10-14;2025-10-15;2025-10-16;2025-10-17;2025-10-18;2025-10-19,,2025-10-19,5359.20630297207,6569.020179588974,6559.20630297207,15.408447945854366,19.774637331676402,22.445594185819843,46.08805087556572,73526.43188959542,1020.8766151131083,5838.8579162908245,45615.21287212453,4907.662300055908,50522.875172180444,45615.212872124524,45615.21282650931,40748.12873305162,1462.355457293119,lexicographic,4.5615212826509315e-05,4.07481286923035e-05,False,0.30373640000107116,0.0,1,0
2025-10-21,False,calendar_trend,4,1.0,7,1.0,0,calibrated_quantile,2025-09-23;2025-09-24;2025-09-25;2025-09-26;2025-09-27;2025-09-28;2025-09-29;2025-09-30;2025-10-01;2025-10-02;2025-10-03;2025-10-04;2025-10-05;2025-10-06;2025-10-07;2025-10-08;2025-10-09;2025-10-10;2025-10-11;2025-10-12;2025-10-13;2025-10-14;2025-10-15;2025-10-16;2025-10-17;2025-10-18;2025-10-19;2025-10-20,28,6367.157926270796,2025-09-23;2025-09-24;2025-09-25;2025-09-26;2025-09-27;2025-09-28;2025-09-29;2025-09-30;2025-10-01;2025-10-02;2025-10-03;2025-10-04;2025-10-05;2025-10-06;2025-10-07;2025-10-08;2025-10-09;2025-10-10;2025-10-11;2025-10-12;2025-10-13;2025-10-14;2025-10-15;2025-10-16;2025-10-17;2025-10-18;2025-10-19;2025-10-20,2025-10-07;2025-10-08;2025-10-09;2025-10-10;2025-10-11;2025-10-12;2025-10-13;2025-10-14;2025-10-15;2025-10-16;2025-10-17;2025-10-18;2025-10-19;2025-10-20,,2025-10-20,5349.392426355164,6559.20630297207,6549.392426355164,18.28334553897142,23.76838800122416,24.548116453828094,44.41653947188973,74749.0228999521,870.0028920753159,4839.6301459265815,46513.35861341197,2918.961191773637,49432.31980518561,46513.35861341196,46513.35856689861,41216.30975712087,1461.6456374631548,lexicographic,4.651335856689861e-05,4.121630971590457e-05,False,0.1545881999991252,0.0,1,0
2025-10-22,False,calendar_trend,4,1.0,7,1.0,0,calibrated_quantile,2025-09-24;2025-09-25;2025-09-26;2025-09-27;2025-09-28;2025-09-29;2025-09-30;2025-10-01;2025-10-02;2025-10-03;2025-10-04;2025-10-05;2025-10-06;2025-10-07;2025-10-08;2025-10-09;2025-10-10;2025-10-11;2025-10-12;2025-10-13;2025-10-14;2025-10-15;2025-10-16;2025-10-17;2025-10-18;2025-10-19;2025-10-20;2025-10-21,28,6429.200201040498,2025-09-24;2025-09-25;2025-09-26;2025-09-27;2025-09-28;2025-09-29;2025-09-30;2025-10-01;2025-10-02;2025-10-03;2025-10-04;2025-10-05;2025-10-06;2025-10-07;2025-10-08;2025-10-09;2025-10-10;2025-10-11;2025-10-12;2025-10-13;2025-10-14;2025-10-15;2025-10-16;2025-10-17;2025-10-18;2025-10-19;2025-10-20;2025-10-21,2025-10-08;2025-10-09;2025-10-10;2025-10-11;2025-10-12;2025-10-13;2025-10-14;2025-10-15;2025-10-16;2025-10-17;2025-10-18;2025-10-19;2025-10-20;2025-10-21,,2025-10-21,5326.7818816033505,6549.392426355164,6526.7818816033505,17.374383941190203,21.783006039925734,25.115456643408578,48.6903832533233,75437.20620970702,894.613510048606,6384.638188220304,46607.55326976962,4308.879319090069,50916.43258885969,46607.55326976962,46607.55322316209,42056.49750332741,1459.0711571651436,lexicographic,4.6607553223162094e-05,4.205649750332535e-05,False,0.3016367000018363,0.0,1,0
2025-10-23,False,calendar_trend,4,1.0,7,1.0,0,calibrated_quantile,2025-09-25;2025-09-26;2025-09-27;2025-09-28;2025-09-29;2025-09-30;2025-10-01;2025-10-02;2025-10-03;2025-10-04;2025-10-05;2025-10-06;2025-10-07;2025-10-08;2025-10-09;2025-10-10;2025-10-11;2025-10-12;2025-10-13;2025-10-14;2025-10-15;2025-10-16;2025-10-17;2025-10-18;2025-10-19;2025-10-20;2025-10-21;2025-10-22,28,6511.436014706569,2025-09-25;2025-09-26;2025-09-27;2025-09-28;2025-09-29;2025-09-30;2025-10-01;2025-10-02;2025-10-03;2025-10-04;2025-10-05;2025-10-06;2025-10-07;2025-10-08;2025-10-09;2025-10-10;2025-10-11;2025-10-12;2025-10-13;2025-10-14;2025-10-15;2025-10-16;2025-10-17;2025-10-18;2025-10-19;2025-10-20;2025-10-21;2025-10-22,2025-10-09;2025-10-10;2025-10-11;2025-10-12;2025-10-13;2025-10-14;2025-10-15;2025-10-16;2025-10-17;2025-10-18;2025-10-19;2025-10-20;2025-10-21;2025-10-22,,2025-10-22,5304.171336851537,6526.7818816033505,6504.171336851537,19.490389950398715,24.83378010194922,20.066115411359984,40.320520151935256,76824.92670659098,84.30952395015692,9086.62304963495,47858.66491020646,232.66227632196419,48091.327186528426,47858.66491020646,47858.66486234778,42540.73267189546,1455.3189052869584,lexicographic,4.785866486234778e-05,4.2540732629354734e-05,False,0.35382120000213035,0.0,1,0
2025-10-24,False,calendar_trend,4,1.0,7,1.0,0,calibrated_quantile,2025-09-26;2025-09-27;2025-09-28;2025-09-29;2025-09-30;2025-10-01;2025-10-02;2025-10-03;2025-10-04;2025-10-05;2025-10-06;2025-10-07;2025-10-08;2025-10-09;2025-10-10;2025-10-11;2025-10-12;2025-10-13;2025-10-14;2025-10-15;2025-10-16;2025-10-17;2025-10-18;2025-10-19;2025-10-20;2025-10-21;2025-10-22;2025-10-23,28,6514.491702978294,2025-09-26;2025-09-27;2025-09-28;2025-09-29;2025-09-30;2025-10-01;2025-10-02;2025-10-03;2025-10-04;2025-10-05;2025-10-06;2025-10-07;2025-10-08;2025-10-09;2025-10-10;2025-10-11;2025-10-12;2025-10-13;2025-10-14;2025-10-15;2025-10-16;2025-10-17;2025-10-18;2025-10-19;2025-10-20;2025-10-21;2025-10-22;2025-10-23,2025-10-10;2025-10-11;2025-10-12;2025-10-13;2025-10-14;2025-10-15;2025-10-16;2025-10-17;2025-10-18;2025-10-19;2025-10-20;2025-10-21;2025-10-22;2025-10-23,,2025-10-23,5281.5607920997245,6504.171336851537,6481.5607920997245,16.804729429723928,21.10582490830221,17.471760232265922,33.87314039502264,35368.87564206928,151.81924174937055,13898.576731070643,19179.69641540523,521.926363376908,19701.622778782137,19179.696415405226,19179.696396225532,30718.110736107898,1298.7058534417768,lexicographic,1.9179696396225534e-05,3.0718110736107905e-05,False,0.27160189999995055,0.0,1,0
2025-10-25,False,calendar_trend,4,1.0,7,1.0,0,calibrated_quantile,2025-09-27;2025-09-28;2025-09-29;2025-09-30;2025-10-01;2025-10-02;2025-10-03;2025-10-04;2025-10-05;2025-10-06;2025-10-07;2025-10-08;2025-10-09;2025-10-10;2025-10-11;2025-10-12;2025-10-13;2025-10-14;2025-10-15;2025-10-16;2025-10-17;2025-10-18;2025-10-19;2025-10-20;2025-10-21;2025-10-22;2025-10-23;2025-10-24,28,6438.258803308612,2025-09-27;2025-09-28;2025-09-29;2025-09-30;2025-10-01;2025-10-02;2025-10-03;2025-10-04;2025-10-05;2025-10-06;2025-10-07;2025-10-08;2025-10-09;2025-10-10;2025-10-11;2025-10-12;2025-10-13;2025-10-14;2025-10-15;2025-10-16;2025-10-17;2025-10-18;2025-10-19;2025-10-20;2025-10-21;2025-10-22;2025-10-23;2025-10-24,2025-10-11;2025-10-12;2025-10-13;2025-10-14;2025-10-15;2025-10-16;2025-10-17;2025-10-18;2025-10-19;2025-10-20;2025-10-21;2025-10-22;2025-10-23;2025-10-24,,2025-10-24,5258.950247347911,6481.5607920997245,6458.950247347911,19.19538755217671,24.214351691337885,13.152635166819817,25.26006687678311,36393.10711261107,73.69837250852413,13816.532831803204,19878.214729463805,158.27541303370626,20036.49014249751,19878.214729463805,19878.214709585587,31192.259135382054,1276.0348544005842,lexicographic,1.987821470958559e-05,3.11922591041898e-05,False,0.202586399998836,0.0,1,0
2025-10-26,False,calendar_trend,4,1.0,7,1.0,0,calibrated_quantile,2025-09-28;2025-09-29;2025-09-30;2025-10-01;2025-10-02;2025-10-03;2025-10-04;2025-10-05;2025-10-06;2025-10-07;2025-10-08;2025-10-09;2025-10-10;2025-10-11;2025-10-12;2025-10-13;2025-10-14;2025-10-15;2025-10-16;2025-10-17;2025-10-18;2025-10-19;2025-10-20;2025-10-21;2025-10-22;2025-10-23;2025-10-24;2025-10-25,28,6402.213152906632,2025-09-28;2025-09-29;2025-09-30;2025-10-01;2025-10-02;2025-10-03;2025-10-04;2025-10-05;2025-10-06;2025-10-07;2025-10-08;2025-10-09;2025-10-10;2025-10-11;2025-10-12;2025-10-13;2025-10-14;2025-10-15;2025-10-16;2025-10-17;2025-10-18;2025-10-19;2025-10-20;2025-10-21;2025-10-22;2025-10-23;2025-10-24;2025-10-25,2025-10-12;2025-10-13;2025-10-14;2025-10-15;2025-10-16;2025-10-17;2025-10-18;2025-10-19;2025-10-20;2025-10-21;2025-10-22;2025-10-23;2025-10-24;2025-10-25,,2025-10-25,5210.774334203299,6458.950247347911,6410.774334203299,21.74180038504508,26.570451837385736,13.122868608896987,26.978244826459385,77240.25342309216,127.18196716151422,8406.199886018107,48358.09645265716,351.72538662389513,48709.82183928106,48358.09645265716,48358.096404299074,42533.41134821063,1472.0518330971106,lexicographic,4.8358096404299074e-05,4.2533411305677235e-05,False,0.16310080000039306,0.0,1,0
2025-10-27,False,calendar_trend,4,1.0,7,1.0,0,calibrated_quantile,2025-09-29;2025-09-30;2025-10-01;2025-10-02;2025-10-03;2025-10-04;2025-10-05;2025-10-06;2025-10-07;2025-10-08;2025-10-09;2025-10-10;2025-10-11;2025-10-12;2025-10-13;2025-10-14;2025-10-15;2025-10-16;2025-10-17;2025-10-18;2025-10-19;2025-10-20;2025-10-21;2025-10-22;2025-10-23;2025-10-24;2025-10-25;2025-10-26,28,6328.342201465992,2025-09-29;2025-09-30;2025-10-01;2025-10-02;2025-10-03;2025-10-04;2025-10-05;2025-10-06;2025-10-07;2025-10-08;2025-10-09;2025-10-10;2025-10-11;2025-10-12;2025-10-13;2025-10-14;2025-10-15;2025-10-16;2025-10-17;2025-10-18;2025-10-19;2025-10-20;2025-10-21;2025-10-22;2025-10-23;2025-10-24;2025-10-25;2025-10-26,2025-10-13;2025-10-14;2025-10-15;2025-10-16;2025-10-17;2025-10-18;2025-10-19;2025-10-20;2025-10-21;2025-10-22;2025-10-23;2025-10-24;2025-10-25;2025-10-26,,2025-10-26,5162.598421058689,6410.774334203299,6362.598421058689,19.76288180435282,25.217633606118774,30.120392118548565,60.99639949095385,77698.62656808032,142.99841616706124,9881.107328323891,48723.74542528337,541.5769412724687,49265.32236655584,48723.74542528338,48723.745376559615,42447.79360113233,1503.0258504533351,lexicographic,4.8723745376559615e-05,4.2447793558684546e-05,False,0.13435820000086096,0.0,1,0
2025-10-28,False,calendar_trend,4,1.0,7,1.0,0,calibrated_quantile,2025-09-30;2025-10-01;2025-10-02;2025-10-03;2025-10-04;2025-10-05;2025-10-06;2025-10-07;2025-10-08;2025-10-09;2025-10-10;2025-10-11;2025-10-12;2025-10-13;2025-10-14;2025-10-15;2025-10-16;2025-10-17;2025-10-18;2025-10-19;2025-10-20;2025-10-21;2025-10-22;2025-10-23;2025-10-24;2025-10-25;2025-10-26;2025-10-27,28,6272.237863635395,2025-09-30;2025-10-01;2025-10-02;2025-10-03;2025-10-04;2025-10-05;2025-10-06;2025-10-07;2025-10-08;2025-10-09;2025-10-10;2025-10-11;2025-10-12;2025-10-13;2025-10-14;2025-10-15;2025-10-16;2025-10-17;2025-10-18;2025-10-19;2025-10-20;2025-10-21;2025-10-22;2025-10-23;2025-10-24;2025-10-25;2025-10-26;2025-10-27,2025-10-14;2025-10-15;2025-10-16;2025-10-17;2025-10-18;2025-10-19;2025-10-20;2025-10-21;2025-10-22;2025-10-23;2025-10-24;2025-10-25;2025-10-26;2025-10-27,,2025-10-27,5114.422507914078,6362.598421058689,6314.422507914078,21.63395124363434,26.621843136603538,13.851498735441362,28.634576794515674,76746.3392043601,255.63958289196918,6633.555824181611,48019.183298957214,892.8114103402095,48911.994709297425,48019.183298957214,48019.18325093802,42334.099630620316,1493.7161374608736,lexicographic,4.801918325093802e-05,4.2334099588286224e-05,False,0.13518960000146762,0.0,1,0
2025-10-29,False,calendar_trend,4,1.0,7,1.0,0,calibrated_quantile,2025-10-01;2025-10-02;2025-10-03;2025-10-04;2025-10-05;2025-10-06;2025-10-07;2025-10-08;2025-10-09;2025-10-10;2025-10-11;2025-10-12;2025-10-13;2025-10-14;2025-10-15;2025-10-16;2025-10-17;2025-10-18;2025-10-19;2025-10-20;2025-10-21;2025-10-22;2025-10-23;2025-10-24;2025-10-25;2025-10-26;2025-10-27;2025-10-28,28,6101.909240076626,2025-10-01;2025-10-02;2025-10-03;2025-10-04;2025-10-05;2025-10-06;2025-10-07;2025-10-08;2025-10-09;2025-10-10;2025-10-11;2025-10-12;2025-10-13;2025-10-14;2025-10-15;2025-10-16;2025-10-17;2025-10-18;2025-10-19;2025-10-20;2025-10-21;2025-10-22;2025-10-23;2025-10-24;2025-10-25;2025-10-26;2025-10-27;2025-10-28,2025-10-15;2025-10-16;2025-10-17;2025-10-18;2025-10-19;2025-10-20;2025-10-21;2025-10-22;2025-10-23;2025-10-24;2025-10-25;2025-10-26;2025-10-27;2025-10-28,,2025-10-28,5066.246594769466,6314.422507914078,6266.246594769466,15.488525565451855,19.729185780843864,27.760734038606273,57.670374127433526,75479.99515163669,1725.7649951211163,3513.8484274590373,46963.00506853535,5980.610466634724,52943.61553517007,46963.00506853535,46963.00502157235,42178.37919784768,1455.7177497782986,lexicographic,4.6963005021572355e-05,4.2178379155669306e-05,False,0.13574529999823426,0.0,1,0
2025-10-30,False,calendar_trend,4,1.0,7,1.0,0,calibrated_quantile,2025-10-02;2025-10-03;2025-10-04;2025-10-05;2025-10-06;2025-10-07;2025-10-08;2025-10-09;2025-10-10;2025-10-11;2025-10-12;2025-10-13;2025-10-14;2025-10-15;2025-10-16;2025-10-17;2025-10-18;2025-10-19;2025-10-20;2025-10-21;2025-10-22;2025-10-23;2025-10-24;2025-10-25;2025-10-26;2025-10-27;2025-10-28;2025-10-29,28,6403.857605273765,2025-10-02;2025-10-03;2025-10-04;2025-10-05;2025-10-06;2025-10-07;2025-10-08;2025-10-09;2025-10-10;2025-10-11;2025-10-12;2025-10-13;2025-10-14;2025-10-15;2025-10-16;2025-10-17;2025-10-18;2025-10-19;2025-10-20;2025-10-21;2025-10-22;2025-10-23;2025-10-24;2025-10-25;2025-10-26;2025-10-27;2025-10-28;2025-10-29,2025-10-16;2025-10-17;2025-10-18;2025-10-19;2025-10-20;2025-10-21;2025-10-22;2025-10-23;2025-10-24;2025-10-25;2025-10-26;2025-10-27;2025-10-28;2025-10-29,,2025-10-29,5210.774334203299,6266.246594769466,6410.774334203299,20.507221374189825,25.302874473377088,14.58850825757532,30.810845113525797,77146.76214981168,245.7142850945355,7977.9933004668965,48128.389418469524,748.1009838378263,48876.49040230735,48128.389418469524,48128.38937034115,42705.8662939698,1469.3024975611768,lexicographic,4.8128389370341156e-05,4.2705866293967e-05,False,0.37500699999873177,0.0,1,0
2025-10-31,False,calendar_trend,4,1.0,7,1.0,0,calibrated_quantile,2025-10-03;2025-10-04;2025-10-05;2025-10-06;2025-10-07;2025-10-08;2025-10-09;2025-10-10;2025-10-11;2025-10-12;2025-10-13;2025-10-14;2025-10-15;2025-10-16;2025-10-17;2025-10-18;2025-10-19;2025-10-20;2025-10-21;2025-10-22;2025-10-23;2025-10-24;2025-10-25;2025-10-26;2025-10-27;2025-10-28;2025-10-29;2025-10-30,28,6439.8903175681635,2025-10-03;2025-10-04;2025-10-05;2025-10-06;2025-10-07;2025-10-08;2025-10-09;2025-10-10;2025-10-11;2025-10-12;2025-10-13;2025-10-14;2025-10-15;2025-10-16;2025-10-17;2025-10-18;2025-10-19;2025-10-20;2025-10-21;2025-10-22;2025-10-23;2025-10-24;2025-10-25;2025-10-26;2025-10-27;2025-10-28;2025-10-29;2025-10-30,2025-10-17;2025-10-18;2025-10-19;2025-10-20;2025-10-21;2025-10-22;2025-10-23;2025-10-24;2025-10-25;2025-10-26;2025-10-27;2025-10-28;2025-10-29;2025-10-30,,2025-10-30,5162.598421058689,6410.774334203299,6362.598421058689,15.730215784316833,20.012051167118674,24.623898439826128,49.07525887439133,35772.758532561355,558.8633152751615,9143.084138893624,19254.046388735904,1657.7128045548463,20911.75919329075,19254.046388735907,19254.04636948185,31743.164506211848,1320.2614268610723,lexicographic,1.925404636948185e-05,3.174316447446869e-05,False,0.21303880000050412,0.0,1,0
2025-11-01,False,calendar_trend,4,1.0,7,1.0,0,calibrated_quantile,2025-10-04;2025-10-05;2025-10-06;2025-10-07;2025-10-08;2025-10-09;2025-10-10;2025-10-11;2025-10-12;2025-10-13;2025-10-14;2025-10-15;2025-10-16;2025-10-17;2025-10-18;2025-10-19;2025-10-20;2025-10-21;2025-10-22;2025-10-23;2025-10-24;2025-10-25;2025-10-26;2025-10-27;2025-10-28;2025-10-29;2025-10-30;2025-10-31,28,6578.629787369879,2025-10-04;2025-10-05;2025-10-06;2025-10-07;2025-10-08;2025-10-09;2025-10-10;2025-10-11;2025-10-12;2025-10-13;2025-10-14;2025-10-15;2025-10-16;2025-10-17;2025-10-18;2025-10-19;2025-10-20;2025-10-21;2025-10-22;2025-10-23;2025-10-24;2025-10-25;2025-10-26;2025-10-27;2025-10-28;2025-10-29;2025-10-30;2025-10-31,2025-10-18;2025-10-19;2025-10-20;2025-10-21;2025-10-22;2025-10-23;2025-10-24;2025-10-25;2025-10-26;2025-10-27;2025-10-28;2025-10-29;2025-10-30;2025-10-31,,2025-10-31,5114.422507914078,6362.598421058689,6314.422507914078,17.51926359022805,22.68615067985649,10.325388138510286,21.600435757284544,36109.016775334094,202.8219505706283,10470.34149013319,19450.104764705156,465.913032611002,19916.01779731616,19450.104764705156,19450.104745255056,31869.037242491733,1315.7073962510776,lexicographic,1.9450104745255057e-05,3.18690372106227e-05,False,0.1943234999998822,0.0,1,0
2025-11-02,False,calendar_trend,4,1.0,7,1.0,0,calibrated_quantile,2025-10-05;2025-10-06;2025-10-07;2025-10-08;2025-10-09;2025-10-10;2025-10-11;2025-10-12;2025-10-13;2025-10-14;2025-10-15;2025-10-16;2025-10-17;2025-10-18;2025-10-19;2025-10-20;2025-10-21;2025-10-22;2025-10-23;2025-10-24;2025-10-25;2025-10-26;2025-10-27;2025-10-28;2025-10-29;2025-10-30;2025-10-31;2025-11-01,28,6533.458074661206,2025-10-05;2025-10-06;2025-10-07;2025-10-08;2025-10-09;2025-10-10;2025-10-11;2025-10-12;2025-10-13;2025-10-14;2025-10-15;2025-10-16;2025-10-17;2025-10-18;2025-10-19;2025-10-20;2025-10-21;2025-10-22;2025-10-23;2025-10-24;2025-10-25;2025-10-26;2025-10-27;2025-10-28;2025-10-29;2025-10-30;2025-10-31;2025-11-01,2025-10-19;2025-10-20;2025-10-21;2025-10-22;2025-10-23;2025-10-24;2025-10-25;2025-10-26;2025-10-27;2025-10-28;2025-10-29;2025-10-30;2025-10-31;2025-11-01,,2025-11-01,5066.246594769466,6314.422507914078,6266.246594769466,19.79443428190524,25.11673762444173,13.910073702138696,26.701532461925648,78040.35795816669,376.83231830398415,5221.847641890566,48660.51417619362,1452.2495937670647,50112.763769960686,48660.514176193625,48660.51412753313,42362.273120615515,1443.0416561300606,lexicographic,4.8660514127533134e-05,4.236227307825324e-05,False,0.14028529999995953,0.0,1,0
2025-11-03,False,calendar_trend,4,1.0,7,1.0,0,calibrated_quantile,2025-10-06;2025-10-07;2025-10-08;2025-10-09;2025-10-10;2025-10-11;2025-10-12;2025-10-13;2025-10-14;2025-10-15;2025-10-16;2025-10-17;2025-10-18;2025-10-19;2025-10-20;2025-10-21;2025-10-22;2025-10-23;2025-10-24;2025-10-25;2025-10-26;2025-10-27;2025-10-28;2025-10-29;2025-10-30;2025-10-31;2025-11-01;2025-11-02,28,6531.5235090772985,2025-10-06;2025-10-07;2025-10-08;2025-10-09;2025-10-10;2025-10-11;2025-10-12;2025-10-13;2025-10-14;2025-10-15;2025-10-16;2025-10-17;2025-10-18;2025-10-19;2025-10-20;2025-10-21;2025-10-22;2025-10-23;2025-10-24;2025-10-25;2025-10-26;2025-10-27;2025-10-28;2025-10-29;2025-10-30;2025-10-31;2025-11-01;2025-11-02,2025-10-20;2025-10-21;2025-10-22;2025-10-23;2025-10-24;2025-10-25;2025-10-26;2025-10-27;2025-10-28;2025-10-29;2025-10-30;2025-10-31;2025-11-01;2025-11-02,,2025-11-02,5047.330938699805,6266.246594769466,6247.330938699805,18.65159763248483,23.336909072121752,20.27995326850559,41.033464729898164,79099.77651648736,490.2631800672997,5645.7269357179,49551.62175490675,1441.4015277841886,50993.02328269094,49551.62175490675,49551.62170535512,42470.160343192605,1473.2948037474102,lexicographic,4.9551621705355126e-05,4.247016034320038e-05,False,0.33785809999972116,0.0,1,0
2025-11-04,False,calendar_trend,4,1.0,7,1.0,0,calibrated_quantile,2025-10-07;2025-10-08;2025-10-09;2025-10-10;2025-10-11;2025-10-12;2025-10-13;2025-10-14;2025-10-15;2025-10-16;2025-10-17;2025-10-18;2025-10-19;2025-10-20;2025-10-21;2025-10-22;2025-10-23;2025-10-24;2025-10-25;2025-10-26;2025-10-27;2025-10-28;2025-10-29;2025-10-30;2025-10-31;2025-11-01;2025-11-02;2025-11-03,28,6522.15696060225,2025-10-07;2025-10-08;2025-10-09;2025-10-10;2025-10-11;2025-10-12;2025-10-13;2025-10-14;2025-10-15;2025-10-16;2025-10-17;2025-10-18;2025-10-19;2025-10-20;2025-10-21;2025-10-22;2025-10-23;2025-10-24;2025-10-25;2025-10-26;2025-10-27;2025-10-28;2025-10-29;2025-10-30;2025-10-31;2025-11-01;2025-11-02;2025-11-03,2025-10-21;2025-10-22;2025-10-23;2025-10-24;2025-10-25;2025-10-26;2025-10-27;2025-10-28;2025-10-29;2025-10-30;2025-10-31;2025-11-01;2025-11-02;2025-11-03,,2025-11-03,5028.415282630143,6247.330938699805,6228.415282630143,24.121854662367564,29.178148142441515,16.89740315176348,35.5700287504804,79488.03557667031,253.52855121344302,7767.612511193382,49635.131305647315,976.9233600071135,50612.05466565443,49635.13130564731,49635.13125601218,42036.68540421923,1454.0537344486283,lexicographic,4.9635131256012185e-05,4.203668540422062e-05,False,0.3225998999987496,0.0,1,0
2025-11-05,False,calendar_trend,4,1.0,7,1.0,0,calibrated_quantile,2025-10-08;2025-10-09;2025-10-10;2025-10-11;2025-10-12;2025-10-13;2025-10-14;2025-10-15;2025-10-16;2025-10-17;2025-10-18;2025-10-19;2025-10-20;2025-10-21;2025-10-22;2025-10-23;2025-10-24;2025-10-25;2025-10-26;2025-10-27;2025-10-28;2025-10-29;2025-10-30;2025-10-31;2025-11-01;2025-11-02;2025-11-03;2025-11-04,28,6398.16244064874,2025-10-08;2025-10-09;2025-10-10;2025-10-11;2025-10-12;2025-10-13;2025-10-14;2025-10-15;2025-10-16;2025-10-17;2025-10-18;2025-10-19;2025-10-20;2025-10-21;2025-10-22;2025-10-23;2025-10-24;2025-10-25;2025-10-26;2025-10-27;2025-10-28;2025-10-29;2025-10-30;2025-10-31;2025-11-01;2025-11-02;2025-11-03;2025-11-04,2025-10-22;2025-10-23;2025-10-24;2025-10-25;2025-10-26;2025-10-27;2025-10-28;2025-10-29;2025-10-30;2025-10-31;2025-11-01;2025-11-02;2025-11-03;2025-11-04,,2025-11-04,5009.499626560482,6228.415282630143,6209.499626560482,18.600564933766794,23.077278140563063,10.67731608444197,21.205499668517213,79487.05422125255,284.36989015870034,5704.012422679597,49796.14515935603,769.8474497459813,50565.99260910201,49796.14515935603,49796.14510955988,41993.93166770012,1439.119007663648,lexicographic,4.979614510955988e-05,4.199393162570619e-05,False,0.25076260000059847,0.0,1,0
2025-11-06,False,calendar_trend,4,1.0,7,1.0,0,calibrated_quantile,2025-10-09;2025-10-10;2025-10-11;2025-10-12;2025-10-13;2025-10-14;2025-10-15;2025-10-16;2025-10-17;2025-10-18;2025-10-19;2025-10-20;2025-10-21;2025-10-22;2025-10-23;2025-10-24;2025-10-25;2025-10-26;2025-10-27;2025-10-28;2025-10-29;2025-10-30;2025-10-31;2025-11-01;2025-11-02;2025-11-03;2025-11-04;2025-11-05,28,6243.622374981159,2025-10-09;2025-10-10;2025-10-11;2025-10-12;2025-10-13;2025-10-14;2025-10-15;2025-10-16;2025-10-17;2025-10-18;2025-10-19;2025-10-20;2025-10-21;2025-10-22;2025-10-23;2025-10-24;2025-10-25;2025-10-26;2025-10-27;2025-10-28;2025-10-29;2025-10-30;2025-10-31;2025-11-01;2025-11-02;2025-11-03;2025-11-04;2025-11-05,2025-10-23;2025-10-24;2025-10-25;2025-10-26;2025-10-27;2025-10-28;2025-10-29;2025-10-30;2025-10-31;2025-11-01;2025-11-02;2025-11-03;2025-11-04;2025-11-05,,2025-11-05,4990.58397049082,6209.499626560482,6190.58397049082,17.66327331549356,23.50641138456953,22.27941925061238,40.198476804369584,79834.22096527302,910.5018857918963,4980.109793070222,50031.170431016464,3951.5856051614846,53982.75603617795,50031.170431016464,50031.17038143824,42047.63042313572,1439.489798366981,lexicographic,5.003117038143824e-05,4.204763038108811e-05,False,0.33539530000052764,0.0,1,0
2025-11-07,False,calendar_trend,4,1.0,7,1.0,0,calibrated_quantile,2025-10-10;2025-10-11;2025-10-12;2025-10-13;2025-10-14;2025-10-15;2025-10-16;2025-10-17;2025-10-18;2025-10-19;2025-10-20;2025-10-21;2025-10-22;2025-10-23;2025-10-24;2025-10-25;2025-10-26;2025-10-27;2025-10-28;2025-10-29;2025-10-30;2025-10-31;2025-11-01;2025-11-02;2025-11-03;2025-11-04;2025-11-05;2025-11-06,28,6251.742920693525,2025-10-10;2025-10-11;2025-10-12;2025-10-13;2025-10-14;2025-10-15;2025-10-16;2025-10-17;2025-10-18;2025-10-19;2025-10-20;2025-10-21;2025-10-22;2025-10-23;2025-10-24;2025-10-25;2025-10-26;2025-10-27;2025-10-28;2025-10-29;2025-10-30;2025-10-31;2025-11-01;2025-11-02;2025-11-03;2025-11-04;2025-11-05;2025-11-06,2025-10-24;2025-10-25;2025-10-26;2025-10-27;2025-10-28;2025-10-29;2025-10-30;2025-10-31;2025-11-01;2025-11-02;2025-11-03;2025-11-04;2025-11-05;2025-11-06,,2025-11-06,4980.082047778546,6190.58397049082,6180.082047778546,17.147483241503735,20.73965100984859,25.9624083322326,46.287366146322114,36616.41088224407,193.87485040934655,10073.866694379965,19649.616685500914,830.4404147391596,20480.057100240072,19649.616685500914,19649.616665851296,32660.032064861647,1316.2987624983216,lexicographic,1.9649616665851298e-05,3.266003203220162e-05,False,0.20211240000207908,0.0,1,0
2025-11-08,False,calendar_trend,4,1.0,7,1.0,0,calibrated_quantile,2025-10-11;2025-10-12;2025-10-13;2025-10-14;2025-10-15;2025-10-16;2025-10-17;2025-10-18;2025-10-19;2025-10-20;2025-10-21;2025-10-22;2025-10-23;2025-10-24;2025-10-25;2025-10-26;2025-10-27;2025-10-28;2025-10-29;2025-10-30;2025-10-31;2025-11-01;2025-11-02;2025-11-03;2025-11-04;2025-11-05;2025-11-06;2025-11-07,28,6217.5456371056525,2025-10-11;2025-10-12;2025-10-13;2025-10-14;2025-10-15;2025-10-16;2025-10-17;2025-10-18;2025-10-19;2025-10-20;2025-10-21;2025-10-22;2025-10-23;2025-10-24;2025-10-25;2025-10-26;2025-10-27;2025-10-28;2025-10-29;2025-10-30;2025-10-31;2025-11-01;2025-11-02;2025-11-03;2025-11-04;2025-11-05;2025-11-06;2025-11-07,2025-10-25;2025-10-26;2025-10-27;2025-10-28;2025-10-29;2025-10-30;2025-10-31;2025-11-01;2025-11-02;2025-11-03;2025-11-04;2025-11-05;2025-11-06;2025-11-07,,2025-11-07,4969.580125066273,6180.082047778546,6169.580125066273,16.84650936681992,21.1059736439722,10.470371995930293,19.984345515347936,36661.8299842158,119.8783306854092,9542.3272547628,19554.007081693602,330.55657359069363,19884.563655284295,19554.007081693602,19554.007062139586,32947.88594069802,1304.612647559896,lexicographic,1.9554007062139586e-05,3.294788590775031e-05,False,0.2957669999996142,0.0,1,0
2025-11-09,False,calendar_trend,4,1.0,7,1.0,0,calibrated_quantile,2025-10-12;2025-10-13;2025-10-14;2025-10-15;2025-10-16;2025-10-17;2025-10-18;2025-10-19;2025-10-20;2025-10-21;2025-10-22;2025-10-23;2025-10-24;2025-10-25;2025-10-26;2025-10-27;2025-10-28;2025-10-29;2025-10-30;2025-10-31;2025-11-01;2025-11-02;2025-11-03;2025-11-04;2025-11-05;2025-11-06;2025-11-07;2025-11-08,28,5943.506056418601,2025-10-12;2025-10-13;2025-10-14;2025-10-15;2025-10-16;2025-10-17;2025-10-18;2025-10-19;2025-10-20;2025-10-21;2025-10-22;2025-10-23;2025-10-24;2025-10-25;2025-10-26;2025-10-27;2025-10-28;2025-10-29;2025-10-30;2025-10-31;2025-11-01;2025-11-02;2025-11-03;2025-11-04;2025-11-05;2025-11-06;2025-11-07;2025-11-08,2025-10-26;2025-10-27;2025-10-28;2025-10-29;2025-10-30;2025-10-31;2025-11-01;2025-11-02;2025-11-03;2025-11-04;2025-11-05;2025-11-06;2025-11-07;2025-11-08,,2025-11-08,4959.0782023540005,6169.580125066273,6159.0782023540005,21.142112795891286,26.876701800257386,17.317742319137988,35.30243413911853,80632.94692601843,623.964779233392,5503.6069576308255,50585.20350849903,2386.1626858864893,52971.36619438552,50585.203508499035,50585.20345791381,42077.083959172465,1438.7348155943655,lexicographic,5.058520345791382e-05,4.20770839170954e-05,False,0.2982147000002442,0.0,1,0
2025-11-10,False,calendar_trend,4,1.0,7,1.0,0,calibrated_quantile,2025-10-13;2025-10-14;2025-10-15;2025-10-16;2025-10-17;2025-10-18;2025-10-19;2025-10-20;2025-10-21;2025-10-22;2025-10-23;2025-10-24;2025-10-25;2025-10-26;2025-10-27;2025-10-28;2025-10-29;2025-10-30;2025-10-31;2025-11-01;2025-11-02;2025-11-03;2025-11-04;2025-11-05;2025-11-06;2025-11-07;2025-11-08;2025-11-09,28,5736.291998360703,2025-10-13;2025-10-14;2025-10-15;2025-10-16;2025-10-17;2025-10-18;2025-10-19;2025-10-20;2025-10-21;2025-10-22;2025-10-23;2025-10-24;2025-10-25;2025-10-26;2025-10-27;2025-10-28;2025-10-29;2025-10-30;2025-10-31;2025-11-01;2025-11-02;2025-11-03;2025-11-04;2025-11-05;2025-11-06;2025-11-07;2025-11-08;2025-11-09,2025-10-27;2025-10-28;2025-10-29;2025-10-30;2025-10-31;2025-11-01;2025-11-02;2025-11-03;2025-11-04;2025-11-05;2025-11-06;2025-11-07;2025-11-08;2025-11-09,,2025-11-09,4948.576279641727,6159.0782023540005,6148.576279641727,20.864178873443947,25.057356254129722,20.192722245505326,35.734220152003736,81228.15778283993,739.2332121761378,3699.732942757119,51010.475118523056,2749.0574379764366,53759.53255649949,51010.475118523056,51010.47506751256,42103.06591826733,1441.5571719977565,lexicographic,5.1010475067512565e-05,4.210306591826788e-05,False,0.2809216000023298,0.0,1,0
2025-11-11,False,calendar_trend,4,1.0,7,1.0,0,calibrated_quantile,2025-10-14;2025-10-15;2025-10-16;2025-10-17;2025-10-18;2025-10-19;2025-10-20;2025-10-21;2025-10-22;2025-10-23;2025-10-24;2025-10-25;2025-10-26;2025-10-27;2025-10-28;2025-10-29;2025-10-30;2025-10-31;2025-11-01;2025-11-02;2025-11-03;2025-11-04;2025-11-05;2025-11-06;2025-11-07;2025-11-08;2025-11-09;2025-11-10,28,5759.738225570444,2025-10-14;2025-10-15;2025-10-16;2025-10-17;2025-10-18;2025-10-19;2025-10-20;2025-10-21;2025-10-22;2025-10-23;2025-10-24;2025-10-25;2025-10-26;2025-10-27;2025-10-28;2025-10-29;2025-10-30;2025-10-31;2025-11-01;2025-11-02;2025-11-03;2025-11-04;2025-11-05;2025-11-06;2025-11-07;2025-11-08;2025-11-09;2025-11-10,2025-10-28;2025-10-29;2025-10-30;2025-10-31;2025-11-01;2025-11-02;2025-11-03;2025-11-04;2025-11-05;2025-11-06;2025-11-07;2025-11-08;2025-11-09;2025-11-10,,2025-11-10,4948.317164666111,6148.576279641727,6148.317164666111,15.859410983053657,19.711903499187944,10.652390419407075,21.418101862120984,81771.32745897055,118.46780522936646,5907.76200073747,51381.776922193836,281.78050788085085,51663.55743007469,51381.776922193836,51381.77687081206,42137.47903766581,1448.428395916917,lexicographic,5.138177687081206e-05,4.213747903766891e-05,False,0.2840953000013542,0.0,1,0
2025-11-12,False,calendar_trend,4,1.0,7,1.0,0,calibrated_quantile,2025-10-15;2025-10-16;2025-10-17;2025-10-18;2025-10-19;2025-10-20;2025-10-21;2025-10-22;2025-10-23;2025-10-24;2025-10-25;2025-10-26;2025-10-27;2025-10-28;2025-10-29;2025-10-30;2025-10-31;2025-11-01;2025-11-02;2025-11-03;2025-11-04;2025-11-05;2025-11-06;2025-11-07;2025-11-08;2025-11-09;2025-11-10;2025-11-11,28,5457.913233472787,2025-10-15;2025-10-16;2025-10-17;2025-10-18;2025-10-19;2025-10-20;2025-10-21;2025-10-22;2025-10-23;2025-10-24;2025-10-25;2025-10-26;2025-10-27;2025-10-28;2025-10-29;2025-10-30;2025-10-31;2025-11-01;2025-11-02;2025-11-03;2025-11-04;2025-11-05;2025-11-06;2025-11-07;2025-11-08;2025-11-09;2025-11-10;2025-11-11,2025-10-29;2025-10-30;2025-10-31;2025-11-01;2025-11-02;2025-11-03;2025-11-04;2025-11-05;2025-11-06;2025-11-07;2025-11-08;2025-11-09;2025-11-10;2025-11-11,,2025-11-11,4948.058049690497,6148.317164666111,6148.058049690497,19.425545572856095,24.355347836723602,14.549753517242854,29.631499319531983,81569.55372250525,196.20668232306465,6399.944642102281,51286.22291736708,869.8329597571526,52156.05587712423,51286.22291736708,51286.2228665353,42011.86899994855,1435.8745838391483,lexicographic,5.128622286653531e-05,4.2011868957936695e-05,False,0.3059977000011713,0.0,1,0
2025-11-13,False,calendar_trend,4,1.0,7,1.0,0,calibrated_quantile,2025-10-16;2025-10-17;2025-10-18;2025-10-19;2025-10-20;2025-10-21;2025-10-22;2025-10-23;2025-10-24;2025-10-25;2025-10-26;2025-10-27;2025-10-28;2025-10-29;2025-10-30;2025-10-31;2025-11-01;2025-11-02;2025-11-03;2025-11-04;2025-11-05;2025-11-06;2025-11-07;2025-11-08;2025-11-09;2025-11-10;2025-11-11;2025-11-12,28,5278.04153188123,2025-10-16;2025-10-17;2025-10-18;2025-10-19;2025-10-20;2025-10-21;2025-10-22;2025-10-23;2025-10-24;2025-10-25;2025-10-26;2025-10-27;2025-10-28;2025-10-29;2025-10-30;2025-10-31;2025-11-01;2025-11-02;2025-11-03;2025-11-04;2025-11-05;2025-11-06;2025-11-07;2025-11-08;2025-11-09;2025-11-10;2025-11-11;2025-11-12,2025-10-30;2025-10-31;2025-11-01;2025-11-02;2025-11-03;2025-11-04;2025-11-05;2025-11-06;2025-11-07;2025-11-08;2025-11-09;2025-11-10;2025-11-11;2025-11-12,,2025-11-12,4947.798934714881,6148.058049690497,6147.798934714881,17.250307248978572,21.930227014345707,21.685341377851195,42.689967365420664,81413.78821541392,591.9410990790132,5203.052843499712,51273.5063333856,1870.3704162906129,53143.876749676216,51273.50633338561,51273.50628211212,41983.07229624841,1435.0051204743377,lexicographic,5.127350628211212e-05,4.198307225426539e-05,False,0.29806079999980284,0.0,1,0
2025-11-14,False,calendar_trend,4,1.0,7,1.0,0,calibrated_quantile,2025-10-17;2025-10-18;2025-10-19;2025-10-20;2025-10-21;2025-10-22;2025-10-23;2025-10-24;2025-10-25;2025-10-26;2025-10-27;2025-10-28;2025-10-29;2025-10-30;2025-10-31;2025-11-01;2025-11-02;2025-11-03;2025-11-04;2025-11-05;2025-11-06;2025-11-07;2025-11-08;2025-11-09;2025-11-10;2025-11-11;2025-11-12;2025-11-13,28,5170.571710054855,2025-10-17;2025-10-18;2025-10-19;2025-10-20;2025-10-21;2025-10-22;2025-10-23;2025-10-24;2025-10-25;2025-10-26;2025-10-27;2025-10-28;2025-10-29;2025-10-30;2025-10-31;2025-11-01;2025-11-02;2025-11-03;2025-11-04;2025-11-05;2025-11-06;2025-11-07;2025-11-08;2025-11-09;2025-11-10;2025-11-11;2025-11-12;2025-11-13,2025-10-31;2025-11-01;2025-11-02;2025-11-03;2025-11-04;2025-11-05;2025-11-06;2025-11-07;2025-11-08;2025-11-09;2025-11-10;2025-11-11;2025-11-12;2025-11-13,,2025-11-13,4947.539819739266,6147.798934714881,6147.539819739266,15.631625874399768,19.76266362592792,16.06750007533501,31.399778092700398,36924.41701416362,238.25034544499772,6029.680766985521,19697.808433305385,766.0365809782559,20463.84501428364,19697.808433305385,19697.808413607578,33673.51603475748,1299.7335489259779,lexicographic,1.969780841360758e-05,3.367351600108397e-05,False,0.19813259999864385,1.8468952132657235e-16,1,0
2025-11-15,False,calendar_trend,4,1.0,7,1.0,0,calibrated_quantile,2025-10-18;2025-10-19;2025-10-20;2025-10-21;2025-10-22;2025-10-23;2025-10-24;2025-10-25;2025-10-26;2025-10-27;2025-10-28;2025-10-29;2025-10-30;2025-10-31;2025-11-01;2025-11-02;2025-11-03;2025-11-04;2025-11-05;2025-11-06;2025-11-07;2025-11-08;2025-11-09;2025-11-10;2025-11-11;2025-11-12;2025-11-13;2025-11-14,28,5147.783765298881,2025-10-18;2025-10-19;2025-10-20;2025-10-21;2025-10-22;2025-10-23;2025-10-24;2025-10-25;2025-10-26;2025-10-27;2025-10-28;2025-10-29;2025-10-30;2025-10-31;2025-11-01;2025-11-02;2025-11-03;2025-11-04;2025-11-05;2025-11-06;2025-11-07;2025-11-08;2025-11-09;2025-11-10;2025-11-11;2025-11-12;2025-11-13;2025-11-14,2025-11-01;2025-11-02;2025-11-03;2025-11-04;2025-11-05;2025-11-06;2025-11-07;2025-11-08;2025-11-09;2025-11-10;2025-11-11;2025-11-12;2025-11-13;2025-11-14,,2025-11-14,4939.6457912980595,6147.539819739266,6139.6457912980595,16.725698582111413,21.119087453965747,8.540166706117866,18.47923039671019,36786.73513933941,385.3059904387667,5465.544640063392,19563.33456423032,1449.8460948894678,21013.18065911979,19563.334564230325,19563.33454466699,33365.539886375125,1294.209133866759,lexicographic,1.956333454466699e-05,3.3365539853009596e-05,False,0.22240039999815053,0.0,1,0
2025-11-16,False,calendar_trend,4,1.0,7,1.0,0,calibrated_quantile,2025-10-19;2025-10-20;2025-10-21;2025-10-22;2025-10-23;2025-10-24;2025-10-25;2025-10-26;2025-10-27;2025-10-28;2025-10-29;2025-10-30;2025-10-31;2025-11-01;2025-11-02;2025-11-03;2025-11-04;2025-11-05;2025-11-06;2025-11-07;2025-11-08;2025-11-09;2025-11-10;2025-11-11;2025-11-12;2025-11-13;2025-11-14;2025-11-15,28,5162.366882626969,2025-10-19;2025-10-20;2025-10-21;2025-10-22;2025-10-23;2025-10-24;2025-10-25;2025-10-26;2025-10-27;2025-10-28;2025-10-29;2025-10-30;2025-10-31;2025-11-01;2025-11-02;2025-11-03;2025-11-04;2025-11-05;2025-11-06;2025-11-07;2025-11-08;2025-11-09;2025-11-10;2025-11-11;2025-11-12;2025-11-13;2025-11-14;2025-11-15,2025-11-02;2025-11-03;2025-11-04;2025-11-05;2025-11-06;2025-11-07;2025-11-08;2025-11-09;2025-11-10;2025-11-11;2025-11-12;2025-11-13;2025-11-14;2025-11-15,,2025-11-15,4931.751762856852,6139.6457912980595,6131.751762856852,22.284804456361897,27.79518347897304,14.384391001650808,31.803339687078427,82837.28074005997,787.9591331550881,4703.103396756913,52183.19462857137,3000.785428891738,55183.98005746311,52183.19462857137,52183.19457638815,42825.004946053145,1444.2210546683789,lexicographic,5.2183194576388156e-05,4.282500494605341e-05,False,0.14117239999904996,0.0,1,0
2025-11-17,False,calendar_trend,4,1.0,7,1.0,0,calibrated_quantile,2025-10-20;2025-10-21;2025-10-22;2025-10-23;2025-10-24;2025-10-25;2025-10-26;2025-10-27;2025-10-28;2025-10-29;2025-10-30;2025-10-31;2025-11-01;2025-11-02;2025-11-03;2025-11-04;2025-11-05;2025-11-06;2025-11-07;2025-11-08;2025-11-09;2025-11-10;2025-11-11;2025-11-12;2025-11-13;2025-11-14;2025-11-15;2025-11-16,28,5137.75345679731,2025-10-20;2025-10-21;2025-10-22;2025-10-23;2025-10-24;2025-10-25;2025-10-26;2025-10-27;2025-10-28;2025-10-29;2025-10-30;2025-10-31;2025-11-01;2025-11-02;2025-11-03;2025-11-04;2025-11-05;2025-11-06;2025-11-07;2025-11-08;2025-11-09;2025-11-10;2025-11-11;2025-11-12;2025-11-13;2025-11-14;2025-11-15;2025-11-16,2025-11-03;2025-11-04;2025-11-05;2025-11-06;2025-11-07;2025-11-08;2025-11-09;2025-11-10;2025-11-11;2025-11-12;2025-11-13;2025-11-14;2025-11-15;2025-11-16,,2025-11-16,4923.857734415645,6131.751762856852,6123.857734415645,19.80031289482021,24.55116444633293,11.80232257393517,22.822770770817883,83991.0465657838,167.37506447350137,6910.727276199467,53008.368831100204,492.53739747071944,53500.90622857092,53008.368831100204,53008.36877809182,43438.00362476605,1441.1564707893879,lexicographic,5.300836877809182e-05,4.343800358132804e-05,False,0.2832287000019278,0.0,1,0
2025-11-18,False,calendar_trend,4,1.0,7,1.0,0,calibrated_quantile,2025-10-21;2025-10-22;2025-10-23;2025-10-24;2025-10-25;2025-10-26;2025-10-27;2025-10-28;2025-10-29;2025-10-30;2025-10-31;2025-11-01;2025-11-02;2025-11-03;2025-11-04;2025-11-05;2025-11-06;2025-11-07;2025-11-08;2025-11-09;2025-11-10;2025-11-11;2025-11-12;2025-11-13;2025-11-14;2025-11-15;2025-11-16;2025-11-17,28,5020.146399303107,2025-10-21;2025-10-22;2025-10-23;2025-10-24;2025-10-25;2025-10-26;2025-10-27;2025-10-28;2025-10-29;2025-10-30;2025-10-31;2025-11-01;2025-11-02;2025-11-03;2025-11-04;2025-11-05;2025-11-06;2025-11-07;2025-11-08;2025-11-09;2025-11-10;2025-11-11;2025-11-12;2025-11-13;2025-11-14;2025-11-15;2025-11-16;2025-11-17,2025-11-04;2025-11-05;2025-11-06;2025-11-07;2025-11-08;2025-11-09;2025-11-10;2025-11-11;2025-11-12;2025-11-13;2025-11-14;2025-11-15;2025-11-16;2025-11-17,,2025-11-17,4915.963705974438,6123.857734415645,6115.963705974438,19.65971633989148,25.842718106177788,15.249039395768875,32.68404436558465,83505.25575304493,548.8414491847371,4663.9021712139875,52631.4105002694,1679.1501139878987,54310.560614257294,52631.4105002694,52631.41044763799,42939.80757368014,1432.018320059703,lexicographic,5.263141044763799e-05,4.2939807573680566e-05,False,0.16208180000103312,0.0,1,0
2025-11-19,False,calendar_trend,4,1.0,7,1.0,0,calibrated_quantile,2025-10-22;2025-10-23;2025-10-24;2025-10-25;2025-10-26;2025-10-27;2025-10-28;2025-10-29;2025-10-30;2025-10-31;2025-11-01;2025-11-02;2025-11-03;2025-11-04;2025-11-05;2025-11-06;2025-11-07;2025-11-08;2025-11-09;2025-11-10;2025-11-11;2025-11-12;2025-11-13;2025-11-14;2025-11-15;2025-11-16;2025-11-17;2025-11-18,28,4899.24970754221,2025-10-22;2025-10-23;2025-10-24;2025-10-25;2025-10-26;2025-10-27;2025-10-28;2025-10-29;2025-10-30;2025-10-31;2025-11-01;2025-11-02;2025-11-03;2025-11-04;2025-11-05;2025-11-06;2025-11-07;2025-11-08;2025-11-09;2025-11-10;2025-11-11;2025-11-12;2025-11-13;2025-11-14;2025-11-15;2025-11-16;2025-11-17;2025-11-18,2025-11-05;2025-11-06;2025-11-07;2025-11-08;2025-11-09;2025-11-10;2025-11-11;2025-11-12;2025-11-13;2025-11-14;2025-11-15;2025-11-16;2025-11-17;2025-11-18,,2025-11-18,4893.657426706475,6115.963705974438,6093.657426706475,18.49624152702085,23.550253358549675,12.906033821327014,25.769765163656245,83707.32004350948,487.06935932435414,4325.17938450159,52772.817094246304,1755.7589817802254,54528.576076026526,52772.8170942463,52772.81704147347,43088.30231507216,1422.3200338242423,lexicographic,5.2772817041473475e-05,4.308830227198386e-05,False,0.1773996999982046,0.0,1,0
2025-11-20,False,calendar_trend,4,1.0,7,1.0,0,calibrated_quantile,2025-10-23;2025-10-24;2025-10-25;2025-10-26;2025-10-27;2025-10-28;2025-10-29;2025-10-30;2025-10-31;2025-11-01;2025-11-02;2025-11-03;2025-11-04;2025-11-05;2025-11-06;2025-11-07;2025-11-08;2025-11-09;2025-11-10;2025-11-11;2025-11-12;2025-11-13;2025-11-14;2025-11-15;2025-11-16;2025-11-17;2025-11-18;2025-11-19,28,4859.570991295753,2025-10-23;2025-10-24;2025-10-25;2025-10-26;2025-10-27;2025-10-28;2025-10-29;2025-10-30;2025-10-31;2025-11-01;2025-11-02;2025-11-03;2025-11-04;2025-11-05;2025-11-06;2025-11-07;2025-11-08;2025-11-09;2025-11-10;2025-11-11;2025-11-12;2025-11-13;2025-11-14;2025-11-15;2025-11-16;2025-11-17;2025-11-18;2025-11-19,2025-11-06;2025-11-07;2025-11-08;2025-11-09;2025-11-10;2025-11-11;2025-11-12;2025-11-13;2025-11-14;2025-11-15;2025-11-16;2025-11-17;2025-11-18;2025-11-19,,2025-11-19,4871.351147438511,6093.657426706475,6071.351147438511,17.914750520276552,22.94030471055782,12.175955575110994,24.928895856508394,83932.18865019036,338.7338573124973,4972.853258353516,52916.438781059944,1282.8733838976784,54199.31216495762,52916.43878105994,52916.438728143505,43127.31064899643,1429.559144129692,lexicographic,5.291643872814351e-05,4.312731064899688e-05,False,0.17899169999873266,0.0,1,0
2025-11-21,False,calendar_trend,4,1.0,7,1.0,0,calibrated_quantile,2025-10-24;2025-10-25;2025-10-26;2025-10-27;2025-10-28;2025-10-29;2025-10-30;2025-10-31;2025-11-01;2025-11-02;2025-11-03;2025-11-04;2025-11-05;2025-11-06;2025-11-07;2025-11-08;2025-11-09;2025-11-10;2025-11-11;2025-11-12;2025-11-13;2025-11-14;2025-11-15;2025-11-16;2025-11-17;2025-11-18;2025-11-19;2025-11-20,28,4908.584013108593,2025-10-24;2025-10-25;2025-10-26;2025-10-27;2025-10-28;2025-10-29;2025-10-30;2025-10-31;2025-11-01;2025-11-02;2025-11-03;2025-11-04;2025-11-05;2025-11-06;2025-11-07;2025-11-08;2025-11-09;2025-11-10;2025-11-11;2025-11-12;2025-11-13;2025-11-14;2025-11-15;2025-11-16;2025-11-17;2025-11-18;2025-11-19;2025-11-20,2025-11-07;2025-11-08;2025-11-09;2025-11-10;2025-11-11;2025-11-12;2025-11-13;2025-11-14;2025-11-15;2025-11-16;2025-11-17;2025-11-18;2025-11-19;2025-11-20,,2025-11-20,4849.044868170548,6071.351147438511,6049.044868170548,16.421915130271834,20.86042533325814,10.339581698190727,21.275944175575226,37963.83394815877,231.21666096152683,5800.202513342529,20320.23082466808,621.616072817096,20941.846897485175,20320.23082466808,20320.230804347837,33843.63787038645,1310.59112349619,lexicographic,2.0320230804347838e-05,3.384363787038644e-05,False,0.2589845000002242,0.0,1,0
2025-11-22,False,calendar_trend,4,1.0,7,1.0,0,calibrated_quantile,2025-10-25;2025-10-26;2025-10-27;2025-10-28;2025-10-29;2025-10-30;2025-10-31;2025-11-01;2025-11-02;2025-11-03;2025-11-04;2025-11-05;2025-11-06;2025-11-07;2025-11-08;2025-11-09;2025-11-10;2025-11-11;2025-11-12;2025-11-13;2025-11-14;2025-11-15;2025-11-16;2025-11-17;2025-11-18;2025-11-19;2025-11-20;2025-11-21,28,4921.83361706272,2025-10-25;2025-10-26;2025-10-27;2025-10-28;2025-10-29;2025-10-30;2025-10-31;2025-11-01;2025-11-02;2025-11-03;2025-11-04;2025-11-05;2025-11-06;2025-11-07;2025-11-08;2025-11-09;2025-11-10;2025-11-11;2025-11-12;2025-11-13;2025-11-14;2025-11-15;2025-11-16;2025-11-17;2025-11-18;2025-11-19;2025-11-20;2025-11-21,2025-11-08;2025-11-09;2025-11-10;2025-11-11;2025-11-12;2025-11-13;2025-11-14;2025-11-15;2025-11-16;2025-11-17;2025-11-18;2025-11-19;2025-11-20;2025-11-21,,2025-11-21,4826.7385889025845,6049.044868170548,6026.7385889025845,18.44555265164845,21.669605270139016,10.596550817636551,22.008371786030455,38117.69407262867,297.22747552664356,4656.311096426839,20238.87018459266,1154.0599141770797,21392.93009876974,20238.87018459266,20238.87016435379,33922.86766040811,1312.41040165329,lexicographic,2.0238870164353792e-05,3.392286766040812e-05,False,0.2895922999996401,0.0,1,0
2025-11-23,False,calendar_trend,4,1.0,7,1.0,0,calibrated_quantile,2025-10-26;2025-10-27;2025-10-28;2025-10-29;2025-10-30;2025-10-31;2025-11-01;2025-11-02;2025-11-03;2025-11-04;2025-11-05;2025-11-06;2025-11-07;2025-11-08;2025-11-09;2025-11-10;2025-11-11;2025-11-12;2025-11-13;2025-11-14;2025-11-15;2025-11-16;2025-11-17;2025-11-18;2025-11-19;2025-11-20;2025-11-21;2025-11-22,28,4979.490514432323,2025-10-26;2025-10-27;2025-10-28;2025-10-29;2025-10-30;2025-10-31;2025-11-01;2025-11-02;2025-11-03;2025-11-04;2025-11-05;2025-11-06;2025-11-07;2025-11-08;2025-11-09;2025-11-10;2025-11-11;2025-11-12;2025-11-13;2025-11-14;2025-11-15;2025-11-16;2025-11-17;2025-11-18;2025-11-19;2025-11-20;2025-11-21;2025-11-22,2025-11-09;2025-11-10;2025-11-11;2025-11-12;2025-11-13;2025-11-14;2025-11-15;2025-11-16;2025-11-17;2025-11-18;2025-11-19;2025-11-20;2025-11-21;2025-11-22,,2025-11-22,4823.693732839028,6026.7385889025845,6023.693732839028,17.98745106765255,22.451912554773948,22.80549826762936,41.35063559356387,84854.87755754501,665.0127735555448,5719.975678369208,53393.56224421691,2972.49169465078,56366.05393886769,53393.56224421691,53393.56219082334,43543.326260656955,1435.2027340437803,lexicographic,5.339356219082334e-05,4.354332626067215e-05,False,0.2666538000012224,0.0,1,0
2025-11-24,False,calendar_trend,4,1.0,7,1.0,0,calibrated_quantile,2025-10-27;2025-10-28;2025-10-29;2025-10-30;2025-10-31;2025-11-01;2025-11-02;2025-11-03;2025-11-04;2025-11-05;2025-11-06;2025-11-07;2025-11-08;2025-11-09;2025-11-10;2025-11-11;2025-11-12;2025-11-13;2025-11-14;2025-11-15;2025-11-16;2025-11-17;2025-11-18;2025-11-19;2025-11-20;2025-11-21;2025-11-22;2025-11-23,28,5076.229820876761,2025-10-27;2025-10-28;2025-10-29;2025-10-30;2025-10-31;2025-11-01;2025-11-02;2025-11-03;2025-11-04;2025-11-05;2025-11-06;2025-11-07;2025-11-08;2025-11-09;2025-11-10;2025-11-11;2025-11-12;2025-11-13;2025-11-14;2025-11-15;2025-11-16;2025-11-17;2025-11-18;2025-11-19;2025-11-20;2025-11-21;2025-11-22;2025-11-23,2025-11-10;2025-11-11;2025-11-12;2025-11-13;2025-11-14;2025-11-15;2025-11-16;2025-11-17;2025-11-18;2025-11-19;2025-11-20;2025-11-21;2025-11-22;2025-11-23,,2025-11-23,4820.648876775471,6023.693732839028,6020.648876775471,17.59969101449204,21.16340401992987,17.46356530877942,37.02865619922746,85376.82460064036,292.5721937550205,6875.827372601157,53738.59549876831,1122.348404494996,54860.9439032633,53738.59549876831,53738.595445029714,44151.17524927351,1443.313956066872,lexicographic,5.3738595445029715e-05,4.415117520512234e-05,False,0.18408540000018547,0.0,1,0
2025-11-25,False,calendar_trend,4,1.0,7,1.0,0,calibrated_quantile,2025-10-28;2025-10-29;2025-10-30;2025-10-31;2025-11-01;2025-11-02;2025-11-03;2025-11-04;2025-11-05;2025-11-06;2025-11-07;2025-11-08;2025-11-09;2025-11-10;2025-11-11;2025-11-12;2025-11-13;2025-11-14;2025-11-15;2025-11-16;2025-11-17;2025-11-18;2025-11-19;2025-11-20;2025-11-21;2025-11-22;2025-11-23;2025-11-24,28,5101.879681432959,2025-10-28;2025-10-29;2025-10-30;2025-10-31;2025-11-01;2025-11-02;2025-11-03;2025-11-04;2025-11-05;2025-11-06;2025-11-07;2025-11-08;2025-11-09;2025-11-10;2025-11-11;2025-11-12;2025-11-13;2025-11-14;2025-11-15;2025-11-16;2025-11-17;2025-11-18;2025-11-19;2025-11-20;2025-11-21;2025-11-22;2025-11-23;2025-11-24,2025-11-11;2025-11-12;2025-11-13;2025-11-14;2025-11-15;2025-11-16;2025-11-17;2025-11-18;2025-11-19;2025-11-20;2025-11-21;2025-11-22;2025-11-23;2025-11-24,,2025-11-24,4817.604020711914,6020.648876775471,6017.604020711914,19.830326249492188,25.18607981529142,9.863435952598161,19.122492289425843,85178.30581546137,312.89151000842276,4705.443534734784,53632.09031140253,1290.6604311110036,54922.75074251353,53632.09031140253,53632.09025777044,44012.73503935851,1463.6279655797211,lexicographic,5.3632090257770446e-05,4.401273499534577e-05,False,0.20414030000029015,1.3566425584408868e-16,1,0
2025-11-26,False,calendar_trend,4,1.0,7,1.0,0,calibrated_quantile,2025-10-29;2025-10-30;2025-10-31;2025-11-01;2025-11-02;2025-11-03;2025-11-04;2025-11-05;2025-11-06;2025-11-07;2025-11-08;2025-11-09;2025-11-10;2025-11-11;2025-11-12;2025-11-13;2025-11-14;2025-11-15;2025-11-16;2025-11-17;2025-11-18;2025-11-19;2025-11-20;2025-11-21;2025-11-22;2025-11-23;2025-11-24;2025-11-25,28,5101.059667109914,2025-10-29;2025-10-30;2025-10-31;2025-11-01;2025-11-02;2025-11-03;2025-11-04;2025-11-05;2025-11-06;2025-11-07;2025-11-08;2025-11-09;2025-11-10;2025-11-11;2025-11-12;2025-11-13;2025-11-14;2025-11-15;2025-11-16;2025-11-17;2025-11-18;2025-11-19;2025-11-20;2025-11-21;2025-11-22;2025-11-23;2025-11-24;2025-11-25,2025-11-12;2025-11-13;2025-11-14;2025-11-15;2025-11-16;2025-11-17;2025-11-18;2025-11-19;2025-11-20;2025-11-21;2025-11-22;2025-11-23;2025-11-24;2025-11-25,,2025-11-25,4814.559164648356,6017.604020711914,6014.559164648356,19.81773961972087,25.111240677300774,10.897566158402364,23.02612863849744,85509.61839087616,295.8626673696072,4420.829221232218,53849.038886675444,1196.3802211147804,55045.41910779022,53849.038886675444,53849.038832826394,44106.965826713684,1440.8242818599915,lexicographic,5.38490388328264e-05,4.410696578260672e-05,False,0.31851329999699374,0.0,1,0
2025-11-27,False,calendar_trend,4,1.0,7,1.0,0,calibrated_quantile,2025-10-30;2025-10-31;2025-11-01;2025-11-02;2025-11-03;2025-11-04;2025-11-05;2025-11-06;2025-11-07;2025-11-08;2025-11-09;2025-11-10;2025-11-11;2025-11-12;2025-11-13;2025-11-14;2025-11-15;2025-11-16;2025-11-17;2025-11-18;2025-11-19;2025-11-20;2025-11-21;2025-11-22;2025-11-23;2025-11-24;2025-11-25;2025-11-26,28,4924.548867069427,2025-10-30;2025-10-31;2025-11-01;2025-11-02;2025-11-03;2025-11-04;2025-11-05;2025-11-06;2025-11-07;2025-11-08;2025-11-09;2025-11-10;2025-11-11;2025-11-12;2025-11-13;2025-11-14;2025-11-15;2025-11-16;2025-11-17;2025-11-18;2025-11-19;2025-11-20;2025-11-21;2025-11-22;2025-11-23;2025-11-24;2025-11-25;2025-11-26,2025-11-13;2025-11-14;2025-11-15;2025-11-16;2025-11-17;2025-11-18;2025-11-19;2025-11-20;2025-11-21;2025-11-22;2025-11-23;2025-11-24;2025-11-25;2025-11-26,,2025-11-26,4777.6176087202575,6014.559164648356,5977.6176087202575,17.474321505572828,22.382397322316187,14.358825185102198,27.50869543850983,85298.48180163522,406.2733319772553,5335.531993615283,53805.06135978608,1650.0858424909206,55455.147202277,53805.06135978608,53805.06130598103,44059.85703543255,1449.5000338685113,lexicographic,5.3805061305981034e-05,4.405985699137268e-05,False,0.17674819999956526,0.0,1,0
2025-11-28,False,calendar_trend,4,1.0,7,1.0,0,calibrated_quantile,2025-10-31;2025-11-01;2025-11-02;2025-11-03;2025-11-04;2025-11-05;2025-11-06;2025-11-07;2025-11-08;2025-11-09;2025-11-10;2025-11-11;2025-11-12;2025-11-13;2025-11-14;2025-11-15;2025-11-16;2025-11-17;2025-11-18;2025-11-19;2025-11-20;2025-11-21;2025-11-22;2025-11-23;2025-11-24;2025-11-25;2025-11-26;2025-11-27,28,4931.265575909592,2025-10-31;2025-11-01;2025-11-02;2025-11-03;2025-11-04;2025-11-05;2025-11-06;2025-11-07;2025-11-08;2025-11-09;2025-11-10;2025-11-11;2025-11-12;2025-11-13;2025-11-14;2025-11-15;2025-11-16;2025-11-17;2025-11-18;2025-11-19;2025-11-20;2025-11-21;2025-11-22;2025-11-23;2025-11-24;2025-11-25;2025-11-26;2025-11-27,2025-11-14;2025-11-15;2025-11-16;2025-11-17;2025-11-18;2025-11-19;2025-11-20;2025-11-21;2025-11-22;2025-11-23;2025-11-24;2025-11-25;2025-11-26;2025-11-27,,2025-11-27,4740.676052792158,5977.6176087202575,5940.676052792158,17.373896545025985,21.269406843453684,9.67004402462634,18.93962523379972,38836.62580283353,289.1253981062805,4598.431539784766,20659.64915465793,1268.3796682008888,21928.028822858818,20659.64915465793,20659.649133998275,34702.640062427374,1320.1491296348775,lexicographic,2.0659649133998276e-05,3.4702640027724735e-05,False,0.29272479999781353,0.0,1,0
2025-11-29,False,calendar_trend,4,1.0,7,1.0,0,calibrated_quantile,2025-11-01;2025-11-02;2025-11-03;2025-11-04;2025-11-05;2025-11-06;2025-11-07;2025-11-08;2025-11-09;2025-11-10;2025-11-11;2025-11-12;2025-11-13;2025-11-14;2025-11-15;2025-11-16;2025-11-17;2025-11-18;2025-11-19;2025-11-20;2025-11-21;2025-11-22;2025-11-23;2025-11-24;2025-11-25;2025-11-26;2025-11-27;2025-11-28,28,4832.341926245457,2025-11-01;2025-11-02;2025-11-03;2025-11-04;2025-11-05;2025-11-06;2025-11-07;2025-11-08;2025-11-09;2025-11-10;2025-11-11;2025-11-12;2025-11-13;2025-11-14;2025-11-15;2025-11-16;2025-11-17;2025-11-18;2025-11-19;2025-11-20;2025-11-21;2025-11-22;2025-11-23;2025-11-24;2025-11-25;2025-11-26;2025-11-27;2025-11-28,2025-11-15;2025-11-16;2025-11-17;2025-11-18;2025-11-19;2025-11-20;2025-11-21;2025-11-22;2025-11-23;2025-11-24;2025-11-25;2025-11-26;2025-11-27;2025-11-28,,2025-11-28,4703.734496864057,5940.676052792158,5903.734496864057,18.9458163141129,23.60563826435222,28.79638217766132,59.958823639981446,39379.81631283547,2025.8707788944525,2852.186592825966,20878.30420929546,6869.342408330027,27747.646617625487,20878.30420929546,20878.304188417158,34873.82117203552,1304.9698859597818,lexicographic,2.087830418841716e-05,3.487382113716171e-05,False,0.26455859999987297,0.0,1,0
2025-11-30,False,calendar_trend,4,1.0,7,1.0,0,calibrated_quantile,2025-11-02;2025-11-03;2025-11-04;2025-11-05;2025-11-06;2025-11-07;2025-11-08;2025-11-09;2025-11-10;2025-11-11;2025-11-12;2025-11-13;2025-11-14;2025-11-15;2025-11-16;2025-11-17;2025-11-18;2025-11-19;2025-11-20;2025-11-21;2025-11-22;2025-11-23;2025-11-24;2025-11-25;2025-11-26;2025-11-27;2025-11-28;2025-11-29,28,4997.594261710843,2025-11-02;2025-11-03;2025-11-04;2025-11-05;2025-11-06;2025-11-07;2025-11-08;2025-11-09;2025-11-10;2025-11-11;2025-11-12;2025-11-13;2025-11-14;2025-11-15;2025-11-16;2025-11-17;2025-11-18;2025-11-19;2025-11-20;2025-11-21;2025-11-22;2025-11-23;2025-11-24;2025-11-25;2025-11-26;2025-11-27;2025-11-28;2025-11-29,2025-11-16;2025-11-17;2025-11-18;2025-11-19;2025-11-20;2025-11-21;2025-11-22;2025-11-23;2025-11-24;2025-11-25;2025-11-26;2025-11-27;2025-11-28;2025-11-29,,2025-11-29,4814.559164648356,5903.734496864057,6014.559164648356,20.82580697327221,25.57591523803365,17.127333804655482,33.0856535792453,87066.00627448494,689.767592271915,2712.059868022955,54954.55073710165,2818.691101332428,57773.24183843408,54954.55073710165,54954.550682147084,44665.78444489457,1447.9315785258361,lexicographic,5.495455068214709e-05,4.4665784400228785e-05,False,0.07461899999907473,0.0,1,0
2025-12-01,False,calendar_trend,4,1.0,7,1.0,0,calibrated_quantile,2025-11-03;2025-11-04;2025-11-05;2025-11-06;2025-11-07;2025-11-08;2025-11-09;2025-11-10;2025-11-11;2025-11-12;2025-11-13;2025-11-14;2025-11-15;2025-11-16;2025-11-17;2025-11-18;2025-11-19;2025-11-20;2025-11-21;2025-11-22;2025-11-23;2025-11-24;2025-11-25;2025-11-26;2025-11-27;2025-11-28;2025-11-29;2025-11-30,28,5069.848190959323,2025-11-03;2025-11-04;2025-11-05;2025-11-06;2025-11-07;2025-11-08;2025-11-09;2025-11-10;2025-11-11;2025-11-12;2025-11-13;2025-11-14;2025-11-15;2025-11-16;2025-11-17;2025-11-18;2025-11-19;2025-11-20;2025-11-21;2025-11-22;2025-11-23;2025-11-24;2025-11-25;2025-11-26;2025-11-27;2025-11-28;2025-11-29;2025-11-30,2025-11-17;2025-11-18;2025-11-19;2025-11-20;2025-11-21;2025-11-22;2025-11-23;2025-11-24;2025-11-25;2025-11-26;2025-11-27;2025-11-28;2025-11-29;2025-11-30,,2025-11-30,4777.6176087202575,6014.559164648356,5977.6176087202575,55.236659730294235,67.13443874209662,14.234602626949673,32.13766841458241,88183.2788327141,4433.184901244223,1640.2834540725323,55745.98472946574,16294.30076331,72040.28549277574,55745.98472946574,55745.984673719744,44906.95742068723,1474.2970540488525,lexicographic,5.574598467371975e-05,4.490695742068723e-05,False,0.11827380000249832,0.0,1,0
2025-12-02,False,calendar_trend,4,1.0,7,1.0,0,calibrated_quantile,2025-11-04;2025-11-05;2025-11-06;2025-11-07;2025-11-08;2025-11-09;2025-11-10;2025-11-11;2025-11-12;2025-11-13;2025-11-14;2025-11-15;2025-11-16;2025-11-17;2025-11-18;2025-11-19;2025-11-20;2025-11-21;2025-11-22;2025-11-23;2025-11-24;2025-11-25;2025-11-26;2025-11-27;2025-11-28;2025-11-29;2025-11-30;2025-12-01,28,5306.986641741449,2025-11-04;2025-11-05;2025-11-06;2025-11-07;2025-11-08;2025-11-09;2025-11-10;2025-11-11;2025-11-12;2025-11-13;2025-11-14;2025-11-15;2025-11-16;2025-11-17;2025-11-18;2025-11-19;2025-11-20;2025-11-21;2025-11-22;2025-11-23;2025-11-24;2025-11-25;2025-11-26;2025-11-27;2025-11-28;2025-11-29;2025-11-30;2025-12-01,2025-11-18;2025-11-19;2025-11-20;2025-11-21;2025-11-22;2025-11-23;2025-11-24;2025-11-25;2025-11-26;2025-11-27;2025-11-28;2025-11-29;2025-11-30;2025-12-01,,2025-12-01,4820.648876775471,5977.6176087202575,6020.648876775471,45.95018945771506,54.0941491501376,16.2792425442495,33.95546075167738,90469.20796074149,3934.0898087194078,993.248177474962,57457.09857880576,15065.978068757178,72523.07664756294,57457.09857880575,57457.09852134866,45054.19720786945,1491.145255591868,lexicographic,5.745709852134866e-05,4.5054197162815255e-05,False,0.4799643999976979,0.0,1,0
2025-12-03,False,calendar_trend,4,1.0,7,1.0,0,calibrated_quantile,2025-11-05;2025-11-06;2025-11-07;2025-11-08;2025-11-09;2025-11-10;2025-11-11;2025-11-12;2025-11-13;2025-11-14;2025-11-15;2025-11-16;2025-11-17;2025-11-18;2025-11-19;2025-11-20;2025-11-21;2025-11-22;2025-11-23;2025-11-24;2025-11-25;2025-11-26;2025-11-27;2025-11-28;2025-11-29;2025-11-30;2025-12-01;2025-12-02,28,5705.559255072238,2025-11-05;2025-11-06;2025-11-07;2025-11-08;2025-11-09;2025-11-10;2025-11-11;2025-11-12;2025-11-13;2025-11-14;2025-11-15;2025-11-16;2025-11-17;2025-11-18;2025-11-19;2025-11-20;2025-11-21;2025-11-22;2025-11-23;2025-11-24;2025-11-25;2025-11-26;2025-11-27;2025-11-28;2025-11-29;2025-11-30;2025-12-01;2025-12-02,2025-11-19;2025-11-20;2025-11-21;2025-11-22;2025-11-23;2025-11-24;2025-11-25;2025-11-26;2025-11-27;2025-11-28;2025-11-29;2025-11-30;2025-12-01;2025-12-02,,2025-12-02,4849.044868170548,6020.648876775471,6049.044868170548,30.260583191422963,37.7485067825698,13.775252922050624,29.164830157650425,93591.83392298903,1363.4419814992825,2985.3224400613763,59750.35593837419,4212.037851299352,63962.393789673544,59750.355938374196,59750.35587862384,45525.93726544715,1503.2955447812487,lexicographic,5.975035587862385e-05,4.5525937265444966e-05,False,0.24879089999740245,1.217726238980688e-16,1,0
2025-12-04,False,calendar_trend,4,1.0,7,1.0,0,calibrated_quantile,2025-11-06;2025-11-07;2025-11-08;2025-11-09;2025-11-10;2025-11-11;2025-11-12;2025-11-13;2025-11-14;2025-11-15;2025-11-16;2025-11-17;2025-11-18;2025-11-19;2025-11-20;2025-11-21;2025-11-22;2025-11-23;2025-11-24;2025-11-25;2025-11-26;2025-11-27;2025-11-28;2025-11-29;2025-11-30;2025-12-01;2025-12-02;2025-12-03,28,5869.759845702607,2025-11-06;2025-11-07;2025-11-08;2025-11-09;2025-11-10;2025-11-11;2025-11-12;2025-11-13;2025-11-14;2025-11-15;2025-11-16;2025-11-17;2025-11-18;2025-11-19;2025-11-20;2025-11-21;2025-11-22;2025-11-23;2025-11-24;2025-11-25;2025-11-26;2025-11-27;2025-11-28;2025-11-29;2025-11-30;2025-12-01;2025-12-02;2025-12-03,2025-11-20;2025-11-21;2025-11-22;2025-11-23;2025-11-24;2025-11-25;2025-11-26;2025-11-27;2025-11-28;2025-11-29;2025-11-30;2025-12-01;2025-12-02;2025-12-03,,2025-12-03,4915.963705974438,6049.044868170548,6115.963705974438,28.743038088071305,36.54653048233628,12.57040965798213,27.51697358979042,95637.55018744728,1028.7897921509966,5014.863433952221,61225.53078158035,3994.859134987526,65220.38991656788,61225.53078158035,61225.530720354815,45857.00422143345,1534.2420836862468,lexicographic,6.122553072035481e-05,4.585700422143552e-05,False,0.30515030000242405,0.0,1,0
2025-12-05,False,calendar_trend,4,1.0,7,1.0,0,calibrated_quantile,2025-11-07;2025-11-08;2025-11-09;2025-11-10;2025-11-11;2025-11-12;2025-11-13;2025-11-14;2025-11-15;2025-11-16;2025-11-17;2025-11-18;2025-11-19;2025-11-20;2025-11-21;2025-11-22;2025-11-23;2025-11-24;2025-11-25;2025-11-26;2025-11-27;2025-11-28;2025-11-29;2025-11-30;2025-12-01;2025-12-02;2025-12-03;2025-12-04,28,5821.089091488904,2025-11-07;2025-11-08;2025-11-09;2025-11-10;2025-11-11;2025-11-12;2025-11-13;2025-11-14;2025-11-15;2025-11-16;2025-11-17;2025-11-18;2025-11-19;2025-11-20;2025-11-21;2025-11-22;2025-11-23;2025-11-24;2025-11-25;2025-11-26;2025-11-27;2025-11-28;2025-11-29;2025-11-30;2025-12-01;2025-12-02;2025-12-03;2025-12-04,2025-11-21;2025-11-22;2025-11-23;2025-11-24;2025-11-25;2025-11-26;2025-11-27;2025-11-28;2025-11-29;2025-11-30;2025-12-01;2025-12-02;2025-12-03;2025-12-04,,2025-12-04,4893.657426706475,6115.963705974438,6093.657426706475,28.614333156865126,35.55842038737757,11.387423503018674,22.90854556608473,48473.8414583167,792.4870478783215,3969.9409619309536,25406.092917286045,3007.777370015777,28413.870287301823,25406.09291728605,25406.092891879947,38171.40342614194,1376.8962620024136,lexicographic,2.540609289187995e-05,3.817140338797053e-05,False,0.1669395999997505,0.0,1,0
2025-12-06,False,calendar_trend,4,1.0,7,1.0,0,calibrated_quantile,2025-11-08;2025-11-09;2025-11-10;2025-11-11;2025-11-12;2025-11-13;2025-11-14;2025-11-15;2025-11-16;2025-11-17;2025-11-18;2025-11-19;2025-11-20;2025-11-21;2025-11-22;2025-11-23;2025-11-24;2025-11-25;2025-11-26;2025-11-27;2025-11-28;2025-11-29;2025-11-30;2025-12-01;2025-12-02;2025-12-03;2025-12-04;2025-12-05,28,5913.660214706422,2025-11-08;2025-11-09;2025-11-10;2025-11-11;2025-11-12;2025-11-13;2025-11-14;2025-11-15;2025-11-16;2025-11-17;2025-11-18;2025-11-19;2025-11-20;2025-11-21;2025-11-22;2025-11-23;2025-11-24;2025-11-25;2025-11-26;2025-11-27;2025-11-28;2025-11-29;2025-11-30;2025-12-01;2025-12-02;2025-12-03;2025-12-04;2025-12-05,2025-11-22;2025-11-23;2025-11-24;2025-11-25;2025-11-26;2025-11-27;2025-11-28;2025-11-29;2025-11-30;2025-12-01;2025-12-02;2025-12-03;2025-12-04;2025-12-05,,2025-12-05,4871.351147438511,6093.657426706475,6071.351147438511,23.75043559718704,29.27980971178253,14.75479037566994,32.79378084581694,50413.46957710926,1222.6935824145405,3900.6500962012583,26365.49168067126,4111.421562048482,30476.913242719744,26365.49168067126,26365.491654305762,38991.832469102534,1382.5029940231443,lexicographic,2.6365491654305764e-05,3.899183243011071e-05,False,0.18940610000208835,0.0,1,0
2025-12-07,False,calendar_trend,4,1.0,7,1.0,0,calibrated_quantile,2025-11-09;2025-11-10;2025-11-11;2025-11-12;2025-11-13;2025-11-14;2025-11-15;2025-11-16;2025-11-17;2025-11-18;2025-11-19;2025-11-20;2025-11-21;2025-11-22;2025-11-23;2025-11-24;2025-11-25;2025-11-26;2025-11-27;2025-11-28;2025-11-29;2025-11-30;2025-12-01;2025-12-02;2025-12-03;2025-12-04;2025-12-05;2025-12-06,28,6097.986883026411,2025-11-09;2025-11-10;2025-11-11;2025-11-12;2025-11-13;2025-11-14;2025-11-15;2025-11-16;2025-11-17;2025-11-18;2025-11-19;2025-11-20;2025-11-21;2025-11-22;2025-11-23;2025-11-24;2025-11-25;2025-11-26;2025-11-27;2025-11-28;2025-11-29;2025-11-30;2025-12-01;2025-12-02;2025-12-03;2025-12-04;2025-12-05;2025-12-06,2025-11-23;2025-11-24;2025-11-25;2025-11-26;2025-11-27;2025-11-28;2025-11-29;2025-11-30;2025-12-01;2025-12-02;2025-12-03;2025-12-04;2025-12-05;2025-12-06,,2025-12-06,4849.044868170548,6071.351147438511,6049.044868170548,29.117073058718265,36.049877080163085,10.829413264342861,21.78818170588071,102148.95577421648,210.14110727530726,9854.53578938511,65972.72758390593,979.0755695353362,66951.80315344126,65972.72758390594,65972.72751793322,46431.86219418641,1602.16607659982,lexicographic,6.597272751793322e-05,4.6431862194187265e-05,False,0.23629869999786024,0.0,1,0
2025-12-08,False,calendar_trend,4,1.0,7,1.0,0,calibrated_quantile,2025-11-10;2025-11-11;2025-11-12;2025-11-13;2025-11-14;2025-11-15;2025-11-16;2025-11-17;2025-11-18;2025-11-19;2025-11-20;2025-11-21;2025-11-22;2025-11-23;2025-11-24;2025-11-25;2025-11-26;2025-11-27;2025-11-28;2025-11-29;2025-11-30;2025-12-01;2025-12-02;2025-12-03;2025-12-04;2025-12-05;2025-12-06;2025-12-07,28,6065.423710162831,2025-11-10;2025-11-11;2025-11-12;2025-11-13;2025-11-14;2025-11-15;2025-11-16;2025-11-17;2025-11-18;2025-11-19;2025-11-20;2025-11-21;2025-11-22;2025-11-23;2025-11-24;2025-11-25;2025-11-26;2025-11-27;2025-11-28;2025-11-29;2025-11-30;2025-12-01;2025-12-02;2025-12-03;2025-12-04;2025-12-05;2025-12-06;2025-12-07,2025-11-24;2025-11-25;2025-11-26;2025-11-27;2025-11-28;2025-11-29;2025-11-30;2025-12-01;2025-12-02;2025-12-03;2025-12-04;2025-12-05;2025-12-06;2025-12-07,,2025-12-07,4826.7385889025845,6049.044868170548,6026.7385889025845,44.67491694280463,52.8020494890194,12.227069161807023,25.158377082604638,104882.8143682667,86.49451417643725,12270.217979670666,67913.0450404945,524.170684966282,68437.21572546079,67913.0450404945,67913.04497258147,46431.861660704584,1648.4993724736637,lexicographic,6.791304497258147e-05,4.643186161427273e-05,False,0.20515789999990375,0.0,1,0
2025-12-09,False,calendar_trend,4,1.0,7,1.0,0,calibrated_quantile,2025-11-11;2025-11-12;2025-11-13;2025-11-14;2025-11-15;2025-11-16;2025-11-17;2025-11-18;2025-11-19;2025-11-20;2025-11-21;2025-11-22;2025-11-23;2025-11-24;2025-11-25;2025-11-26;2025-11-27;2025-11-28;2025-11-29;2025-11-30;2025-12-01;2025-12-02;2025-12-03;2025-12-04;2025-12-05;2025-12-06;2025-12-07;2025-12-08,28,5915.942220176097,2025-11-11;2025-11-12;2025-11-13;2025-11-14;2025-11-15;2025-11-16;2025-11-17;2025-11-18;2025-11-19;2025-11-20;2025-11-21;2025-11-22;2025-11-23;2025-11-24;2025-11-25;2025-11-26;2025-11-27;2025-11-28;2025-11-29;2025-11-30;2025-12-01;2025-12-02;2025-12-03;2025-12-04;2025-12-05;2025-12-06;2025-12-07;2025-12-08,2025-11-25;2025-11-26;2025-11-27;2025-11-28;2025-11-29;2025-11-30;2025-12-01;2025-12-02;2025-12-03;2025-12-04;2025-12-05;2025-12-06;2025-12-07;2025-12-08,,2025-12-08,4823.693732839028,6026.7385889025845,6023.693732839028,43.13195339028784,51.507480907154935,13.794111556109323,29.29698438978646,104294.23828801853,80.72284999691024,12113.225489323668,67448.33544343474,442.4419067989717,67890.77735023371,67448.33544343474,67448.3353759864,46453.263380946504,1639.3564445107613,lexicographic,6.74483353759864e-05,4.645326333449323e-05,False,0.1894836999999825,0.0,1,0
2025-12-10,False,calendar_trend,4,1.0,7,1.0,0,calibrated_quantile,2025-11-12;2025-11-13;2025-11-14;2025-11-15;2025-11-16;2025-11-17;2025-11-18;2025-11-19;2025-11-20;2025-11-21;2025-11-22;2025-11-23;2025-11-24;2025-11-25;2025-11-26;2025-11-27;2025-11-28;2025-11-29;2025-11-30;2025-12-01;2025-12-02;2025-12-03;2025-12-04;2025-12-05;2025-12-06;2025-12-07;2025-12-08;2025-12-09,28,5895.994921716155,2025-11-12;2025-11-13;2025-11-14;2025-11-15;2025-11-16;2025-11-17;2025-11-18;2025-11-19;2025-11-20;2025-11-21;2025-11-22;2025-11-23;2025-11-24;2025-11-25;2025-11-26;2025-11-27;2025-11-28;2025-11-29;2025-11-30;2025-12-01;2025-12-02;2025-12-03;2025-12-04;2025-12-05;2025-12-06;2025-12-07;2025-12-08;2025-12-09,2025-11-26;2025-11-27;2025-11-28;2025-11-29;2025-11-30;2025-12-01;2025-12-02;2025-12-03;2025-12-04;2025-12-05;2025-12-06;2025-12-07;2025-12-08;2025-12-09,,2025-12-09,4820.648876775471,6023.693732839028,6020.648876775471,38.643260752308606,48.531929424884574,12.028115055687326,24.437893897448212,103552.81944548921,51.80844338331664,10343.728030957745,66998.9817790261,241.04435979452535,67240.02613882063,66998.9817790261,66998.98171202716,46453.263468807854,1631.924240458309,lexicographic,6.699898171202717e-05,4.6453263468809856e-05,False,0.21045809999850462,0.0,1,0
2025-12-11,False,calendar_trend,4,1.0,7,1.0,0,calibrated_quantile,2025-11-13;2025-11-14;2025-11-15;2025-11-16;2025-11-17;2025-11-18;2025-11-19;2025-11-20;2025-11-21;2025-11-22;2025-11-23;2025-11-24;2025-11-25;2025-11-26;2025-11-27;2025-11-28;2025-11-29;2025-11-30;2025-12-01;2025-12-02;2025-12-03;2025-12-04;2025-12-05;2025-12-06;2025-12-07;2025-12-08;2025-12-09;2025-12-10,28,5869.1995415369165,2025-11-13;2025-11-14;2025-11-15;2025-11-16;2025-11-17;2025-11-18;2025-11-19;2025-11-20;2025-11-21;2025-11-22;2025-11-23;2025-11-24;2025-11-25;2025-11-26;2025-11-27;2025-11-28;2025-11-29;2025-11-30;2025-12-01;2025-12-02;2025-12-03;2025-12-04;2025-12-05;2025-12-06;2025-12-07;2025-12-08;2025-12-09;2025-12-10,2025-11-27;2025-11-28;2025-11-29;2025-11-30;2025-12-01;2025-12-02;2025-12-03;2025-12-04;2025-12-05;2025-12-06;2025-12-07;2025-12-08;2025-12-09;2025-12-10,,2025-12-10,4817.604020711914,6020.648876775471,6017.604020711914,39.992453395661926,48.84983455648324,15.896589632866725,33.86866226776858,103276.83459322341,99.79488535295116,12542.093382875184,66857.0238798923,321.07787297953934,67178.10175287184,66857.02387989228,66857.02381303528,46453.26351122908,1624.1067039579298,lexicographic,6.685702381303528e-05,4.6453263511227606e-05,False,0.2108513999992283,0.0,1,0
2025-12-12,False,calendar_trend,4,1.0,7,1.0,0,calibrated_quantile,2025-11-14;2025-11-15;2025-11-16;2025-11-17;2025-11-18;2025-11-19;2025-11-20;2025-11-21;2025-11-22;2025-11-23;2025-11-24;2025-11-25;2025-11-26;2025-11-27;2025-11-28;2025-11-29;2025-11-30;2025-12-01;2025-12-02;2025-12-03;2025-12-04;2025-12-05;2025-12-06;2025-12-07;2025-12-08;2025-12-09;2025-12-10;2025-12-11,28,5778.020438790202,2025-11-14;2025-11-15;2025-11-16;2025-11-17;2025-11-18;2025-11-19;2025-11-20;2025-11-21;2025-11-22;2025-11-23;2025-11-24;2025-11-25;2025-11-26;2025-11-27;2025-11-28;2025-11-29;2025-11-30;2025-12-01;2025-12-02;2025-12-03;2025-12-04;2025-12-05;2025-12-06;2025-12-07;2025-12-08;2025-12-09;2025-12-10;2025-12-11,2025-11-28;2025-11-29;2025-11-30;2025-12-01;2025-12-02;2025-12-03;2025-12-04;2025-12-05;2025-12-06;2025-12-07;2025-12-08;2025-12-09;2025-12-10;2025-12-11,,2025-12-11,4814.559164648356,6017.604020711914,6014.559164648356,20.766960994238747,25.113928431374998,18.11687369662245,38.21466104170857,52381.43868579399,626.5857980638489,5190.852133525545,27565.891882792985,2027.2588100627074,29593.150692855692,27565.89188279298,27565.8918552271,39113.022579908036,1414.2649439282009,lexicographic,2.7565891855227102e-05,3.911302254079503e-05,False,0.19016569999803323,0.0,1,0
2025-12-13,False,calendar_trend,4,1.0,7,1.0,0,calibrated_quantile,2025-11-15;2025-11-16;2025-11-17;2025-11-18;2025-11-19;2025-11-20;2025-11-21;2025-11-22;2025-11-23;2025-11-24;2025-11-25;2025-11-26;2025-11-27;2025-11-28;2025-11-29;2025-11-30;2025-12-01;2025-12-02;2025-12-03;2025-12-04;2025-12-05;2025-12-06;2025-12-07;2025-12-08;2025-12-09;2025-12-10;2025-12-11;2025-12-12,28,5785.998356235628,2025-11-15;2025-11-16;2025-11-17;2025-11-18;2025-11-19;2025-11-20;2025-11-21;2025-11-22;2025-11-23;2025-11-24;2025-11-25;2025-11-26;2025-11-27;2025-11-28;2025-11-29;2025-11-30;2025-12-01;2025-12-02;2025-12-03;2025-12-04;2025-12-05;2025-12-06;2025-12-07;2025-12-08;2025-12-09;2025-12-10;2025-12-11;2025-12-12,2025-11-29;2025-11-30;2025-12-01;2025-12-02;2025-12-03;2025-12-04;2025-12-05;2025-12-06;2025-12-07;2025-12-08;2025-12-09;2025-12-10;2025-12-11;2025-12-12,,2025-12-12,4777.6176087202575,6014.559164648356,5977.6176087202575,18.720735168852844,22.722049366850108,13.444467655468534,26.7500719050721,53115.1093309726,208.06773724095223,5466.541118318188,27909.69924524777,997.5615896560246,28907.260834903795,27909.699245247775,27909.699217338064,39008.739190251894,1400.0678694733356,lexicographic,2.7909699217338065e-05,3.900873915124316e-05,False,0.17103080000015325,0.0,1,0
2025-12-14,False,calendar_trend,4,1.0,7,1.0,0,calibrated_quantile,2025-11-16;2025-11-17;2025-11-18;2025-11-19;2025-11-20;2025-11-21;2025-11-22;2025-11-23;2025-11-24;2025-11-25;2025-11-26;2025-11-27;2025-11-28;2025-11-29;2025-11-30;2025-12-01;2025-12-02;2025-12-03;2025-12-04;2025-12-05;2025-12-06;2025-12-07;2025-12-08;2025-12-09;2025-12-10;2025-12-11;2025-12-12;2025-12-13,28,5768.31490464001,2025-11-16;2025-11-17;2025-11-18;2025-11-19;2025-11-20;2025-11-21;2025-11-22;2025-11-23;2025-11-24;2025-11-25;2025-11-26;2025-11-27;2025-11-28;2025-11-29;2025-11-30;2025-12-01;2025-12-02;2025-12-03;2025-12-04;2025-12-05;2025-12-06;2025-12-07;2025-12-08;2025-12-09;2025-12-10;2025-12-11;2025-12-12;2025-12-13,2025-11-30;2025-12-01;2025-12-02;2025-12-03;2025-12-04;2025-12-05;2025-12-06;2025-12-07;2025-12-08;2025-12-09;2025-12-10;2025-12-11;2025-12-12;2025-12-13,,2025-12-13,4740.676052792158,5977.6176087202575,5940.676052792158,31.936791503521995,40.16283130061567,6.995799400375249,15.711216072319266,102859.34515083408,105.54640468774903,9350.551341849932,66444.33512508353,625.2040066780844,67069.53913176162,66444.33512508354,66444.3350586392,46415.60068114062,1608.3432142570812,lexicographic,6.64443350586392e-05,4.6415600634725016e-05,False,0.20581350000065868,0.0,1,0
2025-12-15,False,calendar_trend,4,1.0,7,1.0,0,calibrated_quantile,2025-11-17;2025-11-18;2025-11-19;2025-11-20;2025-11-21;2025-11-22;2025-11-23;2025-11-24;2025-11-25;2025-11-26;2025-11-27;2025-11-28;2025-11-29;2025-11-30;2025-12-01;2025-12-02;2025-12-03;2025-12-04;2025-12-05;2025-12-06;2025-12-07;2025-12-08;2025-12-09;2025-12-10;2025-12-11;2025-12-12;2025-12-13;2025-12-14,28,5636.988330471119,2025-11-17;2025-11-18;2025-11-19;2025-11-20;2025-11-21;2025-11-22;2025-11-23;2025-11-24;2025-11-25;2025-11-26;2025-11-27;2025-11-28;2025-11-29;2025-11-30;2025-12-01;2025-12-02;2025-12-03;2025-12-04;2025-12-05;2025-12-06;2025-12-07;2025-12-08;2025-12-09;2025-12-10;2025-12-11;2025-12-12;2025-12-13;2025-12-14,2025-12-01;2025-12-02;2025-12-03;2025-12-04;2025-12-05;2025-12-06;2025-12-07;2025-12-08;2025-12-09;2025-12-10;2025-12-11;2025-12-12;2025-12-13;2025-12-14,,2025-12-14,4703.734496864057,5940.676052792158,5903.734496864057,40.93519541883999,50.53193459812132,11.092518924846868,23.73004206811533,104094.54698011852,122.60851281777227,9911.9791369649,67220.97266851814,584.1267872426955,67805.09945576084,67220.97266851814,67220.97260129715,46415.600449011414,1623.129211381653,lexicographic,6.722097260129716e-05,4.641560040259581e-05,False,0.18458889999965322,0.0,1,0
2025-12-16,False,calendar_trend,4,1.0,7,1.0,0,calibrated_quantile,2025-11-18;2025-11-19;2025-11-20;2025-11-21;2025-11-22;2025-11-23;2025-11-24;2025-11-25;2025-11-26;2025-11-27;2025-11-28;2025-11-29;2025-11-30;2025-12-01;2025-12-02;2025-12-03;2025-12-04;2025-12-05;2025-12-06;2025-12-07;2025-12-08;2025-12-09;2025-12-10;2025-12-11;2025-12-12;2025-12-13;2025-12-14;2025-12-15,28,5617.436854954917,2025-11-18;2025-11-19;2025-11-20;2025-11-21;2025-11-22;2025-11-23;2025-11-24;2025-11-25;2025-11-26;2025-11-27;2025-11-28;2025-11-29;2025-11-30;2025-12-01;2025-12-02;2025-12-03;2025-12-04;2025-12-05;2025-12-06;2025-12-07;2025-12-08;2025-12-09;2025-12-10;2025-12-11;2025-12-12;2025-12-13;2025-12-14;2025-12-15,2025-12-02;2025-12-03;2025-12-04;2025-12-05;2025-12-06;2025-12-07;2025-12-08;2025-12-09;2025-12-10;2025-12-11;2025-12-12;2025-12-13;2025-12-14;2025-12-15,,2025-12-15,4666.7929409359585,5903.734496864057,5866.7929409359585,30.331589393265777,37.17804702010529,9.301632985810373,19.016965242942792,103157.33932510208,103.24450188858448,9006.874085746931,66627.93188122171,365.6624027325905,66993.5942839543,66627.9318812217,66627.93181459374,46415.60062625484,1614.6848672485232,lexicographic,6.662793181459374e-05,4.641560057983923e-05,False,0.14214459999857354,0.0,1,0
2025-12-17,False,calendar_trend,4,1.0,7,1.0,0,calibrated_quantile,2025-11-19;2025-11-20;2025-11-21;2025-11-22;2025-11-23;2025-11-24;2025-11-25;2025-11-26;2025-11-27;2025-11-28;2025-11-29;2025-11-30;2025-12-01;2025-12-02;2025-12-03;2025-12-04;2025-12-05;2025-12-06;2025-12-07;2025-12-08;2025-12-09;2025-12-10;2025-12-11;2025-12-12;2025-12-13;2025-12-14;2025-12-15;2025-12-16,28,5499.556790156545,2025-11-19;2025-11-20;2025-11-21;2025-11-22;2025-11-23;2025-11-24;2025-11-25;2025-11-26;2025-11-27;2025-11-28;2025-11-29;2025-11-30;2025-12-01;2025-12-02;2025-12-03;2025-12-04;2025-12-05;2025-12-06;2025-12-07;2025-12-08;2025-12-09;2025-12-10;2025-12-11;2025-12-12;2025-12-13;2025-12-14;2025-12-15;2025-12-16,2025-12-03;2025-12-04;2025-12-05;2025-12-06;2025-12-07;2025-12-08;2025-12-09;2025-12-10;2025-12-11;2025-12-12;2025-12-13;2025-12-14;2025-12-15;2025-12-16,,2025-12-16,4662.7679190586505,5866.7929409359585,5862.7679190586505,27.463093108208774,33.824402203740256,9.746636132287058,21.13535565158591,102096.29963349862,204.52712820886597,9236.78733726819,65735.12823226902,951.9194955504804,66687.0477278195,65735.12823226902,65735.12816653389,46452.17477340864,1583.543131526909,lexicographic,6.57351281665339e-05,4.645217477341024e-05,False,0.1730630000020028,0.0,1,0
2025-12-18,False,calendar_trend,4,1.0,7,1.0,0,calibrated_quantile,2025-11-20;2025-11-21;2025-11-22;2025-11-23;2025-11-24;2025-11-25;2025-11-26;2025-11-27;2025-11-28;2025-11-29;2025-11-30;2025-12-01;2025-12-02;2025-12-03;2025-12-04;2025-12-05;2025-12-06;2025-12-07;2025-12-08;2025-12-09;2025-12-10;2025-12-11;2025-12-12;2025-12-13;2025-12-14;2025-12-15;2025-12-16;2025-12-17,28,5443.929161559842,2025-11-20;2025-11-21;2025-11-22;2025-11-23;2025-11-24;2025-11-25;2025-11-26;2025-11-27;2025-11-28;2025-11-29;2025-11-30;2025-12-01;2025-12-02;2025-12-03;2025-12-04;2025-12-05;2025-12-06;2025-12-07;2025-12-08;2025-12-09;2025-12-10;2025-12-11;2025-12-12;2025-12-13;2025-12-14;2025-12-15;2025-12-16;2025-12-17,2025-12-04;2025-12-05;2025-12-06;2025-12-07;2025-12-08;2025-12-09;2025-12-10;2025-12-11;2025-12-12;2025-12-13;2025-12-14;2025-12-15;2025-12-16;2025-12-17,,2025-12-17,4658.742897181343,5862.7679190586505,5858.742897181343,22.126465368783638,27.262451234808008,18.308659399858932,44.05818827722291,100698.3035629397,116.35258697134758,8594.634162624008,64873.44049191972,305.1985603581369,65178.63905227785,64873.44049191971,64873.440427046284,46276.53487737919,1565.0980769943849,lexicographic,6.487344042704629e-05,4.627653483110265e-05,False,0.14533240000309888,0.0,1,0
2025-12-19,False,calendar_trend,4,1.0,7,1.0,0,calibrated_quantile,2025-11-21;2025-11-22;2025-11-23;2025-11-24;2025-11-25;2025-11-26;2025-11-27;2025-11-28;2025-11-29;2025-11-30;2025-12-01;2025-12-02;2025-12-03;2025-12-04;2025-12-05;2025-12-06;2025-12-07;2025-12-08;2025-12-09;2025-12-10;2025-12-11;2025-12-12;2025-12-13;2025-12-14;2025-12-15;2025-12-16;2025-12-17;2025-12-18,28,5386.98289851584,2025-11-21;2025-11-22;2025-11-23;2025-11-24;2025-11-25;2025-11-26;2025-11-27;2025-11-28;2025-11-29;2025-11-30;2025-12-01;2025-12-02;2025-12-03;2025-12-04;2025-12-05;2025-12-06;2025-12-07;2025-12-08;2025-12-09;2025-12-10;2025-12-11;2025-12-12;2025-12-13;2025-12-14;2025-12-15;2025-12-16;2025-12-17;2025-12-18,2025-12-05;2025-12-06;2025-12-07;2025-12-08;2025-12-09;2025-12-10;2025-12-11;2025-12-12;2025-12-13;2025-12-14;2025-12-15;2025-12-16;2025-12-17;2025-12-18,,2025-12-18,4654.717875304035,5858.742897181343,5854.717875304035,19.610382779672314,24.28533262317354,13.614614695289264,28.167200358687637,51587.63655348969,414.8060069172775,5023.333613351513,27050.031567811748,1872.0484733706862,28922.080041182435,27050.031567811748,27050.031540761716,38817.07358183959,1415.0199726475876,lexicographic,2.705003154076172e-05,3.8817073543022534e-05,False,0.16004679999969085,0.0,1,0
2025-12-20,False,calendar_trend,4,1.0,7,1.0,0,calibrated_quantile,2025-11-22;2025-11-23;2025-11-24;2025-11-25;2025-11-26;2025-11-27;2025-11-28;2025-11-29;2025-11-30;2025-12-01;2025-12-02;2025-12-03;2025-12-04;2025-12-05;2025-12-06;2025-12-07;2025-12-08;2025-12-09;2025-12-10;2025-12-11;2025-12-12;2025-12-13;2025-12-14;2025-12-15;2025-12-16;2025-12-17;2025-12-18;2025-12-19,28,5456.752627891596,2025-11-22;2025-11-23;2025-11-24;2025-11-25;2025-11-26;2025-11-27;2025-11-28;2025-11-29;2025-11-30;2025-12-01;2025-12-02;2025-12-03;2025-12-04;2025-12-05;2025-12-06;2025-12-07;2025-12-08;2025-12-09;2025-12-10;2025-12-11;2025-12-12;2025-12-13;2025-12-14;2025-12-15;2025-12-16;2025-12-17;2025-12-18;2025-12-19,2025-12-06;2025-12-07;2025-12-08;2025-12-09;2025-12-10;2025-12-11;2025-12-12;2025-12-13;2025-12-14;2025-12-15;2025-12-16;2025-12-17;2025-12-18;2025-12-19,,2025-12-19,4650.692853426727,5854.717875304035,5850.692853426727,17.889538190297234,22.005767466842908,10.943249261736293,21.878475087396797,51647.735689545705,172.16192141510402,4885.369338453935,27082.07555624641,645.8507671456609,27727.926323392072,27082.07555624641,27082.075529164347,38888.12442166641,1385.4944344515911,lexicographic,2.708207552916435e-05,3.88881243827783e-05,False,0.18161780000082217,0.0,1,0
2025-12-21,False,calendar_trend,4,1.0,7,1.0,0,calibrated_quantile,2025-11-23;2025-11-24;2025-11-25;2025-11-26;2025-11-27;2025-11-28;2025-11-29;2025-11-30;2025-12-01;2025-12-02;2025-12-03;2025-12-04;2025-12-05;2025-12-06;2025-12-07;2025-12-08;2025-12-09;2025-12-10;2025-12-11;2025-12-12;2025-12-13;2025-12-14;2025-12-15;2025-12-16;2025-12-17;2025-12-18;2025-12-19;2025-12-20,28,5488.2525620635715,2025-11-23;2025-11-24;2025-11-25;2025-11-26;2025-11-27;2025-11-28;2025-11-29;2025-11-30;2025-12-01;2025-12-02;2025-12-03;2025-12-04;2025-12-05;2025-12-06;2025-12-07;2025-12-08;2025-12-09;2025-12-10;2025-12-11;2025-12-12;2025-12-13;2025-12-14;2025-12-15;2025-12-16;2025-12-17;2025-12-18;2025-12-19;2025-12-20,2025-12-07;2025-12-08;2025-12-09;2025-12-10;2025-12-11;2025-12-12;2025-12-13;2025-12-14;2025-12-15;2025-12-16;2025-12-17;2025-12-18;2025-12-19;2025-12-20,,2025-12-20,4639.157464317406,5850.692853426727,5839.157464317406,25.474713916534693,33.199162863905904,14.652263557517026,28.414659130170023,98540.60488811386,790.1704874835667,5458.292192412594,63406.920390843,2725.6398578673184,66132.56024871032,63406.92039084299,63406.92032743608,46166.17412260358,1577.7338651355585,lexicographic,6.340692032743608e-05,4.6166174076437406e-05,False,0.14590580000003683,0.0,1,0
2025-12-22,False,calendar_trend,4,1.0,7,1.0,0,calibrated_quantile,2025-11-24;2025-11-25;2025-11-26;2025-11-27;2025-11-28;2025-11-29;2025-11-30;2025-12-01;2025-12-02;2025-12-03;2025-12-04;2025-12-05;2025-12-06;2025-12-07;2025-12-08;2025-12-09;2025-12-10;2025-12-11;2025-12-12;2025-12-13;2025-12-14;2025-12-15;2025-12-16;2025-12-17;2025-12-18;2025-12-19;2025-12-20;2025-12-21,28,5459.124271708344,2025-11-24;2025-11-25;2025-11-26;2025-11-27;2025-11-28;2025-11-29;2025-11-30;2025-12-01;2025-12-02;2025-12-03;2025-12-04;2025-12-05;2025-12-06;2025-12-07;2025-12-08;2025-12-09;2025-12-10;2025-12-11;2025-12-12;2025-12-13;2025-12-14;2025-12-15;2025-12-16;2025-12-17;2025-12-18;2025-12-19;2025-12-20;2025-12-21,2025-12-08;2025-12-09;2025-12-10;2025-12-11;2025-12-12;2025-12-13;2025-12-14;2025-12-15;2025-12-16;2025-12-17;2025-12-18;2025-12-19;2025-12-20;2025-12-21,,2025-12-21,4627.622075208085,5839.157464317406,5827.622075208085,21.303186355556633,26.551518842085375,6.768014149636355,13.937304737678131,99863.0964500411,222.0499400373665,6321.066040579482,64218.1046395618,795.5006893638001,65013.6053289256,64218.10463956181,64218.10457534371,46089.50585345585,1571.7806421443966,lexicographic,6.42181045753437e-05,4.608950580736634e-05,False,0.17181970000092406,1.1330072200506835e-16,1,0
2025-12-23,False,calendar_trend,4,1.0,7,1.0,0,calibrated_quantile,2025-11-25;2025-11-26;2025-11-27;2025-11-28;2025-11-29;2025-11-30;2025-12-01;2025-12-02;2025-12-03;2025-12-04;2025-12-05;2025-12-06;2025-12-07;2025-12-08;2025-12-09;2025-12-10;2025-12-11;2025-12-12;2025-12-13;2025-12-14;2025-12-15;2025-12-16;2025-12-17;2025-12-18;2025-12-19;2025-12-20;2025-12-21;2025-12-22,28,5425.618561588466,2025-11-25;2025-11-26;2025-11-27;2025-11-28;2025-11-29;2025-11-30;2025-12-01;2025-12-02;2025-12-03;2025-12-04;2025-12-05;2025-12-06;2025-12-07;2025-12-08;2025-12-09;2025-12-10;2025-12-11;2025-12-12;2025-12-13;2025-12-14;2025-12-15;2025-12-16;2025-12-17;2025-12-18;2025-12-19;2025-12-20;2025-12-21;2025-12-22,2025-12-09;2025-12-10;2025-12-11;2025-12-12;2025-12-13;2025-12-14;2025-12-15;2025-12-16;2025-12-17;2025-12-18;2025-12-19;2025-12-20;2025-12-21;2025-12-22,,2025-12-22,4616.086686098764,5827.622075208085,5816.086686098764,19.176795064448527,23.234112188161976,9.87047503000126,20.363562594115013,98920.98910092533,110.88708926041642,6926.753642842286,63632.097272248255,411.4407112358506,64043.53798348411,63632.09727224826,63632.097208616164,46283.621188184836,1583.4969507537735,lexicographic,6.363209720861617e-05,4.6283621141901216e-05,False,0.16142629999740166,0.0,1,0
2025-12-24,False,calendar_trend,4,1.0,7,1.0,0,calibrated_quantile,2025-11-26;2025-11-27;2025-11-28;2025-11-29;2025-11-30;2025-12-01;2025-12-02;2025-12-03;2025-12-04;2025-12-05;2025-12-06;2025-12-07;2025-12-08;2025-12-09;2025-12-10;2025-12-11;2025-12-12;2025-12-13;2025-12-14;2025-12-15;2025-12-16;2025-12-17;2025-12-18;2025-12-19;2025-12-20;2025-12-21;2025-12-22;2025-12-23,28,5356.787976723557,2025-11-26;2025-11-27;2025-11-28;2025-11-29;2025-11-30;2025-12-01;2025-12-02;2025-12-03;2025-12-04;2025-12-05;2025-12-06;2025-12-07;2025-12-08;2025-12-09;2025-12-10;2025-12-11;2025-12-12;2025-12-13;2025-12-14;2025-12-15;2025-12-16;2025-12-17;2025-12-18;2025-12-19;2025-12-20;2025-12-21;2025-12-22;2025-12-23,2025-12-10;2025-12-11;2025-12-12;2025-12-13;2025-12-14;2025-12-15;2025-12-16;2025-12-17;2025-12-18;2025-12-19;2025-12-20;2025-12-21;2025-12-22;2025-12-23,,2025-12-23,4604.5512969894435,5816.086686098764,5804.5512969894435,18.705705124186277,23.370798606258944,12.547668793637436,26.50819821975061,97149.97607740668,415.0727274602542,4866.567180446232,62237.00507088324,1552.306407920104,63789.31147880335,62237.00507088325,62237.00500864623,46254.01619700845,1541.7498493861267,lexicographic,6.223700500864623e-05,4.625401615075442e-05,False,0.1632664000026125,0.0,1,0
2025-12-25,False,calendar_trend,4,1.0,7,1.0,0,calibrated_quantile,2025-11-27;2025-11-28;2025-11-29;2025-11-30;2025-12-01;2025-12-02;2025-12-03;2025-12-04;2025-12-05;2025-12-06;2025-12-07;2025-12-08;2025-12-09;2025-12-10;2025-12-11;2025-12-12;2025-12-13;2025-12-14;2025-12-15;2025-12-16;2025-12-17;2025-12-18;2025-12-19;2025-12-20;2025-12-21;2025-12-22;2025-12-23;2025-12-24,28,5377.321912930931,2025-11-27;2025-11-28;2025-11-29;2025-11-30;2025-12-01;2025-12-02;2025-12-03;2025-12-04;2025-12-05;2025-12-06;2025-12-07;2025-12-08;2025-12-09;2025-12-10;2025-12-11;2025-12-12;2025-12-13;2025-12-14;2025-12-15;2025-12-16;2025-12-17;2025-12-18;2025-12-19;2025-12-20;2025-12-21;2025-12-22;2025-12-23;2025-12-24,2025-12-11;2025-12-12;2025-12-13;2025-12-14;2025-12-15;2025-12-16;2025-12-17;2025-12-18;2025-12-19;2025-12-20;2025-12-21;2025-12-22;2025-12-23;2025-12-24,,2025-12-24,4597.649916454431,5804.5512969894435,5797.649916454431,24.42007523887201,30.750905599431537,10.131823949781811,22.43137224003949,96254.43812553887,879.3191181457346,4485.837427106257,61832.61328242326,2465.381686087383,64297.99496851065,61832.61328242326,61832.61322059064,46129.60793492894,1533.738899112193,lexicographic,6.183261322059064e-05,4.6129607888799334e-05,False,0.1630671999992046,0.0,1,0
2025-12-26,False,calendar_trend,4,1.0,7,1.0,0,calibrated_quantile,2025-11-28;2025-11-29;2025-11-30;2025-12-01;2025-12-02;2025-12-03;2025-12-04;2025-12-05;2025-12-06;2025-12-07;2025-12-08;2025-12-09;2025-12-10;2025-12-11;2025-12-12;2025-12-13;2025-12-14;2025-12-15;2025-12-16;2025-12-17;2025-12-18;2025-12-19;2025-12-20;2025-12-21;2025-12-22;2025-12-23;2025-12-24;2025-12-25,28,5504.024577881219,2025-11-28;2025-11-29;2025-11-30;2025-12-01;2025-12-02;2025-12-03;2025-12-04;2025-12-05;2025-12-06;2025-12-07;2025-12-08;2025-12-09;2025-12-10;2025-12-11;2025-12-12;2025-12-13;2025-12-14;2025-12-15;2025-12-16;2025-12-17;2025-12-18;2025-12-19;2025-12-20;2025-12-21;2025-12-22;2025-12-23;2025-12-24;2025-12-25,2025-12-12;2025-12-13;2025-12-14;2025-12-15;2025-12-16;2025-12-17;2025-12-18;2025-12-19;2025-12-20;2025-12-21;2025-12-22;2025-12-23;2025-12-24;2025-12-25,,2025-12-25,4590.748535919418,5797.649916454431,5790.748535919418,23.932368154739624,29.110457949690467,13.418212731669401,30.05464277278231,49710.58560188401,650.7438871396865,3283.262603129756,26133.89414187808,2257.928122534801,28391.822264412884,26133.894141878078,26133.89411574419,38841.72075840914,1351.2288769926656,lexicographic,2.6133894115744194e-05,3.884172075840915e-05,False,0.21052810000037425,0.0,1,0
2025-12-27,False,calendar_trend,4,1.0,7,1.0,0,calibrated_quantile,2025-11-29;2025-11-30;2025-12-01;2025-12-02;2025-12-03;2025-12-04;2025-12-05;2025-12-06;2025-12-07;2025-12-08;2025-12-09;2025-12-10;2025-12-11;2025-12-12;2025-12-13;2025-12-14;2025-12-15;2025-12-16;2025-12-17;2025-12-18;2025-12-19;2025-12-20;2025-12-21;2025-12-22;2025-12-23;2025-12-24;2025-12-25;2025-12-26,28,5659.154444918643,2025-11-29;2025-11-30;2025-12-01;2025-12-02;2025-12-03;2025-12-04;2025-12-05;2025-12-06;2025-12-07;2025-12-08;2025-12-09;2025-12-10;2025-12-11;2025-12-12;2025-12-13;2025-12-14;2025-12-15;2025-12-16;2025-12-17;2025-12-18;2025-12-19;2025-12-20;2025-12-21;2025-12-22;2025-12-23;2025-12-24;2025-12-25;2025-12-26,2025-12-13;2025-12-14;2025-12-15;2025-12-16;2025-12-17;2025-12-18;2025-12-19;2025-12-20;2025-12-21;2025-12-22;2025-12-23;2025-12-24;2025-12-25;2025-12-26,,2025-12-26,4583.847155384404,5790.748535919418,5783.847155384404,24.080754840983026,29.194607000790146,11.271772201380953,23.31378204459308,50213.83750338872,705.8515288555845,3484.3943242377204,26253.53623913062,2902.2990683273306,29155.83530745795,26253.536239130623,26253.536212877076,39089.79734625407,1366.657385170382,lexicographic,2.6253536212877076e-05,3.908979730716428e-05,False,0.18936899999971502,0.0,1,0
2025-12-28,False,calendar_trend,4,1.0,7,1.0,0,calibrated_quantile,2025-11-30;2025-12-01;2025-12-02;2025-12-03;2025-12-04;2025-12-05;2025-12-06;2025-12-07;2025-12-08;2025-12-09;2025-12-10;2025-12-11;2025-12-12;2025-12-13;2025-12-14;2025-12-15;2025-12-16;2025-12-17;2025-12-18;2025-12-19;2025-12-20;2025-12-21;2025-12-22;2025-12-23;2025-12-24;2025-12-25;2025-12-26;2025-12-27,28,5569.871712051592,2025-11-30;2025-12-01;2025-12-02;2025-12-03;2025-12-04;2025-12-05;2025-12-06;2025-12-07;2025-12-08;2025-12-09;2025-12-10;2025-12-11;2025-12-12;2025-12-13;2025-12-14;2025-12-15;2025-12-16;2025-12-17;2025-12-18;2025-12-19;2025-12-20;2025-12-21;2025-12-22;2025-12-23;2025-12-24;2025-12-25;2025-12-26;2025-12-27,2025-12-14;2025-12-15;2025-12-16;2025-12-17;2025-12-18;2025-12-19;2025-12-20;2025-12-21;2025-12-22;2025-12-23;2025-12-24;2025-12-25;2025-12-26;2025-12-27,,2025-12-27,4576.9457748493915,5783.847155384404,5776.9457748493915,24.177633128065757,30.21016660407838,12.042206718309956,27.713978764169774,96294.1405944886,534.7244990757642,5174.864413203639,61773.72153630667,1750.3446767990554,63524.066213105725,61773.72153630667,61773.72147453293,46217.96115218924,1549.7757494514692,lexicographic,6.177372147453294e-05,4.621796110597127e-05,False,0.21486110000114422,0.0,1,0
2025-12-29,False,calendar_trend,4,1.0,7,1.0,0,calibrated_quantile,2025-12-01;2025-12-02;2025-12-03;2025-12-04;2025-12-05;2025-12-06;2025-12-07;2025-12-08;2025-12-09;2025-12-10;2025-12-11;2025-12-12;2025-12-13;2025-12-14;2025-12-15;2025-12-16;2025-12-17;2025-12-18;2025-12-19;2025-12-20;2025-12-21;2025-12-22;2025-12-23;2025-12-24;2025-12-25;2025-12-26;2025-12-27;2025-12-28,28,5498.125465707713,2025-12-01;2025-12-02;2025-12-03;2025-12-04;2025-12-05;2025-12-06;2025-12-07;2025-12-08;2025-12-09;2025-12-10;2025-12-11;2025-12-12;2025-12-13;2025-12-14;2025-12-15;2025-12-16;2025-12-17;2025-12-18;2025-12-19;2025-12-20;2025-12-21;2025-12-22;2025-12-23;2025-12-24;2025-12-25;2025-12-26;2025-12-27;2025-12-28,2025-12-15;2025-12-16;2025-12-17;2025-12-18;2025-12-19;2025-12-20;2025-12-21;2025-12-22;2025-12-23;2025-12-24;2025-12-25;2025-12-26;2025-12-27;2025-12-28,,2025-12-28,4568.461357059263,5776.9457748493915,5768.461357059263,21.354048458907958,26.70831355047249,11.301593741549915,23.31482329393537,98209.37604359139,281.6699841321521,6151.256392328809,62991.049575831516,1122.9865145913375,64114.03609042285,62991.049575831516,62991.049512840465,45959.3381548423,1594.3896348679136,lexicographic,6.299104951284046e-05,4.595933810888296e-05,False,0.2827640000032261,0.0,1,0
2025-12-30,False,calendar_trend,4,1.0,7,1.0,0,calibrated_quantile,2025-12-02;2025-12-03;2025-12-04;2025-12-05;2025-12-06;2025-12-07;2025-12-08;2025-12-09;2025-12-10;2025-12-11;2025-12-12;2025-12-13;2025-12-14;2025-12-15;2025-12-16;2025-12-17;2025-12-18;2025-12-19;2025-12-20;2025-12-21;2025-12-22;2025-12-23;2025-12-24;2025-12-25;2025-12-26;2025-12-27;2025-12-28;2025-12-29,28,5004.024409257694,2025-12-02;2025-12-03;2025-12-04;2025-12-05;2025-12-06;2025-12-07;2025-12-08;2025-12-09;2025-12-10;2025-12-11;2025-12-12;2025-12-13;2025-12-14;2025-12-15;2025-12-16;2025-12-17;2025-12-18;2025-12-19;2025-12-20;2025-12-21;2025-12-22;2025-12-23;2025-12-24;2025-12-25;2025-12-26;2025-12-27;2025-12-28;2025-12-29,2025-12-16;2025-12-17;2025-12-18;2025-12-19;2025-12-20;2025-12-21;2025-12-22;2025-12-23;2025-12-24;2025-12-25;2025-12-26;2025-12-27;2025-12-28;2025-12-29,,2025-12-29,4559.976939269136,5768.461357059263,5759.976939269136,19.18500922006823,23.856421649413054,17.491334607440038,36.48535032160787,97730.59576676175,242.3304688439963,6923.00270929042,62653.832672178374,922.4141264310281,63576.246798609405,62653.832672178374,62653.83260952457,46049.81488764736,1576.3459764745708,lexicographic,6.265383260952458e-05,4.604981488764645e-05,False,0.3288033000026189,0.0,1,0
2025-12-31,False,calendar_trend,4,1.0,7,1.0,0,calibrated_quantile,2025-12-03;2025-12-04;2025-12-05;2025-12-06;2025-12-07;2025-12-08;2025-12-09;2025-12-10;2025-12-11;2025-12-12;2025-12-13;2025-12-14;2025-12-15;2025-12-16;2025-12-17;2025-12-18;2025-12-19;2025-12-20;2025-12-21;2025-12-22;2025-12-23;2025-12-24;2025-12-25;2025-12-26;2025-12-27;2025-12-28;2025-12-29;2025-12-30,28,4443.416225489489,2025-12-03;2025-12-04;2025-12-05;2025-12-06;2025-12-07;2025-12-08;2025-12-09;2025-12-10;2025-12-11;2025-12-12;2025-12-13;2025-12-14;2025-12-15;2025-12-16;2025-12-17;2025-12-18;2025-12-19;2025-12-20;2025-12-21;2025-12-22;2025-12-23;2025-12-24;2025-12-25;2025-12-26;2025-12-27;2025-12-28;2025-12-29;2025-12-30,2025-12-17;2025-12-18;2025-12-19;2025-12-20;2025-12-21;2025-12-22;2025-12-23;2025-12-24;2025-12-25;2025-12-26;2025-12-27;2025-12-28;2025-12-29;2025-12-30,,2025-12-30,4551.492521479007,5759.976939269136,5751.492521479007,22.200387618623395,27.869871980118763,10.568749646906,22.036949185863364,96477.44383033819,766.1112453215344,3831.4817535238603,61575.07487508051,3104.447744097747,64679.52261917826,61575.07487508051,61575.07481350541,45479.46924081492,1569.847954214058,lexicographic,6.157507481350541e-05,4.547946924081848e-05,False,0.30691810000280384,0.0,1,0
