date,warmup,k_load,rho_load,k_pv,rho_pv,scenario_count,purchase_strategy,risk_source_dates,risk_source_day_count,purchase_margin_kwh,similar_load_dates,similar_pv_dates,scenario_source_dates,reserve_latest_source_date,reserve_kwh,soc_start_kwh,soc_end_kwh,load_mae_kwh,load_rmse_kwh,pv_mae_kwh,pv_rmse_kwh,planned_grid_kwh,actual_emergency_kwh,actual_surplus_kwh,planned_cost_yuan,emergency_cost_yuan,actual_total_cost_yuan,solver_objective_yuan,primary_optimum_yuan,storage_throughput_kwh,peak_grid_kwh,objective_mode,cost_lock_tolerance,throughput_lock_tolerance,lexicographic_tolerance_relaxed,solver_seconds,mip_gap,mip_node_count,solver_status
2025-01-01,True,4,1.0,7,1.0,1,legacy_scenarios,,0,0.0,,,,,0.0,6000.0,1200.0,113.22068668981478,133.3022984116728,140.49898124999996,202.86438614058318,52529.80168005713,36514.41488333335,21.21729999999991,31695.893160280786,146586.9024518167,178282.79561209748,31695.893160280786,31695.8931285849,33842.352300601924,1409.804549999972,lexicographic,3.1695893128584904e-05,3.384235230060153e-05,False,0.2209523999990779,0.0,1,0
2025-01-02,True,4,1.0,7,1.0,1,legacy_scenarios,,0,0.0,2025-01-01,2025-01-01,2025-01-01,2025-01-01,0.0,1200.0,1200.0,23.174773842592586,30.59957725485432,10.191742013888886,22.31262096676364,119009.20870206608,1078.4512333333325,24345.769549862936,78687.90421292813,3690.905855833331,82378.81006876146,111049.52267873258,111049.52256768305,54276.371258526735,1915.6016666666665,lexicographic,0.00011104952256768305,5.4276371204250335e-05,False,0.30976019999798154,0.0,1,0
2025-01-03,True,4,1.0,7,1.0,2,legacy_scenarios,,0,0.0,2025-01-02,2025-01-02,2025-01-02;2025-01-01,2025-01-02,0.0,1200.0,1200.0,317.8716789351851,348.7040332424474,14.416922685185186,34.59753499876732,119890.58306328842,0.0,71527.18066666667,79453.40193949819,0.0,79453.40193949819,97624.76999705652,97624.76989943175,54310.75956914717,1912.433024906014,lexicographic,9.762476989943175e-05,5.4310759514836386e-05,False,0.2805711999972118,0.0,1,0
2025-01-04,True,4,1.0,7,1.0,3,legacy_scenarios,,0,0.0,2025-01-02;2025-01-03,2025-01-02;2025-01-03,2025-01-03;2025-01-02;2025-01-01,2025-01-03,0.0,1200.0,1200.0,160.62484398148146,176.43343098782768,13.496411921296293,34.372197882564734,96009.55527342219,125.69500000000005,48634.08835787999,59948.87500569116,268.7359100000001,60217.61091569116,72124.92543615303,72124.9253640281,51975.63142863508,1681.2154912133342,lexicographic,7.21249253640281e-05,5.197563137665945e-05,False,0.2293841999999131,0.0,1,0
2025-01-05,True,4,1.0,7,1.0,4,legacy_scenarios,,0,0.0,2025-01-04;2025-01-02;2025-01-03,2025-01-04;2025-01-02;2025-01-03,2025-01-04;2025-01-03;2025-01-02;2025-01-01,2025-01-04,0.0,1200.0,1200.0,212.01386859567904,233.77631031764665,8.594969907407412,17.060329152744558,87810.75831542313,14603.011850000003,8704.845405555552,53461.22171633378,61680.16771044722,115141.389426781,62665.91836476364,62665.918302097736,50791.074737484276,1603.4340888888887,lexicographic,6.266591830209774e-05,5.079107473748182e-05,False,0.239600299999438,0.0,1,0
2025-01-06,True,4,1.0,7,1.0,5,legacy_scenarios,,0,0.0,2025-01-05;2025-01-04;2025-01-02;2025-01-03,2025-01-05;2025-01-04;2025-01-02;2025-01-03,2025-01-03;2025-01-02;2025-01-01;2025-01-05;2025-01-04,2025-01-05,9600.0,1200.0,10800.0,153.12547980324072,169.0588475659639,10.199889641203704,18.703873205654457,99069.41962765352,10192.509579166668,5829.1386208333315,59617.35034407443,42773.92441210209,102391.27475617651,83546.05164600138,83546.05156245537,61058.68700805194,1683.780926388889,lexicographic,8.354605156245537e-05,6.105868700804778e-05,False,0.42003810000096564,0.0,1,0
2025-01-07,True,4,1.0,7,1.0,5,legacy_scenarios,,0,0.0,2025-01-06;2025-01-05;2025-01-04;2025-01-03,2025-01-06;2025-01-05;2025-01-04;2025-01-03;2025-01-02,2025-01-06;2025-01-03;2025-01-02;2025-01-01;2025-01-05,2025-01-06,9600.0,10800.0,10800.0,155.2669320601852,173.6515376588082,16.54014543981482,37.71145158073236,91964.91944571884,10400.429973333336,7041.943013691134,57353.91602306295,43513.91877783181,100867.83480089475,87580.49579963295,87580.4957120525,52373.603651860074,1621.3056286377864,lexicographic,8.758049571205251e-05,5.237360359948648e-05,False,0.20448690000193892,0.0,1,0
2025-01-08,True,4,1.0,7,1.0,5,legacy_scenarios,,0,0.0,2025-01-07;2025-01-06;2025-01-03;2025-01-02,2025-01-07;2025-01-06;2025-01-03;2025-01-02;2025-01-04;2025-01-05,2025-01-07;2025-01-06;2025-01-03;2025-01-02;2025-01-01,2025-01-07,9600.0,10800.0,10800.0,76.57864282407408,86.28541026220604,11.743839756944448,27.510074910574733,103910.18531110568,4869.559020833334,16388.383458774424,66665.75613894954,20180.026293962503,86845.78243291203,93139.23218402272,93139.23209088357,54441.83157346076,1720.6263234966436,lexicographic,9.313923209088357e-05,5.444183151901893e-05,False,0.28368069999851286,1.5623829938996446e-16,1,0
2025-01-09,True,4,1.0,7,1.0,6,legacy_scenarios,,0,0.0,2025-01-07;2025-01-06;2025-01-08;2025-01-05,2025-01-07;2025-01-06;2025-01-08;2025-01-05;2025-01-04;2025-01-03;2025-01-02,2025-01-08;2025-01-07;2025-01-06;2025-01-03;2025-01-02;2025-01-01,2025-01-08,9600.0,10800.0,10800.0,18.543603269675916,24.68488685753256,14.302365443121687,28.964994506799798,108866.29489244532,811.0136333333339,15768.362431144938,71067.89392309761,2382.3757356375036,73450.26965873511,100516.68103377555,100516.68093325892,53530.40958137409,1840.116188690476,lexicographic,0.00010051668093325893,5.353040952784369e-05,False,0.5372724999979255,0.0,1,0
2025-01-10,True,4,1.0,7,1.0,7,legacy_scenarios,,0,0.0,2025-01-09;2025-01-08;2025-01-07;2025-01-06,2025-01-09;2025-01-08;2025-01-07;2025-01-06;2025-01-03;2025-01-04;2025-01-02,2025-01-09;2025-01-08;2025-01-07;2025-01-06;2025-01-03;2025-01-02;2025-01-01,2025-01-09,9600.0,10800.0,10800.0,315.2259735243055,343.80741676306536,13.036234490740743,23.581469382985006,108737.15954705844,0.0,60438.613781698165,70954.30997077542,0.0,70954.30997077542,96576.29442973087,96576.29433315455,53349.7019329514,1837.6718499999997,lexicographic,9.657629433315456e-05,5.334970187921304e-05,False,0.7403124999982538,0.0,1,0
2025-01-11,True,4,1.0,7,1.0,5,legacy_scenarios,,0,0.0,2025-01-10;2025-01-04;2025-01-05;2025-01-09,2025-01-10;2025-01-04;2025-01-05;2025-01-09;2025-01-08;2025-01-07;2025-01-06,2025-01-05;2025-01-04;2025-01-10;2025-01-09;2025-01-08,2025-01-10,9600.0,10800.0,10800.0,160.43242879050925,177.37324896535188,8.88114518849207,17.65386992893256,84265.61595748768,91.34416666666539,36812.104245202885,51762.90164895887,195.2938283333306,51958.195477292196,69950.41167349706,69950.41160354669,50900.41598341118,1587.163333333332,lexicographic,6.995041160354669e-05,5.0900415932510754e-05,False,0.25796750000154134,0.0,1,0
2025-01-12,True,4,1.0,7,1.0,5,legacy_scenarios,,0,0.0,2025-01-11;2025-01-10;2025-01-05;2025-01-04,2025-01-11;2025-01-10;2025-01-05;2025-01-04;2025-01-09;2025-01-06;2025-01-07,2025-01-11;2025-01-05;2025-01-04;2025-01-10;2025-01-09,2025-01-11,9600.0,10800.0,10800.0,231.62261385995367,254.54862271919572,9.330521312830685,18.99400306046369,72137.24728067324,21630.573491071424,249.3270539682544,42063.81060875823,86774.38596426646,128838.19657302469,56798.47674718336,56798.47669038491,50399.50103775168,1437.9551190476188,lexicographic,5.679847669038491e-05,5.0399500987352186e-05,False,0.19666009999855305,0.0,1,0
2025-01-13,True,4,1.0,7,1.0,8,legacy_scenarios,,0,0.0,2025-01-10;2025-01-12;2025-01-07;2025-01-08,2025-01-10;2025-01-12;2025-01-07;2025-01-08;2025-01-11;2025-01-06;2025-01-09,2025-01-10;2025-01-09;2025-01-08;2025-01-07;2025-01-06;2025-01-03;2025-01-02;2025-01-01,2025-01-12,9600.0,10800.0,10800.0,80.42537786458335,90.09165214394307,18.904435813492082,33.965321589273174,97247.19377578695,5127.986495833333,11369.003986666661,61590.92614027398,20811.176881777083,82402.10302205106,83938.50390176279,83938.50381782418,51912.16704745221,1700.6308333333332,lexicographic,8.393850381782419e-05,5.1912166995540043e-05,False,0.4937852000002749,0.0,1,0
2025-01-14,True,4,1.0,7,1.0,9,legacy_scenarios,,0,0.0,2025-01-09;2025-01-13;2025-01-07;2025-01-12,2025-01-09;2025-01-13;2025-01-07;2025-01-12;2025-01-06;2025-01-10;2025-01-11,2025-01-13;2025-01-10;2025-01-09;2025-01-08;2025-01-07;2025-01-06;2025-01-03;2025-01-02;2025-01-01,2025-01-13,9600.0,10800.0,10800.0,18.74131059027778,23.157980450644043,11.960215823412709,23.98416661720409,108613.14140523912,1009.2585916666674,17522.686548571433,70755.83921980315,3293.3892354916693,74049.22845529483,92909.75368957256,92909.75359666286,53568.609785019464,1816.7728684726314,lexicographic,9.290975359666287e-05,5.3568609731450855e-05,False,0.6250183999982255,0.0,1,0
2025-01-15,True,4,1.0,7,1.0,10,legacy_scenarios,,0,0.0,2025-01-14;2025-01-09;2025-01-13;2025-01-10,2025-01-14;2025-01-09;2025-01-13;2025-01-10;2025-01-07;2025-01-12;2025-01-06,2025-01-14;2025-01-13;2025-01-10;2025-01-09;2025-01-08;2025-01-07;2025-01-06;2025-01-03;2025-01-02;2025-01-01,2025-01-14,9600.0,10800.0,10800.0,79.35085726273148,90.22398859570124,9.678541005291002,18.616331272321712,96087.51666844486,5050.389867261903,8335.542041666671,60727.667649494084,21754.697309396426,82482.36495889051,81736.18804454088,81736.18796280476,51908.40965342864,1660.709907512525,lexicographic,8.173618796280476e-05,5.190840960152022e-05,False,0.8473114999978861,0.0,1,0
2025-01-16,True,4,1.0,7,1.0,11,legacy_scenarios,,0,0.0,2025-01-15;2025-01-10;2025-01-14;2025-01-09,2025-01-15;2025-01-10;2025-01-14;2025-01-09;2025-01-07;2025-01-13;2025-01-08,2025-01-15;2025-01-14;2025-01-13;2025-01-10;2025-01-09;2025-01-08;2025-01-07;2025-01-06;2025-01-03;2025-01-02;2025-01-01,2025-01-15,9600.0,10800.0,10800.0,78.99361782407408,88.4022191100579,15.770518634259266,32.492414400432736,93400.13641341998,5074.959358928571,6685.587168249585,58858.83619340255,21084.588287643754,79943.4244810463,81496.39650513555,81496.39642363916,51591.78592788073,1654.2470554103725,lexicographic,8.149639642363916e-05,5.1591785876288945e-05,False,0.8277347000002919,0.0,1,0
2025-01-17,True,4,1.0,7,1.0,12,legacy_scenarios,,0,0.0,2025-01-16;2025-01-15;2025-01-10;2025-01-14,2025-01-16;2025-01-15;2025-01-10;2025-01-14;2025-01-09;2025-01-07;2025-01-13,2025-01-16;2025-01-15;2025-01-14;2025-01-13;2025-01-10;2025-01-09;2025-01-08;2025-01-07;2025-01-06;2025-01-03;2025-01-02;2025-01-01,2025-01-16,9600.0,10800.0,10800.0,241.08244337384258,264.7647145378256,11.897375810185197,22.92634785488274,92947.68348614723,0.0,47561.79941011905,58511.25158779306,0.0,58511.25158779306,81242.9067066942,81242.9066254513,51238.64157786881,1644.6702053649128,lexicographic,8.12429066254513e-05,5.123864152663018e-05,False,0.7243720000005851,1.7911613250686077e-16,1,0
2025-01-18,True,4,1.0,7,1.0,5,legacy_scenarios,,0,0.0,2025-01-12;2025-01-11;2025-01-17;2025-01-16,2025-01-12;2025-01-11;2025-01-17;2025-01-16;2025-01-15;2025-01-14;2025-01-04,2025-01-12;2025-01-11;2025-01-05;2025-01-04;2025-01-17,2025-01-17,9600.0,10800.0,10800.0,159.61433272569445,175.89388512040037,12.71195305886244,22.94699779741692,86612.68713095055,119.59041666666599,40811.173361177774,53288.91410629636,255.68431083333186,53544.598417129695,79532.32986402561,79532.32978449327,50893.308225682886,1616.146593619908,lexicographic,7.953232978449328e-05,5.0893308174789583e-05,False,0.21222080000006827,0.0,1,0
2025-01-19,True,4,1.0,7,1.0,5,legacy_scenarios,,0,0.0,2025-01-18;2025-01-12;2025-01-11;2025-01-17,2025-01-18;2025-01-12;2025-01-11;2025-01-17;2025-01-14;2025-01-16;2025-01-15,2025-01-18;2025-01-12;2025-01-11;2025-01-05;2025-01-04,2025-01-18,9600.0,10800.0,10800.0,233.73216880787035,258.3747073217141,11.925785152116404,22.622458756992767,75336.72257710059,17019.872361309524,1040.1544190476204,44246.86386830019,71885.00372749296,116131.86759579316,70096.01860066692,70096.01853057086,50032.72000122063,1545.706244645277,lexicographic,7.009601853057086e-05,5.0032719951187905e-05,False,0.29273920000196085,4.1519948018218315e-16,1,0
2025-01-20,True,4,1.0,7,1.0,13,legacy_scenarios,,0,0.0,2025-01-13;2025-01-14;2025-01-17;2025-01-15,2025-01-13;2025-01-14;2025-01-17;2025-01-15;2025-01-16;2025-01-07;2025-01-09,2025-01-17;2025-01-16;2025-01-15;2025-01-14;2025-01-13;2025-01-10;2025-01-09;2025-01-08;2025-01-07;2025-01-06;2025-01-03;2025-01-02;2025-01-01,2025-01-19,9600.0,10800.0,10800.0,77.61492627314816,87.9739474006443,13.255158416005306,24.8406359428604,92433.15894077689,4710.122792857143,6382.387793975322,58041.250048513204,19835.707910791076,77876.95795930427,79087.24246388521,79087.24238479805,51182.53040351578,1639.2624851190476,lexicographic,7.908724238479806e-05,5.118253035233325e-05,False,1.1771989000008034,0.0,1,0
2025-01-21,True,4,1.0,7,1.0,14,legacy_scenarios,,0,0.0,2025-01-20;2025-01-14;2025-01-15;2025-01-17,2025-01-20;2025-01-14;2025-01-15;2025-01-17;2025-01-16;2025-01-09;2025-01-07,2025-01-20;2025-01-17;2025-01-16;2025-01-15;2025-01-14;2025-01-13;2025-01-10;2025-01-09;2025-01-08;2025-01-07;2025-01-06;2025-01-03;2025-01-02;2025-01-01,2025-01-20,9600.0,10800.0,10800.0,72.38462725694441,82.18990599086861,36.5304693452381,69.4728256871594,92376.73506828355,4450.477120833332,10657.201992023813,58055.53954146913,18139.778179402078,76195.31772087121,78980.80067053685,78980.800591556,51188.00476143512,1639.607068452381,lexicographic,7.898080059155601e-05,5.118800471024712e-05,False,0.9848493999998027,0.0,1,0
2025-01-22,True,4,1.0,7,1.0,14,legacy_scenarios,,0,0.0,2025-01-21;2025-01-20;2025-01-14;2025-01-15,2025-01-21;2025-01-20;2025-01-14;2025-01-15;2025-01-17;2025-01-09;2025-01-16,2025-01-21;2025-01-20;2025-01-17;2025-01-16;2025-01-15;2025-01-14;2025-01-13;2025-01-10;2025-01-09;2025-01-08;2025-01-07;2025-01-06;2025-01-03;2025-01-02,2025-01-21,9600.0,10800.0,10800.0,17.456171325231484,22.136014137538805,13.73011674933862,25.383954250927996,98872.16131331507,799.8590499999991,8076.142334722224,63599.646786928315,3028.5012029312484,66628.14798985956,81892.29291419762,81892.29283230533,51245.15957659779,1699.61625,lexicographic,8.189229283230534e-05,5.124515952535263e-05,False,0.7912026000012702,0.0,1,0
2025-01-23,True,4,1.0,7,1.0,14,legacy_scenarios,,0,0.0,2025-01-15;2025-01-21;2025-01-16;2025-01-17,2025-01-15;2025-01-21;2025-01-16;2025-01-17;2025-01-20;2025-01-14;2025-01-09,2025-01-22;2025-01-21;2025-01-20;2025-01-17;2025-01-16;2025-01-15;2025-01-14;2025-01-13;2025-01-10;2025-01-09;2025-01-08;2025-01-07;2025-01-06;2025-01-03,2025-01-22,9600.0,10800.0,10800.0,79.48195810185183,89.38770605470151,14.05202716600528,28.507884196245495,87372.5830649131,6099.509641511953,1210.802597023811,54286.29497219167,23361.05386753534,77647.348839727,72537.03698783001,72537.03691529298,51211.92567862364,1631.664166618112,lexicographic,7.253703691529298e-05,5.12119256274117e-05,False,1.383199500000046,0.0,1,0
2025-01-24,True,4,1.0,7,1.0,14,legacy_scenarios,,0,0.0,2025-01-23;2025-01-17;2025-01-16;2025-01-20,2025-01-23;2025-01-17;2025-01-16;2025-01-20;2025-01-21;2025-01-10;2025-01-15,2025-01-23;2025-01-22;2025-01-21;2025-01-20;2025-01-17;2025-01-16;2025-01-15;2025-01-14;2025-01-13;2025-01-10;2025-01-09;2025-01-08;2025-01-07;2025-01-06,2025-01-23,9600.0,10800.0,10800.0,241.74790778356478,266.3479368050662,17.402429894179907,38.576393485774744,88615.89671175925,0.0,46092.52226936625,54943.47901231317,0.0,54943.47901231317,74215.34797670427,74215.34790248875,51185.264555467234,1630.1328571000702,lexicographic,7.421534790248875e-05,5.118526450428197e-05,False,0.8664805999978853,0.0,1,0
2025-01-25,True,4,1.0,7,1.0,6,legacy_scenarios,,0,0.0,2025-01-19;2025-01-18;2025-01-22;2025-01-21,2025-01-19;2025-01-18;2025-01-22;2025-01-21;2025-01-12;2025-01-23;2025-01-17,2025-01-19;2025-01-18;2025-01-12;2025-01-11;2025-01-05;2025-01-04,2025-01-24,9600.0,10800.0,10800.0,238.40343926504627,262.9484828503039,29.016727728174615,56.81586459973441,96951.48133377844,0.0,55764.026825992056,61629.18970511942,0.0,61629.18970511942,95049.34668093178,95049.34658588254,52209.70178127471,1745.480729952576,lexicographic,9.504934658588254e-05,5.2209701729065e-05,False,0.4753256000003603,0.0,1,0
2025-01-26,True,4,1.0,7,1.0,7,legacy_scenarios,,0,0.0,2025-01-25;2025-01-19;2025-01-18;2025-01-22,2025-01-25;2025-01-19;2025-01-18;2025-01-22;2025-01-21;2025-01-20;2025-01-12,2025-01-25;2025-01-19;2025-01-18;2025-01-12;2025-01-11;2025-01-05;2025-01-04,2025-01-25,9600.0,10800.0,10800.0,157.65562161458334,175.02319621012435,16.48676069775131,35.340363716249435,84722.42959860055,10111.58783611111,4456.432235912697,51805.92268502488,41835.41972518641,93641.34241021129,80508.85044023054,80508.8503597218,50893.30814384698,1613.8899269718531,lexicographic,8.05088503597218e-05,5.089330809295368e-05,False,0.2363417999986268,0.0,1,0
2025-01-27,True,4,1.0,7,1.0,14,legacy_scenarios,,0,0.0,2025-01-20;2025-01-21;2025-01-24;2025-01-23,2025-01-20;2025-01-21;2025-01-24;2025-01-23;2025-01-14;2025-01-17;2025-01-13,2025-01-24;2025-01-23;2025-01-22;2025-01-21;2025-01-20;2025-01-17;2025-01-16;2025-01-15;2025-01-14;2025-01-13;2025-01-10;2025-01-09;2025-01-08;2025-01-07,2025-01-26,9600.0,10800.0,10800.0,75.6719003761574,84.69641244648551,19.775141749338633,36.97094694954484,85590.33666966634,5057.995240476191,3794.627186309523,52746.645589328225,20772.59467985208,73519.2402691803,68770.19686819494,68770.19679942474,50516.97086949426,1604.9416038685479,lexicographic,6.877019679942475e-05,5.051697081897729e-05,False,0.6357851000029768,0.0,1,0
2025-01-28,True,4,1.0,7,1.0,14,legacy_scenarios,,0,0.0,2025-01-22;2025-01-20;2025-01-23;2025-01-21,2025-01-22;2025-01-20;2025-01-23;2025-01-21;2025-01-27;2025-01-14;2025-01-13,2025-01-27;2025-01-24;2025-01-23;2025-01-22;2025-01-21;2025-01-20;2025-01-17;2025-01-16;2025-01-15;2025-01-14;2025-01-13;2025-01-10;2025-01-09;2025-01-08,2025-01-27,9600.0,10800.0,10800.0,20.212109780092582,24.657720047553937,11.444311425264548,21.210525538467504,96192.79208758374,893.3042791666668,7408.583303730862,61351.60652571377,2824.2345435895822,64175.84106930335,74418.21533194835,74418.21525753009,51245.1602307047,1672.5710714285715,lexicographic,7.44182152575301e-05,5.124516017945954e-05,False,0.9323487000001478,0.0,1,0
2025-01-29,True,4,1.0,7,1.0,14,legacy_scenarios,,0,0.0,2025-01-23;2025-01-21;2025-01-27;2025-01-22,2025-01-23;2025-01-21;2025-01-27;2025-01-22;2025-01-24;2025-01-15;2025-01-20,2025-01-28;2025-01-27;2025-01-24;2025-01-23;2025-01-22;2025-01-21;2025-01-20;2025-01-17;2025-01-16;2025-01-15;2025-01-14;2025-01-13;2025-01-10;2025-01-09,2025-01-28,9600.0,10800.0,10800.0,20.31237502893519,24.755673979558736,33.8163037202381,56.83979809664988,95672.97148800347,409.17457499999944,11999.831309286465,60979.43362563825,1262.6417155520824,62242.075341190335,72819.5604236614,72819.56035084187,51245.16037062336,1659.1282738095142,lexicographic,7.281956035084188e-05,5.124516031937821e-05,False,0.5573016999987885,0.0,1,0
2025-01-30,True,4,1.0,7,1.0,14,legacy_scenarios,,0,0.0,2025-01-22;2025-01-29;2025-01-21;2025-01-27,2025-01-22;2025-01-29;2025-01-21;2025-01-27;2025-01-23;2025-01-24;2025-01-17,2025-01-29;2025-01-28;2025-01-27;2025-01-24;2025-01-23;2025-01-22;2025-01-21;2025-01-20;2025-01-17;2025-01-16;2025-01-15;2025-01-14;2025-01-13;2025-01-10,2025-01-29,9600.0,10800.0,10800.0,17.260203530092593,23.54083424750967,16.762830340608478,35.092930279914206,94402.9950376155,689.7846875000006,8653.083232738096,59923.36387045037,2933.2123870375026,62856.57625748787,71663.08044540681,71663.08037374383,51245.1604718374,1645.1879583382974,lexicographic,7.166308037374383e-05,5.1245160420592244e-05,False,0.7568262000022514,0.0,1,0
2025-01-31,True,4,1.0,7,1.0,14,legacy_scenarios,,0,0.0,2025-01-30;2025-01-29;2025-01-22;2025-01-23,2025-01-30;2025-01-29;2025-01-22;2025-01-23;2025-01-24;2025-01-27;2025-01-21,2025-01-30;2025-01-29;2025-01-28;2025-01-27;2025-01-24;2025-01-23;2025-01-22;2025-01-21;2025-01-20;2025-01-17;2025-01-16;2025-01-15;2025-01-14;2025-01-13,2025-01-30,9600.0,10800.0,10800.0,320.19415726273144,350.270053053422,14.48071106150793,26.750097102667116,94080.97371863262,0.0,52619.53840357142,59763.38950148299,0.0,59763.38950148299,71672.62948648338,71672.62941481074,51245.13303616278,1634.0180952380954,lexicographic,7.167262941481075e-05,5.124513298491765e-05,False,0.8799280000021099,0.0,1,0
2025-02-01,False,2,1.0,5,1.0,0,calibrated_quantile,2025-01-04;2025-01-05;2025-01-11;2025-01-12;2025-01-18;2025-01-19;2025-01-25;2025-01-26,8,32389.058477579358,2025-01-25;2025-01-26,2025-01-25;2025-01-26;2025-01-18;2025-01-19;2025-01-31,,2025-01-31,9600.0,10800.0,10800.0,188.9121540509259,204.28338617932204,17.15133831018517,32.36404061655323,99071.24749105514,0.0,61995.959090912685,63413.05738941628,0.0,63413.05738941628,63413.05738941628,63413.05732600323,51245.136869373506,1660.408861111111,lexicographic,6.341305732600324e-05,5.124513686936951e-05,False,0.17155170000114595,1.14739107701086e-16,1,0
2025-02-02,False,2,1.0,5,1.0,0,calibrated_quantile,2025-01-05;2025-01-11;2025-01-12;2025-01-18;2025-01-19;2025-01-25;2025-01-26;2025-02-01,8,32368.696844246024,2025-01-26;2025-02-01,2025-01-26;2025-02-01;2025-01-25;2025-01-19;2025-01-18,,2025-02-01,9600.0,10800.0,10800.0,141.52280219907405,159.66328573496386,25.624500671296282,44.32670421536227,96751.17021697843,31.15916666666658,15728.938924246024,61801.36234019849,67.88024458333314,61869.24258478182,61801.362340198495,61801.362278397115,51245.13767858253,1613.6521911224413,lexicographic,6.180136227839711e-05,5.1245137627337384e-05,False,0.14181459999963408,0.0,1,0
2025-02-03,False,2,1.0,5,1.0,0,calibrated_quantile,2025-01-06;2025-01-07;2025-01-08;2025-01-09;2025-01-10;2025-01-13;2025-01-14;2025-01-15;2025-01-16;2025-01-17;2025-01-20;2025-01-21;2025-01-22;2025-01-23;2025-01-24;2025-01-27;2025-01-28;2025-01-29;2025-01-30;2025-01-31,20,12543.59762757936,2025-01-28;2025-01-31,2025-01-28;2025-01-31;2025-01-22;2025-01-30;2025-01-20,,2025-02-02,9600.0,10800.0,10800.0,134.63788385416663,152.32117777468056,19.76901261574073,36.467618513100106,78393.8148921329,5147.17007992064,865.1787758333329,47260.83855983834,22174.420201979923,69435.25876181826,47260.83855983834,47260.8385125775,46718.90422818414,1518.3593264521514,lexicographic,4.7260838512577506e-05,4.671890418146524e-05,False,0.108151699998416,0.0,1,0
2025-02-04,False,2,1.0,5,1.0,0,calibrated_quantile,2025-01-07;2025-01-08;2025-01-09;2025-01-10;2025-01-13;2025-01-14;2025-01-15;2025-01-16;2025-01-17;2025-01-20;2025-01-21;2025-01-22;2025-01-23;2025-01-24;2025-01-27;2025-01-28;2025-01-29;2025-01-30;2025-01-31;2025-02-03,20,12271.617434880947,2025-02-03;2025-01-28,2025-02-03;2025-01-28;2025-01-31;2025-01-22;2025-01-29,,2025-02-03,9600.0,10800.0,10800.0,26.937415162037034,32.95516227293959,13.863305138888895,27.290705789511332,98524.97407583041,23.914254166666865,14656.911905714282,63220.06136383568,51.49125162083375,63271.552615456516,63220.06136383569,63220.06130061558,51245.13701137349,1614.2638746532211,lexicographic,6.322006130061559e-05,5.1245136960128346e-05,False,0.29852870000104303,0.0,1,0
2025-02-05,False,2,1.0,5,1.0,0,calibrated_quantile,2025-01-08;2025-01-09;2025-01-10;2025-01-13;2025-01-14;2025-01-15;2025-01-16;2025-01-17;2025-01-20;2025-01-21;2025-01-22;2025-01-23;2025-01-24;2025-01-27;2025-01-28;2025-01-29;2025-01-30;2025-01-31;2025-02-03;2025-02-04,20,10901.94327,2025-02-04;2025-02-03,2025-02-04;2025-02-03;2025-01-28;2025-01-31;2025-01-29,,2025-02-04,9600.0,10800.0,10800.0,17.101089409722217,22.085746578936543,14.385375324074074,27.655658078111575,94113.65842098957,68.17870666666659,10798.200974999996,60009.35427931097,156.3647419574998,60165.719021268465,60009.35427931097,60009.3542193016,50068.97421713539,1585.238557142857,lexicographic,6.00093542193016e-05,5.0068974217137337e-05,False,0.15243259999988368,0.0,1,0
2025-02-06,False,2,1.0,5,1.0,0,calibrated_quantile,2025-01-09;2025-01-10;2025-01-13;2025-01-14;2025-01-15;2025-01-16;2025-01-17;2025-01-20;2025-01-21;2025-01-22;2025-01-23;2025-01-24;2025-01-27;2025-01-28;2025-01-29;2025-01-30;2025-01-31;2025-02-03;2025-02-04;2025-02-05,20,10425.787366309523,2025-02-05;2025-02-04,2025-02-05;2025-02-04;2025-02-03;2025-01-31;2025-01-28,,2025-02-05,9600.0,10800.0,10800.0,19.9838407986111,26.228455244305867,10.985891712962957,22.44622842625522,93888.71430076179,10.444383333333235,10994.855504642854,59783.96218307498,22.366959083333125,59806.32914215831,59783.96218307498,59783.962123291,50031.67329292662,1573.288333333333,lexicographic,5.9783962123291004e-05,5.003167329292713e-05,False,0.146742600001744,0.0,1,0
2025-02-07,False,2,1.0,5,1.0,0,calibrated_quantile,2025-01-10;2025-01-13;2025-01-14;2025-01-15;2025-01-16;2025-01-17;2025-01-20;2025-01-21;2025-01-22;2025-01-23;2025-01-24;2025-01-27;2025-01-28;2025-01-29;2025-01-30;2025-01-31;2025-02-03;2025-02-04;2025-02-05;2025-02-06,20,10353.556203809523,2025-02-06;2025-01-31,2025-02-06;2025-01-31;2025-01-30;2025-02-04;2025-02-05,,2025-02-06,9600.0,10800.0,10800.0,173.35030839120367,190.21126499703138,26.05766282407406,51.76358730426697,72426.85172125688,0.0,38254.70549214285,43083.739662146196,0.0,43083.739662146196,43083.73966214619,43083.7396192896,44962.86468650014,1471.5171120238097,lexicographic,4.30837396192896e-05,4.496286464153728e-05,False,0.21745450000162236,0.0,1,0
2025-02-08,False,2,1.0,5,1.0,0,calibrated_quantile,2025-01-11;2025-01-12;2025-01-18;2025-01-19;2025-01-25;2025-01-26;2025-02-01;2025-02-02,8,29948.06659833333,2025-02-02;2025-02-01,2025-02-02;2025-02-01;2025-01-25;2025-01-26;2025-01-18,,2025-02-07,9600.0,10800.0,10800.0,161.51945798611112,177.37595085773853,26.11138689814813,46.237445426762434,90754.66406324164,0.0,56552.329154999985,57150.33377366411,0.0,57150.33377366411,57150.33377366411,57150.33371651376,49878.27163992477,1555.2252648809524,lexicographic,5.715033371651376e-05,4.9878271639929916e-05,False,0.18478420000246842,0.0,1,0
2025-02-09,False,2,1.0,5,1.0,0,calibrated_quantile,2025-01-12;2025-01-18;2025-01-19;2025-01-25;2025-01-26;2025-02-01;2025-02-02;2025-02-08,8,29934.37509833333,2025-02-02;2025-02-08,2025-02-02;2025-02-08;2025-01-26;2025-02-01;2025-01-25,,2025-02-08,9600.0,10800.0,10800.0,158.6327903935185,174.48019689466966,22.053670439814823,39.33562959654181,89195.12823854847,491.9411302380954,7532.300888571424,56107.53356640809,1322.845653120001,57430.37921952809,56107.53356640809,56107.53351030056,49387.697757420974,1566.83,lexicographic,5.610753351030056e-05,4.938769775742744e-05,False,0.23865479999949457,0.0,1,0
2025-02-10,False,2,1.0,5,1.0,0,calibrated_quantile,2025-01-13;2025-01-14;2025-01-15;2025-01-16;2025-01-17;2025-01-20;2025-01-21;2025-01-22;2025-01-23;2025-01-24;2025-01-27;2025-01-28;2025-01-29;2025-01-30;2025-01-31;2025-02-03;2025-02-04;2025-02-05;2025-02-06;2025-02-07,20,10353.556203809523,2025-02-03;2025-02-04,2025-02-03;2025-02-04;2025-02-05;2025-02-06;2025-01-28,,2025-02-09,9600.0,10800.0,10800.0,19.581096585648147,23.89490092430028,42.014716111111085,73.55151390233695,93986.04757397634,12.594987500000116,17028.435152976184,59881.263996582595,26.597319333333576,59907.86131591593,59881.263996582595,59881.26393670136,50227.82667816964,1578.0037499999999,lexicographic,5.9881263936701364e-05,5.0227826678166024e-05,False,0.1508849999991071,0.0,1,0
2025-02-11,False,2,1.0,5,1.0,0,calibrated_quantile,2025-01-14;2025-01-15;2025-01-16;2025-01-17;2025-01-20;2025-01-21;2025-01-22;2025-01-23;2025-01-24;2025-01-27;2025-01-28;2025-01-29;2025-01-30;2025-01-31;2025-02-03;2025-02-04;2025-02-05;2025-02-06;2025-02-07;2025-02-10,20,9709.09564595238,2025-02-04;2025-02-03,2025-02-04;2025-02-03;2025-02-05;2025-02-10;2025-02-06,,2025-02-10,9600.0,10800.0,10800.0,16.965461631944446,21.6023513775208,24.946985023148127,43.54901033989726,91784.01490653661,0.0,13950.476984285706,58209.83729419221,0.0,58209.83729419221,58209.83729419221,58209.83723635628,49645.87498943415,1556.6716666666669,lexicographic,5.8209837236356284e-05,4.964587493978826e-05,False,0.13843529999940074,0.0,1,0
2025-02-12,False,2,1.0,5,1.0,0,calibrated_quantile,2025-01-15;2025-01-16;2025-01-17;2025-01-20;2025-01-21;2025-01-22;2025-01-23;2025-01-24;2025-01-27;2025-01-28;2025-01-29;2025-01-30;2025-01-31;2025-02-03;2025-02-04;2025-02-05;2025-02-06;2025-02-07;2025-02-10;2025-02-11,20,9683.356429880952,2025-02-11;2025-02-05,2025-02-11;2025-02-05;2025-02-04;2025-02-06;2025-02-03,,2025-02-11,9600.0,10800.0,10800.0,16.25061603009259,20.208194341492668,25.76828694444443,48.47180251444185,91567.5039050932,0.0,13689.896358214284,58127.61539853274,0.0,58127.61539853274,58127.61539853274,58127.61534077875,49606.55685736624,1570.0433333333335,lexicographic,5.812761534077875e-05,4.9606556807759655e-05,False,0.2018382999995083,0.0,1,0
2025-02-13,False,2,1.0,5,1.0,0,calibrated_quantile,2025-01-16;2025-01-17;2025-01-20;2025-01-21;2025-01-22;2025-01-23;2025-01-24;2025-01-27;2025-01-28;2025-01-29;2025-01-30;2025-01-31;2025-02-03;2025-02-04;2025-02-05;2025-02-06;2025-02-07;2025-02-10;2025-02-11;2025-02-12,20,8366.253574880953,2025-02-12;2025-02-11,2025-02-12;2025-02-11;2025-02-06;2025-02-05;2025-02-07,,2025-02-12,9600.0,10800.0,10800.0,18.52984606481482,24.721376122341024,41.90849990740739,74.62805530215476,88316.52092108771,39.16367499999925,14497.609196547617,55847.495970466385,84.28225132083173,55931.778221787215,55847.495970466385,55847.495914618856,48043.3312745953,1571.6701190476192,lexicographic,5.584749591461886e-05,4.804333127459515e-05,False,0.14793470000222442,0.0,1,0
2025-02-14,False,2,1.0,5,1.0,0,calibrated_quantile,2025-01-17;2025-01-20;2025-01-21;2025-01-22;2025-01-23;2025-01-24;2025-01-27;2025-01-28;2025-01-29;2025-01-30;2025-01-31;2025-02-03;2025-02-04;2025-02-05;2025-02-06;2025-02-07;2025-02-10;2025-02-11;2025-02-12;2025-02-13,20,7049.644542023809,2025-02-13;2025-02-12,2025-02-13;2025-02-12;2025-02-11;2025-02-03;2025-02-06,,2025-02-13,9600.0,10800.0,10800.0,315.72521076388887,345.09297486713723,19.683639375,35.655766866129106,85579.81876280122,0.0,53251.5982420238,53596.26091218665,0.0,53596.26091218665,53596.26091218665,53596.26085859036,48001.955369848365,1530.3987184523808,lexicographic,5.3596260858590364e-05,4.800195532225921e-05,False,0.17273930000010296,0.0,1,0
2025-02-15,False,2,1.0,5,1.0,0,calibrated_quantile,2025-01-18;2025-01-19;2025-01-25;2025-01-26;2025-02-01;2025-02-02;2025-02-08;2025-02-09,8,25163.471458928565,2025-02-08;2025-02-09,2025-02-08;2025-02-09;2025-02-02;2025-02-01;2025-01-25,,2025-02-14,9600.0,10800.0,10800.0,156.89439785879625,173.9547126446373,28.460232847222212,47.65472216341298,83606.01360634595,0.0,51804.46064726189,51769.30797421836,0.0,51769.30797421836,51769.30797421836,51769.307922449036,47907.775322597314,1545.0567261904762,lexicographic,5.176930792244904e-05,4.790777532259959e-05,False,0.25792980000187526,0.0,1,0
2025-02-16,False,2,1.0,5,1.0,0,calibrated_quantile,2025-01-19;2025-01-25;2025-01-26;2025-02-01;2025-02-02;2025-02-08;2025-02-09;2025-02-15,8,25147.940633928567,2025-02-09;2025-02-02,2025-02-09;2025-02-02;2025-02-15;2025-02-08;2025-01-26,,2025-02-15,9600.0,10800.0,10800.0,18.55325584490741,22.36950567521441,25.99778831018518,44.484329894220664,106477.52708622982,0.0,28403.034268928564,69870.38422368403,0.0,69870.38422368403,69870.38422368403,69870.38415381366,51245.160628724036,1648.2171250051404,lexicographic,6.987038415381367e-05,5.124516057747888e-05,False,0.11832009999852744,0.0,1,0
2025-02-17,False,2,1.0,5,1.0,0,calibrated_quantile,2025-01-20;2025-01-21;2025-01-22;2025-01-23;2025-01-24;2025-01-27;2025-01-28;2025-01-29;2025-01-30;2025-01-31;2025-02-03;2025-02-04;2025-02-05;2025-02-06;2025-02-07;2025-02-10;2025-02-11;2025-02-12;2025-02-13;2025-02-14,20,7049.644542023809,2025-02-10;2025-02-11,2025-02-10;2025-02-11;2025-02-03;2025-02-04;2025-02-12,,2025-02-16,9600.0,10800.0,10800.0,18.696395370370364,23.338484838724582,37.545249837962956,61.49131479135392,86616.16300811732,24.592124166666622,12902.033452857142,54317.54838521691,89.26980387083303,54406.818189087746,54317.548385216905,54317.54833089936,48542.31174244352,1538.4699300084042,lexicographic,5.431754833089936e-05,4.8542311693901196e-05,False,0.1192527000021073,0.0,1,0
2025-02-18,False,2,1.0,5,1.0,0,calibrated_quantile,2025-01-21;2025-01-22;2025-01-23;2025-01-24;2025-01-27;2025-01-28;2025-01-29;2025-01-30;2025-01-31;2025-02-03;2025-02-04;2025-02-05;2025-02-06;2025-02-07;2025-02-10;2025-02-11;2025-02-12;2025-02-13;2025-02-14;2025-02-17,20,4676.225110714284,2025-02-11;2025-02-17,2025-02-11;2025-02-17;2025-02-12;2025-02-14;2025-02-13,,2025-02-17,9600.0,10800.0,10800.0,18.560962731481474,24.191339914485965,14.673649583333315,27.904465195481336,80684.10384126139,200.43217428571506,6356.906374999995,49769.41954359319,752.1797469238725,50521.599290517064,49769.41954359319,49769.419493823756,46288.59528706173,1505.1617346387798,lexicographic,4.9769419493823756e-05,4.628859524077314e-05,False,0.27282199999899603,1.4619333896563432e-16,1,0
2025-02-19,False,2,1.0,5,1.0,0,calibrated_quantile,2025-01-22;2025-01-23;2025-01-24;2025-01-27;2025-01-28;2025-01-29;2025-01-30;2025-01-31;2025-02-03;2025-02-04;2025-02-05;2025-02-06;2025-02-07;2025-02-10;2025-02-11;2025-02-12;2025-02-13;2025-02-14;2025-02-17;2025-02-18,20,3748.78412392857,2025-02-12;2025-02-13,2025-02-12;2025-02-13;2025-02-11;2025-02-18;2025-02-14,,2025-02-18,9600.0,10800.0,10800.0,18.737174305555545,25.283215916680412,17.338027430555545,32.44342100615921,80021.65856535708,627.2010953571422,5311.861032619043,49173.80232609895,2047.964310909882,51221.766637008834,49173.80232609895,49173.802276925126,46695.75365047522,1518.820426186684,lexicographic,4.917380227692513e-05,4.669575360377946e-05,False,0.16072150000036345,0.0,1,0
2025-02-20,False,2,1.0,5,1.0,0,calibrated_quantile,2025-01-23;2025-01-24;2025-01-27;2025-01-28;2025-01-29;2025-01-30;2025-01-31;2025-02-03;2025-02-04;2025-02-05;2025-02-06;2025-02-07;2025-02-10;2025-02-11;2025-02-12;2025-02-13;2025-02-14;2025-02-17;2025-02-18;2025-02-19,20,3592.634412380955,2025-02-13;2025-02-19,2025-02-13;2025-02-19;2025-02-14;2025-02-12;2025-02-18,,2025-02-19,9600.0,10800.0,10800.0,20.699169907407402,25.97747796204476,20.457527499999983,38.0027084178111,79538.80300314445,364.31467535714336,6477.132717738094,48827.66488757347,1471.1852807137525,50298.85016828722,48827.66488757345,48827.66483874579,46224.17332117319,1491.3910196591007,lexicographic,4.8827664838745795e-05,4.622417327494901e-05,False,0.21628770000097575,0.0,1,0
2025-02-21,False,2,1.0,5,1.0,0,calibrated_quantile,2025-01-24;2025-01-27;2025-01-28;2025-01-29;2025-01-30;2025-01-31;2025-02-03;2025-02-04;2025-02-05;2025-02-06;2025-02-07;2025-02-10;2025-02-11;2025-02-12;2025-02-13;2025-02-14;2025-02-17;2025-02-18;2025-02-19;2025-02-20,20,2493.9504169047627,2025-02-14;2025-02-20,2025-02-14;2025-02-20;2025-02-13;2025-02-19;2025-02-12,,2025-02-20,9600.0,10800.0,10800.0,157.81281568287034,175.0686643294726,14.304108634259242,24.873840751211052,54847.96277677905,0.0,27172.96635190476,30939.9534229371,0.0,30939.9534229371,30939.9534229371,30939.953391997155,40179.953439278295,1465.3506336653377,lexicographic,3.0939953391997155e-05,4.0179953439277944e-05,False,0.13142429999788874,0.0,1,0
2025-02-22,False,2,1.0,5,1.0,0,calibrated_quantile,2025-01-25;2025-01-26;2025-02-01;2025-02-02;2025-02-08;2025-02-09;2025-02-15;2025-02-16,8,20113.725414404762,2025-02-15;2025-02-08,2025-02-15;2025-02-08;2025-02-16;2025-02-09;2025-02-02,,2025-02-21,9600.0,10800.0,10800.0,17.964430671296288,22.517754085249447,23.699062476851836,38.83401588907295,53687.171700457904,0.0,23732.45912773809,29834.90860908242,0.0,29834.90860908242,29834.90860908242,29834.908579247513,40089.04409834322,1429.3695150835222,lexicographic,2.9834908579247516e-05,4.008904409834262e-05,False,0.15354870000010123,0.0,1,0
2025-02-23,False,2,1.0,5,1.0,0,calibrated_quantile,2025-01-26;2025-02-01;2025-02-02;2025-02-08;2025-02-09;2025-02-15;2025-02-16;2025-02-22,8,20113.725414404762,2025-02-16;2025-02-09,2025-02-16;2025-02-09;2025-02-02;2025-02-22;2025-02-15,,2025-02-22,9600.0,10800.0,10800.0,18.85138015046296,23.731476043846207,33.52972310185183,55.51627971060964,99021.48807350025,0.0,24823.567952738085,64028.391693689446,0.0,64028.391693689446,64028.391693689446,64028.39162966105,50655.262311148035,1559.815176716269,lexicographic,6.402839162966105e-05,5.065526226049277e-05,False,0.14283500000237837,0.0,1,0
2025-02-24,False,2,1.0,5,1.0,0,calibrated_quantile,2025-01-27;2025-01-28;2025-01-29;2025-01-30;2025-01-31;2025-02-03;2025-02-04;2025-02-05;2025-02-06;2025-02-07;2025-02-10;2025-02-11;2025-02-12;2025-02-13;2025-02-14;2025-02-17;2025-02-18;2025-02-19;2025-02-20;2025-02-21,20,2493.9504169047627,2025-02-17;2025-02-18,2025-02-17;2025-02-18;2025-02-11;2025-02-21;2025-02-03,,2025-02-23,9600.0,10800.0,10800.0,18.38165480324073,22.516385591283413,33.71909965277777,55.46162831274541,78472.31045008643,129.2646991666665,7992.869507738093,48002.44324337684,565.4343155374995,48567.87755891434,48002.44324337684,48002.4431953744,45707.76847211839,1494.2056081453056,lexicographic,4.80024431953744e-05,4.570776842641062e-05,False,0.1289840000026743,0.0,1,0
2025-02-25,False,2,1.0,5,1.0,0,calibrated_quantile,2025-01-28;2025-01-29;2025-01-30;2025-01-31;2025-02-03;2025-02-04;2025-02-05;2025-02-06;2025-02-07;2025-02-10;2025-02-11;2025-02-12;2025-02-13;2025-02-14;2025-02-17;2025-02-18;2025-02-19;2025-02-20;2025-02-21;2025-02-24,20,1631.8510111904761,2025-02-18;2025-02-24,2025-02-18;2025-02-24;2025-02-19;2025-02-11;2025-02-17,,2025-02-24,9600.0,10800.0,10800.0,19.015755150462965,23.643030857855493,41.28536527777776,67.77753658681513,75609.3044496931,277.1962564285715,7737.75407595238,46147.24593506759,1032.5159592492282,47179.76189431682,46147.24593506759,46147.245888920355,44221.04453988323,1482.5569846565386,lexicographic,4.614724588892036e-05,4.422104449566218e-05,False,0.1465743000007933,0.0,1,0
2025-02-26,False,2,1.0,5,1.0,0,calibrated_quantile,2025-01-29;2025-01-30;2025-01-31;2025-02-03;2025-02-04;2025-02-05;2025-02-06;2025-02-07;2025-02-10;2025-02-11;2025-02-12;2025-02-13;2025-02-14;2025-02-17;2025-02-18;2025-02-19;2025-02-20;2025-02-21;2025-02-24;2025-02-25,20,1408.9863717857133,2025-02-25;2025-02-20,2025-02-25;2025-02-20;2025-02-19;2025-02-18;2025-02-21,,2025-02-25,9600.0,10800.0,10800.0,20.629487789351842,27.010189751704782,18.858341412037028,33.61268064777326,74003.34165440276,1038.1050833333347,3960.893753705307,45086.16815964054,3630.52585328584,48716.69401292638,45086.16815964054,45086.16811455436,43048.394063251704,1506.1695344047619,lexicographic,4.508616811455436e-05,4.3048394020203304e-05,False,0.17006839999885415,0.0,1,0
2025-02-27,False,2,1.0,5,1.0,0,calibrated_quantile,2025-01-30;2025-01-31;2025-02-03;2025-02-04;2025-02-05;2025-02-06;2025-02-07;2025-02-10;2025-02-11;2025-02-12;2025-02-13;2025-02-14;2025-02-17;2025-02-18;2025-02-19;2025-02-20;2025-02-21;2025-02-24;2025-02-25;2025-02-26,20,1505.7328864285719,2025-02-20;2025-02-21,2025-02-20;2025-02-21;2025-02-19;2025-02-26;2025-02-13,,2025-02-26,9600.0,10800.0,10800.0,154.3334449074074,172.60171806570955,26.92398576388888,49.61896771449721,51755.618973893244,17369.74677690476,58.92083333333403,29063.059919325377,77747.46157907869,106810.52149840406,29063.059919325373,29063.059890262324,40087.35363182887,1461.9669173469263,lexicographic,2.9063059890262325e-05,4.008735363182875e-05,False,0.1445120999997016,0.0,1,0
2025-02-28,False,2,1.0,5,1.0,0,calibrated_quantile,2025-01-31;2025-02-03;2025-02-04;2025-02-05;2025-02-06;2025-02-07;2025-02-10;2025-02-11;2025-02-12;2025-02-13;2025-02-14;2025-02-17;2025-02-18;2025-02-19;2025-02-20;2025-02-21;2025-02-24;2025-02-25;2025-02-26;2025-02-27,20,2490.6707266666663,2025-02-21;2025-02-27,2025-02-21;2025-02-27;2025-02-14;2025-02-20;2025-02-26,,2025-02-27,9600.0,10800.0,10800.0,158.64390648148148,175.3945287926772,20.86072835648147,39.5754025790332,52337.966594612604,0.0,26936.12460999999,29478.116710214486,0.0,29478.116710214486,29478.116710214486,29478.116680736362,40075.72025763965,1451.9271251225796,lexicographic,2.9478116680736363e-05,4.007572025764107e-05,False,0.2211395000012999,0.0,1,0
2025-03-01,False,2,1.0,7,0.8,0,calibrated_quantile,2025-02-01;2025-02-02;2025-02-08;2025-02-09;2025-02-15;2025-02-16;2025-02-22;2025-02-23,8,13951.723958333332,2025-02-22;2025-02-15,2025-02-22;2025-02-15;2025-02-08;2025-02-23;2025-02-16;2025-02-09;2025-02-02,,2025-02-28,9600.0,10800.0,10800.0,32.844930034722225,40.8281665331318,19.41987920178301,38.06290726439933,43675.67763972756,0.0,17988.22166415055,24199.24067616375,0.0,24199.24067616375,24199.24067616375,24199.240652467426,38545.110802629984,1433.2613333333338,lexicographic,2.419924065246743e-05,3.854511076408488e-05,False,0.2528708000027109,0.0,1,0
2025-03-02,False,2,1.0,7,0.8,0,calibrated_quantile,2025-02-02;2025-02-08;2025-02-09;2025-02-15;2025-02-16;2025-02-22;2025-02-23;2025-03-01,8,13951.723958333332,2025-02-23;2025-02-16,2025-02-23;2025-02-16;2025-02-09;2025-02-22;2025-03-01;2025-02-15;2025-02-02,,2025-03-01,9600.0,10800.0,10800.0,31.52936140046296,39.18936813960047,36.55450011696602,73.35219113898324,89182.62257087714,1259.5794284148305,15605.980914002002,56836.23060775746,4843.805036917611,61680.035644675074,56836.23060775746,56836.23055092124,47080.36635384288,1530.314951832592,lexicographic,5.683623055092124e-05,4.708036630676251e-05,False,0.1175212999987707,0.0,1,0
2025-03-03,False,2,1.0,7,0.8,0,calibrated_quantile,2025-02-03;2025-02-04;2025-02-05;2025-02-06;2025-02-07;2025-02-10;2025-02-11;2025-02-12;2025-02-13;2025-02-14;2025-02-17;2025-02-18;2025-02-19;2025-02-20;2025-02-21;2025-02-24;2025-02-25;2025-02-26;2025-02-27;2025-02-28,20,2490.6707266666663,2025-02-17;2025-02-18,2025-02-17;2025-02-18;2025-02-25;2025-02-24;2025-02-10;2025-02-03;2025-02-11,,2025-03-02,9600.0,10800.0,10800.0,32.82395943287036,40.37706797853211,51.18600133442529,90.37630098602473,72941.66669115786,4757.710895322546,3420.7209740876037,44239.06826573474,19323.67612684505,63562.74439257979,44239.06826573474,44239.068221495676,42968.68960213027,1495.1138271020766,lexicographic,4.423906822149568e-05,4.296868960213027e-05,False,0.10945459999857121,0.0,1,0
2025-03-04,False,2,1.0,7,0.8,0,calibrated_quantile,2025-02-04;2025-02-05;2025-02-06;2025-02-07;2025-02-10;2025-02-11;2025-02-12;2025-02-13;2025-02-14;2025-02-17;2025-02-18;2025-02-19;2025-02-20;2025-02-21;2025-02-24;2025-02-25;2025-02-26;2025-02-27;2025-02-28;2025-03-03,20,2078.178810095546,2025-03-03;2025-02-18,2025-03-03;2025-02-18;2025-02-25;2025-02-17;2025-02-24;2025-02-19;2025-02-11,,2025-03-03,9600.0,10800.0,10800.0,20.334939814814813,25.67308465555148,16.94274675931935,33.275238148081655,75489.06468755935,572.509226565147,4508.894937417733,45998.33772827656,1773.1884968311313,47771.526225107686,45998.337728276565,45998.33768227824,44711.19982409516,1449.0844154339825,lexicographic,4.599833768227824e-05,4.471119982409716e-05,False,0.2533947000010812,0.0,1,0
2025-03-05,False,2,1.0,7,0.8,0,calibrated_quantile,2025-02-05;2025-02-06;2025-02-07;2025-02-10;2025-02-11;2025-02-12;2025-02-13;2025-02-14;2025-02-17;2025-02-18;2025-02-19;2025-02-20;2025-02-21;2025-02-24;2025-02-25;2025-02-26;2025-02-27;2025-02-28;2025-03-03;2025-03-04,20,2008.736685444376,2025-03-04;2025-02-25,2025-03-04;2025-02-25;2025-02-19;2025-02-18;2025-02-20;2025-02-26;2025-02-27,,2025-03-04,9600.0,10800.0,10800.0,19.801541435185175,24.51808038032922,22.19352521466629,38.40009014057152,73002.0767928673,946.0862290058774,5552.853289221632,44218.03485799671,3915.3408511759835,48133.375709172695,44218.03485799671,44218.034813778686,43031.91660371282,1479.1327011745536,lexicographic,4.421803481377869e-05,4.303191660371283e-05,False,0.11182080000071437,0.0,1,0
2025-03-06,False,2,1.0,7,0.8,0,calibrated_quantile,2025-02-06;2025-02-07;2025-02-10;2025-02-11;2025-02-12;2025-02-13;2025-02-14;2025-02-17;2025-02-18;2025-02-19;2025-02-20;2025-02-21;2025-02-24;2025-02-25;2025-02-26;2025-02-27;2025-02-28;2025-03-03;2025-03-04;2025-03-05,20,2011.794159423749,2025-03-05;2025-02-20,2025-03-05;2025-02-20;2025-02-28;2025-02-26;2025-03-04;2025-02-27;2025-02-14,,2025-03-05,9600.0,10800.0,10800.0,24.693908449074083,31.420374124041235,13.885882390481804,25.27673688424184,72712.75370586671,624.4487755256132,5102.515626164431,43923.77692709825,2763.6943099899845,46687.47123708824,43923.776927098246,43923.776883174476,43586.62171599665,1481.820526443408,lexicographic,4.3923776883174477e-05,4.358662171599664e-05,False,0.18428099999800907,0.0,1,0
2025-03-07,False,2,1.0,7,0.8,0,calibrated_quantile,2025-02-07;2025-02-10;2025-02-11;2025-02-12;2025-02-13;2025-02-14;2025-02-17;2025-02-18;2025-02-19;2025-02-20;2025-02-21;2025-02-24;2025-02-25;2025-02-26;2025-02-27;2025-02-28;2025-03-03;2025-03-04;2025-03-05;2025-03-06,20,1758.0798577510586,2025-03-06;2025-02-28,2025-03-06;2025-02-28;2025-02-21;2025-02-14;2025-03-05;2025-02-27;2025-02-20,,2025-03-06,9600.0,10800.0,10800.0,172.56244305555555,188.47708018303197,14.174934078467903,27.28048350232057,48347.719370683524,0.0,25445.71258498847,27291.850629828376,0.0,27291.850629828376,27291.850629828376,27291.850602536535,37614.70379487273,1423.1511875305016,lexicographic,2.7291850602536537e-05,3.761470379487222e-05,False,0.14091389999884996,0.0,1,0
2025-03-08,False,2,1.0,7,0.8,0,calibrated_quantile,2025-02-08;2025-02-09;2025-02-15;2025-02-16;2025-02-22;2025-02-23;2025-03-01;2025-03-02,8,4970.970269628811,2025-03-02;2025-02-22,2025-03-02;2025-02-22;2025-03-01;2025-02-15;2025-02-23;2025-02-16;2025-02-08,,2025-03-07,9600.0,10800.0,10800.0,169.62929230324073,186.53487456839503,42.45485893114736,68.55875617076673,56716.40283762221,0.0,35510.818238217624,31802.048073647544,0.0,31802.048073647544,31802.048073647547,31802.04804184549,40706.45657202064,1440.7433072048188,lexicographic,3.180204804184549e-05,4.070645653131418e-05,False,0.13611189999937778,0.0,1,0
2025-03-09,False,2,1.0,7,0.8,0,calibrated_quantile,2025-02-09;2025-02-15;2025-02-16;2025-02-22;2025-02-23;2025-03-01;2025-03-02;2025-03-08,8,4970.970269628811,2025-03-02;2025-02-23,2025-03-02;2025-02-23;2025-03-08;2025-02-16;2025-02-09;2025-03-01;2025-02-22,,2025-03-08,9600.0,10800.0,10800.0,22.875450752314805,28.72697405870411,24.334744760560305,50.70977352031225,75887.95635772834,111.19544383511634,10226.01589281332,46037.177712927114,507.32806864700456,46544.50578157412,46037.177712927114,46037.17766688995,46352.60631625271,1464.8106398554528,lexicographic,4.603717766688995e-05,4.6352606316252426e-05,False,0.21171750000212342,0.0,1,0
2025-03-10,False,2,1.0,7,0.8,0,calibrated_quantile,2025-02-10;2025-02-11;2025-02-12;2025-02-13;2025-02-14;2025-02-17;2025-02-18;2025-02-19;2025-02-20;2025-02-21;2025-02-24;2025-02-25;2025-02-26;2025-02-27;2025-02-28;2025-03-03;2025-03-04;2025-03-05;2025-03-06;2025-03-07,20,1758.0798577510586,2025-02-25;2025-03-03,2025-02-25;2025-03-03;2025-02-24;2025-03-04;2025-02-18;2025-03-07;2025-02-28,,2025-03-09,9600.0,10800.0,10800.0,23.19132390046295,29.92749564885704,25.598863594734983,45.60334978985669,73710.05547709597,1521.623987005059,4870.614100323859,44731.80111582883,4015.0192976936614,48746.82041352249,44731.80111582883,44731.801071097034,44060.88436176644,1445.2767513359447,lexicographic,4.473180107109704e-05,4.4060884361766443e-05,False,0.12346350000007078,0.0,1,0
2025-03-11,False,2,1.0,7,0.8,0,calibrated_quantile,2025-02-11;2025-02-12;2025-02-13;2025-02-14;2025-02-17;2025-02-18;2025-02-19;2025-02-20;2025-02-21;2025-02-24;2025-02-25;2025-02-26;2025-02-27;2025-02-28;2025-03-03;2025-03-04;2025-03-05;2025-03-06;2025-03-07;2025-03-10,20,2110.4191777303104,2025-03-04;2025-03-05,2025-03-04;2025-03-05;2025-03-03;2025-02-25;2025-02-18;2025-03-06;2025-03-10,,2025-03-10,9600.0,10800.0,10800.0,19.19040283564814,23.630470215510258,27.568853568581588,54.77430933923507,72321.87679833165,403.6238768831126,6505.824315726777,43439.6739602735,1673.4370429890587,45113.11100326256,43439.6739602735,43439.673916833824,43334.39363027192,1445.8557799980078,lexicographic,4.3439673916833825e-05,4.333439363027192e-05,False,0.16666350000014063,0.0,1,0
2025-03-12,False,2,1.0,7,0.8,0,calibrated_quantile,2025-02-12;2025-02-13;2025-02-14;2025-02-17;2025-02-18;2025-02-19;2025-02-20;2025-02-21;2025-02-24;2025-02-25;2025-02-26;2025-02-27;2025-02-28;2025-03-03;2025-03-04;2025-03-05;2025-03-06;2025-03-07;2025-03-10;2025-03-11,20,2209.1100435964463,2025-03-06;2025-03-05,2025-03-06;2025-03-05;2025-03-11;2025-02-26;2025-03-04;2025-03-07;2025-02-25,,2025-03-11,9600.0,10800.0,10800.0,16.846851331018513,21.933579875600113,24.14427708488596,41.34331227594203,70171.30239721,359.0572347233111,5804.651441817374,42177.55748594961,1055.0415801392905,43232.5990660889,42177.55748594961,42177.55744377206,43513.29662886959,1455.4912275299264,lexicographic,4.217755744377206e-05,4.351329662886959e-05,False,0.17931820000012522,0.0,1,0
2025-03-13,False,2,1.0,7,0.8,0,calibrated_quantile,2025-02-13;2025-02-14;2025-02-17;2025-02-18;2025-02-19;2025-02-20;2025-02-21;2025-02-24;2025-02-25;2025-02-26;2025-02-27;2025-02-28;2025-03-03;2025-03-04;2025-03-05;2025-03-06;2025-03-07;2025-03-10;2025-03-11;2025-03-12,20,2256.1349393104447,2025-03-06;2025-03-12,2025-03-06;2025-03-12;2025-03-07;2025-03-05;2025-02-26;2025-02-28;2025-02-27,,2025-03-12,9600.0,10800.0,10800.0,17.88516464120371,23.670090261119732,40.743662679191175,78.29247432807658,68748.59552489198,4367.855868156088,3296.1946731023395,41304.78369373593,16351.262119454852,57656.04581319078,41304.78369373593,41304.783652431164,43218.135362302375,1462.6319312013577,lexicographic,4.1304783652431164e-05,4.321813536230238e-05,False,0.17254049999974086,0.0,1,0
2025-03-14,False,2,1.0,7,0.8,0,calibrated_quantile,2025-02-14;2025-02-17;2025-02-18;2025-02-19;2025-02-20;2025-02-21;2025-02-24;2025-02-25;2025-02-26;2025-02-27;2025-02-28;2025-03-03;2025-03-04;2025-03-05;2025-03-06;2025-03-07;2025-03-10;2025-03-11;2025-03-12;2025-03-13,20,2861.1360917847505,2025-03-07;2025-03-06,2025-03-07;2025-03-06;2025-03-13;2025-03-05;2025-03-12;2025-03-11;2025-02-28,,2025-03-13,9600.0,10800.0,10800.0,156.72299340277777,171.39028568365978,27.53148881557967,54.759598757347014,46691.24825628575,0.0,28792.2441932914,26507.13850135164,0.0,26507.13850135164,26507.13850135164,26507.138474844498,35521.983513559106,1364.3129354914176,lexicographic,2.6507138474844498e-05,3.5521983513560484e-05,False,0.2223121999995783,0.0,1,0
2025-03-15,False,2,1.0,7,0.8,0,calibrated_quantile,2025-02-15;2025-02-16;2025-02-22;2025-02-23;2025-03-01;2025-03-02;2025-03-08;2025-03-09,8,748.5427711402288,2025-03-08;2025-03-01,2025-03-08;2025-03-01;2025-02-22;2025-03-09;2025-03-02;2025-02-15;2025-02-23,,2025-03-14,9600.0,10800.0,10800.0,17.596778125,22.574527830769902,30.895999613986888,55.073045192263095,31010.720366457823,1534.185828535542,9513.590082669094,15752.48236558309,4600.188160076943,20352.670525660033,15752.48236558309,15752.482349830605,40036.62828416104,1379.799118957044,lexicographic,1.5752482349830607e-05,4.0036628244124415e-05,False,0.11869250000017928,0.0,1,0
2025-03-16,False,2,1.0,7,0.8,0,calibrated_quantile,2025-02-16;2025-02-22;2025-02-23;2025-03-01;2025-03-02;2025-03-08;2025-03-09;2025-03-15,8,2148.1055909666266,2025-03-09;2025-03-02,2025-03-09;2025-03-02;2025-02-23;2025-02-16;2025-03-08;2025-02-09;2025-03-15,,2025-03-15,9600.0,10800.0,10800.0,16.50414438657408,21.615296207918302,31.73462085832462,67.61317470353153,69992.35930705935,1277.4020224003464,5667.1999670536425,41892.54840240233,5064.650721718077,46957.19912412041,41892.54840240233,41892.54836050978,42778.77415238166,1432.3997598546032,lexicographic,4.189254836050978e-05,4.277877415238166e-05,False,0.12020280000069761,0.0,1,0
2025-03-17,False,2,1.0,7,0.8,0,calibrated_quantile,2025-02-17;2025-02-18;2025-02-19;2025-02-20;2025-02-21;2025-02-24;2025-02-25;2025-02-26;2025-02-27;2025-02-28;2025-03-03;2025-03-04;2025-03-05;2025-03-06;2025-03-07;2025-03-10;2025-03-11;2025-03-12;2025-03-13;2025-03-14,20,2861.1360917847505,2025-03-10;2025-03-11,2025-03-10;2025-03-11;2025-02-25;2025-03-03;2025-03-12;2025-03-04;2025-02-24,,2025-03-16,9600.0,10800.0,10800.0,20.034028993055554,25.032196494767692,48.51891049892467,80.3220677590487,69987.54642304331,235.73530423418032,10110.820602161173,41914.385686491965,1046.1805075753227,42960.56619406729,41914.385686491965,41914.38564457757,42832.26414387682,1436.5762669530761,lexicographic,4.191438564457757e-05,4.283226410104456e-05,False,0.1466368000001239,0.0,1,0
2025-03-18,False,2,1.0,7,0.8,0,calibrated_quantile,2025-02-18;2025-02-19;2025-02-20;2025-02-21;2025-02-24;2025-02-25;2025-02-26;2025-02-27;2025-02-28;2025-03-03;2025-03-04;2025-03-05;2025-03-06;2025-03-07;2025-03-10;2025-03-11;2025-03-12;2025-03-13;2025-03-14;2025-03-17,20,2858.2178929901947,2025-03-17;2025-03-10,2025-03-17;2025-03-10;2025-03-12;2025-03-13;2025-02-26;2025-02-25;2025-03-11,,2025-03-17,9600.0,10800.0,10800.0,17.3440329861111,21.669999988325923,23.038470866885987,42.802062170460424,66999.49400058856,1565.0774540106245,5306.169709517171,39969.51540042792,7638.6756936163565,47608.191094044276,39969.51540042792,39969.51536045842,40516.42418989166,1437.199128225079,lexicographic,3.996951536045842e-05,4.0516424149375246e-05,False,0.15160349999860046,0.0,1,0
2025-03-19,False,2,1.0,7,0.8,0,calibrated_quantile,2025-02-19;2025-02-20;2025-02-21;2025-02-24;2025-02-25;2025-02-26;2025-02-27;2025-02-28;2025-03-03;2025-03-04;2025-03-05;2025-03-06;2025-03-07;2025-03-10;2025-03-11;2025-03-12;2025-03-13;2025-03-14;2025-03-17;2025-03-18,20,3022.411769504358,2025-03-12;2025-03-13,2025-03-12;2025-03-13;2025-03-05;2025-03-06;2025-03-18;2025-02-26;2025-03-11,,2025-03-18,9600.0,10800.0,10800.0,18.39480978009259,22.9502850210898,26.56026174231131,47.162216332986304,68871.3816574018,197.53627579196194,7359.819709259564,41312.42003921792,756.2398816766473,42068.65992089457,41312.42003921792,41312.419997905505,42628.92770475001,1443.246986651071,lexicographic,4.131241999790551e-05,4.262892770475001e-05,False,0.10926950000066427,0.0,1,0
2025-03-20,False,2,1.0,7,0.8,0,calibrated_quantile,2025-02-20;2025-02-21;2025-02-24;2025-02-25;2025-02-26;2025-02-27;2025-02-28;2025-03-03;2025-03-04;2025-03-05;2025-03-06;2025-03-07;2025-03-10;2025-03-11;2025-03-12;2025-03-13;2025-03-14;2025-03-17;2025-03-18;2025-03-19,20,2860.9574544629754,2025-03-13;2025-03-19,2025-03-13;2025-03-19;2025-03-06;2025-03-12;2025-03-18;2025-03-07;2025-02-26,,2025-03-19,9600.0,10800.0,10800.0,18.888384201388888,23.792995841267544,16.505342708492137,29.96830250945186,66927.2228567414,895.609832443286,3378.015927431872,40080.453278886576,3117.4853512853388,43197.93863017191,40080.453278886576,40080.453238806134,42481.24395663709,1432.4928274541894,lexicographic,4.0080453238806135e-05,4.24812439566371e-05,False,0.11559869999837247,0.0,1,0
2025-03-21,False,2,1.0,7,0.8,0,calibrated_quantile,2025-02-21;2025-02-24;2025-02-25;2025-02-26;2025-02-27;2025-02-28;2025-03-03;2025-03-04;2025-03-05;2025-03-06;2025-03-07;2025-03-10;2025-03-11;2025-03-12;2025-03-13;2025-03-14;2025-03-17;2025-03-18;2025-03-19;2025-03-20,20,2932.6124577000983,2025-03-07;2025-03-13,2025-03-07;2025-03-13;2025-03-20;2025-03-14;2025-03-06;2025-02-28;2025-03-19,,2025-03-20,9600.0,10800.0,10800.0,155.314493287037,172.4984694768534,34.27964068824667,60.2176779557789,44253.172257917235,0.0,30160.618424080967,25285.71017607509,0.0,25285.71017607509,25285.71017607509,25285.710150789386,39122.69702622245,1351.4642535251553,lexicographic,2.5285710150789386e-05,3.9122696987099745e-05,False,0.17942690000199946,0.0,1,0
2025-03-22,False,2,1.0,7,0.8,0,calibrated_quantile,2025-02-22;2025-02-23;2025-03-01;2025-03-02;2025-03-08;2025-03-09;2025-03-15;2025-03-16,8,2523.3262304091827,2025-03-15;2025-03-08,2025-03-15;2025-03-08;2025-03-01;2025-03-09;2025-02-22;2025-03-16;2025-03-02,,2025-03-21,9600.0,10800.0,10800.0,16.264361805555545,19.99365558606291,25.858074772470736,47.09629033016487,31251.876616594574,150.9168511517094,13414.402772501817,15838.536048749129,414.7744223105673,16253.310471059696,15838.536048749127,15838.53603291059,40036.62827631162,1417.7207856238892,lexicographic,1.583853603291059e-05,4.003662823627499e-05,False,0.17309320000276784,0.0,1,0
2025-03-23,False,2,1.0,7,0.8,0,calibrated_quantile,2025-02-23;2025-03-01;2025-03-02;2025-03-08;2025-03-09;2025-03-15;2025-03-16;2025-03-22,8,2597.3535052552215,2025-03-09;2025-03-16,2025-03-09;2025-03-16;2025-03-02;2025-02-23;2025-03-15;2025-03-22;2025-02-16,,2025-03-22,9600.0,10800.0,10800.0,16.474060127314814,20.685626832718185,32.47883508535381,63.595499575735666,67592.02480052559,637.534442542239,7221.4979273836625,40228.44538941584,2481.4527485694152,42709.898137985256,40228.44538941584,40228.4453491874,42528.48278133242,1437.5007684206212,lexicographic,4.02284453491874e-05,4.252848273880395e-05,False,0.13349720000041998,0.0,1,0
2025-03-24,False,2,1.0,7,0.8,0,calibrated_quantile,2025-02-24;2025-02-25;2025-02-26;2025-02-27;2025-02-28;2025-03-03;2025-03-04;2025-03-05;2025-03-06;2025-03-07;2025-03-10;2025-03-11;2025-03-12;2025-03-13;2025-03-14;2025-03-17;2025-03-18;2025-03-19;2025-03-20;2025-03-21,20,2932.6124577000983,2025-03-17;2025-03-10,2025-03-17;2025-03-10;2025-03-18;2025-03-11;2025-03-21;2025-03-19;2025-03-03,,2025-03-23,9600.0,10800.0,10800.0,18.49546666666667,23.452005316377385,17.330955377787284,31.924000000922973,64599.91493104833,601.3130116843258,5048.730202567869,38638.41171719499,2063.7188453718127,40702.1305625668,38638.41171719499,38638.41167855657,40926.01247979778,1437.199127836464,lexicographic,3.863841167855657e-05,4.092601243887178e-05,False,0.1469667000019399,0.0,1,0
2025-03-25,False,2,1.0,7,0.8,0,calibrated_quantile,2025-02-25;2025-02-26;2025-02-27;2025-02-28;2025-03-03;2025-03-04;2025-03-05;2025-03-06;2025-03-07;2025-03-10;2025-03-11;2025-03-12;2025-03-13;2025-03-14;2025-03-17;2025-03-18;2025-03-19;2025-03-20;2025-03-21;2025-03-24,20,3069.2569600321794,2025-03-18;2025-03-24,2025-03-18;2025-03-24;2025-03-17;2025-03-19;2025-03-10;2025-03-12;2025-03-20,,2025-03-24,9600.0,10800.0,10800.0,20.562273958333332,25.0830441490341,24.11208720480461,46.78530008147021,64708.48645577911,2081.644545920349,3671.0915543478964,38597.74768343905,8563.230599885723,47160.978283324774,38597.74768343905,38597.747644841314,41209.37988301308,1458.9634083333326,lexicographic,3.859774764484132e-05,4.120937984180371e-05,False,0.13201370000024326,0.0,1,0
2025-03-26,False,2,1.0,7,0.8,0,calibrated_quantile,2025-02-26;2025-02-27;2025-02-28;2025-03-03;2025-03-04;2025-03-05;2025-03-06;2025-03-07;2025-03-10;2025-03-11;2025-03-12;2025-03-13;2025-03-14;2025-03-17;2025-03-18;2025-03-19;2025-03-20;2025-03-21;2025-03-24;2025-03-25,20,3768.052365370225,2025-03-19;2025-03-12,2025-03-19;2025-03-12;2025-03-13;2025-03-20;2025-03-25;2025-03-18;2025-03-06,,2025-03-25,9600.0,10800.0,10800.0,15.209714583333323,19.407754070657646,42.03178781150583,80.78447695095156,67181.28079802755,261.92222675931816,9629.526521765489,40029.58708708105,892.9785430392003,40922.56563012025,40029.58708708105,40029.58704705148,42201.31109073981,1439.1964084971091,lexicographic,4.002958704705148e-05,4.22013110907398e-05,False,0.11487269999997807,0.0,1,0
2025-03-27,False,2,1.0,7,0.8,0,calibrated_quantile,2025-02-27;2025-02-28;2025-03-03;2025-03-04;2025-03-05;2025-03-06;2025-03-07;2025-03-10;2025-03-11;2025-03-12;2025-03-13;2025-03-14;2025-03-17;2025-03-18;2025-03-19;2025-03-20;2025-03-21;2025-03-24;2025-03-25;2025-03-26,20,3666.0481736344664,2025-03-20;2025-03-13,2025-03-20;2025-03-13;2025-03-26;2025-03-21;2025-03-19;2025-03-12;2025-03-06,,2025-03-26,9600.0,10800.0,10800.0,18.002393576388883,22.321924261315218,18.363040542140897,33.13051618168517,63824.83062867532,970.9508847142797,3944.051199773443,38182.38290599066,3572.1650736767724,41754.547979667426,38182.382905990664,38182.38286780829,40560.07735870716,1446.9774055040127,lexicographic,3.8182382867808287e-05,4.0560077318147095e-05,False,0.1560167999996338,0.0,1,0
2025-03-28,False,2,1.0,7,0.8,0,calibrated_quantile,2025-02-28;2025-03-03;2025-03-04;2025-03-05;2025-03-06;2025-03-07;2025-03-10;2025-03-11;2025-03-12;2025-03-13;2025-03-14;2025-03-17;2025-03-18;2025-03-19;2025-03-20;2025-03-21;2025-03-24;2025-03-25;2025-03-26;2025-03-27,20,2683.460564477773,2025-03-21;2025-03-27,2025-03-21;2025-03-27;2025-03-20;2025-03-13;2025-02-28;2025-03-07;2025-03-26,,2025-03-27,9600.0,10800.0,10800.0,162.75470850694444,179.51865052472104,15.352900070859087,29.477610293652653,42308.06463003342,6.07416666666586,29385.067101478708,23989.231524755465,12.986568333331608,24002.218093088795,23989.231524755465,23989.231500766233,40036.627642539475,1365.05440738267,lexicographic,2.3989231500766233e-05,4.003662764253887e-05,False,0.12941270000010263,0.0,1,0
2025-03-29,False,2,1.0,7,0.8,0,calibrated_quantile,2025-03-01;2025-03-02;2025-03-08;2025-03-09;2025-03-15;2025-03-16;2025-03-22;2025-03-23,8,2825.9810280153433,2025-03-22;2025-03-15,2025-03-22;2025-03-15;2025-03-08;2025-03-23;2025-03-01;2025-02-22;2025-03-09,,2025-03-28,9600.0,10800.0,10800.0,15.425295428240743,18.800130083648444,53.64351794858083,90.22753428183219,29905.56557258467,361.3805202533472,20452.545944495287,14930.591370706366,1391.1302979428879,16321.721668649254,14930.591370706366,14930.591355775776,40036.6283351784,1431.898683333331,lexicographic,1.4930591355775777e-05,4.003662829514178e-05,False,0.19362990000081481,0.0,1,0
2025-03-30,False,2,1.0,7,0.8,0,calibrated_quantile,2025-03-02;2025-03-08;2025-03-09;2025-03-15;2025-03-16;2025-03-22;2025-03-23;2025-03-29,8,2567.8953588312997,2025-03-23;2025-03-09,2025-03-23;2025-03-09;2025-03-16;2025-03-29;2025-03-22;2025-03-15;2025-03-02,,2025-03-29,9600.0,10800.0,10800.0,19.078686226851858,23.074271015746383,22.46210759042105,41.44686137510359,60777.87023672463,1373.7982207345542,4698.327910873197,36287.710326977554,6114.549157959301,42402.259484936854,36287.710326977554,36287.710290689836,40046.69608513396,1426.5782979659157,lexicographic,3.628771029068984e-05,4.004669604508727e-05,False,0.15306559999953606,0.0,1,0
2025-03-31,False,2,1.0,7,0.8,0,calibrated_quantile,2025-03-03;2025-03-04;2025-03-05;2025-03-06;2025-03-07;2025-03-10;2025-03-11;2025-03-12;2025-03-13;2025-03-14;2025-03-17;2025-03-18;2025-03-19;2025-03-20;2025-03-21;2025-03-24;2025-03-25;2025-03-26;2025-03-27;2025-03-28,20,2686.125264477773,2025-03-24;2025-03-17,2025-03-24;2025-03-17;2025-03-25;2025-03-10;2025-03-18;2025-03-28;2025-03-26,,2025-03-30,9600.0,10800.0,10800.0,17.665420775462962,21.527365653553403,32.096068528044235,55.242461715966314,62332.00317824642,1589.559687221537,4850.633124756541,37077.322935910604,6692.625226401074,43769.94816231168,37077.322935910604,37077.32289883329,40271.26489018366,1442.4449000350037,lexicographic,3.707732289883329e-05,4.02712648499124e-05,False,0.1587165000019013,0.0,1,0
2025-04-01,False,2,1.0,10,0.8,0,calibrated_quantile,2025-03-04;2025-03-05;2025-03-06;2025-03-07;2025-03-10;2025-03-11;2025-03-12;2025-03-13;2025-03-14;2025-03-17;2025-03-18;2025-03-19;2025-03-20;2025-03-21;2025-03-24;2025-03-25;2025-03-26;2025-03-27;2025-03-28;2025-03-31,20,2178.398757447868,2025-03-25;2025-03-18,2025-03-25;2025-03-18;2025-03-24;2025-03-31;2025-03-26;2025-03-17;2025-03-19;2025-03-12;2025-03-10;2025-03-27,,2025-03-31,9600.0,10800.0,10800.0,19.382576967592584,24.39084243444331,33.78952836231973,66.97947163198904,62344.59502294645,3094.846213796206,3093.4725428273277,37012.85275752445,9234.181137489837,46247.03389501429,37012.85275752445,37012.85272051159,40605.22636772475,1421.8383282615087,lexicographic,3.701285272051159e-05,4.060522632711952e-05,False,0.1589700999975321,0.0,1,0
2025-04-02,False,2,1.0,10,0.8,0,calibrated_quantile,2025-03-05;2025-03-06;2025-03-07;2025-03-10;2025-03-11;2025-03-12;2025-03-13;2025-03-14;2025-03-17;2025-03-18;2025-03-19;2025-03-20;2025-03-21;2025-03-24;2025-03-25;2025-03-26;2025-03-27;2025-03-28;2025-03-31;2025-04-01,20,2617.05546290307,2025-03-26;2025-03-19,2025-03-26;2025-03-19;2025-03-12;2025-03-13;2025-04-01;2025-03-20;2025-03-05;2025-03-25;2025-03-06;2025-03-27,,2025-04-01,9600.0,10800.0,10800.0,17.066151504629616,21.632241424918835,33.382638206171464,58.02291121511498,63870.99599169512,2524.655587109157,3840.696973920783,37666.2131278232,11962.650038419362,49628.86316624256,37666.2131278232,37666.21309015698,40272.764892786596,1448.145915728077,lexicographic,3.7666213090156985e-05,4.027276485251384e-05,False,0.18427209999936167,0.0,1,0
2025-04-03,False,2,1.0,10,0.8,0,calibrated_quantile,2025-03-06;2025-03-07;2025-03-10;2025-03-11;2025-03-12;2025-03-13;2025-03-14;2025-03-17;2025-03-18;2025-03-19;2025-03-20;2025-03-21;2025-03-24;2025-03-25;2025-03-26;2025-03-27;2025-03-28;2025-03-31;2025-04-01;2025-04-02,20,2960.458450304586,2025-04-02;2025-03-20,2025-04-02;2025-03-20;2025-03-13;2025-03-27;2025-03-26;2025-03-19;2025-03-21;2025-03-06;2025-03-12;2025-03-28,,2025-04-02,9600.0,10800.0,10800.0,18.240927835648144,24.176368450803615,32.72191521255231,61.58911432531086,64107.3835930284,810.5723778626123,6896.154603400428,37939.36161241504,3503.1982196718113,41442.55983208685,37939.36161241504,37939.36157447569,41007.15091565439,1441.8713923943742,lexicographic,3.793936157447569e-05,4.100715091565439e-05,False,0.13510259999748087,0.0,1,0
2025-04-04,False,2,1.0,10,0.8,0,calibrated_quantile,2025-03-07;2025-03-10;2025-03-11;2025-03-12;2025-03-13;2025-03-14;2025-03-17;2025-03-18;2025-03-19;2025-03-20;2025-03-21;2025-03-24;2025-03-25;2025-03-26;2025-03-27;2025-03-28;2025-03-31;2025-04-01;2025-04-02;2025-04-03,20,2992.672172548225,2025-03-28;2025-03-21,2025-03-28;2025-03-21;2025-03-27;2025-03-20;2025-04-03;2025-03-13;2025-03-07;2025-02-28;2025-03-26;2025-03-25,,2025-04-03,9600.0,10800.0,10800.0,17.381484548611112,21.243859343999443,30.93554518101227,60.30251734951855,29241.865592943923,228.00342594660205,20931.87580350238,14421.716582926218,869.7327258332324,15291.44930875945,14421.716582926216,14421.716568504498,40036.62834237481,1308.3479763505875,lexicographic,1.4421716568504499e-05,4.003662834237476e-05,False,0.10360880000007455,0.0,1,0
2025-04-05,False,2,1.0,10,0.8,0,calibrated_quantile,2025-03-08;2025-03-09;2025-03-15;2025-03-16;2025-03-22;2025-03-23;2025-03-29;2025-03-30,8,1829.3936046776807,2025-03-29;2025-03-22,2025-03-29;2025-03-22;2025-03-15;2025-03-08;2025-03-30;2025-03-23;2025-03-01;2025-03-09;2025-02-22;2025-03-16,,2025-04-04,9600.0,10800.0,10800.0,18.842342592592583,23.532260149619994,24.911813750457814,46.07819631787529,29166.546625228286,1608.5255784441492,16623.766252613503,14374.585772609347,6456.608012717439,20831.19378532679,14374.585772609347,14374.585758234765,40036.62838678637,1432.753286448531,lexicographic,1.4374585758234767e-05,4.003662834674974e-05,False,0.11185979999936535,0.0,1,0
2025-04-06,False,2,1.0,10,0.8,0,calibrated_quantile,2025-03-09;2025-03-15;2025-03-16;2025-03-22;2025-03-23;2025-03-29;2025-03-30;2025-04-05,8,3327.525349546372,2025-03-30;2025-03-23,2025-03-30;2025-03-23;2025-03-09;2025-03-16;2025-03-02;2025-04-05;2025-03-29;2025-03-22;2025-03-15;2025-02-23,,2025-04-05,9600.0,10800.0,10800.0,17.06895665509259,21.423353847970258,19.88556019739335,36.76036920680069,62209.802814968025,516.6761413332089,6179.89872254615,36837.5539745359,1982.4502138094008,38820.0041883453,36837.5539745359,36837.55393769831,40593.57537468001,1433.5566364303868,lexicographic,3.683755393769831e-05,4.059357533408643e-05,False,0.13612669999929494,0.0,1,0
2025-04-07,False,2,1.0,10,0.8,0,calibrated_quantile,2025-03-10;2025-03-11;2025-03-12;2025-03-13;2025-03-14;2025-03-17;2025-03-18;2025-03-19;2025-03-20;2025-03-21;2025-03-24;2025-03-25;2025-03-26;2025-03-27;2025-03-28;2025-03-31;2025-04-01;2025-04-02;2025-04-03;2025-04-04,20,3077.696052767685,2025-03-31;2025-03-24,2025-03-31;2025-03-24;2025-03-17;2025-03-25;2025-04-01;2025-03-10;2025-03-18;2025-04-04;2025-03-28;2025-03-26,,2025-04-06,9600.0,10800.0,10800.0,16.76521018518519,22.18230346168669,33.7957380191833,61.321103839301884,60750.9683163836,977.815716576242,6374.3864165890645,35871.869136854584,3873.0858437955035,39744.95498065009,35871.869136854584,35871.8691009827,40121.888327711706,1442.3093379418012,lexicographic,3.5871869100982705e-05,4.01218883277117e-05,False,0.17716529999961494,0.0,1,0
2025-04-08,False,2,1.0,10,0.8,0,calibrated_quantile,2025-03-11;2025-03-12;2025-03-13;2025-03-14;2025-03-17;2025-03-18;2025-03-19;2025-03-20;2025-03-21;2025-03-24;2025-03-25;2025-03-26;2025-03-27;2025-03-28;2025-03-31;2025-04-01;2025-04-02;2025-04-03;2025-04-04;2025-04-07,20,3110.1750435128292,2025-03-25;2025-03-18,2025-03-25;2025-03-18;2025-04-01;2025-04-07;2025-03-31;2025-03-24;2025-03-26;2025-03-17;2025-03-27;2025-03-19,,2025-04-07,9600.0,10800.0,10800.0,16.528788888888887,20.30159139009534,37.99009758166787,71.14824135741844,61132.4308760895,1228.3545504672254,5918.647809281569,36133.01049715102,5840.277578164483,41973.288075315504,36133.01049715102,36133.01046101802,39689.936011561396,1421.2683064585985,lexicographic,3.6133010461018026e-05,3.968993597187147e-05,False,0.16396139999778825,0.0,1,0
2025-04-09,False,2,1.0,10,0.8,0,calibrated_quantile,2025-03-12;2025-03-13;2025-03-14;2025-03-17;2025-03-18;2025-03-19;2025-03-20;2025-03-21;2025-03-24;2025-03-25;2025-03-26;2025-03-27;2025-03-28;2025-03-31;2025-04-01;2025-04-02;2025-04-03;2025-04-04;2025-04-07;2025-04-08,20,3379.4603477674855,2025-03-27;2025-04-08,2025-03-27;2025-04-08;2025-03-26;2025-04-01;2025-03-20;2025-03-25;2025-03-19;2025-03-18;2025-04-03;2025-04-02,,2025-04-08,9600.0,10800.0,10800.0,18.16290185185185,22.8494292914482,34.92650295486736,62.67944713536406,61966.368705473964,2633.014410837549,3352.8070119283843,36718.23965396633,9072.805912066942,45791.045566033274,36718.23965396633,36718.239617248095,40133.03666661289,1446.418453037326,lexicographic,3.67182396172481e-05,4.013303662647986e-05,False,0.182687900000019,0.0,1,0
2025-04-10,False,2,1.0,10,0.8,0,calibrated_quantile,2025-03-13;2025-03-14;2025-03-17;2025-03-18;2025-03-19;2025-03-20;2025-03-21;2025-03-24;2025-03-25;2025-03-26;2025-03-27;2025-03-28;2025-03-31;2025-04-01;2025-04-02;2025-04-03;2025-04-04;2025-04-07;2025-04-08;2025-04-09,20,3965.5698515760196,2025-04-03;2025-03-27,2025-04-03;2025-03-27;2025-03-20;2025-03-13;2025-03-26;2025-04-02;2025-04-09;2025-04-04;2025-03-21;2025-03-19,,2025-04-09,9600.0,10800.0,10800.0,16.579122453703704,21.20889123908624,32.26812101642767,61.64278486661977,63872.60744760248,503.1203171814812,7791.517989349674,37484.14547220929,2186.4440409052613,39670.58951311455,37484.14547220929,37484.14543472513,40347.865633251604,1452.3017057356578,lexicographic,3.748414543472513e-05,4.034786559290375e-05,False,0.10225390000050538,0.0,1,0
2025-04-11,False,2,1.0,10,0.8,0,calibrated_quantile,2025-03-14;2025-03-17;2025-03-18;2025-03-19;2025-03-20;2025-03-21;2025-03-24;2025-03-25;2025-03-26;2025-03-27;2025-03-28;2025-03-31;2025-04-01;2025-04-02;2025-04-03;2025-04-04;2025-04-07;2025-04-08;2025-04-09;2025-04-10,20,3463.013176448645,2025-04-04;2025-03-28,2025-04-04;2025-03-28;2025-03-27;2025-03-21;2025-04-10;2025-03-20;2025-04-09;2025-04-03;2025-03-13;2025-04-08,,2025-04-10,9600.0,10800.0,10800.0,19.51916765046296,23.911265077692573,34.69855815638016,62.508682540442344,28414.18012833076,488.229350402452,21478.568345490043,13866.773537181318,1895.0235297830336,15761.797066964351,13866.77353718132,13866.773523314547,40036.62836495354,1295.9820461381962,lexicographic,1.3866773523314548e-05,4.0036628364953346e-05,False,0.10984309999912512,0.0,1,0
2025-04-12,False,2,1.0,10,0.8,0,calibrated_quantile,2025-03-15;2025-03-16;2025-03-22;2025-03-23;2025-03-29;2025-03-30;2025-04-05;2025-04-06,8,3469.9136998213426,2025-04-05;2025-03-29,2025-04-05;2025-03-29;2025-03-22;2025-03-15;2025-03-08;2025-03-30;2025-04-06;2025-03-23;2025-03-01;2025-02-22,,2025-04-11,9600.0,10800.0,10800.0,17.51737199074074,22.273986751254604,28.201044763294323,45.42175881426202,28912.43474578967,278.74884282777134,18058.832071557903,14191.926916014469,1021.1568986386371,15213.083814653106,14191.92691601447,14191.926901822544,40036.62837413115,1417.5624541457819,lexicographic,1.4191926901822545e-05,4.003662833409452e-05,False,0.11655120000068564,0.0,1,0
2025-04-13,False,2,1.0,10,0.8,0,calibrated_quantile,2025-03-16;2025-03-22;2025-03-23;2025-03-29;2025-03-30;2025-04-05;2025-04-06;2025-04-12,8,3124.7076895545006,2025-04-06;2025-03-30,2025-04-06;2025-03-30;2025-03-23;2025-03-09;2025-03-16;2025-03-02;2025-04-05;2025-03-29;2025-04-12;2025-03-22,,2025-04-12,9600.0,10800.0,10800.0,19.865640509259258,24.18481927874625,21.424263370832495,40.110708800804,60210.38119508867,1019.2454360824747,4924.103658769651,35442.97887517986,4606.291300638999,40049.27017581886,35442.978875179855,35442.978839736876,38554.12529229521,1437.86955359717,lexicographic,3.5442978839736876e-05,3.855412529229515e-05,False,0.12727470000027097,0.0,1,0
2025-04-14,False,2,1.0,10,0.8,0,calibrated_quantile,2025-03-17;2025-03-18;2025-03-19;2025-03-20;2025-03-21;2025-03-24;2025-03-25;2025-03-26;2025-03-27;2025-03-28;2025-03-31;2025-04-01;2025-04-02;2025-04-03;2025-04-04;2025-04-07;2025-04-08;2025-04-09;2025-04-10;2025-04-11,20,3583.0855062655264,2025-04-07;2025-03-31,2025-04-07;2025-03-31;2025-03-24;2025-03-17;2025-04-01;2025-04-08;2025-03-25;2025-03-10;2025-03-18;2025-04-09,,2025-04-13,9600.0,10800.0,10800.0,19.029334895833326,24.18164130070125,32.93245366021154,54.50070473694976,61647.046884818745,381.4408419736528,7373.285972075823,36201.8323065552,1598.9402081743644,37800.772514729564,36201.832306555196,36201.832270353385,40416.22913961492,1447.0666479536894,lexicographic,3.6201832270353385e-05,4.04162290991987e-05,False,0.12446819999968284,0.0,1,0
2025-04-15,False,2,1.0,10,0.8,0,calibrated_quantile,2025-03-18;2025-03-19;2025-03-20;2025-03-21;2025-03-24;2025-03-25;2025-03-26;2025-03-27;2025-03-28;2025-03-31;2025-04-01;2025-04-02;2025-04-03;2025-04-04;2025-04-07;2025-04-08;2025-04-09;2025-04-10;2025-04-11;2025-04-14,20,3645.9671938352058,2025-04-08;2025-04-01,2025-04-08;2025-04-01;2025-03-25;2025-04-09;2025-03-18;2025-04-14;2025-04-07;2025-03-31;2025-03-24;2025-03-26,,2025-04-14,9600.0,10800.0,10800.0,19.032147453703708,23.16485518521193,36.8122684199213,66.16034134722666,60241.85481633785,319.23396657888617,8343.520832943184,35456.97137625117,1398.359398848015,36855.33077509918,35456.97137625117,35456.97134079421,39484.643216164164,1446.251508322361,lexicographic,3.5456971340794216e-05,3.948464321616412e-05,False,0.1304463999986183,0.0,1,0
2025-04-16,False,2,1.0,10,0.8,0,calibrated_quantile,2025-03-19;2025-03-20;2025-03-21;2025-03-24;2025-03-25;2025-03-26;2025-03-27;2025-03-28;2025-03-31;2025-04-01;2025-04-02;2025-04-03;2025-04-04;2025-04-07;2025-04-08;2025-04-09;2025-04-10;2025-04-11;2025-04-14;2025-04-15,20,3562.7781605431855,2025-04-09;2025-04-15,2025-04-09;2025-04-15;2025-04-08;2025-03-27;2025-04-10;2025-04-01;2025-03-20;2025-03-26;2025-03-25;2025-03-18,,2025-04-15,9600.0,10800.0,10800.0,16.580488310185174,20.84827067197163,32.00598800000492,60.771568329714526,58600.30868698167,2443.7574661965728,3263.066014126268,34885.42250407415,8572.137928300952,43457.5604323751,34885.42250407416,34885.42246918873,38026.7555919877,1429.916086050551,lexicographic,3.488542246918873e-05,3.802675559198799e-05,False,0.11604520000037155,0.0,1,0
2025-04-17,False,2,1.0,10,0.8,0,calibrated_quantile,2025-03-20;2025-03-21;2025-03-24;2025-03-25;2025-03-26;2025-03-27;2025-03-28;2025-03-31;2025-04-01;2025-04-02;2025-04-03;2025-04-04;2025-04-07;2025-04-08;2025-04-09;2025-04-10;2025-04-11;2025-04-14;2025-04-15;2025-04-16,20,4086.6738819365237,2025-04-10;2025-03-27,2025-04-10;2025-03-27;2025-04-03;2025-03-20;2025-04-09;2025-04-16;2025-04-04;2025-03-26;2025-03-13;2025-04-02,,2025-04-16,9600.0,10800.0,10800.0,15.033866145833324,18.349720537417397,26.75288320855106,49.33288636352143,62190.23109070479,94.29949390097718,7293.30514978173,36500.40987661066,460.2387076647843,36960.64858427545,36500.40987661066,36500.40984011025,40334.778611656766,1434.6090284071297,lexicographic,3.6500409840110254e-05,4.0334778571321994e-05,False,0.11488209999879473,0.0,1,0
2025-04-18,False,2,1.0,10,0.8,0,calibrated_quantile,2025-03-21;2025-03-24;2025-03-25;2025-03-26;2025-03-27;2025-03-28;2025-03-31;2025-04-01;2025-04-02;2025-04-03;2025-04-04;2025-04-07;2025-04-08;2025-04-09;2025-04-10;2025-04-11;2025-04-14;2025-04-15;2025-04-16;2025-04-17,20,3789.7619382460616,2025-04-04;2025-04-11,2025-04-04;2025-04-11;2025-03-28;2025-04-17;2025-03-21;2025-04-10;2025-03-27;2025-04-03;2025-03-20;2025-04-09,,2025-04-17,9600.0,10800.0,10800.0,17.56750509259259,22.523877799712373,22.571112641548574,39.64178305809866,28173.71389592076,214.57648995090148,19926.98223514898,13704.039397968532,620.6685758481183,14324.70797381665,13704.039397968532,13704.039384264492,40036.62838039761,1288.9687806823072,lexicographic,1.3704039384264492e-05,4.0036628380397745e-05,False,0.17580329999691457,0.0,1,0
2025-04-19,False,2,1.0,10,0.8,0,calibrated_quantile,2025-03-22;2025-03-23;2025-03-29;2025-03-30;2025-04-05;2025-04-06;2025-04-12;2025-04-13,8,3152.4154625689025,2025-04-05;2025-04-12,2025-04-05;2025-04-12;2025-03-29;2025-03-22;2025-03-15;2025-03-08;2025-04-13;2025-04-06;2025-03-30;2025-03-01,,2025-04-18,9600.0,10800.0,10800.0,17.925953125000003,23.014877211808642,25.684417563100126,43.124646138401324,28386.37428673183,289.0628017214673,19783.56687434361,13918.57890802822,1015.775622584071,14934.35453061229,13918.578908028223,13918.578894109643,40036.62831808388,1406.644123492244,lexicographic,1.3918578894109645e-05,4.003662827804726e-05,False,0.11136479999913718,0.0,1,0
2025-04-20,False,2,1.0,10,0.8,0,calibrated_quantile,2025-03-23;2025-03-29;2025-03-30;2025-04-05;2025-04-06;2025-04-12;2025-04-13;2025-04-19,8,3453.270550224866,2025-04-13;2025-04-06,2025-04-13;2025-04-06;2025-03-30;2025-03-23;2025-03-09;2025-03-16;2025-04-19;2025-04-05;2025-04-12;2025-03-02,,2025-04-19,9600.0,10800.0,10800.0,16.921446469907405,21.727004051443274,24.018600201260636,43.97845771796112,58525.166912182314,752.0865468276231,5249.0970654945295,34433.446330673374,3151.398228540907,37584.84455921428,34433.44633067337,34433.446296239934,39337.81869345968,1425.099373511381,lexicographic,3.4433446296239935e-05,3.933781865412186e-05,False,0.12258210000072722,0.0,1,0
2025-04-21,False,2,1.0,10,0.8,0,calibrated_quantile,2025-03-24;2025-03-25;2025-03-26;2025-03-27;2025-03-28;2025-03-31;2025-04-01;2025-04-02;2025-04-03;2025-04-04;2025-04-07;2025-04-08;2025-04-09;2025-04-10;2025-04-11;2025-04-14;2025-04-15;2025-04-16;2025-04-17;2025-04-18,20,4148.343169741499,2025-04-14;2025-04-07,2025-04-14;2025-04-07;2025-03-31;2025-03-24;2025-04-15;2025-04-08;2025-03-17;2025-04-01;2025-03-25;2025-03-10,,2025-04-20,9600.0,10800.0,10800.0,20.03395931712963,24.888497124949158,37.58414287208515,65.31490131063629,58142.781035598295,307.86437346935776,7936.310574361173,34216.400545354474,1082.1863746361337,35298.58691999061,34216.400545354474,34216.400511138076,37951.0645760899,1430.2665583656992,lexicographic,3.4216400511138075e-05,3.7951064538138834e-05,False,0.1234054999986256,0.0,1,0
2025-04-22,False,2,1.0,10,0.8,0,calibrated_quantile,2025-03-25;2025-03-26;2025-03-27;2025-03-28;2025-03-31;2025-04-01;2025-04-02;2025-04-03;2025-04-04;2025-04-07;2025-04-08;2025-04-09;2025-04-10;2025-04-11;2025-04-14;2025-04-15;2025-04-16;2025-04-17;2025-04-18;2025-04-21,20,4102.879050639742,2025-04-08;2025-04-15,2025-04-08;2025-04-15;2025-04-16;2025-04-09;2025-04-21;2025-03-25;2025-04-07;2025-03-18;2025-04-01;2025-03-31,,2025-04-21,9600.0,10800.0,10800.0,18.553381944444432,22.81164258438334,25.510747710655544,49.47587877317327,56291.23914354011,1708.8755686124655,3914.9675808278753,33401.15907031123,5976.491968137947,39377.65103844918,33401.15907031122,33401.15903691008,36712.138478502566,1437.6507939811179,lexicographic,3.340115903691009e-05,3.671213844179043e-05,False,0.131646500001807,2.1783548307838954e-16,1,0
2025-04-23,False,2,1.0,10,0.8,0,calibrated_quantile,2025-03-26;2025-03-27;2025-03-28;2025-03-31;2025-04-01;2025-04-02;2025-04-03;2025-04-04;2025-04-07;2025-04-08;2025-04-09;2025-04-10;2025-04-11;2025-04-14;2025-04-15;2025-04-16;2025-04-17;2025-04-18;2025-04-21;2025-04-22,20,4270.027830407913,2025-04-09;2025-04-16,2025-04-09;2025-04-16;2025-04-17;2025-04-15;2025-04-10;2025-03-26;2025-03-27;2025-04-08;2025-04-02;2025-04-22,,2025-04-22,9600.0,10800.0,10800.0,19.41100763888889,23.641113764293824,22.668722472856395,39.23734032714314,59303.023075975885,427.9691969565802,6337.974388522641,34830.66489890299,1488.1839328208425,36318.84883172384,34830.66489890299,34830.66486407233,37868.922187120115,1439.8408334566943,lexicographic,3.483066486407233e-05,3.78689221492512e-05,False,0.10399200000028941,0.0,1,0
2025-04-24,False,2,1.0,10,0.8,0,calibrated_quantile,2025-03-27;2025-03-28;2025-03-31;2025-04-01;2025-04-02;2025-04-03;2025-04-04;2025-04-07;2025-04-08;2025-04-09;2025-04-10;2025-04-11;2025-04-14;2025-04-15;2025-04-16;2025-04-17;2025-04-18;2025-04-21;2025-04-22;2025-04-23,20,4352.012177481687,2025-04-17;2025-04-10,2025-04-17;2025-04-10;2025-04-23;2025-03-27;2025-04-09;2025-04-16;2025-04-18;2025-04-03;2025-03-20;2025-04-04,,2025-04-23,9600.0,10800.0,10800.0,16.783579803240748,21.131011136368933,37.05288750537645,68.37502616425023,58642.42589158151,206.17547583460833,9763.013082932144,34464.41803712565,961.6412156810691,35426.05925280672,34464.41803712565,34464.41800266122,37914.150105195644,1422.680841740128,lexicographic,3.4464418002661226e-05,3.7914150067281494e-05,False,0.10021150000102352,0.0,1,0
2025-04-25,False,2,1.0,10,0.8,0,calibrated_quantile,2025-03-28;2025-03-31;2025-04-01;2025-04-02;2025-04-03;2025-04-04;2025-04-07;2025-04-08;2025-04-09;2025-04-10;2025-04-11;2025-04-14;2025-04-15;2025-04-16;2025-04-17;2025-04-18;2025-04-21;2025-04-22;2025-04-23;2025-04-24,20,4151.658360222832,2025-04-18;2025-04-11,2025-04-18;2025-04-11;2025-04-04;2025-04-24;2025-03-28;2025-04-17;2025-03-27;2025-04-10;2025-03-21;2025-04-23,,2025-04-24,9600.0,10800.0,10800.0,18.838371527777777,22.509333192604245,23.186227912338197,41.00316235624466,27077.1079959008,200.6508275678438,23170.210205931264,12875.248434822857,728.2514674779353,13603.499902300793,12875.248434822857,12875.248421947606,40036.62838321019,1279.3947399867734,lexicographic,1.2875248421947607e-05,4.0036628383210545e-05,False,0.22769139999945764,0.0,1,0
2025-04-26,False,2,1.0,10,0.8,0,calibrated_quantile,2025-03-29;2025-03-30;2025-04-05;2025-04-06;2025-04-12;2025-04-13;2025-04-19;2025-04-20,8,3703.4273417045224,2025-04-12;2025-04-05,2025-04-12;2025-04-05;2025-04-19;2025-03-29;2025-03-22;2025-03-15;2025-03-08;2025-04-20;2025-04-13;2025-03-30,,2025-04-25,9600.0,10800.0,10800.0,19.14991504629629,23.746140280623976,53.996965807724834,98.33885818139652,27733.2917035143,367.11157037721404,25923.018673966617,13450.741475560979,1491.5799182275446,14942.321393788523,13450.741475560979,13450.741462110238,40036.62836523977,1406.6441234923514,lexicographic,1.345074146211024e-05,4.003662832520315e-05,False,0.11535780000122031,0.0,1,0
2025-04-27,False,2,1.0,10,0.8,0,calibrated_quantile,2025-03-30;2025-04-05;2025-04-06;2025-04-12;2025-04-13;2025-04-19;2025-04-20;2025-04-26,8,3702.672096918624,2025-04-20;2025-03-30,2025-04-20;2025-03-30;2025-04-06;2025-04-13;2025-03-23;2025-04-12;2025-04-26;2025-04-05;2025-03-29;2025-04-19,,2025-04-26,9600.0,10800.0,10800.0,20.757893749999994,25.372061714929835,17.39102965826681,33.67038327155802,54027.39743001402,1000.4584717225144,4439.982245652943,32104.92355089171,4197.1824971840915,36302.1060480758,32104.92355089171,32104.923518786793,38273.64698225477,1437.5835707201604,lexicographic,3.21049235187868e-05,3.8273646943981125e-05,False,0.1277989999980491,0.0,1,0
2025-04-28,False,2,1.0,10,0.8,0,calibrated_quantile,2025-03-31;2025-04-01;2025-04-02;2025-04-03;2025-04-04;2025-04-07;2025-04-08;2025-04-09;2025-04-10;2025-04-11;2025-04-14;2025-04-15;2025-04-16;2025-04-17;2025-04-18;2025-04-21;2025-04-22;2025-04-23;2025-04-24;2025-04-25,20,4337.132085066061,2025-04-21;2025-04-07,2025-04-21;2025-04-07;2025-04-22;2025-03-31;2025-04-14;2025-04-08;2025-04-15;2025-03-24;2025-03-25;2025-03-17,,2025-04-27,9600.0,10800.0,10800.0,18.804678414351844,23.087550974862747,51.56895953725003,88.90755213473393,56871.456333205046,4273.720384211643,2568.80064817331,33342.62920501066,16437.388953169226,49780.01815817988,33342.62920501066,33342.62917166803,37133.766298957715,1435.437350608541,lexicographic,3.334262917166803e-05,3.713376626182395e-05,False,0.11390540000138571,0.0,1,0
2025-04-29,False,2,1.0,10,0.8,0,calibrated_quantile,2025-04-01;2025-04-02;2025-04-03;2025-04-04;2025-04-07;2025-04-08;2025-04-09;2025-04-10;2025-04-11;2025-04-14;2025-04-15;2025-04-16;2025-04-17;2025-04-18;2025-04-21;2025-04-22;2025-04-23;2025-04-24;2025-04-25;2025-04-28,20,4860.439771896947,2025-04-15;2025-04-01,2025-04-15;2025-04-01;2025-03-25;2025-04-08;2025-04-23;2025-04-14;2025-04-21;2025-03-18;2025-04-22;2025-04-09,,2025-04-28,9600.0,10800.0,10800.0,14.028157291666666,17.735081032328686,34.24976839043552,53.32240571865772,57449.75204819362,707.1003520091131,8775.212391593097,33784.327047227016,2901.889161763322,36686.216208990336,33784.32704722702,33784.327013442686,37020.09954691666,1428.7172274090553,lexicographic,3.3784327013442686e-05,3.702009954691651e-05,False,0.12102890000096522,0.0,1,0
2025-04-30,False,2,1.0,10,0.8,0,calibrated_quantile,2025-04-02;2025-04-03;2025-04-04;2025-04-07;2025-04-08;2025-04-09;2025-04-10;2025-04-11;2025-04-14;2025-04-15;2025-04-16;2025-04-17;2025-04-18;2025-04-21;2025-04-22;2025-04-23;2025-04-24;2025-04-25;2025-04-28;2025-04-29,20,4514.690095018694,2025-04-23;2025-04-16,2025-04-23;2025-04-16;2025-04-09;2025-04-24;2025-04-17;2025-04-15;2025-04-22;2025-04-08;2025-04-29;2025-03-27,,2025-04-29,9600.0,10800.0,10800.0,17.707478935185172,22.28639310762059,33.49759742865675,54.614513597881356,55838.45698940203,892.4172338522835,6625.511251039321,33120.637084145084,3441.4260695716534,36562.063153716736,33120.637084145084,33120.63705102444,35121.662238751596,1427.0774463933321,lexicographic,3.312063705102444e-05,3.512166220362994e-05,False,0.15801400000054855,0.0,1,0
2025-05-01,False,2,1.0,10,0.8,0,calibrated_quantile,2025-04-03;2025-04-04;2025-04-07;2025-04-08;2025-04-09;2025-04-10;2025-04-11;2025-04-14;2025-04-15;2025-04-16;2025-04-17;2025-04-18;2025-04-21;2025-04-22;2025-04-23;2025-04-24;2025-04-25;2025-04-28;2025-04-29;2025-04-30,20,4433.416819925944,2025-04-24;2025-04-17,2025-04-24;2025-04-17;2025-04-30;2025-04-23;2025-04-10;2025-04-16;2025-03-27;2025-04-25;2025-04-09;2025-04-18,,2025-04-30,9600.0,10800.0,10800.0,34.69009571759258,46.025785470484266,33.63651340368239,57.59815011516701,55013.56104931242,3665.6105667529587,5795.2463403285665,32426.857691108606,17060.923963039048,49487.78165414765,32426.857691108606,32426.857658681736,35578.38303899929,1424.762619302082,lexicographic,3.2426857658681736e-05,3.557838300342091e-05,False,0.13106279999919934,0.0,1,0
2025-05-02,False,2,1.0,10,0.8,0,calibrated_quantile,2025-04-04;2025-04-07;2025-04-08;2025-04-09;2025-04-10;2025-04-11;2025-04-14;2025-04-15;2025-04-16;2025-04-17;2025-04-18;2025-04-21;2025-04-22;2025-04-23;2025-04-24;2025-04-25;2025-04-28;2025-04-29;2025-04-30;2025-05-01,20,4712.211503740915,2025-04-25;2025-04-18,2025-04-25;2025-04-18;2025-04-11;2025-04-04;2025-04-24;2025-05-01;2025-03-28;2025-04-17;2025-03-27;2025-04-10,,2025-05-01,9600.0,10800.0,10800.0,30.545415798611106,41.73850642402507,61.387181876367976,106.69175023779297,26926.933366958594,5184.076867200798,15713.499181212439,12881.080499545333,23654.976915817188,36536.05741536252,12881.080499545335,12881.080486664254,40036.628422658905,1265.8194583333325,lexicographic,1.2881080486664255e-05,4.003662838262228e-05,False,0.19230210000023362,1.4121403910402166e-16,1,0
2025-05-03,False,2,1.0,10,0.8,0,calibrated_quantile,2025-04-05;2025-04-06;2025-04-12;2025-04-13;2025-04-19;2025-04-20;2025-04-26;2025-04-27,8,3848.8111912239224,2025-04-19;2025-04-26,2025-04-19;2025-04-26;2025-04-12;2025-03-29;2025-04-05;2025-03-22;2025-03-15;2025-03-08;2025-03-01;2025-02-22,,2025-05-02,9600.0,10800.0,10800.0,32.15843825231482,43.60372466085871,38.285704263736115,77.66337311598915,26956.730312351818,2912.727451793331,18895.0951455299,12944.4808812887,13482.726186048949,26427.20706733765,12944.480881288699,12944.480868344219,40036.62840368973,1411.496482238068,lexicographic,1.294448086834422e-05,4.00366283636531e-05,False,0.24749399999927846,0.0,1,0
2025-05-04,False,2,1.0,10,0.8,0,calibrated_quantile,2025-04-06;2025-04-12;2025-04-13;2025-04-19;2025-04-20;2025-04-26;2025-04-27;2025-05-03,8,4575.711874195087,2025-04-20;2025-04-13,2025-04-20;2025-04-13;2025-04-06;2025-03-30;2025-04-27;2025-03-23;2025-03-09;2025-03-16;2025-04-26;2025-05-03,,2025-05-03,9600.0,10800.0,10800.0,35.04602528935186,45.14596629316019,37.455248277601186,61.35955635744271,56579.29508529967,2507.5842809993655,5388.716733823033,33441.994445748795,10742.969148499955,44184.96359424875,33441.994445748795,33441.9944123068,37306.41068371062,1417.3731959938473,lexicographic,3.34419944123068e-05,3.7306410646404215e-05,False,0.13999730000068666,0.0,1,0
2025-05-05,False,2,1.0,10,0.8,0,calibrated_quantile,2025-04-07;2025-04-08;2025-04-09;2025-04-10;2025-04-11;2025-04-14;2025-04-15;2025-04-16;2025-04-17;2025-04-18;2025-04-21;2025-04-22;2025-04-23;2025-04-24;2025-04-25;2025-04-28;2025-04-29;2025-04-30;2025-05-01;2025-05-02,20,5848.724305058271,2025-04-21;2025-04-14,2025-04-21;2025-04-14;2025-04-07;2025-03-31;2025-04-28;2025-04-15;2025-04-29;2025-03-24;2025-04-22;2025-04-08,,2025-05-04,9600.0,10800.0,10800.0,31.501066435185173,41.271954928006984,37.766242504386575,61.67825280820115,59841.44861901308,2946.659813095593,5773.937798235889,35297.25024989051,13526.05205689377,48823.30230678428,35297.25024989051,35297.25021459326,36825.112843583025,1429.1759133570613,lexicographic,3.5297250214593264e-05,3.682511280675792e-05,False,0.11539189999894006,0.0,1,0
2025-05-06,False,2,1.0,10,0.8,0,calibrated_quantile,2025-04-08;2025-04-09;2025-04-10;2025-04-11;2025-04-14;2025-04-15;2025-04-16;2025-04-17;2025-04-18;2025-04-21;2025-04-22;2025-04-23;2025-04-24;2025-04-25;2025-04-28;2025-04-29;2025-04-30;2025-05-01;2025-05-02;2025-05-05,20,6125.221132904366,2025-04-22;2025-04-29,2025-04-22;2025-04-29;2025-04-15;2025-04-08;2025-04-23;2025-04-30;2025-05-05;2025-03-25;2025-04-28;2025-04-21,,2025-05-05,9600.0,10800.0,10800.0,34.48717349537036,44.93239497344048,28.035210148018976,51.86785142098112,59251.52734523946,2211.6339229331534,6596.944014787631,34743.396328617295,9977.080707185267,44720.47703580256,34743.396328617295,34743.3962938739,37926.56284764802,1438.1222916666666,lexicographic,3.47433962938739e-05,3.792656284764764e-05,False,0.160061599999608,0.0,1,0
2025-05-07,False,2,1.0,10,0.8,0,calibrated_quantile,2025-04-09;2025-04-10;2025-04-11;2025-04-14;2025-04-15;2025-04-16;2025-04-17;2025-04-18;2025-04-21;2025-04-22;2025-04-23;2025-04-24;2025-04-25;2025-04-28;2025-04-29;2025-04-30;2025-05-01;2025-05-02;2025-05-05;2025-05-06,20,6402.919582579931,2025-04-30;2025-04-23,2025-04-30;2025-04-23;2025-04-16;2025-04-09;2025-04-24;2025-05-01;2025-05-06;2025-04-22;2025-04-17;2025-04-15,,2025-05-06,9600.0,10800.0,10800.0,30.37463836805554,42.74025102677675,22.991400383840332,39.598888807880705,57818.687169361336,2558.4020602874166,3303.150822162522,34138.03948909695,12209.198346450974,46347.23783554792,34138.03948909695,34138.03945549414,38115.75669223846,1468.114166666668,lexicographic,3.413803945549414e-05,3.81157566541227e-05,False,0.15729000000283122,0.0,1,0
2025-05-08,False,2,1.0,10,0.8,0,calibrated_quantile,2025-04-10;2025-04-11;2025-04-14;2025-04-15;2025-04-16;2025-04-17;2025-04-18;2025-04-21;2025-04-22;2025-04-23;2025-04-24;2025-04-25;2025-04-28;2025-04-29;2025-04-30;2025-05-01;2025-05-02;2025-05-05;2025-05-06;2025-05-07,20,6502.170083857032,2025-04-24;2025-05-01,2025-04-24;2025-05-01;2025-05-07;2025-04-17;2025-05-02;2025-04-23;2025-04-30;2025-04-10;2025-03-27;2025-04-25,,2025-05-07,9600.0,10800.0,10800.0,25.25616059027778,34.98283400749869,30.084578488146082,50.418036899937064,61239.4687370381,1196.8332703852539,4610.218479772304,37084.56994176572,4699.653681700706,41784.22362346643,37084.56994176573,37084.569904681135,37991.85142536998,1475.717741326528,lexicographic,3.708456990468114e-05,3.799185138737813e-05,False,0.13191849999930128,0.0,1,0
2025-05-09,False,2,1.0,10,0.8,0,calibrated_quantile,2025-04-11;2025-04-14;2025-04-15;2025-04-16;2025-04-17;2025-04-18;2025-04-21;2025-04-22;2025-04-23;2025-04-24;2025-04-25;2025-04-28;2025-04-29;2025-04-30;2025-05-01;2025-05-02;2025-05-05;2025-05-06;2025-05-07;2025-05-08,20,6910.238399708309,2025-05-02;2025-04-18,2025-05-02;2025-04-18;2025-04-25;2025-05-08;2025-04-04;2025-05-01;2025-04-24;2025-04-17;2025-04-11;2025-03-28,,2025-05-08,9600.0,10800.0,10800.0,22.367690567129628,30.043903198608103,24.33149148396611,44.324108024170314,29088.2236445268,525.7361934882788,19007.383027886543,14669.020475416855,2366.348328900872,17035.368804317728,14669.020475416857,14669.020460747835,40036.628242442035,1308.2092599684881,lexicographic,1.4669020460747837e-05,4.003662820240541e-05,False,0.14155960000061896,2.4800420838094914e-16,1,0
2025-05-10,False,2,1.0,10,0.8,0,calibrated_quantile,2025-04-12;2025-04-13;2025-04-19;2025-04-20;2025-04-26;2025-04-27;2025-05-03;2025-05-04,8,5811.773732639003,2025-05-03;2025-04-26,2025-05-03;2025-04-26;2025-04-19;2025-04-12;2025-04-05;2025-03-29;2025-03-22;2025-03-15;2025-03-08;2025-05-04,,2025-05-09,9600.0,10800.0,10800.0,26.114332118055543,32.189296274911186,43.55729693126165,79.36654192204495,29078.914245888325,1482.9923477646628,16333.67035190781,14849.451273784718,6281.820503159571,21131.27177694429,14849.451273784716,14849.451258935267,40036.62820982504,1432.9524405715129,lexicographic,1.4849451258935268e-05,4.0036628169788404e-05,False,0.1836461999992025,0.0,1,0
2025-05-11,False,2,1.0,10,0.8,0,calibrated_quantile,2025-04-13;2025-04-19;2025-04-20;2025-04-26;2025-04-27;2025-05-03;2025-05-04;2025-05-10,8,7101.339144935504,2025-05-04;2025-04-20,2025-05-04;2025-04-20;2025-04-13;2025-04-06;2025-03-30;2025-03-23;2025-04-27;2025-03-09;2025-03-16;2025-03-02,,2025-05-10,9600.0,10800.0,10800.0,26.949464178240735,34.93127691001345,42.44193154718347,76.12920492995589,59269.42770155663,2558.752695497031,4437.481313749461,35707.46718211826,11879.294098589635,47586.76128070789,35707.46718211826,35707.46714641076,36225.77999944665,1477.1811263404763,lexicographic,3.570746714641076e-05,3.6225779963220874e-05,False,0.24486690000048839,0.0,1,0
2025-05-12,False,2,1.0,10,0.8,0,calibrated_quantile,2025-04-14;2025-04-15;2025-04-16;2025-04-17;2025-04-18;2025-04-21;2025-04-22;2025-04-23;2025-04-24;2025-04-25;2025-04-28;2025-04-29;2025-04-30;2025-05-01;2025-05-02;2025-05-05;2025-05-06;2025-05-07;2025-05-08;2025-05-09,20,7092.853695628439,2025-05-05;2025-04-21,2025-05-05;2025-04-21;2025-04-14;2025-04-07;2025-05-06;2025-04-28;2025-03-31;2025-04-29;2025-03-24;2025-04-15,,2025-05-11,9600.0,10800.0,10800.0,23.85869693287036,30.366205282865355,50.76893558314319,89.12652107887149,61877.27766993821,1293.6211101165347,9167.873066519958,37148.54099329943,3689.408843717651,40837.949837017084,37148.54099329942,37148.54095615088,39364.77912382777,1479.4631779623182,lexicographic,3.7148540956150884e-05,3.9364779084463e-05,False,0.1558364000011352,0.0,1,0
2025-05-13,False,2,1.0,10,0.8,0,calibrated_quantile,2025-04-15;2025-04-16;2025-04-17;2025-04-18;2025-04-21;2025-04-22;2025-04-23;2025-04-24;2025-04-25;2025-04-28;2025-04-29;2025-04-30;2025-05-01;2025-05-02;2025-05-05;2025-05-06;2025-05-07;2025-05-08;2025-05-09;2025-05-12,20,7327.055368729902,2025-05-06;2025-04-15,2025-05-06;2025-04-15;2025-04-29;2025-05-07;2025-04-22;2025-05-05;2025-05-12;2025-04-30;2025-04-23;2025-04-08,,2025-05-12,9600.0,10800.0,10800.0,21.645269328703698,26.838873623348668,23.15955867224836,38.623144939391324,60443.021009348595,695.6472829857048,6155.682526973906,36527.01589035306,3234.7507062389923,39761.76659659205,36527.01589035307,36527.015853826044,35221.68697518092,1500.8032438938512,lexicographic,3.652701585382605e-05,3.522168693995924e-05,False,0.14561890000186395,0.0,1,0
2025-05-14,False,2,1.0,10,0.8,0,calibrated_quantile,2025-04-16;2025-04-17;2025-04-18;2025-04-21;2025-04-22;2025-04-23;2025-04-24;2025-04-25;2025-04-28;2025-04-29;2025-04-30;2025-05-01;2025-05-02;2025-05-05;2025-05-06;2025-05-07;2025-05-08;2025-05-09;2025-05-12;2025-05-13,20,7628.134028716148,2025-05-07;2025-04-23,2025-05-07;2025-04-23;2025-04-30;2025-05-08;2025-05-13;2025-05-01;2025-04-24;2025-05-06;2025-04-09;2025-04-16,,2025-05-13,9600.0,10800.0,10800.0,21.89112366898148,27.390991603387818,22.38187840137116,38.7661730383163,62368.15001222072,301.25853857744374,7671.079356448095,37286.79065958871,1036.819229445902,38323.60988903461,37286.79065958871,37286.790622301916,37699.42780931807,1472.1224083729485,lexicographic,3.7286790622301916e-05,3.7699427771618644e-05,False,0.13294239999959245,0.0,1,0
2025-05-15,False,2,1.0,10,0.8,0,calibrated_quantile,2025-04-17;2025-04-18;2025-04-21;2025-04-22;2025-04-23;2025-04-24;2025-04-25;2025-04-28;2025-04-29;2025-04-30;2025-05-01;2025-05-02;2025-05-05;2025-05-06;2025-05-07;2025-05-08;2025-05-09;2025-05-12;2025-05-13;2025-05-14,20,7326.499439421002,2025-05-08;2025-05-01,2025-05-08;2025-05-01;2025-04-24;2025-05-14;2025-05-07;2025-04-17;2025-05-09;2025-04-23;2025-05-02;2025-04-30,,2025-05-14,9600.0,10800.0,10800.0,23.557369444444426,30.192455031584355,24.21664588197716,42.81417255811482,63115.42617768661,602.568353480527,8984.691771029917,38466.36614019557,2268.872302222605,40735.23844241817,38466.366140195576,38466.36610172922,37396.64505927396,1510.7389044801444,lexicographic,3.846636610172922e-05,3.739664502187731e-05,False,0.1311877000007371,0.0,1,0
2025-05-16,False,2,1.0,10,0.8,0,calibrated_quantile,2025-04-18;2025-04-21;2025-04-22;2025-04-23;2025-04-24;2025-04-25;2025-04-28;2025-04-29;2025-04-30;2025-05-01;2025-05-02;2025-05-05;2025-05-06;2025-05-07;2025-05-08;2025-05-09;2025-05-12;2025-05-13;2025-05-14;2025-05-15,20,7460.526756504545,2025-05-02;2025-05-09,2025-05-02;2025-05-09;2025-04-25;2025-04-18;2025-05-08;2025-05-15;2025-04-11;2025-04-04;2025-05-01;2025-04-24,,2025-05-15,9600.0,10800.0,10800.0,22.92893466435185,29.03291552233018,41.418747860018634,64.173344408802,30632.555976119882,152.46909058564842,25962.327582489062,16255.063506492697,448.15226581630714,16703.215772309006,16255.0635064927,16255.06349023764,40036.628066779434,1327.2020851917819,lexicographic,1.625506349023764e-05,4.003662802674281e-05,False,0.14639050000187126,0.0,1,0
2025-05-17,False,2,1.0,10,0.8,0,calibrated_quantile,2025-04-19;2025-04-20;2025-04-26;2025-04-27;2025-05-03;2025-05-04;2025-05-10;2025-05-11,8,8434.37247230449,2025-05-10;2025-04-26,2025-05-10;2025-04-26;2025-04-12;2025-04-19;2025-04-05;2025-05-03;2025-03-29;2025-03-22;2025-03-15;2025-05-04,,2025-05-16,9600.0,10800.0,10800.0,25.589526331018515,32.27812215173546,36.494861145244855,62.61018236207915,29691.044988641337,669.5512136867004,17804.606162740707,15252.321707805135,2570.514659369954,17822.83636717509,15252.321707805135,15252.32169255281,40036.628168825875,1439.0209166666755,lexicographic,1.5252321692552812e-05,4.0036628128789244e-05,False,0.2214631000024383,0.0,1,0
2025-05-18,False,2,1.0,10,0.8,0,calibrated_quantile,2025-04-20;2025-04-26;2025-04-27;2025-05-03;2025-05-04;2025-05-10;2025-05-11;2025-05-17,8,9051.438020909281,2025-05-11;2025-05-04,2025-05-11;2025-05-04;2025-04-20;2025-04-13;2025-04-06;2025-03-30;2025-04-27;2025-03-23;2025-03-09;2025-03-16,,2025-05-17,9600.0,10800.0,10800.0,22.110695196759252,28.14363259092782,33.626125189294015,60.94142671945794,65829.23433259455,825.0859142038695,10932.072629574843,39944.114130974915,2316.096351508891,42260.2104824838,39944.11413097491,39944.1140910308,38875.51082724807,1504.7957990003497,lexicographic,3.994411409103081e-05,3.8875510788372546e-05,False,0.11535670000012033,0.0,1,0
2025-05-19,False,2,1.0,10,0.8,0,calibrated_quantile,2025-04-21;2025-04-22;2025-04-23;2025-04-24;2025-04-25;2025-04-28;2025-04-29;2025-04-30;2025-05-01;2025-05-02;2025-05-05;2025-05-06;2025-05-07;2025-05-08;2025-05-09;2025-05-12;2025-05-13;2025-05-14;2025-05-15;2025-05-16,20,7466.918470569818,2025-05-12;2025-05-05,2025-05-12;2025-05-05;2025-05-13;2025-04-21;2025-04-14;2025-05-06;2025-04-07;2025-04-29;2025-03-31;2025-04-28,,2025-05-18,9600.0,10800.0,10800.0,21.95756093749999,30.305215934264957,40.04259996163779,78.25822482603324,62321.962346187225,196.5575483345975,13115.051481304446,37888.17687651106,1069.382320491317,38957.55919700238,37888.17687651106,37888.17683862289,35876.785401130284,1486.0324683152996,lexicographic,3.788817683862289e-05,3.58767853652535e-05,False,0.15183290000277339,0.0,1,0
2025-05-20,False,2,1.0,10,0.8,0,calibrated_quantile,2025-04-22;2025-04-23;2025-04-24;2025-04-25;2025-04-28;2025-04-29;2025-04-30;2025-05-01;2025-05-02;2025-05-05;2025-05-06;2025-05-07;2025-05-08;2025-05-09;2025-05-12;2025-05-13;2025-05-14;2025-05-15;2025-05-16;2025-05-19,20,7446.838762380576,2025-05-13;2025-04-22,2025-05-13;2025-04-22;2025-05-06;2025-05-07;2025-04-30;2025-04-15;2025-05-14;2025-05-12;2025-04-08;2025-05-05,,2025-05-19,9600.0,10800.0,10800.0,21.638647164351863,29.762236329042306,27.48693140227884,51.37230397737732,60872.38979775825,1023.288019533425,5463.085436810784,36541.10466196811,4595.504619134804,41136.60928110291,36541.10466196811,36541.10462542702,36198.75371247032,1460.1904534328569,lexicographic,3.654110462542702e-05,3.619875367627157e-05,False,0.1402985999993689,0.0,1,0
2025-05-21,False,2,1.0,10,0.8,0,calibrated_quantile,2025-04-23;2025-04-24;2025-04-25;2025-04-28;2025-04-29;2025-04-30;2025-05-01;2025-05-02;2025-05-05;2025-05-06;2025-05-07;2025-05-08;2025-05-09;2025-05-12;2025-05-13;2025-05-14;2025-05-15;2025-05-16;2025-05-19;2025-05-20,20,7541.016594894142,2025-05-14;2025-05-07,2025-05-14;2025-05-07;2025-05-15;2025-05-08;2025-04-23;2025-05-13;2025-04-30;2025-05-01;2025-04-24;2025-04-29,,2025-05-20,9600.0,10800.0,10800.0,20.232840451388896,25.91120825449511,34.22225474057552,58.74992733283066,63348.683429243414,398.1198789292102,10442.190300139015,38656.830715468815,1383.1594436783053,40039.99015914712,38656.830715468815,38656.83067681201,36897.956769305485,1510.6858007469054,lexicographic,3.8656830676812015e-05,3.689795673240754e-05,False,0.1402862000031746,0.0,1,0
2025-05-22,False,2,1.0,10,0.8,0,calibrated_quantile,2025-04-24;2025-04-25;2025-04-28;2025-04-29;2025-04-30;2025-05-01;2025-05-02;2025-05-05;2025-05-06;2025-05-07;2025-05-08;2025-05-09;2025-05-12;2025-05-13;2025-05-14;2025-05-15;2025-05-16;2025-05-19;2025-05-20;2025-05-21,20,7595.534815417633,2025-05-15;2025-05-08,2025-05-15;2025-05-08;2025-05-01;2025-05-14;2025-05-21;2025-05-07;2025-04-24;2025-05-16;2025-05-02;2025-04-17,,2025-05-21,9600.0,10800.0,10800.0,21.696723263888885,29.23052285699296,16.434996120874047,30.050418449296753,60696.0174150674,254.18542546083683,8293.837199013851,37335.771188487735,887.0054374579703,38222.776625945706,37335.771188487735,37335.77115115196,34954.96167210673,1518.8441357961462,lexicographic,3.733577115115196e-05,3.4954961637151776e-05,False,0.15701320000152919,0.0,1,0
2025-05-23,False,2,1.0,10,0.8,0,calibrated_quantile,2025-04-25;2025-04-28;2025-04-29;2025-04-30;2025-05-01;2025-05-02;2025-05-05;2025-05-06;2025-05-07;2025-05-08;2025-05-09;2025-05-12;2025-05-13;2025-05-14;2025-05-15;2025-05-16;2025-05-19;2025-05-20;2025-05-21;2025-05-22,20,7667.024283296185,2025-05-16;2025-05-09,2025-05-16;2025-05-09;2025-05-02;2025-04-25;2025-05-15;2025-05-22;2025-04-18;2025-05-08;2025-04-24;2025-05-01,,2025-05-22,9600.0,10800.0,10800.0,20.37874675925926,25.458986006145174,19.27700107884122,35.69998518633759,29940.40222652745,307.5815139557011,21719.843904534235,15931.622942542832,996.767745058938,16928.390687601768,15931.622942542832,15931.622926611211,40036.62809969619,1337.168242215344,lexicographic,1.5931622926611213e-05,4.003662805965957e-05,False,0.21402189999935217,0.0,1,0
2025-05-24,False,2,1.0,10,0.8,0,calibrated_quantile,2025-04-26;2025-04-27;2025-05-03;2025-05-04;2025-05-10;2025-05-11;2025-05-17;2025-05-18,8,9483.154047220713,2025-05-17;2025-05-10,2025-05-17;2025-05-10;2025-05-03;2025-04-26;2025-04-19;2025-04-12;2025-04-05;2025-03-29;2025-03-22;2025-03-15,,2025-05-23,9600.0,10800.0,10800.0,20.98811869212963,26.654892675684714,50.40678290142128,93.46902270301706,30867.93336867963,66.93957974398523,25073.18061569111,16532.113230035357,174.89993457241783,16707.013164607775,16532.113230035357,16532.113213503246,40036.62803858431,1463.67666666667,lexicographic,1.6532113213503246e-05,4.003662799854769e-05,False,0.179159699997399,0.0,1,0
2025-05-25,False,2,1.0,10,0.8,0,calibrated_quantile,2025-04-27;2025-05-03;2025-05-04;2025-05-10;2025-05-11;2025-05-17;2025-05-18;2025-05-24,8,9555.292513285938,2025-05-18;2025-05-04,2025-05-18;2025-05-04;2025-05-11;2025-04-20;2025-04-27;2025-04-13;2025-04-06;2025-03-30;2025-05-17;2025-05-24,,2025-05-24,9600.0,10800.0,10800.0,21.19966805555556,25.70050623982766,28.78185154352568,51.40211082774668,63006.13826968172,118.24483890466124,12591.674636371297,37983.670526036796,525.8755187854317,38509.54604482223,37983.670526036796,37983.670488053125,37766.26748875342,1505.037731247849,lexicographic,3.7983670488053125e-05,3.776626745098716e-05,False,0.1295628999978362,0.0,1,0
2025-05-26,False,2,1.0,10,0.8,0,calibrated_quantile,2025-04-28;2025-04-29;2025-04-30;2025-05-01;2025-05-02;2025-05-05;2025-05-06;2025-05-07;2025-05-08;2025-05-09;2025-05-12;2025-05-13;2025-05-14;2025-05-15;2025-05-16;2025-05-19;2025-05-20;2025-05-21;2025-05-22;2025-05-23,20,7752.0213802607195,2025-05-12;2025-05-19,2025-05-12;2025-05-19;2025-05-05;2025-05-20;2025-04-28;2025-05-13;2025-04-21;2025-05-06;2025-04-22;2025-04-14,,2025-05-25,9600.0,10800.0,10800.0,20.47439594907406,25.322999724384534,34.51233224939428,64.36925942356798,61293.10963023336,1531.5341602505305,6378.804680834959,37349.27635984203,5674.067189050719,43023.34354889275,37349.27635984203,37349.27632249277,35454.11703332994,1493.3983020220105,lexicographic,3.734927632249277e-05,3.545411699787582e-05,False,0.19557480000003125,0.0,1,0
2025-05-27,False,2,1.0,10,0.8,0,calibrated_quantile,2025-04-29;2025-04-30;2025-05-01;2025-05-02;2025-05-05;2025-05-06;2025-05-07;2025-05-08;2025-05-09;2025-05-12;2025-05-13;2025-05-14;2025-05-15;2025-05-16;2025-05-19;2025-05-20;2025-05-21;2025-05-22;2025-05-23;2025-05-26,20,7539.165603454666,2025-05-13;2025-04-29,2025-05-13;2025-04-29;2025-05-21;2025-05-14;2025-05-06;2025-05-19;2025-05-12;2025-05-20;2025-04-15;2025-05-05,,2025-05-26,9600.0,10800.0,10800.0,21.873992534722227,28.391369556498294,22.600445895832983,37.77743429943071,59517.830494375245,285.53912621205194,8550.166775841335,35986.36251667914,640.8804665372039,36627.24298321634,35986.36251667914,35986.36248069277,35393.87535017336,1466.5426874310542,lexicographic,3.598636248069277e-05,3.5393875314779485e-05,False,0.16220310000062454,0.0,1,0
2025-05-28,False,2,1.0,10,0.8,0,calibrated_quantile,2025-04-30;2025-05-01;2025-05-02;2025-05-05;2025-05-06;2025-05-07;2025-05-08;2025-05-09;2025-05-12;2025-05-13;2025-05-14;2025-05-15;2025-05-16;2025-05-19;2025-05-20;2025-05-21;2025-05-22;2025-05-23;2025-05-26;2025-05-27,20,7552.296700942995,2025-05-07;2025-05-14,2025-05-07;2025-05-14;2025-05-21;2025-05-22;2025-05-20;2025-04-30;2025-05-15;2025-05-08;2025-05-13;2025-04-23,,2025-05-27,9600.0,10800.0,10800.0,20.47106614583332,26.62601354466708,39.63814199194876,66.29708442130978,62392.63759800412,817.7710686203169,9079.722827775293,38213.28919026153,2998.213614800835,41211.502805062366,38213.28919026152,38213.28915204824,35280.37303813387,1515.174968842066,lexicographic,3.821328915204824e-05,3.52803730028535e-05,False,0.1375571000025957,0.0,1,0
2025-05-29,False,2,1.0,10,0.8,0,calibrated_quantile,2025-05-01;2025-05-02;2025-05-05;2025-05-06;2025-05-07;2025-05-08;2025-05-09;2025-05-12;2025-05-13;2025-05-14;2025-05-15;2025-05-16;2025-05-19;2025-05-20;2025-05-21;2025-05-22;2025-05-23;2025-05-26;2025-05-27;2025-05-28,20,7710.324528166519,2025-05-22;2025-05-15,2025-05-22;2025-05-15;2025-05-08;2025-05-28;2025-05-21;2025-05-14;2025-05-01;2025-05-16;2025-05-07;2025-05-23,,2025-05-28,9600.0,10800.0,10800.0,19.602797569444437,26.031448695299435,23.45137969228203,42.36992048642772,61058.273083192806,868.8870464491619,5931.5040499412735,37098.9133069548,3971.0648556945766,41069.97816264937,37098.9133069548,37098.91326985589,35825.11901431325,1523.8116037415366,lexicographic,3.7098913269855895e-05,3.582511897848813e-05,False,0.170333699999901,0.0,1,0
2025-05-30,False,2,1.0,10,0.8,0,calibrated_quantile,2025-05-02;2025-05-05;2025-05-06;2025-05-07;2025-05-08;2025-05-09;2025-05-12;2025-05-13;2025-05-14;2025-05-15;2025-05-16;2025-05-19;2025-05-20;2025-05-21;2025-05-22;2025-05-23;2025-05-26;2025-05-27;2025-05-28;2025-05-29,20,7413.787450164625,2025-05-16;2025-05-23,2025-05-16;2025-05-23;2025-05-09;2025-05-29;2025-05-02;2025-05-22;2025-05-15;2025-05-08;2025-04-25;2025-04-18,,2025-05-29,9600.0,10800.0,10800.0,20.056470254629623,25.30594934965448,33.2057219398605,64.72948794842314,29760.47008833175,635.5565629436328,21692.602429933308,15547.049073690356,2376.4041262744477,17923.453199964802,15547.049073690358,15547.049058143304,40036.62813883263,1343.2139949681896,lexicographic,1.5547049058143306e-05,4.0036628098796e-05,False,0.1408326999990095,0.0,1,0
2025-05-31,False,2,1.0,10,0.8,0,calibrated_quantile,2025-05-03;2025-05-04;2025-05-10;2025-05-11;2025-05-17;2025-05-18;2025-05-24;2025-05-25,8,9495.667179033273,2025-05-17;2025-05-24,2025-05-17;2025-05-24;2025-05-10;2025-04-26;2025-04-12;2025-04-05;2025-05-03;2025-04-19;2025-03-29;2025-03-22,,2025-05-30,9600.0,10800.0,10800.0,23.605819849537042,30.204129985929626,25.619281681853035,46.79057243331556,30074.30980105282,581.3467384963224,20159.284036246136,15803.268925972088,2172.626858813257,17975.895784785345,15803.268925972088,15803.26891016882,40036.62811275711,1453.449957238272,lexicographic,1.580326891016882e-05,4.003662807272048e-05,False,0.17227070000080857,1.151020977929069e-16,1,0
2025-06-01,False,2,0.95,10,0.9,0,calibrated_quantile,2025-05-04;2025-05-10;2025-05-11;2025-05-17;2025-05-18;2025-05-24;2025-05-25;2025-05-31,8,8552.277823252989,2025-05-18;2025-05-11,2025-05-18;2025-05-11;2025-05-25;2025-05-04;2025-04-20;2025-04-27;2025-04-13;2025-04-06;2025-03-30;2025-03-23,,2025-05-31,9600.0,10800.0,10800.0,55.94279036230955,69.75246868074797,87.8695130299942,154.17571722410457,61793.89949527562,11993.514794145296,665.4527130786033,37369.559600444125,46494.89256289943,83864.45216334355,37369.559600444125,37369.55956307457,36045.57025050411,1503.3928064265203,lexicographic,3.736955956307457e-05,3.6045570214458555e-05,False,0.13793040000018664,0.0,1,0
2025-06-02,False,2,0.95,10,0.9,0,calibrated_quantile,2025-05-05;2025-05-06;2025-05-07;2025-05-08;2025-05-09;2025-05-12;2025-05-13;2025-05-14;2025-05-15;2025-05-16;2025-05-19;2025-05-20;2025-05-21;2025-05-22;2025-05-23;2025-05-26;2025-05-27;2025-05-28;2025-05-29;2025-05-30,20,6784.082826585405,2025-05-19;2025-05-12,2025-05-19;2025-05-12;2025-02-24;2025-05-27;2025-05-26;2025-02-17;2025-05-05;2025-05-06;2025-02-03;2025-01-28,,2025-06-01,9600.0,10800.0,10800.0,58.10588974747972,71.0373126193076,68.8998216542853,112.76291731808755,60297.87395960081,11408.60054398778,1180.7442166017906,36575.176329911104,46793.14234492535,83368.31867483645,36575.176329911104,36575.17629333592,35813.53390274935,1485.438259250598,lexicographic,3.657517629333592e-05,3.581353386693582e-05,False,0.1804469999988214,0.0,1,0
2025-06-03,False,2,0.95,10,0.9,0,calibrated_quantile,2025-05-06;2025-05-07;2025-05-08;2025-05-09;2025-05-12;2025-05-13;2025-05-14;2025-05-15;2025-05-16;2025-05-19;2025-05-20;2025-05-21;2025-05-22;2025-05-23;2025-05-26;2025-05-27;2025-05-28;2025-05-29;2025-05-30;2025-06-02,20,7362.313109151404,2025-06-02;2025-05-06,2025-06-02;2025-05-06;2025-05-27;2025-05-13;2025-05-12;2025-05-20;2025-05-21;2025-05-14;2025-05-19;2025-05-26,,2025-06-02,9600.0,10800.0,10800.0,24.18396944237769,31.121798326263278,42.81973407603507,76.50326666058274,70527.28333135834,2998.274105682014,3332.12690011168,43595.61849120312,13381.400932079614,56977.019423282734,43595.61849120312,43595.6184476075,38020.210368311615,1597.924699845942,lexicographic,4.35956184476075e-05,3.80202103302914e-05,False,0.15710160000162432,0.0,1,0
2025-06-04,False,2,0.95,10,0.9,0,calibrated_quantile,2025-05-07;2025-05-08;2025-05-09;2025-05-12;2025-05-13;2025-05-14;2025-05-15;2025-05-16;2025-05-19;2025-05-20;2025-05-21;2025-05-22;2025-05-23;2025-05-26;2025-05-27;2025-05-28;2025-05-29;2025-05-30;2025-06-02;2025-06-03,20,7756.51101469049,2025-06-03;2025-06-02,2025-06-03;2025-06-02;2025-05-21;2025-05-14;2025-05-06;2025-05-28;2025-05-15;2025-01-22;2025-02-19;2025-05-07,,2025-06-03,9600.0,10800.0,10800.0,25.40546333095916,32.523328276273894,31.648664191515095,69.30959019331378,75258.32116745519,1924.724199357217,5383.68826953906,46629.38230080622,6394.6945520594645,53024.076852865684,46629.38230080622,46629.38225417684,40927.82933152694,1603.8393277434438,lexicographic,4.662938225417684e-05,4.0927829290599105e-05,False,0.11241529999824706,1.5603804430696013e-16,1,0
2025-06-05,False,2,0.95,10,0.9,0,calibrated_quantile,2025-05-08;2025-05-09;2025-05-12;2025-05-13;2025-05-14;2025-05-15;2025-05-16;2025-05-19;2025-05-20;2025-05-21;2025-05-22;2025-05-23;2025-05-26;2025-05-27;2025-05-28;2025-05-29;2025-05-30;2025-06-02;2025-06-03;2025-06-04,20,7737.677345388829,2025-06-04;2025-06-03,2025-06-04;2025-06-03;2025-06-02;2025-01-30;2025-05-15;2025-05-23;2025-05-21;2025-02-27;2025-01-22;2025-01-31,,2025-06-04,9600.0,10800.0,10800.0,23.34041139601139,30.931404408018523,32.289868422083096,54.23900270735724,77214.1112169974,1058.0760587601355,4875.931742861191,47606.26794795245,4118.868852167096,51725.13680011955,47606.26794795247,47606.26790034617,42691.81280836395,1603.5476312524047,lexicographic,4.760626790034617e-05,4.2691812765672136e-05,False,0.205056799997692,0.0,1,0
2025-06-06,False,2,0.95,10,0.9,0,calibrated_quantile,2025-05-09;2025-05-12;2025-05-13;2025-05-14;2025-05-15;2025-05-16;2025-05-19;2025-05-20;2025-05-21;2025-05-22;2025-05-23;2025-05-26;2025-05-27;2025-05-28;2025-05-29;2025-05-30;2025-06-02;2025-06-03;2025-06-04;2025-06-05,20,7787.7967865563305,2025-06-05;2025-06-04,2025-06-05;2025-06-04;2025-06-02;2025-06-03;2025-05-23;2025-05-30;2025-05-09;2025-01-31;2025-02-21;2025-05-15,,2025-06-05,9600.0,10800.0,10800.0,317.7041054872982,345.752974772969,61.647107386225834,101.80382723275332,77800.48070873143,0.0,44671.83578690183,47950.27842377222,0.0,47950.27842377222,47950.27842377222,47950.27837582195,43199.34091476239,1590.251071798003,lexicographic,4.795027837582195e-05,4.319934087156304e-05,False,0.13840869999694405,0.0,1,0
2025-06-07,False,2,0.95,10,0.9,0,calibrated_quantile,2025-05-10;2025-05-11;2025-05-17;2025-05-18;2025-05-24;2025-05-25;2025-05-31;2025-06-01,8,11648.866192236303,2025-02-01;2025-01-25,2025-02-01;2025-01-25;2025-05-03;2025-01-18;2025-02-08;2025-02-15;2025-02-22;2025-05-24;2025-03-01;2025-01-11,,2025-06-06,9600.0,10800.0,10800.0,88.22697445533612,102.00125569613313,128.27031567460003,208.35489801587175,30451.272955439934,10520.974982848622,7737.929021463122,14604.757422061719,43694.57523106182,58299.332653123536,14604.757422061719,14604.75740745696,40048.3092530166,1461.1973254560799,lexicographic,1.4604757407456961e-05,4.0048309212968286e-05,False,0.24337210000157938,0.0,1,0
2025-06-08,False,2,0.95,10,0.9,0,calibrated_quantile,2025-05-11;2025-05-17;2025-05-18;2025-05-24;2025-05-25;2025-05-31;2025-06-01;2025-06-07,8,18078.236171366232,2025-06-07;2025-01-26,2025-06-07;2025-01-26;2025-01-19;2025-01-12;2025-01-05;2025-02-02;2025-06-01;2025-02-16;2025-02-09;2025-02-23,,2025-06-07,9600.0,10800.0,10800.0,313.0306707963468,344.8225197745137,69.43313645962778,125.77549448001365,48906.95841502053,20478.87081828378,2815.527331804975,27897.375394342507,86449.43696018963,114346.81235453214,27897.375394342504,27897.375366445136,26322.194061820635,1639.932022769015,lexicographic,2.789737536644514e-05,2.6322194035498443e-05,False,0.1606809999975667,0.0,1,0
2025-06-09,False,2,0.95,10,0.9,0,calibrated_quantile,2025-05-12;2025-05-13;2025-05-14;2025-05-15;2025-05-16;2025-05-19;2025-05-20;2025-05-21;2025-05-22;2025-05-23;2025-05-26;2025-05-27;2025-05-28;2025-05-29;2025-05-30;2025-06-02;2025-06-03;2025-06-04;2025-06-05;2025-06-06,20,7616.051318552967,2025-06-02;2025-06-03,2025-06-02;2025-06-03;2025-06-04;2025-06-06;2025-06-05;2025-05-12;2025-05-26;2025-05-19;2025-05-06;2025-02-24,,2025-06-08,9600.0,10800.0,10800.0,23.411401098053187,30.178574402077434,23.210278060525862,39.960134255724434,79657.08104015306,803.5996358971026,7184.1008320518,49269.932445932536,2817.849542823673,52087.78198875621,49269.93244593253,49269.9323966626,44533.47510263567,1587.71107863401,lexicographic,4.9269932396662603e-05,4.453347505810219e-05,False,0.12675210000088555,1.4767541298019475e-16,1,0
2025-06-10,False,2,0.95,10,0.9,0,calibrated_quantile,2025-05-13;2025-05-14;2025-05-15;2025-05-16;2025-05-19;2025-05-20;2025-05-21;2025-05-22;2025-05-23;2025-05-26;2025-05-27;2025-05-28;2025-05-29;2025-05-30;2025-06-02;2025-06-03;2025-06-04;2025-06-05;2025-06-06;2025-06-09,20,7633.597935597857,2025-06-03;2025-06-04,2025-06-03;2025-06-04;2025-06-09;2025-06-02;2025-06-05;2025-06-06;2025-01-28;2025-01-21;2025-01-22;2025-01-14,,2025-06-09,9600.0,10800.0,10800.0,23.7616918358262,29.101754548067234,23.989483870114718,41.66193054255861,81227.75169038861,279.00576064113676,7474.759631554047,50228.319108248805,959.6723679825709,51187.99147623138,50228.31910824879,50228.319058020475,45857.51813670506,1605.8597891675868,lexicographic,5.0228319058020476e-05,4.585751809084754e-05,False,0.1407580000013695,1.4485767691685472e-16,1,0
2025-06-11,False,2,0.95,10,0.9,0,calibrated_quantile,2025-05-14;2025-05-15;2025-05-16;2025-05-19;2025-05-20;2025-05-21;2025-05-22;2025-05-23;2025-05-26;2025-05-27;2025-05-28;2025-05-29;2025-05-30;2025-06-02;2025-06-03;2025-06-04;2025-06-05;2025-06-06;2025-06-09;2025-06-10,20,7509.767427641852,2025-06-04;2025-06-05,2025-06-04;2025-06-05;2025-06-03;2025-06-10;2025-06-06;2025-05-21;2025-06-02;2025-05-14;2025-05-27;2025-06-09,,2025-06-10,9600.0,10800.0,10800.0,21.798072643637244,28.165013051203108,41.222396416268666,77.50541620476297,80452.01234874304,2410.786825526843,4439.259948141299,49653.81976913498,11242.871130805137,60896.69089994011,49653.81976913498,49653.81971948117,44442.76527977674,1590.2510750412785,lexicographic,4.965381971948118e-05,4.444276523533396e-05,False,0.18609509999805596,0.0,1,0
2025-06-12,False,2,0.95,10,0.9,0,calibrated_quantile,2025-05-15;2025-05-16;2025-05-19;2025-05-20;2025-05-21;2025-05-22;2025-05-23;2025-05-26;2025-05-27;2025-05-28;2025-05-29;2025-05-30;2025-06-02;2025-06-03;2025-06-04;2025-06-05;2025-06-06;2025-06-09;2025-06-10;2025-06-11,20,7929.8983766563,2025-06-05;2025-06-11,2025-06-05;2025-06-11;2025-06-04;2025-06-06;2025-06-10;2025-06-03;2025-01-30;2025-01-22;2025-01-23;2025-06-02,,2025-06-11,9600.0,10800.0,10800.0,25.569544150073607,34.068304538350674,18.48415609139918,34.25392968451922,83076.09349982573,405.61054371115847,8530.69500540615,51615.51897916798,1635.0343427489,53250.55332191688,51615.51897916797,51615.518927552475,47473.73449115074,1596.8874110927873,lexicographic,5.161551892755248e-05,4.7473734443676995e-05,False,0.1091580000029353,0.0,1,0
2025-06-13,False,2,0.95,10,0.9,0,calibrated_quantile,2025-05-16;2025-05-19;2025-05-20;2025-05-21;2025-05-22;2025-05-23;2025-05-26;2025-05-27;2025-05-28;2025-05-29;2025-05-30;2025-06-02;2025-06-03;2025-06-04;2025-06-05;2025-06-06;2025-06-09;2025-06-10;2025-06-11;2025-06-12,20,7901.707692553111,2025-06-06;2025-06-12,2025-06-06;2025-06-12;2025-06-05;2025-06-11;2025-06-04;2025-06-02;2025-06-10;2025-06-03;2025-05-23;2025-05-30,,2025-06-12,9600.0,10800.0,10800.0,186.47835816969297,202.9330105416514,32.708694010039686,57.17103384376016,61975.688469849,0.0,31727.298823124693,37106.46836368358,0.0,37106.46836368358,37106.46836368358,37106.468326577124,36158.44298776198,1526.6491485005572,lexicographic,3.7106468326577124e-05,3.615844295160353e-05,False,0.18283429999792133,0.0,1,0
2025-06-14,False,2,0.95,10,0.9,0,calibrated_quantile,2025-05-17;2025-05-18;2025-05-24;2025-05-25;2025-05-31;2025-06-01;2025-06-07;2025-06-08,8,23486.82763192004,2025-06-07;2025-05-24,2025-06-07;2025-05-24;2025-05-03;2025-06-08;2025-05-10;2025-01-25;2025-02-08;2025-02-01;2025-02-15;2025-02-22,,2025-06-13,9600.0,10800.0,10800.0,26.31538448496086,33.27235467482559,30.898897463837656,60.395749035717216,46326.533848369334,0.0,18404.091335812598,27557.546838357335,0.0,27557.546838357335,27557.546838357335,27557.546811181746,32852.895488577866,1603.2041254145697,lexicographic,2.7557546811181747e-05,3.285289545572497e-05,False,0.23995039999863366,0.0,1,0
2025-06-15,False,2,0.95,10,0.9,0,calibrated_quantile,2025-05-18;2025-05-24;2025-05-25;2025-05-31;2025-06-01;2025-06-07;2025-06-08;2025-06-14,8,23437.79393166521,2025-06-08;2025-06-07,2025-06-08;2025-06-07;2025-06-14;2025-06-01;2025-01-26;2025-05-18;2025-05-11;2025-01-19;2025-02-02;2025-02-16,,2025-06-14,9600.0,10800.0,10800.0,146.69189658713202,165.32615460913954,26.345051548399592,44.01166861729941,74503.80282882448,4023.188557676108,5812.338880304465,46040.90764792916,17859.200154441467,63900.10780237063,46040.90764792917,46040.90760188827,39665.88528439308,1643.2455602276896,lexicographic,4.604090760188827e-05,3.9665885284391876e-05,False,0.12174510000113514,0.0,1,0
2025-06-16,False,2,0.95,10,0.9,0,calibrated_quantile,2025-05-19;2025-05-20;2025-05-21;2025-05-22;2025-05-23;2025-05-26;2025-05-27;2025-05-28;2025-05-29;2025-05-30;2025-06-02;2025-06-03;2025-06-04;2025-06-05;2025-06-06;2025-06-09;2025-06-10;2025-06-11;2025-06-12;2025-06-13,20,7840.200752141722,2025-06-02;2025-06-09,2025-06-02;2025-06-09;2025-06-10;2025-06-03;2025-06-13;2025-06-11;2025-06-06;2025-06-04;2025-05-19;2025-06-12,,2025-06-15,9600.0,10800.0,10800.0,24.118533623080072,30.924179628072118,17.488959896379892,32.57466387999326,82971.04605830033,343.71202909754425,8112.156682787127,51585.32888897014,1020.1416216388807,52605.470510609026,51585.32888897014,51585.328837384826,47662.42317093744,1582.4348350041882,lexicographic,5.158532883738483e-05,4.7662423123275e-05,False,0.11582679999992251,0.0,1,0
2025-06-17,False,2,0.95,10,0.9,0,calibrated_quantile,2025-05-20;2025-05-21;2025-05-22;2025-05-23;2025-05-26;2025-05-27;2025-05-28;2025-05-29;2025-05-30;2025-06-02;2025-06-03;2025-06-04;2025-06-05;2025-06-06;2025-06-09;2025-06-10;2025-06-11;2025-06-12;2025-06-13;2025-06-16,20,7878.823344210488,2025-06-03;2025-06-11,2025-06-03;2025-06-11;2025-06-10;2025-06-16;2025-06-02;2025-06-04;2025-06-09;2025-06-12;2025-06-05;2025-06-13,,2025-06-16,9600.0,10800.0,10800.0,24.531798872493475,31.77098270725843,36.24391611893686,72.69261437911659,82973.82003905033,1152.1544972387694,6987.905250710866,51545.45784377124,4684.739048407771,56230.19689217901,51545.45784377123,51545.457792225774,47520.103309319966,1582.4164728634382,lexicographic,5.1545457792225774e-05,4.7520103261799846e-05,False,0.11338740000064718,0.0,1,0
2025-06-18,False,2,0.95,10,0.9,0,calibrated_quantile,2025-05-21;2025-05-22;2025-05-23;2025-05-26;2025-05-27;2025-05-28;2025-05-29;2025-05-30;2025-06-02;2025-06-03;2025-06-04;2025-06-05;2025-06-06;2025-06-09;2025-06-10;2025-06-11;2025-06-12;2025-06-13;2025-06-16;2025-06-17,20,7876.598485936642,2025-06-11;2025-06-17,2025-06-11;2025-06-17;2025-06-12;2025-06-05;2025-06-04;2025-06-10;2025-06-13;2025-06-03;2025-06-06;2025-06-16,,2025-06-17,9600.0,10800.0,10800.0,21.896403286301183,26.567983041654227,22.21540531103225,39.57467979662718,83590.04481653334,80.96627527287238,10217.585571283527,51944.00676475257,189.53691716027822,52133.54368191285,51944.00676475257,51944.006712808565,47975.65778993089,1602.1007520618996,lexicographic,5.194400671280857e-05,4.797565774195523e-05,False,0.1242512999997416,0.0,1,0
2025-06-19,False,2,0.95,10,0.9,0,calibrated_quantile,2025-05-22;2025-05-23;2025-05-26;2025-05-27;2025-05-28;2025-05-29;2025-05-30;2025-06-02;2025-06-03;2025-06-04;2025-06-05;2025-06-06;2025-06-09;2025-06-10;2025-06-11;2025-06-12;2025-06-13;2025-06-16;2025-06-17;2025-06-18,20,7772.951780752578,2025-06-18;2025-06-11,2025-06-18;2025-06-11;2025-06-12;2025-06-05;2025-06-13;2025-06-06;2025-06-04;2025-06-17;2025-06-10;2025-06-03,,2025-06-18,9600.0,10800.0,10800.0,26.89296442305186,33.38583521185375,37.12900748094526,71.98949337793788,83000.20604854141,325.6049564200131,12547.514493094877,51378.15764144714,1608.405600594817,52986.56324204196,51378.15764144714,51378.15759006895,47857.053925464694,1585.4069928456538,lexicographic,5.137815759006895e-05,4.785705387760764e-05,False,0.14330219999828842,0.0,1,0
2025-06-20,False,2,0.95,10,0.9,0,calibrated_quantile,2025-05-23;2025-05-26;2025-05-27;2025-05-28;2025-05-29;2025-05-30;2025-06-02;2025-06-03;2025-06-04;2025-06-05;2025-06-06;2025-06-09;2025-06-10;2025-06-11;2025-06-12;2025-06-13;2025-06-16;2025-06-17;2025-06-18;2025-06-19,20,7824.977749293781,2025-06-13;2025-06-06,2025-06-13;2025-06-06;2025-06-05;2025-06-12;2025-06-19;2025-06-04;2025-06-11;2025-06-18;2025-06-10;2025-06-17,,2025-06-19,9600.0,10800.0,10800.0,24.741614463950125,30.84745381242356,26.56134809459787,43.02537035723312,37104.89614350907,66.1988452259913,12663.323206454465,21154.67178016976,164.5115507572804,21319.18333092704,21154.67178016976,21154.671759015087,40036.62771333146,1411.7292252930429,lexicographic,2.1154671759015087e-05,4.003662767329484e-05,False,0.17570569999952568,0.0,1,0
2025-06-21,False,2,0.95,10,0.9,0,calibrated_quantile,2025-05-24;2025-05-25;2025-05-31;2025-06-01;2025-06-07;2025-06-08;2025-06-14;2025-06-15,8,26634.10803362542,2025-06-14;2025-06-07,2025-06-14;2025-06-07;2025-06-15;2025-05-24;2025-05-03;2025-06-08;2025-05-10;2025-05-31;2025-02-08;2025-01-25,,2025-06-20,9600.0,10800.0,10800.0,24.17551296194313,31.10295303296716,39.570033999131496,80.14958892374464,52756.9670660706,0.0,31909.26175839328,31474.932981589365,0.0,31474.932981589365,31474.932981589365,31474.932950114428,28746.333245869355,1623.1959989249972,lexicographic,3.147493295011443e-05,2.8746333217123018e-05,False,0.13750660000005155,0.0,1,0
2025-06-22,False,2,0.95,10,0.9,0,calibrated_quantile,2025-05-25;2025-05-31;2025-06-01;2025-06-07;2025-06-08;2025-06-14;2025-06-15;2025-06-21,8,26634.10803362542,2025-06-15;2025-06-01,2025-06-15;2025-06-01;2025-06-08;2025-05-18;2025-05-11;2025-05-25;2025-06-21;2025-06-14;2025-05-04;2025-06-07,,2025-06-21,9600.0,10800.0,10800.0,22.827908195681598,29.811547108998965,33.406972286011346,54.95972822738813,97682.43893261306,9.827964583230823,27556.330928705254,63189.25039549404,21.30211323415281,63210.55250872819,63189.25039549405,63189.25033230477,50893.30250132983,1654.7195999761475,lexicographic,6.318925033230478e-05,5.089330245043652e-05,False,0.10824679999859654,0.0,1,0
2025-06-23,False,2,0.95,10,0.9,0,calibrated_quantile,2025-05-26;2025-05-27;2025-05-28;2025-05-29;2025-05-30;2025-06-02;2025-06-03;2025-06-04;2025-06-05;2025-06-06;2025-06-09;2025-06-10;2025-06-11;2025-06-12;2025-06-13;2025-06-16;2025-06-17;2025-06-18;2025-06-19;2025-06-20,20,7651.284243366785,2025-06-16;2025-06-09,2025-06-16;2025-06-09;2025-06-02;2025-06-17;2025-06-10;2025-06-03;2025-06-20;2025-06-13;2025-06-11;2025-06-18,,2025-06-22,9600.0,10800.0,10800.0,25.186286187427232,31.176476490128117,32.91061047245127,55.58926211641908,82324.30724003384,130.57061917491694,12881.663361319648,50925.942042661554,336.9864612587331,51262.92850392029,50925.942042661554,50925.941991735606,47726.641459893595,1565.6188650849472,lexicographic,5.092594199173561e-05,4.772664141216694e-05,False,0.10642139999981737,0.0,1,0
2025-06-24,False,2,0.95,10,0.9,0,calibrated_quantile,2025-05-27;2025-05-28;2025-05-29;2025-05-30;2025-06-02;2025-06-03;2025-06-04;2025-06-05;2025-06-06;2025-06-09;2025-06-10;2025-06-11;2025-06-12;2025-06-13;2025-06-16;2025-06-17;2025-06-18;2025-06-19;2025-06-20;2025-06-23,20,7412.246016318117,2025-06-17;2025-06-03,2025-06-17;2025-06-03;2025-06-11;2025-06-23;2025-06-16;2025-06-10;2025-06-18;2025-06-02;2025-06-04;2025-06-09,,2025-06-23,9600.0,10800.0,10800.0,24.520190228806346,30.32865127639401,41.341143598308356,80.3206727016155,80969.7335930146,2699.0261522643,4943.964157781824,50111.80344924743,11290.997252056724,61402.80070130416,50111.80344924744,50111.80339913564,46664.0634124443,1595.7174359276783,lexicographic,5.0111803399135645e-05,4.6664063365780226e-05,False,0.1443427000012889,0.0,1,0
2025-06-25,False,2,0.95,10,0.9,0,calibrated_quantile,2025-05-28;2025-05-29;2025-05-30;2025-06-02;2025-06-03;2025-06-04;2025-06-05;2025-06-06;2025-06-09;2025-06-10;2025-06-11;2025-06-12;2025-06-13;2025-06-16;2025-06-17;2025-06-18;2025-06-19;2025-06-20;2025-06-23;2025-06-24,20,7697.3219608897325,2025-06-18;2025-06-11,2025-06-18;2025-06-11;2025-06-19;2025-06-12;2025-06-17;2025-06-24;2025-06-05;2025-06-04;2025-06-10;2025-06-13,,2025-06-24,9600.0,10800.0,10800.0,25.094178249861827,31.224888941117282,29.955037289035218,51.597186080485095,83291.62104859989,439.26420864458674,10781.535396643532,51491.89302904084,1383.1897946298914,52875.08282367073,51491.893029040846,51491.89297754896,47726.64138475174,1579.8432547740304,lexicographic,5.149189297754896e-05,4.772664133702508e-05,False,0.10142359999736072,0.0,1,0
2025-06-26,False,2,0.95,10,0.9,0,calibrated_quantile,2025-05-29;2025-05-30;2025-06-02;2025-06-03;2025-06-04;2025-06-05;2025-06-06;2025-06-09;2025-06-10;2025-06-11;2025-06-12;2025-06-13;2025-06-16;2025-06-17;2025-06-18;2025-06-19;2025-06-20;2025-06-23;2025-06-24;2025-06-25,20,7553.7601231386125,2025-06-19;2025-06-18,2025-06-19;2025-06-18;2025-06-25;2025-06-12;2025-06-11;2025-06-13;2025-06-05;2025-06-06;2025-06-20;2025-06-17,,2025-06-25,9600.0,10800.0,10800.0,22.893831822768277,29.08066044530064,31.283137476828173,60.89708891609295,81300.52185349957,184.29969635667186,11440.227406868542,50117.437754755134,725.2339902342545,50842.67174498939,50117.437754755134,50117.43770463769,47446.99588343292,1555.8658877425928,lexicographic,5.011743770463769e-05,4.744699583598592e-05,False,0.10572949999914272,0.0,1,0
2025-06-27,False,2,0.95,10,0.9,0,calibrated_quantile,2025-05-30;2025-06-02;2025-06-03;2025-06-04;2025-06-05;2025-06-06;2025-06-09;2025-06-10;2025-06-11;2025-06-12;2025-06-13;2025-06-16;2025-06-17;2025-06-18;2025-06-19;2025-06-20;2025-06-23;2025-06-24;2025-06-25;2025-06-26,20,7315.830691214225,2025-06-20;2025-06-13,2025-06-20;2025-06-13;2025-06-06;2025-06-26;2025-06-19;2025-06-05;2025-06-12;2025-06-11;2025-06-24;2025-06-04,,2025-06-26,9600.0,10800.0,10800.0,24.826012689012366,32.363283910744485,27.75592683329732,53.515501626248934,35502.36603664723,149.2877959575806,13772.817033230614,19837.88554504718,534.2107898543065,20372.096334901486,19837.88554504718,19837.885525209294,40036.62772144313,1417.8135535725892,lexicographic,1.9837885525209295e-05,4.0036627681406506e-05,False,0.1940802999997686,0.0,1,0
2025-06-28,False,2,0.95,10,0.9,0,calibrated_quantile,2025-05-31;2025-06-01;2025-06-07;2025-06-08;2025-06-14;2025-06-15;2025-06-21;2025-06-22,8,26668.135806355072,2025-06-21;2025-06-14,2025-06-21;2025-06-14;2025-06-07;2025-05-24;2025-05-31;2025-06-22;2025-05-10;2025-05-03;2025-05-17;2025-06-15,,2025-06-27,9600.0,10800.0,10800.0,23.71864281029582,30.77650829849128,34.460559027684326,61.72923810655964,50872.50607731131,0.0,27470.789402642316,30210.830411480925,0.0,30210.830411480925,30210.830411480925,30210.830381270083,30871.0206020443,1577.5662582668156,lexicographic,3.0210830381270086e-05,3.087102057117328e-05,False,0.12983729999905336,0.0,1,0
2025-06-29,False,2,0.95,10,0.9,0,calibrated_quantile,2025-06-01;2025-06-07;2025-06-08;2025-06-14;2025-06-15;2025-06-21;2025-06-22;2025-06-28,8,26672.530745582095,2025-06-22;2025-06-15,2025-06-22;2025-06-15;2025-06-01;2025-06-08;2025-05-18;2025-06-28;2025-05-25;2025-05-11;2025-06-21;2025-06-14,,2025-06-28,9600.0,10800.0,10800.0,24.015972157115428,30.62187681446846,32.38999299209959,64.83750654241072,96851.21432952453,3.6212236883512787,24908.47214579205,62646.95679160507,7.8055476602411815,62654.76233926531,62646.95679160508,62646.9567289581,50893.30260766271,1661.9915797333495,lexicographic,6.264695672895811e-05,5.0893302556769395e-05,False,0.11631849999685073,0.0,1,0
2025-06-30,False,2,0.95,10,0.9,0,calibrated_quantile,2025-06-02;2025-06-03;2025-06-04;2025-06-05;2025-06-06;2025-06-09;2025-06-10;2025-06-11;2025-06-12;2025-06-13;2025-06-16;2025-06-17;2025-06-18;2025-06-19;2025-06-20;2025-06-23;2025-06-24;2025-06-25;2025-06-26;2025-06-27,20,7096.816192898494,2025-06-23;2025-06-16,2025-06-23;2025-06-16;2025-06-24;2025-06-02;2025-06-17;2025-06-09;2025-06-03;2025-06-10;2025-06-27;2025-06-11,,2025-06-29,9600.0,10800.0,10800.0,26.636811936431084,35.07183761465876,25.55903502491236,47.690487771016215,80434.50416209764,875.1595169542966,8920.05118863082,49609.636461291084,3292.932906362304,52902.569367653385,49609.636461291084,49609.63641168145,47726.64163466801,1554.6036435435035,lexicographic,4.960963641168146e-05,4.7726641586941354e-05,False,0.11391949999961071,0.0,1,0
2025-07-01,False,2,1.0,7,0.95,0,calibrated_quantile,2025-06-03;2025-06-04;2025-06-05;2025-06-06;2025-06-09;2025-06-10;2025-06-11;2025-06-12;2025-06-13;2025-06-16;2025-06-17;2025-06-18;2025-06-19;2025-06-20;2025-06-23;2025-06-24;2025-06-25;2025-06-26;2025-06-27;2025-06-30,20,6147.802604733601,2025-06-24;2025-06-17,2025-06-24;2025-06-17;2025-06-30;2025-06-23;2025-06-18;2025-06-11;2025-06-25,,2025-06-30,9600.0,10800.0,10800.0,99.60161753472221,106.31934851492882,54.225461115209974,90.66833282321792,80786.55227073412,6252.780673880663,5706.495657995762,49673.61655716393,21608.25837335251,71281.87493051644,49673.61655716393,49673.61650749032,46859.57181242817,1587.091859817354,lexicographic,4.967361650749032e-05,4.6859571765568586e-05,False,0.10798170000271057,0.0,1,0
2025-07-02,False,2,1.0,7,0.95,0,calibrated_quantile,2025-06-04;2025-06-05;2025-06-06;2025-06-09;2025-06-10;2025-06-11;2025-06-12;2025-06-13;2025-06-16;2025-06-17;2025-06-18;2025-06-19;2025-06-20;2025-06-23;2025-06-24;2025-06-25;2025-06-26;2025-06-27;2025-06-30;2025-07-01,20,5877.508174446108,2025-06-10;2025-06-04,2025-06-10;2025-06-04;2025-06-12;2025-06-05;2025-06-20;2025-06-09;2025-06-11,,2025-07-01,9600.0,10800.0,10800.0,91.81590648148148,98.76018040706357,81.74367455402411,126.94076707886845,79692.97631818092,5167.494043018908,9593.35435120937,48783.403598163044,18631.944334152475,67415.34793231552,48783.403598163044,48783.403549379625,44884.64322315235,1591.7126339107344,lexicographic,4.8783403549379626e-05,4.488464317826771e-05,False,0.1776852000002691,0.0,1,0
2025-07-03,False,2,1.0,7,0.95,0,calibrated_quantile,2025-06-05;2025-06-06;2025-06-09;2025-06-10;2025-06-11;2025-06-12;2025-06-13;2025-06-16;2025-06-17;2025-06-18;2025-06-19;2025-06-20;2025-06-23;2025-06-24;2025-06-25;2025-06-26;2025-06-27;2025-06-30;2025-07-01;2025-07-02,20,5838.68981471511,2025-07-02;2025-06-05,2025-07-02;2025-06-05;2025-06-12;2025-06-04;2025-06-20;2025-06-10;2025-06-27,,2025-07-02,9600.0,10800.0,10800.0,50.96233640046299,60.29750824800861,21.98707140160075,36.07578190622071,81955.99352595056,2964.7496301168294,2878.2235356646634,50690.42191792809,11593.941641739715,62284.36355966781,50690.421917928084,50690.42186723766,43359.91305431871,1642.6067842340399,lexicographic,5.069042186723766e-05,4.33599130109588e-05,False,0.19925260000309208,0.0,1,0
2025-07-04,False,2,1.0,7,0.95,0,calibrated_quantile,2025-06-06;2025-06-09;2025-06-10;2025-06-11;2025-06-12;2025-06-13;2025-06-16;2025-06-17;2025-06-18;2025-06-19;2025-06-20;2025-06-23;2025-06-24;2025-06-25;2025-06-26;2025-06-27;2025-06-30;2025-07-01;2025-07-02;2025-07-03,20,6062.238185965284,2025-07-03;2025-07-02,2025-07-03;2025-07-02;2025-06-20;2025-06-12;2025-06-05;2025-06-06;2025-06-27,,2025-07-03,9600.0,10800.0,10800.0,316.5766157986111,346.4913525286801,40.6662836837438,83.14466621301811,88716.25907221137,0.0,57420.923509932516,55524.036356404984,0.0,55524.036356404984,55524.03635640498,55524.03630088094,45874.89381663148,1686.032560527458,lexicographic,5.552403630088095e-05,4.587489377075657e-05,False,0.12155899999925168,0.0,1,0
2025-07-05,False,2,1.0,7,0.95,0,calibrated_quantile,2025-06-07;2025-06-08;2025-06-14;2025-06-15;2025-06-21;2025-06-22;2025-06-28;2025-06-29,8,24272.842531531467,2025-06-07;2025-06-21,2025-06-07;2025-06-21;2025-06-14;2025-06-28;2025-06-22;2025-06-08;2025-06-15,,2025-07-04,9600.0,10800.0,10800.0,94.43005295138889,101.56212752214277,58.87579438745044,105.19089021579165,49704.868501261844,1279.2472326549646,20386.041082111053,29908.993776101266,2877.350631624561,32786.344407725825,29908.99377610127,29908.993746192275,34351.8990176428,1595.0893340562707,lexicographic,2.9908993746192278e-05,3.4351898983290896e-05,False,0.13888399999996182,0.0,1,0
2025-07-06,False,2,1.0,7,0.95,0,calibrated_quantile,2025-06-08;2025-06-14;2025-06-15;2025-06-21;2025-06-22;2025-06-28;2025-06-29;2025-07-05,8,20584.557424294064,2025-07-05;2025-06-22,2025-07-05;2025-06-22;2025-06-08;2025-06-15;2025-06-29;2025-06-07;2025-06-21,,2025-07-05,9600.0,10800.0,10800.0,208.6001822337963,221.87465919325064,25.784842183664125,45.21041907268725,72931.6051550064,9865.88366579363,966.2048675640244,44409.05408702763,43920.319436214675,88329.3735232423,44409.05408702763,44409.05404261858,38708.74566148432,1669.005299251065,lexicographic,4.440905404261859e-05,3.870874562277557e-05,False,0.23904899999979534,0.0,1,0
2025-07-07,False,2,1.0,7,0.95,0,calibrated_quantile,2025-06-09;2025-06-10;2025-06-11;2025-06-12;2025-06-13;2025-06-16;2025-06-17;2025-06-18;2025-06-19;2025-06-20;2025-06-23;2025-06-24;2025-06-25;2025-06-26;2025-06-27;2025-06-30;2025-07-01;2025-07-02;2025-07-03;2025-07-04,20,6062.238185965284,2025-07-02;2025-07-04,2025-07-02;2025-07-04;2025-07-03;2025-06-09;2025-06-10;2025-06-23;2025-06-16,,2025-07-06,9600.0,10800.0,10800.0,159.71202893518517,176.0996782752223,38.482322291033135,61.95855203684867,63600.6264902434,11896.560114639364,335.65159272222024,38717.48178973842,49865.30535245833,88582.78714219676,38717.48178973842,38717.48175102093,33288.99266438379,1607.636946810976,lexicographic,3.8717481751020934e-05,3.328899263109481e-05,False,0.14406070000040927,0.0,1,0
2025-07-08,False,2,1.0,7,0.95,0,calibrated_quantile,2025-06-10;2025-06-11;2025-06-12;2025-06-13;2025-06-16;2025-06-17;2025-06-18;2025-06-19;2025-06-20;2025-06-23;2025-06-24;2025-06-25;2025-06-26;2025-06-27;2025-06-30;2025-07-01;2025-07-02;2025-07-03;2025-07-04;2025-07-07,20,7388.466601795011,2025-07-02;2025-07-07,2025-07-02;2025-07-07;2025-07-03;2025-07-04;2025-06-10;2025-06-09;2025-06-03,,2025-07-07,9600.0,10800.0,10800.0,25.447854513888913,32.21733969178392,33.6979531399393,59.149308029145516,86086.74315549375,802.1225498792621,9056.586787934095,53706.95272992441,3369.7666554729917,57076.7193853974,53706.9527299244,53706.95267621746,42956.946114672726,1701.8516116268238,lexicographic,5.370695267621746e-05,4.295694607171577e-05,False,0.11711650000142981,0.0,1,0
2025-07-09,False,2,1.0,7,0.95,0,calibrated_quantile,2025-06-11;2025-06-12;2025-06-13;2025-06-16;2025-06-17;2025-06-18;2025-06-19;2025-06-20;2025-06-23;2025-06-24;2025-06-25;2025-06-26;2025-06-27;2025-06-30;2025-07-01;2025-07-02;2025-07-03;2025-07-04;2025-07-07;2025-07-08,20,7410.539019551745,2025-07-02;2025-07-03,2025-07-02;2025-07-03;2025-07-08;2025-07-04;2025-07-07;2025-06-04;2025-06-10,,2025-07-08,9600.0,10800.0,10800.0,26.98266649305557,33.60079742378306,23.042907536448336,43.43100104680681,85648.27552760596,357.33495568325475,9686.334657025429,53721.58382705163,1433.3109809051161,55154.89480795675,53721.58382705164,53721.58377333004,42950.46538234547,1704.364327708945,lexicographic,5.372158377333005e-05,4.2950465339395e-05,False,0.147605799997109,0.0,1,0
2025-07-10,False,2,1.0,7,0.95,0,calibrated_quantile,2025-06-12;2025-06-13;2025-06-16;2025-06-17;2025-06-18;2025-06-19;2025-06-20;2025-06-23;2025-06-24;2025-06-25;2025-06-26;2025-06-27;2025-06-30;2025-07-01;2025-07-02;2025-07-03;2025-07-04;2025-07-07;2025-07-08;2025-07-09,20,6910.354996418942,2025-07-03;2025-07-02,2025-07-03;2025-07-02;2025-07-09;2025-07-04;2025-07-08;2025-07-07;2025-06-05,,2025-07-09,9600.0,10800.0,10800.0,27.89387644675926,36.980476490080335,19.571491057610903,41.567540172169274,84556.66510092645,251.41001510397447,9719.17862101992,53018.12125550408,887.9890563741521,53906.11031187823,53018.12125550408,53018.12120248597,42470.189121866526,1704.364327841547,lexicographic,5.3018121202485974e-05,4.247018907939634e-05,False,0.14877319999868632,0.0,1,0
2025-07-11,False,2,1.0,7,0.95,0,calibrated_quantile,2025-06-13;2025-06-16;2025-06-17;2025-06-18;2025-06-19;2025-06-20;2025-06-23;2025-06-24;2025-06-25;2025-06-26;2025-06-27;2025-06-30;2025-07-01;2025-07-02;2025-07-03;2025-07-04;2025-07-07;2025-07-08;2025-07-09;2025-07-10,20,6805.002496729348,2025-07-04;2025-07-10,2025-07-04;2025-07-10;2025-07-03;2025-07-09;2025-07-02;2025-07-08;2025-07-07,,2025-07-10,9600.0,10800.0,10800.0,163.28958749999998,181.53898479401198,39.99090455131996,72.13954409980404,60403.779975606514,26.19063075357576,25940.60412187535,37516.43878863113,55.99556855114497,37572.434357182276,37516.43878863113,37516.4387511147,37441.197355210024,1614.9958039485573,lexicographic,3.75164387511147e-05,3.744119731776885e-05,False,0.24909739999930025,0.0,1,0
2025-07-12,False,2,1.0,7,0.95,0,calibrated_quantile,2025-06-14;2025-06-15;2025-06-21;2025-06-22;2025-06-28;2025-06-29;2025-07-05;2025-07-06,8,20841.915351580163,2025-07-05;2025-07-06,2025-07-05;2025-07-06;2025-06-07;2025-06-21;2025-06-14;2025-06-28;2025-06-08,,2025-07-11,9600.0,10800.0,10800.0,161.39120607638887,178.47858200588988,25.890263202002465,52.014217727579485,80071.13698360918,0.0,46748.73745557362,49421.850705919795,0.0,49421.850705919795,49421.85070591979,49421.85065649792,42524.967699342465,1703.85,lexicographic,4.942185065649792e-05,4.2524967699342534e-05,False,0.14606219999768655,0.0,1,0
2025-07-13,False,2,1.0,7,0.95,0,calibrated_quantile,2025-06-15;2025-06-21;2025-06-22;2025-06-28;2025-06-29;2025-07-05;2025-07-06;2025-07-12,8,20564.831004925523,2025-07-06;2025-07-05,2025-07-06;2025-07-05;2025-07-12;2025-06-22;2025-06-29;2025-06-15;2025-06-08,,2025-07-12,9600.0,10800.0,10800.0,148.4353706597222,167.2704248242835,59.735725387505596,110.53120551029237,79097.12886840773,1855.3665472269713,9523.555687460854,48786.31148201449,9305.515823803218,58091.82730581771,48786.31148201449,48786.31143322818,41063.16723530341,1703.85,lexicographic,4.878631143322818e-05,4.1063167235302805e-05,False,0.15203380000093603,0.0,1,0
2025-07-14,False,2,1.0,7,0.95,0,calibrated_quantile,2025-06-16;2025-06-17;2025-06-18;2025-06-19;2025-06-20;2025-06-23;2025-06-24;2025-06-25;2025-06-26;2025-06-27;2025-06-30;2025-07-01;2025-07-02;2025-07-03;2025-07-04;2025-07-07;2025-07-08;2025-07-09;2025-07-10;2025-07-11,20,6805.002496729348,2025-07-07;2025-07-08,2025-07-07;2025-07-08;2025-07-09;2025-07-11;2025-06-09;2025-07-02;2025-07-04,,2025-07-13,9600.0,10800.0,10800.0,27.2501921875,35.912244754184904,26.481997142789957,45.97916528147217,84693.52721508627,160.3182457798156,10833.900647248312,52988.30771018284,852.9429521799254,53841.25066236276,52988.30771018284,52988.307657194535,42033.04634207144,1715.8232682577514,lexicographic,5.2988307657194535e-05,4.203304630003838e-05,False,0.1466448000028322,1.373125116819149e-16,1,0
2025-07-15,False,2,1.0,7,0.95,0,calibrated_quantile,2025-06-17;2025-06-18;2025-06-19;2025-06-20;2025-06-23;2025-06-24;2025-06-25;2025-06-26;2025-06-27;2025-06-30;2025-07-01;2025-07-02;2025-07-03;2025-07-04;2025-07-07;2025-07-08;2025-07-09;2025-07-10;2025-07-11;2025-07-14,20,6593.522527004723,2025-07-08;2025-07-09,2025-07-08;2025-07-09;2025-07-14;2025-07-07;2025-07-02;2025-07-03;2025-07-10,,2025-07-14,9600.0,10800.0,10800.0,30.58629490740742,39.101668800741564,35.33229923126592,65.79640427645317,82720.57146210862,1548.1727647276223,9341.020662266154,51928.82848368438,4533.373601252035,56462.20208493642,51928.82848368438,51928.82843175555,41394.786643498475,1672.0383029774594,lexicographic,5.1928828431755556e-05,4.139478664349903e-05,False,0.23763419999886537,0.0,1,0
2025-07-16,False,2,1.0,7,0.95,0,calibrated_quantile,2025-06-18;2025-06-19;2025-06-20;2025-06-23;2025-06-24;2025-06-25;2025-06-26;2025-06-27;2025-06-30;2025-07-01;2025-07-02;2025-07-03;2025-07-04;2025-07-07;2025-07-08;2025-07-09;2025-07-10;2025-07-11;2025-07-14;2025-07-15,20,6510.892789845657,2025-07-02;2025-07-09,2025-07-02;2025-07-09;2025-07-03;2025-07-10;2025-07-15;2025-07-08;2025-07-11,,2025-07-15,9600.0,10800.0,10800.0,30.61694577546296,37.929823929961614,26.342204292207864,48.393840428137715,83955.95526204555,537.5893290621826,10189.473588739103,52510.38261733153,2002.247836051723,54512.63045338325,52510.382617331525,52510.38256482115,41220.64476167078,1694.3113032358774,lexicographic,5.2510382564821155e-05,4.122064472045013e-05,False,0.1737079000013182,0.0,1,0
2025-07-17,False,2,1.0,7,0.95,0,calibrated_quantile,2025-06-19;2025-06-20;2025-06-23;2025-06-24;2025-06-25;2025-06-26;2025-06-27;2025-06-30;2025-07-01;2025-07-02;2025-07-03;2025-07-04;2025-07-07;2025-07-08;2025-07-09;2025-07-10;2025-07-11;2025-07-14;2025-07-15;2025-07-16,20,6457.816924944822,2025-07-10;2025-07-03,2025-07-10;2025-07-03;2025-07-09;2025-07-11;2025-07-16;2025-07-02;2025-07-04,,2025-07-16,9600.0,10800.0,10800.0,29.514024247685185,36.59976611288359,23.280863668340032,40.458527097331626,83593.20769403168,695.7362980391027,9379.910172764654,52503.93740733554,2899.451552564647,55403.38895990019,52503.937407335536,52503.93735507717,41583.73730014968,1711.4441666666667,lexicographic,5.250393735507717e-05,4.158373725856595e-05,False,0.24557509999795002,0.0,1,0
2025-07-18,False,2,1.0,7,0.95,0,calibrated_quantile,2025-06-20;2025-06-23;2025-06-24;2025-06-25;2025-06-26;2025-06-27;2025-06-30;2025-07-01;2025-07-02;2025-07-03;2025-07-04;2025-07-07;2025-07-08;2025-07-09;2025-07-10;2025-07-11;2025-07-14;2025-07-15;2025-07-16;2025-07-17,20,6602.604005028126,2025-07-11;2025-07-04,2025-07-11;2025-07-04;2025-07-17;2025-07-10;2025-07-03;2025-07-16;2025-07-09,,2025-07-17,9600.0,10800.0,10800.0,24.19708350694444,30.913080068925513,30.523748344568258,57.69516509165123,45673.84814192697,730.1923211425266,13022.601453647605,26772.051687833635,2073.885740629482,28845.937428463116,26772.05168783363,26772.051661061585,40036.62727901577,1530.0107856241175,lexicographic,2.677205166106159e-05,4.003662723897915e-05,False,0.14072869999654358,0.0,1,0
2025-07-19,False,2,1.0,7,0.95,0,calibrated_quantile,2025-06-21;2025-06-22;2025-06-28;2025-06-29;2025-07-05;2025-07-06;2025-07-12;2025-07-13,8,16926.030545462734,2025-07-12;2025-07-05,2025-07-12;2025-07-05;2025-07-13;2025-07-06;2025-06-21;2025-06-28;2025-06-07,,2025-07-18,9600.0,10800.0,10800.0,25.253626967592588,31.788376988577607,26.447638806258013,44.53545279804888,53079.24994307294,0.0,23787.659283844216,32513.421086760914,0.0,32513.421086760914,32513.42108676091,32513.421054700048,40066.66057534564,1712.5574916666667,lexicographic,3.251342105470005e-05,4.006666053527898e-05,False,0.24705460000041057,0.0,1,0
2025-07-20,False,2,1.0,7,0.95,0,calibrated_quantile,2025-06-22;2025-06-28;2025-06-29;2025-07-05;2025-07-06;2025-07-12;2025-07-13;2025-07-19,8,16926.589484751457,2025-07-13;2025-07-06,2025-07-13;2025-07-06;2025-07-05;2025-06-22;2025-07-19;2025-06-29;2025-07-12,,2025-07-19,9600.0,10800.0,10800.0,30.02037326388889,36.54297792086902,24.637846003661018,42.19404651009576,94645.0699189361,43.44809288726583,20234.24263577246,60965.989134922944,104.15291035776121,61070.14204528071,60965.989134922944,60965.98907395697,44921.64602830081,1743.3414853273107,lexicographic,6.096598907395697e-05,4.492164598337915e-05,False,0.16199910000068485,0.0,1,0
2025-07-21,False,2,1.0,7,0.95,0,calibrated_quantile,2025-06-23;2025-06-24;2025-06-25;2025-06-26;2025-06-27;2025-06-30;2025-07-01;2025-07-02;2025-07-03;2025-07-04;2025-07-07;2025-07-08;2025-07-09;2025-07-10;2025-07-11;2025-07-14;2025-07-15;2025-07-16;2025-07-17;2025-07-18,20,7347.87017368657,2025-07-07;2025-07-14,2025-07-07;2025-07-14;2025-07-15;2025-07-08;2025-06-09;2025-07-16;2025-07-18,,2025-07-20,9600.0,10800.0,10800.0,31.6516828125,40.029952810216116,25.162440963518335,41.38574793164666,84456.71998845087,506.1036612856168,8815.025051094257,52886.5647635323,1958.3409022832377,54844.90566581553,52886.5647635323,52886.56471064575,41002.935724202725,1737.5680661309839,lexicographic,5.288656471064575e-05,4.100293568319979e-05,False,0.12887940000291565,0.0,1,0
2025-07-22,False,2,1.0,7,0.95,0,calibrated_quantile,2025-06-24;2025-06-25;2025-06-26;2025-06-27;2025-06-30;2025-07-01;2025-07-02;2025-07-03;2025-07-04;2025-07-07;2025-07-08;2025-07-09;2025-07-10;2025-07-11;2025-07-14;2025-07-15;2025-07-16;2025-07-17;2025-07-18;2025-07-21,20,7480.541440886014,2025-07-15;2025-07-08,2025-07-15;2025-07-08;2025-07-16;2025-07-21;2025-07-07;2025-07-09;2025-07-02,,2025-07-21,9600.0,10800.0,10800.0,25.693783564814808,32.77440781248897,31.18200326021358,57.13141254957671,83436.22122425408,855.6765533446498,8326.632219882162,52317.667522586846,3545.943297959721,55863.610820546564,52317.667522586846,52317.66747026918,41232.29787994805,1682.6730198327127,lexicographic,5.231766747026919e-05,4.123229787994834e-05,False,0.22897540000121808,0.0,1,0
2025-07-23,False,2,1.0,7,0.95,0,calibrated_quantile,2025-06-25;2025-06-26;2025-06-27;2025-06-30;2025-07-01;2025-07-02;2025-07-03;2025-07-04;2025-07-07;2025-07-08;2025-07-09;2025-07-10;2025-07-11;2025-07-14;2025-07-15;2025-07-16;2025-07-17;2025-07-18;2025-07-21;2025-07-22,20,6959.571542957634,2025-07-16;2025-07-09,2025-07-16;2025-07-09;2025-07-22;2025-07-17;2025-07-02;2025-07-15;2025-07-10,,2025-07-22,9600.0,10800.0,10800.0,26.338135358796293,32.18682105153521,28.75717596065184,50.338384417688935,82620.13734552877,946.0458057362289,7184.777510662923,51808.91616115467,3922.2294750262845,55731.145636180954,51808.91616115466,51808.91610934575,41132.31195477297,1708.0707444814377,lexicographic,5.1808916109345755e-05,4.113231191364066e-05,False,0.18736429999989923,0.0,1,0
2025-07-24,False,2,1.0,7,0.95,0,calibrated_quantile,2025-06-26;2025-06-27;2025-06-30;2025-07-01;2025-07-02;2025-07-03;2025-07-04;2025-07-07;2025-07-08;2025-07-09;2025-07-10;2025-07-11;2025-07-14;2025-07-15;2025-07-16;2025-07-17;2025-07-18;2025-07-21;2025-07-22;2025-07-23,20,7151.487986290687,2025-07-17;2025-07-10,2025-07-17;2025-07-10;2025-07-03;2025-07-23;2025-07-16;2025-07-18;2025-07-11,,2025-07-23,9600.0,10800.0,10800.0,24.96773634259259,32.999051002607736,35.3104577671043,59.15091824710459,84259.85291468608,1365.263832994794,9797.845245478587,52889.4440261856,5663.076722572781,58552.52074875838,52889.44402618559,52889.44397329614,42005.19054184372,1688.3241295697,lexicographic,5.2889443973296144e-05,4.2005190499838535e-05,False,0.15313269999751355,0.0,1,0
2025-07-25,False,2,1.0,7,0.95,0,calibrated_quantile,2025-06-27;2025-06-30;2025-07-01;2025-07-02;2025-07-03;2025-07-04;2025-07-07;2025-07-08;2025-07-09;2025-07-10;2025-07-11;2025-07-14;2025-07-15;2025-07-16;2025-07-17;2025-07-18;2025-07-21;2025-07-22;2025-07-23;2025-07-24,20,7382.311318886881,2025-07-18;2025-07-11,2025-07-18;2025-07-11;2025-07-24;2025-07-04;2025-07-10;2025-07-03;2025-07-17,,2025-07-24,9600.0,10800.0,10800.0,25.35723981481482,31.492487462285307,20.498190107869032,33.9221335857162,45299.896100728976,140.58051206494846,16827.96613552275,26525.705824197594,614.6027911160709,27140.308615313665,26525.705824197594,26525.70579767189,40036.62730148567,1524.0085166666622,lexicographic,2.652570579767189e-05,4.003662726144905e-05,False,0.1838036999979522,1.3714918030233944e-16,1,0
2025-07-26,False,2,1.0,7,0.95,0,calibrated_quantile,2025-06-28;2025-06-29;2025-07-05;2025-07-06;2025-07-12;2025-07-13;2025-07-19;2025-07-20,8,15819.6144074524,2025-07-19;2025-07-05,2025-07-19;2025-07-05;2025-07-12;2025-06-28;2025-06-21;2025-07-20;2025-07-13,,2025-07-25,9600.0,10800.0,10800.0,28.157961689814822,35.33765319707246,28.49929831458816,50.20003330806073,52327.64048421943,398.5002854792922,22149.858316607497,32064.77272182189,1405.9263200901469,33470.699041912034,32064.77272182189,32064.772689757105,40036.6268420668,1737.323325,lexicographic,3.2064772689757105e-05,4.003662684206675e-05,False,0.16174859999955515,0.0,1,0
2025-07-27,False,2,1.0,7,0.95,0,calibrated_quantile,2025-06-29;2025-07-05;2025-07-06;2025-07-12;2025-07-13;2025-07-19;2025-07-20;2025-07-26,8,16411.32206190599,2025-07-13;2025-07-20,2025-07-13;2025-07-20;2025-07-06;2025-06-22;2025-06-15;2025-07-26;2025-06-29,,2025-07-26,9600.0,10800.0,10800.0,25.374271354166673,32.2405275085351,26.397246154957895,47.67758830322961,93523.29319292991,36.92912792056336,17548.372429961706,59880.739567028824,148.73900744664527,60029.47857447547,59880.739567028824,59880.739507148086,44206.54172688675,1734.4400848371727,lexicographic,5.988073950714809e-05,4.42065416826802e-05,False,0.1533320000016829,0.0,1,0
2025-07-28,False,2,1.0,7,0.95,0,calibrated_quantile,2025-06-30;2025-07-01;2025-07-02;2025-07-03;2025-07-04;2025-07-07;2025-07-08;2025-07-09;2025-07-10;2025-07-11;2025-07-14;2025-07-15;2025-07-16;2025-07-17;2025-07-18;2025-07-21;2025-07-22;2025-07-23;2025-07-24;2025-07-25,20,7503.917180741359,2025-07-21;2025-07-07,2025-07-21;2025-07-07;2025-07-14;2025-07-22;2025-07-15;2025-07-08;2025-06-09,,2025-07-27,9600.0,10800.0,10800.0,30.023803993055544,35.68783940915701,41.26043471159872,70.76690411491086,83427.69007836803,1886.7085029501782,5215.830442794004,52168.077224830515,7434.13417038252,59602.21139521303,52168.077224830515,52168.07717266244,40730.12719862675,1703.7191026674586,lexicographic,5.216807717266244e-05,4.073012715789662e-05,False,0.11699120000048424,1.3947145473853569e-16,1,0
2025-07-29,False,2,1.0,7,0.95,0,calibrated_quantile,2025-07-01;2025-07-02;2025-07-03;2025-07-04;2025-07-07;2025-07-08;2025-07-09;2025-07-10;2025-07-11;2025-07-14;2025-07-15;2025-07-16;2025-07-17;2025-07-18;2025-07-21;2025-07-22;2025-07-23;2025-07-24;2025-07-25;2025-07-28,20,7911.236619460848,2025-07-22;2025-07-15,2025-07-22;2025-07-15;2025-07-08;2025-07-21;2025-07-16;2025-07-02;2025-07-07,,2025-07-28,9600.0,10800.0,10800.0,28.577370081018525,35.56461851956699,34.641784407528384,69.86589637353383,83133.41490602144,1844.2910814641186,6769.868216755383,52080.88296974765,7007.493232907384,59088.37620265503,52080.88296974765,52080.88291766677,40633.24459387359,1684.9624849085549,lexicographic,5.2080882917666776e-05,4.063324455324034e-05,False,0.17716130000189878,0.0,1,0
2025-07-30,False,2,1.0,7,0.95,0,calibrated_quantile,2025-07-02;2025-07-03;2025-07-04;2025-07-07;2025-07-08;2025-07-09;2025-07-10;2025-07-11;2025-07-14;2025-07-15;2025-07-16;2025-07-17;2025-07-18;2025-07-21;2025-07-22;2025-07-23;2025-07-24;2025-07-25;2025-07-28;2025-07-29,20,7545.011242117458,2025-07-16;2025-07-23,2025-07-16;2025-07-23;2025-07-02;2025-07-29;2025-07-24;2025-07-22;2025-07-10,,2025-07-29,9600.0,10800.0,10800.0,26.711405324074075,33.843961346814055,33.626226236188415,57.42268401559847,84303.62591498235,677.0505825014053,8656.477436901081,52761.786739912146,3163.2658982317075,55925.052638143854,52761.786739912146,52761.78668715034,42197.95520107104,1683.5209984774697,lexicographic,5.2761786687150344e-05,4.219795515887308e-05,False,0.1383053999998083,0.0,1,0
2025-07-31,False,2,1.0,7,0.95,0,calibrated_quantile,2025-07-03;2025-07-04;2025-07-07;2025-07-08;2025-07-09;2025-07-10;2025-07-11;2025-07-14;2025-07-15;2025-07-16;2025-07-17;2025-07-18;2025-07-21;2025-07-22;2025-07-23;2025-07-24;2025-07-25;2025-07-28;2025-07-29;2025-07-30,20,7024.266171942984,2025-07-24;2025-07-10,2025-07-24;2025-07-10;2025-07-17;2025-07-23;2025-07-03;2025-07-16;2025-07-30,,2025-07-30,9600.0,10800.0,10800.0,29.63961296296298,37.3069634036995,24.785474851989477,44.47278191396255,83322.68296324156,746.6955695448885,7176.500300806647,52185.68035326277,3223.3211721773996,55409.001525440166,52185.68035326277,52185.6803010771,41759.75734094958,1693.5963964529265,lexicographic,5.21856803010771e-05,4.175975729918982e-05,False,0.16793200000029174,0.0,1,0
2025-08-01,False,2,1.0,10,0.9,0,calibrated_quantile,2025-07-04;2025-07-07;2025-07-08;2025-07-09;2025-07-10;2025-07-11;2025-07-14;2025-07-15;2025-07-16;2025-07-17;2025-07-18;2025-07-21;2025-07-22;2025-07-23;2025-07-24;2025-07-25;2025-07-28;2025-07-29;2025-07-30;2025-07-31,20,6586.473890076237,2025-07-25;2025-07-18,2025-07-25;2025-07-18;2025-07-04;2025-07-11;2025-07-31;2025-07-24;2025-07-10;2025-07-17;2025-07-03;2025-07-30,,2025-07-31,9600.0,10800.0,10800.0,26.54285711805555,33.83787695446631,50.41772034386212,81.11861119621446,43165.42578412707,393.2003309403552,20200.07553092879,25095.218987028107,1102.6882214008506,26197.90720842896,25095.218987028107,25095.21896193289,40036.62743196737,1485.1891916666596,lexicographic,2.509521896193289e-05,4.003662739193075e-05,False,0.2400511000014376,0.0,1,0
2025-08-02,False,2,1.0,10,0.9,0,calibrated_quantile,2025-07-05;2025-07-06;2025-07-12;2025-07-13;2025-07-19;2025-07-20;2025-07-26;2025-07-27,8,15902.638785934636,2025-07-26;2025-07-05,2025-07-26;2025-07-05;2025-07-19;2025-07-12;2025-07-20;2025-07-13;2025-07-06;2025-07-27;2025-06-28;2025-06-21,,2025-08-01,9600.0,10800.0,10800.0,29.648328124999995,38.758594630465545,39.189840536114204,68.7562902711059,51972.71518241543,0.0,28937.6181234226,31783.596815646855,0.0,31783.596815646855,31783.596815646855,31783.59678386326,40053.37038753036,1719.278325,lexicographic,3.1783596783863264e-05,4.005337038753003e-05,False,0.1815376999984437,0.0,1,0
2025-08-03,False,2,1.0,10,0.9,0,calibrated_quantile,2025-07-06;2025-07-12;2025-07-13;2025-07-19;2025-07-20;2025-07-26;2025-07-27;2025-08-02,8,13950.121689810949,2025-07-20;2025-07-06,2025-07-20;2025-07-06;2025-07-13;2025-07-27;2025-08-02;2025-06-22;2025-07-26;2025-06-29;2025-07-05;2025-07-19,,2025-08-02,9600.0,10800.0,10800.0,28.154114988425924,34.413732406641415,55.81860132070327,93.23604222243175,88894.10629915365,0.0,23775.99160084671,57229.04658129082,0.0,57229.04658129082,57229.04658129082,57229.04652406177,43294.05958449833,1717.7232950982855,lexicographic,5.7229046524061774e-05,4.3294059541204265e-05,False,0.22079289999965113,0.0,1,0
2025-08-04,False,2,1.0,10,0.9,0,calibrated_quantile,2025-07-07;2025-07-08;2025-07-09;2025-07-10;2025-07-11;2025-07-14;2025-07-15;2025-07-16;2025-07-17;2025-07-18;2025-07-21;2025-07-22;2025-07-23;2025-07-24;2025-07-25;2025-07-28;2025-07-29;2025-07-30;2025-07-31;2025-08-01,20,6755.58450849821,2025-07-14;2025-07-28,2025-07-14;2025-07-28;2025-07-21;2025-07-15;2025-07-22;2025-07-08;2025-07-07;2025-07-29;2025-07-23;2025-07-18,,2025-08-03,9600.0,10800.0,10800.0,24.87789768518519,31.089001005607123,67.19527987815923,110.19247167637373,85041.18128025433,113.97157951020671,17476.15865543067,53226.325230944036,301.01907183875085,53527.34430278279,53226.32523094403,53226.32517771772,43003.44329900999,1651.4613028235153,lexicographic,5.322632517771772e-05,4.300344325600654e-05,False,0.12129289999938919,1.3669847749003307e-16,1,0
2025-08-05,False,2,1.0,10,0.9,0,calibrated_quantile,2025-07-08;2025-07-09;2025-07-10;2025-07-11;2025-07-14;2025-07-15;2025-07-16;2025-07-17;2025-07-18;2025-07-21;2025-07-22;2025-07-23;2025-07-24;2025-07-25;2025-07-28;2025-07-29;2025-07-30;2025-07-31;2025-08-01;2025-08-04,20,5304.421918122305,2025-07-15;2025-07-22,2025-07-15;2025-07-22;2025-07-08;2025-07-23;2025-08-04;2025-07-14;2025-07-09;2025-07-16;2025-07-21;2025-07-29,,2025-08-04,9600.0,10800.0,10800.0,32.89527494212963,40.965635497202335,31.194857534747307,55.37429546845355,79170.5525041306,220.9879843567694,12096.89207241282,49457.832797956704,623.782404141402,50081.6152020981,49457.83279795671,49457.83274849886,40704.43497208318,1644.6966483175815,lexicographic,4.9457832748498865e-05,4.070443493137874e-05,False,0.16172999999980675,0.0,1,0
2025-08-06,False,2,1.0,10,0.9,0,calibrated_quantile,2025-07-09;2025-07-10;2025-07-11;2025-07-14;2025-07-15;2025-07-16;2025-07-17;2025-07-18;2025-07-21;2025-07-22;2025-07-23;2025-07-24;2025-07-25;2025-07-28;2025-07-29;2025-07-30;2025-07-31;2025-08-01;2025-08-04;2025-08-05,20,5019.342985778546,2025-07-23;2025-07-16,2025-07-23;2025-07-16;2025-07-24;2025-07-31;2025-07-30;2025-07-09;2025-08-05;2025-07-15;2025-07-22;2025-07-17,,2025-08-05,9600.0,10800.0,10800.0,33.805448148148145,42.23877277971747,34.52315699434146,56.42551672596067,80316.77377378165,567.0907581942081,10617.117194891905,50162.62262384855,2020.1981535023353,52182.820777350884,50162.622623848554,50162.62257368592,40894.61333792851,1671.0174274611597,lexicographic,5.016262257368592e-05,4.089461329703389e-05,False,0.10875129999840283,0.0,1,0
2025-08-07,False,2,1.0,10,0.9,0,calibrated_quantile,2025-07-10;2025-07-11;2025-07-14;2025-07-15;2025-07-16;2025-07-17;2025-07-18;2025-07-21;2025-07-22;2025-07-23;2025-07-24;2025-07-25;2025-07-28;2025-07-29;2025-07-30;2025-07-31;2025-08-01;2025-08-04;2025-08-05;2025-08-06,20,5039.402371638946,2025-07-24;2025-07-31,2025-07-24;2025-07-31;2025-07-17;2025-08-06;2025-07-23;2025-07-10;2025-07-03;2025-07-16;2025-07-25;2025-07-18,,2025-08-06,9600.0,10800.0,10800.0,28.517797222222214,34.86231841064044,53.27571969588126,94.31359054059608,79265.98147295442,461.8234962079026,14165.160671651996,49574.47844146648,1572.716119270282,51147.19456073677,49574.47844146649,49574.478391892015,41318.5219026961,1632.721095206224,lexicographic,4.9574478391892015e-05,4.1318521861377584e-05,False,0.21554680000190274,0.0,1,0
2025-08-08,False,2,1.0,10,0.9,0,calibrated_quantile,2025-07-11;2025-07-14;2025-07-15;2025-07-16;2025-07-17;2025-07-18;2025-07-21;2025-07-22;2025-07-23;2025-07-24;2025-07-25;2025-07-28;2025-07-29;2025-07-30;2025-07-31;2025-08-01;2025-08-04;2025-08-05;2025-08-06;2025-08-07,20,4975.352153269047,2025-07-18;2025-07-25,2025-07-18;2025-07-25;2025-07-11;2025-08-07;2025-07-24;2025-08-01;2025-07-31;2025-07-17;2025-08-06;2025-07-03,,2025-08-07,9600.0,10800.0,10800.0,26.201330960648157,32.872589778581215,49.93810747482683,87.96262995981424,41740.19732978432,203.8256390448666,24061.66079705004,24093.481969002052,883.4550245611102,24976.936993563162,24093.481969002052,24093.481944908566,40036.6275138039,1481.7853833333297,lexicographic,2.4093481944908567e-05,4.003662747376727e-05,False,0.1744046999992861,0.0,1,0
2025-08-09,False,2,1.0,10,0.9,0,calibrated_quantile,2025-07-12;2025-07-13;2025-07-19;2025-07-20;2025-07-26;2025-07-27;2025-08-02;2025-08-03,8,4318.506379059006,2025-08-02;2025-07-26,2025-08-02;2025-07-26;2025-07-05;2025-07-19;2025-07-12;2025-08-03;2025-07-20;2025-06-28;2025-07-13;2025-07-27,,2025-08-08,9600.0,10800.0,10800.0,26.62729311342592,33.250347468944504,30.00021107682537,48.12953450076369,42083.38915290051,640.164852448564,21694.434083665867,24218.01220438706,2255.0785110113975,26473.09071539846,24218.01220438706,24218.01218016905,40036.627511980914,1653.7480856244401,lexicographic,2.421801218016905e-05,4.003662747194429e-05,False,0.11505870000110008,0.0,1,0
2025-08-10,False,2,1.0,10,0.9,0,calibrated_quantile,2025-07-13;2025-07-19;2025-07-20;2025-07-26;2025-07-27;2025-08-02;2025-08-03;2025-08-09,8,4857.472540912663,2025-08-03;2025-07-20,2025-08-03;2025-07-20;2025-07-27;2025-07-13;2025-07-06;2025-06-22;2025-06-29;2025-08-02;2025-07-26;2025-08-09,,2025-08-09,9600.0,10800.0,10800.0,26.023696817129622,32.68471371594477,24.597128864643445,44.718278584910685,75005.06501055798,1043.0564876334481,8639.211807442203,47222.03167792229,3982.6148606950383,51204.64653861733,47222.0316779223,47222.03163070026,39981.52217423533,1691.7019191523416,lexicographic,4.722203163070026e-05,3.998152213425381e-05,False,0.1352523999994446,0.0,1,0
2025-08-11,False,2,1.0,10,0.9,0,calibrated_quantile,2025-07-14;2025-07-15;2025-07-16;2025-07-17;2025-07-18;2025-07-21;2025-07-22;2025-07-23;2025-07-24;2025-07-25;2025-07-28;2025-07-29;2025-07-30;2025-07-31;2025-08-01;2025-08-04;2025-08-05;2025-08-06;2025-08-07;2025-08-08,20,5032.808525016203,2025-08-04;2025-07-28,2025-08-04;2025-07-28;2025-07-14;2025-07-21;2025-08-05;2025-07-15;2025-07-22;2025-07-07;2025-07-08;2025-07-29,,2025-08-10,9600.0,10800.0,10800.0,30.504111863425933,37.84748543914294,34.62240407570688,68.21447635031116,77337.80194490656,536.2303496389806,11205.34094825108,48133.67500955559,2092.082109933095,50225.757119488684,48133.67500955559,48133.674961421915,40041.322246261785,1667.3922565262706,lexicographic,4.813367496142192e-05,4.004132220622047e-05,False,0.17685619999974733,0.0,1,0
2025-08-12,False,2,1.0,10,0.9,0,calibrated_quantile,2025-07-15;2025-07-16;2025-07-17;2025-07-18;2025-07-21;2025-07-22;2025-07-23;2025-07-24;2025-07-25;2025-07-28;2025-07-29;2025-07-30;2025-07-31;2025-08-01;2025-08-04;2025-08-05;2025-08-06;2025-08-07;2025-08-08;2025-08-11,20,5040.9362733014295,2025-08-05;2025-08-06,2025-08-05;2025-08-06;2025-07-15;2025-07-22;2025-08-11;2025-07-08;2025-08-04;2025-07-23;2025-07-28;2025-07-16,,2025-08-11,9600.0,10800.0,10800.0,24.426355266203707,30.77716926079629,23.362994500751356,39.54100141297555,73889.37053832447,1222.2460510471828,5304.446717216318,46223.05476623918,5267.882317699699,51490.93708393887,46223.05476623918,46223.05472001612,38885.89822095135,1652.2399678800343,lexicographic,4.6223054720016124e-05,3.8885898182065464e-05,False,0.12031389999901876,0.0,1,0
2025-08-13,False,2,1.0,10,0.9,0,calibrated_quantile,2025-07-16;2025-07-17;2025-07-18;2025-07-21;2025-07-22;2025-07-23;2025-07-24;2025-07-25;2025-07-28;2025-07-29;2025-07-30;2025-07-31;2025-08-01;2025-08-04;2025-08-05;2025-08-06;2025-08-07;2025-08-08;2025-08-11;2025-08-12,20,4986.843312735224,2025-08-06;2025-07-23,2025-08-06;2025-07-23;2025-08-07;2025-07-16;2025-07-24;2025-07-31;2025-07-30;2025-08-12;2025-07-09;2025-08-05,,2025-08-12,9600.0,10800.0,10800.0,27.05292876157406,34.75825722945625,21.636035694565393,42.303353295096905,76335.86343137422,479.6586975105327,8609.651269748718,47933.48926236114,1884.3196571718238,49817.80891953296,47933.48926236114,47933.489214983914,39612.93677358473,1654.137850000001,lexicographic,4.7933489214983915e-05,3.9612936733971796e-05,False,0.13598590000037802,1.5179278064967105e-16,1,0
2025-08-14,False,2,1.0,10,0.9,0,calibrated_quantile,2025-07-17;2025-07-18;2025-07-21;2025-07-22;2025-07-23;2025-07-24;2025-07-25;2025-07-28;2025-07-29;2025-07-30;2025-07-31;2025-08-01;2025-08-04;2025-08-05;2025-08-06;2025-08-07;2025-08-08;2025-08-11;2025-08-12;2025-08-13,20,4962.967967388378,2025-08-07;2025-07-17,2025-08-07;2025-07-17;2025-07-24;2025-07-31;2025-08-13;2025-07-10;2025-08-06;2025-07-23;2025-08-08;2025-07-03,,2025-08-13,9600.0,10800.0,10800.0,29.72316568287037,38.51402488087307,30.186373042231,47.963830340312505,74881.39946878032,773.7528783307762,7641.497451597476,47009.22195404221,3476.962552969626,50486.184507011836,47009.22195404221,47009.22190703298,39659.914331425374,1655.8766064914976,lexicographic,4.700922190703298e-05,3.965991429176546e-05,False,0.14854009999908158,0.0,1,0
2025-08-15,False,2,1.0,10,0.9,0,calibrated_quantile,2025-07-18;2025-07-21;2025-07-22;2025-07-23;2025-07-24;2025-07-25;2025-07-28;2025-07-29;2025-07-30;2025-07-31;2025-08-01;2025-08-04;2025-08-05;2025-08-06;2025-08-07;2025-08-08;2025-08-11;2025-08-12;2025-08-13;2025-08-14,20,5080.492349204884,2025-08-08;2025-07-25,2025-08-08;2025-07-25;2025-07-18;2025-08-01;2025-07-11;2025-08-07;2025-08-14;2025-07-24;2025-07-31;2025-07-17,,2025-08-14,9600.0,10800.0,10800.0,25.672990972222223,32.35630288035118,24.832042735513497,43.55386741203687,41092.45993841345,367.9485699489046,22193.490701384493,23706.601907059725,1263.3831364749735,24969.9850435347,23706.601907059725,23706.601883353123,40036.62754924601,1474.897472513619,lexicographic,2.3706601883353124e-05,4.0036627509209383e-05,False,0.1161458999995375,0.0,1,0
2025-08-16,False,2,1.0,10,0.9,0,calibrated_quantile,2025-07-19;2025-07-20;2025-07-26;2025-07-27;2025-08-02;2025-08-03;2025-08-09;2025-08-10,8,2809.4732863258077,2025-08-09;2025-08-02,2025-08-09;2025-08-02;2025-07-26;2025-07-05;2025-07-19;2025-07-12;2025-08-10;2025-08-03;2025-07-20;2025-06-28,,2025-08-15,9600.0,10800.0,10800.0,25.41758981481481,32.37611929299455,26.367034725429136,51.6832776239505,40204.017997694296,743.3029377957206,21910.849643263293,23005.871420681277,3411.307237502294,26417.17865818357,23005.871420681277,23005.871397675404,40036.62758564108,1638.8848947815313,lexicographic,2.3005871397675406e-05,4.003662754560445e-05,False,0.11846579999837559,0.0,1,0
2025-08-17,False,2,1.0,10,0.9,0,calibrated_quantile,2025-07-20;2025-07-26;2025-07-27;2025-08-02;2025-08-03;2025-08-09;2025-08-10;2025-08-16,8,2938.2048065800504,2025-08-10;2025-08-03,2025-08-10;2025-08-03;2025-07-20;2025-07-13;2025-07-27;2025-07-06;2025-06-22;2025-08-16;2025-08-09;2025-08-02,,2025-08-16,9600.0,10800.0,10800.0,29.31008136574075,36.211056597211325,30.061569845743755,50.68923622302265,70297.95502895475,1203.2402642035404,6419.474725390737,44587.46744178389,5416.151325572863,50003.618767356755,44587.46744178388,44587.467397196415,36410.21207091671,1654.92580325824,lexicographic,4.458746739719642e-05,3.64102120345065e-05,False,0.14603390000047511,0.0,1,0
2025-08-18,False,2,1.0,10,0.9,0,calibrated_quantile,2025-07-21;2025-07-22;2025-07-23;2025-07-24;2025-07-25;2025-07-28;2025-07-29;2025-07-30;2025-07-31;2025-08-01;2025-08-04;2025-08-05;2025-08-06;2025-08-07;2025-08-08;2025-08-11;2025-08-12;2025-08-13;2025-08-14;2025-08-15,20,4662.057101794566,2025-08-11;2025-08-04,2025-08-11;2025-08-04;2025-07-14;2025-07-28;2025-08-12;2025-08-05;2025-07-21;2025-07-15;2025-07-22;2025-07-07,,2025-08-17,9600.0,10800.0,10800.0,29.811278124999994,37.609894359434186,32.4149697780551,56.116199899542345,74329.75443670338,979.7570646218612,8865.869465384065,46654.72902837499,4095.0707848601037,50749.79981323509,46654.72902837499,46654.72898172026,38941.001966215896,1639.9970928344733,lexicographic,4.665472898172026e-05,3.8941001927274894e-05,False,0.13357600000017555,0.0,1,0
2025-08-19,False,2,1.0,10,0.9,0,calibrated_quantile,2025-07-22;2025-07-23;2025-07-24;2025-07-25;2025-07-28;2025-07-29;2025-07-30;2025-07-31;2025-08-01;2025-08-04;2025-08-05;2025-08-06;2025-08-07;2025-08-08;2025-08-11;2025-08-12;2025-08-13;2025-08-14;2025-08-15;2025-08-18,20,4507.819376549133,2025-08-05;2025-08-12,2025-08-05;2025-08-12;2025-08-18;2025-08-13;2025-08-11;2025-08-04;2025-07-22;2025-07-15;2025-08-06;2025-07-14,,2025-08-18,9600.0,10800.0,10800.0,28.666213715277777,35.6798381473948,19.816472704430787,34.794015136830744,72475.58858420994,741.0118698816958,6873.86093519056,45695.32117964378,3050.1660669966695,48745.48724664045,45695.32117964378,45695.32113394843,38476.50990912058,1659.663301551533,lexicographic,4.5695321133948435e-05,3.847650987064407e-05,False,0.15802240000266465,0.0,1,0
2025-08-20,False,2,1.0,10,0.9,0,calibrated_quantile,2025-07-23;2025-07-24;2025-07-25;2025-07-28;2025-07-29;2025-07-30;2025-07-31;2025-08-01;2025-08-04;2025-08-05;2025-08-06;2025-08-07;2025-08-08;2025-08-11;2025-08-12;2025-08-13;2025-08-14;2025-08-15;2025-08-18;2025-08-19,20,4444.000303140509,2025-08-06;2025-08-13,2025-08-06;2025-08-13;2025-07-23;2025-08-07;2025-08-12;2025-07-16;2025-07-31;2025-07-24;2025-07-30;2025-08-14,,2025-08-19,9600.0,10800.0,10800.0,30.81587737268518,37.06103506290982,44.54811452387197,73.00422796302598,73909.62523752442,2847.142780349216,4052.9476702035527,46417.66388304533,11534.135548233056,57951.799431278385,46417.66388304533,46417.66383662767,39009.45633906516,1637.5212666666666,lexicographic,4.641766383662767e-05,3.900945633906458e-05,False,0.14784180000060587,0.0,1,0
2025-08-21,False,2,1.0,10,0.9,0,calibrated_quantile,2025-07-24;2025-07-25;2025-07-28;2025-07-29;2025-07-30;2025-07-31;2025-08-01;2025-08-04;2025-08-05;2025-08-06;2025-08-07;2025-08-08;2025-08-11;2025-08-12;2025-08-13;2025-08-14;2025-08-15;2025-08-18;2025-08-19;2025-08-20,20,4757.054394718959,2025-08-07;2025-07-31,2025-08-07;2025-07-31;2025-07-24;2025-08-14;2025-08-13;2025-08-20;2025-08-06;2025-08-15;2025-07-23;2025-07-30,,2025-08-20,9600.0,10800.0,10800.0,26.981402256944452,34.45705253006969,27.82695434108304,48.223765147621506,75551.15582488183,675.6599029260534,8244.792660620593,47381.61362413458,2630.2176379680764,50011.831262102656,47381.61362413458,47381.61357675296,40614.487093225456,1657.9134445320242,lexicographic,4.738161357675296e-05,4.061448705261097e-05,False,0.1495398999977624,3.0712156319443116e-16,1,0
2025-08-22,False,2,1.0,10,0.9,0,calibrated_quantile,2025-07-25;2025-07-28;2025-07-29;2025-07-30;2025-07-31;2025-08-01;2025-08-04;2025-08-05;2025-08-06;2025-08-07;2025-08-08;2025-08-11;2025-08-12;2025-08-13;2025-08-14;2025-08-15;2025-08-18;2025-08-19;2025-08-20;2025-08-21,20,4639.168897368092,2025-08-15;2025-08-08,2025-08-15;2025-08-08;2025-07-25;2025-07-18;2025-08-01;2025-08-21;2025-08-07;2025-07-11;2025-07-31;2025-08-14,,2025-08-21,9600.0,10800.0,10800.0,26.91294068287037,33.642542926007444,28.54091295288397,47.3899606247662,40660.76558546159,1946.3400622175839,19269.345322238365,23334.052699062988,7833.752998283047,31167.805697346033,23334.052699062984,23334.052675728937,40036.62758337544,1447.3293416388976,lexicographic,2.333405267572894e-05,4.0036627543338814e-05,False,0.14206369999737944,0.0,1,0
2025-08-23,False,2,1.0,10,0.9,0,calibrated_quantile,2025-07-26;2025-07-27;2025-08-02;2025-08-03;2025-08-09;2025-08-10;2025-08-16;2025-08-17,8,3103.6166248891245,2025-08-16;2025-08-02,2025-08-16;2025-08-02;2025-08-09;2025-07-26;2025-07-05;2025-07-19;2025-07-12;2025-08-10;2025-08-03;2025-08-17,,2025-08-22,9600.0,10800.0,10800.0,23.59269317129629,30.61230972952016,34.61375743438865,64.84417949710476,40774.81160567414,1013.2514533891214,17150.865983883425,23388.17621341277,4172.744086863196,27560.920300275968,23388.17621341277,23388.1761900246,40036.62757841693,1614.706619163153,lexicographic,2.33881761900246e-05,4.0036627538380304e-05,False,0.17498069999783183,0.0,1,0
2025-08-24,False,2,1.0,10,0.9,0,calibrated_quantile,2025-07-27;2025-08-02;2025-08-03;2025-08-09;2025-08-10;2025-08-16;2025-08-17;2025-08-23,8,3568.1876729681235,2025-08-10;2025-08-17,2025-08-10;2025-08-17;2025-08-03;2025-07-20;2025-07-27;2025-07-13;2025-07-06;2025-06-22;2025-06-29;2025-08-23,,2025-08-23,9600.0,10800.0,10800.0,29.063375752314812,36.44855033597245,40.758323803765215,71.3391934209913,72177.10688235001,1523.2340952388754,7920.866475881556,45429.61215079407,6388.375898175731,51817.9880489698,45429.61215079407,45429.61210536446,38871.81534910608,1646.4007916659798,lexicographic,4.5429612105364464e-05,3.887181531023426e-05,False,0.22403359999952954,0.0,1,0
2025-08-25,False,2,1.0,10,0.9,0,calibrated_quantile,2025-07-28;2025-07-29;2025-07-30;2025-07-31;2025-08-01;2025-08-04;2025-08-05;2025-08-06;2025-08-07;2025-08-08;2025-08-11;2025-08-12;2025-08-13;2025-08-14;2025-08-15;2025-08-18;2025-08-19;2025-08-20;2025-08-21;2025-08-22,20,4894.484314761909,2025-08-18;2025-08-11,2025-08-18;2025-08-11;2025-08-04;2025-07-14;2025-08-12;2025-07-28;2025-08-19;2025-08-05;2025-07-21;2025-07-15,,2025-08-24,9600.0,10800.0,10800.0,23.71297002314816,30.210807157915248,51.357079574268205,80.9360903775855,72408.56280420914,3963.8305804674274,3547.8163228976064,45779.05426561338,15210.374850506289,60989.42911611967,45779.05426561338,45779.054219834325,38978.31085713391,1617.6107989096358,lexicographic,4.577905421983433e-05,3.8978310818155595e-05,False,0.15028700000038953,0.0,1,0
2025-08-26,False,2,1.0,10,0.9,0,calibrated_quantile,2025-07-29;2025-07-30;2025-07-31;2025-08-01;2025-08-04;2025-08-05;2025-08-06;2025-08-07;2025-08-08;2025-08-11;2025-08-12;2025-08-13;2025-08-14;2025-08-15;2025-08-18;2025-08-19;2025-08-20;2025-08-21;2025-08-22;2025-08-25,20,4810.396176792274,2025-08-12;2025-07-22,2025-08-12;2025-07-22;2025-07-29;2025-07-15;2025-08-20;2025-08-05;2025-08-13;2025-07-08;2025-08-06;2025-07-28,,2025-08-25,9600.0,10800.0,10800.0,35.63637621527778,44.04937453026014,36.29807421091074,65.31995137958734,78072.44884906121,492.94895128367847,10868.200300299028,48856.19417958771,2001.0936907617158,50857.28787034942,48856.19417958771,48856.194130731514,41199.20321753835,1657.1655606877598,lexicographic,4.885619413073152e-05,4.1199203176339146e-05,False,0.23151900000084424,0.0,1,0
2025-08-27,False,2,1.0,10,0.9,0,calibrated_quantile,2025-07-30;2025-07-31;2025-08-01;2025-08-04;2025-08-05;2025-08-06;2025-08-07;2025-08-08;2025-08-11;2025-08-12;2025-08-13;2025-08-14;2025-08-15;2025-08-18;2025-08-19;2025-08-20;2025-08-21;2025-08-22;2025-08-25;2025-08-26,20,4270.9484494220005,2025-08-20;2025-08-06,2025-08-20;2025-08-06;2025-08-13;2025-08-12;2025-08-07;2025-07-23;2025-08-21;2025-08-19;2025-08-14;2025-08-26,,2025-08-26,9600.0,10800.0,10800.0,25.2170494212963,31.013481132153622,31.28996704732002,49.64126502449603,73375.34023272668,1243.6546560265147,4614.6363377515945,46345.012406010115,5662.734487755085,52007.7468937652,46345.012406010115,46345.012359665096,39713.984002364145,1640.6383333333342,lexicographic,4.63450123596651e-05,3.971398400236395e-05,False,0.17375759999777074,0.0,1,0
2025-08-28,False,2,1.0,10,0.9,0,calibrated_quantile,2025-07-31;2025-08-01;2025-08-04;2025-08-05;2025-08-06;2025-08-07;2025-08-08;2025-08-11;2025-08-12;2025-08-13;2025-08-14;2025-08-15;2025-08-18;2025-08-19;2025-08-20;2025-08-21;2025-08-22;2025-08-25;2025-08-26;2025-08-27,20,4449.192860503743,2025-08-21;2025-08-07,2025-08-21;2025-08-07;2025-07-31;2025-08-20;2025-08-27;2025-07-24;2025-08-13;2025-08-06;2025-08-14;2025-08-22,,2025-08-27,9600.0,10800.0,10800.0,31.508760648148154,38.67106451886882,35.274413623278946,73.50934828950689,74844.9630222157,3631.467969748256,5538.075457704738,47231.56663256199,14449.139846662867,61680.70647922486,47231.566632562,47231.56658533042,41240.6504675921,1653.4882969116045,lexicographic,4.7231566585330426e-05,4.1240650426351455e-05,False,0.16114520000337507,0.0,1,0
2025-08-29,False,2,1.0,10,0.9,0,calibrated_quantile,2025-08-01;2025-08-04;2025-08-05;2025-08-06;2025-08-07;2025-08-08;2025-08-11;2025-08-12;2025-08-13;2025-08-14;2025-08-15;2025-08-18;2025-08-19;2025-08-20;2025-08-21;2025-08-22;2025-08-25;2025-08-26;2025-08-27;2025-08-28,20,4403.850666481547,2025-08-22;2025-08-15,2025-08-22;2025-08-15;2025-07-25;2025-08-01;2025-08-08;2025-08-21;2025-07-18;2025-08-28;2025-08-07;2025-07-31,,2025-08-28,9600.0,10800.0,10800.0,27.613400115740735,33.41137017515402,29.139941696184994,45.561849088477096,41677.6993632513,843.5195508207801,17858.807642154658,24169.233859273736,3577.9284056656807,27747.162264939416,24169.233859273736,24169.233835104504,40036.62751643105,1459.9283075138121,lexicographic,2.4169233835104507e-05,4.0036627476394426e-05,False,0.1325552999987849,0.0,1,0
2025-08-30,False,2,1.0,10,0.9,0,calibrated_quantile,2025-08-02;2025-08-03;2025-08-09;2025-08-10;2025-08-16;2025-08-17;2025-08-23;2025-08-24,8,3546.8502873150114,2025-08-23;2025-08-16,2025-08-23;2025-08-16;2025-07-26;2025-08-02;2025-08-09;2025-07-19;2025-07-05;2025-07-12;2025-06-28;2025-08-24,,2025-08-29,9600.0,10800.0,10800.0,27.978586979166664,34.70718956209482,31.30636464399901,55.8088966035726,41102.4650538066,1336.0065143684244,21818.56081123517,23714.484837213327,5082.135958678496,28796.620795891824,23714.484837213327,23714.48481349885,40036.62754852405,1576.1058774944522,lexicographic,2.3714484813498853e-05,4.003662750848743e-05,False,0.14758609999989858,0.0,1,0
2025-08-31,False,2,1.0,10,0.9,0,calibrated_quantile,2025-08-03;2025-08-09;2025-08-10;2025-08-16;2025-08-17;2025-08-23;2025-08-24;2025-08-30,8,4346.868092121895,2025-08-17;2025-08-24,2025-08-17;2025-08-24;2025-08-03;2025-08-10;2025-07-20;2025-07-27;2025-07-13;2025-07-06;2025-06-22;2025-08-23,,2025-08-30,9600.0,10800.0,10800.0,27.935138888888886,35.560611147648686,31.543272760164225,51.59847608723217,71539.28523781511,2308.757863416925,5134.849759332086,45504.95226638077,8203.703298790268,53708.65556517104,45504.95226638077,45504.952221427164,39264.83491276588,1618.464366666667,lexicographic,4.5504952221427166e-05,3.926483487350104e-05,False,0.18193460000111372,0.0,1,0
2025-09-01,False,4,0.95,10,0.95,0,calibrated_quantile,2025-08-04;2025-08-05;2025-08-06;2025-08-07;2025-08-08;2025-08-11;2025-08-12;2025-08-13;2025-08-14;2025-08-15;2025-08-18;2025-08-19;2025-08-20;2025-08-21;2025-08-22;2025-08-25;2025-08-26;2025-08-27;2025-08-28;2025-08-29,20,4720.166216166563,2025-08-18;2025-07-28;2025-08-11;2025-08-25,2025-08-18;2025-07-28;2025-08-11;2025-08-25;2025-08-26;2025-08-04;2025-08-12;2025-07-21;2025-07-14;2025-07-22,,2025-08-31,9600.0,10800.0,10800.0,99.73375570713284,110.66912000627971,32.34907636391237,50.731430846655165,74392.13856782259,334.49198187960747,19032.384758343094,46995.79528741538,1081.3094088023424,48077.10469621772,46995.795287415385,46995.79524041959,40282.1139024899,1626.7701993948122,lexicographic,4.699579524041959e-05,4.028211386220778e-05,False,0.1632313999980397,0.0,1,0
2025-09-02,False,4,0.95,10,0.95,0,calibrated_quantile,2025-08-05;2025-08-06;2025-08-07;2025-08-08;2025-08-11;2025-08-12;2025-08-13;2025-08-14;2025-08-15;2025-08-18;2025-08-19;2025-08-20;2025-08-21;2025-08-22;2025-08-25;2025-08-26;2025-08-27;2025-08-28;2025-08-29;2025-09-01,20,4768.66182166657,2025-06-24;2025-07-01;2025-09-01;2025-08-26,2025-06-24;2025-07-01;2025-09-01;2025-08-26;2025-05-27;2025-06-17;2025-05-13;2025-06-03;2025-06-30;2025-08-12,,2025-09-01,9600.0,10800.0,10800.0,41.75366820905225,50.66660792160531,29.12450050361728,46.7278807033105,66349.5261832568,318.93133446230223,10610.585956464249,41361.479520645364,1446.2389192115274,42807.71843985689,41361.47952064537,41361.47947928388,38002.19851384245,1551.5834083955876,lexicographic,4.1361479479283886e-05,3.800219847584025e-05,False,0.14270659999965574,0.0,1,0
2025-09-03,False,4,0.95,10,0.95,0,calibrated_quantile,2025-08-06;2025-08-07;2025-08-08;2025-08-11;2025-08-12;2025-08-13;2025-08-14;2025-08-15;2025-08-18;2025-08-19;2025-08-20;2025-08-21;2025-08-22;2025-08-25;2025-08-26;2025-08-27;2025-08-28;2025-08-29;2025-09-01;2025-09-02,20,4922.197753314671,2025-09-02;2025-08-20;2025-08-27;2025-05-28,2025-09-02;2025-08-20;2025-08-27;2025-05-28;2025-08-28;2025-08-06;2025-05-29;2025-05-21;2025-08-26;2025-05-22,,2025-09-02,9600.0,10800.0,10800.0,51.72503276414804,60.15885124146209,33.02382432407163,53.82659956853071,69281.86540553549,61.59880887193697,11655.127931979892,43261.729114798996,234.77193914332358,43496.50105394232,43261.72911479899,43261.729071537266,40671.76161612332,1537.7265475464715,lexicographic,4.326172907153727e-05,4.067176157545157e-05,False,0.13010679999933927,0.0,1,0
2025-09-04,False,4,0.95,10,0.95,0,calibrated_quantile,2025-08-07;2025-08-08;2025-08-11;2025-08-12;2025-08-13;2025-08-14;2025-08-15;2025-08-18;2025-08-19;2025-08-20;2025-08-21;2025-08-22;2025-08-25;2025-08-26;2025-08-27;2025-08-28;2025-08-29;2025-09-01;2025-09-02;2025-09-03,20,4744.872720671927,2025-09-03;2025-08-28;2025-09-02;2025-05-29,2025-09-03;2025-08-28;2025-09-02;2025-05-29;2025-08-27;2025-08-20;2025-08-21;2025-05-22;2025-08-29;2025-06-27,,2025-09-03,9600.0,10800.0,10800.0,32.97419872054266,42.09040130297396,35.28539725680654,66.63159639459987,65906.70855699677,297.4074119727504,10155.174135687606,40836.34894272868,1219.1927263486,42055.541669077276,40836.34894272868,40836.348901892336,40344.14938235632,1530.9449752676885,lexicographic,4.0836348901892336e-05,4.0344149342012164e-05,False,0.16000370000256225,0.0,1,0
2025-09-05,False,4,0.95,10,0.95,0,calibrated_quantile,2025-08-08;2025-08-11;2025-08-12;2025-08-13;2025-08-14;2025-08-15;2025-08-18;2025-08-19;2025-08-20;2025-08-21;2025-08-22;2025-08-25;2025-08-26;2025-08-27;2025-08-28;2025-08-29;2025-09-01;2025-09-02;2025-09-03;2025-09-04,20,4707.281263845494,2025-09-04;2025-09-03;2025-05-30;2025-06-27,2025-09-04;2025-09-03;2025-05-30;2025-06-27;2025-08-29;2025-09-02;2025-08-28;2025-05-23;2025-05-16;2025-08-22,,2025-09-04,9600.0,10800.0,10800.0,314.84842268809814,344.86717240129036,24.403719632612667,44.78999184436145,60771.74992824234,0.0,51900.06743729225,37634.48479073771,0.0,37634.48479073771,37634.48479073771,37634.48475310323,38900.99566138524,1496.0096007137483,lexicographic,3.763448475310323e-05,3.8900995622484254e-05,False,0.20188889999917592,0.0,1,0
2025-09-06,False,4,0.95,10,0.95,0,calibrated_quantile,2025-08-09;2025-08-10;2025-08-16;2025-08-17;2025-08-23;2025-08-24;2025-08-30;2025-08-31,8,5780.435727928592,2025-06-28;2025-08-30;2025-05-31;2025-05-24,2025-06-28;2025-08-30;2025-05-31;2025-05-24;2025-05-17;2025-05-10;2025-06-21;2025-08-16;2025-04-26;2025-08-09,,2025-09-05,9600.0,10800.0,10800.0,92.33640659687019,105.74214842021703,51.24893348214539,82.39048579965298,40798.284716141876,282.90598952769244,31252.916082671174,23530.244997715105,1178.123771915486,24708.36876963059,23530.2449977151,23530.244974184854,40036.627536969565,1585.1181633168617,lexicographic,2.3530244974184855e-05,4.003662749693294e-05,False,0.15285109999967972,0.0,1,0
2025-09-07,False,4,0.95,10,0.95,0,calibrated_quantile,2025-08-10;2025-08-16;2025-08-17;2025-08-23;2025-08-24;2025-08-30;2025-08-31;2025-09-06,8,6532.31946093314,2025-06-29;2025-08-24;2025-06-22;2025-06-01,2025-06-29;2025-08-24;2025-06-22;2025-06-01;2025-08-17;2025-08-31;2025-05-25;2025-08-10;2025-09-06;2025-05-04,,2025-09-06,9600.0,10800.0,10800.0,95.58279311833431,109.04376369068525,24.849684585378004,48.908749503921506,74006.57842882574,412.01026630703984,17318.9782441941,46783.41771665847,1334.8926099100092,48118.31032656848,46783.41771665846,46783.417669875045,40633.90985116815,1625.3316047638796,lexicographic,4.678341766987505e-05,4.063390981053424e-05,False,0.20301180000024033,0.0,1,0
2025-09-08,False,4,0.95,10,0.95,0,calibrated_quantile,2025-08-11;2025-08-12;2025-08-13;2025-08-14;2025-08-15;2025-08-18;2025-08-19;2025-08-20;2025-08-21;2025-08-22;2025-08-25;2025-08-26;2025-08-27;2025-08-28;2025-08-29;2025-09-01;2025-09-02;2025-09-03;2025-09-04;2025-09-05,20,4601.295565327071,2025-09-02;2025-09-01;2025-06-30;2025-08-25,2025-09-02;2025-09-01;2025-06-30;2025-08-25;2025-06-23;2025-08-18;2025-08-26;2025-05-26;2025-08-11;2025-09-03,,2025-09-07,9600.0,10800.0,10800.0,29.256305193922728,36.05077835108592,38.13939490123509,66.55751026045378,64015.2487428365,1889.6313012041087,4452.632343266514,39780.83318822122,8037.742508528092,47818.575696749314,39780.833188221215,39780.833148440375,39076.88518137446,1504.7571284868106,lexicographic,3.9780833148440377e-05,3.907688514229758e-05,False,0.166536199998518,1.8290108673776438e-16,1,0
2025-09-09,False,4,0.95,10,0.95,0,calibrated_quantile,2025-08-12;2025-08-13;2025-08-14;2025-08-15;2025-08-18;2025-08-19;2025-08-20;2025-08-21;2025-08-22;2025-08-25;2025-08-26;2025-08-27;2025-08-28;2025-08-29;2025-09-01;2025-09-02;2025-09-03;2025-09-04;2025-09-05;2025-09-08,20,4981.609306000534,2025-09-02;2025-09-03;2025-09-08;2025-09-04,2025-09-02;2025-09-03;2025-09-08;2025-09-04;2025-08-26;2025-09-01;2025-07-01;2025-06-24;2025-09-05;2025-06-03,,2025-09-08,9600.0,10800.0,10800.0,18.925299163642517,23.78299333828123,31.68496906583933,55.89048183741991,62001.51994498332,535.6298631275987,7383.834680106418,38359.38871104743,2145.31651820396,40504.70522925139,38359.38871104743,38359.38867268803,38959.13636541888,1476.2382191185357,lexicographic,3.835938867268803e-05,3.895913632645975e-05,False,0.1735594999991008,0.0,1,0
2025-09-10,False,4,0.95,10,0.95,0,calibrated_quantile,2025-08-13;2025-08-14;2025-08-15;2025-08-18;2025-08-19;2025-08-20;2025-08-21;2025-08-22;2025-08-25;2025-08-26;2025-08-27;2025-08-28;2025-08-29;2025-09-01;2025-09-02;2025-09-03;2025-09-04;2025-09-05;2025-09-08;2025-09-09,20,4789.114575585319,2025-09-03;2025-09-04;2025-09-09;2025-09-02,2025-09-03;2025-09-04;2025-09-09;2025-09-02;2025-09-05;2025-08-27;2025-08-20;2025-05-28;2025-08-28;2025-08-06,,2025-09-09,9600.0,10800.0,10800.0,20.324337113006248,26.091797634484156,47.29352775355856,82.44773408692214,61350.41972172845,4414.007734816383,2375.7285981367345,38041.39992479079,18866.59091720671,56907.9908419975,38041.39992479079,38041.39988674939,39381.30395975396,1473.2813014876342,lexicographic,3.804139988674939e-05,3.938130392037265e-05,False,0.1599583999995957,0.0,1,0
2025-09-11,False,4,0.95,10,0.95,0,calibrated_quantile,2025-08-14;2025-08-15;2025-08-18;2025-08-19;2025-08-20;2025-08-21;2025-08-22;2025-08-25;2025-08-26;2025-08-27;2025-08-28;2025-08-29;2025-09-01;2025-09-02;2025-09-03;2025-09-04;2025-09-05;2025-09-08;2025-09-09;2025-09-10,20,5460.403749573037,2025-09-04;2025-09-03;2025-09-05;2025-09-10,2025-09-04;2025-09-03;2025-09-05;2025-09-10;2025-09-09;2025-09-02;2025-08-28;2025-05-29;2025-06-27;2025-05-22,,2025-09-10,9600.0,10800.0,10800.0,75.87631043860405,86.44590732309952,26.345794654251147,51.13891940514524,52301.570019999956,5314.863873714558,2012.4196399018974,32087.326464654783,23858.382976698595,55945.70944135338,32087.326464654783,32087.32643256744,40050.64093910641,1443.4204980893342,lexicographic,3.208732643256744e-05,4.005064089905577e-05,False,0.231622300001618,0.0,1,0
2025-09-12,False,4,0.95,10,0.95,0,calibrated_quantile,2025-08-15;2025-08-18;2025-08-19;2025-08-20;2025-08-21;2025-08-22;2025-08-25;2025-08-26;2025-08-27;2025-08-28;2025-08-29;2025-09-01;2025-09-02;2025-09-03;2025-09-04;2025-09-05;2025-09-08;2025-09-09;2025-09-10;2025-09-11,20,6251.887942443189,2025-09-05;2025-09-04;2025-09-11;2025-09-10,2025-09-05;2025-09-04;2025-09-11;2025-09-10;2025-09-03;2025-08-29;2025-08-28;2025-05-30;2025-08-22;2025-09-09,,2025-09-11,9600.0,10800.0,10800.0,245.57315555727408,270.83354284479736,22.17593141701765,36.874327774284914,53597.13518457105,0.0,39937.58476198692,32987.380887880434,0.0,32987.380887880434,32987.380887880434,32987.380854893054,40049.99022909855,1433.4086363444978,lexicographic,3.2987380854893054e-05,4.004999018904855e-05,False,0.17365689999860479,0.0,1,0
2025-09-13,False,4,0.95,10,0.95,0,calibrated_quantile,2025-08-16;2025-08-17;2025-08-23;2025-08-24;2025-08-30;2025-08-31;2025-09-06;2025-09-07,8,6334.86679390839,2025-09-06;2025-06-28;2025-08-30;2025-05-24,2025-09-06;2025-06-28;2025-08-30;2025-05-24;2025-05-31;2025-06-21;2025-05-10;2025-05-17;2025-09-07;2025-06-14,,2025-09-12,9600.0,10800.0,10800.0,45.26454554378564,54.20101170342242,37.89455296271309,60.90014462110919,36348.659752884334,329.82228146598914,26564.18961162164,20173.78144252614,1462.3754326527046,21636.156875178844,20173.781442526142,20173.781422352364,40036.62784851154,1509.5624385176543,lexicographic,2.0173781422352364e-05,4.003662780847492e-05,False,0.1265148999991652,0.0,1,0
2025-09-14,False,4,0.95,10,0.95,0,calibrated_quantile,2025-08-17;2025-08-23;2025-08-24;2025-08-30;2025-08-31;2025-09-06;2025-09-07;2025-09-13,8,6082.813594900138,2025-09-07;2025-06-29;2025-05-25;2025-06-01,2025-09-07;2025-06-29;2025-05-25;2025-06-01;2025-06-22;2025-08-24;2025-09-06;2025-04-27;2025-08-17;2025-08-31,,2025-09-13,9600.0,10800.0,10800.0,26.255762417131123,32.92697965274331,46.77986176498015,71.73726184490452,61296.18585476367,3416.6195443008155,2500.3852718266817,37538.203517960836,13396.909087197084,50935.11260515792,37538.203517960836,37538.203480422635,40148.81216751817,1477.585268934672,lexicographic,3.7538203480422635e-05,4.0148812127369364e-05,False,0.18608379999932367,0.0,1,0
2025-09-15,False,4,0.95,10,0.95,0,calibrated_quantile,2025-08-18;2025-08-19;2025-08-20;2025-08-21;2025-08-22;2025-08-25;2025-08-26;2025-08-27;2025-08-28;2025-08-29;2025-09-01;2025-09-02;2025-09-03;2025-09-04;2025-09-05;2025-09-08;2025-09-09;2025-09-10;2025-09-11;2025-09-12,20,6143.683561316384,2025-09-08;2025-09-09;2025-09-02;2025-09-01,2025-09-08;2025-09-09;2025-09-02;2025-09-01;2025-06-30;2025-06-23;2025-05-19;2025-05-26;2025-05-12;2025-09-03,,2025-09-14,9600.0,10800.0,10800.0,21.441871397522327,26.711871912130295,38.00533659015071,66.07675996452033,63592.88726933081,893.1111707710168,7300.353592283017,39308.27108094059,3627.438551310547,42935.709632251135,39308.27108094058,39308.27104163231,40253.67007522407,1473.116945858336,lexicographic,3.930827104163231e-05,4.0253670034970414e-05,False,0.1337125999998534,0.0,1,0
2025-09-16,False,4,0.95,10,0.95,0,calibrated_quantile,2025-08-19;2025-08-20;2025-08-21;2025-08-22;2025-08-25;2025-08-26;2025-08-27;2025-08-28;2025-08-29;2025-09-01;2025-09-02;2025-09-03;2025-09-04;2025-09-05;2025-09-08;2025-09-09;2025-09-10;2025-09-11;2025-09-12;2025-09-15,20,6220.283455576135,2025-09-09;2025-09-02;2025-09-10;2025-09-03,2025-09-09;2025-09-02;2025-09-10;2025-09-03;2025-09-08;2025-09-15;2025-09-04;2025-09-11;2025-09-01;2025-09-12,,2025-09-15,9600.0,10800.0,10800.0,20.704490129957144,25.270922380355838,23.67325754286746,43.53344311951698,64343.81975983907,1615.0925966770842,4325.217956664546,39864.703674553224,4458.82548602391,44323.529160577134,39864.703674553224,39864.703634688514,40696.56391384729,1481.1109674455854,lexicographic,3.9864703634688516e-05,4.0696563873150745e-05,False,0.12965599999733968,0.0,1,0
2025-09-17,False,4,0.95,10,0.95,0,calibrated_quantile,2025-08-20;2025-08-21;2025-08-22;2025-08-25;2025-08-26;2025-08-27;2025-08-28;2025-08-29;2025-09-01;2025-09-02;2025-09-03;2025-09-04;2025-09-05;2025-09-08;2025-09-09;2025-09-10;2025-09-11;2025-09-12;2025-09-15;2025-09-16,20,6513.397440805618,2025-09-03;2025-09-11;2025-09-04;2025-09-10,2025-09-03;2025-09-11;2025-09-04;2025-09-10;2025-09-09;2025-09-02;2025-09-16;2025-09-05;2025-09-12;2025-08-20,,2025-09-16,9600.0,10800.0,10800.0,18.380776131523913,24.0248166864465,32.06298006176808,56.53601974179706,64537.86467648554,1478.895117527469,3928.9218722954965,39839.67978404989,6076.68796121608,45916.36774526597,39839.67978404989,39839.67974421023,40426.67091263279,1470.8569227886867,lexicographic,3.9839679744210235e-05,4.0426670872206124e-05,False,0.12412060000133351,0.0,1,0
2025-09-18,False,4,0.95,10,0.95,0,calibrated_quantile,2025-08-21;2025-08-22;2025-08-25;2025-08-26;2025-08-27;2025-08-28;2025-08-29;2025-09-01;2025-09-02;2025-09-03;2025-09-04;2025-09-05;2025-09-08;2025-09-09;2025-09-10;2025-09-11;2025-09-12;2025-09-15;2025-09-16;2025-09-17,20,6458.838319263981,2025-09-11;2025-09-04;2025-09-17;2025-09-03,2025-09-11;2025-09-04;2025-09-17;2025-09-03;2025-09-10;2025-09-05;2025-09-12;2025-09-09;2025-09-16;2025-09-02,,2025-09-17,9600.0,10800.0,10800.0,18.585612393539662,25.28579818689599,25.07668736797912,44.02172333935986,64965.862044951806,790.924233533451,4674.744928316844,40052.165764622216,3640.7201012263004,43692.88586584852,40052.165764622216,40052.16572457003,40393.81443653328,1477.0499642075893,lexicographic,4.0052165724570035e-05,4.0393814396139465e-05,False,0.12800479999714298,0.0,1,0
2025-09-19,False,4,0.95,10,0.95,0,calibrated_quantile,2025-08-22;2025-08-25;2025-08-26;2025-08-27;2025-08-28;2025-08-29;2025-09-01;2025-09-02;2025-09-03;2025-09-04;2025-09-05;2025-09-08;2025-09-09;2025-09-10;2025-09-11;2025-09-12;2025-09-15;2025-09-16;2025-09-17;2025-09-18,20,6666.002455294934,2025-09-05;2025-09-12;2025-09-18;2025-09-04,2025-09-05;2025-09-12;2025-09-18;2025-09-04;2025-09-11;2025-09-03;2025-09-17;2025-09-10;2025-05-30;2025-06-27,,2025-09-18,9600.0,10800.0,10800.0,172.72812661734133,190.60645034923692,32.464033373660584,53.1798800154428,47410.53662462199,0.0,29201.993395611542,28537.333257965605,0.0,28537.333257965605,28537.333257965605,28537.33322942827,40036.62733453188,1402.3046223922875,lexicographic,2.853733322942827e-05,4.003662729449525e-05,False,0.20091410000168253,0.0,1,0
2025-09-20,False,4,0.95,10,0.95,0,calibrated_quantile,2025-08-23;2025-08-24;2025-08-30;2025-08-31;2025-09-06;2025-09-07;2025-09-13;2025-09-14,8,7702.5329468935515,2025-09-13;2025-09-06;2025-06-28;2025-06-21,2025-09-13;2025-09-06;2025-06-28;2025-06-21;2025-06-14;2025-08-30;2025-05-24;2025-05-10;2025-05-03;2025-05-31,,2025-09-19,9600.0,10800.0,10800.0,22.262173166922942,28.659174413835995,57.676141170596935,87.36058527783148,32915.652728911475,1665.973813649449,16829.00185737946,17624.704441348287,7034.093547739059,24658.797989087347,17624.704441348284,17624.704423723582,40036.62808511447,1432.5972141401126,lexicographic,1.7624704423723582e-05,4.0036628045077845e-05,False,0.14011889999892446,0.0,1,0
2025-09-21,False,4,0.95,10,0.95,0,calibrated_quantile,2025-08-24;2025-08-30;2025-08-31;2025-09-06;2025-09-07;2025-09-13;2025-09-14;2025-09-20,8,8895.204119634152,2025-09-07;2025-09-14;2025-06-29;2025-06-22,2025-09-07;2025-09-14;2025-06-29;2025-06-22;2025-06-01;2025-08-24;2025-05-25;2025-05-18;2025-05-11;2025-09-13,,2025-09-20,9600.0,10800.0,10800.0,19.57027732869915,24.22284350389192,29.779802334455503,54.71702922283454,67046.36591714466,1027.829839228037,7596.085873312091,41431.09638030859,2908.8060325930396,44339.90241290163,41431.09638030859,41431.09633887749,41621.82559481834,1500.6904184285409,lexicographic,4.143109633887749e-05,4.162182555319653e-05,False,0.10304879999966943,0.0,1,0
2025-09-22,False,4,0.95,10,0.95,0,calibrated_quantile,2025-08-25;2025-08-26;2025-08-27;2025-08-28;2025-08-29;2025-09-01;2025-09-02;2025-09-03;2025-09-04;2025-09-05;2025-09-08;2025-09-09;2025-09-10;2025-09-11;2025-09-12;2025-09-15;2025-09-16;2025-09-17;2025-09-18;2025-09-19,20,6194.4726431313475,2025-09-15;2025-09-08;2025-09-09;2025-09-02,2025-09-15;2025-09-08;2025-09-09;2025-09-02;2025-09-16;2025-09-01;2025-06-30;2025-09-17;2025-05-19;2025-05-12,,2025-09-21,9600.0,10800.0,10800.0,21.47072002681462,26.4204273875073,26.52501187555255,42.243293713433715,65178.922645290826,1263.3986027972933,3688.8813573056404,40243.660537696385,4370.85442386705,44614.51496156344,40243.66053769639,40243.66049745273,40648.98014153379,1475.1231738668605,lexicographic,4.024366049745273e-05,4.064898014153379e-05,False,0.12170489999698475,0.0,1,0
2025-09-23,False,4,0.95,10,0.95,0,calibrated_quantile,2025-08-26;2025-08-27;2025-08-28;2025-08-29;2025-09-01;2025-09-02;2025-09-03;2025-09-04;2025-09-05;2025-09-08;2025-09-09;2025-09-10;2025-09-11;2025-09-12;2025-09-15;2025-09-16;2025-09-17;2025-09-18;2025-09-19;2025-09-22,20,5905.404179773026,2025-09-09;2025-09-02;2025-09-16;2025-09-17,2025-09-09;2025-09-02;2025-09-16;2025-09-17;2025-09-22;2025-09-15;2025-09-08;2025-09-03;2025-09-10;2025-09-11,,2025-09-22,9600.0,10800.0,10800.0,19.876809568240983,26.636109869147532,30.97500323337434,52.4829069048281,65883.31847292736,1424.1777396399093,3055.955185970145,40724.60322767435,6121.52512218865,46846.128349863,40724.60322767435,40724.603186949746,40563.583422012154,1484.6259450555442,lexicographic,4.072460318694975e-05,4.056358338144857e-05,False,0.1239674999997078,0.0,1,0
2025-09-24,False,4,0.95,10,0.95,0,calibrated_quantile,2025-08-27;2025-08-28;2025-08-29;2025-09-01;2025-09-02;2025-09-03;2025-09-04;2025-09-05;2025-09-08;2025-09-09;2025-09-10;2025-09-11;2025-09-12;2025-09-15;2025-09-16;2025-09-17;2025-09-18;2025-09-19;2025-09-22;2025-09-23,20,6356.114568615351,2025-09-17;2025-09-03;2025-09-11;2025-09-18,2025-09-17;2025-09-03;2025-09-11;2025-09-18;2025-09-23;2025-09-10;2025-09-04;2025-09-09;2025-09-02;2025-09-16,,2025-09-23,9600.0,10800.0,10800.0,20.484818086707744,25.65347709869738,28.58392869551292,48.2696540144595,66345.3882060463,1344.4872619306984,4471.892149942701,41075.78686931062,3812.7435843788253,44888.53045368945,41075.78686931062,41075.78682823483,40940.40614265173,1463.3164094423119,lexicographic,4.107578682823483e-05,4.0940406142651734e-05,False,0.12542479999683565,1.771349540937351e-16,1,0
2025-09-25,False,4,0.95,10,0.95,0,calibrated_quantile,2025-08-28;2025-08-29;2025-09-01;2025-09-02;2025-09-03;2025-09-04;2025-09-05;2025-09-08;2025-09-09;2025-09-10;2025-09-11;2025-09-12;2025-09-15;2025-09-16;2025-09-17;2025-09-18;2025-09-19;2025-09-22;2025-09-23;2025-09-24,20,6536.010165575328,2025-09-11;2025-09-18;2025-09-04;2025-09-24,2025-09-11;2025-09-18;2025-09-04;2025-09-24;2025-09-17;2025-09-19;2025-09-03;2025-09-05;2025-09-10;2025-09-12,,2025-09-24,9600.0,10800.0,10800.0,22.163333688517138,29.624278249819685,22.5230800667236,35.834217728223194,67061.38507653671,836.6014396050882,5372.924984883468,41447.70558784344,3264.202347847182,44711.90793569062,41447.70558784345,41447.705546395715,41602.63999390826,1463.0421822758476,lexicographic,4.144770554639572e-05,4.1602639993908264e-05,False,0.1481112999972538,0.0,1,0
2025-09-26,False,4,0.95,10,0.95,0,calibrated_quantile,2025-08-29;2025-09-01;2025-09-02;2025-09-03;2025-09-04;2025-09-05;2025-09-08;2025-09-09;2025-09-10;2025-09-11;2025-09-12;2025-09-15;2025-09-16;2025-09-17;2025-09-18;2025-09-19;2025-09-22;2025-09-23;2025-09-24;2025-09-25,20,6407.685298370736,2025-09-19;2025-09-05;2025-09-25;2025-09-11,2025-09-19;2025-09-05;2025-09-25;2025-09-11;2025-09-12;2025-09-18;2025-09-04;2025-09-24;2025-09-17;2025-09-03,,2025-09-25,9600.0,10800.0,10800.0,188.8462283346422,206.37566981510346,40.86019224573004,68.57580922617764,49384.01086710948,0.0,29582.576452404246,29664.616115720302,0.0,29664.616115720302,29664.616115720302,29664.616086055692,40036.627379399404,1400.3321769054805,lexicographic,2.9664616086055692e-05,4.003662733936278e-05,False,0.17632910000247648,1.2263697586842528e-16,1,0
2025-09-27,False,4,0.95,10,0.95,0,calibrated_quantile,2025-08-30;2025-08-31;2025-09-06;2025-09-07;2025-09-13;2025-09-14;2025-09-20;2025-09-21,8,9121.098379525833,2025-09-20;2025-09-13;2025-09-06;2025-06-28,2025-09-20;2025-09-13;2025-09-06;2025-06-28;2025-06-21;2025-06-14;2025-09-21;2025-05-03;2025-05-10;2025-05-24,,2025-09-26,9600.0,10800.0,10800.0,23.894584824021152,29.223443362862866,45.63491720530384,78.11667492999923,34451.53184169361,2122.84674849743,16665.88539223557,18745.49739851231,7886.545158009526,26632.042556521836,18745.497398512314,18745.497379766814,40036.62801115397,1435.4842674972206,lexicographic,1.8745497379766816e-05,4.003662797111734e-05,False,0.10274310000022524,0.0,1,0
2025-09-28,False,4,0.95,10,0.95,0,calibrated_quantile,2025-08-31;2025-09-06;2025-09-07;2025-09-13;2025-09-14;2025-09-20;2025-09-21;2025-09-27,8,9864.727974051251,2025-09-21;2025-09-07;2025-09-14;2025-06-29,2025-09-21;2025-09-07;2025-09-14;2025-06-29;2025-06-22;2025-06-01;2025-05-18;2025-05-11;2025-09-20;2025-08-24,,2025-09-27,9600.0,10800.0,10800.0,19.935925801147068,25.04107788398996,38.99369692107533,60.02023063287655,70585.58888488737,556.5188793402017,5413.767918876134,43615.340162415494,2159.701027657471,45775.04119007297,43615.340162415494,43615.34011880015,42573.50289501097,1470.2781322889782,lexicographic,4.361534011880016e-05,4.257350285243747e-05,False,0.1232732999997097,0.0,1,0
2025-09-29,False,4,0.95,10,0.95,0,calibrated_quantile,2025-09-01;2025-09-02;2025-09-03;2025-09-04;2025-09-05;2025-09-08;2025-09-09;2025-09-10;2025-09-11;2025-09-12;2025-09-15;2025-09-16;2025-09-17;2025-09-18;2025-09-19;2025-09-22;2025-09-23;2025-09-24;2025-09-25;2025-09-26,20,6126.840845002339,2025-09-15;2025-09-22;2025-09-08;2025-09-23,2025-09-15;2025-09-22;2025-09-08;2025-09-23;2025-09-09;2025-09-02;2025-09-16;2025-09-01;2025-06-30;2025-06-23,,2025-09-28,9600.0,10800.0,10800.0,20.47701532553365,25.88079785349683,34.286757697234265,53.91479928761641,66402.50495000824,1539.0668336520753,3038.490260364908,41130.041324130594,6159.092070333373,47289.13339446397,41130.041324130594,41130.04128300055,40720.608542612725,1468.191215677913,lexicographic,4.113004128300055e-05,4.072060850189213e-05,False,0.12064270000337274,0.0,1,0
2025-09-30,False,4,0.95,10,0.95,0,calibrated_quantile,2025-09-02;2025-09-03;2025-09-04;2025-09-05;2025-09-08;2025-09-09;2025-09-10;2025-09-11;2025-09-12;2025-09-15;2025-09-16;2025-09-17;2025-09-18;2025-09-19;2025-09-22;2025-09-23;2025-09-24;2025-09-25;2025-09-26;2025-09-29,20,6688.222700398482,2025-09-23;2025-09-09;2025-09-02;2025-09-16,2025-09-23;2025-09-09;2025-09-02;2025-09-16;2025-09-24;2025-09-17;2025-09-22;2025-09-15;2025-09-29;2025-09-03,,2025-09-29,9600.0,10800.0,10800.0,19.49089663727524,23.857788418709763,44.408566361385205,68.06128400733844,68733.00331041003,1740.514681060631,2827.475380917223,42726.4888265308,7706.4563783708745,50432.945204901676,42726.4888265308,42726.4887838043,42253.48903384863,1479.5405598769403,lexicographic,4.27264887838043e-05,4.2253488991595144e-05,False,0.11972919999971054,1.7029149413610171e-16,1,0
2025-10-01,False,2,1.0,10,0.8,0,calibrated_quantile,2025-09-03;2025-09-04;2025-09-05;2025-09-08;2025-09-09;2025-09-10;2025-09-11;2025-09-12;2025-09-15;2025-09-16;2025-09-17;2025-09-18;2025-09-19;2025-09-22;2025-09-23;2025-09-24;2025-09-25;2025-09-26;2025-09-29;2025-09-30,20,7275.54120976973,2025-09-24;2025-09-17,2025-09-24;2025-09-17;2025-09-18;2025-09-25;2025-09-03;2025-09-11;2025-09-30;2025-09-10;2025-09-23;2025-09-09,,2025-09-30,9600.0,10800.0,10800.0,33.702646585648154,45.441582227838396,68.8286452822248,123.03389374733932,72681.71613186628,65.97962294333882,20828.959088405325,45268.92159964691,143.19670705337825,45412.118306700286,45268.92159964691,45268.92155437799,42887.08752834839,1500.228240036555,lexicographic,4.526892155437799e-05,4.2887087485461303e-05,False,0.20095650000075693,0.0,1,0
2025-10-02,False,2,1.0,10,0.8,0,calibrated_quantile,2025-09-04;2025-09-05;2025-09-08;2025-09-09;2025-09-10;2025-09-11;2025-09-12;2025-09-15;2025-09-16;2025-09-17;2025-09-18;2025-09-19;2025-09-22;2025-09-23;2025-09-24;2025-09-25;2025-09-26;2025-09-29;2025-09-30;2025-10-01,20,7285.7720938535,2025-09-04;2025-09-18,2025-09-04;2025-09-18;2025-09-10;2025-09-12;2025-09-25;2025-09-03;2025-09-11;2025-09-19;2025-09-05;2025-10-01,,2025-10-01,9600.0,10800.0,10800.0,35.93666585648148,50.18592588826592,26.563620285830943,48.05955198245525,64884.14110490228,259.186984749104,11247.974801162312,40920.8035420015,818.0616566754267,41738.865198676926,40920.8035420015,40920.803501080714,41126.833264625704,1491.8610670529638,lexicographic,4.0920803501080715e-05,4.112683322349887e-05,False,0.1641897000008612,0.0,1,0
2025-10-03,False,2,1.0,10,0.8,0,calibrated_quantile,2025-09-05;2025-09-08;2025-09-09;2025-09-10;2025-09-11;2025-09-12;2025-09-15;2025-09-16;2025-09-17;2025-09-18;2025-09-19;2025-09-22;2025-09-23;2025-09-24;2025-09-25;2025-09-26;2025-09-29;2025-09-30;2025-10-01;2025-10-02,20,7328.887246330669,2025-09-19;2025-09-12,2025-09-19;2025-09-12;2025-09-05;2025-09-26;2025-10-02;2025-09-18;2025-09-04;2025-09-25;2025-09-11;2025-09-10,,2025-10-02,9600.0,10800.0,10800.0,36.02041452546296,48.86479611176224,18.403921933176832,35.6785441398805,35059.864312104815,142.80006749741295,25278.319732098047,19083.70615788338,667.2945068289621,19751.00066471234,19083.70615788338,19083.706138799673,40036.628002579506,1324.468878751773,lexicographic,1.9083706138799675e-05,4.003662796254288e-05,False,0.1012537999995402,0.0,1,0
2025-10-04,False,2,1.0,10,0.8,0,calibrated_quantile,2025-09-06;2025-09-07;2025-09-13;2025-09-14;2025-09-20;2025-09-21;2025-09-27;2025-09-28,8,10152.934603679969,2025-09-13;2025-09-06,2025-09-13;2025-09-06;2025-09-20;2025-09-27;2025-05-31;2025-05-24;2025-05-17;2025-09-21;2025-06-28;2025-09-14,,2025-10-03,9581.451513782235,10800.0,10781.451513782235,34.69511174768518,46.18900694897306,24.176980177415366,42.69260971752791,35835.688358440835,61.021685247268124,20713.088487201025,19748.484323526973,186.5419168437568,19935.02624037073,19748.484323526976,19748.484303778492,40017.076121499485,1445.9464326092702,lexicographic,1.9748484303778492e-05,4.001707608148241e-05,False,0.15626079999856302,1.8421559604934622e-16,1,0
2025-10-05,False,2,1.0,10,0.8,0,calibrated_quantile,2025-09-07;2025-09-13;2025-09-14;2025-09-20;2025-09-21;2025-09-27;2025-09-28;2025-10-04,8,9464.636492942485,2025-09-21;2025-09-28,2025-09-21;2025-09-28;2025-09-07;2025-09-14;2025-06-29;2025-06-01;2025-06-22;2025-05-11;2025-05-18;2025-04-06,,2025-10-04,9552.339357719542,10781.451513782235,10752.339357719542,34.076346643518505,44.59377319843678,38.00744220980809,68.93670971994106,74293.6959835575,189.83647030523593,17487.809837092005,45933.80847708938,410.91807864735983,46344.726555736735,45933.80847708938,45933.80843115558,43487.833776515705,1464.522627882465,lexicographic,4.5933808431155585e-05,4.348783377651571e-05,False,0.15540039999905275,3.1680184433600557e-16,1,0
2025-10-06,False,2,1.0,10,0.8,0,calibrated_quantile,2025-09-08;2025-09-09;2025-09-10;2025-09-11;2025-09-12;2025-09-15;2025-09-16;2025-09-17;2025-09-18;2025-09-19;2025-09-22;2025-09-23;2025-09-24;2025-09-25;2025-09-26;2025-09-29;2025-09-30;2025-10-01;2025-10-02;2025-10-03,20,7425.900866648457,2025-09-22;2025-09-15,2025-09-22;2025-09-15;2025-09-08;2025-09-29;2025-09-30;2025-09-09;2025-09-16;2025-09-23;2025-09-02;2025-09-01,,2025-10-05,9523.22720165685,10752.339357719542,10723.22720165685,33.31538848379629,42.62830265394474,25.649587796870545,45.82056881556213,73052.25009627153,109.62677106718172,13207.469712230673,45600.16827095819,238.6181477348335,45838.786418693024,45600.168270958195,45600.16822535802,42757.02452159104,1485.5935533788997,lexicographic,4.5600168225358025e-05,4.275702447883403e-05,False,0.1313205000005837,0.0,1,0
2025-10-07,False,2,1.0,10,0.8,0,calibrated_quantile,2025-09-09;2025-09-10;2025-09-11;2025-09-12;2025-09-15;2025-09-16;2025-09-17;2025-09-18;2025-09-19;2025-09-22;2025-09-23;2025-09-24;2025-09-25;2025-09-26;2025-09-29;2025-09-30;2025-10-01;2025-10-02;2025-10-03;2025-10-06,20,7123.686216864769,2025-09-30;2025-09-23,2025-09-30;2025-09-23;2025-09-09;2025-09-02;2025-09-16;2025-09-24;2025-10-01;2025-10-06;2025-09-17;2025-09-22,,2025-10-06,9494.11504559416,10723.22720165685,10694.11504559416,34.4854789351852,47.16996464479839,17.12442346345712,30.625558529812558,69525.73921163815,103.72684146277504,9668.847687137948,43558.465165145666,228.54449989982973,43787.009665045494,43558.465165145666,43558.46512158721,42144.41627783498,1476.4558230521607,lexicographic,4.355846512158721e-05,4.2144416235690576e-05,False,0.12431529999958002,0.0,1,0
2025-10-08,False,2,1.0,10,0.8,0,calibrated_quantile,2025-09-10;2025-09-11;2025-09-12;2025-09-15;2025-09-16;2025-09-17;2025-09-18;2025-09-19;2025-09-22;2025-09-23;2025-09-24;2025-09-25;2025-09-26;2025-09-29;2025-09-30;2025-10-01;2025-10-02;2025-10-03;2025-10-06;2025-10-07,20,6985.149133004974,2025-09-24;2025-10-01,2025-09-24;2025-10-01;2025-09-17;2025-09-25;2025-09-03;2025-10-07;2025-09-18;2025-09-11;2025-09-30;2025-09-23,,2025-10-07,9465.00288953146,10694.11504559416,10665.00288953146,20.935077314814812,26.562363496824656,21.43848161079305,42.265479249959895,67884.2593723815,202.3841763042136,9432.87569412242,41732.315599610636,449.5284411770598,42181.8440407877,41732.315599610636,41732.31555787833,41882.535894574336,1460.2571418498753,lexicographic,4.1732315557878337e-05,4.188253585269181e-05,False,0.14755049999803305,0.0,1,0
2025-10-09,False,2,1.0,10,0.8,0,calibrated_quantile,2025-09-11;2025-09-12;2025-09-15;2025-09-16;2025-09-17;2025-09-18;2025-09-19;2025-09-22;2025-09-23;2025-09-24;2025-09-25;2025-09-26;2025-09-29;2025-09-30;2025-10-01;2025-10-02;2025-10-03;2025-10-06;2025-10-07;2025-10-08,20,6407.305741095783,2025-09-25;2025-09-18,2025-09-25;2025-09-18;2025-09-11;2025-10-08;2025-09-04;2025-10-01;2025-09-24;2025-09-17;2025-10-02;2025-09-26,,2025-10-08,9435.890733468768,10665.00288953146,10635.890733468768,32.47064542824075,43.488627508777114,23.65008036638776,40.46720015990877,66968.09485161903,163.34455525964415,9225.403409554146,41869.18437422369,530.4600449371685,42399.64441916086,41869.18437422369,41869.18433235451,41327.39629037121,1484.9276742694888,lexicographic,4.186918433235451e-05,4.1327396249043817e-05,False,0.196300000003248,0.0,1,0
2025-10-10,False,2,1.0,10,0.8,0,calibrated_quantile,2025-09-12;2025-09-15;2025-09-16;2025-09-17;2025-09-18;2025-09-19;2025-09-22;2025-09-23;2025-09-24;2025-09-25;2025-09-26;2025-09-29;2025-09-30;2025-10-01;2025-10-02;2025-10-03;2025-10-06;2025-10-07;2025-10-08;2025-10-09,20,5803.022578322081,2025-10-03;2025-09-19,2025-10-03;2025-09-19;2025-09-26;2025-09-12;2025-09-05;2025-10-09;2025-09-18;2025-10-02;2025-09-25;2025-09-04,,2025-10-09,9420.627982997014,10635.890733468768,10620.627982997014,21.65631527777777,27.069394392423753,19.985143346573423,36.4758563058388,33044.322587204035,206.32255187958987,21833.230255454866,17235.156569595565,514.7593891199162,17749.915958715483,17235.15656959557,17235.15655236041,39691.86570137717,1303.4091172486455,lexicographic,1.7235156552360414e-05,3.969186570137718e-05,False,0.12056060000031721,0.0,1,0
2025-10-11,False,2,1.0,10,0.8,0,calibrated_quantile,2025-09-13;2025-09-14;2025-09-20;2025-09-21;2025-09-27;2025-09-28;2025-10-04;2025-10-05,8,9551.073615385641,2025-10-04;2025-09-13,2025-10-04;2025-09-13;2025-09-06;2025-09-20;2025-09-27;2025-05-31;2025-05-17;2025-04-12;2025-05-24;2025-09-14,,2025-10-10,9405.365232525259,10620.627982997014,10605.365232525259,23.223667997685183,30.844289059915262,23.015627904436883,39.46360545391784,34609.69759022871,71.44627834373352,18502.63515549658,18418.801737301314,185.4447178196176,18604.24645512093,18418.801737301314,18418.801718882514,39661.29779420547,1341.785267759878,lexicographic,1.8418801718882514e-05,3.9661297754544184e-05,False,0.23639080000066315,0.0,1,0
2025-10-12,False,2,1.0,10,0.8,0,calibrated_quantile,2025-09-14;2025-09-20;2025-09-21;2025-09-27;2025-09-28;2025-10-04;2025-10-05;2025-10-11,8,9663.414094823398,2025-10-05;2025-09-28,2025-10-05;2025-09-28;2025-09-21;2025-09-07;2025-09-14;2025-06-29;2025-03-09;2025-04-06;2025-05-11;2025-05-18,,2025-10-11,9390.102482053504,10605.365232525259,10590.102482053504,20.353015798611107,25.81985541864826,23.971943066947105,39.90792185330862,69000.00326118975,50.16273960391777,8334.747037589534,42166.01635120108,108.6512030372009,42274.66755423828,42166.016351201084,42166.01630903506,42098.386946642546,1448.732172922925,lexicographic,4.2166016309035064e-05,4.209838690454417e-05,False,0.14198140000007697,0.0,1,0
2025-10-13,False,2,1.0,10,0.8,0,calibrated_quantile,2025-09-15;2025-09-16;2025-09-17;2025-09-18;2025-09-19;2025-09-22;2025-09-23;2025-09-24;2025-09-25;2025-09-26;2025-09-29;2025-09-30;2025-10-01;2025-10-02;2025-10-03;2025-10-06;2025-10-07;2025-10-08;2025-10-09;2025-10-10,20,5873.780752147901,2025-10-06;2025-09-29,2025-10-06;2025-09-29;2025-09-22;2025-09-15;2025-09-08;2025-10-07;2025-09-30;2025-09-23;2025-09-09;2025-09-02,,2025-10-12,9374.839731581747,10590.102482053504,10574.839731581747,22.282774305555552,27.897660268749636,19.736871573044404,38.59984592846769,68203.86159883943,101.04734027410694,9095.725939442975,41957.64651244387,219.2215595505608,42176.86807199443,41957.64651244387,41957.64647048623,41743.55662283821,1455.3419688713232,lexicographic,4.195764647048623e-05,4.174355662283821e-05,False,0.12447679999968386,0.0,1,0
2025-10-14,False,2,1.0,10,0.8,0,calibrated_quantile,2025-09-16;2025-09-17;2025-09-18;2025-09-19;2025-09-22;2025-09-23;2025-09-24;2025-09-25;2025-09-26;2025-09-29;2025-09-30;2025-10-01;2025-10-02;2025-10-03;2025-10-06;2025-10-07;2025-10-08;2025-10-09;2025-10-10;2025-10-13,20,5632.89526351405,2025-10-07;2025-09-30,2025-10-07;2025-09-30;2025-09-16;2025-09-09;2025-09-23;2025-10-08;2025-09-02;2025-10-06;2025-10-01;2025-09-24,,2025-10-13,9359.57698110999,10574.839731581747,10559.57698110999,20.28960590277777,26.081916737021036,25.121583394002357,40.68389033955715,66408.67358196214,573.3488755625509,4049.1315910658677,40649.395192542324,2241.4242991383853,42890.81949168071,40649.39519254232,40649.39515189295,41311.760408481685,1439.558060113004,lexicographic,4.0649395151892954e-05,4.1311760367169935e-05,False,0.1480965999980981,0.0,1,0
2025-10-15,False,2,1.0,10,0.8,0,calibrated_quantile,2025-09-17;2025-09-18;2025-09-19;2025-09-22;2025-09-23;2025-09-24;2025-09-25;2025-09-26;2025-09-29;2025-09-30;2025-10-01;2025-10-02;2025-10-03;2025-10-06;2025-10-07;2025-10-08;2025-10-09;2025-10-10;2025-10-13;2025-10-14,20,5503.0824287734995,2025-10-08;2025-10-01,2025-10-08;2025-10-01;2025-09-24;2025-09-17;2025-10-09;2025-09-25;2025-10-07;2025-09-18;2025-09-30;2025-10-14,,2025-10-14,9344.314230638241,10559.57698110999,10544.314230638241,16.225728703703687,20.0460725525907,26.505217900721,51.60129362666231,65909.15738015005,1682.9319283881944,3510.3911710156144,40053.8935502085,6820.44570213276,46874.33925234126,40053.89355020851,40053.89351015462,41361.405592027375,1424.015616307778,lexicographic,4.005389351015462e-05,4.136140559202738e-05,False,0.1481936999989557,0.0,1,0
2025-10-16,False,2,1.0,10,0.8,0,calibrated_quantile,2025-09-18;2025-09-19;2025-09-22;2025-09-23;2025-09-24;2025-09-25;2025-09-26;2025-09-29;2025-09-30;2025-10-01;2025-10-02;2025-10-03;2025-10-06;2025-10-07;2025-10-08;2025-10-09;2025-10-10;2025-10-13;2025-10-14;2025-10-15,20,5542.404491745006,2025-10-09;2025-09-25,2025-10-09;2025-09-25;2025-09-11;2025-10-15;2025-09-18;2025-10-08;2025-10-01;2025-09-24;2025-09-17;2025-09-26,,2025-10-15,9329.051480166483,10544.314230638241,10529.051480166483,22.672464872685183,29.405363213299545,27.351275603420305,50.10278714121507,69069.81079695997,1197.1611207431556,5111.095139110472,42423.594127188415,4718.893326137597,47142.487453326015,42423.594127188415,42423.594084764845,41888.26307235771,1454.2724739949842,lexicographic,4.2423594084764845e-05,4.188826303046945e-05,False,0.13300239999807673,0.0,1,0
2025-10-17,False,2,1.0,10,0.8,0,calibrated_quantile,2025-09-19;2025-09-22;2025-09-23;2025-09-24;2025-09-25;2025-09-26;2025-09-29;2025-09-30;2025-10-01;2025-10-02;2025-10-03;2025-10-06;2025-10-07;2025-10-08;2025-10-09;2025-10-10;2025-10-13;2025-10-14;2025-10-15;2025-10-16,20,5539.987326175231,2025-09-26;2025-10-10,2025-09-26;2025-10-10;2025-09-19;2025-10-16;2025-10-03;2025-09-25;2025-10-09;2025-09-05;2025-09-11;2025-09-18,,2025-10-16,9313.788729694725,10529.051480166483,10513.788729694725,19.251640162037035,24.627478071193934,18.897720544210927,36.81148401944166,33915.29660630124,163.70177808981072,16012.256946879206,17746.57513942959,542.7244749821396,18289.29961441173,17746.575139429595,17746.575121683018,39477.89062515579,1294.938129677964,lexicographic,1.7746575121683017e-05,3.947789062515576e-05,False,0.13110049999886542,0.0,1,0
2025-10-18,False,2,1.0,10,0.8,0,calibrated_quantile,2025-09-20;2025-09-21;2025-09-27;2025-09-28;2025-10-04;2025-10-05;2025-10-11;2025-10-12,8,8233.144698251268,2025-09-27;2025-09-20,2025-09-27;2025-09-20;2025-10-04;2025-09-13;2025-10-11;2025-09-06;2025-03-08;2025-03-15;2025-06-28;2025-03-22,,2025-10-17,9298.525979222974,10513.788729694725,10498.525979222974,33.520706770833335,44.25193204956144,27.70962394690163,47.557590767703395,36279.41366353973,235.03741546406974,18376.924534014302,19797.20865048776,867.7773715907276,20664.986022078487,19797.20865048776,19797.208630690548,39447.322617231184,1364.2313119376777,lexicographic,1.9797208630690547e-05,3.944732257778386e-05,False,0.15646920000290265,0.0,1,0
2025-10-19,False,2,1.0,10,0.8,0,calibrated_quantile,2025-09-21;2025-09-27;2025-09-28;2025-10-04;2025-10-05;2025-10-11;2025-10-12;2025-10-18,8,6797.826574012607,2025-10-12;2025-10-05,2025-10-12;2025-10-05;2025-09-28;2025-09-21;2025-09-07;2025-09-14;2025-03-09;2025-03-02;2025-03-23;2025-06-29,,2025-10-18,9283.263228751215,10498.525979222974,10483.263228751215,16.90502841435184,20.313549513849217,42.447265092054096,74.91291462514535,66890.15625637968,2480.8190085826936,3296.3782524463463,40340.81841003415,10607.346277198823,50948.16468723297,40340.818410034146,40340.81836969334,41878.2054335686,1436.351920667606,lexicographic,4.0340818369693345e-05,4.18782053916904e-05,False,0.1294664000015473,0.0,1,0
2025-10-20,False,2,1.0,10,0.8,0,calibrated_quantile,2025-09-22;2025-09-23;2025-09-24;2025-09-25;2025-09-26;2025-09-29;2025-09-30;2025-10-01;2025-10-02;2025-10-03;2025-10-06;2025-10-07;2025-10-08;2025-10-09;2025-10-10;2025-10-13;2025-10-14;2025-10-15;2025-10-16;2025-10-17,20,5792.397144496561,2025-10-13;2025-09-29,2025-10-13;2025-09-29;2025-10-06;2025-09-22;2025-09-15;2025-09-08;2025-10-07;2025-09-30;2025-10-14;2025-09-23,,2025-10-19,9248.608041103926,10483.263228751215,10448.608041103926,20.656107754629623,26.019710179205333,37.67940705453765,64.09623748162612,68459.5120720607,1587.9731924683647,3446.9586984898183,42259.281177881676,6631.13024128269,48890.41141916437,42259.281177881676,42259.28113562238,41692.67574231473,1447.5218516664004,lexicographic,4.225928113562239e-05,4.169267574231473e-05,False,0.12523679999867454,0.0,1,0
2025-10-21,False,2,1.0,10,0.8,0,calibrated_quantile,2025-09-23;2025-09-24;2025-09-25;2025-09-26;2025-09-29;2025-09-30;2025-10-01;2025-10-02;2025-10-03;2025-10-06;2025-10-07;2025-10-08;2025-10-09;2025-10-10;2025-10-13;2025-10-14;2025-10-15;2025-10-16;2025-10-17;2025-10-20,20,5810.483483805989,2025-10-07;2025-09-30,2025-10-07;2025-09-30;2025-10-14;2025-09-23;2025-10-15;2025-10-20;2025-09-09;2025-10-08;2025-10-13;2025-10-01,,2025-10-20,9213.952853456618,10448.608041103926,10413.952853456618,22.186789467592593,27.689135810860453,29.837519862720733,53.3094263138845,71488.94475128975,1112.004509105214,3964.331987048161,44067.42375066871,3418.2398710652196,47485.66362173393,44067.42375066872,44067.4237066013,41964.21849782536,1433.0987883402945,lexicographic,4.40674237066013e-05,4.196421849782536e-05,False,0.13136759999906644,1.6510966610225246e-16,1,0
2025-10-22,False,2,1.0,10,0.8,0,calibrated_quantile,2025-09-24;2025-09-25;2025-09-26;2025-09-29;2025-09-30;2025-10-01;2025-10-02;2025-10-03;2025-10-06;2025-10-07;2025-10-08;2025-10-09;2025-10-10;2025-10-13;2025-10-14;2025-10-15;2025-10-16;2025-10-17;2025-10-20;2025-10-21,20,5817.393612105382,2025-10-15;2025-10-08,2025-10-15;2025-10-08;2025-10-16;2025-09-24;2025-10-01;2025-10-21;2025-09-17;2025-09-25;2025-10-07;2025-09-30,,2025-10-21,9179.297665809308,10413.952853456618,10379.297665809308,17.967881307870357,21.745023814487332,22.058576404714287,42.700052153556236,72120.14770391639,1077.8408857520963,5409.608324277838,43840.56259874077,5191.14051929939,49031.70311804016,43840.56259874077,43840.56255490019,43093.72369665859,1438.9907472123184,lexicographic,4.384056255490019e-05,4.309372369665869e-05,False,0.1133125000014843,0.0,1,0
2025-10-23,False,2,1.0,10,0.8,0,calibrated_quantile,2025-09-25;2025-09-26;2025-09-29;2025-09-30;2025-10-01;2025-10-02;2025-10-03;2025-10-06;2025-10-07;2025-10-08;2025-10-09;2025-10-10;2025-10-13;2025-10-14;2025-10-15;2025-10-16;2025-10-17;2025-10-20;2025-10-21;2025-10-22,20,5680.779773024218,2025-10-16;2025-10-22,2025-10-16;2025-10-22;2025-10-09;2025-09-25;2025-10-15;2025-10-17;2025-09-11;2025-10-08;2025-10-01;2025-09-18,,2025-10-22,9144.642478162019,10379.297665809308,10344.642478162019,18.463975115740727,23.247536491679504,17.96772320204948,35.16840942670486,71502.18081720463,452.2511020772341,6391.756790070386,43740.17595569344,1901.5548310161817,45641.730786709624,43740.17595569344,43740.17591195326,42137.919775920775,1444.7242222104776,lexicographic,4.374017591195326e-05,4.213791977592111e-05,False,0.13147570000000997,0.0,1,0
2025-10-24,False,2,1.0,10,0.8,0,calibrated_quantile,2025-09-26;2025-09-29;2025-09-30;2025-10-01;2025-10-02;2025-10-03;2025-10-06;2025-10-07;2025-10-08;2025-10-09;2025-10-10;2025-10-13;2025-10-14;2025-10-15;2025-10-16;2025-10-17;2025-10-20;2025-10-21;2025-10-22;2025-10-23,20,5537.527576958828,2025-10-17;2025-09-26,2025-10-17;2025-09-26;2025-10-10;2025-10-16;2025-10-23;2025-09-19;2025-10-03;2025-09-25;2025-10-09;2025-09-11,,2025-10-23,9109.987290514711,10344.642478162019,10309.987290514711,19.4272802662037,25.22787925870569,16.19491758961756,26.422351438138787,33693.23849668137,324.60673116763076,13575.132228762457,17578.69326611348,1152.002781874387,18730.69604798787,17578.69326611348,17578.69324853479,39088.11932021386,1305.3185338213475,lexicographic,1.757869324853479e-05,3.908811932021423e-05,False,0.2724253000014869,0.0,1,0
2025-10-25,False,2,1.0,10,0.8,0,calibrated_quantile,2025-09-27;2025-09-28;2025-10-04;2025-10-05;2025-10-11;2025-10-12;2025-10-18;2025-10-19,8,7538.295667049984,2025-10-18;2025-09-27,2025-10-18;2025-09-27;2025-09-20;2025-10-04;2025-09-13;2025-10-11;2025-09-06;2025-03-08;2025-03-15;2025-03-22,,2025-10-24,9075.332102867422,10309.987290514711,10275.332102867422,24.20341979166666,29.53549593965884,28.62148979472242,53.171157746595895,34989.74437788082,181.76296071584926,13754.0653027894,18551.338961911722,547.0497772815087,19098.38873919323,18551.338961911722,18551.338943360384,39018.71270124048,1351.3189708460532,lexicographic,1.8551338943360384e-05,3.901871266222177e-05,False,0.17840549999891664,0.0,1,0
2025-10-26,False,2,1.0,10,0.8,0,calibrated_quantile,2025-09-28;2025-10-04;2025-10-05;2025-10-11;2025-10-12;2025-10-18;2025-10-19;2025-10-25,8,6248.506709340123,2025-10-19;2025-10-12,2025-10-19;2025-10-12;2025-10-05;2025-09-28;2025-09-21;2025-09-07;2025-09-14;2025-03-09;2025-03-02;2025-03-23,,2025-10-25,9040.676915220114,10275.332102867422,10240.676915220114,17.521161342592592,22.469094957023287,23.270096095459053,40.9796556813379,71044.05416382186,554.1371832204804,4818.7472472797,43476.587007037364,1676.9396764609914,45153.526683498356,43476.587007037364,43476.58696356079,43125.045533059616,1434.662243995021,lexicographic,4.347658696356079e-05,4.312504548993457e-05,False,0.15053830000033486,0.0,1,0
2025-10-27,False,2,1.0,10,0.8,0,calibrated_quantile,2025-09-29;2025-09-30;2025-10-01;2025-10-02;2025-10-03;2025-10-06;2025-10-07;2025-10-08;2025-10-09;2025-10-10;2025-10-13;2025-10-14;2025-10-15;2025-10-16;2025-10-17;2025-10-20;2025-10-21;2025-10-22;2025-10-23;2025-10-24,20,5656.362060022842,2025-10-20;2025-10-13,2025-10-20;2025-10-13;2025-09-29;2025-10-06;2025-09-22;2025-10-21;2025-09-15;2025-10-07;2025-09-30;2025-09-23,,2025-10-26,9006.021727572803,10240.676915220114,10206.021727572803,15.686450289351834,19.445399466201934,36.86748683814346,66.85145899058038,72365.97384936982,1092.4495844172502,7685.128027504573,44228.407008994436,4186.334774008328,48414.74178300276,44228.40700899443,44228.406964766014,42851.09700693711,1465.8087835665729,lexicographic,4.4228406964766015e-05,4.285109696408602e-05,False,0.22443100000236882,0.0,1,0
2025-10-28,False,2,1.0,10,0.8,0,calibrated_quantile,2025-09-30;2025-10-01;2025-10-02;2025-10-03;2025-10-06;2025-10-07;2025-10-08;2025-10-09;2025-10-10;2025-10-13;2025-10-14;2025-10-15;2025-10-16;2025-10-17;2025-10-20;2025-10-21;2025-10-22;2025-10-23;2025-10-24;2025-10-27,20,5396.723389083498,2025-10-14;2025-10-21,2025-10-14;2025-10-21;2025-10-07;2025-09-30;2025-09-23;2025-10-15;2025-09-09;2025-09-16;2025-10-20;2025-10-01,,2025-10-27,8971.366539925515,10206.021727572803,10171.366539925515,17.35790428240741,22.289674072043848,22.584308470615863,38.04489212176641,72196.06905587488,995.8834164679797,5023.064665329696,43976.049611204246,3906.5885715448057,47882.638182749055,43976.04961120424,43976.049567228176,42390.391987485746,1479.279990606574,lexicographic,4.397604956722818e-05,4.239039198748633e-05,False,0.14675549999810755,0.0,1,0
2025-10-29,False,2,1.0,10,0.8,0,calibrated_quantile,2025-10-01;2025-10-02;2025-10-03;2025-10-06;2025-10-07;2025-10-08;2025-10-09;2025-10-10;2025-10-13;2025-10-14;2025-10-15;2025-10-16;2025-10-17;2025-10-20;2025-10-21;2025-10-22;2025-10-23;2025-10-24;2025-10-27;2025-10-28,20,5097.357085221695,2025-10-22;2025-10-15,2025-10-22;2025-10-15;2025-10-08;2025-10-23;2025-10-01;2025-10-16;2025-09-24;2025-10-21;2025-10-09;2025-09-17,,2025-10-28,8936.711352278206,10171.366539925515,10136.711352278206,15.594403009259262,19.22788266071691,33.767472727085774,57.41598647033036,71566.76427674289,1824.7213620870941,1903.6202059822037,43680.71544065584,7171.638446510966,50852.353887166806,43680.71544065584,43680.71539697512,41994.09997834415,1447.9517035828176,lexicographic,4.368071539697513e-05,4.1994099978343846e-05,False,0.15078139999968698,0.0,1,0
2025-10-30,False,2,1.0,10,0.8,0,calibrated_quantile,2025-10-02;2025-10-03;2025-10-06;2025-10-07;2025-10-08;2025-10-09;2025-10-10;2025-10-13;2025-10-14;2025-10-15;2025-10-16;2025-10-17;2025-10-20;2025-10-21;2025-10-22;2025-10-23;2025-10-24;2025-10-27;2025-10-28;2025-10-29,20,5545.422996448951,2025-10-23;2025-10-16,2025-10-23;2025-10-16;2025-10-22;2025-10-29;2025-10-24;2025-10-09;2025-09-25;2025-10-17;2025-10-15;2025-10-08,,2025-10-29,8882.953972379786,10136.711352278206,10082.953972379786,18.33161394675927,22.638703692238725,18.731432773290333,35.70291180326472,74143.29416907129,448.6639507023633,7560.1822804364765,45454.42210052122,1748.6805105303702,47203.10261105159,45454.42210052121,45454.4220550668,43655.18016653824,1445.6375667325165,lexicographic,4.545442205506681e-05,4.365518012288306e-05,False,0.16588430000047083,0.0,1,0
2025-10-31,False,2,1.0,10,0.8,0,calibrated_quantile,2025-10-03;2025-10-06;2025-10-07;2025-10-08;2025-10-09;2025-10-10;2025-10-13;2025-10-14;2025-10-15;2025-10-16;2025-10-17;2025-10-20;2025-10-21;2025-10-22;2025-10-23;2025-10-24;2025-10-27;2025-10-28;2025-10-29;2025-10-30,20,5526.786803494651,2025-10-24;2025-10-17,2025-10-24;2025-10-17;2025-09-26;2025-10-23;2025-10-30;2025-10-16;2025-10-10;2025-09-19;2025-09-25;2025-10-09,,2025-10-30,8829.196592481334,10082.953972379786,10029.196592481334,16.710057407407408,21.149111273614174,35.68689498202676,63.172957258760135,33801.088581426935,1024.532563159056,8946.386662092558,17520.94555999418,3653.5871222128417,21174.53268220702,17520.94555999418,17520.945542473233,38543.88046984101,1325.9296292862216,lexicographic,1.7520945542473235e-05,3.8543880469841025e-05,False,0.14516639999783365,0.0,1,0
2025-11-01,False,2,0.95,10,0.8,0,calibrated_quantile,2025-10-04;2025-10-05;2025-10-11;2025-10-12;2025-10-18;2025-10-19;2025-10-25;2025-10-26,8,5654.182607095679,2025-10-25;2025-10-18,2025-10-25;2025-10-18;2025-09-27;2025-09-20;2025-09-13;2025-03-08;2025-02-15;2025-02-08;2025-02-22;2025-10-04,,2025-10-31,8775.43921258288,10029.196592481334,9975.43921258288,18.131855679878786,23.801487797557378,26.86498853418618,45.009861243597534,33118.91239866468,930.4176377519539,9536.01571155482,17069.53695341751,3342.826027831429,20412.36298124894,17069.53695341751,17069.536936347977,38436.216508173515,1326.7208791886255,lexicographic,1.706953693634798e-05,3.843621650817324e-05,False,0.16450669999903766,0.0,1,0
2025-11-02,False,2,0.95,10,0.8,0,calibrated_quantile,2025-10-05;2025-10-11;2025-10-12;2025-10-18;2025-10-19;2025-10-25;2025-10-26;2025-11-01,8,6221.817507159851,2025-10-26;2025-10-19,2025-10-26;2025-10-19;2025-10-12;2025-09-28;2025-10-05;2025-09-21;2025-02-09;2025-02-16;2025-03-02;2025-02-23,,2025-11-01,8721.681832684459,9975.43921258288,9921.681832684459,16.523071995519008,21.000056777102753,30.246773125562314,50.68893060646395,72673.65597338,978.6820632109027,2677.2526881952117,44457.81789156069,4493.569879845003,48951.387771405694,44457.81789156069,44457.817847102866,42415.30145531923,1437.519553928038,lexicographic,4.445781784710287e-05,4.2415301412904075e-05,False,0.36828329999843845,0.0,1,0
2025-11-03,False,2,0.95,10,0.8,0,calibrated_quantile,2025-10-06;2025-10-07;2025-10-08;2025-10-09;2025-10-10;2025-10-13;2025-10-14;2025-10-15;2025-10-16;2025-10-17;2025-10-20;2025-10-21;2025-10-22;2025-10-23;2025-10-24;2025-10-27;2025-10-28;2025-10-29;2025-10-30;2025-10-31,20,5928.743178158407,2025-10-27;2025-10-20,2025-10-27;2025-10-20;2025-10-13;2025-09-29;2025-10-21;2025-09-22;2025-10-06;2025-09-15;2025-10-07;2025-09-30,,2025-11-02,8667.924452786006,9921.681832684459,9867.924452786006,15.983085606427968,20.878210414218444,39.209598269728936,83.47479301734948,72037.75436125624,2549.537669635342,2903.086297705413,44259.35187508307,7576.769833100155,51836.12170818322,44259.35187508307,44259.351830823725,42426.208116336384,1475.8209615558264,lexicographic,4.425935183082373e-05,4.2426208073910176e-05,False,0.24213599999711732,0.0,1,0
2025-11-04,False,2,0.95,10,0.8,0,calibrated_quantile,2025-10-07;2025-10-08;2025-10-09;2025-10-10;2025-10-13;2025-10-14;2025-10-15;2025-10-16;2025-10-17;2025-10-20;2025-10-21;2025-10-22;2025-10-23;2025-10-24;2025-10-27;2025-10-28;2025-10-29;2025-10-30;2025-10-31;2025-11-03,20,6326.014651473253,2025-10-21;2025-10-22,2025-10-21;2025-10-22;2025-11-03;2025-10-29;2025-10-27;2025-09-30;2025-10-07;2025-09-23;2025-10-28;2025-10-20,,2025-11-03,8614.167072887585,9867.924452786006,9814.167072887585,20.26036611764007,24.231484176331108,15.163912920840025,31.780425611478684,76591.57401380622,508.03635449474496,7255.739847708069,47004.003095578795,2405.2321204856135,49409.23521606441,47004.003095578795,47004.00304857481,44032.145827063694,1469.7982778825908,lexicographic,4.700400304857481e-05,4.4032145783031535e-05,False,0.203315399998246,0.0,1,0
2025-11-05,False,2,0.95,10,0.8,0,calibrated_quantile,2025-10-08;2025-10-09;2025-10-10;2025-10-13;2025-10-14;2025-10-15;2025-10-16;2025-10-17;2025-10-20;2025-10-21;2025-10-22;2025-10-23;2025-10-24;2025-10-27;2025-10-28;2025-10-29;2025-10-30;2025-10-31;2025-11-03;2025-11-04,20,6404.754635686698,2025-10-29;2025-10-22,2025-10-29;2025-10-22;2025-10-15;2025-10-23;2025-10-30;2025-10-08;2025-10-16;2025-10-01;2025-10-21;2025-09-24,,2025-11-04,8560.409692989133,9814.167072887585,9760.409692989133,18.696824356549108,23.67950902386959,21.74862230535581,37.366653795276186,75210.2772393037,513.14432610446,3813.795960128359,46250.790624421636,1683.0617865220297,47933.85241094366,46250.790624421636,46250.79057817086,43420.479802781876,1457.6303538250636,lexicographic,4.6250790578170867e-05,4.3420479759361315e-05,False,0.22189930000240565,0.0,1,0
2025-11-06,False,2,0.95,10,0.8,0,calibrated_quantile,2025-10-09;2025-10-10;2025-10-13;2025-10-14;2025-10-15;2025-10-16;2025-10-17;2025-10-20;2025-10-21;2025-10-22;2025-10-23;2025-10-24;2025-10-27;2025-10-28;2025-10-29;2025-10-30;2025-10-31;2025-11-03;2025-11-04;2025-11-05,20,6514.211546786752,2025-10-30;2025-10-23,2025-10-30;2025-10-23;2025-10-16;2025-10-22;2025-11-05;2025-10-29;2025-10-31;2025-10-24;2025-10-09;2025-10-17,,2025-11-05,8506.65231309068,9760.409692989133,9706.65231309068,18.701954044064756,22.885229623937885,27.485849610104935,50.03522654151188,76652.05349551691,1186.2553680709748,4204.308813813201,47155.12140707379,5465.230647608283,52620.35205468207,47155.12140707379,47155.12135991868,44043.86906485156,1445.775011142157,lexicographic,4.715512135991868e-05,4.40438690208077e-05,False,0.19895199999882607,0.0,1,0
2025-11-07,False,2,0.95,10,0.8,0,calibrated_quantile,2025-10-10;2025-10-13;2025-10-14;2025-10-15;2025-10-16;2025-10-17;2025-10-20;2025-10-21;2025-10-22;2025-10-23;2025-10-24;2025-10-27;2025-10-28;2025-10-29;2025-10-30;2025-10-31;2025-11-03;2025-11-04;2025-11-05;2025-11-06,20,6792.703625772606,2025-10-31;2025-10-24,2025-10-31;2025-10-24;2025-11-06;2025-10-30;2025-10-17;2025-10-23;2025-10-16;2025-09-26;2025-02-14;2025-10-22,,2025-11-06,8452.894933192258,9706.65231309068,9652.894933192258,19.42626751610652,23.069699824617395,20.480367946124733,37.24713816631967,35122.61966641538,256.3318633688591,10121.718381092182,18386.523673545777,1102.6600820228368,19489.183755568614,18386.523673545777,18386.523655159253,37856.63051094762,1341.695204709071,lexicographic,1.8386523655159253e-05,3.7856630510947636e-05,False,0.17962790000092355,0.0,1,0
2025-11-08,False,2,0.95,10,0.8,0,calibrated_quantile,2025-10-11;2025-10-12;2025-10-18;2025-10-19;2025-10-25;2025-10-26;2025-11-01;2025-11-02,8,6848.594537723919,2025-11-01;2025-10-25,2025-11-01;2025-10-25;2025-10-18;2025-09-27;2025-09-20;2025-09-13;2025-10-04;2025-03-08;2025-10-11;2025-02-08,,2025-11-07,8399.137553293805,9652.894933192258,9599.137553293805,16.54698165874164,21.523811736626474,22.29636317524737,40.83063329087162,34520.2038526456,483.313912263602,9282.700453063642,18009.49678283392,1616.3510780055794,19625.8478608395,18009.49678283392,18009.496764824435,37682.56859419789,1329.5845560592845,lexicographic,1.8009496764824436e-05,3.768256859419789e-05,False,0.2036326999987068,0.0,1,0
2025-11-09,False,2,0.95,10,0.8,0,calibrated_quantile,2025-10-12;2025-10-18;2025-10-19;2025-10-25;2025-10-26;2025-11-01;2025-11-02;2025-11-08,8,6943.715608224778,2025-11-02;2025-10-26,2025-11-02;2025-10-26;2025-10-19;2025-10-12;2025-09-28;2025-10-05;2025-09-21;2025-03-02;2025-02-16;2025-02-09,,2025-11-08,8393.924558420558,9599.137553293805,9593.924558420558,18.73078967209476,23.299181686116995,25.90588200917655,46.21609967344668,77044.24747793039,917.8446317797487,4228.7379235344815,47675.794340014094,2986.5967475713014,50662.3910875854,47675.794340014094,47675.794292338294,45443.11267738582,1478.2879952077053,lexicographic,4.7675794292338296e-05,4.544311267738581e-05,False,0.20631700000012643,0.0,1,0
2025-11-10,False,2,0.95,10,0.8,0,calibrated_quantile,2025-10-13;2025-10-14;2025-10-15;2025-10-16;2025-10-17;2025-10-20;2025-10-21;2025-10-22;2025-10-23;2025-10-24;2025-10-27;2025-10-28;2025-10-29;2025-10-30;2025-10-31;2025-11-03;2025-11-04;2025-11-05;2025-11-06;2025-11-07,20,6858.062247940394,2025-11-03;2025-10-27,2025-11-03;2025-10-27;2025-11-04;2025-10-20;2025-10-13;2025-09-29;2025-10-21;2025-02-03;2025-02-17;2025-03-03,,2025-11-09,8388.711563547307,9593.924558420558,9588.711563547307,18.436835111853924,22.662383357297724,35.951226380628974,60.99920559319494,77259.31144360612,1693.9359395800432,2771.020148863793,47593.748676900315,7006.305249621357,54600.05392652167,47593.748676900315,47593.74862930655,44250.80817550653,1447.8227688000443,lexicographic,4.759374862930655e-05,4.425080813125572e-05,False,0.139190800000506,0.0,1,0
2025-11-11,False,2,0.95,10,0.8,0,calibrated_quantile,2025-10-14;2025-10-15;2025-10-16;2025-10-17;2025-10-20;2025-10-21;2025-10-22;2025-10-23;2025-10-24;2025-10-27;2025-10-28;2025-10-29;2025-10-30;2025-10-31;2025-11-03;2025-11-04;2025-11-05;2025-11-06;2025-11-07;2025-11-10,20,7296.968945723079,2025-11-04;2025-11-10,2025-11-04;2025-11-10;2025-10-21;2025-10-22;2025-11-03;2025-11-05;2025-10-29;2025-10-27;2025-02-04;2025-03-04,,2025-11-10,8383.498568674057,9588.711563547307,9583.498568674057,17.292164178441567,21.283279617275085,11.14337346353321,21.67036474610346,80927.6120235761,187.40344778548825,7186.122572759457,50307.140305658,469.0852943140633,50776.225599972066,50307.140305657995,50307.140255350845,45126.501030155836,1465.9329710284205,lexicographic,5.030714025535085e-05,4.512650103015584e-05,False,0.14645139999993262,0.0,1,0
2025-11-12,False,2,0.95,10,0.8,0,calibrated_quantile,2025-10-15;2025-10-16;2025-10-17;2025-10-20;2025-10-21;2025-10-22;2025-10-23;2025-10-24;2025-10-27;2025-10-28;2025-10-29;2025-10-30;2025-10-31;2025-11-03;2025-11-04;2025-11-05;2025-11-06;2025-11-07;2025-11-10;2025-11-11,20,7210.7513301610525,2025-10-22;2025-11-05,2025-10-22;2025-11-05;2025-10-29;2025-11-06;2025-10-30;2025-11-04;2025-10-23;2025-11-11;2025-10-15;2025-10-16,,2025-11-11,8378.285573800807,9583.498568674057,9578.285573800807,18.30091009900748,23.401849124859837,13.57864187743788,26.551259566763658,79941.475295574,213.4763705323948,6849.144871042523,49627.52153143694,1105.4027301465353,50732.924261583474,49627.52153143694,49627.52148180945,44745.471479594955,1463.5931056748059,lexicographic,4.962752148180945e-05,4.4745471479594955e-05,False,0.1722592000005534,0.0,1,0
2025-11-13,False,2,0.95,10,0.8,0,calibrated_quantile,2025-10-16;2025-10-17;2025-10-20;2025-10-21;2025-10-22;2025-10-23;2025-10-24;2025-10-27;2025-10-28;2025-10-29;2025-10-30;2025-10-31;2025-11-03;2025-11-04;2025-11-05;2025-11-06;2025-11-07;2025-11-10;2025-11-11;2025-11-12,20,7034.5622054168325,2025-10-30;2025-11-06,2025-10-30;2025-11-06;2025-10-23;2025-10-16;2025-11-12;2025-11-05;2025-10-29;2025-10-22;2025-11-07;2025-10-31,,2025-11-12,8373.072578927555,9578.285573800807,9573.072578927555,19.620995314150782,24.04732429036811,24.863504485402533,50.115310573320656,79430.49136269432,841.960326520859,5522.481083045192,49426.40943072415,3040.7192259532494,52467.12865667739,49426.40943072415,49426.40938129774,44826.7961239447,1472.5508648793175,lexicographic,4.942640938129774e-05,4.482679607911791e-05,False,0.1665257999993628,0.0,1,0
2025-11-14,False,2,0.95,10,0.8,0,calibrated_quantile,2025-10-17;2025-10-20;2025-10-21;2025-10-22;2025-10-23;2025-10-24;2025-10-27;2025-10-28;2025-10-29;2025-10-30;2025-10-31;2025-11-03;2025-11-04;2025-11-05;2025-11-06;2025-11-07;2025-11-10;2025-11-11;2025-11-12;2025-11-13,20,7073.503695806519,2025-11-07;2025-10-31,2025-11-07;2025-10-31;2025-10-24;2025-11-06;2025-11-13;2025-10-30;2025-10-17;2025-10-23;2025-10-16;2025-02-14,,2025-11-13,8367.859584054308,9573.072578927555,9567.859584054308,15.293766331002558,19.17676580237672,16.99705282766264,31.516746840116866,35907.80049385127,181.77388708653518,6517.740733650664,18891.900584927927,666.957987915602,19558.85857284353,18891.90058492793,18891.90056603603,37593.09822183703,1317.5031637374127,lexicographic,1.8891900566036033e-05,3.759309822183696e-05,False,0.25059260000125505,0.0,1,0
2025-11-15,False,2,0.95,10,0.8,0,calibrated_quantile,2025-10-18;2025-10-19;2025-10-25;2025-10-26;2025-11-01;2025-11-02;2025-11-08;2025-11-09,8,7404.260764538909,2025-11-01;2025-11-08,2025-11-01;2025-11-08;2025-10-25;2025-10-18;2025-09-27;2025-02-15;2025-02-08;2025-09-20;2025-03-08;2025-02-22,,2025-11-14,8362.646589181057,9567.859584054308,9562.646589181057,16.906341912106228,21.302250922550357,30.509918199995948,50.15582466590151,35114.49286286517,606.5975295897144,5535.597890612977,18401.23646719982,2464.2401127537505,20865.476579953567,18401.23646719982,18401.236448798576,37597.41574171106,1314.6798619270644,lexicographic,1.840123644879858e-05,3.7597415741711035e-05,False,0.2384319000011601,0.0,1,0
2025-11-16,False,2,0.95,10,0.8,0,calibrated_quantile,2025-10-19;2025-10-25;2025-10-26;2025-11-01;2025-11-02;2025-11-08;2025-11-09;2025-11-15,8,7749.35439416883,2025-11-09;2025-11-02,2025-11-09;2025-11-02;2025-10-26;2025-10-19;2025-02-09;2025-02-02;2025-02-16;2025-10-12;2025-02-23;2025-03-02,,2025-11-15,8357.433594307806,9562.646589181057,9557.433594307806,19.9140879597327,25.04674577223081,24.148827207714206,49.60862479677284,80796.12032305733,1056.4480349202067,4991.458980222365,50373.0381028055,3919.3869947984167,54292.42509760392,50373.0381028055,50373.03805243247,46203.644517396664,1520.1494952398439,lexicographic,5.0373038052432475e-05,4.620364451739667e-05,False,0.13593519999994896,0.0,1,0
2025-11-17,False,2,0.95,10,0.8,0,calibrated_quantile,2025-10-20;2025-10-21;2025-10-22;2025-10-23;2025-10-24;2025-10-27;2025-10-28;2025-10-29;2025-10-30;2025-10-31;2025-11-03;2025-11-04;2025-11-05;2025-11-06;2025-11-07;2025-11-10;2025-11-11;2025-11-12;2025-11-13;2025-11-14,20,7109.336483044678,2025-11-10;2025-11-03,2025-11-10;2025-11-03;2025-10-27;2025-11-11;2025-11-04;2025-10-20;2025-02-03;2025-09-29;2025-10-13;2025-02-17,,2025-11-16,8352.220599434557,9557.433594307806,9552.220599434557,20.15017893609772,24.412462361196617,15.682608956643119,28.29632446772792,81287.2075549677,222.40466866704156,6443.097357592151,50601.96075152297,683.9837689974671,51285.94452052044,50601.96075152297,50601.960700921016,45143.35974485747,1474.3461744635322,lexicographic,5.0601960700921016e-05,4.514335974485747e-05,False,0.072958100001415,0.0,1,0
2025-11-18,False,2,0.95,10,0.8,0,calibrated_quantile,2025-10-21;2025-10-22;2025-10-23;2025-10-24;2025-10-27;2025-10-28;2025-10-29;2025-10-30;2025-10-31;2025-11-03;2025-11-04;2025-11-05;2025-11-06;2025-11-07;2025-11-10;2025-11-11;2025-11-12;2025-11-13;2025-11-14;2025-11-17,20,6779.981667889162,2025-11-04;2025-11-11,2025-11-04;2025-11-11;2025-10-21;2025-11-12;2025-11-17;2025-11-10;2025-11-05;2025-11-03;2025-10-22;2025-10-29,,2025-11-17,8347.007604561306,9552.220599434557,9547.007604561306,19.150110029793446,23.988805399397265,24.35298989884206,50.89834273299078,81364.86922084808,801.3282230521017,4896.699496487994,50810.10790307485,2520.076078524699,53330.18398159955,50810.10790307485,50810.107852264744,45298.88579087984,1513.4322966611367,lexicographic,5.081010785226475e-05,4.529888574558095e-05,False,0.13022999999884632,0.0,1,0
2025-11-19,False,2,0.95,10,0.8,0,calibrated_quantile,2025-10-22;2025-10-23;2025-10-24;2025-10-27;2025-10-28;2025-10-29;2025-10-30;2025-10-31;2025-11-03;2025-11-04;2025-11-05;2025-11-06;2025-11-07;2025-11-10;2025-11-11;2025-11-12;2025-11-13;2025-11-14;2025-11-17;2025-11-18,20,6781.932754191523,2025-11-12;2025-10-22,2025-11-12;2025-10-22;2025-11-11;2025-11-06;2025-11-05;2025-11-04;2025-11-13;2025-10-30;2025-11-18;2025-10-29,,2025-11-18,8334.605460497854,9547.007604561306,9534.605460497854,18.887292595474158,24.076974489267027,19.763820957180855,37.46782680626132,82029.90965218318,556.2587864889325,4787.988960273983,51047.910138569525,2191.822979666978,53239.7331182365,51047.910138569525,51047.910087521595,46402.803828224954,1505.9693688274167,lexicographic,5.10479100875216e-05,4.640280382822496e-05,False,0.16032389999963925,0.0,1,0
2025-11-20,False,2,0.95,10,0.8,0,calibrated_quantile,2025-10-23;2025-10-24;2025-10-27;2025-10-28;2025-10-29;2025-10-30;2025-10-31;2025-11-03;2025-11-04;2025-11-05;2025-11-06;2025-11-07;2025-11-10;2025-11-11;2025-11-12;2025-11-13;2025-11-14;2025-11-17;2025-11-18;2025-11-19,20,6759.306184627057,2025-11-06;2025-11-13,2025-11-06;2025-11-13;2025-10-30;2025-11-19;2025-11-12;2025-10-23;2025-11-14;2025-11-07;2025-10-22;2025-11-05,,2025-11-19,8322.203316434394,9534.605460497854,9522.203316434394,17.234814428847464,20.38812620561318,18.5833820930221,35.4994698694394,82658.36925113821,395.90254689570554,5855.467691332318,51657.65923282321,1652.098186373695,53309.7574191969,51657.659232823215,51657.65918116554,45944.14753265742,1490.9255060095443,lexicographic,5.165765918116554e-05,4.594414748671328e-05,False,0.0680858999985503,1.4084954156877962e-16,1,0
2025-11-21,False,2,0.95,10,0.8,0,calibrated_quantile,2025-10-24;2025-10-27;2025-10-28;2025-10-29;2025-10-30;2025-10-31;2025-11-03;2025-11-04;2025-11-05;2025-11-06;2025-11-07;2025-11-10;2025-11-11;2025-11-12;2025-11-13;2025-11-14;2025-11-17;2025-11-18;2025-11-19;2025-11-20,20,6829.071311972644,2025-11-07;2025-11-14,2025-11-07;2025-11-14;2025-11-20;2025-11-06;2025-11-13;2025-10-31;2025-10-30;2025-10-24;2025-02-14;2025-02-07,,2025-11-20,8309.801172370933,9522.203316434394,9509.801172370933,17.824692537266444,22.596512130559695,10.996189635230301,20.937875257993348,36767.64978614353,262.7554377698202,6226.229575988936,19482.75598141939,708.635123704345,20191.391105123734,19482.75598141939,19482.75596193663,37091.35418255758,1305.477814300645,lexicographic,1.9482755961936632e-05,3.7091354182557585e-05,False,0.20381619999898248,0.0,1,0
2025-11-22,False,2,0.95,10,0.8,0,calibrated_quantile,2025-10-25;2025-10-26;2025-11-01;2025-11-02;2025-11-08;2025-11-09;2025-11-15;2025-11-16,8,7630.854759737357,2025-11-15;2025-11-01,2025-11-15;2025-11-01;2025-11-08;2025-10-25;2025-02-15;2025-02-08;2025-10-18;2025-09-27;2025-02-22;2025-01-25,,2025-11-21,8297.399028307482,9509.801172370933,9497.399028307482,17.318088087372296,20.806868768225954,20.70961097790059,34.81578078535601,36710.03607806729,252.09276088141502,4793.537540595735,19267.550384987706,888.3697978594985,20155.920182847203,19267.550384987706,19267.550365720148,37261.788624033456,1313.6382885692506,lexicographic,1.9267550365720148e-05,3.7261788624033455e-05,False,0.20807280000008177,0.0,1,0
2025-11-23,False,2,0.95,10,0.8,0,calibrated_quantile,2025-10-26;2025-11-01;2025-11-02;2025-11-08;2025-11-09;2025-11-15;2025-11-16;2025-11-22,8,7431.788949306805,2025-11-16;2025-11-09,2025-11-16;2025-11-09;2025-11-02;2025-10-26;2025-10-19;2025-02-09;2025-02-16;2025-02-02;2025-03-02;2025-10-12,,2025-11-22,8284.996884244021,9497.399028307482,9484.996884244021,16.91828485144527,21.159975342006415,21.787775714366163,38.23662818877694,83385.75155565889,277.32599436986266,6017.598444238747,52321.451127422784,1043.3960198337927,53364.84714725658,52321.45112742278,52321.45107510134,46089.58776533742,1519.0418932099287,lexicographic,5.232145107510134e-05,4.6089587765337424e-05,False,0.13813429999936488,0.0,1,0
2025-11-24,False,2,0.95,10,0.8,0,calibrated_quantile,2025-10-27;2025-10-28;2025-10-29;2025-10-30;2025-10-31;2025-11-03;2025-11-04;2025-11-05;2025-11-06;2025-11-07;2025-11-10;2025-11-11;2025-11-12;2025-11-13;2025-11-14;2025-11-17;2025-11-18;2025-11-19;2025-11-20;2025-11-21,20,6854.43295773432,2025-11-17;2025-11-10,2025-11-17;2025-11-10;2025-11-03;2025-10-27;2025-11-18;2025-11-11;2025-11-04;2025-02-03;2025-10-20;2025-02-17,,2025-11-23,8272.59474018057,9484.996884244021,9472.59474018057,17.194117109402978,21.162593921633828,12.864769195122578,25.42391989474278,82828.21677085785,348.3507879219184,6586.261656665812,51600.624625154596,1291.856841360918,52892.48146651551,51600.624625154596,51600.624573553985,46374.19597882535,1482.8231494077022,lexicographic,5.160062457355399e-05,4.637419593245115e-05,False,0.24741229999926873,0.0,1,0
2025-11-25,False,2,0.95,10,0.8,0,calibrated_quantile,2025-10-28;2025-10-29;2025-10-30;2025-10-31;2025-11-03;2025-11-04;2025-11-05;2025-11-06;2025-11-07;2025-11-10;2025-11-11;2025-11-12;2025-11-13;2025-11-14;2025-11-17;2025-11-18;2025-11-19;2025-11-20;2025-11-21;2025-11-24,20,6794.5008804488825,2025-11-11;2025-11-18,2025-11-11;2025-11-18;2025-11-04;2025-11-19;2025-11-12;2025-11-24;2025-11-17;2025-11-10;2025-10-21;2025-11-03,,2025-11-24,8260.192596117111,9472.59474018057,9460.192596117111,18.243181764647492,22.506871912383243,18.555094557285372,36.288561549395034,83262.61396033678,276.5241085885717,4913.25497292943,51985.6859057442,924.0061905966521,52909.69209634085,51985.6859057442,51985.68585411191,46922.544095916426,1520.68117150126,lexicographic,5.198568585411191e-05,4.692254404899389e-05,False,0.15659359999699518,0.0,1,0
2025-11-26,False,2,0.95,10,0.8,0,calibrated_quantile,2025-10-29;2025-10-30;2025-10-31;2025-11-03;2025-11-04;2025-11-05;2025-11-06;2025-11-07;2025-11-10;2025-11-11;2025-11-12;2025-11-13;2025-11-14;2025-11-17;2025-11-18;2025-11-19;2025-11-20;2025-11-21;2025-11-24;2025-11-25,20,6758.237228263188,2025-11-19;2025-11-12,2025-11-19;2025-11-12;2025-11-20;2025-11-25;2025-11-11;2025-10-22;2025-11-05;2025-11-06;2025-11-13;2025-11-04,,2025-11-25,8247.79045205365,9460.192596117111,9447.79045205365,20.2518326282555,24.395146159301333,12.70964062874512,24.67844432543065,84547.23923903657,162.5025435283879,5497.662541871705,52906.52419039106,616.0345268308251,53522.55871722188,52906.52419039106,52906.52413748454,46869.14892849896,1527.6659372712554,lexicographic,5.2906524137484545e-05,4.686914888162981e-05,False,0.11590710000018589,0.0,1,0
2025-11-27,False,2,0.95,10,0.8,0,calibrated_quantile,2025-10-30;2025-10-31;2025-11-03;2025-11-04;2025-11-05;2025-11-06;2025-11-07;2025-11-10;2025-11-11;2025-11-12;2025-11-13;2025-11-14;2025-11-17;2025-11-18;2025-11-19;2025-11-20;2025-11-21;2025-11-24;2025-11-25;2025-11-26,20,6440.268548337626,2025-11-20;2025-11-19,2025-11-20;2025-11-19;2025-11-06;2025-11-26;2025-11-21;2025-11-13;2025-10-30;2025-11-14;2025-02-06;2025-11-12,,2025-11-26,8235.388307990199,9447.79045205365,9435.388307990199,16.506446961063624,22.227876935626195,12.646496522078316,24.321369146431863,84754.24411709612,164.12818155786067,6655.273787325119,52985.466507820696,696.2172486034377,53681.683756424136,52985.46650782069,52985.46645483521,47397.22392057552,1509.4321233403434,lexicographic,5.298546645483521e-05,4.739722387317829e-05,False,0.15605730000243057,0.0,1,0
2025-11-28,False,2,0.95,10,0.8,0,calibrated_quantile,2025-10-31;2025-11-03;2025-11-04;2025-11-05;2025-11-06;2025-11-07;2025-11-10;2025-11-11;2025-11-12;2025-11-13;2025-11-14;2025-11-17;2025-11-18;2025-11-19;2025-11-20;2025-11-21;2025-11-24;2025-11-25;2025-11-26;2025-11-27,20,6419.7908637016735,2025-11-21;2025-11-14,2025-11-21;2025-11-14;2025-11-07;2025-11-27;2025-11-20;2025-11-06;2025-11-13;2025-10-31;2025-10-30;2025-02-14,,2025-11-27,8222.986163926738,9435.388307990199,9422.986163926738,19.0616420457676,23.63800722997999,17.99396465839864,32.321118100951836,37964.22903589597,397.1662457910977,5564.790158716933,20104.691495971165,1854.9877289415267,21959.679224912692,20104.691495971165,20104.69147586647,35867.27902509301,1318.1441227096611,lexicographic,2.0104691475866474e-05,3.5867279025093016e-05,False,0.21849680000013905,0.0,1,0
2025-11-29,False,2,0.95,10,0.8,0,calibrated_quantile,2025-11-01;2025-11-02;2025-11-08;2025-11-09;2025-11-15;2025-11-16;2025-11-22;2025-11-23,8,7365.40106006701,2025-11-15;2025-11-22,2025-11-15;2025-11-22;2025-11-01;2025-11-08;2025-10-25;2025-02-15;2025-02-08;2025-10-18;2025-09-27;2025-03-08,,2025-11-28,8217.404285653447,9422.986163926738,9417.404285653447,18.88503900445401,23.39457603845849,39.582930589843414,77.09341100451928,38820.75893259466,2006.8018351121996,4032.0379691298394,20443.679736101236,6209.5198891731525,26653.19962527439,20443.67973610124,20443.679715657552,35561.28996675588,1298.6879428750806,lexicographic,2.0443679715657552e-05,3.556128996675589e-05,False,0.1967679000008502,0.0,1,0
2025-11-30,False,2,0.95,10,0.8,0,calibrated_quantile,2025-11-02;2025-11-08;2025-11-09;2025-11-15;2025-11-16;2025-11-22;2025-11-23;2025-11-29,8,7910.27931259148,2025-11-23;2025-11-16,2025-11-23;2025-11-16;2025-11-09;2025-02-02;2025-01-12;2025-01-19;2025-02-09;2025-11-02;2025-01-05;2025-02-16,,2025-11-29,8211.822407380152,9417.404285653447,9411.822407380152,19.42644549496734,24.09877457291568,36.624997483680666,74.4408526988529,85389.52916353334,1538.7847977632227,4259.423569568443,53742.494816333674,5253.2854795638395,58995.780295897515,53742.494816333674,53742.49476259118,46163.0919199601,1580.1303494268823,lexicographic,5.374249476259118e-05,4.616309187379705e-05,False,0.2780770000026678,0.0,1,0
2025-12-01,False,2,1.0,10,0.8,0,calibrated_quantile,2025-11-03;2025-11-04;2025-11-05;2025-11-06;2025-11-07;2025-11-10;2025-11-11;2025-11-12;2025-11-13;2025-11-14;2025-11-17;2025-11-18;2025-11-19;2025-11-20;2025-11-21;2025-11-24;2025-11-25;2025-11-26;2025-11-27;2025-11-28,20,6066.7554452762015,2025-11-24;2025-11-17,2025-11-24;2025-11-17;2025-11-10;2025-02-10;2025-02-03;2025-01-13;2025-11-11;2025-11-25;2025-01-20;2025-01-06,,2025-11-30,8206.240529106857,9411.822407380152,9406.240529106857,57.64646620370369,69.51540862551076,28.188327476270064,53.71449950364034,83297.15239609248,6506.111737190546,1075.8224995724222,52044.98369729322,24444.56446054683,76489.54815784005,52044.98369729322,52044.98364524825,46247.672800960674,1516.7162836331108,lexicographic,5.204498364524825e-05,4.6247672754713e-05,False,0.4172710000020743,0.0,1,0
2025-12-02,False,2,1.0,10,0.8,0,calibrated_quantile,2025-11-04;2025-11-05;2025-11-06;2025-11-07;2025-11-10;2025-11-11;2025-11-12;2025-11-13;2025-11-14;2025-11-17;2025-11-18;2025-11-19;2025-11-20;2025-11-21;2025-11-24;2025-11-25;2025-11-26;2025-11-27;2025-11-28;2025-12-01,20,6407.772536594846,2025-01-07;2025-01-14,2025-01-07;2025-01-14;2025-01-21;2025-01-28;2025-02-04;2025-01-15;2025-01-22;2025-11-11;2025-11-25;2025-02-11,,2025-12-01,8297.399028307482,9406.240529106857,9497.399028307482,21.918450231481476,27.3837736370486,35.05928826174244,63.161831883843654,94350.32715949876,1045.8527643294015,4114.761425330954,59710.51383865998,4387.538535682146,64098.05237434212,59710.51383865998,59710.513778949484,48498.951508107566,1648.1125908944705,lexicographic,5.971051377894949e-05,4.849895150811152e-05,False,0.2158326999997371,0.0,1,0
2025-12-03,False,2,1.0,10,0.8,0,calibrated_quantile,2025-11-05;2025-11-06;2025-11-07;2025-11-10;2025-11-11;2025-11-12;2025-11-13;2025-11-14;2025-11-17;2025-11-18;2025-11-19;2025-11-20;2025-11-21;2025-11-24;2025-11-25;2025-11-26;2025-11-27;2025-11-28;2025-12-01;2025-12-02,20,6704.241934227237,2025-01-15;2025-01-08,2025-01-15;2025-01-08;2025-01-29;2025-01-09;2025-01-22;2025-12-02;2025-01-02;2025-01-16;2025-01-07;2025-01-23,,2025-12-02,8284.996884244021,9497.399028307482,9484.996884244021,21.887151215277783,27.39567189737448,18.816780208333334,44.37781666004764,99372.05714505003,24.587035282159036,9633.188211176064,63591.410204819884,53.24750597476889,63644.65771079465,63591.41020481988,63591.41014122849,49648.754785960235,1662.2396136697903,lexicographic,6.35914101412285e-05,4.964875478596021e-05,False,0.19105560000025434,0.0,1,0
2025-12-04,False,2,1.0,10,0.8,0,calibrated_quantile,2025-11-06;2025-11-07;2025-11-10;2025-11-11;2025-11-12;2025-11-13;2025-11-14;2025-11-17;2025-11-18;2025-11-19;2025-11-20;2025-11-21;2025-11-24;2025-11-25;2025-11-26;2025-11-27;2025-11-28;2025-12-01;2025-12-02;2025-12-03,20,6518.357662533423,2025-01-09;2025-01-16,2025-01-09;2025-01-16;2025-12-03;2025-01-02;2025-01-23;2025-11-27;2025-01-30;2025-02-06;2025-01-15;2025-01-10,,2025-12-03,8272.59474018057,9484.996884244021,9472.59474018057,24.129606423611133,29.0337874457735,17.40297397218982,34.74697293453625,97774.20139197646,190.25738872448923,8592.54261909296,62179.07703572522,932.283187637516,63111.36022336273,62179.07703572522,62179.07697354616,49648.75495921219,1670.6488329787248,lexicographic,6.217907697354616e-05,4.964875490956342e-05,False,0.19177760000093258,0.0,1,0
2025-12-05,False,2,1.0,10,0.8,0,calibrated_quantile,2025-11-07;2025-11-10;2025-11-11;2025-11-12;2025-11-13;2025-11-14;2025-11-17;2025-11-18;2025-11-19;2025-11-20;2025-11-21;2025-11-24;2025-11-25;2025-11-26;2025-11-27;2025-11-28;2025-12-01;2025-12-02;2025-12-03;2025-12-04,20,6327.97876124866,2025-01-10;2025-01-17,2025-01-10;2025-01-17;2025-01-03;2025-01-24;2025-01-31;2025-12-04;2025-02-07;2025-01-09;2025-01-16;2025-11-21,,2025-12-04,8260.192596117111,9472.59474018057,9460.192596117111,24.595145775462957,29.440348424678046,13.314607054168603,32.3118353473147,50747.44038763524,321.8756666275715,7716.4086550123175,26788.07530707495,1297.4267463501344,28085.502053425083,26788.07530707495,26788.075280286866,39019.62874108642,1417.973205445231,lexicographic,2.678807528028687e-05,3.901962870206679e-05,False,0.19349829999919166,0.0,1,0
2025-12-06,False,2,1.0,10,0.8,0,calibrated_quantile,2025-11-08;2025-11-09;2025-11-15;2025-11-16;2025-11-22;2025-11-23;2025-11-29;2025-11-30,8,8333.083326713659,2025-01-04;2025-01-11,2025-01-04;2025-01-11;2025-01-18;2025-01-25;2025-02-01;2025-02-08;2025-11-22;2025-02-15;2025-11-29;2025-11-15,,2025-12-05,8247.79045205365,9460.192596117111,9447.79045205365,24.269119791666657,30.34920406080534,21.403783465885866,39.0639676682503,53800.062472856924,90.89441995672053,8183.327957154525,28225.80943358223,342.29386000525045,28568.103293587483,28225.80943358223,28225.80940535642,39052.278399517105,1417.8776485988521,lexicographic,2.822580940535642e-05,3.905227836046483e-05,False,0.11735070000213454,0.0,1,0
2025-12-07,False,2,1.0,10,0.8,0,calibrated_quantile,2025-11-09;2025-11-15;2025-11-16;2025-11-22;2025-11-23;2025-11-29;2025-11-30;2025-12-06,8,8171.2534276124625,2025-01-12;2025-01-05,2025-01-12;2025-01-05;2025-01-19;2025-01-26;2025-11-30;2025-02-02;2025-02-09;2025-11-16;2025-11-23;2025-02-16,,2025-12-06,8235.388307990199,9447.79045205365,9435.388307990199,22.65982430555555,28.54642304194062,15.690897392921894,29.824900664183424,99087.83104830579,127.5114850063709,8961.953875881332,63085.933055224144,508.1136731731372,63594.04672839728,63085.93305522416,63085.932992138216,49648.754879846056,1661.7843682938849,lexicographic,6.308593299213822e-05,4.96487548301973e-05,False,0.18281239999851095,0.0,1,0
2025-12-08,False,2,1.0,10,0.8,0,calibrated_quantile,2025-11-10;2025-11-11;2025-11-12;2025-11-13;2025-11-14;2025-11-17;2025-11-18;2025-11-19;2025-11-20;2025-11-21;2025-11-24;2025-11-25;2025-11-26;2025-11-27;2025-11-28;2025-12-01;2025-12-02;2025-12-03;2025-12-04;2025-12-05,20,6301.6280715824405,2025-01-06;2025-01-20,2025-01-06;2025-01-20;2025-01-13;2025-01-27;2025-12-01;2025-12-02;2025-02-03;2025-01-07;2025-02-10;2025-01-14,,2025-12-07,8222.986163926738,9435.388307990199,9422.986163926738,21.68788125000001,26.22340315777663,17.080184825102883,33.78226595181557,97844.74429580943,43.870869259846586,7440.696640842286,62490.4685356329,134.48879765884234,62624.95733329174,62490.468535632914,62490.468473142406,49648.75488230678,1635.8261809505598,lexicographic,6.24904684731424e-05,4.9648754882306746e-05,False,0.22366519999923185,0.0,1,0
2025-12-09,False,2,1.0,10,0.8,0,calibrated_quantile,2025-11-11;2025-11-12;2025-11-13;2025-11-14;2025-11-17;2025-11-18;2025-11-19;2025-11-20;2025-11-21;2025-11-24;2025-11-25;2025-11-26;2025-11-27;2025-11-28;2025-12-01;2025-12-02;2025-12-03;2025-12-04;2025-12-05;2025-12-08,20,5792.555414883802,2025-12-02;2025-01-07,2025-12-02;2025-01-07;2025-01-14;2025-01-21;2025-01-28;2025-12-03;2025-12-08;2025-02-04;2025-01-15;2025-01-08,,2025-12-08,8217.404285653447,9422.986163926738,9417.404285653447,22.72583350694445,27.837074228664264,14.391055661693551,27.94425097520274,97783.53897443516,225.02505456666904,8012.213159658525,62247.0929537169,920.4333231440587,63167.52627686096,62247.0929537169,62247.09289146982,49655.944144648616,1669.6430342004487,lexicographic,6.224709289146983e-05,4.9655944094992665e-05,False,0.17421140000078594,0.0,1,0
2025-12-10,False,2,1.0,10,0.8,0,calibrated_quantile,2025-11-12;2025-11-13;2025-11-14;2025-11-17;2025-11-18;2025-11-19;2025-11-20;2025-11-21;2025-11-24;2025-11-25;2025-11-26;2025-11-27;2025-11-28;2025-12-01;2025-12-02;2025-12-03;2025-12-04;2025-12-05;2025-12-08;2025-12-09,20,5781.524100828419,2025-12-03;2025-01-15,2025-12-03;2025-01-15;2025-01-08;2025-01-29;2025-12-04;2025-01-22;2025-01-09;2025-12-09;2025-01-16;2025-01-02,,2025-12-09,8211.822407380152,9417.404285653447,9411.822407380152,20.56624328703702,26.925048094324634,19.62281876806863,38.60709556793537,96591.76784775074,411.5884422720668,6007.841219848599,61499.303875161,1582.6521422827595,63081.95601744376,61499.303875161,61499.3038136617,49655.94416043603,1667.7474589838848,lexicographic,6.14993038136617e-05,4.965594416043621e-05,False,0.2140108000021428,0.0,1,0
2025-12-11,False,2,1.0,10,0.8,0,calibrated_quantile,2025-11-13;2025-11-14;2025-11-17;2025-11-18;2025-11-19;2025-11-20;2025-11-21;2025-11-24;2025-11-25;2025-11-26;2025-11-27;2025-11-28;2025-12-01;2025-12-02;2025-12-03;2025-12-04;2025-12-05;2025-12-08;2025-12-09;2025-12-10,20,5825.9826984501515,2025-12-04;2025-01-09,2025-12-04;2025-01-09;2025-01-02;2025-01-16;2025-01-23;2025-12-10;2025-12-03;2025-01-15;2025-01-08;2025-12-05,,2025-12-10,8206.240529106857,9411.822407380152,9406.240529106857,23.616707118055558,29.58034950816217,14.86930572296878,29.88804003626861,97812.99540421517,124.0919973335898,9367.93609903619,62282.68928262002,400.1409717879131,62682.830254407934,62282.68928262002,62282.689220337335,49655.94414153154,1655.7342769948536,lexicographic,6.228268922033733e-05,4.9655944091875584e-05,False,0.18275530000028084,0.0,1,0
2025-12-12,False,2,1.0,10,0.8,0,calibrated_quantile,2025-11-14;2025-11-17;2025-11-18;2025-11-19;2025-11-20;2025-11-21;2025-11-24;2025-11-25;2025-11-26;2025-11-27;2025-11-28;2025-12-01;2025-12-02;2025-12-03;2025-12-04;2025-12-05;2025-12-08;2025-12-09;2025-12-10;2025-12-11,20,5478.503616269067,2025-12-05;2025-01-10,2025-12-05;2025-01-10;2025-01-17;2025-01-24;2025-01-03;2025-02-07;2025-01-31;2025-12-11;2025-12-04;2025-11-21,,2025-12-11,8200.658650833568,9406.240529106857,9400.658650833568,22.590965625,28.391080313386496,20.799805653606796,48.54060669963412,49767.31014523152,809.3136307837356,4826.283819477278,25981.636104011228,2600.620863109187,28582.256967120415,25981.63610401123,25981.636078029584,38788.5116846807,1392.4863487963235,lexicographic,2.5981636078029584e-05,3.878851164589221e-05,False,0.18954780000058236,0.0,1,0
2025-12-13,False,2,1.0,10,0.8,0,calibrated_quantile,2025-11-15;2025-11-16;2025-11-22;2025-11-23;2025-11-29;2025-11-30;2025-12-06;2025-12-07,8,7821.143552965331,2025-01-11;2025-12-06,2025-01-11;2025-12-06;2025-01-04;2025-01-18;2025-02-01;2025-01-25;2025-02-08;2025-02-15;2025-11-22;2025-11-29,,2025-12-12,8195.076772560273,9400.658650833568,9395.076772560273,19.9465620949074,24.66000597150379,15.564848021642392,34.66054175539695,54139.79099014713,143.69094980635862,8434.128725740171,28437.57265858212,675.9791117464074,29113.55177032853,28437.572658582118,28437.572630144554,39071.485480512354,1401.7781726153567,lexicographic,2.8437572630144554e-05,3.907148544144087e-05,False,0.17164339999726508,0.0,1,0
2025-12-14,False,2,1.0,10,0.8,0,calibrated_quantile,2025-11-16;2025-11-22;2025-11-23;2025-11-29;2025-11-30;2025-12-06;2025-12-07;2025-12-13,8,7316.042100229308,2025-12-07;2025-01-12,2025-12-07;2025-01-12;2025-01-05;2025-01-19;2025-01-26;2025-02-02;2025-11-30;2025-02-09;2025-11-16;2025-02-16,,2025-12-13,8189.494894286981,9395.076772560273,9389.494894286981,20.810150636574072,26.212766223754052,13.302244971919416,26.7062021528172,98193.20226806006,133.08298787655747,6939.666854358014,62485.44689049232,562.4100890960722,63047.85697958839,62485.44689049233,62485.44682800687,49655.94412378617,1660.1543710472517,lexicographic,6.248544682800687e-05,4.965594407413022e-05,False,0.16484249999848544,0.0,1,0
2025-12-15,False,2,1.0,10,0.8,0,calibrated_quantile,2025-11-17;2025-11-18;2025-11-19;2025-11-20;2025-11-21;2025-11-24;2025-11-25;2025-11-26;2025-11-27;2025-11-28;2025-12-01;2025-12-02;2025-12-03;2025-12-04;2025-12-05;2025-12-08;2025-12-09;2025-12-10;2025-12-11;2025-12-12,20,5546.015216675261,2025-12-08;2025-01-13,2025-12-08;2025-01-13;2025-01-06;2025-01-20;2025-01-27;2025-12-01;2025-12-09;2025-02-10;2025-01-07;2025-02-03,,2025-12-14,8183.9130160136865,9389.494894286981,9383.913016013687,20.559930150462964,25.03337164273063,21.16038525810902,45.73841814734307,96701.37501084515,643.3334577521653,5267.2538982494225,61461.61640079896,2123.8905341114883,63585.506934910445,61461.61640079895,61461.61633933735,49655.944163735985,1627.055051942741,lexicographic,6.146161633933736e-05,4.9655944163736206e-05,False,0.18595389999973122,0.0,1,0
2025-12-16,False,2,1.0,10,0.8,0,calibrated_quantile,2025-11-18;2025-11-19;2025-11-20;2025-11-21;2025-11-24;2025-11-25;2025-11-26;2025-11-27;2025-11-28;2025-12-01;2025-12-02;2025-12-03;2025-12-04;2025-12-05;2025-12-08;2025-12-09;2025-12-10;2025-12-11;2025-12-12;2025-12-15,20,5568.752400414392,2025-12-09;2025-01-07,2025-12-09;2025-01-07;2025-01-14;2025-12-02;2025-01-21;2025-12-10;2025-01-08;2025-12-03;2025-12-15;2025-01-13,,2025-12-15,8178.331137740392,9383.913016013687,9378.331137740392,18.823614467592577,24.410524330878207,9.561785815653186,19.379427289737503,98386.04423681577,62.33132276674406,6422.387628294069,62704.709187267625,211.4879197467145,62916.19710701434,62704.709187267625,62704.70912456289,49655.94405493965,1676.1297986821842,lexicographic,6.270470912456289e-05,4.96559440549394e-05,False,0.18805910000082804,1.1603526618279558e-16,1,0
2025-12-17,False,2,1.0,10,0.8,0,calibrated_quantile,2025-11-19;2025-11-20;2025-11-21;2025-11-24;2025-11-25;2025-11-26;2025-11-27;2025-11-28;2025-12-01;2025-12-02;2025-12-03;2025-12-04;2025-12-05;2025-12-08;2025-12-09;2025-12-10;2025-12-11;2025-12-12;2025-12-15;2025-12-16,20,5275.4882751506775,2025-01-08;2025-12-10,2025-01-08;2025-12-10;2025-12-03;2025-01-15;2025-12-11;2025-01-29;2025-01-02;2025-12-16;2025-12-04;2025-01-09,,2025-12-16,8172.7492594671,9378.331137740392,9372.7492594671,22.01757048611111,26.673239338143407,6.701114067172749,14.29143890561543,97373.12025969135,243.87065385418066,6817.247244645802,61776.00724847479,892.9108135810766,62668.91806205586,61776.00724847478,61776.00718669879,49655.94413622054,1655.335396840967,lexicographic,6.17760071866988e-05,4.965594413622031e-05,False,0.20453470000211382,0.0,1,0
2025-12-18,False,2,1.0,10,0.8,0,calibrated_quantile,2025-11-20;2025-11-21;2025-11-24;2025-11-25;2025-11-26;2025-11-27;2025-11-28;2025-12-01;2025-12-02;2025-12-03;2025-12-04;2025-12-05;2025-12-08;2025-12-09;2025-12-10;2025-12-11;2025-12-12;2025-12-15;2025-12-16;2025-12-17,20,5053.826642723954,2025-12-11;2025-01-02,2025-12-11;2025-01-02;2025-12-04;2025-01-09;2025-01-16;2025-01-23;2025-12-17;2025-12-10;2025-12-03;2025-01-08,,2025-12-17,8167.167381193805,9372.7492594671,9367.167381193805,23.382370775462952,28.582157861501425,16.72700667609287,37.01367512526305,96774.98619942566,358.55226669278875,7159.374895823741,61473.1242311727,1261.4981414336328,62734.62237260633,61473.1242311727,61473.12416969956,49655.94416272553,1623.3216491316994,lexicographic,6.147312416969956e-05,4.965594416272627e-05,False,0.26693169999998645,0.0,1,0
2025-12-19,False,2,1.0,10,0.8,0,calibrated_quantile,2025-11-21;2025-11-24;2025-11-25;2025-11-26;2025-11-27;2025-11-28;2025-12-01;2025-12-02;2025-12-03;2025-12-04;2025-12-05;2025-12-08;2025-12-09;2025-12-10;2025-12-11;2025-12-12;2025-12-15;2025-12-16;2025-12-17;2025-12-18,20,4858.054608901992,2025-12-12;2025-12-05,2025-12-12;2025-12-05;2025-01-10;2025-01-17;2025-01-24;2025-01-31;2025-01-03;2025-02-07;2025-12-04;2025-12-11,,2025-12-18,8146.553562163335,9367.167381193805,9346.553562163335,20.65240844907408,25.08524572976471,13.30534397972478,26.89043096744422,49099.66889500558,685.613700163382,4865.016338708901,25358.3455194063,2842.077487823996,28200.423007230296,25358.3455194063,25358.345494047964,38616.74388920615,1386.0914644695472,lexicographic,2.5358345494047966e-05,3.8616743850589405e-05,False,0.12915960000100313,0.0,1,0
2025-12-20,False,2,1.0,10,0.8,0,calibrated_quantile,2025-11-22;2025-11-23;2025-11-29;2025-11-30;2025-12-06;2025-12-07;2025-12-13;2025-12-14,8,6808.391890537973,2025-12-13;2025-12-06,2025-12-13;2025-12-06;2025-01-11;2025-01-18;2025-01-04;2025-02-01;2025-01-25;2025-02-08;2025-11-22;2025-02-15,,2025-12-19,8125.939743132853,9346.553562163335,9325.939743132854,18.018350925925922,22.22711108756598,12.964666584304922,26.155345135551066,52806.97806215685,303.599997450154,8182.813467469501,27570.921786521136,1049.2054053782863,28620.12719189942,27570.921786521136,27570.921758950197,39747.95421707774,1376.2364822329296,lexicographic,2.75709217589502e-05,3.97479541773298e-05,False,0.15872870000021067,0.0,1,0
2025-12-21,False,2,1.0,10,0.8,0,calibrated_quantile,2025-11-23;2025-11-29;2025-11-30;2025-12-06;2025-12-07;2025-12-13;2025-12-14;2025-12-20,8,6574.7391832600615,2025-12-14;2025-12-07,2025-12-14;2025-12-07;2025-01-12;2025-01-05;2025-01-19;2025-01-26;2025-02-02;2025-11-30;2025-02-09;2025-02-16,,2025-12-20,8105.325924102372,9325.939743132854,9305.325924102372,21.695539583333332,27.169960246410824,9.407097643807209,21.741827493458523,97867.57605955971,412.2061410944242,6649.948791038735,62312.04135519483,1291.5741358536945,63603.61549104853,62312.04135519483,62312.04129288278,49640.09903249103,1651.6008442195562,lexicographic,6.231204129288278e-05,4.964009903249033e-05,False,0.16408619999856455,1.1676647824751135e-16,1,0
2025-12-22,False,2,1.0,10,0.8,0,calibrated_quantile,2025-11-24;2025-11-25;2025-11-26;2025-11-27;2025-11-28;2025-12-01;2025-12-02;2025-12-03;2025-12-04;2025-12-05;2025-12-08;2025-12-09;2025-12-10;2025-12-11;2025-12-12;2025-12-15;2025-12-16;2025-12-17;2025-12-18;2025-12-19,20,4895.233197477106,2025-12-15;2025-12-08,2025-12-15;2025-12-08;2025-01-13;2025-01-06;2025-01-20;2025-01-27;2025-12-01;2025-12-16;2025-12-09;2025-02-10,,2025-12-21,8084.7121050719015,9305.325924102372,9284.712105071902,19.724965682870355,24.464925142467365,8.765870515206343,17.907053873011968,96400.47119493349,522.246466663136,5393.239029958761,61149.32888506992,1874.2275989709756,63023.55648404089,61149.32888506992,61149.3288239206,49640.099134250995,1610.6287361360228,lexicographic,6.11493288239206e-05,4.964009913425073e-05,False,0.16774850000001607,0.0,1,0
2025-12-23,False,2,1.0,10,0.8,0,calibrated_quantile,2025-11-25;2025-11-26;2025-11-27;2025-11-28;2025-12-01;2025-12-02;2025-12-03;2025-12-04;2025-12-05;2025-12-08;2025-12-09;2025-12-10;2025-12-11;2025-12-12;2025-12-15;2025-12-16;2025-12-17;2025-12-18;2025-12-19;2025-12-22,20,4867.142741227148,2025-12-09;2025-12-16,2025-12-09;2025-12-16;2025-01-07;2025-01-14;2025-12-02;2025-01-21;2025-01-28;2025-02-04;2025-12-15;2025-12-17,,2025-12-22,8064.098286041419,9284.712105071902,9264.098286041419,17.804748842592588,22.31700989593094,11.331030623949232,24.06174745293032,96448.36058586484,126.46278639098144,6724.679291336652,61305.36287751306,350.8415800410934,61656.20445755415,61305.362877513064,61305.36281620772,49640.099120596315,1655.1968462212644,lexicographic,6.130536281620772e-05,4.9640099120596956e-05,False,0.21270870000080322,0.0,1,0
2025-12-24,False,2,1.0,10,0.8,0,calibrated_quantile,2025-11-26;2025-11-27;2025-11-28;2025-12-01;2025-12-02;2025-12-03;2025-12-04;2025-12-05;2025-12-08;2025-12-09;2025-12-10;2025-12-11;2025-12-12;2025-12-15;2025-12-16;2025-12-17;2025-12-18;2025-12-19;2025-12-22;2025-12-23,20,4623.063475685918,2025-12-10;2025-12-17,2025-12-10;2025-12-17;2025-12-03;2025-01-15;2025-01-08;2025-01-29;2025-12-18;2025-12-11;2025-12-04;2025-01-22,,2025-12-23,8043.484467010949,9264.098286041419,9243.484467010949,17.81412858796296,22.391528788349103,11.815311260197706,25.07735502583731,94877.97016637976,325.53684424542627,4756.89614070258,60074.33168150888,1463.2144702073435,61537.54615171622,60074.33168150888,60074.33162143452,49640.09922832788,1618.6974413623873,lexicographic,6.0074331621434524e-05,4.964009922832808e-05,False,0.18124230000103125,0.0,1,0
2025-12-25,False,2,1.0,10,0.8,0,calibrated_quantile,2025-11-27;2025-11-28;2025-12-01;2025-12-02;2025-12-03;2025-12-04;2025-12-05;2025-12-08;2025-12-09;2025-12-10;2025-12-11;2025-12-12;2025-12-15;2025-12-16;2025-12-17;2025-12-18;2025-12-19;2025-12-22;2025-12-23;2025-12-24,20,4582.02250752769,2025-12-11;2025-12-04,2025-12-11;2025-12-04;2025-01-09;2025-12-18;2025-01-16;2025-01-23;2025-01-02;2025-12-24;2025-02-06;2025-01-30,,2025-12-24,8022.870647980468,9243.484467010949,9222.870647980468,21.046116377314817,27.086051642550053,14.845989953976279,34.0014397722785,95375.88412959172,744.2899235338448,5715.67397011086,60850.38543412261,2136.5456241032225,62986.93105822583,60850.38543412261,60850.38537327221,49640.09916041147,1595.9647213646751,lexicographic,6.0850385373272216e-05,4.96400991604114e-05,False,0.2289998000014748,0.0,1,0
2025-12-26,False,2,1.0,10,0.8,0,calibrated_quantile,2025-11-28;2025-12-01;2025-12-02;2025-12-03;2025-12-04;2025-12-05;2025-12-08;2025-12-09;2025-12-10;2025-12-11;2025-12-12;2025-12-15;2025-12-16;2025-12-17;2025-12-18;2025-12-19;2025-12-22;2025-12-23;2025-12-24;2025-12-25,20,4661.887796807436,2025-12-12;2025-12-19,2025-12-12;2025-12-19;2025-01-10;2025-01-24;2025-01-03;2025-01-17;2025-12-05;2025-02-07;2025-12-18;2025-01-31,,2025-12-25,8002.256828949986,9222.870647980468,9202.256828949987,18.383229571759255,22.856137728082185,12.60958223410435,28.46233114327622,49165.66726748968,324.79516221450695,4464.445051469341,25509.938319916997,1145.8295442939861,26655.767864210982,25509.938319916997,25509.938294407064,38740.623669593886,1368.1372272051954,lexicographic,2.5509938294407065e-05,3.8740623630853276e-05,False,0.1566781000001356,0.0,1,0
2025-12-27,False,2,1.0,10,0.8,0,calibrated_quantile,2025-11-29;2025-11-30;2025-12-06;2025-12-07;2025-12-13;2025-12-14;2025-12-20;2025-12-21,8,6332.912191068216,2025-12-20;2025-12-06,2025-12-20;2025-12-06;2025-12-13;2025-01-11;2025-01-18;2025-01-04;2025-01-25;2025-02-01;2025-02-08;2025-02-15,,2025-12-26,7981.643009919515,9202.256828949987,9181.643009919515,22.47513113425926,27.309879200912242,11.099135590216898,22.962572908119622,51782.890469589925,370.5721261313763,6751.2824125921725,26954.658831608678,1582.402137792349,28537.060969401027,26954.658831608675,26954.658804654024,39595.17092925177,1386.0149825836938,lexicographic,2.6954658804654025e-05,3.95951708896566e-05,False,0.16827609999745619,0.0,1,0
2025-12-28,False,2,1.0,10,0.8,0,calibrated_quantile,2025-11-30;2025-12-06;2025-12-07;2025-12-13;2025-12-14;2025-12-20;2025-12-21;2025-12-27,8,4957.236163517436,2025-12-21;2025-12-14,2025-12-21;2025-12-14;2025-12-07;2025-01-12;2025-01-19;2025-01-05;2025-01-26;2025-02-02;2025-11-30;2025-02-09,,2025-12-27,7961.029190889034,9181.643009919515,9161.029190889034,23.266688715277773,27.72935914782176,16.021824870416495,32.81288870011357,96502.8426618375,541.3865643454528,7642.9229288389515,61357.84125228662,2128.350077188025,63486.19132947465,61357.84125228663,61357.84119092878,49640.09911600124,1630.750273417349,lexicographic,6.135784119092879e-05,4.964009911600026e-05,False,0.28379800000038813,0.0,1,0
2025-12-29,False,2,1.0,10,0.8,0,calibrated_quantile,2025-12-01;2025-12-02;2025-12-03;2025-12-04;2025-12-05;2025-12-08;2025-12-09;2025-12-10;2025-12-11;2025-12-12;2025-12-15;2025-12-16;2025-12-17;2025-12-18;2025-12-19;2025-12-22;2025-12-23;2025-12-24;2025-12-25;2025-12-26,20,4579.332119551664,2025-12-22;2025-12-15,2025-12-22;2025-12-15;2025-01-13;2025-12-08;2025-01-06;2025-01-20;2025-01-27;2025-02-10;2025-02-03;2025-12-01,,2025-12-28,7955.723996615395,9161.029190889034,9155.723996615394,20.341561689814814,25.742361359656126,10.654707610714103,21.932788286756825,96024.62521263538,275.31281862826074,6167.983507431756,60823.24477747514,926.5171604353229,61749.761937910465,60823.244777475134,60823.24471665189,49656.23587014571,1637.7307448129636,lexicographic,6.0823244716651894e-05,4.965623587014591e-05,False,0.21728730000177165,0.0,1,0
2025-12-30,False,2,1.0,10,0.8,0,calibrated_quantile,2025-12-02;2025-12-03;2025-12-04;2025-12-05;2025-12-08;2025-12-09;2025-12-10;2025-12-11;2025-12-12;2025-12-15;2025-12-16;2025-12-17;2025-12-18;2025-12-19;2025-12-22;2025-12-23;2025-12-24;2025-12-25;2025-12-26;2025-12-29,20,3784.491875745055,2025-12-23;2025-12-09,2025-12-23;2025-12-09;2025-12-16;2025-01-07;2025-01-14;2025-01-21;2025-01-28;2025-12-02;2025-02-04;2025-12-24,,2025-12-29,7950.418802341752,9155.723996615394,9150.418802341752,19.358311979166672,23.85583381761642,16.061049579055634,34.05071918796653,94429.40521814857,326.33494499310916,5923.149301704051,59895.71216222337,1198.272311406448,61093.98447362982,59895.71216222337,59895.712102327656,49656.23595132163,1640.3754634760016,lexicographic,5.989571210232766e-05,4.965623595132141e-05,False,0.2709150000009686,0.0,1,0
2025-12-31,False,2,1.0,10,0.8,0,calibrated_quantile,2025-12-03;2025-12-04;2025-12-05;2025-12-08;2025-12-09;2025-12-10;2025-12-11;2025-12-12;2025-12-15;2025-12-16;2025-12-17;2025-12-18;2025-12-19;2025-12-22;2025-12-23;2025-12-24;2025-12-25;2025-12-26;2025-12-29;2025-12-30,20,3340.1976142227445,2025-12-24;2025-12-10,2025-12-24;2025-12-10;2025-01-15;2025-12-03;2025-12-17;2025-01-29;2025-01-08;2025-01-22;2025-02-05;2025-12-25,,2025-12-30,7945.11360806811,9150.418802341752,9145.11360806811,22.535337037037042,28.47149613153722,9.76689073323345,21.725902412278398,94058.3413547714,952.5289801452882,3756.259137437978,59307.84888199168,3852.9730404622705,63160.82192245395,59307.84888199168,59307.84882268382,49656.23600276864,1621.5287285112918,lexicographic,5.9307848822683826e-05,4.9656236002768537e-05,False,0.28304669999852194,0.0,1,0
