date,warmup,k_load,rho_load,k_pv,rho_pv,scenario_count,purchase_strategy,risk_source_dates,risk_source_day_count,purchase_margin_kwh,similar_load_dates,similar_pv_dates,scenario_source_dates,reserve_latest_source_date,reserve_kwh,soc_start_kwh,soc_end_kwh,load_mae_kwh,load_rmse_kwh,pv_mae_kwh,pv_rmse_kwh,planned_grid_kwh,actual_emergency_kwh,actual_surplus_kwh,planned_cost_yuan,emergency_cost_yuan,actual_total_cost_yuan,solver_objective_yuan,primary_optimum_yuan,storage_throughput_kwh,peak_grid_kwh,objective_mode,cost_lock_tolerance,throughput_lock_tolerance,lexicographic_tolerance_relaxed,solver_seconds,mip_gap,mip_node_count,solver_status
2025-01-01,True,4,1.0,7,1.0,1,legacy_scenarios,,0,0.0,,,,,0.0,6000.0,1200.0,113.22068668981478,133.3022984116728,140.49898124999996,202.86438614058318,54149.365590550944,36514.41488333333,21.217300000000023,32909.86528886616,146586.90245181666,179496.76774068282,32909.86528886616,32909.8652559563,32207.271655599336,1409.802763499626,lexicographic,3.29098652559563e-05,3.220727162339207e-05,False,0.19536069999958272,0.0,1,0
2025-01-02,True,4,1.0,7,1.0,1,legacy_scenarios,,0,0.0,2025-01-01,2025-01-01,2025-01-01,2025-01-01,0.0,1200.0,1200.0,23.174773842592586,30.59957725485432,10.191742013888886,22.31262096676364,121187.55481800545,1078.4512333333328,24345.769549999997,80989.97380738662,3690.905855833331,84680.87966321995,113351.5922729366,113351.592159585,47964.973656613576,1915.6016626657388,lexicographic,0.000113351592159585,4.7964973608648594e-05,False,0.08224949999930686,0.0,1,0
2025-01-03,True,4,1.0,7,1.0,2,legacy_scenarios,,0,0.0,2025-01-02,2025-01-02,2025-01-02;2025-01-01,2025-01-02,0.0,1200.0,1200.0,317.8716789351851,348.7040332424474,14.416922685185186,34.59753499876732,122067.11959109809,0.0,71527.18066666667,81754.5938942043,0.0,81754.5938942043,99925.96195176264,99925.96185183665,47964.97673449597,1912.4201794637067,lexicographic,9.992596185183665e-05,4.7964976734494286e-05,False,0.09353840000039781,1.4562697179681322e-16,1,0
2025-01-04,True,4,1.0,7,1.0,3,legacy_scenarios,,0,0.0,2025-01-02;2025-01-03,2025-01-02;2025-01-03,2025-01-03;2025-01-02;2025-01-01,2025-01-03,0.0,1200.0,1200.0,160.62484398148146,176.43343098782768,13.496411921296293,34.372197882564734,98237.90548959529,125.69500000000005,48634.08835833332,62151.69617870356,268.7359100000001,62420.432088703565,74327.74660861329,74327.74653428551,47287.77196798675,1678.534834638601,lexicographic,7.432774653428552e-05,4.728777192069897e-05,False,0.12086469999849214,0.0,1,0
2025-01-05,True,4,1.0,7,1.0,4,legacy_scenarios,,0,0.0,2025-01-04;2025-01-02;2025-01-03,2025-01-04;2025-01-02;2025-01-03,2025-01-04;2025-01-03;2025-01-02;2025-01-01,2025-01-04,0.0,1200.0,1200.0,212.01386859567904,233.77631031764665,8.594969907407412,17.060329152744558,90014.20848887303,14603.011850000003,8704.845405555552,55605.654769347544,61680.16771044722,117285.82247979476,64810.351417777405,64810.351352967074,46456.64729634028,1603.423387051109,lexicographic,6.481035135296708e-05,4.6456647296334436e-05,False,0.10272590000022319,1.1226536289793353e-16,1,0
2025-01-06,True,4,1.0,7,1.0,5,legacy_scenarios,,0,0.0,2025-01-05;2025-01-04;2025-01-02;2025-01-03,2025-01-05;2025-01-04;2025-01-02;2025-01-03,2025-01-03;2025-01-02;2025-01-01;2025-01-05;2025-01-04,2025-01-05,9600.0,1200.0,10800.0,153.12547980324072,169.0588475659639,10.199889641203704,18.703873205654457,105422.1587042349,10192.509579166666,9349.51824162676,64414.39777545165,42773.92441210208,107188.32218755374,85984.62961686037,85984.62953087577,57974.372550591725,1610.9678399960856,lexicographic,8.598462953087577e-05,5.797437249261735e-05,False,0.14258840000184136,0.0,1,0
2025-01-07,True,4,1.0,7,1.0,5,legacy_scenarios,,0,0.0,2025-01-06;2025-01-05;2025-01-04;2025-01-03,2025-01-06;2025-01-05;2025-01-04;2025-01-03;2025-01-02,2025-01-06;2025-01-03;2025-01-02;2025-01-01;2025-01-05,2025-01-06,9600.0,10800.0,10800.0,155.2669320601852,173.6515376588082,16.54014543981482,37.71145158073236,94677.62244514885,10384.913862222224,7538.4891462435735,59708.393800744016,43479.53507560959,103187.9288763536,89800.61346252705,89800.61337272651,47223.34022179352,1604.4349832606772,lexicographic,8.980061337272651e-05,4.722334017457018e-05,False,0.19283530000029714,3.2409389383494873e-16,1,0
2025-01-08,True,4,1.0,7,1.0,5,legacy_scenarios,,0,0.0,2025-01-07;2025-01-06;2025-01-03;2025-01-02,2025-01-07;2025-01-06;2025-01-03;2025-01-02;2025-01-04;2025-01-05,2025-01-07;2025-01-06;2025-01-03;2025-01-02;2025-01-01,2025-01-07,9600.0,10800.0,10800.0,76.57864282407408,86.28541026220604,11.743839756944448,27.510074910574733,106191.48870137743,4869.559020833333,16500.048737702797,68976.30406255917,20180.026293962503,89156.33035652168,95422.15807119702,95422.15797577491,47964.97778311983,1720.6140574250162,lexicographic,9.542215797577491e-05,4.796497778313101e-05,False,0.18804889999955776,1.5250037870723052e-16,1,0
2025-01-09,True,4,1.0,7,1.0,6,legacy_scenarios,,0,0.0,2025-01-07;2025-01-06;2025-01-08;2025-01-05,2025-01-07;2025-01-06;2025-01-08;2025-01-05;2025-01-04;2025-01-03;2025-01-02,2025-01-08;2025-01-07;2025-01-06;2025-01-03;2025-01-02;2025-01-01,2025-01-08,9600.0,10800.0,10800.0,18.543603269675916,24.68488685753256,14.302365443121687,28.964994506799798,110957.60126310047,811.0136333333337,15690.802539642862,73250.1270675677,2382.3757356375027,75632.50280320519,102769.40319287457,102769.40309010522,47500.65155065767,1765.0389596080197,lexicographic,0.00010276940309010522,4.750065150315703e-05,False,0.21830530000079307,0.0,1,0
2025-01-10,True,4,1.0,7,1.0,7,legacy_scenarios,,0,0.0,2025-01-09;2025-01-08;2025-01-07;2025-01-06,2025-01-09;2025-01-08;2025-01-07;2025-01-06;2025-01-03;2025-01-04;2025-01-02,2025-01-09;2025-01-08;2025-01-07;2025-01-06;2025-01-03;2025-01-02;2025-01-01,2025-01-09,9600.0,10800.0,10800.0,315.2259735243055,343.80741676306536,13.036234490740743,23.581469382985006,110914.96354142716,0.0,60438.61378130952,73204.97834802934,0.0,73204.97834802934,98826.9628069848,98826.96270815782,47495.191098138326,1765.13955425116,lexicographic,9.882696270815783e-05,4.749519105064313e-05,False,0.25347940000210656,0.0,1,0
2025-01-11,True,4,1.0,7,1.0,5,legacy_scenarios,,0,0.0,2025-01-10;2025-01-04;2025-01-05;2025-01-09,2025-01-10;2025-01-04;2025-01-05;2025-01-09;2025-01-08;2025-01-07;2025-01-06,2025-01-05;2025-01-04;2025-01-10;2025-01-09;2025-01-08,2025-01-10,9600.0,10800.0,10800.0,160.43242879050925,177.37324896535188,8.88114518849207,17.65386992893256,86571.88040287208,91.34416666666539,36920.6735432886,53747.99910130003,195.2938283333306,53943.29292963336,72096.95806051801,72096.95798842103,46456.645164979534,1531.105624908067,lexicographic,7.209695798842104e-05,4.645664511852289e-05,False,0.12905980000141426,0.0,1,0
2025-01-12,True,4,1.0,7,1.0,5,legacy_scenarios,,0,0.0,2025-01-11;2025-01-10;2025-01-05;2025-01-04,2025-01-11;2025-01-10;2025-01-05;2025-01-04;2025-01-09;2025-01-06;2025-01-07,2025-01-11;2025-01-05;2025-01-04;2025-01-10;2025-01-09,2025-01-11,9600.0,10800.0,10800.0,231.62261385995367,254.54862271919572,9.330521312830685,18.99400306046369,74393.249241963,21507.63141917243,249.32705396825452,44096.78731806662,86879.49373369594,130976.28105176256,58852.47501051852,58852.47495166607,45589.758026171636,1396.1745896953153,lexicographic,5.885247495166607e-05,4.5589757980581885e-05,False,0.19356770000013057,0.0,1,0
2025-01-13,True,4,1.0,7,1.0,8,legacy_scenarios,,0,0.0,2025-01-10;2025-01-12;2025-01-07;2025-01-08,2025-01-10;2025-01-12;2025-01-07;2025-01-08;2025-01-11;2025-01-06;2025-01-09,2025-01-10;2025-01-09;2025-01-08;2025-01-07;2025-01-06;2025-01-03;2025-01-02;2025-01-01,2025-01-12,9600.0,10800.0,10800.0,80.42537786458335,90.09165214394307,18.904435813492082,33.965321589273174,99391.63842203503,5127.986495833333,11369.003986666672,63779.27117681023,20811.176881777083,84590.44805858731,86126.84893829902,86126.84885217213,46456.64092530751,1650.3843955165153,lexicographic,8.612684885217214e-05,4.6456640925313084e-05,False,0.27017390000037267,0.0,1,0
2025-01-14,True,4,1.0,7,1.0,9,legacy_scenarios,,0,0.0,2025-01-09;2025-01-13;2025-01-07;2025-01-12,2025-01-09;2025-01-13;2025-01-07;2025-01-12;2025-01-06;2025-01-10;2025-01-11,2025-01-13;2025-01-10;2025-01-09;2025-01-08;2025-01-07;2025-01-06;2025-01-03;2025-01-02;2025-01-01,2025-01-13,9600.0,10800.0,10800.0,18.74131059027778,23.157980450644043,11.960215823412709,23.98416661720409,110797.95019197415,1009.2585916666669,17522.686548571433,73012.09697858267,3293.389235491668,76305.48621407434,95166.01144835207,95166.01135318611,47671.67808495923,1761.2050827966727,lexicographic,9.516601135318612e-05,4.767167803728755e-05,False,0.38112829999954556,0.0,1,0
2025-01-15,True,4,1.0,7,1.0,10,legacy_scenarios,,0,0.0,2025-01-14;2025-01-09;2025-01-13;2025-01-10,2025-01-14;2025-01-09;2025-01-13;2025-01-10;2025-01-07;2025-01-12;2025-01-06,2025-01-14;2025-01-13;2025-01-10;2025-01-09;2025-01-08;2025-01-07;2025-01-06;2025-01-03;2025-01-02;2025-01-01,2025-01-14,9600.0,10800.0,10800.0,79.35085726273148,90.22398859570124,9.678541005291002,18.616331272321712,98073.59655296209,5050.389867261903,8176.9794532544665,62752.79251325327,21754.697309396422,84507.48982264969,83924.44003260364,83924.43994867927,46456.641583587,1592.2145038497017,lexicographic,8.392443994867927e-05,4.6456641583597695e-05,False,0.38355359999695793,0.0,1,0
2025-01-16,True,4,1.0,7,1.0,11,legacy_scenarios,,0,0.0,2025-01-15;2025-01-10;2025-01-14;2025-01-09,2025-01-15;2025-01-10;2025-01-14;2025-01-09;2025-01-07;2025-01-13;2025-01-08,2025-01-15;2025-01-14;2025-01-13;2025-01-10;2025-01-09;2025-01-08;2025-01-07;2025-01-06;2025-01-03;2025-01-02;2025-01-01,2025-01-15,9600.0,10800.0,10800.0,78.99361782407408,88.4022191100579,15.770518634259266,32.492414400432736,95241.14049891153,5074.959358928571,6365.284366071431,60736.58330975956,21084.58828764375,81821.17159740331,83665.13203091634,83665.13194725117,46456.641661059475,1595.8615395093134,lexicographic,8.366513194725117e-05,4.645664166104684e-05,False,0.2994077000003017,0.0,1,0
2025-01-17,True,4,1.0,7,1.0,12,legacy_scenarios,,0,0.0,2025-01-16;2025-01-15;2025-01-10;2025-01-14,2025-01-16;2025-01-15;2025-01-10;2025-01-14;2025-01-09;2025-01-07;2025-01-13,2025-01-16;2025-01-15;2025-01-14;2025-01-13;2025-01-10;2025-01-09;2025-01-08;2025-01-07;2025-01-06;2025-01-03;2025-01-02;2025-01-01,2025-01-16,9600.0,10800.0,10800.0,241.08244337384258,264.7647145378256,11.897375810185197,22.92634785488274,95021.42941385602,0.0,47455.65189678571,60561.85643512991,0.0,60561.85643512991,83389.98195239881,83389.98186900887,46456.641743318905,1590.0665385279465,lexicographic,8.338998186900888e-05,4.645664174331864e-05,False,0.3563834999986284,1.745043577443796e-16,1,0
2025-01-18,True,4,1.0,7,1.0,5,legacy_scenarios,,0,0.0,2025-01-12;2025-01-11;2025-01-17;2025-01-16,2025-01-12;2025-01-11;2025-01-17;2025-01-16;2025-01-15;2025-01-14;2025-01-04,2025-01-12;2025-01-11;2025-01-05;2025-01-04;2025-01-17,2025-01-17,9600.0,10800.0,10800.0,159.61433272569445,175.89388512040037,12.71195305886244,22.94699779741692,88888.35157024016,119.59041666666599,40888.768860919314,55416.11096199694,255.68431083333186,55671.79527283028,81667.46865837314,81667.46857670565,46456.64230458272,1600.5657350268184,lexicographic,8.166746857670565e-05,4.645664225812609e-05,False,0.1501934000007168,1.781849674292164e-16,1,0
2025-01-19,True,4,1.0,7,1.0,5,legacy_scenarios,,0,0.0,2025-01-18;2025-01-12;2025-01-11;2025-01-17,2025-01-18;2025-01-12;2025-01-11;2025-01-17;2025-01-14;2025-01-16;2025-01-15,2025-01-18;2025-01-12;2025-01-11;2025-01-05;2025-01-04,2025-01-18,9600.0,10800.0,10800.0,233.73216880787035,258.3747073217141,11.925785152116404,22.622458756992767,77459.49798321154,17187.07421170635,1226.1709599001674,46098.193337719305,72848.44226084066,118946.63559855997,72140.62444702066,72140.62437488002,45128.651582712744,1541.6253622811205,lexicographic,7.214062437488003e-05,4.512865153758408e-05,False,0.3062924000005296,4.0343191799249117e-16,1,0
2025-01-20,True,4,1.0,7,1.0,13,legacy_scenarios,,0,0.0,2025-01-13;2025-01-14;2025-01-17;2025-01-15,2025-01-13;2025-01-14;2025-01-17;2025-01-15;2025-01-16;2025-01-07;2025-01-09,2025-01-17;2025-01-16;2025-01-15;2025-01-14;2025-01-13;2025-01-10;2025-01-09;2025-01-08;2025-01-07;2025-01-06;2025-01-03;2025-01-02;2025-01-01,2025-01-19,9600.0,10800.0,10800.0,77.61492627314816,87.9739474006443,13.255158416005306,24.8406359428604,94616.00566578656,4710.122792857141,6382.387790238097,60176.61664974874,19835.70791079107,80012.32456053981,81222.60906811914,81222.60898689668,46456.64239112708,1589.7581244092019,lexicographic,8.122260898689668e-05,4.645664239112695e-05,False,0.5516262000019196,1.7916089386779554e-16,1,0
2025-01-21,True,4,1.0,7,1.0,14,legacy_scenarios,,0,0.0,2025-01-20;2025-01-14;2025-01-15;2025-01-17,2025-01-20;2025-01-14;2025-01-15;2025-01-17;2025-01-16;2025-01-09;2025-01-07,2025-01-20;2025-01-17;2025-01-16;2025-01-15;2025-01-14;2025-01-13;2025-01-10;2025-01-09;2025-01-08;2025-01-07;2025-01-06;2025-01-03;2025-01-02;2025-01-01,2025-01-20,9600.0,10800.0,10800.0,72.38462725694441,82.18990599086861,36.5304693452381,69.4728256871594,94557.53463862755,4450.477120833331,10657.201992023813,60189.58627855932,18139.778179402078,78329.3644579614,81114.84740762704,81114.84732651213,46439.885274883105,1580.2677759220019,lexicographic,8.111484732651213e-05,4.6439885274892625e-05,False,0.564367899998615,0.0,1,0
2025-01-22,True,4,1.0,7,1.0,14,legacy_scenarios,,0,0.0,2025-01-21;2025-01-20;2025-01-14;2025-01-15,2025-01-21;2025-01-20;2025-01-14;2025-01-15;2025-01-17;2025-01-09;2025-01-16,2025-01-21;2025-01-20;2025-01-17;2025-01-16;2025-01-15;2025-01-14;2025-01-13;2025-01-10;2025-01-09;2025-01-08;2025-01-07;2025-01-06;2025-01-03;2025-01-02,2025-01-21,9600.0,10800.0,10800.0,17.456171325231484,22.136014137538805,13.73011674933862,25.383954250927996,101051.71168090591,799.8590499999991,8076.142334722224,65763.0582381053,3028.5012029312475,68791.55944103654,84055.70436537461,84055.70428131895,46456.64154434639,1675.3932899079005,lexicographic,8.405570428131895e-05,4.645664154434639e-05,False,0.5207429000001866,0.0,1,0
2025-01-23,True,4,1.0,7,1.0,14,legacy_scenarios,,0,0.0,2025-01-15;2025-01-21;2025-01-16;2025-01-17,2025-01-15;2025-01-21;2025-01-16;2025-01-17;2025-01-20;2025-01-14;2025-01-09,2025-01-22;2025-01-21;2025-01-20;2025-01-17;2025-01-16;2025-01-15;2025-01-14;2025-01-13;2025-01-10;2025-01-09;2025-01-08;2025-01-07;2025-01-06;2025-01-03,2025-01-22,9600.0,10800.0,10800.0,79.48195810185183,89.38770605470151,14.05202716600528,28.507884196245495,89450.87304550316,6099.509641468254,1210.8025939358681,56377.12666251263,23361.05386733065,79738.18052984329,74627.8686802873,74627.86860565929,45475.340170496616,1544.1393314358663,lexicographic,7.462786860565928e-05,4.5475340125021295e-05,False,0.7412762000021758,0.0,1,0
2025-01-24,True,4,1.0,7,1.0,14,legacy_scenarios,,0,0.0,2025-01-23;2025-01-17;2025-01-16;2025-01-20,2025-01-23;2025-01-17;2025-01-16;2025-01-20;2025-01-21;2025-01-10;2025-01-15,2025-01-23;2025-01-22;2025-01-21;2025-01-20;2025-01-17;2025-01-16;2025-01-15;2025-01-14;2025-01-13;2025-01-10;2025-01-09;2025-01-08;2025-01-07;2025-01-06,2025-01-23,9600.0,10800.0,10800.0,241.74790778356478,266.3479368050662,17.402429894179907,38.576393485774744,90692.56493521281,0.0,46092.5222663187,57034.60977143311,0.0,57034.60977143311,76306.47873796365,76306.47866165696,45446.52331157018,1535.9440683425116,lexicographic,7.630647866165697e-05,4.5446523266123666e-05,False,0.7529796000017086,0.0,1,0
2025-01-25,True,4,1.0,7,1.0,6,legacy_scenarios,,0,0.0,2025-01-19;2025-01-18;2025-01-22;2025-01-21,2025-01-19;2025-01-18;2025-01-22;2025-01-21;2025-01-12;2025-01-23;2025-01-17,2025-01-19;2025-01-18;2025-01-12;2025-01-11;2025-01-05;2025-01-04,2025-01-24,9600.0,10800.0,10800.0,238.40343926504627,262.9484828503039,29.016727728174615,56.81586459973441,99035.5626920034,0.0,55701.894266468255,63774.37352505754,0.0,63774.37352505754,97250.99864205046,97250.99854479954,46622.675029220816,1745.4807436666374,lexicographic,9.725099854479955e-05,4.6622674982598143e-05,False,0.4041360999981407,0.0,1,0
2025-01-26,True,4,1.0,7,1.0,7,legacy_scenarios,,0,0.0,2025-01-25;2025-01-19;2025-01-18;2025-01-22,2025-01-25;2025-01-19;2025-01-18;2025-01-22;2025-01-21;2025-01-20;2025-01-12,2025-01-25;2025-01-19;2025-01-18;2025-01-12;2025-01-11;2025-01-05;2025-01-04,2025-01-25,9600.0,10800.0,10800.0,157.65562161458334,175.02319621012435,16.48676069775131,35.340363716249435,86909.76260026697,10111.58783611111,4456.432235912698,53922.875634292126,41835.41972518641,95758.29535947854,82625.8033894978,82625.8033068721,46354.36832899481,1572.618908047929,lexicographic,8.26258033068721e-05,4.635436828264045e-05,False,0.15399690000049304,1.7611829048512924e-16,1,0
2025-01-27,True,4,1.0,7,1.0,14,legacy_scenarios,,0,0.0,2025-01-20;2025-01-21;2025-01-24;2025-01-23,2025-01-20;2025-01-21;2025-01-24;2025-01-23;2025-01-14;2025-01-17;2025-01-13,2025-01-24;2025-01-23;2025-01-22;2025-01-21;2025-01-20;2025-01-17;2025-01-16;2025-01-15;2025-01-14;2025-01-13;2025-01-10;2025-01-09;2025-01-08;2025-01-07,2025-01-26,9600.0,10800.0,10800.0,75.6719003761574,84.69641244648551,19.775141749338633,36.97094694954484,87665.94419889437,5057.995240476191,3794.62718324686,54813.86838196557,20772.59467985208,75586.46306181766,70837.41966309614,70837.4195922587,45101.3463460558,1527.438726699241,lexicographic,7.08374195922587e-05,4.510134630095446e-05,False,0.6317527999999584,0.0,1,0
2025-01-28,True,4,1.0,7,1.0,14,legacy_scenarios,,0,0.0,2025-01-22;2025-01-20;2025-01-23;2025-01-21,2025-01-22;2025-01-20;2025-01-23;2025-01-21;2025-01-27;2025-01-14;2025-01-13,2025-01-27;2025-01-24;2025-01-23;2025-01-22;2025-01-21;2025-01-20;2025-01-17;2025-01-16;2025-01-15;2025-01-14;2025-01-13;2025-01-10;2025-01-09;2025-01-08,2025-01-27,9600.0,10800.0,10800.0,20.212109780092582,24.657720047553937,11.444311425264548,21.210525538467504,98361.94120825629,893.3042791666654,7408.583300992062,63486.300654196275,2824.2345435895786,66310.53519778585,76552.90946247126,76552.90938591832,46357.556335648726,1565.4249199683852,lexicographic,7.655290938591833e-05,4.635755633564709e-05,False,0.4632125000025553,0.0,1,0
2025-01-29,True,4,1.0,7,1.0,14,legacy_scenarios,,0,0.0,2025-01-23;2025-01-21;2025-01-27;2025-01-22,2025-01-23;2025-01-21;2025-01-27;2025-01-22;2025-01-24;2025-01-15;2025-01-20,2025-01-28;2025-01-27;2025-01-24;2025-01-23;2025-01-22;2025-01-21;2025-01-20;2025-01-17;2025-01-16;2025-01-15;2025-01-14;2025-01-13;2025-01-10;2025-01-09,2025-01-28,9600.0,10800.0,10800.0,20.31237502893519,24.755673979558736,33.8163037202381,56.83979809664988,97842.20202563368,409.17457499999944,11999.831306547618,63112.67763881077,1262.6417155520826,64375.31935436285,74952.80443887434,74952.80436392159,46358.33200945159,1564.550073792644,lexicographic,7.495280436392159e-05,4.635833200944737e-05,False,0.2547779000014998,0.0,1,0
2025-01-30,True,4,1.0,7,1.0,14,legacy_scenarios,,0,0.0,2025-01-22;2025-01-29;2025-01-21;2025-01-27,2025-01-22;2025-01-29;2025-01-21;2025-01-27;2025-01-23;2025-01-24;2025-01-17,2025-01-29;2025-01-28;2025-01-27;2025-01-24;2025-01-23;2025-01-22;2025-01-21;2025-01-20;2025-01-17;2025-01-16;2025-01-15;2025-01-14;2025-01-13;2025-01-10,2025-01-29,9600.0,10800.0,10800.0,17.260203530092593,23.54083424750967,16.762830340608478,35.092930279914206,96528.68987645846,689.7846875000005,8653.083229618866,62038.62324583382,2933.2123870375026,64971.83563287132,73778.33982309596,73778.33974931772,45943.597249059756,1539.4618069998162,lexicographic,7.377833974931772e-05,4.594359720311616e-05,False,0.29976990000068326,0.0,1,0
2025-01-31,True,4,1.0,7,1.0,14,legacy_scenarios,,0,0.0,2025-01-30;2025-01-29;2025-01-22;2025-01-23,2025-01-30;2025-01-29;2025-01-22;2025-01-23;2025-01-24;2025-01-27;2025-01-21,2025-01-30;2025-01-29;2025-01-28;2025-01-27;2025-01-24;2025-01-23;2025-01-22;2025-01-21;2025-01-20;2025-01-17;2025-01-16;2025-01-15;2025-01-14;2025-01-13,2025-01-30,9600.0,10800.0,10800.0,320.19415726273144,350.270053053422,14.48071106150793,26.750097102667116,96182.22372465688,0.0,52619.538400468206,61872.05983358764,0.0,61872.05983358764,73781.29982088186,73781.29974710058,45710.71429621853,1536.0844665396376,lexicographic,7.378129974710058e-05,4.571071425050782e-05,False,0.2915035000005446,0.0,1,0
2025-02-01,False,2,1.0,5,1.0,0,calibrated_quantile,2025-01-04;2025-01-05;2025-01-11;2025-01-12;2025-01-18;2025-01-19;2025-01-25;2025-01-26,8,32389.058477579358,2025-01-25;2025-01-26,2025-01-25;2025-01-26;2025-01-18;2025-01-19;2025-01-31,,2025-01-31,9600.0,10800.0,10800.0,188.9121540509259,204.28338617932204,17.15133831018517,32.36404061655323,101171.96496649281,0.0,61995.959090912685,65533.064466556076,0.0,65533.064466556076,65533.06446655607,65533.06440102301,45705.64313403526,1615.1313573287684,lexicographic,6.553306440102302e-05,4.5705643088329615e-05,False,0.06755420000263257,2.2205455156679185e-16,1,0
2025-02-02,False,2,1.0,5,1.0,0,calibrated_quantile,2025-01-05;2025-01-11;2025-01-12;2025-01-18;2025-01-19;2025-01-25;2025-01-26;2025-02-01,8,32368.696844246024,2025-01-26;2025-02-01,2025-01-26;2025-02-01;2025-01-25;2025-01-19;2025-01-18,,2025-02-01,9600.0,10800.0,10800.0,141.52280219907405,159.66328573496386,25.624500671296282,44.32670421536227,98856.40004174178,31.15916666666658,15728.938924246026,63919.12028891444,67.88024458333314,63987.000533497776,63919.120288914455,63919.120224995335,45748.62960438962,1587.1473339933136,lexicographic,6.391912022499533e-05,4.574862955864099e-05,False,0.07515099999727681,0.0,1,0
2025-02-03,False,2,1.0,5,1.0,0,calibrated_quantile,2025-01-06;2025-01-07;2025-01-08;2025-01-09;2025-01-10;2025-01-13;2025-01-14;2025-01-15;2025-01-16;2025-01-17;2025-01-20;2025-01-21;2025-01-22;2025-01-23;2025-01-24;2025-01-27;2025-01-28;2025-01-29;2025-01-30;2025-01-31,20,12543.59762757936,2025-01-28;2025-01-31,2025-01-28;2025-01-31;2025-01-22;2025-01-30;2025-01-20,,2025-02-02,9600.0,10800.0,10800.0,134.63788385416663,152.32117777468056,19.76901261574073,36.467618513100106,80357.56879401795,5147.17007992064,865.1787758333327,49129.08089437608,22174.42020197992,71303.50109635599,49129.08089437608,49129.080845247,42131.4995398449,1461.599974781732,lexicographic,4.9129080845247004e-05,4.2131499497713516e-05,False,0.10217469999770401,0.0,1,0
2025-02-04,False,2,1.0,5,1.0,0,calibrated_quantile,2025-01-07;2025-01-08;2025-01-09;2025-01-10;2025-01-13;2025-01-14;2025-01-15;2025-01-16;2025-01-17;2025-01-20;2025-01-21;2025-01-22;2025-01-23;2025-01-24;2025-01-27;2025-01-28;2025-01-29;2025-01-30;2025-01-31;2025-02-03,20,12271.617434880947,2025-02-03;2025-01-28,2025-02-03;2025-01-28;2025-01-31;2025-01-22;2025-01-29,,2025-02-03,9600.0,10800.0,10800.0,26.937415162037034,32.95516227293959,13.863305138888895,27.290705789511332,100594.39021256636,23.91425416666675,14656.911905714282,65336.78935326691,51.4912516208335,65388.28060488775,65336.78935326691,65336.78928793009,45407.456768126045,1538.86527710678,lexicographic,6.53367892879301e-05,4.540745672271859e-05,False,0.12858109999797307,0.0,1,0
2025-02-05,False,2,1.0,5,1.0,0,calibrated_quantile,2025-01-08;2025-01-09;2025-01-10;2025-01-13;2025-01-14;2025-01-15;2025-01-16;2025-01-17;2025-01-20;2025-01-21;2025-01-22;2025-01-23;2025-01-24;2025-01-27;2025-01-28;2025-01-29;2025-01-30;2025-01-31;2025-02-03;2025-02-04,20,10901.94327,2025-02-04;2025-02-03,2025-02-04;2025-02-03;2025-01-28;2025-01-31;2025-01-29,,2025-02-04,9600.0,10800.0,10800.0,17.101089409722217,22.085746578936543,14.385375324074074,27.655658078111575,96196.74404358621,68.17870666666659,10798.200974999998,62079.550856368056,156.3647419574998,62235.915598325555,62079.55085636805,62079.550794288494,44947.966175654685,1528.047721555929,lexicographic,6.20795507942885e-05,4.494796613070672e-05,False,0.07590240000354243,0.0,1,0
2025-02-06,False,2,1.0,5,1.0,0,calibrated_quantile,2025-01-09;2025-01-10;2025-01-13;2025-01-14;2025-01-15;2025-01-16;2025-01-17;2025-01-20;2025-01-21;2025-01-22;2025-01-23;2025-01-24;2025-01-27;2025-01-28;2025-01-29;2025-01-30;2025-01-31;2025-02-03;2025-02-04;2025-02-05,20,10425.787366309523,2025-02-05;2025-02-04,2025-02-05;2025-02-04;2025-02-03;2025-01-31;2025-01-28,,2025-02-05,9600.0,10800.0,10800.0,19.9838407986111,26.228455244305867,10.985891712962957,22.44622842625522,95973.76327027504,10.444383333333235,10994.855504642852,61853.4633166228,22.366959083333125,61875.83027570613,61853.4633166228,61853.463254769325,44947.967512952266,1503.3992098892136,lexicographic,6.185346325476934e-05,4.4947967468004284e-05,False,0.08600590000060038,0.0,1,0
2025-02-07,False,2,1.0,5,1.0,0,calibrated_quantile,2025-01-10;2025-01-13;2025-01-14;2025-01-15;2025-01-16;2025-01-17;2025-01-20;2025-01-21;2025-01-22;2025-01-23;2025-01-24;2025-01-27;2025-01-28;2025-01-29;2025-01-30;2025-01-31;2025-02-03;2025-02-04;2025-02-05;2025-02-06,20,10353.556203809523,2025-02-06;2025-01-31,2025-02-06;2025-01-31;2025-01-30;2025-02-04;2025-02-05,,2025-02-06,9600.0,10800.0,10800.0,173.35030839120367,190.21126499703138,26.05766282407406,51.76358730426697,74467.55910482092,0.0,38254.70549214285,44836.98949344367,0.0,44836.98949344367,44836.98949344366,44836.98944860665,41984.13074884549,1395.412866179184,lexicographic,4.483698944860665e-05,4.19841307488455e-05,False,0.10051490000114427,0.0,1,0
2025-02-08,False,2,1.0,5,1.0,0,calibrated_quantile,2025-01-11;2025-01-12;2025-01-18;2025-01-19;2025-01-25;2025-01-26;2025-02-01;2025-02-02,8,29948.06659833333,2025-02-02;2025-02-01,2025-02-02;2025-02-01;2025-01-25;2025-01-26;2025-01-18,,2025-02-07,9600.0,10800.0,10800.0,161.51945798611112,177.37595085773853,26.11138689814813,46.237445426762434,92847.78844455408,0.0,56552.329154999985,59211.25316578058,0.0,59211.25316578058,59211.25316578058,59211.25310656931,44947.98314171704,1531.4880598891893,lexicographic,5.921125310656931e-05,4.494798309676906e-05,False,0.08031530000152998,0.0,1,0
2025-02-09,False,2,1.0,5,1.0,0,calibrated_quantile,2025-01-12;2025-01-18;2025-01-19;2025-01-25;2025-01-26;2025-02-01;2025-02-02;2025-02-08,8,29934.37509833333,2025-02-02;2025-02-08,2025-02-02;2025-02-08;2025-01-26;2025-02-01;2025-01-25,,2025-02-08,9600.0,10800.0,10800.0,158.6327903935185,174.48019689466966,22.053670439814823,39.33562959654181,91314.07296270519,491.9411302380954,7532.300888571426,58140.54840896276,1322.845653120001,59463.394062082756,58140.54840896275,58140.548350822195,44947.98947498114,1528.0214465558934,lexicographic,5.8140548350822197e-05,4.494798943003315e-05,False,0.08004159999836702,0.0,1,0
2025-02-10,False,2,1.0,5,1.0,0,calibrated_quantile,2025-01-13;2025-01-14;2025-01-15;2025-01-16;2025-01-17;2025-01-20;2025-01-21;2025-01-22;2025-01-23;2025-01-24;2025-01-27;2025-01-28;2025-01-29;2025-01-30;2025-01-31;2025-02-03;2025-02-04;2025-02-05;2025-02-06;2025-02-07,20,10353.556203809523,2025-02-03;2025-02-04,2025-02-03;2025-02-04;2025-02-05;2025-02-06;2025-01-28,,2025-02-09,9600.0,10800.0,10800.0,19.581096585648147,23.89490092430028,42.014716111111085,73.55151390233695,96064.23949693887,12.594987500000116,17028.435152976184,61959.03987328147,26.597319333333576,61985.637192614806,61959.03987328148,61959.039811322444,44980.99349533748,1523.1226159387145,lexicographic,6.195903981132245e-05,4.49809934503565e-05,False,0.13910200000100303,0.0,1,0
2025-02-11,False,2,1.0,5,1.0,0,calibrated_quantile,2025-01-14;2025-01-15;2025-01-16;2025-01-17;2025-01-20;2025-01-21;2025-01-22;2025-01-23;2025-01-24;2025-01-27;2025-01-28;2025-01-29;2025-01-30;2025-01-31;2025-02-03;2025-02-04;2025-02-05;2025-02-06;2025-02-07;2025-02-10,20,9709.09564595238,2025-02-04;2025-02-03,2025-02-04;2025-02-03;2025-02-05;2025-02-10;2025-02-06,,2025-02-10,9600.0,10800.0,10800.0,16.965461631944446,21.6023513775208,24.946985023148127,43.54901033989726,93889.37003603751,0.0,13950.476984285711,60265.28470702215,0.0,60265.28470702215,60265.28470702215,60265.28464675684,44947.97690703913,1504.1986698892315,lexicographic,6.026528464675684e-05,4.494797686209115e-05,False,0.07754099999874597,2.414643075804332e-16,1,0
2025-02-12,False,2,1.0,5,1.0,0,calibrated_quantile,2025-01-15;2025-01-16;2025-01-17;2025-01-20;2025-01-21;2025-01-22;2025-01-23;2025-01-24;2025-01-27;2025-01-28;2025-01-29;2025-01-30;2025-01-31;2025-02-03;2025-02-04;2025-02-05;2025-02-06;2025-02-07;2025-02-10;2025-02-11,20,9683.356429880952,2025-02-11;2025-02-05,2025-02-11;2025-02-05;2025-02-04;2025-02-06;2025-02-03,,2025-02-11,9600.0,10800.0,10800.0,16.25061603009259,20.208194341492668,25.76828694444443,48.47180251444185,93674.92846091003,0.0,13689.896358214282,60183.2629672557,0.0,60183.2629672557,60183.26296725571,60183.26290707245,44947.97739234719,1477.253944889259,lexicographic,6.018326290707245e-05,4.494797734739921e-05,False,0.0760511000007682,1.2089669557162528e-16,1,0
2025-02-13,False,2,1.0,5,1.0,0,calibrated_quantile,2025-01-16;2025-01-17;2025-01-20;2025-01-21;2025-01-22;2025-01-23;2025-01-24;2025-01-27;2025-01-28;2025-01-29;2025-01-30;2025-01-31;2025-02-03;2025-02-04;2025-02-05;2025-02-06;2025-02-07;2025-02-10;2025-02-11;2025-02-12,20,8366.253574880953,2025-02-12;2025-02-11,2025-02-12;2025-02-11;2025-02-06;2025-02-05;2025-02-07,,2025-02-12,9600.0,10800.0,10800.0,18.52984606481482,24.721376122341024,41.90849990740739,74.62805530215476,90464.72154785112,39.16367499999925,14497.609196547619,57831.646320858985,84.28225132083173,57915.928572179815,57831.646320858985,57831.64626302731,44552.64519706686,1478.068755366396,lexicographic,5.7831646263027314e-05,4.455264515251421e-05,False,0.07854389999920386,0.0,1,0
2025-02-14,False,2,1.0,5,1.0,0,calibrated_quantile,2025-01-17;2025-01-20;2025-01-21;2025-01-22;2025-01-23;2025-01-24;2025-01-27;2025-01-28;2025-01-29;2025-01-30;2025-01-31;2025-02-03;2025-02-04;2025-02-05;2025-02-06;2025-02-07;2025-02-10;2025-02-11;2025-02-12;2025-02-13,20,7049.644542023809,2025-02-13;2025-02-12,2025-02-13;2025-02-12;2025-02-11;2025-02-03;2025-02-06,,2025-02-13,9600.0,10800.0,10800.0,315.72521076388887,345.09297486713723,19.683639375,35.655766866129106,87610.1998735954,0.0,53251.5982420238,55531.506024292794,0.0,55531.506024292794,55531.506024292794,55531.50596876125,43409.51402619958,1455.8573046917545,lexicographic,5.5531505968761254e-05,4.340951398279007e-05,False,0.07638719999886234,0.0,1,0
2025-02-15,False,2,1.0,5,1.0,0,calibrated_quantile,2025-01-18;2025-01-19;2025-01-25;2025-01-26;2025-02-01;2025-02-02;2025-02-08;2025-02-09,8,25163.471458928565,2025-02-08;2025-02-09,2025-02-08;2025-02-09;2025-02-02;2025-02-01;2025-01-25,,2025-02-14,9600.0,10800.0,10800.0,156.89439785879625,173.9547126446373,28.460232847222212,47.65472216341298,85700.43862655101,0.0,51804.46064726189,53697.97646038316,0.0,53697.97646038316,53697.97646038316,53697.976406685164,43972.396060596264,1485.6933782936164,lexicographic,5.3697976406685164e-05,4.397239601662387e-05,False,0.13028570000096806,2.709955980120547e-16,1,0
2025-02-16,False,2,1.0,5,1.0,0,calibrated_quantile,2025-01-19;2025-01-25;2025-01-26;2025-02-01;2025-02-02;2025-02-08;2025-02-09;2025-02-15,8,25147.940633928567,2025-02-09;2025-02-02,2025-02-09;2025-02-02;2025-02-15;2025-02-08;2025-01-26,,2025-02-15,9600.0,10800.0,10800.0,18.55325584490741,22.36950567521441,25.99778831018518,44.484329894220664,108657.07777505512,0.0,28403.034268928568,72051.74233543241,0.0,72051.74233543241,72051.74233543241,72051.74226338067,46456.6451320478,1603.6931526586134,lexicographic,7.205174226338067e-05,4.64566451320478e-05,False,0.06835710000086692,0.0,1,0
2025-02-17,False,2,1.0,5,1.0,0,calibrated_quantile,2025-01-20;2025-01-21;2025-01-22;2025-01-23;2025-01-24;2025-01-27;2025-01-28;2025-01-29;2025-01-30;2025-01-31;2025-02-03;2025-02-04;2025-02-05;2025-02-06;2025-02-07;2025-02-10;2025-02-11;2025-02-12;2025-02-13;2025-02-14,20,7049.644542023809,2025-02-10;2025-02-11,2025-02-10;2025-02-11;2025-02-03;2025-02-04;2025-02-12,,2025-02-16,9600.0,10800.0,10800.0,18.696395370370364,23.338484838724582,37.545249837962956,61.49131479135392,88729.43052847908,24.592124166666622,12902.033452857142,56278.742578998164,89.26980387083303,56368.012382869,56278.742578998164,56278.74252271942,44470.04273658259,1456.415991079334,lexicographic,5.627874252271942e-05,4.447004269211254e-05,False,0.11071980000269832,0.0,1,0
2025-02-18,False,2,1.0,5,1.0,0,calibrated_quantile,2025-01-21;2025-01-22;2025-01-23;2025-01-24;2025-01-27;2025-01-28;2025-01-29;2025-01-30;2025-01-31;2025-02-03;2025-02-04;2025-02-05;2025-02-06;2025-02-07;2025-02-10;2025-02-11;2025-02-12;2025-02-13;2025-02-14;2025-02-17,20,4676.225110714284,2025-02-11;2025-02-17,2025-02-11;2025-02-17;2025-02-12;2025-02-14;2025-02-13,,2025-02-17,9600.0,10800.0,10800.0,18.560962731481474,24.191339914485965,14.673649583333315,27.904465195481336,82659.88869692665,200.43217428571506,6356.906374999995,51627.2233731613,752.1797469238725,52379.403120085175,51627.2233731613,51627.22332153407,42030.35973847934,1441.46523293389,lexicographic,5.162722332153407e-05,4.2030359696448986e-05,False,0.1994620000004943,0.0,1,0
2025-02-19,False,2,1.0,5,1.0,0,calibrated_quantile,2025-01-22;2025-01-23;2025-01-24;2025-01-27;2025-01-28;2025-01-29;2025-01-30;2025-01-31;2025-02-03;2025-02-04;2025-02-05;2025-02-06;2025-02-07;2025-02-10;2025-02-11;2025-02-12;2025-02-13;2025-02-14;2025-02-17;2025-02-18,20,3748.78412392857,2025-02-12;2025-02-13,2025-02-12;2025-02-13;2025-02-11;2025-02-18;2025-02-14,,2025-02-18,9600.0,10800.0,10800.0,18.737174305555545,25.283215916680412,17.338027430555545,32.44342100615921,81982.07088102089,627.2010953571423,5311.861032619043,51039.02977174529,2047.964310909882,53086.994082655176,51039.02977174529,51039.02972070622,42088.05918089706,1432.5787495793018,lexicographic,5.103902972070622e-05,4.2088059138809004e-05,False,0.12514229999942472,1.4255673851949454e-16,1,0
2025-02-20,False,2,1.0,5,1.0,0,calibrated_quantile,2025-01-23;2025-01-24;2025-01-27;2025-01-28;2025-01-29;2025-01-30;2025-01-31;2025-02-03;2025-02-04;2025-02-05;2025-02-06;2025-02-07;2025-02-10;2025-02-11;2025-02-12;2025-02-13;2025-02-14;2025-02-17;2025-02-18;2025-02-19,20,3592.634412380955,2025-02-13;2025-02-19,2025-02-13;2025-02-19;2025-02-14;2025-02-12;2025-02-18,,2025-02-19,9600.0,10800.0,10800.0,20.699169907407402,25.97747796204476,20.457527499999983,38.0027084178111,81513.16215296397,364.31467535714347,6477.132717738094,50676.76077212721,1471.1852807137527,52147.94605284096,50676.76077212721,50676.760721450446,41984.47780432598,1452.6434146662307,lexicographic,5.0676760721450446e-05,4.19844777623415e-05,False,0.10325920000104816,0.0,1,0
2025-02-21,False,2,1.0,5,1.0,0,calibrated_quantile,2025-01-24;2025-01-27;2025-01-28;2025-01-29;2025-01-30;2025-01-31;2025-02-03;2025-02-04;2025-02-05;2025-02-06;2025-02-07;2025-02-10;2025-02-11;2025-02-12;2025-02-13;2025-02-14;2025-02-17;2025-02-18;2025-02-19;2025-02-20,20,2493.9504169047627,2025-02-14;2025-02-20,2025-02-14;2025-02-20;2025-02-13;2025-02-19;2025-02-12,,2025-02-20,9600.0,10800.0,10800.0,157.81281568287034,175.0686643294726,14.304108634259242,24.873840751211052,56802.48676755307,0.0,27172.96635190476,32422.37987111649,0.0,32422.37987111649,32422.379871116485,32422.37983869411,38765.040378895384,1346.0628058273367,lexicographic,3.242237983869411e-05,3.876504034013035e-05,False,0.11975639999945997,0.0,1,0
2025-02-22,False,2,1.0,5,1.0,0,calibrated_quantile,2025-01-25;2025-01-26;2025-02-01;2025-02-02;2025-02-08;2025-02-09;2025-02-15;2025-02-16,8,20113.725414404762,2025-02-15;2025-02-08,2025-02-15;2025-02-08;2025-02-16;2025-02-09;2025-02-02,,2025-02-21,9600.0,10800.0,10800.0,17.964430671296288,22.517754085249447,23.699062476851836,38.83401588907295,55636.379348898714,0.0,23732.45912773809,31298.034009913066,0.0,31298.034009913066,31298.034009913063,31298.03397861503,38668.814639302145,1422.0652857125406,lexicographic,3.129803397861503e-05,3.8668814600633336e-05,False,0.13461119999919902,0.0,1,0
2025-02-23,False,2,1.0,5,1.0,0,calibrated_quantile,2025-01-26;2025-02-01;2025-02-02;2025-02-08;2025-02-09;2025-02-15;2025-02-16;2025-02-22,8,20113.725414404762,2025-02-16;2025-02-09,2025-02-16;2025-02-09;2025-02-02;2025-02-22;2025-02-15,,2025-02-22,9600.0,10800.0,10800.0,18.85138015046296,23.731476043846207,33.52972310185183,55.51627971060964,101088.68641431589,0.0,24823.567952738093,66141.22526472063,0.0,66141.22526472063,66141.22526472063,66141.22519857941,45090.57499275003,1501.395404861547,lexicographic,6.614122519857942e-05,4.509057494765945e-05,False,0.12389360000088345,0.0,1,0
2025-02-24,False,2,1.0,5,1.0,0,calibrated_quantile,2025-01-27;2025-01-28;2025-01-29;2025-01-30;2025-01-31;2025-02-03;2025-02-04;2025-02-05;2025-02-06;2025-02-07;2025-02-10;2025-02-11;2025-02-12;2025-02-13;2025-02-14;2025-02-17;2025-02-18;2025-02-19;2025-02-20;2025-02-21,20,2493.9504169047627,2025-02-17;2025-02-18,2025-02-17;2025-02-18;2025-02-11;2025-02-21;2025-02-03,,2025-02-23,9600.0,10800.0,10800.0,18.38165480324073,22.516385591283413,33.71909965277777,55.46162831274541,80471.51010458168,129.26469916666656,7992.869507738093,49818.42212609082,565.4343155374997,50383.856441628326,49818.42212609082,49818.4220762724,41962.19862953645,1435.2713527905798,lexicographic,4.98184220762724e-05,4.196219858757426e-05,False,0.10303800000110641,0.0,1,0
2025-02-25,False,2,1.0,5,1.0,0,calibrated_quantile,2025-01-28;2025-01-29;2025-01-30;2025-01-31;2025-02-03;2025-02-04;2025-02-05;2025-02-06;2025-02-07;2025-02-10;2025-02-11;2025-02-12;2025-02-13;2025-02-14;2025-02-17;2025-02-18;2025-02-19;2025-02-20;2025-02-21;2025-02-24,20,1631.8510111904761,2025-02-18;2025-02-24,2025-02-18;2025-02-24;2025-02-19;2025-02-11;2025-02-17,,2025-02-24,9600.0,10800.0,10800.0,19.015755150462965,23.643030857855493,41.28536527777776,67.77753658681513,77696.92625908279,277.1962564285715,7737.75407595238,47903.676496303284,1032.5159592492282,48936.19245555251,47903.676496303284,47903.67644839961,42059.114859307534,1431.807489353319,lexicographic,4.790367644839961e-05,4.2059114817248426e-05,False,0.11833370000022114,0.0,1,0
2025-02-26,False,2,1.0,5,1.0,0,calibrated_quantile,2025-01-29;2025-01-30;2025-01-31;2025-02-03;2025-02-04;2025-02-05;2025-02-06;2025-02-07;2025-02-10;2025-02-11;2025-02-12;2025-02-13;2025-02-14;2025-02-17;2025-02-18;2025-02-19;2025-02-20;2025-02-21;2025-02-24;2025-02-25,20,1408.9863717857133,2025-02-25;2025-02-20,2025-02-25;2025-02-20;2025-02-19;2025-02-18;2025-02-21,,2025-02-25,9600.0,10800.0,10800.0,20.629487789351842,27.010189751704782,18.858341412037028,33.61268064777326,76086.77932720527,1038.1050833333336,3960.8937534523775,46797.970184783655,3630.5258532858365,50428.49603806949,46797.970184783655,46797.97013798567,41431.306047330174,1427.3797811788781,lexicographic,4.679797013798567e-05,4.1431306005898874e-05,False,0.14545409999846015,0.0,1,0
2025-02-27,False,2,1.0,5,1.0,0,calibrated_quantile,2025-01-30;2025-01-31;2025-02-03;2025-02-04;2025-02-05;2025-02-06;2025-02-07;2025-02-10;2025-02-11;2025-02-12;2025-02-13;2025-02-14;2025-02-17;2025-02-18;2025-02-19;2025-02-20;2025-02-21;2025-02-24;2025-02-25;2025-02-26,20,1505.7328864285719,2025-02-20;2025-02-21,2025-02-20;2025-02-21;2025-02-19;2025-02-26;2025-02-13,,2025-02-26,9600.0,10800.0,10800.0,154.3334449074074,172.60171806570955,26.92398576388888,49.61896771449721,53704.727760083144,17369.74677690476,58.92083333333403,30487.923440161925,77747.46157907869,108235.38501924061,30487.923440161925,30487.923409674,38667.02527165676,1353.1713229431534,lexicographic,3.0487923409674003e-05,3.8667025232989764e-05,False,0.11757109999962267,0.0,1,0
2025-02-28,False,2,1.0,5,1.0,0,calibrated_quantile,2025-01-31;2025-02-03;2025-02-04;2025-02-05;2025-02-06;2025-02-07;2025-02-10;2025-02-11;2025-02-12;2025-02-13;2025-02-14;2025-02-17;2025-02-18;2025-02-19;2025-02-20;2025-02-21;2025-02-24;2025-02-25;2025-02-26;2025-02-27,20,2490.6707266666663,2025-02-21;2025-02-27,2025-02-21;2025-02-27;2025-02-14;2025-02-20;2025-02-26,,2025-02-27,9600.0,10800.0,10800.0,158.64390648148148,175.3945287926772,20.86072835648147,39.5754025790332,54286.3950690248,0.0,26936.124609999995,30896.609549118177,0.0,30896.609549118177,30896.609549118177,30896.609518221565,38654.711607025754,1345.9852146661406,lexicographic,3.089660951822157e-05,3.865471156837105e-05,False,0.12902349999785656,1.1774686167251396e-16,1,0
2025-03-01,False,2,1.0,7,0.8,0,calibrated_quantile,2025-02-01;2025-02-02;2025-02-08;2025-02-09;2025-02-15;2025-02-16;2025-02-22;2025-02-23,8,13951.723958333332,2025-02-22;2025-02-15,2025-02-22;2025-02-15;2025-02-08;2025-02-23;2025-02-16;2025-02-09;2025-02-02,,2025-02-28,9600.0,10800.0,10800.0,32.844930034722225,40.8281665331318,19.41987920178301,38.06290726439933,45447.167416364886,0.0,17988.22171482882,25413.349795101953,0.0,25413.349795101953,25413.349795101953,25413.349769688604,36201.71252866818,1433.260551646108,lexicographic,2.5413349769688607e-05,3.620171249246647e-05,False,0.160602400002972,0.0,1,0
2025-03-02,False,2,1.0,7,0.8,0,calibrated_quantile,2025-02-02;2025-02-08;2025-02-09;2025-02-15;2025-02-16;2025-02-22;2025-02-23;2025-03-01,8,13951.723958333332,2025-02-23;2025-02-16,2025-02-23;2025-02-16;2025-02-09;2025-02-22;2025-03-01;2025-02-15;2025-02-02,,2025-03-01,9600.0,10800.0,10800.0,31.52936140046296,39.18936813960047,36.55450011696602,73.35219113898324,91264.7073688088,1259.5794284148305,15605.980914002004,58812.50083974698,4843.805036917611,63656.30587666459,58812.50083974699,58812.50078093448,43439.98872612893,1464.286710802318,lexicographic,5.881250078093449e-05,4.3439988682688936e-05,False,0.07647150000047986,1.9492686385175268e-07,1,0
2025-03-03,False,2,1.0,7,0.8,0,calibrated_quantile,2025-02-03;2025-02-04;2025-02-05;2025-02-06;2025-02-07;2025-02-10;2025-02-11;2025-02-12;2025-02-13;2025-02-14;2025-02-17;2025-02-18;2025-02-19;2025-02-20;2025-02-21;2025-02-24;2025-02-25;2025-02-26;2025-02-27;2025-02-28,20,2490.6707266666663,2025-02-17;2025-02-18,2025-02-17;2025-02-18;2025-02-25;2025-02-24;2025-02-10;2025-02-03;2025-02-11,,2025-03-02,9600.0,10800.0,10800.0,32.82395943287036,40.37706797853211,51.18600133442529,90.37630098602473,74955.43306020318,4757.710895322546,3420.7209740876037,45915.16715469559,19323.67612684505,65238.84328154064,45915.16715469559,45915.16710878042,40727.63257931416,1434.7642064793263,lexicographic,4.591516710878042e-05,4.072763253858654e-05,False,0.12219460000051185,0.0,1,0
2025-03-04,False,2,1.0,7,0.8,0,calibrated_quantile,2025-02-04;2025-02-05;2025-02-06;2025-02-07;2025-02-10;2025-02-11;2025-02-12;2025-02-13;2025-02-14;2025-02-17;2025-02-18;2025-02-19;2025-02-20;2025-02-21;2025-02-24;2025-02-25;2025-02-26;2025-02-27;2025-02-28;2025-03-03,20,2078.178810095546,2025-03-03;2025-02-18,2025-03-03;2025-02-18;2025-02-25;2025-02-17;2025-02-24;2025-02-19;2025-02-11,,2025-03-03,9600.0,10800.0,10800.0,20.334939814814813,25.67308465555148,16.94274675931935,33.275238148081655,77578.36549023495,572.5092265651467,4508.894937417733,47784.79738010258,1773.1884968311308,49557.98587693371,47784.79738010258,47784.79733231779,42320.866007098666,1421.2588626131992,lexicographic,4.778479733231779e-05,4.2320865964777806e-05,False,0.11302570000043488,0.0,1,0
2025-03-05,False,2,1.0,7,0.8,0,calibrated_quantile,2025-02-05;2025-02-06;2025-02-07;2025-02-10;2025-02-11;2025-02-12;2025-02-13;2025-02-14;2025-02-17;2025-02-18;2025-02-19;2025-02-20;2025-02-21;2025-02-24;2025-02-25;2025-02-26;2025-02-27;2025-02-28;2025-03-03;2025-03-04,20,2008.736685444376,2025-03-04;2025-02-25,2025-03-04;2025-02-25;2025-02-19;2025-02-18;2025-02-20;2025-02-26;2025-02-27,,2025-03-04,9600.0,10800.0,10800.0,19.801541435185175,24.51808038032922,22.19352521466629,38.40009014057152,75105.78852805364,946.0862290058774,5552.853289221632,45909.242629271175,3915.3408511759835,49824.58348044716,45909.242629271175,45909.242583361935,41616.18161378904,1445.6550395912855,lexicographic,4.590924258336194e-05,4.1616181572172875e-05,False,0.23203229999853647,0.0,1,0
2025-03-06,False,2,1.0,7,0.8,0,calibrated_quantile,2025-02-06;2025-02-07;2025-02-10;2025-02-11;2025-02-12;2025-02-13;2025-02-14;2025-02-17;2025-02-18;2025-02-19;2025-02-20;2025-02-21;2025-02-24;2025-02-25;2025-02-26;2025-02-27;2025-02-28;2025-03-03;2025-03-04;2025-03-05,20,2011.794159423749,2025-03-05;2025-02-20,2025-03-05;2025-02-20;2025-02-28;2025-02-26;2025-03-04;2025-02-27;2025-02-14,,2025-03-05,9600.0,10800.0,10800.0,24.693908449074083,31.420374124041235,13.885882390481804,25.27673688424184,74797.04527928491,624.4487755256134,5102.5156261644315,45659.68306956311,2763.6943099899854,48423.377379553094,45659.6830695631,45659.68302390341,41709.299865874316,1417.586428800593,lexicographic,4.565968302390341e-05,4.170929982416503e-05,False,0.15385699999751523,0.0,1,0
2025-03-07,False,2,1.0,7,0.8,0,calibrated_quantile,2025-02-07;2025-02-10;2025-02-11;2025-02-12;2025-02-13;2025-02-14;2025-02-17;2025-02-18;2025-02-19;2025-02-20;2025-02-21;2025-02-24;2025-02-25;2025-02-26;2025-02-27;2025-02-28;2025-03-03;2025-03-04;2025-03-05;2025-03-06,20,1758.0798577510586,2025-03-06;2025-02-28,2025-03-06;2025-02-28;2025-02-21;2025-02-14;2025-03-05;2025-02-27;2025-02-20,,2025-03-06,9600.0,10800.0,10800.0,172.56244305555555,188.47708018303197,14.174934078467903,27.28048350232057,50261.85603182603,0.0,25445.71258498847,28574.77609234681,0.0,28574.77609234681,28574.77609234681,28574.77606377203,37094.12012338243,1357.2079642587487,lexicographic,2.8574776063772034e-05,3.709412008628831e-05,False,0.13466799999878276,0.0,1,0
2025-03-08,False,2,1.0,7,0.8,0,calibrated_quantile,2025-02-08;2025-02-09;2025-02-15;2025-02-16;2025-02-22;2025-02-23;2025-03-01;2025-03-02,8,4970.970269628811,2025-03-02;2025-02-22,2025-03-02;2025-02-22;2025-03-01;2025-02-15;2025-02-23;2025-02-16;2025-02-08,,2025-03-07,9600.0,10800.0,10800.0,169.62929230324073,186.53487456839503,42.45485893114736,68.55875617076673,58632.13012441668,0.0,35510.818238217624,33227.220952652664,0.0,33227.220952652664,33227.22095265267,33227.22091942544,38659.43152028233,1440.7432440372213,lexicographic,3.322722091942544e-05,3.865943148162291e-05,False,0.10841520000030869,0.0,1,0
2025-03-09,False,2,1.0,7,0.8,0,calibrated_quantile,2025-02-09;2025-02-15;2025-02-16;2025-02-22;2025-02-23;2025-03-01;2025-03-02;2025-03-08,8,4970.970269628811,2025-03-02;2025-02-23,2025-03-02;2025-02-23;2025-03-08;2025-02-16;2025-02-09;2025-03-01;2025-02-22,,2025-03-08,9600.0,10800.0,10800.0,22.875450752314805,28.72697405870411,24.334744760560305,50.70977352031225,77912.5383367693,111.19544383511634,10226.01589281332,47906.47623439807,507.32806864700456,48413.80430304507,47906.47623439808,47906.4761864916,42527.31071790481,1442.355822696738,lexicographic,4.7906476186491604e-05,4.252731067537751e-05,False,0.16602360000251792,0.0,1,0
2025-03-10,False,2,1.0,7,0.8,0,calibrated_quantile,2025-02-10;2025-02-11;2025-02-12;2025-02-13;2025-02-14;2025-02-17;2025-02-18;2025-02-19;2025-02-20;2025-02-21;2025-02-24;2025-02-25;2025-02-26;2025-02-27;2025-02-28;2025-03-03;2025-03-04;2025-03-05;2025-03-06;2025-03-07,20,1758.0798577510586,2025-02-25;2025-03-03,2025-02-25;2025-03-03;2025-02-24;2025-03-04;2025-02-18;2025-03-07;2025-02-28,,2025-03-09,9600.0,10800.0,10800.0,23.19132390046295,29.92749564885704,25.598863594734983,45.60334978985669,75827.30939263685,1521.6239870050586,4870.614100323859,46509.7093901552,4015.0192976936605,50524.72868784886,46509.7093901552,46509.709343645496,42261.09774245083,1436.002579445067,lexicographic,4.65097093436455e-05,4.2261097700189736e-05,False,0.10808349999933853,0.0,1,0
2025-03-11,False,2,1.0,7,0.8,0,calibrated_quantile,2025-02-11;2025-02-12;2025-02-13;2025-02-14;2025-02-17;2025-02-18;2025-02-19;2025-02-20;2025-02-21;2025-02-24;2025-02-25;2025-02-26;2025-02-27;2025-02-28;2025-03-03;2025-03-04;2025-03-05;2025-03-06;2025-03-07;2025-03-10,20,2110.4191777303104,2025-03-04;2025-03-05,2025-03-04;2025-03-05;2025-03-03;2025-02-25;2025-02-18;2025-03-06;2025-03-10,,2025-03-10,9600.0,10800.0,10800.0,19.19040283564814,23.630470215510258,27.568853568581588,54.77430933923507,74325.1076324507,403.6238768831124,6505.824315726777,45167.62278625682,1673.4370429890582,46841.059829245874,45167.62278625682,45167.62274108919,40810.62627594074,1436.38892609276,lexicographic,4.516762274108919e-05,4.0810626235130115e-05,False,0.12812299999859533,0.0,1,0
2025-03-12,False,2,1.0,7,0.8,0,calibrated_quantile,2025-02-12;2025-02-13;2025-02-14;2025-02-17;2025-02-18;2025-02-19;2025-02-20;2025-02-21;2025-02-24;2025-02-25;2025-02-26;2025-02-27;2025-02-28;2025-03-03;2025-03-04;2025-03-05;2025-03-06;2025-03-07;2025-03-10;2025-03-11,20,2209.1100435964463,2025-03-06;2025-03-05,2025-03-06;2025-03-05;2025-03-11;2025-02-26;2025-03-04;2025-03-07;2025-02-25,,2025-03-11,9600.0,10800.0,10800.0,16.846851331018513,21.933579875600113,24.14427708488596,41.34331227594203,72144.83148964509,359.0572347233111,5804.651441817375,43855.24478070714,1055.0415801392905,44910.286360846425,43855.24478070714,43855.244736851884,40617.37739254755,1427.9797930289428,lexicographic,4.3855244736851884e-05,4.061737735193019e-05,False,0.1666241999992053,0.0,1,0
2025-03-13,False,2,1.0,7,0.8,0,calibrated_quantile,2025-02-13;2025-02-14;2025-02-17;2025-02-18;2025-02-19;2025-02-20;2025-02-21;2025-02-24;2025-02-25;2025-02-26;2025-02-27;2025-02-28;2025-03-03;2025-03-04;2025-03-05;2025-03-06;2025-03-07;2025-03-10;2025-03-11;2025-03-12,20,2256.1349393104447,2025-03-06;2025-03-12,2025-03-06;2025-03-12;2025-03-07;2025-03-05;2025-02-26;2025-02-28;2025-02-27,,2025-03-12,9600.0,10800.0,10800.0,17.88516464120371,23.670090261119732,40.743662679191175,78.29247432807658,70704.86505914808,4367.855868156088,3296.19467310234,42932.38809536099,16351.262119454852,59283.65021481585,42932.38809536099,42932.388052428614,40304.96794704557,1445.7951834714304,lexicographic,4.293238805242862e-05,4.0304967906740616e-05,False,0.1669541000010213,0.0,1,0
2025-03-14,False,2,1.0,7,0.8,0,calibrated_quantile,2025-02-14;2025-02-17;2025-02-18;2025-02-19;2025-02-20;2025-02-21;2025-02-24;2025-02-25;2025-02-26;2025-02-27;2025-02-28;2025-03-03;2025-03-04;2025-03-05;2025-03-06;2025-03-07;2025-03-10;2025-03-11;2025-03-12;2025-03-13,20,2861.1360917847505,2025-03-07;2025-03-06,2025-03-07;2025-03-06;2025-03-13;2025-03-05;2025-03-12;2025-03-11;2025-02-28,,2025-03-13,9600.0,10800.0,10800.0,156.72299340277777,171.39028568365978,27.53148881557967,54.759598757347014,48405.53003698341,0.0,28792.2441932914,27685.443711983688,0.0,27685.443711983688,27685.443711983688,27685.443684298243,34140.980774995754,1345.9510581077675,lexicographic,2.7685443684298245e-05,3.4140980740854775e-05,False,0.14407749999736552,0.0,1,0
2025-03-15,False,2,1.0,7,0.8,0,calibrated_quantile,2025-02-15;2025-02-16;2025-02-22;2025-02-23;2025-03-01;2025-03-02;2025-03-08;2025-03-09,8,748.5427711402288,2025-03-08;2025-03-01,2025-03-08;2025-03-01;2025-02-22;2025-03-09;2025-03-02;2025-02-15;2025-02-23,,2025-03-14,9600.0,10800.0,10800.0,17.596778125,22.574527830769902,30.895999613986888,55.073045192263095,32409.48460427864,1674.1042068120162,9106.130332669094,16690.50940861985,4912.831426929819,21603.340835549672,16690.509408619855,16690.509391929347,38613.33328654234,1379.7983464297376,lexicographic,1.6690509391929348e-05,3.861333324792901e-05,False,0.14608829999997397,2.179669129122475e-16,1,0
2025-03-16,False,2,1.0,7,0.8,0,calibrated_quantile,2025-02-16;2025-02-22;2025-02-23;2025-03-01;2025-03-02;2025-03-08;2025-03-09;2025-03-15,8,2148.1055909666266,2025-03-09;2025-03-02,2025-03-09;2025-03-02;2025-02-23;2025-02-16;2025-03-08;2025-02-09;2025-03-15,,2025-03-15,9600.0,10800.0,10800.0,16.50414438657408,21.615296207918302,31.73462085832462,67.61317470353153,71922.9349924278,1277.4020224003464,5667.199967053641,43554.702422047296,5064.650721718077,48619.35314376537,43554.702422047296,43554.7023784926,39839.91109020286,1431.9432763885197,lexicographic,4.3554702378492604e-05,3.9839911050362954e-05,False,0.13288910000119358,0.0,1,0
2025-03-17,False,2,1.0,7,0.8,0,calibrated_quantile,2025-02-17;2025-02-18;2025-02-19;2025-02-20;2025-02-21;2025-02-24;2025-02-25;2025-02-26;2025-02-27;2025-02-28;2025-03-03;2025-03-04;2025-03-05;2025-03-06;2025-03-07;2025-03-10;2025-03-11;2025-03-12;2025-03-13;2025-03-14,20,2861.1360917847505,2025-03-10;2025-03-11,2025-03-10;2025-03-11;2025-02-25;2025-03-03;2025-03-12;2025-03-04;2025-02-24,,2025-03-16,9600.0,10800.0,10800.0,20.034028993055554,25.032196494767692,48.51891049892467,80.3220677590487,71921.24905739365,235.73530423418032,10110.820602161173,43559.3765045809,1046.1805075753227,44605.55701215622,43559.37650458089,43559.37646102151,39896.518475270175,1436.5762931520057,lexicographic,4.355937646102151e-05,3.989651843537367e-05,False,0.18473050000102376,0.0,1,0
2025-03-18,False,2,1.0,7,0.8,0,calibrated_quantile,2025-02-18;2025-02-19;2025-02-20;2025-02-21;2025-02-24;2025-02-25;2025-02-26;2025-02-27;2025-02-28;2025-03-03;2025-03-04;2025-03-05;2025-03-06;2025-03-07;2025-03-10;2025-03-11;2025-03-12;2025-03-13;2025-03-14;2025-03-17,20,2858.2178929901947,2025-03-17;2025-03-10,2025-03-17;2025-03-10;2025-03-12;2025-03-13;2025-02-26;2025-02-25;2025-03-11,,2025-03-17,9600.0,10800.0,10800.0,17.3440329861111,21.669999988325923,23.038470866885987,42.802062170460424,68959.89672377917,1565.0774540106245,5306.169709517172,41527.287925599565,7638.675693616357,49165.96361921592,41527.287925599565,41527.287884072284,38989.74444161456,1437.1990538195855,lexicographic,4.1527287884072284e-05,3.8989744402624824e-05,False,0.14116310000099475,1.7520907299544851e-16,1,0
2025-03-19,False,2,1.0,7,0.8,0,calibrated_quantile,2025-02-19;2025-02-20;2025-02-21;2025-02-24;2025-02-25;2025-02-26;2025-02-27;2025-02-28;2025-03-03;2025-03-04;2025-03-05;2025-03-06;2025-03-07;2025-03-10;2025-03-11;2025-03-12;2025-03-13;2025-03-14;2025-03-17;2025-03-18,20,3022.411769504358,2025-03-12;2025-03-13,2025-03-12;2025-03-13;2025-03-05;2025-03-06;2025-03-18;2025-02-26;2025-03-11,,2025-03-18,9600.0,10800.0,10800.0,18.39480978009259,22.9502850210898,26.56026174231131,47.162216332986304,70793.19439284652,197.53627579196194,7359.819709259564,42948.72044616887,756.2398816766473,43704.96032784552,42948.72044616887,42948.72040322013,39681.30169460978,1434.5594879951877,lexicographic,4.2948720403220133e-05,3.968130165492848e-05,False,0.14263389999905485,3.388206934164167e-16,1,0
2025-03-20,False,2,1.0,7,0.8,0,calibrated_quantile,2025-02-20;2025-02-21;2025-02-24;2025-02-25;2025-02-26;2025-02-27;2025-02-28;2025-03-03;2025-03-04;2025-03-05;2025-03-06;2025-03-07;2025-03-10;2025-03-11;2025-03-12;2025-03-13;2025-03-14;2025-03-17;2025-03-18;2025-03-19,20,2860.9574544629754,2025-03-13;2025-03-19,2025-03-13;2025-03-19;2025-03-06;2025-03-12;2025-03-18;2025-03-07;2025-02-26,,2025-03-19,9600.0,10800.0,10800.0,18.888384201388888,23.792995841267544,16.505342708492137,29.96830250945186,68840.3993691344,895.609832443286,3378.0159274318726,41681.730064528485,3117.4853512853388,44799.21541581382,41681.730064528485,41681.73002284676,39524.983884406494,1427.984446993138,lexicographic,4.168173002284676e-05,3.952498384488153e-05,False,0.1447539999971923,0.0,1,0
2025-03-21,False,2,1.0,7,0.8,0,calibrated_quantile,2025-02-21;2025-02-24;2025-02-25;2025-02-26;2025-02-27;2025-02-28;2025-03-03;2025-03-04;2025-03-05;2025-03-06;2025-03-07;2025-03-10;2025-03-11;2025-03-12;2025-03-13;2025-03-14;2025-03-17;2025-03-18;2025-03-19;2025-03-20,20,2932.6124577000983,2025-03-07;2025-03-13,2025-03-07;2025-03-13;2025-03-20;2025-03-14;2025-03-06;2025-02-28;2025-03-19,,2025-03-20,9600.0,10800.0,10800.0,155.314493287037,172.4984694768534,34.27964068824667,60.2176779557789,46052.02140182718,0.0,30160.618478144803,26511.061618734926,0.0,26511.061618734926,26511.061618734922,26511.061592223865,36751.9395615707,1351.4637261720522,lexicographic,2.6511061592223865e-05,3.675193952481877e-05,False,0.15681799999947543,0.0,1,0
2025-03-22,False,2,1.0,7,0.8,0,calibrated_quantile,2025-02-22;2025-02-23;2025-03-01;2025-03-02;2025-03-08;2025-03-09;2025-03-15;2025-03-16,8,2523.3262304091827,2025-03-15;2025-03-08,2025-03-15;2025-03-08;2025-03-01;2025-03-09;2025-02-22;2025-03-16;2025-03-02,,2025-03-21,9600.0,10800.0,10800.0,16.264361805555545,19.99365558606291,25.858074772470736,47.09629033016487,32650.640855066973,150.9168511517093,12867.024644519708,16783.08776541625,414.77442231056716,17197.862187726816,16783.08776541625,16783.087748633163,38613.333286009525,1417.7200136610827,lexicographic,1.6783087748633163e-05,3.8613333247396215e-05,False,0.20397909999883268,0.0,1,0
2025-03-23,False,2,1.0,7,0.8,0,calibrated_quantile,2025-02-23;2025-03-01;2025-03-02;2025-03-08;2025-03-09;2025-03-15;2025-03-16;2025-03-22,8,2597.3535052552215,2025-03-09;2025-03-16,2025-03-09;2025-03-16;2025-03-02;2025-02-23;2025-03-15;2025-03-22;2025-02-16,,2025-03-22,9600.0,10800.0,10800.0,16.474060127314814,20.685626832718185,32.47883508535381,63.595499575735666,69544.95173529795,637.534442542239,7221.497927383662,41860.54526424599,2481.4527485694152,44341.998012815406,41860.545264245986,41860.54522238545,39927.34380084011,1437.500819777084,lexicographic,4.186054522238546e-05,3.9927343760912774e-05,False,0.15709069999866188,0.0,1,0
2025-03-24,False,2,1.0,7,0.8,0,calibrated_quantile,2025-02-24;2025-02-25;2025-02-26;2025-02-27;2025-02-28;2025-03-03;2025-03-04;2025-03-05;2025-03-06;2025-03-07;2025-03-10;2025-03-11;2025-03-12;2025-03-13;2025-03-14;2025-03-17;2025-03-18;2025-03-19;2025-03-20;2025-03-21,20,2932.6124577000983,2025-03-17;2025-03-10,2025-03-17;2025-03-10;2025-03-18;2025-03-11;2025-03-21;2025-03-19;2025-03-03,,2025-03-23,9600.0,10800.0,10800.0,18.49546666666667,23.452005316377385,17.330955377787284,31.924000000922973,66560.53489588865,601.3130116843257,5048.730202567869,40172.46552083643,2063.718845371812,42236.18436620824,40172.465520836435,40172.46548066395,39197.17539592575,1437.1990211390557,lexicographic,4.0172465480663957e-05,3.9197175356728586e-05,False,0.15832479999880888,0.0,1,0
2025-03-25,False,2,1.0,7,0.8,0,calibrated_quantile,2025-02-25;2025-02-26;2025-02-27;2025-02-28;2025-03-03;2025-03-04;2025-03-05;2025-03-06;2025-03-07;2025-03-10;2025-03-11;2025-03-12;2025-03-13;2025-03-14;2025-03-17;2025-03-18;2025-03-19;2025-03-20;2025-03-21;2025-03-24,20,3069.2569600321794,2025-03-18;2025-03-24,2025-03-18;2025-03-24;2025-03-17;2025-03-19;2025-03-10;2025-03-12;2025-03-20,,2025-03-24,9600.0,10800.0,10800.0,20.562273958333332,25.0830441490341,24.11208720480461,46.78530008147021,66684.18829644643,2081.644547076068,3671.0915543478964,40136.08858751094,8563.230605415261,48699.319192926196,40136.08858751094,40136.08854737485,39482.9262959968,1458.9631846725035,lexicographic,4.013608854737485e-05,3.948292625651388e-05,False,0.16032350000023143,0.0,1,0
2025-03-26,False,2,1.0,7,0.8,0,calibrated_quantile,2025-02-26;2025-02-27;2025-02-28;2025-03-03;2025-03-04;2025-03-05;2025-03-06;2025-03-07;2025-03-10;2025-03-11;2025-03-12;2025-03-13;2025-03-14;2025-03-17;2025-03-18;2025-03-19;2025-03-20;2025-03-21;2025-03-24;2025-03-25,20,3768.052365370225,2025-03-19;2025-03-12,2025-03-19;2025-03-12;2025-03-13;2025-03-20;2025-03-25;2025-03-18;2025-03-06,,2025-03-25,9600.0,10800.0,10800.0,15.209714583333323,19.407754070657646,42.03178781150583,80.78447695095156,69078.08696707692,261.9222267593183,9629.526521765489,41616.330780763805,892.9785430392004,42509.309323803005,41616.330780763805,41616.330739147474,39228.68067253361,1434.1772657015117,lexicographic,4.161633073914748e-05,3.922868063330493e-05,False,0.14497190000111004,0.0,1,0
2025-03-27,False,2,1.0,7,0.8,0,calibrated_quantile,2025-02-27;2025-02-28;2025-03-03;2025-03-04;2025-03-05;2025-03-06;2025-03-07;2025-03-10;2025-03-11;2025-03-12;2025-03-13;2025-03-14;2025-03-17;2025-03-18;2025-03-19;2025-03-20;2025-03-21;2025-03-24;2025-03-25;2025-03-26,20,3666.0481736344664,2025-03-20;2025-03-13,2025-03-20;2025-03-13;2025-03-26;2025-03-21;2025-03-19;2025-03-12;2025-03-06,,2025-03-26,9600.0,10800.0,10800.0,18.002393576388883,22.321924261315218,18.363040542140897,33.13051618168517,65780.50305443656,970.9508847142797,3944.051199773443,39708.79618018246,3572.1650736767724,43280.96125385923,39708.79618018246,39708.79614047368,38966.5691803847,1446.9772827236957,lexicographic,3.970879614047368e-05,3.896656914141815e-05,False,0.14981320000151754,0.0,1,0
2025-03-28,False,2,1.0,7,0.8,0,calibrated_quantile,2025-02-28;2025-03-03;2025-03-04;2025-03-05;2025-03-06;2025-03-07;2025-03-10;2025-03-11;2025-03-12;2025-03-13;2025-03-14;2025-03-17;2025-03-18;2025-03-19;2025-03-20;2025-03-21;2025-03-24;2025-03-25;2025-03-26;2025-03-27,20,2683.460564477773,2025-03-21;2025-03-27,2025-03-21;2025-03-27;2025-03-20;2025-03-13;2025-02-28;2025-03-07;2025-03-26,,2025-03-27,9600.0,10800.0,10800.0,162.75470850694444,179.51865052472104,15.352900070859087,29.477610293652653,43706.82888068419,6.07416666666586,28837.688947350853,25036.885670435062,12.986568333331608,25049.872238768392,25036.885670435062,25036.88564539818,38613.33333333333,1357.7583083186018,lexicographic,2.503688564539818e-05,3.861333333333333e-05,False,0.21411279999665567,0.0,1,0
2025-03-29,False,2,1.0,7,0.8,0,calibrated_quantile,2025-03-01;2025-03-02;2025-03-08;2025-03-09;2025-03-15;2025-03-16;2025-03-22;2025-03-23,8,2825.9810280153433,2025-03-22;2025-03-15,2025-03-22;2025-03-15;2025-03-08;2025-03-23;2025-03-01;2025-02-22;2025-03-09,,2025-03-28,9600.0,10800.0,10800.0,15.425295428240743,18.800130083648444,53.64351794858083,90.22753428183219,31304.32980546426,361.3805202533472,19905.167813535994,15870.611778604694,1391.1302979428879,17261.742076547584,15870.611778604694,15870.611762734083,38613.33329060732,1431.897864411465,lexicographic,1.5870611762734084e-05,3.8613333251993984e-05,False,0.24452630000087083,0.0,1,0
2025-03-30,False,2,1.0,7,0.8,0,calibrated_quantile,2025-03-02;2025-03-08;2025-03-09;2025-03-15;2025-03-16;2025-03-22;2025-03-23;2025-03-29,8,2567.8953588312997,2025-03-23;2025-03-09,2025-03-23;2025-03-09;2025-03-16;2025-03-29;2025-03-22;2025-03-15;2025-03-02,,2025-03-29,9600.0,10800.0,10800.0,19.078686226851858,23.074271015746383,22.46210759042105,41.44686137510359,62724.60142752404,1373.7982207345544,4698.327910873197,37708.11105276849,6114.549157959302,43822.66021072779,37708.11105276848,37708.11101506037,38623.99046140827,1426.5781998542811,lexicographic,3.770811101506037e-05,3.862399042278428e-05,False,0.17010559999835095,0.0,1,0
2025-03-31,False,2,1.0,7,0.8,0,calibrated_quantile,2025-03-03;2025-03-04;2025-03-05;2025-03-06;2025-03-07;2025-03-10;2025-03-11;2025-03-12;2025-03-13;2025-03-14;2025-03-17;2025-03-18;2025-03-19;2025-03-20;2025-03-21;2025-03-24;2025-03-25;2025-03-26;2025-03-27;2025-03-28,20,2686.125264477773,2025-03-24;2025-03-17,2025-03-24;2025-03-17;2025-03-25;2025-03-10;2025-03-18;2025-03-28;2025-03-26,,2025-03-30,9600.0,10800.0,10800.0,17.665420775462962,21.527365653553403,32.096068528044235,55.242461715966314,64291.86705228216,1589.559687221537,4850.633124756542,38581.95446401788,6692.625226401073,45274.57969041895,38581.95446401787,38581.95442543592,38861.691988731734,1442.4447381916855,lexicographic,3.858195442543592e-05,3.8861691949870055e-05,False,0.13585729999977048,0.0,1,0
2025-04-01,False,2,1.0,10,0.8,0,calibrated_quantile,2025-03-04;2025-03-05;2025-03-06;2025-03-07;2025-03-10;2025-03-11;2025-03-12;2025-03-13;2025-03-14;2025-03-17;2025-03-18;2025-03-19;2025-03-20;2025-03-21;2025-03-24;2025-03-25;2025-03-26;2025-03-27;2025-03-28;2025-03-31,20,2178.398757447868,2025-03-25;2025-03-18,2025-03-25;2025-03-18;2025-03-24;2025-03-31;2025-03-26;2025-03-17;2025-03-19;2025-03-12;2025-03-10;2025-03-27,,2025-03-31,9600.0,10800.0,10800.0,19.382576967592584,24.39084243444331,33.78952836231973,66.97947163198904,64323.9890586905,3094.846213796206,3093.4725428273277,38452.22672000073,9234.181137489837,47686.40785749057,38452.22672000073,38452.22668154849,39215.185765878006,1421.8382546721468,lexicographic,3.8452226681548495e-05,3.921518572666283e-05,False,0.13854790000186767,0.0,1,0
2025-04-02,False,2,1.0,10,0.8,0,calibrated_quantile,2025-03-05;2025-03-06;2025-03-07;2025-03-10;2025-03-11;2025-03-12;2025-03-13;2025-03-14;2025-03-17;2025-03-18;2025-03-19;2025-03-20;2025-03-21;2025-03-24;2025-03-25;2025-03-26;2025-03-27;2025-03-28;2025-03-31;2025-04-01,20,2617.05546290307,2025-03-26;2025-03-19,2025-03-26;2025-03-19;2025-03-12;2025-03-13;2025-04-01;2025-03-20;2025-03-05;2025-03-25;2025-03-06;2025-03-27,,2025-04-01,9600.0,10800.0,10800.0,17.066151504629616,21.632241424918835,33.382638206171464,58.02291121511498,65799.78466431411,2524.6555871091573,3840.696973920782,39083.41903137592,11962.650038419362,51046.06906979528,39083.41903137592,39083.41899229251,38566.411885681504,1427.0173695645863,lexicographic,3.9083418992292506e-05,3.85664118471151e-05,False,0.14499400000204332,0.0,1,0
2025-04-03,False,2,1.0,10,0.8,0,calibrated_quantile,2025-03-06;2025-03-07;2025-03-10;2025-03-11;2025-03-12;2025-03-13;2025-03-14;2025-03-17;2025-03-18;2025-03-19;2025-03-20;2025-03-21;2025-03-24;2025-03-25;2025-03-26;2025-03-27;2025-03-28;2025-03-31;2025-04-01;2025-04-02,20,2960.458450304586,2025-04-02;2025-03-20,2025-04-02;2025-03-20;2025-03-13;2025-03-27;2025-03-26;2025-03-19;2025-03-21;2025-03-06;2025-03-12;2025-03-28,,2025-04-02,9600.0,10800.0,10800.0,18.240927835648144,24.176368450803615,32.72191521255231,61.58911432531086,66012.80224452639,810.5723778626121,6896.154603400427,39473.94687855439,3503.1982196718104,42977.145098226196,39473.94687855439,39473.94683908044,38711.9918510666,1437.1915754831712,lexicographic,3.947394683908044e-05,3.871199181235462e-05,False,0.14214929999798187,0.0,1,0
2025-04-04,False,2,1.0,10,0.8,0,calibrated_quantile,2025-03-07;2025-03-10;2025-03-11;2025-03-12;2025-03-13;2025-03-14;2025-03-17;2025-03-18;2025-03-19;2025-03-20;2025-03-21;2025-03-24;2025-03-25;2025-03-26;2025-03-27;2025-03-28;2025-03-31;2025-04-01;2025-04-02;2025-04-03,20,2992.672172548225,2025-03-28;2025-03-21,2025-03-28;2025-03-21;2025-03-27;2025-03-20;2025-04-03;2025-03-13;2025-03-07;2025-02-28;2025-03-26;2025-03-25,,2025-04-03,9600.0,10800.0,10800.0,17.381484548611112,21.243859343999443,30.93554518101227,60.30251734951855,30640.629824697386,228.00342594660205,20384.497671517893,15354.231711782482,869.7327258332324,16223.964437615714,15354.231711782482,15354.231696428253,38613.33329325383,1290.6031242740464,lexicographic,1.5354231696428254e-05,3.861333325464051e-05,False,0.12635380000210716,0.0,1,0
2025-04-05,False,2,1.0,10,0.8,0,calibrated_quantile,2025-03-08;2025-03-09;2025-03-15;2025-03-16;2025-03-22;2025-03-23;2025-03-29;2025-03-30,8,1829.3936046776807,2025-03-29;2025-03-22,2025-03-29;2025-03-22;2025-03-15;2025-03-08;2025-03-30;2025-03-23;2025-03-01;2025-03-09;2025-02-22;2025-03-16,,2025-04-04,9600.0,10800.0,10800.0,18.842342592592583,23.532260149619994,24.911813750457814,46.07819631787529,30565.31085454679,1643.2519056577398,16111.11444772223,15301.178756608548,6528.022704632187,21829.201461240737,15301.178756608548,15301.17874130737,38613.33329347172,1432.752514975724,lexicographic,1.530117874130737e-05,3.8613333254858406e-05,False,0.12520210000002407,0.0,1,0
2025-04-06,False,2,1.0,10,0.8,0,calibrated_quantile,2025-03-09;2025-03-15;2025-03-16;2025-03-22;2025-03-23;2025-03-29;2025-03-30;2025-04-05,8,3327.525349546372,2025-03-30;2025-03-23,2025-03-30;2025-03-23;2025-03-09;2025-03-16;2025-03-02;2025-04-05;2025-03-29;2025-03-22;2025-03-15;2025-02-23,,2025-04-05,9600.0,10800.0,10800.0,17.06895665509259,21.423353847970258,19.88556019739335,36.76036920680069,64188.51550386539,516.6761413332089,6179.898722546151,38269.03585883569,1982.4502138094008,40251.48607264509,38269.0358588357,38269.035820566634,39202.85340702249,1433.5565340781868,lexicographic,3.8269035820566635e-05,3.920285336781965e-05,False,0.14775250000093365,0.0,1,0
2025-04-07,False,2,1.0,10,0.8,0,calibrated_quantile,2025-03-10;2025-03-11;2025-03-12;2025-03-13;2025-03-14;2025-03-17;2025-03-18;2025-03-19;2025-03-20;2025-03-21;2025-03-24;2025-03-25;2025-03-26;2025-03-27;2025-03-28;2025-03-31;2025-04-01;2025-04-02;2025-04-03;2025-04-04,20,3077.696052767685,2025-03-31;2025-03-24,2025-03-31;2025-03-24;2025-03-17;2025-03-25;2025-04-01;2025-03-10;2025-03-18;2025-04-04;2025-03-28;2025-03-26,,2025-04-06,9600.0,10800.0,10800.0,16.76521018518519,22.18230346168669,33.7957380191833,61.321103839301884,62683.0982264665,977.8157165762418,6374.3864165890645,37257.62546903423,3873.0858437955026,41130.711312829735,37257.62546903423,37257.625431776585,38522.594316041184,1433.383789145199,lexicographic,3.7257625431776585e-05,3.85225942775186e-05,False,0.17022580000048038,0.0,1,0
2025-04-08,False,2,1.0,10,0.8,0,calibrated_quantile,2025-03-11;2025-03-12;2025-03-13;2025-03-14;2025-03-17;2025-03-18;2025-03-19;2025-03-20;2025-03-21;2025-03-24;2025-03-25;2025-03-26;2025-03-27;2025-03-28;2025-03-31;2025-04-01;2025-04-02;2025-04-03;2025-04-04;2025-04-07,20,3110.1750435128292,2025-03-25;2025-03-18,2025-03-25;2025-03-18;2025-04-01;2025-04-07;2025-03-31;2025-03-24;2025-03-26;2025-03-17;2025-03-27;2025-03-19,,2025-04-07,9600.0,10800.0,10800.0,16.528788888888887,20.30159139009534,37.99009758166787,71.14824135741844,63017.365710502956,1228.3545504672252,5918.64780928157,37510.714417370735,5840.277578164483,43350.991995535216,37510.714417370735,37510.71437986003,37856.42469152497,1421.2682256218786,lexicographic,3.7510714379860035e-05,3.7856424653668564e-05,False,0.15541010000015376,0.0,1,0
2025-04-09,False,2,1.0,10,0.8,0,calibrated_quantile,2025-03-12;2025-03-13;2025-03-14;2025-03-17;2025-03-18;2025-03-19;2025-03-20;2025-03-21;2025-03-24;2025-03-25;2025-03-26;2025-03-27;2025-03-28;2025-03-31;2025-04-01;2025-04-02;2025-04-03;2025-04-04;2025-04-07;2025-04-08,20,3379.4603477674855,2025-03-27;2025-04-08,2025-03-27;2025-04-08;2025-03-26;2025-04-01;2025-03-20;2025-03-25;2025-03-19;2025-03-18;2025-04-03;2025-04-02,,2025-04-08,9600.0,10800.0,10800.0,18.16290185185185,22.8494292914482,34.92650295486736,62.67944713536406,63918.1490555225,2633.0144108375493,3352.807011928385,38215.378871428285,9072.805912066942,47288.18478349523,38215.378871428285,38215.378833212904,38715.38022291919,1446.41832272209,lexicographic,3.821537883321291e-05,3.8715380184203825e-05,False,0.17758450000110315,0.0,1,0
2025-04-10,False,2,1.0,10,0.8,0,calibrated_quantile,2025-03-13;2025-03-14;2025-03-17;2025-03-18;2025-03-19;2025-03-20;2025-03-21;2025-03-24;2025-03-25;2025-03-26;2025-03-27;2025-03-28;2025-03-31;2025-04-01;2025-04-02;2025-04-03;2025-04-04;2025-04-07;2025-04-08;2025-04-09,20,3965.5698515760196,2025-04-03;2025-03-27,2025-04-03;2025-03-27;2025-03-20;2025-03-13;2025-03-26;2025-04-02;2025-04-09;2025-04-04;2025-03-21;2025-03-19,,2025-04-09,9600.0,10800.0,10800.0,16.579122453703704,21.20889123908624,32.26812101642767,61.64278486661977,65836.95082879273,503.1203171814812,7791.517989349675,38998.00863474482,2186.4440409052613,41184.452675650085,38998.00863474483,38998.008595746825,38942.77165521281,1452.30166433503,lexicographic,3.899800859574683e-05,3.8942771616270046e-05,False,0.13039279999793507,0.0,1,0
2025-04-11,False,2,1.0,10,0.8,0,calibrated_quantile,2025-03-14;2025-03-17;2025-03-18;2025-03-19;2025-03-20;2025-03-21;2025-03-24;2025-03-25;2025-03-26;2025-03-27;2025-03-28;2025-03-31;2025-04-01;2025-04-02;2025-04-03;2025-04-04;2025-04-07;2025-04-08;2025-04-09;2025-04-10,20,3463.013176448645,2025-04-04;2025-03-28,2025-04-04;2025-03-28;2025-03-27;2025-03-21;2025-04-10;2025-03-20;2025-04-09;2025-04-03;2025-03-13;2025-04-08,,2025-04-10,9600.0,10800.0,10800.0,19.51916765046296,23.911265077692573,34.69855815638016,62.508682540442344,29812.94435762016,488.2293504024521,20931.190211930614,14787.844878183038,1895.0235297830338,16682.86840796607,14787.844878183036,14787.844863395196,38613.33329610449,1282.1279316420823,lexicographic,1.4787844863395196e-05,3.861333325749115e-05,False,0.13396450000072946,0.0,1,0
2025-04-12,False,2,1.0,10,0.8,0,calibrated_quantile,2025-03-15;2025-03-16;2025-03-22;2025-03-23;2025-03-29;2025-03-30;2025-04-05;2025-04-06,8,3469.9136998213426,2025-04-05;2025-03-29,2025-04-05;2025-03-29;2025-03-22;2025-03-15;2025-03-08;2025-03-30;2025-04-06;2025-03-23;2025-03-01;2025-02-22,,2025-04-11,9600.0,10800.0,10800.0,17.51737199074074,22.273986751254604,28.201044763294323,45.42175881426202,30311.198975367646,356.51800262998495,17589.22309875329,15124.029628961907,1198.1206217685742,16322.150250730481,15124.029628961904,15124.029613837874,38613.333294380274,1417.5616816419279,lexicographic,1.5124029613837876e-05,3.861333325576695e-05,False,0.14801540000189561,0.0,1,0
2025-04-13,False,2,1.0,10,0.8,0,calibrated_quantile,2025-03-16;2025-03-22;2025-03-23;2025-03-29;2025-03-30;2025-04-05;2025-04-06;2025-04-12,8,3124.7076895545006,2025-04-06;2025-03-30,2025-04-06;2025-03-30;2025-03-23;2025-03-09;2025-03-16;2025-03-02;2025-04-05;2025-03-29;2025-04-12;2025-03-22,,2025-04-12,9600.0,10800.0,10800.0,19.865640509259258,24.18481927874625,21.424263370832495,40.110708800804,62028.42490164902,1019.2454360824747,4924.103658769651,36785.95560074549,4606.291300638999,41392.24690138449,36785.955600745496,36785.955563959535,36649.72017940855,1429.127521255019,lexicographic,3.678595556395954e-05,3.664972014275884e-05,False,0.1312340000004042,0.0,1,0
2025-04-14,False,2,1.0,10,0.8,0,calibrated_quantile,2025-03-17;2025-03-18;2025-03-19;2025-03-20;2025-03-21;2025-03-24;2025-03-25;2025-03-26;2025-03-27;2025-03-28;2025-03-31;2025-04-01;2025-04-02;2025-04-03;2025-04-04;2025-04-07;2025-04-08;2025-04-09;2025-04-10;2025-04-11,20,3583.0855062655264,2025-04-07;2025-03-31,2025-04-07;2025-03-31;2025-03-24;2025-03-17;2025-04-01;2025-04-08;2025-03-25;2025-03-10;2025-03-18;2025-04-09,,2025-04-13,9600.0,10800.0,10800.0,19.029334895833326,24.18164130070125,32.93245366021154,54.50070473694976,63576.92324170237,381.4408419736528,7373.285972075823,37601.55101945361,1598.940208174364,39200.49122762797,37601.55101945362,37601.550981852066,38648.70433682292,1447.066585411998,lexicographic,3.760155098185207e-05,3.864870429817424e-05,False,0.10360379999838187,0.0,1,0
2025-04-15,False,2,1.0,10,0.8,0,calibrated_quantile,2025-03-18;2025-03-19;2025-03-20;2025-03-21;2025-03-24;2025-03-25;2025-03-26;2025-03-27;2025-03-28;2025-03-31;2025-04-01;2025-04-02;2025-04-03;2025-04-04;2025-04-07;2025-04-08;2025-04-09;2025-04-10;2025-04-11;2025-04-14,20,3645.9671938352058,2025-04-08;2025-04-01,2025-04-08;2025-04-01;2025-03-25;2025-04-09;2025-03-18;2025-04-14;2025-04-07;2025-03-31;2025-03-24;2025-03-26,,2025-04-14,9600.0,10800.0,10800.0,19.032147453703708,23.16485518521193,36.8122684199213,66.16034134722666,62109.830401383726,319.23396657888617,8343.520832943184,36827.639166717214,1398.359398848015,38225.99856556523,36827.63916671722,36827.63912988959,37591.93478974649,1434.4281614954125,lexicographic,3.6827639129889595e-05,3.759193475215456e-05,False,0.1340602000018407,0.0,1,0
2025-04-16,False,2,1.0,10,0.8,0,calibrated_quantile,2025-03-19;2025-03-20;2025-03-21;2025-03-24;2025-03-25;2025-03-26;2025-03-27;2025-03-28;2025-03-31;2025-04-01;2025-04-02;2025-04-03;2025-04-04;2025-04-07;2025-04-08;2025-04-09;2025-04-10;2025-04-11;2025-04-14;2025-04-15,20,3562.7781605431855,2025-04-09;2025-04-15,2025-04-09;2025-04-15;2025-04-08;2025-03-27;2025-04-10;2025-04-01;2025-03-20;2025-03-26;2025-03-25;2025-03-18,,2025-04-15,9600.0,10800.0,10800.0,16.580488310185174,20.84827067197163,32.00598800000492,60.771568329714526,60388.47107853239,2443.7574661965728,3263.066014126268,36213.25855638223,8572.137928300952,44785.39648468318,36213.25855638222,36213.258520168965,36100.646057320526,1424.1066723467502,lexicographic,3.621325852016897e-05,3.610064602121988e-05,False,0.10251920000155224,0.0,1,0
2025-04-17,False,2,1.0,10,0.8,0,calibrated_quantile,2025-03-20;2025-03-21;2025-03-24;2025-03-25;2025-03-26;2025-03-27;2025-03-28;2025-03-31;2025-04-01;2025-04-02;2025-04-03;2025-04-04;2025-04-07;2025-04-08;2025-04-09;2025-04-10;2025-04-11;2025-04-14;2025-04-15;2025-04-16,20,4086.6738819365237,2025-04-10;2025-03-27,2025-04-10;2025-03-27;2025-04-03;2025-03-20;2025-04-09;2025-04-16;2025-04-04;2025-03-26;2025-03-13;2025-04-02,,2025-04-16,9600.0,10800.0,10800.0,15.033866145833324,18.349720537417397,26.75288320855106,49.33288636352143,64114.89885065815,94.29949390097718,7293.3051497817305,37902.920420958966,460.23870766478416,38363.15912862375,37902.92042095897,37902.920383056044,38558.24752130053,1434.6089562699203,lexicographic,3.790292038305605e-05,3.855824748274229e-05,False,0.10830870000063442,0.0,1,0
2025-04-18,False,2,1.0,10,0.8,0,calibrated_quantile,2025-03-21;2025-03-24;2025-03-25;2025-03-26;2025-03-27;2025-03-28;2025-03-31;2025-04-01;2025-04-02;2025-04-03;2025-04-04;2025-04-07;2025-04-08;2025-04-09;2025-04-10;2025-04-11;2025-04-14;2025-04-15;2025-04-16;2025-04-17,20,3789.7619382460616,2025-04-04;2025-04-11,2025-04-04;2025-04-11;2025-03-28;2025-04-17;2025-03-21;2025-04-10;2025-03-27;2025-04-03;2025-03-20;2025-04-09,,2025-04-17,9600.0,10800.0,10800.0,17.56750509259259,22.523877799712373,22.571112641548574,39.64178305809866,29572.478124031048,311.7272618448581,19476.754873031336,14624.903824025314,997.4466613566416,15622.350485381956,14624.903824025314,14624.903809400412,38613.33329692292,1273.1393580743475,lexicographic,1.4624903809400413e-05,3.8613333258309584e-05,False,0.11953839999841875,1.2437616187100453e-16,1,0
2025-04-19,False,2,1.0,10,0.8,0,calibrated_quantile,2025-03-22;2025-03-23;2025-03-29;2025-03-30;2025-04-05;2025-04-06;2025-04-12;2025-04-13,8,3152.4154625689025,2025-04-05;2025-04-12,2025-04-05;2025-04-12;2025-03-29;2025-03-22;2025-03-15;2025-03-08;2025-04-13;2025-04-06;2025-03-30;2025-03-01,,2025-04-18,9600.0,10800.0,10800.0,17.925953125000003,23.014877211808642,25.684417563100126,43.124646138401324,29785.138518627457,289.0628017214674,19236.18874095629,14845.172463214902,1015.7756225840714,15860.948085798973,14845.172463214902,14845.17244836973,38613.333295792974,1406.6433484965564,lexicographic,1.4845172448369731e-05,3.861333325717965e-05,False,0.1240646000005654,0.0,1,0
2025-04-20,False,2,1.0,10,0.8,0,calibrated_quantile,2025-03-23;2025-03-29;2025-03-30;2025-04-05;2025-04-06;2025-04-12;2025-04-13;2025-04-19,8,3453.270550224866,2025-04-13;2025-04-06,2025-04-13;2025-04-06;2025-03-30;2025-03-23;2025-03-09;2025-03-16;2025-04-19;2025-04-05;2025-04-12;2025-03-02,,2025-04-19,9600.0,10800.0,10800.0,16.921446469907405,21.727004051443274,24.018600201260636,43.97845771796112,60394.076954920885,752.0865468276231,5249.0970654945295,35798.34722618312,3151.398228540907,38949.74545472403,35798.34722618312,35798.34719038478,37527.221109402,1425.0992865674061,lexicographic,3.5798347190384784e-05,3.752722107187479e-05,False,0.1006822999988799,0.0,1,0
2025-04-21,False,2,1.0,10,0.8,0,calibrated_quantile,2025-03-24;2025-03-25;2025-03-26;2025-03-27;2025-03-28;2025-03-31;2025-04-01;2025-04-02;2025-04-03;2025-04-04;2025-04-07;2025-04-08;2025-04-09;2025-04-10;2025-04-11;2025-04-14;2025-04-15;2025-04-16;2025-04-17;2025-04-18,20,4148.343169741499,2025-04-14;2025-04-07,2025-04-14;2025-04-07;2025-03-31;2025-03-24;2025-04-15;2025-04-08;2025-03-17;2025-04-01;2025-03-25;2025-03-10,,2025-04-20,9600.0,10800.0,10800.0,20.03395931712963,24.888497124949158,37.58414287208515,65.31490131063629,59925.13022447659,307.8643734693577,7936.310574361173,35536.790235103814,1082.1863746361332,36618.97660973995,35536.790235103814,35536.79019956702,36007.31730976378,1430.2664560528478,lexicographic,3.553679019956702e-05,3.6007317273756464e-05,False,0.11568540000007488,0.0,1,0
2025-04-22,False,2,1.0,10,0.8,0,calibrated_quantile,2025-03-25;2025-03-26;2025-03-27;2025-03-28;2025-03-31;2025-04-01;2025-04-02;2025-04-03;2025-04-04;2025-04-07;2025-04-08;2025-04-09;2025-04-10;2025-04-11;2025-04-14;2025-04-15;2025-04-16;2025-04-17;2025-04-18;2025-04-21,20,4102.879050639742,2025-04-08;2025-04-15,2025-04-08;2025-04-15;2025-04-16;2025-04-09;2025-04-21;2025-03-25;2025-04-07;2025-03-18;2025-04-01;2025-03-31,,2025-04-21,9600.0,10800.0,10800.0,18.553381944444432,22.81164258438334,25.510747710655544,49.47587877317327,58119.6245377117,1708.8755686124657,3914.9675808278744,34681.588423646725,5976.491968137947,40658.08039178467,34681.588423646725,34681.588388965145,35824.69372621908,1437.6508223825927,lexicographic,3.468158838896515e-05,3.5824693690394394e-05,False,0.11481609999827924,0.0,1,0
2025-04-23,False,2,1.0,10,0.8,0,calibrated_quantile,2025-03-26;2025-03-27;2025-03-28;2025-03-31;2025-04-01;2025-04-02;2025-04-03;2025-04-04;2025-04-07;2025-04-08;2025-04-09;2025-04-10;2025-04-11;2025-04-14;2025-04-15;2025-04-16;2025-04-17;2025-04-18;2025-04-21;2025-04-22,20,4270.027830407913,2025-04-09;2025-04-16,2025-04-09;2025-04-16;2025-04-17;2025-04-15;2025-04-10;2025-03-26;2025-03-27;2025-04-08;2025-04-02;2025-04-22,,2025-04-22,9600.0,10800.0,10800.0,19.41100763888889,23.641113764293824,22.668722472856395,39.23734032714314,61088.11303008675,427.96919695658,6337.974388522641,36154.97820691457,1488.183932820842,37643.16213973542,36154.978206914566,36154.9781707596,35992.24173976744,1439.8407311145163,lexicographic,3.61549781707596e-05,3.599224170377521e-05,False,0.09822179999900982,0.0,1,0
2025-04-24,False,2,1.0,10,0.8,0,calibrated_quantile,2025-03-27;2025-03-28;2025-03-31;2025-04-01;2025-04-02;2025-04-03;2025-04-04;2025-04-07;2025-04-08;2025-04-09;2025-04-10;2025-04-11;2025-04-14;2025-04-15;2025-04-16;2025-04-17;2025-04-18;2025-04-21;2025-04-22;2025-04-23,20,4352.012177481687,2025-04-17;2025-04-10,2025-04-17;2025-04-10;2025-04-23;2025-03-27;2025-04-09;2025-04-16;2025-04-18;2025-04-03;2025-03-20;2025-04-04,,2025-04-23,9600.0,10800.0,10800.0,16.783579803240748,21.131011136368933,37.05288750537645,68.37502616425023,60431.963803436905,206.17547583460833,9763.013082932144,35789.330827409794,961.6412156810691,36750.972043090864,35789.3308274098,35789.330791620465,36057.29099144348,1422.6807391865964,lexicographic,3.578933079162047e-05,3.605729095538619e-05,False,0.14362679999976535,0.0,1,0
2025-04-25,False,2,1.0,10,0.8,0,calibrated_quantile,2025-03-28;2025-03-31;2025-04-01;2025-04-02;2025-04-03;2025-04-04;2025-04-07;2025-04-08;2025-04-09;2025-04-10;2025-04-11;2025-04-14;2025-04-15;2025-04-16;2025-04-17;2025-04-18;2025-04-21;2025-04-22;2025-04-23;2025-04-24,20,4151.658360222832,2025-04-18;2025-04-11,2025-04-18;2025-04-11;2025-04-04;2025-04-24;2025-03-28;2025-04-17;2025-03-27;2025-04-10;2025-03-21;2025-04-23,,2025-04-24,9600.0,10800.0,10800.0,18.838371527777777,22.509333192604245,23.186227912338197,41.00316235624466,28475.872221958696,200.65082756784378,22622.832069568594,13795.365512041973,728.2514674779351,14523.61697951991,13795.365512041975,13795.365498246609,38613.333301178354,1271.902645273117,lexicographic,1.379536549824661e-05,3.861333326256503e-05,False,0.1233059999976831,0.0,1,0
2025-04-26,False,2,1.0,10,0.8,0,calibrated_quantile,2025-03-29;2025-03-30;2025-04-05;2025-04-06;2025-04-12;2025-04-13;2025-04-19;2025-04-20,8,3703.4273417045224,2025-04-12;2025-04-05,2025-04-12;2025-04-05;2025-04-19;2025-03-29;2025-03-22;2025-03-15;2025-03-08;2025-04-20;2025-04-13;2025-03-30,,2025-04-25,9600.0,10800.0,10800.0,19.14991504629629,23.746140280623976,53.996965807724834,98.33885818139652,29132.055931861505,313.7106249142367,25322.239593799604,14370.676560449914,1298.0390593993895,15668.715619849303,14370.676560449914,14370.676546079236,38613.33329817623,1406.6433490605468,lexicographic,1.4370676546079236e-05,3.861333325956291e-05,False,0.1779166999986046,0.0,1,0
2025-04-27,False,2,1.0,10,0.8,0,calibrated_quantile,2025-03-30;2025-04-05;2025-04-06;2025-04-12;2025-04-13;2025-04-19;2025-04-20;2025-04-26,8,3702.672096918624,2025-04-20;2025-03-30,2025-04-20;2025-03-30;2025-04-06;2025-04-13;2025-03-23;2025-04-12;2025-04-26;2025-04-05;2025-03-29;2025-04-19,,2025-04-26,9600.0,10800.0,10800.0,20.757893749999994,25.372061714929835,17.39102965826681,33.67038327155802,55836.22679824477,1000.4584717225149,4439.982245652943,33340.26133545998,4197.1824971840915,37537.44383264407,33340.26133545999,33340.26130211972,36421.31385355589,1437.5835133470173,lexicographic,3.334026130211972e-05,3.642131381713458e-05,False,0.11041150000164635,0.0,1,0
2025-04-28,False,2,1.0,10,0.8,0,calibrated_quantile,2025-03-31;2025-04-01;2025-04-02;2025-04-03;2025-04-04;2025-04-07;2025-04-08;2025-04-09;2025-04-10;2025-04-11;2025-04-14;2025-04-15;2025-04-16;2025-04-17;2025-04-18;2025-04-21;2025-04-22;2025-04-23;2025-04-24;2025-04-25,20,4337.132085066061,2025-04-21;2025-04-07,2025-04-21;2025-04-07;2025-04-22;2025-03-31;2025-04-14;2025-04-08;2025-04-15;2025-03-24;2025-03-25;2025-03-17,,2025-04-27,9600.0,10800.0,10800.0,18.804678414351844,23.087550974862747,51.56895953725003,88.90755213473393,58668.99455163331,4273.720384211643,2568.80064817331,34636.387488562534,16437.388953169222,51073.77644173175,34636.387488562534,34636.38745392613,35742.2316711527,1435.4373803958433,lexicographic,3.463638745392613e-05,3.574223163541047e-05,False,0.09941339999932097,0.0,1,0
2025-04-29,False,2,1.0,10,0.8,0,calibrated_quantile,2025-04-01;2025-04-02;2025-04-03;2025-04-04;2025-04-07;2025-04-08;2025-04-09;2025-04-10;2025-04-11;2025-04-14;2025-04-15;2025-04-16;2025-04-17;2025-04-18;2025-04-21;2025-04-22;2025-04-23;2025-04-24;2025-04-25;2025-04-28,20,4860.439771896947,2025-04-15;2025-04-01,2025-04-15;2025-04-01;2025-03-25;2025-04-08;2025-04-23;2025-04-14;2025-04-21;2025-03-18;2025-04-22;2025-04-09,,2025-04-28,9600.0,10800.0,10800.0,14.028157291666666,17.735081032328686,34.24976839043552,53.32240571865772,59184.80855368293,707.1003520091131,8775.212391593097,35084.10358555176,2901.889161763322,37985.99274731508,35084.103585551755,35084.103550467655,35090.020333433815,1420.2581962662898,lexicographic,3.508410355046766e-05,3.50900202983438e-05,False,0.12911560000065947,0.0,1,0
2025-04-30,False,2,1.0,10,0.8,0,calibrated_quantile,2025-04-02;2025-04-03;2025-04-04;2025-04-07;2025-04-08;2025-04-09;2025-04-10;2025-04-11;2025-04-14;2025-04-15;2025-04-16;2025-04-17;2025-04-18;2025-04-21;2025-04-22;2025-04-23;2025-04-24;2025-04-25;2025-04-28;2025-04-29,20,4514.690095018694,2025-04-23;2025-04-16,2025-04-23;2025-04-16;2025-04-09;2025-04-24;2025-04-17;2025-04-15;2025-04-22;2025-04-08;2025-04-29;2025-03-27,,2025-04-29,9600.0,10800.0,10800.0,17.707478935185172,22.28639310762059,33.49759742865675,54.614513597881356,57606.80178615243,892.4172338522835,6625.511251039322,34343.253097114735,3441.4260695716534,37784.67916668639,34343.253097114735,34343.25306277147,34455.28703944227,1427.0774603795235,lexicographic,3.4343253062771476e-05,3.445528700498699e-05,False,0.1309347999995225,0.0,1,0
2025-05-01,False,2,1.0,10,0.8,0,calibrated_quantile,2025-04-03;2025-04-04;2025-04-07;2025-04-08;2025-04-09;2025-04-10;2025-04-11;2025-04-14;2025-04-15;2025-04-16;2025-04-17;2025-04-18;2025-04-21;2025-04-22;2025-04-23;2025-04-24;2025-04-25;2025-04-28;2025-04-29;2025-04-30,20,4433.416819925944,2025-04-24;2025-04-17,2025-04-24;2025-04-17;2025-04-30;2025-04-23;2025-04-10;2025-04-16;2025-03-27;2025-04-25;2025-04-09;2025-04-18,,2025-04-30,9600.0,10800.0,10800.0,34.69009571759258,46.025785470484266,33.63651340368239,57.59815011516701,56808.614601454145,3665.6105667529587,5795.2463403285665,33669.11320507489,17060.923963039048,50730.03716811394,33669.1132050749,33669.11317140577,34938.71605505347,1424.7626341317834,lexicographic,3.366911317140577e-05,3.493871602011475e-05,False,0.13699699999779114,0.0,1,0
2025-05-02,False,2,1.0,10,0.8,0,calibrated_quantile,2025-04-04;2025-04-07;2025-04-08;2025-04-09;2025-04-10;2025-04-11;2025-04-14;2025-04-15;2025-04-16;2025-04-17;2025-04-18;2025-04-21;2025-04-22;2025-04-23;2025-04-24;2025-04-25;2025-04-28;2025-04-29;2025-04-30;2025-05-01,20,4712.211503740915,2025-04-25;2025-04-18,2025-04-25;2025-04-18;2025-04-11;2025-04-04;2025-04-24;2025-05-01;2025-03-28;2025-04-17;2025-03-27;2025-04-10,,2025-05-01,9600.0,10800.0,10800.0,30.545415798611106,41.73850642402507,61.387181876367976,106.69175023779297,28325.697590974778,5435.659828168401,15417.704005859992,13800.889675206923,24373.82207927587,38174.71175448279,13800.889675206923,13800.889661406032,38613.3333011012,1265.8188315015386,lexicographic,1.3800889661406033e-05,3.8613333262487876e-05,False,0.11408819999996922,1.3180232928262815e-16,1,0
2025-05-03,False,2,1.0,10,0.8,0,calibrated_quantile,2025-04-05;2025-04-06;2025-04-12;2025-04-13;2025-04-19;2025-04-20;2025-04-26;2025-04-27,8,3848.8111912239224,2025-04-19;2025-04-26,2025-04-19;2025-04-26;2025-04-12;2025-03-29;2025-04-05;2025-03-22;2025-03-15;2025-03-08;2025-03-01;2025-02-22,,2025-05-02,9600.0,10800.0,10800.0,32.15843825231482,43.60372466085871,38.285704263736115,77.66337311598915,28355.494537546867,2930.7658807846938,18365.755438424047,13863.522848879258,13422.791548020994,27286.314396900252,13863.52284887926,13863.52283501574,38613.33330069788,1411.495708332006,lexicographic,1.386352283501574e-05,3.861333326208455e-05,False,0.1358628999987559,0.0,1,0
2025-05-04,False,2,1.0,10,0.8,0,calibrated_quantile,2025-04-06;2025-04-12;2025-04-13;2025-04-19;2025-04-20;2025-04-26;2025-04-27;2025-05-03,8,4575.711874195087,2025-04-20;2025-04-13,2025-04-20;2025-04-13;2025-04-06;2025-03-30;2025-04-27;2025-03-23;2025-03-09;2025-03-16;2025-04-26;2025-05-03,,2025-05-03,9600.0,10800.0,10800.0,35.04602528935186,45.14596629316019,37.455248277601186,61.35955635744271,58435.21381648261,2507.5842809993655,5388.716733823032,34737.77732919803,10742.969148499955,45480.74647769798,34737.77732919803,34737.77729446024,36384.94418362819,1417.373234978415,lexicographic,3.4737777294460245e-05,3.638494414724325e-05,False,0.15306780000173603,0.0,1,0
2025-05-05,False,2,1.0,10,0.8,0,calibrated_quantile,2025-04-07;2025-04-08;2025-04-09;2025-04-10;2025-04-11;2025-04-14;2025-04-15;2025-04-16;2025-04-17;2025-04-18;2025-04-21;2025-04-22;2025-04-23;2025-04-24;2025-04-25;2025-04-28;2025-04-29;2025-04-30;2025-05-01;2025-05-02,20,5848.724305058271,2025-04-21;2025-04-14,2025-04-21;2025-04-14;2025-04-07;2025-03-31;2025-04-28;2025-04-15;2025-04-29;2025-03-24;2025-04-22;2025-04-08,,2025-05-04,9600.0,10800.0,10800.0,31.501066435185173,41.271954928006984,37.766242504386575,61.67825280820115,61566.74392964417,2946.659813095593,5773.937798235889,36595.20182788248,13526.05205689377,50121.253884776255,36595.20182788248,36595.20179128728,34899.26869237909,1429.1757825627517,lexicographic,3.6595201791287284e-05,3.489926865747983e-05,False,0.10555100000055972,0.0,1,0
2025-05-06,False,2,1.0,10,0.8,0,calibrated_quantile,2025-04-08;2025-04-09;2025-04-10;2025-04-11;2025-04-14;2025-04-15;2025-04-16;2025-04-17;2025-04-18;2025-04-21;2025-04-22;2025-04-23;2025-04-24;2025-04-25;2025-04-28;2025-04-29;2025-04-30;2025-05-01;2025-05-02;2025-05-05,20,6125.221132904366,2025-04-22;2025-04-29,2025-04-22;2025-04-29;2025-04-15;2025-04-08;2025-04-23;2025-04-30;2025-05-05;2025-03-25;2025-04-28;2025-04-21,,2025-05-05,9600.0,10800.0,10800.0,34.48717349537036,44.93239497344048,28.035210148018976,51.86785142098112,61045.7718120916,2211.633922933155,6596.944014787632,36070.70698312072,9977.080707185272,46047.787690305995,36070.70698312072,36070.70694705,36108.35068401329,1438.122117502262,lexicographic,3.6070706947050005e-05,3.610835064790496e-05,False,0.12171840000155498,0.0,1,0
2025-05-07,False,2,1.0,10,0.8,0,calibrated_quantile,2025-04-09;2025-04-10;2025-04-11;2025-04-14;2025-04-15;2025-04-16;2025-04-17;2025-04-18;2025-04-21;2025-04-22;2025-04-23;2025-04-24;2025-04-25;2025-04-28;2025-04-29;2025-04-30;2025-05-01;2025-05-02;2025-05-05;2025-05-06,20,6402.919582579931,2025-04-30;2025-04-23,2025-04-30;2025-04-23;2025-04-16;2025-04-09;2025-04-24;2025-05-01;2025-05-06;2025-04-22;2025-04-17;2025-04-15,,2025-05-06,9600.0,10800.0,10800.0,30.37463836805554,42.74025102677675,22.991400383840332,39.598888807880705,59621.49484241261,2558.4020602874148,3303.15082216252,35467.13795769284,12209.198346450963,47676.3363041438,35467.13795769283,35467.13792222571,36284.78545406789,1468.1139648493336,lexicographic,3.5467137922225715e-05,3.628478541778311e-05,False,0.1224655999976676,0.0,1,0
2025-05-08,False,2,1.0,10,0.8,0,calibrated_quantile,2025-04-10;2025-04-11;2025-04-14;2025-04-15;2025-04-16;2025-04-17;2025-04-18;2025-04-21;2025-04-22;2025-04-23;2025-04-24;2025-04-25;2025-04-28;2025-04-29;2025-04-30;2025-05-01;2025-05-02;2025-05-05;2025-05-06;2025-05-07,20,6502.170083857032,2025-04-24;2025-05-01,2025-04-24;2025-05-01;2025-05-07;2025-04-17;2025-05-02;2025-04-23;2025-04-30;2025-04-10;2025-03-27;2025-04-25,,2025-05-07,9600.0,10800.0,10800.0,25.25616059027778,34.98283400749869,30.084578488146082,50.418036899937064,63042.4753219773,1196.833270385254,4610.218479772304,38423.58863127518,4699.653681700706,43123.24231297589,38423.58863127518,38423.58859285156,36224.556104149204,1475.717637377747,lexicographic,3.842358859285156e-05,3.622455606792465e-05,False,0.1474207999999635,0.0,1,0
2025-05-09,False,2,1.0,10,0.8,0,calibrated_quantile,2025-04-11;2025-04-14;2025-04-15;2025-04-16;2025-04-17;2025-04-18;2025-04-21;2025-04-22;2025-04-23;2025-04-24;2025-04-25;2025-04-28;2025-04-29;2025-04-30;2025-05-01;2025-05-02;2025-05-05;2025-05-06;2025-05-07;2025-05-08,20,6910.238399708309,2025-05-02;2025-04-18,2025-05-02;2025-04-18;2025-04-25;2025-05-08;2025-04-04;2025-05-01;2025-04-24;2025-04-17;2025-04-11;2025-03-28,,2025-05-08,9600.0,10800.0,10800.0,22.367690567129628,30.043903198608103,24.33149148396611,44.324108024170314,30486.987882388516,525.7361934882788,18460.004896949762,15698.990244155138,2366.348328900871,18065.33857305601,15698.990244155135,15698.990228456145,38613.33329135749,1308.2088408636791,lexicographic,1.5698990228456146e-05,3.8613333252744164e-05,False,0.15785789999790723,0.0,1,0
2025-05-10,False,2,1.0,10,0.8,0,calibrated_quantile,2025-04-12;2025-04-13;2025-04-19;2025-04-20;2025-04-26;2025-04-27;2025-05-03;2025-05-04,8,5811.773732639003,2025-05-03;2025-04-26,2025-05-03;2025-04-26;2025-04-19;2025-04-12;2025-04-05;2025-03-29;2025-03-22;2025-03-15;2025-03-08;2025-05-04,,2025-05-09,9600.0,10800.0,10800.0,26.114332118055543,32.189296274911186,43.55729693126165,79.36654192204495,30477.67848592366,1455.8351268190045,15759.135000589487,15879.635074065232,6166.144320541539,22045.779394606772,15879.635074065232,15879.635058185597,38613.333290336435,1432.9516666654927,lexicographic,1.58796350581856e-05,3.861333325172311e-05,False,0.11756640000021434,0.0,1,0
2025-05-11,False,2,1.0,10,0.8,0,calibrated_quantile,2025-04-13;2025-04-19;2025-04-20;2025-04-26;2025-04-27;2025-05-03;2025-05-04;2025-05-10,8,7101.339144935504,2025-05-04;2025-04-20,2025-05-04;2025-04-20;2025-04-13;2025-04-06;2025-03-30;2025-03-23;2025-04-27;2025-03-09;2025-03-16;2025-03-02,,2025-05-10,9600.0,10800.0,10800.0,26.949464178240735,34.93127691001345,42.44193154718347,76.12920492995589,61008.42137810486,2558.752695497031,4437.481313749461,36996.22498398634,11879.294098589635,48875.51908257598,36996.22498398635,36996.2249469901,34729.267128945154,1477.1811495867555,lexicographic,3.69962249469901e-05,3.4729267094215904e-05,False,0.15904829999999492,0.0,1,0
2025-05-12,False,2,1.0,10,0.8,0,calibrated_quantile,2025-04-14;2025-04-15;2025-04-16;2025-04-17;2025-04-18;2025-04-21;2025-04-22;2025-04-23;2025-04-24;2025-04-25;2025-04-28;2025-04-29;2025-04-30;2025-05-01;2025-05-02;2025-05-05;2025-05-06;2025-05-07;2025-05-08;2025-05-09,20,7092.853695628439,2025-05-05;2025-04-21,2025-05-05;2025-04-21;2025-04-14;2025-04-07;2025-05-06;2025-04-28;2025-03-31;2025-04-29;2025-03-24;2025-04-15,,2025-05-11,9600.0,10800.0,10800.0,23.85869693287036,30.366205282865355,50.76893558314319,89.12652107887149,63759.38913035269,1293.6211101165347,9167.873066519958,38530.45551975693,3689.408843717651,42219.86436347458,38530.45551975693,38530.45548122646,37666.4995395517,1479.4631212974134,lexicographic,3.8530455481226465e-05,3.7666499501885215e-05,False,0.13257610000073328,0.0,1,0
2025-05-13,False,2,1.0,10,0.8,0,calibrated_quantile,2025-04-15;2025-04-16;2025-04-17;2025-04-18;2025-04-21;2025-04-22;2025-04-23;2025-04-24;2025-04-25;2025-04-28;2025-04-29;2025-04-30;2025-05-01;2025-05-02;2025-05-05;2025-05-06;2025-05-07;2025-05-08;2025-05-09;2025-05-12,20,7327.055368729902,2025-05-06;2025-04-15,2025-05-06;2025-04-15;2025-04-29;2025-05-07;2025-04-22;2025-05-05;2025-05-12;2025-04-30;2025-04-23;2025-04-08,,2025-05-12,9600.0,10800.0,10800.0,21.645269328703698,26.838873623348668,23.15955867224836,38.623144939391324,62140.29406644378,695.6472829857048,6155.682526973906,37790.632807089816,3234.7507062389923,41025.38351332881,37790.632807089816,37790.63276929918,33828.38611041011,1500.803266480334,lexicographic,3.7790632769299187e-05,3.3828386076581724e-05,False,0.16177000000243424,0.0,1,0
2025-05-14,False,2,1.0,10,0.8,0,calibrated_quantile,2025-04-16;2025-04-17;2025-04-18;2025-04-21;2025-04-22;2025-04-23;2025-04-24;2025-04-25;2025-04-28;2025-04-29;2025-04-30;2025-05-01;2025-05-02;2025-05-05;2025-05-06;2025-05-07;2025-05-08;2025-05-09;2025-05-12;2025-05-13,20,7628.134028716148,2025-05-07;2025-04-23,2025-05-07;2025-04-23;2025-04-30;2025-05-08;2025-05-13;2025-05-01;2025-04-24;2025-05-06;2025-04-09;2025-04-16,,2025-05-13,9600.0,10800.0,10800.0,21.89112366898148,27.390991603387818,22.38187840137116,38.7661730383163,64152.67631740687,301.25853857744374,7671.079356448095,38628.944513449314,1036.819229445902,39665.763742895215,38628.94451344932,38628.94447482035,35901.89029645906,1472.1223414680524,lexicographic,3.862894447482036e-05,3.590189026055718e-05,False,0.12363460000051418,0.0,1,0
2025-05-15,False,2,1.0,10,0.8,0,calibrated_quantile,2025-04-17;2025-04-18;2025-04-21;2025-04-22;2025-04-23;2025-04-24;2025-04-25;2025-04-28;2025-04-29;2025-04-30;2025-05-01;2025-05-02;2025-05-05;2025-05-06;2025-05-07;2025-05-08;2025-05-09;2025-05-12;2025-05-13;2025-05-14,20,7326.499439421002,2025-05-08;2025-05-01,2025-05-08;2025-05-01;2025-04-24;2025-05-14;2025-05-07;2025-04-17;2025-05-09;2025-04-23;2025-05-02;2025-04-30,,2025-05-14,9600.0,10800.0,10800.0,23.557369444444426,30.192455031584355,24.21664588197716,42.81417255811482,64889.100282995205,602.568353480527,8984.691771029917,39811.23867601423,2268.872302222605,42080.11097823684,39811.23867601423,39811.238636203,35646.698071703206,1510.7388464197447,lexicographic,3.9811238636203004e-05,3.564669803605652e-05,False,0.1284565999994811,1.827613976211962e-16,1,0
2025-05-16,False,2,1.0,10,0.8,0,calibrated_quantile,2025-04-18;2025-04-21;2025-04-22;2025-04-23;2025-04-24;2025-04-25;2025-04-28;2025-04-29;2025-04-30;2025-05-01;2025-05-02;2025-05-05;2025-05-06;2025-05-07;2025-05-08;2025-05-09;2025-05-12;2025-05-13;2025-05-14;2025-05-15,20,7460.526756504545,2025-05-02;2025-05-09,2025-05-02;2025-05-09;2025-04-25;2025-04-18;2025-05-08;2025-05-15;2025-04-11;2025-04-04;2025-05-01;2025-04-24,,2025-05-15,9600.0,10800.0,10800.0,22.92893466435185,29.03291552233018,41.418747860018634,64.173344408802,32031.32022688414,152.46909058564842,25414.949456067276,17290.953000633184,448.15226581630714,17739.105266449493,17290.953000633188,17290.95298334224,38613.333283185355,1327.2016658637249,lexicographic,1.729095298334224e-05,3.8613333244572024e-05,False,0.2185644000019238,0.0,1,0
2025-05-17,False,2,1.0,10,0.8,0,calibrated_quantile,2025-04-19;2025-04-20;2025-04-26;2025-04-27;2025-05-03;2025-05-04;2025-05-10;2025-05-11,8,8434.37247230449,2025-05-10;2025-04-26,2025-05-10;2025-04-26;2025-04-12;2025-04-19;2025-04-05;2025-05-03;2025-03-29;2025-03-22;2025-03-15;2025-05-04,,2025-05-16,9600.0,10800.0,10800.0,25.589526331018515,32.27812215173546,36.494861145244855,62.61018236207915,31089.809231398944,667.0570637603495,17254.73388321398,16283.659257680009,2582.428734208816,18866.087991888824,16283.659257680009,16283.659241396348,38613.33328835617,1439.0200990596204,lexicographic,1.628365924139635e-05,3.8613333249742835e-05,False,0.13275889999931678,0.0,1,0
2025-05-18,False,2,1.0,10,0.8,0,calibrated_quantile,2025-04-20;2025-04-26;2025-04-27;2025-05-03;2025-05-04;2025-05-10;2025-05-11;2025-05-17,8,9051.438020909281,2025-05-11;2025-05-04,2025-05-11;2025-05-04;2025-04-20;2025-04-13;2025-04-06;2025-03-30;2025-04-27;2025-03-23;2025-03-09;2025-03-16,,2025-05-17,9600.0,10800.0,10800.0,22.110695196759252,28.14363259092782,33.626125189294015,60.94142671945794,67689.27391793006,825.0859142038695,10932.072629574843,41344.35309649775,2316.096351508891,43660.449448006635,41344.35309649775,41344.353055153384,37210.924082273414,1504.795758186116,lexicographic,4.1344353055153386e-05,3.72109240450625e-05,False,0.13000530000135768,0.0,1,0
2025-05-19,False,2,1.0,10,0.8,0,calibrated_quantile,2025-04-21;2025-04-22;2025-04-23;2025-04-24;2025-04-25;2025-04-28;2025-04-29;2025-04-30;2025-05-01;2025-05-02;2025-05-05;2025-05-06;2025-05-07;2025-05-08;2025-05-09;2025-05-12;2025-05-13;2025-05-14;2025-05-15;2025-05-16,20,7466.918470569818,2025-05-12;2025-05-05,2025-05-12;2025-05-05;2025-05-13;2025-04-21;2025-04-14;2025-05-06;2025-04-07;2025-04-29;2025-03-31;2025-04-28,,2025-05-18,9600.0,10800.0,10800.0,21.95756093749999,30.305215934264957,40.04259996163779,78.25822482603324,64008.960396571616,196.5575483345975,13115.051481304446,39184.283238096294,1069.382320491317,40253.665558587614,39184.283238096294,39184.283198912,34058.9597032591,1486.0323903881888,lexicographic,3.9184283198912e-05,3.405895966920014e-05,False,0.15624899999966146,0.0,1,0
2025-05-20,False,2,1.0,10,0.8,0,calibrated_quantile,2025-04-22;2025-04-23;2025-04-24;2025-04-25;2025-04-28;2025-04-29;2025-04-30;2025-05-01;2025-05-02;2025-05-05;2025-05-06;2025-05-07;2025-05-08;2025-05-09;2025-05-12;2025-05-13;2025-05-14;2025-05-15;2025-05-16;2025-05-19,20,7446.838762380576,2025-05-13;2025-04-22,2025-05-13;2025-04-22;2025-05-06;2025-05-07;2025-04-30;2025-04-15;2025-05-14;2025-05-12;2025-04-08;2025-05-05,,2025-05-19,9600.0,10800.0,10800.0,21.638647164351863,29.762236329042306,27.48693140227884,51.37230397737732,62571.805883084104,1023.2880195334249,5463.085436810785,37838.08422353033,4595.504619134804,42433.58884266513,37838.08422353033,37838.08418569225,34338.68792075549,1460.1903799724291,lexicographic,3.783808418569225e-05,3.433868788641681e-05,False,0.1502872999990359,0.0,1,0
2025-05-21,False,2,1.0,10,0.8,0,calibrated_quantile,2025-04-23;2025-04-24;2025-04-25;2025-04-28;2025-04-29;2025-04-30;2025-05-01;2025-05-02;2025-05-05;2025-05-06;2025-05-07;2025-05-08;2025-05-09;2025-05-12;2025-05-13;2025-05-14;2025-05-15;2025-05-16;2025-05-19;2025-05-20,20,7541.016594894142,2025-05-14;2025-05-07,2025-05-14;2025-05-07;2025-05-15;2025-05-08;2025-04-23;2025-05-13;2025-04-30;2025-05-01;2025-04-24;2025-04-29,,2025-05-20,9600.0,10800.0,10800.0,20.232840451388896,25.91120825449511,34.22225474057552,58.74992733283066,65091.169063051515,398.1198789292102,10442.190300139016,39986.02775781536,1383.1594436783053,41369.18720149367,39986.02775781536,39986.02771782934,35099.55199421137,1510.6857353741834,lexicographic,3.998602771782934e-05,3.509955195911182e-05,False,0.1383531999999832,0.0,1,0
2025-05-22,False,2,1.0,10,0.8,0,calibrated_quantile,2025-04-24;2025-04-25;2025-04-28;2025-04-29;2025-04-30;2025-05-01;2025-05-02;2025-05-05;2025-05-06;2025-05-07;2025-05-08;2025-05-09;2025-05-12;2025-05-13;2025-05-14;2025-05-15;2025-05-16;2025-05-19;2025-05-20;2025-05-21,20,7595.534815417633,2025-05-15;2025-05-08,2025-05-15;2025-05-08;2025-05-01;2025-05-14;2025-05-21;2025-05-07;2025-04-24;2025-05-16;2025-05-02;2025-04-17,,2025-05-21,9600.0,10800.0,10800.0,21.696723263888885,29.23052285699296,16.434996120874047,30.050418449296753,62430.99072944334,254.18542546083677,8293.837199013851,38604.23415269461,887.0054374579702,39491.23959015258,38604.23415269461,38604.234114090366,34053.79858944659,1518.8441580902304,lexicographic,3.860423411409037e-05,3.4053798555392806e-05,False,0.1551861000007193,0.0,1,0
2025-05-23,False,2,1.0,10,0.8,0,calibrated_quantile,2025-04-25;2025-04-28;2025-04-29;2025-04-30;2025-05-01;2025-05-02;2025-05-05;2025-05-06;2025-05-07;2025-05-08;2025-05-09;2025-05-12;2025-05-13;2025-05-14;2025-05-15;2025-05-16;2025-05-19;2025-05-20;2025-05-21;2025-05-22,20,7667.024283296185,2025-05-16;2025-05-09,2025-05-16;2025-05-09;2025-05-02;2025-04-25;2025-05-15;2025-05-22;2025-04-18;2025-05-08;2025-04-24;2025-05-01,,2025-05-22,9600.0,10800.0,10800.0,20.37874675925926,25.458986006145174,19.27700107884122,35.69998518633759,31339.16647497733,307.58151395570115,21172.465777394023,16967.18765090954,996.7677450589381,17963.955395968478,16967.18765090954,16967.18763394235,38613.33328448571,1337.1676507595785,lexicographic,1.696718763394235e-05,3.8613333245872376e-05,False,0.1212080999976024,2.1441259951732043e-16,1,0
2025-05-24,False,2,1.0,10,0.8,0,calibrated_quantile,2025-04-26;2025-04-27;2025-05-03;2025-05-04;2025-05-10;2025-05-11;2025-05-17;2025-05-18,8,9483.154047220713,2025-05-17;2025-05-10,2025-05-17;2025-05-10;2025-05-03;2025-04-26;2025-04-19;2025-04-12;2025-04-05;2025-03-29;2025-03-22;2025-03-15,,2025-05-23,9600.0,10800.0,10800.0,20.98811869212963,26.654892675684714,50.40678290142128,93.46902270301706,32266.69759757801,66.93957974398518,24525.802460655323,17571.667065097725,174.89993457241772,17746.566999670144,17571.667065097725,17571.667047526058,38613.33333333333,1463.674756702805,lexicographic,1.757166704752606e-05,3.861333333333333e-05,False,0.16046900000219466,0.0,1,0
2025-05-25,False,2,1.0,10,0.8,0,calibrated_quantile,2025-04-27;2025-05-03;2025-05-04;2025-05-10;2025-05-11;2025-05-17;2025-05-18;2025-05-24,8,9555.292513285938,2025-05-18;2025-05-04,2025-05-18;2025-05-04;2025-05-11;2025-04-20;2025-04-27;2025-04-13;2025-04-06;2025-03-30;2025-05-17;2025-05-24,,2025-05-24,9600.0,10800.0,10800.0,21.19966805555556,25.70050623982766,28.78185154352568,51.40211082774668,64803.61507234394,118.24483890466126,12591.674636371297,39342.030197851396,525.8755187854317,39867.90571663683,39342.030197851396,39342.03015850936,36058.77324049786,1505.0377102302587,lexicographic,3.934203015850937e-05,3.605877320443909e-05,False,0.12773059999744873,0.0,1,0
2025-05-26,False,2,1.0,10,0.8,0,calibrated_quantile,2025-04-28;2025-04-29;2025-04-30;2025-05-01;2025-05-02;2025-05-05;2025-05-06;2025-05-07;2025-05-08;2025-05-09;2025-05-12;2025-05-13;2025-05-14;2025-05-15;2025-05-16;2025-05-19;2025-05-20;2025-05-21;2025-05-22;2025-05-23,20,7752.0213802607195,2025-05-12;2025-05-19,2025-05-12;2025-05-19;2025-05-05;2025-05-20;2025-04-28;2025-05-13;2025-04-21;2025-05-06;2025-04-22;2025-04-14,,2025-05-25,9600.0,10800.0,10800.0,20.47439594907406,25.322999724384534,34.51233224939428,64.36925942356798,62957.19582489456,1531.5341602505305,6378.804680834958,38635.30106229967,5674.067189050719,44309.368251350395,38635.30106229968,38635.30102366439,33628.774533164964,1493.3982251063564,lexicographic,3.8635301023664395e-05,3.36287744995362e-05,False,0.16961820000142325,0.0,1,0
2025-05-27,False,2,1.0,10,0.8,0,calibrated_quantile,2025-04-29;2025-04-30;2025-05-01;2025-05-02;2025-05-05;2025-05-06;2025-05-07;2025-05-08;2025-05-09;2025-05-12;2025-05-13;2025-05-14;2025-05-15;2025-05-16;2025-05-19;2025-05-20;2025-05-21;2025-05-22;2025-05-23;2025-05-26,20,7539.165603454666,2025-05-13;2025-04-29,2025-05-13;2025-04-29;2025-05-21;2025-05-14;2025-05-06;2025-05-19;2025-05-12;2025-05-20;2025-04-15;2025-05-05,,2025-05-26,9600.0,10800.0,10800.0,21.873992534722227,28.391369556498294,22.600445895832983,37.77743429943071,61180.7399310181,285.5391262120523,8550.166775841335,37265.86589238057,640.8804665372046,37906.74635891778,37265.86589238057,37265.8658551147,33587.36008586196,1466.542708755,lexicographic,3.72658658551147e-05,3.3587360052274605e-05,False,0.17021789999853354,0.0,1,0
2025-05-28,False,2,1.0,10,0.8,0,calibrated_quantile,2025-04-30;2025-05-01;2025-05-02;2025-05-05;2025-05-06;2025-05-07;2025-05-08;2025-05-09;2025-05-12;2025-05-13;2025-05-14;2025-05-15;2025-05-16;2025-05-19;2025-05-20;2025-05-21;2025-05-22;2025-05-23;2025-05-26;2025-05-27,20,7552.296700942995,2025-05-07;2025-05-14,2025-05-07;2025-05-14;2025-05-21;2025-05-22;2025-05-20;2025-04-30;2025-05-15;2025-05-08;2025-05-13;2025-04-23,,2025-05-27,9600.0,10800.0,10800.0,20.47106614583332,26.62601354466708,39.63814199194876,66.29708442130978,64045.34476194271,817.7710686203169,9079.722827775293,39496.973385610574,2998.213614800835,42495.18700041141,39496.973385610574,39496.9733461136,33433.26165287265,1515.1748924023173,lexicographic,3.94969733461136e-05,3.34332616194394e-05,False,0.13494340000033844,1.8421557394851273e-16,1,0
2025-05-29,False,2,1.0,10,0.8,0,calibrated_quantile,2025-05-01;2025-05-02;2025-05-05;2025-05-06;2025-05-07;2025-05-08;2025-05-09;2025-05-12;2025-05-13;2025-05-14;2025-05-15;2025-05-16;2025-05-19;2025-05-20;2025-05-21;2025-05-22;2025-05-23;2025-05-26;2025-05-27;2025-05-28,20,7710.324528166519,2025-05-22;2025-05-15,2025-05-22;2025-05-15;2025-05-08;2025-05-28;2025-05-21;2025-05-14;2025-05-01;2025-05-16;2025-05-07;2025-05-23,,2025-05-28,9600.0,10800.0,10800.0,19.602797569444437,26.031448695299435,23.45137969228203,42.36992048642772,62744.28508831666,868.887046449162,5931.5040499412735,38395.03476056956,3971.0648556945766,42366.09961626413,38395.03476056956,38395.034722174525,34023.66157122348,1523.8115309207146,lexicographic,3.8395034722174525e-05,3.402366153719982e-05,False,0.1567998999998963,0.0,1,0
2025-05-30,False,2,1.0,10,0.8,0,calibrated_quantile,2025-05-02;2025-05-05;2025-05-06;2025-05-07;2025-05-08;2025-05-09;2025-05-12;2025-05-13;2025-05-14;2025-05-15;2025-05-16;2025-05-19;2025-05-20;2025-05-21;2025-05-22;2025-05-23;2025-05-26;2025-05-27;2025-05-28;2025-05-29,20,7413.787450164625,2025-05-16;2025-05-23,2025-05-16;2025-05-23;2025-05-09;2025-05-29;2025-05-02;2025-05-22;2025-05-15;2025-05-08;2025-04-25;2025-04-18,,2025-05-29,9600.0,10800.0,10800.0,20.056470254629623,25.30594934965448,33.2057219398605,64.72948794842314,31159.23433371719,502.76493780995554,21012.43267641915,16581.261671017703,1865.7599372071718,18447.021608224873,16581.261671017703,16581.26165443644,38613.33328673059,1343.2134514619966,lexicographic,1.658126165443644e-05,3.8613333248117264e-05,False,0.17527160000099684,0.0,1,0
2025-05-31,False,2,1.0,10,0.8,0,calibrated_quantile,2025-05-03;2025-05-04;2025-05-10;2025-05-11;2025-05-17;2025-05-18;2025-05-24;2025-05-25,8,9495.667179033273,2025-05-17;2025-05-24,2025-05-17;2025-05-24;2025-05-10;2025-04-26;2025-04-12;2025-04-05;2025-05-03;2025-04-19;2025-03-29;2025-03-22,,2025-05-30,9600.0,10800.0,10800.0,23.605819849537042,30.204129985929626,25.619281681853035,46.79057243331556,31473.074026955295,512.0333730150976,19542.592516637058,16842.493626891344,1916.3410609600996,18758.834687851442,16842.493626891348,16842.493610048852,38613.33333333333,1453.448169293837,lexicographic,1.6842493610048854e-05,3.861333333333333e-05,False,0.14964450000115903,0.0,1,0
2025-06-01,False,2,0.95,10,0.9,0,calibrated_quantile,2025-05-04;2025-05-10;2025-05-11;2025-05-17;2025-05-18;2025-05-24;2025-05-25;2025-05-31,8,8552.277823252989,2025-05-18;2025-05-11,2025-05-18;2025-05-11;2025-05-25;2025-05-04;2025-04-20;2025-04-27;2025-04-13;2025-04-06;2025-03-30;2025-03-23,,2025-05-31,9600.0,10800.0,10800.0,55.94279036230955,69.75246868074797,87.8695130299942,154.17571722410457,63492.55631852003,11993.514794145296,665.4527130786031,38671.91676952642,46494.89256289943,85166.80933242585,38671.91676952642,38671.916730854486,34254.651053957874,1503.3927090294933,lexicographic,3.8671916730854486e-05,3.4254651019703235e-05,False,0.1423304999989341,0.0,1,0
2025-06-02,False,2,0.95,10,0.9,0,calibrated_quantile,2025-05-05;2025-05-06;2025-05-07;2025-05-08;2025-05-09;2025-05-12;2025-05-13;2025-05-14;2025-05-15;2025-05-16;2025-05-19;2025-05-20;2025-05-21;2025-05-22;2025-05-23;2025-05-26;2025-05-27;2025-05-28;2025-05-29;2025-05-30,20,6784.082826585405,2025-05-19;2025-05-12,2025-05-19;2025-05-12;2025-02-24;2025-05-27;2025-05-26;2025-02-17;2025-05-05;2025-05-06;2025-02-03;2025-01-28,,2025-06-01,9600.0,10800.0,10800.0,58.10588974747972,71.0373126193076,68.8998216542853,112.76291731808755,61985.874369060504,11408.60054398778,1180.7442166017906,37869.491776880226,46793.14234492535,84662.63412180557,37869.49177688022,37869.49173901073,34036.79513720083,1485.4381813393627,lexicographic,3.786949173901073e-05,3.403679510316405e-05,False,0.15994729999874835,0.0,1,0
2025-06-03,False,2,0.95,10,0.9,0,calibrated_quantile,2025-05-06;2025-05-07;2025-05-08;2025-05-09;2025-05-12;2025-05-13;2025-05-14;2025-05-15;2025-05-16;2025-05-19;2025-05-20;2025-05-21;2025-05-22;2025-05-23;2025-05-26;2025-05-27;2025-05-28;2025-05-29;2025-05-30;2025-06-02,20,7362.313109151404,2025-06-02;2025-05-06,2025-06-02;2025-05-06;2025-05-27;2025-05-13;2025-05-12;2025-05-20;2025-05-21;2025-05-14;2025-05-19;2025-05-26,,2025-06-02,9600.0,10800.0,10800.0,24.18396944237769,31.121798326263278,42.81973407603507,76.50326666058274,72343.65520688973,2998.2741056820146,3332.12690011168,44969.60941960377,13381.400932079614,58351.01035168338,44969.60941960377,44969.60937463416,36366.09683273356,1597.9246427911587,lexicographic,4.4969609374634163e-05,3.636609679636747e-05,False,0.10144370000125491,0.0,1,0
2025-06-04,False,2,0.95,10,0.9,0,calibrated_quantile,2025-05-07;2025-05-08;2025-05-09;2025-05-12;2025-05-13;2025-05-14;2025-05-15;2025-05-16;2025-05-19;2025-05-20;2025-05-21;2025-05-22;2025-05-23;2025-05-26;2025-05-27;2025-05-28;2025-05-29;2025-05-30;2025-06-02;2025-06-03,20,7756.51101469049,2025-06-03;2025-06-02,2025-06-03;2025-06-02;2025-05-21;2025-05-14;2025-05-06;2025-05-28;2025-05-15;2025-01-22;2025-02-19;2025-05-07,,2025-06-03,9600.0,10800.0,10800.0,25.40546333095916,32.523328276273894,31.648664191515095,69.30959019331378,77257.45280586298,1924.724199357217,5383.68826953906,48208.045271986804,6394.6945520594645,54602.73982404627,48208.045271986804,48208.04522377876,39564.96070219049,1603.8392938235875,lexicographic,4.8208045223778766e-05,3.956496066262552e-05,False,0.2149959000016679,0.0,1,0
2025-06-05,False,2,0.95,10,0.9,0,calibrated_quantile,2025-05-08;2025-05-09;2025-05-12;2025-05-13;2025-05-14;2025-05-15;2025-05-16;2025-05-19;2025-05-20;2025-05-21;2025-05-22;2025-05-23;2025-05-26;2025-05-27;2025-05-28;2025-05-29;2025-05-30;2025-06-02;2025-06-03;2025-06-04,20,7737.677345388829,2025-06-04;2025-06-03,2025-06-04;2025-06-03;2025-06-02;2025-01-30;2025-05-15;2025-05-23;2025-05-21;2025-02-27;2025-01-22;2025-01-31,,2025-06-04,9600.0,10800.0,10800.0,23.34041139601139,30.931404408018523,32.289868422083096,54.23900270735724,79221.89937457243,1058.0760587601358,4875.93174286119,49272.15185707029,4118.868852167096,53391.02070923739,49272.15185707029,49272.151807798116,40531.86036624493,1603.5476216095062,lexicographic,4.927215180779812e-05,4.053186032571307e-05,False,0.12392689999978757,0.0,1,0
2025-06-06,False,2,0.95,10,0.9,0,calibrated_quantile,2025-05-09;2025-05-12;2025-05-13;2025-05-14;2025-05-15;2025-05-16;2025-05-19;2025-05-20;2025-05-21;2025-05-22;2025-05-23;2025-05-26;2025-05-27;2025-05-28;2025-05-29;2025-05-30;2025-06-02;2025-06-03;2025-06-04;2025-06-05,20,7787.7967865563305,2025-06-05;2025-06-04,2025-06-05;2025-06-04;2025-06-02;2025-06-03;2025-05-23;2025-05-30;2025-05-09;2025-01-31;2025-02-21;2025-05-15,,2025-06-05,9600.0,10800.0,10800.0,317.7041054872982,345.752974772969,61.647107386225834,101.80382723275332,79797.36921271219,0.0,44671.83578690182,49663.479858981416,0.0,49663.479858981416,49663.479858981416,49663.47980931795,40682.493824825055,1590.2510692362046,lexicographic,4.966347980931795e-05,4.068249378414256e-05,False,0.12061540000286186,0.0,1,0
2025-06-07,False,2,0.95,10,0.9,0,calibrated_quantile,2025-05-10;2025-05-11;2025-05-17;2025-05-18;2025-05-24;2025-05-25;2025-05-31;2025-06-01,8,11648.866192236303,2025-02-01;2025-01-25,2025-02-01;2025-01-25;2025-05-03;2025-01-18;2025-02-08;2025-02-15;2025-02-22;2025-05-24;2025-03-01;2025-01-11,,2025-06-06,9600.0,10800.0,10800.0,88.22697445533612,102.00125569613313,128.27031567460003,208.35489801587175,31850.5904912192,11031.055143624802,7700.631050404463,15563.61800510034,46546.966844356495,62110.584849456834,15563.618005100341,15563.617989536724,38624.46087457314,1461.1965062988784,lexicographic,1.5563617989536724e-05,3.862446083594869e-05,False,0.12210849999974016,1.168744571325733e-16,1,0
2025-06-08,False,2,0.95,10,0.9,0,calibrated_quantile,2025-05-11;2025-05-17;2025-05-18;2025-05-24;2025-05-25;2025-05-31;2025-06-01;2025-06-07,8,18078.236171366232,2025-06-07;2025-01-26,2025-06-07;2025-01-26;2025-01-19;2025-01-12;2025-01-05;2025-02-02;2025-06-01;2025-02-16;2025-02-09;2025-02-23,,2025-06-07,9600.0,10800.0,10800.0,313.0306707963468,344.8225197745137,69.43313645962778,125.77549448001365,50159.50380489799,20478.87081828378,2815.527331804975,28890.23288252263,86449.43696018963,115339.66984271226,28890.23288252263,28890.232853632406,25129.69728802795,1639.932007494077,lexicographic,2.889023285363241e-05,2.512969726289825e-05,False,0.11933779999890248,0.0,1,0
2025-06-09,False,2,0.95,10,0.9,0,calibrated_quantile,2025-05-12;2025-05-13;2025-05-14;2025-05-15;2025-05-16;2025-05-19;2025-05-20;2025-05-21;2025-05-22;2025-05-23;2025-05-26;2025-05-27;2025-05-28;2025-05-29;2025-05-30;2025-06-02;2025-06-03;2025-06-04;2025-06-05;2025-06-06,20,7616.051318552967,2025-06-02;2025-06-03,2025-06-02;2025-06-03;2025-06-04;2025-06-06;2025-06-05;2025-05-12;2025-05-26;2025-05-19;2025-05-06;2025-02-24,,2025-06-08,9600.0,10800.0,10800.0,23.411401098053187,30.178574402077434,23.210278060525862,39.960134255724434,81591.75808448897,803.5996358971026,7184.1008320518,51057.313880736474,2817.849542823673,53875.163423560145,51057.31388073647,51057.313829679144,40758.76273974584,1587.711106708106,lexicographic,5.1057313829679145e-05,4.0758762698987075e-05,False,0.12620130000141216,0.0,1,0
2025-06-10,False,2,0.95,10,0.9,0,calibrated_quantile,2025-05-13;2025-05-14;2025-05-15;2025-05-16;2025-05-19;2025-05-20;2025-05-21;2025-05-22;2025-05-23;2025-05-26;2025-05-27;2025-05-28;2025-05-29;2025-05-30;2025-06-02;2025-06-03;2025-06-04;2025-06-05;2025-06-06;2025-06-09,20,7633.597935597857,2025-06-03;2025-06-04,2025-06-03;2025-06-04;2025-06-09;2025-06-02;2025-06-05;2025-06-06;2025-01-28;2025-01-21;2025-01-22;2025-01-14,,2025-06-09,9600.0,10800.0,10800.0,23.7616918358262,29.101754548067234,23.989483870114718,41.66193054255861,83169.77659221568,279.00576064113676,7474.759631554048,52061.66955331896,959.6723679825709,53021.34192130154,52061.66955331895,52061.66950125728,41492.6161222353,1605.8597999800027,lexicographic,5.2061669501257285e-05,4.149261608074267e-05,False,0.07439760000124807,0.0,1,0
2025-06-11,False,2,0.95,10,0.9,0,calibrated_quantile,2025-05-14;2025-05-15;2025-05-16;2025-05-19;2025-05-20;2025-05-21;2025-05-22;2025-05-23;2025-05-26;2025-05-27;2025-05-28;2025-05-29;2025-05-30;2025-06-02;2025-06-03;2025-06-04;2025-06-05;2025-06-06;2025-06-09;2025-06-10,20,7509.767427641852,2025-06-04;2025-06-05,2025-06-04;2025-06-05;2025-06-03;2025-06-10;2025-06-06;2025-05-21;2025-06-02;2025-05-14;2025-05-27;2025-06-09,,2025-06-10,9600.0,10800.0,10800.0,21.798072643637244,28.165013051203108,41.222396416268666,77.50541620476297,82445.26646908655,2410.786825526843,4439.259948141299,51444.60691845756,11242.871130805139,62687.4780492627,51444.60691845755,51444.60686701295,41271.30591551499,1590.2510933438707,lexicographic,5.144460686701296e-05,4.1271305874243684e-05,False,0.14639879999958794,0.0,1,0
2025-06-12,False,2,0.95,10,0.9,0,calibrated_quantile,2025-05-15;2025-05-16;2025-05-19;2025-05-20;2025-05-21;2025-05-22;2025-05-23;2025-05-26;2025-05-27;2025-05-28;2025-05-29;2025-05-30;2025-06-02;2025-06-03;2025-06-04;2025-06-05;2025-06-06;2025-06-09;2025-06-10;2025-06-11,20,7929.8983766563,2025-06-05;2025-06-11,2025-06-05;2025-06-11;2025-06-04;2025-06-06;2025-06-10;2025-06-03;2025-01-30;2025-01-22;2025-01-23;2025-06-02,,2025-06-11,9600.0,10800.0,10800.0,25.569544150073607,34.068304538350674,18.48415609139918,34.25392968451922,85042.30557295153,405.61054371115847,8530.69500540615,53522.67291841014,1635.0343427489,55157.70726115904,53522.67291841014,53522.672864887485,42533.377458110524,1596.88742208771,lexicographic,5.3522672864887485e-05,4.2533377415577145e-05,False,0.09699890000047162,0.0,1,0
2025-06-13,False,2,0.95,10,0.9,0,calibrated_quantile,2025-05-16;2025-05-19;2025-05-20;2025-05-21;2025-05-22;2025-05-23;2025-05-26;2025-05-27;2025-05-28;2025-05-29;2025-05-30;2025-06-02;2025-06-03;2025-06-04;2025-06-05;2025-06-06;2025-06-09;2025-06-10;2025-06-11;2025-06-12,20,7901.707692553111,2025-06-06;2025-06-12,2025-06-06;2025-06-12;2025-06-05;2025-06-11;2025-06-04;2025-06-02;2025-06-10;2025-06-03;2025-05-23;2025-05-30,,2025-06-12,9600.0,10800.0,10800.0,186.47835816969297,202.9330105416514,32.708694010039686,57.17103384376016,63697.74137548485,0.0,31727.298823124693,38420.9744561932,0.0,38420.9744561932,38420.9744561932,38420.9744177722,34534.12222511516,1526.6491454491393,lexicographic,3.842097441777221e-05,3.453412219058104e-05,False,0.16985769999882905,0.0,1,0
2025-06-14,False,2,0.95,10,0.9,0,calibrated_quantile,2025-05-17;2025-05-18;2025-05-24;2025-05-25;2025-05-31;2025-06-01;2025-06-07;2025-06-08,8,23486.82763192004,2025-06-07;2025-05-24,2025-06-07;2025-05-24;2025-05-03;2025-06-08;2025-05-10;2025-01-25;2025-02-08;2025-02-01;2025-02-15;2025-02-22,,2025-06-13,9600.0,10800.0,10800.0,26.31538448496086,33.27235467482559,30.898897463837656,60.395749035717216,47828.392435900954,0.0,18404.09139943921,28665.2920262175,0.0,28665.2920262175,28665.292026217496,28665.291997552213,30779.128939451322,1603.203468300395,lexicographic,2.8665291997552213e-05,3.07791289086722e-05,False,0.1501298000002862,0.0,1,0
2025-06-15,False,2,0.95,10,0.9,0,calibrated_quantile,2025-05-18;2025-05-24;2025-05-25;2025-05-31;2025-06-01;2025-06-07;2025-06-08;2025-06-14,8,23437.79393166521,2025-06-08;2025-06-07,2025-06-08;2025-06-07;2025-06-14;2025-06-01;2025-01-26;2025-05-18;2025-05-11;2025-01-19;2025-02-02;2025-02-16,,2025-06-14,9600.0,10800.0,10800.0,146.69189658713202,165.32615460913954,26.345051548399592,44.01166861729941,76249.78436073966,4023.188557676107,5812.338880304464,47490.24155685927,17859.200154441463,65349.44171130074,47490.24155685927,47490.241509369036,36520.65297709544,1643.2455395992856,lexicographic,4.7490241509369036e-05,3.6520652940574786e-05,False,0.18427879999944707,0.0,1,0
2025-06-16,False,2,0.95,10,0.9,0,calibrated_quantile,2025-05-19;2025-05-20;2025-05-21;2025-05-22;2025-05-23;2025-05-26;2025-05-27;2025-05-28;2025-05-29;2025-05-30;2025-06-02;2025-06-03;2025-06-04;2025-06-05;2025-06-06;2025-06-09;2025-06-10;2025-06-11;2025-06-12;2025-06-13,20,7840.200752141722,2025-06-02;2025-06-09,2025-06-02;2025-06-09;2025-06-10;2025-06-03;2025-06-13;2025-06-11;2025-06-06;2025-06-04;2025-05-19;2025-06-12,,2025-06-15,9600.0,10800.0,10800.0,24.118533623080072,30.924179628072118,17.488959896379892,32.57466387999326,84908.72627739905,343.71202909754436,8112.156682787128,53494.14789122071,1020.1416216388808,54514.28951285959,53494.14789122071,53494.14783772658,42356.17968814459,1582.434850799933,lexicographic,5.3494147837726585e-05,4.235617964578841e-05,False,0.07686090000061085,0.0,1,0
2025-06-17,False,2,0.95,10,0.9,0,calibrated_quantile,2025-05-20;2025-05-21;2025-05-22;2025-05-23;2025-05-26;2025-05-27;2025-05-28;2025-05-29;2025-05-30;2025-06-02;2025-06-03;2025-06-04;2025-06-05;2025-06-06;2025-06-09;2025-06-10;2025-06-11;2025-06-12;2025-06-13;2025-06-16,20,7878.823344210488,2025-06-03;2025-06-11,2025-06-03;2025-06-11;2025-06-10;2025-06-16;2025-06-02;2025-06-04;2025-06-09;2025-06-12;2025-06-05;2025-06-13,,2025-06-16,9600.0,10800.0,10800.0,24.531798872493475,31.77098270725843,36.24391611893686,72.69261437911659,84954.06597895376,1152.1544972387694,6987.905250710866,53458.55423339507,4684.7390484077705,58143.29328180284,53458.55423339507,53458.554179936495,42690.317136606136,1582.4164884786587,lexicographic,5.34585541799365e-05,4.269031709391581e-05,False,0.07030120000126772,2.7214090703791807e-07,1,0
2025-06-18,False,2,0.95,10,0.9,0,calibrated_quantile,2025-05-21;2025-05-22;2025-05-23;2025-05-26;2025-05-27;2025-05-28;2025-05-29;2025-05-30;2025-06-02;2025-06-03;2025-06-04;2025-06-05;2025-06-06;2025-06-09;2025-06-10;2025-06-11;2025-06-12;2025-06-13;2025-06-16;2025-06-17,20,7876.598485936642,2025-06-11;2025-06-17,2025-06-11;2025-06-17;2025-06-12;2025-06-05;2025-06-04;2025-06-10;2025-06-13;2025-06-03;2025-06-06;2025-06-16,,2025-06-17,9600.0,10800.0,10800.0,21.896403286301183,26.567983041654227,22.21540531103225,39.57467979662718,85608.25251911201,80.96627527287238,10217.58557128353,53877.91107317979,189.53691716027822,54067.44799034007,53877.911073179785,53877.91101930187,43280.361077965514,1602.100759459056,lexicographic,5.387791101930187e-05,4.328036103468515e-05,False,0.15666520000013406,0.0,1,0
2025-06-19,False,2,0.95,10,0.9,0,calibrated_quantile,2025-05-22;2025-05-23;2025-05-26;2025-05-27;2025-05-28;2025-05-29;2025-05-30;2025-06-02;2025-06-03;2025-06-04;2025-06-05;2025-06-06;2025-06-09;2025-06-10;2025-06-11;2025-06-12;2025-06-13;2025-06-16;2025-06-17;2025-06-18,20,7772.951780752578,2025-06-18;2025-06-11,2025-06-18;2025-06-11;2025-06-12;2025-06-05;2025-06-13;2025-06-06;2025-06-04;2025-06-17;2025-06-10;2025-06-03,,2025-06-18,9600.0,10800.0,10800.0,26.89296442305186,33.38583521185375,37.12900748094526,71.98949337793788,84945.801542049,325.6049564200132,12547.514493094877,53296.194977766725,1608.4056005948173,54904.60057836154,53296.19497776673,53296.194924470525,42529.168040669494,1585.406998043602,lexicographic,5.3296194924470525e-05,4.252916799814032e-05,False,0.22264179999910994,0.0,1,0
2025-06-20,False,2,0.95,10,0.9,0,calibrated_quantile,2025-05-23;2025-05-26;2025-05-27;2025-05-28;2025-05-29;2025-05-30;2025-06-02;2025-06-03;2025-06-04;2025-06-05;2025-06-06;2025-06-09;2025-06-10;2025-06-11;2025-06-12;2025-06-13;2025-06-16;2025-06-17;2025-06-18;2025-06-19,20,7824.977749293781,2025-06-13;2025-06-06,2025-06-13;2025-06-06;2025-06-05;2025-06-12;2025-06-19;2025-06-04;2025-06-11;2025-06-18;2025-06-10;2025-06-17,,2025-06-19,9600.0,10800.0,10800.0,24.741614463950125,30.84745381242356,26.56134809459787,43.02537035723312,38683.19712000675,66.1988452259913,12337.595335749818,22278.146376907454,164.5115507572804,22442.657927664735,22278.14637690745,22278.14635462931,38212.14632033732,1411.728750373628,lexicographic,2.227814635462931e-05,3.821214628212518e-05,False,0.15429320000112057,0.0,1,0
2025-06-21,False,2,0.95,10,0.9,0,calibrated_quantile,2025-05-24;2025-05-25;2025-05-31;2025-06-01;2025-06-07;2025-06-08;2025-06-14;2025-06-15,8,26634.10803362542,2025-06-14;2025-06-07,2025-06-14;2025-06-07;2025-06-15;2025-05-24;2025-05-03;2025-06-08;2025-05-10;2025-05-31;2025-02-08;2025-01-25,,2025-06-20,9600.0,10800.0,10800.0,24.17551296194313,31.10295303296716,39.570033999131496,80.14958892374464,54067.38976274084,0.0,31909.26175839328,32509.528887945886,0.0,32509.528887945886,32509.52888794589,32509.52885543636,26896.48191510037,1623.1958790505432,lexicographic,3.250952885543636e-05,2.6896481888203882e-05,False,0.15333879999889177,0.0,1,0
2025-06-22,False,2,0.95,10,0.9,0,calibrated_quantile,2025-05-25;2025-05-31;2025-06-01;2025-06-07;2025-06-08;2025-06-14;2025-06-15;2025-06-21,8,26634.10803362542,2025-06-15;2025-06-01,2025-06-15;2025-06-01;2025-06-08;2025-05-18;2025-05-11;2025-05-25;2025-06-21;2025-06-14;2025-05-04;2025-06-07,,2025-06-21,9600.0,10800.0,10800.0,22.827908195681598,29.811547108998965,33.406972286011346,54.95972822738813,99722.17540897737,9.827964583230823,27556.330928705254,65240.43267559292,21.30211323415281,65261.734788827074,65240.43267559292,65240.43261035246,44948.31439046434,1654.719608188412,lexicographic,6.524043261035247e-05,4.494831434551602e-05,False,0.0706289999980072,1.1152528153268046e-16,1,0
2025-06-23,False,2,0.95,10,0.9,0,calibrated_quantile,2025-05-26;2025-05-27;2025-05-28;2025-05-29;2025-05-30;2025-06-02;2025-06-03;2025-06-04;2025-06-05;2025-06-06;2025-06-09;2025-06-10;2025-06-11;2025-06-12;2025-06-13;2025-06-16;2025-06-17;2025-06-18;2025-06-19;2025-06-20,20,7651.284243366785,2025-06-16;2025-06-09,2025-06-16;2025-06-09;2025-06-02;2025-06-17;2025-06-10;2025-06-03;2025-06-20;2025-06-13;2025-06-11;2025-06-18,,2025-06-22,9600.0,10800.0,10800.0,25.186286187427232,31.176476490128117,32.91061047245127,55.58926211641908,84215.32567414646,130.57061917491706,12881.663361319648,52823.895360198745,336.9864612587333,53160.88182145748,52823.89536019873,52823.89530737482,41943.86287854286,1565.6188806721448,lexicographic,5.282389530737482e-05,4.1943862836599e-05,False,0.2208506999995734,0.0,1,0
2025-06-24,False,2,0.95,10,0.9,0,calibrated_quantile,2025-05-27;2025-05-28;2025-05-29;2025-05-30;2025-06-02;2025-06-03;2025-06-04;2025-06-05;2025-06-06;2025-06-09;2025-06-10;2025-06-11;2025-06-12;2025-06-13;2025-06-16;2025-06-17;2025-06-18;2025-06-19;2025-06-20;2025-06-23,20,7412.246016318117,2025-06-17;2025-06-03,2025-06-17;2025-06-03;2025-06-11;2025-06-23;2025-06-16;2025-06-10;2025-06-18;2025-06-02;2025-06-04;2025-06-09,,2025-06-23,9600.0,10800.0,10800.0,24.520190228806346,30.32865127639401,41.341143598308356,80.3206727016155,82915.39587675742,2699.0261522643004,4943.964157781824,51972.04889606804,11290.997252056724,63263.04614812476,51972.04889606804,51972.048844096,41931.656707601265,1595.7174463611732,lexicographic,5.197204884409601e-05,4.1931656665669603e-05,False,0.06631029999698512,4.617912595979177e-07,1,0
2025-06-25,False,2,0.95,10,0.9,0,calibrated_quantile,2025-05-28;2025-05-29;2025-05-30;2025-06-02;2025-06-03;2025-06-04;2025-06-05;2025-06-06;2025-06-09;2025-06-10;2025-06-11;2025-06-12;2025-06-13;2025-06-16;2025-06-17;2025-06-18;2025-06-19;2025-06-20;2025-06-23;2025-06-24,20,7697.3219608897325,2025-06-18;2025-06-11,2025-06-18;2025-06-11;2025-06-19;2025-06-12;2025-06-17;2025-06-24;2025-06-05;2025-06-04;2025-06-10;2025-06-13,,2025-06-24,9600.0,10800.0,10800.0,25.094178249861827,31.224888941117282,29.955037289035218,51.597186080485095,85338.91440553204,439.26420864458674,10781.535396643532,53424.75373523898,1383.1897946298914,54807.94352986887,53424.753735238985,53424.75368181423,43432.58710562237,1579.8432656907448,lexicographic,5.342475368181423e-05,4.3432587062189775e-05,False,0.07036380000135978,0.0,1,0
2025-06-26,False,2,0.95,10,0.9,0,calibrated_quantile,2025-05-29;2025-05-30;2025-06-02;2025-06-03;2025-06-04;2025-06-05;2025-06-06;2025-06-09;2025-06-10;2025-06-11;2025-06-12;2025-06-13;2025-06-16;2025-06-17;2025-06-18;2025-06-19;2025-06-20;2025-06-23;2025-06-24;2025-06-25,20,7553.7601231386125,2025-06-19;2025-06-18,2025-06-19;2025-06-18;2025-06-25;2025-06-12;2025-06-11;2025-06-13;2025-06-05;2025-06-06;2025-06-20;2025-06-17,,2025-06-25,9600.0,10800.0,10800.0,22.893831822768277,29.08066044530064,31.283137476828173,60.89708891609295,83231.60625827727,184.29969635667186,11440.227406868542,52015.152519256124,725.2339902342545,52740.38650949038,52015.152519256124,52015.15246724096,42185.33385853711,1555.8659045077984,lexicographic,5.201515246724096e-05,4.2185333816351775e-05,False,0.1543971999999485,1.3988150123689073e-16,1,0
2025-06-27,False,2,0.95,10,0.9,0,calibrated_quantile,2025-05-30;2025-06-02;2025-06-03;2025-06-04;2025-06-05;2025-06-06;2025-06-09;2025-06-10;2025-06-11;2025-06-12;2025-06-13;2025-06-16;2025-06-17;2025-06-18;2025-06-19;2025-06-20;2025-06-23;2025-06-24;2025-06-25;2025-06-26,20,7315.830691214225,2025-06-20;2025-06-13,2025-06-20;2025-06-13;2025-06-06;2025-06-26;2025-06-19;2025-06-05;2025-06-12;2025-06-11;2025-06-24;2025-06-04,,2025-06-26,9600.0,10800.0,10800.0,24.826012689012366,32.363283910744485,27.75592683329732,53.515501626248934,36901.130283145176,149.2877959575806,13225.43887910276,20881.9467618841,534.2107898543065,21416.157551738408,20881.9467618841,20881.946741002153,38613.33333333333,1417.8121426303037,lexicographic,2.0881946741002156e-05,3.861333333333333e-05,False,0.17697299999781535,0.0,1,0
2025-06-28,False,2,0.95,10,0.9,0,calibrated_quantile,2025-05-31;2025-06-01;2025-06-07;2025-06-08;2025-06-14;2025-06-15;2025-06-21;2025-06-22,8,26668.135806355072,2025-06-21;2025-06-14,2025-06-21;2025-06-14;2025-06-07;2025-05-24;2025-05-31;2025-06-22;2025-05-10;2025-05-03;2025-05-17;2025-06-15,,2025-06-27,9600.0,10800.0,10800.0,23.71864281029582,30.77650829849128,34.460559027684326,61.72923810655964,52287.303984944076,0.0,27470.789402642316,31292.635749532914,0.0,31292.635749532914,31292.635749532907,31292.635718240264,28956.079593681774,1577.5661278328862,lexicographic,3.129263571824027e-05,2.8956079564725693e-05,False,0.13387890000012703,0.0,1,0
2025-06-29,False,2,0.95,10,0.9,0,calibrated_quantile,2025-06-01;2025-06-07;2025-06-08;2025-06-14;2025-06-15;2025-06-21;2025-06-22;2025-06-28,8,26672.530745582095,2025-06-22;2025-06-15,2025-06-22;2025-06-15;2025-06-01;2025-06-08;2025-05-18;2025-06-28;2025-05-25;2025-05-11;2025-06-21;2025-06-14,,2025-06-28,9600.0,10800.0,10800.0,24.015972157115428,30.62187681446846,32.38999299209959,64.83750654241072,98925.98290693483,3.6212236883512787,24908.472145792053,64706.866043319125,7.8055476602411815,64714.671590979364,64706.866043319125,64706.865978612244,45282.04130111066,1661.9915856700904,lexicographic,6.470686597861225e-05,4.528204125582861e-05,False,0.10294020000219462,0.0,1,0
2025-06-30,False,2,0.95,10,0.9,0,calibrated_quantile,2025-06-02;2025-06-03;2025-06-04;2025-06-05;2025-06-06;2025-06-09;2025-06-10;2025-06-11;2025-06-12;2025-06-13;2025-06-16;2025-06-17;2025-06-18;2025-06-19;2025-06-20;2025-06-23;2025-06-24;2025-06-25;2025-06-26;2025-06-27,20,7096.816192898494,2025-06-23;2025-06-16,2025-06-23;2025-06-16;2025-06-24;2025-06-02;2025-06-17;2025-06-09;2025-06-03;2025-06-10;2025-06-27;2025-06-11,,2025-06-29,9600.0,10800.0,10800.0,26.636811936431084,35.07183761465876,25.55903502491236,47.690487771016215,82367.80259033952,875.1595169542966,8920.05118863082,51523.105233627066,3292.932906362304,54816.03813998937,51523.105233627066,51523.10518210396,42346.635541824784,1554.6036595037608,lexicographic,5.152310518210396e-05,4.2346635499478146e-05,False,0.13096159999986412,9.402351262915582e-07,1,0
2025-07-01,False,2,1.0,7,0.95,0,calibrated_quantile,2025-06-03;2025-06-04;2025-06-05;2025-06-06;2025-06-09;2025-06-10;2025-06-11;2025-06-12;2025-06-13;2025-06-16;2025-06-17;2025-06-18;2025-06-19;2025-06-20;2025-06-23;2025-06-24;2025-06-25;2025-06-26;2025-06-27;2025-06-30,20,6147.802604733601,2025-06-24;2025-06-17,2025-06-24;2025-06-17;2025-06-30;2025-06-23;2025-06-18;2025-06-11;2025-06-25,,2025-06-30,9600.0,10800.0,10800.0,99.60161753472221,106.31934851492882,54.225461115209974,90.66833282321792,82748.07009329187,6252.780673880663,5706.495657995762,51564.30245821354,21608.25837335251,73172.56083156605,51564.30245821355,51564.302406649236,42180.726564613884,1587.0918751911831,lexicographic,5.156430240664924e-05,4.218072652243315e-05,False,0.10887019999790937,0.0,1,0
2025-07-02,False,2,1.0,7,0.95,0,calibrated_quantile,2025-06-04;2025-06-05;2025-06-06;2025-06-09;2025-06-10;2025-06-11;2025-06-12;2025-06-13;2025-06-16;2025-06-17;2025-06-18;2025-06-19;2025-06-20;2025-06-23;2025-06-24;2025-06-25;2025-06-26;2025-06-27;2025-06-30;2025-07-01,20,5877.508174446108,2025-06-10;2025-06-04,2025-06-10;2025-06-04;2025-06-12;2025-06-05;2025-06-20;2025-06-09;2025-06-11,,2025-07-01,9600.0,10800.0,10800.0,91.81590648148148,98.76018040706357,81.74367455402411,126.94076707886845,81690.55486465523,5167.494043018907,9593.35435120937,50591.90985754897,18631.944334152475,69223.85419170145,50591.90985754897,50591.90980695706,41534.05275544508,1591.7126434592972,lexicographic,5.0591909806957064e-05,4.153405271391102e-05,False,0.07535959999950137,0.0,1,0
2025-07-03,False,2,1.0,7,0.95,0,calibrated_quantile,2025-06-05;2025-06-06;2025-06-09;2025-06-10;2025-06-11;2025-06-12;2025-06-13;2025-06-16;2025-06-17;2025-06-18;2025-06-19;2025-06-20;2025-06-23;2025-06-24;2025-06-25;2025-06-26;2025-06-27;2025-06-30;2025-07-01;2025-07-02,20,5838.68981471511,2025-07-02;2025-06-05,2025-07-02;2025-06-05;2025-06-12;2025-06-04;2025-06-20;2025-06-10;2025-06-27,,2025-07-02,9600.0,10800.0,10800.0,50.96233640046299,60.29750824800861,21.98707140160075,36.07578190622071,83936.67112488109,2964.7496301168294,2878.2235356646634,52433.972156434065,11593.941641739715,64027.91379817378,52433.972156434065,52433.9721040001,40608.57209294677,1642.6068096840486,lexicographic,5.2433972104000104e-05,4.0608572052338186e-05,False,0.15413810000245576,0.0,1,0
2025-07-04,False,2,1.0,7,0.95,0,calibrated_quantile,2025-06-06;2025-06-09;2025-06-10;2025-06-11;2025-06-12;2025-06-13;2025-06-16;2025-06-17;2025-06-18;2025-06-19;2025-06-20;2025-06-23;2025-06-24;2025-06-25;2025-06-26;2025-06-27;2025-06-30;2025-07-01;2025-07-02;2025-07-03,20,6062.238185965284,2025-07-03;2025-07-02,2025-07-03;2025-07-02;2025-06-20;2025-06-12;2025-06-05;2025-06-06;2025-06-27,,2025-07-03,9600.0,10800.0,10800.0,316.5766157986111,346.4913525286801,40.6662836837438,83.14466621301811,90657.58207971824,0.0,57420.923509932516,57371.37504657059,0.0,57371.37504657059,57371.37504657058,57371.37498919921,41494.641561292156,1686.032567395539,lexicographic,5.7371374989199214e-05,4.149464151979751e-05,False,0.09566400000039721,0.0,1,0
2025-07-05,False,2,1.0,7,0.95,0,calibrated_quantile,2025-06-07;2025-06-08;2025-06-14;2025-06-15;2025-06-21;2025-06-22;2025-06-28;2025-06-29,8,24272.842531531467,2025-06-07;2025-06-21,2025-06-07;2025-06-21;2025-06-14;2025-06-28;2025-06-22;2025-06-08;2025-06-15,,2025-07-04,9600.0,10800.0,10800.0,94.43005295138889,101.56212752214277,58.87579438745044,105.19089021579165,51285.12455692572,1279.247232654965,20386.041082111053,31062.68838623068,2877.350631624562,33940.03901785524,31062.68838623067,31062.688355167982,32277.546530807325,1595.0892401683814,lexicographic,3.1062688355167986e-05,3.227754649852978e-05,False,0.11759000000165543,0.0,1,0
2025-07-06,False,2,1.0,7,0.95,0,calibrated_quantile,2025-06-08;2025-06-14;2025-06-15;2025-06-21;2025-06-22;2025-06-28;2025-06-29;2025-07-05,8,20584.557424294064,2025-07-05;2025-06-22,2025-07-05;2025-06-22;2025-06-08;2025-06-15;2025-06-29;2025-06-07;2025-06-21,,2025-07-05,9600.0,10800.0,10800.0,208.6001822337963,221.87465919325064,25.784842183664125,45.21041907268725,74782.91419704485,9865.88366579363,966.2048675640247,45815.27907662587,43920.319436214675,89735.59851284054,45815.27907662587,45815.27903081058,37044.14061024622,1669.0053309802133,lexicographic,4.5815279030810584e-05,3.704414057320207e-05,False,0.1822221999973408,0.0,1,0
2025-07-07,False,2,1.0,7,0.95,0,calibrated_quantile,2025-06-09;2025-06-10;2025-06-11;2025-06-12;2025-06-13;2025-06-16;2025-06-17;2025-06-18;2025-06-19;2025-06-20;2025-06-23;2025-06-24;2025-06-25;2025-06-26;2025-06-27;2025-06-30;2025-07-01;2025-07-02;2025-07-03;2025-07-04,20,6062.238185965284,2025-07-02;2025-07-04,2025-07-02;2025-07-04;2025-07-03;2025-06-09;2025-06-10;2025-06-23;2025-06-16,,2025-07-06,9600.0,10800.0,10800.0,159.71202893518517,176.0996782752223,38.482322291033135,61.95855203684867,65261.79761645003,11896.560114639364,335.65159272222024,39937.51540041238,49865.30535245832,89802.8207528707,39937.51540041238,39937.51536047486,32515.443698831154,1607.636956532745,lexicographic,3.9937515360474863e-05,3.251544366631572e-05,False,0.1304342999974324,0.0,1,0
2025-07-08,False,2,1.0,7,0.95,0,calibrated_quantile,2025-06-10;2025-06-11;2025-06-12;2025-06-13;2025-06-16;2025-06-17;2025-06-18;2025-06-19;2025-06-20;2025-06-23;2025-06-24;2025-06-25;2025-06-26;2025-06-27;2025-06-30;2025-07-01;2025-07-02;2025-07-03;2025-07-04;2025-07-07,20,7388.466601795011,2025-07-02;2025-07-07,2025-07-02;2025-07-07;2025-07-03;2025-07-04;2025-06-10;2025-06-09;2025-06-03,,2025-07-07,9600.0,10800.0,10800.0,25.447854513888913,32.21733969178392,33.6979531399393,59.149308029145516,88069.71788200055,802.122549879262,9056.586787934095,55441.7380467736,3369.766655472992,58811.504702246595,55441.73804677361,55441.737991331865,40428.41365986889,1701.8515986571751,lexicographic,5.544173799133187e-05,4.0428413619440476e-05,False,0.11451909999959753,1.31236102578909e-16,1,0
2025-07-09,False,2,1.0,7,0.95,0,calibrated_quantile,2025-06-11;2025-06-12;2025-06-13;2025-06-16;2025-06-17;2025-06-18;2025-06-19;2025-06-20;2025-06-23;2025-06-24;2025-06-25;2025-06-26;2025-06-27;2025-06-30;2025-07-01;2025-07-02;2025-07-03;2025-07-04;2025-07-07;2025-07-08,20,7410.539019551745,2025-07-02;2025-07-03,2025-07-02;2025-07-03;2025-07-08;2025-07-04;2025-07-07;2025-06-04;2025-06-10,,2025-07-08,9600.0,10800.0,10800.0,26.98266649305557,33.60079742378306,23.042907536448336,43.43100104680681,87673.43178978484,357.33495568325475,9686.33465702543,55434.18768504508,1433.3109809051161,56867.498665950196,55434.18768504509,55434.18762961088,40826.998946918735,1704.3643266786808,lexicographic,5.543418762961089e-05,4.082699890609173e-05,False,0.1009202000022924,0.0,1,0
2025-07-10,False,2,1.0,7,0.95,0,calibrated_quantile,2025-06-12;2025-06-13;2025-06-16;2025-06-17;2025-06-18;2025-06-19;2025-06-20;2025-06-23;2025-06-24;2025-06-25;2025-06-26;2025-06-27;2025-06-30;2025-07-01;2025-07-02;2025-07-03;2025-07-04;2025-07-07;2025-07-08;2025-07-09,20,6910.354996418942,2025-07-03;2025-07-02,2025-07-03;2025-07-02;2025-07-09;2025-07-04;2025-07-08;2025-07-07;2025-06-05,,2025-07-09,9600.0,10800.0,10800.0,27.89387644675926,36.980476490080335,19.571491057610903,41.567540172169274,86613.76750906056,251.41001510397447,9719.178621019919,54661.09154952946,887.9890563741521,55549.08060590361,54661.09154952946,54661.091494868386,40890.52468872862,1704.364326658679,lexicographic,5.466109149486839e-05,4.089052464783809e-05,False,0.13773370000126306,0.0,1,0
2025-07-11,False,2,1.0,7,0.95,0,calibrated_quantile,2025-06-13;2025-06-16;2025-06-17;2025-06-18;2025-06-19;2025-06-20;2025-06-23;2025-06-24;2025-06-25;2025-06-26;2025-06-27;2025-06-30;2025-07-01;2025-07-02;2025-07-03;2025-07-04;2025-07-07;2025-07-08;2025-07-09;2025-07-10,20,6805.002496729348,2025-07-04;2025-07-10,2025-07-04;2025-07-10;2025-07-03;2025-07-09;2025-07-02;2025-07-08;2025-07-07,,2025-07-10,9600.0,10800.0,10800.0,163.28958749999998,181.53898479401198,39.99090455131996,72.13954409980404,62124.78545200775,26.19063075357576,25940.604121875353,38750.92599573183,55.99556855114497,38806.92156428297,38750.92599573183,38750.9259569809,35167.297935282215,1614.9957118003554,lexicographic,3.8750925956980904e-05,3.516729790011493e-05,False,0.18373349999819766,0.0,1,0
2025-07-12,False,2,1.0,7,0.95,0,calibrated_quantile,2025-06-14;2025-06-15;2025-06-21;2025-06-22;2025-06-28;2025-06-29;2025-07-05;2025-07-06,8,20841.915351580163,2025-07-05;2025-07-06,2025-07-05;2025-07-06;2025-06-07;2025-06-21;2025-06-14;2025-06-28;2025-06-08,,2025-07-11,9600.0,10800.0,10800.0,161.39120607638887,178.47858200588988,25.890263202002465,52.014217727579485,82038.27030355754,0.0,46748.73745557362,50970.8983603081,0.0,50970.8983603081,50970.898360308085,50970.898309337186,40060.9159027241,1703.8499773722083,lexicographic,5.097089830933719e-05,4.006091586266318e-05,False,0.11710549999770592,0.0,1,0
2025-07-13,False,2,1.0,7,0.95,0,calibrated_quantile,2025-06-15;2025-06-21;2025-06-22;2025-06-28;2025-06-29;2025-07-05;2025-07-06;2025-07-12,8,20564.831004925523,2025-07-06;2025-07-05,2025-07-06;2025-07-05;2025-07-12;2025-06-22;2025-06-29;2025-06-15;2025-06-08,,2025-07-12,9600.0,10800.0,10800.0,148.4353706597222,167.2704248242835,59.735725387505596,110.53120551029237,81060.50180514368,1855.3665472269715,9523.555687460852,50272.810716214255,9305.51582380322,59578.32654001747,50272.810716214255,50272.81066594144,39292.168418351255,1703.8499314226624,lexicographic,5.027281066594144e-05,3.929216837905908e-05,False,0.12234840000019176,0.0,1,0
2025-07-14,False,2,1.0,7,0.95,0,calibrated_quantile,2025-06-16;2025-06-17;2025-06-18;2025-06-19;2025-06-20;2025-06-23;2025-06-24;2025-06-25;2025-06-26;2025-06-27;2025-06-30;2025-07-01;2025-07-02;2025-07-03;2025-07-04;2025-07-07;2025-07-08;2025-07-09;2025-07-10;2025-07-11,20,6805.002496729348,2025-07-07;2025-07-08,2025-07-07;2025-07-08;2025-07-09;2025-07-11;2025-06-09;2025-07-02;2025-07-04,,2025-07-13,9600.0,10800.0,10800.0,27.2501921875,35.912244754184904,26.481997142789957,45.97916528147217,86659.26938103956,160.3182457798156,10833.900647248312,54672.08345101869,852.9429521799254,55525.026403198615,54672.08345101868,54672.08339634661,39801.0213202998,1715.823223160388,lexicographic,5.467208339634661e-05,3.980102128049879e-05,False,0.17522470000039903,1.3308359883482385e-16,1,0
2025-07-15,False,2,1.0,7,0.95,0,calibrated_quantile,2025-06-17;2025-06-18;2025-06-19;2025-06-20;2025-06-23;2025-06-24;2025-06-25;2025-06-26;2025-06-27;2025-06-30;2025-07-01;2025-07-02;2025-07-03;2025-07-04;2025-07-07;2025-07-08;2025-07-09;2025-07-10;2025-07-11;2025-07-14,20,6593.522527004723,2025-07-08;2025-07-09,2025-07-08;2025-07-09;2025-07-14;2025-07-07;2025-07-02;2025-07-03;2025-07-10,,2025-07-14,9600.0,10800.0,10800.0,30.58629490740742,39.101668800741564,35.33229923126592,65.79640427645317,84752.29640931841,1548.1727647276216,9341.020662266154,53483.08648636074,4533.373601252031,58016.46008761277,53483.08648636074,53483.086432877644,40109.580265727665,1672.0382365439987,lexicographic,5.348308643287765e-05,4.010958022561808e-05,False,0.15287130000069737,0.0,1,0
2025-07-16,False,2,1.0,7,0.95,0,calibrated_quantile,2025-06-18;2025-06-19;2025-06-20;2025-06-23;2025-06-24;2025-06-25;2025-06-26;2025-06-27;2025-06-30;2025-07-01;2025-07-02;2025-07-03;2025-07-04;2025-07-07;2025-07-08;2025-07-09;2025-07-10;2025-07-11;2025-07-14;2025-07-15,20,6510.892789845657,2025-07-02;2025-07-09,2025-07-02;2025-07-09;2025-07-03;2025-07-10;2025-07-15;2025-07-08;2025-07-11,,2025-07-15,9600.0,10800.0,10800.0,30.61694577546296,37.929823929961614,26.342204292207864,48.393840428137715,85982.2211509722,537.5893290621829,10189.473588739103,54097.028645362036,2002.2478360517239,56099.27648141376,54097.028645362036,54097.02859126502,39970.26341795334,1694.31129249689,lexicographic,5.4097028591265024e-05,3.997026337798307e-05,False,0.15717570000197156,0.0,1,0
2025-07-17,False,2,1.0,7,0.95,0,calibrated_quantile,2025-06-19;2025-06-20;2025-06-23;2025-06-24;2025-06-25;2025-06-26;2025-06-27;2025-06-30;2025-07-01;2025-07-02;2025-07-03;2025-07-04;2025-07-07;2025-07-08;2025-07-09;2025-07-10;2025-07-11;2025-07-14;2025-07-15;2025-07-16,20,6457.816924944822,2025-07-10;2025-07-03,2025-07-10;2025-07-03;2025-07-09;2025-07-11;2025-07-16;2025-07-02;2025-07-04,,2025-07-16,9600.0,10800.0,10800.0,29.514024247685185,36.59976611288359,23.280863668340032,40.458527097331626,85660.318143507,695.7362980391027,9379.910172764654,54081.097552090956,2899.451552564647,56980.549104655605,54081.09755209097,54081.09749800987,40541.41076751466,1711.4440948728445,lexicographic,5.4081097498009875e-05,4.054141072697324e-05,False,0.1533238000010897,0.0,1,0
2025-07-18,False,2,1.0,7,0.95,0,calibrated_quantile,2025-06-20;2025-06-23;2025-06-24;2025-06-25;2025-06-26;2025-06-27;2025-06-30;2025-07-01;2025-07-02;2025-07-03;2025-07-04;2025-07-07;2025-07-08;2025-07-09;2025-07-10;2025-07-11;2025-07-14;2025-07-15;2025-07-16;2025-07-17,20,6602.604005028126,2025-07-11;2025-07-04,2025-07-11;2025-07-04;2025-07-17;2025-07-10;2025-07-03;2025-07-16;2025-07-09,,2025-07-17,9600.0,10800.0,10800.0,24.19708350694444,30.913080068925513,30.523748344568258,57.69516509165123,47072.612458212076,847.4944837608952,12592.525519547406,27834.25869783997,2356.9945101089143,30191.253207948885,27834.25869783997,27834.258670005707,38613.333229422526,1530.0100136598467,lexicographic,2.7834258670005708e-05,3.861333319080921e-05,False,0.141282600001432,0.0,1,0
2025-07-19,False,2,1.0,7,0.95,0,calibrated_quantile,2025-06-21;2025-06-22;2025-06-28;2025-06-29;2025-07-05;2025-07-06;2025-07-12;2025-07-13,8,16926.030545462734,2025-07-12;2025-07-05,2025-07-12;2025-07-05;2025-07-13;2025-07-06;2025-06-21;2025-06-28;2025-06-07,,2025-07-18,9600.0,10800.0,10800.0,25.253626967592588,31.788376988577607,26.447638806258013,44.53545279804888,54479.43694591768,0.0,23240.281203267125,33601.812468547556,0.0,33601.812468547556,33601.81246854756,33601.812434948704,38641.944282618475,1712.5566700699992,lexicographic,3.360181243494871e-05,3.864194424397654e-05,False,0.26712769999721786,0.0,1,0
2025-07-20,False,2,1.0,7,0.95,0,calibrated_quantile,2025-06-22;2025-06-28;2025-06-29;2025-07-05;2025-07-06;2025-07-12;2025-07-13;2025-07-19,8,16926.589484751457,2025-07-13;2025-07-06,2025-07-13;2025-07-06;2025-07-05;2025-06-22;2025-07-19;2025-06-29;2025-07-12,,2025-07-19,9600.0,10800.0,10800.0,30.02037326388889,36.54297792086902,24.637846003661018,42.19404651009576,96736.36126693228,43.44809288726583,20234.24263577246,62818.760281950956,104.15291035776121,62922.91319230872,62818.76028195096,62818.76021928933,42445.34314925547,1743.3415249999998,lexicographic,6.281876021928934e-05,4.244534310681013e-05,False,0.1933595000009518,1.1582459744166118e-16,1,0
2025-07-21,False,2,1.0,7,0.95,0,calibrated_quantile,2025-06-23;2025-06-24;2025-06-25;2025-06-26;2025-06-27;2025-06-30;2025-07-01;2025-07-02;2025-07-03;2025-07-04;2025-07-07;2025-07-08;2025-07-09;2025-07-10;2025-07-11;2025-07-14;2025-07-15;2025-07-16;2025-07-17;2025-07-18,20,7347.87017368657,2025-07-07;2025-07-14,2025-07-07;2025-07-14;2025-07-15;2025-07-08;2025-06-09;2025-07-16;2025-07-18,,2025-07-20,9600.0,10800.0,10800.0,31.6516828125,40.029952810216116,25.162440963518335,41.38574793164666,86452.54780964347,506.10366128561657,8815.025051094257,54468.855915324784,1958.340902283237,56427.19681760802,54468.85591532479,54468.855860855954,39571.144717900344,1737.5680344585944,lexicographic,5.4468855860855956e-05,3.957114467832919e-05,False,0.17325789999813423,0.0,1,0
2025-07-22,False,2,1.0,7,0.95,0,calibrated_quantile,2025-06-24;2025-06-25;2025-06-26;2025-06-27;2025-06-30;2025-07-01;2025-07-02;2025-07-03;2025-07-04;2025-07-07;2025-07-08;2025-07-09;2025-07-10;2025-07-11;2025-07-14;2025-07-15;2025-07-16;2025-07-17;2025-07-18;2025-07-21,20,7480.541440886014,2025-07-15;2025-07-08,2025-07-15;2025-07-08;2025-07-16;2025-07-21;2025-07-07;2025-07-09;2025-07-02,,2025-07-21,9600.0,10800.0,10800.0,25.693783564814808,32.77440781248897,31.18200326021358,57.13141254957671,85458.66238929387,855.6765533446497,8326.632219882162,53865.76075742271,3545.94329795972,57411.704055382426,53865.7607574227,53865.76070355694,39939.670589591275,1682.6729491041701,lexicographic,5.386576070355694e-05,3.9939670549651603e-05,False,0.15012670000214712,0.0,1,0
2025-07-23,False,2,1.0,7,0.95,0,calibrated_quantile,2025-06-25;2025-06-26;2025-06-27;2025-06-30;2025-07-01;2025-07-02;2025-07-03;2025-07-04;2025-07-07;2025-07-08;2025-07-09;2025-07-10;2025-07-11;2025-07-14;2025-07-15;2025-07-16;2025-07-17;2025-07-18;2025-07-21;2025-07-22,20,6959.571542957634,2025-07-16;2025-07-09,2025-07-16;2025-07-09;2025-07-22;2025-07-17;2025-07-02;2025-07-15;2025-07-10,,2025-07-22,9600.0,10800.0,10800.0,26.338135358796293,32.18682105153521,28.75717596065184,50.338384417688935,84570.7756334208,946.0458057362289,7184.777510662923,53317.04715564271,3922.2294750262845,57239.27663066899,53317.0471556427,53317.04710232566,39205.5222600404,1708.0706938340363,lexicographic,5.3317047102325666e-05,3.9205522220834875e-05,False,0.1444286000005377,0.0,1,0
2025-07-24,False,2,1.0,7,0.95,0,calibrated_quantile,2025-06-26;2025-06-27;2025-06-30;2025-07-01;2025-07-02;2025-07-03;2025-07-04;2025-07-07;2025-07-08;2025-07-09;2025-07-10;2025-07-11;2025-07-14;2025-07-15;2025-07-16;2025-07-17;2025-07-18;2025-07-21;2025-07-22;2025-07-23,20,7151.487986290687,2025-07-17;2025-07-10,2025-07-17;2025-07-10;2025-07-03;2025-07-23;2025-07-16;2025-07-18;2025-07-11,,2025-07-23,9600.0,10800.0,10800.0,24.96773634259259,32.999051002607736,35.3104577671043,59.15091824710459,86316.94223109669,1365.263832994794,9797.845245478587,54523.22551926621,5663.076722572781,60186.302241838996,54523.22551926621,54523.22546474298,40657.25664047034,1688.3240571341753,lexicographic,5.4523225464742985e-05,4.065725659981308e-05,False,0.1338897999994515,0.0,1,0
2025-07-25,False,2,1.0,7,0.95,0,calibrated_quantile,2025-06-27;2025-06-30;2025-07-01;2025-07-02;2025-07-03;2025-07-04;2025-07-07;2025-07-08;2025-07-09;2025-07-10;2025-07-11;2025-07-14;2025-07-15;2025-07-16;2025-07-17;2025-07-18;2025-07-21;2025-07-22;2025-07-23;2025-07-24,20,7382.311318886881,2025-07-18;2025-07-11,2025-07-18;2025-07-11;2025-07-24;2025-07-04;2025-07-10;2025-07-03;2025-07-17,,2025-07-24,9600.0,10800.0,10800.0,25.35723981481482,31.492487462285307,20.498190107869032,33.9221335857162,46698.66036932995,151.30683220962405,16291.314301539576,27581.852263879206,665.8156066468243,28247.66787052603,27581.852263879206,27581.852236297353,38613.33333333333,1524.00641118178,lexicographic,2.7581852236297354e-05,3.861333333333334e-05,False,0.1916044999998121,0.0,1,0
2025-07-26,False,2,1.0,7,0.95,0,calibrated_quantile,2025-06-28;2025-06-29;2025-07-05;2025-07-06;2025-07-12;2025-07-13;2025-07-19;2025-07-20,8,15819.6144074524,2025-07-19;2025-07-05,2025-07-19;2025-07-05;2025-07-12;2025-06-28;2025-06-21;2025-07-20;2025-07-13,,2025-07-25,9600.0,10800.0,10800.0,28.157961689814822,35.33765319707246,28.49929831458816,50.20003330806073,53726.404835564535,428.9592813985214,21632.939230700344,33151.488226625734,1541.7182165547504,34693.20644318048,33151.488226625734,33151.488193474244,38613.33320246768,1737.322504012864,lexicographic,3.315148819347425e-05,3.861333316385434e-05,False,0.14957200000208104,0.0,1,0
2025-07-27,False,2,1.0,7,0.95,0,calibrated_quantile,2025-06-29;2025-07-05;2025-07-06;2025-07-12;2025-07-13;2025-07-19;2025-07-20;2025-07-26,8,16411.32206190599,2025-07-13;2025-07-20,2025-07-13;2025-07-20;2025-07-06;2025-06-22;2025-06-15;2025-07-26;2025-06-29,,2025-07-26,9600.0,10800.0,10800.0,25.374271354166673,32.2405275085351,26.397246154957895,47.67758830322961,95461.40445977327,36.929127920563246,17548.372429961706,61678.339953009934,148.73900744664488,61827.07896045658,61678.33995300993,61678.3398913316,40627.558723658716,1734.4401215845496,lexicographic,6.167833989133161e-05,4.062755868303115e-05,False,0.1843473000008089,0.0,1,0
2025-07-28,False,2,1.0,7,0.95,0,calibrated_quantile,2025-06-30;2025-07-01;2025-07-02;2025-07-03;2025-07-04;2025-07-07;2025-07-08;2025-07-09;2025-07-10;2025-07-11;2025-07-14;2025-07-15;2025-07-16;2025-07-17;2025-07-18;2025-07-21;2025-07-22;2025-07-23;2025-07-24;2025-07-25,20,7503.917180741359,2025-07-21;2025-07-07,2025-07-21;2025-07-07;2025-07-14;2025-07-22;2025-07-15;2025-07-08;2025-06-09,,2025-07-27,9600.0,10800.0,10800.0,30.023803993055544,35.68783940915701,41.26043471159872,70.76690411491086,85408.12643074273,1886.7085029501782,5215.830442794004,53740.69997113731,7434.13417038252,61174.83414151982,53740.69997113729,53740.699917396596,39287.73861154592,1703.7191206109987,lexicographic,5.37406999173966e-05,3.928773857225819e-05,False,0.16309980000005453,1.3539007912749756e-16,1,0
2025-07-29,False,2,1.0,7,0.95,0,calibrated_quantile,2025-07-01;2025-07-02;2025-07-03;2025-07-04;2025-07-07;2025-07-08;2025-07-09;2025-07-10;2025-07-11;2025-07-14;2025-07-15;2025-07-16;2025-07-17;2025-07-18;2025-07-21;2025-07-22;2025-07-23;2025-07-24;2025-07-25;2025-07-28,20,7911.236619460848,2025-07-22;2025-07-15,2025-07-22;2025-07-15;2025-07-08;2025-07-21;2025-07-16;2025-07-02;2025-07-07,,2025-07-28,9600.0,10800.0,10800.0,28.577370081018525,35.56461851956699,34.641784407528384,69.86589637353383,85153.26310339895,1844.2910814641186,6769.868216755383,53626.38285837541,7007.493232907384,60633.87609128279,53626.38285837541,53626.382804749024,39614.61280407852,1684.962498349434,lexicographic,5.3626382804749025e-05,3.96146127644639e-05,False,0.1639443999993091,0.0,1,0
2025-07-30,False,2,1.0,7,0.95,0,calibrated_quantile,2025-07-02;2025-07-03;2025-07-04;2025-07-07;2025-07-08;2025-07-09;2025-07-10;2025-07-11;2025-07-14;2025-07-15;2025-07-16;2025-07-17;2025-07-18;2025-07-21;2025-07-22;2025-07-23;2025-07-24;2025-07-25;2025-07-28;2025-07-29,20,7545.011242117458,2025-07-16;2025-07-23,2025-07-16;2025-07-23;2025-07-02;2025-07-29;2025-07-24;2025-07-22;2025-07-10,,2025-07-29,9600.0,10800.0,10800.0,26.711405324074075,33.843961346814055,33.626226236188415,57.42268401559847,86302.6924271441,677.0505825014053,8656.477436901081,54413.21585143154,3163.2658982317075,57576.481749663246,54413.21585143154,54413.2157970183,40201.16240088111,1683.521017268342,lexicographic,5.4413215797018305e-05,4.020116236067995e-05,False,0.13790760000119917,0.0,1,0
2025-07-31,False,2,1.0,7,0.95,0,calibrated_quantile,2025-07-03;2025-07-04;2025-07-07;2025-07-08;2025-07-09;2025-07-10;2025-07-11;2025-07-14;2025-07-15;2025-07-16;2025-07-17;2025-07-18;2025-07-21;2025-07-22;2025-07-23;2025-07-24;2025-07-25;2025-07-28;2025-07-29;2025-07-30,20,7024.266171942984,2025-07-24;2025-07-10,2025-07-24;2025-07-10;2025-07-17;2025-07-23;2025-07-03;2025-07-16;2025-07-30,,2025-07-30,9600.0,10800.0,10800.0,29.63961296296298,37.3069634036995,24.785474851989477,44.47278191396255,85322.3903454459,746.6955695448885,7176.500300806647,53834.53506128701,3223.3211721773996,57057.85623346441,53834.535061287,53834.53500745249,39987.56167898227,1693.596325604985,lexicographic,5.383453500745249e-05,3.9987561638994706e-05,False,0.1281890000027488,0.0,1,0
2025-08-01,False,2,1.0,10,0.9,0,calibrated_quantile,2025-07-04;2025-07-07;2025-07-08;2025-07-09;2025-07-10;2025-07-11;2025-07-14;2025-07-15;2025-07-16;2025-07-17;2025-07-18;2025-07-21;2025-07-22;2025-07-23;2025-07-24;2025-07-25;2025-07-28;2025-07-29;2025-07-30;2025-07-31,20,6586.473890076237,2025-07-25;2025-07-18,2025-07-25;2025-07-18;2025-07-04;2025-07-11;2025-07-31;2025-07-24;2025-07-10;2025-07-17;2025-07-03;2025-07-30,,2025-07-31,9600.0,10800.0,10800.0,26.54285711805555,33.83787695446631,50.41772034386212,81.11861119621446,44564.19008848571,393.2003309403552,19652.697429424552,26142.593391617185,1102.6882214008506,27245.281613018036,26142.593391617185,26142.593365474593,38613.33323808459,1485.1884142449367,lexicographic,2.6142593365474595e-05,3.861333319947127e-05,False,0.2398697999997239,1.391590633810736e-16,1,0
2025-08-02,False,2,1.0,10,0.9,0,calibrated_quantile,2025-07-05;2025-07-06;2025-07-12;2025-07-13;2025-07-19;2025-07-20;2025-07-26;2025-07-27,8,15902.638785934636,2025-07-26;2025-07-05,2025-07-26;2025-07-05;2025-07-19;2025-07-12;2025-07-20;2025-07-13;2025-07-06;2025-07-27;2025-06-28;2025-06-21,,2025-08-01,9600.0,10800.0,10800.0,29.648328124999995,38.758594630465545,39.189840536114204,68.7562902711059,53371.47953180118,0.0,28389.260887545322,32871.262676457,0.0,32871.262676457,32871.262676457,32871.262643585746,38631.055877735664,1719.2775036357045,lexicographic,3.2871262643585744e-05,3.863105583910462e-05,False,0.17648510000071838,0.0,1,0
2025-08-03,False,2,1.0,10,0.9,0,calibrated_quantile,2025-07-06;2025-07-12;2025-07-13;2025-07-19;2025-07-20;2025-07-26;2025-07-27;2025-08-02,8,13950.121689810949,2025-07-20;2025-07-06,2025-07-20;2025-07-06;2025-07-13;2025-07-27;2025-08-02;2025-06-22;2025-07-26;2025-06-29;2025-07-05;2025-07-19,,2025-08-02,9600.0,10800.0,10800.0,28.154114988425924,34.413732406641415,55.81860132070327,93.23604222243175,90854.81532239527,0.0,23775.99160084671,58927.25418476414,0.0,58927.25418476414,58927.25418476413,58927.25412583688,40385.32719036605,1717.7233131230585,lexicographic,5.892725412583688e-05,4.0385327149980724e-05,False,0.12138799999956973,0.0,1,0
2025-08-04,False,2,1.0,10,0.9,0,calibrated_quantile,2025-07-07;2025-07-08;2025-07-09;2025-07-10;2025-07-11;2025-07-14;2025-07-15;2025-07-16;2025-07-17;2025-07-18;2025-07-21;2025-07-22;2025-07-23;2025-07-24;2025-07-25;2025-07-28;2025-07-29;2025-07-30;2025-07-31;2025-08-01,20,6755.58450849821,2025-07-14;2025-07-28,2025-07-14;2025-07-28;2025-07-21;2025-07-15;2025-07-22;2025-07-08;2025-07-07;2025-07-29;2025-07-23;2025-07-18,,2025-08-03,9600.0,10800.0,10800.0,24.87789768518519,31.089001005607123,67.19527987815923,110.19247167637373,87027.47718412045,113.97157951020694,17476.15865543067,54962.43092151193,301.0190718387513,55263.44999335068,54962.43092151192,54962.4308665495,40483.36523688771,1651.4613401202805,lexicographic,5.4962430866549504e-05,4.048336519640434e-05,False,0.10016329999780282,1.3238056431400711e-16,1,0
2025-08-05,False,2,1.0,10,0.9,0,calibrated_quantile,2025-07-08;2025-07-09;2025-07-10;2025-07-11;2025-07-14;2025-07-15;2025-07-16;2025-07-17;2025-07-18;2025-07-21;2025-07-22;2025-07-23;2025-07-24;2025-07-25;2025-07-28;2025-07-29;2025-07-30;2025-07-31;2025-08-01;2025-08-04,20,5304.421918122305,2025-07-15;2025-07-22,2025-07-15;2025-07-22;2025-07-08;2025-07-23;2025-08-04;2025-07-14;2025-07-09;2025-07-16;2025-07-21;2025-07-29,,2025-08-04,9600.0,10800.0,10800.0,32.89527494212963,40.965635497202335,31.194857534747307,55.37429546845355,81071.0100578451,220.98798435676946,12096.89207241282,50929.32001189703,623.7824041414021,51553.102416038426,50929.32001189703,50929.31996096771,38512.953620972694,1644.6965838876017,lexicographic,5.0929319960967714e-05,3.851295358245973e-05,False,0.12816920000113896,0.0,1,0
2025-08-06,False,2,1.0,10,0.9,0,calibrated_quantile,2025-07-09;2025-07-10;2025-07-11;2025-07-14;2025-07-15;2025-07-16;2025-07-17;2025-07-18;2025-07-21;2025-07-22;2025-07-23;2025-07-24;2025-07-25;2025-07-28;2025-07-29;2025-07-30;2025-07-31;2025-08-01;2025-08-04;2025-08-05,20,5019.342985778546,2025-07-23;2025-07-16,2025-07-23;2025-07-16;2025-07-24;2025-07-31;2025-07-30;2025-07-09;2025-08-05;2025-07-15;2025-07-22;2025-07-17,,2025-08-05,9600.0,10800.0,10800.0,33.805448148148145,42.23877277971747,34.52315699434146,56.42551672596067,82346.6192041953,567.0907581942082,10617.117194891905,51724.14195243339,2020.1981535023358,53744.34010593573,51724.14195243339,51724.14190070924,39840.89598160014,1671.0173756786094,lexicographic,5.172414190070924e-05,3.9840895941759243e-05,False,0.13839680000091903,0.0,1,0
2025-08-07,False,2,1.0,10,0.9,0,calibrated_quantile,2025-07-10;2025-07-11;2025-07-14;2025-07-15;2025-07-16;2025-07-17;2025-07-18;2025-07-21;2025-07-22;2025-07-23;2025-07-24;2025-07-25;2025-07-28;2025-07-29;2025-07-30;2025-07-31;2025-08-01;2025-08-04;2025-08-05;2025-08-06,20,5039.402371638946,2025-07-24;2025-07-31,2025-07-24;2025-07-31;2025-07-17;2025-08-06;2025-07-23;2025-07-10;2025-07-03;2025-07-16;2025-07-25;2025-07-18,,2025-08-06,9600.0,10800.0,10800.0,28.517797222222214,34.86231841064044,53.27571969588126,94.31359054059608,81212.03727630088,461.82349620790285,14165.160671651996,51063.634935859256,1572.716119270282,52636.35105512954,51063.63493585924,51063.63488479561,39255.23094763565,1632.7210760030566,lexicographic,5.106363488479561e-05,3.925523090838042e-05,False,0.17597380000006524,1.4248804713175382e-16,1,0
2025-08-08,False,2,1.0,10,0.9,0,calibrated_quantile,2025-07-11;2025-07-14;2025-07-15;2025-07-16;2025-07-17;2025-07-18;2025-07-21;2025-07-22;2025-07-23;2025-07-24;2025-07-25;2025-07-28;2025-07-29;2025-07-30;2025-07-31;2025-08-01;2025-08-04;2025-08-05;2025-08-06;2025-08-07,20,4975.352153269047,2025-07-18;2025-07-25,2025-07-18;2025-07-25;2025-07-11;2025-08-07;2025-07-24;2025-08-01;2025-07-31;2025-07-17;2025-08-06;2025-07-03,,2025-08-07,9600.0,10800.0,10800.0,26.201330960648157,32.872589778581215,49.93810747482683,87.96262995981424,43138.96158721065,203.8256390448666,23514.282642922186,25140.471992328046,883.4550245611102,26023.927016889156,25140.47199232805,25140.471967187572,38613.33333333333,1481.7834192336961,lexicographic,2.5140471967187574e-05,3.861333333333334e-05,False,0.2264634000021033,0.0,1,0
2025-08-09,False,2,1.0,10,0.9,0,calibrated_quantile,2025-07-12;2025-07-13;2025-07-19;2025-07-20;2025-07-26;2025-07-27;2025-08-02;2025-08-03,8,4318.506379059006,2025-08-02;2025-07-26,2025-08-02;2025-07-26;2025-07-05;2025-07-19;2025-07-12;2025-08-03;2025-07-20;2025-06-28;2025-07-13;2025-07-27,,2025-08-08,9600.0,10800.0,10800.0,26.62729311342592,33.250347468944504,30.00021107682537,48.12953450076369,43482.15345104199,640.164852448564,21147.055979685185,25267.212189575243,2255.0785110113975,27522.29070058664,25267.21218957524,25267.21216430803,38613.33324256695,1653.7473136604658,lexicographic,2.5267212164308034e-05,3.861333320395364e-05,False,0.11645249999855878,0.0,1,0
2025-08-10,False,2,1.0,10,0.9,0,calibrated_quantile,2025-07-13;2025-07-19;2025-07-20;2025-07-26;2025-07-27;2025-08-02;2025-08-03;2025-08-09,8,4857.472540912663,2025-08-03;2025-07-20,2025-08-03;2025-07-20;2025-07-27;2025-07-13;2025-07-06;2025-06-22;2025-06-29;2025-08-02;2025-07-26;2025-08-09,,2025-08-09,9600.0,10800.0,10800.0,26.023696817129622,32.68471371594477,24.597128864643445,44.718278584910685,76905.16702908237,1043.0564876334481,8639.211807442203,48637.89168502488,3982.6148606950383,52620.506545719916,48637.89168502488,48637.89163638697,38147.109017290626,1691.7018618530255,lexicographic,4.863789163638697e-05,3.814710897914352e-05,False,0.13695599999846308,0.0,1,0
2025-08-11,False,2,1.0,10,0.9,0,calibrated_quantile,2025-07-14;2025-07-15;2025-07-16;2025-07-17;2025-07-18;2025-07-21;2025-07-22;2025-07-23;2025-07-24;2025-07-25;2025-07-28;2025-07-29;2025-07-30;2025-07-31;2025-08-01;2025-08-04;2025-08-05;2025-08-06;2025-08-07;2025-08-08,20,5032.808525016203,2025-08-04;2025-07-28,2025-08-04;2025-07-28;2025-07-14;2025-07-21;2025-08-05;2025-07-15;2025-07-22;2025-07-07;2025-07-08;2025-07-29,,2025-08-10,9600.0,10800.0,10800.0,30.504111863425933,37.84748543914294,34.62240407570688,68.21447635031116,79247.92554630226,536.2303496389804,11205.34094825108,49564.13986185106,2092.082109933094,51656.22197178415,49564.13986185106,49564.13981228693,38272.560642030905,1667.3921819634613,lexicographic,4.956413981228693e-05,3.827256060375834e-05,False,0.1386052000016207,0.0,1,0
2025-08-12,False,2,1.0,10,0.9,0,calibrated_quantile,2025-07-15;2025-07-16;2025-07-17;2025-07-18;2025-07-21;2025-07-22;2025-07-23;2025-07-24;2025-07-25;2025-07-28;2025-07-29;2025-07-30;2025-07-31;2025-08-01;2025-08-04;2025-08-05;2025-08-06;2025-08-07;2025-08-08;2025-08-11,20,5040.9362733014295,2025-08-05;2025-08-06,2025-08-05;2025-08-06;2025-07-15;2025-07-22;2025-08-11;2025-07-08;2025-08-04;2025-07-23;2025-07-28;2025-07-16,,2025-08-11,9600.0,10800.0,10800.0,24.426355266203707,30.77716926079629,23.362994500751356,39.54100141297555,75725.08641253837,1222.2460510471828,5304.446717216318,47611.60852041097,5267.882317699699,52879.490838110665,47611.60852041097,47611.608472799366,36984.41681278065,1652.239903459505,lexicographic,4.761160847279937e-05,3.698441677579624e-05,False,0.11537830000088434,0.0,1,0
2025-08-13,False,2,1.0,10,0.9,0,calibrated_quantile,2025-07-16;2025-07-17;2025-07-18;2025-07-21;2025-07-22;2025-07-23;2025-07-24;2025-07-25;2025-07-28;2025-07-29;2025-07-30;2025-07-31;2025-08-01;2025-08-04;2025-08-05;2025-08-06;2025-08-07;2025-08-08;2025-08-11;2025-08-12,20,4986.843312735224,2025-08-06;2025-07-23,2025-08-06;2025-07-23;2025-08-07;2025-07-16;2025-07-24;2025-07-31;2025-07-30;2025-08-12;2025-07-09;2025-08-05,,2025-08-12,9600.0,10800.0,10800.0,27.05292876157406,34.75825722945625,21.636035694565393,42.303353295096905,78220.91052671964,479.6586975105331,8609.651269748718,49354.54284429891,1884.3196571718258,51238.862501470736,49354.54284429891,49354.542794944384,37818.88785848116,1654.1377180041363,lexicographic,4.935454279494439e-05,3.781888782066227e-05,False,0.1381734000024153,1.474222473180065e-16,1,0
2025-08-14,False,2,1.0,10,0.9,0,calibrated_quantile,2025-07-17;2025-07-18;2025-07-21;2025-07-22;2025-07-23;2025-07-24;2025-07-25;2025-07-28;2025-07-29;2025-07-30;2025-07-31;2025-08-01;2025-08-04;2025-08-05;2025-08-06;2025-08-07;2025-08-08;2025-08-11;2025-08-12;2025-08-13,20,4962.967967388378,2025-08-07;2025-07-17,2025-08-07;2025-07-17;2025-07-24;2025-07-31;2025-08-13;2025-07-10;2025-08-06;2025-07-23;2025-08-08;2025-07-03,,2025-08-13,9600.0,10800.0,10800.0,29.72316568287037,38.51402488087307,30.186373042231,47.963830340312505,76763.61350556348,773.7528783307761,7641.497451597477,48421.06942490486,3476.9625529696254,51898.03197787449,48421.06942490486,48421.069376483785,37815.4530927571,1655.8765257564778,lexicographic,4.842106937648379e-05,3.781545305494166e-05,False,0.14060049999898183,0.0,1,0
2025-08-15,False,2,1.0,10,0.9,0,calibrated_quantile,2025-07-18;2025-07-21;2025-07-22;2025-07-23;2025-07-24;2025-07-25;2025-07-28;2025-07-29;2025-07-30;2025-07-31;2025-08-01;2025-08-04;2025-08-05;2025-08-06;2025-08-07;2025-08-08;2025-08-11;2025-08-12;2025-08-13;2025-08-14,20,5080.492349204884,2025-08-08;2025-07-25,2025-08-08;2025-07-25;2025-07-18;2025-08-01;2025-07-11;2025-08-07;2025-08-14;2025-07-24;2025-07-31;2025-07-17,,2025-08-14,9600.0,10800.0,10800.0,25.672990972222223,32.35630288035118,24.832042735513497,43.55386741203687,42491.22419397441,338.84235216840307,21617.006329476146,24753.54981429767,1152.0673423539042,25905.617156651573,24753.549814297672,24753.549789544122,38613.33333333333,1474.8959431729995,lexicographic,2.4753549789544123e-05,3.861333333333333e-05,False,0.1879097000019101,0.0,1,0
2025-08-16,False,2,1.0,10,0.9,0,calibrated_quantile,2025-07-19;2025-07-20;2025-07-26;2025-07-27;2025-08-02;2025-08-03;2025-08-09;2025-08-10,8,2809.4732863258077,2025-08-09;2025-08-02,2025-08-09;2025-08-02;2025-07-26;2025-07-05;2025-07-19;2025-07-12;2025-08-10;2025-08-03;2025-07-20;2025-06-28,,2025-08-15,9600.0,10800.0,10800.0,25.41758981481481,32.37611929299455,26.367034725429136,51.6832776239505,41602.7822892641,743.3029377957206,21363.471535955658,24052.55070221447,3411.307237502294,27463.857939716763,24052.55070221447,24052.55067816192,38613.33324858874,1638.8841233078238,lexicographic,2.405255067816192e-05,3.8613333209975404e-05,False,0.12808009999935166,0.0,1,0
2025-08-17,False,2,1.0,10,0.9,0,calibrated_quantile,2025-07-20;2025-07-26;2025-07-27;2025-08-02;2025-08-03;2025-08-09;2025-08-10;2025-08-16,8,2938.2048065800504,2025-08-10;2025-08-03,2025-08-10;2025-08-03;2025-07-20;2025-07-13;2025-07-27;2025-07-06;2025-06-22;2025-08-16;2025-08-09;2025-08-02,,2025-08-16,9600.0,10800.0,10800.0,29.31008136574075,36.211056597211325,30.061569845743755,50.68923622302265,72141.65284571046,1203.2402642035404,6419.474725390737,45885.97539547891,5416.151325572863,51302.126721051776,45885.97539547891,45885.975349592925,35819.18331484452,1654.9258248955828,lexicographic,4.5885975349592926e-05,3.581918327902534e-05,False,0.1892098000025726,0.0,1,0
2025-08-18,False,2,1.0,10,0.9,0,calibrated_quantile,2025-07-21;2025-07-22;2025-07-23;2025-07-24;2025-07-25;2025-07-28;2025-07-29;2025-07-30;2025-07-31;2025-08-01;2025-08-04;2025-08-05;2025-08-06;2025-08-07;2025-08-08;2025-08-11;2025-08-12;2025-08-13;2025-08-14;2025-08-15,20,4662.057101794566,2025-08-11;2025-08-04,2025-08-11;2025-08-04;2025-07-14;2025-07-28;2025-08-12;2025-08-05;2025-07-21;2025-07-15;2025-07-22;2025-07-07,,2025-08-17,9600.0,10800.0,10800.0,29.811278124999994,37.609894359434186,32.4149697780551,56.116199899542345,76179.31335531121,979.757064621861,8865.869465384065,48046.464236812,4095.0707848601032,52141.5350216721,48046.464236812004,48046.46418876553,37143.91821877391,1639.9970331132267,lexicographic,4.804646418876553e-05,3.714391818163e-05,False,0.12346959999922547,0.0,1,0
2025-08-19,False,2,1.0,10,0.9,0,calibrated_quantile,2025-07-22;2025-07-23;2025-07-24;2025-07-25;2025-07-28;2025-07-29;2025-07-30;2025-07-31;2025-08-01;2025-08-04;2025-08-05;2025-08-06;2025-08-07;2025-08-08;2025-08-11;2025-08-12;2025-08-13;2025-08-14;2025-08-15;2025-08-18,20,4507.819376549133,2025-08-05;2025-08-12,2025-08-05;2025-08-12;2025-08-18;2025-08-13;2025-08-11;2025-08-04;2025-07-22;2025-07-15;2025-08-06;2025-07-14,,2025-08-18,9600.0,10800.0,10800.0,28.666213715277777,35.6798381473948,19.816472704430787,34.794015136830744,74283.46065258203,741.0118698816958,6873.86093519056,47067.88505590152,3050.1660669966695,50118.05112289819,47067.88505590151,47067.885008833604,36513.90674981276,1659.663223425072,lexicographic,4.706788500883361e-05,3.651390671329886e-05,False,0.13991800000076182,0.0,1,0
2025-08-20,False,2,1.0,10,0.9,0,calibrated_quantile,2025-07-23;2025-07-24;2025-07-25;2025-07-28;2025-07-29;2025-07-30;2025-07-31;2025-08-01;2025-08-04;2025-08-05;2025-08-06;2025-08-07;2025-08-08;2025-08-11;2025-08-12;2025-08-13;2025-08-14;2025-08-15;2025-08-18;2025-08-19,20,4444.000303140509,2025-08-06;2025-08-13,2025-08-06;2025-08-13;2025-07-23;2025-08-07;2025-08-12;2025-07-16;2025-07-31;2025-07-24;2025-07-30;2025-08-14,,2025-08-19,9600.0,10800.0,10800.0,30.81587737268518,37.06103506290982,44.54811452387197,73.00422796302598,75753.59428360846,2847.142780349216,4052.9476702035513,47810.932843267365,11534.135548233055,59345.06839150042,47810.93284326736,47810.93279545641,37124.98932646477,1637.5210969617328,lexicographic,4.781093279545641e-05,3.712498928933978e-05,False,0.12875250000070082,0.0,1,0
2025-08-21,False,2,1.0,10,0.9,0,calibrated_quantile,2025-07-24;2025-07-25;2025-07-28;2025-07-29;2025-07-30;2025-07-31;2025-08-01;2025-08-04;2025-08-05;2025-08-06;2025-08-07;2025-08-08;2025-08-11;2025-08-12;2025-08-13;2025-08-14;2025-08-15;2025-08-18;2025-08-19;2025-08-20,20,4757.054394718959,2025-08-07;2025-07-31,2025-08-07;2025-07-31;2025-07-24;2025-08-14;2025-08-13;2025-08-20;2025-08-06;2025-08-15;2025-07-23;2025-07-30,,2025-08-20,9600.0,10800.0,10800.0,26.981402256944452,34.45705253006969,27.82695434108304,48.223765147621506,77531.09162801986,675.6599029260534,8244.792660620591,48863.04959657429,2630.2176379680764,51493.26723454236,48863.04959657429,48863.04954771123,39224.99000239729,1657.913407655463,lexicographic,4.886304954771123e-05,3.92249899631723e-05,False,0.12106750000020838,1.48905106855416e-16,1,0
2025-08-22,False,2,1.0,10,0.9,0,calibrated_quantile,2025-07-25;2025-07-28;2025-07-29;2025-07-30;2025-07-31;2025-08-01;2025-08-04;2025-08-05;2025-08-06;2025-08-07;2025-08-08;2025-08-11;2025-08-12;2025-08-13;2025-08-14;2025-08-15;2025-08-18;2025-08-19;2025-08-20;2025-08-21,20,4639.168897368092,2025-08-15;2025-08-08,2025-08-15;2025-08-08;2025-07-25;2025-07-18;2025-08-01;2025-08-21;2025-08-07;2025-07-11;2025-07-31;2025-08-14,,2025-08-21,9600.0,10800.0,10800.0,26.91294068287037,33.642542926007444,28.54091295288397,47.3899606247662,42059.529877865876,1919.0679922220943,18694.695145818252,24380.963806139007,7723.914736376213,32104.87854251522,24380.963806139003,24380.963781758044,38613.333246990485,1447.3287998790554,lexicographic,2.4380963781758045e-05,3.8613333208377154e-05,False,0.12608019999970566,0.0,1,0
2025-08-23,False,2,1.0,10,0.9,0,calibrated_quantile,2025-07-26;2025-07-27;2025-08-02;2025-08-03;2025-08-09;2025-08-10;2025-08-16;2025-08-17,8,3103.6166248891245,2025-08-16;2025-08-02,2025-08-16;2025-08-02;2025-08-09;2025-07-26;2025-07-05;2025-07-19;2025-07-12;2025-08-10;2025-08-03;2025-08-17,,2025-08-22,9600.0,10800.0,10800.0,23.59269317129629,30.61230972952016,34.61375743438865,64.84417949710476,42173.5758984641,1148.708084040666,16738.94450826429,24435.319772754538,4746.730629608434,29182.050402362973,24435.31977275454,24435.319748319216,38613.333246711845,1614.705847744488,lexicographic,2.4435319748319218e-05,3.8613333208098514e-05,False,0.18091419999836944,0.0,1,0
2025-08-24,False,2,1.0,10,0.9,0,calibrated_quantile,2025-07-27;2025-08-02;2025-08-03;2025-08-09;2025-08-10;2025-08-16;2025-08-17;2025-08-23,8,3568.1876729681235,2025-08-10;2025-08-17,2025-08-10;2025-08-17;2025-08-03;2025-07-20;2025-07-27;2025-07-13;2025-07-06;2025-06-22;2025-06-29;2025-08-23,,2025-08-23,9600.0,10800.0,10800.0,29.063375752314812,36.44855033597245,40.758323803765215,71.3391934209913,74004.97417082981,1523.2340952388754,7920.866475881558,46809.07032703757,6388.375898175731,53197.446225213294,46809.07032703756,46809.07028022848,36902.58776529137,1646.4007083289612,lexicographic,4.680907028022848e-05,3.6902587728388784e-05,False,0.15118400000210386,0.0,1,0
2025-08-25,False,2,1.0,10,0.9,0,calibrated_quantile,2025-07-28;2025-07-29;2025-07-30;2025-07-31;2025-08-01;2025-08-04;2025-08-05;2025-08-06;2025-08-07;2025-08-08;2025-08-11;2025-08-12;2025-08-13;2025-08-14;2025-08-15;2025-08-18;2025-08-19;2025-08-20;2025-08-21;2025-08-22,20,4894.484314761909,2025-08-18;2025-08-11,2025-08-18;2025-08-11;2025-08-04;2025-07-14;2025-08-12;2025-07-28;2025-08-19;2025-08-05;2025-07-21;2025-07-15,,2025-08-24,9600.0,10800.0,10800.0,23.71297002314816,30.210807157915248,51.357079574268205,80.9360903775855,74253.8022789991,3963.8305804674274,3547.8163228976064,47167.17067142802,15210.374850506289,62377.54552193431,47167.17067142802,47167.17062426085,37121.47595275293,1617.6107138659527,lexicographic,4.716717062426085e-05,3.712147591563146e-05,False,0.1304292999993777,0.0,1,0
2025-08-26,False,2,1.0,10,0.9,0,calibrated_quantile,2025-07-29;2025-07-30;2025-07-31;2025-08-01;2025-08-04;2025-08-05;2025-08-06;2025-08-07;2025-08-08;2025-08-11;2025-08-12;2025-08-13;2025-08-14;2025-08-15;2025-08-18;2025-08-19;2025-08-20;2025-08-21;2025-08-22;2025-08-25,20,4810.396176792274,2025-08-12;2025-07-22,2025-08-12;2025-07-22;2025-07-29;2025-07-15;2025-08-20;2025-08-05;2025-08-13;2025-07-08;2025-08-06;2025-07-28,,2025-08-25,9600.0,10800.0,10800.0,35.63637621527778,44.04937453026014,36.29807421091074,65.31995137958734,80074.70522003958,492.94895128367847,10868.200300299028,50361.931219808896,2001.0936907617158,52363.02491057061,50361.931219808896,50361.931169446965,39730.79069852912,1657.1655091938146,lexicographic,5.036193116944697e-05,3.973079065879833e-05,False,0.12821919999987585,0.0,1,0
2025-08-27,False,2,1.0,10,0.9,0,calibrated_quantile,2025-07-30;2025-07-31;2025-08-01;2025-08-04;2025-08-05;2025-08-06;2025-08-07;2025-08-08;2025-08-11;2025-08-12;2025-08-13;2025-08-14;2025-08-15;2025-08-18;2025-08-19;2025-08-20;2025-08-21;2025-08-22;2025-08-25;2025-08-26,20,4270.9484494220005,2025-08-20;2025-08-06,2025-08-20;2025-08-06;2025-08-13;2025-08-12;2025-08-07;2025-07-23;2025-08-21;2025-08-19;2025-08-14;2025-08-26,,2025-08-26,9600.0,10800.0,10800.0,25.2170494212963,31.013481132153622,31.28996704732002,49.64126502449603,75251.54984430026,1243.6546560265153,4614.636337751594,47756.23363888914,5662.7344877550895,53418.968126644235,47756.23363888913,47756.2335911329,37785.36276628643,1640.638151080395,lexicographic,4.77562335911329e-05,3.778536272850107e-05,False,0.13512939999782247,3.047123722727742e-16,1,0
2025-08-28,False,2,1.0,10,0.9,0,calibrated_quantile,2025-07-31;2025-08-01;2025-08-04;2025-08-05;2025-08-06;2025-08-07;2025-08-08;2025-08-11;2025-08-12;2025-08-13;2025-08-14;2025-08-15;2025-08-18;2025-08-19;2025-08-20;2025-08-21;2025-08-22;2025-08-25;2025-08-26;2025-08-27,20,4449.192860503743,2025-08-21;2025-08-07,2025-08-21;2025-08-07;2025-07-31;2025-08-20;2025-08-27;2025-07-24;2025-08-13;2025-08-06;2025-08-14;2025-08-22,,2025-08-27,9600.0,10800.0,10800.0,31.508760648148154,38.67106451886882,35.274413623278946,73.50934828950689,76811.81698559776,3631.467969748255,5538.075457704737,48696.28307878623,14449.139846662867,63145.4229254491,48696.28307878623,48696.28303008996,39414.31721524938,1653.4883333333332,lexicographic,4.869628303008996e-05,3.9414317215249123e-05,False,0.20010899999761023,1.4941505103556944e-16,1,0
2025-08-29,False,2,1.0,10,0.9,0,calibrated_quantile,2025-08-01;2025-08-04;2025-08-05;2025-08-06;2025-08-07;2025-08-08;2025-08-11;2025-08-12;2025-08-13;2025-08-14;2025-08-15;2025-08-18;2025-08-19;2025-08-20;2025-08-21;2025-08-22;2025-08-25;2025-08-26;2025-08-27;2025-08-28,20,4403.850666481547,2025-08-22;2025-08-15,2025-08-22;2025-08-15;2025-07-25;2025-08-01;2025-08-08;2025-08-21;2025-07-18;2025-08-28;2025-08-07;2025-07-31,,2025-08-28,9600.0,10800.0,10800.0,27.613400115740735,33.41137017515402,29.139941696184994,45.561849088477096,43076.46366104226,843.5195508207801,17311.42953803038,25216.465263955586,3577.9284056656807,28794.393669621266,25216.46526395558,25216.46523873912,38613.33324282685,1459.9278897454,lexicographic,2.5216465238739122e-05,3.861333320421353e-05,False,0.15126329999839072,0.0,1,0
2025-08-30,False,2,1.0,10,0.9,0,calibrated_quantile,2025-08-02;2025-08-03;2025-08-09;2025-08-10;2025-08-16;2025-08-17;2025-08-23;2025-08-24,8,3546.8502873150114,2025-08-23;2025-08-16,2025-08-23;2025-08-16;2025-07-26;2025-08-02;2025-08-09;2025-07-19;2025-07-05;2025-07-12;2025-06-28;2025-08-24,,2025-08-29,9600.0,10800.0,10800.0,27.978586979166664,34.70718956209482,31.30636464399901,55.8088966035726,42501.22934891793,1107.7981967010262,21042.974388241746,24761.48453398449,4251.739422163778,29013.223956148267,24761.484533984494,24761.484509223017,38613.33324506135,1576.1051060774462,lexicographic,2.4761484509223017e-05,3.86133332064269e-05,False,0.1788696000003256,0.0,1,0
2025-08-31,False,2,1.0,10,0.9,0,calibrated_quantile,2025-08-03;2025-08-09;2025-08-10;2025-08-16;2025-08-17;2025-08-23;2025-08-24;2025-08-30,8,4346.868092121895,2025-08-17;2025-08-24,2025-08-17;2025-08-24;2025-08-03;2025-08-10;2025-07-20;2025-07-27;2025-07-13;2025-07-06;2025-06-22;2025-08-23,,2025-08-30,9600.0,10800.0,10800.0,27.935138888888886,35.560611147648686,31.543272760164225,51.59847608723217,73414.97490715206,2308.757863416925,5134.849759332084,46897.70893775038,8203.703298790268,55101.41223654065,46897.70893775037,46897.70889085265,37555.21299739726,1618.464350321754,lexicographic,4.689770889085265e-05,3.755521295984205e-05,False,0.155755699997826,0.0,1,0
2025-09-01,False,4,0.95,10,0.95,0,calibrated_quantile,2025-08-04;2025-08-05;2025-08-06;2025-08-07;2025-08-08;2025-08-11;2025-08-12;2025-08-13;2025-08-14;2025-08-15;2025-08-18;2025-08-19;2025-08-20;2025-08-21;2025-08-22;2025-08-25;2025-08-26;2025-08-27;2025-08-28;2025-08-29,20,4720.166216166563,2025-08-18;2025-07-28;2025-08-11;2025-08-25,2025-08-18;2025-07-28;2025-08-11;2025-08-25;2025-08-26;2025-08-04;2025-08-12;2025-07-21;2025-07-14;2025-07-22,,2025-08-31,9600.0,10800.0,10800.0,99.73375570713284,110.66912000627971,32.34907636391237,50.731430846655165,76308.4967384226,334.49198187960747,19032.384758343098,48426.84783580362,1081.3094088023424,49508.157244605965,48426.84783580362,48426.847787376784,38452.6824516457,1626.7701332646175,lexicographic,4.8426847787376787e-05,3.8452682413193015e-05,False,0.14911089999804972,0.0,1,0
2025-09-02,False,4,0.95,10,0.95,0,calibrated_quantile,2025-08-05;2025-08-06;2025-08-07;2025-08-08;2025-08-11;2025-08-12;2025-08-13;2025-08-14;2025-08-15;2025-08-18;2025-08-19;2025-08-20;2025-08-21;2025-08-22;2025-08-25;2025-08-26;2025-08-27;2025-08-28;2025-08-29;2025-09-01,20,4768.66182166657,2025-06-24;2025-07-01;2025-09-01;2025-08-26,2025-06-24;2025-07-01;2025-09-01;2025-08-26;2025-05-27;2025-06-17;2025-05-13;2025-06-03;2025-06-30;2025-08-12,,2025-09-01,9600.0,10800.0,10800.0,41.75366820905225,50.66660792160531,29.12450050361728,46.7278807033105,68137.49512525272,318.9313344623023,10610.585956464249,42719.4313930464,1446.2389192115277,44165.67031225793,42719.4313930464,42719.43135032696,36086.490644125784,1551.5833826010667,lexicographic,4.271943135032696e-05,3.6086490608039295e-05,False,0.12884719999783556,0.0,1,0
2025-09-03,False,4,0.95,10,0.95,0,calibrated_quantile,2025-08-06;2025-08-07;2025-08-08;2025-08-11;2025-08-12;2025-08-13;2025-08-14;2025-08-15;2025-08-18;2025-08-19;2025-08-20;2025-08-21;2025-08-22;2025-08-25;2025-08-26;2025-08-27;2025-08-28;2025-08-29;2025-09-01;2025-09-02,20,4922.197753314671,2025-09-02;2025-08-20;2025-08-27;2025-05-28,2025-09-02;2025-08-20;2025-08-27;2025-05-28;2025-08-28;2025-08-06;2025-05-29;2025-05-21;2025-08-26;2025-05-22,,2025-09-02,9600.0,10800.0,10800.0,51.72503276414804,60.15885124146209,33.02382432407163,53.82659956853071,71265.15015173306,61.59880887193674,11655.127931979892,44728.49834479195,234.77193914332284,44963.27028393527,44728.49834479196,44728.49830006346,39285.60968058657,1537.726488149349,lexicographic,4.4728498300063466e-05,3.9285609641300964e-05,False,0.1450062000003527,1.626693917907166e-16,1,0
2025-09-04,False,4,0.95,10,0.95,0,calibrated_quantile,2025-08-07;2025-08-08;2025-08-11;2025-08-12;2025-08-13;2025-08-14;2025-08-15;2025-08-18;2025-08-19;2025-08-20;2025-08-21;2025-08-22;2025-08-25;2025-08-26;2025-08-27;2025-08-28;2025-08-29;2025-09-01;2025-09-02;2025-09-03,20,4744.872720671927,2025-09-03;2025-08-28;2025-09-02;2025-05-29,2025-09-03;2025-08-28;2025-09-02;2025-05-29;2025-08-27;2025-08-20;2025-08-21;2025-05-22;2025-08-29;2025-06-27,,2025-09-03,9600.0,10800.0,10800.0,32.97419872054266,42.09040130297396,35.28539725680654,66.63159639459987,67847.20036342299,297.4074119727504,10155.174135687606,42264.063692431475,1219.1927263486,43483.256418780074,42264.06369243147,42264.0636501674,38713.69074932491,1530.9448942298575,lexicographic,4.2264063650167406e-05,3.871369071061123e-05,False,0.1282150000006368,0.0,1,0
2025-09-05,False,4,0.95,10,0.95,0,calibrated_quantile,2025-08-08;2025-08-11;2025-08-12;2025-08-13;2025-08-14;2025-08-15;2025-08-18;2025-08-19;2025-08-20;2025-08-21;2025-08-22;2025-08-25;2025-08-26;2025-08-27;2025-08-28;2025-08-29;2025-09-01;2025-09-02;2025-09-03;2025-09-04,20,4707.281263845494,2025-09-04;2025-09-03;2025-05-30;2025-06-27,2025-09-04;2025-09-03;2025-05-30;2025-06-27;2025-08-29;2025-09-02;2025-08-28;2025-05-23;2025-05-16;2025-08-22,,2025-09-04,9600.0,10800.0,10800.0,314.84842268809814,344.86717240129036,24.403719632612667,44.78999184436145,62655.30067244089,0.0,51900.06743729225,39004.85355093583,0.0,39004.85355093583,39004.85355093583,39004.85351193099,37447.67652080198,1496.0096309652208,lexicographic,3.9004853511930994e-05,3.744767648335431e-05,False,0.27733269999953336,0.0,1,0
2025-09-06,False,4,0.95,10,0.95,0,calibrated_quantile,2025-08-09;2025-08-10;2025-08-16;2025-08-17;2025-08-23;2025-08-24;2025-08-30;2025-08-31,8,5780.435727928592,2025-06-28;2025-08-30;2025-05-31;2025-05-24,2025-06-28;2025-08-30;2025-05-31;2025-05-24;2025-05-17;2025-05-10;2025-06-21;2025-08-16;2025-04-26;2025-08-09,,2025-09-05,9600.0,10800.0,10800.0,92.33640659687019,105.74214842021703,51.24893348214539,82.39048579965298,42197.049011437746,282.90598952769244,30705.53797680109,24576.79167496278,1178.123771915486,25754.915446878265,24576.791674962777,24576.79165038599,38613.333245986774,1585.1173912807717,lexicographic,2.4576791650385992e-05,3.861333320737345e-05,False,0.15799469999910798,0.0,1,0
2025-09-07,False,4,0.95,10,0.95,0,calibrated_quantile,2025-08-10;2025-08-16;2025-08-17;2025-08-23;2025-08-24;2025-08-30;2025-08-31;2025-09-06,8,6532.31946093314,2025-06-29;2025-08-24;2025-06-22;2025-06-01,2025-06-29;2025-08-24;2025-06-22;2025-06-01;2025-08-17;2025-08-31;2025-05-25;2025-08-10;2025-09-06;2025-05-04,,2025-09-06,9600.0,10800.0,10800.0,95.58279311833431,109.04376369068525,24.849684585378004,48.908749503921506,75987.58584403072,412.01026630703984,17318.9782441941,48321.99102709496,1334.8926099100092,49656.88363700497,48321.99102709496,48321.990978772956,39244.936797649236,1625.3314808695304,lexicographic,4.832199097877296e-05,3.924493675840429e-05,False,0.1813168999979098,0.0,1,0
2025-09-08,False,4,0.95,10,0.95,0,calibrated_quantile,2025-08-11;2025-08-12;2025-08-13;2025-08-14;2025-08-15;2025-08-18;2025-08-19;2025-08-20;2025-08-21;2025-08-22;2025-08-25;2025-08-26;2025-08-27;2025-08-28;2025-08-29;2025-09-01;2025-09-02;2025-09-03;2025-09-04;2025-09-05,20,4601.295565327071,2025-09-02;2025-09-01;2025-06-30;2025-08-25,2025-09-02;2025-09-01;2025-06-30;2025-08-25;2025-06-23;2025-08-18;2025-08-26;2025-05-26;2025-08-11;2025-09-03,,2025-09-07,9600.0,10800.0,10800.0,29.256305193922728,36.05077835108592,38.13939490123509,66.55751026045378,65856.40940397081,1889.6313012041082,4452.632343266514,41167.07018819566,8037.742508528092,49204.812696723755,41167.07018819566,41167.07014702859,37132.04357747828,1504.757054236722,lexicographic,4.1167070147028594e-05,3.7132043540346245e-05,False,0.16007879999961006,0.0,1,0
2025-09-09,False,4,0.95,10,0.95,0,calibrated_quantile,2025-08-12;2025-08-13;2025-08-14;2025-08-15;2025-08-18;2025-08-19;2025-08-20;2025-08-21;2025-08-22;2025-08-25;2025-08-26;2025-08-27;2025-08-28;2025-08-29;2025-09-01;2025-09-02;2025-09-03;2025-09-04;2025-09-05;2025-09-08,20,4981.609306000534,2025-09-02;2025-09-03;2025-09-08;2025-09-04,2025-09-02;2025-09-03;2025-09-08;2025-09-04;2025-08-26;2025-09-01;2025-07-01;2025-06-24;2025-09-05;2025-06-03,,2025-09-08,9600.0,10800.0,10800.0,18.925299163642517,23.78299333828123,31.68496906583933,55.89048183741991,63829.25300811458,535.6298631275986,7383.834680106418,39736.119033010706,2145.31651820396,41881.435551214665,39736.119033010706,39736.118993274584,36945.09054362676,1476.2381165659936,lexicographic,3.9736118993274585e-05,3.6945090506681664e-05,False,0.14976869999736664,0.0,1,0
2025-09-10,False,4,0.95,10,0.95,0,calibrated_quantile,2025-08-13;2025-08-14;2025-08-15;2025-08-18;2025-08-19;2025-08-20;2025-08-21;2025-08-22;2025-08-25;2025-08-26;2025-08-27;2025-08-28;2025-08-29;2025-09-01;2025-09-02;2025-09-03;2025-09-04;2025-09-05;2025-09-08;2025-09-09,20,4789.114575585319,2025-09-03;2025-09-04;2025-09-09;2025-09-02,2025-09-03;2025-09-04;2025-09-09;2025-09-02;2025-09-05;2025-08-27;2025-08-20;2025-05-28;2025-08-28;2025-08-06,,2025-09-09,9600.0,10800.0,10800.0,20.324337113006248,26.091797634484156,47.29352775355856,82.44773408692214,63228.55794545912,4414.007734816383,2375.7285981367345,39429.14452020726,18866.59091720671,58295.73543741397,39429.14452020726,39429.14448077811,37636.934537743095,1473.2813321962149,lexicographic,3.942914448077811e-05,3.763693450010615e-05,False,0.20286810000106925,0.0,1,0
2025-09-11,False,4,0.95,10,0.95,0,calibrated_quantile,2025-08-14;2025-08-15;2025-08-18;2025-08-19;2025-08-20;2025-08-21;2025-08-22;2025-08-25;2025-08-26;2025-08-27;2025-08-28;2025-08-29;2025-09-01;2025-09-02;2025-09-03;2025-09-04;2025-09-05;2025-09-08;2025-09-09;2025-09-10,20,5460.403749573037,2025-09-04;2025-09-03;2025-09-05;2025-09-10,2025-09-04;2025-09-03;2025-09-05;2025-09-10;2025-09-09;2025-09-02;2025-08-28;2025-05-29;2025-06-27;2025-05-22,,2025-09-10,9600.0,10800.0,10800.0,75.87631043860405,86.44590732309952,26.345794654251147,51.13891940514524,53941.8343164716,5319.1186998374305,1766.4328104775145,33260.37010036184,23879.969837032986,57140.33993739483,33260.37010036184,33260.37006710145,38090.348972219566,1443.4203383187714,lexicographic,3.326037006710145e-05,3.809034893412921e-05,False,0.20371050000176183,0.0,1,0
2025-09-12,False,4,0.95,10,0.95,0,calibrated_quantile,2025-08-15;2025-08-18;2025-08-19;2025-08-20;2025-08-21;2025-08-22;2025-08-25;2025-08-26;2025-08-27;2025-08-28;2025-08-29;2025-09-01;2025-09-02;2025-09-03;2025-09-04;2025-09-05;2025-09-08;2025-09-09;2025-09-10;2025-09-11,20,6251.887942443189,2025-09-05;2025-09-04;2025-09-11;2025-09-10,2025-09-05;2025-09-04;2025-09-11;2025-09-10;2025-09-03;2025-08-29;2025-08-28;2025-05-30;2025-08-22;2025-09-09,,2025-09-11,9600.0,10800.0,10800.0,245.57315555727408,270.83354284479736,22.17593141701765,36.874327774284914,55326.00945890369,0.0,39796.7851152653,34200.88590149737,0.0,34200.88590149737,34200.88590149737,34200.885867296485,37891.570210449834,1433.408605482,lexicographic,3.420088586729649e-05,3.789157017255827e-05,False,0.2180450000014389,0.0,1,0
2025-09-13,False,4,0.95,10,0.95,0,calibrated_quantile,2025-08-16;2025-08-17;2025-08-23;2025-08-24;2025-08-30;2025-08-31;2025-09-06;2025-09-07,8,6334.86679390839,2025-09-06;2025-06-28;2025-08-30;2025-05-24,2025-09-06;2025-06-28;2025-08-30;2025-05-24;2025-05-31;2025-06-21;2025-05-10;2025-05-17;2025-09-07;2025-06-14,,2025-09-12,9600.0,10800.0,10800.0,45.26454554378564,54.20101170342242,37.89455296271309,60.90014462110919,37747.42402408133,329.82228146598914,26016.811496243005,21218.739114322478,1462.3754326527046,22681.114546975183,21218.739114322478,21218.739093103737,38613.33326319726,1509.5616664807421,lexicographic,2.1218739093103738e-05,3.861333322458393e-05,False,0.16913749999730499,1.7145122484088065e-16,1,0
2025-09-14,False,4,0.95,10,0.95,0,calibrated_quantile,2025-08-17;2025-08-23;2025-08-24;2025-08-30;2025-08-31;2025-09-06;2025-09-07;2025-09-13,8,6082.813594900138,2025-09-07;2025-06-29;2025-05-25;2025-06-01,2025-09-07;2025-06-29;2025-05-25;2025-06-01;2025-06-22;2025-08-24;2025-09-06;2025-04-27;2025-08-17;2025-08-31,,2025-09-13,9600.0,10800.0,10800.0,26.255762417131123,32.92697965274331,46.77986176498015,71.73726184490452,63248.88875368061,3416.6195443008146,2500.3852718266817,39017.46761230577,13396.909087197084,52414.376699502856,39017.46761230577,39017.467573288304,38732.07831494788,1477.585163226655,lexicographic,3.9017467573288304e-05,3.873207827621581e-05,False,0.17780799999673036,0.0,1,0
2025-09-15,False,4,0.95,10,0.95,0,calibrated_quantile,2025-08-18;2025-08-19;2025-08-20;2025-08-21;2025-08-22;2025-08-25;2025-08-26;2025-08-27;2025-08-28;2025-08-29;2025-09-01;2025-09-02;2025-09-03;2025-09-04;2025-09-05;2025-09-08;2025-09-09;2025-09-10;2025-09-11;2025-09-12,20,6143.683561316384,2025-09-08;2025-09-09;2025-09-02;2025-09-01,2025-09-08;2025-09-09;2025-09-02;2025-09-01;2025-06-30;2025-06-23;2025-05-19;2025-05-26;2025-05-12;2025-09-03,,2025-09-14,9600.0,10800.0,10800.0,21.441871397522327,26.711871912130295,38.00533659015071,66.07675996452033,65497.37516437986,893.1111707710166,7300.353592283017,40727.762952385565,3627.4385513105467,44355.20150369611,40727.76295238557,40727.76291165779,38325.34114872369,1473.1169235510229,lexicographic,4.072776291165779e-05,3.832534111039836e-05,False,0.15816579999955138,0.0,1,0
2025-09-16,False,4,0.95,10,0.95,0,calibrated_quantile,2025-08-19;2025-08-20;2025-08-21;2025-08-22;2025-08-25;2025-08-26;2025-08-27;2025-08-28;2025-08-29;2025-09-01;2025-09-02;2025-09-03;2025-09-04;2025-09-05;2025-09-08;2025-09-09;2025-09-10;2025-09-11;2025-09-12;2025-09-15,20,6220.283455576135,2025-09-09;2025-09-02;2025-09-10;2025-09-03,2025-09-09;2025-09-02;2025-09-10;2025-09-03;2025-09-08;2025-09-15;2025-09-04;2025-09-11;2025-09-01;2025-09-12,,2025-09-15,9600.0,10800.0,10800.0,20.704490129957144,25.270922380355838,23.67325754286746,43.53344311951698,66328.55493855034,1615.092596677084,4325.217956664546,41363.47356247878,4458.82548602391,45822.29904850269,41363.47356247878,41363.47352111529,39311.862459818454,1481.1108461748374,lexicographic,4.136347352111529e-05,3.931186242050661e-05,False,0.16332989999864367,0.0,1,0
2025-09-17,False,4,0.95,10,0.95,0,calibrated_quantile,2025-08-20;2025-08-21;2025-08-22;2025-08-25;2025-08-26;2025-08-27;2025-08-28;2025-08-29;2025-09-01;2025-09-02;2025-09-03;2025-09-04;2025-09-05;2025-09-08;2025-09-09;2025-09-10;2025-09-11;2025-09-12;2025-09-15;2025-09-16,20,6513.397440805618,2025-09-03;2025-09-11;2025-09-04;2025-09-10,2025-09-03;2025-09-11;2025-09-04;2025-09-10;2025-09-09;2025-09-02;2025-09-16;2025-09-05;2025-09-12;2025-08-20,,2025-09-16,9600.0,10800.0,10800.0,18.380776131523913,24.0248166864465,32.06298006176808,56.53601974179706,66506.81663858141,1478.8951175274694,3928.9218722954965,41348.828358802784,6076.687961216081,47425.51632001887,41348.828358802784,41348.82831745396,39026.18624053808,1470.8568024270094,lexicographic,4.1348828317453965e-05,3.902618620151191e-05,False,0.16542320000007749,0.0,1,0
2025-09-18,False,4,0.95,10,0.95,0,calibrated_quantile,2025-08-21;2025-08-22;2025-08-25;2025-08-26;2025-08-27;2025-08-28;2025-08-29;2025-09-01;2025-09-02;2025-09-03;2025-09-04;2025-09-05;2025-09-08;2025-09-09;2025-09-10;2025-09-11;2025-09-12;2025-09-15;2025-09-16;2025-09-17,20,6458.838319263981,2025-09-11;2025-09-04;2025-09-17;2025-09-03,2025-09-11;2025-09-04;2025-09-17;2025-09-03;2025-09-10;2025-09-05;2025-09-12;2025-09-09;2025-09-16;2025-09-02,,2025-09-17,9600.0,10800.0,10800.0,18.585612393539662,25.28579818689599,25.07668736797912,44.02172333935986,66932.89257696355,790.924233533451,4674.744928316844,41565.960610719594,3640.7201012263004,45206.6807119459,41565.9606107196,41565.96056915363,38991.40834515498,1477.049840169231,lexicographic,4.156596056915363e-05,3.8991408306163585e-05,False,0.16355529999782448,0.0,1,0
2025-09-19,False,4,0.95,10,0.95,0,calibrated_quantile,2025-08-22;2025-08-25;2025-08-26;2025-08-27;2025-08-28;2025-08-29;2025-09-01;2025-09-02;2025-09-03;2025-09-04;2025-09-05;2025-09-08;2025-09-09;2025-09-10;2025-09-11;2025-09-12;2025-09-15;2025-09-16;2025-09-17;2025-09-18,20,6666.002455294934,2025-09-05;2025-09-12;2025-09-18;2025-09-04,2025-09-05;2025-09-12;2025-09-18;2025-09-04;2025-09-11;2025-09-03;2025-09-17;2025-09-10;2025-05-30;2025-06-27,,2025-09-18,9600.0,10800.0,10800.0,172.72812661734133,190.60645034923692,32.464033373660584,53.1798800154428,48809.30089148368,0.0,28654.61524148369,29588.28749901111,0.0,29588.28749901111,29588.28749901111,29588.287469422816,38613.33333333333,1402.304050495515,lexicographic,2.9588287469422817e-05,3.861333333333333e-05,False,0.17652240000097663,0.0,1,0
2025-09-20,False,4,0.95,10,0.95,0,calibrated_quantile,2025-08-23;2025-08-24;2025-08-30;2025-08-31;2025-09-06;2025-09-07;2025-09-13;2025-09-14,8,7702.5329468935515,2025-09-13;2025-09-06;2025-06-28;2025-06-21,2025-09-13;2025-09-06;2025-06-28;2025-06-21;2025-06-14;2025-08-30;2025-05-24;2025-05-10;2025-05-03;2025-05-31,,2025-09-19,9600.0,10800.0,10800.0,22.262173166922942,28.659174413835995,57.676141170596935,87.36058527783148,34314.41698178729,1651.6356898887013,16267.285610995124,18660.13332880056,6982.354428148401,25642.48775694896,18660.13332880056,18660.13331014043,38613.33327631061,1432.5964421024,lexicographic,1.866013331014043e-05,3.861333323769728e-05,False,0.12182359999860637,0.0,1,0
2025-09-21,False,4,0.95,10,0.95,0,calibrated_quantile,2025-08-24;2025-08-30;2025-08-31;2025-09-06;2025-09-07;2025-09-13;2025-09-14;2025-09-20,8,8895.204119634152,2025-09-07;2025-09-14;2025-06-29;2025-06-22,2025-09-07;2025-09-14;2025-06-29;2025-06-22;2025-06-01;2025-08-24;2025-05-25;2025-05-18;2025-05-11;2025-09-13,,2025-09-20,9600.0,10800.0,10800.0,19.57027732869915,24.22284350389192,29.779802334455503,54.71702922283454,68958.20448440948,1027.8298392280371,7596.085873312091,42996.44511904917,2908.8060325930396,45905.25115164221,42996.445119049175,42996.44507605273,39081.33868555623,1500.6903128214672,lexicographic,4.2996445076052734e-05,3.908133864647491e-05,False,0.17141350000019884,0.0,1,0
2025-09-22,False,4,0.95,10,0.95,0,calibrated_quantile,2025-08-25;2025-08-26;2025-08-27;2025-08-28;2025-08-29;2025-09-01;2025-09-02;2025-09-03;2025-09-04;2025-09-05;2025-09-08;2025-09-09;2025-09-10;2025-09-11;2025-09-12;2025-09-15;2025-09-16;2025-09-17;2025-09-18;2025-09-19,20,6194.4726431313475,2025-09-15;2025-09-08;2025-09-09;2025-09-02,2025-09-15;2025-09-08;2025-09-09;2025-09-02;2025-09-16;2025-09-01;2025-06-30;2025-09-17;2025-05-19;2025-05-12,,2025-09-21,9600.0,10800.0,10800.0,21.47072002681462,26.4204273875073,26.52501187555255,42.243293713433715,67160.87515398698,1263.398602797293,3688.8813573056404,41775.35720794804,4370.854423867049,46146.21163181509,41775.35720794804,41775.35716617269,39261.49607485793,1463.2254579641356,lexicographic,4.1775357166172694e-05,3.926149603559645e-05,False,0.1599047999989125,0.0,1,0
2025-09-23,False,4,0.95,10,0.95,0,calibrated_quantile,2025-08-26;2025-08-27;2025-08-28;2025-08-29;2025-09-01;2025-09-02;2025-09-03;2025-09-04;2025-09-05;2025-09-08;2025-09-09;2025-09-10;2025-09-11;2025-09-12;2025-09-15;2025-09-16;2025-09-17;2025-09-18;2025-09-19;2025-09-22,20,5905.404179773026,2025-09-09;2025-09-02;2025-09-16;2025-09-17,2025-09-09;2025-09-02;2025-09-16;2025-09-17;2025-09-22;2025-09-15;2025-09-08;2025-09-03;2025-09-10;2025-09-11,,2025-09-22,9600.0,10800.0,10800.0,19.876809568240983,26.636109869147532,30.97500323337434,52.4829069048281,67860.27701978479,1424.1777396399095,3055.955185970145,42257.842619434334,6121.52512218865,48379.367741622984,42257.842619434334,42257.84257717649,39171.10537957569,1484.6258204272408,lexicographic,4.225784257717649e-05,3.9171105340404587e-05,False,0.15445589999944787,0.0,1,0
2025-09-24,False,4,0.95,10,0.95,0,calibrated_quantile,2025-08-27;2025-08-28;2025-08-29;2025-09-01;2025-09-02;2025-09-03;2025-09-04;2025-09-05;2025-09-08;2025-09-09;2025-09-10;2025-09-11;2025-09-12;2025-09-15;2025-09-16;2025-09-17;2025-09-18;2025-09-19;2025-09-22;2025-09-23,20,6356.114568615351,2025-09-17;2025-09-03;2025-09-11;2025-09-18,2025-09-17;2025-09-03;2025-09-11;2025-09-18;2025-09-23;2025-09-10;2025-09-04;2025-09-09;2025-09-02;2025-09-16,,2025-09-23,9600.0,10800.0,10800.0,20.484818086707744,25.65347709869738,28.58392869551292,48.2696540144595,68297.10558423813,1344.4872619306984,4471.8921499427015,42627.845047550916,3812.7435843788253,46440.58863192974,42627.845047550916,42627.84500492307,39119.58331141736,1463.0810240932337,lexicographic,4.262784500492307e-05,3.911958327229777e-05,False,0.1547863999985566,0.0,1,0
2025-09-25,False,4,0.95,10,0.95,0,calibrated_quantile,2025-08-28;2025-08-29;2025-09-01;2025-09-02;2025-09-03;2025-09-04;2025-09-05;2025-09-08;2025-09-09;2025-09-10;2025-09-11;2025-09-12;2025-09-15;2025-09-16;2025-09-17;2025-09-18;2025-09-19;2025-09-22;2025-09-23;2025-09-24,20,6536.010165575328,2025-09-11;2025-09-18;2025-09-04;2025-09-24,2025-09-11;2025-09-18;2025-09-04;2025-09-24;2025-09-17;2025-09-19;2025-09-03;2025-09-05;2025-09-10;2025-09-12,,2025-09-24,9600.0,10800.0,10800.0,22.163333688517138,29.624278249819685,22.5230800667236,35.834217728223194,68946.29110424982,836.601439605088,5372.924984883469,43010.26347555756,3264.2023478471815,46274.46582340474,43010.26347555756,43010.26343254727,38815.151435464766,1459.6375007986371,lexicographic,4.301026343254727e-05,3.8815151396649625e-05,False,0.20549770000070566,0.0,1,0
2025-09-26,False,4,0.95,10,0.95,0,calibrated_quantile,2025-08-29;2025-09-01;2025-09-02;2025-09-03;2025-09-04;2025-09-05;2025-09-08;2025-09-09;2025-09-10;2025-09-11;2025-09-12;2025-09-15;2025-09-16;2025-09-17;2025-09-18;2025-09-19;2025-09-22;2025-09-23;2025-09-24;2025-09-25,20,6407.685298370736,2025-09-19;2025-09-05;2025-09-25;2025-09-11,2025-09-19;2025-09-05;2025-09-25;2025-09-11;2025-09-12;2025-09-18;2025-09-04;2025-09-24;2025-09-17;2025-09-03,,2025-09-25,9600.0,10800.0,10800.0,188.8462283346422,206.37566981510346,40.86019224573004,68.57580922617764,50782.77518412394,0.0,29035.198363108757,30716.44198660318,0.0,30716.44198660318,30716.441986603182,30716.44195588675,38613.333215986764,1400.3315431612066,lexicographic,3.071644195588675e-05,3.861333317737343e-05,False,0.23611589999927673,0.0,1,0
2025-09-27,False,4,0.95,10,0.95,0,calibrated_quantile,2025-08-30;2025-08-31;2025-09-06;2025-09-07;2025-09-13;2025-09-14;2025-09-20;2025-09-21,8,9121.098379525833,2025-09-20;2025-09-13;2025-09-06;2025-06-28,2025-09-20;2025-09-13;2025-09-06;2025-06-28;2025-06-21;2025-06-14;2025-09-21;2025-05-03;2025-05-10;2025-05-24,,2025-09-26,9600.0,10800.0,10800.0,23.894584824021152,29.223443362862866,45.63491720530384,78.11667492999923,35850.29610096465,2166.6293624751825,16162.289886679348,19782.952772036915,7986.172496115902,27769.125268152817,19782.95277203692,19782.95275225396,38613.333270718416,1435.4834949701944,lexicographic,1.978295275225396e-05,3.86133332321051e-05,False,0.19727939999938826,0.0,1,0
2025-09-28,False,4,0.95,10,0.95,0,calibrated_quantile,2025-08-31;2025-09-06;2025-09-07;2025-09-13;2025-09-14;2025-09-20;2025-09-21;2025-09-27,8,9864.727974051251,2025-09-21;2025-09-07;2025-09-14;2025-06-29,2025-09-21;2025-09-07;2025-09-14;2025-06-29;2025-06-22;2025-06-01;2025-05-18;2025-05-11;2025-09-20;2025-08-24,,2025-09-27,9600.0,10800.0,10800.0,19.935925801147068,25.04107788398996,38.99369692107533,60.02023063287655,72504.16067327565,556.5188793402017,5413.767918876135,45246.06264807874,2159.701027657471,47405.76367573621,45246.06264807874,45246.06260283268,39622.63823895911,1470.2780255750815,lexicographic,4.524606260283268e-05,3.962263819933648e-05,False,0.15759350000007544,0.0,1,0
2025-09-29,False,4,0.95,10,0.95,0,calibrated_quantile,2025-09-01;2025-09-02;2025-09-03;2025-09-04;2025-09-05;2025-09-08;2025-09-09;2025-09-10;2025-09-11;2025-09-12;2025-09-15;2025-09-16;2025-09-17;2025-09-18;2025-09-19;2025-09-22;2025-09-23;2025-09-24;2025-09-25;2025-09-26,20,6126.840845002339,2025-09-15;2025-09-22;2025-09-08;2025-09-23,2025-09-15;2025-09-22;2025-09-08;2025-09-23;2025-09-09;2025-09-02;2025-09-16;2025-09-01;2025-06-30;2025-06-23,,2025-09-28,9600.0,10800.0,10800.0,20.47701532553365,25.88079785349683,34.286757697234265,53.91479928761641,68388.6462548711,1539.0668336520753,3038.490260364908,42673.1321797167,6159.092070333373,48832.22425005007,42673.1321797167,42673.132137043554,39337.31327877077,1468.1911156963401,lexicographic,4.267313213704356e-05,3.933731323943346e-05,False,0.15228990000105114,0.0,1,0
2025-09-30,False,4,0.95,10,0.95,0,calibrated_quantile,2025-09-02;2025-09-03;2025-09-04;2025-09-05;2025-09-08;2025-09-09;2025-09-10;2025-09-11;2025-09-12;2025-09-15;2025-09-16;2025-09-17;2025-09-18;2025-09-19;2025-09-22;2025-09-23;2025-09-24;2025-09-25;2025-09-26;2025-09-29,20,6688.222700398482,2025-09-23;2025-09-09;2025-09-02;2025-09-16,2025-09-23;2025-09-09;2025-09-02;2025-09-16;2025-09-24;2025-09-17;2025-09-22;2025-09-15;2025-09-29;2025-09-03,,2025-09-29,9600.0,10800.0,10800.0,19.49089663727524,23.857788418709763,44.408566361385205,68.06128400733844,70632.86083264979,1740.514681060631,2827.4753809172234,44318.87941264313,7706.4563783708745,52025.335791014004,44318.87941264313,44318.879368324255,39283.910066784345,1479.5404614337322,lexicographic,4.431887936832426e-05,3.928391002750044e-05,False,0.14387470000292524,0.0,1,0
2025-10-01,False,2,1.0,10,0.8,0,calibrated_quantile,2025-09-03;2025-09-04;2025-09-05;2025-09-08;2025-09-09;2025-09-10;2025-09-11;2025-09-12;2025-09-15;2025-09-16;2025-09-17;2025-09-18;2025-09-19;2025-09-22;2025-09-23;2025-09-24;2025-09-25;2025-09-26;2025-09-29;2025-09-30,20,7275.54120976973,2025-09-24;2025-09-17,2025-09-24;2025-09-17;2025-09-18;2025-09-25;2025-09-03;2025-09-11;2025-09-30;2025-09-10;2025-09-23;2025-09-09,,2025-09-30,9585.43795363257,10800.0,10785.43795363257,33.702646585648154,45.441582227838396,68.8286452822248,123.03389374733932,74658.46591624174,65.97962294333882,20828.959088405325,46930.84407799623,143.19670705337825,47074.04078504961,46930.844077996226,46930.84403106538,40472.04307389161,1500.2282756590926,lexicographic,4.693084403106538e-05,4.047204303341958e-05,False,0.21660979999796837,0.0,1,0
2025-10-02,False,2,1.0,10,0.8,0,calibrated_quantile,2025-09-04;2025-09-05;2025-09-08;2025-09-09;2025-09-10;2025-09-11;2025-09-12;2025-09-15;2025-09-16;2025-09-17;2025-09-18;2025-09-19;2025-09-22;2025-09-23;2025-09-24;2025-09-25;2025-09-26;2025-09-29;2025-09-30;2025-10-01,20,7285.7720938535,2025-09-04;2025-09-18,2025-09-04;2025-09-18;2025-09-10;2025-09-12;2025-09-25;2025-09-03;2025-09-11;2025-09-19;2025-09-05;2025-10-01,,2025-10-01,9555.721633452971,10785.43795363257,10755.721633452971,35.93666585648148,50.18592588826592,26.563620285830943,48.05955198245525,66797.69337614073,259.186984749104,11247.974801162309,42447.77558329671,818.0616566754267,43265.837239972134,42447.77558329671,42447.77554084894,39131.00525401809,1491.8609441884364,lexicographic,4.244777554084894e-05,3.913100521488709e-05,False,0.22730589999991935,0.0,1,0
2025-10-03,False,2,1.0,10,0.8,0,calibrated_quantile,2025-09-05;2025-09-08;2025-09-09;2025-09-10;2025-09-11;2025-09-12;2025-09-15;2025-09-16;2025-09-17;2025-09-18;2025-09-19;2025-09-22;2025-09-23;2025-09-24;2025-09-25;2025-09-26;2025-09-29;2025-09-30;2025-10-01;2025-10-02,20,7328.887246330669,2025-09-19;2025-09-12,2025-09-19;2025-09-12;2025-09-05;2025-09-26;2025-10-02;2025-09-18;2025-09-04;2025-09-25;2025-09-11;2025-09-10,,2025-10-02,9526.005313273365,10755.721633452971,10726.005313273365,36.02041452546296,48.86479611176224,18.403921933176832,35.6785441398805,36416.262783919534,142.80006749741295,24730.94161353346,20102.012260780728,667.2945068289621,20769.30676760969,20102.012260780728,20102.012240678716,38491.26642048633,1324.4684898668916,lexicographic,2.0102012240678718e-05,3.849126638199508e-05,False,0.2486959999987448,0.0,1,0
2025-10-04,False,2,1.0,10,0.8,0,calibrated_quantile,2025-09-06;2025-09-07;2025-09-13;2025-09-14;2025-09-20;2025-09-21;2025-09-27;2025-09-28,8,10152.934603679969,2025-09-13;2025-09-06,2025-09-13;2025-09-06;2025-09-20;2025-09-27;2025-05-31;2025-05-24;2025-05-17;2025-09-21;2025-06-28;2025-09-14,,2025-10-03,9496.288993093765,10726.005313273365,10696.288993093765,34.69511174768518,46.18900694897306,24.176980177415366,42.69260971752791,37205.36521079761,61.021685247268124,20165.710370565896,20772.82883994041,186.5419168437568,20959.370756784167,20772.82883994041,20772.828819167582,38431.503595299495,1445.9456645396353,lexicographic,2.0772828819167585e-05,3.843150355686798e-05,False,0.16981740000119316,0.0,1,0
2025-10-05,False,2,1.0,10,0.8,0,calibrated_quantile,2025-09-07;2025-09-13;2025-09-14;2025-09-20;2025-09-21;2025-09-27;2025-09-28;2025-10-04,8,9464.636492942485,2025-09-21;2025-09-28,2025-09-21;2025-09-28;2025-09-07;2025-09-14;2025-06-29;2025-06-01;2025-06-22;2025-05-11;2025-05-18;2025-04-06,,2025-10-04,9466.572672914166,10696.288993093765,10666.572672914166,34.076346643518505,44.59377319843678,38.00744220980809,68.93670971994106,76262.94691071822,189.83647030523593,17487.809837092005,47690.30227633326,410.9180786473599,48101.22035498062,47690.30227633326,47690.30222864296,40568.43136932915,1459.6271220471622,lexicographic,4.769030222864296e-05,4.056843132876071e-05,False,0.20301829999880283,0.0,1,0
2025-10-06,False,2,1.0,10,0.8,0,calibrated_quantile,2025-09-08;2025-09-09;2025-09-10;2025-09-11;2025-09-12;2025-09-15;2025-09-16;2025-09-17;2025-09-18;2025-09-19;2025-09-22;2025-09-23;2025-09-24;2025-09-25;2025-09-26;2025-09-29;2025-09-30;2025-10-01;2025-10-02;2025-10-03,20,7425.900866648457,2025-09-22;2025-09-15,2025-09-22;2025-09-15;2025-09-08;2025-09-29;2025-09-30;2025-09-09;2025-09-16;2025-09-23;2025-09-02;2025-09-01,,2025-10-05,9436.856352734567,10666.572672914166,10636.856352734567,33.31538848379629,42.62830265394474,25.649587796870545,45.82056881556213,75094.65129481,109.62677106718174,13207.469712230675,47278.81190644148,238.61814773483357,47517.430054176315,47278.811906441486,47278.81185916268,40898.86712591304,1485.5935837170696,lexicographic,4.727881185916268e-05,4.0898867085014195e-05,False,0.1682321000007505,0.0,1,0
2025-10-07,False,2,1.0,10,0.8,0,calibrated_quantile,2025-09-09;2025-09-10;2025-09-11;2025-09-12;2025-09-15;2025-09-16;2025-09-17;2025-09-18;2025-09-19;2025-09-22;2025-09-23;2025-09-24;2025-09-25;2025-09-26;2025-09-29;2025-09-30;2025-10-01;2025-10-02;2025-10-03;2025-10-06,20,7123.686216864769,2025-09-30;2025-09-23,2025-09-30;2025-09-23;2025-09-09;2025-09-02;2025-09-16;2025-09-24;2025-10-01;2025-10-06;2025-09-17;2025-09-22,,2025-10-06,9407.140032554968,10636.856352734567,10607.140032554968,34.4854789351852,47.16996464479839,17.12442346345712,30.625558529812558,71435.76584520853,103.72684146277524,9668.847687137948,45157.36365772882,228.54449989983024,45385.90815762865,45157.36365772882,45157.363612571455,39330.67260778252,1476.4557243510799,lexicographic,4.515736361257146e-05,3.933067256845187e-05,False,0.19036770000093384,0.0,1,0
2025-10-08,False,2,1.0,10,0.8,0,calibrated_quantile,2025-09-10;2025-09-11;2025-09-12;2025-09-15;2025-09-16;2025-09-17;2025-09-18;2025-09-19;2025-09-22;2025-09-23;2025-09-24;2025-09-25;2025-09-26;2025-09-29;2025-09-30;2025-10-01;2025-10-02;2025-10-03;2025-10-06;2025-10-07,20,6985.149133004974,2025-09-24;2025-10-01,2025-09-24;2025-10-01;2025-09-17;2025-09-25;2025-09-03;2025-10-07;2025-09-18;2025-09-11;2025-09-30;2025-09-23,,2025-10-07,9377.423712375363,10607.140032554968,10577.423712375363,20.935077314814812,26.562363496824656,21.43848161079305,42.265479249959895,69785.44969974595,202.3841763042136,9432.87569412242,43316.332813800625,449.5284411770598,43765.86125497769,43316.332813800625,43316.33277048432,39115.19225760968,1460.2580965089928,lexicographic,4.331633277048432e-05,3.911519221849449e-05,False,0.21666439999899012,0.0,1,0
2025-10-09,False,2,1.0,10,0.8,0,calibrated_quantile,2025-09-11;2025-09-12;2025-09-15;2025-09-16;2025-09-17;2025-09-18;2025-09-19;2025-09-22;2025-09-23;2025-09-24;2025-09-25;2025-09-26;2025-09-29;2025-09-30;2025-10-01;2025-10-02;2025-10-03;2025-10-06;2025-10-07;2025-10-08,20,6407.305741095783,2025-09-25;2025-09-18,2025-09-25;2025-09-18;2025-09-11;2025-10-08;2025-09-04;2025-10-01;2025-09-24;2025-09-17;2025-10-02;2025-09-26,,2025-10-08,9347.707392195762,10577.423712375363,10547.707392195762,32.47064542824075,43.488627508777114,23.65008036638776,40.46720015990877,68843.29921174276,163.34455525964427,9225.403409554146,43418.91383403187,530.460044937169,43949.37387896904,43418.913834031875,43418.91379061296,38589.30303405956,1484.9276752515111,lexicographic,4.3418913790612964e-05,3.8589302995470266e-05,False,0.2048304999989341,0.0,1,0
2025-10-10,False,2,1.0,10,0.8,0,calibrated_quantile,2025-09-12;2025-09-15;2025-09-16;2025-09-17;2025-09-18;2025-09-19;2025-09-22;2025-09-23;2025-09-24;2025-09-25;2025-09-26;2025-09-29;2025-09-30;2025-10-01;2025-10-02;2025-10-03;2025-10-06;2025-10-07;2025-10-08;2025-10-09,20,5803.022578322081,2025-10-03;2025-09-19,2025-10-03;2025-09-19;2025-09-26;2025-09-12;2025-09-05;2025-10-09;2025-09-18;2025-10-02;2025-09-25;2025-09-04,,2025-10-09,9227.510254493594,10547.707392195762,10427.510254493594,21.65631527777777,27.069394392423753,19.985143346573423,36.4758563058388,34289.659676037016,206.32255187958964,21285.852131663927,18168.53157938151,514.7593891199158,18683.290968501424,18168.53157938151,18168.531561212978,37972.39243639259,1280.8916668838428,lexicographic,1.816853156121298e-05,3.79723923984202e-05,False,0.10627690000183065,0.0,1,0
2025-10-11,False,2,1.0,10,0.8,0,calibrated_quantile,2025-09-13;2025-09-14;2025-09-20;2025-09-21;2025-09-27;2025-09-28;2025-10-04;2025-10-05,8,9551.073615385641,2025-10-04;2025-09-13,2025-10-04;2025-09-13;2025-09-06;2025-09-20;2025-09-27;2025-05-31;2025-05-17;2025-04-12;2025-05-24;2025-09-14,,2025-10-10,9107.313116791425,10427.510254493594,10307.313116791425,23.223667997685183,30.844289059915262,23.015627904436883,39.46360545391784,35831.2685667956,71.44627834373352,17955.25703417732,19373.057992110356,185.4447178196176,19558.502709929973,19373.057992110356,19373.0579727373,37730.66263090432,1427.659011476246,lexicographic,1.93730579727373e-05,3.773066259317367e-05,False,0.14833120000184863,0.0,1,0
2025-10-12,False,2,1.0,10,0.8,0,calibrated_quantile,2025-09-14;2025-09-20;2025-09-21;2025-09-27;2025-09-28;2025-10-04;2025-10-05;2025-10-11,8,9663.414094823398,2025-10-05;2025-09-28,2025-10-05;2025-09-28;2025-09-21;2025-09-07;2025-09-14;2025-06-29;2025-03-09;2025-04-06;2025-05-11;2025-05-18,,2025-10-11,8987.115979089256,10307.313116791425,10187.115979089256,20.353015798611107,25.81985541864826,23.971943066947105,39.90792185330862,70817.57948887761,50.162739603917785,8334.747037589534,43680.5067253488,108.65120303720093,43789.157928386005,43680.5067253488,43680.50668166829,39415.82007129,1448.7290634643357,lexicographic,4.368050668166829e-05,3.941582003187418e-05,False,0.13855519999924581,0.0,1,0
2025-10-13,False,2,1.0,10,0.8,0,calibrated_quantile,2025-09-15;2025-09-16;2025-09-17;2025-09-18;2025-09-19;2025-09-22;2025-09-23;2025-09-24;2025-09-25;2025-09-26;2025-09-29;2025-09-30;2025-10-01;2025-10-02;2025-10-03;2025-10-06;2025-10-07;2025-10-08;2025-10-09;2025-10-10,20,5873.780752147901,2025-10-06;2025-09-29,2025-10-06;2025-09-29;2025-09-22;2025-09-15;2025-09-08;2025-10-07;2025-09-30;2025-09-23;2025-09-09;2025-09-02,,2025-10-12,8866.918841387054,10187.115979089256,10066.918841387054,22.282774305555552,27.897660268749636,19.736871573044404,38.59984592846769,70004.08394125808,101.04734027410694,9095.725939442975,43468.74241590706,219.2215595505608,43687.96397545762,43468.74241590706,43468.74237243833,39072.59486339702,1447.2662832804667,lexicographic,4.3468742372438335e-05,3.907259482432443e-05,False,0.12890169999809586,0.0,1,0
2025-10-14,False,2,1.0,10,0.8,0,calibrated_quantile,2025-09-16;2025-09-17;2025-09-18;2025-09-19;2025-09-22;2025-09-23;2025-09-24;2025-09-25;2025-09-26;2025-09-29;2025-09-30;2025-10-01;2025-10-02;2025-10-03;2025-10-06;2025-10-07;2025-10-08;2025-10-09;2025-10-10;2025-10-13,20,5632.89526351405,2025-10-07;2025-09-30,2025-10-07;2025-09-30;2025-09-16;2025-09-09;2025-09-23;2025-10-08;2025-09-02;2025-10-06;2025-10-01;2025-09-24,,2025-10-13,8746.721703684887,10066.918841387054,9946.721703684887,20.28960590277777,26.081916737021036,25.121583394002357,40.68389033955715,68187.04110171487,573.3488755625511,4049.1315910658677,42118.614499071744,2241.4242991383862,44360.03879821013,42118.61449907174,42118.61445695315,38647.90275828157,1439.557520739143,lexicographic,4.211861445695316e-05,3.8647902719633675e-05,False,0.14575630000035744,0.0,1,0
2025-10-15,False,2,1.0,10,0.8,0,calibrated_quantile,2025-09-17;2025-09-18;2025-09-19;2025-09-22;2025-09-23;2025-09-24;2025-09-25;2025-09-26;2025-09-29;2025-09-30;2025-10-01;2025-10-02;2025-10-03;2025-10-06;2025-10-07;2025-10-08;2025-10-09;2025-10-10;2025-10-13;2025-10-14,20,5503.0824287734995,2025-10-08;2025-10-01,2025-10-08;2025-10-01;2025-09-24;2025-09-17;2025-10-09;2025-09-25;2025-10-07;2025-09-18;2025-09-30;2025-10-14,,2025-10-14,8626.524565982752,9946.721703684887,9826.524565982752,16.225728703703687,20.0460725525907,26.505217900721,51.60129362666231,67693.82455806126,1682.9319283881946,3510.391171015615,41531.266843640704,6820.44570213276,48351.712545773466,41531.266843640704,41531.266802109436,38732.80664367943,1424.0169961492204,lexicographic,4.153126680210944e-05,3.873280660494664e-05,False,0.16728109999894514,0.0,1,0
2025-10-16,False,2,1.0,10,0.8,0,calibrated_quantile,2025-09-18;2025-09-19;2025-09-22;2025-09-23;2025-09-24;2025-09-25;2025-09-26;2025-09-29;2025-09-30;2025-10-01;2025-10-02;2025-10-03;2025-10-06;2025-10-07;2025-10-08;2025-10-09;2025-10-10;2025-10-13;2025-10-14;2025-10-15,20,5542.404491745006,2025-10-09;2025-09-25,2025-10-09;2025-09-25;2025-09-11;2025-10-15;2025-09-18;2025-10-08;2025-10-01;2025-09-24;2025-09-17;2025-09-26,,2025-10-15,8506.327428280549,9826.524565982752,9706.327428280549,22.672464872685183,29.405363213299545,27.351275603420305,50.10278714121507,70888.68479216303,1197.1611207431558,5111.095139110472,43940.1324278868,4718.893326137598,48659.0257540244,43940.1324278868,43940.132383946686,39322.83004702207,1454.272079435515,lexicographic,4.394013238394669e-05,3.932283000769925e-05,False,0.15109050000319257,0.0,1,0
2025-10-17,False,2,1.0,10,0.8,0,calibrated_quantile,2025-09-19;2025-09-22;2025-09-23;2025-09-24;2025-09-25;2025-09-26;2025-09-29;2025-09-30;2025-10-01;2025-10-02;2025-10-03;2025-10-06;2025-10-07;2025-10-08;2025-10-09;2025-10-10;2025-10-13;2025-10-14;2025-10-15;2025-10-16,20,5539.987326175231,2025-09-26;2025-10-10,2025-09-26;2025-10-10;2025-09-19;2025-10-16;2025-10-03;2025-09-25;2025-10-09;2025-09-05;2025-09-11;2025-09-18,,2025-10-16,8386.130290578347,9706.327428280549,9586.130290578347,19.251640162037035,24.627478071193934,18.897720544210927,36.81148401944166,34994.27088372047,215.28656487884678,15516.463611751555,18577.303931397102,659.6329695818462,19236.936900978948,18577.3039313971,18577.303912819796,36280.28383890401,1284.1957530837053,lexicographic,1.8577303912819798e-05,3.6280283802623734e-05,False,0.2149728000003961,0.0,1,0
2025-10-18,False,2,1.0,10,0.8,0,calibrated_quantile,2025-09-20;2025-09-21;2025-09-27;2025-09-28;2025-10-04;2025-10-05;2025-10-11;2025-10-12,8,8233.144698251268,2025-09-27;2025-09-20,2025-09-27;2025-09-20;2025-10-04;2025-09-13;2025-10-11;2025-09-06;2025-03-08;2025-03-15;2025-06-28;2025-03-22,,2025-10-17,8265.933152876212,9586.130290578347,9465.933152876212,33.520706770833335,44.25193204956144,27.70962394690163,47.557590767703395,37334.62180609765,235.03741546406974,17829.546379886444,20691.91636201471,867.7773715907276,21559.693733605436,20691.916362014712,20691.916341322787,36038.55409804964,1364.190830401226,lexicographic,2.069191634132279e-05,3.603855409804964e-05,False,0.1941374000016367,0.0,1,0
2025-10-19,False,2,1.0,10,0.8,0,calibrated_quantile,2025-09-21;2025-09-27;2025-09-28;2025-10-04;2025-10-05;2025-10-11;2025-10-12;2025-10-18,8,6797.826574012607,2025-10-12;2025-10-05,2025-10-12;2025-10-05;2025-09-28;2025-09-21;2025-09-07;2025-09-14;2025-03-09;2025-03-02;2025-03-23;2025-06-29,,2025-10-18,8145.7360151740095,9465.933152876212,9345.73601517401,16.90502841435184,20.313549513849217,42.447265092054096,74.91291462514535,68718.63137028087,2480.819008582693,3296.378252446347,41829.41154977045,10607.346277198825,52436.757826969275,41829.41154977045,41829.41150794105,39409.25058603055,1436.3528448757986,lexicographic,4.182941150794105e-05,3.940925054662131e-05,False,0.12915870000142604,0.0,1,0
2025-10-20,False,2,1.0,10,0.8,0,calibrated_quantile,2025-09-22;2025-09-23;2025-09-24;2025-09-25;2025-09-26;2025-09-29;2025-09-30;2025-10-01;2025-10-02;2025-10-03;2025-10-06;2025-10-07;2025-10-08;2025-10-09;2025-10-10;2025-10-13;2025-10-14;2025-10-15;2025-10-16;2025-10-17,20,5792.397144496561,2025-10-13;2025-09-29,2025-10-13;2025-09-29;2025-10-06;2025-09-22;2025-09-15;2025-09-08;2025-10-07;2025-09-30;2025-10-14;2025-09-23,,2025-10-19,8115.641452351556,9345.73601517401,9315.641452351556,20.656107754629623,26.019710179205333,37.67940705453765,64.09623748162612,70402.28473508687,1587.9731924683645,3446.9586984898187,43829.41530379418,6631.130241282689,50460.54554507687,43829.41530379418,43829.41525996476,39366.977547484996,1447.5233090310526,lexicographic,4.382941525996476e-05,3.936697750811802e-05,False,0.157320800000889,0.0,1,0
2025-10-21,False,2,1.0,10,0.8,0,calibrated_quantile,2025-09-23;2025-09-24;2025-09-25;2025-09-26;2025-09-29;2025-09-30;2025-10-01;2025-10-02;2025-10-03;2025-10-06;2025-10-07;2025-10-08;2025-10-09;2025-10-10;2025-10-13;2025-10-14;2025-10-15;2025-10-16;2025-10-17;2025-10-20,20,5810.483483805989,2025-10-07;2025-09-30,2025-10-07;2025-09-30;2025-10-14;2025-09-23;2025-10-15;2025-10-20;2025-09-09;2025-10-08;2025-10-13;2025-10-01,,2025-10-20,8085.546889529086,9315.641452351556,9285.546889529087,22.186789467592593,27.689135810860453,29.837519862720733,53.3094263138845,73613.64108395754,1112.0045091052136,3964.331987048161,45697.3240271186,3418.2398710652187,49115.56389818382,45697.32402711859,45697.32398142129,41236.18734982556,1433.1003475914652,lexicographic,4.569732398142129e-05,4.123618730858938e-05,False,0.13575510000009672,0.0,1,0
2025-10-22,False,2,1.0,10,0.8,0,calibrated_quantile,2025-09-24;2025-09-25;2025-09-26;2025-09-29;2025-09-30;2025-10-01;2025-10-02;2025-10-03;2025-10-06;2025-10-07;2025-10-08;2025-10-09;2025-10-10;2025-10-13;2025-10-14;2025-10-15;2025-10-16;2025-10-17;2025-10-20;2025-10-21,20,5817.393612105382,2025-10-15;2025-10-08,2025-10-15;2025-10-08;2025-10-16;2025-09-24;2025-10-01;2025-10-21;2025-09-17;2025-09-25;2025-10-07;2025-09-30,,2025-10-21,8055.452326706614,9285.546889529087,9255.452326706614,17.967881307870357,21.745023814487332,22.058576404714287,42.700052153556236,74318.60881679672,1077.840885752095,5409.608324277839,45530.358898300765,5191.140519299383,50721.49941760015,45530.358898300765,45530.35885292773,42505.210951320805,1438.9923012916574,lexicographic,4.553035885292773e-05,4.250521090881559e-05,False,0.2895929999976943,0.0,1,0
2025-10-23,False,2,1.0,10,0.8,0,calibrated_quantile,2025-09-25;2025-09-26;2025-09-29;2025-09-30;2025-10-01;2025-10-02;2025-10-03;2025-10-06;2025-10-07;2025-10-08;2025-10-09;2025-10-10;2025-10-13;2025-10-14;2025-10-15;2025-10-16;2025-10-17;2025-10-20;2025-10-21;2025-10-22,20,5680.779773024218,2025-10-16;2025-10-22,2025-10-16;2025-10-22;2025-10-09;2025-09-25;2025-10-15;2025-10-17;2025-09-11;2025-10-08;2025-10-01;2025-09-18,,2025-10-22,8025.357763884161,9255.452326706614,9225.35776388416,18.463975115740727,23.247536491679504,17.96772320204948,35.16840942670486,73652.45880451487,452.2511020772341,6391.756790070385,45377.69847781728,1901.5548310161814,47279.25330883346,45377.69847781728,45377.698432439574,41566.97749290222,1444.7257727309188,lexicographic,4.537769843243958e-05,4.156697749290395e-05,False,0.2404949999981909,0.0,1,0
2025-10-24,False,2,1.0,10,0.8,0,calibrated_quantile,2025-09-26;2025-09-29;2025-09-30;2025-10-01;2025-10-02;2025-10-03;2025-10-06;2025-10-07;2025-10-08;2025-10-09;2025-10-10;2025-10-13;2025-10-14;2025-10-15;2025-10-16;2025-10-17;2025-10-20;2025-10-21;2025-10-22;2025-10-23,20,5537.527576958828,2025-10-17;2025-09-26,2025-10-17;2025-09-26;2025-10-10;2025-10-16;2025-10-23;2025-09-19;2025-10-03;2025-09-25;2025-10-09;2025-09-11,,2025-10-23,7995.26320106169,9225.35776388416,9195.26320106169,19.4272802662037,25.22787925870569,16.19491758961756,26.422351438138787,34810.668544376174,324.60673116763087,13027.754106874325,18433.918311365327,1152.002781874387,19585.921093239715,18433.918311365327,18433.91829293141,35413.11437476595,1290.6567875395058,lexicographic,1.843391829293141e-05,3.5413114339352854e-05,False,0.1653017999997246,0.0,1,0
2025-10-25,False,2,1.0,10,0.8,0,calibrated_quantile,2025-09-27;2025-09-28;2025-10-04;2025-10-05;2025-10-11;2025-10-12;2025-10-18;2025-10-19,8,7538.295667049984,2025-10-18;2025-09-27,2025-10-18;2025-09-27;2025-09-20;2025-10-04;2025-09-13;2025-10-11;2025-09-06;2025-03-08;2025-03-15;2025-03-22,,2025-10-24,7965.168638239237,9195.26320106169,9165.168638239236,24.20341979166666,29.53549593965884,28.62148979472242,53.171157746595895,36104.474082811554,181.76296071584915,13206.687148661551,19437.470382614938,547.0497772815085,19984.520159896445,19437.47038261494,19437.47036317747,35352.59092344357,1293.0115182036827,lexicographic,1.9437470363177468e-05,3.535259092344356e-05,False,0.2035689000003913,0.0,1,0
2025-10-26,False,2,1.0,10,0.8,0,calibrated_quantile,2025-09-28;2025-10-04;2025-10-05;2025-10-11;2025-10-12;2025-10-18;2025-10-19;2025-10-25,8,6248.506709340123,2025-10-19;2025-10-12,2025-10-19;2025-10-12;2025-10-05;2025-09-28;2025-09-21;2025-09-07;2025-09-14;2025-03-09;2025-03-02;2025-03-23,,2025-10-25,7935.0740754167655,9165.168638239236,9135.074075416765,17.521161342592592,22.469094957023287,23.270096095459053,40.9796556813379,73181.04803621909,554.1371832204802,4818.747247279701,45154.067537564115,1676.939676460991,46831.00721402511,45154.067537564115,45154.06749241007,41935.35890801649,1434.6623583333333,lexicographic,4.515406749241007e-05,4.1935358908014986e-05,False,0.23980049999954645,0.0,1,0
2025-10-27,False,2,1.0,10,0.8,0,calibrated_quantile,2025-09-29;2025-09-30;2025-10-01;2025-10-02;2025-10-03;2025-10-06;2025-10-07;2025-10-08;2025-10-09;2025-10-10;2025-10-13;2025-10-14;2025-10-15;2025-10-16;2025-10-17;2025-10-20;2025-10-21;2025-10-22;2025-10-23;2025-10-24,20,5656.362060022842,2025-10-20;2025-10-13,2025-10-20;2025-10-13;2025-09-29;2025-10-06;2025-09-22;2025-10-21;2025-09-15;2025-10-07;2025-09-30;2025-09-23,,2025-10-26,7904.979512594295,9135.074075416765,9104.979512594295,15.686450289351834,19.445399466201934,36.86748683814346,66.85145899058038,74544.40682160536,1092.4495844172502,7685.128027504573,45929.37188599663,4186.334774008329,50115.70666000496,45929.37188599663,45929.37184006725,42192.767165954865,1465.808795201234,lexicographic,4.5929371840067255e-05,4.219276716595483e-05,False,0.22046709999995073,0.0,1,0
2025-10-28,False,2,1.0,10,0.8,0,calibrated_quantile,2025-09-30;2025-10-01;2025-10-02;2025-10-03;2025-10-06;2025-10-07;2025-10-08;2025-10-09;2025-10-10;2025-10-13;2025-10-14;2025-10-15;2025-10-16;2025-10-17;2025-10-20;2025-10-21;2025-10-22;2025-10-23;2025-10-24;2025-10-27,20,5396.723389083498,2025-10-14;2025-10-21,2025-10-14;2025-10-21;2025-10-07;2025-09-30;2025-09-23;2025-10-15;2025-09-09;2025-09-16;2025-10-20;2025-10-01,,2025-10-27,7874.884949771842,9104.979512594295,9074.884949771842,17.35790428240741,22.289674072043848,22.584308470615863,38.04489212176641,74399.6707204167,995.8834164679797,5023.064665329696,45675.49105302766,3906.5885715448057,49582.07962457246,45675.491053027654,45675.491007352146,42201.54147155233,1479.2815465336203,lexicographic,4.5675491007352146e-05,4.220154142935079e-05,False,0.18756139999823063,0.0,1,0
2025-10-29,False,2,1.0,10,0.8,0,calibrated_quantile,2025-10-01;2025-10-02;2025-10-03;2025-10-06;2025-10-07;2025-10-08;2025-10-09;2025-10-10;2025-10-13;2025-10-14;2025-10-15;2025-10-16;2025-10-17;2025-10-20;2025-10-21;2025-10-22;2025-10-23;2025-10-24;2025-10-27;2025-10-28,20,5097.357085221695,2025-10-22;2025-10-15,2025-10-22;2025-10-15;2025-10-08;2025-10-23;2025-10-01;2025-10-16;2025-09-24;2025-10-21;2025-10-09;2025-09-17,,2025-10-28,7844.790386949371,9074.884949771842,9044.790386949371,15.594403009259262,19.22788266071691,33.767472727085774,57.41598647033036,73754.90279896128,1824.7213620870943,1903.6202059822024,45335.3813900687,7171.638446510968,52507.01983657967,45335.3813900687,45335.381344733316,41855.539809211696,1447.9532519951686,lexicographic,4.533538134473332e-05,4.1855539809211204e-05,False,0.21903690000181086,0.0,1,0
2025-10-30,False,2,1.0,10,0.8,0,calibrated_quantile,2025-10-02;2025-10-03;2025-10-06;2025-10-07;2025-10-08;2025-10-09;2025-10-10;2025-10-13;2025-10-14;2025-10-15;2025-10-16;2025-10-17;2025-10-20;2025-10-21;2025-10-22;2025-10-23;2025-10-24;2025-10-27;2025-10-28;2025-10-29,20,5545.422996448951,2025-10-23;2025-10-16,2025-10-23;2025-10-16;2025-10-22;2025-10-29;2025-10-24;2025-10-09;2025-09-25;2025-10-17;2025-10-15;2025-10-08,,2025-10-29,7841.251383223518,9044.790386949371,9041.251383223518,18.33161394675927,22.638703692238725,18.731432773290333,35.70291180326472,76366.4025612399,448.6639507023633,7560.1822804364765,47212.152654963975,1748.6805105303702,48960.83316549435,47212.152654963975,47212.152607751836,42588.21431174743,1445.637575603018,lexicographic,4.7212152607751836e-05,4.2588214269159225e-05,False,0.14116410000133328,0.0,1,0
2025-10-31,False,2,1.0,10,0.8,0,calibrated_quantile,2025-10-03;2025-10-06;2025-10-07;2025-10-08;2025-10-09;2025-10-10;2025-10-13;2025-10-14;2025-10-15;2025-10-16;2025-10-17;2025-10-20;2025-10-21;2025-10-22;2025-10-23;2025-10-24;2025-10-27;2025-10-28;2025-10-29;2025-10-30,20,5526.786803494651,2025-10-24;2025-10-17,2025-10-24;2025-10-17;2025-09-26;2025-10-23;2025-10-30;2025-10-16;2025-10-10;2025-09-19;2025-09-25;2025-10-09,,2025-10-30,7837.712379497662,9041.251383223518,9037.712379497661,16.710057407407408,21.149111273614174,35.68689498202676,63.172957258760135,34956.87776984941,1149.6051442055646,8524.081121182373,18350.89052172641,3954.228608756668,22305.11913048308,18350.890521726407,18350.890503375518,35072.36216389099,1276.932512809122,lexicographic,1.835089050337552e-05,3.507236212881862e-05,False,0.2216913000011118,0.0,1,0
2025-11-01,False,2,0.95,10,0.8,0,calibrated_quantile,2025-10-04;2025-10-05;2025-10-11;2025-10-12;2025-10-18;2025-10-19;2025-10-25;2025-10-26,8,5654.182607095679,2025-10-25;2025-10-18,2025-10-25;2025-10-18;2025-09-27;2025-09-20;2025-09-13;2025-03-08;2025-02-15;2025-02-08;2025-02-22;2025-10-04,,2025-10-31,7834.1733757718075,9037.712379497661,9034.173375771807,18.131855679878786,23.801487797557378,26.86498853418618,45.009861243597534,34279.620987364084,926.2535434283618,8984.47349402446,17896.319086879288,3302.584424266882,21198.90351114617,17896.31908687929,17896.319068982975,35065.2448364383,1256.6477876212443,lexicographic,1.7896319068982975e-05,3.506524480137306e-05,False,0.18309759999829112,0.0,1,0
2025-11-02,False,2,0.95,10,0.8,0,calibrated_quantile,2025-10-05;2025-10-11;2025-10-12;2025-10-18;2025-10-19;2025-10-25;2025-10-26;2025-11-01,8,6221.817507159851,2025-10-26;2025-10-19,2025-10-26;2025-10-19;2025-10-12;2025-09-28;2025-10-05;2025-09-21;2025-02-09;2025-02-16;2025-03-02;2025-02-23,,2025-11-01,7830.634372045954,9034.173375771807,9030.634372045954,16.523071995519008,21.000056777102753,30.246773125562314,50.68893060646395,74973.28082609818,978.6820632109027,2677.252688195058,46185.323339312905,4493.569879845003,50678.89321915791,46185.323339312905,46185.32329312758,42695.477638892626,1437.5195802975795,lexicographic,4.618532329312758e-05,4.269547759619714e-05,False,0.17586929999743006,0.0,1,0
2025-11-03,False,2,0.95,10,0.8,0,calibrated_quantile,2025-10-06;2025-10-07;2025-10-08;2025-10-09;2025-10-10;2025-10-13;2025-10-14;2025-10-15;2025-10-16;2025-10-17;2025-10-20;2025-10-21;2025-10-22;2025-10-23;2025-10-24;2025-10-27;2025-10-28;2025-10-29;2025-10-30;2025-10-31,20,5928.743178158407,2025-10-27;2025-10-20,2025-10-27;2025-10-20;2025-10-13;2025-09-29;2025-10-21;2025-09-22;2025-10-06;2025-09-15;2025-10-07;2025-09-30,,2025-11-02,7827.095368320099,9030.634372045954,9027.095368320099,15.983085606427968,20.878210414218444,39.209598269728936,83.47479301734948,74338.0170359049,2549.5376696353414,2903.086297705412,45970.368278807466,7576.769833100154,53547.13811190762,45970.368278807466,45970.36823283711,42707.02216870665,1475.820987931686,lexicographic,4.597036823283711e-05,4.270702212599963e-05,False,0.135574900003121,0.0,1,0
2025-11-04,False,2,0.95,10,0.8,0,calibrated_quantile,2025-10-07;2025-10-08;2025-10-09;2025-10-10;2025-10-13;2025-10-14;2025-10-15;2025-10-16;2025-10-17;2025-10-20;2025-10-21;2025-10-22;2025-10-23;2025-10-24;2025-10-27;2025-10-28;2025-10-29;2025-10-30;2025-10-31;2025-11-03,20,6326.014651473253,2025-10-21;2025-10-22,2025-10-21;2025-10-22;2025-11-03;2025-10-29;2025-10-27;2025-09-30;2025-10-07;2025-09-23;2025-10-28;2025-10-20,,2025-11-03,7823.556364594246,9027.095368320099,9023.556364594246,20.26036611764007,24.231484176331108,15.163912920840025,31.780425611478684,78748.23959369773,508.0363544947447,7255.73984770807,48799.88552279024,2405.2321204856125,51205.11764327585,48799.88552279023,48799.88547399037,42144.264043420975,1469.7982735789324,lexicographic,4.879988547399037e-05,4.214426400127669e-05,False,0.1758300000001327,0.0,1,0
2025-11-05,False,2,0.95,10,0.8,0,calibrated_quantile,2025-10-08;2025-10-09;2025-10-10;2025-10-13;2025-10-14;2025-10-15;2025-10-16;2025-10-17;2025-10-20;2025-10-21;2025-10-22;2025-10-23;2025-10-24;2025-10-27;2025-10-28;2025-10-29;2025-10-30;2025-10-31;2025-11-03;2025-11-04,20,6404.754635686698,2025-10-29;2025-10-22,2025-10-29;2025-10-22;2025-10-15;2025-10-23;2025-10-30;2025-10-08;2025-10-16;2025-10-01;2025-10-21;2025-09-24,,2025-11-04,7820.01736086839,9023.556364594246,9020.01736086839,18.696824356549108,23.67950902386959,21.74862230535581,37.366653795276186,77435.00387381754,513.1443263595536,3813.7959603134104,48014.893686530064,1683.0617876189322,49697.955474149,48014.89368653006,48014.89363851519,42485.95494838488,1457.6303538250638,lexicographic,4.8014893638515195e-05,4.248595490589893e-05,False,0.29553459999806364,0.0,1,0
2025-11-06,False,2,0.95,10,0.8,0,calibrated_quantile,2025-10-09;2025-10-10;2025-10-13;2025-10-14;2025-10-15;2025-10-16;2025-10-17;2025-10-20;2025-10-21;2025-10-22;2025-10-23;2025-10-24;2025-10-27;2025-10-28;2025-10-29;2025-10-30;2025-10-31;2025-11-03;2025-11-04;2025-11-05,20,6514.211546786752,2025-10-30;2025-10-23,2025-10-30;2025-10-23;2025-10-16;2025-10-22;2025-11-05;2025-10-29;2025-10-31;2025-10-24;2025-10-09;2025-10-17,,2025-11-05,7816.478357142535,9020.01736086839,9016.478357142536,18.701954044064756,22.885229623937885,27.485849610104935,50.03522654151188,78805.11440779595,1186.2553680709746,4204.308813813201,48966.1836662494,5465.230647608283,54431.414313857684,48966.1836662494,48966.18361728323,42115.802697493615,1445.7750068450644,lexicographic,4.8966183617283235e-05,4.211580265537781e-05,False,0.15696490000118501,0.0,1,0
2025-11-07,False,2,0.95,10,0.8,0,calibrated_quantile,2025-10-10;2025-10-13;2025-10-14;2025-10-15;2025-10-16;2025-10-17;2025-10-20;2025-10-21;2025-10-22;2025-10-23;2025-10-24;2025-10-27;2025-10-28;2025-10-29;2025-10-30;2025-10-31;2025-11-03;2025-11-04;2025-11-05;2025-11-06,20,6792.703625772606,2025-10-31;2025-10-24,2025-10-31;2025-10-24;2025-11-06;2025-10-30;2025-10-17;2025-10-23;2025-10-16;2025-09-26;2025-02-14;2025-10-22,,2025-11-06,7812.939353416681,9016.478357142536,9012.939353416681,19.42626751610652,23.069699824617395,20.480367946124733,37.24713816631967,36312.84464459523,252.33614736481368,9566.461592727499,19242.434597185915,1081.4607463496213,20323.895343535536,19242.434597185915,19242.434577943477,35092.82173412686,1252.6808803928802,lexicographic,1.924243457794348e-05,3.5092821734126865e-05,False,0.25969529999929364,0.0,1,0
2025-11-08,False,2,0.95,10,0.8,0,calibrated_quantile,2025-10-11;2025-10-12;2025-10-18;2025-10-19;2025-10-25;2025-10-26;2025-11-01;2025-11-02,8,6848.594537723919,2025-11-01;2025-10-25,2025-11-01;2025-10-25;2025-10-18;2025-09-27;2025-09-20;2025-09-13;2025-10-04;2025-03-08;2025-10-11;2025-02-08,,2025-11-07,7809.400349690826,9012.939353416681,9009.400349690826,16.54698165874164,21.523811736626474,22.29636317524737,40.83063329087162,35715.34823492031,563.8616259592026,8815.870012631396,18850.968168058193,1818.727208665776,20669.69537672397,18850.968168058193,18850.968149207234,35015.42358439815,1261.9082762835321,lexicographic,1.8850968149207234e-05,3.501542358439815e-05,False,0.19508249999853433,0.0,1,0
2025-11-09,False,2,0.95,10,0.8,0,calibrated_quantile,2025-10-12;2025-10-18;2025-10-19;2025-10-25;2025-10-26;2025-11-01;2025-11-02;2025-11-08,8,6943.715608224778,2025-11-02;2025-10-26,2025-11-02;2025-10-26;2025-10-19;2025-10-12;2025-09-28;2025-10-05;2025-09-21;2025-03-02;2025-02-16;2025-02-09,,2025-11-08,7808.273731417548,9009.400349690826,9008.273731417548,18.73078967209476,23.299181686116995,25.90588200917655,46.21609967344668,79106.78990258183,917.8446317797487,4228.737923534482,49517.951871807825,2986.5967475713023,52504.54861937913,49517.951871807825,49517.951822289884,42394.00882450339,1436.9221581942181,lexicographic,4.951795182228989e-05,4.239400878210938e-05,False,0.1767002999986289,0.0,1,0
2025-11-10,False,2,0.95,10,0.8,0,calibrated_quantile,2025-10-13;2025-10-14;2025-10-15;2025-10-16;2025-10-17;2025-10-20;2025-10-21;2025-10-22;2025-10-23;2025-10-24;2025-10-27;2025-10-28;2025-10-29;2025-10-30;2025-10-31;2025-11-03;2025-11-04;2025-11-05;2025-11-06;2025-11-07,20,6858.062247940394,2025-11-03;2025-10-27,2025-11-03;2025-10-27;2025-11-04;2025-10-20;2025-10-13;2025-09-29;2025-10-21;2025-02-03;2025-02-17;2025-03-03,,2025-11-09,7807.147113144269,9008.273731417548,9007.147113144269,18.436835111853924,22.662383357297724,35.951226380628974,60.99920559319494,79372.42239829444,1693.9359395800434,2771.0201488637927,49368.22571015338,7006.305249621357,56374.53095977474,49368.22571015339,49368.22566078516,42277.936968427624,1447.8227644899491,lexicographic,4.936822566078516e-05,4.227793692614968e-05,False,0.13546000000133063,0.0,1,0
2025-11-11,False,2,0.95,10,0.8,0,calibrated_quantile,2025-10-14;2025-10-15;2025-10-16;2025-10-17;2025-10-20;2025-10-21;2025-10-22;2025-10-23;2025-10-24;2025-10-27;2025-10-28;2025-10-29;2025-10-30;2025-10-31;2025-11-03;2025-11-04;2025-11-05;2025-11-06;2025-11-07;2025-11-10,20,7296.968945723079,2025-11-04;2025-11-10,2025-11-04;2025-11-10;2025-10-21;2025-10-22;2025-11-03;2025-11-05;2025-10-29;2025-10-27;2025-02-04;2025-03-04,,2025-11-10,7806.020494870991,9007.147113144269,9006.02049487099,17.292164178441567,21.283279617275085,11.14337346353321,21.67036474610346,83014.96089817498,187.40344778548848,7186.122572759457,52156.44089382429,469.08529431406373,52625.526188138356,52156.440893824285,52156.44084166784,42471.57855641612,1453.4489584196185,lexicographic,5.2156440841667844e-05,4.247157851394455e-05,False,0.23048070000004373,0.0,1,0
2025-11-12,False,2,0.95,10,0.8,0,calibrated_quantile,2025-10-15;2025-10-16;2025-10-17;2025-10-20;2025-10-21;2025-10-22;2025-10-23;2025-10-24;2025-10-27;2025-10-28;2025-10-29;2025-10-30;2025-10-31;2025-11-03;2025-11-04;2025-11-05;2025-11-06;2025-11-07;2025-11-10;2025-11-11,20,7210.7513301610525,2025-10-22;2025-11-05,2025-10-22;2025-11-05;2025-10-29;2025-11-06;2025-10-30;2025-11-04;2025-10-23;2025-11-11;2025-10-15;2025-10-16,,2025-11-11,7804.893876597712,9006.02049487099,9004.893876597711,18.30091009900748,23.401849124859837,13.57864187743788,26.551259566763658,82008.4576598171,213.47637053239487,6849.144871042524,51458.58514655064,1105.4027301465358,52563.98787669718,51458.58514655065,51458.585095092094,42086.51823019757,1450.3582568282927,lexicographic,5.1458585095092094e-05,4.2086518188111056e-05,False,0.20990149999852292,0.0,1,0
2025-11-13,False,2,0.95,10,0.8,0,calibrated_quantile,2025-10-16;2025-10-17;2025-10-20;2025-10-21;2025-10-22;2025-10-23;2025-10-24;2025-10-27;2025-10-28;2025-10-29;2025-10-30;2025-10-31;2025-11-03;2025-11-04;2025-11-05;2025-11-06;2025-11-07;2025-11-10;2025-11-11;2025-11-12,20,7034.5622054168325,2025-10-30;2025-11-06,2025-10-30;2025-11-06;2025-10-23;2025-10-16;2025-11-12;2025-11-05;2025-10-29;2025-10-22;2025-11-07;2025-10-31,,2025-11-12,7803.767258324433,9004.893876597711,9003.767258324433,19.620995314150782,24.04732429036811,24.863504485402533,50.115310573320656,81513.5361012675,841.9603265208588,5522.4810830451925,51262.453245751545,3040.719225953248,54303.17247170479,51262.45324575155,51262.453194489106,42280.30844058095,1472.5508650697834,lexicographic,5.126245319448911e-05,4.228030839830065e-05,False,0.2142043999992893,0.0,1,0
2025-11-14,False,2,0.95,10,0.8,0,calibrated_quantile,2025-10-17;2025-10-20;2025-10-21;2025-10-22;2025-10-23;2025-10-24;2025-10-27;2025-10-28;2025-10-29;2025-10-30;2025-10-31;2025-11-03;2025-11-04;2025-11-05;2025-11-06;2025-11-07;2025-11-10;2025-11-11;2025-11-12;2025-11-13,20,7073.503695806519,2025-11-07;2025-10-31,2025-11-07;2025-10-31;2025-10-24;2025-11-06;2025-11-13;2025-10-30;2025-10-17;2025-10-23;2025-10-16;2025-02-14,,2025-11-13,7802.640640051154,9003.767258324433,9002.640640051155,15.293766331002558,19.17676580237672,16.99705282766264,31.516746840116866,37061.84342891251,181.77388708653518,5970.362615294486,19742.48967652076,666.957987915602,20409.44766443636,19742.48967652076,19742.48965677827,35017.972779827105,1264.6730380342378,lexicographic,1.974248965677827e-05,3.5017972744809155e-05,False,0.651815399996849,0.0,1,0
2025-11-15,False,2,0.95,10,0.8,0,calibrated_quantile,2025-10-18;2025-10-19;2025-10-25;2025-10-26;2025-11-01;2025-11-02;2025-11-08;2025-11-09,8,7404.260764538909,2025-11-01;2025-11-08,2025-11-01;2025-11-08;2025-10-25;2025-10-18;2025-09-27;2025-02-15;2025-02-08;2025-09-20;2025-03-08;2025-02-22,,2025-11-14,7801.514021777875,9002.640640051155,9001.514021777875,16.906341912106228,21.302250922550357,30.509918199995948,50.15582466590151,36267.93673700759,615.270559146818,4994.905421888494,19228.373582033157,2493.268742681376,21721.642324714532,19228.373582033157,19228.37356280479,35033.363084981946,1245.4423640568748,lexicographic,1.922837356280479e-05,3.503336308498195e-05,False,0.40605649999997695,0.0,1,0
2025-11-16,False,2,0.95,10,0.8,0,calibrated_quantile,2025-10-19;2025-10-25;2025-10-26;2025-11-01;2025-11-02;2025-11-08;2025-11-09;2025-11-15,8,7749.35439416883,2025-11-09;2025-11-02,2025-11-09;2025-11-02;2025-10-26;2025-10-19;2025-02-09;2025-02-02;2025-02-16;2025-10-12;2025-02-23;2025-03-02,,2025-11-15,7800.3874035045965,9001.514021777875,9000.387403504596,19.9140879597327,25.04674577223081,24.148827207714206,49.60862479677284,82913.85430081638,1056.4480349202067,4991.458980222365,52263.289021483964,3919.3869947984167,56182.67601628238,52263.28902148396,52263.288969220695,43301.10027652274,1421.3927024353807,lexicographic,5.22632889692207e-05,4.330110023322164e-05,False,0.3503320000017993,0.0,1,0
2025-11-17,False,2,0.95,10,0.8,0,calibrated_quantile,2025-10-20;2025-10-21;2025-10-22;2025-10-23;2025-10-24;2025-10-27;2025-10-28;2025-10-29;2025-10-30;2025-10-31;2025-11-03;2025-11-04;2025-11-05;2025-11-06;2025-11-07;2025-11-10;2025-11-11;2025-11-12;2025-11-13;2025-11-14,20,7109.336483044678,2025-11-10;2025-11-03,2025-11-10;2025-11-03;2025-10-27;2025-11-11;2025-11-04;2025-10-20;2025-02-03;2025-09-29;2025-10-13;2025-02-17,,2025-11-16,7799.260785231319,9000.387403504596,8999.26078523132,20.15017893609772,24.412462361196617,15.682608956643119,28.29632446772792,83377.14140738026,222.40466866704156,6443.097357592151,52453.59696259443,683.9837689974671,53137.580731591894,52453.59696259443,52453.59691014084,42504.65657874947,1445.6677405591372,lexicographic,5.245359691014084e-05,4.2504656536244815e-05,False,0.2480520000026445,0.0,1,0
2025-11-18,False,2,0.95,10,0.8,0,calibrated_quantile,2025-10-21;2025-10-22;2025-10-23;2025-10-24;2025-10-27;2025-10-28;2025-10-29;2025-10-30;2025-10-31;2025-11-03;2025-11-04;2025-11-05;2025-11-06;2025-11-07;2025-11-10;2025-11-11;2025-11-12;2025-11-13;2025-11-14;2025-11-17,20,6779.981667889162,2025-11-04;2025-11-11,2025-11-04;2025-11-11;2025-10-21;2025-11-12;2025-11-17;2025-11-10;2025-11-05;2025-11-03;2025-10-22;2025-10-29,,2025-11-17,7798.134166958039,8999.26078523132,8998.13416695804,19.150110029793446,23.988805399397265,24.35298989884206,50.89834273299078,83496.98669587982,801.3282230521015,4896.699496487995,52673.98384489452,2520.076078524698,55194.05992341922,52673.98384489453,52673.98379222056,42984.48952201105,1447.8498488775876,lexicographic,5.267398379222057e-05,4.2984489479026566e-05,False,0.27179099999921164,0.0,1,0
2025-11-19,False,2,0.95,10,0.8,0,calibrated_quantile,2025-10-22;2025-10-23;2025-10-24;2025-10-27;2025-10-28;2025-10-29;2025-10-30;2025-10-31;2025-11-03;2025-11-04;2025-11-05;2025-11-06;2025-11-07;2025-11-10;2025-11-11;2025-11-12;2025-11-13;2025-11-14;2025-11-17;2025-11-18,20,6781.932754191523,2025-11-12;2025-10-22,2025-11-12;2025-10-22;2025-11-11;2025-11-06;2025-11-05;2025-11-04;2025-11-13;2025-10-30;2025-11-18;2025-10-29,,2025-11-18,7762.108263664303,8998.13416695804,8962.108263664304,18.887292595474158,24.076974489267027,19.763820957180855,37.46782680626132,84085.81623215224,556.2587864889325,4787.988960273984,52925.992756861146,2191.822979666978,55117.81573652812,52925.992756861146,52925.99270393514,43074.20208196488,1433.2796694747185,lexicographic,5.292599270393514e-05,4.307420203889068e-05,False,0.1188038999971468,0.0,1,0
2025-11-20,False,2,0.95,10,0.8,0,calibrated_quantile,2025-10-23;2025-10-24;2025-10-27;2025-10-28;2025-10-29;2025-10-30;2025-10-31;2025-11-03;2025-11-04;2025-11-05;2025-11-06;2025-11-07;2025-11-10;2025-11-11;2025-11-12;2025-11-13;2025-11-14;2025-11-17;2025-11-18;2025-11-19,20,6759.306184627057,2025-11-06;2025-11-13,2025-11-06;2025-11-13;2025-10-30;2025-11-19;2025-11-12;2025-10-23;2025-11-14;2025-11-07;2025-10-22;2025-11-05,,2025-11-19,7726.082360370547,8962.108263664304,8926.082360370547,17.234814428847464,20.38812620561318,18.5833820930221,35.4994698694394,84839.40513606674,395.90254689570577,5855.467691332318,53539.614742230086,1652.0981863736959,55191.71292860378,53539.614742230086,53539.61468869044,44036.25994971566,1444.24488413671,lexicographic,5.353961468869044e-05,4.403625990567941e-05,False,0.11693659999946249,0.0,1,0
2025-11-21,False,2,0.95,10,0.8,0,calibrated_quantile,2025-10-24;2025-10-27;2025-10-28;2025-10-29;2025-10-30;2025-10-31;2025-11-03;2025-11-04;2025-11-05;2025-11-06;2025-11-07;2025-11-10;2025-11-11;2025-11-12;2025-11-13;2025-11-14;2025-11-17;2025-11-18;2025-11-19;2025-11-20,20,6829.071311972644,2025-11-07;2025-11-14,2025-11-07;2025-11-14;2025-11-20;2025-11-06;2025-11-13;2025-10-31;2025-10-30;2025-10-24;2025-02-14;2025-02-07,,2025-11-20,7690.05645707679,8926.082360370547,8890.05645707679,17.824692537266444,22.596512130559695,10.996189635230301,20.937875257993348,38349.7902815371,262.7554377698197,6226.229575988935,20509.35506447253,708.6351237043432,21217.99018817687,20509.355064472526,20509.355043963176,33892.33518246133,1255.9389981061336,lexicographic,2.050935504396318e-05,3.3892335182461335e-05,False,0.4374003000011726,0.0,1,0
2025-11-22,False,2,0.95,10,0.8,0,calibrated_quantile,2025-10-25;2025-10-26;2025-11-01;2025-11-02;2025-11-08;2025-11-09;2025-11-15;2025-11-16,8,7630.854759737357,2025-11-15;2025-11-01,2025-11-15;2025-11-01;2025-11-08;2025-10-25;2025-02-15;2025-02-08;2025-10-18;2025-09-27;2025-02-22;2025-01-25,,2025-11-21,7654.030553783054,8890.05645707679,8854.030553783054,17.318088087372296,20.806868768225954,20.70961097790059,34.81578078535601,38372.632937498674,252.09276088141667,4793.537540595736,20288.201628935774,888.369797859506,21176.57142679528,20288.201628935774,20288.201608647574,34744.2411930793,1262.0640301634603,lexicographic,2.0288201608647575e-05,3.4744241193079314e-05,False,0.5060937000016565,0.0,1,0
2025-11-23,False,2,0.95,10,0.8,0,calibrated_quantile,2025-10-26;2025-11-01;2025-11-02;2025-11-08;2025-11-09;2025-11-15;2025-11-16;2025-11-22,8,7431.788949306805,2025-11-16;2025-11-09,2025-11-16;2025-11-09;2025-11-02;2025-10-26;2025-10-19;2025-02-09;2025-02-16;2025-02-02;2025-03-02;2025-10-12,,2025-11-22,7618.004650489296,8854.030553783054,8818.004650489296,16.91828485144527,21.159975342006415,21.787775714366163,38.23662818877694,85577.82051749178,277.32599436986266,6017.598444238746,54222.43619319911,1043.3960198337927,55265.8322130329,54222.43619319911,54222.436138976664,44214.28608154149,1433.5937239601687,lexicographic,5.422243613897667e-05,4.421428603732721e-05,False,0.5451975000032689,0.0,1,0
2025-11-24,False,2,0.95,10,0.8,0,calibrated_quantile,2025-10-27;2025-10-28;2025-10-29;2025-10-30;2025-10-31;2025-11-03;2025-11-04;2025-11-05;2025-11-06;2025-11-07;2025-11-10;2025-11-11;2025-11-12;2025-11-13;2025-11-14;2025-11-17;2025-11-18;2025-11-19;2025-11-20;2025-11-21,20,6854.43295773432,2025-11-17;2025-11-10,2025-11-17;2025-11-10;2025-11-03;2025-10-27;2025-11-18;2025-11-11;2025-11-04;2025-02-03;2025-10-20;2025-02-17,,2025-11-23,7581.9787471955615,8818.004650489296,8781.97874719556,17.194117109402978,21.162593921633828,12.864769195122578,25.42391989474278,84918.84397422042,348.3507879219182,6586.261656665812,53481.73607244291,1291.8568413609175,54773.59291380383,53481.7360724429,53481.73601896115,43390.61815705911,1434.324573986994,lexicographic,5.3481736018961156e-05,4.339061811366849e-05,False,0.3160968000011053,0.0,1,0
2025-11-25,False,2,0.95,10,0.8,0,calibrated_quantile,2025-10-28;2025-10-29;2025-10-30;2025-10-31;2025-11-03;2025-11-04;2025-11-05;2025-11-06;2025-11-07;2025-11-10;2025-11-11;2025-11-12;2025-11-13;2025-11-14;2025-11-17;2025-11-18;2025-11-19;2025-11-20;2025-11-21;2025-11-24,20,6794.5008804488825,2025-11-11;2025-11-18,2025-11-11;2025-11-18;2025-11-04;2025-11-19;2025-11-12;2025-11-24;2025-11-17;2025-11-10;2025-10-21;2025-11-03,,2025-11-24,7545.952843901804,8781.97874719556,8745.952843901803,18.243181764647492,22.506871912383243,18.555094557285372,36.288561549395034,85413.47846313992,276.52410858857183,4913.2549729294315,53893.986100696595,924.0061905966529,54817.992291293245,53893.9861006966,53893.98604680261,44239.391237307485,1448.792337932165,lexicographic,5.3893986046802613e-05,4.423939119306809e-05,False,0.17155889999776264,0.0,1,0
2025-11-26,False,2,0.95,10,0.8,0,calibrated_quantile,2025-10-29;2025-10-30;2025-10-31;2025-11-03;2025-11-04;2025-11-05;2025-11-06;2025-11-07;2025-11-10;2025-11-11;2025-11-12;2025-11-13;2025-11-14;2025-11-17;2025-11-18;2025-11-19;2025-11-20;2025-11-21;2025-11-24;2025-11-25,20,6758.237228263188,2025-11-19;2025-11-12,2025-11-19;2025-11-12;2025-11-20;2025-11-25;2025-11-11;2025-10-22;2025-11-05;2025-11-06;2025-11-13;2025-11-04,,2025-11-25,7509.9269406080475,8745.952843901803,8709.926940608048,20.2518326282555,24.395146159301333,12.70964062874512,24.67844432543065,86728.33863432292,162.5025435283879,5497.662541871705,54831.79240469591,616.0345268308251,55447.82693152673,54831.79240469591,54831.792349864125,44500.64683272893,1434.5173578147048,lexicographic,5.483179234986413e-05,4.4500646788228286e-05,False,0.35370920000059414,0.0,1,0
2025-11-27,False,2,0.95,10,0.8,0,calibrated_quantile,2025-10-30;2025-10-31;2025-11-03;2025-11-04;2025-11-05;2025-11-06;2025-11-07;2025-11-10;2025-11-11;2025-11-12;2025-11-13;2025-11-14;2025-11-17;2025-11-18;2025-11-19;2025-11-20;2025-11-21;2025-11-24;2025-11-25;2025-11-26,20,6440.268548337626,2025-11-20;2025-11-19,2025-11-20;2025-11-19;2025-11-06;2025-11-26;2025-11-21;2025-11-13;2025-10-30;2025-11-14;2025-02-06;2025-11-12,,2025-11-26,7473.901037314311,8709.926940608048,8673.90103731431,16.506446961063624,22.227876935626195,12.646496522078316,24.321369146431863,86936.31260388502,164.12818155786067,6655.273787325119,54916.521631188254,696.2172486034377,55612.738879791694,54916.521631188254,54916.52157627171,44774.64760625559,1442.9159475152985,lexicographic,5.4916521576271716e-05,4.477464756148094e-05,False,0.1822838000007323,0.0,1,0
2025-11-28,False,2,0.95,10,0.8,0,calibrated_quantile,2025-10-31;2025-11-03;2025-11-04;2025-11-05;2025-11-06;2025-11-07;2025-11-10;2025-11-11;2025-11-12;2025-11-13;2025-11-14;2025-11-17;2025-11-18;2025-11-19;2025-11-20;2025-11-21;2025-11-24;2025-11-25;2025-11-26;2025-11-27,20,6419.7908637016735,2025-11-21;2025-11-14,2025-11-21;2025-11-14;2025-11-07;2025-11-27;2025-11-20;2025-11-06;2025-11-13;2025-10-31;2025-10-30;2025-02-14,,2025-11-27,7437.8751340205545,8673.90103731431,8637.875134020554,19.0616420457676,23.63800722997999,17.99396465839864,32.321118100951836,39660.29423221117,397.1662457910977,5564.790158716933,21118.745340286634,1854.9877289415267,22973.73306922816,21118.74534028663,21118.74531916789,34363.88488597487,1318.144594744431,lexicographic,2.111874531916789e-05,3.436388485161099e-05,False,0.497238699997979,0.0,1,0
2025-11-29,False,2,0.95,10,0.8,0,calibrated_quantile,2025-11-01;2025-11-02;2025-11-08;2025-11-09;2025-11-15;2025-11-16;2025-11-22;2025-11-23,8,7365.40106006701,2025-11-15;2025-11-22,2025-11-15;2025-11-22;2025-11-01;2025-11-08;2025-10-25;2025-02-15;2025-02-08;2025-10-18;2025-09-27;2025-03-08,,2025-11-28,7430.985424846479,8637.875134020554,8630.98542484648,18.88503900445401,23.39457603845849,39.582930589843414,77.09341100451928,40753.49619460591,2006.8018351121996,4032.0379691298394,21549.951315449947,6209.519889173154,27759.4712046231,21549.951315449947,21549.95129389999,36253.934237779555,1298.688653513948,lexicographic,2.1549951293899993e-05,3.625393420152562e-05,False,0.293648499999108,0.0,1,0
2025-11-30,False,2,0.95,10,0.8,0,calibrated_quantile,2025-11-02;2025-11-08;2025-11-09;2025-11-15;2025-11-16;2025-11-22;2025-11-23;2025-11-29,8,7910.27931259148,2025-11-23;2025-11-16,2025-11-23;2025-11-16;2025-11-09;2025-02-02;2025-01-12;2025-01-19;2025-02-09;2025-11-02;2025-01-05;2025-02-16,,2025-11-29,7424.0957156724,8630.98542484648,8624.0957156724,19.42644549496734,24.09877457291568,36.624997483680666,74.4408526988529,87622.60632299744,1538.7847977632227,4259.423568988751,55704.241498933465,5253.285479563841,60957.526978497306,55704.241498933465,55704.24144322922,44430.65186344129,1488.263492426794,lexicographic,5.570424144322923e-05,4.443065181901064e-05,False,0.21053349999783677,0.0,1,0
2025-12-01,False,2,1.0,10,0.8,0,calibrated_quantile,2025-11-03;2025-11-04;2025-11-05;2025-11-06;2025-11-07;2025-11-10;2025-11-11;2025-11-12;2025-11-13;2025-11-14;2025-11-17;2025-11-18;2025-11-19;2025-11-20;2025-11-21;2025-11-24;2025-11-25;2025-11-26;2025-11-27;2025-11-28,20,6066.7554452762015,2025-11-24;2025-11-17,2025-11-24;2025-11-17;2025-11-10;2025-02-10;2025-02-03;2025-01-13;2025-11-11;2025-11-25;2025-01-20;2025-01-06,,2025-11-30,7417.206006498319,8624.0957156724,8617.20600649832,57.64646620370369,69.51540862551076,28.188327476270064,53.71449950364034,85486.2214308847,6506.111737190546,1075.8224995724222,53950.831883930856,24444.56446054683,78395.39634447769,53950.831883930856,53950.83182998004,44053.82415352697,1445.982183215072,lexicographic,5.395083182998004e-05,4.4053824109473154e-05,False,0.08445900000151596,1.348627512753239e-16,1,0
2025-12-02,False,2,1.0,10,0.8,0,calibrated_quantile,2025-11-04;2025-11-05;2025-11-06;2025-11-07;2025-11-10;2025-11-11;2025-11-12;2025-11-13;2025-11-14;2025-11-17;2025-11-18;2025-11-19;2025-11-20;2025-11-21;2025-11-24;2025-11-25;2025-11-26;2025-11-27;2025-11-28;2025-12-01,20,6407.772536594846,2025-01-07;2025-01-14,2025-01-07;2025-01-14;2025-01-21;2025-01-28;2025-02-04;2025-01-15;2025-01-22;2025-11-11;2025-11-25;2025-02-11,,2025-12-01,7654.030553783054,8617.20600649832,8854.030553783054,21.918450231481476,27.3837736370486,35.05928826174244,63.161831883843654,96688.1519472797,1045.852764329401,4114.761425330954,61824.38893667399,4387.538535682143,66211.92747235614,61824.38893667399,61824.38887484962,45211.1060713207,1557.9289558284815,lexicographic,6.182438887484962e-05,4.521110602610959e-05,False,0.140318900001148,0.0,1,0
2025-12-03,False,2,1.0,10,0.8,0,calibrated_quantile,2025-11-05;2025-11-06;2025-11-07;2025-11-10;2025-11-11;2025-11-12;2025-11-13;2025-11-14;2025-11-17;2025-11-18;2025-11-19;2025-11-20;2025-11-21;2025-11-24;2025-11-25;2025-11-26;2025-11-27;2025-11-28;2025-12-01;2025-12-02,20,6704.241934227237,2025-01-15;2025-01-08,2025-01-15;2025-01-08;2025-01-29;2025-01-09;2025-01-22;2025-12-02;2025-01-02;2025-01-16;2025-01-07;2025-01-23,,2025-12-02,7618.004650489296,8854.030553783054,8818.004650489296,21.887151215277783,27.39567189737448,18.816780208333334,44.37781666004764,101602.82739347254,24.587035282159036,9633.188211176064,65697.02820579699,53.24750597476889,65750.27571177176,65697.02820579699,65697.02814009998,46367.47986357614,1570.4339606450167,lexicographic,6.569702814009998e-05,4.6367479817208655e-05,False,0.1716006999995443,0.0,1,0
2025-12-04,False,2,1.0,10,0.8,0,calibrated_quantile,2025-11-06;2025-11-07;2025-11-10;2025-11-11;2025-11-12;2025-11-13;2025-11-14;2025-11-17;2025-11-18;2025-11-19;2025-11-20;2025-11-21;2025-11-24;2025-11-25;2025-11-26;2025-11-27;2025-11-28;2025-12-01;2025-12-02;2025-12-03,20,6518.357662533423,2025-01-09;2025-01-16,2025-01-09;2025-01-16;2025-12-03;2025-01-02;2025-01-23;2025-11-27;2025-01-30;2025-02-06;2025-01-15;2025-01-10,,2025-12-03,7581.9787471955615,8818.004650489296,8781.97874719556,24.129606423611133,29.0337874457735,17.40297397218982,34.74697293453625,100001.93840011464,190.25738872448935,8592.54261909296,64278.0275435839,932.2831876375162,65210.31073122141,64278.0275435839,64278.02747930589,46338.58434562789,1590.4695727046549,lexicographic,6.42780274793059e-05,4.633858429928929e-05,False,0.1643352999999479,0.0,1,0
2025-12-05,False,2,1.0,10,0.8,0,calibrated_quantile,2025-11-07;2025-11-10;2025-11-11;2025-11-12;2025-11-13;2025-11-14;2025-11-17;2025-11-18;2025-11-19;2025-11-20;2025-11-21;2025-11-24;2025-11-25;2025-11-26;2025-11-27;2025-11-28;2025-12-01;2025-12-02;2025-12-03;2025-12-04,20,6327.97876124866,2025-01-10;2025-01-17,2025-01-10;2025-01-17;2025-01-03;2025-01-24;2025-01-31;2025-12-04;2025-02-07;2025-01-09;2025-01-16;2025-11-21,,2025-12-04,7545.952843901804,8781.97874719556,8745.952843901803,24.595145775462957,29.440348424678046,13.314607054168603,32.3118353473147,52772.972939308704,321.87566662757126,7716.408655012319,28183.856236165127,1297.426746350134,29481.282982515262,28183.856236165127,28183.85620798127,39083.03594877789,1417.9731759509632,lexicographic,2.8183856207981272e-05,3.908303590969486e-05,False,0.18153710000115098,0.0,1,0
2025-12-06,False,2,1.0,10,0.8,0,calibrated_quantile,2025-11-08;2025-11-09;2025-11-15;2025-11-16;2025-11-22;2025-11-23;2025-11-29;2025-11-30,8,8333.083326713659,2025-01-04;2025-01-11,2025-01-04;2025-01-11;2025-01-18;2025-01-25;2025-02-01;2025-02-08;2025-11-22;2025-02-15;2025-11-29;2025-11-15,,2025-12-05,7509.9269406080475,8745.952843901803,8709.926940608048,24.269119791666657,30.34920406080534,21.403783465885866,39.0639676682503,55838.37502571725,90.89441995672053,8183.3279571545245,29666.35498174825,342.29386000525045,30008.6488417535,29666.35498174825,29666.35495208189,39221.152326222684,1417.8776483212437,lexicographic,2.966635495208189e-05,3.9221152287001534e-05,False,0.13689039999735542,0.0,1,0
2025-12-07,False,2,1.0,10,0.8,0,calibrated_quantile,2025-11-09;2025-11-15;2025-11-16;2025-11-22;2025-11-23;2025-11-29;2025-11-30;2025-12-06,8,8171.2534276124625,2025-01-12;2025-01-05,2025-01-12;2025-01-05;2025-01-19;2025-01-26;2025-11-30;2025-02-02;2025-02-09;2025-11-16;2025-11-23;2025-02-16,,2025-12-06,7473.901037314311,8709.926940608048,8673.90103731431,22.65982430555555,28.54642304194062,15.690897392921894,29.824900664183424,101323.75948075147,127.5114850063709,8961.953875881332,65192.94027543732,508.1136731731372,65701.05394861045,65192.94027543733,65192.94021024439,46416.61840055378,1608.6231763613316,lexicographic,6.51929402102444e-05,4.6416618400553784e-05,False,0.0749262000026647,2.232130531532641e-16,1,0
2025-12-08,False,2,1.0,10,0.8,0,calibrated_quantile,2025-11-10;2025-11-11;2025-11-12;2025-11-13;2025-11-14;2025-11-17;2025-11-18;2025-11-19;2025-11-20;2025-11-21;2025-11-24;2025-11-25;2025-11-26;2025-11-27;2025-11-28;2025-12-01;2025-12-02;2025-12-03;2025-12-04;2025-12-05,20,6301.6280715824405,2025-01-06;2025-01-20,2025-01-06;2025-01-20;2025-01-13;2025-01-27;2025-12-01;2025-12-02;2025-02-03;2025-01-07;2025-02-10;2025-01-14,,2025-12-07,7437.8751340205545,8673.90103731431,8637.875134020554,21.68788125000001,26.22340315777663,17.080184825102883,33.78226595181557,100068.40712678546,43.870869259846586,7440.696640842285,64591.08439797551,134.48879765884234,64725.57319563435,64591.084397975515,64591.084333384395,46299.772408839766,1540.468013534727,lexicographic,6.45910843333844e-05,4.629977236254e-05,False,0.07278229999792529,0.0,1,0
2025-12-09,False,2,1.0,10,0.8,0,calibrated_quantile,2025-11-11;2025-11-12;2025-11-13;2025-11-14;2025-11-17;2025-11-18;2025-11-19;2025-11-20;2025-11-21;2025-11-24;2025-11-25;2025-11-26;2025-11-27;2025-11-28;2025-12-01;2025-12-02;2025-12-03;2025-12-04;2025-12-05;2025-12-08,20,5792.555414883802,2025-12-02;2025-01-07,2025-12-02;2025-01-07;2025-01-14;2025-01-21;2025-01-28;2025-12-03;2025-12-08;2025-02-04;2025-01-15;2025-01-08,,2025-12-08,7430.985424846479,8637.875134020554,8630.98542484648,22.72583350694445,27.837074228664264,14.391055661693551,27.94425097520274,100044.6517863353,225.02505456666904,8012.213159658526,64374.46520458198,920.4333231440587,65294.89852772604,64374.465204581975,64374.46514020752,46448.992194196224,1596.0857325815539,lexicographic,6.437446514020752e-05,4.644899219419623e-05,False,0.07169930000236491,1.130255233707402e-16,1,0
2025-12-10,False,2,1.0,10,0.8,0,calibrated_quantile,2025-11-12;2025-11-13;2025-11-14;2025-11-17;2025-11-18;2025-11-19;2025-11-20;2025-11-21;2025-11-24;2025-11-25;2025-11-26;2025-11-27;2025-11-28;2025-12-01;2025-12-02;2025-12-03;2025-12-04;2025-12-05;2025-12-08;2025-12-09,20,5781.524100828419,2025-12-03;2025-01-15,2025-12-03;2025-01-15;2025-01-08;2025-01-29;2025-12-04;2025-01-22;2025-01-09;2025-12-09;2025-01-16;2025-01-02,,2025-12-09,7424.0957156724,8630.98542484648,8624.0957156724,20.56624328703702,26.925048094324634,19.62281876806863,38.60709556793537,98852.88068231341,411.5884422720668,6007.841219848599,63625.64929348866,1582.6521422827595,65208.30143577142,63625.649293488656,63625.64922986302,46448.99241800231,1572.80761140121,lexicographic,6.362564922986303e-05,4.6448992418002316e-05,False,0.0723147999997309,0.0,1,0
2025-12-11,False,2,1.0,10,0.8,0,calibrated_quantile,2025-11-13;2025-11-14;2025-11-17;2025-11-18;2025-11-19;2025-11-20;2025-11-21;2025-11-24;2025-11-25;2025-11-26;2025-11-27;2025-11-28;2025-12-01;2025-12-02;2025-12-03;2025-12-04;2025-12-05;2025-12-08;2025-12-09;2025-12-10,20,5825.9826984501515,2025-12-04;2025-01-09,2025-12-04;2025-01-09;2025-01-02;2025-01-16;2025-01-23;2025-12-10;2025-12-03;2025-01-15;2025-01-08;2025-12-05,,2025-12-10,7417.206006498319,8624.0957156724,8617.20600649832,23.616707118055558,29.58034950816217,14.86930572296878,29.88804003626861,100074.10821541578,124.09199733358935,9367.93609903619,64402.002244383926,400.1409717879121,64802.14321617184,64402.002244383926,64402.00217998194,46448.99218596946,1609.4820002462495,lexicographic,6.440200217998194e-05,4.644899218596945e-05,False,0.07125369999994291,0.0,1,0
2025-12-12,False,2,1.0,10,0.8,0,calibrated_quantile,2025-11-14;2025-11-17;2025-11-18;2025-11-19;2025-11-20;2025-11-21;2025-11-24;2025-11-25;2025-11-26;2025-11-27;2025-11-28;2025-12-01;2025-12-02;2025-12-03;2025-12-04;2025-12-05;2025-12-08;2025-12-09;2025-12-10;2025-12-11,20,5478.503616269067,2025-12-05;2025-01-10,2025-12-05;2025-01-10;2025-01-17;2025-01-24;2025-01-03;2025-02-07;2025-01-31;2025-12-11;2025-12-04;2025-11-21,,2025-12-11,7410.316297324243,8617.20600649832,8610.316297324243,22.590965625,28.391080313386496,20.799805653606796,48.54060669963412,51814.96165623071,809.3136307837356,4826.283819477278,27354.883690968538,2600.620863109187,29955.504554077725,27354.88369096854,27354.883663613644,38966.72435748571,1392.4863793217962,lexicographic,2.7354883663613646e-05,3.8966724318519e-05,False,0.14296049999757088,0.0,1,0
2025-12-13,False,2,1.0,10,0.8,0,calibrated_quantile,2025-11-15;2025-11-16;2025-11-22;2025-11-23;2025-11-29;2025-11-30;2025-12-06;2025-12-07,8,7821.143552965331,2025-01-11;2025-12-06,2025-01-11;2025-12-06;2025-01-04;2025-01-18;2025-02-01;2025-01-25;2025-02-08;2025-02-15;2025-11-22;2025-11-29,,2025-12-12,7403.426588150163,8610.316297324243,8603.426588150163,19.9465620949074,24.66000597150379,15.564848021642392,34.66054175539695,56203.990675660316,143.69094980635862,8434.128725740171,29883.66547229673,675.9791117464074,30559.644584043137,29883.66547229673,29883.665442413065,39266.2463220263,1401.7781874684238,lexicographic,2.9883665442413068e-05,3.926624628276005e-05,False,0.13413310000032652,0.0,1,0
2025-12-14,False,2,1.0,10,0.8,0,calibrated_quantile,2025-11-16;2025-11-22;2025-11-23;2025-11-29;2025-11-30;2025-12-06;2025-12-07;2025-12-13,8,7316.042100229308,2025-12-07;2025-01-12,2025-12-07;2025-01-12;2025-01-05;2025-01-19;2025-01-26;2025-02-02;2025-11-30;2025-02-09;2025-11-16;2025-02-16,,2025-12-13,7396.536878976088,8603.426588150163,8596.536878976087,20.810150636574072,26.212766223754052,13.302244971919416,26.7062021528172,100454.31507363771,133.08298787655735,6939.666854358014,64610.97289968337,562.4100890960716,65173.38298877944,64610.97289968337,64610.972835072396,46448.99212350616,1659.544817058779,lexicographic,6.461097283507241e-05,4.6448992123506166e-05,False,0.07188740000128746,0.0,1,0
2025-12-15,False,2,1.0,10,0.8,0,calibrated_quantile,2025-11-17;2025-11-18;2025-11-19;2025-11-20;2025-11-21;2025-11-24;2025-11-25;2025-11-26;2025-11-27;2025-11-28;2025-12-01;2025-12-02;2025-12-03;2025-12-04;2025-12-05;2025-12-08;2025-12-09;2025-12-10;2025-12-11;2025-12-12,20,5546.015216675261,2025-12-08;2025-01-13,2025-12-08;2025-01-13;2025-01-06;2025-01-20;2025-01-27;2025-12-01;2025-12-09;2025-02-10;2025-01-07;2025-02-03,,2025-12-14,7389.647169802009,8596.536878976087,8589.647169802009,20.559930150462964,25.03337164273063,21.16038525810902,45.73841814734307,98962.48784672214,643.3334577521651,5267.2538982494225,63578.215096899425,2123.8905341114883,65702.10563101091,63578.215096899425,63578.21503332123,46448.992432177445,1571.0703139693076,lexicographic,6.357821503332123e-05,4.6448992432177447e-05,False,0.07396890000018175,0.0,1,0
2025-12-16,False,2,1.0,10,0.8,0,calibrated_quantile,2025-11-18;2025-11-19;2025-11-20;2025-11-21;2025-11-24;2025-11-25;2025-11-26;2025-11-27;2025-11-28;2025-12-01;2025-12-02;2025-12-03;2025-12-04;2025-12-05;2025-12-08;2025-12-09;2025-12-10;2025-12-11;2025-12-12;2025-12-15,20,5568.752400414392,2025-12-09;2025-01-07,2025-12-09;2025-01-07;2025-01-14;2025-12-02;2025-01-21;2025-12-10;2025-01-08;2025-12-03;2025-12-15;2025-01-13,,2025-12-15,7382.757460627928,8589.647169802009,8582.757460627927,18.823614467592577,24.410524330878207,9.561785815653186,19.379427289737503,100647.15703947828,62.331322766744,6422.387628294069,64819.368324112096,211.48791974671417,65030.85624385881,64819.368324112096,64819.36825929271,46448.992061217185,1605.9160494112746,lexicographic,6.48193682592927e-05,4.6448992061217185e-05,False,0.06871559999854071,0.0,1,0
2025-12-17,False,2,1.0,10,0.8,0,calibrated_quantile,2025-11-19;2025-11-20;2025-11-21;2025-11-24;2025-11-25;2025-11-26;2025-11-27;2025-11-28;2025-12-01;2025-12-02;2025-12-03;2025-12-04;2025-12-05;2025-12-08;2025-12-09;2025-12-10;2025-12-11;2025-12-12;2025-12-15;2025-12-16,20,5275.4882751506775,2025-01-08;2025-12-10,2025-01-08;2025-12-10;2025-12-03;2025-01-15;2025-12-11;2025-01-29;2025-01-02;2025-12-16;2025-12-04;2025-01-09,,2025-12-16,7375.867751453852,8582.757460627927,8575.867751453852,22.01757048611111,26.673239338143407,6.701114067172749,14.29143890561543,99558.26822337185,243.87065385418066,6817.247244645801,63861.58622707595,892.9108135810766,64754.49704065703,63861.58622707595,63861.58616321438,45725.327056931,1588.158944489794,lexicographic,6.386158616321438e-05,4.5725327011205664e-05,False,0.11502970000219648,0.0,1,0
2025-12-18,False,2,1.0,10,0.8,0,calibrated_quantile,2025-11-20;2025-11-21;2025-11-24;2025-11-25;2025-11-26;2025-11-27;2025-11-28;2025-12-01;2025-12-02;2025-12-03;2025-12-04;2025-12-05;2025-12-08;2025-12-09;2025-12-10;2025-12-11;2025-12-12;2025-12-15;2025-12-16;2025-12-17,20,5053.826642723954,2025-12-11;2025-01-02,2025-12-11;2025-01-02;2025-12-04;2025-01-09;2025-01-16;2025-01-23;2025-12-17;2025-12-10;2025-12-03;2025-01-08,,2025-12-17,7368.978042279772,8575.867751453852,8568.978042279772,23.382370775462952,28.582157861501425,16.72700667609287,37.01367512526305,98987.3452821026,358.5522666927885,7159.374895823741,63566.73781541454,1261.4981414336319,64828.23595684817,63566.73781541454,63566.73775184778,45984.54878276507,1541.0079888266564,lexicographic,6.356673775184778e-05,4.598454873678052e-05,False,0.0707129000002169,2.289234235233953e-16,1,0
2025-12-19,False,2,1.0,10,0.8,0,calibrated_quantile,2025-11-21;2025-11-24;2025-11-25;2025-11-26;2025-11-27;2025-11-28;2025-12-01;2025-12-02;2025-12-03;2025-12-04;2025-12-05;2025-12-08;2025-12-09;2025-12-10;2025-12-11;2025-12-12;2025-12-15;2025-12-16;2025-12-17;2025-12-18,20,4858.054608901992,2025-12-12;2025-12-05,2025-12-12;2025-12-05;2025-01-10;2025-01-17;2025-01-24;2025-01-31;2025-01-03;2025-02-07;2025-12-04;2025-12-11,,2025-12-18,7324.406406137483,8568.978042279772,8524.406406137483,20.65240844907408,25.08524572976471,13.30534397972478,26.89043096744422,51112.17838224222,685.613700163382,4865.016338708901,26685.020232736995,2842.077487823996,29527.097720560992,26685.020232737,26685.020206051984,38759.814674458714,1386.0914705858288,lexicographic,2.6685020206051987e-05,3.875981463569891e-05,False,0.16725880000012694,0.0,1,0
2025-12-20,False,2,1.0,10,0.8,0,calibrated_quantile,2025-11-22;2025-11-23;2025-11-29;2025-11-30;2025-12-06;2025-12-07;2025-12-13;2025-12-14,8,6808.391890537973,2025-12-13;2025-12-06,2025-12-13;2025-12-06;2025-01-11;2025-01-18;2025-01-04;2025-02-01;2025-01-25;2025-02-08;2025-11-22;2025-02-15,,2025-12-19,7279.83476999517,8524.406406137483,8479.83476999517,18.018350925925922,22.22711108756598,12.964666584304922,26.155345135551066,54810.57556603223,303.5999974501543,8182.813467469501,29037.220411591792,1049.2054053782867,30086.425816970077,29037.220411591792,29037.220382554555,39242.08824389214,1376.2364583139827,lexicographic,2.9037220382554555e-05,3.9242088204650054e-05,False,0.20822960000077728,0.0,1,0
2025-12-21,False,2,1.0,10,0.8,0,calibrated_quantile,2025-11-23;2025-11-29;2025-11-30;2025-12-06;2025-12-07;2025-12-13;2025-12-14;2025-12-20,8,6574.7391832600615,2025-12-14;2025-12-07,2025-12-14;2025-12-07;2025-01-12;2025-01-05;2025-01-19;2025-01-26;2025-02-02;2025-11-30;2025-02-09;2025-02-16,,2025-12-20,7235.263133852855,8479.83476999517,8435.263133852855,21.695539583333332,27.169960246410824,9.407097643807209,21.741827493458523,100102.66512167941,412.2061410944242,6649.948791038735,64430.7526562696,1291.5741358536945,65722.32679212329,64430.75265626959,64430.75259183885,46407.12336963187,1651.590205061174,lexicographic,6.443075259183886e-05,4.640712336962891e-05,False,0.30839519999790355,0.0,1,0
2025-12-22,False,2,1.0,10,0.8,0,calibrated_quantile,2025-11-24;2025-11-25;2025-11-26;2025-11-27;2025-11-28;2025-12-01;2025-12-02;2025-12-03;2025-12-04;2025-12-05;2025-12-08;2025-12-09;2025-12-10;2025-12-11;2025-12-12;2025-12-15;2025-12-16;2025-12-17;2025-12-18;2025-12-19,20,4895.233197477106,2025-12-15;2025-12-08,2025-12-15;2025-12-08;2025-01-13;2025-01-06;2025-01-20;2025-01-27;2025-12-01;2025-12-16;2025-12-09;2025-02-10,,2025-12-21,7190.691497710567,8435.263133852855,8390.691497710566,19.724965682870355,24.464925142467365,8.765870515206343,17.907053873011968,98565.15298785182,522.2464666631358,5393.239029958761,63228.43873984236,1874.2275989709751,65102.66633881333,63228.43873984235,63228.438676613936,45736.40154036592,1567.3261294573404,lexicographic,6.322843867661394e-05,4.573640149462952e-05,False,0.19636290000198642,0.0,1,0
2025-12-23,False,2,1.0,10,0.8,0,calibrated_quantile,2025-11-25;2025-11-26;2025-11-27;2025-11-28;2025-12-01;2025-12-02;2025-12-03;2025-12-04;2025-12-05;2025-12-08;2025-12-09;2025-12-10;2025-12-11;2025-12-12;2025-12-15;2025-12-16;2025-12-17;2025-12-18;2025-12-19;2025-12-22,20,4867.142741227148,2025-12-09;2025-12-16,2025-12-09;2025-12-16;2025-01-07;2025-01-14;2025-12-02;2025-01-21;2025-01-28;2025-02-04;2025-12-15;2025-12-17,,2025-12-22,7146.119861568252,8390.691497710566,8346.119861568252,17.804748842592588,22.31700989593094,11.331030623949232,24.06174745293032,98627.8212720492,126.46278639098144,6724.679291336652,63387.223926451545,350.8415800410934,63738.06550649264,63387.22392645154,63387.22386306435,45877.1899377908,1568.3722233977887,lexicographic,6.338722386306435e-05,4.587718989191361e-05,False,0.07459839999864926,0.0,1,0
2025-12-24,False,2,1.0,10,0.8,0,calibrated_quantile,2025-11-26;2025-11-27;2025-11-28;2025-12-01;2025-12-02;2025-12-03;2025-12-04;2025-12-05;2025-12-08;2025-12-09;2025-12-10;2025-12-11;2025-12-12;2025-12-15;2025-12-16;2025-12-17;2025-12-18;2025-12-19;2025-12-22;2025-12-23,20,4623.063475685918,2025-12-10;2025-12-17,2025-12-10;2025-12-17;2025-12-03;2025-01-15;2025-01-08;2025-01-29;2025-12-18;2025-12-11;2025-12-04;2025-01-22,,2025-12-23,7101.548225425964,8346.119861568252,8301.548225425964,17.81412858796296,22.391528788349103,11.815311260197706,25.07735502583731,97049.95562209448,325.5368442454263,4756.89614070258,62145.59107368093,1463.2144702073433,63608.80554388827,62145.59107368093,62145.59101153531,45805.97858575276,1550.4875973393541,lexicographic,6.214559101153532e-05,4.580597853994678e-05,False,0.07877369999914663,2.34158449400952e-16,1,0
2025-12-25,False,2,1.0,10,0.8,0,calibrated_quantile,2025-11-27;2025-11-28;2025-12-01;2025-12-02;2025-12-03;2025-12-04;2025-12-05;2025-12-08;2025-12-09;2025-12-10;2025-12-11;2025-12-12;2025-12-15;2025-12-16;2025-12-17;2025-12-18;2025-12-19;2025-12-22;2025-12-23;2025-12-24,20,4582.02250752769,2025-12-11;2025-12-04,2025-12-11;2025-12-04;2025-01-09;2025-12-18;2025-01-16;2025-01-23;2025-01-02;2025-12-24;2025-02-06;2025-01-30,,2025-12-24,7056.97658928365,8301.548225425964,8256.976589283651,21.046116377314817,27.086051642550053,14.845989953976279,34.0014397722785,97592.71667797491,744.2899235338448,5715.67397011086,62944.9199231478,2136.5456241032225,65081.46554725102,62944.9199231478,62944.91986020288,46233.206118700255,1531.292521219795,lexicographic,6.294491986020289e-05,4.623320607246705e-05,False,0.176226300001872,0.0,1,0
2025-12-26,False,2,1.0,10,0.8,0,calibrated_quantile,2025-11-28;2025-12-01;2025-12-02;2025-12-03;2025-12-04;2025-12-05;2025-12-08;2025-12-09;2025-12-10;2025-12-11;2025-12-12;2025-12-15;2025-12-16;2025-12-17;2025-12-18;2025-12-19;2025-12-22;2025-12-23;2025-12-24;2025-12-25,20,4661.887796807436,2025-12-12;2025-12-19,2025-12-12;2025-12-19;2025-01-10;2025-01-24;2025-01-03;2025-01-17;2025-12-05;2025-02-07;2025-12-18;2025-01-31,,2025-12-25,7012.404953141336,8256.976589283651,8212.404953141337,18.383229571759255,22.856137728082185,12.60958223410435,28.46233114327622,51185.42118696524,324.79516221450695,4464.445051469342,26847.252359791153,1145.8295442939861,27993.08190408514,26847.25235979115,26847.252332943906,38890.9388925194,1368.1372341529736,lexicographic,2.684725233294391e-05,3.889093885362847e-05,False,0.1608922999985225,0.0,1,0
2025-12-27,False,2,1.0,10,0.8,0,calibrated_quantile,2025-11-29;2025-11-30;2025-12-06;2025-12-07;2025-12-13;2025-12-14;2025-12-20;2025-12-21,8,6332.912191068216,2025-12-20;2025-12-06,2025-12-20;2025-12-06;2025-12-13;2025-01-11;2025-01-18;2025-01-04;2025-01-25;2025-02-01;2025-02-08;2025-02-15,,2025-12-26,6967.833316999048,8212.404953141337,8167.833316999048,22.47513113425926,27.309879200912242,11.099135590216898,22.962572908119622,53852.61788023662,370.5721261313763,6751.2824125921725,28379.244610354817,1582.402137792349,29961.646748147166,28379.244610354817,28379.24458197557,39795.45936380898,1386.0150235346462,lexicographic,2.8379244581975574e-05,3.979545932401353e-05,False,0.1686848999997892,0.0,1,0
2025-12-28,False,2,1.0,10,0.8,0,calibrated_quantile,2025-11-30;2025-12-06;2025-12-07;2025-12-13;2025-12-14;2025-12-20;2025-12-21;2025-12-27,8,4957.236163517436,2025-12-21;2025-12-14,2025-12-21;2025-12-14;2025-12-07;2025-01-12;2025-01-19;2025-01-05;2025-01-26;2025-02-02;2025-11-30;2025-02-09,,2025-12-27,6923.261680856734,8167.833316999048,8123.261680856734,23.266688715277773,27.72935914782176,16.021824870416495,32.81288870011357,98720.46339616054,541.3865643454526,7642.922928838951,63452.96623296252,2128.350077188024,65581.31631015055,63452.96623296253,63452.966169509564,46240.714604597604,1593.938013943884,lexicographic,6.345296616950957e-05,4.624071455835689e-05,False,0.14895330000217655,0.0,1,0
2025-12-29,False,2,1.0,10,0.8,0,calibrated_quantile,2025-12-01;2025-12-02;2025-12-03;2025-12-04;2025-12-05;2025-12-08;2025-12-09;2025-12-10;2025-12-11;2025-12-12;2025-12-15;2025-12-16;2025-12-17;2025-12-18;2025-12-19;2025-12-22;2025-12-23;2025-12-24;2025-12-25;2025-12-26,20,4579.332119551664,2025-12-22;2025-12-15,2025-12-22;2025-12-15;2025-01-13;2025-12-08;2025-01-06;2025-01-20;2025-01-27;2025-02-10;2025-02-03;2025-12-01,,2025-12-28,6903.6782226024325,8123.261680856734,8103.6782226024325,20.341561689814814,25.742361359656126,10.654707610714103,21.932788286756825,98246.43078807628,275.31281862826074,6167.983507431756,62920.36991461854,926.5171604353229,63846.88707505386,62920.36991461854,62920.36985169818,46197.57400986758,1588.323581712004,lexicographic,6.292036985169819e-05,4.619757396367001e-05,False,0.19966569999814965,0.0,1,0
2025-12-30,False,2,1.0,10,0.8,0,calibrated_quantile,2025-12-02;2025-12-03;2025-12-04;2025-12-05;2025-12-08;2025-12-09;2025-12-10;2025-12-11;2025-12-12;2025-12-15;2025-12-16;2025-12-17;2025-12-18;2025-12-19;2025-12-22;2025-12-23;2025-12-24;2025-12-25;2025-12-26;2025-12-29,20,3784.491875745055,2025-12-23;2025-12-09,2025-12-23;2025-12-09;2025-12-16;2025-01-07;2025-01-14;2025-01-21;2025-01-28;2025-12-02;2025-02-04;2025-12-24,,2025-12-29,6884.09476434812,8103.6782226024325,8084.09476434812,19.358311979166672,23.85583381761642,16.061049579055634,34.05071918796653,96654.70079951681,326.3349449931088,5923.149301704051,61991.89495577832,1198.2723114064468,63190.16726718477,61991.89495577832,61991.89489378643,46230.82094913892,1536.682487850701,lexicographic,6.199189489378644e-05,4.62308209029081e-05,False,0.14668770000207587,0.0,1,0
2025-12-31,False,2,1.0,10,0.8,0,calibrated_quantile,2025-12-03;2025-12-04;2025-12-05;2025-12-08;2025-12-09;2025-12-10;2025-12-11;2025-12-12;2025-12-15;2025-12-16;2025-12-17;2025-12-18;2025-12-19;2025-12-22;2025-12-23;2025-12-24;2025-12-25;2025-12-26;2025-12-29;2025-12-30,20,3340.1976142227445,2025-12-24;2025-12-10,2025-12-24;2025-12-10;2025-01-15;2025-12-03;2025-12-17;2025-01-29;2025-01-08;2025-01-22;2025-02-05;2025-12-25,,2025-12-30,6864.511306093808,8084.09476434812,8064.511306093808,22.535337037037042,28.47149613153722,9.76689073323345,21.725902412278398,96242.19008064421,952.5289801452877,3756.259137437978,61388.647284592065,3852.9730404622687,65241.62032505433,61388.64728459206,61388.6472232034,45835.98514100365,1541.5840735654635,lexicographic,6.13886472232034e-05,4.583598509516766e-05,False,0.15834240000185673,0.0,1,0
