date,warmup,k_load,rho_load,k_pv,rho_pv,scenario_count,purchase_strategy,risk_source_dates,risk_source_day_count,purchase_margin_kwh,similar_load_dates,similar_pv_dates,scenario_source_dates,reserve_latest_source_date,reserve_kwh,soc_start_kwh,soc_end_kwh,load_mae_kwh,load_rmse_kwh,pv_mae_kwh,pv_rmse_kwh,planned_grid_kwh,actual_emergency_kwh,actual_surplus_kwh,planned_cost_yuan,emergency_cost_yuan,actual_total_cost_yuan,solver_objective_yuan,primary_optimum_yuan,storage_throughput_kwh,peak_grid_kwh,objective_mode,cost_lock_tolerance,throughput_lock_tolerance,lexicographic_tolerance_relaxed,solver_seconds,mip_gap,mip_node_count,solver_status
2025-01-01,True,4,1.0,7,1.0,1,legacy_scenarios,,0,0.0,,,,,0.0,6000.0,1200.0,113.22068668981478,133.3022984116728,140.49898124999996,202.86438614058318,54149.365590550944,36514.41488333333,21.217300000000023,32909.86528886616,146586.90245181666,179496.76774068282,32909.86528886616,32909.8652559563,32207.271655599336,1409.802763499626,lexicographic,3.29098652559563e-05,3.220727162339207e-05,False,0.33207670000047074,0.0,1,0
2025-01-02,True,4,1.0,7,1.0,1,legacy_scenarios,,0,0.0,2025-01-01,2025-01-01,2025-01-01,2025-01-01,0.0,1200.0,1200.0,23.174773842592586,30.59957725485432,10.191742013888886,22.31262096676364,121187.55481800545,1078.4512333333328,24345.769549999997,80989.97380738662,3690.905855833331,84680.87966321995,113351.5922729366,113351.592159585,47964.973656613576,1915.6016626657388,lexicographic,0.000113351592159585,4.7964973608648594e-05,False,0.12899950000064564,0.0,1,0
2025-01-03,True,4,1.0,7,1.0,2,legacy_scenarios,,0,0.0,2025-01-02,2025-01-02,2025-01-02;2025-01-01,2025-01-02,0.0,1200.0,1200.0,317.8716789351851,348.7040332424474,14.416922685185186,34.59753499876732,122067.11959109809,0.0,71527.18066666667,81754.5938942043,0.0,81754.5938942043,99925.96195176264,99925.96185183665,47964.97673449597,1912.4201794637067,lexicographic,9.992596185183665e-05,4.7964976734494286e-05,False,0.14331049999964307,1.4562697179681322e-16,1,0
2025-01-04,True,4,1.0,7,1.0,3,legacy_scenarios,,0,0.0,2025-01-02;2025-01-03,2025-01-02;2025-01-03,2025-01-03;2025-01-02;2025-01-01,2025-01-03,0.0,1200.0,1200.0,160.62484398148146,176.43343098782768,13.496411921296293,34.372197882564734,98237.90548959529,125.69500000000005,48634.08835833332,62151.69617870356,268.7359100000001,62420.432088703565,74327.74660861329,74327.74653428551,47287.77196798675,1678.534834638601,lexicographic,7.432774653428552e-05,4.728777192069897e-05,False,0.18778089999977965,0.0,1,0
2025-01-05,True,4,1.0,7,1.0,4,legacy_scenarios,,0,0.0,2025-01-04;2025-01-02;2025-01-03,2025-01-04;2025-01-02;2025-01-03,2025-01-04;2025-01-03;2025-01-02;2025-01-01,2025-01-04,0.0,1200.0,1200.0,212.01386859567904,233.77631031764665,8.594969907407412,17.060329152744558,90014.20848887303,14603.011850000003,8704.845405555552,55605.654769347544,61680.16771044722,117285.82247979476,64810.351417777405,64810.351352967074,46456.64729634028,1603.423387051109,lexicographic,6.481035135296708e-05,4.6456647296334436e-05,False,0.16366129999732948,1.1226536289793353e-16,1,0
2025-01-06,True,4,1.0,7,1.0,5,legacy_scenarios,,0,0.0,2025-01-05;2025-01-04;2025-01-02;2025-01-03,2025-01-05;2025-01-04;2025-01-02;2025-01-03,2025-01-03;2025-01-02;2025-01-01;2025-01-05;2025-01-04,2025-01-05,9600.0,1200.0,10800.0,153.12547980324072,169.0588475659639,10.199889641203704,18.703873205654457,105422.1587042349,10192.509579166666,9349.51824162676,64414.39777545165,42773.92441210208,107188.32218755374,85984.62961686037,85984.62953087577,57974.372550591725,1610.9678399960856,lexicographic,8.598462953087577e-05,5.797437249261735e-05,False,0.21075700000073994,0.0,1,0
2025-01-07,True,4,1.0,7,1.0,5,legacy_scenarios,,0,0.0,2025-01-06;2025-01-05;2025-01-04;2025-01-03,2025-01-06;2025-01-05;2025-01-04;2025-01-03;2025-01-02,2025-01-06;2025-01-03;2025-01-02;2025-01-01;2025-01-05,2025-01-06,9600.0,10800.0,10800.0,155.2669320601852,173.6515376588082,16.54014543981482,37.71145158073236,94677.62244514885,10384.913862222224,7538.4891462435735,59708.393800744016,43479.53507560959,103187.9288763536,89800.61346252705,89800.61337272651,47223.34022179352,1604.4349832606772,lexicographic,8.980061337272651e-05,4.722334017457018e-05,False,0.29870519999894896,3.2409389383494873e-16,1,0
2025-01-08,True,4,1.0,7,1.0,5,legacy_scenarios,,0,0.0,2025-01-07;2025-01-06;2025-01-03;2025-01-02,2025-01-07;2025-01-06;2025-01-03;2025-01-02;2025-01-04;2025-01-05,2025-01-07;2025-01-06;2025-01-03;2025-01-02;2025-01-01,2025-01-07,9600.0,10800.0,10800.0,76.57864282407408,86.28541026220604,11.743839756944448,27.510074910574733,106191.48870137743,4869.559020833333,16500.048737702797,68976.30406255917,20180.026293962503,89156.33035652168,95422.15807119702,95422.15797577491,47964.97778311983,1720.6140574250162,lexicographic,9.542215797577491e-05,4.796497778313101e-05,False,0.28852090000145836,1.5250037870723052e-16,1,0
2025-01-09,True,4,1.0,7,1.0,6,legacy_scenarios,,0,0.0,2025-01-07;2025-01-06;2025-01-08;2025-01-05,2025-01-07;2025-01-06;2025-01-08;2025-01-05;2025-01-04;2025-01-03;2025-01-02,2025-01-08;2025-01-07;2025-01-06;2025-01-03;2025-01-02;2025-01-01,2025-01-08,9600.0,10800.0,10800.0,18.543603269675916,24.68488685753256,14.302365443121687,28.964994506799798,110957.60126310047,811.0136333333337,15690.802539642862,73250.1270675677,2382.3757356375027,75632.50280320519,102769.40319287457,102769.40309010522,47500.65155065767,1765.0389596080197,lexicographic,0.00010276940309010522,4.750065150315703e-05,False,0.3470595000035246,0.0,1,0
2025-01-10,True,4,1.0,7,1.0,7,legacy_scenarios,,0,0.0,2025-01-09;2025-01-08;2025-01-07;2025-01-06,2025-01-09;2025-01-08;2025-01-07;2025-01-06;2025-01-03;2025-01-04;2025-01-02,2025-01-09;2025-01-08;2025-01-07;2025-01-06;2025-01-03;2025-01-02;2025-01-01,2025-01-09,9600.0,10800.0,10800.0,315.2259735243055,343.80741676306536,13.036234490740743,23.581469382985006,110914.96354142716,0.0,60438.61378130952,73204.97834802934,0.0,73204.97834802934,98826.9628069848,98826.96270815782,47495.191098138326,1765.13955425116,lexicographic,9.882696270815783e-05,4.749519105064313e-05,False,0.35685880000164616,0.0,1,0
2025-01-11,True,4,1.0,7,1.0,5,legacy_scenarios,,0,0.0,2025-01-10;2025-01-04;2025-01-05;2025-01-09,2025-01-10;2025-01-04;2025-01-05;2025-01-09;2025-01-08;2025-01-07;2025-01-06,2025-01-05;2025-01-04;2025-01-10;2025-01-09;2025-01-08,2025-01-10,9600.0,10800.0,10800.0,160.43242879050925,177.37324896535188,8.88114518849207,17.65386992893256,86571.88040287208,91.34416666666539,36920.6735432886,53747.99910130003,195.2938283333306,53943.29292963336,72096.95806051801,72096.95798842103,46456.645164979534,1531.105624908067,lexicographic,7.209695798842104e-05,4.645664511852289e-05,False,0.1937158000000636,0.0,1,0
2025-01-12,True,4,1.0,7,1.0,5,legacy_scenarios,,0,0.0,2025-01-11;2025-01-10;2025-01-05;2025-01-04,2025-01-11;2025-01-10;2025-01-05;2025-01-04;2025-01-09;2025-01-06;2025-01-07,2025-01-11;2025-01-05;2025-01-04;2025-01-10;2025-01-09,2025-01-11,9600.0,10800.0,10800.0,231.62261385995367,254.54862271919572,9.330521312830685,18.99400306046369,74393.249241963,21507.63141917243,249.32705396825452,44096.78731806662,86879.49373369594,130976.28105176256,58852.47501051852,58852.47495166607,45589.758026171636,1396.1745896953153,lexicographic,5.885247495166607e-05,4.5589757980581885e-05,False,0.280648599997221,0.0,1,0
2025-01-13,True,4,1.0,7,1.0,8,legacy_scenarios,,0,0.0,2025-01-10;2025-01-12;2025-01-07;2025-01-08,2025-01-10;2025-01-12;2025-01-07;2025-01-08;2025-01-11;2025-01-06;2025-01-09,2025-01-10;2025-01-09;2025-01-08;2025-01-07;2025-01-06;2025-01-03;2025-01-02;2025-01-01,2025-01-12,9600.0,10800.0,10800.0,80.42537786458335,90.09165214394307,18.904435813492082,33.965321589273174,99391.63842203503,5127.986495833333,11369.003986666672,63779.27117681023,20811.176881777083,84590.44805858731,86126.84893829902,86126.84885217213,46456.64092530751,1650.3843955165153,lexicographic,8.612684885217214e-05,4.6456640925313084e-05,False,0.4419780999996874,0.0,1,0
2025-01-14,True,4,1.0,7,1.0,9,legacy_scenarios,,0,0.0,2025-01-09;2025-01-13;2025-01-07;2025-01-12,2025-01-09;2025-01-13;2025-01-07;2025-01-12;2025-01-06;2025-01-10;2025-01-11,2025-01-13;2025-01-10;2025-01-09;2025-01-08;2025-01-07;2025-01-06;2025-01-03;2025-01-02;2025-01-01,2025-01-13,9600.0,10800.0,10800.0,18.74131059027778,23.157980450644043,11.960215823412709,23.98416661720409,110797.95019197415,1009.2585916666669,17522.686548571433,73012.09697858267,3293.389235491668,76305.48621407434,95166.01144835207,95166.01135318611,47671.67808495923,1761.2050827966727,lexicographic,9.516601135318612e-05,4.767167803728755e-05,False,0.5496247000010044,0.0,1,0
2025-01-15,True,4,1.0,7,1.0,10,legacy_scenarios,,0,0.0,2025-01-14;2025-01-09;2025-01-13;2025-01-10,2025-01-14;2025-01-09;2025-01-13;2025-01-10;2025-01-07;2025-01-12;2025-01-06,2025-01-14;2025-01-13;2025-01-10;2025-01-09;2025-01-08;2025-01-07;2025-01-06;2025-01-03;2025-01-02;2025-01-01,2025-01-14,9600.0,10800.0,10800.0,79.35085726273148,90.22398859570124,9.678541005291002,18.616331272321712,98073.59655296209,5050.389867261903,8176.9794532544665,62752.79251325327,21754.697309396422,84507.48982264969,83924.44003260364,83924.43994867927,46456.641583587,1592.2145038497017,lexicographic,8.392443994867927e-05,4.6456641583597695e-05,False,0.532531699998799,0.0,1,0
2025-01-16,True,4,1.0,7,1.0,11,legacy_scenarios,,0,0.0,2025-01-15;2025-01-10;2025-01-14;2025-01-09,2025-01-15;2025-01-10;2025-01-14;2025-01-09;2025-01-07;2025-01-13;2025-01-08,2025-01-15;2025-01-14;2025-01-13;2025-01-10;2025-01-09;2025-01-08;2025-01-07;2025-01-06;2025-01-03;2025-01-02;2025-01-01,2025-01-15,9600.0,10800.0,10800.0,78.99361782407408,88.4022191100579,15.770518634259266,32.492414400432736,95241.14049891153,5074.959358928571,6365.284366071431,60736.58330975956,21084.58828764375,81821.17159740331,83665.13203091634,83665.13194725117,46456.641661059475,1595.8615395093134,lexicographic,8.366513194725117e-05,4.645664166104684e-05,False,0.3813795999994909,0.0,1,0
2025-01-17,True,4,1.0,7,1.0,12,legacy_scenarios,,0,0.0,2025-01-16;2025-01-15;2025-01-10;2025-01-14,2025-01-16;2025-01-15;2025-01-10;2025-01-14;2025-01-09;2025-01-07;2025-01-13,2025-01-16;2025-01-15;2025-01-14;2025-01-13;2025-01-10;2025-01-09;2025-01-08;2025-01-07;2025-01-06;2025-01-03;2025-01-02;2025-01-01,2025-01-16,9600.0,10800.0,10800.0,241.08244337384258,264.7647145378256,11.897375810185197,22.92634785488274,95021.42941385602,0.0,47455.65189678571,60561.85643512991,0.0,60561.85643512991,83389.98195239881,83389.98186900887,46456.641743318905,1590.0665385279465,lexicographic,8.338998186900888e-05,4.645664174331864e-05,False,0.40938309999910416,1.745043577443796e-16,1,0
2025-01-18,True,4,1.0,7,1.0,5,legacy_scenarios,,0,0.0,2025-01-12;2025-01-11;2025-01-17;2025-01-16,2025-01-12;2025-01-11;2025-01-17;2025-01-16;2025-01-15;2025-01-14;2025-01-04,2025-01-12;2025-01-11;2025-01-05;2025-01-04;2025-01-17,2025-01-17,9600.0,10800.0,10800.0,159.61433272569445,175.89388512040037,12.71195305886244,22.94699779741692,88888.35157024016,119.59041666666599,40888.768860919314,55416.11096199694,255.68431083333186,55671.79527283028,81667.46865837314,81667.46857670565,46456.64230458272,1600.5657350268184,lexicographic,8.166746857670565e-05,4.645664225812609e-05,False,0.18669799999770476,1.781849674292164e-16,1,0
2025-01-19,True,4,1.0,7,1.0,5,legacy_scenarios,,0,0.0,2025-01-18;2025-01-12;2025-01-11;2025-01-17,2025-01-18;2025-01-12;2025-01-11;2025-01-17;2025-01-14;2025-01-16;2025-01-15,2025-01-18;2025-01-12;2025-01-11;2025-01-05;2025-01-04,2025-01-18,9600.0,10800.0,10800.0,233.73216880787035,258.3747073217141,11.925785152116404,22.622458756992767,77459.49798321154,17187.07421170635,1226.1709599001674,46098.193337719305,72848.44226084066,118946.63559855997,72140.62444702066,72140.62437488002,45128.651582712744,1541.6253622811205,lexicographic,7.214062437488003e-05,4.512865153758408e-05,False,0.44266309999875375,4.0343191799249117e-16,1,0
2025-01-20,True,4,1.0,7,1.0,13,legacy_scenarios,,0,0.0,2025-01-13;2025-01-14;2025-01-17;2025-01-15,2025-01-13;2025-01-14;2025-01-17;2025-01-15;2025-01-16;2025-01-07;2025-01-09,2025-01-17;2025-01-16;2025-01-15;2025-01-14;2025-01-13;2025-01-10;2025-01-09;2025-01-08;2025-01-07;2025-01-06;2025-01-03;2025-01-02;2025-01-01,2025-01-19,9600.0,10800.0,10800.0,77.61492627314816,87.9739474006443,13.255158416005306,24.8406359428604,94616.00566578656,4710.122792857141,6382.387790238097,60176.61664974874,19835.70791079107,80012.32456053981,81222.60906811914,81222.60898689668,46456.64239112708,1589.7581244092019,lexicographic,8.122260898689668e-05,4.645664239112695e-05,False,0.7966371999973489,1.7916089386779554e-16,1,0
2025-01-21,True,4,1.0,7,1.0,14,legacy_scenarios,,0,0.0,2025-01-20;2025-01-14;2025-01-15;2025-01-17,2025-01-20;2025-01-14;2025-01-15;2025-01-17;2025-01-16;2025-01-09;2025-01-07,2025-01-20;2025-01-17;2025-01-16;2025-01-15;2025-01-14;2025-01-13;2025-01-10;2025-01-09;2025-01-08;2025-01-07;2025-01-06;2025-01-03;2025-01-02;2025-01-01,2025-01-20,9600.0,10800.0,10800.0,72.38462725694441,82.18990599086861,36.5304693452381,69.4728256871594,94557.53463862755,4450.477120833331,10657.201992023813,60189.58627855932,18139.778179402078,78329.3644579614,81114.84740762704,81114.84732651213,46439.885274883105,1580.2677759220019,lexicographic,8.111484732651213e-05,4.6439885274892625e-05,False,0.8246214000027976,0.0,1,0
2025-01-22,True,4,1.0,7,1.0,14,legacy_scenarios,,0,0.0,2025-01-21;2025-01-20;2025-01-14;2025-01-15,2025-01-21;2025-01-20;2025-01-14;2025-01-15;2025-01-17;2025-01-09;2025-01-16,2025-01-21;2025-01-20;2025-01-17;2025-01-16;2025-01-15;2025-01-14;2025-01-13;2025-01-10;2025-01-09;2025-01-08;2025-01-07;2025-01-06;2025-01-03;2025-01-02,2025-01-21,9600.0,10800.0,10800.0,17.456171325231484,22.136014137538805,13.73011674933862,25.383954250927996,101051.71168090591,799.8590499999991,8076.142334722224,65763.0582381053,3028.5012029312475,68791.55944103654,84055.70436537461,84055.70428131895,46456.64154434639,1675.3932899079005,lexicographic,8.405570428131895e-05,4.645664154434639e-05,False,0.7753874999980326,0.0,1,0
2025-01-23,True,4,1.0,7,1.0,14,legacy_scenarios,,0,0.0,2025-01-15;2025-01-21;2025-01-16;2025-01-17,2025-01-15;2025-01-21;2025-01-16;2025-01-17;2025-01-20;2025-01-14;2025-01-09,2025-01-22;2025-01-21;2025-01-20;2025-01-17;2025-01-16;2025-01-15;2025-01-14;2025-01-13;2025-01-10;2025-01-09;2025-01-08;2025-01-07;2025-01-06;2025-01-03,2025-01-22,9600.0,10800.0,10800.0,79.48195810185183,89.38770605470151,14.05202716600528,28.507884196245495,89450.87304550316,6099.509641468254,1210.8025939358681,56377.12666251263,23361.05386733065,79738.18052984329,74627.8686802873,74627.86860565929,45475.340170496616,1544.1393314358663,lexicographic,7.462786860565928e-05,4.5475340125021295e-05,False,1.1199829999968642,0.0,1,0
2025-01-24,True,4,1.0,7,1.0,14,legacy_scenarios,,0,0.0,2025-01-23;2025-01-17;2025-01-16;2025-01-20,2025-01-23;2025-01-17;2025-01-16;2025-01-20;2025-01-21;2025-01-10;2025-01-15,2025-01-23;2025-01-22;2025-01-21;2025-01-20;2025-01-17;2025-01-16;2025-01-15;2025-01-14;2025-01-13;2025-01-10;2025-01-09;2025-01-08;2025-01-07;2025-01-06,2025-01-23,9600.0,10800.0,10800.0,241.74790778356478,266.3479368050662,17.402429894179907,38.576393485774744,90692.56493521281,0.0,46092.5222663187,57034.60977143311,0.0,57034.60977143311,76306.47873796365,76306.47866165696,45446.52331157018,1535.9440683425116,lexicographic,7.630647866165697e-05,4.5446523266123666e-05,False,1.3838774999967427,0.0,1,0
2025-01-25,True,4,1.0,7,1.0,6,legacy_scenarios,,0,0.0,2025-01-19;2025-01-18;2025-01-22;2025-01-21,2025-01-19;2025-01-18;2025-01-22;2025-01-21;2025-01-12;2025-01-23;2025-01-17,2025-01-19;2025-01-18;2025-01-12;2025-01-11;2025-01-05;2025-01-04,2025-01-24,9600.0,10800.0,10800.0,238.40343926504627,262.9484828503039,29.016727728174615,56.81586459973441,99035.5626920034,0.0,55701.894266468255,63774.37352505754,0.0,63774.37352505754,97250.99864205046,97250.99854479954,46622.675029220816,1745.4807436666374,lexicographic,9.725099854479955e-05,4.6622674982598143e-05,False,0.7120724000014889,0.0,1,0
2025-01-26,True,4,1.0,7,1.0,7,legacy_scenarios,,0,0.0,2025-01-25;2025-01-19;2025-01-18;2025-01-22,2025-01-25;2025-01-19;2025-01-18;2025-01-22;2025-01-21;2025-01-20;2025-01-12,2025-01-25;2025-01-19;2025-01-18;2025-01-12;2025-01-11;2025-01-05;2025-01-04,2025-01-25,9600.0,10800.0,10800.0,157.65562161458334,175.02319621012435,16.48676069775131,35.340363716249435,86909.76260026697,10111.58783611111,4456.432235912698,53922.875634292126,41835.41972518641,95758.29535947854,82625.8033894978,82625.8033068721,46354.36832899481,1572.618908047929,lexicographic,8.26258033068721e-05,4.635436828264045e-05,False,0.2300281999996514,1.7611829048512924e-16,1,0
2025-01-27,True,4,1.0,7,1.0,14,legacy_scenarios,,0,0.0,2025-01-20;2025-01-21;2025-01-24;2025-01-23,2025-01-20;2025-01-21;2025-01-24;2025-01-23;2025-01-14;2025-01-17;2025-01-13,2025-01-24;2025-01-23;2025-01-22;2025-01-21;2025-01-20;2025-01-17;2025-01-16;2025-01-15;2025-01-14;2025-01-13;2025-01-10;2025-01-09;2025-01-08;2025-01-07,2025-01-26,9600.0,10800.0,10800.0,75.6719003761574,84.69641244648551,19.775141749338633,36.97094694954484,87665.94419889437,5057.995240476191,3794.62718324686,54813.86838196557,20772.59467985208,75586.46306181766,70837.41966309614,70837.4195922587,45101.3463460558,1527.438726699241,lexicographic,7.08374195922587e-05,4.510134630095446e-05,False,0.9387074000005668,0.0,1,0
2025-01-28,True,4,1.0,7,1.0,14,legacy_scenarios,,0,0.0,2025-01-22;2025-01-20;2025-01-23;2025-01-21,2025-01-22;2025-01-20;2025-01-23;2025-01-21;2025-01-27;2025-01-14;2025-01-13,2025-01-27;2025-01-24;2025-01-23;2025-01-22;2025-01-21;2025-01-20;2025-01-17;2025-01-16;2025-01-15;2025-01-14;2025-01-13;2025-01-10;2025-01-09;2025-01-08,2025-01-27,9600.0,10800.0,10800.0,20.212109780092582,24.657720047553937,11.444311425264548,21.210525538467504,98361.94120825629,893.3042791666654,7408.583300992062,63486.300654196275,2824.2345435895786,66310.53519778585,76552.90946247126,76552.90938591832,46357.556335648726,1565.4249199683852,lexicographic,7.655290938591833e-05,4.635755633564709e-05,False,0.6514872999978252,0.0,1,0
2025-01-29,True,4,1.0,7,1.0,14,legacy_scenarios,,0,0.0,2025-01-23;2025-01-21;2025-01-27;2025-01-22,2025-01-23;2025-01-21;2025-01-27;2025-01-22;2025-01-24;2025-01-15;2025-01-20,2025-01-28;2025-01-27;2025-01-24;2025-01-23;2025-01-22;2025-01-21;2025-01-20;2025-01-17;2025-01-16;2025-01-15;2025-01-14;2025-01-13;2025-01-10;2025-01-09,2025-01-28,9600.0,10800.0,10800.0,20.31237502893519,24.755673979558736,33.8163037202381,56.83979809664988,97842.20202563368,409.17457499999944,11999.831306547618,63112.67763881077,1262.6417155520826,64375.31935436285,74952.80443887434,74952.80436392159,46358.33200945159,1564.550073792644,lexicographic,7.495280436392159e-05,4.635833200944737e-05,False,0.37049430000115535,0.0,1,0
2025-01-30,True,4,1.0,7,1.0,14,legacy_scenarios,,0,0.0,2025-01-22;2025-01-29;2025-01-21;2025-01-27,2025-01-22;2025-01-29;2025-01-21;2025-01-27;2025-01-23;2025-01-24;2025-01-17,2025-01-29;2025-01-28;2025-01-27;2025-01-24;2025-01-23;2025-01-22;2025-01-21;2025-01-20;2025-01-17;2025-01-16;2025-01-15;2025-01-14;2025-01-13;2025-01-10,2025-01-29,9600.0,10800.0,10800.0,17.260203530092593,23.54083424750967,16.762830340608478,35.092930279914206,96528.68987645846,689.7846875000005,8653.083229618866,62038.62324583382,2933.2123870375026,64971.83563287132,73778.33982309596,73778.33974931772,45943.597249059756,1539.4618069998162,lexicographic,7.377833974931772e-05,4.594359720311616e-05,False,0.42313649999778136,0.0,1,0
2025-01-31,True,4,1.0,7,1.0,14,legacy_scenarios,,0,0.0,2025-01-30;2025-01-29;2025-01-22;2025-01-23,2025-01-30;2025-01-29;2025-01-22;2025-01-23;2025-01-24;2025-01-27;2025-01-21,2025-01-30;2025-01-29;2025-01-28;2025-01-27;2025-01-24;2025-01-23;2025-01-22;2025-01-21;2025-01-20;2025-01-17;2025-01-16;2025-01-15;2025-01-14;2025-01-13,2025-01-30,9600.0,10800.0,10800.0,320.19415726273144,350.270053053422,14.48071106150793,26.750097102667116,96182.22372465688,0.0,52619.538400468206,61872.05983358764,0.0,61872.05983358764,73781.29982088186,73781.29974710058,45710.71429621853,1536.0844665396376,lexicographic,7.378129974710058e-05,4.571071425050782e-05,False,0.4353986999994959,0.0,1,0
2025-02-01,False,2,1.0,5,1.0,0,calibrated_quantile,2025-01-04;2025-01-05;2025-01-11;2025-01-12;2025-01-18;2025-01-19;2025-01-25;2025-01-26,8,32389.058477579358,2025-01-25;2025-01-26,2025-01-25;2025-01-26;2025-01-18;2025-01-19;2025-01-31,,2025-01-31,9600.0,10800.0,10800.0,188.9121540509259,204.28338617932204,17.15133831018517,32.36404061655323,101171.96496649281,0.0,61995.959090912685,65533.064466556076,0.0,65533.064466556076,65533.06446655607,65533.06440102301,45705.64313403526,1615.1313573287684,lexicographic,6.553306440102302e-05,4.5705643088329615e-05,False,0.09898389999943902,2.2205455156679185e-16,1,0
2025-02-02,False,2,1.0,5,1.0,0,calibrated_quantile,2025-01-05;2025-01-11;2025-01-12;2025-01-18;2025-01-19;2025-01-25;2025-01-26;2025-02-01,8,32368.696844246024,2025-01-26;2025-02-01,2025-01-26;2025-02-01;2025-01-25;2025-01-19;2025-01-18,,2025-02-01,9600.0,10800.0,10800.0,141.52280219907405,159.66328573496386,25.624500671296282,44.32670421536227,98856.40004174178,31.15916666666658,15728.938924246026,63919.12028891444,67.88024458333314,63987.000533497776,63919.120288914455,63919.120224995335,45748.62960438962,1587.1473339933136,lexicographic,6.391912022499533e-05,4.574862955864099e-05,False,0.11239650000061374,0.0,1,0
2025-02-03,False,2,1.0,5,1.0,0,calibrated_quantile,2025-01-06;2025-01-07;2025-01-08;2025-01-09;2025-01-10;2025-01-13;2025-01-14;2025-01-15;2025-01-16;2025-01-17;2025-01-20;2025-01-21;2025-01-22;2025-01-23;2025-01-24;2025-01-27;2025-01-28;2025-01-29;2025-01-30;2025-01-31,20,12543.59762757936,2025-01-28;2025-01-31,2025-01-28;2025-01-31;2025-01-22;2025-01-30;2025-01-20,,2025-02-02,9600.0,10800.0,10800.0,134.63788385416663,152.32117777468056,19.76901261574073,36.467618513100106,80357.56879401795,5147.17007992064,865.1787758333327,49129.08089437608,22174.42020197992,71303.50109635599,49129.08089437608,49129.080845247,42131.4995398449,1461.599974781732,lexicographic,4.9129080845247004e-05,4.2131499497713516e-05,False,0.15259300000252551,0.0,1,0
2025-02-04,False,2,1.0,5,1.0,0,calibrated_quantile,2025-01-07;2025-01-08;2025-01-09;2025-01-10;2025-01-13;2025-01-14;2025-01-15;2025-01-16;2025-01-17;2025-01-20;2025-01-21;2025-01-22;2025-01-23;2025-01-24;2025-01-27;2025-01-28;2025-01-29;2025-01-30;2025-01-31;2025-02-03,20,12271.617434880947,2025-02-03;2025-01-28,2025-02-03;2025-01-28;2025-01-31;2025-01-22;2025-01-29,,2025-02-03,9600.0,10800.0,10800.0,26.937415162037034,32.95516227293959,13.863305138888895,27.290705789511332,100594.39021256636,23.91425416666675,14656.911905714282,65336.78935326691,51.4912516208335,65388.28060488775,65336.78935326691,65336.78928793009,45407.456768126045,1538.86527710678,lexicographic,6.53367892879301e-05,4.540745672271859e-05,False,0.1882456999992428,0.0,1,0
2025-02-05,False,2,1.0,5,1.0,0,calibrated_quantile,2025-01-08;2025-01-09;2025-01-10;2025-01-13;2025-01-14;2025-01-15;2025-01-16;2025-01-17;2025-01-20;2025-01-21;2025-01-22;2025-01-23;2025-01-24;2025-01-27;2025-01-28;2025-01-29;2025-01-30;2025-01-31;2025-02-03;2025-02-04,20,10901.94327,2025-02-04;2025-02-03,2025-02-04;2025-02-03;2025-01-28;2025-01-31;2025-01-29,,2025-02-04,9600.0,10800.0,10800.0,17.101089409722217,22.085746578936543,14.385375324074074,27.655658078111575,96196.74404358621,68.17870666666659,10798.200974999998,62079.550856368056,156.3647419574998,62235.915598325555,62079.55085636805,62079.550794288494,44947.966175654685,1528.047721555929,lexicographic,6.20795507942885e-05,4.494796613070672e-05,False,0.10392190000129631,0.0,1,0
2025-02-06,False,2,1.0,5,1.0,0,calibrated_quantile,2025-01-09;2025-01-10;2025-01-13;2025-01-14;2025-01-15;2025-01-16;2025-01-17;2025-01-20;2025-01-21;2025-01-22;2025-01-23;2025-01-24;2025-01-27;2025-01-28;2025-01-29;2025-01-30;2025-01-31;2025-02-03;2025-02-04;2025-02-05,20,10425.787366309523,2025-02-05;2025-02-04,2025-02-05;2025-02-04;2025-02-03;2025-01-31;2025-01-28,,2025-02-05,9600.0,10800.0,10800.0,19.9838407986111,26.228455244305867,10.985891712962957,22.44622842625522,95973.76327027504,10.444383333333235,10994.855504642852,61853.4633166228,22.366959083333125,61875.83027570613,61853.4633166228,61853.463254769325,44947.967512952266,1503.3992098892136,lexicographic,6.185346325476934e-05,4.4947967468004284e-05,False,0.11344440000175382,0.0,1,0
2025-02-07,False,2,1.0,5,1.0,0,calibrated_quantile,2025-01-10;2025-01-13;2025-01-14;2025-01-15;2025-01-16;2025-01-17;2025-01-20;2025-01-21;2025-01-22;2025-01-23;2025-01-24;2025-01-27;2025-01-28;2025-01-29;2025-01-30;2025-01-31;2025-02-03;2025-02-04;2025-02-05;2025-02-06,20,10353.556203809523,2025-02-06;2025-01-31,2025-02-06;2025-01-31;2025-01-30;2025-02-04;2025-02-05,,2025-02-06,9600.0,10800.0,10800.0,173.35030839120367,190.21126499703138,26.05766282407406,51.76358730426697,74467.55910482092,0.0,38254.70549214285,44836.98949344367,0.0,44836.98949344367,44836.98949344366,44836.98944860665,41984.13074884549,1395.412866179184,lexicographic,4.483698944860665e-05,4.19841307488455e-05,False,0.15395450000141864,0.0,1,0
2025-02-08,False,2,1.0,5,1.0,0,calibrated_quantile,2025-01-11;2025-01-12;2025-01-18;2025-01-19;2025-01-25;2025-01-26;2025-02-01;2025-02-02,8,29948.06659833333,2025-02-02;2025-02-01,2025-02-02;2025-02-01;2025-01-25;2025-01-26;2025-01-18,,2025-02-07,9600.0,10800.0,10800.0,161.51945798611112,177.37595085773853,26.11138689814813,46.237445426762434,92847.78844455408,0.0,56552.329154999985,59211.25316578058,0.0,59211.25316578058,59211.25316578058,59211.25310656931,44947.98314171704,1531.4880598891893,lexicographic,5.921125310656931e-05,4.494798309676906e-05,False,0.09975269999995362,0.0,1,0
2025-02-09,False,2,1.0,5,1.0,0,calibrated_quantile,2025-01-12;2025-01-18;2025-01-19;2025-01-25;2025-01-26;2025-02-01;2025-02-02;2025-02-08,8,29934.37509833333,2025-02-02;2025-02-08,2025-02-02;2025-02-08;2025-01-26;2025-02-01;2025-01-25,,2025-02-08,9600.0,10800.0,10800.0,158.6327903935185,174.48019689466966,22.053670439814823,39.33562959654181,91314.07296270519,491.9411302380954,7532.300888571426,58140.54840896276,1322.845653120001,59463.394062082756,58140.54840896275,58140.548350822195,44947.98947498114,1528.0214465558934,lexicographic,5.8140548350822197e-05,4.494798943003315e-05,False,0.09815149999849382,0.0,1,0
2025-02-10,False,2,1.0,5,1.0,0,calibrated_quantile,2025-01-13;2025-01-14;2025-01-15;2025-01-16;2025-01-17;2025-01-20;2025-01-21;2025-01-22;2025-01-23;2025-01-24;2025-01-27;2025-01-28;2025-01-29;2025-01-30;2025-01-31;2025-02-03;2025-02-04;2025-02-05;2025-02-06;2025-02-07,20,10353.556203809523,2025-02-03;2025-02-04,2025-02-03;2025-02-04;2025-02-05;2025-02-06;2025-01-28,,2025-02-09,9600.0,10800.0,10800.0,19.581096585648147,23.89490092430028,42.014716111111085,73.55151390233695,96064.23949693887,12.594987500000116,17028.435152976184,61959.03987328147,26.597319333333576,61985.637192614806,61959.03987328148,61959.039811322444,44980.99349533748,1523.1226159387145,lexicographic,6.195903981132245e-05,4.49809934503565e-05,False,0.18774439999833703,0.0,1,0
2025-02-11,False,2,1.0,5,1.0,0,calibrated_quantile,2025-01-14;2025-01-15;2025-01-16;2025-01-17;2025-01-20;2025-01-21;2025-01-22;2025-01-23;2025-01-24;2025-01-27;2025-01-28;2025-01-29;2025-01-30;2025-01-31;2025-02-03;2025-02-04;2025-02-05;2025-02-06;2025-02-07;2025-02-10,20,9709.09564595238,2025-02-04;2025-02-03,2025-02-04;2025-02-03;2025-02-05;2025-02-10;2025-02-06,,2025-02-10,9600.0,10800.0,10800.0,16.965461631944446,21.6023513775208,24.946985023148127,43.54901033989726,93889.37003603751,0.0,13950.476984285711,60265.28470702215,0.0,60265.28470702215,60265.28470702215,60265.28464675684,44947.97690703913,1504.1986698892315,lexicographic,6.026528464675684e-05,4.494797686209115e-05,False,0.09821849999934784,2.414643075804332e-16,1,0
2025-02-12,False,2,1.0,5,1.0,0,calibrated_quantile,2025-01-15;2025-01-16;2025-01-17;2025-01-20;2025-01-21;2025-01-22;2025-01-23;2025-01-24;2025-01-27;2025-01-28;2025-01-29;2025-01-30;2025-01-31;2025-02-03;2025-02-04;2025-02-05;2025-02-06;2025-02-07;2025-02-10;2025-02-11,20,9683.356429880952,2025-02-11;2025-02-05,2025-02-11;2025-02-05;2025-02-04;2025-02-06;2025-02-03,,2025-02-11,9600.0,10800.0,10800.0,16.25061603009259,20.208194341492668,25.76828694444443,48.47180251444185,93674.92846091003,0.0,13689.896358214282,60183.2629672557,0.0,60183.2629672557,60183.26296725571,60183.26290707245,44947.97739234719,1477.253944889259,lexicographic,6.018326290707245e-05,4.494797734739921e-05,False,0.09717860000091605,1.2089669557162528e-16,1,0
2025-02-13,False,2,1.0,5,1.0,0,calibrated_quantile,2025-01-16;2025-01-17;2025-01-20;2025-01-21;2025-01-22;2025-01-23;2025-01-24;2025-01-27;2025-01-28;2025-01-29;2025-01-30;2025-01-31;2025-02-03;2025-02-04;2025-02-05;2025-02-06;2025-02-07;2025-02-10;2025-02-11;2025-02-12,20,8366.253574880953,2025-02-12;2025-02-11,2025-02-12;2025-02-11;2025-02-06;2025-02-05;2025-02-07,,2025-02-12,9600.0,10800.0,10800.0,18.52984606481482,24.721376122341024,41.90849990740739,74.62805530215476,90464.72154785112,39.16367499999925,14497.609196547619,57831.646320858985,84.28225132083173,57915.928572179815,57831.646320858985,57831.64626302731,44552.64519706686,1478.068755366396,lexicographic,5.7831646263027314e-05,4.455264515251421e-05,False,0.1038592000004428,0.0,1,0
2025-02-14,False,2,1.0,5,1.0,0,calibrated_quantile,2025-01-17;2025-01-20;2025-01-21;2025-01-22;2025-01-23;2025-01-24;2025-01-27;2025-01-28;2025-01-29;2025-01-30;2025-01-31;2025-02-03;2025-02-04;2025-02-05;2025-02-06;2025-02-07;2025-02-10;2025-02-11;2025-02-12;2025-02-13,20,7049.644542023809,2025-02-13;2025-02-12,2025-02-13;2025-02-12;2025-02-11;2025-02-03;2025-02-06,,2025-02-13,9600.0,10800.0,10800.0,315.72521076388887,345.09297486713723,19.683639375,35.655766866129106,87610.1998735954,0.0,53251.5982420238,55531.506024292794,0.0,55531.506024292794,55531.506024292794,55531.50596876125,43409.51402619958,1455.8573046917545,lexicographic,5.5531505968761254e-05,4.340951398279007e-05,False,0.09138630000234116,0.0,1,0
2025-02-15,False,2,1.0,5,1.0,0,calibrated_quantile,2025-01-18;2025-01-19;2025-01-25;2025-01-26;2025-02-01;2025-02-02;2025-02-08;2025-02-09,8,25163.471458928565,2025-02-08;2025-02-09,2025-02-08;2025-02-09;2025-02-02;2025-02-01;2025-01-25,,2025-02-14,9600.0,10800.0,10800.0,156.89439785879625,173.9547126446373,28.460232847222212,47.65472216341298,85700.43862655101,0.0,51804.46064726189,53697.97646038316,0.0,53697.97646038316,53697.97646038316,53697.976406685164,43972.396060596264,1485.6933782936164,lexicographic,5.3697976406685164e-05,4.397239601662387e-05,False,0.16507499999715947,2.709955980120547e-16,1,0
2025-02-16,False,2,1.0,5,1.0,0,calibrated_quantile,2025-01-19;2025-01-25;2025-01-26;2025-02-01;2025-02-02;2025-02-08;2025-02-09;2025-02-15,8,25147.940633928567,2025-02-09;2025-02-02,2025-02-09;2025-02-02;2025-02-15;2025-02-08;2025-01-26,,2025-02-15,9600.0,10800.0,10800.0,18.55325584490741,22.36950567521441,25.99778831018518,44.484329894220664,108657.07777505512,0.0,28403.034268928568,72051.74233543241,0.0,72051.74233543241,72051.74233543241,72051.74226338067,46456.6451320478,1603.6931526586134,lexicographic,7.205174226338067e-05,4.64566451320478e-05,False,0.0961083999973198,0.0,1,0
2025-02-17,False,2,1.0,5,1.0,0,calibrated_quantile,2025-01-20;2025-01-21;2025-01-22;2025-01-23;2025-01-24;2025-01-27;2025-01-28;2025-01-29;2025-01-30;2025-01-31;2025-02-03;2025-02-04;2025-02-05;2025-02-06;2025-02-07;2025-02-10;2025-02-11;2025-02-12;2025-02-13;2025-02-14,20,7049.644542023809,2025-02-10;2025-02-11,2025-02-10;2025-02-11;2025-02-03;2025-02-04;2025-02-12,,2025-02-16,9600.0,10800.0,10800.0,18.696395370370364,23.338484838724582,37.545249837962956,61.49131479135392,88729.43052847908,24.592124166666622,12902.033452857142,56278.742578998164,89.26980387083303,56368.012382869,56278.742578998164,56278.74252271942,44470.04273658259,1456.415991079334,lexicographic,5.627874252271942e-05,4.447004269211254e-05,False,0.1382811999974365,0.0,1,0
2025-02-18,False,2,1.0,5,1.0,0,calibrated_quantile,2025-01-21;2025-01-22;2025-01-23;2025-01-24;2025-01-27;2025-01-28;2025-01-29;2025-01-30;2025-01-31;2025-02-03;2025-02-04;2025-02-05;2025-02-06;2025-02-07;2025-02-10;2025-02-11;2025-02-12;2025-02-13;2025-02-14;2025-02-17,20,4676.225110714284,2025-02-11;2025-02-17,2025-02-11;2025-02-17;2025-02-12;2025-02-14;2025-02-13,,2025-02-17,9600.0,10800.0,10800.0,18.560962731481474,24.191339914485965,14.673649583333315,27.904465195481336,82659.88869692665,200.43217428571506,6356.906374999995,51627.2233731613,752.1797469238725,52379.403120085175,51627.2233731613,51627.22332153407,42030.35973847934,1441.46523293389,lexicographic,5.162722332153407e-05,4.2030359696448986e-05,False,0.2624954999992042,0.0,1,0
2025-02-19,False,2,1.0,5,1.0,0,calibrated_quantile,2025-01-22;2025-01-23;2025-01-24;2025-01-27;2025-01-28;2025-01-29;2025-01-30;2025-01-31;2025-02-03;2025-02-04;2025-02-05;2025-02-06;2025-02-07;2025-02-10;2025-02-11;2025-02-12;2025-02-13;2025-02-14;2025-02-17;2025-02-18,20,3748.78412392857,2025-02-12;2025-02-13,2025-02-12;2025-02-13;2025-02-11;2025-02-18;2025-02-14,,2025-02-18,9600.0,10800.0,10800.0,18.737174305555545,25.283215916680412,17.338027430555545,32.44342100615921,81982.07088102089,627.2010953571423,5311.861032619043,51039.02977174529,2047.964310909882,53086.994082655176,51039.02977174529,51039.02972070622,42088.05918089706,1432.5787495793018,lexicographic,5.103902972070622e-05,4.2088059138809004e-05,False,0.19385949999923469,1.4255673851949454e-16,1,0
2025-02-20,False,2,1.0,5,1.0,0,calibrated_quantile,2025-01-23;2025-01-24;2025-01-27;2025-01-28;2025-01-29;2025-01-30;2025-01-31;2025-02-03;2025-02-04;2025-02-05;2025-02-06;2025-02-07;2025-02-10;2025-02-11;2025-02-12;2025-02-13;2025-02-14;2025-02-17;2025-02-18;2025-02-19,20,3592.634412380955,2025-02-13;2025-02-19,2025-02-13;2025-02-19;2025-02-14;2025-02-12;2025-02-18,,2025-02-19,9600.0,10800.0,10800.0,20.699169907407402,25.97747796204476,20.457527499999983,38.0027084178111,81513.16215296397,364.31467535714347,6477.132717738094,50676.76077212721,1471.1852807137527,52147.94605284096,50676.76077212721,50676.760721450446,41984.47780432598,1452.6434146662307,lexicographic,5.0676760721450446e-05,4.19844777623415e-05,False,0.131247400000575,0.0,1,0
2025-02-21,False,2,1.0,5,1.0,0,calibrated_quantile,2025-01-24;2025-01-27;2025-01-28;2025-01-29;2025-01-30;2025-01-31;2025-02-03;2025-02-04;2025-02-05;2025-02-06;2025-02-07;2025-02-10;2025-02-11;2025-02-12;2025-02-13;2025-02-14;2025-02-17;2025-02-18;2025-02-19;2025-02-20,20,2493.9504169047627,2025-02-14;2025-02-20,2025-02-14;2025-02-20;2025-02-13;2025-02-19;2025-02-12,,2025-02-20,9600.0,10800.0,10800.0,157.81281568287034,175.0686643294726,14.304108634259242,24.873840751211052,56802.48676755307,0.0,27172.96635190476,32422.37987111649,0.0,32422.37987111649,32422.379871116485,32422.37983869411,38765.040378895384,1346.0628058273367,lexicographic,3.242237983869411e-05,3.876504034013035e-05,False,0.14602989999912097,0.0,1,0
2025-02-22,False,2,1.0,5,1.0,0,calibrated_quantile,2025-01-25;2025-01-26;2025-02-01;2025-02-02;2025-02-08;2025-02-09;2025-02-15;2025-02-16,8,20113.725414404762,2025-02-15;2025-02-08,2025-02-15;2025-02-08;2025-02-16;2025-02-09;2025-02-02,,2025-02-21,9600.0,10800.0,10800.0,17.964430671296288,22.517754085249447,23.699062476851836,38.83401588907295,55636.379348898714,0.0,23732.45912773809,31298.034009913066,0.0,31298.034009913066,31298.034009913063,31298.03397861503,38668.814639302145,1422.0652857125406,lexicographic,3.129803397861503e-05,3.8668814600633336e-05,False,0.1953267999997479,0.0,1,0
2025-02-23,False,2,1.0,5,1.0,0,calibrated_quantile,2025-01-26;2025-02-01;2025-02-02;2025-02-08;2025-02-09;2025-02-15;2025-02-16;2025-02-22,8,20113.725414404762,2025-02-16;2025-02-09,2025-02-16;2025-02-09;2025-02-02;2025-02-22;2025-02-15,,2025-02-22,9600.0,10800.0,10800.0,18.85138015046296,23.731476043846207,33.52972310185183,55.51627971060964,101088.68641431589,0.0,24823.567952738093,66141.22526472063,0.0,66141.22526472063,66141.22526472063,66141.22519857941,45090.57499275003,1501.395404861547,lexicographic,6.614122519857942e-05,4.509057494765945e-05,False,0.16480190000220318,0.0,1,0
2025-02-24,False,2,1.0,5,1.0,0,calibrated_quantile,2025-01-27;2025-01-28;2025-01-29;2025-01-30;2025-01-31;2025-02-03;2025-02-04;2025-02-05;2025-02-06;2025-02-07;2025-02-10;2025-02-11;2025-02-12;2025-02-13;2025-02-14;2025-02-17;2025-02-18;2025-02-19;2025-02-20;2025-02-21,20,2493.9504169047627,2025-02-17;2025-02-18,2025-02-17;2025-02-18;2025-02-11;2025-02-21;2025-02-03,,2025-02-23,9600.0,10800.0,10800.0,18.38165480324073,22.516385591283413,33.71909965277777,55.46162831274541,80471.51010458168,129.26469916666656,7992.869507738093,49818.42212609082,565.4343155374997,50383.856441628326,49818.42212609082,49818.4220762724,41962.19862953645,1435.2713527905798,lexicographic,4.98184220762724e-05,4.196219858757426e-05,False,0.1572353999981715,0.0,1,0
2025-02-25,False,2,1.0,5,1.0,0,calibrated_quantile,2025-01-28;2025-01-29;2025-01-30;2025-01-31;2025-02-03;2025-02-04;2025-02-05;2025-02-06;2025-02-07;2025-02-10;2025-02-11;2025-02-12;2025-02-13;2025-02-14;2025-02-17;2025-02-18;2025-02-19;2025-02-20;2025-02-21;2025-02-24,20,1631.8510111904761,2025-02-18;2025-02-24,2025-02-18;2025-02-24;2025-02-19;2025-02-11;2025-02-17,,2025-02-24,9600.0,10800.0,10800.0,19.015755150462965,23.643030857855493,41.28536527777776,67.77753658681513,77696.92625908279,277.1962564285715,7737.75407595238,47903.676496303284,1032.5159592492282,48936.19245555251,47903.676496303284,47903.67644839961,42059.114859307534,1431.807489353319,lexicographic,4.790367644839961e-05,4.2059114817248426e-05,False,0.15216209999925923,0.0,1,0
2025-02-26,False,2,1.0,5,1.0,0,calibrated_quantile,2025-01-29;2025-01-30;2025-01-31;2025-02-03;2025-02-04;2025-02-05;2025-02-06;2025-02-07;2025-02-10;2025-02-11;2025-02-12;2025-02-13;2025-02-14;2025-02-17;2025-02-18;2025-02-19;2025-02-20;2025-02-21;2025-02-24;2025-02-25,20,1408.9863717857133,2025-02-25;2025-02-20,2025-02-25;2025-02-20;2025-02-19;2025-02-18;2025-02-21,,2025-02-25,9600.0,10800.0,10800.0,20.629487789351842,27.010189751704782,18.858341412037028,33.61268064777326,76086.77932720527,1038.1050833333336,3960.8937534523775,46797.970184783655,3630.5258532858365,50428.49603806949,46797.970184783655,46797.97013798567,41431.306047330174,1427.3797811788781,lexicographic,4.679797013798567e-05,4.1431306005898874e-05,False,0.20741679999991902,0.0,1,0
2025-02-27,False,2,1.0,5,1.0,0,calibrated_quantile,2025-01-30;2025-01-31;2025-02-03;2025-02-04;2025-02-05;2025-02-06;2025-02-07;2025-02-10;2025-02-11;2025-02-12;2025-02-13;2025-02-14;2025-02-17;2025-02-18;2025-02-19;2025-02-20;2025-02-21;2025-02-24;2025-02-25;2025-02-26,20,1505.7328864285719,2025-02-20;2025-02-21,2025-02-20;2025-02-21;2025-02-19;2025-02-26;2025-02-13,,2025-02-26,9600.0,10800.0,10800.0,154.3334449074074,172.60171806570955,26.92398576388888,49.61896771449721,53704.727760083144,17369.74677690476,58.92083333333403,30487.923440161925,77747.46157907869,108235.38501924061,30487.923440161925,30487.923409674,38667.02527165676,1353.1713229431534,lexicographic,3.0487923409674003e-05,3.8667025232989764e-05,False,0.1851040000001376,0.0,1,0
2025-02-28,False,2,1.0,5,1.0,0,calibrated_quantile,2025-01-31;2025-02-03;2025-02-04;2025-02-05;2025-02-06;2025-02-07;2025-02-10;2025-02-11;2025-02-12;2025-02-13;2025-02-14;2025-02-17;2025-02-18;2025-02-19;2025-02-20;2025-02-21;2025-02-24;2025-02-25;2025-02-26;2025-02-27,20,2490.6707266666663,2025-02-21;2025-02-27,2025-02-21;2025-02-27;2025-02-14;2025-02-20;2025-02-26,,2025-02-27,9600.0,10800.0,10800.0,158.64390648148148,175.3945287926772,20.86072835648147,39.5754025790332,54286.3950690248,0.0,26936.124609999995,30896.609549118177,0.0,30896.609549118177,30896.609549118177,30896.609518221565,38654.711607025754,1345.9852146661406,lexicographic,3.089660951822157e-05,3.865471156837105e-05,False,0.19805689999702736,1.1774686167251396e-16,1,0
2025-03-01,False,2,1.0,7,0.8,0,calibrated_quantile,2025-02-01;2025-02-02;2025-02-08;2025-02-09;2025-02-15;2025-02-16;2025-02-22;2025-02-23,8,13951.723958333332,2025-02-22;2025-02-15,2025-02-22;2025-02-15;2025-02-08;2025-02-23;2025-02-16;2025-02-09;2025-02-02,,2025-02-28,9600.0,10800.0,10800.0,32.844930034722225,40.8281665331318,19.41987920178301,38.06290726439933,45447.167416364886,0.0,17988.22171482882,25413.349795101953,0.0,25413.349795101953,25413.349795101953,25413.349769688604,36201.71252866818,1433.260551646108,lexicographic,2.5413349769688607e-05,3.620171249246647e-05,False,0.22635929999887594,0.0,1,0
2025-03-02,False,2,1.0,7,0.8,0,calibrated_quantile,2025-02-02;2025-02-08;2025-02-09;2025-02-15;2025-02-16;2025-02-22;2025-02-23;2025-03-01,8,13951.723958333332,2025-02-23;2025-02-16,2025-02-23;2025-02-16;2025-02-09;2025-02-22;2025-03-01;2025-02-15;2025-02-02,,2025-03-01,9600.0,10800.0,10800.0,31.52936140046296,39.18936813960047,36.55450011696602,73.35219113898324,91264.7073688088,1259.5794284148305,15605.980914002004,58812.50083974698,4843.805036917611,63656.30587666459,58812.50083974699,58812.50078093448,43439.98872612893,1464.286710802318,lexicographic,5.881250078093449e-05,4.3439988682688936e-05,False,0.1000447999977041,1.9492686385175268e-07,1,0
2025-03-03,False,2,1.0,7,0.8,0,calibrated_quantile,2025-02-03;2025-02-04;2025-02-05;2025-02-06;2025-02-07;2025-02-10;2025-02-11;2025-02-12;2025-02-13;2025-02-14;2025-02-17;2025-02-18;2025-02-19;2025-02-20;2025-02-21;2025-02-24;2025-02-25;2025-02-26;2025-02-27;2025-02-28,20,2490.6707266666663,2025-02-17;2025-02-18,2025-02-17;2025-02-18;2025-02-25;2025-02-24;2025-02-10;2025-02-03;2025-02-11,,2025-03-02,9600.0,10800.0,10800.0,32.82395943287036,40.37706797853211,51.18600133442529,90.37630098602473,74955.43306020318,4757.710895322546,3420.7209740876037,45915.16715469559,19323.67612684505,65238.84328154064,45915.16715469559,45915.16710878042,40727.63257931416,1434.7642064793263,lexicographic,4.591516710878042e-05,4.072763253858654e-05,False,0.1757194999991043,0.0,1,0
2025-03-04,False,2,1.0,7,0.8,0,calibrated_quantile,2025-02-04;2025-02-05;2025-02-06;2025-02-07;2025-02-10;2025-02-11;2025-02-12;2025-02-13;2025-02-14;2025-02-17;2025-02-18;2025-02-19;2025-02-20;2025-02-21;2025-02-24;2025-02-25;2025-02-26;2025-02-27;2025-02-28;2025-03-03,20,2078.178810095546,2025-03-03;2025-02-18,2025-03-03;2025-02-18;2025-02-25;2025-02-17;2025-02-24;2025-02-19;2025-02-11,,2025-03-03,9600.0,10800.0,10800.0,20.334939814814813,25.67308465555148,16.94274675931935,33.275238148081655,77578.36549023495,572.5092265651467,4508.894937417733,47784.79738010258,1773.1884968311308,49557.98587693371,47784.79738010258,47784.79733231779,42320.866007098666,1421.2588626131992,lexicographic,4.778479733231779e-05,4.2320865964777806e-05,False,0.14657570000053965,0.0,1,0
2025-03-05,False,2,1.0,7,0.8,0,calibrated_quantile,2025-02-05;2025-02-06;2025-02-07;2025-02-10;2025-02-11;2025-02-12;2025-02-13;2025-02-14;2025-02-17;2025-02-18;2025-02-19;2025-02-20;2025-02-21;2025-02-24;2025-02-25;2025-02-26;2025-02-27;2025-02-28;2025-03-03;2025-03-04,20,2008.736685444376,2025-03-04;2025-02-25,2025-03-04;2025-02-25;2025-02-19;2025-02-18;2025-02-20;2025-02-26;2025-02-27,,2025-03-04,9600.0,10800.0,10800.0,19.801541435185175,24.51808038032922,22.19352521466629,38.40009014057152,75105.78852805364,946.0862290058774,5552.853289221632,45909.242629271175,3915.3408511759835,49824.58348044716,45909.242629271175,45909.242583361935,41616.18161378904,1445.6550395912855,lexicographic,4.590924258336194e-05,4.1616181572172875e-05,False,0.2180597000005946,0.0,1,0
2025-03-06,False,2,1.0,7,0.8,0,calibrated_quantile,2025-02-06;2025-02-07;2025-02-10;2025-02-11;2025-02-12;2025-02-13;2025-02-14;2025-02-17;2025-02-18;2025-02-19;2025-02-20;2025-02-21;2025-02-24;2025-02-25;2025-02-26;2025-02-27;2025-02-28;2025-03-03;2025-03-04;2025-03-05,20,2011.794159423749,2025-03-05;2025-02-20,2025-03-05;2025-02-20;2025-02-28;2025-02-26;2025-03-04;2025-02-27;2025-02-14,,2025-03-05,9600.0,10800.0,10800.0,24.693908449074083,31.420374124041235,13.885882390481804,25.27673688424184,74797.04527928491,624.4487755256134,5102.5156261644315,45659.68306956311,2763.6943099899854,48423.377379553094,45659.6830695631,45659.68302390341,41709.299865874316,1417.586428800593,lexicographic,4.565968302390341e-05,4.170929982416503e-05,False,0.2119029000023147,0.0,1,0
2025-03-07,False,2,1.0,7,0.8,0,calibrated_quantile,2025-02-07;2025-02-10;2025-02-11;2025-02-12;2025-02-13;2025-02-14;2025-02-17;2025-02-18;2025-02-19;2025-02-20;2025-02-21;2025-02-24;2025-02-25;2025-02-26;2025-02-27;2025-02-28;2025-03-03;2025-03-04;2025-03-05;2025-03-06,20,1758.0798577510586,2025-03-06;2025-02-28,2025-03-06;2025-02-28;2025-02-21;2025-02-14;2025-03-05;2025-02-27;2025-02-20,,2025-03-06,9600.0,10800.0,10800.0,172.56244305555555,188.47708018303197,14.174934078467903,27.28048350232057,50261.85603182603,0.0,25445.71258498847,28574.77609234681,0.0,28574.77609234681,28574.77609234681,28574.77606377203,37094.12012338243,1357.2079642587487,lexicographic,2.8574776063772034e-05,3.709412008628831e-05,False,0.1935914000023331,0.0,1,0
2025-03-08,False,2,1.0,7,0.8,0,calibrated_quantile,2025-02-08;2025-02-09;2025-02-15;2025-02-16;2025-02-22;2025-02-23;2025-03-01;2025-03-02,8,4970.970269628811,2025-03-02;2025-02-22,2025-03-02;2025-02-22;2025-03-01;2025-02-15;2025-02-23;2025-02-16;2025-02-08,,2025-03-07,9600.0,10800.0,10800.0,169.62929230324073,186.53487456839503,42.45485893114736,68.55875617076673,58632.13012441668,0.0,35510.818238217624,33227.220952652664,0.0,33227.220952652664,33227.22095265267,33227.22091942544,38659.43152028233,1440.7432440372213,lexicographic,3.322722091942544e-05,3.865943148162291e-05,False,0.16826450000007753,0.0,1,0
2025-03-09,False,2,1.0,7,0.8,0,calibrated_quantile,2025-02-09;2025-02-15;2025-02-16;2025-02-22;2025-02-23;2025-03-01;2025-03-02;2025-03-08,8,4970.970269628811,2025-03-02;2025-02-23,2025-03-02;2025-02-23;2025-03-08;2025-02-16;2025-02-09;2025-03-01;2025-02-22,,2025-03-08,9600.0,10800.0,10800.0,22.875450752314805,28.72697405870411,24.334744760560305,50.70977352031225,77912.5383367693,111.19544383511634,10226.01589281332,47906.47623439807,507.32806864700456,48413.80430304507,47906.47623439808,47906.4761864916,42527.31071790481,1442.355822696738,lexicographic,4.7906476186491604e-05,4.252731067537751e-05,False,0.2342389000004914,0.0,1,0
2025-03-10,False,2,1.0,7,0.8,0,calibrated_quantile,2025-02-10;2025-02-11;2025-02-12;2025-02-13;2025-02-14;2025-02-17;2025-02-18;2025-02-19;2025-02-20;2025-02-21;2025-02-24;2025-02-25;2025-02-26;2025-02-27;2025-02-28;2025-03-03;2025-03-04;2025-03-05;2025-03-06;2025-03-07,20,1758.0798577510586,2025-02-25;2025-03-03,2025-02-25;2025-03-03;2025-02-24;2025-03-04;2025-02-18;2025-03-07;2025-02-28,,2025-03-09,9551.666205357138,10800.0,10751.666205357138,23.19132390046295,29.92749564885704,25.598863594734983,45.60334978985669,75773.60517702656,1521.6239870050586,4870.614100323859,46486.25138846507,4015.0192976936605,50501.27068615873,46486.25138846507,46486.25134197883,42207.39353246412,1436.0025794606065,lexicographic,4.6486251341978834e-05,4.2207393490256726e-05,False,0.19405449999976554,0.0,1,0
2025-03-11,False,2,1.0,7,0.8,0,calibrated_quantile,2025-02-11;2025-02-12;2025-02-13;2025-02-14;2025-02-17;2025-02-18;2025-02-19;2025-02-20;2025-02-21;2025-02-24;2025-02-25;2025-02-26;2025-02-27;2025-02-28;2025-03-03;2025-03-04;2025-03-05;2025-03-06;2025-03-07;2025-03-10,20,2110.4191777303104,2025-03-04;2025-03-05,2025-03-04;2025-03-05;2025-03-03;2025-02-25;2025-02-18;2025-03-06;2025-03-10,,2025-03-10,9420.120888227506,10751.666205357138,10620.120888227506,19.19040283564814,23.630470215510258,27.568853568581588,54.77430933923507,74178.94617086808,403.62387688311344,6505.824315726776,45100.26183277687,1673.4370429890605,46773.698875765935,45100.26183277687,45100.2617876766,40664.464830513316,1436.3889261483428,lexicographic,4.5100261787676604e-05,4.066446478984886e-05,False,0.3036704000005557,0.0,1,0
2025-03-12,False,2,1.0,7,0.8,0,calibrated_quantile,2025-02-12;2025-02-13;2025-02-14;2025-02-17;2025-02-18;2025-02-19;2025-02-20;2025-02-21;2025-02-24;2025-02-25;2025-02-26;2025-02-27;2025-02-28;2025-03-03;2025-03-04;2025-03-05;2025-03-06;2025-03-07;2025-03-10;2025-03-11,20,2209.1100435964463,2025-03-06;2025-03-05,2025-03-06;2025-03-05;2025-03-11;2025-02-26;2025-03-04;2025-03-07;2025-02-25,,2025-03-11,8912.034560185179,10620.120888227506,10112.034560185179,16.846851331018513,21.933579875600113,24.14427708488596,41.34331227594203,71580.29113379074,359.0572347233116,5804.651441817375,43596.4615494887,1055.0415801392915,44651.503129627985,43596.4615494887,43596.46150589223,40052.837110336,1427.9797860986778,lexicographic,4.359646150589223e-05,4.005283707028316e-05,False,0.28185990000201855,0.0,1,0
2025-03-13,False,2,1.0,7,0.8,0,calibrated_quantile,2025-02-13;2025-02-14;2025-02-17;2025-02-18;2025-02-19;2025-02-20;2025-02-21;2025-02-24;2025-02-25;2025-02-26;2025-02-27;2025-02-28;2025-03-03;2025-03-04;2025-03-05;2025-03-06;2025-03-07;2025-03-10;2025-03-11;2025-03-12,20,2256.1349393104447,2025-03-06;2025-03-12,2025-03-06;2025-03-12;2025-03-07;2025-03-05;2025-02-26;2025-02-28;2025-02-27,,2025-03-12,8403.948232142851,10112.034560185179,9603.948232142851,17.88516464120371,23.670090261119732,40.743662679191175,78.29247432807658,70140.32469549205,4367.855868156089,3296.1946731023395,42641.821241589874,16351.262119454854,58993.08336104473,42641.821241589874,42641.821198948084,39740.42759051289,1445.7949045743749,lexicographic,4.264182119894809e-05,3.974042755077247e-05,False,0.2034970999993675,0.0,1,0
2025-03-14,False,2,1.0,7,0.8,0,calibrated_quantile,2025-02-14;2025-02-17;2025-02-18;2025-02-19;2025-02-20;2025-02-21;2025-02-24;2025-02-25;2025-02-26;2025-02-27;2025-02-28;2025-03-03;2025-03-04;2025-03-05;2025-03-06;2025-03-07;2025-03-10;2025-03-11;2025-03-12;2025-03-13,20,2861.1360917847505,2025-03-07;2025-03-06,2025-03-07;2025-03-06;2025-03-13;2025-03-05;2025-03-12;2025-03-11;2025-02-28,,2025-03-13,7895.861904100525,9603.948232142851,9095.861904100526,156.72299340277777,171.39028568365978,27.53148881557967,54.759598757347014,47840.98963798204,0.0,28792.2441932914,27389.110908790764,0.0,27389.110908790764,27389.110908790764,27389.11088140166,33576.44008175219,1364.3139158151757,lexicographic,2.738911088140166e-05,3.357644004817574e-05,False,0.3513825000009092,0.0,1,0
2025-03-15,False,2,1.0,7,0.8,0,calibrated_quantile,2025-02-15;2025-02-16;2025-02-22;2025-02-23;2025-03-01;2025-03-02;2025-03-08;2025-03-09,8,748.5427711402288,2025-03-08;2025-03-01,2025-03-08;2025-03-01;2025-02-22;2025-03-09;2025-03-02;2025-02-15;2025-02-23,,2025-03-14,7387.775576058198,9095.861904100526,8587.775576058197,17.596778125,22.574527830769902,30.895999613986888,55.073045192263095,31485.181753684035,1840.6836066373285,9272.709733493144,16304.651310170466,5301.128007922622,21605.77931809309,16304.651310170464,16304.651293865818,34621.58186071199,1251.963387774791,lexicographic,1.630465129386582e-05,3.4621581826090405e-05,False,0.2152286999989883,0.0,1,0
2025-03-16,False,2,1.0,7,0.8,0,calibrated_quantile,2025-02-16;2025-02-22;2025-02-23;2025-03-01;2025-03-02;2025-03-08;2025-03-09;2025-03-15,8,2148.1055909666266,2025-03-09;2025-03-02,2025-03-09;2025-03-02;2025-02-23;2025-02-16;2025-03-08;2025-02-09;2025-03-15,,2025-03-15,7207.502451367845,8587.775576058197,8407.502451367845,16.50414438657408,21.615296207918302,31.73462085832462,67.61317470353153,71722.63152166366,1277.4020224003464,5667.199967053641,43412.53017371794,5064.650721718077,48477.18089543602,43412.53017371794,43412.530130305415,39639.60762893714,1432.4013202967653,lexicographic,4.3412530130305414e-05,3.9639607589297543e-05,False,0.17005920000156038,0.0,1,0
2025-03-17,False,2,1.0,7,0.8,0,calibrated_quantile,2025-02-17;2025-02-18;2025-02-19;2025-02-20;2025-02-21;2025-02-24;2025-02-25;2025-02-26;2025-02-27;2025-02-28;2025-03-03;2025-03-04;2025-03-05;2025-03-06;2025-03-07;2025-03-10;2025-03-11;2025-03-12;2025-03-13;2025-03-14,20,2861.1360917847505,2025-03-10;2025-03-11,2025-03-10;2025-03-11;2025-02-25;2025-03-03;2025-03-12;2025-03-04;2025-02-24,,2025-03-16,7027.229326677492,8407.502451367845,8227.229326677492,20.034028993055554,25.032196494767692,48.51891049892467,80.3220677590487,71720.94559026089,235.73530423418043,10110.820602161173,43417.53675053202,1046.180507575323,44463.71725810734,43417.53675053202,43417.53670711447,39696.2150485983,1436.5762799982456,lexicographic,4.3417536707114476e-05,3.96962150089021e-05,False,0.33991450000030454,0.0,1,0
2025-03-18,False,2,1.0,7,0.8,0,calibrated_quantile,2025-02-18;2025-02-19;2025-02-20;2025-02-21;2025-02-24;2025-02-25;2025-02-26;2025-02-27;2025-02-28;2025-03-03;2025-03-04;2025-03-05;2025-03-06;2025-03-07;2025-03-10;2025-03-11;2025-03-12;2025-03-13;2025-03-14;2025-03-17,20,2858.2178929901947,2025-03-17;2025-03-10,2025-03-17;2025-03-10;2025-03-12;2025-03-13;2025-02-26;2025-02-25;2025-03-11,,2025-03-17,6846.95620198714,8227.229326677492,8046.95620198714,17.3440329861111,21.669999988325923,23.038470866885987,42.802062170460424,68759.5932481547,1565.0774540106245,5306.16970951717,41385.868808842046,7638.6756936163565,49024.544502458404,41385.868808842046,41385.86876745619,38789.44093404823,1437.1991666666663,lexicographic,4.138586876745619e-05,3.8789440934048175e-05,False,0.21599740000237944,0.0,1,0
2025-03-19,False,2,1.0,7,0.8,0,calibrated_quantile,2025-02-19;2025-02-20;2025-02-21;2025-02-24;2025-02-25;2025-02-26;2025-02-27;2025-02-28;2025-03-03;2025-03-04;2025-03-05;2025-03-06;2025-03-07;2025-03-10;2025-03-11;2025-03-12;2025-03-13;2025-03-14;2025-03-17;2025-03-18,20,3022.411769504358,2025-03-12;2025-03-13,2025-03-12;2025-03-13;2025-03-05;2025-03-06;2025-03-18;2025-02-26;2025-03-11,,2025-03-18,6666.683077296787,8046.95620198714,7866.683077296787,18.39480978009259,22.9502850210898,26.56026174231131,47.162216332986304,70592.89092207243,197.53627579196285,7359.819709259565,42807.786768753766,756.2398816766492,43564.026650430416,42807.78676875375,42807.786725945974,39480.99823324944,1443.2485257544577,lexicographic,4.280778672594598e-05,3.948099819376845e-05,False,0.1228984000008495,0.0,1,0
2025-03-20,False,2,1.0,7,0.8,0,calibrated_quantile,2025-02-20;2025-02-21;2025-02-24;2025-02-25;2025-02-26;2025-02-27;2025-02-28;2025-03-03;2025-03-04;2025-03-05;2025-03-06;2025-03-07;2025-03-10;2025-03-11;2025-03-12;2025-03-13;2025-03-14;2025-03-17;2025-03-18;2025-03-19,20,2860.9574544629754,2025-03-13;2025-03-19,2025-03-13;2025-03-19;2025-03-06;2025-03-12;2025-03-18;2025-03-07;2025-02-26,,2025-03-19,6513.437841087964,7866.683077296787,7713.437841087964,18.888384201388888,23.792995841267544,16.505342708492137,29.96830250945186,68670.12688468388,895.609832443286,3378.015927431872,41554.09337852019,3117.4853512853383,44671.57872980553,41554.09337852019,41554.0933369661,39354.71140188255,1437.0205785879743,lexicographic,4.15540933369661e-05,3.9354711362527846e-05,False,0.1775355000027048,0.0,1,0
2025-03-21,False,2,1.0,7,0.8,0,calibrated_quantile,2025-02-21;2025-02-24;2025-02-25;2025-02-26;2025-02-27;2025-02-28;2025-03-03;2025-03-04;2025-03-05;2025-03-06;2025-03-07;2025-03-10;2025-03-11;2025-03-12;2025-03-13;2025-03-14;2025-03-17;2025-03-18;2025-03-19;2025-03-20,20,2932.6124577000983,2025-03-07;2025-03-13,2025-03-07;2025-03-13;2025-03-20;2025-03-14;2025-03-06;2025-02-28;2025-03-19,,2025-03-20,6360.192604879142,7713.437841087964,7560.192604879142,155.314493287037,172.4984694768534,34.27964068824667,60.2176779557789,45564.81823516896,0.0,30160.618424080967,26265.5274051949,0.0,26265.5274051949,26265.527405194898,26265.527378929375,33562.48583199206,1351.4642916666667,lexicographic,2.6265527378929376e-05,3.3562485831991975e-05,False,0.31730349999998,0.0,1,0
2025-03-22,False,2,1.0,7,0.8,0,calibrated_quantile,2025-02-22;2025-02-23;2025-03-01;2025-03-02;2025-03-08;2025-03-09;2025-03-15;2025-03-16,8,2523.3262304091827,2025-03-15;2025-03-08,2025-03-15;2025-03-08;2025-03-01;2025-03-09;2025-02-22;2025-03-16;2025-03-02,,2025-03-21,6206.9473686703195,7560.192604879142,7406.9473686703195,16.264361805555545,19.99365558606291,25.858074772470736,47.09629033016487,31796.409010242496,146.66267151903463,12862.770438741292,16446.577681080755,400.69500378979427,16847.27268487055,16446.577681080755,16446.577664634176,31927.44819846936,1258.5959013798442,lexicographic,1.6446577664634177e-05,3.192744819846936e-05,False,0.21562880000055884,0.0,1,0
2025-03-23,False,2,1.0,7,0.8,0,calibrated_quantile,2025-02-23;2025-03-01;2025-03-02;2025-03-08;2025-03-09;2025-03-15;2025-03-16;2025-03-22,8,2597.3535052552215,2025-03-09;2025-03-16,2025-03-09;2025-03-16;2025-03-02;2025-02-23;2025-03-15;2025-03-22;2025-02-16,,2025-03-22,6053.702132461497,7406.9473686703195,7253.702132461497,16.474060127314814,20.685626832718185,32.47883508535381,63.595499575735666,69374.67925502693,637.534442542239,7221.497927569148,41734.42621213967,2481.4527485694152,44215.87896070908,41734.426212139675,41734.42617040526,39757.0713563645,1425.3582416663776,lexicographic,4.1734426170405264e-05,3.975707131660743e-05,False,0.2167184999998426,0.0,1,0
2025-03-24,False,2,1.0,7,0.8,0,calibrated_quantile,2025-02-24;2025-02-25;2025-02-26;2025-02-27;2025-02-28;2025-03-03;2025-03-04;2025-03-05;2025-03-06;2025-03-07;2025-03-10;2025-03-11;2025-03-12;2025-03-13;2025-03-14;2025-03-17;2025-03-18;2025-03-19;2025-03-20;2025-03-21,20,2932.6124577000983,2025-03-17;2025-03-10,2025-03-17;2025-03-10;2025-03-18;2025-03-11;2025-03-21;2025-03-19;2025-03-03,,2025-03-23,5637.47579518944,7253.702132461497,6837.47579518944,18.49546666666667,23.452005316377385,17.330955377787284,31.924000000922973,66098.06118823664,601.3130116843251,5048.730202567869,39922.97502768252,2063.7188453718118,41986.69387305433,39922.97502768252,39922.97498775953,38734.70169192356,1437.1981024697343,lexicographic,3.9922974987759536e-05,3.873470165318887e-05,False,0.19240020000142977,0.0,1,0
2025-03-25,False,2,1.0,7,0.8,0,calibrated_quantile,2025-02-25;2025-02-26;2025-02-27;2025-02-28;2025-03-03;2025-03-04;2025-03-05;2025-03-06;2025-03-07;2025-03-10;2025-03-11;2025-03-12;2025-03-13;2025-03-14;2025-03-17;2025-03-18;2025-03-19;2025-03-20;2025-03-21;2025-03-24,20,3069.2569600321794,2025-03-18;2025-03-24,2025-03-18;2025-03-24;2025-03-17;2025-03-19;2025-03-10;2025-03-12;2025-03-20,,2025-03-24,5221.249457917384,6837.47579518944,6421.249457917384,20.562273958333332,25.0830441490341,24.11208720480461,46.78530008147021,66221.71458879164,2081.644547076068,3671.0915543478973,39888.05537665408,8563.230605415261,48451.28598206934,39888.05537665408,39888.05533676601,39020.45259196794,1428.8476030050367,lexicographic,3.9888055336766014e-05,3.9020452552947505e-05,False,0.18647950000013225,0.0,1,0
2025-03-26,False,2,1.0,7,0.8,0,calibrated_quantile,2025-02-26;2025-02-27;2025-02-28;2025-03-03;2025-03-04;2025-03-05;2025-03-06;2025-03-07;2025-03-10;2025-03-11;2025-03-12;2025-03-13;2025-03-14;2025-03-17;2025-03-18;2025-03-19;2025-03-20;2025-03-21;2025-03-24;2025-03-25,20,3768.052365370225,2025-03-19;2025-03-12,2025-03-19;2025-03-12;2025-03-13;2025-03-20;2025-03-25;2025-03-18;2025-03-06,,2025-03-25,4805.023120645326,6421.249457917384,6005.023120645326,15.209714583333323,19.407754070657646,42.03178781150583,80.78447695095156,68615.61325941932,261.9222267593185,9629.52652176549,41369.77748577427,892.9785430392009,42262.75602881347,41369.77748577427,41369.777444404484,38766.20696847807,1439.1978707495814,lexicographic,4.1369777444404484e-05,3.8766206929711865e-05,False,0.19001980000030017,0.0,1,0
2025-03-27,False,2,1.0,7,0.8,0,calibrated_quantile,2025-02-27;2025-02-28;2025-03-03;2025-03-04;2025-03-05;2025-03-06;2025-03-07;2025-03-10;2025-03-11;2025-03-12;2025-03-13;2025-03-14;2025-03-17;2025-03-18;2025-03-19;2025-03-20;2025-03-21;2025-03-24;2025-03-25;2025-03-26,20,3666.0481736344664,2025-03-20;2025-03-13,2025-03-20;2025-03-13;2025-03-26;2025-03-21;2025-03-19;2025-03-12;2025-03-06,,2025-03-26,4388.796783373268,6005.023120645326,5588.796783373268,18.002393576388883,22.321924261315218,18.363040542140897,33.13051618168517,65318.0293467756,970.9508847142796,3944.0511997734434,39463.98929526111,3572.165073676772,43036.15436893788,39463.98929526112,39463.98925579714,38504.09547629721,1446.8603842793113,lexicographic,3.9463989255797143e-05,3.850409543779312e-05,False,0.20631279999724939,0.0,1,0
2025-03-28,False,2,1.0,7,0.8,0,calibrated_quantile,2025-02-28;2025-03-03;2025-03-04;2025-03-05;2025-03-06;2025-03-07;2025-03-10;2025-03-11;2025-03-12;2025-03-13;2025-03-14;2025-03-17;2025-03-18;2025-03-19;2025-03-20;2025-03-21;2025-03-24;2025-03-25;2025-03-26;2025-03-27,20,2683.460564477773,2025-03-21;2025-03-27,2025-03-21;2025-03-27;2025-03-20;2025-03-13;2025-02-28;2025-03-07;2025-03-26,,2025-03-27,4245.278008653927,5588.796783373268,5445.278008653927,162.75470850694444,179.51865052472104,15.352900070859087,29.477610293652653,42883.505066278114,6.074166666666713,28837.688947350856,24677.81388887371,12.986568333333432,24690.800457207042,24677.81388887371,24677.8138641959,32129.742230279717,1365.0554677881237,lexicographic,2.4677813864195903e-05,3.2129742198149975e-05,False,0.2110556000006909,0.0,1,0
2025-03-29,False,2,1.0,7,0.8,0,calibrated_quantile,2025-03-01;2025-03-02;2025-03-08;2025-03-09;2025-03-15;2025-03-16;2025-03-22;2025-03-23,8,2825.9810280153433,2025-03-22;2025-03-15,2025-03-22;2025-03-15;2025-03-08;2025-03-23;2025-03-01;2025-02-22;2025-03-09,,2025-03-28,4101.759233934586,5445.278008653927,5301.759233934586,15.425295428240743,18.800130083648444,53.64351794858083,90.22753428183219,30014.42317181589,361.38052025334684,19905.16778993046,15379.168531037027,1391.1302979428872,16770.298828979914,15379.168531037023,15379.168515657857,27684.927134382517,1273.2134534312602,lexicographic,1.537916851565786e-05,2.7684927134382523e-05,False,0.2816106000027503,0.0,1,0
2025-03-30,False,2,1.0,7,0.8,0,calibrated_quantile,2025-03-02;2025-03-08;2025-03-09;2025-03-15;2025-03-16;2025-03-22;2025-03-23;2025-03-29,8,2567.8953588312997,2025-03-23;2025-03-09,2025-03-23;2025-03-09;2025-03-16;2025-03-29;2025-03-22;2025-03-15;2025-03-02,,2025-03-29,3958.240459215244,5301.759233934586,5158.240459215243,19.078686226851858,23.074271015746383,22.46210759042105,41.44686137510359,62565.13619026315,1373.7982207345535,4698.327910873197,37595.136220242755,6114.549157959297,43709.685378202055,37595.136220242755,37595.13618264763,38464.52580379048,1444.6781747814666,lexicographic,3.759513618264763e-05,3.846452580379048e-05,False,0.34782459999769344,0.0,1,0
2025-03-31,False,2,1.0,7,0.8,0,calibrated_quantile,2025-03-03;2025-03-04;2025-03-05;2025-03-06;2025-03-07;2025-03-10;2025-03-11;2025-03-12;2025-03-13;2025-03-14;2025-03-17;2025-03-18;2025-03-19;2025-03-20;2025-03-21;2025-03-24;2025-03-25;2025-03-26;2025-03-27;2025-03-28,20,2686.125264477773,2025-03-24;2025-03-17,2025-03-24;2025-03-17;2025-03-25;2025-03-10;2025-03-18;2025-03-28;2025-03-26,,2025-03-30,3814.7216844959025,5158.240459215243,5014.721684495902,17.665420775462962,21.527365653553403,32.096068528044235,55.242461715966314,64132.401747236094,1589.5596872215378,4850.633124756542,38469.745064958086,6692.625226401075,45162.37029135916,38469.745064958086,38469.745026488345,38702.2266853708,1424.3946752402107,lexicographic,3.8469745026488345e-05,3.870222664666858e-05,False,0.18949979999888455,0.0,1,0
2025-04-01,False,2,1.0,10,0.8,0,calibrated_quantile,2025-03-04;2025-03-05;2025-03-06;2025-03-07;2025-03-10;2025-03-11;2025-03-12;2025-03-13;2025-03-14;2025-03-17;2025-03-18;2025-03-19;2025-03-20;2025-03-21;2025-03-24;2025-03-25;2025-03-26;2025-03-27;2025-03-28;2025-03-31,20,2178.398757447868,2025-03-25;2025-03-18,2025-03-25;2025-03-18;2025-03-24;2025-03-31;2025-03-26;2025-03-17;2025-03-19;2025-03-12;2025-03-10;2025-03-27,,2025-03-31,3772.8571829896564,5014.721684495902,4972.857182989656,19.382576967592584,24.39084243444331,33.78952836231973,66.97947163198904,64277.47294854089,3094.8462113708074,3093.4725428273277,38388.63932729961,9234.181125726656,47622.82045302626,38388.63932729961,38388.63928891096,39168.669655091,1431.2109583333317,lexicographic,3.8388639288910965e-05,3.916866961592233e-05,False,0.2510485000020708,0.0,1,0
2025-04-02,False,2,1.0,10,0.8,0,calibrated_quantile,2025-03-05;2025-03-06;2025-03-07;2025-03-10;2025-03-11;2025-03-12;2025-03-13;2025-03-14;2025-03-17;2025-03-18;2025-03-19;2025-03-20;2025-03-21;2025-03-24;2025-03-25;2025-03-26;2025-03-27;2025-03-28;2025-03-31;2025-04-01,20,2617.05546290307,2025-03-26;2025-03-19,2025-03-26;2025-03-19;2025-03-12;2025-03-13;2025-04-01;2025-03-20;2025-03-05;2025-03-25;2025-03-06;2025-03-27,,2025-04-01,4101.759233934586,4972.857182989656,5301.759233934586,17.066151504629616,21.632241424918835,33.382638206171464,58.02291121511498,66165.23138724954,2524.6555871091578,3840.6969739207834,39194.603569828236,11962.650038419366,51157.2536082476,39194.603569828236,39194.603530633634,38931.85860574602,1448.1459099334784,lexicographic,3.9194603530633636e-05,3.893185856681417e-05,False,0.14531929999793647,0.0,1,0
2025-04-03,False,2,1.0,10,0.8,0,calibrated_quantile,2025-03-06;2025-03-07;2025-03-10;2025-03-11;2025-03-12;2025-03-13;2025-03-14;2025-03-17;2025-03-18;2025-03-19;2025-03-20;2025-03-21;2025-03-24;2025-03-25;2025-03-26;2025-03-27;2025-03-28;2025-03-31;2025-04-01;2025-04-02,20,2960.458450304586,2025-04-02;2025-03-20,2025-04-02;2025-03-20;2025-03-13;2025-03-27;2025-03-26;2025-03-19;2025-03-21;2025-03-06;2025-03-12;2025-03-28,,2025-04-02,4176.9170747070975,5301.759233934586,5376.9170747070975,18.240927835648144,24.176368450803615,32.72191521255231,61.58911432531086,66096.31095652377,810.5723778626121,6896.154603400426,39463.92013722483,3503.1982196718104,42967.11835689664,39463.920137224835,39463.920097760914,38795.50056330209,1441.8727771410572,lexicographic,3.946392009776092e-05,3.8795500524506604e-05,False,0.19628360000206158,0.0,1,0
2025-04-04,False,2,1.0,10,0.8,0,calibrated_quantile,2025-03-07;2025-03-10;2025-03-11;2025-03-12;2025-03-13;2025-03-14;2025-03-17;2025-03-18;2025-03-19;2025-03-20;2025-03-21;2025-03-24;2025-03-25;2025-03-26;2025-03-27;2025-03-28;2025-03-31;2025-04-01;2025-04-02;2025-04-03,20,2992.672172548225,2025-03-28;2025-03-21,2025-03-28;2025-03-21;2025-03-27;2025-03-20;2025-04-03;2025-03-13;2025-03-07;2025-02-28;2025-03-26;2025-03-25,,2025-04-03,4106.290505151707,5376.9170747070975,5306.290505151707,17.381484548611112,21.243859343999443,30.93554518101227,60.30251734951855,29417.282799891334,228.00342594660196,20384.497675681952,14890.253532627425,869.7327258332322,15759.986258460656,14890.253532627426,14890.25351773717,27628.436992010727,1290.6004172108842,lexicographic,1.4890253517737171e-05,2.7628436964382294e-05,False,0.20578070000192383,0.0,1,0
2025-04-05,False,2,1.0,10,0.8,0,calibrated_quantile,2025-03-08;2025-03-09;2025-03-15;2025-03-16;2025-03-22;2025-03-23;2025-03-29;2025-03-30,8,1829.3936046776807,2025-03-29;2025-03-22,2025-03-29;2025-03-22;2025-03-15;2025-03-08;2025-03-30;2025-03-23;2025-03-01;2025-03-09;2025-02-22;2025-03-16,,2025-04-04,4033.398299987756,5306.290505151707,5233.398299987756,18.842342592592583,23.532260149619994,24.911813750457814,46.07819631787529,29324.53638205803,1259.2096714572986,15727.0721914988,14830.592255460011,4993.41404170153,19824.00629716154,14830.59225546001,14830.59224062942,27483.881787956263,1263.4899761237439,lexicographic,1.483059224062942e-05,2.748388178795627e-05,False,0.27168690000326023,0.0,1,0
2025-04-06,False,2,1.0,10,0.8,0,calibrated_quantile,2025-03-09;2025-03-15;2025-03-16;2025-03-22;2025-03-23;2025-03-29;2025-03-30;2025-04-05,8,3327.525349546372,2025-03-30;2025-03-23,2025-03-30;2025-03-23;2025-03-09;2025-03-16;2025-03-02;2025-04-05;2025-03-29;2025-03-22;2025-03-15;2025-02-23,,2025-04-05,4090.1992456541147,5233.398299987756,5290.199245654115,17.06895665509259,21.423353847970258,19.88556019739335,36.76036920680069,64251.62766578527,516.676141333209,6179.8987225461515,38250.73169086061,1982.4502138094008,40233.18190467001,38250.73169086061,38250.73165260985,39265.965569525324,1443.9981114564953,lexicographic,3.825073165260985e-05,3.926596553025938e-05,False,0.17455709999921964,0.0,1,0
2025-04-07,False,2,1.0,10,0.8,0,calibrated_quantile,2025-03-10;2025-03-11;2025-03-12;2025-03-13;2025-03-14;2025-03-17;2025-03-18;2025-03-19;2025-03-20;2025-03-21;2025-03-24;2025-03-25;2025-03-26;2025-03-27;2025-03-28;2025-03-31;2025-04-01;2025-04-02;2025-04-03;2025-04-04,20,3077.696052767685,2025-03-31;2025-03-24,2025-03-31;2025-03-24;2025-03-17;2025-03-25;2025-04-01;2025-03-10;2025-03-18;2025-04-04;2025-03-28;2025-03-26,,2025-04-06,4082.153615905319,5290.199245654115,5282.153615905319,16.76521018518519,22.18230346168669,33.7957380191833,61.321103839301884,62674.1586404863,977.8157165762419,6374.3864190589375,37208.490035980976,3873.0858437955026,41081.57587977648,37208.49003598097,37208.48999877247,38513.65472895272,1443.7105249999981,lexicographic,3.7208489998772474e-05,3.851365469043908e-05,False,0.45752079999874695,0.0,1,0
2025-04-08,False,2,1.0,10,0.8,0,calibrated_quantile,2025-03-11;2025-03-12;2025-03-13;2025-03-14;2025-03-17;2025-03-18;2025-03-19;2025-03-20;2025-03-21;2025-03-24;2025-03-25;2025-03-26;2025-03-27;2025-03-28;2025-03-31;2025-04-01;2025-04-02;2025-04-03;2025-04-04;2025-04-07,20,3110.1750435128292,2025-03-25;2025-03-18,2025-03-25;2025-03-18;2025-04-01;2025-04-07;2025-03-31;2025-03-24;2025-03-26;2025-03-17;2025-03-27;2025-03-19,,2025-04-07,4074.107986156523,5282.153615905319,5274.107986156523,16.528788888888887,20.30159139009534,37.99009758166787,71.14824135741844,63008.426122014775,1228.3545504672252,5918.64780928157,37461.62189434285,5840.277578164481,43301.89947250733,37461.62189434285,37461.62185688125,37847.485104073494,1435.0206302147462,lexicographic,3.746162185688125e-05,3.784748506622602e-05,False,0.19928040000013425,0.0,1,0
2025-04-09,False,2,1.0,10,0.8,0,calibrated_quantile,2025-03-12;2025-03-13;2025-03-14;2025-03-17;2025-03-18;2025-03-19;2025-03-20;2025-03-21;2025-03-24;2025-03-25;2025-03-26;2025-03-27;2025-03-28;2025-03-31;2025-04-01;2025-04-02;2025-04-03;2025-04-04;2025-04-07;2025-04-08,20,3379.4603477674855,2025-03-27;2025-04-08,2025-03-27;2025-04-08;2025-03-26;2025-04-01;2025-03-20;2025-03-25;2025-03-19;2025-03-18;2025-04-03;2025-04-02,,2025-04-08,4009.2614107413674,5274.107986156523,5209.261410741367,18.16290185185185,22.8494292914482,34.92650295486736,62.67944713536406,63846.09730519845,2633.0144108375493,3352.8070119283852,38139.588635422544,9072.805912066942,47212.394547489486,38139.588635422544,38139.58859728296,38643.32847376524,1441.9294943764226,lexicographic,3.8139588597282956e-05,3.864332843512192e-05,False,0.22252329999901121,0.0,1,0
2025-04-10,False,2,1.0,10,0.8,0,calibrated_quantile,2025-03-13;2025-03-14;2025-03-17;2025-03-18;2025-03-19;2025-03-20;2025-03-21;2025-03-24;2025-03-25;2025-03-26;2025-03-27;2025-03-28;2025-03-31;2025-04-01;2025-04-02;2025-04-03;2025-04-04;2025-04-07;2025-04-08;2025-04-09,20,3965.5698515760196,2025-04-03;2025-03-27,2025-04-03;2025-03-27;2025-03-20;2025-03-13;2025-03-26;2025-04-02;2025-04-09;2025-04-04;2025-03-21;2025-03-19,,2025-04-09,4090.1992456541147,5209.261410741367,5290.199245654115,16.579122453703704,21.20889123908624,32.26812101642767,61.64278486661977,65926.88175650833,503.1203171814814,7791.517989349673,38991.19630793911,2186.4440409052618,41177.640348844376,38991.19630793911,38991.196268947904,39032.70258322478,1445.8890016026885,lexicographic,3.8991196268947905e-05,3.903270254419209e-05,False,0.23362289999931818,0.0,1,0
2025-04-11,False,2,1.0,10,0.8,0,calibrated_quantile,2025-03-14;2025-03-17;2025-03-18;2025-03-19;2025-03-20;2025-03-21;2025-03-24;2025-03-25;2025-03-26;2025-03-27;2025-03-28;2025-03-31;2025-04-01;2025-04-02;2025-04-03;2025-04-04;2025-04-07;2025-04-08;2025-04-09;2025-04-10,20,3463.013176448645,2025-04-04;2025-03-28,2025-04-04;2025-03-28;2025-03-27;2025-03-21;2025-04-10;2025-03-20;2025-04-09;2025-04-03;2025-03-13;2025-04-08,,2025-04-10,4082.153615905319,5290.199245654115,5282.153615905319,19.51916765046296,23.911265077692573,34.69855815638016,62.508682540442344,28640.824593099165,488.229350402452,20931.19019136219,14344.689807176901,1895.0235297830336,16239.713336959934,14344.6898071769,14344.689792832216,27523.57222765017,1277.720728617442,lexicographic,1.4344689792832217e-05,2.7523572227650176e-05,False,0.2707994999982475,0.0,1,0
2025-04-12,False,2,1.0,10,0.8,0,calibrated_quantile,2025-03-15;2025-03-16;2025-03-22;2025-03-23;2025-03-29;2025-03-30;2025-04-05;2025-04-06,8,3469.9136998213426,2025-04-05;2025-03-29,2025-04-05;2025-03-29;2025-03-22;2025-03-15;2025-03-08;2025-03-30;2025-04-06;2025-03-23;2025-03-01;2025-02-22,,2025-04-11,4074.107986156523,5282.153615905319,5274.107986156523,17.51737199074074,22.273986751254604,28.201044763294323,45.42175881426202,29137.38068823919,428.18582574013413,17660.890900342416,14680.047322181988,1356.184005638008,16036.231327819996,14680.047322181987,14680.047307501936,27507.391572266475,1267.4535146758567,lexicographic,1.4680047307501937e-05,2.750739157226648e-05,False,0.25494089999847347,0.0,1,0
2025-04-13,False,2,1.0,10,0.8,0,calibrated_quantile,2025-03-16;2025-03-22;2025-03-23;2025-03-29;2025-03-30;2025-04-05;2025-04-06;2025-04-12,8,3124.7076895545006,2025-04-06;2025-03-30,2025-04-06;2025-03-30;2025-03-23;2025-03-09;2025-03-16;2025-03-02;2025-04-05;2025-03-29;2025-04-12;2025-03-22,,2025-04-12,4009.2614107413674,5274.107986156523,5209.261410741367,19.865640509259258,24.18481927874625,21.424263370832495,40.110708800804,61956.37322480719,1019.2454360824747,4924.103658769652,36710.16536473976,4606.291300639,41316.45666537876,36710.16536473977,36710.16532802959,36577.6691302694,1437.8703407966084,lexicographic,3.6710165328029586e-05,3.657766909369174e-05,False,0.3627009999981965,0.0,1,0
2025-04-14,False,2,1.0,10,0.8,0,calibrated_quantile,2025-03-17;2025-03-18;2025-03-19;2025-03-20;2025-03-21;2025-03-24;2025-03-25;2025-03-26;2025-03-27;2025-03-28;2025-03-31;2025-04-01;2025-04-02;2025-04-03;2025-04-04;2025-04-07;2025-04-08;2025-04-09;2025-04-10;2025-04-11,20,3583.0855062655264,2025-04-07;2025-03-31,2025-04-07;2025-03-31;2025-03-24;2025-03-17;2025-04-01;2025-04-08;2025-03-25;2025-03-10;2025-03-18;2025-04-09,,2025-04-13,3944.4148353262126,5209.261410741367,5144.414835326213,19.029334895833326,24.18164130070125,32.93245366021154,54.50070473694976,63504.87149148806,381.44084197365305,7373.285972075822,37526.10663185042,1598.9402081743644,39125.046840024785,37526.10663185043,37526.10659432433,38576.65258871452,1447.0659605899646,lexicographic,3.752610659432433e-05,3.857665255013787e-05,False,0.20729389999905834,0.0,1,0
2025-04-15,False,2,1.0,10,0.8,0,calibrated_quantile,2025-03-18;2025-03-19;2025-03-20;2025-03-21;2025-03-24;2025-03-25;2025-03-26;2025-03-27;2025-03-28;2025-03-31;2025-04-01;2025-04-02;2025-04-03;2025-04-04;2025-04-07;2025-04-08;2025-04-09;2025-04-10;2025-04-11;2025-04-14,20,3645.9671938352058,2025-04-08;2025-04-01,2025-04-08;2025-04-01;2025-03-25;2025-04-09;2025-03-18;2025-04-14;2025-04-07;2025-03-31;2025-03-24;2025-03-26,,2025-04-14,3879.568259911058,5144.414835326213,5079.568259911058,19.032147453703708,23.16485518521193,36.8122684199213,66.16034134722666,62037.778651102315,319.23396657888617,8343.520832943186,36752.54062751662,1398.359398848015,38150.90002636463,36752.54062751661,36752.540590764074,37519.88304099883,1446.2528097082527,lexicographic,3.675254059076408e-05,3.751988300347896e-05,False,0.2571358000022883,0.0,1,0
2025-04-16,False,2,1.0,10,0.8,0,calibrated_quantile,2025-03-19;2025-03-20;2025-03-21;2025-03-24;2025-03-25;2025-03-26;2025-03-27;2025-03-28;2025-03-31;2025-04-01;2025-04-02;2025-04-03;2025-04-04;2025-04-07;2025-04-08;2025-04-09;2025-04-10;2025-04-11;2025-04-14;2025-04-15,20,3562.7781605431855,2025-04-09;2025-04-15,2025-04-09;2025-04-15;2025-04-08;2025-03-27;2025-04-10;2025-04-01;2025-03-20;2025-03-26;2025-03-25;2025-03-18,,2025-04-15,3814.7216844959025,5079.568259911058,5014.721684495902,16.580488310185174,20.84827067197163,32.00598800000492,60.771568329714526,60316.41938444113,2443.757466196572,3263.066014126267,36138.50586558416,8572.137928300948,44710.6437938851,36138.50586558416,36138.505829445654,36028.59484385794,1456.9712480863338,lexicographic,3.6138505829445657e-05,3.602859480782936e-05,False,0.39759679999770015,0.0,1,0
2025-04-17,False,2,1.0,10,0.8,0,calibrated_quantile,2025-03-20;2025-03-21;2025-03-24;2025-03-25;2025-03-26;2025-03-27;2025-03-28;2025-03-31;2025-04-01;2025-04-02;2025-04-03;2025-04-04;2025-04-07;2025-04-08;2025-04-09;2025-04-10;2025-04-11;2025-04-14;2025-04-15;2025-04-16,20,4086.6738819365237,2025-04-10;2025-03-27,2025-04-10;2025-03-27;2025-04-03;2025-03-20;2025-04-09;2025-04-16;2025-04-04;2025-03-26;2025-03-13;2025-04-02,,2025-04-16,4009.2614107413674,5014.721684495902,5209.261410741367,15.033866145833324,18.349720537417397,26.75288320855106,49.33288636352143,64331.05410190381,94.29949390097718,7293.30514978173,37950.62688536737,460.23870766478416,38410.865593032155,37950.626885367376,37950.62684741674,38774.4027713678,1452.225755846322,lexicographic,3.795062684741674e-05,3.87744027325934e-05,False,0.19924089999767602,0.0,1,0
2025-04-18,False,2,1.0,10,0.8,0,calibrated_quantile,2025-03-21;2025-03-24;2025-03-25;2025-03-26;2025-03-27;2025-03-28;2025-03-31;2025-04-01;2025-04-02;2025-04-03;2025-04-04;2025-04-07;2025-04-08;2025-04-09;2025-04-10;2025-04-11;2025-04-14;2025-04-15;2025-04-16;2025-04-17,20,3789.7619382460616,2025-04-04;2025-04-11,2025-04-04;2025-04-11;2025-03-28;2025-04-17;2025-03-21;2025-04-10;2025-03-27;2025-04-03;2025-03-20;2025-04-09,,2025-04-17,3944.4148353262126,5209.261410741367,5144.414835326213,17.56750509259259,22.523877799712373,22.571112641548574,39.64178305809866,28320.15932176545,287.6292929661957,19452.65688403642,14147.804653661346,887.114984442871,15034.919638104217,14147.804653661344,14147.804639513537,27297.685086696354,1273.1315444266054,lexicographic,1.4147804639513537e-05,2.7297685086696353e-05,False,0.20723219999854336,0.0,1,0
2025-04-19,False,2,1.0,10,0.8,0,calibrated_quantile,2025-03-22;2025-03-23;2025-03-29;2025-03-30;2025-04-05;2025-04-06;2025-04-12;2025-04-13,8,3152.4154625689025,2025-04-05;2025-04-12,2025-04-05;2025-04-12;2025-03-29;2025-03-22;2025-03-15;2025-03-08;2025-04-13;2025-04-06;2025-03-30;2025-03-01,,2025-04-18,3879.568259911058,5144.414835326213,5079.568259911058,17.925953125000003,23.014877211808642,25.684417563100126,43.124646138401324,28519.129903746012,289.06280172146717,19236.188745496587,14362.752465893785,1015.7756225840708,15378.528088477857,14362.752465893785,14362.752451531038,27167.271372603143,1262.1242109121515,lexicographic,1.436275245153104e-05,2.7167271345435866e-05,False,0.29464480000024196,0.0,1,0
2025-04-20,False,2,1.0,10,0.8,0,calibrated_quantile,2025-03-23;2025-03-29;2025-03-30;2025-04-05;2025-04-06;2025-04-12;2025-04-13;2025-04-19,8,3453.270550224866,2025-04-13;2025-04-06,2025-04-13;2025-04-06;2025-03-30;2025-03-23;2025-03-09;2025-03-16;2025-04-19;2025-04-05;2025-04-12;2025-03-02,,2025-04-19,3814.7216844959025,5079.568259911058,5014.721684495902,16.921446469907405,21.727004051443274,24.018600201260636,43.97845771796112,60322.02527143023,752.0865468276245,5249.097065494529,35723.594535385055,3151.3982285409093,38874.99276392596,35723.59453538506,35723.59449966148,37455.16999692405,1436.7618314739957,lexicographic,3.572359449966148e-05,3.7455169959468896e-05,False,0.3032625999985612,0.0,1,0
2025-04-21,False,2,1.0,10,0.8,0,calibrated_quantile,2025-03-24;2025-03-25;2025-03-26;2025-03-27;2025-03-28;2025-03-31;2025-04-01;2025-04-02;2025-04-03;2025-04-04;2025-04-07;2025-04-08;2025-04-09;2025-04-10;2025-04-11;2025-04-14;2025-04-15;2025-04-16;2025-04-17;2025-04-18,20,4148.343169741499,2025-04-14;2025-04-07,2025-04-14;2025-04-07;2025-03-31;2025-03-24;2025-04-15;2025-04-08;2025-03-17;2025-04-01;2025-03-25;2025-03-10,,2025-04-20,3772.8571829896564,5014.721684495902,4972.857182989656,20.03395931712963,24.888497124949158,37.58414287208515,65.31490131063629,59878.614167006584,307.86437346935804,7936.310574361172,35473.202842402694,1082.1863746361341,36555.38921703883,35473.202842402694,35473.20280692949,35960.80172392448,1432.048256577784,lexicographic,3.547320280692949e-05,3.596080168796368e-05,False,0.3295089999992342,0.0,1,0
2025-04-22,False,2,1.0,10,0.8,0,calibrated_quantile,2025-03-25;2025-03-26;2025-03-27;2025-03-28;2025-03-31;2025-04-01;2025-04-02;2025-04-03;2025-04-04;2025-04-07;2025-04-08;2025-04-09;2025-04-10;2025-04-11;2025-04-14;2025-04-15;2025-04-16;2025-04-17;2025-04-18;2025-04-21,20,4102.879050639742,2025-04-08;2025-04-15,2025-04-08;2025-04-15;2025-04-16;2025-04-09;2025-04-21;2025-03-25;2025-04-07;2025-03-18;2025-04-01;2025-03-31,,2025-04-21,3730.99268148341,4972.857182989656,4930.99268148341,18.553381944444432,22.81164258438334,25.510747710655544,49.47587877317327,58073.1084268971,1708.8755682976507,3914.9675808278757,34618.260210999986,5976.491967421585,40594.75217842157,34618.260210999986,34618.26017638174,35778.17762920335,1449.081725,lexicographic,3.461826017638174e-05,3.577817759342517e-05,False,0.2947468000020308,0.0,1,0
2025-04-23,False,2,1.0,10,0.8,0,calibrated_quantile,2025-03-26;2025-03-27;2025-03-28;2025-03-31;2025-04-01;2025-04-02;2025-04-03;2025-04-04;2025-04-07;2025-04-08;2025-04-09;2025-04-10;2025-04-11;2025-04-14;2025-04-15;2025-04-16;2025-04-17;2025-04-18;2025-04-21;2025-04-22,20,4270.027830407913,2025-04-09;2025-04-16,2025-04-09;2025-04-16;2025-04-17;2025-04-15;2025-04-10;2025-03-26;2025-03-27;2025-04-08;2025-04-02;2025-04-22,,2025-04-22,3878.4464888668276,4930.99268148341,5078.446488866828,19.41100763888889,23.641113764293824,22.668722472856395,39.23734032714314,61251.95059381002,427.9691969565791,6337.974388522642,36180.96422173749,1488.1839328208403,37669.14815455833,36180.96422173749,36180.96418555652,36156.07930318295,1452.5128414444969,lexicographic,3.6180964185556526e-05,3.615607926702688e-05,False,0.25593229999867617,0.0,1,0
2025-04-24,False,2,1.0,10,0.8,0,calibrated_quantile,2025-03-27;2025-03-28;2025-03-31;2025-04-01;2025-04-02;2025-04-03;2025-04-04;2025-04-07;2025-04-08;2025-04-09;2025-04-10;2025-04-11;2025-04-14;2025-04-15;2025-04-16;2025-04-17;2025-04-18;2025-04-21;2025-04-22;2025-04-23,20,4352.012177481687,2025-04-17;2025-04-10,2025-04-17;2025-04-10;2025-04-23;2025-03-27;2025-04-09;2025-04-16;2025-04-18;2025-04-03;2025-03-20;2025-04-04,,2025-04-23,3814.7216844959025,5078.446488866828,5014.721684495902,16.783579803240748,21.131011136368933,37.05288750537645,68.37502616425023,60361.158520957324,206.17547583460941,9763.013082932144,35715.11222427056,961.6412156810713,36676.75343995163,35715.11222427056,35715.11218855544,35986.486183967834,1445.444903883264,lexicographic,3.571511218855544e-05,3.598648614798136e-05,False,0.3373931999994966,0.0,1,0
2025-04-25,False,2,1.0,10,0.8,0,calibrated_quantile,2025-03-28;2025-03-31;2025-04-01;2025-04-02;2025-04-03;2025-04-04;2025-04-07;2025-04-08;2025-04-09;2025-04-10;2025-04-11;2025-04-14;2025-04-15;2025-04-16;2025-04-17;2025-04-18;2025-04-21;2025-04-22;2025-04-23;2025-04-24,20,4151.658360222832,2025-04-18;2025-04-11,2025-04-18;2025-04-11;2025-04-04;2025-04-24;2025-03-28;2025-04-17;2025-03-27;2025-04-10;2025-03-21;2025-04-23,,2025-04-24,3772.8571829896564,5014.721684495902,4972.857182989656,18.838371527777777,22.509333192604245,23.186227912338197,41.00316235624466,27208.019561511097,200.65082756784366,22622.832051803412,13312.53651744825,728.2514674779349,14040.787984926184,13312.536517448249,13312.536504135718,26931.97971936815,1255.8024198637042,lexicographic,1.331253650413572e-05,2.693197971936815e-05,False,0.260683100001188,0.0,1,0
2025-04-26,False,2,1.0,10,0.8,0,calibrated_quantile,2025-03-29;2025-03-30;2025-04-05;2025-04-06;2025-04-12;2025-04-13;2025-04-19;2025-04-20,8,3703.4273417045224,2025-04-12;2025-04-05,2025-04-12;2025-04-05;2025-04-19;2025-03-29;2025-03-22;2025-03-15;2025-03-08;2025-04-20;2025-04-13;2025-03-30,,2025-04-25,3730.99268148341,4972.857182989656,4930.99268148341,19.14991504629629,23.746140280623976,53.996965807724834,98.33885818139652,27855.365228175495,367.11157037721426,25375.64054395504,13884.682386020117,1491.5799182275448,15376.26230424766,13884.682386020115,13884.682372135429,26847.78551157735,1257.9305114630274,lexicographic,1.388468237213543e-05,2.6847785484729572e-05,False,0.3251763000007486,0.0,1,0
2025-04-27,False,2,1.0,10,0.8,0,calibrated_quantile,2025-03-30;2025-04-05;2025-04-06;2025-04-12;2025-04-13;2025-04-19;2025-04-20;2025-04-26,8,3702.672096918624,2025-04-20;2025-03-30,2025-04-20;2025-03-30;2025-04-06;2025-04-13;2025-03-23;2025-04-12;2025-04-26;2025-04-05;2025-03-29;2025-04-19,,2025-04-26,3689.128179977163,4930.99268148341,4889.128179977163,20.757893749999994,25.372061714929835,17.39102965826681,33.67038327155802,55789.71062275947,1000.4584717225155,4439.982245652942,33275.742711668376,4197.182497184092,37472.925208852466,33275.74271166837,33275.742678392635,36374.79714346574,1447.2357578205797,lexicographic,3.327574267839264e-05,3.637479710709093e-05,False,0.1964771999992081,0.0,1,0
2025-04-28,False,2,1.0,10,0.8,0,calibrated_quantile,2025-03-31;2025-04-01;2025-04-02;2025-04-03;2025-04-04;2025-04-07;2025-04-08;2025-04-09;2025-04-10;2025-04-11;2025-04-14;2025-04-15;2025-04-16;2025-04-17;2025-04-18;2025-04-21;2025-04-22;2025-04-23;2025-04-24;2025-04-25,20,4337.132085066061,2025-04-21;2025-04-07,2025-04-21;2025-04-07;2025-04-22;2025-03-31;2025-04-14;2025-04-08;2025-04-15;2025-03-24;2025-03-25;2025-03-17,,2025-04-27,3647.2636784709175,4889.128179977163,4847.2636784709175,18.804678414351844,23.087550974862747,51.56895953725003,88.90755213473393,58622.478440488034,4273.720384211643,2568.8006481733114,34573.663985382576,16437.388953169222,51011.0529385518,34573.66398538258,34573.66395080892,35695.71557398584,1438.8923534401001,lexicographic,3.4573663950808926e-05,3.569571553829013e-05,False,0.1789057000023604,0.0,1,0
2025-04-29,False,2,1.0,10,0.8,0,calibrated_quantile,2025-04-01;2025-04-02;2025-04-03;2025-04-04;2025-04-07;2025-04-08;2025-04-09;2025-04-10;2025-04-11;2025-04-14;2025-04-15;2025-04-16;2025-04-17;2025-04-18;2025-04-21;2025-04-22;2025-04-23;2025-04-24;2025-04-25;2025-04-28,20,4860.439771896947,2025-04-15;2025-04-01,2025-04-15;2025-04-01;2025-03-25;2025-04-08;2025-04-23;2025-04-14;2025-04-21;2025-03-18;2025-04-22;2025-04-09,,2025-04-28,3772.8571829896564,4847.2636784709175,4972.857182989656,14.028157291666666,17.735081032328686,34.24976839043552,53.32240571865772,59324.35694662752,707.1003520091126,8775.21239159309,35100.24481024337,2901.88916176332,38002.13397200669,35100.24481024337,35100.24477514313,35229.56919183388,1456.7626286039447,lexicographic,3.5100244775143133e-05,3.5229569156604304e-05,False,0.4198225000000093,0.0,1,0
2025-04-30,False,2,1.0,10,0.8,0,calibrated_quantile,2025-04-02;2025-04-03;2025-04-04;2025-04-07;2025-04-08;2025-04-09;2025-04-10;2025-04-11;2025-04-14;2025-04-15;2025-04-16;2025-04-17;2025-04-18;2025-04-21;2025-04-22;2025-04-23;2025-04-24;2025-04-25;2025-04-28;2025-04-29,20,4514.690095018694,2025-04-23;2025-04-16,2025-04-23;2025-04-16;2025-04-09;2025-04-24;2025-04-17;2025-04-15;2025-04-22;2025-04-08;2025-04-29;2025-03-27,,2025-04-29,3730.99268148341,4972.857182989656,4930.99268148341,17.707478935185172,22.28639310762059,33.49759742865675,54.614513597881356,57560.28567399125,892.4172338522843,6625.511251039321,34279.92488446798,3441.426069571655,37721.35095403963,34279.92488446798,34279.92485018806,34408.77093259766,1449.4893483251221,lexicographic,3.427992485018806e-05,3.44087708981889e-05,False,0.20799350000015693,0.0,1,0
2025-05-01,False,2,1.0,10,0.8,0,calibrated_quantile,2025-04-03;2025-04-04;2025-04-07;2025-04-08;2025-04-09;2025-04-10;2025-04-11;2025-04-14;2025-04-15;2025-04-16;2025-04-17;2025-04-18;2025-04-21;2025-04-22;2025-04-23;2025-04-24;2025-04-25;2025-04-28;2025-04-29;2025-04-30,20,4433.416819925944,2025-04-24;2025-04-17,2025-04-24;2025-04-17;2025-04-30;2025-04-23;2025-04-10;2025-04-16;2025-03-27;2025-04-25;2025-04-09;2025-04-18,,2025-04-30,3689.128179977163,4930.99268148341,4889.128179977163,34.69009571759258,46.025785470484266,33.63651340368239,57.59815011516701,56762.09848941106,3665.61056675296,5795.246340328567,33606.087347161534,17060.92396303905,50667.011310200585,33606.087347161534,33606.08731355546,34892.199949333815,1445.8111040240478,lexicographic,3.360608731355546e-05,3.489219991444162e-05,False,0.23729370000000927,0.0,1,0
2025-05-02,False,2,1.0,10,0.8,0,calibrated_quantile,2025-04-04;2025-04-07;2025-04-08;2025-04-09;2025-04-10;2025-04-11;2025-04-14;2025-04-15;2025-04-16;2025-04-17;2025-04-18;2025-04-21;2025-04-22;2025-04-23;2025-04-24;2025-04-25;2025-04-28;2025-04-29;2025-04-30;2025-05-01,20,4712.211503740915,2025-04-25;2025-04-18,2025-04-25;2025-04-18;2025-04-11;2025-04-04;2025-04-24;2025-05-01;2025-03-28;2025-04-17;2025-03-27;2025-04-10,,2025-05-01,3814.7216844959025,4889.128179977163,5014.721684495902,30.545415798611106,41.73850642402507,61.387181876367976,106.69175023779297,27217.39519734423,5477.712595976204,15459.756755859993,13386.86907192345,24467.788967913024,37854.658039836475,13386.86907192345,13386.86905853658,26865.461678086,1240.2271253714262,lexicographic,1.3386869058536581e-05,2.6865461678086008e-05,False,0.29553930000110995,0.0,1,0
2025-05-03,False,2,1.0,10,0.8,0,calibrated_quantile,2025-04-05;2025-04-06;2025-04-12;2025-04-13;2025-04-19;2025-04-20;2025-04-26;2025-04-27,8,3848.8111912239224,2025-04-19;2025-04-26,2025-04-19;2025-04-26;2025-04-12;2025-03-29;2025-04-05;2025-03-22;2025-03-15;2025-03-08;2025-03-01;2025-02-22,,2025-05-02,4005.8960976086773,5014.721684495902,5205.896097608677,32.15843825231482,43.60372466085871,38.285704263736115,77.66337311598915,27346.574004238715,2725.047285115813,18160.036824724528,13488.651072923283,12438.218432142152,25926.869505065435,13488.65107292328,13488.651059434631,27190.911846722618,1259.541541371715,lexicographic,1.3488651059434631e-05,2.719091184672262e-05,False,0.2429296999980579,0.0,1,0
2025-05-04,False,2,1.0,10,0.8,0,calibrated_quantile,2025-04-06;2025-04-12;2025-04-13;2025-04-19;2025-04-20;2025-04-26;2025-04-27;2025-05-03,8,4575.711874195087,2025-04-20;2025-04-13,2025-04-20;2025-04-13;2025-04-06;2025-03-30;2025-04-27;2025-03-23;2025-03-09;2025-03-16;2025-04-26;2025-05-03,,2025-05-03,4071.8644440680628,5205.896097608677,5271.864444068063,35.04602528935186,45.14596629316019,37.455248277601186,61.35955635744271,58508.51197575877,2507.584280999365,5388.716733823033,34723.93564821342,10742.969148499957,45466.904796713374,34723.93564821342,34723.935613489484,36458.24231343303,1438.4194833333331,lexicographic,3.472393561348949e-05,3.645824231343588e-05,False,0.43435780000072555,0.0,1,0
2025-05-05,False,2,1.0,10,0.8,0,calibrated_quantile,2025-04-07;2025-04-08;2025-04-09;2025-04-10;2025-04-11;2025-04-14;2025-04-15;2025-04-16;2025-04-17;2025-04-18;2025-04-21;2025-04-22;2025-04-23;2025-04-24;2025-04-25;2025-04-28;2025-04-29;2025-04-30;2025-05-01;2025-05-02,20,5848.724305058271,2025-04-21;2025-04-14,2025-04-21;2025-04-14;2025-04-07;2025-03-31;2025-04-28;2025-04-15;2025-04-29;2025-03-24;2025-04-22;2025-04-08,,2025-05-04,4082.153615905319,5271.864444068063,5282.153615905319,31.501066435185173,41.271954928006984,37.766242504386575,61.67825280820115,61578.176342880775,2946.6598130955927,5773.937798235889,36554.795797593106,13526.052056893768,50080.84785448687,36554.795797593106,36554.79576103831,34910.701106332664,1456.4902175105149,lexicographic,3.655479576103831e-05,3.4910701071421974e-05,False,0.24300640000001295,0.0,1,0
2025-05-06,False,2,1.0,10,0.8,0,calibrated_quantile,2025-04-08;2025-04-09;2025-04-10;2025-04-11;2025-04-14;2025-04-15;2025-04-16;2025-04-17;2025-04-18;2025-04-21;2025-04-22;2025-04-23;2025-04-24;2025-04-25;2025-04-28;2025-04-29;2025-04-30;2025-05-01;2025-05-02;2025-05-05,20,6125.221132904366,2025-04-22;2025-04-29,2025-04-22;2025-04-29;2025-04-15;2025-04-08;2025-04-23;2025-04-30;2025-05-05;2025-03-25;2025-04-28;2025-04-21,,2025-05-05,4106.290505151707,5282.153615905319,5306.290505151707,34.48717349537036,44.93239497344048,28.035210148018976,51.86785142098112,61072.59064539103,2211.6339229331543,6596.944014787633,36036.765274883815,9977.080707185272,46013.84598206909,36036.765274883815,36036.76523884705,36135.17009258438,1439.0714620884648,lexicographic,3.603676523884705e-05,3.613517005644922e-05,False,0.43437870000343537,0.0,1,0
2025-05-07,False,2,1.0,10,0.8,0,calibrated_quantile,2025-04-09;2025-04-10;2025-04-11;2025-04-14;2025-04-15;2025-04-16;2025-04-17;2025-04-18;2025-04-21;2025-04-22;2025-04-23;2025-04-24;2025-04-25;2025-04-28;2025-04-29;2025-04-30;2025-05-01;2025-05-02;2025-05-05;2025-05-06,20,6402.919582579931,2025-04-30;2025-04-23,2025-04-30;2025-04-23;2025-04-16;2025-04-09;2025-04-24;2025-05-01;2025-05-06;2025-04-22;2025-04-17;2025-04-15,,2025-05-06,4318.170213817878,5306.290505151707,5518.170213817878,30.37463836805554,42.74025102677675,22.991400383840332,39.598888807880705,59856.916740843866,2558.4020602874143,3303.1508221625204,35521.452666788406,12209.198346450961,47730.65101323937,35521.45266678841,35521.45263126696,36520.20735175978,1454.0351578084783,lexicographic,3.552145263126696e-05,3.6520207315239583e-05,False,0.21404249999977765,0.0,1,0
2025-05-08,False,2,1.0,10,0.8,0,calibrated_quantile,2025-04-10;2025-04-11;2025-04-14;2025-04-15;2025-04-16;2025-04-17;2025-04-18;2025-04-21;2025-04-22;2025-04-23;2025-04-24;2025-04-25;2025-04-28;2025-04-29;2025-04-30;2025-05-01;2025-05-02;2025-05-05;2025-05-06;2025-05-07,20,6502.170083857032,2025-04-24;2025-05-01,2025-04-24;2025-05-01;2025-05-07;2025-04-17;2025-05-02;2025-04-23;2025-04-30;2025-04-10;2025-03-27;2025-04-25,,2025-05-07,4597.790548392556,5518.170213817878,5797.790548392556,25.25616059027778,34.98283400749869,30.084578488146082,50.418036899937064,63353.16464427176,1196.8332703852548,4610.218479772303,38508.696693468606,4699.653681700707,43208.35037516931,38508.6966934686,38508.69665495987,36535.24595214156,1468.6607446366872,lexicographic,3.850869665495987e-05,3.6535245915606314e-05,False,0.35810469999705674,0.0,1,0
2025-05-09,False,2,1.0,10,0.8,0,calibrated_quantile,2025-04-11;2025-04-14;2025-04-15;2025-04-16;2025-04-17;2025-04-18;2025-04-21;2025-04-22;2025-04-23;2025-04-24;2025-04-25;2025-04-28;2025-04-29;2025-04-30;2025-05-01;2025-05-02;2025-05-05;2025-05-06;2025-05-07;2025-05-08,20,6910.238399708309,2025-05-02;2025-04-18,2025-05-02;2025-04-18;2025-04-25;2025-05-08;2025-04-04;2025-05-01;2025-04-24;2025-04-17;2025-04-11;2025-03-28,,2025-05-08,4827.709897911282,5797.790548392556,6027.709897911282,22.367690567129628,30.043903198608103,24.33149148396611,44.324108024170314,29686.431812174098,525.7361934882773,18460.00487375869,15402.62394442727,2366.3483289008623,17768.972273328134,15402.62394442727,15402.623929024645,28808.80026901028,1308.2056160421537,lexicographic,1.5402623929024646e-05,2.880880026901028e-05,False,0.3112531000006129,0.0,1,0
2025-05-10,False,2,1.0,10,0.8,0,calibrated_quantile,2025-04-12;2025-04-13;2025-04-19;2025-04-20;2025-04-26;2025-04-27;2025-05-03;2025-05-04,8,5811.773732639003,2025-05-03;2025-04-26,2025-05-03;2025-04-26;2025-04-19;2025-04-12;2025-04-05;2025-03-29;2025-03-22;2025-03-15;2025-03-08;2025-05-04,,2025-05-09,4806.784313411842,6027.709897911282,6006.784313411842,26.114332118055543,32.189296274911186,43.55729693126165,79.36654192204495,29446.94435124163,1683.3503542415397,15986.65020425683,15481.09375468166,7627.422719383968,23108.51647406563,15481.09375468166,15481.093739200569,28992.477034133313,1312.43714735939,lexicographic,1.5481093739200568e-05,2.899247703413331e-05,False,0.2525234000022465,0.0,1,0
2025-05-11,False,2,1.0,10,0.8,0,calibrated_quantile,2025-04-13;2025-04-19;2025-04-20;2025-04-26;2025-04-27;2025-05-03;2025-05-04;2025-05-10,8,7101.339144935504,2025-05-04;2025-04-20,2025-05-04;2025-04-20;2025-04-13;2025-04-06;2025-03-30;2025-03-23;2025-04-27;2025-03-09;2025-03-16;2025-03-02,,2025-05-10,4869.5610669101625,6006.784313411842,6069.5610669101625,26.949464178240735,34.93127691001345,42.44193154718347,76.12920492995589,61078.17332725277,2558.7526954970326,4437.481314055652,36977.03707803492,11879.294098589638,48856.33117662456,36977.03707803492,36977.037041057854,34799.01908213738,1477.1811583333333,lexicographic,3.697703704105786e-05,3.479901904733835e-05,False,0.327018500000122,0.0,1,0
2025-05-12,False,2,1.0,10,0.8,0,calibrated_quantile,2025-04-14;2025-04-15;2025-04-16;2025-04-17;2025-04-18;2025-04-21;2025-04-22;2025-04-23;2025-04-24;2025-04-25;2025-04-28;2025-04-29;2025-04-30;2025-05-01;2025-05-02;2025-05-05;2025-05-06;2025-05-07;2025-05-08;2025-05-09,20,7092.853695628439,2025-05-05;2025-04-21,2025-05-05;2025-04-21;2025-04-14;2025-04-07;2025-05-06;2025-04-28;2025-03-31;2025-04-29;2025-03-24;2025-04-15,,2025-05-11,4969.218646374692,6069.5610669101625,6169.218646374692,23.85869693287036,30.366205282865355,50.76893558314319,89.12652107887149,63870.11977421898,1293.6211101165347,9167.873066519958,38528.37054812374,3689.408843717651,42217.779391841395,38528.37054812374,38528.37050959536,37777.23018356151,1479.4629141276614,lexicographic,3.852837050959536e-05,3.777723014578428e-05,False,0.27120859999922686,0.0,1,0
2025-05-13,False,2,1.0,10,0.8,0,calibrated_quantile,2025-04-15;2025-04-16;2025-04-17;2025-04-18;2025-04-21;2025-04-22;2025-04-23;2025-04-24;2025-04-25;2025-04-28;2025-04-29;2025-04-30;2025-05-01;2025-05-02;2025-05-05;2025-05-06;2025-05-07;2025-05-08;2025-05-09;2025-05-12,20,7327.055368729902,2025-05-06;2025-04-15,2025-05-06;2025-04-15;2025-04-29;2025-05-07;2025-04-22;2025-05-05;2025-05-12;2025-04-30;2025-04-23;2025-04-08,,2025-05-12,4929.852648892147,6169.218646374692,6129.852648892147,21.645269328703698,26.838873623348668,23.15955867224836,38.623144939391324,62096.55406747301,695.6472829857031,6155.682526973907,37722.620434073506,3234.750706238984,40957.37114031249,37722.620434073506,37722.620396350896,33784.646096365366,1500.803275,lexicographic,3.77226203963509e-05,3.3784646096362006e-05,False,0.40163899999970454,0.0,1,0
2025-05-14,False,2,1.0,10,0.8,0,calibrated_quantile,2025-04-16;2025-04-17;2025-04-18;2025-04-21;2025-04-22;2025-04-23;2025-04-24;2025-04-25;2025-04-28;2025-04-29;2025-04-30;2025-05-01;2025-05-02;2025-05-05;2025-05-06;2025-05-07;2025-05-08;2025-05-09;2025-05-12;2025-05-13,20,7628.134028716148,2025-05-07;2025-04-23,2025-05-07;2025-04-23;2025-04-30;2025-05-08;2025-05-13;2025-05-01;2025-04-24;2025-05-06;2025-04-09;2025-04-16,,2025-05-13,4890.486651409602,6129.852648892147,6090.486651409602,21.89112366898148,27.390991603387818,22.38187840137116,38.7661730383163,64108.93632035994,301.25853857744374,7671.079356448095,38561.102726422265,1036.819229445902,39597.921955868165,38561.102726422265,38561.10268786115,35858.150300741414,1473.8442109962925,lexicographic,3.8561102687861156e-05,3.585815026488327e-05,False,0.19613810000009835,0.0,1,0
2025-05-15,False,2,1.0,10,0.8,0,calibrated_quantile,2025-04-17;2025-04-18;2025-04-21;2025-04-22;2025-04-23;2025-04-24;2025-04-25;2025-04-28;2025-04-29;2025-04-30;2025-05-01;2025-05-02;2025-05-05;2025-05-06;2025-05-07;2025-05-08;2025-05-09;2025-05-12;2025-05-13;2025-05-14,20,7326.499439421002,2025-05-08;2025-05-01,2025-05-08;2025-05-01;2025-04-24;2025-05-14;2025-05-07;2025-04-17;2025-05-09;2025-04-23;2025-05-02;2025-04-30,,2025-05-14,4869.5610669101625,6090.486651409602,6069.5610669101625,23.557369444444426,30.192455031584355,24.21664588197716,42.81417255811482,64865.8496336885,602.568353480527,8984.691771029919,39752.254958434954,2268.872302222605,42021.12726065756,39752.25495843495,39752.25491868271,35623.44742356559,1510.7386405934035,lexicographic,3.975225491868271e-05,3.562344738794214e-05,False,0.26918080000177724,0.0,1,0
2025-05-16,False,2,1.0,10,0.8,0,calibrated_quantile,2025-04-18;2025-04-21;2025-04-22;2025-04-23;2025-04-24;2025-04-25;2025-04-28;2025-04-29;2025-04-30;2025-05-01;2025-05-02;2025-05-05;2025-05-06;2025-05-07;2025-05-08;2025-05-09;2025-05-12;2025-05-13;2025-05-14;2025-05-15,20,7460.526756504545,2025-05-02;2025-05-09,2025-05-02;2025-05-09;2025-04-25;2025-04-18;2025-05-08;2025-05-15;2025-04-11;2025-04-04;2025-05-01;2025-04-24,,2025-05-15,4848.635482410722,6069.5610669101625,6048.635482410722,22.92893466435185,29.03291552233018,41.418747860018634,64.173344408802,31009.421335790554,152.46909058564825,25414.949428361215,16896.7902436534,448.1522658163068,17344.942509469707,16896.7902436534,16896.79022675661,29076.644385119947,1327.1980852891481,lexicographic,1.6896790226756612e-05,2.9076644385119954e-05,False,0.36745539999901666,0.0,1,0
2025-05-17,False,2,1.0,10,0.8,0,calibrated_quantile,2025-04-19;2025-04-20;2025-04-26;2025-04-27;2025-05-03;2025-05-04;2025-05-10;2025-05-11,8,8434.37247230449,2025-05-10;2025-04-26,2025-05-10;2025-04-26;2025-04-12;2025-04-19;2025-04-05;2025-05-03;2025-03-29;2025-03-22;2025-03-15;2025-05-04,,2025-05-16,4827.709897911282,6048.635482410722,6027.709897911282,25.589526331018515,32.27812215173546,36.494861145244855,62.61018236207915,30063.49271922504,667.0570886096035,17254.733883213983,15887.371786044023,2582.4287892747593,18469.800575318783,15887.371786044023,15887.371770156653,29034.56070962663,1334.575383959976,lexicographic,1.5887371770156654e-05,2.903456070962663e-05,False,0.27708569999958854,0.0,1,0
2025-05-18,False,2,1.0,10,0.8,0,calibrated_quantile,2025-04-20;2025-04-26;2025-04-27;2025-05-03;2025-05-04;2025-05-10;2025-05-11;2025-05-17,8,9051.438020909281,2025-05-11;2025-05-04,2025-05-11;2025-05-04;2025-04-20;2025-04-13;2025-04-06;2025-03-30;2025-04-27;2025-03-23;2025-03-09;2025-03-16,,2025-05-17,4857.082469140075,6027.709897911282,6057.082469140075,22.110695196759252,28.14363259092782,33.626125189294015,60.94142671945794,67721.91010439263,825.0859142038695,10932.072629574843,41309.337431572894,2316.096351508891,43625.43378308178,41309.337431572894,41309.33739026356,37243.560236407306,1504.7958333333331,lexicographic,4.130933739026356e-05,3.724356023640745e-05,False,0.3707143999999971,0.0,1,0
2025-05-19,False,2,1.0,10,0.8,0,calibrated_quantile,2025-04-21;2025-04-22;2025-04-23;2025-04-24;2025-04-25;2025-04-28;2025-04-29;2025-04-30;2025-05-01;2025-05-02;2025-05-05;2025-05-06;2025-05-07;2025-05-08;2025-05-09;2025-05-12;2025-05-13;2025-05-14;2025-05-15;2025-05-16,20,7466.918470569818,2025-05-12;2025-05-05,2025-05-12;2025-05-05;2025-05-13;2025-04-21;2025-04-14;2025-05-06;2025-04-07;2025-04-29;2025-03-31;2025-04-28,,2025-05-18,4844.507930208017,6057.082469140075,6044.507930208017,21.95756093749999,30.305215934264957,40.04259996163779,78.25822482603324,63994.98874955219,196.55754833459807,13115.05148130445,39129.37854233378,1069.3823204913176,40198.760862825104,39129.37854233378,39129.3785032044,34044.98859258815,1486.0220638220408,lexicographic,3.91293785032044e-05,3.4044988558543165e-05,False,0.4287183999986155,0.0,1,0
2025-05-20,False,2,1.0,10,0.8,0,calibrated_quantile,2025-04-22;2025-04-23;2025-04-24;2025-04-25;2025-04-28;2025-04-29;2025-04-30;2025-05-01;2025-05-02;2025-05-05;2025-05-06;2025-05-07;2025-05-08;2025-05-09;2025-05-12;2025-05-13;2025-05-14;2025-05-15;2025-05-16;2025-05-19,20,7446.838762380576,2025-05-13;2025-04-22,2025-05-13;2025-04-22;2025-05-06;2025-05-07;2025-04-30;2025-04-15;2025-05-14;2025-05-12;2025-04-08;2025-05-05,,2025-05-19,4831.9333912759585,6044.507930208017,6031.9333912759585,21.638647164351863,29.762236329042306,27.48693140227884,51.37230397737732,62557.83417327066,1023.2880195334244,5463.085436810785,37783.23401743658,4595.504619134803,42378.73863657138,37783.23401743658,37783.233979653356,34324.716211889005,1460.1900651379929,lexicographic,3.778323397965336e-05,3.43247161775643e-05,False,0.2389097999985097,0.0,1,0
2025-05-21,False,2,1.0,10,0.8,0,calibrated_quantile,2025-04-23;2025-04-24;2025-04-25;2025-04-28;2025-04-29;2025-04-30;2025-05-01;2025-05-02;2025-05-05;2025-05-06;2025-05-07;2025-05-08;2025-05-09;2025-05-12;2025-05-13;2025-05-14;2025-05-15;2025-05-16;2025-05-19;2025-05-20,20,7541.016594894142,2025-05-14;2025-05-07,2025-05-14;2025-05-07;2025-05-15;2025-05-08;2025-04-23;2025-05-13;2025-04-30;2025-05-01;2025-04-24;2025-04-29,,2025-05-20,4865.433514707456,6031.9333912759585,6065.433514707456,20.232840451388896,25.91120825449511,34.22225474057552,58.74992733283066,65128.39142250201,398.11987892920996,10442.190300139015,39952.938326792246,1383.1594436783048,41336.09777047055,39952.938326792246,39952.93828683932,35136.77435436251,1510.6853303659445,lexicographic,3.9952938286839324e-05,3.513677431922574e-05,False,0.19707520000156364,0.0,1,0
2025-05-22,False,2,1.0,10,0.8,0,calibrated_quantile,2025-04-24;2025-04-25;2025-04-28;2025-04-29;2025-04-30;2025-05-01;2025-05-02;2025-05-05;2025-05-06;2025-05-07;2025-05-08;2025-05-09;2025-05-12;2025-05-13;2025-05-14;2025-05-15;2025-05-16;2025-05-19;2025-05-20;2025-05-21,20,7595.534815417633,2025-05-15;2025-05-08,2025-05-15;2025-05-08;2025-05-01;2025-05-14;2025-05-21;2025-05-07;2025-04-24;2025-05-16;2025-05-02;2025-04-17,,2025-05-21,4857.082469140075,6065.433514707456,6057.082469140075,21.696723263888885,29.23052285699296,16.434996120874047,30.050418449296753,62421.71179131145,254.18542546083654,8293.837199013851,38551.283003585406,887.0054374579697,39438.288441043376,38551.283003585406,38551.282965170445,34044.519663144165,1518.8441666666665,lexicographic,3.855128296517045e-05,3.404451962909963e-05,False,0.3868700999992143,0.0,1,0
2025-05-23,False,2,1.0,10,0.8,0,calibrated_quantile,2025-04-25;2025-04-28;2025-04-29;2025-04-30;2025-05-01;2025-05-02;2025-05-05;2025-05-06;2025-05-07;2025-05-08;2025-05-09;2025-05-12;2025-05-13;2025-05-14;2025-05-15;2025-05-16;2025-05-19;2025-05-20;2025-05-21;2025-05-22,20,7667.024283296185,2025-05-16;2025-05-09,2025-05-16;2025-05-09;2025-05-02;2025-04-25;2025-05-15;2025-05-22;2025-04-18;2025-05-08;2025-04-24;2025-05-01,,2025-05-22,4844.507930208017,6057.082469140075,6044.507930208017,20.37874675925926,25.458986006145174,19.27700107884122,35.69998518633759,30323.91217819608,307.58151395570115,21172.46578108718,16573.608097643944,996.7677450589381,17570.37584270288,16573.60809764394,16573.60808107034,29060.827422480503,1327.8664966742908,lexicographic,1.657360808107034e-05,2.9060827393419677e-05,False,0.23604300000079093,0.0,1,0
2025-05-24,False,2,1.0,10,0.8,0,calibrated_quantile,2025-04-26;2025-04-27;2025-05-03;2025-05-04;2025-05-10;2025-05-11;2025-05-17;2025-05-18,8,9483.154047220713,2025-05-17;2025-05-10,2025-05-17;2025-05-10;2025-05-03;2025-04-26;2025-04-19;2025-04-12;2025-04-05;2025-03-29;2025-03-22;2025-03-15,,2025-05-23,4831.9333912759585,6044.507930208017,6031.9333912759585,20.98811869212963,26.654892675684714,50.40678290142128,93.46902270301706,31248.78867291964,66.9395797439852,24525.802460655323,17177.714910195908,174.89993457241778,17352.614844768326,17177.714910195908,17177.714893018197,29035.538683049388,1367.689715966036,lexicographic,1.7177714893018198e-05,2.903553868304939e-05,False,0.31299270000090473,0.0,1,0
2025-05-25,False,2,1.0,10,0.8,0,calibrated_quantile,2025-04-27;2025-05-03;2025-05-04;2025-05-10;2025-05-11;2025-05-17;2025-05-18;2025-05-24,8,9555.292513285938,2025-05-18;2025-05-04,2025-05-18;2025-05-04;2025-05-11;2025-04-20;2025-04-27;2025-04-13;2025-04-06;2025-03-30;2025-05-17;2025-05-24,,2025-05-24,4819.3588523439,6031.9333912759585,6019.3588523439,21.19966805555556,25.70050623982766,28.78185154352568,51.40211082774668,64789.643362547584,118.24483890466126,12591.674636371297,39287.234481426414,525.8755187854317,39813.11000021185,39287.234481426414,39287.234442139175,36044.801531794146,1505.037699685231,lexicographic,3.9287234442139176e-05,3.604480149574934e-05,False,0.26155560000188416,0.0,1,0
2025-05-26,False,2,1.0,10,0.8,0,calibrated_quantile,2025-04-28;2025-04-29;2025-04-30;2025-05-01;2025-05-02;2025-05-05;2025-05-06;2025-05-07;2025-05-08;2025-05-09;2025-05-12;2025-05-13;2025-05-14;2025-05-15;2025-05-16;2025-05-19;2025-05-20;2025-05-21;2025-05-22;2025-05-23,20,7752.0213802607195,2025-05-12;2025-05-19,2025-05-12;2025-05-19;2025-05-05;2025-05-20;2025-04-28;2025-05-13;2025-04-21;2025-05-06;2025-04-22;2025-04-14,,2025-05-25,4806.784313411842,6019.3588523439,6006.784313411842,20.47439594907406,25.322999724384534,34.51233224939428,64.36925942356798,62943.224176994016,1531.53416025053,6378.804680834958,38580.55983554345,5674.067189050719,44254.62702459417,38580.55983554345,38580.55979696291,33614.8034141004,1493.3880427536528,lexicographic,3.8580559796962914e-05,3.3614803380485604e-05,False,0.4164286999985052,0.0,1,0
2025-05-27,False,2,1.0,10,0.8,0,calibrated_quantile,2025-04-29;2025-04-30;2025-05-01;2025-05-02;2025-05-05;2025-05-06;2025-05-07;2025-05-08;2025-05-09;2025-05-12;2025-05-13;2025-05-14;2025-05-15;2025-05-16;2025-05-19;2025-05-20;2025-05-21;2025-05-22;2025-05-23;2025-05-26,20,7539.165603454666,2025-05-13;2025-04-29,2025-05-13;2025-04-29;2025-05-21;2025-05-14;2025-05-06;2025-05-19;2025-05-12;2025-05-20;2025-04-15;2025-05-05,,2025-05-26,4844.507930208017,6006.784313411842,6044.507930208017,21.873992534722227,28.391369556498294,22.600445895832983,37.77743429943071,61222.655058078424,285.53912621205274,8550.166775841335,37234.875175348774,640.8804665372055,37875.75564188598,37234.875175348774,37234.87513811389,33629.27518978855,1466.5427166666666,lexicographic,3.7234875138113896e-05,3.362927518978866e-05,False,0.36078120000092895,0.0,1,0
2025-05-28,False,2,1.0,10,0.8,0,calibrated_quantile,2025-04-30;2025-05-01;2025-05-02;2025-05-05;2025-05-06;2025-05-07;2025-05-08;2025-05-09;2025-05-12;2025-05-13;2025-05-14;2025-05-15;2025-05-16;2025-05-19;2025-05-20;2025-05-21;2025-05-22;2025-05-23;2025-05-26;2025-05-27,20,7552.296700942995,2025-05-07;2025-05-14,2025-05-07;2025-05-14;2025-05-21;2025-05-22;2025-05-20;2025-04-30;2025-05-15;2025-05-08;2025-05-13;2025-04-23,,2025-05-27,4831.9333912759585,6044.507930208017,6031.9333912759585,20.47106614583332,26.62601354466708,39.63814199194876,66.29708442130978,64031.37305212926,817.7710686203167,9079.722827775293,39442.12317951683,2998.2136148008344,42440.33679431766,39442.12317951683,39442.123140074706,33419.28994400606,1515.1744483586324,lexicographic,3.944212314007471e-05,3.341928991058677e-05,False,0.23046769999928074,0.0,1,0
2025-05-29,False,2,1.0,10,0.8,0,calibrated_quantile,2025-05-01;2025-05-02;2025-05-05;2025-05-06;2025-05-07;2025-05-08;2025-05-09;2025-05-12;2025-05-13;2025-05-14;2025-05-15;2025-05-16;2025-05-19;2025-05-20;2025-05-21;2025-05-22;2025-05-23;2025-05-26;2025-05-27;2025-05-28,20,7710.324528166519,2025-05-22;2025-05-15,2025-05-22;2025-05-15;2025-05-08;2025-05-28;2025-05-21;2025-05-14;2025-05-01;2025-05-16;2025-05-07;2025-05-23,,2025-05-28,4819.3588523439,6031.9333912759585,6019.3588523439,19.602797569444437,26.031448695299435,23.45137969228203,42.36992048642772,62730.31344003061,868.8870464491606,5931.504049941273,38340.239044144575,3971.0648556945703,42311.30389983914,38340.239044144575,38340.23900580434,34009.69044848629,1523.8040778529385,lexicographic,3.834023900580434e-05,3.400969041447661e-05,False,0.46610209999926155,0.0,1,0
2025-05-30,False,2,1.0,10,0.8,0,calibrated_quantile,2025-05-02;2025-05-05;2025-05-06;2025-05-07;2025-05-08;2025-05-09;2025-05-12;2025-05-13;2025-05-14;2025-05-15;2025-05-16;2025-05-19;2025-05-20;2025-05-21;2025-05-22;2025-05-23;2025-05-26;2025-05-27;2025-05-28;2025-05-29,20,7413.787450164625,2025-05-16;2025-05-23,2025-05-16;2025-05-23;2025-05-09;2025-05-29;2025-05-02;2025-05-22;2025-05-15;2025-05-08;2025-04-25;2025-04-18,,2025-05-29,4806.784313411842,6019.3588523439,6006.784313411842,20.056470254629623,25.30594934965448,33.2057219398605,64.72948794842314,30136.01613843214,611.6461626130954,21121.313875474923,16185.650105717257,2277.5226657075104,18463.172771424768,16185.650105717255,16185.650089531604,28984.961093122667,1343.1600728250714,lexicographic,1.6185650089531606e-05,2.8984961093122668e-05,False,0.3707786000013584,0.0,1,0
2025-05-31,False,2,1.0,10,0.8,0,calibrated_quantile,2025-05-03;2025-05-04;2025-05-10;2025-05-11;2025-05-17;2025-05-18;2025-05-24;2025-05-25,8,9495.667179033273,2025-05-17;2025-05-24,2025-05-17;2025-05-24;2025-05-10;2025-04-26;2025-04-12;2025-04-05;2025-05-03;2025-04-19;2025-03-29;2025-03-22,,2025-05-30,4743.587617062008,6006.784313411842,5943.587617062008,23.605819849537042,30.204129985929626,25.619281681853035,46.79057243331556,30390.954386064644,491.58392921387474,19522.143072835835,16421.429639286453,1818.7051915311604,18240.134830817613,16421.429639286453,16421.42962286502,28903.425456584002,1349.035358994023,lexicographic,1.642142962286502e-05,2.8903425456584e-05,False,0.31082550000064657,0.0,1,0
2025-06-01,False,2,0.95,10,0.9,0,calibrated_quantile,2025-05-04;2025-05-10;2025-05-11;2025-05-17;2025-05-18;2025-05-24;2025-05-25;2025-05-31,8,8552.277823252989,2025-05-18;2025-05-11,2025-05-18;2025-05-11;2025-05-25;2025-05-04;2025-04-20;2025-04-27;2025-04-13;2025-04-06;2025-03-30;2025-03-23,,2025-05-31,4831.9333912759585,5943.587617062008,6031.9333912759585,55.94279036230955,69.75246868074797,87.8695130299942,154.17571722410457,63590.71835194205,11993.514794145296,665.4527130786031,38665.04856569752,46494.89256289943,85159.94112859695,38665.04856569752,38665.04852703246,34352.8136166354,1500.8139917545518,lexicographic,3.866504852703246e-05,3.43528135822826e-05,False,0.33349449999877834,0.0,1,0
2025-06-02,False,2,0.95,10,0.9,0,calibrated_quantile,2025-05-05;2025-05-06;2025-05-07;2025-05-08;2025-05-09;2025-05-12;2025-05-13;2025-05-14;2025-05-15;2025-05-16;2025-05-19;2025-05-20;2025-05-21;2025-05-22;2025-05-23;2025-05-26;2025-05-27;2025-05-28;2025-05-29;2025-05-30,20,6784.082826585405,2025-05-19;2025-05-12,2025-05-19;2025-05-12;2025-02-24;2025-05-27;2025-05-26;2025-02-17;2025-05-05;2025-05-06;2025-02-03;2025-01-28,,2025-06-01,4865.433514707456,6031.9333912759585,6065.433514707456,58.10588974747972,71.0373126193076,68.8998216542853,112.76291731808755,62023.096802541884,11408.600543987792,1180.7442166017936,37836.40234585707,46793.14234492543,84629.5446907825,37836.402345857074,37836.402308020704,34074.01820259411,1485.4260855854513,lexicographic,3.783640230802071e-05,3.407401820259415e-05,False,0.4250013000018953,0.0,1,0
2025-06-03,False,2,0.95,10,0.9,0,calibrated_quantile,2025-05-06;2025-05-07;2025-05-08;2025-05-09;2025-05-12;2025-05-13;2025-05-14;2025-05-15;2025-05-16;2025-05-19;2025-05-20;2025-05-21;2025-05-22;2025-05-23;2025-05-26;2025-05-27;2025-05-28;2025-05-29;2025-05-30;2025-06-02,20,7362.313109151404,2025-06-02;2025-05-06,2025-06-02;2025-05-06;2025-05-27;2025-05-13;2025-05-12;2025-05-20;2025-05-21;2025-05-14;2025-05-19;2025-05-26,,2025-06-02,4890.486651409602,6065.433514707456,6090.486651409602,24.18396944237769,31.121798326263278,42.81973407603507,76.50326666058274,72371.49202557225,2998.274105682015,3332.126900111679,44932.395352071384,13381.400932079616,58313.796284151,44932.39535207138,44932.39530713899,36393.933652478474,1597.9243392620133,lexicographic,4.4932395307138995e-05,3.639393361608454e-05,False,0.21142820000022766,0.0,1,0
2025-06-04,False,2,0.95,10,0.9,0,calibrated_quantile,2025-05-07;2025-05-08;2025-05-09;2025-05-12;2025-05-13;2025-05-14;2025-05-15;2025-05-16;2025-05-19;2025-05-20;2025-05-21;2025-05-22;2025-05-23;2025-05-26;2025-05-27;2025-05-28;2025-05-29;2025-05-30;2025-06-02;2025-06-03,20,7756.51101469049,2025-06-03;2025-06-02,2025-06-03;2025-06-02;2025-05-21;2025-05-14;2025-05-06;2025-05-28;2025-05-15;2025-01-22;2025-02-19;2025-05-07,,2025-06-03,4960.711181647469,6090.486651409602,6160.711181647469,25.40546333095916,32.523328276273894,31.648664191515095,69.30959019331378,77335.48006371532,1924.7241993572172,5383.688271503579,48192.003386282275,6394.6945520594645,54586.69793834174,48192.003386282275,48192.00333809027,39642.987958657905,1603.8393638888888,lexicographic,4.819200333809027e-05,3.964298791901491e-05,False,0.36327779999919585,0.0,1,0
2025-06-05,False,2,0.95,10,0.9,0,calibrated_quantile,2025-05-08;2025-05-09;2025-05-12;2025-05-13;2025-05-14;2025-05-15;2025-05-16;2025-05-19;2025-05-20;2025-05-21;2025-05-22;2025-05-23;2025-05-26;2025-05-27;2025-05-28;2025-05-29;2025-05-30;2025-06-02;2025-06-03;2025-06-04,20,7737.677345388829,2025-06-04;2025-06-03,2025-06-04;2025-06-03;2025-06-02;2025-01-30;2025-05-15;2025-05-23;2025-05-21;2025-02-27;2025-01-22;2025-01-31,,2025-06-04,5003.252683854682,6160.711181647469,6203.252683854682,23.34041139601139,30.931404408018523,32.289868422083096,54.23900270735724,79269.16770629838,1058.0760587601358,4875.93174286119,49242.763882960266,4118.868852167096,53361.632735127365,49242.763882960266,49242.76383371749,40579.128663355295,1570.8799145299145,lexicographic,4.924276383371749e-05,4.057912866335626e-05,False,0.33901939999850583,0.0,1,0
2025-06-06,False,2,0.95,10,0.9,0,calibrated_quantile,2025-05-09;2025-05-12;2025-05-13;2025-05-14;2025-05-15;2025-05-16;2025-05-19;2025-05-20;2025-05-21;2025-05-22;2025-05-23;2025-05-26;2025-05-27;2025-05-28;2025-05-29;2025-05-30;2025-06-02;2025-06-03;2025-06-04;2025-06-05,20,7787.7967865563305,2025-06-05;2025-06-04,2025-06-05;2025-06-04;2025-06-02;2025-06-03;2025-05-23;2025-05-30;2025-05-09;2025-01-31;2025-02-21;2025-05-15,,2025-06-05,5028.7771673218995,6203.252683854682,6228.7771673218995,317.7041054872982,345.752974772969,61.647107386225834,101.80382723275332,79825.72975014671,0.0,44671.83578690183,49625.89063109354,0.0,49625.89063109354,49625.89063109354,49625.890582121356,40710.85436438032,1590.251105128205,lexicographic,4.962589058212136e-05,4.071085432366947e-05,False,0.3500851999997394,0.0,1,0
2025-06-07,False,2,0.95,10,0.9,0,calibrated_quantile,2025-05-10;2025-05-11;2025-05-17;2025-05-18;2025-05-24;2025-05-25;2025-05-31;2025-06-01,8,11648.866192236303,2025-02-01;2025-01-25,2025-02-01;2025-01-25;2025-05-03;2025-01-18;2025-02-08;2025-02-15;2025-02-22;2025-05-24;2025-03-01;2025-01-11,,2025-06-06,5022.38600931594,6228.7771673218995,6222.38600931594,88.22697445533612,102.00125569613313,128.27031567460003,208.35489801587175,30878.45327620622,11031.055139916829,7700.631050404463,15192.11408411145,46504.805005399525,61696.91908951098,15192.11408411145,15192.114068919334,29424.12255102469,1301.1932390309594,lexicographic,1.5192114068919335e-05,2.942412252160058e-05,False,0.2006150000015623,0.0,1,0
2025-06-08,False,2,0.95,10,0.9,0,calibrated_quantile,2025-05-11;2025-05-17;2025-05-18;2025-05-24;2025-05-25;2025-05-31;2025-06-01;2025-06-07,8,18078.236171366232,2025-06-07;2025-01-26,2025-06-07;2025-01-26;2025-01-19;2025-01-12;2025-01-05;2025-02-02;2025-06-01;2025-02-16;2025-02-09;2025-02-23,,2025-06-07,5041.559483333822,6222.38600931594,6241.559483333822,313.0306707963468,344.8225197745137,69.43313645962778,125.77549448001365,50180.80766528366,20478.87081828378,2815.5273318049753,28849.568712794775,86449.43696018963,115299.00567298441,28849.568712794775,28849.56868424046,25151.001151532724,1486.0976923918065,lexicographic,2.8849568684240464e-05,2.5151001126381713e-05,False,0.28871320000325795,0.0,1,0
2025-06-09,False,2,0.95,10,0.9,0,calibrated_quantile,2025-05-12;2025-05-13;2025-05-14;2025-05-15;2025-05-16;2025-05-19;2025-05-20;2025-05-21;2025-05-22;2025-05-23;2025-05-26;2025-05-27;2025-05-28;2025-05-29;2025-05-30;2025-06-02;2025-06-03;2025-06-04;2025-06-05;2025-06-06,20,7616.051318552967,2025-06-02;2025-06-03,2025-06-02;2025-06-03;2025-06-04;2025-06-06;2025-06-05;2025-05-12;2025-05-26;2025-05-19;2025-05-06;2025-02-24,,2025-06-08,5065.702804582411,6241.559483333822,6265.702804582411,23.411401098053187,30.178574402077434,23.210278060525862,39.960134255724434,81618.58399776627,803.5996358971025,7184.100832051801,51018.90797650294,2817.849542823672,53836.75751932661,51018.90797650293,51018.90792548403,40785.58865966399,1585.5521538521461,lexicographic,5.1018907925484034e-05,4.0785588618878394e-05,False,0.2672385000005306,0.0,1,0
2025-06-10,False,2,0.95,10,0.9,0,calibrated_quantile,2025-05-13;2025-05-14;2025-05-15;2025-05-16;2025-05-19;2025-05-20;2025-05-21;2025-05-22;2025-05-23;2025-05-26;2025-05-27;2025-05-28;2025-05-29;2025-05-30;2025-06-02;2025-06-03;2025-06-04;2025-06-05;2025-06-06;2025-06-09,20,7633.597935597857,2025-06-03;2025-06-04,2025-06-03;2025-06-04;2025-06-09;2025-06-02;2025-06-05;2025-06-06;2025-01-28;2025-01-21;2025-01-22;2025-01-14,,2025-06-09,5056.8267229610965,6265.702804582411,6256.8267229610965,23.7616918358262,29.101754548067234,23.989483870114718,41.66193054255861,83159.91428039395,279.00576064113744,7474.759631554047,52007.603220436766,959.6723679825723,52967.27558841934,52007.60322043677,52007.60316842916,41482.75381971431,1571.3471043116504,lexicographic,5.200760316842916e-05,4.148275377823155e-05,False,0.2258959999999206,1.3990180609977126e-16,1,0
2025-06-11,False,2,0.95,10,0.9,0,calibrated_quantile,2025-05-14;2025-05-15;2025-05-16;2025-05-19;2025-05-20;2025-05-21;2025-05-22;2025-05-23;2025-05-26;2025-05-27;2025-05-28;2025-05-29;2025-05-30;2025-06-02;2025-06-03;2025-06-04;2025-06-05;2025-06-06;2025-06-09;2025-06-10,20,7509.767427641852,2025-06-04;2025-06-05,2025-06-04;2025-06-05;2025-06-03;2025-06-10;2025-06-06;2025-05-21;2025-06-02;2025-05-14;2025-05-27;2025-06-09,,2025-06-10,5047.950641339782,6256.8267229610965,6247.950641339782,21.798072643637244,28.165013051203108,41.222396416268666,77.50541620476297,82435.40415293316,2410.7868255268436,4439.259948141299,51390.579048595755,11242.871130805139,62633.4501794009,51390.579048595755,51390.57899720519,41261.44357172938,1590.251105128205,lexicographic,5.1390578997205196e-05,4.126144357172832e-05,False,0.2955112999989069,0.0,1,0
2025-06-12,False,2,0.95,10,0.9,0,calibrated_quantile,2025-05-15;2025-05-16;2025-05-19;2025-05-20;2025-05-21;2025-05-22;2025-05-23;2025-05-26;2025-05-27;2025-05-28;2025-05-29;2025-05-30;2025-06-02;2025-06-03;2025-06-04;2025-06-05;2025-06-06;2025-06-09;2025-06-10;2025-06-11,20,7929.8983766563,2025-06-05;2025-06-11,2025-06-05;2025-06-11;2025-06-04;2025-06-06;2025-06-10;2025-06-03;2025-01-30;2025-01-22;2025-01-23;2025-06-02,,2025-06-11,5074.578886203726,6247.950641339782,6274.578886203726,25.569544150073607,34.068304538350674,18.48415609139918,34.25392968451922,85071.8925127495,405.61054371115824,8530.695005406149,53485.40999428519,1635.0343427488995,55120.44433703409,53485.40999428519,53485.4099407998,42562.96440694865,1596.8874015604501,lexicographic,5.3485409940799805e-05,4.256296436438602e-05,False,0.5908683999987261,0.0,1,0
2025-06-13,False,2,0.95,10,0.9,0,calibrated_quantile,2025-05-16;2025-05-19;2025-05-20;2025-05-21;2025-05-22;2025-05-23;2025-05-26;2025-05-27;2025-05-28;2025-05-29;2025-05-30;2025-06-02;2025-06-03;2025-06-04;2025-06-05;2025-06-06;2025-06-09;2025-06-10;2025-06-11;2025-06-12,20,7901.707692553111,2025-06-06;2025-06-12,2025-06-06;2025-06-12;2025-06-05;2025-06-11;2025-06-04;2025-06-02;2025-06-10;2025-06-03;2025-05-23;2025-05-30,,2025-06-12,5065.702804582411,6274.578886203726,6265.702804582411,186.47835816969297,202.9330105416514,32.708694010039686,57.17103384376016,63687.87906292417,0.0,31727.298823124693,38366.86965974484,0.0,38366.86965974484,38366.86965974484,38366.869621923724,34524.25991555484,1511.239909928258,lexicographic,3.8366869621923725e-05,3.452425988108645e-05,False,0.37427759999991395,0.0,1,0
2025-06-14,False,2,0.95,10,0.9,0,calibrated_quantile,2025-05-17;2025-05-18;2025-05-24;2025-05-25;2025-05-31;2025-06-01;2025-06-07;2025-06-08,8,23486.82763192004,2025-06-07;2025-05-24,2025-06-07;2025-05-24;2025-05-03;2025-06-08;2025-05-10;2025-01-25;2025-02-08;2025-02-01;2025-02-15;2025-02-22,,2025-06-13,5056.8267229610965,6265.702804582411,6256.8267229610965,26.31538448496086,33.27235467482559,30.898897463837656,60.395749035717216,47192.24786461843,0.0,18404.091335812598,28373.257801904183,0.0,28373.257801904183,28373.257801904183,28373.257773530928,24803.10466608908,1469.2647214355684,lexicographic,2.837325777353093e-05,2.4803104641285972e-05,False,0.2958868000023358,0.0,1,0
2025-06-15,False,2,0.95,10,0.9,0,calibrated_quantile,2025-05-18;2025-05-24;2025-05-25;2025-05-31;2025-06-01;2025-06-07;2025-06-08;2025-06-14,8,23437.79393166521,2025-06-08;2025-06-07,2025-06-08;2025-06-07;2025-06-14;2025-06-01;2025-01-26;2025-05-18;2025-05-11;2025-01-19;2025-02-02;2025-02-16,,2025-06-14,5083.4549678250405,6256.8267229610965,6283.4549678250405,146.69189658713202,165.32615460913954,26.345051548399592,44.01166861729941,76279.37130023405,4023.188557676107,5812.338880304465,47452.940169713926,17859.200154441463,65312.14032415539,47452.940169713926,47452.940122260996,36550.2399230414,1576.8642193992087,lexicographic,4.7452940122261e-05,3.655023988649115e-05,False,0.25644760000068345,0.0,1,0
2025-06-16,False,2,0.95,10,0.9,0,calibrated_quantile,2025-05-19;2025-05-20;2025-05-21;2025-05-22;2025-05-23;2025-05-26;2025-05-27;2025-05-28;2025-05-29;2025-05-30;2025-06-02;2025-06-03;2025-06-04;2025-06-05;2025-06-06;2025-06-09;2025-06-10;2025-06-11;2025-06-12;2025-06-13,20,7840.200752141722,2025-06-02;2025-06-09,2025-06-02;2025-06-09;2025-06-10;2025-06-03;2025-06-13;2025-06-11;2025-06-06;2025-06-04;2025-05-19;2025-06-12,,2025-06-15,5190.178898592905,6283.4549678250405,6390.178898592905,24.118533623080072,30.924179628072118,17.488959896379892,32.57466387999326,85027.30841824165,343.71202909754425,8112.156682787127,53494.4650826333,1020.1416216388805,54514.606704272184,53494.46508263331,53494.46502913887,42474.76179100226,1562.869583405774,lexicographic,5.3494465029138874e-05,4.24747617910016e-05,False,0.31651330000022426,0.0,1,0
2025-06-17,False,2,0.95,10,0.9,0,calibrated_quantile,2025-05-20;2025-05-21;2025-05-22;2025-05-23;2025-05-26;2025-05-27;2025-05-28;2025-05-29;2025-05-30;2025-06-02;2025-06-03;2025-06-04;2025-06-05;2025-06-06;2025-06-09;2025-06-10;2025-06-11;2025-06-12;2025-06-13;2025-06-16,20,7878.823344210488,2025-06-03;2025-06-11,2025-06-03;2025-06-11;2025-06-10;2025-06-16;2025-06-02;2025-06-04;2025-06-09;2025-06-12;2025-06-05;2025-06-13,,2025-06-16,5154.604255003616,6390.178898592905,6354.604255003616,24.531798872493475,31.77098270725843,36.24391611893686,72.69261437911659,84914.53859908735,1152.1544972387694,6987.9052507108645,53391.440654041995,4684.7390484077705,58076.179702449765,53391.44065404199,53391.440600650545,42650.78977293515,1569.3621123264156,lexicographic,5.3391440600650546e-05,4.265078973028436e-05,False,0.1893125999995391,2.724829909025969e-07,1,0
2025-06-18,False,2,0.95,10,0.9,0,calibrated_quantile,2025-05-21;2025-05-22;2025-05-23;2025-05-26;2025-05-27;2025-05-28;2025-05-29;2025-05-30;2025-06-02;2025-06-03;2025-06-04;2025-06-05;2025-06-06;2025-06-09;2025-06-10;2025-06-11;2025-06-12;2025-06-13;2025-06-16;2025-06-17,20,7876.598485936642,2025-06-11;2025-06-17,2025-06-11;2025-06-17;2025-06-12;2025-06-05;2025-06-04;2025-06-10;2025-06-13;2025-06-03;2025-06-06;2025-06-16,,2025-06-17,5226.09444649387,6354.604255003616,6426.09444649387,21.896403286301183,26.567983041654227,22.21540531103225,39.57467979662718,85687.68607549442,80.96627527287238,10217.585571283527,53861.36341491417,189.53691716027822,54050.90033207445,53861.36341491417,53861.36336105282,43359.79472201665,1581.8048192361127,lexicographic,5.386136336105282e-05,4.335979467865685e-05,False,0.19918500000130734,0.0,1,0
2025-06-19,False,2,0.95,10,0.9,0,calibrated_quantile,2025-05-22;2025-05-23;2025-05-26;2025-05-27;2025-05-28;2025-05-29;2025-05-30;2025-06-02;2025-06-03;2025-06-04;2025-06-05;2025-06-06;2025-06-09;2025-06-10;2025-06-11;2025-06-12;2025-06-13;2025-06-16;2025-06-17;2025-06-18,20,7772.951780752578,2025-06-18;2025-06-11,2025-06-18;2025-06-11;2025-06-12;2025-06-05;2025-06-13;2025-06-06;2025-06-04;2025-06-17;2025-06-10;2025-06-03,,2025-06-18,5225.753542182193,6426.09444649387,6425.753542182193,26.89296442305186,33.38583521185375,37.12900748094526,71.98949337793788,84929.34638342792,325.6049564200131,12547.514493094877,53245.57864705505,1608.405600594817,54853.98424764987,53245.57864705505,53245.578593809456,42375.64062307398,1585.406969389313,lexicographic,5.3245578593809456e-05,4.2375640580698335e-05,False,0.12626739999905112,4.872196293616441e-07,1,0
2025-06-20,False,2,0.95,10,0.9,0,calibrated_quantile,2025-05-23;2025-05-26;2025-05-27;2025-05-28;2025-05-29;2025-05-30;2025-06-02;2025-06-03;2025-06-04;2025-06-05;2025-06-06;2025-06-09;2025-06-10;2025-06-11;2025-06-12;2025-06-13;2025-06-16;2025-06-17;2025-06-18;2025-06-19,20,7824.977749293781,2025-06-13;2025-06-06,2025-06-13;2025-06-06;2025-06-05;2025-06-12;2025-06-19;2025-06-04;2025-06-11;2025-06-18;2025-06-10;2025-06-17,,2025-06-19,5190.178898592905,6425.753542182193,6390.178898592905,24.741614463950125,30.84745381242356,26.56134809459787,43.02537035723312,37720.21771094649,66.19884522599153,12337.59533907003,21906.449645777357,164.51155075728087,22070.961196534638,21906.449645777357,21906.44962387091,29375.523278506043,1411.7263662884297,lexicographic,2.190644962387091e-05,2.9375523249130516e-05,False,0.22805169999992358,0.0,1,0
2025-06-21,False,2,0.95,10,0.9,0,calibrated_quantile,2025-05-24;2025-05-25;2025-05-31;2025-06-01;2025-06-07;2025-06-08;2025-06-14;2025-06-15,8,26634.10803362542,2025-06-14;2025-06-07,2025-06-14;2025-06-07;2025-06-15;2025-05-24;2025-05-03;2025-06-08;2025-05-10;2025-05-31;2025-02-08;2025-01-25,,2025-06-20,5154.604255003616,6390.178898592905,6354.604255003616,24.17551296194313,31.10295303296716,39.570033999131496,80.14958892374464,54007.59968580182,0.0,31909.26175839328,32424.86340602616,0.0,32424.86340602616,32424.86340602616,32424.863373601296,26663.925700369306,1511.8781248716775,lexicographic,3.24248633736013e-05,2.6663925673705374e-05,False,0.18608759999915492,0.0,1,0
2025-06-22,False,2,0.95,10,0.9,0,calibrated_quantile,2025-05-25;2025-05-31;2025-06-01;2025-06-07;2025-06-08;2025-06-14;2025-06-15;2025-06-21,8,26634.10803362542,2025-06-15;2025-06-01,2025-06-15;2025-06-01;2025-06-08;2025-05-18;2025-05-11;2025-05-25;2025-06-21;2025-06-14;2025-05-04;2025-06-07,,2025-06-21,5119.029611414328,6354.604255003616,6319.029611414328,22.827908195681598,29.811547108998965,33.406972286011346,54.95972822738813,99682.64802925402,9.827964583230823,27556.330928705254,65173.44558386163,21.30211323415281,65194.74769709578,65173.44558386163,65173.44551868816,44908.78702815601,1647.8723538419313,lexicographic,6.517344551868817e-05,4.490878698324722e-05,False,0.07937619999938761,0.0,1,0
2025-06-23,False,2,0.95,10,0.9,0,calibrated_quantile,2025-05-26;2025-05-27;2025-05-28;2025-05-29;2025-05-30;2025-06-02;2025-06-03;2025-06-04;2025-06-05;2025-06-06;2025-06-09;2025-06-10;2025-06-11;2025-06-12;2025-06-13;2025-06-16;2025-06-17;2025-06-18;2025-06-19;2025-06-20,20,7651.284243366785,2025-06-16;2025-06-09,2025-06-16;2025-06-09;2025-06-02;2025-06-17;2025-06-10;2025-06-03;2025-06-20;2025-06-13;2025-06-11;2025-06-18,,2025-06-22,5083.4549678250405,6319.029611414328,6283.4549678250405,25.186286187427232,31.176476490128117,32.91061047245127,55.58926211641908,84175.79829427249,130.57061917491694,12881.66336131965,52757.034756089226,336.9864612587331,53094.02121734796,52757.03475608922,52757.034703332174,41904.33551479986,1565.618375480417,lexicographic,5.275703470333218e-05,4.190433547289552e-05,False,0.23952050000298186,0.0,1,0
2025-06-24,False,2,0.95,10,0.9,0,calibrated_quantile,2025-05-27;2025-05-28;2025-05-29;2025-05-30;2025-06-02;2025-06-03;2025-06-04;2025-06-05;2025-06-06;2025-06-09;2025-06-10;2025-06-11;2025-06-12;2025-06-13;2025-06-16;2025-06-17;2025-06-18;2025-06-19;2025-06-20;2025-06-23,20,7412.246016318117,2025-06-17;2025-06-03,2025-06-17;2025-06-03;2025-06-11;2025-06-23;2025-06-16;2025-06-10;2025-06-18;2025-06-02;2025-06-04;2025-06-09,,2025-06-23,5074.578886203726,6283.4549678250405,6274.578886203726,24.520190228806346,30.32865127639401,41.341143598308356,80.3206727016155,82920.40448119077,2699.0261522643004,4943.964157781824,51917.88163690713,11290.997252056724,63208.87888896385,51917.88163690713,51917.88158498926,42063.45944940499,1579.00042383381,lexicographic,5.1917881584989266e-05,4.206345944937878e-05,False,0.25990489999821875,1.4014357658782218e-16,1,0
2025-06-25,False,2,0.95,10,0.9,0,calibrated_quantile,2025-05-28;2025-05-29;2025-05-30;2025-06-02;2025-06-03;2025-06-04;2025-06-05;2025-06-06;2025-06-09;2025-06-10;2025-06-11;2025-06-12;2025-06-13;2025-06-16;2025-06-17;2025-06-18;2025-06-19;2025-06-20;2025-06-23;2025-06-24,20,7697.3219608897325,2025-06-18;2025-06-11,2025-06-18;2025-06-11;2025-06-19;2025-06-12;2025-06-17;2025-06-24;2025-06-05;2025-06-04;2025-06-10;2025-06-13,,2025-06-24,5154.604255003616,6274.578886203726,6354.604255003616,25.094178249861827,31.224888941117282,29.955037289035218,51.597186080485095,85427.83148233197,439.26420864458674,10781.535396643532,53412.531400465596,1383.1897946298914,54795.72119509549,53412.53140046561,53412.53134705308,43521.50418545432,1579.8432446933648,lexicographic,5.3412531347053084e-05,4.352150414193281e-05,False,0.22883399999773246,0.0,1,0
2025-06-26,False,2,0.95,10,0.9,0,calibrated_quantile,2025-05-29;2025-05-30;2025-06-02;2025-06-03;2025-06-04;2025-06-05;2025-06-06;2025-06-09;2025-06-10;2025-06-11;2025-06-12;2025-06-13;2025-06-16;2025-06-17;2025-06-18;2025-06-19;2025-06-20;2025-06-23;2025-06-24;2025-06-25,20,7553.7601231386125,2025-06-19;2025-06-18,2025-06-19;2025-06-18;2025-06-25;2025-06-12;2025-06-11;2025-06-13;2025-06-05;2025-06-06;2025-06-20;2025-06-17,,2025-06-25,5119.029611414328,6354.604255003616,6319.029611414328,22.893831822768277,29.08066044530064,31.283137476828173,60.89708891609295,83192.07887840722,184.29969635667186,11440.22740686854,51948.165427524815,725.2339902342545,52673.39941775907,51948.165427524815,51948.16537557666,42145.8064948314,1552.2257927937505,lexicographic,5.194816537557666e-05,4.214580645268558e-05,False,0.18712329999834765,0.0,1,0
2025-06-27,False,2,0.95,10,0.9,0,calibrated_quantile,2025-05-30;2025-06-02;2025-06-03;2025-06-04;2025-06-05;2025-06-06;2025-06-09;2025-06-10;2025-06-11;2025-06-12;2025-06-13;2025-06-16;2025-06-17;2025-06-18;2025-06-19;2025-06-20;2025-06-23;2025-06-24;2025-06-25;2025-06-26,20,7315.830691214225,2025-06-20;2025-06-13,2025-06-20;2025-06-13;2025-06-06;2025-06-26;2025-06-19;2025-06-05;2025-06-12;2025-06-11;2025-06-24;2025-06-04,,2025-06-26,5083.4549678250405,6319.029611414328,6283.4549678250405,24.826012689012366,32.363283910744485,27.75592683329732,53.515501626248934,35915.620263788995,149.28779595757993,13225.438879102761,20500.84691105478,534.2107898543051,21035.057700909085,20500.84691105478,20500.84689055393,29562.076614522935,1417.8033031483585,lexicographic,2.050084689055393e-05,2.9562076614522946e-05,False,0.2791419999994105,0.0,1,0
2025-06-28,False,2,0.95,10,0.9,0,calibrated_quantile,2025-05-31;2025-06-01;2025-06-07;2025-06-08;2025-06-14;2025-06-15;2025-06-21;2025-06-22,8,26668.135806355072,2025-06-21;2025-06-14,2025-06-21;2025-06-14;2025-06-07;2025-05-24;2025-05-31;2025-06-22;2025-05-10;2025-05-03;2025-05-17;2025-06-15,,2025-06-27,5074.578886203726,6283.4549678250405,6274.578886203726,23.71864281029582,30.77650829849128,34.460559027684326,61.72923810655964,52012.13905165806,0.0,27470.789402642316,31133.490074523837,0.0,31133.490074523837,31133.49007452384,31133.490043390342,26418.86073931688,1514.017450845456,lexicographic,3.113349004339034e-05,2.6418860712898015e-05,False,0.1765491000005568,0.0,1,0
2025-06-29,False,2,0.95,10,0.9,0,calibrated_quantile,2025-06-01;2025-06-07;2025-06-08;2025-06-14;2025-06-15;2025-06-21;2025-06-22;2025-06-28,8,26672.530745582095,2025-06-22;2025-06-15,2025-06-22;2025-06-15;2025-06-01;2025-06-08;2025-05-18;2025-06-28;2025-05-25;2025-05-11;2025-06-21;2025-06-14,,2025-06-28,5065.702804582411,6274.578886203726,6265.702804582411,24.015972157115428,30.62187681446846,32.38999299209959,64.83750654241072,98916.12059571888,3.6212236883512787,24908.472145792053,64652.76124741653,7.8055476602411815,64660.56679507677,64652.761247416536,64652.76118276377,45272.17900436054,1661.9915659445815,lexicographic,6.465276118276377e-05,4.5272178959088355e-05,False,0.4314124999982596,0.0,1,0
2025-06-30,False,2,0.95,10,0.9,0,calibrated_quantile,2025-06-02;2025-06-03;2025-06-04;2025-06-05;2025-06-06;2025-06-09;2025-06-10;2025-06-11;2025-06-12;2025-06-13;2025-06-16;2025-06-17;2025-06-18;2025-06-19;2025-06-20;2025-06-23;2025-06-24;2025-06-25;2025-06-26;2025-06-27,20,7096.816192898494,2025-06-23;2025-06-16,2025-06-23;2025-06-16;2025-06-24;2025-06-02;2025-06-17;2025-06-09;2025-06-03;2025-06-10;2025-06-27;2025-06-11,,2025-06-29,5056.8267229610965,6265.702804582411,6256.8267229610965,26.636811936431084,35.07183761465876,25.55903502491236,47.690487771016215,82387.98928055701,875.1595169542976,8920.05118863082,51468.99045691152,3292.9329063623063,54761.923363273825,51468.99045691152,51468.990405442535,42623.02952188811,1570.2937372968095,lexicographic,5.1468990405442536e-05,4.262302952186846e-05,False,0.2886389999985113,1.4136585071647407e-16,1,0
2025-07-01,False,2,1.0,7,0.95,0,calibrated_quantile,2025-06-03;2025-06-04;2025-06-05;2025-06-06;2025-06-09;2025-06-10;2025-06-11;2025-06-12;2025-06-13;2025-06-16;2025-06-17;2025-06-18;2025-06-19;2025-06-20;2025-06-23;2025-06-24;2025-06-25;2025-06-26;2025-06-27;2025-06-30,20,6147.802604733601,2025-06-24;2025-06-17,2025-06-24;2025-06-17;2025-06-30;2025-06-23;2025-06-18;2025-06-11;2025-06-25,,2025-06-30,5047.950641339782,6256.8267229610965,6247.950641339782,99.60161753472221,106.31934851492882,54.225461115209974,90.66833282321792,82738.20778191091,6252.780673880663,5706.495657995762,51510.274588351735,21608.25837335251,73118.53296170424,51510.27458835174,51510.274536841476,42170.86426629183,1580.5137052473851,lexicographic,5.151027453684148e-05,4.2170864224120955e-05,False,0.6258736999989196,0.0,1,0
2025-07-02,False,2,1.0,7,0.95,0,calibrated_quantile,2025-06-04;2025-06-05;2025-06-06;2025-06-09;2025-06-10;2025-06-11;2025-06-12;2025-06-13;2025-06-16;2025-06-17;2025-06-18;2025-06-19;2025-06-20;2025-06-23;2025-06-24;2025-06-25;2025-06-26;2025-06-27;2025-06-30;2025-07-01,20,5877.508174446108,2025-06-10;2025-06-04,2025-06-10;2025-06-04;2025-06-12;2025-06-05;2025-06-20;2025-06-09;2025-06-11,,2025-07-01,5074.578886203726,6247.950641339782,6274.578886203726,91.81590648148148,98.76018040706357,81.74367455402411,126.94076707886845,81720.14179978581,5167.494043018909,9593.35435120937,50554.646933424025,18631.944334152475,69186.5912675765,50554.646933424025,50554.646882869376,41563.639659819986,1569.9427513006399,lexicographic,5.055464688286938e-05,4.1563639659820116e-05,False,0.2698800999969535,0.0,1,0
2025-07-03,False,2,1.0,7,0.95,0,calibrated_quantile,2025-06-05;2025-06-06;2025-06-09;2025-06-10;2025-06-11;2025-06-12;2025-06-13;2025-06-16;2025-06-17;2025-06-18;2025-06-19;2025-06-20;2025-06-23;2025-06-24;2025-06-25;2025-06-26;2025-06-27;2025-06-30;2025-07-01;2025-07-02,20,5838.68981471511,2025-07-02;2025-06-05,2025-07-02;2025-06-05;2025-06-12;2025-06-04;2025-06-20;2025-06-10;2025-06-27,,2025-07-02,5154.604255003616,6274.578886203726,6354.604255003616,50.96233640046299,60.29750824800861,21.98707140160075,36.07578190622071,84025.58820158153,2964.7496301168294,2878.2235356646624,52421.74982166068,11593.941641739715,64015.69146340039,52421.74982166068,52421.749769238944,40697.48917183081,1624.837986692252,lexicographic,5.242174976923895e-05,4.069748913113332e-05,False,0.5748955999988539,0.0,1,0
2025-07-04,False,2,1.0,7,0.95,0,calibrated_quantile,2025-06-06;2025-06-09;2025-06-10;2025-06-11;2025-06-12;2025-06-13;2025-06-16;2025-06-17;2025-06-18;2025-06-19;2025-06-20;2025-06-23;2025-06-24;2025-06-25;2025-06-26;2025-06-27;2025-06-30;2025-07-01;2025-07-02;2025-07-03,20,6062.238185965284,2025-07-03;2025-07-02,2025-07-03;2025-07-02;2025-06-20;2025-06-12;2025-06-05;2025-06-06;2025-06-27,,2025-07-03,5226.09444649387,6354.604255003616,6426.09444649387,316.5766157986111,346.4913525286801,40.6662836837438,83.14466621301811,90737.01562616129,0.0,57420.923509932516,57354.827388304984,0.0,57354.827388304984,57354.827388304984,57354.82733095017,41574.07511065762,1686.0325659614161,lexicographic,5.735482733095017e-05,4.1574075069083544e-05,False,0.08120179999968968,0.0,1,0
2025-07-05,False,2,1.0,7,0.95,0,calibrated_quantile,2025-06-07;2025-06-08;2025-06-14;2025-06-15;2025-06-21;2025-06-22;2025-06-28;2025-06-29,8,24272.842531531467,2025-06-07;2025-06-21,2025-06-07;2025-06-21;2025-06-14;2025-06-28;2025-06-22;2025-06-08;2025-06-15,,2025-07-04,5225.753542182193,6426.09444649387,6425.753542182193,94.43005295138889,101.56212752214277,58.87579438745044,105.19089021579165,50747.662297876865,1279.2472326549644,20386.04108211105,30808.282185118318,2877.350631624561,33685.63281674288,30808.282185118318,30808.28215431004,27160.740945978745,1504.1297606740527,lexicographic,3.080828215431004e-05,2.716074091881799e-05,False,0.18209119999664836,0.0,1,0
2025-07-06,False,2,1.0,7,0.95,0,calibrated_quantile,2025-06-08;2025-06-14;2025-06-15;2025-06-21;2025-06-22;2025-06-28;2025-06-29;2025-07-05,8,20584.557424294064,2025-07-05;2025-06-22,2025-07-05;2025-06-22;2025-06-08;2025-06-15;2025-06-29;2025-06-07;2025-06-21,,2025-07-05,5226.776255117222,6425.753542182193,6426.776255117222,208.6001822337963,221.87465919325064,25.784842183664125,45.21041907268725,74784.05054552332,9865.88366579363,966.2048675640249,45765.280430964165,43920.319436214675,89685.59986717884,45765.280430964165,45765.28038519889,37045.276965314464,1636.0811067882769,lexicographic,4.576528038519889e-05,3.7045276928269184e-05,False,0.256827199998952,0.0,1,0
2025-07-07,False,2,1.0,7,0.95,0,calibrated_quantile,2025-06-09;2025-06-10;2025-06-11;2025-06-12;2025-06-13;2025-06-16;2025-06-17;2025-06-18;2025-06-19;2025-06-20;2025-06-23;2025-06-24;2025-06-25;2025-06-26;2025-06-27;2025-06-30;2025-07-01;2025-07-02;2025-07-03;2025-07-04,20,6062.238185965284,2025-07-02;2025-07-04,2025-07-02;2025-07-04;2025-07-03;2025-06-09;2025-06-10;2025-06-23;2025-06-16,,2025-07-06,5307.915206432034,6426.776255117222,6507.915206432034,159.71202893518517,176.0996782752223,38.482322291033135,61.95855203684867,65351.95200770918,11896.560114639364,335.651593500506,39925.25676855691,49865.30535245832,89790.56212101523,39925.25676855691,39925.25672863165,32605.598090429594,1592.6676043112095,lexicographic,3.992525672863165e-05,3.2605598057824e-05,False,0.24586619999899995,0.0,1,0
2025-07-08,False,2,1.0,7,0.95,0,calibrated_quantile,2025-06-10;2025-06-11;2025-06-12;2025-06-13;2025-06-16;2025-06-17;2025-06-18;2025-06-19;2025-06-20;2025-06-23;2025-06-24;2025-06-25;2025-06-26;2025-06-27;2025-06-30;2025-07-01;2025-07-02;2025-07-03;2025-07-04;2025-07-07,20,7388.466601795011,2025-07-02;2025-07-07,2025-07-02;2025-07-07;2025-07-03;2025-07-04;2025-06-10;2025-06-09;2025-06-03,,2025-07-07,5441.680581198533,6507.915206432034,6641.680581198533,25.447854513888913,32.21733969178392,33.6979531399393,59.149308029145516,88218.34607611995,802.1225498792621,9056.586787934095,55453.983813719635,3369.766655472992,58823.75046919263,55453.983813719635,55453.98375826566,40577.041853429015,1701.8514833446554,lexicographic,5.5453983758265664e-05,4.057704181285197e-05,False,0.12567879999915021,0.0,1,0
2025-07-09,False,2,1.0,7,0.95,0,calibrated_quantile,2025-06-11;2025-06-12;2025-06-13;2025-06-16;2025-06-17;2025-06-18;2025-06-19;2025-06-20;2025-06-23;2025-06-24;2025-06-25;2025-06-26;2025-06-27;2025-06-30;2025-07-01;2025-07-02;2025-07-03;2025-07-04;2025-07-07;2025-07-08,20,7410.539019551745,2025-07-02;2025-07-03,2025-07-02;2025-07-03;2025-07-08;2025-07-04;2025-07-07;2025-06-04;2025-06-10,,2025-07-08,5388.71325343517,6641.680581198533,6588.71325343517,26.98266649305557,33.60079742378306,23.042907536448336,43.43100104680681,87614.57920491819,357.3349556832559,9686.334658070487,55357.985990711655,1433.3109809051186,56791.29697161677,55357.98599071166,55357.98593535366,40768.14636520228,1704.3643395580052,lexicographic,5.535798593535366e-05,4.076814632443413e-05,False,0.1882984999974724,0.0,1,0
2025-07-10,False,2,1.0,7,0.95,0,calibrated_quantile,2025-06-12;2025-06-13;2025-06-16;2025-06-17;2025-06-18;2025-06-19;2025-06-20;2025-06-23;2025-06-24;2025-06-25;2025-06-26;2025-06-27;2025-06-30;2025-07-01;2025-07-02;2025-07-03;2025-07-04;2025-07-07;2025-07-08;2025-07-09,20,6910.354996418942,2025-07-03;2025-07-02,2025-07-03;2025-07-02;2025-07-09;2025-07-04;2025-07-08;2025-07-07;2025-06-05,,2025-07-09,5348.314229933602,6588.71325343517,6548.314229933602,27.89387644675926,36.980476490080335,19.571491057610903,41.567540172169274,86568.87970673488,251.41001510397447,9719.178622131349,54590.9992512642,887.9890563741521,55478.98830763835,54590.99925126419,54590.99919667321,40845.636889158224,1704.3643395580048,lexicographic,5.4590999196673214e-05,4.084563684831258e-05,False,0.20034160000068368,0.0,1,0
2025-07-11,False,2,1.0,7,0.95,0,calibrated_quantile,2025-06-13;2025-06-16;2025-06-17;2025-06-18;2025-06-19;2025-06-20;2025-06-23;2025-06-24;2025-06-25;2025-06-26;2025-06-27;2025-06-30;2025-07-01;2025-07-02;2025-07-03;2025-07-04;2025-07-07;2025-07-08;2025-07-09;2025-07-10,20,6805.002496729348,2025-07-04;2025-07-10,2025-07-04;2025-07-10;2025-07-03;2025-07-09;2025-07-02;2025-07-08;2025-07-07,,2025-07-10,5307.915206432034,6548.314229933602,6507.915206432034,163.28958749999998,181.53898479401198,39.99090455131996,72.13954409980404,61648.414397614615,26.190630753575533,25940.604121875353,38518.65292151346,55.99556855114449,38574.6484900646,38518.652921513465,38518.65288299481,31011.96442923622,1614.9958333336137,lexicographic,3.851865288299481e-05,3.101196442923634e-05,False,0.31843409999783034,0.0,1,0
2025-07-12,False,2,1.0,7,0.95,0,calibrated_quantile,2025-06-14;2025-06-15;2025-06-21;2025-06-22;2025-06-28;2025-06-29;2025-07-05;2025-07-06,8,20841.915351580163,2025-07-05;2025-07-06,2025-07-05;2025-07-06;2025-06-07;2025-06-21;2025-06-14;2025-06-28;2025-06-08,,2025-07-11,5267.516182930467,6507.915206432034,6467.516182930467,161.39120607638887,178.47858200588988,25.890263202002465,52.014217727579485,81993.38250145037,0.0,46748.737455952105,50901.09334398803,0.0,50901.09334398803,50901.09334398805,50901.09329308692,40016.02811221751,1671.3964916666678,lexicographic,5.090109329308692e-05,4.0016028072201476e-05,False,0.21542789999875822,0.0,1,0
2025-07-13,False,2,1.0,7,0.95,0,calibrated_quantile,2025-06-15;2025-06-21;2025-06-22;2025-06-28;2025-06-29;2025-07-05;2025-07-06;2025-07-12,8,20564.831004925523,2025-07-06;2025-07-05,2025-07-06;2025-07-05;2025-07-12;2025-06-22;2025-06-29;2025-06-15;2025-06-08,,2025-07-12,5227.117159428899,6467.516182930467,6427.117159428899,148.4353706597222,167.2704248242835,59.735725387505596,110.53120551029237,81015.6140017037,1855.3665472269718,9523.555687460852,50203.14934086678,9305.51582380322,59508.665164670005,50203.149340866774,50203.14929066361,39247.28061875364,1671.3943910348885,lexicographic,5.020314929066361e-05,3.924728057950636e-05,False,0.16026659999988624,0.0,1,0
2025-07-14,False,2,1.0,7,0.95,0,calibrated_quantile,2025-06-16;2025-06-17;2025-06-18;2025-06-19;2025-06-20;2025-06-23;2025-06-24;2025-06-25;2025-06-26;2025-06-27;2025-06-30;2025-07-01;2025-07-02;2025-07-03;2025-07-04;2025-07-07;2025-07-08;2025-07-09;2025-07-10;2025-07-11,20,6805.002496729348,2025-07-07;2025-07-08,2025-07-07;2025-07-08;2025-07-09;2025-07-11;2025-06-09;2025-07-02;2025-07-04,,2025-07-13,5348.314229933602,6427.117159428899,6548.314229933602,27.2501921875,35.912244754184904,26.481997142789957,45.97916528147217,86793.93279499828,160.3182457798156,10833.900649541349,54678.69543211843,852.9429521799254,55531.638384298356,54678.69543211843,54678.69537743974,39935.68473191255,1715.8233029774578,lexicographic,5.4678695377439747e-05,3.993568469197686e-05,False,0.26326569999946514,0.0,1,0
2025-07-15,False,2,1.0,7,0.95,0,calibrated_quantile,2025-06-17;2025-06-18;2025-06-19;2025-06-20;2025-06-23;2025-06-24;2025-06-25;2025-06-26;2025-06-27;2025-06-30;2025-07-01;2025-07-02;2025-07-03;2025-07-04;2025-07-07;2025-07-08;2025-07-09;2025-07-10;2025-07-11;2025-07-14,20,6593.522527004723,2025-07-08;2025-07-09,2025-07-08;2025-07-09;2025-07-14;2025-07-07;2025-07-02;2025-07-03;2025-07-10,,2025-07-14,5307.915206432034,6548.314229933602,6507.915206432034,30.58629490740742,39.101668800741564,35.33229923126592,65.79640427645317,84707.40860766925,1548.172764727622,9341.020664251555,53413.13782906806,4533.373601252032,57946.51143032009,53413.13782906806,53413.13777565492,40064.69246427641,1682.0141666666707,lexicographic,5.3413137775654924e-05,4.006469242421172e-05,False,0.29018730000098003,0.0,1,0
2025-07-16,False,2,1.0,7,0.95,0,calibrated_quantile,2025-06-18;2025-06-19;2025-06-20;2025-06-23;2025-06-24;2025-06-25;2025-06-26;2025-06-27;2025-06-30;2025-07-01;2025-07-02;2025-07-03;2025-07-04;2025-07-07;2025-07-08;2025-07-09;2025-07-10;2025-07-11;2025-07-14;2025-07-15,20,6510.892789845657,2025-07-02;2025-07-09,2025-07-02;2025-07-09;2025-07-03;2025-07-10;2025-07-15;2025-07-08;2025-07-11,,2025-07-15,5267.516182930467,6507.915206432034,6467.516182930467,30.61694577546296,37.929823929961614,26.342204292207864,48.393840428137715,85937.33334314603,537.5893290621839,10189.473588739105,54027.22362904197,2002.247836051728,56029.471465093695,54027.22362904197,54027.223575014745,39925.375576571576,1694.3113146075896,lexicographic,5.4027223575014747e-05,3.992537557657183e-05,False,0.42813639999803854,0.0,1,0
2025-07-17,False,2,1.0,7,0.95,0,calibrated_quantile,2025-06-19;2025-06-20;2025-06-23;2025-06-24;2025-06-25;2025-06-26;2025-06-27;2025-06-30;2025-07-01;2025-07-02;2025-07-03;2025-07-04;2025-07-07;2025-07-08;2025-07-09;2025-07-10;2025-07-11;2025-07-14;2025-07-15;2025-07-16,20,6457.816924944822,2025-07-10;2025-07-03,2025-07-10;2025-07-03;2025-07-09;2025-07-11;2025-07-16;2025-07-02;2025-07-04,,2025-07-16,5227.117159428899,6467.516182930467,6427.117159428899,29.514024247685185,36.59976611288359,23.280863668340032,40.458527097331626,85615.43033987141,695.7362980391027,9379.910172764652,54011.43617674347,2899.451552564647,56910.88772930812,54011.43617674347,54011.43612273204,40496.522966053475,1711.443798842471,lexicographic,5.4011436122732046e-05,4.049652292555695e-05,False,0.15612160000091535,0.0,1,0
2025-07-18,False,2,1.0,7,0.95,0,calibrated_quantile,2025-06-20;2025-06-23;2025-06-24;2025-06-25;2025-06-26;2025-06-27;2025-06-30;2025-07-01;2025-07-02;2025-07-03;2025-07-04;2025-07-07;2025-07-08;2025-07-09;2025-07-10;2025-07-11;2025-07-14;2025-07-15;2025-07-16;2025-07-17,20,6602.604005028126,2025-07-11;2025-07-04,2025-07-11;2025-07-04;2025-07-17;2025-07-10;2025-07-03;2025-07-16;2025-07-09,,2025-07-17,5226.776255117222,6427.117159428899,6426.776255117222,24.19708350694444,30.913080068925513,30.523748344568258,57.69516509165123,46149.0695230967,917.3589777579222,12662.390016859046,27482.203239331717,2531.9002708304715,30014.10351016219,27482.203239331713,27482.20321184952,29818.601172594885,1529.86587028732,lexicographic,2.748220321184952e-05,2.9818601142776286e-05,False,0.19386760000270442,0.0,1,0
2025-07-19,False,2,1.0,7,0.95,0,calibrated_quantile,2025-06-21;2025-06-22;2025-06-28;2025-06-29;2025-07-05;2025-07-06;2025-07-12;2025-07-13,8,16926.030545462734,2025-07-12;2025-07-05,2025-07-12;2025-07-05;2025-07-13;2025-07-06;2025-06-21;2025-06-28;2025-06-07,,2025-07-18,5226.435350805546,6426.776255117222,6426.435350805546,25.253626967592588,31.788376988577607,26.447638806258013,44.53545279804888,53555.82204205652,0.0,23240.28120650883,33253.356110389184,0.0,33253.356110389184,33253.35611038918,33253.35607713583,29846.526629485998,1583.338727516948,lexicographic,3.325335607713584e-05,2.984652659963947e-05,False,0.20404960000087158,0.0,1,0
2025-07-20,False,2,1.0,7,0.95,0,calibrated_quantile,2025-06-22;2025-06-28;2025-06-29;2025-07-05;2025-07-06;2025-07-12;2025-07-13;2025-07-19,8,16926.589484751457,2025-07-13;2025-07-06,2025-07-13;2025-07-06;2025-07-05;2025-06-22;2025-07-19;2025-06-29;2025-07-12,,2025-07-19,5226.09444649387,6426.435350805546,6426.09444649387,30.02037326388889,36.54297792086902,24.637846003661018,42.19404651009576,96735.98248580008,43.44809288726583,20234.24263577246,62768.116797001065,104.15291035776121,62872.26970735883,62768.116797001065,62768.116734232965,42444.96438036987,1743.3414743177618,lexicographic,6.276811673423296e-05,4.24449643379249e-05,False,0.17200400000001537,1.159180487283157e-16,1,0
2025-07-21,False,2,1.0,7,0.95,0,calibrated_quantile,2025-06-23;2025-06-24;2025-06-25;2025-06-26;2025-06-27;2025-06-30;2025-07-01;2025-07-02;2025-07-03;2025-07-04;2025-07-07;2025-07-08;2025-07-09;2025-07-10;2025-07-11;2025-07-14;2025-07-15;2025-07-16;2025-07-17;2025-07-18,20,7347.87017368657,2025-07-07;2025-07-14,2025-07-07;2025-07-14;2025-07-15;2025-07-08;2025-06-09;2025-07-16;2025-07-18,,2025-07-20,5225.753542182193,6426.09444649387,6425.753542182193,31.6516828125,40.029952810216116,25.162440963518335,41.38574793164666,86452.16902726374,506.1036612856168,8815.025051094257,54418.21364232201,1958.3409022832377,56376.55454460524,54418.21364232201,54418.21358790381,39570.76593713029,1737.567834713556,lexicographic,5.441821358790381e-05,3.9570765897559514e-05,False,0.28104480000183685,0.0,1,0
2025-07-22,False,2,1.0,7,0.95,0,calibrated_quantile,2025-06-24;2025-06-25;2025-06-26;2025-06-27;2025-06-30;2025-07-01;2025-07-02;2025-07-03;2025-07-04;2025-07-07;2025-07-08;2025-07-09;2025-07-10;2025-07-11;2025-07-14;2025-07-15;2025-07-16;2025-07-17;2025-07-18;2025-07-21,20,7480.541440886014,2025-07-15;2025-07-08,2025-07-15;2025-07-08;2025-07-16;2025-07-21;2025-07-07;2025-07-09;2025-07-02,,2025-07-21,5190.178898592905,6425.753542182193,6390.178898592905,25.693783564814808,32.77440781248897,31.18200326021358,57.13141254957671,85419.13500777449,855.6765533446497,8326.63221988216,53798.520690447855,3545.94329795972,57344.46398840757,53798.520690447855,53798.520636649344,39900.14321017379,1682.6726574255665,lexicographic,5.379852063664935e-05,3.990014317027364e-05,False,0.23063559999718564,0.0,1,0
2025-07-23,False,2,1.0,7,0.95,0,calibrated_quantile,2025-06-25;2025-06-26;2025-06-27;2025-06-30;2025-07-01;2025-07-02;2025-07-03;2025-07-04;2025-07-07;2025-07-08;2025-07-09;2025-07-10;2025-07-11;2025-07-14;2025-07-15;2025-07-16;2025-07-17;2025-07-18;2025-07-21;2025-07-22,20,6959.571542957634,2025-07-16;2025-07-09,2025-07-16;2025-07-09;2025-07-22;2025-07-17;2025-07-02;2025-07-15;2025-07-10,,2025-07-22,5154.604255003616,6390.178898592905,6354.604255003616,26.338135358796293,32.18682105153521,28.75717596065184,50.338384417688935,84531.24825190102,946.0458057362289,7184.777510662922,53249.93357628964,3922.2294750262845,57172.16305131592,53249.93357628963,53249.93352303971,39165.994880618906,1708.0704962000925,lexicographic,5.324993352303972e-05,3.916599484145291e-05,False,0.1881020000000717,0.0,1,0
2025-07-24,False,2,1.0,7,0.95,0,calibrated_quantile,2025-06-26;2025-06-27;2025-06-30;2025-07-01;2025-07-02;2025-07-03;2025-07-04;2025-07-07;2025-07-08;2025-07-09;2025-07-10;2025-07-11;2025-07-14;2025-07-15;2025-07-16;2025-07-17;2025-07-18;2025-07-21;2025-07-22;2025-07-23,20,7151.487986290687,2025-07-17;2025-07-10,2025-07-17;2025-07-10;2025-07-03;2025-07-23;2025-07-16;2025-07-18;2025-07-11,,2025-07-23,5119.029611414328,6354.604255003616,6319.029611414328,24.96773634259259,32.999051002607736,35.3104577671043,59.15091824710459,86277.41484949086,1365.2638329947938,9797.845245478587,54456.238427534925,5663.076722572781,60119.31515010771,54456.23842753492,54456.238373078675,40617.72926022892,1688.3236054166114,lexicographic,5.4456238373078676e-05,4.0617729219611196e-05,False,0.1661311999996542,0.0,1,0
2025-07-25,False,2,1.0,7,0.95,0,calibrated_quantile,2025-06-27;2025-06-30;2025-07-01;2025-07-02;2025-07-03;2025-07-04;2025-07-07;2025-07-08;2025-07-09;2025-07-10;2025-07-11;2025-07-14;2025-07-15;2025-07-16;2025-07-17;2025-07-18;2025-07-21;2025-07-22;2025-07-23;2025-07-24,20,7382.311318886881,2025-07-18;2025-07-11,2025-07-18;2025-07-11;2025-07-24;2025-07-04;2025-07-10;2025-07-03;2025-07-17,,2025-07-24,5083.4549678250405,6319.029611414328,6283.4549678250405,25.35723981481482,31.492487462285307,20.498190107869032,33.9221335857162,45713.150398643644,138.4282418223705,16278.435771238583,27204.746874056145,576.0659784885563,27780.812852544703,27204.746874056145,27204.746846851398,29562.076505766803,1523.9891355382372,lexicographic,2.72047468468514e-05,2.9562076476204732e-05,False,0.25087859999985085,0.0,1,0
2025-07-26,False,2,1.0,7,0.95,0,calibrated_quantile,2025-06-28;2025-06-29;2025-07-05;2025-07-06;2025-07-12;2025-07-13;2025-07-19;2025-07-20,8,15819.6144074524,2025-07-19;2025-07-05,2025-07-19;2025-07-05;2025-07-12;2025-06-28;2025-06-21;2025-07-20;2025-07-13,,2025-07-25,5074.578886203726,6283.4549678250405,6274.578886203726,28.157961689814822,35.33765319707246,28.49929831458816,50.20003330806073,52763.049685251564,424.4129317303659,21628.392884396904,32787.57333859965,1518.981921864305,34306.55526046395,32787.57333859965,32787.57330581207,29520.196985424212,1571.5920929868373,lexicographic,3.278757330581207e-05,2.952019695590402e-05,False,0.19895420000102604,0.0,1,0
2025-07-27,False,2,1.0,7,0.95,0,calibrated_quantile,2025-06-29;2025-07-05;2025-07-06;2025-07-12;2025-07-13;2025-07-19;2025-07-20;2025-07-26,8,16411.32206190599,2025-07-13;2025-07-20,2025-07-13;2025-07-20;2025-07-06;2025-06-22;2025-06-15;2025-07-26;2025-06-29,,2025-07-26,5065.702804582411,6274.578886203726,6265.702804582411,25.374271354166673,32.2405275085351,26.397246154957895,47.67758830322961,95451.54214413009,36.92912792056336,17548.372429961706,61624.23515710736,148.73900744664527,61772.974164554005,61624.23515710735,61624.23509548312,40617.696384733514,1725.9706333333393,lexicographic,6.162423509548312e-05,4.0617696384733584e-05,False,0.3351203999991412,0.0,1,0
2025-07-28,False,2,1.0,7,0.95,0,calibrated_quantile,2025-06-30;2025-07-01;2025-07-02;2025-07-03;2025-07-04;2025-07-07;2025-07-08;2025-07-09;2025-07-10;2025-07-11;2025-07-14;2025-07-15;2025-07-16;2025-07-17;2025-07-18;2025-07-21;2025-07-22;2025-07-23;2025-07-24;2025-07-25,20,7503.917180741359,2025-07-21;2025-07-07,2025-07-21;2025-07-07;2025-07-14;2025-07-22;2025-07-15;2025-07-08;2025-06-09,,2025-07-27,5056.8267229610965,6265.702804582411,6256.8267229610965,30.023803993055544,35.68783940915701,41.26043471159872,70.76690411491086,85398.2641145415,1886.7085029501777,5215.830442794004,53686.63363825511,7434.134170382519,61120.767808637625,53686.63363825511,53686.63358456847,39277.87626730437,1703.7191363107927,lexicographic,5.368663358456848e-05,3.927787626730406e-05,False,0.2738811999988684,1.3552642675429002e-16,1,0
2025-07-29,False,2,1.0,7,0.95,0,calibrated_quantile,2025-07-01;2025-07-02;2025-07-03;2025-07-04;2025-07-07;2025-07-08;2025-07-09;2025-07-10;2025-07-11;2025-07-14;2025-07-15;2025-07-16;2025-07-17;2025-07-18;2025-07-21;2025-07-22;2025-07-23;2025-07-24;2025-07-25;2025-07-28,20,7911.236619460848,2025-07-22;2025-07-15,2025-07-22;2025-07-15;2025-07-08;2025-07-21;2025-07-16;2025-07-02;2025-07-07,,2025-07-28,5083.4549678250405,6256.8267229610965,6283.4549678250405,28.577370081018525,35.56461851956699,34.641784407528384,69.86589637353383,85182.85004809097,1844.291081464119,6769.868216794617,53589.08147123006,7007.493232907384,60596.57470413745,53589.081471230056,53589.081417640984,39644.1997991651,1686.670099999998,lexicographic,5.3589081417640985e-05,3.9644199759520904e-05,False,0.24107760000333656,0.0,1,0
2025-07-30,False,2,1.0,7,0.95,0,calibrated_quantile,2025-07-02;2025-07-03;2025-07-04;2025-07-07;2025-07-08;2025-07-09;2025-07-10;2025-07-11;2025-07-14;2025-07-15;2025-07-16;2025-07-17;2025-07-18;2025-07-21;2025-07-22;2025-07-23;2025-07-24;2025-07-25;2025-07-28;2025-07-29,20,7545.011242117458,2025-07-16;2025-07-23,2025-07-16;2025-07-23;2025-07-02;2025-07-29;2025-07-24;2025-07-22;2025-07-10,,2025-07-29,5190.178898592905,6283.4549678250405,6390.178898592905,26.711405324074075,33.843961346814055,33.626226236188415,57.42268401559847,86421.27457288193,677.0505825014053,8656.477437333517,54413.533042844145,3163.2658982317075,57576.79894107585,54413.53304284414,54413.53298843059,40319.74454625277,1683.5210333333332,lexicographic,5.4413532988430594e-05,4.031974450593303e-05,False,0.28673500000149943,0.0,1,0
2025-07-31,False,2,1.0,7,0.95,0,calibrated_quantile,2025-07-03;2025-07-04;2025-07-07;2025-07-08;2025-07-09;2025-07-10;2025-07-11;2025-07-14;2025-07-15;2025-07-16;2025-07-17;2025-07-18;2025-07-21;2025-07-22;2025-07-23;2025-07-24;2025-07-25;2025-07-28;2025-07-29;2025-07-30,20,7024.266171942984,2025-07-24;2025-07-10,2025-07-24;2025-07-10;2025-07-17;2025-07-23;2025-07-03;2025-07-16;2025-07-30,,2025-07-30,5154.604255003616,6390.178898592905,6354.604255003616,29.63961296296298,37.3069634036995,24.785474851989477,44.47278191396255,85282.8629638403,746.6955695448878,7176.500300806645,53767.42148022276,3223.321172177396,56990.74265240016,53767.421480222765,53767.42142816654,39948.03429874343,1693.5964333333332,lexicographic,5.376742142816654e-05,3.99480342587954e-05,False,0.23107600000003004,0.0,1,0
2025-08-01,False,2,1.0,10,0.9,0,calibrated_quantile,2025-07-04;2025-07-07;2025-07-08;2025-07-09;2025-07-10;2025-07-11;2025-07-14;2025-07-15;2025-07-16;2025-07-17;2025-07-18;2025-07-21;2025-07-22;2025-07-23;2025-07-24;2025-07-25;2025-07-28;2025-07-29;2025-07-30;2025-07-31,20,6586.473890076237,2025-07-25;2025-07-18,2025-07-25;2025-07-18;2025-07-04;2025-07-11;2025-07-31;2025-07-24;2025-07-10;2025-07-17;2025-07-03;2025-07-30,,2025-07-31,5119.029611414328,6354.604255003616,6319.029611414328,26.54285711805555,33.83787695446631,50.41772034386212,81.11861119621446,43586.190229039916,393.20033094035455,19652.69737680094,25768.029758744524,1102.6882214008492,26870.717980145375,25768.029758744524,25768.029732976498,29633.621175519173,1482.0707732519136,lexicographic,2.57680297329765e-05,2.9633621175519173e-05,False,0.3492095000001427,0.0,1,0
2025-08-02,False,2,1.0,10,0.9,0,calibrated_quantile,2025-07-05;2025-07-06;2025-07-12;2025-07-13;2025-07-19;2025-07-20;2025-07-26;2025-07-27,8,15902.638785934636,2025-07-26;2025-07-05,2025-07-26;2025-07-05;2025-07-19;2025-07-12;2025-07-20;2025-07-13;2025-07-06;2025-07-27;2025-06-28;2025-06-21,,2025-08-01,5083.4549678250405,6319.029611414328,6283.4549678250405,29.648328124999995,38.758594630465545,39.189840536114204,68.7562902711059,52385.96945452987,0.0,28389.260816045164,32497.740440788577,0.0,32497.740440788577,32497.740440788577,32497.74040829084,29579.79928834056,1548.4795844649593,lexicographic,3.249774040829084e-05,2.9579799288340567e-05,False,0.21410460000333842,0.0,1,0
2025-08-03,False,2,1.0,10,0.9,0,calibrated_quantile,2025-07-06;2025-07-12;2025-07-13;2025-07-19;2025-07-20;2025-07-26;2025-07-27;2025-08-02,8,13950.121689810949,2025-07-20;2025-07-06,2025-07-20;2025-07-06;2025-07-13;2025-07-27;2025-08-02;2025-06-22;2025-07-26;2025-06-29;2025-07-05;2025-07-19,,2025-08-02,5074.578886203726,6283.4549678250405,6274.578886203726,28.154114988425924,34.413732406641415,55.81860132070327,93.23604222243175,90844.95301067586,0.0,23775.99160132665,58873.11092584117,0.0,58873.11092584117,58873.11092584115,58873.11086696804,40375.464884248024,1717.7233333333334,lexicographic,5.887311086696804e-05,4.037546484387256e-05,False,0.3375454999986687,0.0,1,0
2025-08-04,False,2,1.0,10,0.9,0,calibrated_quantile,2025-07-07;2025-07-08;2025-07-09;2025-07-10;2025-07-11;2025-07-14;2025-07-15;2025-07-16;2025-07-17;2025-07-18;2025-07-21;2025-07-22;2025-07-23;2025-07-24;2025-07-25;2025-07-28;2025-07-29;2025-07-30;2025-07-31;2025-08-01,20,6755.58450849821,2025-07-14;2025-07-28,2025-07-14;2025-07-28;2025-07-21;2025-07-15;2025-07-22;2025-07-08;2025-07-07;2025-07-29;2025-07-23;2025-07-18,,2025-08-03,5065.702804582411,6274.578886203726,6265.702804582411,24.87789768518519,31.089001005607123,67.19527987815923,110.19247167637373,87017.61487321426,113.97157951020819,17476.158655619573,54908.326125609354,301.01907183875403,55209.34519744811,54908.326125609354,54908.32607070101,40473.502941288985,1647.7835416666667,lexicographic,5.4908326070701015e-05,4.047350290081549e-05,False,0.3424544999979844,1.3251100761685512e-16,1,0
2025-08-05,False,2,1.0,10,0.9,0,calibrated_quantile,2025-07-08;2025-07-09;2025-07-10;2025-07-11;2025-07-14;2025-07-15;2025-07-16;2025-07-17;2025-07-18;2025-07-21;2025-07-22;2025-07-23;2025-07-24;2025-07-25;2025-07-28;2025-07-29;2025-07-30;2025-07-31;2025-08-01;2025-08-04,20,5304.421918122305,2025-07-15;2025-07-22,2025-07-15;2025-07-22;2025-07-08;2025-07-23;2025-08-04;2025-07-14;2025-07-09;2025-07-16;2025-07-21;2025-07-29,,2025-08-04,5056.8267229610965,6265.702804582411,6256.8267229610965,32.89527494212963,40.965635497202335,31.194857534747307,55.37429546845355,81061.14774655126,220.98798435676923,12096.892073831094,50875.25367901485,623.7824041414017,51499.03608315625,50875.25367901485,50875.25362813959,38503.09130997004,1651.8102499999998,lexicographic,5.087525362813959e-05,3.850309127146694e-05,False,0.337288399998215,0.0,1,0
2025-08-06,False,2,1.0,10,0.9,0,calibrated_quantile,2025-07-09;2025-07-10;2025-07-11;2025-07-14;2025-07-15;2025-07-16;2025-07-17;2025-07-18;2025-07-21;2025-07-22;2025-07-23;2025-07-24;2025-07-25;2025-07-28;2025-07-29;2025-07-30;2025-07-31;2025-08-01;2025-08-04;2025-08-05,20,5019.342985778546,2025-07-23;2025-07-16,2025-07-23;2025-07-16;2025-07-24;2025-07-31;2025-07-30;2025-07-09;2025-08-05;2025-07-15;2025-07-22;2025-07-17,,2025-08-05,5047.950641339782,6256.8267229610965,6247.950641339782,33.805448148148145,42.23877277971747,34.52315699434146,56.42551672596067,82336.75689148312,567.090758194209,10617.117194891905,51670.1140825716,2020.1981535023378,53690.312236073936,51670.1140825716,51670.11403090148,39831.03367059648,1671.0171746388162,lexicographic,5.167011403090149e-05,3.983103363076544e-05,False,0.2784797999993316,0.0,1,0
2025-08-07,False,2,1.0,10,0.9,0,calibrated_quantile,2025-07-10;2025-07-11;2025-07-14;2025-07-15;2025-07-16;2025-07-17;2025-07-18;2025-07-21;2025-07-22;2025-07-23;2025-07-24;2025-07-25;2025-07-28;2025-07-29;2025-07-30;2025-07-31;2025-08-01;2025-08-04;2025-08-05;2025-08-06,20,5039.402371638946,2025-07-24;2025-07-31,2025-07-24;2025-07-31;2025-07-17;2025-08-06;2025-07-23;2025-07-10;2025-07-03;2025-07-16;2025-07-25;2025-07-18,,2025-08-06,5041.559483333822,6247.950641339782,6241.559483333822,28.517797222222214,34.86231841064044,53.27571969588126,94.31359054059608,81204.93599157524,461.8234962079033,14165.160673422142,51010.81620414446,1572.7161192702833,52583.53232341474,51010.81620414447,51010.81615313366,39248.129662653344,1632.7210999999993,lexicographic,5.1010816153133664e-05,3.924812962340521e-05,False,0.35420800000065356,1.4263558521277363e-16,1,0
2025-08-08,False,2,1.0,10,0.9,0,calibrated_quantile,2025-07-11;2025-07-14;2025-07-15;2025-07-16;2025-07-17;2025-07-18;2025-07-21;2025-07-22;2025-07-23;2025-07-24;2025-07-25;2025-07-28;2025-07-29;2025-07-30;2025-07-31;2025-08-01;2025-08-04;2025-08-05;2025-08-06;2025-08-07,20,4975.352153269047,2025-07-18;2025-07-25,2025-07-18;2025-07-25;2025-07-11;2025-08-07;2025-07-24;2025-08-01;2025-07-31;2025-07-17;2025-08-06;2025-07-03,,2025-08-07,5035.168325327861,6241.559483333822,6235.168325327861,26.201330960648157,32.872589778581215,49.93810747482683,87.96262995981424,42169.522858130054,203.8256390448666,23514.282642922182,24769.382871349517,883.4550245611102,25652.837895910627,24769.382871349513,24769.38284658013,29438.701674253618,1479.400602046932,lexicographic,2.476938284658013e-05,2.943870167425362e-05,False,0.29126820000237785,0.0,1,0
2025-08-09,False,2,1.0,10,0.9,0,calibrated_quantile,2025-07-12;2025-07-13;2025-07-19;2025-07-20;2025-07-26;2025-07-27;2025-08-02;2025-08-03,8,4318.506379059006,2025-08-02;2025-07-26,2025-08-02;2025-07-26;2025-07-05;2025-07-19;2025-07-12;2025-08-03;2025-07-20;2025-06-28;2025-07-13;2025-07-27,,2025-08-08,5028.7771673218995,6235.168325327861,6228.7771673218995,26.62729311342592,33.250347468944504,30.00021107682537,48.12953450076369,42511.365480354754,655.0419785912246,21161.93310936029,24897.220966813013,2287.890012719035,27185.110979532048,24897.220966813013,24897.22094191579,29425.848248214865,1471.2206728942056,lexicographic,2.4897220941915793e-05,2.9425848218789013e-05,False,0.21145350000006147,0.0,1,0
2025-08-10,False,2,1.0,10,0.9,0,calibrated_quantile,2025-07-13;2025-07-19;2025-07-20;2025-07-26;2025-07-27;2025-08-02;2025-08-03;2025-08-09,8,4857.472540912663,2025-08-03;2025-07-20,2025-08-03;2025-07-20;2025-07-27;2025-07-13;2025-07-06;2025-06-22;2025-06-29;2025-08-02;2025-07-26;2025-08-09,,2025-08-09,5022.38600931594,6228.7771673218995,6222.38600931594,26.023696817129622,32.68471371594477,24.597128864643445,44.718278584910685,76898.06573853632,1043.0564876334481,8639.211807442203,48585.15603836426,3982.6148606950383,52567.770899059295,48585.156038364265,48585.1559897791,38140.00769372423,1691.7019499999997,lexicographic,4.858515598977911e-05,3.8140007693724114e-05,False,0.33232739999948535,0.0,1,0
2025-08-11,False,2,1.0,10,0.9,0,calibrated_quantile,2025-07-14;2025-07-15;2025-07-16;2025-07-17;2025-07-18;2025-07-21;2025-07-22;2025-07-23;2025-07-24;2025-07-25;2025-07-28;2025-07-29;2025-07-30;2025-07-31;2025-08-01;2025-08-04;2025-08-05;2025-08-06;2025-08-07;2025-08-08,20,5032.808525016203,2025-08-04;2025-07-28,2025-08-04;2025-07-28;2025-07-14;2025-07-21;2025-08-05;2025-07-15;2025-07-22;2025-07-07;2025-07-08;2025-07-29,,2025-08-10,5012.819346585311,6222.38600931594,6212.819346585311,30.504111863425933,37.84748543914294,34.62240407570688,68.21447635031116,79237.29592359693,536.2303496389808,11205.340950620288,49509.93589464783,2092.082109933095,51602.018004580925,49509.93589464784,49509.93584513791,38261.9310185057,1650.2008333333333,lexicographic,4.950993584513791e-05,3.826193098024377e-05,False,0.3561015999985102,0.0,1,0
2025-08-12,False,2,1.0,10,0.9,0,calibrated_quantile,2025-07-15;2025-07-16;2025-07-17;2025-07-18;2025-07-21;2025-07-22;2025-07-23;2025-07-24;2025-07-25;2025-07-28;2025-07-29;2025-07-30;2025-07-31;2025-08-01;2025-08-04;2025-08-05;2025-08-06;2025-08-07;2025-08-08;2025-08-11,20,5040.9362733014295,2025-08-05;2025-08-06,2025-08-05;2025-08-06;2025-07-15;2025-07-22;2025-08-11;2025-07-08;2025-08-04;2025-07-23;2025-07-28;2025-07-16,,2025-08-11,5003.252683854682,6212.819346585311,6203.252683854682,24.426355266203707,30.77716926079629,23.362994500751356,39.54100141297555,75714.45687866847,1222.2460510471828,5304.446717216318,47557.446008746294,5267.882317699698,52825.32832644599,47557.446008746294,47557.445961188845,36973.78805809967,1652.2304240633512,lexicographic,4.755744596118885e-05,3.6973788021125885e-05,False,0.33198880000054487,0.0,1,0
2025-08-13,False,2,1.0,10,0.9,0,calibrated_quantile,2025-07-16;2025-07-17;2025-07-18;2025-07-21;2025-07-22;2025-07-23;2025-07-24;2025-07-25;2025-07-28;2025-07-29;2025-07-30;2025-07-31;2025-08-01;2025-08-04;2025-08-05;2025-08-06;2025-08-07;2025-08-08;2025-08-11;2025-08-12,20,4986.843312735224,2025-08-06;2025-07-23,2025-08-06;2025-07-23;2025-08-07;2025-07-16;2025-07-24;2025-07-31;2025-07-30;2025-08-12;2025-07-09;2025-08-05,,2025-08-12,4993.686021124053,6203.252683854682,6193.686021124053,27.05292876157406,34.75825722945625,21.636035694565393,42.303353295096905,78210.28089767041,479.6586975105324,8609.651269748718,49300.42178817276,1884.3196571718224,51184.74144534458,49300.42178817276,49300.421738872355,37808.25819709197,1638.2125,lexicographic,4.930042173887236e-05,3.7808258197091794e-05,False,0.35651639999923646,2.951681692591479e-16,1,0
2025-08-14,False,2,1.0,10,0.9,0,calibrated_quantile,2025-07-17;2025-07-18;2025-07-21;2025-07-22;2025-07-23;2025-07-24;2025-07-25;2025-07-28;2025-07-29;2025-07-30;2025-07-31;2025-08-01;2025-08-04;2025-08-05;2025-08-06;2025-08-07;2025-08-08;2025-08-11;2025-08-12;2025-08-13,20,4962.967967388378,2025-08-07;2025-07-17,2025-08-07;2025-07-17;2025-07-24;2025-07-31;2025-08-13;2025-07-10;2025-08-06;2025-07-23;2025-08-08;2025-07-03,,2025-08-13,4984.119358393425,6193.686021124053,6184.119358393425,29.72316568287037,38.51402488087307,30.186373042231,47.963830340312505,76752.98388044113,773.7528783307757,7641.497451597475,48366.989824317265,3476.962552969625,51843.95237728689,48366.989824317265,48366.989775950264,37804.82346877643,1639.9988082706823,lexicographic,4.8366989775950264e-05,3.780482343097161e-05,False,0.23470159999851603,0.0,1,0
2025-08-15,False,2,1.0,10,0.9,0,calibrated_quantile,2025-07-18;2025-07-21;2025-07-22;2025-07-23;2025-07-24;2025-07-25;2025-07-28;2025-07-29;2025-07-30;2025-07-31;2025-08-01;2025-08-04;2025-08-05;2025-08-06;2025-08-07;2025-08-08;2025-08-11;2025-08-12;2025-08-13;2025-08-14,20,5080.492349204884,2025-08-08;2025-07-25,2025-08-08;2025-07-25;2025-07-18;2025-08-01;2025-07-11;2025-08-07;2025-08-14;2025-07-24;2025-07-31;2025-07-17,,2025-08-14,4971.45329546822,6184.119358393425,6171.45329546822,25.672990972222223,32.35630288035118,24.832042735513497,43.55386741203687,41502.68709971834,338.842352168404,21617.006329476142,24375.902262628588,1152.067342353906,25527.969604982492,24375.902262628588,24375.902238252685,29316.211084185437,1474.8896368073335,lexicographic,2.4375902238252686e-05,2.9316211084185435e-05,False,0.28311369999937597,0.0,1,0
2025-08-16,False,2,1.0,10,0.9,0,calibrated_quantile,2025-07-19;2025-07-20;2025-07-26;2025-07-27;2025-08-02;2025-08-03;2025-08-09;2025-08-10,8,2809.4732863258077,2025-08-09;2025-08-02,2025-08-09;2025-08-02;2025-07-26;2025-07-05;2025-07-19;2025-07-12;2025-08-10;2025-08-03;2025-07-20;2025-06-28,,2025-08-15,4958.787232543016,6171.45329546822,6158.787232543016,25.41758981481481,32.37611929299455,26.367034725429136,51.6832776239505,40611.57121046612,734.7110389874517,21354.879590327175,23672.95953528474,3376.7033650519907,27049.66290033673,23672.95953528474,23672.959511611785,29290.73822430252,1453.3601552489233,lexicographic,2.3672959511611786e-05,2.929073822430252e-05,False,0.22108899999875575,0.0,1,0
2025-08-17,False,2,1.0,10,0.9,0,calibrated_quantile,2025-07-20;2025-07-26;2025-07-27;2025-08-02;2025-08-03;2025-08-09;2025-08-10;2025-08-16,8,2938.2048065800504,2025-08-10;2025-08-03,2025-08-10;2025-08-03;2025-07-20;2025-07-13;2025-07-27;2025-07-06;2025-06-22;2025-08-16;2025-08-09;2025-08-02,,2025-08-16,4946.121169617812,6158.787232543016,6146.121169617812,29.31008136574075,36.211056597211325,30.061569845743755,50.68923622302265,72127.57944391102,1203.24026420354,6419.474725390738,45830.58686096102,5416.1513255728605,51246.73818653388,45830.58686096102,45830.586815273804,35805.10992541477,1654.9258333333332,lexicographic,4.583058681527381e-05,3.580510988960965e-05,False,0.3423975000005157,0.0,1,0
2025-08-18,False,2,1.0,10,0.9,0,calibrated_quantile,2025-07-21;2025-07-22;2025-07-23;2025-07-24;2025-07-25;2025-07-28;2025-07-29;2025-07-30;2025-07-31;2025-08-01;2025-08-04;2025-08-05;2025-08-06;2025-08-07;2025-08-08;2025-08-11;2025-08-12;2025-08-13;2025-08-14;2025-08-15,20,4662.057101794566,2025-08-11;2025-08-04,2025-08-11;2025-08-04;2025-07-14;2025-07-28;2025-08-12;2025-08-05;2025-07-21;2025-07-15;2025-07-22;2025-07-07,,2025-08-17,4933.455106692608,6146.121169617812,6133.455106692608,29.811278124999994,37.609894359434186,32.4149697780551,56.116199899542345,76165.24005055323,979.7570646218612,8865.869465384068,47991.130588710235,4095.0707848601014,52086.20137357034,47991.13058871023,47991.13054071909,37129.84575379187,1639.9873713504512,lexicographic,4.799113054071909e-05,3.712984571666203e-05,False,0.3296857999994245,0.0,1,0
2025-08-19,False,2,1.0,10,0.9,0,calibrated_quantile,2025-07-22;2025-07-23;2025-07-24;2025-07-25;2025-07-28;2025-07-29;2025-07-30;2025-07-31;2025-08-01;2025-08-04;2025-08-05;2025-08-06;2025-08-07;2025-08-08;2025-08-11;2025-08-12;2025-08-13;2025-08-14;2025-08-15;2025-08-18,20,4507.819376549133,2025-08-05;2025-08-12,2025-08-05;2025-08-12;2025-08-18;2025-08-13;2025-08-11;2025-08-04;2025-07-22;2025-07-15;2025-08-06;2025-07-14,,2025-08-18,4922.712992871857,6133.455106692608,6122.712992871857,28.666213715277777,35.6798381473948,19.816472704430787,34.794015136830744,74271.52497066927,741.0118698816958,6873.86093519056,47013.5126878737,3050.1660669966695,50063.67875487037,47013.51268787369,47013.51264086016,36501.97106884047,1659.6628886111957,lexicographic,4.701351264086016e-05,3.650197103233849e-05,False,0.2500003999994078,0.0,1,0
2025-08-20,False,2,1.0,10,0.9,0,calibrated_quantile,2025-07-23;2025-07-24;2025-07-25;2025-07-28;2025-07-29;2025-07-30;2025-07-31;2025-08-01;2025-08-04;2025-08-05;2025-08-06;2025-08-07;2025-08-08;2025-08-11;2025-08-12;2025-08-13;2025-08-14;2025-08-15;2025-08-18;2025-08-19,20,4444.000303140509,2025-08-06;2025-08-13,2025-08-06;2025-08-13;2025-07-23;2025-08-07;2025-08-12;2025-07-16;2025-07-31;2025-07-24;2025-07-30;2025-08-14,,2025-08-19,4911.970879051105,6122.712992871857,6111.970879051105,30.81587737268518,37.06103506290982,44.54811452387197,73.00422796302598,75741.65860171978,2847.142780349216,4052.947670203553,47756.60702439946,11534.135548233056,59290.74257263252,47756.60702439946,47756.60697664285,37113.05364572187,1625.5211631898096,lexicographic,4.775660697664285e-05,3.7113053608608806e-05,False,0.21764089999851421,0.0,1,0
2025-08-21,False,2,1.0,10,0.9,0,calibrated_quantile,2025-07-24;2025-07-25;2025-07-28;2025-07-29;2025-07-30;2025-07-31;2025-08-01;2025-08-04;2025-08-05;2025-08-06;2025-08-07;2025-08-08;2025-08-11;2025-08-12;2025-08-13;2025-08-14;2025-08-15;2025-08-18;2025-08-19;2025-08-20,20,4757.054394718959,2025-08-07;2025-07-31,2025-08-07;2025-07-31;2025-07-24;2025-08-14;2025-08-13;2025-08-20;2025-08-06;2025-08-15;2025-07-23;2025-07-30,,2025-08-20,4946.121169617812,6111.970879051105,6146.121169617812,26.981402256944452,34.45705253006969,27.82695434108304,48.223765147621506,77569.03639538345,675.659902926055,8244.792660620593,48829.91963739894,2630.2176379680795,51460.13727536702,48829.919637398925,48829.91958856899,39262.93477033428,1657.9133933747135,lexicographic,4.882991958856899e-05,3.9262934731071344e-05,False,0.17955000000074506,1.4900613549006777e-16,1,0
2025-08-22,False,2,1.0,10,0.9,0,calibrated_quantile,2025-07-25;2025-07-28;2025-07-29;2025-07-30;2025-07-31;2025-08-01;2025-08-04;2025-08-05;2025-08-06;2025-08-07;2025-08-08;2025-08-11;2025-08-12;2025-08-13;2025-08-14;2025-08-15;2025-08-18;2025-08-19;2025-08-20;2025-08-21,20,4639.168897368092,2025-08-15;2025-08-08,2025-08-15;2025-08-08;2025-07-25;2025-07-18;2025-08-01;2025-08-21;2025-08-07;2025-07-11;2025-07-31;2025-08-14,,2025-08-21,4933.455106692608,6146.121169617812,6133.455106692608,26.91294068287037,33.642542926007444,28.54091295288397,47.3899606247662,41062.97090511757,1919.0679922220943,18694.695098115022,24000.9061318459,7723.914736376213,31724.820868222112,24000.9061318459,24000.906107845,29239.7925045367,1447.249372008881,lexicographic,2.4000906107845e-05,2.9239792504536705e-05,False,0.19575219999751425,0.0,1,0
2025-08-23,False,2,1.0,10,0.9,0,calibrated_quantile,2025-07-26;2025-07-27;2025-08-02;2025-08-03;2025-08-09;2025-08-10;2025-08-16;2025-08-17,8,3103.6166248891245,2025-08-16;2025-08-02,2025-08-16;2025-08-02;2025-08-09;2025-07-26;2025-07-05;2025-07-19;2025-07-12;2025-08-10;2025-08-03;2025-08-17,,2025-08-22,4922.712992871857,6133.455106692608,6122.712992871857,23.59269317129629,30.61230972952016,34.61375743438865,64.84417949710476,41176.48074185912,1135.4558498462377,16725.692277642815,24055.222871678183,4656.2287055518245,28711.451577230007,24055.222871678183,24055.222847622954,29216.457272792446,1455.7162934862768,lexicographic,2.4055222847622956e-05,2.921645724357599e-05,False,0.16388820000065607,0.0,1,0
2025-08-24,False,2,1.0,10,0.9,0,calibrated_quantile,2025-07-27;2025-08-02;2025-08-03;2025-08-09;2025-08-10;2025-08-16;2025-08-17;2025-08-23,8,3568.1876729681235,2025-08-10;2025-08-17,2025-08-10;2025-08-17;2025-08-03;2025-07-20;2025-07-27;2025-07-13;2025-07-06;2025-06-22;2025-06-29;2025-08-23,,2025-08-23,4958.787232543016,6122.712992871857,6158.787232543016,29.063375752314812,36.44855033597245,40.758323803765215,71.3391934209913,74045.0566594339,1523.2340952388754,7920.866475881558,46776.80021250346,6388.375898175731,53165.1761106792,46776.80021250347,46776.800165726665,36942.670254582525,1646.39536887941,lexicographic,4.677680016572667e-05,3.694267021763985e-05,False,0.22274689999903785,0.0,1,0
2025-08-25,False,2,1.0,10,0.9,0,calibrated_quantile,2025-07-28;2025-07-29;2025-07-30;2025-07-31;2025-08-01;2025-08-04;2025-08-05;2025-08-06;2025-08-07;2025-08-08;2025-08-11;2025-08-12;2025-08-13;2025-08-14;2025-08-15;2025-08-18;2025-08-19;2025-08-20;2025-08-21;2025-08-22,20,4894.484314761909,2025-08-18;2025-08-11,2025-08-18;2025-08-11;2025-08-04;2025-07-14;2025-08-12;2025-07-28;2025-08-19;2025-08-05;2025-07-21;2025-07-15,,2025-08-24,4946.121169617812,6158.787232543016,6146.121169617812,23.71297002314816,30.210807157915248,51.357079574268205,80.9360903775855,74239.72895146489,3963.830580467427,3547.8163228976073,47111.782137053524,15210.374850506289,62322.156987559814,47111.782137053524,47111.782089941735,37107.40327079755,1620.6388822612225,lexicographic,4.7111782089941735e-05,3.710740323369015e-05,False,0.3885269000020344,0.0,1,0
2025-08-26,False,2,1.0,10,0.9,0,calibrated_quantile,2025-07-29;2025-07-30;2025-07-31;2025-08-01;2025-08-04;2025-08-05;2025-08-06;2025-08-07;2025-08-08;2025-08-11;2025-08-12;2025-08-13;2025-08-14;2025-08-15;2025-08-18;2025-08-19;2025-08-20;2025-08-21;2025-08-22;2025-08-25,20,4810.396176792274,2025-08-12;2025-07-22,2025-08-12;2025-07-22;2025-07-29;2025-07-15;2025-08-20;2025-08-05;2025-08-13;2025-07-08;2025-08-06;2025-07-28,,2025-08-25,4984.119358393425,6146.121169617812,6184.119358393425,35.63637621527778,44.04937453026014,36.29807421091074,65.31995137958734,80116.925431585,492.94895128367847,10868.200301972007,50330.46606364337,2001.0936907617158,52331.55975440508,50330.46606364337,50330.46601331291,39773.010909439676,1657.1655749999998,lexicographic,5.033046601331291e-05,3.9773010869666665e-05,False,0.3573359999973036,0.0,1,0
2025-08-27,False,2,1.0,10,0.9,0,calibrated_quantile,2025-07-30;2025-07-31;2025-08-01;2025-08-04;2025-08-05;2025-08-06;2025-08-07;2025-08-08;2025-08-11;2025-08-12;2025-08-13;2025-08-14;2025-08-15;2025-08-18;2025-08-19;2025-08-20;2025-08-21;2025-08-22;2025-08-25;2025-08-26,20,4270.9484494220005,2025-08-20;2025-08-06,2025-08-20;2025-08-06;2025-08-13;2025-08-12;2025-08-07;2025-07-23;2025-08-21;2025-08-19;2025-08-14;2025-08-26,,2025-08-26,4971.45329546822,6184.119358393425,6171.45329546822,25.2170494212963,31.013481132153622,31.28996704732002,49.64126502449603,75237.47644117988,1243.6546560265094,4614.636337751594,47700.73533029306,5662.7344877550595,53363.469818048114,47700.73533029306,47700.73528426843,37771.289364273,1618.5430166666647,lexicographic,4.770073528426843e-05,3.7771289326501716e-05,False,0.35799059999772,1.5253344777230335e-16,1,0
2025-08-28,False,2,1.0,10,0.9,0,calibrated_quantile,2025-07-31;2025-08-01;2025-08-04;2025-08-05;2025-08-06;2025-08-07;2025-08-08;2025-08-11;2025-08-12;2025-08-13;2025-08-14;2025-08-15;2025-08-18;2025-08-19;2025-08-20;2025-08-21;2025-08-22;2025-08-25;2025-08-26;2025-08-27,20,4449.192860503743,2025-08-21;2025-08-07,2025-08-21;2025-08-07;2025-07-31;2025-08-20;2025-08-27;2025-07-24;2025-08-13;2025-08-06;2025-08-14;2025-08-22,,2025-08-27,4958.787232543016,6171.45329546822,6158.787232543016,31.508760648148154,38.67106451886882,35.274413623278946,73.50934828950689,76797.74358662189,3631.467969748256,5538.075457704737,48640.83965813901,14449.139846662867,63089.97950480188,48640.83965813902,48640.83960949817,39400.24385271797,1653.4883333333332,lexicographic,4.864083960949817e-05,3.940024381331773e-05,False,0.37819020000097225,0.0,1,0
2025-08-29,False,2,1.0,10,0.9,0,calibrated_quantile,2025-08-01;2025-08-04;2025-08-05;2025-08-06;2025-08-07;2025-08-08;2025-08-11;2025-08-12;2025-08-13;2025-08-14;2025-08-15;2025-08-18;2025-08-19;2025-08-20;2025-08-21;2025-08-22;2025-08-25;2025-08-26;2025-08-27;2025-08-28,20,4403.850666481547,2025-08-22;2025-08-15,2025-08-22;2025-08-15;2025-07-25;2025-08-01;2025-08-08;2025-08-21;2025-07-18;2025-08-28;2025-08-07;2025-07-31,,2025-08-28,4993.686021124053,6158.787232543016,6193.686021124053,27.613400115740735,33.41137017515402,29.139941696184994,45.561849088477096,42135.428511500126,830.62041313992,17298.53040398172,24860.43652007331,3530.7949565798176,28391.231476653127,24860.436520073312,24860.43649521289,29318.115102345786,1459.9269603917912,lexicographic,2.486043649521289e-05,2.9318115073027668e-05,False,0.22060439999768278,0.0,1,0
2025-08-30,False,2,1.0,10,0.9,0,calibrated_quantile,2025-08-02;2025-08-03;2025-08-09;2025-08-10;2025-08-16;2025-08-17;2025-08-23;2025-08-24,8,3546.8502873150114,2025-08-23;2025-08-16,2025-08-23;2025-08-16;2025-07-26;2025-08-02;2025-08-09;2025-07-19;2025-07-05;2025-07-12;2025-06-28;2025-08-24,,2025-08-29,4984.119358393425,6193.686021124053,6184.119358393425,27.978586979166664,34.70718956209482,31.30636464399901,55.8088966035726,41518.155621942155,1212.4549884120888,21147.631131150974,24386.61248548292,4629.393455053147,29016.005940536066,24386.612485482925,24386.61246109632,29338.89448389323,1472.9983603324695,lexicographic,2.438661246109632e-05,2.9338894483893228e-05,False,0.24990560000151163,0.0,1,0
2025-08-31,False,2,1.0,10,0.9,0,calibrated_quantile,2025-08-03;2025-08-09;2025-08-10;2025-08-16;2025-08-17;2025-08-23;2025-08-24;2025-08-30,8,4346.868092121895,2025-08-17;2025-08-24,2025-08-17;2025-08-24;2025-08-03;2025-08-10;2025-07-20;2025-07-27;2025-07-13;2025-07-06;2025-06-22;2025-08-23,,2025-08-30,4971.45329546822,6184.119358393425,6171.45329546822,27.935138888888886,35.560611147648686,31.543272760164225,51.59847608723217,73400.90150141485,2308.757863416925,5134.849759332086,46842.21063083041,8203.70329879027,55045.91392962068,46842.21063083041,46842.21058398818,37541.13957045514,1608.7375,lexicographic,4.684221058398818e-05,3.754113957045639e-05,False,0.34512480000194046,0.0,1,0
2025-09-01,False,4,0.95,10,0.95,0,calibrated_quantile,2025-08-04;2025-08-05;2025-08-06;2025-08-07;2025-08-08;2025-08-11;2025-08-12;2025-08-13;2025-08-14;2025-08-15;2025-08-18;2025-08-19;2025-08-20;2025-08-21;2025-08-22;2025-08-25;2025-08-26;2025-08-27;2025-08-28;2025-08-29,20,4720.166216166563,2025-08-18;2025-07-28;2025-08-11;2025-08-25,2025-08-18;2025-07-28;2025-08-11;2025-08-25;2025-08-26;2025-08-04;2025-08-12;2025-07-21;2025-07-14;2025-07-22,,2025-08-31,4958.787232543016,6171.45329546822,6158.787232543016,99.73375570713284,110.66912000627971,32.34907636391237,50.731430846655165,76294.42333530929,334.49198187960747,19032.384758343098,48371.4044151564,1081.3094088023424,49452.713823958744,48371.4044151564,48371.404366785,38438.60904969966,1626.7697135106275,lexicographic,4.8371404366785e-05,3.843860901126106e-05,False,0.2674168000012287,0.0,1,0
2025-09-02,False,4,0.95,10,0.95,0,calibrated_quantile,2025-08-05;2025-08-06;2025-08-07;2025-08-08;2025-08-11;2025-08-12;2025-08-13;2025-08-14;2025-08-15;2025-08-18;2025-08-19;2025-08-20;2025-08-21;2025-08-22;2025-08-25;2025-08-26;2025-08-27;2025-08-28;2025-08-29;2025-09-01,20,4768.66182166657,2025-06-24;2025-07-01;2025-09-01;2025-08-26,2025-06-24;2025-07-01;2025-09-01;2025-08-26;2025-05-27;2025-06-17;2025-05-13;2025-06-03;2025-06-30;2025-08-12,,2025-09-01,4946.121169617812,6158.787232543016,6146.121169617812,41.75366820905225,50.66660792160531,29.12450050361728,46.7278807033105,68123.42179058092,318.9313344623022,10610.585956464249,42664.04285867189,1446.2389192115274,44110.28177788342,42664.04285867189,42664.042816007845,36072.417894175276,1551.5824944439591,lexicographic,4.266404281600785e-05,3.6072417858102865e-05,False,0.34572929999922053,0.0,1,0
2025-09-03,False,4,0.95,10,0.95,0,calibrated_quantile,2025-08-06;2025-08-07;2025-08-08;2025-08-11;2025-08-12;2025-08-13;2025-08-14;2025-08-15;2025-08-18;2025-08-19;2025-08-20;2025-08-21;2025-08-22;2025-08-25;2025-08-26;2025-08-27;2025-08-28;2025-08-29;2025-09-01;2025-09-02,20,4922.197753314671,2025-09-02;2025-08-20;2025-08-27;2025-05-28,2025-09-02;2025-08-20;2025-08-27;2025-05-28;2025-08-28;2025-08-06;2025-05-29;2025-05-21;2025-08-26;2025-05-22,,2025-09-02,4933.455106692608,6146.121169617812,6133.455106692608,51.72503276414804,60.15885124146209,33.02382432407163,53.82659956853071,71251.0767486195,61.59880887193674,11655.127931979892,44673.16469669019,234.77193914332284,44907.93663583351,44673.16469669019,44673.164652017025,39271.53627863823,1542.0324217048178,lexicographic,4.467316465201703e-05,3.927153623936671e-05,False,0.31891320000067935,0.0,1,0
2025-09-04,False,4,0.95,10,0.95,0,calibrated_quantile,2025-08-07;2025-08-08;2025-08-11;2025-08-12;2025-08-13;2025-08-14;2025-08-15;2025-08-18;2025-08-19;2025-08-20;2025-08-21;2025-08-22;2025-08-25;2025-08-26;2025-08-27;2025-08-28;2025-08-29;2025-09-01;2025-09-02;2025-09-03,20,4744.872720671927,2025-09-03;2025-08-28;2025-09-02;2025-05-29,2025-09-03;2025-08-28;2025-09-02;2025-05-29;2025-08-27;2025-08-20;2025-08-21;2025-05-22;2025-08-29;2025-06-27,,2025-09-03,4922.712992871857,6133.455106692608,6122.712992871857,32.97419872054266,42.09040130297396,35.28539725680654,66.63159639459987,67835.26476804116,297.4074119727504,10155.174135687605,42209.69132440364,1219.1927263486,43428.88405075224,42209.69132440364,42209.691282193955,38701.75589267349,1530.8240702518938,lexicographic,4.220969128219396e-05,3.870175585397174e-05,False,0.44485989999884623,0.0,1,0
2025-09-05,False,4,0.95,10,0.95,0,calibrated_quantile,2025-08-08;2025-08-11;2025-08-12;2025-08-13;2025-08-14;2025-08-15;2025-08-18;2025-08-19;2025-08-20;2025-08-21;2025-08-22;2025-08-25;2025-08-26;2025-08-27;2025-08-28;2025-08-29;2025-09-01;2025-09-02;2025-09-03;2025-09-04,20,4707.281263845494,2025-09-04;2025-09-03;2025-05-30;2025-06-27,2025-09-04;2025-09-03;2025-05-30;2025-06-27;2025-08-29;2025-09-02;2025-08-28;2025-05-23;2025-05-16;2025-08-22,,2025-09-04,4911.970879051105,6122.712992871857,6111.970879051105,314.84842268809814,344.86717240129036,24.403719632612667,44.78999184436145,62643.364991840295,0.0,51900.06743729225,38950.527732067974,0.0,38950.527732067974,38950.527732067974,38950.52769311744,37435.740852329756,1496.0091427163377,lexicographic,3.895052769311744e-05,3.7435740814894024e-05,False,0.2599375999998301,0.0,1,0
2025-09-06,False,4,0.95,10,0.95,0,calibrated_quantile,2025-08-09;2025-08-10;2025-08-16;2025-08-17;2025-08-23;2025-08-24;2025-08-30;2025-08-31,8,5780.435727928592,2025-06-28;2025-08-30;2025-05-31;2025-05-24,2025-06-28;2025-08-30;2025-05-31;2025-05-24;2025-05-17;2025-05-10;2025-06-21;2025-08-16;2025-04-26;2025-08-09,,2025-09-05,4901.228765230353,6111.970879051105,6101.228765230353,92.33640659687019,105.74214842021703,51.24893348214539,82.39048579965298,41195.41825368114,282.90598952769244,30705.537928543326,24194.122813117006,1178.123771915486,25372.24658503249,24194.12281311701,24194.122788922883,29173.250196957495,1493.367963154751,lexicographic,2.4194122788922885e-05,2.9173250196957495e-05,False,0.26364269999976386,0.0,1,0
2025-09-07,False,4,0.95,10,0.95,0,calibrated_quantile,2025-08-10;2025-08-16;2025-08-17;2025-08-23;2025-08-24;2025-08-30;2025-08-31;2025-09-06,8,6532.31946093314,2025-06-29;2025-08-24;2025-06-22;2025-06-01,2025-06-29;2025-08-24;2025-06-22;2025-06-01;2025-08-17;2025-08-31;2025-05-25;2025-08-10;2025-09-06;2025-05-04,,2025-09-06,4890.486651409602,6101.228765230353,6090.486651409602,95.58279311833431,109.04376369068525,24.849684585378004,48.908749503921506,75975.65016211002,412.01026630703984,17318.9782441941,48267.75830654694,1334.8926099100092,49602.65091645694,48267.75830654694,48267.75825827918,39233.00111660127,1618.590732708956,lexicographic,4.826775825827918e-05,3.9233001077368286e-05,False,0.30736439999964205,0.0,1,0
2025-09-08,False,4,0.95,10,0.95,0,calibrated_quantile,2025-08-11;2025-08-12;2025-08-13;2025-08-14;2025-08-15;2025-08-18;2025-08-19;2025-08-20;2025-08-21;2025-08-22;2025-08-25;2025-08-26;2025-08-27;2025-08-28;2025-08-29;2025-09-01;2025-09-02;2025-09-03;2025-09-04;2025-09-05,20,4601.295565327071,2025-09-02;2025-09-01;2025-06-30;2025-08-25,2025-09-02;2025-09-01;2025-06-30;2025-08-25;2025-06-23;2025-08-18;2025-08-26;2025-05-26;2025-08-11;2025-09-03,,2025-09-07,4882.135605842221,6090.486651409602,6082.135605842221,29.256305193922728,36.05077835108592,38.13939490123509,66.55751026045378,65847.13046455936,1889.6313012041096,4452.632343266514,41114.01047563031,8037.742508528094,49151.752984158404,41114.01047563032,41114.0104345163,37122.76463898659,1504.7568068587782,lexicographic,4.11140104345163e-05,3.712276460186382e-05,False,0.2637754999996105,1.7697027211130606e-16,1,0
2025-09-09,False,4,0.95,10,0.95,0,calibrated_quantile,2025-08-12;2025-08-13;2025-08-14;2025-08-15;2025-08-18;2025-08-19;2025-08-20;2025-08-21;2025-08-22;2025-08-25;2025-08-26;2025-08-27;2025-08-28;2025-08-29;2025-09-01;2025-09-02;2025-09-03;2025-09-04;2025-09-05;2025-09-08,20,4981.609306000534,2025-09-02;2025-09-03;2025-09-08;2025-09-04,2025-09-02;2025-09-03;2025-09-08;2025-09-04;2025-08-26;2025-09-01;2025-07-01;2025-06-24;2025-09-05;2025-06-03,,2025-09-08,4889.994208691381,6082.135605842221,6089.994208691381,18.925299163642517,23.78299333828123,31.68496906583933,55.89048183741991,63837.98478915212,535.6298631275987,7383.834680106418,39690.732053793385,2145.3165182039593,41836.048571997344,39690.732053793385,39690.73201410265,36953.822325465946,1476.2319577182725,lexicographic,3.9690732014102655e-05,3.695382228851213e-05,False,0.30114859999957844,0.0,1,0
2025-09-10,False,4,0.95,10,0.95,0,calibrated_quantile,2025-08-13;2025-08-14;2025-08-15;2025-08-18;2025-08-19;2025-08-20;2025-08-21;2025-08-22;2025-08-25;2025-08-26;2025-08-27;2025-08-28;2025-08-29;2025-09-01;2025-09-02;2025-09-03;2025-09-04;2025-09-05;2025-09-08;2025-09-09,20,4789.114575585319,2025-09-03;2025-09-04;2025-09-09;2025-09-02,2025-09-03;2025-09-04;2025-09-09;2025-09-02;2025-09-05;2025-08-27;2025-08-20;2025-05-28;2025-08-28;2025-08-06,,2025-09-09,4889.747987332271,6089.994208691381,6089.747987332271,20.324337113006248,26.091797634484156,47.29352775355856,82.44773408692214,63228.28436746217,4414.007734816383,2375.728598136734,39379.905214302285,18866.590917206708,58246.49613150899,39379.905214302285,39379.90517492237,37636.6609707531,1473.2808412921022,lexicographic,3.937990517492237e-05,3.763666093311644e-05,False,0.35319340000205557,0.0,1,0
2025-09-11,False,4,0.95,10,0.95,0,calibrated_quantile,2025-08-14;2025-08-15;2025-08-18;2025-08-19;2025-08-20;2025-08-21;2025-08-22;2025-08-25;2025-08-26;2025-08-27;2025-08-28;2025-08-29;2025-09-01;2025-09-02;2025-09-03;2025-09-04;2025-09-05;2025-09-08;2025-09-09;2025-09-10,20,5460.403749573037,2025-09-04;2025-09-03;2025-09-05;2025-09-10,2025-09-04;2025-09-03;2025-09-05;2025-09-10;2025-09-09;2025-09-02;2025-08-28;2025-05-29;2025-06-27;2025-05-22,,2025-09-10,4890.486651409602,6089.747987332271,6090.486651409602,75.87631043860405,86.44590732309952,26.345794654251147,51.13891940514524,53640.69665860028,5319.1186998374305,1766.432810477514,33097.83724916894,23879.969837032986,56977.80708620192,33097.83724916894,33097.83721607108,35214.618677028564,1443.4182121623592,lexicographic,3.309783721607108e-05,3.5214618641813936e-05,False,0.397317999999359,0.0,1,0
2025-09-12,False,4,0.95,10,0.95,0,calibrated_quantile,2025-08-15;2025-08-18;2025-08-19;2025-08-20;2025-08-21;2025-08-22;2025-08-25;2025-08-26;2025-08-27;2025-08-28;2025-08-29;2025-09-01;2025-09-02;2025-09-03;2025-09-04;2025-09-05;2025-09-08;2025-09-09;2025-09-10;2025-09-11,20,6251.887942443189,2025-09-05;2025-09-04;2025-09-11;2025-09-10,2025-09-05;2025-09-04;2025-09-11;2025-09-10;2025-09-03;2025-08-29;2025-08-28;2025-05-30;2025-08-22;2025-09-09,,2025-09-11,4922.712992871857,6090.486651409602,6122.712992871857,245.57315555727408,270.83354284479736,22.17593141701765,36.874327774284914,55187.88065648445,0.0,39796.7851152653,34099.027580220645,0.0,34099.027580220645,34099.027580220645,34099.027546121615,36270.4094367084,1433.4086278481109,lexicographic,3.409902754612162e-05,3.627040940043799e-05,False,0.24365250000118976,0.0,1,0
2025-09-13,False,4,0.95,10,0.95,0,calibrated_quantile,2025-08-16;2025-08-17;2025-08-23;2025-08-24;2025-08-30;2025-08-31;2025-09-06;2025-09-07,8,6334.86679390839,2025-09-06;2025-06-28;2025-08-30;2025-05-24,2025-09-06;2025-06-28;2025-08-30;2025-05-24;2025-05-31;2025-06-21;2025-05-10;2025-05-17;2025-09-07;2025-06-14,,2025-09-12,4911.970879051105,6122.712992871857,6111.970879051105,45.26454554378564,54.20101170342242,37.89455296271309,60.90014462110919,36748.06105361103,329.82228146598914,26016.811457493794,20838.253764917226,1462.3754326527046,22300.62919756993,20838.25376491723,20838.253744078964,29194.85378141923,1373.3299947442872,lexicographic,2.0838253744078964e-05,2.9194853781419233e-05,False,0.2833152999992308,0.0,1,0
2025-09-14,False,4,0.95,10,0.95,0,calibrated_quantile,2025-08-17;2025-08-23;2025-08-24;2025-08-30;2025-08-31;2025-09-06;2025-09-07;2025-09-13,8,6082.813594900138,2025-09-07;2025-06-29;2025-05-25;2025-06-01,2025-09-07;2025-06-29;2025-05-25;2025-06-01;2025-06-22;2025-08-24;2025-09-06;2025-04-27;2025-08-17;2025-08-31,,2025-09-13,4901.228765230353,6111.970879051105,6101.228765230353,26.255762417131123,32.92697965274331,46.77986176498015,71.73726184490452,63236.95307175998,3416.6195443008155,2500.3852718266817,38963.188342597845,13396.909087197086,52360.09742979493,38963.188342597845,38963.18830363464,38720.14263390057,1477.5842432286458,lexicographic,3.896318830363464e-05,3.8720142595180444e-05,False,0.21002960000259918,0.0,1,0
2025-09-15,False,4,0.95,10,0.95,0,calibrated_quantile,2025-08-18;2025-08-19;2025-08-20;2025-08-21;2025-08-22;2025-08-25;2025-08-26;2025-08-27;2025-08-28;2025-08-29;2025-09-01;2025-09-02;2025-09-03;2025-09-04;2025-09-05;2025-09-08;2025-09-09;2025-09-10;2025-09-11;2025-09-12,20,6143.683561316384,2025-09-08;2025-09-09;2025-09-02;2025-09-01,2025-09-08;2025-09-09;2025-09-02;2025-09-01;2025-06-30;2025-06-23;2025-05-19;2025-05-26;2025-05-12;2025-09-03,,2025-09-14,4933.455106692608,6101.228765230353,6133.455106692608,21.441871397522327,26.711871912130295,38.00533659015071,66.07675996452033,65533.18221053321,893.1111707710163,7300.353592283017,40693.7731485689,3627.4385513105462,44321.211699879444,40693.7731485689,40693.77310787512,38361.14819559477,1473.116912284137,lexicographic,4.069377310787512e-05,3.836114815723363e-05,False,0.2703579000008176,0.0,1,0
2025-09-16,False,4,0.95,10,0.95,0,calibrated_quantile,2025-08-19;2025-08-20;2025-08-21;2025-08-22;2025-08-25;2025-08-26;2025-08-27;2025-08-28;2025-08-29;2025-09-01;2025-09-02;2025-09-03;2025-09-04;2025-09-05;2025-09-08;2025-09-09;2025-09-10;2025-09-11;2025-09-12;2025-09-15,20,6220.283455576135,2025-09-09;2025-09-02;2025-09-10;2025-09-03,2025-09-09;2025-09-02;2025-09-10;2025-09-03;2025-09-08;2025-09-15;2025-09-04;2025-09-11;2025-09-01;2025-09-12,,2025-09-15,4922.712992871857,6133.455106692608,6122.712992871857,20.704490129957144,25.270922380355838,23.67325754286746,43.53344311951698,66316.61925662993,1615.0925966770835,4325.217956664546,41309.10119445095,4458.8254860239085,45767.92668047486,41309.10119445095,41309.10115314184,39299.92677877314,1481.1038128874284,lexicographic,4.1309101153141846e-05,3.9299926739473225e-05,False,0.31739729999753763,0.0,1,0
2025-09-17,False,4,0.95,10,0.95,0,calibrated_quantile,2025-08-20;2025-08-21;2025-08-22;2025-08-25;2025-08-26;2025-08-27;2025-08-28;2025-08-29;2025-09-01;2025-09-02;2025-09-03;2025-09-04;2025-09-05;2025-09-08;2025-09-09;2025-09-10;2025-09-11;2025-09-12;2025-09-15;2025-09-16,20,6513.397440805618,2025-09-03;2025-09-11;2025-09-04;2025-09-10,2025-09-03;2025-09-11;2025-09-04;2025-09-10;2025-09-09;2025-09-02;2025-09-16;2025-09-05;2025-09-12;2025-08-20,,2025-09-16,4945.27472183784,6122.712992871857,6145.27472183784,18.380776131523913,24.0248166864465,32.06298006176808,56.53601974179706,66531.88522639783,1478.8951175274706,3928.9218722954965,41310.19235033012,6076.687961216083,47386.88031154621,41310.19235033012,41310.192309019934,39051.254829006284,1470.8498134863125,lexicographic,4.1310192309019935e-05,3.905125478995503e-05,False,0.2709928999975091,0.0,1,0
2025-09-18,False,4,0.95,10,0.95,0,calibrated_quantile,2025-08-21;2025-08-22;2025-08-25;2025-08-26;2025-08-27;2025-08-28;2025-08-29;2025-09-01;2025-09-02;2025-09-03;2025-09-04;2025-09-05;2025-09-08;2025-09-09;2025-09-10;2025-09-11;2025-09-12;2025-09-15;2025-09-16;2025-09-17,20,6458.838319263981,2025-09-11;2025-09-04;2025-09-17;2025-09-03,2025-09-11;2025-09-04;2025-09-17;2025-09-03;2025-09-10;2025-09-05;2025-09-12;2025-09-09;2025-09-16;2025-09-02,,2025-09-17,4963.850592335661,6145.27472183784,6163.850592335661,18.585612393539662,25.28579818689599,25.07668736797912,44.02172333935986,66953.53243315198,790.9242335334512,4674.744928316844,41525.34905254112,3640.7201012263013,45166.06915376742,41525.34905254112,41525.34901101575,39012.048202023216,1470.7916029027888,lexicographic,4.152534901101575e-05,3.901204816301117e-05,False,0.24704109999947832,0.0,1,0
2025-09-19,False,4,0.95,10,0.95,0,calibrated_quantile,2025-08-22;2025-08-25;2025-08-26;2025-08-27;2025-08-28;2025-08-29;2025-09-01;2025-09-02;2025-09-03;2025-09-04;2025-09-05;2025-09-08;2025-09-09;2025-09-10;2025-09-11;2025-09-12;2025-09-15;2025-09-16;2025-09-17;2025-09-18,20,6666.002455294934,2025-09-05;2025-09-12;2025-09-18;2025-09-04,2025-09-05;2025-09-12;2025-09-18;2025-09-04;2025-09-11;2025-09-03;2025-09-17;2025-09-10;2025-05-30;2025-06-27,,2025-09-18,4957.094336983073,6163.850592335661,6157.094336983073,172.72812661734133,190.60645034923692,32.464033373660584,53.1798800154428,48256.37306026292,0.0,28654.615241483694,29336.279922300728,0.0,29336.279922300728,29336.279922300728,29336.279892964445,33409.97483399149,1402.3046136067956,lexicographic,2.9336279892964445e-05,3.340997480058151e-05,False,0.2112526999990223,0.0,1,0
2025-09-20,False,4,0.95,10,0.95,0,calibrated_quantile,2025-08-23;2025-08-24;2025-08-30;2025-08-31;2025-09-06;2025-09-07;2025-09-13;2025-09-14,8,7702.5329468935515,2025-09-13;2025-09-06;2025-06-28;2025-06-21,2025-09-13;2025-09-06;2025-06-28;2025-06-21;2025-06-14;2025-08-30;2025-05-24;2025-05-10;2025-05-03;2025-05-31,,2025-09-19,4951.184529410457,6157.094336983073,6151.184529410457,22.262173166922942,28.659174413835995,57.676141170596935,87.36058527783148,33327.681558555174,1632.9238751019645,16248.57379982558,18284.75769039586,6904.818713110573,25189.576403506435,18284.75769039586,18284.7576721111,29269.36765017098,1324.4009484200838,lexicographic,1.82847576721111e-05,2.9269367620901623e-05,False,0.1549273999989964,0.0,1,0
2025-09-21,False,4,0.95,10,0.95,0,calibrated_quantile,2025-08-24;2025-08-30;2025-08-31;2025-09-06;2025-09-07;2025-09-13;2025-09-14;2025-09-20,8,8895.204119634152,2025-09-07;2025-09-14;2025-06-29;2025-06-22,2025-09-07;2025-09-14;2025-06-29;2025-06-22;2025-06-01;2025-08-24;2025-05-25;2025-05-18;2025-05-11;2025-09-13,,2025-09-20,4970.606847688248,6151.184529410457,6170.606847688248,19.57027732869915,24.22284350389192,29.779802334455503,54.71702922283454,68979.78490100792,1027.8298392280374,7596.085873312092,42956.20672265903,2908.806032593042,45865.01275525207,42956.20672265903,42956.206679702824,39102.919638941385,1500.672926954729,lexicographic,4.2956206679702825e-05,3.910291959983847e-05,False,0.4477995999986888,0.0,1,0
2025-09-22,False,4,0.95,10,0.95,0,calibrated_quantile,2025-08-25;2025-08-26;2025-08-27;2025-08-28;2025-08-29;2025-09-01;2025-09-02;2025-09-03;2025-09-04;2025-09-05;2025-09-08;2025-09-09;2025-09-10;2025-09-11;2025-09-12;2025-09-15;2025-09-16;2025-09-17;2025-09-18;2025-09-19,20,6194.4726431313475,2025-09-15;2025-09-08;2025-09-09;2025-09-02,2025-09-15;2025-09-08;2025-09-09;2025-09-02;2025-09-16;2025-09-01;2025-06-30;2025-09-17;2025-05-19;2025-05-12,,2025-09-21,4963.850592335661,6170.606847688248,6163.850592335661,21.47072002681462,26.4204273875073,26.52501187555255,42.243293713433715,67153.36826476679,1263.3986027972928,3688.8813573056395,41722.701631255964,4370.854423867049,46093.556055123016,41722.701631255964,41722.701589533266,39253.989707205794,1475.1240793329825,lexicographic,4.1722701589533267e-05,3.925398966795181e-05,False,0.34107179999773507,0.0,1,0
2025-09-23,False,4,0.95,10,0.95,0,calibrated_quantile,2025-08-26;2025-08-27;2025-08-28;2025-08-29;2025-09-01;2025-09-02;2025-09-03;2025-09-04;2025-09-05;2025-09-08;2025-09-09;2025-09-10;2025-09-11;2025-09-12;2025-09-15;2025-09-16;2025-09-17;2025-09-18;2025-09-19;2025-09-22,20,5905.404179773026,2025-09-09;2025-09-02;2025-09-16;2025-09-17,2025-09-09;2025-09-02;2025-09-16;2025-09-17;2025-09-22;2025-09-15;2025-09-08;2025-09-03;2025-09-10;2025-09-11,,2025-09-22,4984.119358393425,6163.850592335661,6184.119358393425,19.876809568240983,26.636109869147532,30.97500323337434,52.4829069048281,67882.79787103867,1424.1777396399089,3055.9551859701432,42217.94810772597,6121.525122188648,48339.47322991462,42217.94810772597,42217.948065508026,39193.626231499744,1472.0943080651082,lexicographic,4.221794806550803e-05,3.919362619230612e-05,False,0.19220149999819114,0.0,1,0
2025-09-24,False,4,0.95,10,0.95,0,calibrated_quantile,2025-08-27;2025-08-28;2025-08-29;2025-09-01;2025-09-02;2025-09-03;2025-09-04;2025-09-05;2025-09-08;2025-09-09;2025-09-10;2025-09-11;2025-09-12;2025-09-15;2025-09-16;2025-09-17;2025-09-18;2025-09-19;2025-09-22;2025-09-23,20,6356.114568615351,2025-09-17;2025-09-03;2025-09-11;2025-09-18,2025-09-17;2025-09-03;2025-09-11;2025-09-18;2025-09-23;2025-09-10;2025-09-04;2025-09-09;2025-09-02;2025-09-16,,2025-09-23,5012.819346585311,6184.119358393425,6212.819346585311,20.484818086707744,25.65347709869738,28.58392869551292,48.2696540144595,68328.99446007903,1344.4872619306977,4471.8921499427015,42591.83474695449,3812.7435843788244,46404.578331333316,42591.8347469545,42591.83470436265,39151.47218787334,1463.3179110059143,lexicographic,4.259183470436265e-05,3.915147214872187e-05,False,0.24037200000020675,0.0,1,0
2025-09-25,False,4,0.95,10,0.95,0,calibrated_quantile,2025-08-28;2025-08-29;2025-09-01;2025-09-02;2025-09-03;2025-09-04;2025-09-05;2025-09-08;2025-09-09;2025-09-10;2025-09-11;2025-09-12;2025-09-15;2025-09-16;2025-09-17;2025-09-18;2025-09-19;2025-09-22;2025-09-23;2025-09-24,20,6536.010165575328,2025-09-11;2025-09-18;2025-09-04;2025-09-24,2025-09-11;2025-09-18;2025-09-04;2025-09-24;2025-09-17;2025-09-19;2025-09-03;2025-09-05;2025-09-10;2025-09-12,,2025-09-24,5035.168325327861,6212.819346585311,6235.168325327861,22.163333688517138,29.624278249819685,22.5230800667236,35.834217728223194,68971.1233658292,836.6014396050882,5372.924984883469,42971.136777224165,3264.2023478471815,46235.33912507135,42971.136777224165,42971.136734253,38839.984234002215,1463.0431163730154,lexicographic,4.2971136734253e-05,3.8839984195162236e-05,False,0.3384479000014835,0.0,1,0
2025-09-26,False,4,0.95,10,0.95,0,calibrated_quantile,2025-08-29;2025-09-01;2025-09-02;2025-09-03;2025-09-04;2025-09-05;2025-09-08;2025-09-09;2025-09-10;2025-09-11;2025-09-12;2025-09-15;2025-09-16;2025-09-17;2025-09-18;2025-09-19;2025-09-22;2025-09-23;2025-09-24;2025-09-25,20,6407.685298370736,2025-09-19;2025-09-05;2025-09-25;2025-09-11,2025-09-19;2025-09-05;2025-09-25;2025-09-11;2025-09-12;2025-09-18;2025-09-04;2025-09-24;2025-09-17;2025-09-03,,2025-09-25,5028.7771673218995,6235.168325327861,6228.7771673218995,188.8462283346422,206.37566981510346,40.86019224573004,68.57580922617764,50468.61084769784,0.0,29035.198299493724,30552.67635507376,0.0,30552.67635507376,30552.67635507376,30552.676324521097,35681.0529561062,1398.2185806999182,lexicographic,3.05526763245211e-05,3.5681052920425155e-05,False,0.391590899998846,0.0,1,0
2025-09-27,False,4,0.95,10,0.95,0,calibrated_quantile,2025-08-30;2025-08-31;2025-09-06;2025-09-07;2025-09-13;2025-09-14;2025-09-20;2025-09-21,8,9121.098379525833,2025-09-20;2025-09-13;2025-09-06;2025-06-28,2025-09-20;2025-09-13;2025-09-06;2025-06-28;2025-06-21;2025-06-14;2025-09-21;2025-05-03;2025-05-10;2025-05-24,,2025-09-26,5022.38600931594,6228.7771673218995,6222.38600931594,23.894584824021152,29.223443362862866,45.63491720530384,78.11667492999923,34878.15888550608,2071.799947919341,16067.460475281367,19416.89328417598,7553.371962367454,26970.265246543437,19416.89328417598,19416.893264759074,29412.994948165666,1315.903460551032,lexicographic,1.9416893264759075e-05,2.9412994918752682e-05,False,0.19098899999880814,0.0,1,0
2025-09-28,False,4,0.95,10,0.95,0,calibrated_quantile,2025-08-31;2025-09-06;2025-09-07;2025-09-13;2025-09-14;2025-09-20;2025-09-21;2025-09-27,8,9864.727974051251,2025-09-21;2025-09-07;2025-09-14;2025-06-29,2025-09-21;2025-09-07;2025-09-14;2025-06-29;2025-06-22;2025-06-01;2025-05-18;2025-05-11;2025-09-20;2025-08-24,,2025-09-27,5041.559483333822,6222.38600931594,6241.559483333822,19.935925801147068,25.04107788398996,38.99369692107533,60.02023063287655,72525.46453337542,556.5188793402024,5413.767918876134,45205.398478646144,2159.701027657473,47365.09950630362,45205.39847864614,45205.398433440736,39643.942099740125,1470.2770835033082,lexicographic,4.520539843344074e-05,3.9643942060096185e-05,False,0.22983290000047418,0.0,1,0
2025-09-29,False,4,0.95,10,0.95,0,calibrated_quantile,2025-09-01;2025-09-02;2025-09-03;2025-09-04;2025-09-05;2025-09-08;2025-09-09;2025-09-10;2025-09-11;2025-09-12;2025-09-15;2025-09-16;2025-09-17;2025-09-18;2025-09-19;2025-09-22;2025-09-23;2025-09-24;2025-09-25;2025-09-26,20,6126.840845002339,2025-09-15;2025-09-22;2025-09-08;2025-09-23,2025-09-15;2025-09-22;2025-09-08;2025-09-23;2025-09-09;2025-09-02;2025-09-16;2025-09-01;2025-06-30;2025-06-23,,2025-09-28,5065.702804582411,6241.559483333822,6265.702804582411,20.47701532553365,25.88079785349683,34.286757697234265,53.91479928761641,68415.4721674457,1539.0668336520757,3038.4902603649084,42634.726275483175,6159.092070333374,48793.81834581655,42634.72627548317,42634.72623284844,39364.139191995055,1468.1905539036138,lexicographic,4.263472623284845e-05,3.936413915263092e-05,False,0.2344941999981529,0.0,1,0
2025-09-30,False,4,0.95,10,0.95,0,calibrated_quantile,2025-09-02;2025-09-03;2025-09-04;2025-09-05;2025-09-08;2025-09-09;2025-09-10;2025-09-11;2025-09-12;2025-09-15;2025-09-16;2025-09-17;2025-09-18;2025-09-19;2025-09-22;2025-09-23;2025-09-24;2025-09-25;2025-09-26;2025-09-29,20,6688.222700398482,2025-09-23;2025-09-09;2025-09-02;2025-09-16,2025-09-23;2025-09-09;2025-09-02;2025-09-16;2025-09-24;2025-09-17;2025-09-22;2025-09-15;2025-09-29;2025-09-03,,2025-09-29,5117.2236550135995,6265.702804582411,6317.2236550135995,19.49089663727524,23.857788418709763,44.408566361385205,68.06128400733844,70690.10628690716,1740.514681060196,2827.4753809172225,44293.26674555637,7706.4563783694175,51999.72312392579,44293.26674555637,44293.26670126309,39341.15607430863,1479.528952196062,lexicographic,4.4293266701263095e-05,3.934115603496791e-05,False,0.4785507999986294,0.0,1,0
2025-10-01,False,2,1.0,10,0.8,0,calibrated_quantile,2025-09-03;2025-09-04;2025-09-05;2025-09-08;2025-09-09;2025-09-10;2025-09-11;2025-09-12;2025-09-15;2025-09-16;2025-09-17;2025-09-18;2025-09-19;2025-09-22;2025-09-23;2025-09-24;2025-09-25;2025-09-26;2025-09-29;2025-09-30,20,7275.54120976973,2025-09-24;2025-09-17,2025-09-24;2025-09-17;2025-09-18;2025-09-25;2025-09-03;2025-09-11;2025-09-30;2025-09-10;2025-09-23;2025-09-09,,2025-09-30,5218.529716579277,6317.2236550135995,6418.529716579277,33.702646585648154,45.441582227838396,68.8286452822248,123.03389374733932,74787.20825826957,65.97962294333882,20828.959088405325,46935.54336273548,143.19670705337825,47078.74006978886,46935.54336273548,46935.543315799936,40600.785414895814,1465.8078034358616,lexicographic,4.693554331579994e-05,4.0600785374295035e-05,False,0.19858579999709036,0.0,1,0
2025-10-02,False,2,1.0,10,0.8,0,calibrated_quantile,2025-09-04;2025-09-05;2025-09-08;2025-09-09;2025-09-10;2025-09-11;2025-09-12;2025-09-15;2025-09-16;2025-09-17;2025-09-18;2025-09-19;2025-09-22;2025-09-23;2025-09-24;2025-09-25;2025-09-26;2025-09-29;2025-09-30;2025-10-01,20,7285.7720938535,2025-09-04;2025-09-18,2025-09-04;2025-09-18;2025-09-10;2025-09-12;2025-09-25;2025-09-03;2025-09-11;2025-09-19;2025-09-05;2025-10-01,,2025-10-01,5184.761029390718,6418.529716579277,6384.761029390718,35.93666585648148,50.18592588826592,26.563620285830943,48.05955198245525,66793.1907462275,259.186984749104,11247.974801162309,42396.894121279736,818.0616566754267,43214.95577795516,42396.894121279736,42396.89407888284,39126.50262492952,1470.1233284762704,lexicographic,4.239689407888284e-05,3.912650258580301e-05,False,0.1627340999984881,0.0,1,0
2025-10-03,False,2,1.0,10,0.8,0,calibrated_quantile,2025-09-05;2025-09-08;2025-09-09;2025-09-10;2025-09-11;2025-09-12;2025-09-15;2025-09-16;2025-09-17;2025-09-18;2025-09-19;2025-09-22;2025-09-23;2025-09-24;2025-09-25;2025-09-26;2025-09-29;2025-09-30;2025-10-01;2025-10-02,20,7328.887246330669,2025-09-19;2025-09-12,2025-09-19;2025-09-12;2025-09-05;2025-09-26;2025-10-02;2025-09-18;2025-09-04;2025-09-25;2025-09-11;2025-09-10,,2025-10-02,5150.992342202159,6384.761029390718,6350.992342202159,36.02041452546296,48.86479611176224,18.403921933176832,35.6785441398805,35489.00177535687,142.80006749741295,24730.94157797019,19754.08324441546,667.2945068289621,20421.37775124442,19754.08324441546,19754.08322466138,29696.276417787383,1324.4652450177514,lexicographic,1.975408322466138e-05,2.969627641778738e-05,False,0.2958693000000494,0.0,1,0
2025-10-04,False,2,1.0,10,0.8,0,calibrated_quantile,2025-09-06;2025-09-07;2025-09-13;2025-09-14;2025-09-20;2025-09-21;2025-09-27;2025-09-28,8,10152.934603679969,2025-09-13;2025-09-06,2025-09-13;2025-09-06;2025-09-20;2025-09-27;2025-05-31;2025-05-24;2025-05-17;2025-09-21;2025-06-28;2025-09-14,,2025-10-03,5117.2236550135995,6350.992342202159,6317.2236550135995,34.69511174768518,46.18900694897306,24.176980177415366,42.69260971752791,36277.24873372702,61.021685247268124,20165.710373513713,20426.473113068874,186.5419168437568,20613.015029912633,20426.473113068874,20426.473092642398,29628.363762577457,1314.694265389393,lexicographic,2.04264730926424e-05,2.9628363732949096e-05,False,0.19165129999964847,0.0,1,0
2025-10-05,False,2,1.0,10,0.8,0,calibrated_quantile,2025-09-07;2025-09-13;2025-09-14;2025-09-20;2025-09-21;2025-09-27;2025-09-28;2025-10-04,8,9464.636492942485,2025-09-21;2025-09-28,2025-09-21;2025-09-28;2025-09-07;2025-09-14;2025-06-29;2025-06-01;2025-06-22;2025-05-11;2025-05-18;2025-04-06,,2025-10-04,5083.4549678250405,6317.2236550135995,6283.4549678250405,34.076346643518505,44.59377319843678,38.00744220980809,68.93670971994106,76258.44428128882,189.83647030523593,17487.809837092,47646.26907689235,410.9180786473599,48057.18715553971,47646.26907689235,47646.26902924609,40563.928744849734,1464.524343765072,lexicographic,4.7646269029246096e-05,4.056392870428581e-05,False,0.13049219999811612,0.0,1,0
2025-10-06,False,2,1.0,10,0.8,0,calibrated_quantile,2025-09-08;2025-09-09;2025-09-10;2025-09-11;2025-09-12;2025-09-15;2025-09-16;2025-09-17;2025-09-18;2025-09-19;2025-09-22;2025-09-23;2025-09-24;2025-09-25;2025-09-26;2025-09-29;2025-09-30;2025-10-01;2025-10-02;2025-10-03,20,7425.900866648457,2025-09-22;2025-09-15,2025-09-22;2025-09-15;2025-09-08;2025-09-29;2025-09-30;2025-09-09;2025-09-16;2025-09-23;2025-09-02;2025-09-01,,2025-10-05,5074.578886203726,6283.4549678250405,6274.578886203726,33.31538848379629,42.62830265394474,25.649587796870545,45.82056881556213,75117.80711198824,109.62677106718162,13207.469712230675,47248.80151262994,238.61814773483331,47487.41966036478,47248.80151262994,47248.80146538114,40922.02291374281,1487.3198134662157,lexicographic,4.724880146538114e-05,4.0922022913738085e-05,False,0.2920040999997582,0.0,1,0
2025-10-07,False,2,1.0,10,0.8,0,calibrated_quantile,2025-09-09;2025-09-10;2025-09-11;2025-09-12;2025-09-15;2025-09-16;2025-09-17;2025-09-18;2025-09-19;2025-09-22;2025-09-23;2025-09-24;2025-09-25;2025-09-26;2025-09-29;2025-09-30;2025-10-01;2025-10-02;2025-10-03;2025-10-06,20,7123.686216864769,2025-09-30;2025-09-23,2025-09-30;2025-09-23;2025-09-09;2025-09-02;2025-09-16;2025-09-24;2025-10-01;2025-10-06;2025-09-17;2025-09-22,,2025-10-06,5065.702804582411,6274.578886203726,6265.702804582411,34.4854789351852,47.16996464479839,17.12442346345712,30.625558529812558,71458.92166588441,103.72684146277501,9668.847687137948,45129.55441468624,228.54449989982976,45358.098914586066,45129.55441468624,45129.554369556674,39353.82842893217,1476.4551627180476,lexicographic,4.512955436955668e-05,3.935382838957835e-05,False,0.2089894999990065,0.0,1,0
2025-10-08,False,2,1.0,10,0.8,0,calibrated_quantile,2025-09-10;2025-09-11;2025-09-12;2025-09-15;2025-09-16;2025-09-17;2025-09-18;2025-09-19;2025-09-22;2025-09-23;2025-09-24;2025-09-25;2025-09-26;2025-09-29;2025-09-30;2025-10-01;2025-10-02;2025-10-03;2025-10-06;2025-10-07,20,6985.149133004974,2025-09-24;2025-10-01,2025-09-24;2025-10-01;2025-09-17;2025-09-25;2025-09-03;2025-10-07;2025-09-18;2025-09-11;2025-09-30;2025-09-23,,2025-10-07,5056.8267229610965,6265.702804582411,6256.8267229610965,20.935077314814812,26.562363496824656,21.43848161079305,42.265479249959895,69808.60558166428,202.3841763042136,9432.875694122422,43290.72472152702,449.5284411770598,43740.25316270408,43290.72472152702,43290.72467823631,39138.348662174074,1442.5074385332346,lexicographic,4.329072467823631e-05,3.913834862303572e-05,False,0.3718905000023369,0.0,1,0
2025-10-09,False,2,1.0,10,0.8,0,calibrated_quantile,2025-09-11;2025-09-12;2025-09-15;2025-09-16;2025-09-17;2025-09-18;2025-09-19;2025-09-22;2025-09-23;2025-09-24;2025-09-25;2025-09-26;2025-09-29;2025-09-30;2025-10-01;2025-10-02;2025-10-03;2025-10-06;2025-10-07;2025-10-08,20,6407.305741095783,2025-09-25;2025-09-18,2025-09-25;2025-09-18;2025-09-11;2025-10-08;2025-09-04;2025-10-01;2025-09-24;2025-09-17;2025-10-02;2025-09-26,,2025-10-08,5047.950641339782,6256.8267229610965,6247.950641339782,32.47064542824075,43.488627508777114,23.65008036638776,40.46720015990877,68866.45509593058,163.34455525964427,9225.403409554146,43395.50689252722,530.4600449371687,43925.96693746439,43395.50689252722,43395.506849131714,38612.45946024389,1476.7985495954085,lexicographic,4.3395506849131717e-05,3.861245942163144e-05,False,0.3109275999995589,0.0,1,0
2025-10-10,False,2,1.0,10,0.8,0,calibrated_quantile,2025-09-12;2025-09-15;2025-09-16;2025-09-17;2025-09-18;2025-09-19;2025-09-22;2025-09-23;2025-09-24;2025-09-25;2025-09-26;2025-09-29;2025-09-30;2025-10-01;2025-10-02;2025-10-03;2025-10-06;2025-10-07;2025-10-08;2025-10-09,20,5803.022578322081,2025-10-03;2025-09-19,2025-10-03;2025-09-19;2025-09-26;2025-09-12;2025-09-05;2025-10-09;2025-09-18;2025-10-02;2025-09-25;2025-09-04,,2025-10-09,5041.559483333822,6247.950641339782,6241.559483333822,21.65631527777777,27.069394392423753,19.985143346573423,36.4758563058388,33523.831304037485,206.32255187958978,21285.852101327015,17890.00159300688,514.7593891199161,18404.760982126798,17890.00159300688,17890.00157511688,29598.70790027407,1280.888762036285,lexicographic,1.789000157511688e-05,2.9598707900274068e-05,False,0.25376479999977164,0.0,1,0
2025-10-11,False,2,1.0,10,0.8,0,calibrated_quantile,2025-09-13;2025-09-14;2025-09-20;2025-09-21;2025-09-27;2025-09-28;2025-10-04;2025-10-05,8,9551.073615385641,2025-10-04;2025-09-13,2025-10-04;2025-09-13;2025-09-06;2025-09-20;2025-09-27;2025-05-31;2025-05-17;2025-04-12;2025-05-24;2025-09-14,,2025-10-10,5035.168325327861,6241.559483333822,6235.168325327861,23.223667997685183,30.844289059915262,23.015627904436883,39.46360545391784,35112.887138034115,71.44627834373358,17955.257000342237,19107.51386323489,185.44471781961772,19292.958581054507,19107.51386323489,19107.513844127378,29808.97269264124,1277.6767021397645,lexicographic,1.910751384412738e-05,2.980897266283227e-05,False,0.1801134000015736,0.0,1,0
2025-10-12,False,2,1.0,10,0.8,0,calibrated_quantile,2025-09-14;2025-09-20;2025-09-21;2025-09-27;2025-09-28;2025-10-04;2025-10-05;2025-10-11,8,9663.414094823398,2025-10-05;2025-09-28,2025-10-05;2025-09-28;2025-09-21;2025-09-07;2025-09-14;2025-06-29;2025-03-09;2025-04-06;2025-05-11;2025-05-18,,2025-10-11,5028.7771673218995,6235.168325327861,6228.7771673218995,20.353015798611107,25.81985541864826,23.971943066947105,39.90792185330862,70944.03058168679,50.16273960391767,8334.747041913226,43721.80401443764,108.65120303720069,43830.455217474846,43721.80401443764,43721.803970715824,39542.27115921414,1447.9336221291715,lexicographic,4.3721803970715824e-05,3.9542271119674124e-05,False,0.44441449999794713,0.0,1,0
2025-10-13,False,2,1.0,10,0.8,0,calibrated_quantile,2025-09-15;2025-09-16;2025-09-17;2025-09-18;2025-09-19;2025-09-22;2025-09-23;2025-09-24;2025-09-25;2025-09-26;2025-09-29;2025-09-30;2025-10-01;2025-10-02;2025-10-03;2025-10-06;2025-10-07;2025-10-08;2025-10-09;2025-10-10,20,5873.780752147901,2025-10-06;2025-09-29,2025-10-06;2025-09-29;2025-09-22;2025-09-15;2025-09-08;2025-10-07;2025-09-30;2025-09-23;2025-09-09;2025-09-02,,2025-10-12,5022.38600931594,6228.7771673218995,6222.38600931594,22.282774305555552,27.897660268749636,19.736871573044404,38.59984592846769,70130.5350297294,101.04734027410694,9095.725939442975,43517.586398746644,219.2215595505608,43736.807958297206,43517.586398746644,43517.58635522906,39199.04595118577,1455.3434181484258,lexicographic,4.3517586355229064e-05,3.919904591198673e-05,False,0.17064450000179932,0.0,1,0
2025-10-14,False,2,1.0,10,0.8,0,calibrated_quantile,2025-09-16;2025-09-17;2025-09-18;2025-09-19;2025-09-22;2025-09-23;2025-09-24;2025-09-25;2025-09-26;2025-09-29;2025-09-30;2025-10-01;2025-10-02;2025-10-03;2025-10-06;2025-10-07;2025-10-08;2025-10-09;2025-10-10;2025-10-13,20,5632.89526351405,2025-10-07;2025-09-30,2025-10-07;2025-09-30;2025-09-16;2025-09-09;2025-09-23;2025-10-08;2025-09-02;2025-10-06;2025-10-01;2025-09-24,,2025-10-13,5012.819346585311,6222.38600931594,6212.819346585311,20.28960590277777,26.081916737021036,25.121583394002357,40.68389033955715,68309.96385159122,573.3488755625509,4049.131591065865,42173.509160101356,2241.4242991383853,44414.93345923974,42173.509160101356,42173.50911792786,38770.82550737326,1454.603975995271,lexicographic,4.217350911792786e-05,3.877082546860324e-05,False,0.2662166000009165,0.0,1,0
2025-10-15,False,2,1.0,10,0.8,0,calibrated_quantile,2025-09-17;2025-09-18;2025-09-19;2025-09-22;2025-09-23;2025-09-24;2025-09-25;2025-09-26;2025-09-29;2025-09-30;2025-10-01;2025-10-02;2025-10-03;2025-10-06;2025-10-07;2025-10-08;2025-10-09;2025-10-10;2025-10-13;2025-10-14,20,5503.0824287734995,2025-10-08;2025-10-01,2025-10-08;2025-10-01;2025-09-24;2025-09-17;2025-10-09;2025-09-25;2025-10-07;2025-09-18;2025-09-30;2025-10-14,,2025-10-14,5003.252683854682,6212.819346585311,6203.252683854682,16.225728703703687,20.0460725525907,26.505217900721,51.60129362666231,67816.74730793486,1682.9319283881937,3510.391171015614,41587.61706408653,6820.445702132757,48408.062766219286,41587.61706408653,41587.617022498926,38855.72939274527,1424.5798342150122,lexicographic,4.158761702249893e-05,3.885572935388951e-05,False,0.267167400001199,0.0,1,0
2025-10-16,False,2,1.0,10,0.8,0,calibrated_quantile,2025-09-18;2025-09-19;2025-09-22;2025-09-23;2025-09-24;2025-09-25;2025-09-26;2025-09-29;2025-09-30;2025-10-01;2025-10-02;2025-10-03;2025-10-06;2025-10-07;2025-10-08;2025-10-09;2025-10-10;2025-10-13;2025-10-14;2025-10-15,20,5542.404491745006,2025-10-09;2025-09-25,2025-10-09;2025-09-25;2025-09-11;2025-10-15;2025-09-18;2025-10-08;2025-10-01;2025-09-24;2025-09-17;2025-09-26,,2025-10-15,4993.686021124053,6203.252683854682,6193.686021124053,22.672464872685183,29.405363213299545,27.351275603420305,50.10278714121507,71011.60754203581,1197.1611207431558,5111.095139110472,43996.938116234815,4718.893326137598,48715.831442372415,43996.938116234815,43996.93807223791,39445.75279607947,1454.6024568218609,lexicographic,4.399693807223791e-05,3.9445752756633725e-05,False,0.2023339000006672,0.0,1,0
2025-10-17,False,2,1.0,10,0.8,0,calibrated_quantile,2025-09-19;2025-09-22;2025-09-23;2025-09-24;2025-09-25;2025-09-26;2025-09-29;2025-09-30;2025-10-01;2025-10-02;2025-10-03;2025-10-06;2025-10-07;2025-10-08;2025-10-09;2025-10-10;2025-10-13;2025-10-14;2025-10-15;2025-10-16,20,5539.987326175231,2025-09-26;2025-10-10,2025-09-26;2025-10-10;2025-09-19;2025-10-16;2025-10-03;2025-09-25;2025-10-09;2025-09-05;2025-09-11;2025-09-18,,2025-10-16,4984.119358393425,6193.686021124053,6184.119358393425,19.251640162037035,24.627478071193934,18.897720544210927,36.81148401944166,34504.709443608896,192.70737292056236,15493.884387582108,18373.9789124503,607.0008731270852,18980.979785577387,18373.9789124503,18373.978894076317,30568.489084964083,1284.1922919087165,lexicographic,1.8373978894076317e-05,3.0568489084964086e-05,False,0.23426969999854919,0.0,1,0
2025-10-18,False,2,1.0,10,0.8,0,calibrated_quantile,2025-09-20;2025-09-21;2025-09-27;2025-09-28;2025-10-04;2025-10-05;2025-10-11;2025-10-12,8,8233.144698251268,2025-09-27;2025-09-20,2025-09-27;2025-09-20;2025-10-04;2025-09-13;2025-10-11;2025-09-06;2025-03-08;2025-03-15;2025-06-28;2025-03-22,,2025-10-17,4977.363103040836,6184.119358393425,6177.363103040836,33.520706770833335,44.25193204956144,27.70962394690163,47.557590767703395,36901.360001030174,235.03741546406974,17829.54637988644,20501.204051930916,867.7773715907276,21368.981423521644,20501.204051930916,20501.204031429705,30836.462227516433,1319.817669089556,lexicographic,2.0501204031429707e-05,3.083646219668025e-05,False,0.2563374000019394,0.0,1,0
2025-10-19,False,2,1.0,10,0.8,0,calibrated_quantile,2025-09-21;2025-09-27;2025-09-28;2025-10-04;2025-10-05;2025-10-11;2025-10-12;2025-10-18,8,6797.826574012607,2025-10-12;2025-10-05,2025-10-12;2025-10-05;2025-09-28;2025-09-21;2025-09-07;2025-09-14;2025-03-09;2025-03-02;2025-03-23;2025-06-29,,2025-10-18,4970.606847688248,6177.363103040836,6170.606847688248,16.90502841435184,20.313549513849217,42.447265092054096,74.91291462514535,68844.67679501345,2480.8190085826936,3296.3782524463472,41888.83755310075,10607.346277198825,52496.183830299575,41888.83755310075,41888.83751121191,39535.2960099078,1436.352847198593,lexicographic,4.1888837511211915e-05,3.953529597037251e-05,False,0.1805709999971441,0.0,1,0
2025-10-20,False,2,1.0,10,0.8,0,calibrated_quantile,2025-09-22;2025-09-23;2025-09-24;2025-09-25;2025-09-26;2025-09-29;2025-09-30;2025-10-01;2025-10-02;2025-10-03;2025-10-06;2025-10-07;2025-10-08;2025-10-09;2025-10-10;2025-10-13;2025-10-14;2025-10-15;2025-10-16;2025-10-17,20,5792.397144496561,2025-10-13;2025-09-29,2025-10-13;2025-09-29;2025-10-06;2025-09-22;2025-09-15;2025-09-08;2025-10-07;2025-09-30;2025-10-14;2025-09-23,,2025-10-19,4993.686021124053,6170.606847688248,6193.686021124053,20.656107754629623,26.019710179205333,37.67940705453765,64.09623748162612,70461.36666420948,1587.9731924683647,3446.9586984898187,43860.5149449062,6631.13024128269,50491.64518618889,43860.5149449062,43860.514901045666,39426.05947615372,1447.5233114161765,lexicographic,4.3860514901045666e-05,3.9426059436727667e-05,False,0.18265489999976126,0.0,1,0
2025-10-21,False,2,1.0,10,0.8,0,calibrated_quantile,2025-09-23;2025-09-24;2025-09-25;2025-09-26;2025-09-29;2025-09-30;2025-10-01;2025-10-02;2025-10-03;2025-10-06;2025-10-07;2025-10-08;2025-10-09;2025-10-10;2025-10-13;2025-10-14;2025-10-15;2025-10-16;2025-10-17;2025-10-20,20,5810.483483805989,2025-10-07;2025-09-30,2025-10-07;2025-09-30;2025-10-14;2025-09-23;2025-10-15;2025-10-20;2025-09-09;2025-10-08;2025-10-13;2025-10-01,,2025-10-20,5022.38600931594,6193.686021124053,6222.38600931594,22.186789467592593,27.689135810860453,29.837519862720733,53.3094263138845,73678.96836191247,1112.0045091052139,3964.331987048161,45731.05862661493,3418.2398710652187,49149.29849768015,45731.05862661493,45731.05858088389,41301.5146196812,1445.5952923504697,lexicographic,4.573105858088389e-05,4.1301514578379686e-05,False,0.19210820000080275,0.0,1,0
2025-10-22,False,2,1.0,10,0.8,0,calibrated_quantile,2025-09-24;2025-09-25;2025-09-26;2025-09-29;2025-09-30;2025-10-01;2025-10-02;2025-10-03;2025-10-06;2025-10-07;2025-10-08;2025-10-09;2025-10-10;2025-10-13;2025-10-14;2025-10-15;2025-10-16;2025-10-17;2025-10-20;2025-10-21,20,5817.393612105382,2025-10-15;2025-10-08,2025-10-15;2025-10-08;2025-10-16;2025-09-24;2025-10-01;2025-10-21;2025-09-17;2025-09-25;2025-10-07;2025-09-30,,2025-10-21,5041.559483333822,6222.38600931594,6241.559483333822,17.967881307870357,21.745023814487332,22.058576404714287,42.700052153556236,74373.3510791304,1077.8408857520963,5409.608324277839,45559.56320680153,5191.140519299389,50750.703726100925,45559.56320680153,45559.56316124197,42559.953206643295,1438.9922985083545,lexicographic,4.555956316124197e-05,4.255995316408335e-05,False,0.4107590000021446,0.0,1,0
2025-10-23,False,2,1.0,10,0.8,0,calibrated_quantile,2025-09-25;2025-09-26;2025-09-29;2025-09-30;2025-10-01;2025-10-02;2025-10-03;2025-10-06;2025-10-07;2025-10-08;2025-10-09;2025-10-10;2025-10-13;2025-10-14;2025-10-15;2025-10-16;2025-10-17;2025-10-20;2025-10-21;2025-10-22,20,5680.779773024218,2025-10-16;2025-10-22,2025-10-16;2025-10-22;2025-10-09;2025-09-25;2025-10-15;2025-10-17;2025-09-11;2025-10-08;2025-10-01;2025-09-18,,2025-10-22,5035.168325327861,6241.559483333822,6235.168325327861,18.463975115740727,23.247536491679504,17.96772320204948,35.16840942670486,73678.79592049093,452.2511020772341,6391.756790070386,45394.852827223905,1901.5548310161814,47296.40765824009,45394.852827223905,45394.85278182904,41593.31460472831,1444.7257727309188,lexicographic,4.539485278182904e-05,4.15933146047292e-05,False,0.2541927000020223,0.0,1,0
2025-10-24,False,2,1.0,10,0.8,0,calibrated_quantile,2025-09-26;2025-09-29;2025-09-30;2025-10-01;2025-10-02;2025-10-03;2025-10-06;2025-10-07;2025-10-08;2025-10-09;2025-10-10;2025-10-13;2025-10-14;2025-10-15;2025-10-16;2025-10-17;2025-10-20;2025-10-21;2025-10-22;2025-10-23,20,5537.527576958828,2025-10-17;2025-09-26,2025-10-17;2025-09-26;2025-10-10;2025-10-16;2025-10-23;2025-09-19;2025-10-03;2025-09-25;2025-10-09;2025-09-11,,2025-10-23,5028.7771673218995,6235.168325327861,6228.7771673218995,19.4272802662037,25.22787925870569,16.19491758961756,26.422351438138787,34358.21541682815,324.606731167631,13027.754074634611,18232.572755252026,1152.0027818743874,19384.575537126413,18232.572755252026,18232.572737019458,30878.34473698833,1274.67255670044,lexicographic,1.823257273701946e-05,3.087834470610999e-05,False,0.16476159999729134,0.0,1,0
2025-10-25,False,2,1.0,10,0.8,0,calibrated_quantile,2025-09-27;2025-09-28;2025-10-04;2025-10-05;2025-10-11;2025-10-12;2025-10-18;2025-10-19,8,7538.295667049984,2025-10-18;2025-09-27,2025-10-18;2025-09-27;2025-09-20;2025-10-04;2025-09-13;2025-10-11;2025-09-06;2025-03-08;2025-03-15;2025-03-22,,2025-10-24,5022.38600931594,6228.7771673218995,6222.38600931594,24.20341979166666,29.53549593965884,28.62148979472242,53.171157746595895,35642.17113680842,181.76296071584926,13206.687148661553,19236.80945970227,547.0497772815087,19783.859236983775,19236.809459702265,19236.80944046546,30723.988497467948,1290.6592272490575,lexicographic,1.923680944046546e-05,3.072398846674396e-05,False,0.21498849999989034,0.0,1,0
2025-10-26,False,2,1.0,10,0.8,0,calibrated_quantile,2025-09-28;2025-10-04;2025-10-05;2025-10-11;2025-10-12;2025-10-18;2025-10-19;2025-10-25,8,6248.506709340123,2025-10-19;2025-10-12,2025-10-19;2025-10-12;2025-10-05;2025-09-28;2025-09-21;2025-09-07;2025-09-14;2025-03-09;2025-03-02;2025-03-23,,2025-10-25,5012.819346585311,6222.38600931594,6212.819346585311,17.521161342592592,22.469094957023287,23.270096095459053,40.9796556813379,73203.85681804988,554.1371832204807,4818.747247279701,45170.039681446106,1676.939676460992,46846.9793579071,45170.03968144611,45170.03963627608,41958.16772353457,1434.6622806795049,lexicographic,4.517003963627608e-05,4.19581676815764e-05,False,0.368351299999631,0.0,1,0
2025-10-27,False,2,1.0,10,0.8,0,calibrated_quantile,2025-09-29;2025-09-30;2025-10-01;2025-10-02;2025-10-03;2025-10-06;2025-10-07;2025-10-08;2025-10-09;2025-10-10;2025-10-13;2025-10-14;2025-10-15;2025-10-16;2025-10-17;2025-10-20;2025-10-21;2025-10-22;2025-10-23;2025-10-24,20,5656.362060022842,2025-10-20;2025-10-13,2025-10-20;2025-10-13;2025-09-29;2025-10-06;2025-09-22;2025-10-21;2025-09-15;2025-10-07;2025-09-30;2025-09-23,,2025-10-26,5003.252683854682,6212.819346585311,6203.252683854682,15.686450289351834,19.445399466201934,36.86748683814346,66.85145899058038,74567.215603466,1092.449584417252,7685.128027504574,45945.462393744434,4186.334774008339,50131.797167752775,45945.462393744434,45945.462347798966,42215.575981757196,1465.808795201234,lexicographic,4.594546234779897e-05,4.2215575939541625e-05,False,0.39737529999911203,0.0,1,0
2025-10-28,False,2,1.0,10,0.8,0,calibrated_quantile,2025-09-30;2025-10-01;2025-10-02;2025-10-03;2025-10-06;2025-10-07;2025-10-08;2025-10-09;2025-10-10;2025-10-13;2025-10-14;2025-10-15;2025-10-16;2025-10-17;2025-10-20;2025-10-21;2025-10-22;2025-10-23;2025-10-24;2025-10-27,20,5396.723389083498,2025-10-14;2025-10-21,2025-10-14;2025-10-21;2025-10-07;2025-09-30;2025-09-23;2025-10-15;2025-09-09;2025-09-16;2025-10-20;2025-10-01,,2025-10-27,4993.686021124053,6203.252683854682,6193.686021124053,17.35790428240741,22.289674072043848,22.584308470615863,38.04489212176641,74422.47949784518,995.8834164679797,5023.064665329697,45691.69992448309,3906.588571544806,49598.2884960279,45691.699924483095,45691.69987894958,42224.35024513277,1479.2815494887814,lexicographic,4.569169987894958e-05,4.222435020290843e-05,False,0.34709859999929904,0.0,1,0
2025-10-29,False,2,1.0,10,0.8,0,calibrated_quantile,2025-10-01;2025-10-02;2025-10-03;2025-10-06;2025-10-07;2025-10-08;2025-10-09;2025-10-10;2025-10-13;2025-10-14;2025-10-15;2025-10-16;2025-10-17;2025-10-20;2025-10-21;2025-10-22;2025-10-23;2025-10-24;2025-10-27;2025-10-28,20,5097.357085221695,2025-10-22;2025-10-15,2025-10-22;2025-10-15;2025-10-08;2025-10-23;2025-10-01;2025-10-16;2025-09-24;2025-10-21;2025-10-09;2025-09-17,,2025-10-28,4984.119358393425,6193.686021124053,6184.119358393425,15.594403009259262,19.22788266071691,33.767472727085774,57.41598647033036,73777.711576378,1824.7213620870937,1903.6202059822035,45351.70862554818,7171.638446510965,52523.34707205914,45351.70862554818,45351.708580196464,41878.34858267978,1447.9532519951686,lexicographic,4.5351708580196464e-05,4.1878348582679155e-05,False,0.21664220000093337,0.0,1,0
2025-10-30,False,2,1.0,10,0.8,0,calibrated_quantile,2025-10-02;2025-10-03;2025-10-06;2025-10-07;2025-10-08;2025-10-09;2025-10-10;2025-10-13;2025-10-14;2025-10-15;2025-10-16;2025-10-17;2025-10-20;2025-10-21;2025-10-22;2025-10-23;2025-10-24;2025-10-27;2025-10-28;2025-10-29,20,5545.422996448951,2025-10-23;2025-10-16,2025-10-23;2025-10-16;2025-10-22;2025-10-29;2025-10-24;2025-10-09;2025-09-25;2025-10-17;2025-10-15;2025-10-08,,2025-10-29,5012.819346585311,6184.119358393425,6212.819346585311,18.33161394675927,22.638703692238725,18.731432773290333,35.70291180326472,76402.22366294684,448.663950702363,7560.182280622123,47234.024010649126,1748.6805105303695,48982.7045211795,47234.024010649126,47234.023963415115,42624.035408071766,1445.6375785853393,lexicographic,4.723402396341512e-05,4.2624035365447736e-05,False,0.3919629999982135,0.0,1,0
2025-10-31,False,2,1.0,10,0.8,0,calibrated_quantile,2025-10-03;2025-10-06;2025-10-07;2025-10-08;2025-10-09;2025-10-10;2025-10-13;2025-10-14;2025-10-15;2025-10-16;2025-10-17;2025-10-20;2025-10-21;2025-10-22;2025-10-23;2025-10-24;2025-10-27;2025-10-28;2025-10-29;2025-10-30,20,5526.786803494651,2025-10-24;2025-10-17,2025-10-24;2025-10-17;2025-09-26;2025-10-23;2025-10-30;2025-10-16;2025-10-10;2025-09-19;2025-09-25;2025-10-09,,2025-10-30,5003.252683854682,6212.819346585311,6203.252683854682,16.710057407407408,21.149111273614174,35.68689498202676,63.172957258760135,34612.70752885833,1091.4533436378597,8465.929288443513,18185.288004361522,3815.1004258984344,22000.388430259958,18185.288004361526,18185.28798617623,31850.792207283273,1325.9304003515485,lexicographic,1.818528798617623e-05,3.185079217543264e-05,False,0.19742799999949057,0.0,1,0
2025-11-01,False,2,0.95,10,0.8,0,calibrated_quantile,2025-10-04;2025-10-05;2025-10-11;2025-10-12;2025-10-18;2025-10-19;2025-10-25;2025-10-26,8,5654.182607095679,2025-10-25;2025-10-18,2025-10-25;2025-10-18;2025-09-27;2025-09-20;2025-09-13;2025-03-08;2025-02-15;2025-02-08;2025-02-22;2025-10-04,,2025-10-31,5028.7771673218995,6203.252683854682,6228.7771673218995,18.131855679878786,23.801487797557378,26.86498853418618,45.009861243597534,33861.95424145347,928.5386203179052,8986.758539992923,17709.440498431555,3339.2888799575003,21048.729378389056,17709.440498431555,17709.440480722118,30811.08151497203,1274.5801677106103,lexicographic,1.770944048072212e-05,3.081108151497203e-05,False,0.17451919999803067,0.0,1,0
2025-11-02,False,2,0.95,10,0.8,0,calibrated_quantile,2025-10-05;2025-10-11;2025-10-12;2025-10-18;2025-10-19;2025-10-25;2025-10-26;2025-11-01,8,6221.817507159851,2025-10-26;2025-10-19,2025-10-26;2025-10-19;2025-10-12;2025-09-28;2025-10-05;2025-09-21;2025-02-09;2025-02-16;2025-03-02;2025-02-23,,2025-11-01,5047.950641339782,6228.7771673218995,6247.950641339782,16.523071995519008,21.000056777102753,30.246773125562314,50.68893060646395,74998.51690750981,978.6820632109027,2677.252688195058,46202.540263505754,4493.569879845003,50696.11014335076,46202.540263505754,46202.540217303205,42720.71367792596,1437.5195832515933,lexicographic,4.6202540217303205e-05,4.27207136779247e-05,False,0.31003340000097523,0.0,1,0
2025-11-03,False,2,0.95,10,0.8,0,calibrated_quantile,2025-10-06;2025-10-07;2025-10-08;2025-10-09;2025-10-10;2025-10-13;2025-10-14;2025-10-15;2025-10-16;2025-10-17;2025-10-20;2025-10-21;2025-10-22;2025-10-23;2025-10-24;2025-10-27;2025-10-28;2025-10-29;2025-10-30;2025-10-31,20,5928.743178158407,2025-10-27;2025-10-20,2025-10-27;2025-10-20;2025-10-13;2025-09-29;2025-10-21;2025-09-22;2025-10-06;2025-09-15;2025-10-07;2025-09-30,,2025-11-02,5074.578886203726,6247.950641339782,6274.578886203726,15.983085606427968,20.878210414218444,39.209598269728936,83.47479301734948,74371.53620042236,2549.5376696353414,2903.086297705412,45991.023187288454,7576.769833100151,53567.793020388606,45991.02318728846,45991.023141455655,42740.541328259,1475.8209908866338,lexicographic,4.599102314145566e-05,4.274054128551845e-05,False,0.2519962999976997,0.0,1,0
2025-11-04,False,2,0.95,10,0.8,0,calibrated_quantile,2025-10-07;2025-10-08;2025-10-09;2025-10-10;2025-10-13;2025-10-14;2025-10-15;2025-10-16;2025-10-17;2025-10-20;2025-10-21;2025-10-22;2025-10-23;2025-10-24;2025-10-27;2025-10-28;2025-10-29;2025-10-30;2025-10-31;2025-11-03,20,6326.014651473253,2025-10-21;2025-10-22,2025-10-21;2025-10-22;2025-11-03;2025-10-29;2025-10-27;2025-09-30;2025-10-07;2025-09-23;2025-10-28;2025-10-20,,2025-11-03,5145.330444086398,6274.578886203726,6345.330444086398,20.26036611764007,24.231484176331108,15.163912920840025,31.780425611478684,78830.78466175741,508.03635449474666,7255.73984770807,48841.22106907696,2405.2321204856253,51246.453189562584,48841.22106907696,48841.22102069063,42226.80910811924,1469.7982820646857,lexicographic,4.8841221020690636e-05,4.2226809065892446e-05,False,0.3539565999999468,0.0,1,0
2025-11-05,False,2,0.95,10,0.8,0,calibrated_quantile,2025-10-08;2025-10-09;2025-10-10;2025-10-13;2025-10-14;2025-10-15;2025-10-16;2025-10-17;2025-10-20;2025-10-21;2025-10-22;2025-10-23;2025-10-24;2025-10-27;2025-10-28;2025-10-29;2025-10-30;2025-10-31;2025-11-03;2025-11-04,20,6404.754635686698,2025-10-29;2025-10-22,2025-10-29;2025-10-22;2025-10-15;2025-10-23;2025-10-30;2025-10-08;2025-10-16;2025-10-01;2025-10-21;2025-09-24,,2025-11-04,5114.392705955719,6345.330444086398,6314.392705955719,18.696824356549108,23.67950902386959,21.74862230535581,37.366653795276186,77404.56083559303,513.1443263595536,3813.7959601283583,48008.05998703909,1683.0617876189322,49691.12177465802,48008.05998703909,48008.05993903104,42455.51191194953,1457.630350979619,lexicographic,4.800805993903104e-05,4.245551186949403e-05,False,0.15212789999714005,0.0,1,0
2025-11-06,False,2,0.95,10,0.8,0,calibrated_quantile,2025-10-09;2025-10-10;2025-10-13;2025-10-14;2025-10-15;2025-10-16;2025-10-17;2025-10-20;2025-10-21;2025-10-22;2025-10-23;2025-10-24;2025-10-27;2025-10-28;2025-10-29;2025-10-30;2025-10-31;2025-11-03;2025-11-04;2025-11-05,20,6514.211546786752,2025-10-30;2025-10-23,2025-10-30;2025-10-23;2025-10-16;2025-10-22;2025-11-05;2025-10-29;2025-10-31;2025-10-24;2025-10-09;2025-10-17,,2025-11-05,5083.4549678250405,6314.392705955719,6283.4549678250405,18.701954044064756,22.885229623937885,27.485849610104935,50.03522654151188,78774.6713696307,1186.2553680709746,4204.308813813201,48959.46901172584,5465.230647608283,54424.699659334125,48959.46901172584,48959.4689627664,42085.359659859976,1445.7750072149333,lexicographic,4.89594689627664e-05,4.208535961777462e-05,False,0.12629060000108439,0.0,1,0
2025-11-07,False,2,0.95,10,0.8,0,calibrated_quantile,2025-10-10;2025-10-13;2025-10-14;2025-10-15;2025-10-16;2025-10-17;2025-10-20;2025-10-21;2025-10-22;2025-10-23;2025-10-24;2025-10-27;2025-10-28;2025-10-29;2025-10-30;2025-10-31;2025-11-03;2025-11-04;2025-11-05;2025-11-06,20,6792.703625772606,2025-10-31;2025-10-24,2025-10-31;2025-10-24;2025-11-06;2025-10-30;2025-10-17;2025-10-23;2025-10-16;2025-09-26;2025-02-14;2025-10-22,,2025-11-06,5176.268182217077,6283.4549678250405,6376.268182217077,19.42626751610652,23.069699824617395,20.480367946124733,37.24713816631967,36228.87565635149,256.3318633688592,9570.457308731544,19177.426232390164,1102.6600820228368,20280.086314413,19177.426232390164,19177.426213212733,33380.09614816176,1341.695967241325,lexicographic,1.9177426213212733e-05,3.338009611478166e-05,False,0.24907449999955134,0.0,1,0
2025-11-08,False,2,0.95,10,0.8,0,calibrated_quantile,2025-10-11;2025-10-12;2025-10-18;2025-10-19;2025-10-25;2025-10-26;2025-11-01;2025-11-02,8,6848.594537723919,2025-11-01;2025-10-25,2025-11-01;2025-10-25;2025-10-18;2025-09-27;2025-09-20;2025-09-13;2025-10-04;2025-03-08;2025-10-11;2025-02-08,,2025-11-07,5145.330444086398,6376.268182217077,6345.330444086398,16.54698165874164,21.523811736626474,22.29636317524737,40.83063329087162,35379.53881878282,563.8616259592026,8815.870012631396,18686.83585666061,1818.727208665776,20505.563065326387,18686.83585666061,18686.835837973784,32075.963998713014,1329.5853361228042,lexicographic,1.8686835837973785e-05,3.2075963966636976e-05,False,0.2170287000008102,0.0,1,0
2025-11-09,False,2,0.95,10,0.8,0,calibrated_quantile,2025-10-12;2025-10-18;2025-10-19;2025-10-25;2025-10-26;2025-11-01;2025-11-02;2025-11-08,8,6943.715608224778,2025-11-02;2025-10-26,2025-11-02;2025-10-26;2025-10-19;2025-10-12;2025-09-28;2025-10-05;2025-09-21;2025-03-02;2025-02-16;2025-02-09,,2025-11-08,5114.392705955719,6345.330444086398,6314.392705955719,18.73078967209476,23.299181686116995,25.90588200917655,46.21609967344668,79073.66643623037,917.8446317797487,4228.7379235344815,49510.00953787961,2986.5967475713023,52496.606285450915,49510.00953787961,49510.0094883696,42360.885359488486,1436.9221583741064,lexicographic,4.95100094883696e-05,4.2360885317127586e-05,False,0.1435983999981545,0.0,1,0
2025-11-10,False,2,0.95,10,0.8,0,calibrated_quantile,2025-10-13;2025-10-14;2025-10-15;2025-10-16;2025-10-17;2025-10-20;2025-10-21;2025-10-22;2025-10-23;2025-10-24;2025-10-27;2025-10-28;2025-10-29;2025-10-30;2025-10-31;2025-11-03;2025-11-04;2025-11-05;2025-11-06;2025-11-07,20,6858.062247940394,2025-11-03;2025-10-27,2025-11-03;2025-10-27;2025-11-04;2025-10-20;2025-10-13;2025-09-29;2025-10-21;2025-02-03;2025-02-17;2025-03-03,,2025-11-09,5094.910738356765,6314.392705955719,6294.910738356765,18.436835111853924,22.662383357297724,35.951226380628974,60.99920559319494,79352.02756573196,1693.9359395800432,2771.020148863793,49365.793196996776,7006.305249621357,56372.09844661813,49365.793196996776,49365.79314763098,42257.54213604932,1447.8227648593602,lexicographic,4.936579314763099e-05,4.2257542093791784e-05,False,0.12440870000136783,0.0,1,0
2025-11-11,False,2,0.95,10,0.8,0,calibrated_quantile,2025-10-14;2025-10-15;2025-10-16;2025-10-17;2025-10-20;2025-10-21;2025-10-22;2025-10-23;2025-10-24;2025-10-27;2025-10-28;2025-10-29;2025-10-30;2025-10-31;2025-11-03;2025-11-04;2025-11-05;2025-11-06;2025-11-07;2025-11-10,20,7296.968945723079,2025-11-04;2025-11-10,2025-11-04;2025-11-10;2025-10-21;2025-10-22;2025-11-03;2025-11-05;2025-10-29;2025-10-27;2025-02-04;2025-03-04,,2025-11-10,5179.132124850009,6294.910738356765,6379.132124850009,17.292164178441567,21.283279617275085,11.14337346353321,21.67036474610346,83109.79201365236,187.40344778548837,7186.122572759457,52202.94028975727,469.0852943140635,52672.025584071336,52202.94028975727,52202.94023755432,42566.40966396526,1453.4489584196185,lexicographic,5.2202940237554324e-05,4.256640962139886e-05,False,0.3708115999979782,0.0,1,0
2025-11-12,False,2,0.95,10,0.8,0,calibrated_quantile,2025-10-15;2025-10-16;2025-10-17;2025-10-20;2025-10-21;2025-10-22;2025-10-23;2025-10-24;2025-10-27;2025-10-28;2025-10-29;2025-10-30;2025-10-31;2025-11-03;2025-11-04;2025-11-05;2025-11-06;2025-11-07;2025-11-10;2025-11-11,20,7210.7513301610525,2025-10-22;2025-11-05,2025-10-22;2025-11-05;2025-10-29;2025-11-06;2025-10-30;2025-11-04;2025-10-23;2025-11-11;2025-10-15;2025-10-16,,2025-11-11,5151.05832935226,6379.132124850009,6351.05832935226,18.30091009900748,23.401849124859837,13.57864187743788,26.551259566763658,81978.51635192176,213.4763705323948,6849.144871042525,51451.880501472566,1105.4027301465355,52557.2832316191,51451.880501472566,51451.880450020704,42056.57692342646,1450.358257006737,lexicographic,5.145188045002071e-05,4.205657688136988e-05,False,0.2460276999991038,0.0,1,0
2025-11-13,False,2,0.95,10,0.8,0,calibrated_quantile,2025-10-16;2025-10-17;2025-10-20;2025-10-21;2025-10-22;2025-10-23;2025-10-24;2025-10-27;2025-10-28;2025-10-29;2025-10-30;2025-10-31;2025-11-03;2025-11-04;2025-11-05;2025-11-06;2025-11-07;2025-11-10;2025-11-11;2025-11-12,20,7034.5622054168325,2025-10-30;2025-11-06,2025-10-30;2025-11-06;2025-10-23;2025-10-16;2025-11-12;2025-11-05;2025-10-29;2025-10-22;2025-11-07;2025-10-31,,2025-11-12,5122.984533854513,6351.05832935226,6322.984533854513,19.620995314150782,24.04732429036811,24.863504485402533,50.115310573320656,81483.59479337034,841.960326520859,5522.4810830451925,51255.85129774871,3040.7192259532485,54296.57052370196,51255.85129774871,51255.85124649285,42250.36713379237,1472.550865248761,lexicographic,5.125585124649285e-05,4.2250367091542016e-05,False,0.14288630000010016,0.0,1,0
2025-11-14,False,2,0.95,10,0.8,0,calibrated_quantile,2025-10-17;2025-10-20;2025-10-21;2025-10-22;2025-10-23;2025-10-24;2025-10-27;2025-10-28;2025-10-29;2025-10-30;2025-10-31;2025-11-03;2025-11-04;2025-11-05;2025-11-06;2025-11-07;2025-11-10;2025-11-11;2025-11-12;2025-11-13,20,7073.503695806519,2025-11-07;2025-10-31,2025-11-07;2025-10-31;2025-10-24;2025-11-06;2025-11-13;2025-10-30;2025-10-17;2025-10-23;2025-10-16;2025-02-14,,2025-11-13,5094.910738356765,6322.984533854513,6294.910738356765,15.293766331002558,19.17676580237672,16.99705282766264,31.516746840116866,36895.34762393251,138.76802269065308,5927.356715126934,19638.481838130814,524.4172252207643,20162.89906335158,19638.481838130814,19638.481818492335,33687.17055212699,1317.5039486106257,lexicographic,1.9638481818492338e-05,3.368717055212698e-05,False,0.2955608000011125,0.0,1,0
2025-11-15,False,2,0.95,10,0.8,0,calibrated_quantile,2025-10-18;2025-10-19;2025-10-25;2025-10-26;2025-11-01;2025-11-02;2025-11-08;2025-11-09,8,7404.260764538909,2025-11-01;2025-11-08,2025-11-01;2025-11-08;2025-10-25;2025-10-18;2025-09-27;2025-02-15;2025-02-08;2025-09-20;2025-03-08;2025-02-22,,2025-11-14,5092.046795723834,6294.910738356765,6292.046795723834,16.906341912106228,21.302250922550357,30.509918199995948,50.15582466590151,36030.77134508741,606.597529589714,4986.232392331383,19101.50589891863,2464.240112753749,21565.746011672378,19101.50589891863,19101.505879817116,32790.509529570525,1314.680625308728,lexicographic,1.9101505879817117e-05,3.279050949678026e-05,False,0.31009090000225115,0.0,1,0
2025-11-16,False,2,0.95,10,0.8,0,calibrated_quantile,2025-10-19;2025-10-25;2025-10-26;2025-11-01;2025-11-02;2025-11-08;2025-11-09;2025-11-15,8,7749.35439416883,2025-11-09;2025-11-02,2025-11-09;2025-11-02;2025-10-26;2025-10-19;2025-02-09;2025-02-02;2025-02-16;2025-10-12;2025-02-23;2025-03-02,,2025-11-15,5151.05832935226,6292.046795723834,6351.05832935226,19.9140879597327,25.04674577223081,24.148827207714206,49.60862479677284,82980.67446922499,1056.448034598293,4991.458980222365,52297.938581707014,3919.386993512371,56217.32557521939,52297.938581707014,52297.93852940909,43367.92043870099,1426.6886219446512,lexicographic,5.2297938529409094e-05,4.336792039533307e-05,False,0.23381589999917196,0.0,1,0
2025-11-17,False,2,0.95,10,0.8,0,calibrated_quantile,2025-10-20;2025-10-21;2025-10-22;2025-10-23;2025-10-24;2025-10-27;2025-10-28;2025-10-29;2025-10-30;2025-10-31;2025-11-03;2025-11-04;2025-11-05;2025-11-06;2025-11-07;2025-11-10;2025-11-11;2025-11-12;2025-11-13;2025-11-14,20,7109.336483044678,2025-11-10;2025-11-03,2025-11-10;2025-11-03;2025-10-27;2025-11-11;2025-11-04;2025-10-20;2025-02-03;2025-09-29;2025-10-13;2025-02-17,,2025-11-16,5210.036869405637,6351.05832935226,6410.036869405637,20.15017893609772,24.412462361196617,15.682608956643119,28.29632446772792,83443.92491594385,222.40466866704145,6443.097357592151,52488.017853701254,683.9837689974668,53172.00162269872,52488.01785370125,52488.01780121324,42571.4400814449,1445.6677407301474,lexicographic,5.2488017801213245e-05,4.2571440038873466e-05,False,0.12034140000105253,0.0,1,0
2025-11-18,False,2,0.95,10,0.8,0,calibrated_quantile,2025-10-21;2025-10-22;2025-10-23;2025-10-24;2025-10-27;2025-10-28;2025-10-29;2025-10-30;2025-10-31;2025-11-03;2025-11-04;2025-11-05;2025-11-06;2025-11-07;2025-11-10;2025-11-11;2025-11-12;2025-11-13;2025-11-14;2025-11-17,20,6779.981667889162,2025-11-04;2025-11-11,2025-11-04;2025-11-11;2025-10-21;2025-11-12;2025-11-17;2025-11-10;2025-11-05;2025-11-03;2025-10-22;2025-10-29,,2025-11-17,5207.205920347756,6410.036869405637,6407.205920347756,19.150110029793446,23.988805399397265,24.35298989884206,50.89834273299078,83495.09299490487,801.3282230521016,4896.699496487996,52679.07877653945,2520.0760785246985,55199.154855064146,52679.07877653945,52679.07872386039,42982.59582015632,1447.84984905703,lexicographic,5.267907872386039e-05,4.2982595777173726e-05,False,0.07615069999883417,0.0,1,0
2025-11-19,False,2,0.95,10,0.8,0,calibrated_quantile,2025-10-22;2025-10-23;2025-10-24;2025-10-27;2025-10-28;2025-10-29;2025-10-30;2025-10-31;2025-11-03;2025-11-04;2025-11-05;2025-11-06;2025-11-07;2025-11-10;2025-11-11;2025-11-12;2025-11-13;2025-11-14;2025-11-17;2025-11-18,20,6781.932754191523,2025-11-12;2025-10-22,2025-11-12;2025-10-22;2025-11-11;2025-11-06;2025-11-05;2025-11-04;2025-11-13;2025-10-30;2025-11-18;2025-10-29,,2025-11-18,5179.132124850009,6407.205920347756,6379.132124850009,18.887292595474158,24.076974489267027,19.763820957180855,37.46782680626132,84094.65190728455,556.2587864889325,4787.988960273984,52935.77009740047,2191.822979666978,55127.593077067446,52935.77009740048,52935.77004446469,43083.03775542128,1433.2796696535231,lexicographic,5.29357700444647e-05,4.308303771233824e-05,False,0.07809290000295732,0.0,1,0
2025-11-20,False,2,0.95,10,0.8,0,calibrated_quantile,2025-10-23;2025-10-24;2025-10-27;2025-10-28;2025-10-29;2025-10-30;2025-10-31;2025-11-03;2025-11-04;2025-11-05;2025-11-06;2025-11-07;2025-11-10;2025-11-11;2025-11-12;2025-11-13;2025-11-14;2025-11-17;2025-11-18;2025-11-19,20,6759.306184627057,2025-11-06;2025-11-13,2025-11-06;2025-11-13;2025-10-30;2025-11-19;2025-11-12;2025-10-23;2025-11-14;2025-11-07;2025-10-22;2025-11-05,,2025-11-19,5151.05832935226,6379.132124850009,6351.05832935226,17.234814428847464,20.38812620561318,18.5833820930221,35.4994698694394,84848.24080520874,395.90254689570537,5855.467691332317,53549.58396690647,1652.098186373695,55201.68215328017,53549.58396690647,53549.58391335685,44045.09556610635,1443.4465197864129,lexicographic,5.3549583913356853e-05,4.404509552206126e-05,False,0.08478420000028564,0.0,1,0
2025-11-21,False,2,0.95,10,0.8,0,calibrated_quantile,2025-10-24;2025-10-27;2025-10-28;2025-10-29;2025-10-30;2025-10-31;2025-11-03;2025-11-04;2025-11-05;2025-11-06;2025-11-07;2025-11-10;2025-11-11;2025-11-12;2025-11-13;2025-11-14;2025-11-17;2025-11-18;2025-11-19;2025-11-20,20,6829.071311972644,2025-11-07;2025-11-14,2025-11-07;2025-11-14;2025-11-20;2025-11-06;2025-11-13;2025-10-31;2025-10-30;2025-10-24;2025-02-14;2025-02-07,,2025-11-20,5122.984533854513,6351.05832935226,6322.984533854513,17.824692537266444,22.596512130559695,10.996189635230301,20.937875257993348,38358.625956866,262.7554377698202,6226.229575988936,20475.696251388454,708.6351237043449,21184.3313750928,20475.696251388454,20475.696230912752,33901.17085779023,1305.4782554534386,lexicographic,2.0475696230912752e-05,3.390117085779023e-05,False,0.36211420000108774,0.0,1,0
2025-11-22,False,2,0.95,10,0.8,0,calibrated_quantile,2025-10-25;2025-10-26;2025-11-01;2025-11-02;2025-11-08;2025-11-09;2025-11-15;2025-11-16,8,7630.854759737357,2025-11-15;2025-11-01,2025-11-15;2025-11-01;2025-11-08;2025-10-25;2025-02-15;2025-02-08;2025-10-18;2025-09-27;2025-02-22;2025-01-25,,2025-11-21,5094.910738356765,6322.984533854513,6294.910738356765,17.318088087372296,20.806868768225954,20.70961097790059,34.81578078535601,38381.46850778248,252.0927608814149,4793.537540595735,20278.712835147082,888.3697978594982,21167.08263300658,20278.712835147086,20278.712814868366,34753.07586771578,1313.6390708662584,lexicographic,2.0278712814868368e-05,3.47530758329627e-05,False,0.19217070000013337,0.0,1,0
2025-11-23,False,2,0.95,10,0.8,0,calibrated_quantile,2025-10-26;2025-11-01;2025-11-02;2025-11-08;2025-11-09;2025-11-15;2025-11-16;2025-11-22,8,7431.788949306805,2025-11-16;2025-11-09,2025-11-16;2025-11-09;2025-11-02;2025-10-26;2025-10-19;2025-02-09;2025-02-16;2025-02-02;2025-03-02;2025-10-12,,2025-11-22,5092.046795723834,6294.910738356765,6292.046795723834,16.91828485144527,21.159975342006415,21.787775714366163,38.23662818877694,85614.66712187672,277.32599436986266,6017.598444238747,54244.861670407205,1043.3960198337927,55288.257690241,54244.8616704072,54244.86161616234,44251.13252757961,1433.7566060751387,lexicographic,5.424486161616235e-05,4.4251132527590295e-05,False,0.2949515000000247,0.0,1,0
2025-11-24,False,2,0.95,10,0.8,0,calibrated_quantile,2025-10-27;2025-10-28;2025-10-29;2025-10-30;2025-10-31;2025-11-03;2025-11-04;2025-11-05;2025-11-06;2025-11-07;2025-11-10;2025-11-11;2025-11-12;2025-11-13;2025-11-14;2025-11-17;2025-11-18;2025-11-19;2025-11-20;2025-11-21,20,6854.43295773432,2025-11-17;2025-11-10,2025-11-17;2025-11-10;2025-11-03;2025-10-27;2025-11-18;2025-11-11;2025-11-04;2025-02-03;2025-10-20;2025-02-17,,2025-11-23,5089.182853090903,6292.046795723834,6289.182853090903,17.194117109402978,21.162593921633828,12.864769195122578,25.42391989474278,84955.69059672602,348.3507879219184,6586.261656665811,53504.266026040794,1291.8568413609185,54796.12286740171,53504.26602604079,53504.2659727622,43427.46477572073,1435.0157290729228,lexicographic,5.350426597276221e-05,4.342746473229327e-05,False,0.17376420000073267,0.0,1,0
2025-11-25,False,2,0.95,10,0.8,0,calibrated_quantile,2025-10-28;2025-10-29;2025-10-30;2025-10-31;2025-11-03;2025-11-04;2025-11-05;2025-11-06;2025-11-07;2025-11-10;2025-11-11;2025-11-12;2025-11-13;2025-11-14;2025-11-17;2025-11-18;2025-11-19;2025-11-20;2025-11-21;2025-11-24,20,6794.5008804488825,2025-11-11;2025-11-18,2025-11-11;2025-11-18;2025-11-04;2025-11-19;2025-11-12;2025-11-24;2025-11-17;2025-11-10;2025-10-21;2025-11-03,,2025-11-24,5086.3189104579715,6289.182853090903,6286.3189104579715,18.243181764647492,22.506871912383243,18.555094557285372,36.288561549395034,85450.32507204918,276.5241085885716,4913.254972929431,53916.62053113569,924.0061905966525,54840.62672173234,53916.62053113569,53916.620477219054,44276.23772644572,1448.7923628469646,lexicographic,5.391662047721906e-05,4.427623768216947e-05,False,0.2926281000000017,0.0,1,0
2025-11-26,False,2,0.95,10,0.8,0,calibrated_quantile,2025-10-29;2025-10-30;2025-10-31;2025-11-03;2025-11-04;2025-11-05;2025-11-06;2025-11-07;2025-11-10;2025-11-11;2025-11-12;2025-11-13;2025-11-14;2025-11-17;2025-11-18;2025-11-19;2025-11-20;2025-11-21;2025-11-24;2025-11-25,20,6758.237228263188,2025-11-19;2025-11-12,2025-11-19;2025-11-12;2025-11-20;2025-11-25;2025-11-11;2025-10-22;2025-11-05;2025-11-06;2025-11-13;2025-11-04,,2025-11-25,5083.4549678250405,6286.3189104579715,6283.4549678250405,20.2518326282555,24.395146159301333,12.70964062874512,24.67844432543065,86765.18524316906,162.50254352838783,5497.662541871705,54854.53131175047,616.0345268308253,55470.56583858129,54854.53131175048,54854.53125689595,44537.49332120454,1434.5173579753628,lexicographic,5.485453125689595e-05,4.453749327666704e-05,False,0.21237990000008722,0.0,1,0
2025-11-27,False,2,0.95,10,0.8,0,calibrated_quantile,2025-10-30;2025-10-31;2025-11-03;2025-11-04;2025-11-05;2025-11-06;2025-11-07;2025-11-10;2025-11-11;2025-11-12;2025-11-13;2025-11-14;2025-11-17;2025-11-18;2025-11-19;2025-11-20;2025-11-21;2025-11-24;2025-11-25;2025-11-26,20,6440.268548337626,2025-11-20;2025-11-19,2025-11-20;2025-11-19;2025-11-06;2025-11-26;2025-11-21;2025-11-13;2025-10-30;2025-11-14;2025-02-06;2025-11-12,,2025-11-26,5074.578886203726,6283.4549678250405,6274.578886203726,16.506446961063624,22.227876935626195,12.646496522078316,24.321369146431863,86966.47906002063,164.12818155786078,6655.273787325119,54936.46593202734,696.217248603438,55632.68318063078,54936.46593202734,54936.46587709086,44804.81395675604,1442.915947523243,lexicographic,5.493646587709086e-05,4.4804813911951217e-05,False,0.26316009999936796,1.3244313222590433e-16,1,0
2025-11-28,False,2,0.95,10,0.8,0,calibrated_quantile,2025-10-31;2025-11-03;2025-11-04;2025-11-05;2025-11-06;2025-11-07;2025-11-10;2025-11-11;2025-11-12;2025-11-13;2025-11-14;2025-11-17;2025-11-18;2025-11-19;2025-11-20;2025-11-21;2025-11-24;2025-11-25;2025-11-26;2025-11-27,20,6419.7908637016735,2025-11-21;2025-11-14,2025-11-21;2025-11-14;2025-11-07;2025-11-27;2025-11-20;2025-11-06;2025-11-13;2025-10-31;2025-10-30;2025-02-14,,2025-11-27,5065.702804582411,6274.578886203726,6265.702804582411,19.0616420457676,23.63800722997999,17.99396465839864,32.321118100951836,39690.46070072461,397.1662457910977,5564.790158716933,21134.966015527047,1854.9877289415267,22989.953744468574,21134.966015527047,21134.96599439208,34394.051354390285,1318.144606487041,lexicographic,2.1134965994392083e-05,3.4394051319996236e-05,False,0.3015555999991193,0.0,1,0
2025-11-29,False,2,0.95,10,0.8,0,calibrated_quantile,2025-11-01;2025-11-02;2025-11-08;2025-11-09;2025-11-15;2025-11-16;2025-11-22;2025-11-23,8,7365.40106006701,2025-11-15;2025-11-22,2025-11-15;2025-11-22;2025-11-01;2025-11-08;2025-10-25;2025-02-15;2025-02-08;2025-10-18;2025-09-27;2025-03-08,,2025-11-28,5056.8267229610965,6265.702804582411,6256.8267229610965,18.88503900445401,23.39457603845849,39.582930589843414,77.09341100451928,40751.28910663244,2006.8018351121996,4032.0379691298394,21555.56399996231,6209.519889173154,27765.083889135465,21555.563999962313,21555.563978406743,36251.72708605872,1298.6886549780684,lexicographic,2.1555563978406744e-05,3.6251727049807e-05,False,0.29714660000172444,0.0,1,0
2025-11-30,False,2,0.95,10,0.8,0,calibrated_quantile,2025-11-02;2025-11-08;2025-11-09;2025-11-15;2025-11-16;2025-11-22;2025-11-23;2025-11-29,8,7910.27931259148,2025-11-23;2025-11-16,2025-11-23;2025-11-16;2025-11-09;2025-02-02;2025-01-12;2025-01-19;2025-02-09;2025-11-02;2025-01-05;2025-02-16,,2025-11-29,5083.4549678250405,6256.8267229610965,6283.4549678250405,19.42644549496734,24.09877457291568,36.624997483680666,74.4408526988529,87659.8484751861,1538.7847977632227,4259.423568988751,55727.27538791195,5253.285479563842,60980.56086747579,55727.27538791194,55727.275332184676,44467.89385393089,1488.2634925363166,lexicographic,5.572727533218468e-05,4.4467893853944285e-05,False,0.2613074000000779,0.0,1,0
2025-12-01,False,2,1.0,10,0.8,0,calibrated_quantile,2025-11-03;2025-11-04;2025-11-05;2025-11-06;2025-11-07;2025-11-10;2025-11-11;2025-11-12;2025-11-13;2025-11-14;2025-11-17;2025-11-18;2025-11-19;2025-11-20;2025-11-21;2025-11-24;2025-11-25;2025-11-26;2025-11-27;2025-11-28,20,6066.7554452762015,2025-11-24;2025-11-17,2025-11-24;2025-11-17;2025-11-10;2025-02-10;2025-02-03;2025-01-13;2025-11-11;2025-11-25;2025-01-20;2025-01-06,,2025-11-30,5092.046795723834,6283.4549678250405,6292.046795723834,57.64646620370369,69.51540862551076,28.188327476270064,53.71449950364034,85503.42312516275,6506.111737190546,1075.8224995724227,53965.25322740274,24444.56446054683,78409.81768794957,53965.25322740275,53965.2531734375,44071.02573201172,1445.982183374178,lexicographic,5.3965253173437505e-05,4.40710257319331e-05,False,0.4113867999985814,0.0,1,0
2025-12-02,False,2,1.0,10,0.8,0,calibrated_quantile,2025-11-04;2025-11-05;2025-11-06;2025-11-07;2025-11-10;2025-11-11;2025-11-12;2025-11-13;2025-11-14;2025-11-17;2025-11-18;2025-11-19;2025-11-20;2025-11-21;2025-11-24;2025-11-25;2025-11-26;2025-11-27;2025-11-28;2025-12-01,20,6407.772536594846,2025-01-07;2025-01-14,2025-01-07;2025-01-14;2025-01-21;2025-01-28;2025-02-04;2025-01-15;2025-01-22;2025-11-11;2025-11-25;2025-02-11,,2025-12-01,5151.05832935226,6292.046795723834,6351.05832935226,21.918450231481476,27.3837736370486,35.05928826174244,63.161831883843654,96490.58198005897,1045.852764329401,4114.761425330954,61747.09956970214,4387.5385356821425,66134.63810538428,61747.09956970214,61747.099507955034,45013.53651296193,1557.928955828976,lexicographic,6.174709950795503e-05,4.50135364679484e-05,False,0.29186330000084126,0.0,1,0
2025-12-03,False,2,1.0,10,0.8,0,calibrated_quantile,2025-11-05;2025-11-06;2025-11-07;2025-11-10;2025-11-11;2025-11-12;2025-11-13;2025-11-14;2025-11-17;2025-11-18;2025-11-19;2025-11-20;2025-11-21;2025-11-24;2025-11-25;2025-11-26;2025-11-27;2025-11-28;2025-12-01;2025-12-02,20,6704.241934227237,2025-01-15;2025-01-08,2025-01-15;2025-01-08;2025-01-29;2025-01-09;2025-01-22;2025-12-02;2025-01-02;2025-01-16;2025-01-07;2025-01-23,,2025-12-02,5210.036869405637,6351.05832935226,6410.036869405637,21.887151215277783,27.39567189737448,18.816780208333334,44.37781666004764,101708.38788447983,24.587035282159036,9633.188211176064,65748.38476957254,53.24750597476889,65801.63227554731,65748.38476957256,65748.38470382418,46473.040340935666,1570.433960639401,lexicographic,6.574838470382418e-05,4.647304029446262e-05,False,0.09830520000105025,0.0,1,0
2025-12-04,False,2,1.0,10,0.8,0,calibrated_quantile,2025-11-06;2025-11-07;2025-11-10;2025-11-11;2025-11-12;2025-11-13;2025-11-14;2025-11-17;2025-11-18;2025-11-19;2025-11-20;2025-11-21;2025-11-24;2025-11-25;2025-11-26;2025-11-27;2025-11-28;2025-12-01;2025-12-02;2025-12-03,20,6518.357662533423,2025-01-09;2025-01-16,2025-01-09;2025-01-16;2025-12-03;2025-01-02;2025-01-23;2025-11-27;2025-01-30;2025-02-06;2025-01-15;2025-01-10,,2025-12-03,5207.205920347756,6410.036869405637,6407.205920347756,24.129606423611133,29.0337874457735,17.40297397218982,34.74697293453625,100038.82168190883,190.25738872448935,8592.54261909296,64300.14733495934,932.2831876375162,65232.43052259686,64300.14733495934,64300.14727065922,46375.46762153806,1590.4695727026929,lexicographic,6.430014727065923e-05,4.637546757516258e-05,False,0.13893559999996796,0.0,1,0
2025-12-05,False,2,1.0,10,0.8,0,calibrated_quantile,2025-11-07;2025-11-10;2025-11-11;2025-11-12;2025-11-13;2025-11-14;2025-11-17;2025-11-18;2025-11-19;2025-11-20;2025-11-21;2025-11-24;2025-11-25;2025-11-26;2025-11-27;2025-11-28;2025-12-01;2025-12-02;2025-12-03;2025-12-04,20,6327.97876124866,2025-01-10;2025-01-17,2025-01-10;2025-01-17;2025-01-03;2025-01-24;2025-01-31;2025-12-04;2025-02-07;2025-01-09;2025-01-16;2025-11-21,,2025-12-04,5179.132124850009,6407.205920347756,6379.132124850009,24.595145775462957,29.440348424678046,13.314607054168603,32.3118353473147,52781.808614618785,321.87566662757126,7716.4086550123175,28194.185973888856,1297.426746350134,29491.61272023899,28194.185973888856,28194.185945694666,39091.87162392755,1417.9731776657527,lexicographic,2.8194185945694668e-05,3.9091871584835686e-05,False,0.21069170000191662,0.0,1,0
2025-12-06,False,2,1.0,10,0.8,0,calibrated_quantile,2025-11-08;2025-11-09;2025-11-15;2025-11-16;2025-11-22;2025-11-23;2025-11-29;2025-11-30,8,8333.083326713659,2025-01-04;2025-01-11,2025-01-04;2025-01-11;2025-01-18;2025-01-25;2025-02-01;2025-02-08;2025-11-22;2025-02-15;2025-11-29;2025-11-15,,2025-12-05,5151.05832935226,6379.132124850009,6351.05832935226,24.269119791666657,30.34920406080534,21.403783465885866,39.0639676682503,55847.21070100785,90.89441995672053,8183.327957154524,29676.87660360902,342.29386000525045,30019.17046361427,29676.876603609024,29676.87657393214,39229.98800118661,1417.8776492031043,lexicographic,2.9676876573932142e-05,3.922998796195663e-05,False,0.17226529999970808,0.0,1,0
2025-12-07,False,2,1.0,10,0.8,0,calibrated_quantile,2025-11-09;2025-11-15;2025-11-16;2025-11-22;2025-11-23;2025-11-29;2025-11-30;2025-12-06,8,8171.2534276124625,2025-01-12;2025-01-05,2025-01-12;2025-01-05;2025-01-19;2025-01-26;2025-11-30;2025-02-02;2025-02-09;2025-11-16;2025-11-23;2025-02-16,,2025-12-06,5122.984533854513,6351.05832935226,6322.984533854513,22.65982430555555,28.54642304194062,15.690897392921894,29.824900664183424,101332.59515574582,127.51148500637079,8961.953875881332,65203.587084085986,508.113673173137,65711.70075725912,65203.587084085986,65203.587018882405,46425.45407269588,1608.6231746006824,lexicographic,6.52035870188824e-05,4.642545407269588e-05,False,0.0888611000009405,0.0,1,0
2025-12-08,False,2,1.0,10,0.8,0,calibrated_quantile,2025-11-10;2025-11-11;2025-11-12;2025-11-13;2025-11-14;2025-11-17;2025-11-18;2025-11-19;2025-11-20;2025-11-21;2025-11-24;2025-11-25;2025-11-26;2025-11-27;2025-11-28;2025-12-01;2025-12-02;2025-12-03;2025-12-04;2025-12-05,20,6301.6280715824405,2025-01-06;2025-01-20,2025-01-06;2025-01-20;2025-01-13;2025-01-27;2025-12-01;2025-12-02;2025-02-03;2025-01-07;2025-02-10;2025-01-14,,2025-12-07,5094.910738356765,6322.984533854513,6294.910738356765,21.68788125000001,26.22340315777663,17.080184825102883,33.78226595181557,100077.2428017781,43.870869259846586,7440.696640842285,64601.83102456383,134.48879765884234,64736.31982222267,64601.83102456383,64601.83095996196,46308.608080965416,1540.4680136584666,lexicographic,6.460183095996196e-05,4.630860803465681e-05,False,0.1082367000017257,1.1262773060863893e-16,1,0
2025-12-09,False,2,1.0,10,0.8,0,calibrated_quantile,2025-11-11;2025-11-12;2025-11-13;2025-11-14;2025-11-17;2025-11-18;2025-11-19;2025-11-20;2025-11-21;2025-11-24;2025-11-25;2025-11-26;2025-11-27;2025-11-28;2025-12-01;2025-12-02;2025-12-03;2025-12-04;2025-12-05;2025-12-08,20,5792.555414883802,2025-12-02;2025-01-07,2025-12-02;2025-01-07;2025-01-14;2025-01-21;2025-01-28;2025-12-03;2025-12-08;2025-02-04;2025-01-15;2025-01-08,,2025-12-08,5092.046795723834,6294.910738356765,6292.046795723834,22.72583350694445,27.837074228664264,14.391055661693551,27.94425097520274,100049.12485998822,225.02505456666893,8012.213159658526,64383.43996559229,920.4333231440585,65303.87328873635,64383.439965592275,64383.43990120884,46453.46526544762,1596.0857310991187,lexicographic,6.438343990120884e-05,4.64534652654503e-05,False,0.3303427000028023,0.0,1,0
2025-12-10,False,2,1.0,10,0.8,0,calibrated_quantile,2025-11-12;2025-11-13;2025-11-14;2025-11-17;2025-11-18;2025-11-19;2025-11-20;2025-11-21;2025-11-24;2025-11-25;2025-11-26;2025-11-27;2025-11-28;2025-12-01;2025-12-02;2025-12-03;2025-12-04;2025-12-05;2025-12-08;2025-12-09,20,5781.524100828419,2025-12-03;2025-01-15,2025-12-03;2025-01-15;2025-01-08;2025-01-29;2025-12-04;2025-01-22;2025-01-09;2025-12-09;2025-01-16;2025-01-02,,2025-12-09,5089.182853090903,6292.046795723834,6289.182853090903,20.56624328703702,26.925048094324634,19.62281876806863,38.60709556793537,98857.35375596609,411.5884422720669,6007.841219848599,63634.63646491704,1582.6521422827598,65217.2886071998,63634.63646491704,63634.63640128242,46453.4654892511,1572.8076099173293,lexicographic,6.363463640128243e-05,4.6453465489251105e-05,False,0.2744831999989401,0.0,1,0
2025-12-11,False,2,1.0,10,0.8,0,calibrated_quantile,2025-11-13;2025-11-14;2025-11-17;2025-11-18;2025-11-19;2025-11-20;2025-11-21;2025-11-24;2025-11-25;2025-11-26;2025-11-27;2025-11-28;2025-12-01;2025-12-02;2025-12-03;2025-12-04;2025-12-05;2025-12-08;2025-12-09;2025-12-10,20,5825.9826984501515,2025-12-04;2025-01-09,2025-12-04;2025-01-09;2025-01-02;2025-01-16;2025-01-23;2025-12-10;2025-12-03;2025-01-15;2025-01-08;2025-12-05,,2025-12-10,5086.3189104579715,6289.182853090903,6286.3189104579715,23.616707118055558,29.58034950816217,14.86930572296878,29.88804003626861,100078.58128906807,124.09199733358957,9367.93609903619,64411.0018262304,400.14097178791263,64811.142798018314,64411.00182623041,64411.00176181942,46453.46525721472,1609.48199876042,lexicographic,6.441100176181943e-05,4.64534652572121e-05,False,0.30966560000160825,0.0,1,0
2025-12-12,False,2,1.0,10,0.8,0,calibrated_quantile,2025-11-14;2025-11-17;2025-11-18;2025-11-19;2025-11-20;2025-11-21;2025-11-24;2025-11-25;2025-11-26;2025-11-27;2025-11-28;2025-12-01;2025-12-02;2025-12-03;2025-12-04;2025-12-05;2025-12-08;2025-12-09;2025-12-10;2025-12-11,20,5478.503616269067,2025-12-05;2025-01-10,2025-12-05;2025-01-10;2025-01-17;2025-01-24;2025-01-03;2025-02-07;2025-01-31;2025-12-11;2025-12-04;2025-11-21,,2025-12-11,5083.4549678250405,6286.3189104579715,6283.4549678250405,22.590965625,28.391080313386496,20.799805653606796,48.54060669963412,51819.43473014858,809.3136307837353,4826.283819477277,27363.895683233095,2600.6208631091868,29964.51654634228,27363.895683233095,27363.895655869197,38971.19743126094,1392.4863815094695,lexicographic,2.73638956558692e-05,3.897119739228975e-05,False,0.28400870000041323,0.0,1,0
2025-12-13,False,2,1.0,10,0.8,0,calibrated_quantile,2025-11-15;2025-11-16;2025-11-22;2025-11-23;2025-11-29;2025-11-30;2025-12-06;2025-12-07,8,7821.143552965331,2025-01-11;2025-12-06,2025-01-11;2025-12-06;2025-01-04;2025-01-18;2025-02-01;2025-01-25;2025-02-08;2025-02-15;2025-11-22;2025-11-29,,2025-12-12,5074.578886203726,6283.4549678250405,6274.578886203726,19.9465620949074,24.66000597150379,15.564848021642392,34.66054175539695,56201.78365120271,143.6909498063585,8434.128725740171,29889.857489497568,675.9791117464072,30565.836601243976,29889.857489497575,29889.857459607723,39264.03977537766,1401.777785060201,lexicographic,2.9889857459607727e-05,3.926403973611361e-05,False,0.32108660000085365,0.0,1,0
2025-12-14,False,2,1.0,10,0.8,0,calibrated_quantile,2025-11-16;2025-11-22;2025-11-23;2025-11-29;2025-11-30;2025-12-06;2025-12-07;2025-12-13,8,7316.042100229308,2025-12-07;2025-01-12,2025-12-07;2025-01-12;2025-01-05;2025-01-19;2025-01-26;2025-02-02;2025-11-30;2025-02-09;2025-11-16;2025-02-16,,2025-12-13,5065.702804582411,6274.578886203726,6265.702804582411,20.810150636574072,26.212766223754052,13.302244971919416,26.7062021528172,100452.10799294518,133.08298787655735,6939.666854358013,64617.20337990463,562.4100890960716,65179.6134690007,64617.20337990462,64617.203315287414,46446.78504114594,1659.5448160293372,lexicographic,6.461720331528741e-05,4.644678504114594e-05,False,0.33162349999838625,0.0,1,0
2025-12-15,False,2,1.0,10,0.8,0,calibrated_quantile,2025-11-17;2025-11-18;2025-11-19;2025-11-20;2025-11-21;2025-11-24;2025-11-25;2025-11-26;2025-11-27;2025-11-28;2025-12-01;2025-12-02;2025-12-03;2025-12-04;2025-12-05;2025-12-08;2025-12-09;2025-12-10;2025-12-11;2025-12-12,20,5546.015216675261,2025-12-08;2025-01-13,2025-12-08;2025-01-13;2025-01-06;2025-01-20;2025-01-27;2025-12-01;2025-12-09;2025-02-10;2025-01-07;2025-02-03,,2025-12-14,5056.8267229610965,6265.702804582411,6256.8267229610965,20.559930150462964,25.03337164273063,21.16038525810902,45.73841814734307,98960.28076602869,643.3334577521653,5267.253898249423,63584.48404014108,2123.8905341114883,65708.37457425256,63584.48404014106,63584.4839765566,46446.78534980852,1571.0703129350572,lexicographic,6.35844839765566e-05,4.644678534980881e-05,False,0.30357139999978244,0.0,1,0
2025-12-16,False,2,1.0,10,0.8,0,calibrated_quantile,2025-11-18;2025-11-19;2025-11-20;2025-11-21;2025-11-24;2025-11-25;2025-11-26;2025-11-27;2025-11-28;2025-12-01;2025-12-02;2025-12-03;2025-12-04;2025-12-05;2025-12-08;2025-12-09;2025-12-10;2025-12-11;2025-12-12;2025-12-15,20,5568.752400414392,2025-12-09;2025-01-07,2025-12-09;2025-01-07;2025-01-14;2025-12-02;2025-01-21;2025-12-10;2025-01-08;2025-12-03;2025-12-15;2025-01-13,,2025-12-15,5047.950641339782,6256.8267229610965,6247.950641339782,18.823614467592577,24.410524330878207,9.561785815653186,19.379427289737503,100644.94995878357,62.331322766744,6422.387628294069,64825.67573037414,211.48791974671417,65037.163650120856,64825.67573037414,64825.67566554845,46446.78497883609,1605.916048370298,lexicographic,6.482567566554846e-05,4.644678497883621e-05,False,0.26163379999707104,0.0,1,0
2025-12-17,False,2,1.0,10,0.8,0,calibrated_quantile,2025-11-19;2025-11-20;2025-11-21;2025-11-24;2025-11-25;2025-11-26;2025-11-27;2025-11-28;2025-12-01;2025-12-02;2025-12-03;2025-12-04;2025-12-05;2025-12-08;2025-12-09;2025-12-10;2025-12-11;2025-12-12;2025-12-15;2025-12-16,20,5275.4882751506775,2025-01-08;2025-12-10,2025-01-08;2025-12-10;2025-12-03;2025-01-15;2025-12-11;2025-01-29;2025-01-02;2025-12-16;2025-12-04;2025-01-09,,2025-12-16,5041.559483333822,6247.950641339782,6241.559483333822,22.01757048611111,26.673239338143407,6.701114067172749,14.29143890561543,99558.82216887859,243.87065385418066,6817.247244645801,63869.10277148501,892.9108135810766,64762.01358506609,63869.10277148502,63869.10270761593,45725.8810004289,1588.158944489713,lexicographic,6.386910270761594e-05,4.572588095470301e-05,False,0.30009890000292216,0.0,1,0
2025-12-18,False,2,1.0,10,0.8,0,calibrated_quantile,2025-11-20;2025-11-21;2025-11-24;2025-11-25;2025-11-26;2025-11-27;2025-11-28;2025-12-01;2025-12-02;2025-12-03;2025-12-04;2025-12-05;2025-12-08;2025-12-09;2025-12-10;2025-12-11;2025-12-12;2025-12-15;2025-12-16;2025-12-17,20,5053.826642723954,2025-12-11;2025-01-02,2025-12-11;2025-01-02;2025-12-04;2025-01-09;2025-01-16;2025-01-23;2025-12-17;2025-12-10;2025-12-03;2025-01-08,,2025-12-17,5035.168325327861,6241.559483333822,6235.168325327861,23.382370775462952,28.582157861501425,16.72700667609287,37.01367512526305,98987.89922278078,358.55226669278863,7159.37489582374,63574.28205484166,1261.4981414336319,64835.780196275286,63574.282054841664,63574.28199126736,45985.10268026455,1541.0079912747487,lexicographic,6.357428199126736e-05,4.598510268026553e-05,False,0.27249269999811077,0.0,1,0
2025-12-19,False,2,1.0,10,0.8,0,calibrated_quantile,2025-11-21;2025-11-24;2025-11-25;2025-11-26;2025-11-27;2025-11-28;2025-12-01;2025-12-02;2025-12-03;2025-12-04;2025-12-05;2025-12-08;2025-12-09;2025-12-10;2025-12-11;2025-12-12;2025-12-15;2025-12-16;2025-12-17;2025-12-18,20,4858.054608901992,2025-12-12;2025-12-05,2025-12-12;2025-12-05;2025-01-10;2025-01-17;2025-01-24;2025-01-31;2025-01-03;2025-02-07;2025-12-04;2025-12-11,,2025-12-18,5028.7771673218995,6235.168325327861,6228.7771673218995,20.65240844907408,25.08524572976471,13.30534397972478,26.89043096744422,51154.60116255553,685.6137001633818,4865.0163387089015,26710.37803672895,2842.0774878239954,29552.45552455295,26710.37803672895,26710.378010018583,38802.2376835203,1386.0912242006389,lexicographic,2.6710378010018584e-05,3.880223764471808e-05,False,0.2836793000024045,0.0,1,0
2025-12-20,False,2,1.0,10,0.8,0,calibrated_quantile,2025-11-22;2025-11-23;2025-11-29;2025-11-30;2025-12-06;2025-12-07;2025-12-13;2025-12-14,8,6808.391890537973,2025-12-13;2025-12-06,2025-12-13;2025-12-06;2025-01-11;2025-01-18;2025-01-04;2025-02-01;2025-01-25;2025-02-08;2025-11-22;2025-02-15,,2025-12-19,5022.38600931594,6228.7771673218995,6222.38600931594,18.018350925925922,22.22711108756598,12.964666584304922,26.155345135551066,54852.99831945945,303.5999974501545,8182.8134674695,29062.546192216076,1049.2054053782872,30111.751597594364,29062.546192216076,29062.546163153514,39284.51099682812,1376.2364595020726,lexicographic,2.9062546163153515e-05,3.9284510957543615e-05,False,0.2581669999999576,0.0,1,0
2025-12-21,False,2,1.0,10,0.8,0,calibrated_quantile,2025-11-23;2025-11-29;2025-11-30;2025-12-06;2025-12-07;2025-12-13;2025-12-14;2025-12-20,8,6574.7391832600615,2025-12-14;2025-12-07,2025-12-14;2025-12-07;2025-01-12;2025-01-05;2025-01-19;2025-01-26;2025-02-02;2025-11-30;2025-02-09;2025-02-16,,2025-12-20,5012.819346585311,6222.38600931594,6212.819346585311,21.695539583333332,27.169960246410824,9.407097643807209,21.741827493458523,100141.55953583567,412.2061410944242,6649.948791038736,64454.50611586684,1291.5741358536945,65746.08025172053,64454.50611586683,64454.506051412325,46446.01777743078,1651.5902011368864,lexicographic,6.445450605141233e-05,4.644601777743078e-05,False,0.2586209000000963,0.0,1,0
2025-12-22,False,2,1.0,10,0.8,0,calibrated_quantile,2025-11-24;2025-11-25;2025-11-26;2025-11-27;2025-11-28;2025-12-01;2025-12-02;2025-12-03;2025-12-04;2025-12-05;2025-12-08;2025-12-09;2025-12-10;2025-12-11;2025-12-12;2025-12-15;2025-12-16;2025-12-17;2025-12-18;2025-12-19,20,4895.233197477106,2025-12-15;2025-12-08,2025-12-15;2025-12-08;2025-01-13;2025-01-06;2025-01-20;2025-01-27;2025-12-01;2025-12-16;2025-12-09;2025-02-10,,2025-12-21,5003.252683854682,6212.819346585311,6203.252683854682,19.724965682870355,24.464925142467365,8.765870515206343,17.907053873011968,98604.04740201432,522.2464666631358,5393.239029958761,63252.12965449368,1874.2275989709751,65126.35725346465,63252.12965449368,63252.129591241566,45775.29594822458,1567.3261294553295,lexicographic,6.325212959124157e-05,4.577529590244928e-05,False,0.40427899999849615,0.0,1,0
2025-12-23,False,2,1.0,10,0.8,0,calibrated_quantile,2025-11-25;2025-11-26;2025-11-27;2025-11-28;2025-12-01;2025-12-02;2025-12-03;2025-12-04;2025-12-05;2025-12-08;2025-12-09;2025-12-10;2025-12-11;2025-12-12;2025-12-15;2025-12-16;2025-12-17;2025-12-18;2025-12-19;2025-12-22,20,4867.142741227148,2025-12-09;2025-12-16,2025-12-09;2025-12-16;2025-01-07;2025-01-14;2025-12-02;2025-01-21;2025-01-28;2025-02-04;2025-12-15;2025-12-17,,2025-12-22,4993.686021124053,6203.252683854682,6193.686021124053,17.804748842592588,22.31700989593094,11.331030623949232,24.06174745293032,98666.7156813938,126.46278639098144,6724.679291336651,63410.85229615698,350.8415800410934,63761.69387619808,63410.85229615699,63410.852232746154,45916.0842997524,1568.372225839982,lexicographic,6.341085223274616e-05,4.591608429975473e-05,False,0.31534370000008494,0.0,1,0
2025-12-24,False,2,1.0,10,0.8,0,calibrated_quantile,2025-11-26;2025-11-27;2025-11-28;2025-12-01;2025-12-02;2025-12-03;2025-12-04;2025-12-05;2025-12-08;2025-12-09;2025-12-10;2025-12-11;2025-12-12;2025-12-15;2025-12-16;2025-12-17;2025-12-18;2025-12-19;2025-12-22;2025-12-23,20,4623.063475685918,2025-12-10;2025-12-17,2025-12-10;2025-12-17;2025-12-03;2025-01-15;2025-01-08;2025-01-29;2025-12-18;2025-12-11;2025-12-04;2025-01-22,,2025-12-23,4984.119358393425,6193.686021124053,6184.119358393425,17.81412858796296,22.391528788349103,11.815311260197706,25.07735502583731,97088.85003642115,325.53684424542644,4756.89614070258,62169.15689844046,1463.2144702073438,63632.3713686478,62169.15689844046,62169.15683627127,45844.872993491175,1550.4876000959034,lexicographic,6.216915683627127e-05,4.584487294780613e-05,False,0.36656000000220956,0.0,1,0
2025-12-25,False,2,1.0,10,0.8,0,calibrated_quantile,2025-11-27;2025-11-28;2025-12-01;2025-12-02;2025-12-03;2025-12-04;2025-12-05;2025-12-08;2025-12-09;2025-12-10;2025-12-11;2025-12-12;2025-12-15;2025-12-16;2025-12-17;2025-12-18;2025-12-19;2025-12-22;2025-12-23;2025-12-24,20,4582.02250752769,2025-12-11;2025-12-04,2025-12-11;2025-12-04;2025-01-09;2025-12-18;2025-01-16;2025-01-23;2025-01-02;2025-12-24;2025-02-06;2025-01-30,,2025-12-24,4977.363103040836,6184.119358393425,6177.363103040836,21.046116377314817,27.086051642550053,14.845989953976279,34.0014397722785,97634.73376210901,744.2899235338448,5715.673970110859,62969.74721710532,2136.5456241032225,65106.292841208546,62969.74721710532,62969.74715413556,46275.223154811814,1531.292523680971,lexicographic,6.296974715413557e-05,4.6275223154812446e-05,False,0.39547619999939343,0.0,1,0
2025-12-26,False,2,1.0,10,0.8,0,calibrated_quantile,2025-11-28;2025-12-01;2025-12-02;2025-12-03;2025-12-04;2025-12-05;2025-12-08;2025-12-09;2025-12-10;2025-12-11;2025-12-12;2025-12-15;2025-12-16;2025-12-17;2025-12-18;2025-12-19;2025-12-22;2025-12-23;2025-12-24;2025-12-25,20,4661.887796807436,2025-12-12;2025-12-19,2025-12-12;2025-12-19;2025-01-10;2025-01-24;2025-01-03;2025-01-17;2025-12-05;2025-02-07;2025-12-18;2025-01-31,,2025-12-25,4970.606847688248,6177.363103040836,6170.606847688248,18.383229571759255,22.856137728082185,12.60958223410435,28.46233114327622,51227.43827668873,324.79516221450695,4464.445051469341,26872.004930370793,1145.8295442939861,28017.834474664778,26872.004930370793,26872.00490349879,38932.955981877225,1368.137234791254,lexicographic,2.687200490349879e-05,3.8932955942944275e-05,False,0.22065699999802746,0.0,1,0
2025-12-27,False,2,1.0,10,0.8,0,calibrated_quantile,2025-11-29;2025-11-30;2025-12-06;2025-12-07;2025-12-13;2025-12-14;2025-12-20;2025-12-21,8,6332.912191068216,2025-12-20;2025-12-06,2025-12-20;2025-12-06;2025-12-13;2025-01-11;2025-01-18;2025-01-04;2025-01-25;2025-02-01;2025-02-08;2025-02-15,,2025-12-26,4963.850592335661,6170.606847688248,6163.850592335661,22.47513113425926,27.309879200912242,11.099135590216898,22.962572908119622,53894.63501386725,370.5721261313762,6751.2824125921725,28403.92245755656,1582.4021377923489,29986.32459534891,28403.92245755656,28403.922429152637,39837.47687144039,1386.014707396524,lexicographic,2.840392242915264e-05,3.983747683160293e-05,False,0.2926865000008547,0.0,1,0
2025-12-28,False,2,1.0,10,0.8,0,calibrated_quantile,2025-11-30;2025-12-06;2025-12-07;2025-12-13;2025-12-14;2025-12-20;2025-12-21;2025-12-27,8,4957.236163517436,2025-12-21;2025-12-14,2025-12-21;2025-12-14;2025-12-07;2025-01-12;2025-01-19;2025-01-05;2025-01-26;2025-02-02;2025-11-30;2025-02-09,,2025-12-27,4957.094336983073,6163.850592335661,6157.094336983073,23.266688715277773,27.72935914782176,16.021824870416495,32.81288870011357,98762.48048515932,541.386564345453,7642.922928838951,63477.5693567864,2128.350077188025,65605.91943397443,63477.56935678641,63477.569293308836,46282.731687051535,1593.9380139376285,lexicographic,6.347756929330884e-05,4.62827316407688e-05,False,0.3307667000008223,0.0,1,0
2025-12-29,False,2,1.0,10,0.8,0,calibrated_quantile,2025-12-01;2025-12-02;2025-12-03;2025-12-04;2025-12-05;2025-12-08;2025-12-09;2025-12-10;2025-12-11;2025-12-12;2025-12-15;2025-12-16;2025-12-17;2025-12-18;2025-12-19;2025-12-22;2025-12-23;2025-12-24;2025-12-25;2025-12-26,20,4579.332119551664,2025-12-22;2025-12-15,2025-12-22;2025-12-15;2025-01-13;2025-12-08;2025-01-06;2025-01-20;2025-01-27;2025-02-10;2025-02-03;2025-12-01,,2025-12-28,4951.184529410457,6157.094336983073,6151.184529410457,20.341561689814814,25.742361359656126,10.654707610714103,21.932788286756825,98261.62373300038,275.31281862826086,6167.983507431756,62933.502666044136,926.5171604353231,63860.01982647946,62933.502666044136,62933.50260311063,46212.76695115634,1588.3235841712471,lexicographic,6.293350260311064e-05,4.621276690494358e-05,False,0.25706649999847286,0.0,1,0
2025-12-30,False,2,1.0,10,0.8,0,calibrated_quantile,2025-12-02;2025-12-03;2025-12-04;2025-12-05;2025-12-08;2025-12-09;2025-12-10;2025-12-11;2025-12-12;2025-12-15;2025-12-16;2025-12-17;2025-12-18;2025-12-19;2025-12-22;2025-12-23;2025-12-24;2025-12-25;2025-12-26;2025-12-29,20,3784.491875745055,2025-12-23;2025-12-09,2025-12-23;2025-12-09;2025-12-16;2025-01-07;2025-01-14;2025-01-21;2025-01-28;2025-12-02;2025-02-04;2025-12-24,,2025-12-29,4945.27472183784,6151.184529410457,6145.27472183784,19.358311979166672,23.85583381761642,16.061049579055634,34.05071918796653,96669.89374430917,326.3349449931088,5923.14930170405,62005.0076216341,1198.2723114064468,63203.27993304055,62005.0076216341,62005.007559629106,46246.01389043947,1536.682487849916,lexicographic,6.200500755962911e-05,4.6246013844193455e-05,False,0.2936943999993673,0.0,1,0
2025-12-31,False,2,1.0,10,0.8,0,calibrated_quantile,2025-12-03;2025-12-04;2025-12-05;2025-12-08;2025-12-09;2025-12-10;2025-12-11;2025-12-12;2025-12-15;2025-12-16;2025-12-17;2025-12-18;2025-12-19;2025-12-22;2025-12-23;2025-12-24;2025-12-25;2025-12-26;2025-12-29;2025-12-30,20,3340.1976142227445,2025-12-24;2025-12-10,2025-12-24;2025-12-10;2025-01-15;2025-12-03;2025-12-17;2025-01-29;2025-01-08;2025-01-22;2025-02-05;2025-12-25,,2025-12-30,4939.364914265224,6145.27472183784,6139.364914265224,22.535337037037042,28.47149613153722,9.76689073323345,21.725902412278398,96257.383020624,952.5289801452894,3756.2591374379767,61401.73986487804,3852.973040462276,65254.71290534032,61401.739864878036,61401.73980347629,45851.178036458085,1541.5840760054907,lexicographic,6.14017398034763e-05,4.585117803646019e-05,False,0.31866490000174963,0.0,1,0
