date,warmup,forecast_method,k_load,rho_load,k_pv,rho_pv,scenario_count,purchase_strategy,risk_source_dates,risk_source_day_count,purchase_margin_kwh,similar_load_dates,similar_pv_dates,scenario_source_dates,reserve_latest_source_date,reserve_kwh,soc_start_kwh,soc_end_kwh,load_mae_kwh,load_rmse_kwh,pv_mae_kwh,pv_rmse_kwh,planned_grid_kwh,actual_emergency_kwh,actual_surplus_kwh,planned_cost_yuan,emergency_cost_yuan,actual_total_cost_yuan,solver_objective_yuan,primary_optimum_yuan,storage_throughput_kwh,peak_grid_kwh,objective_mode,cost_lock_tolerance,throughput_lock_tolerance,lexicographic_tolerance_relaxed,solver_seconds,mip_gap,mip_node_count,solver_status
2025-01-01,True,similar_day,4,1.0,7,1.0,1,legacy_scenarios,,0,0.0,,,,,0.0,6000.0,1200.0,113.22068668981478,133.3022984116728,140.49898124999996,202.86438614058318,54149.365590550944,36514.41488333333,21.217300000000023,32909.86528886616,146586.90245181666,179496.76774068282,32909.86528886616,32909.8652559563,32207.271655599336,1409.802763499626,lexicographic,3.29098652559563e-05,3.220727162339207e-05,False,0.2105353999977524,0.0,1,0
2025-01-02,True,similar_day,4,1.0,7,1.0,1,legacy_scenarios,,0,0.0,2025-01-01,2025-01-01,2025-01-01,2025-01-01,0.0,1200.0,1200.0,23.174773842592586,30.59957725485432,10.191742013888886,22.31262096676364,121187.55481800545,1078.4512333333328,24345.769549999997,80989.97380738662,3690.905855833331,84680.87966321995,113351.5922729366,113351.592159585,47964.973656613576,1915.6016626657388,lexicographic,0.000113351592159585,4.7964973608648594e-05,False,0.08837829999902169,0.0,1,0
2025-01-03,True,similar_day,4,1.0,7,1.0,2,legacy_scenarios,,0,0.0,2025-01-02,2025-01-02,2025-01-02;2025-01-01,2025-01-02,0.0,1200.0,1200.0,317.8716789351851,348.7040332424474,14.416922685185186,34.59753499876732,122067.11959109809,0.0,71527.18066666667,81754.5938942043,0.0,81754.5938942043,99925.96195176264,99925.96185183665,47964.97673449597,1912.4201794637067,lexicographic,9.992596185183665e-05,4.7964976734494286e-05,False,0.09395430000222404,1.4562697179681322e-16,1,0
2025-01-04,True,similar_day,4,1.0,7,1.0,3,legacy_scenarios,,0,0.0,2025-01-02;2025-01-03,2025-01-02;2025-01-03,2025-01-03;2025-01-02;2025-01-01,2025-01-03,0.0,1200.0,1200.0,160.62484398148146,176.43343098782768,13.496411921296293,34.372197882564734,98237.90548959529,125.69500000000005,48634.08835833332,62151.69617870356,268.7359100000001,62420.432088703565,74327.74660861329,74327.74653428551,47287.77196798675,1678.534834638601,lexicographic,7.432774653428552e-05,4.728777192069897e-05,False,0.12824729999920237,0.0,1,0
2025-01-05,True,similar_day,4,1.0,7,1.0,4,legacy_scenarios,,0,0.0,2025-01-04;2025-01-02;2025-01-03,2025-01-04;2025-01-02;2025-01-03,2025-01-04;2025-01-03;2025-01-02;2025-01-01,2025-01-04,0.0,1200.0,1200.0,212.01386859567904,233.77631031764665,8.594969907407412,17.060329152744558,90014.20848887303,14603.011850000003,8704.845405555552,55605.654769347544,61680.16771044722,117285.82247979476,64810.351417777405,64810.351352967074,46456.64729634028,1603.423387051109,lexicographic,6.481035135296708e-05,4.6456647296334436e-05,False,0.12963780000063707,1.1226536289793353e-16,1,0
2025-01-06,True,similar_day,4,1.0,7,1.0,5,legacy_scenarios,,0,0.0,2025-01-05;2025-01-04;2025-01-02;2025-01-03,2025-01-05;2025-01-04;2025-01-02;2025-01-03,2025-01-03;2025-01-02;2025-01-01;2025-01-05;2025-01-04,2025-01-05,0.0,1200.0,1200.0,153.12547980324072,169.0588475659639,10.199889641203704,18.703873205654457,93645.27702088757,10192.509579166666,8239.303116247233,59160.112853784056,42773.92441210208,101934.03726588615,81491.34627903377,81491.34619754243,47307.7069194247,1610.9678415803064,lexicographic,8.149134619754243e-05,4.730770687211698e-05,False,0.14552700000058394,0.0,1,0
2025-01-07,True,similar_day,4,1.0,7,1.0,5,legacy_scenarios,,0,0.0,2025-01-06;2025-01-05;2025-01-04;2025-01-03,2025-01-06;2025-01-05;2025-01-04;2025-01-03;2025-01-02,2025-01-06;2025-01-03;2025-01-02;2025-01-01;2025-01-05,2025-01-06,0.0,1200.0,1200.0,155.2669320601852,173.6515376588082,16.54014543981482,37.71145158073236,94397.16203408859,10406.011682222223,7279.126555830955,59497.75701243511,43553.75971750847,103051.51672994357,89827.14679588695,89827.14670605984,47223.34021562399,1604.4349832588948,lexicographic,8.982714670605984e-05,4.722334016840064e-05,False,0.15363559999968857,0.0,1,0
2025-01-08,True,similar_day,4,1.0,7,1.0,5,legacy_scenarios,,0,0.0,2025-01-07;2025-01-06;2025-01-03;2025-01-02,2025-01-07;2025-01-06;2025-01-03;2025-01-02;2025-01-04;2025-01-05,2025-01-07;2025-01-06;2025-01-03;2025-01-02;2025-01-01,2025-01-07,0.0,1200.0,1200.0,76.57864282407408,86.28541026220604,11.743839756944448,27.510074910574733,104155.06014621127,4869.559020833334,14463.620183184083,67399.94009402159,20180.026293962506,87579.9663879841,95448.69140455684,95448.69130910824,47964.97777695207,1720.6140540174124,lexicographic,9.544869130910825e-05,4.7964977776952304e-05,False,0.13538859999971464,0.0,1,0
2025-01-09,True,similar_day,4,1.0,7,1.0,6,legacy_scenarios,,0,0.0,2025-01-07;2025-01-06;2025-01-08;2025-01-05,2025-01-07;2025-01-06;2025-01-08;2025-01-05;2025-01-04;2025-01-03;2025-01-02,2025-01-08;2025-01-07;2025-01-06;2025-01-03;2025-01-02;2025-01-01,2025-01-08,0.0,1200.0,1200.0,18.543603269675916,24.68488685753256,14.302365443121687,28.964994506799798,110957.60126245198,811.0136333333332,15690.802539642862,73276.66040092759,2382.3757356375017,75659.03613656509,102795.93652623448,102795.93642343854,47500.65154447989,1765.038959606336,lexicographic,0.00010279593642343855,4.750065149697923e-05,False,0.23420319999786443,0.0,1,0
2025-01-10,True,similar_day,4,1.0,7,1.0,7,legacy_scenarios,,0,0.0,2025-01-09;2025-01-08;2025-01-07;2025-01-06,2025-01-09;2025-01-08;2025-01-07;2025-01-06;2025-01-03;2025-01-04;2025-01-02,2025-01-09;2025-01-08;2025-01-07;2025-01-06;2025-01-03;2025-01-02;2025-01-01,2025-01-09,0.0,1200.0,1200.0,315.2259735243055,343.80741676306536,13.036234490740743,23.581469382985006,110914.9635407789,0.0,60438.61378130952,73231.51168138918,0.0,73231.51168138918,98853.49614034465,98853.49604149116,47495.19109196287,1765.1395542517264,lexicographic,9.885349604149116e-05,4.7495191044467665e-05,False,0.27796090000265394,1.472068850479407e-16,1,0
2025-01-11,True,similar_day,4,1.0,7,1.0,5,legacy_scenarios,,0,0.0,2025-01-10;2025-01-04;2025-01-05;2025-01-09,2025-01-10;2025-01-04;2025-01-05;2025-01-09;2025-01-08;2025-01-07;2025-01-06,2025-01-05;2025-01-04;2025-01-10;2025-01-09;2025-01-08,2025-01-10,0.0,1200.0,1200.0,160.43242879050925,177.37324896535188,8.88114518849207,17.65386992893256,85110.96872184603,91.34416666666664,35459.76186309524,52617.99600769781,195.29382833333327,52813.289836031145,72123.4913938779,72123.49132175437,46456.645157047074,1531.1056249077196,lexicographic,7.212349132175437e-05,4.6456645110590426e-05,False,0.12038720000055037,0.0,1,0
2025-01-12,True,similar_day,4,1.0,7,1.0,5,legacy_scenarios,,0,0.0,2025-01-11;2025-01-10;2025-01-05;2025-01-04,2025-01-11;2025-01-10;2025-01-05;2025-01-04;2025-01-09;2025-01-06;2025-01-07,2025-01-11;2025-01-05;2025-01-04;2025-01-10;2025-01-09,2025-01-11,0.0,1200.0,1200.0,231.62261385995367,254.54862271919572,9.330521312830685,18.99400306046369,73822.28753470874,22136.661676190473,307.3956045634925,43431.44103414152,90466.13609930672,133897.57713344824,58879.00834387837,58879.0082849994,45589.75801825101,1429.685264125365,lexicographic,5.8879008284999406e-05,4.558975797266124e-05,False,0.16027609999946435,0.0,1,0
2025-01-13,True,similar_day,4,1.0,7,1.0,8,legacy_scenarios,,0,0.0,2025-01-10;2025-01-12;2025-01-07;2025-01-08,2025-01-10;2025-01-12;2025-01-07;2025-01-08;2025-01-11;2025-01-06;2025-01-09,2025-01-10;2025-01-09;2025-01-08;2025-01-07;2025-01-06;2025-01-03;2025-01-02;2025-01-01,2025-01-12,0.0,1200.0,1200.0,80.42537786458335,90.09165214394307,18.904435813492082,33.965321589273174,99391.63842120374,5127.986495833334,11369.003986666672,63805.804510170055,20811.176881777083,84616.98139194713,86153.38227165885,86153.38218550547,46456.64091738843,1650.384391141335,lexicographic,8.615338218550548e-05,4.645664091737647e-05,False,0.19609610000043176,0.0,1,0
2025-01-14,True,similar_day,4,1.0,7,1.0,9,legacy_scenarios,,0,0.0,2025-01-09;2025-01-13;2025-01-07;2025-01-12,2025-01-09;2025-01-13;2025-01-07;2025-01-12;2025-01-06;2025-01-10;2025-01-11,2025-01-13;2025-01-10;2025-01-09;2025-01-08;2025-01-07;2025-01-06;2025-01-03;2025-01-02;2025-01-01,2025-01-13,0.0,1200.0,1200.0,18.74131059027778,23.157980450644043,11.960215823412709,23.98416661720409,110797.95019132599,1009.258591666667,17522.686548571433,73038.63031194253,3293.389235491668,76332.0195474342,95192.54478171194,95192.54468651945,47671.678078784724,1761.2050827966411,lexicographic,9.519254468651946e-05,4.767167803111303e-05,False,0.22374549999949522,0.0,1,0
2025-01-15,True,similar_day,4,1.0,7,1.0,10,legacy_scenarios,,0,0.0,2025-01-14;2025-01-09;2025-01-13;2025-01-10,2025-01-14;2025-01-09;2025-01-13;2025-01-10;2025-01-07;2025-01-12;2025-01-06,2025-01-14;2025-01-13;2025-01-10;2025-01-09;2025-01-08;2025-01-07;2025-01-06;2025-01-03;2025-01-02;2025-01-01,2025-01-14,0.0,1200.0,1200.0,79.35085726273148,90.22398859570124,9.678541005291002,18.616331272321712,99117.16740109232,5028.566674999998,9198.727109953532,63508.6650094185,21662.86531635833,85171.53032577684,83950.97336596347,83950.97328201261,46456.64157567303,1592.214499477339,lexicographic,8.395097328201261e-05,4.6456641575678953e-05,False,0.22461370000019087,0.0,1,0
2025-01-16,True,similar_day,4,1.0,7,1.0,11,legacy_scenarios,,0,0.0,2025-01-15;2025-01-10;2025-01-14;2025-01-09,2025-01-15;2025-01-10;2025-01-14;2025-01-09;2025-01-07;2025-01-13;2025-01-08,2025-01-15;2025-01-14;2025-01-13;2025-01-10;2025-01-09;2025-01-08;2025-01-07;2025-01-06;2025-01-03;2025-01-02;2025-01-01,2025-01-15,0.0,1200.0,1200.0,78.99361782407408,88.4022191100579,15.770518634259266,32.492414400432736,95241.1404980784,5074.9593589285705,6365.284366071429,60763.11664311944,21084.58828764375,81847.7049307632,83691.66536427621,83691.66528058451,46456.64165312293,1595.8615351244864,lexicographic,8.369166528058451e-05,4.645664165311642e-05,False,0.308791100000235,0.0,1,0
2025-01-17,True,similar_day,4,1.0,7,1.0,12,legacy_scenarios,,0,0.0,2025-01-16;2025-01-15;2025-01-10;2025-01-14,2025-01-16;2025-01-15;2025-01-10;2025-01-14;2025-01-09;2025-01-07;2025-01-13,2025-01-16;2025-01-15;2025-01-14;2025-01-13;2025-01-10;2025-01-09;2025-01-08;2025-01-07;2025-01-06;2025-01-03;2025-01-02;2025-01-01,2025-01-16,0.0,1200.0,1200.0,241.08244337384258,264.7647145378256,11.897375810185197,22.92634785488274,95021.42941302291,0.0,47455.65189678571,60588.3897684898,0.0,60588.3897684898,83416.51528575871,83416.51520234221,46456.641735382436,1590.0665341431559,lexicographic,8.341651520234222e-05,4.645664173538543e-05,False,0.28626169999915874,0.0,1,0
2025-01-18,True,similar_day,4,1.0,7,1.0,5,legacy_scenarios,,0,0.0,2025-01-12;2025-01-11;2025-01-17;2025-01-16,2025-01-12;2025-01-11;2025-01-17;2025-01-16;2025-01-15;2025-01-14;2025-01-04,2025-01-12;2025-01-11;2025-01-05;2025-01-04;2025-01-17,2025-01-17,0.0,1200.0,1200.0,159.61433272569445,175.89388512040037,12.71195305886244,22.94699779741692,88419.13000771584,119.59041666666656,40419.54729922702,55135.22441349925,255.6843108333331,55390.908724332585,81694.00199173298,81694.00191003899,46456.642296656806,1600.5657350269041,lexicographic,8.1694001910039e-05,4.6456642250200156e-05,False,0.14477400000032503,0.0,1,0
2025-01-19,True,similar_day,4,1.0,7,1.0,5,legacy_scenarios,,0,0.0,2025-01-18;2025-01-12;2025-01-11;2025-01-17,2025-01-18;2025-01-12;2025-01-11;2025-01-17;2025-01-14;2025-01-16;2025-01-15,2025-01-18;2025-01-12;2025-01-11;2025-01-05;2025-01-04,2025-01-18,0.0,1200.0,1200.0,233.73216880787035,258.3747073217141,11.925785152116404,22.622458756992767,77205.95761955318,17392.79684536753,1178.3532307334754,45992.59286151137,73431.33870760094,119423.93156911232,72167.15778038048,72167.15770821334,45128.65157480139,1541.625362281094,lexicographic,7.216715770821335e-05,4.512865152967273e-05,False,0.4089710999978706,0.0,1,0
2025-01-20,True,similar_day,4,1.0,7,1.0,13,legacy_scenarios,,0,0.0,2025-01-13;2025-01-14;2025-01-17;2025-01-15,2025-01-13;2025-01-14;2025-01-17;2025-01-15;2025-01-16;2025-01-07;2025-01-09,2025-01-17;2025-01-16;2025-01-15;2025-01-14;2025-01-13;2025-01-10;2025-01-09;2025-01-08;2025-01-07;2025-01-06;2025-01-03;2025-01-02;2025-01-01,2025-01-19,0.0,1200.0,1200.0,77.61492627314816,87.9739474006443,13.255158416005306,24.8406359428604,94616.005664952,4710.122792857142,6382.387790238097,60203.14998310867,19835.707910791072,80038.85789389974,81249.14240147907,81249.14232023002,46456.64238317681,1589.7581200167886,lexicographic,8.124914232023003e-05,4.6456642383173555e-05,False,0.3134191999997711,0.0,1,0
2025-01-21,True,similar_day,4,1.0,7,1.0,14,legacy_scenarios,,0,0.0,2025-01-20;2025-01-14;2025-01-15;2025-01-17,2025-01-20;2025-01-14;2025-01-15;2025-01-17;2025-01-16;2025-01-09;2025-01-07,2025-01-20;2025-01-17;2025-01-16;2025-01-15;2025-01-14;2025-01-13;2025-01-10;2025-01-09;2025-01-08;2025-01-07;2025-01-06;2025-01-03;2025-01-02;2025-01-01,2025-01-20,0.0,1200.0,1200.0,72.38462725694441,82.18990599086861,36.5304693452381,69.4728256871594,94557.53463779757,4450.477120833332,10657.201992023813,60216.1196119191,18139.778179402078,78355.89779132119,81141.38074098682,81141.38065984545,46439.8852669764,1580.2677715536565,lexicographic,8.114138065984546e-05,4.6439885266980754e-05,False,0.3414167999981146,0.0,1,0
2025-01-22,True,similar_day,4,1.0,7,1.0,14,legacy_scenarios,,0,0.0,2025-01-21;2025-01-20;2025-01-14;2025-01-15,2025-01-21;2025-01-20;2025-01-14;2025-01-15;2025-01-17;2025-01-09;2025-01-16,2025-01-21;2025-01-20;2025-01-17;2025-01-16;2025-01-15;2025-01-14;2025-01-13;2025-01-10;2025-01-09;2025-01-08;2025-01-07;2025-01-06;2025-01-03;2025-01-02,2025-01-21,0.0,1200.0,1200.0,17.456171325231484,22.136014137538805,13.73011674933862,25.383954250927996,101051.71168007358,799.8590499999995,8076.1423347222235,65789.59157146516,3028.5012029312484,68818.09277439641,84082.23769873448,84082.23761465227,46456.64153641733,1675.393285527202,lexicographic,8.408223761465228e-05,4.645664153642114e-05,False,0.3175279999995837,0.0,1,0
2025-01-23,True,similar_day,4,1.0,7,1.0,14,legacy_scenarios,,0,0.0,2025-01-15;2025-01-21;2025-01-16;2025-01-17,2025-01-15;2025-01-21;2025-01-16;2025-01-17;2025-01-20;2025-01-14;2025-01-09,2025-01-22;2025-01-21;2025-01-20;2025-01-17;2025-01-16;2025-01-15;2025-01-14;2025-01-13;2025-01-10;2025-01-09;2025-01-08;2025-01-07;2025-01-06;2025-01-03,2025-01-22,0.0,1200.0,1200.0,79.48195810185183,89.38770605470151,14.05202716600528,28.507884196245495,89450.87304467567,6099.509641468254,1210.802593936542,56403.659995872826,23361.053867330655,79764.71386320348,74654.402013647,74654.40193899261,45475.34016260722,1544.139331436541,lexicographic,7.465440193899262e-05,4.547534011713188e-05,False,0.6429278000032355,0.0,1,0
2025-01-24,True,similar_day,4,1.0,7,1.0,14,legacy_scenarios,,0,0.0,2025-01-23;2025-01-17;2025-01-16;2025-01-20,2025-01-23;2025-01-17;2025-01-16;2025-01-20;2025-01-21;2025-01-10;2025-01-15,2025-01-23;2025-01-22;2025-01-21;2025-01-20;2025-01-17;2025-01-16;2025-01-15;2025-01-14;2025-01-13;2025-01-10;2025-01-09;2025-01-08;2025-01-07;2025-01-06,2025-01-23,0.0,1200.0,1200.0,241.74790778356478,266.3479368050662,17.402429894179907,38.576393485774744,90692.56493438173,0.0,46092.52226631911,57061.14310479323,0.0,57061.14310479323,76333.01207132346,76333.01199499029,45446.52330364923,1535.9440683429211,lexicographic,7.633301199499029e-05,4.5446523258202695e-05,False,0.6511499000007461,0.0,1,0
2025-01-25,True,similar_day,4,1.0,7,1.0,6,legacy_scenarios,,0,0.0,2025-01-19;2025-01-18;2025-01-22;2025-01-21,2025-01-19;2025-01-18;2025-01-22;2025-01-21;2025-01-12;2025-01-23;2025-01-17,2025-01-19;2025-01-18;2025-01-12;2025-01-11;2025-01-05;2025-01-04,2025-01-24,0.0,1200.0,1200.0,238.40343926504627,262.9484828503039,29.016727728174615,56.81586459973441,99035.56269301505,0.0,55701.89426812864,63800.90685985083,0.0,63800.90685985083,97277.53197541027,97277.53187813287,46622.67502304066,1745.480750595238,lexicographic,9.727753187813287e-05,4.6622674976417974e-05,False,0.44601759999932256,1.4959173971022584e-16,1,0
2025-01-26,True,similar_day,4,1.0,7,1.0,7,legacy_scenarios,,0,0.0,2025-01-25;2025-01-19;2025-01-18;2025-01-22,2025-01-25;2025-01-19;2025-01-18;2025-01-22;2025-01-21;2025-01-20;2025-01-12,2025-01-25;2025-01-19;2025-01-18;2025-01-12;2025-01-11;2025-01-05;2025-01-04,2025-01-25,0.0,1200.0,1200.0,157.65562161458334,175.02319621012435,16.48676069775131,35.340363716249435,86909.76259943622,10111.58783611111,4456.432235912697,53949.40896765189,41835.41972518641,95784.8286928383,82652.33672285755,82652.33664020542,46354.36832108078,1572.6189080486772,lexicographic,8.265233664020542e-05,4.6354368274726406e-05,False,0.15783840000221971,0.0,1,0
2025-01-27,True,similar_day,4,1.0,7,1.0,14,legacy_scenarios,,0,0.0,2025-01-20;2025-01-21;2025-01-24;2025-01-23,2025-01-20;2025-01-21;2025-01-24;2025-01-23;2025-01-14;2025-01-17;2025-01-13,2025-01-24;2025-01-23;2025-01-22;2025-01-21;2025-01-20;2025-01-17;2025-01-16;2025-01-15;2025-01-14;2025-01-13;2025-01-10;2025-01-09;2025-01-08;2025-01-07,2025-01-26,0.0,1200.0,1200.0,75.6719003761574,84.69641244648551,19.775141749338633,36.97094694954484,87665.94419805752,5057.99524047619,3794.6271832472094,54840.40171532583,20772.59467985208,75612.9963951779,70863.95299645614,70863.95292559202,45101.34633808026,1527.4387266995907,lexicographic,7.086395292559202e-05,4.510134629297891e-05,False,0.6385803000011947,0.0,1,0
2025-01-28,True,similar_day,4,1.0,7,1.0,14,legacy_scenarios,,0,0.0,2025-01-22;2025-01-20;2025-01-23;2025-01-21,2025-01-22;2025-01-20;2025-01-23;2025-01-21;2025-01-27;2025-01-14;2025-01-13,2025-01-27;2025-01-24;2025-01-23;2025-01-22;2025-01-21;2025-01-20;2025-01-17;2025-01-16;2025-01-15;2025-01-14;2025-01-13;2025-01-10;2025-01-09;2025-01-08,2025-01-27,0.0,1200.0,1200.0,20.212109780092582,24.657720047553937,11.444311425264548,21.210525538467504,98361.94121228858,893.3042791666655,7408.5833009920625,63512.83398755615,2824.234543589578,66337.06853114573,76579.44279583113,76579.44271925166,46357.55637406173,1566.8056782695921,lexicographic,7.657944271925167e-05,4.635755632770417e-05,False,0.2890944999999192,0.0,1,0
2025-01-29,True,similar_day,4,1.0,7,1.0,14,legacy_scenarios,,0,0.0,2025-01-23;2025-01-21;2025-01-27;2025-01-22,2025-01-23;2025-01-21;2025-01-27;2025-01-22;2025-01-24;2025-01-15;2025-01-20,2025-01-28;2025-01-27;2025-01-24;2025-01-23;2025-01-22;2025-01-21;2025-01-20;2025-01-17;2025-01-16;2025-01-15;2025-01-14;2025-01-13;2025-01-10;2025-01-09,2025-01-28,0.0,1200.0,1200.0,20.31237502893519,24.755673979558736,33.8163037202381,56.83979809664988,97842.20202966515,409.1745749999998,11999.831306547618,63139.21097217075,1262.6417155520833,64401.852687722836,74979.33777223433,74979.33769725493,46358.332047856544,1566.9952615184977,lexicographic,7.497933769725494e-05,4.63583320014982e-05,False,0.30344650000188267,0.0,1,0
2025-01-30,True,similar_day,4,1.0,7,1.0,14,legacy_scenarios,,0,0.0,2025-01-22;2025-01-29;2025-01-21;2025-01-27,2025-01-22;2025-01-29;2025-01-21;2025-01-27;2025-01-23;2025-01-24;2025-01-17,2025-01-29;2025-01-28;2025-01-27;2025-01-24;2025-01-23;2025-01-22;2025-01-21;2025-01-20;2025-01-17;2025-01-16;2025-01-15;2025-01-14;2025-01-13;2025-01-10,2025-01-29,0.0,1200.0,1200.0,17.260203530092593,23.54083424750967,16.762830340608478,35.092930279914206,96528.68987874442,689.7846875000002,8653.083232738096,62065.1565814994,2933.212387037502,64998.3689685369,73804.87315645584,73804.87308265106,45943.59724112187,1563.982762944905,lexicographic,7.380487308265106e-05,4.594359719517827e-05,False,0.29917120000027353,0.0,1,0
2025-01-31,True,similar_day,4,1.0,7,1.0,14,legacy_scenarios,,0,0.0,2025-01-30;2025-01-29;2025-01-22;2025-01-23,2025-01-30;2025-01-29;2025-01-22;2025-01-23;2025-01-24;2025-01-27;2025-01-21,2025-01-30;2025-01-29;2025-01-28;2025-01-27;2025-01-24;2025-01-23;2025-01-22;2025-01-21;2025-01-20;2025-01-17;2025-01-16;2025-01-15;2025-01-14;2025-01-13,2025-01-30,0.0,1200.0,1200.0,320.19415726273144,350.270053053422,14.48071106150793,26.750097102667116,96182.22372692694,0.0,52619.53840357142,61898.593169241394,0.0,61898.593169241394,73807.83315424177,73807.83308043392,45710.714288281524,1561.328597048056,lexicographic,7.380783308043392e-05,4.57107142425708e-05,False,0.38060760000007576,0.0,1,0
2025-02-01,False,calendar_trend,4,1.0,7,1.0,0,calibrated_quantile,2025-01-04;2025-01-05;2025-01-06;2025-01-07;2025-01-08;2025-01-09;2025-01-10;2025-01-11;2025-01-12;2025-01-13;2025-01-14;2025-01-15;2025-01-16;2025-01-17;2025-01-18;2025-01-19;2025-01-20;2025-01-21;2025-01-22;2025-01-23;2025-01-24;2025-01-25;2025-01-26;2025-01-27;2025-01-28;2025-01-29;2025-01-30;2025-01-31,28,23600.68510599206,2025-01-04;2025-01-05;2025-01-06;2025-01-07;2025-01-08;2025-01-09;2025-01-10;2025-01-11;2025-01-12;2025-01-13;2025-01-14;2025-01-15;2025-01-16;2025-01-17;2025-01-18;2025-01-19;2025-01-20;2025-01-21;2025-01-22;2025-01-23;2025-01-24;2025-01-25;2025-01-26;2025-01-27;2025-01-28;2025-01-29;2025-01-30;2025-01-31,2025-01-18;2025-01-19;2025-01-20;2025-01-21;2025-01-22;2025-01-23;2025-01-24;2025-01-25;2025-01-26;2025-01-27;2025-01-28;2025-01-29;2025-01-30;2025-01-31,,2025-01-31,0.0,1200.0,1200.0,33.071501354996855,38.32793014869407,10.493657839017365,20.724795551149512,66323.95810478064,0.0,27780.89908858034,38318.76882921365,0.0,38318.76882921365,38318.76882921365,38318.76879089488,39675.99147362761,1500.2263138333947,lexicographic,3.831876879089488e-05,3.967599143395162e-05,False,0.09026989999983925,0.0,1,0
2025-02-02,False,calendar_trend,4,1.0,7,1.0,0,calibrated_quantile,2025-01-05;2025-01-06;2025-01-07;2025-01-08;2025-01-09;2025-01-10;2025-01-11;2025-01-12;2025-01-13;2025-01-14;2025-01-15;2025-01-16;2025-01-17;2025-01-18;2025-01-19;2025-01-20;2025-01-21;2025-01-22;2025-01-23;2025-01-24;2025-01-25;2025-01-26;2025-01-27;2025-01-28;2025-01-29;2025-01-30;2025-01-31;2025-02-01,28,23586.00010599206,2025-01-05;2025-01-06;2025-01-07;2025-01-08;2025-01-09;2025-01-10;2025-01-11;2025-01-12;2025-01-13;2025-01-14;2025-01-15;2025-01-16;2025-01-17;2025-01-18;2025-01-19;2025-01-20;2025-01-21;2025-01-22;2025-01-23;2025-01-24;2025-01-25;2025-01-26;2025-01-27;2025-01-28;2025-01-29;2025-01-30;2025-01-31;2025-02-01,2025-01-19;2025-01-20;2025-01-21;2025-01-22;2025-01-23;2025-01-24;2025-01-25;2025-01-26;2025-01-27;2025-01-28;2025-01-29;2025-01-30;2025-01-31;2025-02-01,,2025-02-01,0.0,1200.0,1200.0,22.133344352358293,27.013918851677808,10.459012263849935,20.3720277303429,109678.51195821416,0.0,26445.56962470595,72772.67940217708,0.0,72772.67940217708,72772.67940217708,72772.6793294044,46456.644916578276,1644.8538870430075,lexicographic,7.27726793294044e-05,4.645664491657828e-05,False,0.0824523000010231,0.0,1,0
2025-02-03,False,calendar_trend,4,1.0,7,1.0,0,calibrated_quantile,2025-01-06;2025-01-07;2025-01-08;2025-01-09;2025-01-10;2025-01-11;2025-01-12;2025-01-13;2025-01-14;2025-01-15;2025-01-16;2025-01-17;2025-01-18;2025-01-19;2025-01-20;2025-01-21;2025-01-22;2025-01-23;2025-01-24;2025-01-25;2025-01-26;2025-01-27;2025-01-28;2025-01-29;2025-01-30;2025-01-31;2025-02-01;2025-02-02,28,20449.248465238095,2025-01-06;2025-01-07;2025-01-08;2025-01-09;2025-01-10;2025-01-11;2025-01-12;2025-01-13;2025-01-14;2025-01-15;2025-01-16;2025-01-17;2025-01-18;2025-01-19;2025-01-20;2025-01-21;2025-01-22;2025-01-23;2025-01-24;2025-01-25;2025-01-26;2025-01-27;2025-01-28;2025-01-29;2025-01-30;2025-01-31;2025-02-01;2025-02-02,2025-01-20;2025-01-21;2025-01-22;2025-01-23;2025-01-24;2025-01-25;2025-01-26;2025-01-27;2025-01-28;2025-01-29;2025-01-30;2025-01-31;2025-02-01;2025-02-02,,2025-02-02,0.0,1200.0,1200.0,18.65718764706313,23.292614125755797,12.527401165299993,24.4400753607094,105524.4698729489,0.0,20469.63142128956,69364.94326221535,0.0,69364.94326221535,69364.94326221535,69364.94319285042,46087.572276333725,1599.901969891293,lexicographic,6.936494319285042e-05,4.608757223024613e-05,False,0.07576139999946463,0.0,1,0
2025-02-04,False,calendar_trend,4,1.0,7,1.0,0,calibrated_quantile,2025-01-07;2025-01-08;2025-01-09;2025-01-10;2025-01-11;2025-01-12;2025-01-13;2025-01-14;2025-01-15;2025-01-16;2025-01-17;2025-01-18;2025-01-19;2025-01-20;2025-01-21;2025-01-22;2025-01-23;2025-01-24;2025-01-25;2025-01-26;2025-01-27;2025-01-28;2025-01-29;2025-01-30;2025-01-31;2025-02-01;2025-02-02;2025-02-03,28,17421.911942142855,2025-01-07;2025-01-08;2025-01-09;2025-01-10;2025-01-11;2025-01-12;2025-01-13;2025-01-14;2025-01-15;2025-01-16;2025-01-17;2025-01-18;2025-01-19;2025-01-20;2025-01-21;2025-01-22;2025-01-23;2025-01-24;2025-01-25;2025-01-26;2025-01-27;2025-01-28;2025-01-29;2025-01-30;2025-01-31;2025-02-01;2025-02-02;2025-02-03,2025-01-21;2025-01-22;2025-01-23;2025-01-24;2025-01-25;2025-01-26;2025-01-27;2025-01-28;2025-01-29;2025-01-30;2025-01-31;2025-02-01;2025-02-02;2025-02-03,,2025-02-03,0.0,1200.0,1200.0,21.38931991217457,27.320586263543092,19.87631451314577,38.96144525982467,101949.85066980246,61.31505491312123,16068.741212108778,66331.39771403167,131.03417252226532,66462.43188655394,66331.39771403167,66331.39764770029,45226.76114904383,1596.3098504810205,lexicographic,6.633139764770029e-05,4.522676110381706e-05,False,0.15223349999723723,0.0,1,0
2025-02-05,False,calendar_trend,4,1.0,7,1.0,0,calibrated_quantile,2025-01-08;2025-01-09;2025-01-10;2025-01-11;2025-01-12;2025-01-13;2025-01-14;2025-01-15;2025-01-16;2025-01-17;2025-01-18;2025-01-19;2025-01-20;2025-01-21;2025-01-22;2025-01-23;2025-01-24;2025-01-25;2025-01-26;2025-01-27;2025-01-28;2025-01-29;2025-01-30;2025-01-31;2025-02-01;2025-02-02;2025-02-03;2025-02-04,28,14720.642404157597,2025-01-08;2025-01-09;2025-01-10;2025-01-11;2025-01-12;2025-01-13;2025-01-14;2025-01-15;2025-01-16;2025-01-17;2025-01-18;2025-01-19;2025-01-20;2025-01-21;2025-01-22;2025-01-23;2025-01-24;2025-01-25;2025-01-26;2025-01-27;2025-01-28;2025-01-29;2025-01-30;2025-01-31;2025-02-01;2025-02-02;2025-02-03;2025-02-04,2025-01-22;2025-01-23;2025-01-24;2025-01-25;2025-01-26;2025-01-27;2025-01-28;2025-01-29;2025-01-30;2025-01-31;2025-02-01;2025-02-02;2025-02-03;2025-02-04,,2025-02-04,0.0,1200.0,1200.0,19.352008254716388,24.682765617858756,16.23143159863173,33.108053745700175,98509.75914777452,32.57667266909061,13075.615159962648,63874.90234358682,76.53635298051258,63951.43869656733,63874.90234358683,63874.9022797119,44947.95555598539,1589.7386251833195,lexicographic,6.38749022797119e-05,4.494795551103743e-05,False,0.07220539999980247,0.0,1,0
2025-02-06,False,calendar_trend,4,1.0,7,1.0,0,calibrated_quantile,2025-01-09;2025-01-10;2025-01-11;2025-01-12;2025-01-13;2025-01-14;2025-01-15;2025-01-16;2025-01-17;2025-01-18;2025-01-19;2025-01-20;2025-01-21;2025-01-22;2025-01-23;2025-01-24;2025-01-25;2025-01-26;2025-01-27;2025-01-28;2025-01-29;2025-01-30;2025-01-31;2025-02-01;2025-02-02;2025-02-03;2025-02-04;2025-02-05,28,14419.162468643732,2025-01-09;2025-01-10;2025-01-11;2025-01-12;2025-01-13;2025-01-14;2025-01-15;2025-01-16;2025-01-17;2025-01-18;2025-01-19;2025-01-20;2025-01-21;2025-01-22;2025-01-23;2025-01-24;2025-01-25;2025-01-26;2025-01-27;2025-01-28;2025-01-29;2025-01-30;2025-01-31;2025-02-01;2025-02-02;2025-02-03;2025-02-04;2025-02-05,2025-01-23;2025-01-24;2025-01-25;2025-01-26;2025-01-27;2025-01-28;2025-01-29;2025-01-30;2025-01-31;2025-02-01;2025-02-02;2025-02-03;2025-02-04;2025-02-05,,2025-02-05,0.0,1200.0,1200.0,19.318868104144162,24.1760125319647,10.601000311683006,19.69376306276086,98303.1285772753,0.0,13313.777594615585,63731.83963059736,0.0,63731.83963059736,63731.83963059736,63731.839566865514,44947.95640235491,1574.059213443251,lexicographic,6.373183956686552e-05,4.494795635740695e-05,False,0.06685440000001108,0.0,1,0
2025-02-07,False,calendar_trend,4,1.0,7,1.0,0,calibrated_quantile,2025-01-10;2025-01-11;2025-01-12;2025-01-13;2025-01-14;2025-01-15;2025-01-16;2025-01-17;2025-01-18;2025-01-19;2025-01-20;2025-01-21;2025-01-22;2025-01-23;2025-01-24;2025-01-25;2025-01-26;2025-01-27;2025-01-28;2025-01-29;2025-01-30;2025-01-31;2025-02-01;2025-02-02;2025-02-03;2025-02-04;2025-02-05;2025-02-06,28,14419.162468643732,2025-01-10;2025-01-11;2025-01-12;2025-01-13;2025-01-14;2025-01-15;2025-01-16;2025-01-17;2025-01-18;2025-01-19;2025-01-20;2025-01-21;2025-01-22;2025-01-23;2025-01-24;2025-01-25;2025-01-26;2025-01-27;2025-01-28;2025-01-29;2025-01-30;2025-01-31;2025-02-01;2025-02-02;2025-02-03;2025-02-04;2025-02-05;2025-02-06,2025-01-24;2025-01-25;2025-01-26;2025-01-27;2025-01-28;2025-01-29;2025-01-30;2025-01-31;2025-02-01;2025-02-02;2025-02-03;2025-02-04;2025-02-05;2025-02-06,,2025-02-06,0.0,1200.0,1200.0,20.165601490131266,25.485948006145097,25.826060653623593,51.39366369789802,53753.04010785185,0.0,17889.076218569786,29463.894560323744,0.0,29463.894560323744,29463.894560323744,29463.89453085986,38660.49706807299,1440.1371596877739,lexicographic,2.9463894530859862e-05,3.86604970294125e-05,False,0.12680330000148388,0.0,1,0
2025-02-08,False,calendar_trend,4,1.0,7,1.0,0,calibrated_quantile,2025-01-11;2025-01-12;2025-01-13;2025-01-14;2025-01-15;2025-01-16;2025-01-17;2025-01-18;2025-01-19;2025-01-20;2025-01-21;2025-01-22;2025-01-23;2025-01-24;2025-01-25;2025-01-26;2025-01-27;2025-01-28;2025-01-29;2025-01-30;2025-01-31;2025-02-01;2025-02-02;2025-02-03;2025-02-04;2025-02-05;2025-02-06;2025-02-07,28,14419.162468643732,2025-01-11;2025-01-12;2025-01-13;2025-01-14;2025-01-15;2025-01-16;2025-01-17;2025-01-18;2025-01-19;2025-01-20;2025-01-21;2025-01-22;2025-01-23;2025-01-24;2025-01-25;2025-01-26;2025-01-27;2025-01-28;2025-01-29;2025-01-30;2025-01-31;2025-02-01;2025-02-02;2025-02-03;2025-02-04;2025-02-05;2025-02-06;2025-02-07,2025-01-25;2025-01-26;2025-01-27;2025-01-28;2025-01-29;2025-01-30;2025-01-31;2025-02-01;2025-02-02;2025-02-03;2025-02-04;2025-02-05;2025-02-06;2025-02-07,,2025-02-07,0.0,1200.0,1200.0,18.24072219287527,22.695699010789856,19.681528704751145,40.912837308333025,51942.34626669399,0.0,16311.850252296223,28481.887150123956,0.0,28481.887150123956,28481.887150123956,28481.88712164208,38613.332994175216,1431.852778418593,lexicographic,2.8481887121642083e-05,3.8613332955561896e-05,False,0.13773469999796362,0.0,1,0
2025-02-09,False,calendar_trend,4,1.0,7,1.0,0,calibrated_quantile,2025-01-12;2025-01-13;2025-01-14;2025-01-15;2025-01-16;2025-01-17;2025-01-18;2025-01-19;2025-01-20;2025-01-21;2025-01-22;2025-01-23;2025-01-24;2025-01-25;2025-01-26;2025-01-27;2025-01-28;2025-01-29;2025-01-30;2025-01-31;2025-02-01;2025-02-02;2025-02-03;2025-02-04;2025-02-05;2025-02-06;2025-02-07;2025-02-08,28,14411.15361864373,2025-01-12;2025-01-13;2025-01-14;2025-01-15;2025-01-16;2025-01-17;2025-01-18;2025-01-19;2025-01-20;2025-01-21;2025-01-22;2025-01-23;2025-01-24;2025-01-25;2025-01-26;2025-01-27;2025-01-28;2025-01-29;2025-01-30;2025-01-31;2025-02-01;2025-02-02;2025-02-03;2025-02-04;2025-02-05;2025-02-06;2025-02-07;2025-02-08,2025-01-26;2025-01-27;2025-01-28;2025-01-29;2025-01-30;2025-01-31;2025-02-01;2025-02-02;2025-02-03;2025-02-04;2025-02-05;2025-02-06;2025-02-07;2025-02-08,,2025-02-08,0.0,1200.0,1200.0,28.269530926356538,33.88627964671594,20.373448041695347,40.37946491915458,94353.4820509395,297.2462049349582,10377.016780011189,60924.34188425691,864.6425497490641,61788.98443400597,60924.3418842569,60924.341823332536,44947.973008662564,1536.8058994529106,lexicographic,6.092434182333254e-05,4.4947972963714596e-05,False,0.08251689999815426,0.0,1,0
2025-02-10,False,calendar_trend,4,1.0,7,1.0,0,calibrated_quantile,2025-01-13;2025-01-14;2025-01-15;2025-01-16;2025-01-17;2025-01-18;2025-01-19;2025-01-20;2025-01-21;2025-01-22;2025-01-23;2025-01-24;2025-01-25;2025-01-26;2025-01-27;2025-01-28;2025-01-29;2025-01-30;2025-01-31;2025-02-01;2025-02-02;2025-02-03;2025-02-04;2025-02-05;2025-02-06;2025-02-07;2025-02-08;2025-02-09,28,12433.93497339705,2025-01-13;2025-01-14;2025-01-15;2025-01-16;2025-01-17;2025-01-18;2025-01-19;2025-01-20;2025-01-21;2025-01-22;2025-01-23;2025-01-24;2025-01-25;2025-01-26;2025-01-27;2025-01-28;2025-01-29;2025-01-30;2025-01-31;2025-02-01;2025-02-02;2025-02-03;2025-02-04;2025-02-05;2025-02-06;2025-02-07;2025-02-08;2025-02-09,2025-01-27;2025-01-28;2025-01-29;2025-01-30;2025-01-31;2025-02-01;2025-02-02;2025-02-03;2025-02-04;2025-02-05;2025-02-06;2025-02-07;2025-02-08;2025-02-09,,2025-02-09,0.0,1200.0,1200.0,23.97962707565277,30.115335970435176,30.15202585698214,58.11531330481456,93562.24889654803,12.110574068089136,14529.425961122537,60252.8104354343,26.54535053317802,60279.35578596748,60252.8104354343,60252.81037518146,44947.97698078988,1521.089132943057,lexicographic,6.025281037518147e-05,4.4947976935841904e-05,False,0.07914559999699122,0.0,1,0
2025-02-11,False,calendar_trend,4,1.0,7,1.0,0,calibrated_quantile,2025-01-14;2025-01-15;2025-01-16;2025-01-17;2025-01-18;2025-01-19;2025-01-20;2025-01-21;2025-01-22;2025-01-23;2025-01-24;2025-01-25;2025-01-26;2025-01-27;2025-01-28;2025-01-29;2025-01-30;2025-01-31;2025-02-01;2025-02-02;2025-02-03;2025-02-04;2025-02-05;2025-02-06;2025-02-07;2025-02-08;2025-02-09;2025-02-10,28,12023.763047399532,2025-01-14;2025-01-15;2025-01-16;2025-01-17;2025-01-18;2025-01-19;2025-01-20;2025-01-21;2025-01-22;2025-01-23;2025-01-24;2025-01-25;2025-01-26;2025-01-27;2025-01-28;2025-01-29;2025-01-30;2025-01-31;2025-02-01;2025-02-02;2025-02-03;2025-02-04;2025-02-05;2025-02-06;2025-02-07;2025-02-08;2025-02-09;2025-02-10,2025-01-28;2025-01-29;2025-01-30;2025-01-31;2025-02-01;2025-02-02;2025-02-03;2025-02-04;2025-02-05;2025-02-06;2025-02-07;2025-02-08;2025-02-09;2025-02-10,,2025-02-10,0.0,1200.0,1200.0,22.79676129352062,28.168783076615828,15.760283696472381,30.458667890452425,91988.57373803962,0.0,12064.692185453143,58955.36525842798,0.0,58955.36525842798,58955.36525842797,58955.36519947263,44804.97262551676,1535.2031752663124,lexicographic,5.895536519947263e-05,4.4804972580711774e-05,False,0.07852669999920181,0.0,1,0
2025-02-12,False,calendar_trend,4,1.0,7,1.0,0,calibrated_quantile,2025-01-15;2025-01-16;2025-01-17;2025-01-18;2025-01-19;2025-01-20;2025-01-21;2025-01-22;2025-01-23;2025-01-24;2025-01-25;2025-01-26;2025-01-27;2025-01-28;2025-01-29;2025-01-30;2025-01-31;2025-02-01;2025-02-02;2025-02-03;2025-02-04;2025-02-05;2025-02-06;2025-02-07;2025-02-08;2025-02-09;2025-02-10;2025-02-11,28,12014.567400355922,2025-01-15;2025-01-16;2025-01-17;2025-01-18;2025-01-19;2025-01-20;2025-01-21;2025-01-22;2025-01-23;2025-01-24;2025-01-25;2025-01-26;2025-01-27;2025-01-28;2025-01-29;2025-01-30;2025-01-31;2025-02-01;2025-02-02;2025-02-03;2025-02-04;2025-02-05;2025-02-06;2025-02-07;2025-02-08;2025-02-09;2025-02-10;2025-02-11,2025-01-29;2025-01-30;2025-01-31;2025-02-01;2025-02-02;2025-02-03;2025-02-04;2025-02-05;2025-02-06;2025-02-07;2025-02-08;2025-02-09;2025-02-10;2025-02-11,,2025-02-11,0.0,1200.0,1200.0,20.61293697708291,25.99924276266871,15.197550320288636,30.24428976537834,91791.47361414344,4.394291633870381,11826.438717863586,58918.447250313235,18.31101323833788,58936.75826355157,58918.44725031324,58918.4471913948,44799.33909889746,1530.3558918425508,lexicographic,5.89184471913948e-05,4.479933905409812e-05,False,0.07560309999826131,0.0,1,0
2025-02-13,False,calendar_trend,4,1.0,7,1.0,0,calibrated_quantile,2025-01-16;2025-01-17;2025-01-18;2025-01-19;2025-01-20;2025-01-21;2025-01-22;2025-01-23;2025-01-24;2025-01-25;2025-01-26;2025-01-27;2025-01-28;2025-01-29;2025-01-30;2025-01-31;2025-02-01;2025-02-02;2025-02-03;2025-02-04;2025-02-05;2025-02-06;2025-02-07;2025-02-08;2025-02-09;2025-02-10;2025-02-11;2025-02-12,28,11126.35916824693,2025-01-16;2025-01-17;2025-01-18;2025-01-19;2025-01-20;2025-01-21;2025-01-22;2025-01-23;2025-01-24;2025-01-25;2025-01-26;2025-01-27;2025-01-28;2025-01-29;2025-01-30;2025-01-31;2025-02-01;2025-02-02;2025-02-03;2025-02-04;2025-02-05;2025-02-06;2025-02-07;2025-02-08;2025-02-09;2025-02-10;2025-02-11;2025-02-12,2025-01-30;2025-01-31;2025-02-01;2025-02-02;2025-02-03;2025-02-04;2025-02-05;2025-02-06;2025-02-07;2025-02-08;2025-02-09;2025-02-10;2025-02-11;2025-02-12,,2025-02-12,0.0,1200.0,1200.0,21.94414317119749,26.20948543889598,32.427843538975445,58.695729606330204,90377.88996700771,40.80760090239471,14410.372579452529,57834.489451097834,87.68744508157927,57922.176896179415,57834.48945109784,57834.489393263335,44572.16425758714,1517.8696274488516,lexicographic,5.7834489393263337e-05,4.457216421301497e-05,False,0.07717050000064773,0.0,1,0
2025-02-14,False,calendar_trend,4,1.0,7,1.0,0,calibrated_quantile,2025-01-17;2025-01-18;2025-01-19;2025-01-20;2025-01-21;2025-01-22;2025-01-23;2025-01-24;2025-01-25;2025-01-26;2025-01-27;2025-01-28;2025-01-29;2025-01-30;2025-01-31;2025-02-01;2025-02-02;2025-02-03;2025-02-04;2025-02-05;2025-02-06;2025-02-07;2025-02-08;2025-02-09;2025-02-10;2025-02-11;2025-02-12;2025-02-13,28,10113.848332251588,2025-01-17;2025-01-18;2025-01-19;2025-01-20;2025-01-21;2025-01-22;2025-01-23;2025-01-24;2025-01-25;2025-01-26;2025-01-27;2025-01-28;2025-01-29;2025-01-30;2025-01-31;2025-02-01;2025-02-02;2025-02-03;2025-02-04;2025-02-05;2025-02-06;2025-02-07;2025-02-08;2025-02-09;2025-02-10;2025-02-11;2025-02-12;2025-02-13,2025-01-31;2025-02-01;2025-02-02;2025-02-03;2025-02-04;2025-02-05;2025-02-06;2025-02-07;2025-02-08;2025-02-09;2025-02-10;2025-02-11;2025-02-12;2025-02-13,,2025-02-13,0.0,1200.0,1200.0,18.16674221814877,22.807991585061586,18.71590626759834,39.68676756888508,43152.32399044477,277.8984426937935,9753.735520734666,23374.93182034734,781.0998558001206,24156.03167614746,23374.93182034734,23374.93179697241,36911.47380675991,1393.9566854652526,lexicographic,2.3374931796972413e-05,3.6911473769848446e-05,False,0.27303720000054454,0.0,1,0
2025-02-15,False,calendar_trend,4,1.0,7,1.0,0,calibrated_quantile,2025-01-18;2025-01-19;2025-01-20;2025-01-21;2025-01-22;2025-01-23;2025-01-24;2025-01-25;2025-01-26;2025-01-27;2025-01-28;2025-01-29;2025-01-30;2025-01-31;2025-02-01;2025-02-02;2025-02-03;2025-02-04;2025-02-05;2025-02-06;2025-02-07;2025-02-08;2025-02-09;2025-02-10;2025-02-11;2025-02-12;2025-02-13;2025-02-14,28,10326.220369928336,2025-01-18;2025-01-19;2025-01-20;2025-01-21;2025-01-22;2025-01-23;2025-01-24;2025-01-25;2025-01-26;2025-01-27;2025-01-28;2025-01-29;2025-01-30;2025-01-31;2025-02-01;2025-02-02;2025-02-03;2025-02-04;2025-02-05;2025-02-06;2025-02-07;2025-02-08;2025-02-09;2025-02-10;2025-02-11;2025-02-12;2025-02-13;2025-02-14,2025-02-01;2025-02-02;2025-02-03;2025-02-04;2025-02-05;2025-02-06;2025-02-07;2025-02-08;2025-02-09;2025-02-10;2025-02-11;2025-02-12;2025-02-13;2025-02-14,,2025-02-14,0.0,1200.0,1200.0,17.637986973972925,21.978471657288527,12.355124916961906,23.940245449486586,42134.899255252945,21.23729872505521,9090.096853627561,22910.49863902125,45.32974522345242,22955.8283842447,22910.49863902125,22910.498616110755,36066.14192965423,1398.2614121365864,lexicographic,2.2910498616110758e-05,3.6066141893588096e-05,False,0.2275147999971523,0.0,1,0
2025-02-16,False,calendar_trend,4,1.0,7,1.0,0,calibrated_quantile,2025-01-19;2025-01-20;2025-01-21;2025-01-22;2025-01-23;2025-01-24;2025-01-25;2025-01-26;2025-01-27;2025-01-28;2025-01-29;2025-01-30;2025-01-31;2025-02-01;2025-02-02;2025-02-03;2025-02-04;2025-02-05;2025-02-06;2025-02-07;2025-02-08;2025-02-09;2025-02-10;2025-02-11;2025-02-12;2025-02-13;2025-02-14;2025-02-15,28,10340.024953206714,2025-01-19;2025-01-20;2025-01-21;2025-01-22;2025-01-23;2025-01-24;2025-01-25;2025-01-26;2025-01-27;2025-01-28;2025-01-29;2025-01-30;2025-01-31;2025-02-01;2025-02-02;2025-02-03;2025-02-04;2025-02-05;2025-02-06;2025-02-07;2025-02-08;2025-02-09;2025-02-10;2025-02-11;2025-02-12;2025-02-13;2025-02-14;2025-02-15,2025-02-02;2025-02-03;2025-02-04;2025-02-05;2025-02-06;2025-02-07;2025-02-08;2025-02-09;2025-02-10;2025-02-11;2025-02-12;2025-02-13;2025-02-14;2025-02-15,,2025-02-15,0.0,1200.0,1200.0,23.852807913826933,29.4240887560387,18.466560391671887,39.44413320214526,86183.28180159844,355.96946896064287,6719.573512830564,54565.01185610735,1391.8775489404516,55956.8894050478,54565.01185610735,54565.01180154236,42318.73984467698,1507.9957963589525,lexicographic,5.456501180154236e-05,4.2318739802358246e-05,False,0.1324248000018997,0.0,1,0
2025-02-17,False,calendar_trend,4,1.0,7,1.0,0,calibrated_quantile,2025-01-20;2025-01-21;2025-01-22;2025-01-23;2025-01-24;2025-01-25;2025-01-26;2025-01-27;2025-01-28;2025-01-29;2025-01-30;2025-01-31;2025-02-01;2025-02-02;2025-02-03;2025-02-04;2025-02-05;2025-02-06;2025-02-07;2025-02-08;2025-02-09;2025-02-10;2025-02-11;2025-02-12;2025-02-13;2025-02-14;2025-02-15;2025-02-16,28,8835.979049466358,2025-01-20;2025-01-21;2025-01-22;2025-01-23;2025-01-24;2025-01-25;2025-01-26;2025-01-27;2025-01-28;2025-01-29;2025-01-30;2025-01-31;2025-02-01;2025-02-02;2025-02-03;2025-02-04;2025-02-05;2025-02-06;2025-02-07;2025-02-08;2025-02-09;2025-02-10;2025-02-11;2025-02-12;2025-02-13;2025-02-14;2025-02-15;2025-02-16,2025-02-03;2025-02-04;2025-02-05;2025-02-06;2025-02-07;2025-02-08;2025-02-09;2025-02-10;2025-02-11;2025-02-12;2025-02-13;2025-02-14;2025-02-15;2025-02-16,,2025-02-16,0.0,1200.0,1200.0,18.95444959187009,22.79050386688437,17.559999686079493,32.29742378617327,85445.91975605534,47.93052373819535,9901.629853163598,53862.610874744954,107.02659831719612,53969.637473062154,53862.61087474496,53862.61082088234,41995.40337122923,1525.0957606216894,lexicographic,5.3862610820882346e-05,4.199540332923382e-05,False,0.24839989999964018,0.0,1,0
2025-02-18,False,calendar_trend,4,1.0,7,1.0,0,calibrated_quantile,2025-01-21;2025-01-22;2025-01-23;2025-01-24;2025-01-25;2025-01-26;2025-01-27;2025-01-28;2025-01-29;2025-01-30;2025-01-31;2025-02-01;2025-02-02;2025-02-03;2025-02-04;2025-02-05;2025-02-06;2025-02-07;2025-02-08;2025-02-09;2025-02-10;2025-02-11;2025-02-12;2025-02-13;2025-02-14;2025-02-15;2025-02-16;2025-02-17,28,7574.347737434917,2025-01-21;2025-01-22;2025-01-23;2025-01-24;2025-01-25;2025-01-26;2025-01-27;2025-01-28;2025-01-29;2025-01-30;2025-01-31;2025-02-01;2025-02-02;2025-02-03;2025-02-04;2025-02-05;2025-02-06;2025-02-07;2025-02-08;2025-02-09;2025-02-10;2025-02-11;2025-02-12;2025-02-13;2025-02-14;2025-02-15;2025-02-16;2025-02-17,2025-02-04;2025-02-05;2025-02-06;2025-02-07;2025-02-08;2025-02-09;2025-02-10;2025-02-11;2025-02-12;2025-02-13;2025-02-14;2025-02-15;2025-02-16;2025-02-17,,2025-02-17,0.0,1200.0,1200.0,19.921408654154824,27.04190662727081,12.627631379236753,25.72261869726687,83393.70673134051,210.74132281480348,7104.184487536548,52057.78469967993,903.1390701765531,52960.92376985648,52057.78469967993,52057.78464762214,42000.342988140284,1544.5534184579828,lexicographic,5.2057784647622145e-05,4.2000342946139936e-05,False,0.15595069999835687,0.0,1,0
2025-02-19,False,calendar_trend,4,1.0,7,1.0,0,calibrated_quantile,2025-01-22;2025-01-23;2025-01-24;2025-01-25;2025-01-26;2025-01-27;2025-01-28;2025-01-29;2025-01-30;2025-01-31;2025-02-01;2025-02-02;2025-02-03;2025-02-04;2025-02-05;2025-02-06;2025-02-07;2025-02-08;2025-02-09;2025-02-10;2025-02-11;2025-02-12;2025-02-13;2025-02-14;2025-02-15;2025-02-16;2025-02-17;2025-02-18,28,7044.097139628036,2025-01-22;2025-01-23;2025-01-24;2025-01-25;2025-01-26;2025-01-27;2025-01-28;2025-01-29;2025-01-30;2025-01-31;2025-02-01;2025-02-02;2025-02-03;2025-02-04;2025-02-05;2025-02-06;2025-02-07;2025-02-08;2025-02-09;2025-02-10;2025-02-11;2025-02-12;2025-02-13;2025-02-14;2025-02-15;2025-02-16;2025-02-17;2025-02-18,2025-02-05;2025-02-06;2025-02-07;2025-02-08;2025-02-09;2025-02-10;2025-02-11;2025-02-12;2025-02-13;2025-02-14;2025-02-15;2025-02-16;2025-02-17;2025-02-18,,2025-02-18,0.0,1200.0,1200.0,22.813514389143393,28.694901586038302,18.49105867655007,35.276963606903855,83081.63626739959,489.6175398152044,6290.260257216529,51762.416872988746,1861.8527752302841,53624.26964821903,51762.416872988746,51762.41682122634,41931.66190349229,1552.1584772142805,lexicographic,5.176241682122634e-05,4.193166186156062e-05,False,0.08585949999906006,0.0,1,0
2025-02-20,False,calendar_trend,4,1.0,7,1.0,0,calibrated_quantile,2025-01-23;2025-01-24;2025-01-25;2025-01-26;2025-01-27;2025-01-28;2025-01-29;2025-01-30;2025-01-31;2025-02-01;2025-02-02;2025-02-03;2025-02-04;2025-02-05;2025-02-06;2025-02-07;2025-02-08;2025-02-09;2025-02-10;2025-02-11;2025-02-12;2025-02-13;2025-02-14;2025-02-15;2025-02-16;2025-02-17;2025-02-18;2025-02-19,28,7185.36963482081,2025-01-23;2025-01-24;2025-01-25;2025-01-26;2025-01-27;2025-01-28;2025-01-29;2025-01-30;2025-01-31;2025-02-01;2025-02-02;2025-02-03;2025-02-04;2025-02-05;2025-02-06;2025-02-07;2025-02-08;2025-02-09;2025-02-10;2025-02-11;2025-02-12;2025-02-13;2025-02-14;2025-02-15;2025-02-16;2025-02-17;2025-02-18;2025-02-19,2025-02-06;2025-02-07;2025-02-08;2025-02-09;2025-02-10;2025-02-11;2025-02-12;2025-02-13;2025-02-14;2025-02-15;2025-02-16;2025-02-17;2025-02-18;2025-02-19,,2025-02-19,0.0,1200.0,1200.0,20.414550620401602,25.78746182055724,15.675546093858205,29.379001847178383,83800.45264223916,116.46429495396646,8522.117040729521,52341.677103078015,500.9055205139979,52842.58262359201,52341.67710307801,52341.67705073633,41931.66186982,1532.6449248476865,lexicographic,5.2341677050736336e-05,4.193166182788833e-05,False,0.07211260000258335,0.0,1,0
2025-02-21,False,calendar_trend,4,1.0,7,1.0,0,calibrated_quantile,2025-01-24;2025-01-25;2025-01-26;2025-01-27;2025-01-28;2025-01-29;2025-01-30;2025-01-31;2025-02-01;2025-02-02;2025-02-03;2025-02-04;2025-02-05;2025-02-06;2025-02-07;2025-02-08;2025-02-09;2025-02-10;2025-02-11;2025-02-12;2025-02-13;2025-02-14;2025-02-15;2025-02-16;2025-02-17;2025-02-18;2025-02-19;2025-02-20,28,6135.583505603427,2025-01-24;2025-01-25;2025-01-26;2025-01-27;2025-01-28;2025-01-29;2025-01-30;2025-01-31;2025-02-01;2025-02-02;2025-02-03;2025-02-04;2025-02-05;2025-02-06;2025-02-07;2025-02-08;2025-02-09;2025-02-10;2025-02-11;2025-02-12;2025-02-13;2025-02-14;2025-02-15;2025-02-16;2025-02-17;2025-02-18;2025-02-19;2025-02-20,2025-02-07;2025-02-08;2025-02-09;2025-02-10;2025-02-11;2025-02-12;2025-02-13;2025-02-14;2025-02-15;2025-02-16;2025-02-17;2025-02-18;2025-02-19;2025-02-20,,2025-02-20,0.0,1200.0,1200.0,20.975245412202558,26.001119264359676,10.101139277054735,18.098629399539593,38263.20242489832,77.1136475539727,9216.02828178209,20118.359453645655,361.6416573432336,20480.001110988887,20118.35945364566,20118.359433527297,33952.034846209215,1394.274761290087,lexicographic,2.01183594335273e-05,3.3952034812257185e-05,False,0.18163169999752427,0.0,1,0
2025-02-22,False,calendar_trend,4,1.0,7,1.0,0,calibrated_quantile,2025-01-25;2025-01-26;2025-01-27;2025-01-28;2025-01-29;2025-01-30;2025-01-31;2025-02-01;2025-02-02;2025-02-03;2025-02-04;2025-02-05;2025-02-06;2025-02-07;2025-02-08;2025-02-09;2025-02-10;2025-02-11;2025-02-12;2025-02-13;2025-02-14;2025-02-15;2025-02-16;2025-02-17;2025-02-18;2025-02-19;2025-02-20;2025-02-21,28,6161.22894153282,2025-01-25;2025-01-26;2025-01-27;2025-01-28;2025-01-29;2025-01-30;2025-01-31;2025-02-01;2025-02-02;2025-02-03;2025-02-04;2025-02-05;2025-02-06;2025-02-07;2025-02-08;2025-02-09;2025-02-10;2025-02-11;2025-02-12;2025-02-13;2025-02-14;2025-02-15;2025-02-16;2025-02-17;2025-02-18;2025-02-19;2025-02-20;2025-02-21,2025-02-08;2025-02-09;2025-02-10;2025-02-11;2025-02-12;2025-02-13;2025-02-14;2025-02-15;2025-02-16;2025-02-17;2025-02-18;2025-02-19;2025-02-20;2025-02-21,,2025-02-21,0.0,1200.0,1200.0,19.550767441330965,24.390713064957144,17.99587133479086,33.9120887629499,37720.862839613386,303.6335883863599,6666.516335191516,19783.957474925155,1211.8846416763956,20995.84211660155,19783.957474925155,19783.957455141197,33468.01657447132,1399.7437377691203,lexicographic,1.97839574551412e-05,3.346801654100331e-05,False,0.20377879999796278,0.0,1,0
2025-02-23,False,calendar_trend,4,1.0,7,1.0,0,calibrated_quantile,2025-01-26;2025-01-27;2025-01-28;2025-01-29;2025-01-30;2025-01-31;2025-02-01;2025-02-02;2025-02-03;2025-02-04;2025-02-05;2025-02-06;2025-02-07;2025-02-08;2025-02-09;2025-02-10;2025-02-11;2025-02-12;2025-02-13;2025-02-14;2025-02-15;2025-02-16;2025-02-17;2025-02-18;2025-02-19;2025-02-20;2025-02-21;2025-02-22,28,6350.087224374673,2025-01-26;2025-01-27;2025-01-28;2025-01-29;2025-01-30;2025-01-31;2025-02-01;2025-02-02;2025-02-03;2025-02-04;2025-02-05;2025-02-06;2025-02-07;2025-02-08;2025-02-09;2025-02-10;2025-02-11;2025-02-12;2025-02-13;2025-02-14;2025-02-15;2025-02-16;2025-02-17;2025-02-18;2025-02-19;2025-02-20;2025-02-21;2025-02-22,2025-02-09;2025-02-10;2025-02-11;2025-02-12;2025-02-13;2025-02-14;2025-02-15;2025-02-16;2025-02-17;2025-02-18;2025-02-19;2025-02-20;2025-02-21;2025-02-22,,2025-02-22,0.0,1200.0,1200.0,22.92330183472039,28.365421368821757,16.170071697674487,32.1916365391418,81808.53101857356,527.2255188210494,6386.615795012971,50782.70487615978,1570.9930570184106,52353.69793317819,50782.70487615978,50782.7048253771,42080.47145724985,1529.01819226408,lexicographic,5.07827048253771e-05,4.208047141516937e-05,False,0.11842330000217771,0.0,1,0
2025-02-24,False,calendar_trend,4,1.0,7,1.0,0,calibrated_quantile,2025-01-27;2025-01-28;2025-01-29;2025-01-30;2025-01-31;2025-02-01;2025-02-02;2025-02-03;2025-02-04;2025-02-05;2025-02-06;2025-02-07;2025-02-08;2025-02-09;2025-02-10;2025-02-11;2025-02-12;2025-02-13;2025-02-14;2025-02-15;2025-02-16;2025-02-17;2025-02-18;2025-02-19;2025-02-20;2025-02-21;2025-02-22;2025-02-23,28,5617.598431254854,2025-01-27;2025-01-28;2025-01-29;2025-01-30;2025-01-31;2025-02-01;2025-02-02;2025-02-03;2025-02-04;2025-02-05;2025-02-06;2025-02-07;2025-02-08;2025-02-09;2025-02-10;2025-02-11;2025-02-12;2025-02-13;2025-02-14;2025-02-15;2025-02-16;2025-02-17;2025-02-18;2025-02-19;2025-02-20;2025-02-21;2025-02-22;2025-02-23,2025-02-10;2025-02-11;2025-02-12;2025-02-13;2025-02-14;2025-02-15;2025-02-16;2025-02-17;2025-02-18;2025-02-19;2025-02-20;2025-02-21;2025-02-22;2025-02-23,,2025-02-23,0.0,1200.0,1200.0,21.407273536846798,26.58176692440839,22.880290881021907,43.059103641521865,82026.59920981323,146.8672567752282,9556.287313264997,50826.79693480635,699.8843795785974,51526.68131438494,50826.79693480635,50826.79688397956,42050.54432288835,1554.12394007077,lexicographic,5.0826796883979564e-05,4.2050544280837806e-05,False,0.1179085000003397,0.0,1,0
2025-02-25,False,calendar_trend,4,1.0,7,1.0,0,calibrated_quantile,2025-01-28;2025-01-29;2025-01-30;2025-01-31;2025-02-01;2025-02-02;2025-02-03;2025-02-04;2025-02-05;2025-02-06;2025-02-07;2025-02-08;2025-02-09;2025-02-10;2025-02-11;2025-02-12;2025-02-13;2025-02-14;2025-02-15;2025-02-16;2025-02-17;2025-02-18;2025-02-19;2025-02-20;2025-02-21;2025-02-22;2025-02-23;2025-02-24,28,5147.077543009111,2025-01-28;2025-01-29;2025-01-30;2025-01-31;2025-02-01;2025-02-02;2025-02-03;2025-02-04;2025-02-05;2025-02-06;2025-02-07;2025-02-08;2025-02-09;2025-02-10;2025-02-11;2025-02-12;2025-02-13;2025-02-14;2025-02-15;2025-02-16;2025-02-17;2025-02-18;2025-02-19;2025-02-20;2025-02-21;2025-02-22;2025-02-23;2025-02-24,2025-02-11;2025-02-12;2025-02-13;2025-02-14;2025-02-15;2025-02-16;2025-02-17;2025-02-18;2025-02-19;2025-02-20;2025-02-21;2025-02-22;2025-02-23;2025-02-24,,2025-02-24,0.0,1200.0,1200.0,20.85706224760963,26.351223749361623,32.889307237278516,62.45031532926532,80876.53585101909,157.93521075751264,10797.292478626394,50010.324989986504,747.9933934160547,50758.31838340256,50010.324989986504,50010.32493997618,42066.83254299247,1560.615495272341,lexicographic,5.001032493997618e-05,4.2066832500925645e-05,False,0.11208260000057635,2.909782179146501e-16,1,0
2025-02-26,False,calendar_trend,4,1.0,7,1.0,0,calibrated_quantile,2025-01-29;2025-01-30;2025-01-31;2025-02-01;2025-02-02;2025-02-03;2025-02-04;2025-02-05;2025-02-06;2025-02-07;2025-02-08;2025-02-09;2025-02-10;2025-02-11;2025-02-12;2025-02-13;2025-02-14;2025-02-15;2025-02-16;2025-02-17;2025-02-18;2025-02-19;2025-02-20;2025-02-21;2025-02-22;2025-02-23;2025-02-24;2025-02-25,28,5116.4661790114005,2025-01-29;2025-01-30;2025-01-31;2025-02-01;2025-02-02;2025-02-03;2025-02-04;2025-02-05;2025-02-06;2025-02-07;2025-02-08;2025-02-09;2025-02-10;2025-02-11;2025-02-12;2025-02-13;2025-02-14;2025-02-15;2025-02-16;2025-02-17;2025-02-18;2025-02-19;2025-02-20;2025-02-21;2025-02-22;2025-02-23;2025-02-24;2025-02-25,2025-02-12;2025-02-13;2025-02-14;2025-02-15;2025-02-16;2025-02-17;2025-02-18;2025-02-19;2025-02-20;2025-02-21;2025-02-22;2025-02-23;2025-02-24;2025-02-25,,2025-02-25,0.0,1200.0,1200.0,21.534578449844066,26.921916919108842,16.060867556718534,29.37921407276142,79705.51737042777,345.18633706497354,6806.034771321223,49169.4263492225,1423.3198379214855,50592.74618714399,49169.42634922249,49169.42630005304,42199.87281124799,1552.2124887970226,lexicographic,4.916942630005304e-05,4.219987276904812e-05,False,0.11613860000215936,0.0,1,0
2025-02-27,False,calendar_trend,4,1.0,7,1.0,0,calibrated_quantile,2025-01-30;2025-01-31;2025-02-01;2025-02-02;2025-02-03;2025-02-04;2025-02-05;2025-02-06;2025-02-07;2025-02-08;2025-02-09;2025-02-10;2025-02-11;2025-02-12;2025-02-13;2025-02-14;2025-02-15;2025-02-16;2025-02-17;2025-02-18;2025-02-19;2025-02-20;2025-02-21;2025-02-22;2025-02-23;2025-02-24;2025-02-25;2025-02-26,28,5194.570009188663,2025-01-30;2025-01-31;2025-02-01;2025-02-02;2025-02-03;2025-02-04;2025-02-05;2025-02-06;2025-02-07;2025-02-08;2025-02-09;2025-02-10;2025-02-11;2025-02-12;2025-02-13;2025-02-14;2025-02-15;2025-02-16;2025-02-17;2025-02-18;2025-02-19;2025-02-20;2025-02-21;2025-02-22;2025-02-23;2025-02-24;2025-02-25;2025-02-26,2025-02-13;2025-02-14;2025-02-15;2025-02-16;2025-02-17;2025-02-18;2025-02-19;2025-02-20;2025-02-21;2025-02-22;2025-02-23;2025-02-24;2025-02-25;2025-02-26,,2025-02-26,0.0,1200.0,1200.0,20.852652785275012,25.735725682005256,21.643400034296267,42.456928154205706,79541.98910994237,202.40674423764847,8360.276467153808,49112.346847798624,1046.0967104079377,50158.44355820656,49112.346847798624,49112.34679868626,42178.098360618336,1538.6152983181128,lexicographic,4.9112346798686265e-05,4.217809831844023e-05,False,0.11035909999918658,0.0,1,0
2025-02-28,False,calendar_trend,4,1.0,7,1.0,0,calibrated_quantile,2025-01-31;2025-02-01;2025-02-02;2025-02-03;2025-02-04;2025-02-05;2025-02-06;2025-02-07;2025-02-08;2025-02-09;2025-02-10;2025-02-11;2025-02-12;2025-02-13;2025-02-14;2025-02-15;2025-02-16;2025-02-17;2025-02-18;2025-02-19;2025-02-20;2025-02-21;2025-02-22;2025-02-23;2025-02-24;2025-02-25;2025-02-26;2025-02-27,28,5208.7539374582575,2025-01-31;2025-02-01;2025-02-02;2025-02-03;2025-02-04;2025-02-05;2025-02-06;2025-02-07;2025-02-08;2025-02-09;2025-02-10;2025-02-11;2025-02-12;2025-02-13;2025-02-14;2025-02-15;2025-02-16;2025-02-17;2025-02-18;2025-02-19;2025-02-20;2025-02-21;2025-02-22;2025-02-23;2025-02-24;2025-02-25;2025-02-26;2025-02-27,2025-02-14;2025-02-15;2025-02-16;2025-02-17;2025-02-18;2025-02-19;2025-02-20;2025-02-21;2025-02-22;2025-02-23;2025-02-24;2025-02-25;2025-02-26;2025-02-27,,2025-02-27,0.0,1200.0,1200.0,19.20218217723767,23.31499946238186,17.73181872927313,39.62438661302822,36592.546456362055,666.0764748540126,10535.623765794031,19077.700722140908,1972.0024559665371,21049.703178107444,19077.700722140908,19077.70070306321,32679.12717849419,1393.3697773288923,lexicographic,1.907770070306321e-05,3.267912714581508e-05,False,0.2180143000005046,0.0,1,0
2025-03-01,False,calendar_trend,4,1.0,7,1.0,0,calibrated_quantile,2025-02-01;2025-02-02;2025-02-03;2025-02-04;2025-02-05;2025-02-06;2025-02-07;2025-02-08;2025-02-09;2025-02-10;2025-02-11;2025-02-12;2025-02-13;2025-02-14;2025-02-15;2025-02-16;2025-02-17;2025-02-18;2025-02-19;2025-02-20;2025-02-21;2025-02-22;2025-02-23;2025-02-24;2025-02-25;2025-02-26;2025-02-27;2025-02-28,28,5345.007445614673,2025-02-01;2025-02-02;2025-02-03;2025-02-04;2025-02-05;2025-02-06;2025-02-07;2025-02-08;2025-02-09;2025-02-10;2025-02-11;2025-02-12;2025-02-13;2025-02-14;2025-02-15;2025-02-16;2025-02-17;2025-02-18;2025-02-19;2025-02-20;2025-02-21;2025-02-22;2025-02-23;2025-02-24;2025-02-25;2025-02-26;2025-02-27;2025-02-28,2025-02-15;2025-02-16;2025-02-17;2025-02-18;2025-02-19;2025-02-20;2025-02-21;2025-02-22;2025-02-23;2025-02-24;2025-02-25;2025-02-26;2025-02-27;2025-02-28,,2025-02-28,0.0,1200.0,1200.0,29.61258287438758,38.55553711295747,34.78879037601807,72.33751232371195,35812.58311707026,465.2519038556839,9263.221982138555,18663.900271637074,1451.3048567511007,20115.205128388174,18663.900271637074,18663.900252973173,31968.85926774655,1368.799039023897,lexicographic,1.8663900252973175e-05,3.1968859235777705e-05,False,0.1967908999977226,1.9492060918575578e-16,1,0
2025-03-02,False,calendar_trend,4,1.0,7,1.0,0,calibrated_quantile,2025-02-02;2025-02-03;2025-02-04;2025-02-05;2025-02-06;2025-02-07;2025-02-08;2025-02-09;2025-02-10;2025-02-11;2025-02-12;2025-02-13;2025-02-14;2025-02-15;2025-02-16;2025-02-17;2025-02-18;2025-02-19;2025-02-20;2025-02-21;2025-02-22;2025-02-23;2025-02-24;2025-02-25;2025-02-26;2025-02-27;2025-02-28;2025-03-01,28,5622.83434189571,2025-02-02;2025-02-03;2025-02-04;2025-02-05;2025-02-06;2025-02-07;2025-02-08;2025-02-09;2025-02-10;2025-02-11;2025-02-12;2025-02-13;2025-02-14;2025-02-15;2025-02-16;2025-02-17;2025-02-18;2025-02-19;2025-02-20;2025-02-21;2025-02-22;2025-02-23;2025-02-24;2025-02-25;2025-02-26;2025-02-27;2025-02-28;2025-03-01,2025-02-16;2025-02-17;2025-02-18;2025-02-19;2025-02-20;2025-02-21;2025-02-22;2025-02-23;2025-02-24;2025-02-25;2025-02-26;2025-02-27;2025-02-28;2025-03-01,,2025-03-01,0.0,1200.0,1200.0,22.261243575140536,29.25759176525722,49.624792284907535,99.52645643373745,76567.25008056471,3875.992231996657,3665.9346090566282,47074.538505201126,14222.407017422182,61296.94552262331,47074.53850520113,47074.53845812659,42096.79554040486,1493.7294971560937,lexicographic,4.7074538458126594e-05,4.209679549830807e-05,False,0.13269949999812525,0.0,1,0
2025-03-03,False,calendar_trend,4,1.0,7,1.0,0,calibrated_quantile,2025-02-03;2025-02-04;2025-02-05;2025-02-06;2025-02-07;2025-02-08;2025-02-09;2025-02-10;2025-02-11;2025-02-12;2025-02-13;2025-02-14;2025-02-15;2025-02-16;2025-02-17;2025-02-18;2025-02-19;2025-02-20;2025-02-21;2025-02-22;2025-02-23;2025-02-24;2025-02-25;2025-02-26;2025-02-27;2025-02-28;2025-03-01;2025-03-02,28,5968.631000317666,2025-02-03;2025-02-04;2025-02-05;2025-02-06;2025-02-07;2025-02-08;2025-02-09;2025-02-10;2025-02-11;2025-02-12;2025-02-13;2025-02-14;2025-02-15;2025-02-16;2025-02-17;2025-02-18;2025-02-19;2025-02-20;2025-02-21;2025-02-22;2025-02-23;2025-02-24;2025-02-25;2025-02-26;2025-02-27;2025-02-28;2025-03-01;2025-03-02,2025-02-17;2025-02-18;2025-02-19;2025-02-20;2025-02-21;2025-02-22;2025-02-23;2025-02-24;2025-02-25;2025-02-26;2025-02-27;2025-02-28;2025-03-01;2025-03-02,,2025-03-02,0.0,1200.0,1200.0,22.6613550600929,28.376304631195186,33.63658190538742,60.42202659877052,78464.47954743393,1587.7663900705031,3631.8489543187875,48398.11417004377,6957.224716160359,55355.33888620413,48398.11417004377,48398.11412164566,41946.75333280365,1478.5632558995455,lexicographic,4.8398114121645666e-05,4.19467532908569e-05,False,0.11048980000123265,0.0,1,0
2025-03-04,False,calendar_trend,4,1.0,7,1.0,0,calibrated_quantile,2025-02-04;2025-02-05;2025-02-06;2025-02-07;2025-02-08;2025-02-09;2025-02-10;2025-02-11;2025-02-12;2025-02-13;2025-02-14;2025-02-15;2025-02-16;2025-02-17;2025-02-18;2025-02-19;2025-02-20;2025-02-21;2025-02-22;2025-02-23;2025-02-24;2025-02-25;2025-02-26;2025-02-27;2025-02-28;2025-03-01;2025-03-02;2025-03-03,28,6215.789959365471,2025-02-04;2025-02-05;2025-02-06;2025-02-07;2025-02-08;2025-02-09;2025-02-10;2025-02-11;2025-02-12;2025-02-13;2025-02-14;2025-02-15;2025-02-16;2025-02-17;2025-02-18;2025-02-19;2025-02-20;2025-02-21;2025-02-22;2025-02-23;2025-02-24;2025-02-25;2025-02-26;2025-02-27;2025-02-28;2025-03-01;2025-03-02;2025-03-03,2025-02-18;2025-02-19;2025-02-20;2025-02-21;2025-02-22;2025-02-23;2025-02-24;2025-02-25;2025-02-26;2025-02-27;2025-02-28;2025-03-01;2025-03-02;2025-03-03,,2025-03-03,0.0,1200.0,1200.0,16.85649372366484,21.455899820686284,15.258138294737957,30.807775690390667,79385.90723179128,210.0492047520161,5979.246654306964,49126.639043347284,853.3069701129848,49979.94601346027,49126.639043347284,49126.63899422064,42080.13603428651,1477.7329252952686,lexicographic,4.912663899422064e-05,4.208013599220637e-05,False,0.20784849999836297,0.0,1,0
2025-03-05,False,calendar_trend,4,1.0,7,1.0,0,calibrated_quantile,2025-02-05;2025-02-06;2025-02-07;2025-02-08;2025-02-09;2025-02-10;2025-02-11;2025-02-12;2025-02-13;2025-02-14;2025-02-15;2025-02-16;2025-02-17;2025-02-18;2025-02-19;2025-02-20;2025-02-21;2025-02-22;2025-02-23;2025-02-24;2025-02-25;2025-02-26;2025-02-27;2025-02-28;2025-03-01;2025-03-02;2025-03-03;2025-03-04,28,6137.704702081419,2025-02-05;2025-02-06;2025-02-07;2025-02-08;2025-02-09;2025-02-10;2025-02-11;2025-02-12;2025-02-13;2025-02-14;2025-02-15;2025-02-16;2025-02-17;2025-02-18;2025-02-19;2025-02-20;2025-02-21;2025-02-22;2025-02-23;2025-02-24;2025-02-25;2025-02-26;2025-02-27;2025-02-28;2025-03-01;2025-03-02;2025-03-03;2025-03-04,2025-02-19;2025-02-20;2025-02-21;2025-02-22;2025-02-23;2025-02-24;2025-02-25;2025-02-26;2025-02-27;2025-02-28;2025-03-01;2025-03-02;2025-03-03;2025-03-04,,2025-03-04,0.0,1200.0,1200.0,19.679206248427835,24.103808523840726,23.93602838099136,42.501408220053506,79570.3893843416,74.33575906706392,9099.941240294625,49150.57279584459,321.56635707965535,49472.13915292425,49150.57279584459,49150.572746694015,42052.129023524976,1481.2219254360039,lexicographic,4.915057274669402e-05,4.205212898147283e-05,False,0.24162609999984852,0.0,1,0
2025-03-06,False,calendar_trend,4,1.0,7,1.0,0,calibrated_quantile,2025-02-06;2025-02-07;2025-02-08;2025-02-09;2025-02-10;2025-02-11;2025-02-12;2025-02-13;2025-02-14;2025-02-15;2025-02-16;2025-02-17;2025-02-18;2025-02-19;2025-02-20;2025-02-21;2025-02-22;2025-02-23;2025-02-24;2025-02-25;2025-02-26;2025-02-27;2025-02-28;2025-03-01;2025-03-02;2025-03-03;2025-03-04;2025-03-05,28,6039.918434236619,2025-02-06;2025-02-07;2025-02-08;2025-02-09;2025-02-10;2025-02-11;2025-02-12;2025-02-13;2025-02-14;2025-02-15;2025-02-16;2025-02-17;2025-02-18;2025-02-19;2025-02-20;2025-02-21;2025-02-22;2025-02-23;2025-02-24;2025-02-25;2025-02-26;2025-02-27;2025-02-28;2025-03-01;2025-03-02;2025-03-03;2025-03-04;2025-03-05,2025-02-20;2025-02-21;2025-02-22;2025-02-23;2025-02-24;2025-02-25;2025-02-26;2025-02-27;2025-02-28;2025-03-01;2025-03-02;2025-03-03;2025-03-04;2025-03-05,,2025-03-05,0.0,1200.0,1200.0,19.838053436122063,24.33480606663001,17.961896832931917,31.17606947543317,78610.35138698667,167.4957474809987,8412.228066815778,48540.18870505235,644.0252501556427,49184.213955208,48540.18870505235,48540.18865651217,42153.61332166649,1468.1442505615514,lexicographic,4.854018865651217e-05,4.2153613279512875e-05,False,0.224950899999385,0.0,1,0
2025-03-07,False,calendar_trend,4,1.0,7,1.0,0,calibrated_quantile,2025-02-07;2025-02-08;2025-02-09;2025-02-10;2025-02-11;2025-02-12;2025-02-13;2025-02-14;2025-02-15;2025-02-16;2025-02-17;2025-02-18;2025-02-19;2025-02-20;2025-02-21;2025-02-22;2025-02-23;2025-02-24;2025-02-25;2025-02-26;2025-02-27;2025-02-28;2025-03-01;2025-03-02;2025-03-03;2025-03-04;2025-03-05;2025-03-06,28,5996.765993798301,2025-02-07;2025-02-08;2025-02-09;2025-02-10;2025-02-11;2025-02-12;2025-02-13;2025-02-14;2025-02-15;2025-02-16;2025-02-17;2025-02-18;2025-02-19;2025-02-20;2025-02-21;2025-02-22;2025-02-23;2025-02-24;2025-02-25;2025-02-26;2025-02-27;2025-02-28;2025-03-01;2025-03-02;2025-03-03;2025-03-04;2025-03-05;2025-03-06,2025-02-21;2025-02-22;2025-02-23;2025-02-24;2025-02-25;2025-02-26;2025-02-27;2025-02-28;2025-03-01;2025-03-02;2025-03-03;2025-03-04;2025-03-05;2025-03-06,,2025-03-06,0.0,1200.0,1200.0,19.975198987341553,25.75503636502311,14.820691023065725,32.54084539264572,34335.04411721516,72.05168401645298,10275.98070872428,18025.023471384917,216.29097023215178,18241.31444161707,18025.023471384917,18025.023453359896,30568.323695289244,1358.5177431983186,lexicographic,1.8025023453359898e-05,3.056832366472092e-05,False,0.20250400000077207,0.0,1,0
2025-03-08,False,calendar_trend,4,1.0,7,1.0,0,calibrated_quantile,2025-02-08;2025-02-09;2025-02-10;2025-02-11;2025-02-12;2025-02-13;2025-02-14;2025-02-15;2025-02-16;2025-02-17;2025-02-18;2025-02-19;2025-02-20;2025-02-21;2025-02-22;2025-02-23;2025-02-24;2025-02-25;2025-02-26;2025-02-27;2025-02-28;2025-03-01;2025-03-02;2025-03-03;2025-03-04;2025-03-05;2025-03-06;2025-03-07,28,5964.9648243644715,2025-02-08;2025-02-09;2025-02-10;2025-02-11;2025-02-12;2025-02-13;2025-02-14;2025-02-15;2025-02-16;2025-02-17;2025-02-18;2025-02-19;2025-02-20;2025-02-21;2025-02-22;2025-02-23;2025-02-24;2025-02-25;2025-02-26;2025-02-27;2025-02-28;2025-03-01;2025-03-02;2025-03-03;2025-03-04;2025-03-05;2025-03-06;2025-03-07,2025-02-22;2025-02-23;2025-02-24;2025-02-25;2025-02-26;2025-02-27;2025-02-28;2025-03-01;2025-03-02;2025-03-03;2025-03-04;2025-03-05;2025-03-06;2025-03-07,,2025-03-07,0.0,1200.0,1200.0,16.0138439077521,19.8658059587557,24.233868457296165,41.89001172601177,33410.815261063115,116.29765312292847,11369.390185656323,17607.711907023393,335.1570219530932,17942.868928976488,17607.711907023393,17607.711889415677,29479.976913011225,1304.6958498742154,lexicographic,1.7607711889415678e-05,2.9479976883531265e-05,False,0.18973299999925075,0.0,1,0
2025-03-09,False,calendar_trend,4,1.0,7,1.0,0,calibrated_quantile,2025-02-09;2025-02-10;2025-02-11;2025-02-12;2025-02-13;2025-02-14;2025-02-15;2025-02-16;2025-02-17;2025-02-18;2025-02-19;2025-02-20;2025-02-21;2025-02-22;2025-02-23;2025-02-24;2025-02-25;2025-02-26;2025-02-27;2025-02-28;2025-03-01;2025-03-02;2025-03-03;2025-03-04;2025-03-05;2025-03-06;2025-03-07;2025-03-08,28,5956.906043140116,2025-02-09;2025-02-10;2025-02-11;2025-02-12;2025-02-13;2025-02-14;2025-02-15;2025-02-16;2025-02-17;2025-02-18;2025-02-19;2025-02-20;2025-02-21;2025-02-22;2025-02-23;2025-02-24;2025-02-25;2025-02-26;2025-02-27;2025-02-28;2025-03-01;2025-03-02;2025-03-03;2025-03-04;2025-03-05;2025-03-06;2025-03-07;2025-03-08,2025-02-23;2025-02-24;2025-02-25;2025-02-26;2025-02-27;2025-02-28;2025-03-01;2025-03-02;2025-03-03;2025-03-04;2025-03-05;2025-03-06;2025-03-07;2025-03-08,,2025-03-08,0.0,1200.0,1200.0,25.063681345091243,32.295136171024815,29.033803738058616,59.639386607676336,75197.4515204244,410.04067279740775,7894.134518644496,46001.30901699784,1689.2596548046204,47690.56867180246,46001.30901699783,46001.30897099652,41723.66868676272,1449.5698441591835,lexicographic,4.600130897099652e-05,4.172366864503906e-05,False,0.1851753999981156,0.0,1,0
2025-03-10,False,calendar_trend,4,1.0,7,1.0,0,calibrated_quantile,2025-02-10;2025-02-11;2025-02-12;2025-02-13;2025-02-14;2025-02-15;2025-02-16;2025-02-17;2025-02-18;2025-02-19;2025-02-20;2025-02-21;2025-02-22;2025-02-23;2025-02-24;2025-02-25;2025-02-26;2025-02-27;2025-02-28;2025-03-01;2025-03-02;2025-03-03;2025-03-04;2025-03-05;2025-03-06;2025-03-07;2025-03-08;2025-03-09,28,5679.066076591047,2025-02-10;2025-02-11;2025-02-12;2025-02-13;2025-02-14;2025-02-15;2025-02-16;2025-02-17;2025-02-18;2025-02-19;2025-02-20;2025-02-21;2025-02-22;2025-02-23;2025-02-24;2025-02-25;2025-02-26;2025-02-27;2025-02-28;2025-03-01;2025-03-02;2025-03-03;2025-03-04;2025-03-05;2025-03-06;2025-03-07;2025-03-08;2025-03-09,2025-02-24;2025-02-25;2025-02-26;2025-02-27;2025-02-28;2025-03-01;2025-03-02;2025-03-03;2025-03-04;2025-03-05;2025-03-06;2025-03-07;2025-03-08;2025-03-09,,2025-03-09,0.0,1200.0,1200.0,29.118742440280144,35.33626726553916,20.603450367633357,45.05071201577951,74586.03294081884,1706.7391507699713,3869.5429067684217,45571.75179442939,5595.1230449013165,51166.8748393307,45571.75179442938,45571.75174885763,41736.292105394285,1474.3361340723252,lexicographic,4.557175174885763e-05,4.1736292063657996e-05,False,0.11505840000245371,0.0,1,0
2025-03-11,False,calendar_trend,4,1.0,7,1.0,0,calibrated_quantile,2025-02-11;2025-02-12;2025-02-13;2025-02-14;2025-02-15;2025-02-16;2025-02-17;2025-02-18;2025-02-19;2025-02-20;2025-02-21;2025-02-22;2025-02-23;2025-02-24;2025-02-25;2025-02-26;2025-02-27;2025-02-28;2025-03-01;2025-03-02;2025-03-03;2025-03-04;2025-03-05;2025-03-06;2025-03-07;2025-03-08;2025-03-09;2025-03-10,28,5956.169634767746,2025-02-11;2025-02-12;2025-02-13;2025-02-14;2025-02-15;2025-02-16;2025-02-17;2025-02-18;2025-02-19;2025-02-20;2025-02-21;2025-02-22;2025-02-23;2025-02-24;2025-02-25;2025-02-26;2025-02-27;2025-02-28;2025-03-01;2025-03-02;2025-03-03;2025-03-04;2025-03-05;2025-03-06;2025-03-07;2025-03-08;2025-03-09;2025-03-10,2025-02-25;2025-02-26;2025-02-27;2025-02-28;2025-03-01;2025-03-02;2025-03-03;2025-03-04;2025-03-05;2025-03-06;2025-03-07;2025-03-08;2025-03-09;2025-03-10,,2025-03-10,0.0,1200.0,1200.0,24.351961122653595,29.879442305903826,27.493723980180203,53.245444471812036,75575.51587380902,284.8728956901973,7509.292258663193,46094.46134735612,1062.5826280643405,47157.043975420456,46094.46134735612,46094.461301261654,42031.79819270126,1466.0222110462785,lexicographic,4.609446130126166e-05,4.203179815066946e-05,False,0.11341449999963515,0.0,1,0
2025-03-12,False,calendar_trend,4,1.0,7,1.0,0,calibrated_quantile,2025-02-12;2025-02-13;2025-02-14;2025-02-15;2025-02-16;2025-02-17;2025-02-18;2025-02-19;2025-02-20;2025-02-21;2025-02-22;2025-02-23;2025-02-24;2025-02-25;2025-02-26;2025-02-27;2025-02-28;2025-03-01;2025-03-02;2025-03-03;2025-03-04;2025-03-05;2025-03-06;2025-03-07;2025-03-08;2025-03-09;2025-03-10;2025-03-11,28,5971.903829564024,2025-02-12;2025-02-13;2025-02-14;2025-02-15;2025-02-16;2025-02-17;2025-02-18;2025-02-19;2025-02-20;2025-02-21;2025-02-22;2025-02-23;2025-02-24;2025-02-25;2025-02-26;2025-02-27;2025-02-28;2025-03-01;2025-03-02;2025-03-03;2025-03-04;2025-03-05;2025-03-06;2025-03-07;2025-03-08;2025-03-09;2025-03-10;2025-03-11,2025-02-26;2025-02-27;2025-02-28;2025-03-01;2025-03-02;2025-03-03;2025-03-04;2025-03-05;2025-03-06;2025-03-07;2025-03-08;2025-03-09;2025-03-10;2025-03-11,,2025-03-11,0.0,1200.0,1200.0,22.748126630545173,28.749877356171716,28.55237636179508,51.06214471161851,74541.67566655578,391.44992417321157,8215.244250044141,45436.237252272,1355.5471616878913,46791.7844139599,45436.237252272,45436.23720683577,40794.98657792767,1456.5290097919687,lexicographic,4.5436237206835774e-05,4.0794986537132696e-05,False,0.2564896999974735,0.0,1,0
2025-03-13,False,calendar_trend,4,1.0,7,1.0,0,calibrated_quantile,2025-02-13;2025-02-14;2025-02-15;2025-02-16;2025-02-17;2025-02-18;2025-02-19;2025-02-20;2025-02-21;2025-02-22;2025-02-23;2025-02-24;2025-02-25;2025-02-26;2025-02-27;2025-02-28;2025-03-01;2025-03-02;2025-03-03;2025-03-04;2025-03-05;2025-03-06;2025-03-07;2025-03-08;2025-03-09;2025-03-10;2025-03-11;2025-03-12,28,5937.150546868808,2025-02-13;2025-02-14;2025-02-15;2025-02-16;2025-02-17;2025-02-18;2025-02-19;2025-02-20;2025-02-21;2025-02-22;2025-02-23;2025-02-24;2025-02-25;2025-02-26;2025-02-27;2025-02-28;2025-03-01;2025-03-02;2025-03-03;2025-03-04;2025-03-05;2025-03-06;2025-03-07;2025-03-08;2025-03-09;2025-03-10;2025-03-11;2025-03-12,2025-02-27;2025-02-28;2025-03-01;2025-03-02;2025-03-03;2025-03-04;2025-03-05;2025-03-06;2025-03-07;2025-03-08;2025-03-09;2025-03-10;2025-03-11;2025-03-12,,2025-03-12,0.0,1200.0,1200.0,22.617620046756493,27.966202559383973,33.68724494888846,64.40728971267762,73085.93690637182,2338.2093920307766,3612.0419651497277,44423.3943921698,9299.19965901013,53722.59405117993,44423.3943921698,44423.39434774641,40643.895963268515,1462.9045189838334,lexicographic,4.442339434774642e-05,4.0643895922624626e-05,False,0.11750469999969937,0.0,1,0
2025-03-14,False,calendar_trend,4,1.0,7,1.0,0,calibrated_quantile,2025-02-14;2025-02-15;2025-02-16;2025-02-17;2025-02-18;2025-02-19;2025-02-20;2025-02-21;2025-02-22;2025-02-23;2025-02-24;2025-02-25;2025-02-26;2025-02-27;2025-02-28;2025-03-01;2025-03-02;2025-03-03;2025-03-04;2025-03-05;2025-03-06;2025-03-07;2025-03-08;2025-03-09;2025-03-10;2025-03-11;2025-03-12;2025-03-13,28,6323.734852957177,2025-02-14;2025-02-15;2025-02-16;2025-02-17;2025-02-18;2025-02-19;2025-02-20;2025-02-21;2025-02-22;2025-02-23;2025-02-24;2025-02-25;2025-02-26;2025-02-27;2025-02-28;2025-03-01;2025-03-02;2025-03-03;2025-03-04;2025-03-05;2025-03-06;2025-03-07;2025-03-08;2025-03-09;2025-03-10;2025-03-11;2025-03-12;2025-03-13,2025-02-28;2025-03-01;2025-03-02;2025-03-03;2025-03-04;2025-03-05;2025-03-06;2025-03-07;2025-03-08;2025-03-09;2025-03-10;2025-03-11;2025-03-12;2025-03-13,,2025-03-13,0.0,1200.0,1200.0,18.975360369406076,22.234166698211567,24.396266512267836,49.459478468086445,32728.96226579993,84.7529812883948,13748.089341858788,17092.41000411524,333.1125723829557,17425.5225764982,17092.41000411524,17092.409987022827,28923.79925595859,1334.6219699872768,lexicographic,1.709240998702283e-05,2.8923799227034798e-05,False,0.1782764000017778,0.0,1,0
2025-03-15,False,calendar_trend,4,1.0,7,1.0,0,calibrated_quantile,2025-02-15;2025-02-16;2025-02-17;2025-02-18;2025-02-19;2025-02-20;2025-02-21;2025-02-22;2025-02-23;2025-02-24;2025-02-25;2025-02-26;2025-02-27;2025-02-28;2025-03-01;2025-03-02;2025-03-03;2025-03-04;2025-03-05;2025-03-06;2025-03-07;2025-03-08;2025-03-09;2025-03-10;2025-03-11;2025-03-12;2025-03-13;2025-03-14,28,6279.558382736206,2025-02-15;2025-02-16;2025-02-17;2025-02-18;2025-02-19;2025-02-20;2025-02-21;2025-02-22;2025-02-23;2025-02-24;2025-02-25;2025-02-26;2025-02-27;2025-02-28;2025-03-01;2025-03-02;2025-03-03;2025-03-04;2025-03-05;2025-03-06;2025-03-07;2025-03-08;2025-03-09;2025-03-10;2025-03-11;2025-03-12;2025-03-13;2025-03-14,2025-03-01;2025-03-02;2025-03-03;2025-03-04;2025-03-05;2025-03-06;2025-03-07;2025-03-08;2025-03-09;2025-03-10;2025-03-11;2025-03-12;2025-03-13;2025-03-14,,2025-03-14,0.0,1200.0,1200.0,18.250679466683923,23.378390566206374,32.729708194503765,65.42600981365958,32254.874407835483,849.3835908717579,9232.801932097984,16916.80008348462,2640.7183193915307,19557.51840287615,16916.80008348462,16916.80006656782,28077.205047698742,1307.6189938226719,lexicographic,1.691680006656782e-05,2.8077205019621562e-05,False,0.18849330000011832,0.0,1,0
2025-03-16,False,calendar_trend,4,1.0,7,1.0,0,calibrated_quantile,2025-02-16;2025-02-17;2025-02-18;2025-02-19;2025-02-20;2025-02-21;2025-02-22;2025-02-23;2025-02-24;2025-02-25;2025-02-26;2025-02-27;2025-02-28;2025-03-01;2025-03-02;2025-03-03;2025-03-04;2025-03-05;2025-03-06;2025-03-07;2025-03-08;2025-03-09;2025-03-10;2025-03-11;2025-03-12;2025-03-13;2025-03-14;2025-03-15,28,6552.415988648183,2025-02-16;2025-02-17;2025-02-18;2025-02-19;2025-02-20;2025-02-21;2025-02-22;2025-02-23;2025-02-24;2025-02-25;2025-02-26;2025-02-27;2025-02-28;2025-03-01;2025-03-02;2025-03-03;2025-03-04;2025-03-05;2025-03-06;2025-03-07;2025-03-08;2025-03-09;2025-03-10;2025-03-11;2025-03-12;2025-03-13;2025-03-14;2025-03-15,2025-03-02;2025-03-03;2025-03-04;2025-03-05;2025-03-06;2025-03-07;2025-03-08;2025-03-09;2025-03-10;2025-03-11;2025-03-12;2025-03-13;2025-03-14;2025-03-15,,2025-03-15,0.0,1200.0,1200.0,25.784424387701698,32.38313635442051,22.753964938805623,44.89371197218628,72158.84966134393,1012.3307133562537,5607.862646340634,43792.54239788439,4197.233202159217,47989.775600043606,43792.54239788439,43792.542354091864,40127.42178419714,1460.375005872207,lexicographic,4.3792542354091864e-05,4.012742174406972e-05,False,0.21814939999967464,0.0,1,0
2025-03-17,False,calendar_trend,4,1.0,7,1.0,0,calibrated_quantile,2025-02-17;2025-02-18;2025-02-19;2025-02-20;2025-02-21;2025-02-22;2025-02-23;2025-02-24;2025-02-25;2025-02-26;2025-02-27;2025-02-28;2025-03-01;2025-03-02;2025-03-03;2025-03-04;2025-03-05;2025-03-06;2025-03-07;2025-03-08;2025-03-09;2025-03-10;2025-03-11;2025-03-12;2025-03-13;2025-03-14;2025-03-15;2025-03-16,28,6421.38483556631,2025-02-17;2025-02-18;2025-02-19;2025-02-20;2025-02-21;2025-02-22;2025-02-23;2025-02-24;2025-02-25;2025-02-26;2025-02-27;2025-02-28;2025-03-01;2025-03-02;2025-03-03;2025-03-04;2025-03-05;2025-03-06;2025-03-07;2025-03-08;2025-03-09;2025-03-10;2025-03-11;2025-03-12;2025-03-13;2025-03-14;2025-03-15;2025-03-16,2025-03-03;2025-03-04;2025-03-05;2025-03-06;2025-03-07;2025-03-08;2025-03-09;2025-03-10;2025-03-11;2025-03-12;2025-03-13;2025-03-14;2025-03-15;2025-03-16,,2025-03-16,0.0,1200.0,1200.0,23.711794705065515,30.987163520570185,36.042636313145195,64.52332362071456,72795.0268140322,175.86306601914868,10872.79269481883,44121.89977743305,708.1661046714363,44830.065882104485,44121.89977743305,44121.89973331117,40391.25268914483,1487.4656928095524,lexicographic,4.412189973331117e-05,4.039125264875358e-05,False,0.10809040000094683,0.0,1,0
2025-03-18,False,calendar_trend,4,1.0,7,1.0,0,calibrated_quantile,2025-02-18;2025-02-19;2025-02-20;2025-02-21;2025-02-22;2025-02-23;2025-02-24;2025-02-25;2025-02-26;2025-02-27;2025-02-28;2025-03-01;2025-03-02;2025-03-03;2025-03-04;2025-03-05;2025-03-06;2025-03-07;2025-03-08;2025-03-09;2025-03-10;2025-03-11;2025-03-12;2025-03-13;2025-03-14;2025-03-15;2025-03-16;2025-03-17,28,6408.421873899904,2025-02-18;2025-02-19;2025-02-20;2025-02-21;2025-02-22;2025-02-23;2025-02-24;2025-02-25;2025-02-26;2025-02-27;2025-02-28;2025-03-01;2025-03-02;2025-03-03;2025-03-04;2025-03-05;2025-03-06;2025-03-07;2025-03-08;2025-03-09;2025-03-10;2025-03-11;2025-03-12;2025-03-13;2025-03-14;2025-03-15;2025-03-16;2025-03-17,2025-03-04;2025-03-05;2025-03-06;2025-03-07;2025-03-08;2025-03-09;2025-03-10;2025-03-11;2025-03-12;2025-03-13;2025-03-14;2025-03-15;2025-03-16;2025-03-17,,2025-03-17,0.0,1200.0,1200.0,21.387982409491954,26.169069630110123,21.148833475785327,41.238672156556504,72197.10893893961,779.5373840773769,7647.655513254509,43704.384345804974,3954.9514287792413,47659.335774584215,43704.384345804974,43704.384302100596,40039.41432633374,1472.6422754189507,lexicographic,4.37043843021006e-05,4.003941428629433e-05,False,0.15586029999758466,0.0,1,0
2025-03-19,False,calendar_trend,4,1.0,7,1.0,0,calibrated_quantile,2025-02-19;2025-02-20;2025-02-21;2025-02-22;2025-02-23;2025-02-24;2025-02-25;2025-02-26;2025-02-27;2025-02-28;2025-03-01;2025-03-02;2025-03-03;2025-03-04;2025-03-05;2025-03-06;2025-03-07;2025-03-08;2025-03-09;2025-03-10;2025-03-11;2025-03-12;2025-03-13;2025-03-14;2025-03-15;2025-03-16;2025-03-17;2025-03-18,28,6414.9292163305045,2025-02-19;2025-02-20;2025-02-21;2025-02-22;2025-02-23;2025-02-24;2025-02-25;2025-02-26;2025-02-27;2025-02-28;2025-03-01;2025-03-02;2025-03-03;2025-03-04;2025-03-05;2025-03-06;2025-03-07;2025-03-08;2025-03-09;2025-03-10;2025-03-11;2025-03-12;2025-03-13;2025-03-14;2025-03-15;2025-03-16;2025-03-17;2025-03-18,2025-03-05;2025-03-06;2025-03-07;2025-03-08;2025-03-09;2025-03-10;2025-03-11;2025-03-12;2025-03-13;2025-03-14;2025-03-15;2025-03-16;2025-03-17;2025-03-18,,2025-03-18,0.0,1200.0,1200.0,19.249675478856926,23.92278907950958,24.95165756044739,45.30216492525305,72482.55825416738,169.42410318484042,9014.002219998927,43951.381289199126,867.4636825045505,44818.84497170368,43951.381289199126,43951.38124524773,39748.64491636563,1474.2395591953955,lexicographic,4.395138124524773e-05,3.9748644876616984e-05,False,0.12824629999886383,0.0,1,0
2025-03-20,False,calendar_trend,4,1.0,7,1.0,0,calibrated_quantile,2025-02-20;2025-02-21;2025-02-22;2025-02-23;2025-02-24;2025-02-25;2025-02-26;2025-02-27;2025-02-28;2025-03-01;2025-03-02;2025-03-03;2025-03-04;2025-03-05;2025-03-06;2025-03-07;2025-03-08;2025-03-09;2025-03-10;2025-03-11;2025-03-12;2025-03-13;2025-03-14;2025-03-15;2025-03-16;2025-03-17;2025-03-18;2025-03-19,28,6299.069200050344,2025-02-20;2025-02-21;2025-02-22;2025-02-23;2025-02-24;2025-02-25;2025-02-26;2025-02-27;2025-02-28;2025-03-01;2025-03-02;2025-03-03;2025-03-04;2025-03-05;2025-03-06;2025-03-07;2025-03-08;2025-03-09;2025-03-10;2025-03-11;2025-03-12;2025-03-13;2025-03-14;2025-03-15;2025-03-16;2025-03-17;2025-03-18;2025-03-19,2025-03-06;2025-03-07;2025-03-08;2025-03-09;2025-03-10;2025-03-11;2025-03-12;2025-03-13;2025-03-14;2025-03-15;2025-03-16;2025-03-17;2025-03-18;2025-03-19,,2025-03-19,0.0,1200.0,1200.0,20.002082829298942,25.428818180368232,16.172430392914656,30.256594249664076,71384.24897297136,484.51434314810473,5488.3176956890275,43317.226810660395,1897.0748529495986,45214.30166360999,43317.2268106604,43317.22676734318,39738.872025328485,1485.7960290707874,lexicographic,4.331722676734318e-05,3.9738871985589615e-05,False,0.14234220000071218,0.0,1,0
2025-03-21,False,calendar_trend,4,1.0,7,1.0,0,calibrated_quantile,2025-02-21;2025-02-22;2025-02-23;2025-02-24;2025-02-25;2025-02-26;2025-02-27;2025-02-28;2025-03-01;2025-03-02;2025-03-03;2025-03-04;2025-03-05;2025-03-06;2025-03-07;2025-03-08;2025-03-09;2025-03-10;2025-03-11;2025-03-12;2025-03-13;2025-03-14;2025-03-15;2025-03-16;2025-03-17;2025-03-18;2025-03-19;2025-03-20,28,6326.251675693388,2025-02-21;2025-02-22;2025-02-23;2025-02-24;2025-02-25;2025-02-26;2025-02-27;2025-02-28;2025-03-01;2025-03-02;2025-03-03;2025-03-04;2025-03-05;2025-03-06;2025-03-07;2025-03-08;2025-03-09;2025-03-10;2025-03-11;2025-03-12;2025-03-13;2025-03-14;2025-03-15;2025-03-16;2025-03-17;2025-03-18;2025-03-19;2025-03-20,2025-03-07;2025-03-08;2025-03-09;2025-03-10;2025-03-11;2025-03-12;2025-03-13;2025-03-14;2025-03-15;2025-03-16;2025-03-17;2025-03-18;2025-03-19;2025-03-20,,2025-03-20,0.0,1200.0,1200.0,16.748732000140173,21.291864546915942,29.860726092779675,52.807692563366174,32064.234656104814,119.91923206842404,17171.424582716496,16601.09557025002,525.0280787284377,17126.12364897846,16601.09557025002,16601.095553648927,28381.417198473842,1320.134970522697,lexicographic,1.660109555364893e-05,2.8381417170092424e-05,False,0.18750960000033956,0.0,1,0
2025-03-22,False,calendar_trend,4,1.0,7,1.0,0,calibrated_quantile,2025-02-22;2025-02-23;2025-02-24;2025-02-25;2025-02-26;2025-02-27;2025-02-28;2025-03-01;2025-03-02;2025-03-03;2025-03-04;2025-03-05;2025-03-06;2025-03-07;2025-03-08;2025-03-09;2025-03-10;2025-03-11;2025-03-12;2025-03-13;2025-03-14;2025-03-15;2025-03-16;2025-03-17;2025-03-18;2025-03-19;2025-03-20;2025-03-21,28,6332.194887036712,2025-02-22;2025-02-23;2025-02-24;2025-02-25;2025-02-26;2025-02-27;2025-02-28;2025-03-01;2025-03-02;2025-03-03;2025-03-04;2025-03-05;2025-03-06;2025-03-07;2025-03-08;2025-03-09;2025-03-10;2025-03-11;2025-03-12;2025-03-13;2025-03-14;2025-03-15;2025-03-16;2025-03-17;2025-03-18;2025-03-19;2025-03-20;2025-03-21,2025-03-08;2025-03-09;2025-03-10;2025-03-11;2025-03-12;2025-03-13;2025-03-14;2025-03-15;2025-03-16;2025-03-17;2025-03-18;2025-03-19;2025-03-20;2025-03-21,,2025-03-21,0.0,1200.0,1200.0,17.351942670888775,21.61273114503918,18.512901450762627,36.568380347041796,31973.762769914065,330.2125196940897,13503.445195772436,16618.261514403614,1351.7685989982733,17970.03011340189,16618.261514403617,16618.261497785352,27810.462907943765,1305.4894873133348,lexicographic,1.6618261497785352e-05,2.7810462880133304e-05,False,0.1598364000019501,0.0,1,0
2025-03-23,False,calendar_trend,4,1.0,7,1.0,0,calibrated_quantile,2025-02-23;2025-02-24;2025-02-25;2025-02-26;2025-02-27;2025-02-28;2025-03-01;2025-03-02;2025-03-03;2025-03-04;2025-03-05;2025-03-06;2025-03-07;2025-03-08;2025-03-09;2025-03-10;2025-03-11;2025-03-12;2025-03-13;2025-03-14;2025-03-15;2025-03-16;2025-03-17;2025-03-18;2025-03-19;2025-03-20;2025-03-21;2025-03-22,28,6351.7618350016855,2025-02-23;2025-02-24;2025-02-25;2025-02-26;2025-02-27;2025-02-28;2025-03-01;2025-03-02;2025-03-03;2025-03-04;2025-03-05;2025-03-06;2025-03-07;2025-03-08;2025-03-09;2025-03-10;2025-03-11;2025-03-12;2025-03-13;2025-03-14;2025-03-15;2025-03-16;2025-03-17;2025-03-18;2025-03-19;2025-03-20;2025-03-21;2025-03-22,2025-03-09;2025-03-10;2025-03-11;2025-03-12;2025-03-13;2025-03-14;2025-03-15;2025-03-16;2025-03-17;2025-03-18;2025-03-19;2025-03-20;2025-03-21;2025-03-22,,2025-03-22,0.0,1200.0,1200.0,19.70233214336314,24.37452679984644,27.02593149402954,50.60516108808476,69969.67272267307,328.02876492376265,7381.306306368468,42363.14079647082,1237.7136369238267,43600.85443339465,42363.14079647082,42363.140754107655,39502.536141350975,1488.4316152256802,lexicographic,4.236314075410766e-05,3.9502536101848436e-05,False,0.13644829999975627,0.0,1,0
2025-03-24,False,calendar_trend,4,1.0,7,1.0,0,calibrated_quantile,2025-02-24;2025-02-25;2025-02-26;2025-02-27;2025-02-28;2025-03-01;2025-03-02;2025-03-03;2025-03-04;2025-03-05;2025-03-06;2025-03-07;2025-03-08;2025-03-09;2025-03-10;2025-03-11;2025-03-12;2025-03-13;2025-03-14;2025-03-15;2025-03-16;2025-03-17;2025-03-18;2025-03-19;2025-03-20;2025-03-21;2025-03-22;2025-03-23,28,6360.101897733464,2025-02-24;2025-02-25;2025-02-26;2025-02-27;2025-02-28;2025-03-01;2025-03-02;2025-03-03;2025-03-04;2025-03-05;2025-03-06;2025-03-07;2025-03-08;2025-03-09;2025-03-10;2025-03-11;2025-03-12;2025-03-13;2025-03-14;2025-03-15;2025-03-16;2025-03-17;2025-03-18;2025-03-19;2025-03-20;2025-03-21;2025-03-22;2025-03-23,2025-03-10;2025-03-11;2025-03-12;2025-03-13;2025-03-14;2025-03-15;2025-03-16;2025-03-17;2025-03-18;2025-03-19;2025-03-20;2025-03-21;2025-03-22;2025-03-23,,2025-03-23,0.0,1200.0,1200.0,18.059982664599048,23.356245137153568,18.88292570017886,36.89156000230932,69704.47579870802,409.27850964191487,8004.84396901959,42264.621302204614,1428.1001430606386,43692.721445265255,42264.62130220461,42264.62125994,39157.094701866314,1479.5719083729723,lexicographic,4.2264621259940004e-05,3.915709466270923e-05,False,0.14880919999995967,0.0,1,0
2025-03-25,False,calendar_trend,4,1.0,7,1.0,0,calibrated_quantile,2025-02-25;2025-02-26;2025-02-27;2025-02-28;2025-03-01;2025-03-02;2025-03-03;2025-03-04;2025-03-05;2025-03-06;2025-03-07;2025-03-08;2025-03-09;2025-03-10;2025-03-11;2025-03-12;2025-03-13;2025-03-14;2025-03-15;2025-03-16;2025-03-17;2025-03-18;2025-03-19;2025-03-20;2025-03-21;2025-03-22;2025-03-23;2025-03-24,28,6375.298644870495,2025-02-25;2025-02-26;2025-02-27;2025-02-28;2025-03-01;2025-03-02;2025-03-03;2025-03-04;2025-03-05;2025-03-06;2025-03-07;2025-03-08;2025-03-09;2025-03-10;2025-03-11;2025-03-12;2025-03-13;2025-03-14;2025-03-15;2025-03-16;2025-03-17;2025-03-18;2025-03-19;2025-03-20;2025-03-21;2025-03-22;2025-03-23;2025-03-24,2025-03-11;2025-03-12;2025-03-13;2025-03-14;2025-03-15;2025-03-16;2025-03-17;2025-03-18;2025-03-19;2025-03-20;2025-03-21;2025-03-22;2025-03-23;2025-03-24,,2025-03-24,0.0,1200.0,1200.0,20.271215980273432,25.267018225016216,23.24003620580659,46.89553675346793,69601.59940269688,784.3541181873347,5320.413534214696,42084.855203966945,3167.431691753831,45252.286895720776,42084.85520396694,42084.85516188209,39204.74546686939,1488.6857305124574,lexicographic,4.2084855161882095e-05,3.920474542766465e-05,False,0.1457157000004372,0.0,1,0
2025-03-26,False,calendar_trend,4,1.0,7,1.0,0,calibrated_quantile,2025-02-26;2025-02-27;2025-02-28;2025-03-01;2025-03-02;2025-03-03;2025-03-04;2025-03-05;2025-03-06;2025-03-07;2025-03-08;2025-03-09;2025-03-10;2025-03-11;2025-03-12;2025-03-13;2025-03-14;2025-03-15;2025-03-16;2025-03-17;2025-03-18;2025-03-19;2025-03-20;2025-03-21;2025-03-22;2025-03-23;2025-03-24;2025-03-25,28,6597.507272550391,2025-02-26;2025-02-27;2025-02-28;2025-03-01;2025-03-02;2025-03-03;2025-03-04;2025-03-05;2025-03-06;2025-03-07;2025-03-08;2025-03-09;2025-03-10;2025-03-11;2025-03-12;2025-03-13;2025-03-14;2025-03-15;2025-03-16;2025-03-17;2025-03-18;2025-03-19;2025-03-20;2025-03-21;2025-03-22;2025-03-23;2025-03-24;2025-03-25,2025-03-12;2025-03-13;2025-03-14;2025-03-15;2025-03-16;2025-03-17;2025-03-18;2025-03-19;2025-03-20;2025-03-21;2025-03-22;2025-03-23;2025-03-24;2025-03-25,,2025-03-25,0.0,1200.0,1200.0,18.956634119709946,24.01274923991405,28.09421810518303,56.57767481930464,70410.7622678784,109.09546195551559,10771.175069849443,42645.90634623306,364.54123256081266,43010.44757879387,42645.90634623306,42645.90630358715,39592.585820553926,1489.7013621873484,lexicographic,4.264590630358715e-05,3.959258578096134e-05,False,0.23131470000225818,0.0,1,0
2025-03-27,False,calendar_trend,4,1.0,7,1.0,0,calibrated_quantile,2025-02-27;2025-02-28;2025-03-01;2025-03-02;2025-03-03;2025-03-04;2025-03-05;2025-03-06;2025-03-07;2025-03-08;2025-03-09;2025-03-10;2025-03-11;2025-03-12;2025-03-13;2025-03-14;2025-03-15;2025-03-16;2025-03-17;2025-03-18;2025-03-19;2025-03-20;2025-03-21;2025-03-22;2025-03-23;2025-03-24;2025-03-25;2025-03-26,28,6539.4178541479305,2025-02-27;2025-02-28;2025-03-01;2025-03-02;2025-03-03;2025-03-04;2025-03-05;2025-03-06;2025-03-07;2025-03-08;2025-03-09;2025-03-10;2025-03-11;2025-03-12;2025-03-13;2025-03-14;2025-03-15;2025-03-16;2025-03-17;2025-03-18;2025-03-19;2025-03-20;2025-03-21;2025-03-22;2025-03-23;2025-03-24;2025-03-25;2025-03-26,2025-03-13;2025-03-14;2025-03-15;2025-03-16;2025-03-17;2025-03-18;2025-03-19;2025-03-20;2025-03-21;2025-03-22;2025-03-23;2025-03-24;2025-03-25;2025-03-26,,2025-03-26,0.0,1200.0,1200.0,20.39303750233857,24.988337060615965,18.50332097006098,34.960375191682985,69009.35753815326,565.4524907616951,6750.557355891874,41859.41024717913,2289.1011323349576,44148.511379514086,41859.41024717913,41859.4102053197,39127.08696932521,1498.8142299769338,lexicographic,4.1859410205319704e-05,3.912708693019813e-05,False,0.13446729999850504,0.0,1,0
2025-03-28,False,calendar_trend,4,1.0,7,1.0,0,calibrated_quantile,2025-02-28;2025-03-01;2025-03-02;2025-03-03;2025-03-04;2025-03-05;2025-03-06;2025-03-07;2025-03-08;2025-03-09;2025-03-10;2025-03-11;2025-03-12;2025-03-13;2025-03-14;2025-03-15;2025-03-16;2025-03-17;2025-03-18;2025-03-19;2025-03-20;2025-03-21;2025-03-22;2025-03-23;2025-03-24;2025-03-25;2025-03-26;2025-03-27,28,6665.0697553832915,2025-02-28;2025-03-01;2025-03-02;2025-03-03;2025-03-04;2025-03-05;2025-03-06;2025-03-07;2025-03-08;2025-03-09;2025-03-10;2025-03-11;2025-03-12;2025-03-13;2025-03-14;2025-03-15;2025-03-16;2025-03-17;2025-03-18;2025-03-19;2025-03-20;2025-03-21;2025-03-22;2025-03-23;2025-03-24;2025-03-25;2025-03-26;2025-03-27,2025-03-14;2025-03-15;2025-03-16;2025-03-17;2025-03-18;2025-03-19;2025-03-20;2025-03-21;2025-03-22;2025-03-23;2025-03-24;2025-03-25;2025-03-26;2025-03-27,,2025-03-27,0.0,1200.0,1200.0,20.12000253968607,24.903008983267245,14.027737211981515,25.639749317763968,31268.207685664005,162.51393375142544,17703.81995030786,16031.12084339063,640.5259601749284,16671.64680356556,16031.120843390629,16031.120827359511,27674.14649167387,1335.2997086006799,lexicographic,1.6031120827359514e-05,2.767414646399973e-05,False,0.15696490000118501,0.0,1,0
2025-03-29,False,calendar_trend,4,1.0,7,1.0,0,calibrated_quantile,2025-03-01;2025-03-02;2025-03-03;2025-03-04;2025-03-05;2025-03-06;2025-03-07;2025-03-08;2025-03-09;2025-03-10;2025-03-11;2025-03-12;2025-03-13;2025-03-14;2025-03-15;2025-03-16;2025-03-17;2025-03-18;2025-03-19;2025-03-20;2025-03-21;2025-03-22;2025-03-23;2025-03-24;2025-03-25;2025-03-26;2025-03-27;2025-03-28,28,6587.65402385417,2025-03-01;2025-03-02;2025-03-03;2025-03-04;2025-03-05;2025-03-06;2025-03-07;2025-03-08;2025-03-09;2025-03-10;2025-03-11;2025-03-12;2025-03-13;2025-03-14;2025-03-15;2025-03-16;2025-03-17;2025-03-18;2025-03-19;2025-03-20;2025-03-21;2025-03-22;2025-03-23;2025-03-24;2025-03-25;2025-03-26;2025-03-27;2025-03-28,2025-03-15;2025-03-16;2025-03-17;2025-03-18;2025-03-19;2025-03-20;2025-03-21;2025-03-22;2025-03-23;2025-03-24;2025-03-25;2025-03-26;2025-03-27;2025-03-28,,2025-03-28,0.0,1200.0,1200.0,16.594964154894846,20.129766796523146,29.70394640104465,51.273417708058034,31039.809272107137,100.64503752936075,20576.368960545806,15924.728219543684,443.3228778511834,16368.051097394868,15924.728219543684,15924.728203618955,27215.50452642539,1328.6188788486127,lexicographic,1.5924728203618955e-05,2.721550452642539e-05,False,0.16386419999980717,0.0,1,0
2025-03-30,False,calendar_trend,4,1.0,7,1.0,0,calibrated_quantile,2025-03-02;2025-03-03;2025-03-04;2025-03-05;2025-03-06;2025-03-07;2025-03-08;2025-03-09;2025-03-10;2025-03-11;2025-03-12;2025-03-13;2025-03-14;2025-03-15;2025-03-16;2025-03-17;2025-03-18;2025-03-19;2025-03-20;2025-03-21;2025-03-22;2025-03-23;2025-03-24;2025-03-25;2025-03-26;2025-03-27;2025-03-28;2025-03-29,28,6279.0680047819005,2025-03-02;2025-03-03;2025-03-04;2025-03-05;2025-03-06;2025-03-07;2025-03-08;2025-03-09;2025-03-10;2025-03-11;2025-03-12;2025-03-13;2025-03-14;2025-03-15;2025-03-16;2025-03-17;2025-03-18;2025-03-19;2025-03-20;2025-03-21;2025-03-22;2025-03-23;2025-03-24;2025-03-25;2025-03-26;2025-03-27;2025-03-28;2025-03-29,2025-03-16;2025-03-17;2025-03-18;2025-03-19;2025-03-20;2025-03-21;2025-03-22;2025-03-23;2025-03-24;2025-03-25;2025-03-26;2025-03-27;2025-03-28;2025-03-29,,2025-03-29,0.0,1200.0,1200.0,19.542661390443435,24.626413126298683,18.641560989920986,34.06804639945601,66099.46285069882,545.2706933392285,7228.82519892301,39866.09868110783,2300.2575622395702,42166.3562433474,39866.098681107826,39866.09864124174,38774.85498767487,1477.7055162378722,lexicographic,3.986609864124174e-05,3.877485494890002e-05,False,0.13404440000158502,0.0,1,0
2025-03-31,False,calendar_trend,4,1.0,7,1.0,0,calibrated_quantile,2025-03-03;2025-03-04;2025-03-05;2025-03-06;2025-03-07;2025-03-08;2025-03-09;2025-03-10;2025-03-11;2025-03-12;2025-03-13;2025-03-14;2025-03-15;2025-03-16;2025-03-17;2025-03-18;2025-03-19;2025-03-20;2025-03-21;2025-03-22;2025-03-23;2025-03-24;2025-03-25;2025-03-26;2025-03-27;2025-03-28;2025-03-29;2025-03-30,28,5997.56080370356,2025-03-03;2025-03-04;2025-03-05;2025-03-06;2025-03-07;2025-03-08;2025-03-09;2025-03-10;2025-03-11;2025-03-12;2025-03-13;2025-03-14;2025-03-15;2025-03-16;2025-03-17;2025-03-18;2025-03-19;2025-03-20;2025-03-21;2025-03-22;2025-03-23;2025-03-24;2025-03-25;2025-03-26;2025-03-27;2025-03-28;2025-03-29;2025-03-30,2025-03-17;2025-03-18;2025-03-19;2025-03-20;2025-03-21;2025-03-22;2025-03-23;2025-03-24;2025-03-25;2025-03-26;2025-03-27;2025-03-28;2025-03-29;2025-03-30,,2025-03-30,0.0,1200.0,1200.0,19.19217112236391,23.643980933039185,33.525937869957666,60.0590117975724,65792.35431914651,1722.661427800413,6489.653143522237,39624.20263232126,7253.728741381823,46877.93137370309,39624.20263232126,39624.20259269706,38809.954459817796,1493.6006706410617,lexicographic,3.9624202592697066e-05,3.880995442100785e-05,False,0.14905580000049667,0.0,1,0
2025-04-01,False,calendar_trend,4,1.0,7,1.0,0,calibrated_quantile,2025-03-04;2025-03-05;2025-03-06;2025-03-07;2025-03-08;2025-03-09;2025-03-10;2025-03-11;2025-03-12;2025-03-13;2025-03-14;2025-03-15;2025-03-16;2025-03-17;2025-03-18;2025-03-19;2025-03-20;2025-03-21;2025-03-22;2025-03-23;2025-03-24;2025-03-25;2025-03-26;2025-03-27;2025-03-28;2025-03-29;2025-03-30;2025-03-31,28,6002.701086004343,2025-03-04;2025-03-05;2025-03-06;2025-03-07;2025-03-08;2025-03-09;2025-03-10;2025-03-11;2025-03-12;2025-03-13;2025-03-14;2025-03-15;2025-03-16;2025-03-17;2025-03-18;2025-03-19;2025-03-20;2025-03-21;2025-03-22;2025-03-23;2025-03-24;2025-03-25;2025-03-26;2025-03-27;2025-03-28;2025-03-29;2025-03-30;2025-03-31,2025-03-18;2025-03-19;2025-03-20;2025-03-21;2025-03-22;2025-03-23;2025-03-24;2025-03-25;2025-03-26;2025-03-27;2025-03-28;2025-03-29;2025-03-30;2025-03-31,,2025-03-31,0.0,1200.0,1200.0,20.88615857934009,26.162497672485326,39.5621617232606,84.80728639162655,65408.075450224824,2683.755027910773,3798.033097886887,39152.87608696655,7938.6547389161915,47091.53082588274,39152.87608696656,39152.876047813676,38914.48427938692,1497.0669284304258,lexicographic,3.915287604781368e-05,3.891448424047243e-05,False,0.1558900000018184,0.0,1,0
2025-04-02,False,calendar_trend,4,1.0,7,1.0,0,calibrated_quantile,2025-03-05;2025-03-06;2025-03-07;2025-03-08;2025-03-09;2025-03-10;2025-03-11;2025-03-12;2025-03-13;2025-03-14;2025-03-15;2025-03-16;2025-03-17;2025-03-18;2025-03-19;2025-03-20;2025-03-21;2025-03-22;2025-03-23;2025-03-24;2025-03-25;2025-03-26;2025-03-27;2025-03-28;2025-03-29;2025-03-30;2025-03-31;2025-04-01,28,6297.604405121438,2025-03-05;2025-03-06;2025-03-07;2025-03-08;2025-03-09;2025-03-10;2025-03-11;2025-03-12;2025-03-13;2025-03-14;2025-03-15;2025-03-16;2025-03-17;2025-03-18;2025-03-19;2025-03-20;2025-03-21;2025-03-22;2025-03-23;2025-03-24;2025-03-25;2025-03-26;2025-03-27;2025-03-28;2025-03-29;2025-03-30;2025-03-31;2025-04-01,2025-03-19;2025-03-20;2025-03-21;2025-03-22;2025-03-23;2025-03-24;2025-03-25;2025-03-26;2025-03-27;2025-03-28;2025-03-29;2025-03-30;2025-03-31;2025-04-01,,2025-04-01,0.0,1200.0,1200.0,18.38017412984666,22.718597773910975,44.87557388636955,78.25768356543387,66654.91997338746,2151.0303553187828,4283.604216164163,39767.40983627176,9709.68646992053,49477.096306192296,39767.40983627176,39767.40979650438,38934.15468263779,1500.2168136761597,lexicographic,3.976740979650438e-05,3.893415464370364e-05,False,0.16686269999991055,0.0,1,0
2025-04-03,False,calendar_trend,4,1.0,7,1.0,0,calibrated_quantile,2025-03-06;2025-03-07;2025-03-08;2025-03-09;2025-03-10;2025-03-11;2025-03-12;2025-03-13;2025-03-14;2025-03-15;2025-03-16;2025-03-17;2025-03-18;2025-03-19;2025-03-20;2025-03-21;2025-03-22;2025-03-23;2025-03-24;2025-03-25;2025-03-26;2025-03-27;2025-03-28;2025-03-29;2025-03-30;2025-03-31;2025-04-01;2025-04-02,28,6831.454443699498,2025-03-06;2025-03-07;2025-03-08;2025-03-09;2025-03-10;2025-03-11;2025-03-12;2025-03-13;2025-03-14;2025-03-15;2025-03-16;2025-03-17;2025-03-18;2025-03-19;2025-03-20;2025-03-21;2025-03-22;2025-03-23;2025-03-24;2025-03-25;2025-03-26;2025-03-27;2025-03-28;2025-03-29;2025-03-30;2025-03-31;2025-04-01;2025-04-02,2025-03-20;2025-03-21;2025-03-22;2025-03-23;2025-03-24;2025-03-25;2025-03-26;2025-03-27;2025-03-28;2025-03-29;2025-03-30;2025-03-31;2025-04-01;2025-04-02,,2025-04-02,0.0,1200.0,1200.0,18.466884778584873,23.699937942770504,26.719975829219035,50.110669988680655,68016.36001437738,271.0611434794898,8327.611204070541,40671.379028743126,1222.3874967362667,41893.76652547939,40671.379028743126,40671.37898807174,39022.45386150832,1493.1206461813854,lexicographic,4.067137898807174e-05,3.902245382248587e-05,False,0.15595659999962663,0.0,1,0
2025-04-04,False,calendar_trend,4,1.0,7,1.0,0,calibrated_quantile,2025-03-07;2025-03-08;2025-03-09;2025-03-10;2025-03-11;2025-03-12;2025-03-13;2025-03-14;2025-03-15;2025-03-16;2025-03-17;2025-03-18;2025-03-19;2025-03-20;2025-03-21;2025-03-22;2025-03-23;2025-03-24;2025-03-25;2025-03-26;2025-03-27;2025-03-28;2025-03-29;2025-03-30;2025-03-31;2025-04-01;2025-04-02;2025-04-03,28,6909.918449390832,2025-03-07;2025-03-08;2025-03-09;2025-03-10;2025-03-11;2025-03-12;2025-03-13;2025-03-14;2025-03-15;2025-03-16;2025-03-17;2025-03-18;2025-03-19;2025-03-20;2025-03-21;2025-03-22;2025-03-23;2025-03-24;2025-03-25;2025-03-26;2025-03-27;2025-03-28;2025-03-29;2025-03-30;2025-03-31;2025-04-01;2025-04-02;2025-04-03,2025-03-21;2025-03-22;2025-03-23;2025-03-24;2025-03-25;2025-03-26;2025-03-27;2025-03-28;2025-03-29;2025-03-30;2025-03-31;2025-04-01;2025-04-02;2025-04-03,,2025-04-03,0.0,1200.0,1200.0,16.05757275106491,19.548527826017885,32.89613916028364,64.16160897152889,30254.282919445977,90.06934426341883,21133.85736968254,15461.29893805044,430.0132552255715,15891.312193276011,15461.298938050437,15461.29892258914,26480.229924676853,1329.520838941908,lexicographic,1.5461298922589142e-05,2.6480229898196628e-05,False,0.1649844999992638,0.0,1,0
2025-04-05,False,calendar_trend,4,1.0,7,1.0,0,calibrated_quantile,2025-03-08;2025-03-09;2025-03-10;2025-03-11;2025-03-12;2025-03-13;2025-03-14;2025-03-15;2025-03-16;2025-03-17;2025-03-18;2025-03-19;2025-03-20;2025-03-21;2025-03-22;2025-03-23;2025-03-24;2025-03-25;2025-03-26;2025-03-27;2025-03-28;2025-03-29;2025-03-30;2025-03-31;2025-04-01;2025-04-02;2025-04-03;2025-04-04,28,6910.8665166665405,2025-03-08;2025-03-09;2025-03-10;2025-03-11;2025-03-12;2025-03-13;2025-03-14;2025-03-15;2025-03-16;2025-03-17;2025-03-18;2025-03-19;2025-03-20;2025-03-21;2025-03-22;2025-03-23;2025-03-24;2025-03-25;2025-03-26;2025-03-27;2025-03-28;2025-03-29;2025-03-30;2025-03-31;2025-04-01;2025-04-02;2025-04-03;2025-04-04,2025-03-22;2025-03-23;2025-03-24;2025-03-25;2025-03-26;2025-03-27;2025-03-28;2025-03-29;2025-03-30;2025-03-31;2025-04-01;2025-04-02;2025-04-03;2025-04-04,,2025-04-04,0.0,1200.0,1200.0,19.30470498360522,24.29190538685172,23.23904179568423,44.31588316912016,30465.869255862875,983.2037341810703,16638.535749167997,15536.555872309906,4106.822084585358,19643.377956895263,15536.555872309906,15536.555856773353,26353.812032379654,1322.598806725934,lexicographic,1.5536555856773355e-05,2.6353812032379655e-05,False,0.16252600000007078,0.0,1,0
2025-04-06,False,calendar_trend,4,1.0,7,1.0,0,calibrated_quantile,2025-03-09;2025-03-10;2025-03-11;2025-03-12;2025-03-13;2025-03-14;2025-03-15;2025-03-16;2025-03-17;2025-03-18;2025-03-19;2025-03-20;2025-03-21;2025-03-22;2025-03-23;2025-03-24;2025-03-25;2025-03-26;2025-03-27;2025-03-28;2025-03-29;2025-03-30;2025-03-31;2025-04-01;2025-04-02;2025-04-03;2025-04-04;2025-04-05,28,7190.663248746021,2025-03-09;2025-03-10;2025-03-11;2025-03-12;2025-03-13;2025-03-14;2025-03-15;2025-03-16;2025-03-17;2025-03-18;2025-03-19;2025-03-20;2025-03-21;2025-03-22;2025-03-23;2025-03-24;2025-03-25;2025-03-26;2025-03-27;2025-03-28;2025-03-29;2025-03-30;2025-03-31;2025-04-01;2025-04-02;2025-04-03;2025-04-04;2025-04-05,2025-03-23;2025-03-24;2025-03-25;2025-03-26;2025-03-27;2025-03-28;2025-03-29;2025-03-30;2025-03-31;2025-04-01;2025-04-02;2025-04-03;2025-04-04;2025-04-05,,2025-04-05,0.0,1200.0,1200.0,18.283593098264387,23.644889444865246,14.935854792873677,29.082758772229678,67045.03764131738,125.30630809850601,8661.500952237435,39972.71810709812,515.46796257311,40488.186069671225,39972.71810709812,39972.7180671254,39046.14622224391,1503.2033560930927,lexicographic,3.99727180671254e-05,3.904614618319777e-05,False,0.16259229999923264,0.0,1,0
2025-04-07,False,calendar_trend,4,1.0,7,1.0,0,calibrated_quantile,2025-03-10;2025-03-11;2025-03-12;2025-03-13;2025-03-14;2025-03-15;2025-03-16;2025-03-17;2025-03-18;2025-03-19;2025-03-20;2025-03-21;2025-03-22;2025-03-23;2025-03-24;2025-03-25;2025-03-26;2025-03-27;2025-03-28;2025-03-29;2025-03-30;2025-03-31;2025-04-01;2025-04-02;2025-04-03;2025-04-04;2025-04-05;2025-04-06,28,7134.905219680683,2025-03-10;2025-03-11;2025-03-12;2025-03-13;2025-03-14;2025-03-15;2025-03-16;2025-03-17;2025-03-18;2025-03-19;2025-03-20;2025-03-21;2025-03-22;2025-03-23;2025-03-24;2025-03-25;2025-03-26;2025-03-27;2025-03-28;2025-03-29;2025-03-30;2025-03-31;2025-04-01;2025-04-02;2025-04-03;2025-04-04;2025-04-05;2025-04-06,2025-03-24;2025-03-25;2025-03-26;2025-03-27;2025-03-28;2025-03-29;2025-03-30;2025-03-31;2025-04-01;2025-04-02;2025-04-03;2025-04-04;2025-04-05;2025-04-06,,2025-04-06,0.0,1200.0,1200.0,18.3940470863462,23.37197470622083,32.38746174093811,65.44703623529132,66582.05565021769,149.36284357566308,9398.476235260036,39648.65892219123,485.71086752001116,40134.36978971124,39648.65892219123,39648.65888254257,38964.75571111565,1506.7795884303437,lexicographic,3.964865888254257e-05,3.896475567215091e-05,False,0.14892350000081933,0.0,1,0
2025-04-08,False,calendar_trend,4,1.0,7,1.0,0,calibrated_quantile,2025-03-11;2025-03-12;2025-03-13;2025-03-14;2025-03-15;2025-03-16;2025-03-17;2025-03-18;2025-03-19;2025-03-20;2025-03-21;2025-03-22;2025-03-23;2025-03-24;2025-03-25;2025-03-26;2025-03-27;2025-03-28;2025-03-29;2025-03-30;2025-03-31;2025-04-01;2025-04-02;2025-04-03;2025-04-04;2025-04-05;2025-04-06;2025-04-07,28,6869.807038858995,2025-03-11;2025-03-12;2025-03-13;2025-03-14;2025-03-15;2025-03-16;2025-03-17;2025-03-18;2025-03-19;2025-03-20;2025-03-21;2025-03-22;2025-03-23;2025-03-24;2025-03-25;2025-03-26;2025-03-27;2025-03-28;2025-03-29;2025-03-30;2025-03-31;2025-04-01;2025-04-02;2025-04-03;2025-04-04;2025-04-05;2025-04-06;2025-04-07,2025-03-25;2025-03-26;2025-03-27;2025-03-28;2025-03-29;2025-03-30;2025-03-31;2025-04-01;2025-04-02;2025-04-03;2025-04-04;2025-04-05;2025-04-06;2025-04-07,,2025-04-07,0.0,1200.0,1200.0,17.588717333148715,21.89750223970581,25.22114910125471,46.059471578979476,65896.63480256785,585.2752538188751,8020.612065328964,39139.69765042547,2634.750796095139,41774.44844652061,39139.69765042547,39139.69761128579,39135.09956656782,1502.0030183449417,lexicographic,3.913969761128579e-05,3.913509952743273e-05,False,0.1891247999992629,0.0,1,0
2025-04-09,False,calendar_trend,4,1.0,7,1.0,0,calibrated_quantile,2025-03-12;2025-03-13;2025-03-14;2025-03-15;2025-03-16;2025-03-17;2025-03-18;2025-03-19;2025-03-20;2025-03-21;2025-03-22;2025-03-23;2025-03-24;2025-03-25;2025-03-26;2025-03-27;2025-03-28;2025-03-29;2025-03-30;2025-03-31;2025-04-01;2025-04-02;2025-04-03;2025-04-04;2025-04-05;2025-04-06;2025-04-07;2025-04-08,28,6968.935269761277,2025-03-12;2025-03-13;2025-03-14;2025-03-15;2025-03-16;2025-03-17;2025-03-18;2025-03-19;2025-03-20;2025-03-21;2025-03-22;2025-03-23;2025-03-24;2025-03-25;2025-03-26;2025-03-27;2025-03-28;2025-03-29;2025-03-30;2025-03-31;2025-04-01;2025-04-02;2025-04-03;2025-04-04;2025-04-05;2025-04-06;2025-04-07;2025-04-08,2025-03-26;2025-03-27;2025-03-28;2025-03-29;2025-03-30;2025-03-31;2025-04-01;2025-04-02;2025-04-03;2025-04-04;2025-04-05;2025-04-06;2025-04-07;2025-04-08,,2025-04-08,0.0,1200.0,1200.0,16.897974366944535,21.158682100501295,33.18113796171306,60.56845514395592,66107.99326404414,1035.1743817650824,3913.4596301019715,39399.380445017814,3811.5489056573906,43210.92935067521,39399.380445017814,39399.380405618445,39014.045096123526,1476.3805879238703,lexicographic,3.939938040561845e-05,3.901404505710949e-05,False,0.1476278000009188,0.0,1,0
2025-04-10,False,calendar_trend,4,1.0,7,1.0,0,calibrated_quantile,2025-03-13;2025-03-14;2025-03-15;2025-03-16;2025-03-17;2025-03-18;2025-03-19;2025-03-20;2025-03-21;2025-03-22;2025-03-23;2025-03-24;2025-03-25;2025-03-26;2025-03-27;2025-03-28;2025-03-29;2025-03-30;2025-03-31;2025-04-01;2025-04-02;2025-04-03;2025-04-04;2025-04-05;2025-04-06;2025-04-07;2025-04-08;2025-04-09,28,7253.417577446938,2025-03-13;2025-03-14;2025-03-15;2025-03-16;2025-03-17;2025-03-18;2025-03-19;2025-03-20;2025-03-21;2025-03-22;2025-03-23;2025-03-24;2025-03-25;2025-03-26;2025-03-27;2025-03-28;2025-03-29;2025-03-30;2025-03-31;2025-04-01;2025-04-02;2025-04-03;2025-04-04;2025-04-05;2025-04-06;2025-04-07;2025-04-08;2025-04-09,2025-03-27;2025-03-28;2025-03-29;2025-03-30;2025-03-31;2025-04-01;2025-04-02;2025-04-03;2025-04-04;2025-04-05;2025-04-06;2025-04-07;2025-04-08;2025-04-09,,2025-04-09,0.0,1200.0,1200.0,19.186284361205665,23.229163263958775,27.067205499253014,53.87774173457183,67303.22401476477,428.8534955479724,9145.29578167056,40119.06142185391,1961.5886642160885,42080.65008607,40119.06142185391,40119.06138173485,39306.94910443342,1463.9930874231618,lexicographic,4.011906138173485e-05,3.930694906512648e-05,False,0.1543530999988434,0.0,1,0
2025-04-11,False,calendar_trend,4,1.0,7,1.0,0,calibrated_quantile,2025-03-14;2025-03-15;2025-03-16;2025-03-17;2025-03-18;2025-03-19;2025-03-20;2025-03-21;2025-03-22;2025-03-23;2025-03-24;2025-03-25;2025-03-26;2025-03-27;2025-03-28;2025-03-29;2025-03-30;2025-03-31;2025-04-01;2025-04-02;2025-04-03;2025-04-04;2025-04-05;2025-04-06;2025-04-07;2025-04-08;2025-04-09;2025-04-10,28,6839.330970696659,2025-03-14;2025-03-15;2025-03-16;2025-03-17;2025-03-18;2025-03-19;2025-03-20;2025-03-21;2025-03-22;2025-03-23;2025-03-24;2025-03-25;2025-03-26;2025-03-27;2025-03-28;2025-03-29;2025-03-30;2025-03-31;2025-04-01;2025-04-02;2025-04-03;2025-04-04;2025-04-05;2025-04-06;2025-04-07;2025-04-08;2025-04-09;2025-04-10,2025-03-28;2025-03-29;2025-03-30;2025-03-31;2025-04-01;2025-04-02;2025-04-03;2025-04-04;2025-04-05;2025-04-06;2025-04-07;2025-04-08;2025-04-09;2025-04-10,,2025-04-10,0.0,1200.0,1200.0,19.32725067499204,23.547854383109627,33.22894817530504,64.5206425478436,29532.742121063715,223.31965130150041,21712.81539921851,14993.010057799358,921.6405707759664,15914.650628575324,14993.010057799358,14993.010042806345,25974.416493309818,1299.9550788732192,lexicographic,1.4993010042806346e-05,2.597441649330982e-05,False,0.16702859999713837,0.0,1,0
2025-04-12,False,calendar_trend,4,1.0,7,1.0,0,calibrated_quantile,2025-03-15;2025-03-16;2025-03-17;2025-03-18;2025-03-19;2025-03-20;2025-03-21;2025-03-22;2025-03-23;2025-03-24;2025-03-25;2025-03-26;2025-03-27;2025-03-28;2025-03-29;2025-03-30;2025-03-31;2025-04-01;2025-04-02;2025-04-03;2025-04-04;2025-04-05;2025-04-06;2025-04-07;2025-04-08;2025-04-09;2025-04-10;2025-04-11,28,6813.7897580249555,2025-03-15;2025-03-16;2025-03-17;2025-03-18;2025-03-19;2025-03-20;2025-03-21;2025-03-22;2025-03-23;2025-03-24;2025-03-25;2025-03-26;2025-03-27;2025-03-28;2025-03-29;2025-03-30;2025-03-31;2025-04-01;2025-04-02;2025-04-03;2025-04-04;2025-04-05;2025-04-06;2025-04-07;2025-04-08;2025-04-09;2025-04-10;2025-04-11,2025-03-29;2025-03-30;2025-03-31;2025-04-01;2025-04-02;2025-04-03;2025-04-04;2025-04-05;2025-04-06;2025-04-07;2025-04-08;2025-04-09;2025-04-10;2025-04-11,,2025-04-11,0.0,1200.0,1200.0,18.444414773675184,23.827727743104017,27.402559273108878,47.06762217621021,29827.22762938925,260.3971315647162,18349.889089663782,15138.645924579658,870.526701778123,16009.17262635778,15138.645924579661,15138.645909441013,25840.84720808014,1294.5184467376127,lexicographic,1.5138645909441014e-05,2.5840847208080142e-05,False,0.18345120000230963,0.0,1,0
2025-04-13,False,calendar_trend,4,1.0,7,1.0,0,calibrated_quantile,2025-03-16;2025-03-17;2025-03-18;2025-03-19;2025-03-20;2025-03-21;2025-03-22;2025-03-23;2025-03-24;2025-03-25;2025-03-26;2025-03-27;2025-03-28;2025-03-29;2025-03-30;2025-03-31;2025-04-01;2025-04-02;2025-04-03;2025-04-04;2025-04-05;2025-04-06;2025-04-07;2025-04-08;2025-04-09;2025-04-10;2025-04-11;2025-04-12,28,6580.200635622317,2025-03-16;2025-03-17;2025-03-18;2025-03-19;2025-03-20;2025-03-21;2025-03-22;2025-03-23;2025-03-24;2025-03-25;2025-03-26;2025-03-27;2025-03-28;2025-03-29;2025-03-30;2025-03-31;2025-04-01;2025-04-02;2025-04-03;2025-04-04;2025-04-05;2025-04-06;2025-04-07;2025-04-08;2025-04-09;2025-04-10;2025-04-11;2025-04-12,2025-03-30;2025-03-31;2025-04-01;2025-04-02;2025-04-03;2025-04-04;2025-04-05;2025-04-06;2025-04-07;2025-04-08;2025-04-09;2025-04-10;2025-04-11;2025-04-12,,2025-04-12,0.0,1200.0,1200.0,20.20762072693682,24.470497367508603,18.162095613326912,34.27346838954061,64079.088962190355,359.4133792381631,6079.444438161565,38066.532042447274,1494.1450522866512,39560.677094733925,38066.532042447274,38066.53200438074,38893.083947788815,1474.5681098006114,lexicographic,3.806653200438074e-05,3.8893083908895737e-05,False,0.1406862000003457,0.0,1,0
2025-04-14,False,calendar_trend,4,1.0,7,1.0,0,calibrated_quantile,2025-03-17;2025-03-18;2025-03-19;2025-03-20;2025-03-21;2025-03-22;2025-03-23;2025-03-24;2025-03-25;2025-03-26;2025-03-27;2025-03-28;2025-03-29;2025-03-30;2025-03-31;2025-04-01;2025-04-02;2025-04-03;2025-04-04;2025-04-05;2025-04-06;2025-04-07;2025-04-08;2025-04-09;2025-04-10;2025-04-11;2025-04-12;2025-04-13,28,6441.6810089105675,2025-03-17;2025-03-18;2025-03-19;2025-03-20;2025-03-21;2025-03-22;2025-03-23;2025-03-24;2025-03-25;2025-03-26;2025-03-27;2025-03-28;2025-03-29;2025-03-30;2025-03-31;2025-04-01;2025-04-02;2025-04-03;2025-04-04;2025-04-05;2025-04-06;2025-04-07;2025-04-08;2025-04-09;2025-04-10;2025-04-11;2025-04-12;2025-04-13,2025-03-31;2025-04-01;2025-04-02;2025-04-03;2025-04-04;2025-04-05;2025-04-06;2025-04-07;2025-04-08;2025-04-09;2025-04-10;2025-04-11;2025-04-12;2025-04-13,,2025-04-13,0.0,1200.0,1200.0,19.96606178939511,25.203988890315106,18.01588837604356,32.42158776566645,63420.79438487379,378.5232844318058,7234.185702406494,37714.47047491227,1208.0875999690652,38922.55807488134,37714.47047491227,37714.47043719781,38458.691063617815,1465.7510492713413,lexicographic,3.771447043719781e-05,3.845869102515912e-05,False,0.14554950000092504,0.0,1,0
2025-04-15,False,calendar_trend,4,1.0,7,1.0,0,calibrated_quantile,2025-03-18;2025-03-19;2025-03-20;2025-03-21;2025-03-22;2025-03-23;2025-03-24;2025-03-25;2025-03-26;2025-03-27;2025-03-28;2025-03-29;2025-03-30;2025-03-31;2025-04-01;2025-04-02;2025-04-03;2025-04-04;2025-04-05;2025-04-06;2025-04-07;2025-04-08;2025-04-09;2025-04-10;2025-04-11;2025-04-12;2025-04-13;2025-04-14,28,6499.404525318511,2025-03-18;2025-03-19;2025-03-20;2025-03-21;2025-03-22;2025-03-23;2025-03-24;2025-03-25;2025-03-26;2025-03-27;2025-03-28;2025-03-29;2025-03-30;2025-03-31;2025-04-01;2025-04-02;2025-04-03;2025-04-04;2025-04-05;2025-04-06;2025-04-07;2025-04-08;2025-04-09;2025-04-10;2025-04-11;2025-04-12;2025-04-13;2025-04-14,2025-04-01;2025-04-02;2025-04-03;2025-04-04;2025-04-05;2025-04-06;2025-04-07;2025-04-08;2025-04-09;2025-04-10;2025-04-11;2025-04-12;2025-04-13;2025-04-14,,2025-04-14,0.0,1200.0,1200.0,19.237806613357428,23.53794968526873,32.84401933962555,59.7087763002563,63478.43245662699,184.52129511487604,9513.294564887176,37827.0815704323,838.7720277612725,38665.85359819358,37827.0815704323,37827.08153260522,38202.72073617716,1451.3807681651938,lexicographic,3.782708153260522e-05,3.820272069797445e-05,False,0.13825689999794122,0.0,1,0
2025-04-16,False,calendar_trend,4,1.0,7,1.0,0,calibrated_quantile,2025-03-19;2025-03-20;2025-03-21;2025-03-22;2025-03-23;2025-03-24;2025-03-25;2025-03-26;2025-03-27;2025-03-28;2025-03-29;2025-03-30;2025-03-31;2025-04-01;2025-04-02;2025-04-03;2025-04-04;2025-04-05;2025-04-06;2025-04-07;2025-04-08;2025-04-09;2025-04-10;2025-04-11;2025-04-12;2025-04-13;2025-04-14;2025-04-15,28,6445.499364288709,2025-03-19;2025-03-20;2025-03-21;2025-03-22;2025-03-23;2025-03-24;2025-03-25;2025-03-26;2025-03-27;2025-03-28;2025-03-29;2025-03-30;2025-03-31;2025-04-01;2025-04-02;2025-04-03;2025-04-04;2025-04-05;2025-04-06;2025-04-07;2025-04-08;2025-04-09;2025-04-10;2025-04-11;2025-04-12;2025-04-13;2025-04-14;2025-04-15,2025-04-02;2025-04-03;2025-04-04;2025-04-05;2025-04-06;2025-04-07;2025-04-08;2025-04-09;2025-04-10;2025-04-11;2025-04-12;2025-04-13;2025-04-14;2025-04-15,,2025-04-15,0.0,1200.0,1200.0,18.441259610415948,22.74409192500074,27.1530139356158,52.160102467504956,62476.91142546835,1047.1440624612533,3897.4108873215055,37320.36432219258,4035.3467915028464,41355.711113695426,37320.36432219258,37320.36428487223,36648.23840842461,1455.9690779469704,lexicographic,3.7320364284872234e-05,3.664823837177638e-05,False,0.14415120000194293,0.0,1,0
2025-04-17,False,calendar_trend,4,1.0,7,1.0,0,calibrated_quantile,2025-03-20;2025-03-21;2025-03-22;2025-03-23;2025-03-24;2025-03-25;2025-03-26;2025-03-27;2025-03-28;2025-03-29;2025-03-30;2025-03-31;2025-04-01;2025-04-02;2025-04-03;2025-04-04;2025-04-05;2025-04-06;2025-04-07;2025-04-08;2025-04-09;2025-04-10;2025-04-11;2025-04-12;2025-04-13;2025-04-14;2025-04-15;2025-04-16,28,6669.505292232843,2025-03-20;2025-03-21;2025-03-22;2025-03-23;2025-03-24;2025-03-25;2025-03-26;2025-03-27;2025-03-28;2025-03-29;2025-03-30;2025-03-31;2025-04-01;2025-04-02;2025-04-03;2025-04-04;2025-04-05;2025-04-06;2025-04-07;2025-04-08;2025-04-09;2025-04-10;2025-04-11;2025-04-12;2025-04-13;2025-04-14;2025-04-15;2025-04-16,2025-04-03;2025-04-04;2025-04-05;2025-04-06;2025-04-07;2025-04-08;2025-04-09;2025-04-10;2025-04-11;2025-04-12;2025-04-13;2025-04-14;2025-04-15;2025-04-16,,2025-04-16,0.0,1200.0,1200.0,16.296016572016313,19.97074183071237,17.931063298344352,31.983702330391193,63886.10783451842,140.800774705856,7255.422170636777,37989.177421839224,625.5293737531338,38614.706795592356,37989.177421839224,37989.177383850045,37182.58315970204,1465.9851209151893,lexicographic,3.7989177383850045e-05,3.718258312251946e-05,False,0.13300800000070012,0.0,1,0
2025-04-18,False,calendar_trend,4,1.0,7,1.0,0,calibrated_quantile,2025-03-21;2025-03-22;2025-03-23;2025-03-24;2025-03-25;2025-03-26;2025-03-27;2025-03-28;2025-03-29;2025-03-30;2025-03-31;2025-04-01;2025-04-02;2025-04-03;2025-04-04;2025-04-05;2025-04-06;2025-04-07;2025-04-08;2025-04-09;2025-04-10;2025-04-11;2025-04-12;2025-04-13;2025-04-14;2025-04-15;2025-04-16;2025-04-17,28,6641.528592002278,2025-03-21;2025-03-22;2025-03-23;2025-03-24;2025-03-25;2025-03-26;2025-03-27;2025-03-28;2025-03-29;2025-03-30;2025-03-31;2025-04-01;2025-04-02;2025-04-03;2025-04-04;2025-04-05;2025-04-06;2025-04-07;2025-04-08;2025-04-09;2025-04-10;2025-04-11;2025-04-12;2025-04-13;2025-04-14;2025-04-15;2025-04-16;2025-04-17,2025-04-04;2025-04-05;2025-04-06;2025-04-07;2025-04-08;2025-04-09;2025-04-10;2025-04-11;2025-04-12;2025-04-13;2025-04-14;2025-04-15;2025-04-16;2025-04-17,,2025-04-17,0.0,1200.0,1200.0,17.156834062400875,21.48835153769531,19.226333956915308,38.04453446043131,28587.996795773386,191.87286679903016,19787.18726567585,14420.667142186812,587.1612710941506,15007.828413280962,14420.667142186812,14420.667127766139,25135.805455523434,1285.3657030786214,lexicographic,1.442066712776614e-05,2.5135805430387633e-05,False,0.12943160000213538,0.0,1,0
2025-04-19,False,calendar_trend,4,1.0,7,1.0,0,calibrated_quantile,2025-03-22;2025-03-23;2025-03-24;2025-03-25;2025-03-26;2025-03-27;2025-03-28;2025-03-29;2025-03-30;2025-03-31;2025-04-01;2025-04-02;2025-04-03;2025-04-04;2025-04-05;2025-04-06;2025-04-07;2025-04-08;2025-04-09;2025-04-10;2025-04-11;2025-04-12;2025-04-13;2025-04-14;2025-04-15;2025-04-16;2025-04-17;2025-04-18,28,6676.568444367467,2025-03-22;2025-03-23;2025-03-24;2025-03-25;2025-03-26;2025-03-27;2025-03-28;2025-03-29;2025-03-30;2025-03-31;2025-04-01;2025-04-02;2025-04-03;2025-04-04;2025-04-05;2025-04-06;2025-04-07;2025-04-08;2025-04-09;2025-04-10;2025-04-11;2025-04-12;2025-04-13;2025-04-14;2025-04-15;2025-04-16;2025-04-17;2025-04-18,2025-04-05;2025-04-06;2025-04-07;2025-04-08;2025-04-09;2025-04-10;2025-04-11;2025-04-12;2025-04-13;2025-04-14;2025-04-15;2025-04-16;2025-04-17;2025-04-18,,2025-04-18,0.0,1200.0,1200.0,18.882955131075633,23.710772032944302,20.715796836625387,37.65755647917733,28320.537408790748,195.35144651059846,19140.478857270136,14224.336626479588,531.8085228586979,14756.145149338285,14224.336626479588,14224.33661225525,24680.119231244615,1277.9552997375483,lexicographic,1.4224336612255252e-05,2.4680119231244612e-05,False,0.18167199999879813,0.0,1,0
2025-04-20,False,calendar_trend,4,1.0,7,1.0,0,calibrated_quantile,2025-03-23;2025-03-24;2025-03-25;2025-03-26;2025-03-27;2025-03-28;2025-03-29;2025-03-30;2025-03-31;2025-04-01;2025-04-02;2025-04-03;2025-04-04;2025-04-05;2025-04-06;2025-04-07;2025-04-08;2025-04-09;2025-04-10;2025-04-11;2025-04-12;2025-04-13;2025-04-14;2025-04-15;2025-04-16;2025-04-17;2025-04-18;2025-04-19,28,6708.835593028018,2025-03-23;2025-03-24;2025-03-25;2025-03-26;2025-03-27;2025-03-28;2025-03-29;2025-03-30;2025-03-31;2025-04-01;2025-04-02;2025-04-03;2025-04-04;2025-04-05;2025-04-06;2025-04-07;2025-04-08;2025-04-09;2025-04-10;2025-04-11;2025-04-12;2025-04-13;2025-04-14;2025-04-15;2025-04-16;2025-04-17;2025-04-18;2025-04-19,2025-04-06;2025-04-07;2025-04-08;2025-04-09;2025-04-10;2025-04-11;2025-04-12;2025-04-13;2025-04-14;2025-04-15;2025-04-16;2025-04-17;2025-04-18;2025-04-19,,2025-04-19,0.0,1200.0,1200.0,16.184187009416164,21.245722689328545,23.885880772184688,43.146140372033244,62319.80412175892,513.0170771919578,6939.929019068171,36854.1863373528,2284.851094249452,39139.03743160226,36854.1863373528,36854.18630049863,37487.45582502296,1450.6696886935704,lexicographic,3.685418630049863e-05,3.74874557875355e-05,False,0.1479613999981666,0.0,1,0
2025-04-21,False,calendar_trend,4,1.0,7,1.0,0,calibrated_quantile,2025-03-24;2025-03-25;2025-03-26;2025-03-27;2025-03-28;2025-03-29;2025-03-30;2025-03-31;2025-04-01;2025-04-02;2025-04-03;2025-04-04;2025-04-05;2025-04-06;2025-04-07;2025-04-08;2025-04-09;2025-04-10;2025-04-11;2025-04-12;2025-04-13;2025-04-14;2025-04-15;2025-04-16;2025-04-17;2025-04-18;2025-04-19;2025-04-20,28,6693.311996016071,2025-03-24;2025-03-25;2025-03-26;2025-03-27;2025-03-28;2025-03-29;2025-03-30;2025-03-31;2025-04-01;2025-04-02;2025-04-03;2025-04-04;2025-04-05;2025-04-06;2025-04-07;2025-04-08;2025-04-09;2025-04-10;2025-04-11;2025-04-12;2025-04-13;2025-04-14;2025-04-15;2025-04-16;2025-04-17;2025-04-18;2025-04-19;2025-04-20,2025-04-07;2025-04-08;2025-04-09;2025-04-10;2025-04-11;2025-04-12;2025-04-13;2025-04-14;2025-04-15;2025-04-16;2025-04-17;2025-04-18;2025-04-19;2025-04-20,,2025-04-20,0.0,1200.0,1200.0,21.32527108137806,26.67517330099658,32.42522081984866,57.77010802328466,62287.83776137037,352.1405912298367,10153.972991306733,36725.038134060094,1271.5184986412542,37996.55663270135,36725.038134060094,36725.03809733506,37810.85215846237,1463.8489257412407,lexicographic,3.6725038097335065e-05,3.7810852120651525e-05,False,0.12019529999815859,0.0,1,0
2025-04-22,False,calendar_trend,4,1.0,7,1.0,0,calibrated_quantile,2025-03-25;2025-03-26;2025-03-27;2025-03-28;2025-03-29;2025-03-30;2025-03-31;2025-04-01;2025-04-02;2025-04-03;2025-04-04;2025-04-05;2025-04-06;2025-04-07;2025-04-08;2025-04-09;2025-04-10;2025-04-11;2025-04-12;2025-04-13;2025-04-14;2025-04-15;2025-04-16;2025-04-17;2025-04-18;2025-04-19;2025-04-20;2025-04-21,28,6707.7197273226975,2025-03-25;2025-03-26;2025-03-27;2025-03-28;2025-03-29;2025-03-30;2025-03-31;2025-04-01;2025-04-02;2025-04-03;2025-04-04;2025-04-05;2025-04-06;2025-04-07;2025-04-08;2025-04-09;2025-04-10;2025-04-11;2025-04-12;2025-04-13;2025-04-14;2025-04-15;2025-04-16;2025-04-17;2025-04-18;2025-04-19;2025-04-20;2025-04-21,2025-04-08;2025-04-09;2025-04-10;2025-04-11;2025-04-12;2025-04-13;2025-04-14;2025-04-15;2025-04-16;2025-04-17;2025-04-18;2025-04-19;2025-04-20;2025-04-21,,2025-04-21,0.0,1200.0,1200.0,19.363051760953233,23.423249104039687,24.68255085977833,41.672464217468395,61510.382020739475,543.2851314352115,6008.535106836784,36502.322136966795,1904.3222577480997,38406.644394714895,36502.3221369668,36502.32210046449,37078.3523099734,1475.4855703737803,lexicographic,3.650232210046449e-05,3.707835227289505e-05,False,0.12255019999793149,0.0,1,0
2025-04-23,False,calendar_trend,4,1.0,7,1.0,0,calibrated_quantile,2025-03-26;2025-03-27;2025-03-28;2025-03-29;2025-03-30;2025-03-31;2025-04-01;2025-04-02;2025-04-03;2025-04-04;2025-04-05;2025-04-06;2025-04-07;2025-04-08;2025-04-09;2025-04-10;2025-04-11;2025-04-12;2025-04-13;2025-04-14;2025-04-15;2025-04-16;2025-04-17;2025-04-18;2025-04-19;2025-04-20;2025-04-21;2025-04-22,28,6668.007268916037,2025-03-26;2025-03-27;2025-03-28;2025-03-29;2025-03-30;2025-03-31;2025-04-01;2025-04-02;2025-04-03;2025-04-04;2025-04-05;2025-04-06;2025-04-07;2025-04-08;2025-04-09;2025-04-10;2025-04-11;2025-04-12;2025-04-13;2025-04-14;2025-04-15;2025-04-16;2025-04-17;2025-04-18;2025-04-19;2025-04-20;2025-04-21;2025-04-22,2025-04-09;2025-04-10;2025-04-11;2025-04-12;2025-04-13;2025-04-14;2025-04-15;2025-04-16;2025-04-17;2025-04-18;2025-04-19;2025-04-20;2025-04-21;2025-04-22,,2025-04-22,0.0,1200.0,1200.0,18.99224232241069,23.787930664709158,22.624405435017703,40.80866157868044,61507.6908546905,183.20430958312107,6403.386853147787,36367.99816165087,669.5534888180429,37037.55165046891,36367.998161650874,36367.99812528286,37034.42518932158,1477.899645208075,lexicographic,3.6367998125282864e-05,3.703442515228714e-05,False,0.09870550000050571,0.0,1,0
2025-04-24,False,calendar_trend,4,1.0,7,1.0,0,calibrated_quantile,2025-03-27;2025-03-28;2025-03-29;2025-03-30;2025-03-31;2025-04-01;2025-04-02;2025-04-03;2025-04-04;2025-04-05;2025-04-06;2025-04-07;2025-04-08;2025-04-09;2025-04-10;2025-04-11;2025-04-12;2025-04-13;2025-04-14;2025-04-15;2025-04-16;2025-04-17;2025-04-18;2025-04-19;2025-04-20;2025-04-21;2025-04-22;2025-04-23,28,6770.491674328871,2025-03-27;2025-03-28;2025-03-29;2025-03-30;2025-03-31;2025-04-01;2025-04-02;2025-04-03;2025-04-04;2025-04-05;2025-04-06;2025-04-07;2025-04-08;2025-04-09;2025-04-10;2025-04-11;2025-04-12;2025-04-13;2025-04-14;2025-04-15;2025-04-16;2025-04-17;2025-04-18;2025-04-19;2025-04-20;2025-04-21;2025-04-22;2025-04-23,2025-04-10;2025-04-11;2025-04-12;2025-04-13;2025-04-14;2025-04-15;2025-04-16;2025-04-17;2025-04-18;2025-04-19;2025-04-20;2025-04-21;2025-04-22;2025-04-23,,2025-04-23,0.0,1200.0,1200.0,16.90147603858899,21.21793556812541,30.112661769967993,58.11994723977387,61918.58430181074,190.93465735358689,11097.548868776765,36528.555664637155,1010.5112846528082,37539.06694928996,36528.555664637155,36528.5556281086,37360.90914000783,1469.4490049161118,lexicographic,3.6528555628108607e-05,3.736090910264693e-05,False,0.10835580000275513,0.0,1,0
2025-04-25,False,calendar_trend,4,1.0,7,1.0,0,calibrated_quantile,2025-03-28;2025-03-29;2025-03-30;2025-03-31;2025-04-01;2025-04-02;2025-04-03;2025-04-04;2025-04-05;2025-04-06;2025-04-07;2025-04-08;2025-04-09;2025-04-10;2025-04-11;2025-04-12;2025-04-13;2025-04-14;2025-04-15;2025-04-16;2025-04-17;2025-04-18;2025-04-19;2025-04-20;2025-04-21;2025-04-22;2025-04-23;2025-04-24,28,6664.7950432548005,2025-03-28;2025-03-29;2025-03-30;2025-03-31;2025-04-01;2025-04-02;2025-04-03;2025-04-04;2025-04-05;2025-04-06;2025-04-07;2025-04-08;2025-04-09;2025-04-10;2025-04-11;2025-04-12;2025-04-13;2025-04-14;2025-04-15;2025-04-16;2025-04-17;2025-04-18;2025-04-19;2025-04-20;2025-04-21;2025-04-22;2025-04-23;2025-04-24,2025-04-11;2025-04-12;2025-04-13;2025-04-14;2025-04-15;2025-04-16;2025-04-17;2025-04-18;2025-04-19;2025-04-20;2025-04-21;2025-04-22;2025-04-23;2025-04-24,,2025-04-24,0.0,1200.0,1200.0,19.39981781119772,23.651808392351686,22.588948153358917,42.37305210730519,27499.986008523367,105.00810620551079,23068.24949405992,13592.332171188611,441.13108037965765,14033.463251568268,13592.332171188613,13592.33215759628,24162.42324689892,1296.3281428758066,lexicographic,1.3592332157596281e-05,2.4162423246898927e-05,False,0.11260869999750867,0.0,1,0
2025-04-26,False,calendar_trend,4,1.0,7,1.0,0,calibrated_quantile,2025-03-29;2025-03-30;2025-03-31;2025-04-01;2025-04-02;2025-04-03;2025-04-04;2025-04-05;2025-04-06;2025-04-07;2025-04-08;2025-04-09;2025-04-10;2025-04-11;2025-04-12;2025-04-13;2025-04-14;2025-04-15;2025-04-16;2025-04-17;2025-04-18;2025-04-19;2025-04-20;2025-04-21;2025-04-22;2025-04-23;2025-04-24;2025-04-25,28,6635.871912743227,2025-03-29;2025-03-30;2025-03-31;2025-04-01;2025-04-02;2025-04-03;2025-04-04;2025-04-05;2025-04-06;2025-04-07;2025-04-08;2025-04-09;2025-04-10;2025-04-11;2025-04-12;2025-04-13;2025-04-14;2025-04-15;2025-04-16;2025-04-17;2025-04-18;2025-04-19;2025-04-20;2025-04-21;2025-04-22;2025-04-23;2025-04-24;2025-04-25,2025-04-12;2025-04-13;2025-04-14;2025-04-15;2025-04-16;2025-04-17;2025-04-18;2025-04-19;2025-04-20;2025-04-21;2025-04-22;2025-04-23;2025-04-24;2025-04-25,,2025-04-25,0.0,1200.0,1200.0,19.454341382045644,24.16005903352967,45.38859394822579,81.82448683972343,27374.13825751055,375.6399871842718,25188.492350636756,13552.067772579063,1408.8140945891323,14960.881867168195,13552.067772579063,13552.067759026997,23730.93153637771,1293.30419919334,lexicographic,1.3552067759026998e-05,2.3730931512646774e-05,False,0.12056980000124895,0.0,1,0
2025-04-27,False,calendar_trend,4,1.0,7,1.0,0,calibrated_quantile,2025-03-30;2025-03-31;2025-04-01;2025-04-02;2025-04-03;2025-04-04;2025-04-05;2025-04-06;2025-04-07;2025-04-08;2025-04-09;2025-04-10;2025-04-11;2025-04-12;2025-04-13;2025-04-14;2025-04-15;2025-04-16;2025-04-17;2025-04-18;2025-04-19;2025-04-20;2025-04-21;2025-04-22;2025-04-23;2025-04-24;2025-04-25;2025-04-26,28,6750.285436434391,2025-03-30;2025-03-31;2025-04-01;2025-04-02;2025-04-03;2025-04-04;2025-04-05;2025-04-06;2025-04-07;2025-04-08;2025-04-09;2025-04-10;2025-04-11;2025-04-12;2025-04-13;2025-04-14;2025-04-15;2025-04-16;2025-04-17;2025-04-18;2025-04-19;2025-04-20;2025-04-21;2025-04-22;2025-04-23;2025-04-24;2025-04-25;2025-04-26,2025-04-13;2025-04-14;2025-04-15;2025-04-16;2025-04-17;2025-04-18;2025-04-19;2025-04-20;2025-04-21;2025-04-22;2025-04-23;2025-04-24;2025-04-25;2025-04-26,,2025-04-26,0.0,1200.0,1200.0,21.222224713639,26.959458513730095,24.31818027894309,42.12692432691019,57839.23646340989,993.3872256041172,6492.175320904684,34274.7188491901,4199.286578458899,38474.005427649005,34274.7188491901,34274.71881491538,35885.41423391874,1466.6874888831303,lexicographic,3.4274718814915384e-05,3.588541419803331e-05,False,0.17514139999912004,0.0,1,0
2025-04-28,False,calendar_trend,4,1.0,7,1.0,0,calibrated_quantile,2025-03-31;2025-04-01;2025-04-02;2025-04-03;2025-04-04;2025-04-05;2025-04-06;2025-04-07;2025-04-08;2025-04-09;2025-04-10;2025-04-11;2025-04-12;2025-04-13;2025-04-14;2025-04-15;2025-04-16;2025-04-17;2025-04-18;2025-04-19;2025-04-20;2025-04-21;2025-04-22;2025-04-23;2025-04-24;2025-04-25;2025-04-26;2025-04-27,28,6863.395203553888,2025-03-31;2025-04-01;2025-04-02;2025-04-03;2025-04-04;2025-04-05;2025-04-06;2025-04-07;2025-04-08;2025-04-09;2025-04-10;2025-04-11;2025-04-12;2025-04-13;2025-04-14;2025-04-15;2025-04-16;2025-04-17;2025-04-18;2025-04-19;2025-04-20;2025-04-21;2025-04-22;2025-04-23;2025-04-24;2025-04-25;2025-04-26;2025-04-27,2025-04-14;2025-04-15;2025-04-16;2025-04-17;2025-04-18;2025-04-19;2025-04-20;2025-04-21;2025-04-22;2025-04-23;2025-04-24;2025-04-25;2025-04-26;2025-04-27,,2025-04-27,0.0,1200.0,1200.0,18.972641532826337,23.512904702144905,63.16439201503681,113.40320114691397,58460.83571064768,4838.074053363262,2878.620335762739,34824.25941986526,17800.8674178648,52625.12683773006,34824.25941986525,34824.259385041005,36184.01590506628,1473.3565792344905,lexicographic,3.4824259385041004e-05,3.618401586888226e-05,False,0.20596149999983027,0.0,1,0
2025-04-29,False,calendar_trend,4,1.0,7,1.0,0,calibrated_quantile,2025-04-01;2025-04-02;2025-04-03;2025-04-04;2025-04-05;2025-04-06;2025-04-07;2025-04-08;2025-04-09;2025-04-10;2025-04-11;2025-04-12;2025-04-13;2025-04-14;2025-04-15;2025-04-16;2025-04-17;2025-04-18;2025-04-19;2025-04-20;2025-04-21;2025-04-22;2025-04-23;2025-04-24;2025-04-25;2025-04-26;2025-04-27;2025-04-28,28,7292.077909158044,2025-04-01;2025-04-02;2025-04-03;2025-04-04;2025-04-05;2025-04-06;2025-04-07;2025-04-08;2025-04-09;2025-04-10;2025-04-11;2025-04-12;2025-04-13;2025-04-14;2025-04-15;2025-04-16;2025-04-17;2025-04-18;2025-04-19;2025-04-20;2025-04-21;2025-04-22;2025-04-23;2025-04-24;2025-04-25;2025-04-26;2025-04-27;2025-04-28,2025-04-15;2025-04-16;2025-04-17;2025-04-18;2025-04-19;2025-04-20;2025-04-21;2025-04-22;2025-04-23;2025-04-24;2025-04-25;2025-04-26;2025-04-27;2025-04-28,,2025-04-28,0.0,1200.0,1200.0,16.63713821151829,20.836032756781023,31.719635751613005,53.2339105497971,60495.617906422165,425.61680894829266,9745.208317684466,35993.61170647836,1695.3639578645093,37688.97566434287,35993.61170647836,35993.61167048475,35655.21554023677,1460.4780806372084,lexicographic,3.5993611670484756e-05,3.565521550458155e-05,False,0.10470139999961248,0.0,1,0
2025-04-30,False,calendar_trend,4,1.0,7,1.0,0,calibrated_quantile,2025-04-02;2025-04-03;2025-04-04;2025-04-05;2025-04-06;2025-04-07;2025-04-08;2025-04-09;2025-04-10;2025-04-11;2025-04-12;2025-04-13;2025-04-14;2025-04-15;2025-04-16;2025-04-17;2025-04-18;2025-04-19;2025-04-20;2025-04-21;2025-04-22;2025-04-23;2025-04-24;2025-04-25;2025-04-26;2025-04-27;2025-04-28;2025-04-29,28,7020.787578199032,2025-04-02;2025-04-03;2025-04-04;2025-04-05;2025-04-06;2025-04-07;2025-04-08;2025-04-09;2025-04-10;2025-04-11;2025-04-12;2025-04-13;2025-04-14;2025-04-15;2025-04-16;2025-04-17;2025-04-18;2025-04-19;2025-04-20;2025-04-21;2025-04-22;2025-04-23;2025-04-24;2025-04-25;2025-04-26;2025-04-27;2025-04-28;2025-04-29,2025-04-16;2025-04-17;2025-04-18;2025-04-19;2025-04-20;2025-04-21;2025-04-22;2025-04-23;2025-04-24;2025-04-25;2025-04-26;2025-04-27;2025-04-28;2025-04-29,,2025-04-29,0.0,1200.0,1200.0,19.79552687081828,24.323773303337088,36.66674771984765,60.91487235983605,59563.299955636976,884.2848514855918,8507.299831639195,35558.526416372675,3025.8034391554265,38584.3298555281,35558.52641637268,35558.526380814146,35089.52253311357,1463.2232138235377,lexicographic,3.555852638081415e-05,3.508952249802406e-05,False,0.13916479999898002,0.0,1,0
2025-05-01,False,calendar_trend,4,1.0,7,1.0,0,calibrated_quantile,2025-04-03;2025-04-04;2025-04-05;2025-04-06;2025-04-07;2025-04-08;2025-04-09;2025-04-10;2025-04-11;2025-04-12;2025-04-13;2025-04-14;2025-04-15;2025-04-16;2025-04-17;2025-04-18;2025-04-19;2025-04-20;2025-04-21;2025-04-22;2025-04-23;2025-04-24;2025-04-25;2025-04-26;2025-04-27;2025-04-28;2025-04-29;2025-04-30,28,6755.070902722217,2025-04-03;2025-04-04;2025-04-05;2025-04-06;2025-04-07;2025-04-08;2025-04-09;2025-04-10;2025-04-11;2025-04-12;2025-04-13;2025-04-14;2025-04-15;2025-04-16;2025-04-17;2025-04-18;2025-04-19;2025-04-20;2025-04-21;2025-04-22;2025-04-23;2025-04-24;2025-04-25;2025-04-26;2025-04-27;2025-04-28;2025-04-29;2025-04-30,2025-04-17;2025-04-18;2025-04-19;2025-04-20;2025-04-21;2025-04-22;2025-04-23;2025-04-24;2025-04-25;2025-04-26;2025-04-27;2025-04-28;2025-04-29;2025-04-30,,2025-04-30,0.0,1200.0,1200.0,34.97624236280891,46.86796062701144,25.13285605223588,42.61576644318834,58942.64881236124,2426.1028386410235,6690.172828726483,35220.15477272095,11431.659614267039,46651.814386987986,35220.15477272095,35220.15473750078,34934.905475364045,1466.2953148812862,lexicographic,3.522015473750078e-05,3.4934905440429143e-05,False,0.15943770000012591,0.0,1,0
2025-05-02,False,calendar_trend,4,1.0,7,1.0,0,calibrated_quantile,2025-04-04;2025-04-05;2025-04-06;2025-04-07;2025-04-08;2025-04-09;2025-04-10;2025-04-11;2025-04-12;2025-04-13;2025-04-14;2025-04-15;2025-04-16;2025-04-17;2025-04-18;2025-04-19;2025-04-20;2025-04-21;2025-04-22;2025-04-23;2025-04-24;2025-04-25;2025-04-26;2025-04-27;2025-04-28;2025-04-29;2025-04-30;2025-05-01,28,6976.86974541848,2025-04-04;2025-04-05;2025-04-06;2025-04-07;2025-04-08;2025-04-09;2025-04-10;2025-04-11;2025-04-12;2025-04-13;2025-04-14;2025-04-15;2025-04-16;2025-04-17;2025-04-18;2025-04-19;2025-04-20;2025-04-21;2025-04-22;2025-04-23;2025-04-24;2025-04-25;2025-04-26;2025-04-27;2025-04-28;2025-04-29;2025-04-30;2025-05-01,2025-04-18;2025-04-19;2025-04-20;2025-04-21;2025-04-22;2025-04-23;2025-04-24;2025-04-25;2025-04-26;2025-04-27;2025-04-28;2025-04-29;2025-04-30;2025-05-01,,2025-05-01,0.0,1200.0,1200.0,28.141391205595465,36.37852090142164,60.410933142462824,96.16606306054521,27854.87209658582,3522.2306369224316,14607.510693332648,14086.661126969884,15265.732488871901,29352.393615841786,14086.661126969884,14086.661112883226,23618.327588865788,1278.5021739202905,lexicographic,1.4086661112883227e-05,2.361832756524747e-05,False,0.11619419999988168,0.0,1,0
2025-05-03,False,calendar_trend,4,1.0,7,1.0,0,calibrated_quantile,2025-04-05;2025-04-06;2025-04-07;2025-04-08;2025-04-09;2025-04-10;2025-04-11;2025-04-12;2025-04-13;2025-04-14;2025-04-15;2025-04-16;2025-04-17;2025-04-18;2025-04-19;2025-04-20;2025-04-21;2025-04-22;2025-04-23;2025-04-24;2025-04-25;2025-04-26;2025-04-27;2025-04-28;2025-04-29;2025-04-30;2025-05-01;2025-05-02,28,7830.579082014588,2025-04-05;2025-04-06;2025-04-07;2025-04-08;2025-04-09;2025-04-10;2025-04-11;2025-04-12;2025-04-13;2025-04-14;2025-04-15;2025-04-16;2025-04-17;2025-04-18;2025-04-19;2025-04-20;2025-04-21;2025-04-22;2025-04-23;2025-04-24;2025-04-25;2025-04-26;2025-04-27;2025-04-28;2025-04-29;2025-04-30;2025-05-01;2025-05-02,2025-04-19;2025-04-20;2025-04-21;2025-04-22;2025-04-23;2025-04-24;2025-04-25;2025-04-26;2025-04-27;2025-04-28;2025-04-29;2025-04-30;2025-05-01;2025-05-02,,2025-05-02,0.0,1200.0,1200.0,25.405817762658135,34.12864439765468,18.944284999202846,33.49136702978204,29025.58620181529,847.6032471828701,18509.660797095243,15022.066725021841,4379.81540621811,19401.882131239952,15022.066725021841,15022.066709999775,23781.08512339103,1267.6410984801262,lexicographic,1.5022066709999776e-05,2.3781085099609944e-05,False,0.11018239999975776,0.0,1,0
2025-05-04,False,calendar_trend,4,1.0,7,1.0,0,calibrated_quantile,2025-04-06;2025-04-07;2025-04-08;2025-04-09;2025-04-10;2025-04-11;2025-04-12;2025-04-13;2025-04-14;2025-04-15;2025-04-16;2025-04-17;2025-04-18;2025-04-19;2025-04-20;2025-04-21;2025-04-22;2025-04-23;2025-04-24;2025-04-25;2025-04-26;2025-04-27;2025-04-28;2025-04-29;2025-04-30;2025-05-01;2025-05-02;2025-05-03,28,7845.513005182549,2025-04-06;2025-04-07;2025-04-08;2025-04-09;2025-04-10;2025-04-11;2025-04-12;2025-04-13;2025-04-14;2025-04-15;2025-04-16;2025-04-17;2025-04-18;2025-04-19;2025-04-20;2025-04-21;2025-04-22;2025-04-23;2025-04-24;2025-04-25;2025-04-26;2025-04-27;2025-04-28;2025-04-29;2025-04-30;2025-05-01;2025-05-02;2025-05-03,2025-04-20;2025-04-21;2025-04-22;2025-04-23;2025-04-24;2025-04-25;2025-04-26;2025-04-27;2025-04-28;2025-04-29;2025-04-30;2025-05-01;2025-05-02;2025-05-03,,2025-05-03,0.0,1200.0,1200.0,25.811560528971327,31.4693643568667,31.505827627686912,50.105460194367865,64594.926346011256,446.4199987659955,9534.809146415057,39429.70546402956,1552.3601179943444,40982.065582023904,39429.70546402956,39429.70542459986,35932.02345106442,1461.925554617003,lexicographic,3.942970542459986e-05,3.593202341513239e-05,False,0.14570890000322834,0.0,1,0
2025-05-05,False,calendar_trend,4,1.0,7,1.0,0,calibrated_quantile,2025-04-07;2025-04-08;2025-04-09;2025-04-10;2025-04-11;2025-04-12;2025-04-13;2025-04-14;2025-04-15;2025-04-16;2025-04-17;2025-04-18;2025-04-19;2025-04-20;2025-04-21;2025-04-22;2025-04-23;2025-04-24;2025-04-25;2025-04-26;2025-04-27;2025-04-28;2025-04-29;2025-04-30;2025-05-01;2025-05-02;2025-05-03;2025-05-04,28,7930.290855338017,2025-04-07;2025-04-08;2025-04-09;2025-04-10;2025-04-11;2025-04-12;2025-04-13;2025-04-14;2025-04-15;2025-04-16;2025-04-17;2025-04-18;2025-04-19;2025-04-20;2025-04-21;2025-04-22;2025-04-23;2025-04-24;2025-04-25;2025-04-26;2025-04-27;2025-04-28;2025-04-29;2025-04-30;2025-05-01;2025-05-02;2025-05-03;2025-05-04,2025-04-21;2025-04-22;2025-04-23;2025-04-24;2025-04-25;2025-04-26;2025-04-27;2025-04-28;2025-04-29;2025-04-30;2025-05-01;2025-05-02;2025-05-03;2025-05-04,,2025-05-04,0.0,1200.0,1200.0,23.346004123773533,29.61717310705466,33.56792051677462,54.42257510695648,66023.16103538792,948.4515844227332,8182.552550720256,40397.466165801176,3884.3275984073894,44281.79376420857,40397.46616580117,40397.466125403735,35371.71798449271,1492.1583767542643,lexicographic,4.039746612540374e-05,3.537171794912101e-05,False,0.1681862999976147,0.0,1,0
2025-05-06,False,calendar_trend,4,1.0,7,1.0,0,calibrated_quantile,2025-04-08;2025-04-09;2025-04-10;2025-04-11;2025-04-12;2025-04-13;2025-04-14;2025-04-15;2025-04-16;2025-04-17;2025-04-18;2025-04-19;2025-04-20;2025-04-21;2025-04-22;2025-04-23;2025-04-24;2025-04-25;2025-04-26;2025-04-27;2025-04-28;2025-04-29;2025-04-30;2025-05-01;2025-05-02;2025-05-03;2025-05-04;2025-05-05,28,8051.466159592746,2025-04-08;2025-04-09;2025-04-10;2025-04-11;2025-04-12;2025-04-13;2025-04-14;2025-04-15;2025-04-16;2025-04-17;2025-04-18;2025-04-19;2025-04-20;2025-04-21;2025-04-22;2025-04-23;2025-04-24;2025-04-25;2025-04-26;2025-04-27;2025-04-28;2025-04-29;2025-04-30;2025-05-01;2025-05-02;2025-05-03;2025-05-04;2025-05-05,2025-04-22;2025-04-23;2025-04-24;2025-04-25;2025-04-26;2025-04-27;2025-04-28;2025-04-29;2025-04-30;2025-05-01;2025-05-02;2025-05-03;2025-05-04;2025-05-05,,2025-05-05,0.0,1200.0,1200.0,24.107518250992467,30.309876547681277,34.846962850465474,61.631520190039154,66526.74812285739,696.6868577705999,10542.105570717842,40904.28522618656,2672.908138270963,43577.193364457526,40904.285226186556,40904.28518528228,36307.142885635425,1463.6340456669652,lexicographic,4.0904285185282284e-05,3.630714284932828e-05,False,0.16221560000121826,0.0,1,0
2025-05-07,False,calendar_trend,4,1.0,7,1.0,0,calibrated_quantile,2025-04-09;2025-04-10;2025-04-11;2025-04-12;2025-04-13;2025-04-14;2025-04-15;2025-04-16;2025-04-17;2025-04-18;2025-04-19;2025-04-20;2025-04-21;2025-04-22;2025-04-23;2025-04-24;2025-04-25;2025-04-26;2025-04-27;2025-04-28;2025-04-29;2025-04-30;2025-05-01;2025-05-02;2025-05-03;2025-05-04;2025-05-05;2025-05-06,28,8114.478682693563,2025-04-09;2025-04-10;2025-04-11;2025-04-12;2025-04-13;2025-04-14;2025-04-15;2025-04-16;2025-04-17;2025-04-18;2025-04-19;2025-04-20;2025-04-21;2025-04-22;2025-04-23;2025-04-24;2025-04-25;2025-04-26;2025-04-27;2025-04-28;2025-04-29;2025-04-30;2025-05-01;2025-05-02;2025-05-03;2025-05-04;2025-05-05;2025-05-06,2025-04-23;2025-04-24;2025-04-25;2025-04-26;2025-04-27;2025-04-28;2025-04-29;2025-04-30;2025-05-01;2025-05-02;2025-05-03;2025-05-04;2025-05-05;2025-05-06,,2025-05-06,0.0,1200.0,1200.0,21.629095568549015,27.215427872905767,16.46242491893746,30.85248452598107,67512.18407161598,121.41783656085957,8656.604658832528,41361.27903583404,448.8343310049788,41810.113366839025,41361.27903583405,41361.27899447278,37239.809746385305,1469.0256400213364,lexicographic,4.136127899447278e-05,3.72398097091455e-05,False,0.15990400000009686,0.0,1,0
2025-05-08,False,calendar_trend,4,1.0,7,1.0,0,calibrated_quantile,2025-04-10;2025-04-11;2025-04-12;2025-04-13;2025-04-14;2025-04-15;2025-04-16;2025-04-17;2025-04-18;2025-04-19;2025-04-20;2025-04-21;2025-04-22;2025-04-23;2025-04-24;2025-04-25;2025-04-26;2025-04-27;2025-04-28;2025-04-29;2025-04-30;2025-05-01;2025-05-02;2025-05-03;2025-05-04;2025-05-05;2025-05-06;2025-05-07,28,7909.306953501342,2025-04-10;2025-04-11;2025-04-12;2025-04-13;2025-04-14;2025-04-15;2025-04-16;2025-04-17;2025-04-18;2025-04-19;2025-04-20;2025-04-21;2025-04-22;2025-04-23;2025-04-24;2025-04-25;2025-04-26;2025-04-27;2025-04-28;2025-04-29;2025-04-30;2025-05-01;2025-05-02;2025-05-03;2025-05-04;2025-05-05;2025-05-06;2025-05-07,2025-04-24;2025-04-25;2025-04-26;2025-04-27;2025-04-28;2025-04-29;2025-04-30;2025-05-01;2025-05-02;2025-05-03;2025-05-04;2025-05-05;2025-05-06;2025-05-07,,2025-05-07,0.0,1200.0,1200.0,27.741619085513616,38.07760532885485,27.097640822204408,46.539747717164914,68603.64418060918,453.6589258480088,9216.653289912743,42575.7039296639,1775.0355832830114,44350.73951294691,42575.7039296639,42575.703887088195,38239.94065234451,1484.708659344585,lexicographic,4.2575703887088195e-05,3.8239940614104574e-05,False,0.12619619999895804,0.0,1,0
2025-05-09,False,calendar_trend,4,1.0,7,1.0,0,calibrated_quantile,2025-04-11;2025-04-12;2025-04-13;2025-04-14;2025-04-15;2025-04-16;2025-04-17;2025-04-18;2025-04-19;2025-04-20;2025-04-21;2025-04-22;2025-04-23;2025-04-24;2025-04-25;2025-04-26;2025-04-27;2025-04-28;2025-04-29;2025-04-30;2025-05-01;2025-05-02;2025-05-03;2025-05-04;2025-05-05;2025-05-06;2025-05-07;2025-05-08,28,7953.383083512662,2025-04-11;2025-04-12;2025-04-13;2025-04-14;2025-04-15;2025-04-16;2025-04-17;2025-04-18;2025-04-19;2025-04-20;2025-04-21;2025-04-22;2025-04-23;2025-04-24;2025-04-25;2025-04-26;2025-04-27;2025-04-28;2025-04-29;2025-04-30;2025-05-01;2025-05-02;2025-05-03;2025-05-04;2025-05-05;2025-05-06;2025-05-07;2025-05-08,2025-04-25;2025-04-26;2025-04-27;2025-04-28;2025-04-29;2025-04-30;2025-05-01;2025-05-02;2025-05-03;2025-05-04;2025-05-05;2025-05-06;2025-05-07;2025-05-08,,2025-05-08,0.0,1200.0,1200.0,21.058629097304635,27.58613298476539,19.68362127149786,37.82536483640738,31185.074239210328,107.98614455507021,20247.491186937717,16870.03649381253,318.3224389256284,17188.35893273816,16870.036493812528,16870.0364769425,24255.74661977957,1296.742433411719,lexicographic,1.6870036476942502e-05,2.425574659552383e-05,False,0.15982490000169491,0.0,1,0
2025-05-10,False,calendar_trend,4,1.0,7,1.0,0,calibrated_quantile,2025-04-12;2025-04-13;2025-04-14;2025-04-15;2025-04-16;2025-04-17;2025-04-18;2025-04-19;2025-04-20;2025-04-21;2025-04-22;2025-04-23;2025-04-24;2025-04-25;2025-04-26;2025-04-27;2025-04-28;2025-04-29;2025-04-30;2025-05-01;2025-05-02;2025-05-03;2025-05-04;2025-05-05;2025-05-06;2025-05-07;2025-05-08;2025-05-09,28,7996.853941095979,2025-04-12;2025-04-13;2025-04-14;2025-04-15;2025-04-16;2025-04-17;2025-04-18;2025-04-19;2025-04-20;2025-04-21;2025-04-22;2025-04-23;2025-04-24;2025-04-25;2025-04-26;2025-04-27;2025-04-28;2025-04-29;2025-04-30;2025-05-01;2025-05-02;2025-05-03;2025-05-04;2025-05-05;2025-05-06;2025-05-07;2025-05-08;2025-05-09,2025-04-26;2025-04-27;2025-04-28;2025-04-29;2025-04-30;2025-05-01;2025-05-02;2025-05-03;2025-05-04;2025-05-05;2025-05-06;2025-05-07;2025-05-08;2025-05-09,,2025-05-09,0.0,1200.0,1200.0,22.066732380711986,26.224549553739873,29.019519571268102,53.48116514881389,31065.171595197517,441.34293910134727,16846.905461964867,16820.053724909252,1856.9613655355934,18677.015090444846,16820.053724909252,16820.0537080892,24183.160305743142,1288.3517796534431,lexicographic,1.68200537080892e-05,2.4183160305743007e-05,False,0.21244069999738713,0.0,1,0
2025-05-11,False,calendar_trend,4,1.0,7,1.0,0,calibrated_quantile,2025-04-13;2025-04-14;2025-04-15;2025-04-16;2025-04-17;2025-04-18;2025-04-19;2025-04-20;2025-04-21;2025-04-22;2025-04-23;2025-04-24;2025-04-25;2025-04-26;2025-04-27;2025-04-28;2025-04-29;2025-04-30;2025-05-01;2025-05-02;2025-05-03;2025-05-04;2025-05-05;2025-05-06;2025-05-07;2025-05-08;2025-05-09;2025-05-10,28,8084.149346577449,2025-04-13;2025-04-14;2025-04-15;2025-04-16;2025-04-17;2025-04-18;2025-04-19;2025-04-20;2025-04-21;2025-04-22;2025-04-23;2025-04-24;2025-04-25;2025-04-26;2025-04-27;2025-04-28;2025-04-29;2025-04-30;2025-05-01;2025-05-02;2025-05-03;2025-05-04;2025-05-05;2025-05-06;2025-05-07;2025-05-08;2025-05-09;2025-05-10,2025-04-27;2025-04-28;2025-04-29;2025-04-30;2025-05-01;2025-05-02;2025-05-03;2025-05-04;2025-05-05;2025-05-06;2025-05-07;2025-05-08;2025-05-09;2025-05-10,,2025-05-10,0.0,1200.0,1200.0,26.962148727972416,35.530450907162624,25.393950161613343,41.202544974251126,68888.22224542231,221.66823208903747,9572.879361442052,42385.575340806936,616.722769339936,43002.29811014687,42385.57534080693,42385.57529842137,38609.51041711635,1490.3555041062345,lexicographic,4.238557529842137e-05,3.860951037850683e-05,False,0.1578732999987551,1.716611739478835e-16,1,0
2025-05-12,False,calendar_trend,4,1.0,7,1.0,0,calibrated_quantile,2025-04-14;2025-04-15;2025-04-16;2025-04-17;2025-04-18;2025-04-19;2025-04-20;2025-04-21;2025-04-22;2025-04-23;2025-04-24;2025-04-25;2025-04-26;2025-04-27;2025-04-28;2025-04-29;2025-04-30;2025-05-01;2025-05-02;2025-05-03;2025-05-04;2025-05-05;2025-05-06;2025-05-07;2025-05-08;2025-05-09;2025-05-10;2025-05-11,28,8133.237607987456,2025-04-14;2025-04-15;2025-04-16;2025-04-17;2025-04-18;2025-04-19;2025-04-20;2025-04-21;2025-04-22;2025-04-23;2025-04-24;2025-04-25;2025-04-26;2025-04-27;2025-04-28;2025-04-29;2025-04-30;2025-05-01;2025-05-02;2025-05-03;2025-05-04;2025-05-05;2025-05-06;2025-05-07;2025-05-08;2025-05-09;2025-05-10;2025-05-11,2025-04-28;2025-04-29;2025-04-30;2025-05-01;2025-05-02;2025-05-03;2025-05-04;2025-05-05;2025-05-06;2025-05-07;2025-05-08;2025-05-09;2025-05-10;2025-05-11,,2025-05-11,0.0,1200.0,1200.0,29.006626767402516,37.99467972453063,49.2814653639636,83.96289584572547,69755.37222369637,577.2310755557869,14335.921291642113,42877.62432247664,1447.7131161140014,44325.337438590635,42877.62432247664,42877.624279599004,38729.110849688586,1474.12543390888,lexicographic,4.2877624279599006e-05,3.872911081095948e-05,False,0.13876910000180942,0.0,1,0
2025-05-13,False,calendar_trend,4,1.0,7,1.0,0,calibrated_quantile,2025-04-15;2025-04-16;2025-04-17;2025-04-18;2025-04-19;2025-04-20;2025-04-21;2025-04-22;2025-04-23;2025-04-24;2025-04-25;2025-04-26;2025-04-27;2025-04-28;2025-04-29;2025-04-30;2025-05-01;2025-05-02;2025-05-03;2025-05-04;2025-05-05;2025-05-06;2025-05-07;2025-05-08;2025-05-09;2025-05-10;2025-05-11;2025-05-12,28,8183.277928570493,2025-04-15;2025-04-16;2025-04-17;2025-04-18;2025-04-19;2025-04-20;2025-04-21;2025-04-22;2025-04-23;2025-04-24;2025-04-25;2025-04-26;2025-04-27;2025-04-28;2025-04-29;2025-04-30;2025-05-01;2025-05-02;2025-05-03;2025-05-04;2025-05-05;2025-05-06;2025-05-07;2025-05-08;2025-05-09;2025-05-10;2025-05-11;2025-05-12,2025-04-29;2025-04-30;2025-05-01;2025-05-02;2025-05-03;2025-05-04;2025-05-05;2025-05-06;2025-05-07;2025-05-08;2025-05-09;2025-05-10;2025-05-11;2025-05-12,,2025-05-12,0.0,1200.0,1200.0,27.851927899524284,36.185881564368366,17.77015351923565,29.046051721747084,68991.65474537786,86.62150964528846,11975.76810210627,42290.35850549856,251.8093610059917,42542.167866504555,42290.35850549856,42290.35846320819,37850.86657427838,1462.2327325292526,lexicographic,4.2290358463208196e-05,3.7850866536427525e-05,False,0.12950180000188993,0.0,1,0
2025-05-14,False,calendar_trend,4,1.0,7,1.0,0,calibrated_quantile,2025-04-16;2025-04-17;2025-04-18;2025-04-19;2025-04-20;2025-04-21;2025-04-22;2025-04-23;2025-04-24;2025-04-25;2025-04-26;2025-04-27;2025-04-28;2025-04-29;2025-04-30;2025-05-01;2025-05-02;2025-05-03;2025-05-04;2025-05-05;2025-05-06;2025-05-07;2025-05-08;2025-05-09;2025-05-10;2025-05-11;2025-05-12;2025-05-13,28,8112.422586813683,2025-04-16;2025-04-17;2025-04-18;2025-04-19;2025-04-20;2025-04-21;2025-04-22;2025-04-23;2025-04-24;2025-04-25;2025-04-26;2025-04-27;2025-04-28;2025-04-29;2025-04-30;2025-05-01;2025-05-02;2025-05-03;2025-05-04;2025-05-05;2025-05-06;2025-05-07;2025-05-08;2025-05-09;2025-05-10;2025-05-11;2025-05-12;2025-05-13,2025-04-30;2025-05-01;2025-05-02;2025-05-03;2025-05-04;2025-05-05;2025-05-06;2025-05-07;2025-05-08;2025-05-09;2025-05-10;2025-05-11;2025-05-12;2025-05-13,,2025-05-13,0.0,1200.0,1200.0,22.489263262430374,30.54888715235809,23.19077046028068,42.19321779878606,68370.2929127864,176.99609150613918,11595.088514233517,41781.17904198385,509.3370370128053,42290.516078996654,41781.17904198385,41781.179000202654,37515.124153544784,1485.6847707918705,lexicographic,4.178117900020266e-05,3.7515124116029665e-05,False,0.13971979999769246,0.0,1,0
2025-05-15,False,calendar_trend,4,1.0,7,1.0,0,calibrated_quantile,2025-04-17;2025-04-18;2025-04-19;2025-04-20;2025-04-21;2025-04-22;2025-04-23;2025-04-24;2025-04-25;2025-04-26;2025-04-27;2025-04-28;2025-04-29;2025-04-30;2025-05-01;2025-05-02;2025-05-03;2025-05-04;2025-05-05;2025-05-06;2025-05-07;2025-05-08;2025-05-09;2025-05-10;2025-05-11;2025-05-12;2025-05-13;2025-05-14,28,7961.2022893908525,2025-04-17;2025-04-18;2025-04-19;2025-04-20;2025-04-21;2025-04-22;2025-04-23;2025-04-24;2025-04-25;2025-04-26;2025-04-27;2025-04-28;2025-04-29;2025-04-30;2025-05-01;2025-05-02;2025-05-03;2025-05-04;2025-05-05;2025-05-06;2025-05-07;2025-05-08;2025-05-09;2025-05-10;2025-05-11;2025-05-12;2025-05-13;2025-05-14,2025-05-01;2025-05-02;2025-05-03;2025-05-04;2025-05-05;2025-05-06;2025-05-07;2025-05-08;2025-05-09;2025-05-10;2025-05-11;2025-05-12;2025-05-13;2025-05-14,,2025-05-14,0.0,1200.0,1200.0,28.4417928624056,39.337038469069626,26.78695994578652,47.552038300467906,67332.83127917345,303.2314107774348,11030.345369960429,41449.93079516859,1178.0386858271604,42627.96948099575,41449.93079516859,41449.93075371867,36587.33082289154,1466.3766793107377,lexicographic,4.1449930753718675e-05,3.658733078630421e-05,False,0.1374881000010646,0.0,1,0
2025-05-16,False,calendar_trend,4,1.0,7,1.0,0,calibrated_quantile,2025-04-18;2025-04-19;2025-04-20;2025-04-21;2025-04-22;2025-04-23;2025-04-24;2025-04-25;2025-04-26;2025-04-27;2025-04-28;2025-04-29;2025-04-30;2025-05-01;2025-05-02;2025-05-03;2025-05-04;2025-05-05;2025-05-06;2025-05-07;2025-05-08;2025-05-09;2025-05-10;2025-05-11;2025-05-12;2025-05-13;2025-05-14;2025-05-15,28,8039.029128069238,2025-04-18;2025-04-19;2025-04-20;2025-04-21;2025-04-22;2025-04-23;2025-04-24;2025-04-25;2025-04-26;2025-04-27;2025-04-28;2025-04-29;2025-04-30;2025-05-01;2025-05-02;2025-05-03;2025-05-04;2025-05-05;2025-05-06;2025-05-07;2025-05-08;2025-05-09;2025-05-10;2025-05-11;2025-05-12;2025-05-13;2025-05-14;2025-05-15,2025-05-02;2025-05-03;2025-05-04;2025-05-05;2025-05-06;2025-05-07;2025-05-08;2025-05-09;2025-05-10;2025-05-11;2025-05-12;2025-05-13;2025-05-14;2025-05-15,,2025-05-15,0.0,1200.0,1200.0,21.891990337974292,28.067364045902856,35.554424267517845,62.41258961465017,29651.0797477746,213.50154845295162,24700.21185493009,15839.492750255384,676.6388691767509,16516.131619432133,15839.492750255384,15839.492734415897,23328.641386395073,1274.2746649239762,lexicographic,1.5839492734415896e-05,2.3328641363066437e-05,False,0.11823420000291662,0.0,1,0
2025-05-17,False,calendar_trend,4,1.0,7,1.0,0,calibrated_quantile,2025-04-19;2025-04-20;2025-04-21;2025-04-22;2025-04-23;2025-04-24;2025-04-25;2025-04-26;2025-04-27;2025-04-28;2025-04-29;2025-04-30;2025-05-01;2025-05-02;2025-05-03;2025-05-04;2025-05-05;2025-05-06;2025-05-07;2025-05-08;2025-05-09;2025-05-10;2025-05-11;2025-05-12;2025-05-13;2025-05-14;2025-05-15;2025-05-16,28,8007.261939817006,2025-04-19;2025-04-20;2025-04-21;2025-04-22;2025-04-23;2025-04-24;2025-04-25;2025-04-26;2025-04-27;2025-04-28;2025-04-29;2025-04-30;2025-05-01;2025-05-02;2025-05-03;2025-05-04;2025-05-05;2025-05-06;2025-05-07;2025-05-08;2025-05-09;2025-05-10;2025-05-11;2025-05-12;2025-05-13;2025-05-14;2025-05-15;2025-05-16,2025-05-03;2025-05-04;2025-05-05;2025-05-06;2025-05-07;2025-05-08;2025-05-09;2025-05-10;2025-05-11;2025-05-12;2025-05-13;2025-05-14;2025-05-15;2025-05-16,,2025-05-16,0.0,1200.0,1200.0,21.53677248565161,27.61015963374216,33.318820823547384,62.539724104608545,29616.770828951878,1017.7022910458198,17742.74726207286,15731.854307954476,4526.533140916882,20258.38744887136,15731.854307954476,15731.85429222263,23272.091905319023,1266.5005067831476,lexicographic,1.573185429222263e-05,2.327209188204694e-05,False,0.11660310000297613,0.0,1,0
2025-05-18,False,calendar_trend,4,1.0,7,1.0,0,calibrated_quantile,2025-04-20;2025-04-21;2025-04-22;2025-04-23;2025-04-24;2025-04-25;2025-04-26;2025-04-27;2025-04-28;2025-04-29;2025-04-30;2025-05-01;2025-05-02;2025-05-03;2025-05-04;2025-05-05;2025-05-06;2025-05-07;2025-05-08;2025-05-09;2025-05-10;2025-05-11;2025-05-12;2025-05-13;2025-05-14;2025-05-15;2025-05-16;2025-05-17,28,8208.198809271791,2025-04-20;2025-04-21;2025-04-22;2025-04-23;2025-04-24;2025-04-25;2025-04-26;2025-04-27;2025-04-28;2025-04-29;2025-04-30;2025-05-01;2025-05-02;2025-05-03;2025-05-04;2025-05-05;2025-05-06;2025-05-07;2025-05-08;2025-05-09;2025-05-10;2025-05-11;2025-05-12;2025-05-13;2025-05-14;2025-05-15;2025-05-16;2025-05-17,2025-05-04;2025-05-05;2025-05-06;2025-05-07;2025-05-08;2025-05-09;2025-05-10;2025-05-11;2025-05-12;2025-05-13;2025-05-14;2025-05-15;2025-05-16;2025-05-17,,2025-05-17,0.0,1200.0,1200.0,22.568178849900036,28.390603339626747,30.007449130251505,53.88434627530538,65331.59039163991,636.8529039698319,8642.881985955644,39755.77566853564,2067.823061512202,41823.598730047845,39755.77566853564,39755.77562877988,34765.27215512592,1459.2860012292776,lexicographic,3.975577562877988e-05,3.476527212036065e-05,False,0.14180430000124034,0.0,1,0
2025-05-19,False,calendar_trend,4,1.0,7,1.0,0,calibrated_quantile,2025-04-21;2025-04-22;2025-04-23;2025-04-24;2025-04-25;2025-04-26;2025-04-27;2025-04-28;2025-04-29;2025-04-30;2025-05-01;2025-05-02;2025-05-03;2025-05-04;2025-05-05;2025-05-06;2025-05-07;2025-05-08;2025-05-09;2025-05-10;2025-05-11;2025-05-12;2025-05-13;2025-05-14;2025-05-15;2025-05-16;2025-05-17;2025-05-18,28,8286.37070070912,2025-04-21;2025-04-22;2025-04-23;2025-04-24;2025-04-25;2025-04-26;2025-04-27;2025-04-28;2025-04-29;2025-04-30;2025-05-01;2025-05-02;2025-05-03;2025-05-04;2025-05-05;2025-05-06;2025-05-07;2025-05-08;2025-05-09;2025-05-10;2025-05-11;2025-05-12;2025-05-13;2025-05-14;2025-05-15;2025-05-16;2025-05-17;2025-05-18,2025-05-05;2025-05-06;2025-05-07;2025-05-08;2025-05-09;2025-05-10;2025-05-11;2025-05-12;2025-05-13;2025-05-14;2025-05-15;2025-05-16;2025-05-17;2025-05-18,,2025-05-18,0.0,1200.0,1200.0,21.854624617232034,29.119868847390105,43.794429452896146,87.81056020448314,65535.61542745565,108.56254075268131,14475.522626821963,39492.548896616834,681.1225432750572,40173.67143989189,39492.548896616834,39492.54885712428,34803.81164425964,1465.6051955393639,lexicographic,3.949254885712429e-05,3.480381160945583e-05,False,0.12950289999935194,0.0,1,0
2025-05-20,False,calendar_trend,4,1.0,7,1.0,0,calibrated_quantile,2025-04-22;2025-04-23;2025-04-24;2025-04-25;2025-04-26;2025-04-27;2025-04-28;2025-04-29;2025-04-30;2025-05-01;2025-05-02;2025-05-03;2025-05-04;2025-05-05;2025-05-06;2025-05-07;2025-05-08;2025-05-09;2025-05-10;2025-05-11;2025-05-12;2025-05-13;2025-05-14;2025-05-15;2025-05-16;2025-05-17;2025-05-18;2025-05-19,28,8244.893000854136,2025-04-22;2025-04-23;2025-04-24;2025-04-25;2025-04-26;2025-04-27;2025-04-28;2025-04-29;2025-04-30;2025-05-01;2025-05-02;2025-05-03;2025-05-04;2025-05-05;2025-05-06;2025-05-07;2025-05-08;2025-05-09;2025-05-10;2025-05-11;2025-05-12;2025-05-13;2025-05-14;2025-05-15;2025-05-16;2025-05-17;2025-05-18;2025-05-19,2025-05-06;2025-05-07;2025-05-08;2025-05-09;2025-05-10;2025-05-11;2025-05-12;2025-05-13;2025-05-14;2025-05-15;2025-05-16;2025-05-17;2025-05-18;2025-05-19,,2025-05-19,0.0,1200.0,1200.0,21.168441870747362,27.467276432582928,26.333871210814763,49.71116029412478,63442.952065494115,496.44363993400964,5806.941168618303,38261.24738676018,2371.4758620736748,40632.723248833856,38261.24738676018,38261.24734849894,34342.93733399539,1467.8086895715128,lexicographic,3.826124734849894e-05,3.434293729965246e-05,False,0.1364888999996765,0.0,1,0
2025-05-21,False,calendar_trend,4,1.0,7,1.0,0,calibrated_quantile,2025-04-23;2025-04-24;2025-04-25;2025-04-26;2025-04-27;2025-04-28;2025-04-29;2025-04-30;2025-05-01;2025-05-02;2025-05-03;2025-05-04;2025-05-05;2025-05-06;2025-05-07;2025-05-08;2025-05-09;2025-05-10;2025-05-11;2025-05-12;2025-05-13;2025-05-14;2025-05-15;2025-05-16;2025-05-17;2025-05-18;2025-05-19;2025-05-20,28,8352.32849885577,2025-04-23;2025-04-24;2025-04-25;2025-04-26;2025-04-27;2025-04-28;2025-04-29;2025-04-30;2025-05-01;2025-05-02;2025-05-03;2025-05-04;2025-05-05;2025-05-06;2025-05-07;2025-05-08;2025-05-09;2025-05-10;2025-05-11;2025-05-12;2025-05-13;2025-05-14;2025-05-15;2025-05-16;2025-05-17;2025-05-18;2025-05-19;2025-05-20,2025-05-07;2025-05-08;2025-05-09;2025-05-10;2025-05-11;2025-05-12;2025-05-13;2025-05-14;2025-05-15;2025-05-16;2025-05-17;2025-05-18;2025-05-19;2025-05-20,,2025-05-20,0.0,1200.0,1200.0,21.00858147607219,27.881774867340052,40.16303798745207,68.98560705135768,63630.91600604946,810.7857189917956,9478.509854750211,38277.799728489954,3195.374367096525,41473.17409558648,38277.79972848996,38277.79969021215,34300.22959154457,1462.6544905139895,lexicographic,3.8277799690212155e-05,3.430022955724434e-05,False,0.17059720000179368,0.0,1,0
2025-05-22,False,calendar_trend,4,1.0,7,1.0,0,calibrated_quantile,2025-04-24;2025-04-25;2025-04-26;2025-04-27;2025-04-28;2025-04-29;2025-04-30;2025-05-01;2025-05-02;2025-05-03;2025-05-04;2025-05-05;2025-05-06;2025-05-07;2025-05-08;2025-05-09;2025-05-10;2025-05-11;2025-05-12;2025-05-13;2025-05-14;2025-05-15;2025-05-16;2025-05-17;2025-05-18;2025-05-19;2025-05-20;2025-05-21,28,8514.346732391205,2025-04-24;2025-04-25;2025-04-26;2025-04-27;2025-04-28;2025-04-29;2025-04-30;2025-05-01;2025-05-02;2025-05-03;2025-05-04;2025-05-05;2025-05-06;2025-05-07;2025-05-08;2025-05-09;2025-05-10;2025-05-11;2025-05-12;2025-05-13;2025-05-14;2025-05-15;2025-05-16;2025-05-17;2025-05-18;2025-05-19;2025-05-20;2025-05-21,2025-05-08;2025-05-09;2025-05-10;2025-05-11;2025-05-12;2025-05-13;2025-05-14;2025-05-15;2025-05-16;2025-05-17;2025-05-18;2025-05-19;2025-05-20;2025-05-21,,2025-05-21,0.0,1200.0,1200.0,20.994051234448676,27.485124037176647,15.108422489581471,28.35941407784426,63065.13792502368,100.42289621873378,8781.350419490645,38380.44474028484,377.9863783287894,38758.431118613626,38380.44474028483,38380.44470190439,33985.889731600204,1467.1516859057392,lexicographic,3.838044470190439e-05,3.398588969761432e-05,False,0.14689970000108588,0.0,1,0
2025-05-23,False,calendar_trend,4,1.0,7,1.0,0,calibrated_quantile,2025-04-25;2025-04-26;2025-04-27;2025-04-28;2025-04-29;2025-04-30;2025-05-01;2025-05-02;2025-05-03;2025-05-04;2025-05-05;2025-05-06;2025-05-07;2025-05-08;2025-05-09;2025-05-10;2025-05-11;2025-05-12;2025-05-13;2025-05-14;2025-05-15;2025-05-16;2025-05-17;2025-05-18;2025-05-19;2025-05-20;2025-05-21;2025-05-22,28,8514.087471842431,2025-04-25;2025-04-26;2025-04-27;2025-04-28;2025-04-29;2025-04-30;2025-05-01;2025-05-02;2025-05-03;2025-05-04;2025-05-05;2025-05-06;2025-05-07;2025-05-08;2025-05-09;2025-05-10;2025-05-11;2025-05-12;2025-05-13;2025-05-14;2025-05-15;2025-05-16;2025-05-17;2025-05-18;2025-05-19;2025-05-20;2025-05-21;2025-05-22,2025-05-09;2025-05-10;2025-05-11;2025-05-12;2025-05-13;2025-05-14;2025-05-15;2025-05-16;2025-05-17;2025-05-18;2025-05-19;2025-05-20;2025-05-21;2025-05-22,,2025-05-22,0.0,1200.0,1200.0,18.85609355099787,24.267084282330355,17.767531325475318,32.96277031870544,28459.21586896236,222.8120452925611,19890.183239026614,14956.288166837687,822.5717260984485,15778.859892936136,14956.288166837687,14956.288151881397,22585.902017525805,1277.5326347993218,lexicographic,1.4956288151881398e-05,2.2585901994939905e-05,False,0.11104490000070655,0.0,1,0
2025-05-24,False,calendar_trend,4,1.0,7,1.0,0,calibrated_quantile,2025-04-26;2025-04-27;2025-04-28;2025-04-29;2025-04-30;2025-05-01;2025-05-02;2025-05-03;2025-05-04;2025-05-05;2025-05-06;2025-05-07;2025-05-08;2025-05-09;2025-05-10;2025-05-11;2025-05-12;2025-05-13;2025-05-14;2025-05-15;2025-05-16;2025-05-17;2025-05-18;2025-05-19;2025-05-20;2025-05-21;2025-05-22;2025-05-23,28,8615.66380784265,2025-04-26;2025-04-27;2025-04-28;2025-04-29;2025-04-30;2025-05-01;2025-05-02;2025-05-03;2025-05-04;2025-05-05;2025-05-06;2025-05-07;2025-05-08;2025-05-09;2025-05-10;2025-05-11;2025-05-12;2025-05-13;2025-05-14;2025-05-15;2025-05-16;2025-05-17;2025-05-18;2025-05-19;2025-05-20;2025-05-21;2025-05-22;2025-05-23,2025-05-10;2025-05-11;2025-05-12;2025-05-13;2025-05-14;2025-05-15;2025-05-16;2025-05-17;2025-05-18;2025-05-19;2025-05-20;2025-05-21;2025-05-22;2025-05-23,,2025-05-23,0.0,1200.0,1200.0,19.726025494688365,24.875985357651185,31.0099838072729,51.65843951380241,28734.998769623642,192.8397979607035,22784.35047797131,15086.151624362068,872.0601170537495,15958.211741415818,15086.151624362068,15086.151609275912,22758.241780875003,1266.048906403862,lexicographic,1.5086151609275912e-05,2.275824175811677e-05,False,0.20531080000000657,1.205734537645391e-16,1,0
2025-05-25,False,calendar_trend,4,1.0,7,1.0,0,calibrated_quantile,2025-04-27;2025-04-28;2025-04-29;2025-04-30;2025-05-01;2025-05-02;2025-05-03;2025-05-04;2025-05-05;2025-05-06;2025-05-07;2025-05-08;2025-05-09;2025-05-10;2025-05-11;2025-05-12;2025-05-13;2025-05-14;2025-05-15;2025-05-16;2025-05-17;2025-05-18;2025-05-19;2025-05-20;2025-05-21;2025-05-22;2025-05-23;2025-05-24,28,8701.388998086753,2025-04-27;2025-04-28;2025-04-29;2025-04-30;2025-05-01;2025-05-02;2025-05-03;2025-05-04;2025-05-05;2025-05-06;2025-05-07;2025-05-08;2025-05-09;2025-05-10;2025-05-11;2025-05-12;2025-05-13;2025-05-14;2025-05-15;2025-05-16;2025-05-17;2025-05-18;2025-05-19;2025-05-20;2025-05-21;2025-05-22;2025-05-23;2025-05-24,2025-05-11;2025-05-12;2025-05-13;2025-05-14;2025-05-15;2025-05-16;2025-05-17;2025-05-18;2025-05-19;2025-05-20;2025-05-21;2025-05-22;2025-05-23;2025-05-24,,2025-05-24,0.0,1200.0,1200.0,26.093505531480567,32.69871561917475,21.34993946923431,40.33062236994685,62068.97263253006,374.6272455928086,10245.158990341546,37371.22574169606,1845.2544883633818,39216.48023005944,37371.22574169605,37371.22570432482,34803.73460553087,1469.035518065408,lexicographic,3.737122570432482e-05,3.4803734570727134e-05,False,0.12888920000114013,0.0,1,0
2025-05-26,False,calendar_trend,4,1.0,7,1.0,0,calibrated_quantile,2025-04-28;2025-04-29;2025-04-30;2025-05-01;2025-05-02;2025-05-03;2025-05-04;2025-05-05;2025-05-06;2025-05-07;2025-05-08;2025-05-09;2025-05-10;2025-05-11;2025-05-12;2025-05-13;2025-05-14;2025-05-15;2025-05-16;2025-05-17;2025-05-18;2025-05-19;2025-05-20;2025-05-21;2025-05-22;2025-05-23;2025-05-24;2025-05-25,28,8632.154456981536,2025-04-28;2025-04-29;2025-04-30;2025-05-01;2025-05-02;2025-05-03;2025-05-04;2025-05-05;2025-05-06;2025-05-07;2025-05-08;2025-05-09;2025-05-10;2025-05-11;2025-05-12;2025-05-13;2025-05-14;2025-05-15;2025-05-16;2025-05-17;2025-05-18;2025-05-19;2025-05-20;2025-05-21;2025-05-22;2025-05-23;2025-05-24;2025-05-25,2025-05-12;2025-05-13;2025-05-14;2025-05-15;2025-05-16;2025-05-17;2025-05-18;2025-05-19;2025-05-20;2025-05-21;2025-05-22;2025-05-23;2025-05-24;2025-05-25,,2025-05-25,0.0,1200.0,1200.0,23.265300681259866,29.882591861787823,41.87634658712969,79.55235596288404,61619.552278262345,1972.3973936128898,5356.349875558668,37065.882364704215,7175.832090540943,44241.71445524516,37065.882364704215,37065.882327638334,34825.989430700036,1462.3416286826275,lexicographic,3.706588232763834e-05,3.482598939587405e-05,False,0.10886779999782448,0.0,1,0
2025-05-27,False,calendar_trend,4,1.0,7,1.0,0,calibrated_quantile,2025-04-29;2025-04-30;2025-05-01;2025-05-02;2025-05-03;2025-05-04;2025-05-05;2025-05-06;2025-05-07;2025-05-08;2025-05-09;2025-05-10;2025-05-11;2025-05-12;2025-05-13;2025-05-14;2025-05-15;2025-05-16;2025-05-17;2025-05-18;2025-05-19;2025-05-20;2025-05-21;2025-05-22;2025-05-23;2025-05-24;2025-05-25;2025-05-26,28,8363.58236591025,2025-04-29;2025-04-30;2025-05-01;2025-05-02;2025-05-03;2025-05-04;2025-05-05;2025-05-06;2025-05-07;2025-05-08;2025-05-09;2025-05-10;2025-05-11;2025-05-12;2025-05-13;2025-05-14;2025-05-15;2025-05-16;2025-05-17;2025-05-18;2025-05-19;2025-05-20;2025-05-21;2025-05-22;2025-05-23;2025-05-24;2025-05-25;2025-05-26,2025-05-13;2025-05-14;2025-05-15;2025-05-16;2025-05-17;2025-05-18;2025-05-19;2025-05-20;2025-05-21;2025-05-22;2025-05-23;2025-05-24;2025-05-25;2025-05-26,,2025-05-26,0.0,1200.0,1200.0,21.475668197670423,26.241046419716334,22.072773076180773,38.99803750483202,62127.31828493635,221.72961444436407,9299.010443859286,37377.19431665956,758.265062655268,38135.45937931483,37377.19431665956,37377.19427928237,34863.17358680944,1459.988009501663,lexicographic,3.737719427928237e-05,3.4863173551946274e-05,False,0.12783069999932195,0.0,1,0
2025-05-28,False,calendar_trend,4,1.0,7,1.0,0,calibrated_quantile,2025-04-30;2025-05-01;2025-05-02;2025-05-03;2025-05-04;2025-05-05;2025-05-06;2025-05-07;2025-05-08;2025-05-09;2025-05-10;2025-05-11;2025-05-12;2025-05-13;2025-05-14;2025-05-15;2025-05-16;2025-05-17;2025-05-18;2025-05-19;2025-05-20;2025-05-21;2025-05-22;2025-05-23;2025-05-24;2025-05-25;2025-05-26;2025-05-27,28,8372.490804351193,2025-04-30;2025-05-01;2025-05-02;2025-05-03;2025-05-04;2025-05-05;2025-05-06;2025-05-07;2025-05-08;2025-05-09;2025-05-10;2025-05-11;2025-05-12;2025-05-13;2025-05-14;2025-05-15;2025-05-16;2025-05-17;2025-05-18;2025-05-19;2025-05-20;2025-05-21;2025-05-22;2025-05-23;2025-05-24;2025-05-25;2025-05-26;2025-05-27,2025-05-14;2025-05-15;2025-05-16;2025-05-17;2025-05-18;2025-05-19;2025-05-20;2025-05-21;2025-05-22;2025-05-23;2025-05-24;2025-05-25;2025-05-26;2025-05-27,,2025-05-27,0.0,1200.0,1200.0,21.977022199078018,28.05218292202858,41.04388931686013,68.60795319936906,61906.60178847654,1163.0510864657772,7164.207133841417,37231.15447081342,3989.7481603892784,41220.9026312027,37231.15447081342,37231.15443358226,34595.974581013885,1446.1858594454825,lexicographic,3.7231154433582265e-05,3.459597454641792e-05,False,0.1463569000006828,1.9542659165090404e-16,1,0
2025-05-29,False,calendar_trend,4,1.0,7,1.0,0,calibrated_quantile,2025-05-01;2025-05-02;2025-05-03;2025-05-04;2025-05-05;2025-05-06;2025-05-07;2025-05-08;2025-05-09;2025-05-10;2025-05-11;2025-05-12;2025-05-13;2025-05-14;2025-05-15;2025-05-16;2025-05-17;2025-05-18;2025-05-19;2025-05-20;2025-05-21;2025-05-22;2025-05-23;2025-05-24;2025-05-25;2025-05-26;2025-05-27;2025-05-28,28,8493.120460679773,2025-05-01;2025-05-02;2025-05-03;2025-05-04;2025-05-05;2025-05-06;2025-05-07;2025-05-08;2025-05-09;2025-05-10;2025-05-11;2025-05-12;2025-05-13;2025-05-14;2025-05-15;2025-05-16;2025-05-17;2025-05-18;2025-05-19;2025-05-20;2025-05-21;2025-05-22;2025-05-23;2025-05-24;2025-05-25;2025-05-26;2025-05-27;2025-05-28,2025-05-15;2025-05-16;2025-05-17;2025-05-18;2025-05-19;2025-05-20;2025-05-21;2025-05-22;2025-05-23;2025-05-24;2025-05-25;2025-05-26;2025-05-27;2025-05-28,,2025-05-28,0.0,1200.0,1200.0,23.57851666236373,31.073282470042923,25.4624449328945,47.68032137606391,62611.84282376298,878.6628952097783,5680.160513130517,37861.38596198972,3803.3549459328306,41664.74090792255,37861.38596198973,37861.38592412834,35249.48046091816,1466.710702863787,lexicographic,3.786138592412834e-05,3.524948042566868e-05,False,0.14468159999887575,0.0,1,0
2025-05-30,False,calendar_trend,4,1.0,7,1.0,0,calibrated_quantile,2025-05-02;2025-05-03;2025-05-04;2025-05-05;2025-05-06;2025-05-07;2025-05-08;2025-05-09;2025-05-10;2025-05-11;2025-05-12;2025-05-13;2025-05-14;2025-05-15;2025-05-16;2025-05-17;2025-05-18;2025-05-19;2025-05-20;2025-05-21;2025-05-22;2025-05-23;2025-05-24;2025-05-25;2025-05-26;2025-05-27;2025-05-28;2025-05-29,28,8557.676657221087,2025-05-02;2025-05-03;2025-05-04;2025-05-05;2025-05-06;2025-05-07;2025-05-08;2025-05-09;2025-05-10;2025-05-11;2025-05-12;2025-05-13;2025-05-14;2025-05-15;2025-05-16;2025-05-17;2025-05-18;2025-05-19;2025-05-20;2025-05-21;2025-05-22;2025-05-23;2025-05-24;2025-05-25;2025-05-26;2025-05-27;2025-05-28;2025-05-29,2025-05-16;2025-05-17;2025-05-18;2025-05-19;2025-05-20;2025-05-21;2025-05-22;2025-05-23;2025-05-24;2025-05-25;2025-05-26;2025-05-27;2025-05-28;2025-05-29,,2025-05-29,0.0,1200.0,1200.0,20.21292800504459,25.333020100817727,35.788178476108584,65.10815607679147,29157.502961496626,805.1193995108026,20940.77692617791,15477.08682222683,3102.1696635907124,18579.256485817543,15477.086822226827,15477.086806749736,23107.14749670931,1306.9472439026658,lexicographic,1.5477086806749737e-05,2.310714747360216e-05,False,0.12902889999895706,0.0,1,0
2025-05-31,False,calendar_trend,4,1.0,7,1.0,0,calibrated_quantile,2025-05-03;2025-05-04;2025-05-05;2025-05-06;2025-05-07;2025-05-08;2025-05-09;2025-05-10;2025-05-11;2025-05-12;2025-05-13;2025-05-14;2025-05-15;2025-05-16;2025-05-17;2025-05-18;2025-05-19;2025-05-20;2025-05-21;2025-05-22;2025-05-23;2025-05-24;2025-05-25;2025-05-26;2025-05-27;2025-05-28;2025-05-29;2025-05-30,28,8066.481315652476,2025-05-03;2025-05-04;2025-05-05;2025-05-06;2025-05-07;2025-05-08;2025-05-09;2025-05-10;2025-05-11;2025-05-12;2025-05-13;2025-05-14;2025-05-15;2025-05-16;2025-05-17;2025-05-18;2025-05-19;2025-05-20;2025-05-21;2025-05-22;2025-05-23;2025-05-24;2025-05-25;2025-05-26;2025-05-27;2025-05-28;2025-05-29;2025-05-30,2025-05-17;2025-05-18;2025-05-19;2025-05-20;2025-05-21;2025-05-22;2025-05-23;2025-05-24;2025-05-25;2025-05-26;2025-05-27;2025-05-28;2025-05-29;2025-05-30,,2025-05-30,0.0,1200.0,1200.0,23.873324003493376,30.757514872767633,29.54190576794051,56.0933761907972,29420.859848222157,842.4216509186516,19452.804352285548,15675.206777984287,3210.997383488737,18886.204161473026,15675.206777984286,15675.206762309084,23066.026475305327,1284.8184270369006,lexicographic,1.5675206762309085e-05,2.3066026452239303e-05,False,0.1909581999971124,0.0,1,0
2025-06-01,False,calendar_trend,4,1.0,7,1.0,0,calibrated_quantile,2025-05-04;2025-05-05;2025-05-06;2025-05-07;2025-05-08;2025-05-09;2025-05-10;2025-05-11;2025-05-12;2025-05-13;2025-05-14;2025-05-15;2025-05-16;2025-05-17;2025-05-18;2025-05-19;2025-05-20;2025-05-21;2025-05-22;2025-05-23;2025-05-24;2025-05-25;2025-05-26;2025-05-27;2025-05-28;2025-05-29;2025-05-30;2025-05-31,28,8084.845570874661,2025-05-04;2025-05-05;2025-05-06;2025-05-07;2025-05-08;2025-05-09;2025-05-10;2025-05-11;2025-05-12;2025-05-13;2025-05-14;2025-05-15;2025-05-16;2025-05-17;2025-05-18;2025-05-19;2025-05-20;2025-05-21;2025-05-22;2025-05-23;2025-05-24;2025-05-25;2025-05-26;2025-05-27;2025-05-28;2025-05-29;2025-05-30;2025-05-31,2025-05-18;2025-05-19;2025-05-20;2025-05-21;2025-05-22;2025-05-23;2025-05-24;2025-05-25;2025-05-26;2025-05-27;2025-05-28;2025-05-29;2025-05-30;2025-05-31,,2025-05-31,0.0,1200.0,1200.0,61.93206236784626,77.47704753836669,74.53968043249104,138.03620574913572,64282.16929712824,11892.547189812616,1112.2618776929226,38692.95920773411,45702.91725609045,84395.87646382456,38692.95920773411,38692.95916904116,36558.45915651985,1466.3094943145359,lexicographic,3.8692959169041164e-05,3.6558459119961394e-05,False,0.13726569999926141,0.0,1,0
2025-06-02,False,calendar_trend,4,1.0,7,1.0,0,calibrated_quantile,2025-05-05;2025-05-06;2025-05-07;2025-05-08;2025-05-09;2025-05-10;2025-05-11;2025-05-12;2025-05-13;2025-05-14;2025-05-15;2025-05-16;2025-05-17;2025-05-18;2025-05-19;2025-05-20;2025-05-21;2025-05-22;2025-05-23;2025-05-24;2025-05-25;2025-05-26;2025-05-27;2025-05-28;2025-05-29;2025-05-30;2025-05-31;2025-06-01,28,8913.84773484287,2025-05-05;2025-05-06;2025-05-07;2025-05-08;2025-05-09;2025-05-10;2025-05-11;2025-05-12;2025-05-13;2025-05-14;2025-05-15;2025-05-16;2025-05-17;2025-05-18;2025-05-19;2025-05-20;2025-05-21;2025-05-22;2025-05-23;2025-05-24;2025-05-25;2025-05-26;2025-05-27;2025-05-28;2025-05-29;2025-05-30;2025-05-31;2025-06-01,2025-05-19;2025-05-20;2025-05-21;2025-05-22;2025-05-23;2025-05-24;2025-05-25;2025-05-26;2025-05-27;2025-05-28;2025-05-29;2025-05-30;2025-05-31;2025-06-01,,2025-06-01,0.0,1200.0,1200.0,49.987952762549156,61.049904350839775,54.97109100248338,87.76219500501652,70078.3066083217,6435.506057753906,3827.2092326495285,42360.20271507504,26544.237690280966,68904.440405356,42360.20271507504,42360.20267271482,38541.53015790114,1496.704982989283,lexicographic,4.236020267271482e-05,3.854153011935961e-05,False,0.13239289999910397,0.0,1,0
2025-06-03,False,calendar_trend,4,1.0,7,1.0,0,calibrated_quantile,2025-05-06;2025-05-07;2025-05-08;2025-05-09;2025-05-10;2025-05-11;2025-05-12;2025-05-13;2025-05-14;2025-05-15;2025-05-16;2025-05-17;2025-05-18;2025-05-19;2025-05-20;2025-05-21;2025-05-22;2025-05-23;2025-05-24;2025-05-25;2025-05-26;2025-05-27;2025-05-28;2025-05-29;2025-05-30;2025-05-31;2025-06-01;2025-06-02,28,9571.984987322481,2025-05-06;2025-05-07;2025-05-08;2025-05-09;2025-05-10;2025-05-11;2025-05-12;2025-05-13;2025-05-14;2025-05-15;2025-05-16;2025-05-17;2025-05-18;2025-05-19;2025-05-20;2025-05-21;2025-05-22;2025-05-23;2025-05-24;2025-05-25;2025-05-26;2025-05-27;2025-05-28;2025-05-29;2025-05-30;2025-05-31;2025-06-01;2025-06-02,2025-05-20;2025-05-21;2025-05-22;2025-05-23;2025-05-24;2025-05-25;2025-05-26;2025-05-27;2025-05-28;2025-05-29;2025-05-30;2025-05-31;2025-06-01;2025-06-02,,2025-06-02,0.0,1200.0,1200.0,37.97231681061336,48.93765168526848,28.40897174136232,48.488390097333976,74379.94031222655,1797.1305442623157,3849.1110224354643,45641.53969383256,7844.976997460242,53486.516691292796,45641.53969383255,45641.539648191014,39396.96490159648,1520.0121680036555,lexicographic,4.5641539648191014e-05,3.939696486219951e-05,False,0.1425009999984468,0.0,1,0
2025-06-04,False,calendar_trend,4,1.0,7,1.0,0,calibrated_quantile,2025-05-07;2025-05-08;2025-05-09;2025-05-10;2025-05-11;2025-05-12;2025-05-13;2025-05-14;2025-05-15;2025-05-16;2025-05-17;2025-05-18;2025-05-19;2025-05-20;2025-05-21;2025-05-22;2025-05-23;2025-05-24;2025-05-25;2025-05-26;2025-05-27;2025-05-28;2025-05-29;2025-05-30;2025-05-31;2025-06-01;2025-06-02;2025-06-03,28,9920.855151903064,2025-05-07;2025-05-08;2025-05-09;2025-05-10;2025-05-11;2025-05-12;2025-05-13;2025-05-14;2025-05-15;2025-05-16;2025-05-17;2025-05-18;2025-05-19;2025-05-20;2025-05-21;2025-05-22;2025-05-23;2025-05-24;2025-05-25;2025-05-26;2025-05-27;2025-05-28;2025-05-29;2025-05-30;2025-05-31;2025-06-01;2025-06-02;2025-06-03,2025-05-21;2025-05-22;2025-05-23;2025-05-24;2025-05-25;2025-05-26;2025-05-27;2025-05-28;2025-05-29;2025-05-30;2025-05-31;2025-06-01;2025-06-02;2025-06-03,,2025-06-03,0.0,1200.0,1200.0,32.78942643504754,42.05780268455005,25.16848664667971,56.344922944218766,78229.7197299321,1366.4671132287176,5700.338660803467,48466.79070266562,4195.40018501901,52662.19088768463,48466.79070266562,48466.79065419884,40492.43753631656,1544.1099488610394,lexicographic,4.8466790654198844e-05,4.049243749582412e-05,False,0.1094827000015357,0.0,1,0
2025-06-05,False,calendar_trend,4,1.0,7,1.0,0,calibrated_quantile,2025-05-08;2025-05-09;2025-05-10;2025-05-11;2025-05-12;2025-05-13;2025-05-14;2025-05-15;2025-05-16;2025-05-17;2025-05-18;2025-05-19;2025-05-20;2025-05-21;2025-05-22;2025-05-23;2025-05-24;2025-05-25;2025-05-26;2025-05-27;2025-05-28;2025-05-29;2025-05-30;2025-05-31;2025-06-01;2025-06-02;2025-06-03;2025-06-04,28,10381.43142048543,2025-05-08;2025-05-09;2025-05-10;2025-05-11;2025-05-12;2025-05-13;2025-05-14;2025-05-15;2025-05-16;2025-05-17;2025-05-18;2025-05-19;2025-05-20;2025-05-21;2025-05-22;2025-05-23;2025-05-24;2025-05-25;2025-05-26;2025-05-27;2025-05-28;2025-05-29;2025-05-30;2025-05-31;2025-06-01;2025-06-02;2025-06-03;2025-06-04,2025-05-22;2025-05-23;2025-05-24;2025-05-25;2025-05-26;2025-05-27;2025-05-28;2025-05-29;2025-05-30;2025-05-31;2025-06-01;2025-06-02;2025-06-03;2025-06-04,,2025-06-04,0.0,1200.0,1200.0,26.119232835528297,32.296498630956734,28.225181961962967,50.40403676413983,81149.85631676434,723.0143868197027,6444.339850579483,50701.2208852092,2456.373468685318,53157.59435389452,50701.2208852092,50701.220834507985,40765.13280932419,1556.7107468201964,lexicographic,5.070122083450799e-05,4.0765132768559046e-05,False,0.11241879999943194,0.0,1,0
2025-06-06,False,calendar_trend,4,1.0,7,1.0,0,calibrated_quantile,2025-05-09;2025-05-10;2025-05-11;2025-05-12;2025-05-13;2025-05-14;2025-05-15;2025-05-16;2025-05-17;2025-05-18;2025-05-19;2025-05-20;2025-05-21;2025-05-22;2025-05-23;2025-05-24;2025-05-25;2025-05-26;2025-05-27;2025-05-28;2025-05-29;2025-05-30;2025-05-31;2025-06-01;2025-06-02;2025-06-03;2025-06-04;2025-06-05,28,10511.552086530815,2025-05-09;2025-05-10;2025-05-11;2025-05-12;2025-05-13;2025-05-14;2025-05-15;2025-05-16;2025-05-17;2025-05-18;2025-05-19;2025-05-20;2025-05-21;2025-05-22;2025-05-23;2025-05-24;2025-05-25;2025-05-26;2025-05-27;2025-05-28;2025-05-29;2025-05-30;2025-05-31;2025-06-01;2025-06-02;2025-06-03;2025-06-04;2025-06-05,2025-05-23;2025-05-24;2025-05-25;2025-05-26;2025-05-27;2025-05-28;2025-05-29;2025-05-30;2025-05-31;2025-06-01;2025-06-02;2025-06-03;2025-06-04;2025-06-05,,2025-06-05,0.0,1200.0,1200.0,31.84299577331398,39.75852556819373,45.954961407282454,79.31407052279603,36202.56369585897,2495.616687582006,5268.649891041665,20602.562282604686,10706.54172983438,31309.104012439064,20602.562282604682,20602.56226200213,24525.83430127766,1373.5331268642205,lexicographic,2.060256226200213e-05,2.452583430127749e-05,False,0.17174829999930807,0.0,1,0
2025-06-07,False,calendar_trend,4,1.0,7,1.0,0,calibrated_quantile,2025-05-10;2025-05-11;2025-05-12;2025-05-13;2025-05-14;2025-05-15;2025-05-16;2025-05-17;2025-05-18;2025-05-19;2025-05-20;2025-05-21;2025-05-22;2025-05-23;2025-05-24;2025-05-25;2025-05-26;2025-05-27;2025-05-28;2025-05-29;2025-05-30;2025-05-31;2025-06-01;2025-06-02;2025-06-03;2025-06-04;2025-06-05;2025-06-06,28,11173.043267612233,2025-05-10;2025-05-11;2025-05-12;2025-05-13;2025-05-14;2025-05-15;2025-05-16;2025-05-17;2025-05-18;2025-05-19;2025-05-20;2025-05-21;2025-05-22;2025-05-23;2025-05-24;2025-05-25;2025-05-26;2025-05-27;2025-05-28;2025-05-29;2025-05-30;2025-05-31;2025-06-01;2025-06-02;2025-06-03;2025-06-04;2025-06-05;2025-06-06,2025-05-24;2025-05-25;2025-05-26;2025-05-27;2025-05-28;2025-05-29;2025-05-30;2025-05-31;2025-06-01;2025-06-02;2025-06-03;2025-06-04;2025-06-05;2025-06-06,,2025-06-06,0.0,1200.0,1200.0,27.727353074927287,35.843507619257,30.69348249834014,58.37510377749572,39418.8397160311,912.5869986235117,6597.08553124092,22923.69279065395,4079.371844996982,27003.06463565093,22923.69279065395,22923.692767730263,24842.993212169073,1392.901594154553,lexicographic,2.2923692767730264e-05,2.4842993187326093e-05,False,0.14507039999807603,0.0,1,0
2025-06-08,False,calendar_trend,4,1.0,7,1.0,0,calibrated_quantile,2025-05-11;2025-05-12;2025-05-13;2025-05-14;2025-05-15;2025-05-16;2025-05-17;2025-05-18;2025-05-19;2025-05-20;2025-05-21;2025-05-22;2025-05-23;2025-05-24;2025-05-25;2025-05-26;2025-05-27;2025-05-28;2025-05-29;2025-05-30;2025-05-31;2025-06-01;2025-06-02;2025-06-03;2025-06-04;2025-06-05;2025-06-06;2025-06-07,28,11407.95122991954,2025-05-11;2025-05-12;2025-05-13;2025-05-14;2025-05-15;2025-05-16;2025-05-17;2025-05-18;2025-05-19;2025-05-20;2025-05-21;2025-05-22;2025-05-23;2025-05-24;2025-05-25;2025-05-26;2025-05-27;2025-05-28;2025-05-29;2025-05-30;2025-05-31;2025-06-01;2025-06-02;2025-06-03;2025-06-04;2025-06-05;2025-06-06;2025-06-07,2025-05-25;2025-05-26;2025-05-27;2025-05-28;2025-05-29;2025-05-30;2025-05-31;2025-06-01;2025-06-02;2025-06-03;2025-06-04;2025-06-05;2025-06-06;2025-06-07,,2025-06-07,0.0,1200.0,1200.0,46.21118438699661,58.79555588824543,65.97809237738831,110.9620298798942,96544.02725532914,0.0,26633.256356059923,62307.49668096882,0.0,62307.49668096882,62307.49668096882,62307.49661866133,45019.916921108554,1639.5824377691954,lexicographic,6.230749661866134e-05,4.5019916876088626e-05,False,0.14930439999807277,0.0,1,0
2025-06-09,False,calendar_trend,4,1.0,7,1.0,0,calibrated_quantile,2025-05-12;2025-05-13;2025-05-14;2025-05-15;2025-05-16;2025-05-17;2025-05-18;2025-05-19;2025-05-20;2025-05-21;2025-05-22;2025-05-23;2025-05-24;2025-05-25;2025-05-26;2025-05-27;2025-05-28;2025-05-29;2025-05-30;2025-05-31;2025-06-01;2025-06-02;2025-06-03;2025-06-04;2025-06-05;2025-06-06;2025-06-07;2025-06-08,28,11357.034839301745,2025-05-12;2025-05-13;2025-05-14;2025-05-15;2025-05-16;2025-05-17;2025-05-18;2025-05-19;2025-05-20;2025-05-21;2025-05-22;2025-05-23;2025-05-24;2025-05-25;2025-05-26;2025-05-27;2025-05-28;2025-05-29;2025-05-30;2025-05-31;2025-06-01;2025-06-02;2025-06-03;2025-06-04;2025-06-05;2025-06-06;2025-06-07;2025-06-08,2025-05-26;2025-05-27;2025-05-28;2025-05-29;2025-05-30;2025-05-31;2025-06-01;2025-06-02;2025-06-03;2025-06-04;2025-06-05;2025-06-06;2025-06-07;2025-06-08,,2025-06-08,0.0,1200.0,1200.0,46.577995004090695,59.12734724262329,30.579842019648122,53.4647076717581,94594.04071620115,109.35602226807714,19141.678881085827,60905.295357256146,239.35784730911615,61144.653204565264,60905.29535725614,60905.29529635086,44097.3646027929,1636.1896619863724,lexicographic,6.090529529635086e-05,4.409736455869553e-05,False,0.07950140000320971,0.0,1,0
2025-06-10,False,calendar_trend,4,1.0,7,1.0,0,calibrated_quantile,2025-05-13;2025-05-14;2025-05-15;2025-05-16;2025-05-17;2025-05-18;2025-05-19;2025-05-20;2025-05-21;2025-05-22;2025-05-23;2025-05-24;2025-05-25;2025-05-26;2025-05-27;2025-05-28;2025-05-29;2025-05-30;2025-05-31;2025-06-01;2025-06-02;2025-06-03;2025-06-04;2025-06-05;2025-06-06;2025-06-07;2025-06-08;2025-06-09,28,11272.349788545223,2025-05-13;2025-05-14;2025-05-15;2025-05-16;2025-05-17;2025-05-18;2025-05-19;2025-05-20;2025-05-21;2025-05-22;2025-05-23;2025-05-24;2025-05-25;2025-05-26;2025-05-27;2025-05-28;2025-05-29;2025-05-30;2025-05-31;2025-06-01;2025-06-02;2025-06-03;2025-06-04;2025-06-05;2025-06-06;2025-06-07;2025-06-08;2025-06-09,2025-05-27;2025-05-28;2025-05-29;2025-05-30;2025-05-31;2025-06-01;2025-06-02;2025-06-03;2025-06-04;2025-06-05;2025-06-06;2025-06-07;2025-06-08;2025-06-09,,2025-06-09,0.0,1200.0,1200.0,51.82268987038013,64.09989220762792,23.92727057564855,40.86829457049993,95175.74947490702,43.78748667611467,18930.44459258094,61402.08669040628,117.0932080813144,61519.17989848759,61402.086690406286,61402.08662900419,44494.06908189821,1633.3762475837002,lexicographic,6.140208662900419e-05,4.4494069037404135e-05,False,0.07279109999944922,0.0,1,0
2025-06-11,False,calendar_trend,4,1.0,7,1.0,0,calibrated_quantile,2025-05-14;2025-05-15;2025-05-16;2025-05-17;2025-05-18;2025-05-19;2025-05-20;2025-05-21;2025-05-22;2025-05-23;2025-05-24;2025-05-25;2025-05-26;2025-05-27;2025-05-28;2025-05-29;2025-05-30;2025-05-31;2025-06-01;2025-06-02;2025-06-03;2025-06-04;2025-06-05;2025-06-06;2025-06-07;2025-06-08;2025-06-09;2025-06-10,28,11277.113738985714,2025-05-14;2025-05-15;2025-05-16;2025-05-17;2025-05-18;2025-05-19;2025-05-20;2025-05-21;2025-05-22;2025-05-23;2025-05-24;2025-05-25;2025-05-26;2025-05-27;2025-05-28;2025-05-29;2025-05-30;2025-05-31;2025-06-01;2025-06-02;2025-06-03;2025-06-04;2025-06-05;2025-06-06;2025-06-07;2025-06-08;2025-06-09;2025-06-10,2025-05-28;2025-05-29;2025-05-30;2025-05-31;2025-06-01;2025-06-02;2025-06-03;2025-06-04;2025-06-05;2025-06-06;2025-06-07;2025-06-08;2025-06-09;2025-06-10,,2025-06-10,0.0,1200.0,1200.0,41.03886311293229,51.90612572761732,26.66756403426263,54.63897672381183,94720.37141846406,736.9879509900395,14749.565961443646,60743.473306188054,3589.744794748578,64333.21810093663,60743.473306188054,60743.47324544457,44043.46439648561,1628.0937549713767,lexicographic,6.074347324544457e-05,4.4043464352442136e-05,False,0.06812480000007781,1.1978171851951327e-16,1,0
2025-06-12,False,calendar_trend,4,1.0,7,1.0,0,calibrated_quantile,2025-05-15;2025-05-16;2025-05-17;2025-05-18;2025-05-19;2025-05-20;2025-05-21;2025-05-22;2025-05-23;2025-05-24;2025-05-25;2025-05-26;2025-05-27;2025-05-28;2025-05-29;2025-05-30;2025-05-31;2025-06-01;2025-06-02;2025-06-03;2025-06-04;2025-06-05;2025-06-06;2025-06-07;2025-06-08;2025-06-09;2025-06-10;2025-06-11,28,11428.195090932932,2025-05-15;2025-05-16;2025-05-17;2025-05-18;2025-05-19;2025-05-20;2025-05-21;2025-05-22;2025-05-23;2025-05-24;2025-05-25;2025-05-26;2025-05-27;2025-05-28;2025-05-29;2025-05-30;2025-05-31;2025-06-01;2025-06-02;2025-06-03;2025-06-04;2025-06-05;2025-06-06;2025-06-07;2025-06-08;2025-06-09;2025-06-10;2025-06-11,2025-05-29;2025-05-30;2025-05-31;2025-06-01;2025-06-02;2025-06-03;2025-06-04;2025-06-05;2025-06-06;2025-06-07;2025-06-08;2025-06-09;2025-06-10;2025-06-11,,2025-06-11,0.0,1200.0,1200.0,41.83702077523368,51.682643980158886,19.43991085884727,34.412325962180894,95061.51842167263,32.09025138986884,17922.921880873073,61166.489578452034,69.86831694335986,61236.35789539539,61166.48957845205,61166.48951728554,44947.97157647127,1623.3132834713451,lexicographic,6.116648951728554e-05,4.4947971531523276e-05,False,0.075053200002003,2.379066600553315e-16,1,0
2025-06-13,False,calendar_trend,4,1.0,7,1.0,0,calibrated_quantile,2025-05-16;2025-05-17;2025-05-18;2025-05-19;2025-05-20;2025-05-21;2025-05-22;2025-05-23;2025-05-24;2025-05-25;2025-05-26;2025-05-27;2025-05-28;2025-05-29;2025-05-30;2025-05-31;2025-06-01;2025-06-02;2025-06-03;2025-06-04;2025-06-05;2025-06-06;2025-06-07;2025-06-08;2025-06-09;2025-06-10;2025-06-11;2025-06-12,28,11373.563176134026,2025-05-16;2025-05-17;2025-05-18;2025-05-19;2025-05-20;2025-05-21;2025-05-22;2025-05-23;2025-05-24;2025-05-25;2025-05-26;2025-05-27;2025-05-28;2025-05-29;2025-05-30;2025-05-31;2025-06-01;2025-06-02;2025-06-03;2025-06-04;2025-06-05;2025-06-06;2025-06-07;2025-06-08;2025-06-09;2025-06-10;2025-06-11;2025-06-12,2025-05-30;2025-05-31;2025-06-01;2025-06-02;2025-06-03;2025-06-04;2025-06-05;2025-06-06;2025-06-07;2025-06-08;2025-06-09;2025-06-10;2025-06-11;2025-06-12,,2025-06-12,0.0,1200.0,1200.0,22.955880006127128,30.061370352927486,32.96009654434545,58.93767148883976,43637.46274049505,275.4971566279567,12894.23455270105,25394.923194414056,1437.3807489671385,26832.303943381194,25394.923194414056,25394.92316950382,25467.763560019765,1454.2687744764833,lexicographic,2.5394923169503825e-05,2.5467763534551992e-05,False,0.26478339999812306,0.0,1,0
2025-06-14,False,calendar_trend,4,1.0,7,1.0,0,calibrated_quantile,2025-05-17;2025-05-18;2025-05-19;2025-05-20;2025-05-21;2025-05-22;2025-05-23;2025-05-24;2025-05-25;2025-05-26;2025-05-27;2025-05-28;2025-05-29;2025-05-30;2025-05-31;2025-06-01;2025-06-02;2025-06-03;2025-06-04;2025-06-05;2025-06-06;2025-06-07;2025-06-08;2025-06-09;2025-06-10;2025-06-11;2025-06-12;2025-06-13,28,11459.569717767143,2025-05-17;2025-05-18;2025-05-19;2025-05-20;2025-05-21;2025-05-22;2025-05-23;2025-05-24;2025-05-25;2025-05-26;2025-05-27;2025-05-28;2025-05-29;2025-05-30;2025-05-31;2025-06-01;2025-06-02;2025-06-03;2025-06-04;2025-06-05;2025-06-06;2025-06-07;2025-06-08;2025-06-09;2025-06-10;2025-06-11;2025-06-12;2025-06-13,2025-05-31;2025-06-01;2025-06-02;2025-06-03;2025-06-04;2025-06-05;2025-06-06;2025-06-07;2025-06-08;2025-06-09;2025-06-10;2025-06-11;2025-06-12;2025-06-13,,2025-06-13,0.0,1200.0,1200.0,20.97958338839901,28.42535065372669,30.61106497296708,52.42186007458685,43794.88718252783,15.548269864896724,14941.024700719547,25633.704770580498,32.9701062485135,25666.674876829013,25633.704770580498,25633.704744946794,25493.06885804448,1413.2383321981924,lexicographic,2.5633704744946794e-05,2.5493068858044102e-05,False,0.2544511000014609,0.0,1,0
2025-06-15,False,calendar_trend,4,1.0,7,1.0,0,calibrated_quantile,2025-05-18;2025-05-19;2025-05-20;2025-05-21;2025-05-22;2025-05-23;2025-05-24;2025-05-25;2025-05-26;2025-05-27;2025-05-28;2025-05-29;2025-05-30;2025-05-31;2025-06-01;2025-06-02;2025-06-03;2025-06-04;2025-06-05;2025-06-06;2025-06-07;2025-06-08;2025-06-09;2025-06-10;2025-06-11;2025-06-12;2025-06-13;2025-06-14,28,11261.626205100269,2025-05-18;2025-05-19;2025-05-20;2025-05-21;2025-05-22;2025-05-23;2025-05-24;2025-05-25;2025-05-26;2025-05-27;2025-05-28;2025-05-29;2025-05-30;2025-05-31;2025-06-01;2025-06-02;2025-06-03;2025-06-04;2025-06-05;2025-06-06;2025-06-07;2025-06-08;2025-06-09;2025-06-10;2025-06-11;2025-06-12;2025-06-13;2025-06-14,2025-06-01;2025-06-02;2025-06-03;2025-06-04;2025-06-05;2025-06-06;2025-06-07;2025-06-08;2025-06-09;2025-06-10;2025-06-11;2025-06-12;2025-06-13;2025-06-14,,2025-06-14,0.0,1200.0,1200.0,51.27761503332657,64.77699259888958,27.418237572785173,45.687272202261504,95259.8450707832,0.0,19914.57553107344,61412.04528020937,0.0,61412.04528020937,61412.04528020937,61412.04521879732,44947.9701239017,1652.989749131393,lexicographic,6.141204521879732e-05,4.494797007895372e-05,False,0.06972700000187615,1.184776958373691e-16,1,0
2025-06-16,False,calendar_trend,4,1.0,7,1.0,0,calibrated_quantile,2025-05-19;2025-05-20;2025-05-21;2025-05-22;2025-05-23;2025-05-24;2025-05-25;2025-05-26;2025-05-27;2025-05-28;2025-05-29;2025-05-30;2025-05-31;2025-06-01;2025-06-02;2025-06-03;2025-06-04;2025-06-05;2025-06-06;2025-06-07;2025-06-08;2025-06-09;2025-06-10;2025-06-11;2025-06-12;2025-06-13;2025-06-14;2025-06-15,28,11066.146811900264,2025-05-19;2025-05-20;2025-05-21;2025-05-22;2025-05-23;2025-05-24;2025-05-25;2025-05-26;2025-05-27;2025-05-28;2025-05-29;2025-05-30;2025-05-31;2025-06-01;2025-06-02;2025-06-03;2025-06-04;2025-06-05;2025-06-06;2025-06-07;2025-06-08;2025-06-09;2025-06-10;2025-06-11;2025-06-12;2025-06-13;2025-06-14;2025-06-15,2025-06-02;2025-06-03;2025-06-04;2025-06-05;2025-06-06;2025-06-07;2025-06-08;2025-06-09;2025-06-10;2025-06-11;2025-06-12;2025-06-13;2025-06-14;2025-06-15,,2025-06-15,0.0,1200.0,1200.0,42.60692019435501,55.883114955239556,21.290474127113313,40.51950754700898,93206.47058480426,117.69267975250091,15921.863946001644,59833.6309948748,377.2464351583224,60210.87743003313,59833.6309948748,59833.63093504117,44852.24299167424,1607.0486554587926,lexicographic,5.983363093504117e-05,4.485224294682198e-05,False,0.06752480000068317,0.0,1,0
2025-06-17,False,calendar_trend,4,1.0,7,1.0,0,calibrated_quantile,2025-05-20;2025-05-21;2025-05-22;2025-05-23;2025-05-24;2025-05-25;2025-05-26;2025-05-27;2025-05-28;2025-05-29;2025-05-30;2025-05-31;2025-06-01;2025-06-02;2025-06-03;2025-06-04;2025-06-05;2025-06-06;2025-06-07;2025-06-08;2025-06-09;2025-06-10;2025-06-11;2025-06-12;2025-06-13;2025-06-14;2025-06-15;2025-06-16,28,11085.624509156125,2025-05-20;2025-05-21;2025-05-22;2025-05-23;2025-05-24;2025-05-25;2025-05-26;2025-05-27;2025-05-28;2025-05-29;2025-05-30;2025-05-31;2025-06-01;2025-06-02;2025-06-03;2025-06-04;2025-06-05;2025-06-06;2025-06-07;2025-06-08;2025-06-09;2025-06-10;2025-06-11;2025-06-12;2025-06-13;2025-06-14;2025-06-15;2025-06-16,2025-06-03;2025-06-04;2025-06-05;2025-06-06;2025-06-07;2025-06-08;2025-06-09;2025-06-10;2025-06-11;2025-06-12;2025-06-13;2025-06-14;2025-06-15;2025-06-16,,2025-06-16,0.0,1200.0,1200.0,35.97704647589272,45.9523030527796,28.52433712114848,59.195408559009906,91947.08699785217,314.51273993092855,12906.291730960871,58861.35212654474,1184.6761868889514,60046.02831343369,58861.35212654474,58861.352067683394,44947.98521148198,1618.6148152474943,lexicographic,5.8861352067683395e-05,4.494798516653399e-05,False,0.07342319999952451,0.0,1,0
2025-06-18,False,calendar_trend,4,1.0,7,1.0,0,calibrated_quantile,2025-05-21;2025-05-22;2025-05-23;2025-05-24;2025-05-25;2025-05-26;2025-05-27;2025-05-28;2025-05-29;2025-05-30;2025-05-31;2025-06-01;2025-06-02;2025-06-03;2025-06-04;2025-06-05;2025-06-06;2025-06-07;2025-06-08;2025-06-09;2025-06-10;2025-06-11;2025-06-12;2025-06-13;2025-06-14;2025-06-15;2025-06-16;2025-06-17,28,11089.445479979817,2025-05-21;2025-05-22;2025-05-23;2025-05-24;2025-05-25;2025-05-26;2025-05-27;2025-05-28;2025-05-29;2025-05-30;2025-05-31;2025-06-01;2025-06-02;2025-06-03;2025-06-04;2025-06-05;2025-06-06;2025-06-07;2025-06-08;2025-06-09;2025-06-10;2025-06-11;2025-06-12;2025-06-13;2025-06-14;2025-06-15;2025-06-16;2025-06-17,2025-06-04;2025-06-05;2025-06-06;2025-06-07;2025-06-08;2025-06-09;2025-06-10;2025-06-11;2025-06-12;2025-06-13;2025-06-14;2025-06-15;2025-06-16;2025-06-17,,2025-06-17,0.0,1200.0,1200.0,28.93331135506775,37.89542949198674,20.79752454807944,37.581837131803276,91185.71441482875,23.090380476575586,15564.626054109627,58079.68473443677,57.34585520247906,58137.03058963925,58079.68473443677,58079.68467635708,44924.08417139056,1608.3325509730566,lexicographic,5.8079684676357084e-05,4.4924084126466466e-05,False,0.10944089999975404,0.0,1,0
2025-06-19,False,calendar_trend,4,1.0,7,1.0,0,calibrated_quantile,2025-05-22;2025-05-23;2025-05-24;2025-05-25;2025-05-26;2025-05-27;2025-05-28;2025-05-29;2025-05-30;2025-05-31;2025-06-01;2025-06-02;2025-06-03;2025-06-04;2025-06-05;2025-06-06;2025-06-07;2025-06-08;2025-06-09;2025-06-10;2025-06-11;2025-06-12;2025-06-13;2025-06-14;2025-06-15;2025-06-16;2025-06-17;2025-06-18,28,10896.223717483328,2025-05-22;2025-05-23;2025-05-24;2025-05-25;2025-05-26;2025-05-27;2025-05-28;2025-05-29;2025-05-30;2025-05-31;2025-06-01;2025-06-02;2025-06-03;2025-06-04;2025-06-05;2025-06-06;2025-06-07;2025-06-08;2025-06-09;2025-06-10;2025-06-11;2025-06-12;2025-06-13;2025-06-14;2025-06-15;2025-06-16;2025-06-17;2025-06-18,2025-06-05;2025-06-06;2025-06-07;2025-06-08;2025-06-09;2025-06-10;2025-06-11;2025-06-12;2025-06-13;2025-06-14;2025-06-15;2025-06-16;2025-06-17;2025-06-18,,2025-06-18,0.0,1200.0,1200.0,26.617595905610642,33.08174016829551,38.30846285407237,77.54030401022169,88802.57886110025,112.58002121077921,16021.936510617092,56471.99952569742,287.44574086374143,56759.44526656116,56471.99952569742,56471.999469225404,44142.26258297912,1573.968086489259,lexicographic,5.647199946922541e-05,4.414226253883685e-05,False,0.11972500000047148,1.2884186291559381e-16,1,0
2025-06-20,False,calendar_trend,4,1.0,7,1.0,0,calibrated_quantile,2025-05-23;2025-05-24;2025-05-25;2025-05-26;2025-05-27;2025-05-28;2025-05-29;2025-05-30;2025-05-31;2025-06-01;2025-06-02;2025-06-03;2025-06-04;2025-06-05;2025-06-06;2025-06-07;2025-06-08;2025-06-09;2025-06-10;2025-06-11;2025-06-12;2025-06-13;2025-06-14;2025-06-15;2025-06-16;2025-06-17;2025-06-18;2025-06-19,28,10926.523396019456,2025-05-23;2025-05-24;2025-05-25;2025-05-26;2025-05-27;2025-05-28;2025-05-29;2025-05-30;2025-05-31;2025-06-01;2025-06-02;2025-06-03;2025-06-04;2025-06-05;2025-06-06;2025-06-07;2025-06-08;2025-06-09;2025-06-10;2025-06-11;2025-06-12;2025-06-13;2025-06-14;2025-06-15;2025-06-16;2025-06-17;2025-06-18;2025-06-19,2025-06-06;2025-06-07;2025-06-08;2025-06-09;2025-06-10;2025-06-11;2025-06-12;2025-06-13;2025-06-14;2025-06-15;2025-06-16;2025-06-17;2025-06-18;2025-06-19,,2025-06-19,0.0,1200.0,1200.0,22.98512027358063,28.99053493438596,24.18309506095589,40.75837144093335,37934.53328729089,125.1102545396282,13078.268612833755,22005.145439011212,268.32178219253933,22273.46722120375,22005.145439011212,22005.145417006068,24585.45938412707,1374.2702961055643,lexicographic,2.200514541700607e-05,2.4585459384127153e-05,False,0.2330657999991672,0.0,1,0
2025-06-21,False,calendar_trend,4,1.0,7,1.0,0,calibrated_quantile,2025-05-24;2025-05-25;2025-05-26;2025-05-27;2025-05-28;2025-05-29;2025-05-30;2025-05-31;2025-06-01;2025-06-02;2025-06-03;2025-06-04;2025-06-05;2025-06-06;2025-06-07;2025-06-08;2025-06-09;2025-06-10;2025-06-11;2025-06-12;2025-06-13;2025-06-14;2025-06-15;2025-06-16;2025-06-17;2025-06-18;2025-06-19;2025-06-20,28,10966.810548559362,2025-05-24;2025-05-25;2025-05-26;2025-05-27;2025-05-28;2025-05-29;2025-05-30;2025-05-31;2025-06-01;2025-06-02;2025-06-03;2025-06-04;2025-06-05;2025-06-06;2025-06-07;2025-06-08;2025-06-09;2025-06-10;2025-06-11;2025-06-12;2025-06-13;2025-06-14;2025-06-15;2025-06-16;2025-06-17;2025-06-18;2025-06-19;2025-06-20,2025-06-07;2025-06-08;2025-06-09;2025-06-10;2025-06-11;2025-06-12;2025-06-13;2025-06-14;2025-06-15;2025-06-16;2025-06-17;2025-06-18;2025-06-19;2025-06-20,,2025-06-20,0.0,1200.0,1200.0,27.596777927911074,35.984534779252975,46.70763397375288,89.10361058617069,37218.364639903244,333.9696751669962,15671.161661548387,21554.67883884578,1216.1618841066565,22770.840722952435,21554.678838845783,21554.678817291104,24258.117783550282,1390.6052871985178,lexicographic,2.1554678817291105e-05,2.425811775929217e-05,False,0.14945629999783705,0.0,1,0
2025-06-22,False,calendar_trend,4,1.0,7,1.0,0,calibrated_quantile,2025-05-25;2025-05-26;2025-05-27;2025-05-28;2025-05-29;2025-05-30;2025-05-31;2025-06-01;2025-06-02;2025-06-03;2025-06-04;2025-06-05;2025-06-06;2025-06-07;2025-06-08;2025-06-09;2025-06-10;2025-06-11;2025-06-12;2025-06-13;2025-06-14;2025-06-15;2025-06-16;2025-06-17;2025-06-18;2025-06-19;2025-06-20;2025-06-21,28,10914.173889335427,2025-05-25;2025-05-26;2025-05-27;2025-05-28;2025-05-29;2025-05-30;2025-05-31;2025-06-01;2025-06-02;2025-06-03;2025-06-04;2025-06-05;2025-06-06;2025-06-07;2025-06-08;2025-06-09;2025-06-10;2025-06-11;2025-06-12;2025-06-13;2025-06-14;2025-06-15;2025-06-16;2025-06-17;2025-06-18;2025-06-19;2025-06-20;2025-06-21,2025-06-08;2025-06-09;2025-06-10;2025-06-11;2025-06-12;2025-06-13;2025-06-14;2025-06-15;2025-06-16;2025-06-17;2025-06-18;2025-06-19;2025-06-20;2025-06-21,,2025-06-21,0.0,1200.0,1200.0,22.430403752277314,28.347562559357588,32.44454475970651,54.28424395610692,85316.76417039002,94.29525110036823,13473.54743459333,53751.67311872111,316.5687618009116,54068.24188052202,53751.67311872111,53751.673064969415,42679.52265938773,1587.0033372203843,lexicographic,5.375167306496942e-05,4.267952261670819e-05,False,0.18481420000171056,1.3536243988887578e-16,1,0
2025-06-23,False,calendar_trend,4,1.0,7,1.0,0,calibrated_quantile,2025-05-26;2025-05-27;2025-05-28;2025-05-29;2025-05-30;2025-05-31;2025-06-01;2025-06-02;2025-06-03;2025-06-04;2025-06-05;2025-06-06;2025-06-07;2025-06-08;2025-06-09;2025-06-10;2025-06-11;2025-06-12;2025-06-13;2025-06-14;2025-06-15;2025-06-16;2025-06-17;2025-06-18;2025-06-19;2025-06-20;2025-06-21;2025-06-22,28,10891.448904625846,2025-05-26;2025-05-27;2025-05-28;2025-05-29;2025-05-30;2025-05-31;2025-06-01;2025-06-02;2025-06-03;2025-06-04;2025-06-05;2025-06-06;2025-06-07;2025-06-08;2025-06-09;2025-06-10;2025-06-11;2025-06-12;2025-06-13;2025-06-14;2025-06-15;2025-06-16;2025-06-17;2025-06-18;2025-06-19;2025-06-20;2025-06-21;2025-06-22,2025-06-09;2025-06-10;2025-06-11;2025-06-12;2025-06-13;2025-06-14;2025-06-15;2025-06-16;2025-06-17;2025-06-18;2025-06-19;2025-06-20;2025-06-21;2025-06-22,,2025-06-22,0.0,1200.0,1200.0,25.403593553822006,31.98757540083302,21.01653330182696,37.438295219351595,82592.56018880781,136.0319389580392,11265.640497947274,51547.328447338936,331.2962436255138,51878.62469096445,51547.328447338936,51547.32839579159,41931.656789324275,1564.5902689179215,lexicographic,5.15473283957916e-05,4.1931656747392616e-05,False,0.0735077999997884,1.946854570427011e-07,1,0
2025-06-24,False,calendar_trend,4,1.0,7,1.0,0,calibrated_quantile,2025-05-27;2025-05-28;2025-05-29;2025-05-30;2025-05-31;2025-06-01;2025-06-02;2025-06-03;2025-06-04;2025-06-05;2025-06-06;2025-06-07;2025-06-08;2025-06-09;2025-06-10;2025-06-11;2025-06-12;2025-06-13;2025-06-14;2025-06-15;2025-06-16;2025-06-17;2025-06-18;2025-06-19;2025-06-20;2025-06-21;2025-06-22;2025-06-23,28,10592.279028746016,2025-05-27;2025-05-28;2025-05-29;2025-05-30;2025-05-31;2025-06-01;2025-06-02;2025-06-03;2025-06-04;2025-06-05;2025-06-06;2025-06-07;2025-06-08;2025-06-09;2025-06-10;2025-06-11;2025-06-12;2025-06-13;2025-06-14;2025-06-15;2025-06-16;2025-06-17;2025-06-18;2025-06-19;2025-06-20;2025-06-21;2025-06-22;2025-06-23,2025-06-10;2025-06-11;2025-06-12;2025-06-13;2025-06-14;2025-06-15;2025-06-16;2025-06-17;2025-06-18;2025-06-19;2025-06-20;2025-06-21;2025-06-22;2025-06-23,,2025-06-23,0.0,1200.0,1200.0,29.152138731934443,36.769137126507346,61.20806181943903,104.42580551195901,80310.62080278619,3847.1397074979177,3457.8310416975746,49924.74844733995,15806.769675727419,65731.51812306738,49924.74844733995,49924.74839741521,42212.412450745505,1556.7683576229015,lexicographic,4.992474839741522e-05,4.2212412408533086e-05,False,0.12420319999728235,0.0,1,0
2025-06-25,False,calendar_trend,4,1.0,7,1.0,0,calibrated_quantile,2025-05-28;2025-05-29;2025-05-30;2025-05-31;2025-06-01;2025-06-02;2025-06-03;2025-06-04;2025-06-05;2025-06-06;2025-06-07;2025-06-08;2025-06-09;2025-06-10;2025-06-11;2025-06-12;2025-06-13;2025-06-14;2025-06-15;2025-06-16;2025-06-17;2025-06-18;2025-06-19;2025-06-20;2025-06-21;2025-06-22;2025-06-23;2025-06-24,28,11393.706097425194,2025-05-28;2025-05-29;2025-05-30;2025-05-31;2025-06-01;2025-06-02;2025-06-03;2025-06-04;2025-06-05;2025-06-06;2025-06-07;2025-06-08;2025-06-09;2025-06-10;2025-06-11;2025-06-12;2025-06-13;2025-06-14;2025-06-15;2025-06-16;2025-06-17;2025-06-18;2025-06-19;2025-06-20;2025-06-21;2025-06-22;2025-06-23;2025-06-24,2025-06-11;2025-06-12;2025-06-13;2025-06-14;2025-06-15;2025-06-16;2025-06-17;2025-06-18;2025-06-19;2025-06-20;2025-06-21;2025-06-22;2025-06-23;2025-06-24,,2025-06-24,0.0,1200.0,1200.0,28.91570762022334,36.94414330329217,30.3284020808882,60.24044992372713,82145.8005929917,1008.935697635483,8282.339334540593,51046.36970559528,3633.17111996881,54679.54082556409,51046.36970559529,51046.369654548915,42248.977983421515,1566.5584575286593,lexicographic,5.104636965454892e-05,4.2248977941172526e-05,False,0.11424350000015693,0.0,1,0
2025-06-26,False,calendar_trend,4,1.0,7,1.0,0,calibrated_quantile,2025-05-29;2025-05-30;2025-05-31;2025-06-01;2025-06-02;2025-06-03;2025-06-04;2025-06-05;2025-06-06;2025-06-07;2025-06-08;2025-06-09;2025-06-10;2025-06-11;2025-06-12;2025-06-13;2025-06-14;2025-06-15;2025-06-16;2025-06-17;2025-06-18;2025-06-19;2025-06-20;2025-06-21;2025-06-22;2025-06-23;2025-06-24;2025-06-25,28,11434.064238467014,2025-05-29;2025-05-30;2025-05-31;2025-06-01;2025-06-02;2025-06-03;2025-06-04;2025-06-05;2025-06-06;2025-06-07;2025-06-08;2025-06-09;2025-06-10;2025-06-11;2025-06-12;2025-06-13;2025-06-14;2025-06-15;2025-06-16;2025-06-17;2025-06-18;2025-06-19;2025-06-20;2025-06-21;2025-06-22;2025-06-23;2025-06-24;2025-06-25,2025-06-12;2025-06-13;2025-06-14;2025-06-15;2025-06-16;2025-06-17;2025-06-18;2025-06-19;2025-06-20;2025-06-21;2025-06-22;2025-06-23;2025-06-24;2025-06-25,,2025-06-25,0.0,1200.0,1200.0,29.028537159510115,37.95828013402429,29.1553844681109,53.13537663167902,82343.03160011071,348.26881222829786,10593.518724676886,51386.26127619558,1617.7754144521243,53004.03669064771,51386.261276195575,51386.26122481663,43348.52692807948,1533.6171433629406,lexicographic,5.138626122481664e-05,4.334852688473103e-05,False,0.18908109999756562,0.0,1,0
2025-06-27,False,calendar_trend,4,1.0,7,1.0,0,calibrated_quantile,2025-05-30;2025-05-31;2025-06-01;2025-06-02;2025-06-03;2025-06-04;2025-06-05;2025-06-06;2025-06-07;2025-06-08;2025-06-09;2025-06-10;2025-06-11;2025-06-12;2025-06-13;2025-06-14;2025-06-15;2025-06-16;2025-06-17;2025-06-18;2025-06-19;2025-06-20;2025-06-21;2025-06-22;2025-06-23;2025-06-24;2025-06-25;2025-06-26,28,11373.897438838807,2025-05-30;2025-05-31;2025-06-01;2025-06-02;2025-06-03;2025-06-04;2025-06-05;2025-06-06;2025-06-07;2025-06-08;2025-06-09;2025-06-10;2025-06-11;2025-06-12;2025-06-13;2025-06-14;2025-06-15;2025-06-16;2025-06-17;2025-06-18;2025-06-19;2025-06-20;2025-06-21;2025-06-22;2025-06-23;2025-06-24;2025-06-25;2025-06-26,2025-06-13;2025-06-14;2025-06-15;2025-06-16;2025-06-17;2025-06-18;2025-06-19;2025-06-20;2025-06-21;2025-06-22;2025-06-23;2025-06-24;2025-06-25;2025-06-26,,2025-06-26,0.0,1200.0,1200.0,25.900544670494885,32.739821729113864,23.929337261071275,46.07316919397558,34714.128910407184,187.57764323537856,12625.348514126435,19774.912158532996,712.7776410864753,20487.68979961947,19774.912158533,19774.912138758085,23860.679120302775,1347.5103546743248,lexicographic,1.9774912138758087e-05,2.3860679096442097e-05,False,0.21389499999713735,0.0,1,0
2025-06-28,False,calendar_trend,4,1.0,7,1.0,0,calibrated_quantile,2025-05-31;2025-06-01;2025-06-02;2025-06-03;2025-06-04;2025-06-05;2025-06-06;2025-06-07;2025-06-08;2025-06-09;2025-06-10;2025-06-11;2025-06-12;2025-06-13;2025-06-14;2025-06-15;2025-06-16;2025-06-17;2025-06-18;2025-06-19;2025-06-20;2025-06-21;2025-06-22;2025-06-23;2025-06-24;2025-06-25;2025-06-26;2025-06-27,28,11306.618118281935,2025-05-31;2025-06-01;2025-06-02;2025-06-03;2025-06-04;2025-06-05;2025-06-06;2025-06-07;2025-06-08;2025-06-09;2025-06-10;2025-06-11;2025-06-12;2025-06-13;2025-06-14;2025-06-15;2025-06-16;2025-06-17;2025-06-18;2025-06-19;2025-06-20;2025-06-21;2025-06-22;2025-06-23;2025-06-24;2025-06-25;2025-06-26;2025-06-27,2025-06-14;2025-06-15;2025-06-16;2025-06-17;2025-06-18;2025-06-19;2025-06-20;2025-06-21;2025-06-22;2025-06-23;2025-06-24;2025-06-25;2025-06-26;2025-06-27,,2025-06-27,0.0,1200.0,1200.0,24.614765922305853,31.9132056390868,28.875655507144124,55.15356546478299,35221.384232330805,299.2178596333979,11206.680953552275,19940.77400745968,1023.9861168825933,20964.760124342272,19940.774007459677,19940.773987518907,24168.215733468045,1388.1849733825136,lexicographic,1.9940773987518908e-05,2.416821573346799e-05,False,0.20949160000236589,0.0,1,0
2025-06-29,False,calendar_trend,4,1.0,7,1.0,0,calibrated_quantile,2025-06-01;2025-06-02;2025-06-03;2025-06-04;2025-06-05;2025-06-06;2025-06-07;2025-06-08;2025-06-09;2025-06-10;2025-06-11;2025-06-12;2025-06-13;2025-06-14;2025-06-15;2025-06-16;2025-06-17;2025-06-18;2025-06-19;2025-06-20;2025-06-21;2025-06-22;2025-06-23;2025-06-24;2025-06-25;2025-06-26;2025-06-27;2025-06-28,28,11316.470003708157,2025-06-01;2025-06-02;2025-06-03;2025-06-04;2025-06-05;2025-06-06;2025-06-07;2025-06-08;2025-06-09;2025-06-10;2025-06-11;2025-06-12;2025-06-13;2025-06-14;2025-06-15;2025-06-16;2025-06-17;2025-06-18;2025-06-19;2025-06-20;2025-06-21;2025-06-22;2025-06-23;2025-06-24;2025-06-25;2025-06-26;2025-06-27;2025-06-28,2025-06-15;2025-06-16;2025-06-17;2025-06-18;2025-06-19;2025-06-20;2025-06-21;2025-06-22;2025-06-23;2025-06-24;2025-06-25;2025-06-26;2025-06-27;2025-06-28,,2025-06-28,0.0,1200.0,1200.0,25.361286364594687,32.56480274975061,29.232171584570224,59.278354623496305,81804.75685505617,964.5013820559748,9041.31035490248,51108.06962800973,2685.534588831801,53793.60421684154,51108.06962800974,51108.06957690166,42489.07695508503,1578.4769792824868,lexicographic,5.110806957690167e-05,4.2489076912595954e-05,False,0.10277110000242828,0.0,1,0
2025-06-30,False,calendar_trend,4,1.0,7,1.0,0,calibrated_quantile,2025-06-02;2025-06-03;2025-06-04;2025-06-05;2025-06-06;2025-06-07;2025-06-08;2025-06-09;2025-06-10;2025-06-11;2025-06-12;2025-06-13;2025-06-14;2025-06-15;2025-06-16;2025-06-17;2025-06-18;2025-06-19;2025-06-20;2025-06-21;2025-06-22;2025-06-23;2025-06-24;2025-06-25;2025-06-26;2025-06-27;2025-06-28;2025-06-29,28,10207.6245630674,2025-06-02;2025-06-03;2025-06-04;2025-06-05;2025-06-06;2025-06-07;2025-06-08;2025-06-09;2025-06-10;2025-06-11;2025-06-12;2025-06-13;2025-06-14;2025-06-15;2025-06-16;2025-06-17;2025-06-18;2025-06-19;2025-06-20;2025-06-21;2025-06-22;2025-06-23;2025-06-24;2025-06-25;2025-06-26;2025-06-27;2025-06-28;2025-06-29,2025-06-16;2025-06-17;2025-06-18;2025-06-19;2025-06-20;2025-06-21;2025-06-22;2025-06-23;2025-06-24;2025-06-25;2025-06-26;2025-06-27;2025-06-28;2025-06-29,,2025-06-29,0.0,1200.0,1200.0,26.184978849023917,34.392703812328456,29.994797906690437,52.54446782410912,81335.4723892688,839.3699586801245,7924.131153607848,50702.543156425774,3308.1311312359767,54010.67428766175,50702.543156425774,50702.54310572322,41658.838168021146,1549.5305445095362,lexicographic,5.0702543105723226e-05,4.16588381263623e-05,False,0.1837521999987075,1.4350281403068573e-16,1,0
2025-07-01,False,calendar_trend,4,1.0,7,1.0,0,calibrated_quantile,2025-06-03;2025-06-04;2025-06-05;2025-06-06;2025-06-07;2025-06-08;2025-06-09;2025-06-10;2025-06-11;2025-06-12;2025-06-13;2025-06-14;2025-06-15;2025-06-16;2025-06-17;2025-06-18;2025-06-19;2025-06-20;2025-06-21;2025-06-22;2025-06-23;2025-06-24;2025-06-25;2025-06-26;2025-06-27;2025-06-28;2025-06-29;2025-06-30,28,9442.597665070727,2025-06-03;2025-06-04;2025-06-05;2025-06-06;2025-06-07;2025-06-08;2025-06-09;2025-06-10;2025-06-11;2025-06-12;2025-06-13;2025-06-14;2025-06-15;2025-06-16;2025-06-17;2025-06-18;2025-06-19;2025-06-20;2025-06-21;2025-06-22;2025-06-23;2025-06-24;2025-06-25;2025-06-26;2025-06-27;2025-06-28;2025-06-29;2025-06-30,2025-06-17;2025-06-18;2025-06-19;2025-06-20;2025-06-21;2025-06-22;2025-06-23;2025-06-24;2025-06-25;2025-06-26;2025-06-27;2025-06-28;2025-06-29;2025-06-30,,2025-06-30,0.0,1200.0,1200.0,113.47681417135838,120.25138430033162,35.35499621029814,58.109619313626325,81120.18052913152,5888.193949351076,3788.9277845627953,50417.99389989955,20961.76059289482,71379.75449279437,50417.99389989955,50417.99384948152,41467.12534558698,1554.9714877681909,lexicographic,5.041799384948152e-05,4.1467125304119844e-05,False,0.09445239999695332,0.0,1,0
2025-07-02,False,calendar_trend,4,1.0,7,1.0,0,calibrated_quantile,2025-06-04;2025-06-05;2025-06-06;2025-06-07;2025-06-08;2025-06-09;2025-06-10;2025-06-11;2025-06-12;2025-06-13;2025-06-14;2025-06-15;2025-06-16;2025-06-17;2025-06-18;2025-06-19;2025-06-20;2025-06-21;2025-06-22;2025-06-23;2025-06-24;2025-06-25;2025-06-26;2025-06-27;2025-06-28;2025-06-29;2025-06-30;2025-07-01,28,9568.532158256245,2025-06-04;2025-06-05;2025-06-06;2025-06-07;2025-06-08;2025-06-09;2025-06-10;2025-06-11;2025-06-12;2025-06-13;2025-06-14;2025-06-15;2025-06-16;2025-06-17;2025-06-18;2025-06-19;2025-06-20;2025-06-21;2025-06-22;2025-06-23;2025-06-24;2025-06-25;2025-06-26;2025-06-27;2025-06-28;2025-06-29;2025-06-30;2025-07-01,2025-06-18;2025-06-19;2025-06-20;2025-06-21;2025-06-22;2025-06-23;2025-06-24;2025-06-25;2025-06-26;2025-06-27;2025-06-28;2025-06-29;2025-06-30;2025-07-01,,2025-07-01,0.0,1200.0,1200.0,84.60312070371994,92.76523099047532,68.2739395352549,107.59844041332289,84487.42522706816,3672.4339436946893,10857.242570405873,52722.45105287717,13295.221577829248,66017.67263070642,52722.451052877164,52722.45100015472,41895.31012094461,1583.6476974361908,lexicographic,5.272245100015472e-05,4.1895310079049295e-05,False,0.15630809999856865,0.0,1,0
2025-07-03,False,calendar_trend,4,1.0,7,1.0,0,calibrated_quantile,2025-06-05;2025-06-06;2025-06-07;2025-06-08;2025-06-09;2025-06-10;2025-06-11;2025-06-12;2025-06-13;2025-06-14;2025-06-15;2025-06-16;2025-06-17;2025-06-18;2025-06-19;2025-06-20;2025-06-21;2025-06-22;2025-06-23;2025-06-24;2025-06-25;2025-06-26;2025-06-27;2025-06-28;2025-06-29;2025-06-30;2025-07-01;2025-07-02,28,9562.229831093655,2025-06-05;2025-06-06;2025-06-07;2025-06-08;2025-06-09;2025-06-10;2025-06-11;2025-06-12;2025-06-13;2025-06-14;2025-06-15;2025-06-16;2025-06-17;2025-06-18;2025-06-19;2025-06-20;2025-06-21;2025-06-22;2025-06-23;2025-06-24;2025-06-25;2025-06-26;2025-06-27;2025-06-28;2025-06-29;2025-06-30;2025-07-01;2025-07-02,2025-06-19;2025-06-20;2025-06-21;2025-06-22;2025-06-23;2025-06-24;2025-06-25;2025-06-26;2025-06-27;2025-06-28;2025-06-29;2025-06-30;2025-07-01;2025-07-02,,2025-07-02,0.0,1200.0,1200.0,64.39105134807298,74.44553160515513,19.118414679154323,33.519681483151444,85715.18432995985,2708.86038505973,4376.479569910742,53884.23605246882,10576.22675577812,64460.46280824694,53884.23605246881,53884.235998584554,40840.70864901942,1630.7193551232301,lexicographic,5.388423599858456e-05,4.08407086081787e-05,False,0.12277140000151121,0.0,1,0
2025-07-04,False,calendar_trend,4,1.0,7,1.0,0,calibrated_quantile,2025-06-06;2025-06-07;2025-06-08;2025-06-09;2025-06-10;2025-06-11;2025-06-12;2025-06-13;2025-06-14;2025-06-15;2025-06-16;2025-06-17;2025-06-18;2025-06-19;2025-06-20;2025-06-21;2025-06-22;2025-06-23;2025-06-24;2025-06-25;2025-06-26;2025-06-27;2025-06-28;2025-06-29;2025-06-30;2025-07-01;2025-07-02;2025-07-03,28,9914.545567998674,2025-06-06;2025-06-07;2025-06-08;2025-06-09;2025-06-10;2025-06-11;2025-06-12;2025-06-13;2025-06-14;2025-06-15;2025-06-16;2025-06-17;2025-06-18;2025-06-19;2025-06-20;2025-06-21;2025-06-22;2025-06-23;2025-06-24;2025-06-25;2025-06-26;2025-06-27;2025-06-28;2025-06-29;2025-06-30;2025-07-01;2025-07-02;2025-07-03,2025-06-20;2025-06-21;2025-06-22;2025-06-23;2025-06-24;2025-06-25;2025-06-26;2025-06-27;2025-06-28;2025-06-29;2025-06-30;2025-07-01;2025-07-02;2025-07-03,,2025-07-03,0.0,1200.0,1200.0,63.27221314983222,69.5827149766742,41.82386454281658,84.81542529282711,41091.976622874536,1674.3450090377983,11306.19544697009,24140.668187339787,6311.637763731609,30452.305951071394,24140.66818733979,24140.668163199116,24570.83305304624,1468.9448386612164,lexicographic,2.414066816319912e-05,2.4570833028475417e-05,False,0.11770039999828441,0.0,1,0
2025-07-05,False,calendar_trend,4,1.0,7,1.0,0,calibrated_quantile,2025-06-07;2025-06-08;2025-06-09;2025-06-10;2025-06-11;2025-06-12;2025-06-13;2025-06-14;2025-06-15;2025-06-16;2025-06-17;2025-06-18;2025-06-19;2025-06-20;2025-06-21;2025-06-22;2025-06-23;2025-06-24;2025-06-25;2025-06-26;2025-06-27;2025-06-28;2025-06-29;2025-06-30;2025-07-01;2025-07-02;2025-07-03;2025-07-04,28,9807.442551304293,2025-06-07;2025-06-08;2025-06-09;2025-06-10;2025-06-11;2025-06-12;2025-06-13;2025-06-14;2025-06-15;2025-06-16;2025-06-17;2025-06-18;2025-06-19;2025-06-20;2025-06-21;2025-06-22;2025-06-23;2025-06-24;2025-06-25;2025-06-26;2025-06-27;2025-06-28;2025-06-29;2025-06-30;2025-07-01;2025-07-02;2025-07-03;2025-07-04,2025-06-21;2025-06-22;2025-06-23;2025-06-24;2025-06-25;2025-06-26;2025-06-27;2025-06-28;2025-06-29;2025-06-30;2025-07-01;2025-07-02;2025-07-03;2025-07-04,,2025-07-04,0.0,1200.0,1200.0,41.69474110904834,51.06614160441958,32.9918097307199,62.538969739214025,43914.460145676676,768.7213100724655,13268.238887532048,25840.837242432393,3109.0519272578003,28949.889169690192,25840.837242432397,25840.837216591557,25005.270046348778,1486.438486131121,lexicographic,2.584083721659156e-05,2.5005270021343506e-05,False,0.13969039999938104,0.0,1,0
2025-07-06,False,calendar_trend,4,1.0,7,1.0,0,calibrated_quantile,2025-06-08;2025-06-09;2025-06-10;2025-06-11;2025-06-12;2025-06-13;2025-06-14;2025-06-15;2025-06-16;2025-06-17;2025-06-18;2025-06-19;2025-06-20;2025-06-21;2025-06-22;2025-06-23;2025-06-24;2025-06-25;2025-06-26;2025-06-27;2025-06-28;2025-06-29;2025-06-30;2025-07-01;2025-07-02;2025-07-03;2025-07-04;2025-07-05,28,9468.79370104362,2025-06-08;2025-06-09;2025-06-10;2025-06-11;2025-06-12;2025-06-13;2025-06-14;2025-06-15;2025-06-16;2025-06-17;2025-06-18;2025-06-19;2025-06-20;2025-06-21;2025-06-22;2025-06-23;2025-06-24;2025-06-25;2025-06-26;2025-06-27;2025-06-28;2025-06-29;2025-06-30;2025-07-01;2025-07-02;2025-07-03;2025-07-04;2025-07-05,2025-06-22;2025-06-23;2025-06-24;2025-06-25;2025-06-26;2025-06-27;2025-06-28;2025-06-29;2025-06-30;2025-07-01;2025-07-02;2025-07-03;2025-07-04;2025-07-05,,2025-07-05,0.0,1200.0,1200.0,34.90036629891396,44.91792526438344,38.129337501133904,67.55639387296328,92473.96970992142,1121.5917600421794,9546.900306918891,58989.725996556954,5102.729571419033,64092.45556797599,58989.725996556954,58989.72593756725,40531.42157689969,1733.142836003216,lexicographic,5.8989725937567254e-05,4.053142153636826e-05,False,0.09916399999929126,0.0,1,0
2025-07-07,False,calendar_trend,4,1.0,7,1.0,0,calibrated_quantile,2025-06-09;2025-06-10;2025-06-11;2025-06-12;2025-06-13;2025-06-14;2025-06-15;2025-06-16;2025-06-17;2025-06-18;2025-06-19;2025-06-20;2025-06-21;2025-06-22;2025-06-23;2025-06-24;2025-06-25;2025-06-26;2025-06-27;2025-06-28;2025-06-29;2025-06-30;2025-07-01;2025-07-02;2025-07-03;2025-07-04;2025-07-05;2025-07-06,28,9747.43039407326,2025-06-09;2025-06-10;2025-06-11;2025-06-12;2025-06-13;2025-06-14;2025-06-15;2025-06-16;2025-06-17;2025-06-18;2025-06-19;2025-06-20;2025-06-21;2025-06-22;2025-06-23;2025-06-24;2025-06-25;2025-06-26;2025-06-27;2025-06-28;2025-06-29;2025-06-30;2025-07-01;2025-07-02;2025-07-03;2025-07-04;2025-07-05;2025-07-06,2025-06-23;2025-06-24;2025-06-25;2025-06-26;2025-06-27;2025-06-28;2025-06-29;2025-06-30;2025-07-01;2025-07-02;2025-07-03;2025-07-04;2025-07-05;2025-07-06,,2025-07-06,0.0,1200.0,1200.0,36.97922211975268,46.3531110690438,28.467102693839983,46.682554774020794,94621.87807559108,11.716543777648667,16868.48095170397,60665.86581439628,24.593025389284556,60690.45883978557,60665.86581439628,60665.86575373042,41493.11542529773,1725.8006462366839,lexicographic,6.066586575373042e-05,4.149311538380461e-05,False,0.11925259999770788,0.0,1,0
2025-07-08,False,calendar_trend,4,1.0,7,1.0,0,calibrated_quantile,2025-06-10;2025-06-11;2025-06-12;2025-06-13;2025-06-14;2025-06-15;2025-06-16;2025-06-17;2025-06-18;2025-06-19;2025-06-20;2025-06-21;2025-06-22;2025-06-23;2025-06-24;2025-06-25;2025-06-26;2025-06-27;2025-06-28;2025-06-29;2025-06-30;2025-07-01;2025-07-02;2025-07-03;2025-07-04;2025-07-05;2025-07-06;2025-07-07,28,9735.11701529408,2025-06-10;2025-06-11;2025-06-12;2025-06-13;2025-06-14;2025-06-15;2025-06-16;2025-06-17;2025-06-18;2025-06-19;2025-06-20;2025-06-21;2025-06-22;2025-06-23;2025-06-24;2025-06-25;2025-06-26;2025-06-27;2025-06-28;2025-06-29;2025-06-30;2025-07-01;2025-07-02;2025-07-03;2025-07-04;2025-07-05;2025-07-06;2025-07-07,2025-06-24;2025-06-25;2025-06-26;2025-06-27;2025-06-28;2025-06-29;2025-06-30;2025-07-01;2025-07-02;2025-07-03;2025-07-04;2025-07-05;2025-07-06;2025-07-07,,2025-07-07,0.0,1200.0,1200.0,69.75731623376538,78.0099855536401,32.85751008532775,53.701953937134505,98267.42987243118,17.162486628910813,18381.53050714748,63179.184930914256,61.54355836698089,63240.72848928124,63179.184930914256,63179.18486773505,41264.90237786922,1770.937560238725,lexicographic,6.317918486773505e-05,4.1264902336604304e-05,False,0.18815160000303877,1.1516384121472232e-16,1,0
2025-07-09,False,calendar_trend,4,1.0,7,1.0,0,calibrated_quantile,2025-06-11;2025-06-12;2025-06-13;2025-06-14;2025-06-15;2025-06-16;2025-06-17;2025-06-18;2025-06-19;2025-06-20;2025-06-21;2025-06-22;2025-06-23;2025-06-24;2025-06-25;2025-06-26;2025-06-27;2025-06-28;2025-06-29;2025-06-30;2025-07-01;2025-07-02;2025-07-03;2025-07-04;2025-07-05;2025-07-06;2025-07-07;2025-07-08,28,9716.801409872955,2025-06-11;2025-06-12;2025-06-13;2025-06-14;2025-06-15;2025-06-16;2025-06-17;2025-06-18;2025-06-19;2025-06-20;2025-06-21;2025-06-22;2025-06-23;2025-06-24;2025-06-25;2025-06-26;2025-06-27;2025-06-28;2025-06-29;2025-06-30;2025-07-01;2025-07-02;2025-07-03;2025-07-04;2025-07-05;2025-07-06;2025-07-07;2025-07-08,2025-06-25;2025-06-26;2025-06-27;2025-06-28;2025-06-29;2025-06-30;2025-07-01;2025-07-02;2025-07-03;2025-07-04;2025-07-05;2025-07-06;2025-07-07;2025-07-08,,2025-07-08,0.0,1200.0,1200.0,71.41518003927338,79.77853594863618,27.24733244366333,47.23726174712238,97869.56601673944,26.982222228666103,19490.107469909424,63056.433488429306,85.52791478343201,63141.961403212736,63056.433488429306,63056.43342537287,41417.71322015551,1763.064003476892,lexicographic,6.305643342537288e-05,4.1417713178737786e-05,False,0.14980039999863948,1.1538802972094043e-16,1,0
2025-07-10,False,calendar_trend,4,1.0,7,1.0,0,calibrated_quantile,2025-06-12;2025-06-13;2025-06-14;2025-06-15;2025-06-16;2025-06-17;2025-06-18;2025-06-19;2025-06-20;2025-06-21;2025-06-22;2025-06-23;2025-06-24;2025-06-25;2025-06-26;2025-06-27;2025-06-28;2025-06-29;2025-06-30;2025-07-01;2025-07-02;2025-07-03;2025-07-04;2025-07-05;2025-07-06;2025-07-07;2025-07-08;2025-07-09,28,9568.1141682715,2025-06-12;2025-06-13;2025-06-14;2025-06-15;2025-06-16;2025-06-17;2025-06-18;2025-06-19;2025-06-20;2025-06-21;2025-06-22;2025-06-23;2025-06-24;2025-06-25;2025-06-26;2025-06-27;2025-06-28;2025-06-29;2025-06-30;2025-07-01;2025-07-02;2025-07-03;2025-07-04;2025-07-05;2025-07-06;2025-07-07;2025-07-08;2025-07-09,2025-06-26;2025-06-27;2025-06-28;2025-06-29;2025-06-30;2025-07-01;2025-07-02;2025-07-03;2025-07-04;2025-07-05;2025-07-06;2025-07-07;2025-07-08;2025-07-09,,2025-07-09,0.0,1200.0,1200.0,70.21864598342961,79.97478242958402,19.501129090399353,37.62836402487842,97023.68288411092,0.0,19778.059477934727,62563.297881747036,0.0,62563.297881747036,62563.29788174704,62563.29781918376,41839.579164976756,1793.9212471476835,lexicographic,6.256329781918376e-05,4.1839579123137165e-05,False,0.16665950000242447,0.0,1,0
2025-07-11,False,calendar_trend,4,1.0,7,1.0,0,calibrated_quantile,2025-06-13;2025-06-14;2025-06-15;2025-06-16;2025-06-17;2025-06-18;2025-06-19;2025-06-20;2025-06-21;2025-06-22;2025-06-23;2025-06-24;2025-06-25;2025-06-26;2025-06-27;2025-06-28;2025-06-29;2025-06-30;2025-07-01;2025-07-02;2025-07-03;2025-07-04;2025-07-05;2025-07-06;2025-07-07;2025-07-08;2025-07-09;2025-07-10,28,9555.151840167819,2025-06-13;2025-06-14;2025-06-15;2025-06-16;2025-06-17;2025-06-18;2025-06-19;2025-06-20;2025-06-21;2025-06-22;2025-06-23;2025-06-24;2025-06-25;2025-06-26;2025-06-27;2025-06-28;2025-06-29;2025-06-30;2025-07-01;2025-07-02;2025-07-03;2025-07-04;2025-07-05;2025-07-06;2025-07-07;2025-07-08;2025-07-09;2025-07-10,2025-06-27;2025-06-28;2025-06-29;2025-06-30;2025-07-01;2025-07-02;2025-07-03;2025-07-04;2025-07-05;2025-07-06;2025-07-07;2025-07-08;2025-07-09;2025-07-10,,2025-07-10,0.0,1200.0,1200.0,26.822871590218732,32.797601797400844,48.67963747363225,88.99633205147309,48087.07761934514,1346.242365682706,14323.895291894405,29240.84743640267,3853.44241227436,33094.28984867703,29240.84743640267,29240.847407161815,24679.326595113307,1514.404705388703,lexicographic,2.9240847407161817e-05,2.4679326570433976e-05,False,0.12537499999962165,0.0,1,0
2025-07-12,False,calendar_trend,4,1.0,7,1.0,0,calibrated_quantile,2025-06-14;2025-06-15;2025-06-16;2025-06-17;2025-06-18;2025-06-19;2025-06-20;2025-06-21;2025-06-22;2025-06-23;2025-06-24;2025-06-25;2025-06-26;2025-06-27;2025-06-28;2025-06-29;2025-06-30;2025-07-01;2025-07-02;2025-07-03;2025-07-04;2025-07-05;2025-07-06;2025-07-07;2025-07-08;2025-07-09;2025-07-10;2025-07-11,28,9969.154353424285,2025-06-14;2025-06-15;2025-06-16;2025-06-17;2025-06-18;2025-06-19;2025-06-20;2025-06-21;2025-06-22;2025-06-23;2025-06-24;2025-06-25;2025-06-26;2025-06-27;2025-06-28;2025-06-29;2025-06-30;2025-07-01;2025-07-02;2025-07-03;2025-07-04;2025-07-05;2025-07-06;2025-07-07;2025-07-08;2025-07-09;2025-07-10;2025-07-11,2025-06-28;2025-06-29;2025-06-30;2025-07-01;2025-07-02;2025-07-03;2025-07-04;2025-07-05;2025-07-06;2025-07-07;2025-07-08;2025-07-09;2025-07-10;2025-07-11,,2025-07-11,0.0,1200.0,1200.0,30.467433090571514,37.99622466154355,26.156331737983837,44.0692821837428,49008.58444730814,292.6213924644013,15562.865122689826,29529.627736844697,906.6240819008261,30436.251818745524,29529.627736844697,29529.627707315074,25283.769813612584,1566.438685649554,lexicographic,2.9529627707315076e-05,2.5283769813612736e-05,False,0.2494059999989986,0.0,1,0
2025-07-13,False,calendar_trend,4,1.0,7,1.0,0,calibrated_quantile,2025-06-15;2025-06-16;2025-06-17;2025-06-18;2025-06-19;2025-06-20;2025-06-21;2025-06-22;2025-06-23;2025-06-24;2025-06-25;2025-06-26;2025-06-27;2025-06-28;2025-06-29;2025-06-30;2025-07-01;2025-07-02;2025-07-03;2025-07-04;2025-07-05;2025-07-06;2025-07-07;2025-07-08;2025-07-09;2025-07-10;2025-07-11;2025-07-12,28,10123.306539745096,2025-06-15;2025-06-16;2025-06-17;2025-06-18;2025-06-19;2025-06-20;2025-06-21;2025-06-22;2025-06-23;2025-06-24;2025-06-25;2025-06-26;2025-06-27;2025-06-28;2025-06-29;2025-06-30;2025-07-01;2025-07-02;2025-07-03;2025-07-04;2025-07-05;2025-07-06;2025-07-07;2025-07-08;2025-07-09;2025-07-10;2025-07-11;2025-07-12,2025-06-29;2025-06-30;2025-07-01;2025-07-02;2025-07-03;2025-07-04;2025-07-05;2025-07-06;2025-07-07;2025-07-08;2025-07-09;2025-07-10;2025-07-11;2025-07-12,,2025-07-12,0.0,1200.0,1200.0,66.92376286045219,75.33684722712451,31.12263132901785,57.22666160728633,97146.87378350024,0.0,23579.4861196821,62554.9271598207,0.0,62554.9271598207,62554.9271598207,62554.92709726577,40959.98814479396,1760.8984718027307,lexicographic,6.255492709726578e-05,4.095998810383397e-05,False,0.13672240000232705,0.0,1,0
2025-07-14,False,calendar_trend,4,1.0,7,1.0,0,calibrated_quantile,2025-06-16;2025-06-17;2025-06-18;2025-06-19;2025-06-20;2025-06-21;2025-06-22;2025-06-23;2025-06-24;2025-06-25;2025-06-26;2025-06-27;2025-06-28;2025-06-29;2025-06-30;2025-07-01;2025-07-02;2025-07-03;2025-07-04;2025-07-05;2025-07-06;2025-07-07;2025-07-08;2025-07-09;2025-07-10;2025-07-11;2025-07-12;2025-07-13,28,10090.17377426215,2025-06-16;2025-06-17;2025-06-18;2025-06-19;2025-06-20;2025-06-21;2025-06-22;2025-06-23;2025-06-24;2025-06-25;2025-06-26;2025-06-27;2025-06-28;2025-06-29;2025-06-30;2025-07-01;2025-07-02;2025-07-03;2025-07-04;2025-07-05;2025-07-06;2025-07-07;2025-07-08;2025-07-09;2025-07-10;2025-07-11;2025-07-12;2025-07-13,2025-06-30;2025-07-01;2025-07-02;2025-07-03;2025-07-04;2025-07-05;2025-07-06;2025-07-07;2025-07-08;2025-07-09;2025-07-10;2025-07-11;2025-07-12;2025-07-13,,2025-07-13,0.0,1200.0,1200.0,52.38504834354288,61.04955311556827,22.317048461524248,41.51321149267941,95227.08808825602,0.0,19156.338902049385,61244.639717346705,0.0,61244.639717346705,61244.639717346705,61244.639656102045,40611.350762459784,1765.5448441923663,lexicographic,6.124463965610205e-05,4.0611350721848415e-05,False,0.12142780000067432,2.3760308347110976e-16,1,0
2025-07-15,False,calendar_trend,4,1.0,7,1.0,0,calibrated_quantile,2025-06-17;2025-06-18;2025-06-19;2025-06-20;2025-06-21;2025-06-22;2025-06-23;2025-06-24;2025-06-25;2025-06-26;2025-06-27;2025-06-28;2025-06-29;2025-06-30;2025-07-01;2025-07-02;2025-07-03;2025-07-04;2025-07-05;2025-07-06;2025-07-07;2025-07-08;2025-07-09;2025-07-10;2025-07-11;2025-07-12;2025-07-13;2025-07-14,28,9994.116658969935,2025-06-17;2025-06-18;2025-06-19;2025-06-20;2025-06-21;2025-06-22;2025-06-23;2025-06-24;2025-06-25;2025-06-26;2025-06-27;2025-06-28;2025-06-29;2025-06-30;2025-07-01;2025-07-02;2025-07-03;2025-07-04;2025-07-05;2025-07-06;2025-07-07;2025-07-08;2025-07-09;2025-07-10;2025-07-11;2025-07-12;2025-07-13;2025-07-14,2025-07-01;2025-07-02;2025-07-03;2025-07-04;2025-07-05;2025-07-06;2025-07-07;2025-07-08;2025-07-09;2025-07-10;2025-07-11;2025-07-12;2025-07-13;2025-07-14,,2025-07-14,0.0,1200.0,1200.0,83.133889975664,91.79443473049464,38.11676586061103,74.72147903848474,98230.1849877827,346.4954926723037,21550.35614463667,63516.753991787016,777.3829092008531,64294.13690098787,63516.753991787016,63516.753928270264,40746.660484199245,1766.6059385913343,lexicographic,6.351675392827027e-05,4.0746660443452585e-05,False,0.1690554000015254,0.0,1,0
2025-07-16,False,calendar_trend,4,1.0,7,1.0,0,calibrated_quantile,2025-06-18;2025-06-19;2025-06-20;2025-06-21;2025-06-22;2025-06-23;2025-06-24;2025-06-25;2025-06-26;2025-06-27;2025-06-28;2025-06-29;2025-06-30;2025-07-01;2025-07-02;2025-07-03;2025-07-04;2025-07-05;2025-07-06;2025-07-07;2025-07-08;2025-07-09;2025-07-10;2025-07-11;2025-07-12;2025-07-13;2025-07-14;2025-07-15,28,10044.60215487635,2025-06-18;2025-06-19;2025-06-20;2025-06-21;2025-06-22;2025-06-23;2025-06-24;2025-06-25;2025-06-26;2025-06-27;2025-06-28;2025-06-29;2025-06-30;2025-07-01;2025-07-02;2025-07-03;2025-07-04;2025-07-05;2025-07-06;2025-07-07;2025-07-08;2025-07-09;2025-07-10;2025-07-11;2025-07-12;2025-07-13;2025-07-14;2025-07-15,2025-07-02;2025-07-03;2025-07-04;2025-07-05;2025-07-06;2025-07-07;2025-07-08;2025-07-09;2025-07-10;2025-07-11;2025-07-12;2025-07-13;2025-07-14;2025-07-15,,2025-07-15,0.0,1200.0,1200.0,54.4533412159317,64.35333123732157,22.169097063469653,39.53421620539754,94766.91524271354,66.681707596494,18449.569476172837,60740.43908138403,276.9403157562673,61017.3793971403,60740.43908138404,60740.439020643615,40481.7368650263,1729.2020216477133,lexicographic,6.074043902064362e-05,4.0481736824544555e-05,False,0.0983894999990298,0.0,1,0
2025-07-17,False,calendar_trend,4,1.0,7,1.0,0,calibrated_quantile,2025-06-19;2025-06-20;2025-06-21;2025-06-22;2025-06-23;2025-06-24;2025-06-25;2025-06-26;2025-06-27;2025-06-28;2025-06-29;2025-06-30;2025-07-01;2025-07-02;2025-07-03;2025-07-04;2025-07-05;2025-07-06;2025-07-07;2025-07-08;2025-07-09;2025-07-10;2025-07-11;2025-07-12;2025-07-13;2025-07-14;2025-07-15;2025-07-16,28,10066.098654877891,2025-06-19;2025-06-20;2025-06-21;2025-06-22;2025-06-23;2025-06-24;2025-06-25;2025-06-26;2025-06-27;2025-06-28;2025-06-29;2025-06-30;2025-07-01;2025-07-02;2025-07-03;2025-07-04;2025-07-05;2025-07-06;2025-07-07;2025-07-08;2025-07-09;2025-07-10;2025-07-11;2025-07-12;2025-07-13;2025-07-14;2025-07-15;2025-07-16,2025-07-03;2025-07-04;2025-07-05;2025-07-06;2025-07-07;2025-07-08;2025-07-09;2025-07-10;2025-07-11;2025-07-12;2025-07-13;2025-07-14;2025-07-15;2025-07-16,,2025-07-16,0.0,1200.0,1200.0,48.19988437622236,58.25782721233106,26.285293625024995,47.031956040692464,91842.8489718094,430.5884410823493,15356.229625885167,58701.93818025511,2056.9120457339227,60758.85022598903,58701.93818025511,58701.938121553154,39979.963230606605,1730.6682172337128,lexicographic,5.8701938121553157e-05,3.997996319062664e-05,False,0.11812659999850439,2.4789497066066944e-16,1,0
2025-07-18,False,calendar_trend,4,1.0,7,1.0,0,calibrated_quantile,2025-06-20;2025-06-21;2025-06-22;2025-06-23;2025-06-24;2025-06-25;2025-06-26;2025-06-27;2025-06-28;2025-06-29;2025-06-30;2025-07-01;2025-07-02;2025-07-03;2025-07-04;2025-07-05;2025-07-06;2025-07-07;2025-07-08;2025-07-09;2025-07-10;2025-07-11;2025-07-12;2025-07-13;2025-07-14;2025-07-15;2025-07-16;2025-07-17,28,10105.737628525443,2025-06-20;2025-06-21;2025-06-22;2025-06-23;2025-06-24;2025-06-25;2025-06-26;2025-06-27;2025-06-28;2025-06-29;2025-06-30;2025-07-01;2025-07-02;2025-07-03;2025-07-04;2025-07-05;2025-07-06;2025-07-07;2025-07-08;2025-07-09;2025-07-10;2025-07-11;2025-07-12;2025-07-13;2025-07-14;2025-07-15;2025-07-16;2025-07-17,2025-07-04;2025-07-05;2025-07-06;2025-07-07;2025-07-08;2025-07-09;2025-07-10;2025-07-11;2025-07-12;2025-07-13;2025-07-14;2025-07-15;2025-07-16;2025-07-17,,2025-07-17,0.0,1200.0,1200.0,21.34849429819868,27.184175620085476,39.683652394755505,71.0796772795453,46039.56591689357,553.6702616953672,12701.796386384589,27764.0260186815,1973.5585266785602,29737.58454536006,27764.026018681507,27764.02599091747,24932.19454152563,1510.9169147203727,lexicographic,2.7764025990917474e-05,2.4932194516593446e-05,False,0.16980080000212183,0.0,1,0
2025-07-19,False,calendar_trend,4,1.0,7,1.0,0,calibrated_quantile,2025-06-21;2025-06-22;2025-06-23;2025-06-24;2025-06-25;2025-06-26;2025-06-27;2025-06-28;2025-06-29;2025-06-30;2025-07-01;2025-07-02;2025-07-03;2025-07-04;2025-07-05;2025-07-06;2025-07-07;2025-07-08;2025-07-09;2025-07-10;2025-07-11;2025-07-12;2025-07-13;2025-07-14;2025-07-15;2025-07-16;2025-07-17;2025-07-18,28,10698.151982364854,2025-06-21;2025-06-22;2025-06-23;2025-06-24;2025-06-25;2025-06-26;2025-06-27;2025-06-28;2025-06-29;2025-06-30;2025-07-01;2025-07-02;2025-07-03;2025-07-04;2025-07-05;2025-07-06;2025-07-07;2025-07-08;2025-07-09;2025-07-10;2025-07-11;2025-07-12;2025-07-13;2025-07-14;2025-07-15;2025-07-16;2025-07-17;2025-07-18,2025-07-05;2025-07-06;2025-07-07;2025-07-08;2025-07-09;2025-07-10;2025-07-11;2025-07-12;2025-07-13;2025-07-14;2025-07-15;2025-07-16;2025-07-17;2025-07-18,,2025-07-18,0.0,1200.0,1200.0,28.78844705440043,35.545845186971285,21.516285926518037,38.619115711652746,45468.879037974904,101.77535503476196,15780.321713104982,27173.918566186276,256.7991060426524,27430.71767222893,27173.918566186272,27173.91853901236,24839.998263828817,1483.9451629025207,lexicographic,2.717391853901236e-05,2.4839998238988822e-05,False,0.14997500000026776,0.0,1,0
2025-07-20,False,calendar_trend,4,1.0,7,1.0,0,calibrated_quantile,2025-06-22;2025-06-23;2025-06-24;2025-06-25;2025-06-26;2025-06-27;2025-06-28;2025-06-29;2025-06-30;2025-07-01;2025-07-02;2025-07-03;2025-07-04;2025-07-05;2025-07-06;2025-07-07;2025-07-08;2025-07-09;2025-07-10;2025-07-11;2025-07-12;2025-07-13;2025-07-14;2025-07-15;2025-07-16;2025-07-17;2025-07-18;2025-07-19,28,10706.340569476564,2025-06-22;2025-06-23;2025-06-24;2025-06-25;2025-06-26;2025-06-27;2025-06-28;2025-06-29;2025-06-30;2025-07-01;2025-07-02;2025-07-03;2025-07-04;2025-07-05;2025-07-06;2025-07-07;2025-07-08;2025-07-09;2025-07-10;2025-07-11;2025-07-12;2025-07-13;2025-07-14;2025-07-15;2025-07-16;2025-07-17;2025-07-18;2025-07-19,2025-07-06;2025-07-07;2025-07-08;2025-07-09;2025-07-10;2025-07-11;2025-07-12;2025-07-13;2025-07-14;2025-07-15;2025-07-16;2025-07-17;2025-07-18;2025-07-19,,2025-07-19,0.0,1200.0,1200.0,27.998043815051144,35.249835307346686,19.09388997489883,32.45592736139374,87640.18721798711,154.00441515324056,11466.33443839228,55536.74762664669,603.2320491971767,56139.97967584387,55536.74762664669,55536.74757110994,40371.37342277565,1686.792972807875,lexicographic,5.553674757110994e-05,4.0371373382404277e-05,False,0.15126710000185994,0.0,1,0
2025-07-21,False,calendar_trend,4,1.0,7,1.0,0,calibrated_quantile,2025-06-23;2025-06-24;2025-06-25;2025-06-26;2025-06-27;2025-06-28;2025-06-29;2025-06-30;2025-07-01;2025-07-02;2025-07-03;2025-07-04;2025-07-05;2025-07-06;2025-07-07;2025-07-08;2025-07-09;2025-07-10;2025-07-11;2025-07-12;2025-07-13;2025-07-14;2025-07-15;2025-07-16;2025-07-17;2025-07-18;2025-07-19;2025-07-20,28,10673.155872762696,2025-06-23;2025-06-24;2025-06-25;2025-06-26;2025-06-27;2025-06-28;2025-06-29;2025-06-30;2025-07-01;2025-07-02;2025-07-03;2025-07-04;2025-07-05;2025-07-06;2025-07-07;2025-07-08;2025-07-09;2025-07-10;2025-07-11;2025-07-12;2025-07-13;2025-07-14;2025-07-15;2025-07-16;2025-07-17;2025-07-18;2025-07-19;2025-07-20,2025-07-07;2025-07-08;2025-07-09;2025-07-10;2025-07-11;2025-07-12;2025-07-13;2025-07-14;2025-07-15;2025-07-16;2025-07-17;2025-07-18;2025-07-19;2025-07-20,,2025-07-20,0.0,1200.0,1200.0,30.608638417276982,38.117490821510735,25.732840236095235,44.408590393932805,86798.64084283056,519.2861529702941,9105.73843050681,54891.3361937895,1741.2711837619408,56632.607377551445,54891.3361937895,54891.33613889816,40224.28936674845,1656.3685535980874,lexicographic,5.489133613889816e-05,4.022428932652416e-05,False,0.12612609999996494,0.0,1,0
2025-07-22,False,calendar_trend,4,1.0,7,1.0,0,calibrated_quantile,2025-06-24;2025-06-25;2025-06-26;2025-06-27;2025-06-28;2025-06-29;2025-06-30;2025-07-01;2025-07-02;2025-07-03;2025-07-04;2025-07-05;2025-07-06;2025-07-07;2025-07-08;2025-07-09;2025-07-10;2025-07-11;2025-07-12;2025-07-13;2025-07-14;2025-07-15;2025-07-16;2025-07-17;2025-07-18;2025-07-19;2025-07-20;2025-07-21,28,10786.759976472054,2025-06-24;2025-06-25;2025-06-26;2025-06-27;2025-06-28;2025-06-29;2025-06-30;2025-07-01;2025-07-02;2025-07-03;2025-07-04;2025-07-05;2025-07-06;2025-07-07;2025-07-08;2025-07-09;2025-07-10;2025-07-11;2025-07-12;2025-07-13;2025-07-14;2025-07-15;2025-07-16;2025-07-17;2025-07-18;2025-07-19;2025-07-20;2025-07-21,2025-07-08;2025-07-09;2025-07-10;2025-07-11;2025-07-12;2025-07-13;2025-07-14;2025-07-15;2025-07-16;2025-07-17;2025-07-18;2025-07-19;2025-07-20;2025-07-21,,2025-07-21,0.0,1200.0,1200.0,31.62034513949657,39.78530039098672,30.330564787121958,60.196401189011674,89090.37810135446,589.8852651105019,11689.622189163929,56475.40807472479,2515.418054927687,58990.82612965248,56475.40807472479,56475.40801824937,39967.62513025377,1692.334218607792,lexicographic,5.647540801824937e-05,3.996762509028614e-05,False,0.15330719999838038,3.865022601606854e-16,1,0
2025-07-23,False,calendar_trend,4,1.0,7,1.0,0,calibrated_quantile,2025-06-25;2025-06-26;2025-06-27;2025-06-28;2025-06-29;2025-06-30;2025-07-01;2025-07-02;2025-07-03;2025-07-04;2025-07-05;2025-07-06;2025-07-07;2025-07-08;2025-07-09;2025-07-10;2025-07-11;2025-07-12;2025-07-13;2025-07-14;2025-07-15;2025-07-16;2025-07-17;2025-07-18;2025-07-19;2025-07-20;2025-07-21;2025-07-22,28,9984.434835295455,2025-06-25;2025-06-26;2025-06-27;2025-06-28;2025-06-29;2025-06-30;2025-07-01;2025-07-02;2025-07-03;2025-07-04;2025-07-05;2025-07-06;2025-07-07;2025-07-08;2025-07-09;2025-07-10;2025-07-11;2025-07-12;2025-07-13;2025-07-14;2025-07-15;2025-07-16;2025-07-17;2025-07-18;2025-07-19;2025-07-20;2025-07-21;2025-07-22,2025-07-09;2025-07-10;2025-07-11;2025-07-12;2025-07-13;2025-07-14;2025-07-15;2025-07-16;2025-07-17;2025-07-18;2025-07-19;2025-07-20;2025-07-21;2025-07-22,,2025-07-22,0.0,1200.0,1200.0,27.741890392258206,34.40814476502167,27.74243242635903,47.29737537113821,85925.41364749573,668.0939235468023,8169.323040560161,54155.5685355925,2924.966947219381,57080.53548281188,54155.5685355925,54155.56848143694,40083.282731612766,1651.939812490473,lexicographic,5.415556848143694e-05,4.0083282691529476e-05,False,0.11606629999732831,0.0,1,0
2025-07-24,False,calendar_trend,4,1.0,7,1.0,0,calibrated_quantile,2025-06-26;2025-06-27;2025-06-28;2025-06-29;2025-06-30;2025-07-01;2025-07-02;2025-07-03;2025-07-04;2025-07-05;2025-07-06;2025-07-07;2025-07-08;2025-07-09;2025-07-10;2025-07-11;2025-07-12;2025-07-13;2025-07-14;2025-07-15;2025-07-16;2025-07-17;2025-07-18;2025-07-19;2025-07-20;2025-07-21;2025-07-22;2025-07-23,28,9908.573593419553,2025-06-26;2025-06-27;2025-06-28;2025-06-29;2025-06-30;2025-07-01;2025-07-02;2025-07-03;2025-07-04;2025-07-05;2025-07-06;2025-07-07;2025-07-08;2025-07-09;2025-07-10;2025-07-11;2025-07-12;2025-07-13;2025-07-14;2025-07-15;2025-07-16;2025-07-17;2025-07-18;2025-07-19;2025-07-20;2025-07-21;2025-07-22;2025-07-23,2025-07-10;2025-07-11;2025-07-12;2025-07-13;2025-07-14;2025-07-15;2025-07-16;2025-07-17;2025-07-18;2025-07-19;2025-07-20;2025-07-21;2025-07-22;2025-07-23,,2025-07-23,0.0,1200.0,1200.0,32.93804565392257,39.575207249573964,30.771118386702614,51.67070159456701,84268.27229267536,1214.6427759785522,7615.012694344466,53132.487903399975,4781.248484716274,57913.736388116246,53132.487903399975,53132.48785026747,40500.468302632005,1646.6175757582982,lexicographic,5.313248785026747e-05,4.050046826213153e-05,False,0.1580322999980126,2.738798015514645e-16,1,0
2025-07-25,False,calendar_trend,4,1.0,7,1.0,0,calibrated_quantile,2025-06-27;2025-06-28;2025-06-29;2025-06-30;2025-07-01;2025-07-02;2025-07-03;2025-07-04;2025-07-05;2025-07-06;2025-07-07;2025-07-08;2025-07-09;2025-07-10;2025-07-11;2025-07-12;2025-07-13;2025-07-14;2025-07-15;2025-07-16;2025-07-17;2025-07-18;2025-07-19;2025-07-20;2025-07-21;2025-07-22;2025-07-23;2025-07-24,28,10090.332928237585,2025-06-27;2025-06-28;2025-06-29;2025-06-30;2025-07-01;2025-07-02;2025-07-03;2025-07-04;2025-07-05;2025-07-06;2025-07-07;2025-07-08;2025-07-09;2025-07-10;2025-07-11;2025-07-12;2025-07-13;2025-07-14;2025-07-15;2025-07-16;2025-07-17;2025-07-18;2025-07-19;2025-07-20;2025-07-21;2025-07-22;2025-07-23;2025-07-24,2025-07-11;2025-07-12;2025-07-13;2025-07-14;2025-07-15;2025-07-16;2025-07-17;2025-07-18;2025-07-19;2025-07-20;2025-07-21;2025-07-22;2025-07-23;2025-07-24,,2025-07-24,0.0,1200.0,1200.0,29.913822884834318,36.24951952274829,21.262168006761012,38.00338305796941,42960.63135984159,298.9393714439052,14172.00090158424,25551.57595041438,1208.0497164729577,26759.625666887336,25551.575950414383,25551.575924862795,24599.331453118983,1465.577954992696,lexicographic,2.5551575924862796e-05,2.459933142851966e-05,False,0.12060890000066138,0.0,1,0
2025-07-26,False,calendar_trend,4,1.0,7,1.0,0,calibrated_quantile,2025-06-28;2025-06-29;2025-06-30;2025-07-01;2025-07-02;2025-07-03;2025-07-04;2025-07-05;2025-07-06;2025-07-07;2025-07-08;2025-07-09;2025-07-10;2025-07-11;2025-07-12;2025-07-13;2025-07-14;2025-07-15;2025-07-16;2025-07-17;2025-07-18;2025-07-19;2025-07-20;2025-07-21;2025-07-22;2025-07-23;2025-07-24;2025-07-25,28,10270.264688552958,2025-06-28;2025-06-29;2025-06-30;2025-07-01;2025-07-02;2025-07-03;2025-07-04;2025-07-05;2025-07-06;2025-07-07;2025-07-08;2025-07-09;2025-07-10;2025-07-11;2025-07-12;2025-07-13;2025-07-14;2025-07-15;2025-07-16;2025-07-17;2025-07-18;2025-07-19;2025-07-20;2025-07-21;2025-07-22;2025-07-23;2025-07-24;2025-07-25,2025-07-12;2025-07-13;2025-07-14;2025-07-15;2025-07-16;2025-07-17;2025-07-18;2025-07-19;2025-07-20;2025-07-21;2025-07-22;2025-07-23;2025-07-24;2025-07-25,,2025-07-25,0.0,1200.0,1200.0,36.059311361637555,44.21325267027334,23.33075787670866,43.216125542918206,42853.84491476139,815.5559673077069,12642.343204320252,25409.897312899622,2565.126529473746,27975.023842373368,25409.897312899622,25409.897287489737,24367.992952940767,1457.455810114449,lexicographic,2.540989728748974e-05,2.4367992952940762e-05,False,0.23392790000070818,0.0,1,0
2025-07-27,False,calendar_trend,4,1.0,7,1.0,0,calibrated_quantile,2025-06-29;2025-06-30;2025-07-01;2025-07-02;2025-07-03;2025-07-04;2025-07-05;2025-07-06;2025-07-07;2025-07-08;2025-07-09;2025-07-10;2025-07-11;2025-07-12;2025-07-13;2025-07-14;2025-07-15;2025-07-16;2025-07-17;2025-07-18;2025-07-19;2025-07-20;2025-07-21;2025-07-22;2025-07-23;2025-07-24;2025-07-25;2025-07-26,28,10381.268689769107,2025-06-29;2025-06-30;2025-07-01;2025-07-02;2025-07-03;2025-07-04;2025-07-05;2025-07-06;2025-07-07;2025-07-08;2025-07-09;2025-07-10;2025-07-11;2025-07-12;2025-07-13;2025-07-14;2025-07-15;2025-07-16;2025-07-17;2025-07-18;2025-07-19;2025-07-20;2025-07-21;2025-07-22;2025-07-23;2025-07-24;2025-07-25;2025-07-26,2025-07-13;2025-07-14;2025-07-15;2025-07-16;2025-07-17;2025-07-18;2025-07-19;2025-07-20;2025-07-21;2025-07-22;2025-07-23;2025-07-24;2025-07-25;2025-07-26,,2025-07-26,0.0,1200.0,1200.0,42.5666614392327,50.835966538185836,26.438168755386144,47.7192166463743,82492.5558434504,1730.2506629149134,6401.664756152189,51602.53455492093,7215.2135529064,58817.74810782733,51602.53455492093,51602.5345033184,39400.38436781989,1634.748207752468,lexicographic,5.16025345033184e-05,3.940038432841948e-05,False,0.10319720000188681,0.0,1,0
2025-07-28,False,calendar_trend,4,1.0,7,1.0,0,calibrated_quantile,2025-06-30;2025-07-01;2025-07-02;2025-07-03;2025-07-04;2025-07-05;2025-07-06;2025-07-07;2025-07-08;2025-07-09;2025-07-10;2025-07-11;2025-07-12;2025-07-13;2025-07-14;2025-07-15;2025-07-16;2025-07-17;2025-07-18;2025-07-19;2025-07-20;2025-07-21;2025-07-22;2025-07-23;2025-07-24;2025-07-25;2025-07-26;2025-07-27,28,10528.311901276218,2025-06-30;2025-07-01;2025-07-02;2025-07-03;2025-07-04;2025-07-05;2025-07-06;2025-07-07;2025-07-08;2025-07-09;2025-07-10;2025-07-11;2025-07-12;2025-07-13;2025-07-14;2025-07-15;2025-07-16;2025-07-17;2025-07-18;2025-07-19;2025-07-20;2025-07-21;2025-07-22;2025-07-23;2025-07-24;2025-07-25;2025-07-26;2025-07-27,2025-07-14;2025-07-15;2025-07-16;2025-07-17;2025-07-18;2025-07-19;2025-07-20;2025-07-21;2025-07-22;2025-07-23;2025-07-24;2025-07-25;2025-07-26;2025-07-27,,2025-07-27,0.0,1200.0,1200.0,42.80225376752649,51.39953542116855,33.12510665611894,65.23279451257947,83379.83514721453,2591.8519142431705,3777.847993853884,52171.91044042735,10001.397880446913,62173.30832087427,52171.91044042736,52171.910388255455,40381.68905278727,1644.7442957032465,lexicographic,5.2171910388255456e-05,4.038168901240557e-05,False,0.15259100000184844,0.0,1,0
2025-07-29,False,calendar_trend,4,1.0,7,1.0,0,calibrated_quantile,2025-07-01;2025-07-02;2025-07-03;2025-07-04;2025-07-05;2025-07-06;2025-07-07;2025-07-08;2025-07-09;2025-07-10;2025-07-11;2025-07-12;2025-07-13;2025-07-14;2025-07-15;2025-07-16;2025-07-17;2025-07-18;2025-07-19;2025-07-20;2025-07-21;2025-07-22;2025-07-23;2025-07-24;2025-07-25;2025-07-26;2025-07-27;2025-07-28,28,10971.604703543064,2025-07-01;2025-07-02;2025-07-03;2025-07-04;2025-07-05;2025-07-06;2025-07-07;2025-07-08;2025-07-09;2025-07-10;2025-07-11;2025-07-12;2025-07-13;2025-07-14;2025-07-15;2025-07-16;2025-07-17;2025-07-18;2025-07-19;2025-07-20;2025-07-21;2025-07-22;2025-07-23;2025-07-24;2025-07-25;2025-07-26;2025-07-27;2025-07-28,2025-07-15;2025-07-16;2025-07-17;2025-07-18;2025-07-19;2025-07-20;2025-07-21;2025-07-22;2025-07-23;2025-07-24;2025-07-25;2025-07-26;2025-07-27;2025-07-28,,2025-07-28,0.0,1200.0,1200.0,30.490603223474377,37.17598666995518,26.654088455037463,52.95462719777636,89248.50794795009,633.0075492189791,9551.46910011088,56427.576534569824,2478.193150316188,58905.769684886014,56427.57653456982,56427.57647814224,40589.73057460692,1687.045829869704,lexicographic,5.642757647814224e-05,4.058973053401718e-05,False,0.12602879999758443,0.0,1,0
2025-07-30,False,calendar_trend,4,1.0,7,1.0,0,calibrated_quantile,2025-07-02;2025-07-03;2025-07-04;2025-07-05;2025-07-06;2025-07-07;2025-07-08;2025-07-09;2025-07-10;2025-07-11;2025-07-12;2025-07-13;2025-07-14;2025-07-15;2025-07-16;2025-07-17;2025-07-18;2025-07-19;2025-07-20;2025-07-21;2025-07-22;2025-07-23;2025-07-24;2025-07-25;2025-07-26;2025-07-27;2025-07-28;2025-07-29,28,10503.374716039145,2025-07-02;2025-07-03;2025-07-04;2025-07-05;2025-07-06;2025-07-07;2025-07-08;2025-07-09;2025-07-10;2025-07-11;2025-07-12;2025-07-13;2025-07-14;2025-07-15;2025-07-16;2025-07-17;2025-07-18;2025-07-19;2025-07-20;2025-07-21;2025-07-22;2025-07-23;2025-07-24;2025-07-25;2025-07-26;2025-07-27;2025-07-28;2025-07-29,2025-07-16;2025-07-17;2025-07-18;2025-07-19;2025-07-20;2025-07-21;2025-07-22;2025-07-23;2025-07-24;2025-07-25;2025-07-26;2025-07-27;2025-07-28;2025-07-29,,2025-07-29,0.0,1200.0,1200.0,27.012000602332925,33.57270554300518,28.312523179537834,55.75766069412063,89384.27544955583,255.71890367083796,11287.570415193519,56451.127286667266,1041.6654065880798,57492.792693255346,56451.12728666727,56451.127230216145,40478.93419652633,1651.2471500131846,lexicographic,5.645112723021615e-05,4.047893415604738e-05,False,0.1677425999987463,0.0,1,0
2025-07-31,False,calendar_trend,4,1.0,7,1.0,0,calibrated_quantile,2025-07-03;2025-07-04;2025-07-05;2025-07-06;2025-07-07;2025-07-08;2025-07-09;2025-07-10;2025-07-11;2025-07-12;2025-07-13;2025-07-14;2025-07-15;2025-07-16;2025-07-17;2025-07-18;2025-07-19;2025-07-20;2025-07-21;2025-07-22;2025-07-23;2025-07-24;2025-07-25;2025-07-26;2025-07-27;2025-07-28;2025-07-29;2025-07-30,28,10036.525730684632,2025-07-03;2025-07-04;2025-07-05;2025-07-06;2025-07-07;2025-07-08;2025-07-09;2025-07-10;2025-07-11;2025-07-12;2025-07-13;2025-07-14;2025-07-15;2025-07-16;2025-07-17;2025-07-18;2025-07-19;2025-07-20;2025-07-21;2025-07-22;2025-07-23;2025-07-24;2025-07-25;2025-07-26;2025-07-27;2025-07-28;2025-07-29;2025-07-30,2025-07-17;2025-07-18;2025-07-19;2025-07-20;2025-07-21;2025-07-22;2025-07-23;2025-07-24;2025-07-25;2025-07-26;2025-07-27;2025-07-28;2025-07-29;2025-07-30,,2025-07-30,0.0,1200.0,1200.0,30.538300708912086,37.58812177123229,20.12062212825252,37.444938638441435,88571.32355714095,271.2060451316325,9904.200735333136,55887.63833609772,1061.4866963908303,56949.12503248855,55887.63833609772,55887.638280210085,40423.32634996694,1660.3266847491502,lexicographic,5.588763828021009e-05,4.04233263095436e-05,False,0.07074920000013663,0.0,1,0
2025-08-01,False,calendar_trend,4,1.0,7,1.0,0,calibrated_quantile,2025-07-04;2025-07-05;2025-07-06;2025-07-07;2025-07-08;2025-07-09;2025-07-10;2025-07-11;2025-07-12;2025-07-13;2025-07-14;2025-07-15;2025-07-16;2025-07-17;2025-07-18;2025-07-19;2025-07-20;2025-07-21;2025-07-22;2025-07-23;2025-07-24;2025-07-25;2025-07-26;2025-07-27;2025-07-28;2025-07-29;2025-07-30;2025-07-31,28,9642.007546445544,2025-07-04;2025-07-05;2025-07-06;2025-07-07;2025-07-08;2025-07-09;2025-07-10;2025-07-11;2025-07-12;2025-07-13;2025-07-14;2025-07-15;2025-07-16;2025-07-17;2025-07-18;2025-07-19;2025-07-20;2025-07-21;2025-07-22;2025-07-23;2025-07-24;2025-07-25;2025-07-26;2025-07-27;2025-07-28;2025-07-29;2025-07-30;2025-07-31,2025-07-18;2025-07-19;2025-07-20;2025-07-21;2025-07-22;2025-07-23;2025-07-24;2025-07-25;2025-07-26;2025-07-27;2025-07-28;2025-07-29;2025-07-30;2025-07-31,,2025-07-31,0.0,1200.0,1200.0,24.01593924972247,30.807636341205612,58.69333088976084,93.92165313215038,44856.928963313614,131.4864913841484,21042.505946373545,26763.293864472194,310.4256530957055,27073.7195175679,26763.293864472194,26763.2938377089,25669.132702106177,1448.7739298169004,lexicographic,2.6763293837708903e-05,2.5669132702106486e-05,False,0.1640838999992411,0.0,1,0
2025-08-02,False,calendar_trend,4,1.0,7,1.0,0,calibrated_quantile,2025-07-05;2025-07-06;2025-07-07;2025-07-08;2025-07-09;2025-07-10;2025-07-11;2025-07-12;2025-07-13;2025-07-14;2025-07-15;2025-07-16;2025-07-17;2025-07-18;2025-07-19;2025-07-20;2025-07-21;2025-07-22;2025-07-23;2025-07-24;2025-07-25;2025-07-26;2025-07-27;2025-07-28;2025-07-29;2025-07-30;2025-07-31;2025-08-01,28,9179.66065920801,2025-07-05;2025-07-06;2025-07-07;2025-07-08;2025-07-09;2025-07-10;2025-07-11;2025-07-12;2025-07-13;2025-07-14;2025-07-15;2025-07-16;2025-07-17;2025-07-18;2025-07-19;2025-07-20;2025-07-21;2025-07-22;2025-07-23;2025-07-24;2025-07-25;2025-07-26;2025-07-27;2025-07-28;2025-07-29;2025-07-30;2025-07-31;2025-08-01,2025-07-19;2025-07-20;2025-07-21;2025-07-22;2025-07-23;2025-07-24;2025-07-25;2025-07-26;2025-07-27;2025-07-28;2025-07-29;2025-07-30;2025-07-31;2025-08-01,,2025-08-01,0.0,1200.0,1200.0,25.223374547792805,32.103802773813236,43.706117609492054,79.01647610370776,44363.70616046431,31.87445591286157,20857.495062810878,26528.71457855388,147.14096223171614,26675.855540785597,26528.71457855388,26528.71455202516,24873.78801379828,1462.9110981053677,lexicographic,2.6528714552025162e-05,2.487378801379865e-05,False,0.16733359999852837,0.0,1,0
2025-08-03,False,calendar_trend,4,1.0,7,1.0,0,calibrated_quantile,2025-07-06;2025-07-07;2025-07-08;2025-07-09;2025-07-10;2025-07-11;2025-07-12;2025-07-13;2025-07-14;2025-07-15;2025-07-16;2025-07-17;2025-07-18;2025-07-19;2025-07-20;2025-07-21;2025-07-22;2025-07-23;2025-07-24;2025-07-25;2025-07-26;2025-07-27;2025-07-28;2025-07-29;2025-07-30;2025-07-31;2025-08-01;2025-08-02,28,8910.141496859427,2025-07-06;2025-07-07;2025-07-08;2025-07-09;2025-07-10;2025-07-11;2025-07-12;2025-07-13;2025-07-14;2025-07-15;2025-07-16;2025-07-17;2025-07-18;2025-07-19;2025-07-20;2025-07-21;2025-07-22;2025-07-23;2025-07-24;2025-07-25;2025-07-26;2025-07-27;2025-07-28;2025-07-29;2025-07-30;2025-07-31;2025-08-01;2025-08-02,2025-07-20;2025-07-21;2025-07-22;2025-07-23;2025-07-24;2025-07-25;2025-07-26;2025-07-27;2025-07-28;2025-07-29;2025-07-30;2025-07-31;2025-08-01;2025-08-02,,2025-08-02,0.0,1200.0,1200.0,31.316905698476653,38.881493159352964,63.435224940441735,103.94554808551462,83303.39197714941,708.0840321485542,16974.09913502887,52396.354613476025,2611.361522511641,55007.71613598766,52396.354613476025,52396.35456107967,39990.4914347039,1637.473502172617,lexicographic,5.239635456107967e-05,3.9990491434703886e-05,False,0.16840500000034808,0.0,1,0
2025-08-04,False,calendar_trend,4,1.0,7,1.0,0,calibrated_quantile,2025-07-07;2025-07-08;2025-07-09;2025-07-10;2025-07-11;2025-07-12;2025-07-13;2025-07-14;2025-07-15;2025-07-16;2025-07-17;2025-07-18;2025-07-19;2025-07-20;2025-07-21;2025-07-22;2025-07-23;2025-07-24;2025-07-25;2025-07-26;2025-07-27;2025-07-28;2025-07-29;2025-07-30;2025-07-31;2025-08-01;2025-08-02;2025-08-03,28,8823.497994517755,2025-07-07;2025-07-08;2025-07-09;2025-07-10;2025-07-11;2025-07-12;2025-07-13;2025-07-14;2025-07-15;2025-07-16;2025-07-17;2025-07-18;2025-07-19;2025-07-20;2025-07-21;2025-07-22;2025-07-23;2025-07-24;2025-07-25;2025-07-26;2025-07-27;2025-07-28;2025-07-29;2025-07-30;2025-07-31;2025-08-01;2025-08-02;2025-08-03,2025-07-21;2025-07-22;2025-07-23;2025-07-24;2025-07-25;2025-07-26;2025-07-27;2025-07-28;2025-07-29;2025-07-30;2025-07-31;2025-08-01;2025-08-02;2025-08-03,,2025-08-03,0.0,1200.0,1200.0,30.813755761059912,38.95104099934915,31.61518839229838,56.343016176173556,81553.70914950556,221.87222311734604,12210.358003512149,51247.234743831505,675.8492741800387,51923.08401801154,51247.234743831505,51247.234692584265,39530.09788030083,1651.69360910237,lexicographic,5.124723469258427e-05,3.9530097840770726e-05,False,0.11552149999988615,0.0,1,0
2025-08-05,False,calendar_trend,4,1.0,7,1.0,0,calibrated_quantile,2025-07-08;2025-07-09;2025-07-10;2025-07-11;2025-07-12;2025-07-13;2025-07-14;2025-07-15;2025-07-16;2025-07-17;2025-07-18;2025-07-19;2025-07-20;2025-07-21;2025-07-22;2025-07-23;2025-07-24;2025-07-25;2025-07-26;2025-07-27;2025-07-28;2025-07-29;2025-07-30;2025-07-31;2025-08-01;2025-08-02;2025-08-03;2025-08-04,28,8889.747925179381,2025-07-08;2025-07-09;2025-07-10;2025-07-11;2025-07-12;2025-07-13;2025-07-14;2025-07-15;2025-07-16;2025-07-17;2025-07-18;2025-07-19;2025-07-20;2025-07-21;2025-07-22;2025-07-23;2025-07-24;2025-07-25;2025-07-26;2025-07-27;2025-07-28;2025-07-29;2025-07-30;2025-07-31;2025-08-01;2025-08-02;2025-08-03;2025-08-04,2025-07-22;2025-07-23;2025-07-24;2025-07-25;2025-07-26;2025-07-27;2025-07-28;2025-07-29;2025-07-30;2025-07-31;2025-08-01;2025-08-02;2025-08-03;2025-08-04,,2025-08-04,0.0,1200.0,1200.0,31.56219033430471,40.064149964327186,20.37244439953487,33.524024452875196,80202.22039840092,287.34400844207573,11237.636030321382,50487.3424787921,1036.505130894697,51523.8476096868,50487.3424787921,50487.342428304735,39054.2618114253,1629.189308652127,lexicographic,5.048734242830474e-05,3.905426177237103e-05,False,0.1298346000003221,0.0,1,0
2025-08-06,False,calendar_trend,4,1.0,7,1.0,0,calibrated_quantile,2025-07-09;2025-07-10;2025-07-11;2025-07-12;2025-07-13;2025-07-14;2025-07-15;2025-07-16;2025-07-17;2025-07-18;2025-07-19;2025-07-20;2025-07-21;2025-07-22;2025-07-23;2025-07-24;2025-07-25;2025-07-26;2025-07-27;2025-07-28;2025-07-29;2025-07-30;2025-07-31;2025-08-01;2025-08-02;2025-08-03;2025-08-04;2025-08-05,28,9008.34674091489,2025-07-09;2025-07-10;2025-07-11;2025-07-12;2025-07-13;2025-07-14;2025-07-15;2025-07-16;2025-07-17;2025-07-18;2025-07-19;2025-07-20;2025-07-21;2025-07-22;2025-07-23;2025-07-24;2025-07-25;2025-07-26;2025-07-27;2025-07-28;2025-07-29;2025-07-30;2025-07-31;2025-08-01;2025-08-02;2025-08-03;2025-08-04;2025-08-05,2025-07-23;2025-07-24;2025-07-25;2025-07-26;2025-07-27;2025-07-28;2025-07-29;2025-07-30;2025-07-31;2025-08-01;2025-08-02;2025-08-03;2025-08-04;2025-08-05,,2025-08-05,0.0,1200.0,1200.0,31.670628759721613,39.147428480547255,34.95537545981356,67.17290833637021,79013.17932488174,1991.1652512260343,8904.035293423496,49750.49518291214,8236.950273379687,57987.445456291825,49750.49518291215,49750.49513316167,37971.03752100988,1621.6086791307512,lexicographic,4.9750495133161674e-05,3.797103748303884e-05,False,0.11817340000197873,0.0,1,0
2025-08-07,False,calendar_trend,4,1.0,7,1.0,0,calibrated_quantile,2025-07-10;2025-07-11;2025-07-12;2025-07-13;2025-07-14;2025-07-15;2025-07-16;2025-07-17;2025-07-18;2025-07-19;2025-07-20;2025-07-21;2025-07-22;2025-07-23;2025-07-24;2025-07-25;2025-07-26;2025-07-27;2025-07-28;2025-07-29;2025-07-30;2025-07-31;2025-08-01;2025-08-02;2025-08-03;2025-08-04;2025-08-05;2025-08-06,28,9265.913595927945,2025-07-10;2025-07-11;2025-07-12;2025-07-13;2025-07-14;2025-07-15;2025-07-16;2025-07-17;2025-07-18;2025-07-19;2025-07-20;2025-07-21;2025-07-22;2025-07-23;2025-07-24;2025-07-25;2025-07-26;2025-07-27;2025-07-28;2025-07-29;2025-07-30;2025-07-31;2025-08-01;2025-08-02;2025-08-03;2025-08-04;2025-08-05;2025-08-06,2025-07-24;2025-07-25;2025-07-26;2025-07-27;2025-07-28;2025-07-29;2025-07-30;2025-07-31;2025-08-01;2025-08-02;2025-08-03;2025-08-04;2025-08-05;2025-08-06,,2025-08-06,0.0,1200.0,1200.0,30.4280778831865,38.29190374332666,18.676441383910106,35.21957684559087,78259.06324080774,300.43158951905394,11250.286131777339,49454.23969159666,1022.7060349809666,50476.94572657763,49454.23969159666,49454.23964214243,37354.81285197116,1633.3895392133772,lexicographic,4.945423964214243e-05,3.7354812814616356e-05,False,0.12560500000108732,0.0,1,0
2025-08-08,False,calendar_trend,4,1.0,7,1.0,0,calibrated_quantile,2025-07-11;2025-07-12;2025-07-13;2025-07-14;2025-07-15;2025-07-16;2025-07-17;2025-07-18;2025-07-19;2025-07-20;2025-07-21;2025-07-22;2025-07-23;2025-07-24;2025-07-25;2025-07-26;2025-07-27;2025-07-28;2025-07-29;2025-07-30;2025-07-31;2025-08-01;2025-08-02;2025-08-03;2025-08-04;2025-08-05;2025-08-06;2025-08-07,28,9388.499915096927,2025-07-11;2025-07-12;2025-07-13;2025-07-14;2025-07-15;2025-07-16;2025-07-17;2025-07-18;2025-07-19;2025-07-20;2025-07-21;2025-07-22;2025-07-23;2025-07-24;2025-07-25;2025-07-26;2025-07-27;2025-07-28;2025-07-29;2025-07-30;2025-07-31;2025-08-01;2025-08-02;2025-08-03;2025-08-04;2025-08-05;2025-08-06;2025-08-07,2025-07-25;2025-07-26;2025-07-27;2025-07-28;2025-07-29;2025-07-30;2025-07-31;2025-08-01;2025-08-02;2025-08-03;2025-08-04;2025-08-05;2025-08-06;2025-08-07,,2025-08-07,0.0,1200.0,1200.0,22.561959111596316,28.896417463321107,29.969133742279098,50.81831497844725,43109.4747497329,49.07379875229955,24791.231249327226,25496.498731555188,209.72082365356212,25706.21955520875,25496.498731555188,25496.498706058686,24693.60183671542,1461.7383199036162,lexicographic,2.549649870605869e-05,2.469360181202182e-05,False,0.11638129999846569,0.0,1,0
2025-08-09,False,calendar_trend,4,1.0,7,1.0,0,calibrated_quantile,2025-07-12;2025-07-13;2025-07-14;2025-07-15;2025-07-16;2025-07-17;2025-07-18;2025-07-19;2025-07-20;2025-07-21;2025-07-22;2025-07-23;2025-07-24;2025-07-25;2025-07-26;2025-07-27;2025-07-28;2025-07-29;2025-07-30;2025-07-31;2025-08-01;2025-08-02;2025-08-03;2025-08-04;2025-08-05;2025-08-06;2025-08-07;2025-08-08,28,8740.780521455305,2025-07-12;2025-07-13;2025-07-14;2025-07-15;2025-07-16;2025-07-17;2025-07-18;2025-07-19;2025-07-20;2025-07-21;2025-07-22;2025-07-23;2025-07-24;2025-07-25;2025-07-26;2025-07-27;2025-07-28;2025-07-29;2025-07-30;2025-07-31;2025-08-01;2025-08-02;2025-08-03;2025-08-04;2025-08-05;2025-08-06;2025-08-07;2025-08-08,2025-07-26;2025-07-27;2025-07-28;2025-07-29;2025-07-30;2025-07-31;2025-08-01;2025-08-02;2025-08-03;2025-08-04;2025-08-05;2025-08-06;2025-08-07;2025-08-08,,2025-08-08,0.0,1200.0,1200.0,25.81482333869549,32.32109279066081,31.111568920665654,59.147542965628624,42831.30480083314,760.1902930883235,22101.059187045554,25412.142635157143,2811.533386743627,28223.67602190077,25412.142635157143,25412.142609745,24468.407902344166,1459.4214890042883,lexicographic,2.5412142609745e-05,2.4468407877875755e-05,False,0.13344409999990603,1.4315907410721943e-16,1,0
2025-08-10,False,calendar_trend,4,1.0,7,1.0,0,calibrated_quantile,2025-07-13;2025-07-14;2025-07-15;2025-07-16;2025-07-17;2025-07-18;2025-07-19;2025-07-20;2025-07-21;2025-07-22;2025-07-23;2025-07-24;2025-07-25;2025-07-26;2025-07-27;2025-07-28;2025-07-29;2025-07-30;2025-07-31;2025-08-01;2025-08-02;2025-08-03;2025-08-04;2025-08-05;2025-08-06;2025-08-07;2025-08-08;2025-08-09,28,8823.474823179948,2025-07-13;2025-07-14;2025-07-15;2025-07-16;2025-07-17;2025-07-18;2025-07-19;2025-07-20;2025-07-21;2025-07-22;2025-07-23;2025-07-24;2025-07-25;2025-07-26;2025-07-27;2025-07-28;2025-07-29;2025-07-30;2025-07-31;2025-08-01;2025-08-02;2025-08-03;2025-08-04;2025-08-05;2025-08-06;2025-08-07;2025-08-08;2025-08-09,2025-07-27;2025-07-28;2025-07-29;2025-07-30;2025-07-31;2025-08-01;2025-08-02;2025-08-03;2025-08-04;2025-08-05;2025-08-06;2025-08-07;2025-08-08;2025-08-09,,2025-08-09,0.0,1200.0,1200.0,25.926083939080705,32.97263264667256,33.75897278862164,65.08674891346519,73284.13916981244,1800.0669256842205,5912.433189401372,46734.0550374406,6580.017166594782,53314.07220403539,46734.0550374406,46734.05499070654,36839.72883964448,1637.8528797413574,lexicographic,4.6734054990706545e-05,3.6839728802804745e-05,False,0.22159860000101617,0.0,1,0
2025-08-11,False,calendar_trend,4,1.0,7,1.0,0,calibrated_quantile,2025-07-14;2025-07-15;2025-07-16;2025-07-17;2025-07-18;2025-07-19;2025-07-20;2025-07-21;2025-07-22;2025-07-23;2025-07-24;2025-07-25;2025-07-26;2025-07-27;2025-07-28;2025-07-29;2025-07-30;2025-07-31;2025-08-01;2025-08-02;2025-08-03;2025-08-04;2025-08-05;2025-08-06;2025-08-07;2025-08-08;2025-08-09;2025-08-10,28,9304.627047324091,2025-07-14;2025-07-15;2025-07-16;2025-07-17;2025-07-18;2025-07-19;2025-07-20;2025-07-21;2025-07-22;2025-07-23;2025-07-24;2025-07-25;2025-07-26;2025-07-27;2025-07-28;2025-07-29;2025-07-30;2025-07-31;2025-08-01;2025-08-02;2025-08-03;2025-08-04;2025-08-05;2025-08-06;2025-08-07;2025-08-08;2025-08-09;2025-08-10,2025-07-28;2025-07-29;2025-07-30;2025-07-31;2025-08-01;2025-08-02;2025-08-03;2025-08-04;2025-08-05;2025-08-06;2025-08-07;2025-08-08;2025-08-09;2025-08-10,,2025-08-10,0.0,1200.0,1200.0,28.36810791098375,36.762434506082236,25.785313072800122,49.34564511280499,74471.5143265937,1093.4166644283923,7223.940910117255,47413.8172668575,5264.513937066914,52678.33120392441,47413.8172668575,47413.817219443685,36006.96585844445,1632.9613517017265,lexicographic,4.741381721944369e-05,3.600696585844245e-05,False,0.20345169999927748,0.0,1,0
2025-08-12,False,calendar_trend,4,1.0,7,1.0,0,calibrated_quantile,2025-07-15;2025-07-16;2025-07-17;2025-07-18;2025-07-19;2025-07-20;2025-07-21;2025-07-22;2025-07-23;2025-07-24;2025-07-25;2025-07-26;2025-07-27;2025-07-28;2025-07-29;2025-07-30;2025-07-31;2025-08-01;2025-08-02;2025-08-03;2025-08-04;2025-08-05;2025-08-06;2025-08-07;2025-08-08;2025-08-09;2025-08-10;2025-08-11,28,9618.399626678198,2025-07-15;2025-07-16;2025-07-17;2025-07-18;2025-07-19;2025-07-20;2025-07-21;2025-07-22;2025-07-23;2025-07-24;2025-07-25;2025-07-26;2025-07-27;2025-07-28;2025-07-29;2025-07-30;2025-07-31;2025-08-01;2025-08-02;2025-08-03;2025-08-04;2025-08-05;2025-08-06;2025-08-07;2025-08-08;2025-08-09;2025-08-10;2025-08-11,2025-07-29;2025-07-30;2025-07-31;2025-08-01;2025-08-02;2025-08-03;2025-08-04;2025-08-05;2025-08-06;2025-08-07;2025-08-08;2025-08-09;2025-08-10;2025-08-11,,2025-08-11,0.0,1200.0,1200.0,26.966739167369695,34.02607454205578,44.96436612699475,77.34737778585894,74875.54919083067,2343.549911363727,5645.290454696229,47550.68822958777,9821.133833464126,57371.8220630519,47550.68822958777,47550.68818203708,36326.366555114175,1653.0683694016732,lexicographic,4.755068818203709e-05,3.6326366518787804e-05,False,0.17396999999982654,0.0,1,0
2025-08-13,False,calendar_trend,4,1.0,7,1.0,0,calibrated_quantile,2025-07-16;2025-07-17;2025-07-18;2025-07-19;2025-07-20;2025-07-21;2025-07-22;2025-07-23;2025-07-24;2025-07-25;2025-07-26;2025-07-27;2025-07-28;2025-07-29;2025-07-30;2025-07-31;2025-08-01;2025-08-02;2025-08-03;2025-08-04;2025-08-05;2025-08-06;2025-08-07;2025-08-08;2025-08-09;2025-08-10;2025-08-11;2025-08-12,28,10028.827961073166,2025-07-16;2025-07-17;2025-07-18;2025-07-19;2025-07-20;2025-07-21;2025-07-22;2025-07-23;2025-07-24;2025-07-25;2025-07-26;2025-07-27;2025-07-28;2025-07-29;2025-07-30;2025-07-31;2025-08-01;2025-08-02;2025-08-03;2025-08-04;2025-08-05;2025-08-06;2025-08-07;2025-08-08;2025-08-09;2025-08-10;2025-08-11;2025-08-12,2025-07-30;2025-07-31;2025-08-01;2025-08-02;2025-08-03;2025-08-04;2025-08-05;2025-08-06;2025-08-07;2025-08-08;2025-08-09;2025-08-10;2025-08-11;2025-08-12,,2025-08-12,0.0,1200.0,1200.0,26.083983274211462,33.846413825107504,26.149237364457242,51.458067756478464,77123.02776275006,1047.972891172482,8205.810679052973,48885.20961335197,4355.118581519356,53240.32819487133,48885.209613351966,48885.20956446675,36621.163421125864,1620.4679934745468,lexicographic,4.8885209564466756e-05,3.6621163384504704e-05,False,0.12093989999993937,0.0,1,0
2025-08-14,False,calendar_trend,4,1.0,7,1.0,0,calibrated_quantile,2025-07-17;2025-07-18;2025-07-19;2025-07-20;2025-07-21;2025-07-22;2025-07-23;2025-07-24;2025-07-25;2025-07-26;2025-07-27;2025-07-28;2025-07-29;2025-07-30;2025-07-31;2025-08-01;2025-08-02;2025-08-03;2025-08-04;2025-08-05;2025-08-06;2025-08-07;2025-08-08;2025-08-09;2025-08-10;2025-08-11;2025-08-12;2025-08-13,28,10264.869452445859,2025-07-17;2025-07-18;2025-07-19;2025-07-20;2025-07-21;2025-07-22;2025-07-23;2025-07-24;2025-07-25;2025-07-26;2025-07-27;2025-07-28;2025-07-29;2025-07-30;2025-07-31;2025-08-01;2025-08-02;2025-08-03;2025-08-04;2025-08-05;2025-08-06;2025-08-07;2025-08-08;2025-08-09;2025-08-10;2025-08-11;2025-08-12;2025-08-13,2025-07-31;2025-08-01;2025-08-02;2025-08-03;2025-08-04;2025-08-05;2025-08-06;2025-08-07;2025-08-08;2025-08-09;2025-08-10;2025-08-11;2025-08-12;2025-08-13,,2025-08-13,0.0,1200.0,1200.0,28.775018738315858,36.563451433263545,26.0119598077661,45.21084573389278,77852.99024410726,620.3384080052547,8654.696437102653,49198.62120481538,2952.8087032283056,52151.42990804369,49198.62120481538,49198.62115561676,37079.67173333969,1652.2502935492419,lexicographic,4.919862115561676e-05,3.7079671696260016e-05,False,0.1329753999998502,0.0,1,0
2025-08-15,False,calendar_trend,4,1.0,7,1.0,0,calibrated_quantile,2025-07-18;2025-07-19;2025-07-20;2025-07-21;2025-07-22;2025-07-23;2025-07-24;2025-07-25;2025-07-26;2025-07-27;2025-07-28;2025-07-29;2025-07-30;2025-07-31;2025-08-01;2025-08-02;2025-08-03;2025-08-04;2025-08-05;2025-08-06;2025-08-07;2025-08-08;2025-08-09;2025-08-10;2025-08-11;2025-08-12;2025-08-13;2025-08-14,28,10311.829169913994,2025-07-18;2025-07-19;2025-07-20;2025-07-21;2025-07-22;2025-07-23;2025-07-24;2025-07-25;2025-07-26;2025-07-27;2025-07-28;2025-07-29;2025-07-30;2025-07-31;2025-08-01;2025-08-02;2025-08-03;2025-08-04;2025-08-05;2025-08-06;2025-08-07;2025-08-08;2025-08-09;2025-08-10;2025-08-11;2025-08-12;2025-08-13;2025-08-14,2025-08-01;2025-08-02;2025-08-03;2025-08-04;2025-08-05;2025-08-06;2025-08-07;2025-08-08;2025-08-09;2025-08-10;2025-08-11;2025-08-12;2025-08-13;2025-08-14,,2025-08-14,0.0,1200.0,1200.0,28.097815287784695,34.20835415466818,23.085789436462793,43.78077249773207,43257.929653704836,125.23543509072437,23578.940013025167,25769.5548528467,401.19311017122004,26170.747963017922,25769.5548528467,25769.554827077154,25192.32488584779,1486.6613090096903,lexicographic,2.5769554827077155e-05,2.5192324860655465e-05,False,0.10835990000123275,0.0,1,0
2025-08-16,False,calendar_trend,4,1.0,7,1.0,0,calibrated_quantile,2025-07-19;2025-07-20;2025-07-21;2025-07-22;2025-07-23;2025-07-24;2025-07-25;2025-07-26;2025-07-27;2025-07-28;2025-07-29;2025-07-30;2025-07-31;2025-08-01;2025-08-02;2025-08-03;2025-08-04;2025-08-05;2025-08-06;2025-08-07;2025-08-08;2025-08-09;2025-08-10;2025-08-11;2025-08-12;2025-08-13;2025-08-14;2025-08-15,28,9861.987203156967,2025-07-19;2025-07-20;2025-07-21;2025-07-22;2025-07-23;2025-07-24;2025-07-25;2025-07-26;2025-07-27;2025-07-28;2025-07-29;2025-07-30;2025-07-31;2025-08-01;2025-08-02;2025-08-03;2025-08-04;2025-08-05;2025-08-06;2025-08-07;2025-08-08;2025-08-09;2025-08-10;2025-08-11;2025-08-12;2025-08-13;2025-08-14;2025-08-15,2025-08-02;2025-08-03;2025-08-04;2025-08-05;2025-08-06;2025-08-07;2025-08-08;2025-08-09;2025-08-10;2025-08-11;2025-08-12;2025-08-13;2025-08-14;2025-08-15,,2025-08-15,0.0,1200.0,1200.0,26.039249456302784,32.38310923006849,26.65259493420344,53.2216352162856,43336.95414713488,111.70632292257864,23886.81253687374,25829.453710553076,540.233848290673,26369.68755884375,25829.453710553076,25829.453684723616,25078.66997576774,1457.5370084839185,lexicographic,2.582945368472362e-05,2.5078669950689075e-05,False,0.1568501000001561,0.0,1,0
2025-08-17,False,calendar_trend,4,1.0,7,1.0,0,calibrated_quantile,2025-07-20;2025-07-21;2025-07-22;2025-07-23;2025-07-24;2025-07-25;2025-07-26;2025-07-27;2025-07-28;2025-07-29;2025-07-30;2025-07-31;2025-08-01;2025-08-02;2025-08-03;2025-08-04;2025-08-05;2025-08-06;2025-08-07;2025-08-08;2025-08-09;2025-08-10;2025-08-11;2025-08-12;2025-08-13;2025-08-14;2025-08-15;2025-08-16,28,9847.180814527299,2025-07-20;2025-07-21;2025-07-22;2025-07-23;2025-07-24;2025-07-25;2025-07-26;2025-07-27;2025-07-28;2025-07-29;2025-07-30;2025-07-31;2025-08-01;2025-08-02;2025-08-03;2025-08-04;2025-08-05;2025-08-06;2025-08-07;2025-08-08;2025-08-09;2025-08-10;2025-08-11;2025-08-12;2025-08-13;2025-08-14;2025-08-15;2025-08-16,2025-08-03;2025-08-04;2025-08-05;2025-08-06;2025-08-07;2025-08-08;2025-08-09;2025-08-10;2025-08-11;2025-08-12;2025-08-13;2025-08-14;2025-08-15;2025-08-16,,2025-08-16,0.0,1200.0,1200.0,29.119265376308842,35.405820861500665,22.286425535699774,41.7802390662205,77282.43031323989,184.22996110076463,10403.41321932912,48947.19900007782,885.7221592340366,49832.92115931185,48947.19900007782,48947.19895113061,37132.182754759015,1656.0526377800295,lexicographic,4.894719895113061e-05,3.713218271762684e-05,False,0.11754429999928107,0.0,1,0
2025-08-18,False,calendar_trend,4,1.0,7,1.0,0,calibrated_quantile,2025-07-21;2025-07-22;2025-07-23;2025-07-24;2025-07-25;2025-07-26;2025-07-27;2025-07-28;2025-07-29;2025-07-30;2025-07-31;2025-08-01;2025-08-02;2025-08-03;2025-08-04;2025-08-05;2025-08-06;2025-08-07;2025-08-08;2025-08-09;2025-08-10;2025-08-11;2025-08-12;2025-08-13;2025-08-14;2025-08-15;2025-08-16;2025-08-17,28,9865.815974678859,2025-07-21;2025-07-22;2025-07-23;2025-07-24;2025-07-25;2025-07-26;2025-07-27;2025-07-28;2025-07-29;2025-07-30;2025-07-31;2025-08-01;2025-08-02;2025-08-03;2025-08-04;2025-08-05;2025-08-06;2025-08-07;2025-08-08;2025-08-09;2025-08-10;2025-08-11;2025-08-12;2025-08-13;2025-08-14;2025-08-15;2025-08-16;2025-08-17,2025-08-04;2025-08-05;2025-08-06;2025-08-07;2025-08-08;2025-08-09;2025-08-10;2025-08-11;2025-08-12;2025-08-13;2025-08-14;2025-08-15;2025-08-16;2025-08-17,,2025-08-17,0.0,1200.0,1200.0,29.733251198566766,37.74843610753171,20.76792594604606,40.236751931701335,77204.14599676899,541.578827786389,9402.094593603462,48870.686594627696,2416.3947681863665,51287.08136281406,48870.686594627696,48870.686545756995,37624.323430822624,1629.5455276932012,lexicographic,4.8870686545757e-05,3.76243233931983e-05,False,0.14750959999946645,0.0,1,0
2025-08-19,False,calendar_trend,4,1.0,7,1.0,0,calibrated_quantile,2025-07-22;2025-07-23;2025-07-24;2025-07-25;2025-07-26;2025-07-27;2025-07-28;2025-07-29;2025-07-30;2025-07-31;2025-08-01;2025-08-02;2025-08-03;2025-08-04;2025-08-05;2025-08-06;2025-08-07;2025-08-08;2025-08-09;2025-08-10;2025-08-11;2025-08-12;2025-08-13;2025-08-14;2025-08-15;2025-08-16;2025-08-17;2025-08-18,28,9824.288562989484,2025-07-22;2025-07-23;2025-07-24;2025-07-25;2025-07-26;2025-07-27;2025-07-28;2025-07-29;2025-07-30;2025-07-31;2025-08-01;2025-08-02;2025-08-03;2025-08-04;2025-08-05;2025-08-06;2025-08-07;2025-08-08;2025-08-09;2025-08-10;2025-08-11;2025-08-12;2025-08-13;2025-08-14;2025-08-15;2025-08-16;2025-08-17;2025-08-18,2025-08-05;2025-08-06;2025-08-07;2025-08-08;2025-08-09;2025-08-10;2025-08-11;2025-08-12;2025-08-13;2025-08-14;2025-08-15;2025-08-16;2025-08-17;2025-08-18,,2025-08-18,0.0,1200.0,1200.0,28.760847641689338,35.74575146627133,25.276504888870065,43.75007591722923,77138.29967686484,383.25369025296595,9226.616799067659,48924.390284423556,1496.9624215699087,50421.352705993464,48924.390284423556,48924.39023549916,37888.7920930041,1658.748105810721,lexicographic,4.892439023549916e-05,3.78887920551153e-05,False,0.12395230000038282,0.0,1,0
2025-08-20,False,calendar_trend,4,1.0,7,1.0,0,calibrated_quantile,2025-07-23;2025-07-24;2025-07-25;2025-07-26;2025-07-27;2025-07-28;2025-07-29;2025-07-30;2025-07-31;2025-08-01;2025-08-02;2025-08-03;2025-08-04;2025-08-05;2025-08-06;2025-08-07;2025-08-08;2025-08-09;2025-08-10;2025-08-11;2025-08-12;2025-08-13;2025-08-14;2025-08-15;2025-08-16;2025-08-17;2025-08-18;2025-08-19,28,9837.242006272072,2025-07-23;2025-07-24;2025-07-25;2025-07-26;2025-07-27;2025-07-28;2025-07-29;2025-07-30;2025-07-31;2025-08-01;2025-08-02;2025-08-03;2025-08-04;2025-08-05;2025-08-06;2025-08-07;2025-08-08;2025-08-09;2025-08-10;2025-08-11;2025-08-12;2025-08-13;2025-08-14;2025-08-15;2025-08-16;2025-08-17;2025-08-18;2025-08-19,2025-08-06;2025-08-07;2025-08-08;2025-08-09;2025-08-10;2025-08-11;2025-08-12;2025-08-13;2025-08-14;2025-08-15;2025-08-16;2025-08-17;2025-08-18;2025-08-19,,2025-08-19,0.0,1200.0,1200.0,27.895526627778327,33.51086747543925,52.50405903414614,91.88185282343676,77437.01374172172,2278.5402398765855,5098.782605446651,49091.72085714276,9184.727699039446,58276.44855618221,49091.72085714276,49091.72080805105,37782.13347456765,1645.5435806038058,lexicographic,4.909172080805106e-05,3.778213343678551e-05,False,0.13579120000213152,0.0,1,0
2025-08-21,False,calendar_trend,4,1.0,7,1.0,0,calibrated_quantile,2025-07-24;2025-07-25;2025-07-26;2025-07-27;2025-07-28;2025-07-29;2025-07-30;2025-07-31;2025-08-01;2025-08-02;2025-08-03;2025-08-04;2025-08-05;2025-08-06;2025-08-07;2025-08-08;2025-08-09;2025-08-10;2025-08-11;2025-08-12;2025-08-13;2025-08-14;2025-08-15;2025-08-16;2025-08-17;2025-08-18;2025-08-19;2025-08-20,28,10284.009435399736,2025-07-24;2025-07-25;2025-07-26;2025-07-27;2025-07-28;2025-07-29;2025-07-30;2025-07-31;2025-08-01;2025-08-02;2025-08-03;2025-08-04;2025-08-05;2025-08-06;2025-08-07;2025-08-08;2025-08-09;2025-08-10;2025-08-11;2025-08-12;2025-08-13;2025-08-14;2025-08-15;2025-08-16;2025-08-17;2025-08-18;2025-08-19;2025-08-20,2025-08-07;2025-08-08;2025-08-09;2025-08-10;2025-08-11;2025-08-12;2025-08-13;2025-08-14;2025-08-15;2025-08-16;2025-08-17;2025-08-18;2025-08-19;2025-08-20,,2025-08-20,0.0,1200.0,1200.0,25.148827792098658,32.10268204551136,23.229359049499994,41.7175130651075,79649.62789650657,253.32204424827808,9913.763998888702,50381.86976001636,1260.4028354056204,51642.27259542198,50381.869760016365,50381.869709634484,39484.36368391787,1621.7897619918872,lexicographic,5.038186970963449e-05,3.9484363644433505e-05,False,0.12395390000165207,0.0,1,0
2025-08-22,False,calendar_trend,4,1.0,7,1.0,0,calibrated_quantile,2025-07-25;2025-07-26;2025-07-27;2025-07-28;2025-07-29;2025-07-30;2025-07-31;2025-08-01;2025-08-02;2025-08-03;2025-08-04;2025-08-05;2025-08-06;2025-08-07;2025-08-08;2025-08-09;2025-08-10;2025-08-11;2025-08-12;2025-08-13;2025-08-14;2025-08-15;2025-08-16;2025-08-17;2025-08-18;2025-08-19;2025-08-20;2025-08-21,28,9947.886056019735,2025-07-25;2025-07-26;2025-07-27;2025-07-28;2025-07-29;2025-07-30;2025-07-31;2025-08-01;2025-08-02;2025-08-03;2025-08-04;2025-08-05;2025-08-06;2025-08-07;2025-08-08;2025-08-09;2025-08-10;2025-08-11;2025-08-12;2025-08-13;2025-08-14;2025-08-15;2025-08-16;2025-08-17;2025-08-18;2025-08-19;2025-08-20;2025-08-21,2025-08-08;2025-08-09;2025-08-10;2025-08-11;2025-08-12;2025-08-13;2025-08-14;2025-08-15;2025-08-16;2025-08-17;2025-08-18;2025-08-19;2025-08-20;2025-08-21,,2025-08-21,0.0,1200.0,1200.0,27.169568878838916,34.31477320188044,26.687103014154133,46.0391282528346,43508.3140389203,338.01304155532165,19896.70639557753,25854.836738164093,1294.5935426161957,27149.43028078029,25854.83673816409,25854.83671230926,25902.541187713454,1480.3535898547243,lexicographic,2.5854836712309264e-05,2.5902541187713384e-05,False,0.15736409999954049,0.0,1,0
2025-08-23,False,calendar_trend,4,1.0,7,1.0,0,calibrated_quantile,2025-07-26;2025-07-27;2025-07-28;2025-07-29;2025-07-30;2025-07-31;2025-08-01;2025-08-02;2025-08-03;2025-08-04;2025-08-05;2025-08-06;2025-08-07;2025-08-08;2025-08-09;2025-08-10;2025-08-11;2025-08-12;2025-08-13;2025-08-14;2025-08-15;2025-08-16;2025-08-17;2025-08-18;2025-08-19;2025-08-20;2025-08-21;2025-08-22,28,9931.164758688834,2025-07-26;2025-07-27;2025-07-28;2025-07-29;2025-07-30;2025-07-31;2025-08-01;2025-08-02;2025-08-03;2025-08-04;2025-08-05;2025-08-06;2025-08-07;2025-08-08;2025-08-09;2025-08-10;2025-08-11;2025-08-12;2025-08-13;2025-08-14;2025-08-15;2025-08-16;2025-08-17;2025-08-18;2025-08-19;2025-08-20;2025-08-21;2025-08-22,2025-08-09;2025-08-10;2025-08-11;2025-08-12;2025-08-13;2025-08-14;2025-08-15;2025-08-16;2025-08-17;2025-08-18;2025-08-19;2025-08-20;2025-08-21;2025-08-22,,2025-08-22,0.0,1200.0,1200.0,23.780756237045207,30.89436406297804,25.798616413044673,49.775549595126414,43584.168759840235,114.38210670968543,18468.768116707608,26008.13004203015,338.9103166241247,26347.040358654274,26008.130042030145,26008.13001602202,25718.924451129413,1450.903939184701,lexicographic,2.6008130016022023e-05,2.5718924451129857e-05,False,0.19862210000064806,0.0,1,0
2025-08-24,False,calendar_trend,4,1.0,7,1.0,0,calibrated_quantile,2025-07-27;2025-07-28;2025-07-29;2025-07-30;2025-07-31;2025-08-01;2025-08-02;2025-08-03;2025-08-04;2025-08-05;2025-08-06;2025-08-07;2025-08-08;2025-08-09;2025-08-10;2025-08-11;2025-08-12;2025-08-13;2025-08-14;2025-08-15;2025-08-16;2025-08-17;2025-08-18;2025-08-19;2025-08-20;2025-08-21;2025-08-22;2025-08-23,28,9905.980072798337,2025-07-27;2025-07-28;2025-07-29;2025-07-30;2025-07-31;2025-08-01;2025-08-02;2025-08-03;2025-08-04;2025-08-05;2025-08-06;2025-08-07;2025-08-08;2025-08-09;2025-08-10;2025-08-11;2025-08-12;2025-08-13;2025-08-14;2025-08-15;2025-08-16;2025-08-17;2025-08-18;2025-08-19;2025-08-20;2025-08-21;2025-08-22;2025-08-23,2025-08-10;2025-08-11;2025-08-12;2025-08-13;2025-08-14;2025-08-15;2025-08-16;2025-08-17;2025-08-18;2025-08-19;2025-08-20;2025-08-21;2025-08-22;2025-08-23,,2025-08-23,0.0,1200.0,1200.0,29.194193777703237,36.51845326790407,33.577245149391764,64.77934955006963,80000.319013603,111.24005473005815,12202.18846418105,50620.310406637334,424.93476637369315,51045.245173011026,50620.310406637334,50620.31035601704,39779.80962464117,1614.477939585371,lexicographic,5.062031035601704e-05,3.977980958486136e-05,False,0.12341999999989639,2.8747186901901564e-16,1,0
2025-08-25,False,calendar_trend,4,1.0,7,1.0,0,calibrated_quantile,2025-07-28;2025-07-29;2025-07-30;2025-07-31;2025-08-01;2025-08-02;2025-08-03;2025-08-04;2025-08-05;2025-08-06;2025-08-07;2025-08-08;2025-08-09;2025-08-10;2025-08-11;2025-08-12;2025-08-13;2025-08-14;2025-08-15;2025-08-16;2025-08-17;2025-08-18;2025-08-19;2025-08-20;2025-08-21;2025-08-22;2025-08-23;2025-08-24,28,9556.425629127785,2025-07-28;2025-07-29;2025-07-30;2025-07-31;2025-08-01;2025-08-02;2025-08-03;2025-08-04;2025-08-05;2025-08-06;2025-08-07;2025-08-08;2025-08-09;2025-08-10;2025-08-11;2025-08-12;2025-08-13;2025-08-14;2025-08-15;2025-08-16;2025-08-17;2025-08-18;2025-08-19;2025-08-20;2025-08-21;2025-08-22;2025-08-23;2025-08-24,2025-08-11;2025-08-12;2025-08-13;2025-08-14;2025-08-15;2025-08-16;2025-08-17;2025-08-18;2025-08-19;2025-08-20;2025-08-21;2025-08-22;2025-08-23;2025-08-24,,2025-08-24,0.0,1200.0,1200.0,23.551567587269027,29.31976740415123,39.93830465319675,70.42505436326104,79909.4309733847,1407.800762153485,6311.577501678107,50610.431001155506,5021.558260919858,55631.98926207537,50610.431001155506,50610.430950545066,40320.77191115833,1631.2913422166828,lexicographic,5.061043095054507e-05,4.0320771870837544e-05,False,0.17562570000154665,0.0,1,0
2025-08-26,False,calendar_trend,4,1.0,7,1.0,0,calibrated_quantile,2025-07-29;2025-07-30;2025-07-31;2025-08-01;2025-08-02;2025-08-03;2025-08-04;2025-08-05;2025-08-06;2025-08-07;2025-08-08;2025-08-09;2025-08-10;2025-08-11;2025-08-12;2025-08-13;2025-08-14;2025-08-15;2025-08-16;2025-08-17;2025-08-18;2025-08-19;2025-08-20;2025-08-21;2025-08-22;2025-08-23;2025-08-24;2025-08-25,28,9216.816809335825,2025-07-29;2025-07-30;2025-07-31;2025-08-01;2025-08-02;2025-08-03;2025-08-04;2025-08-05;2025-08-06;2025-08-07;2025-08-08;2025-08-09;2025-08-10;2025-08-11;2025-08-12;2025-08-13;2025-08-14;2025-08-15;2025-08-16;2025-08-17;2025-08-18;2025-08-19;2025-08-20;2025-08-21;2025-08-22;2025-08-23;2025-08-24;2025-08-25,2025-08-12;2025-08-13;2025-08-14;2025-08-15;2025-08-16;2025-08-17;2025-08-18;2025-08-19;2025-08-20;2025-08-21;2025-08-22;2025-08-23;2025-08-24;2025-08-25,,2025-08-25,0.0,1200.0,1200.0,31.584223707423185,39.589056611443894,21.253214804985703,42.675142642136564,80424.9407504403,261.30859573173456,10911.316648537519,50938.659010298754,954.4324474158407,51893.091457714596,50938.659010298754,50938.65895936008,40449.82583623764,1623.797935808645,lexicographic,5.0938658959360086e-05,4.04498257957878e-05,False,0.1374978000021656,0.0,1,0
2025-08-27,False,calendar_trend,4,1.0,7,1.0,0,calibrated_quantile,2025-07-30;2025-07-31;2025-08-01;2025-08-02;2025-08-03;2025-08-04;2025-08-05;2025-08-06;2025-08-07;2025-08-08;2025-08-09;2025-08-10;2025-08-11;2025-08-12;2025-08-13;2025-08-14;2025-08-15;2025-08-16;2025-08-17;2025-08-18;2025-08-19;2025-08-20;2025-08-21;2025-08-22;2025-08-23;2025-08-24;2025-08-25;2025-08-26,28,8982.606629174148,2025-07-30;2025-07-31;2025-08-01;2025-08-02;2025-08-03;2025-08-04;2025-08-05;2025-08-06;2025-08-07;2025-08-08;2025-08-09;2025-08-10;2025-08-11;2025-08-12;2025-08-13;2025-08-14;2025-08-15;2025-08-16;2025-08-17;2025-08-18;2025-08-19;2025-08-20;2025-08-21;2025-08-22;2025-08-23;2025-08-24;2025-08-25;2025-08-26,2025-08-13;2025-08-14;2025-08-15;2025-08-16;2025-08-17;2025-08-18;2025-08-19;2025-08-20;2025-08-21;2025-08-22;2025-08-23;2025-08-24;2025-08-25;2025-08-26,,2025-08-26,0.0,1200.0,1200.0,27.080873875547475,34.10851775936202,23.989320982234215,41.473193693658956,80506.73161740064,301.25651800509473,8643.88982893326,51092.20659371963,1484.8181602444752,52577.024753964106,51092.20659371963,51092.20654262743,40486.360452887,1607.0230634840123,lexicographic,5.109220654262743e-05,4.048636041240063e-05,False,0.13390810000055353,0.0,1,0
2025-08-28,False,calendar_trend,4,1.0,7,1.0,0,calibrated_quantile,2025-07-31;2025-08-01;2025-08-02;2025-08-03;2025-08-04;2025-08-05;2025-08-06;2025-08-07;2025-08-08;2025-08-09;2025-08-10;2025-08-11;2025-08-12;2025-08-13;2025-08-14;2025-08-15;2025-08-16;2025-08-17;2025-08-18;2025-08-19;2025-08-20;2025-08-21;2025-08-22;2025-08-23;2025-08-24;2025-08-25;2025-08-26;2025-08-27,28,8989.705129639784,2025-07-31;2025-08-01;2025-08-02;2025-08-03;2025-08-04;2025-08-05;2025-08-06;2025-08-07;2025-08-08;2025-08-09;2025-08-10;2025-08-11;2025-08-12;2025-08-13;2025-08-14;2025-08-15;2025-08-16;2025-08-17;2025-08-18;2025-08-19;2025-08-20;2025-08-21;2025-08-22;2025-08-23;2025-08-24;2025-08-25;2025-08-26;2025-08-27,2025-08-14;2025-08-15;2025-08-16;2025-08-17;2025-08-18;2025-08-19;2025-08-20;2025-08-21;2025-08-22;2025-08-23;2025-08-24;2025-08-25;2025-08-26;2025-08-27,,2025-08-27,0.0,1200.0,1200.0,29.855798853203787,35.83890935110124,40.16627917947278,78.81141867705725,80879.89233092182,2157.348935566513,7962.069693997448,51447.310213829885,8091.304201667171,59538.61441549705,51447.310213829885,51447.31016238257,41033.42961250097,1595.395624599988,lexicographic,5.144731016238258e-05,4.103342957146753e-05,False,0.14861319999909028,0.0,1,0
2025-08-29,False,calendar_trend,4,1.0,7,1.0,0,calibrated_quantile,2025-08-01;2025-08-02;2025-08-03;2025-08-04;2025-08-05;2025-08-06;2025-08-07;2025-08-08;2025-08-09;2025-08-10;2025-08-11;2025-08-12;2025-08-13;2025-08-14;2025-08-15;2025-08-16;2025-08-17;2025-08-18;2025-08-19;2025-08-20;2025-08-21;2025-08-22;2025-08-23;2025-08-24;2025-08-25;2025-08-26;2025-08-27;2025-08-28,28,9216.375786465573,2025-08-01;2025-08-02;2025-08-03;2025-08-04;2025-08-05;2025-08-06;2025-08-07;2025-08-08;2025-08-09;2025-08-10;2025-08-11;2025-08-12;2025-08-13;2025-08-14;2025-08-15;2025-08-16;2025-08-17;2025-08-18;2025-08-19;2025-08-20;2025-08-21;2025-08-22;2025-08-23;2025-08-24;2025-08-25;2025-08-26;2025-08-27;2025-08-28,2025-08-15;2025-08-16;2025-08-17;2025-08-18;2025-08-19;2025-08-20;2025-08-21;2025-08-22;2025-08-23;2025-08-24;2025-08-25;2025-08-26;2025-08-27;2025-08-28,,2025-08-28,0.0,1200.0,1200.0,26.041693853787397,32.146976254651506,22.613325473164476,38.546921274340995,43771.75326040037,232.06598752007756,18706.183286313968,26268.67687464402,951.9104153792263,27220.587290023246,26268.67687464402,26268.676848375337,26125.117142145988,1436.5613200054163,lexicographic,2.6268676848375338e-05,2.6125117142146116e-05,False,0.14839009999923292,0.0,1,0
2025-08-30,False,calendar_trend,4,1.0,7,1.0,0,calibrated_quantile,2025-08-02;2025-08-03;2025-08-04;2025-08-05;2025-08-06;2025-08-07;2025-08-08;2025-08-09;2025-08-10;2025-08-11;2025-08-12;2025-08-13;2025-08-14;2025-08-15;2025-08-16;2025-08-17;2025-08-18;2025-08-19;2025-08-20;2025-08-21;2025-08-22;2025-08-23;2025-08-24;2025-08-25;2025-08-26;2025-08-27;2025-08-28;2025-08-29,28,9296.603991190928,2025-08-02;2025-08-03;2025-08-04;2025-08-05;2025-08-06;2025-08-07;2025-08-08;2025-08-09;2025-08-10;2025-08-11;2025-08-12;2025-08-13;2025-08-14;2025-08-15;2025-08-16;2025-08-17;2025-08-18;2025-08-19;2025-08-20;2025-08-21;2025-08-22;2025-08-23;2025-08-24;2025-08-25;2025-08-26;2025-08-27;2025-08-28;2025-08-29,2025-08-16;2025-08-17;2025-08-18;2025-08-19;2025-08-20;2025-08-21;2025-08-22;2025-08-23;2025-08-24;2025-08-25;2025-08-26;2025-08-27;2025-08-28;2025-08-29,,2025-08-29,0.0,1200.0,1200.0,27.33081144843497,33.2468369013644,42.30399402292531,80.70499797847074,43590.56734699595,213.94567366457272,22503.073187465838,26084.261325708343,497.55508656288043,26581.816412271222,26084.261325708343,26084.26129962409,26566.22736710023,1427.175890589521,lexicographic,2.6084261299624092e-05,2.6566227367100363e-05,False,0.18918280000070808,0.0,1,0
2025-08-31,False,calendar_trend,4,1.0,7,1.0,0,calibrated_quantile,2025-08-03;2025-08-04;2025-08-05;2025-08-06;2025-08-07;2025-08-08;2025-08-09;2025-08-10;2025-08-11;2025-08-12;2025-08-13;2025-08-14;2025-08-15;2025-08-16;2025-08-17;2025-08-18;2025-08-19;2025-08-20;2025-08-21;2025-08-22;2025-08-23;2025-08-24;2025-08-25;2025-08-26;2025-08-27;2025-08-28;2025-08-29;2025-08-30,28,9338.749777721987,2025-08-03;2025-08-04;2025-08-05;2025-08-06;2025-08-07;2025-08-08;2025-08-09;2025-08-10;2025-08-11;2025-08-12;2025-08-13;2025-08-14;2025-08-15;2025-08-16;2025-08-17;2025-08-18;2025-08-19;2025-08-20;2025-08-21;2025-08-22;2025-08-23;2025-08-24;2025-08-25;2025-08-26;2025-08-27;2025-08-28;2025-08-29;2025-08-30,2025-08-17;2025-08-18;2025-08-19;2025-08-20;2025-08-21;2025-08-22;2025-08-23;2025-08-24;2025-08-25;2025-08-26;2025-08-27;2025-08-28;2025-08-29;2025-08-30,,2025-08-30,0.0,1200.0,1200.0,27.907235115951565,34.264401104143346,20.514819028983183,35.78918082829443,80953.25939221366,168.3669535684576,10232.463156856382,51415.369828578085,565.7624842042561,51981.13231278234,51415.369828578085,51415.3697771627,40415.77679538047,1603.6860999883693,lexicographic,5.14153697771627e-05,4.041577675496468e-05,False,0.14248569999836036,0.0,1,0
2025-09-01,False,calendar_trend,4,1.0,7,1.0,0,calibrated_quantile,2025-08-04;2025-08-05;2025-08-06;2025-08-07;2025-08-08;2025-08-09;2025-08-10;2025-08-11;2025-08-12;2025-08-13;2025-08-14;2025-08-15;2025-08-16;2025-08-17;2025-08-18;2025-08-19;2025-08-20;2025-08-21;2025-08-22;2025-08-23;2025-08-24;2025-08-25;2025-08-26;2025-08-27;2025-08-28;2025-08-29;2025-08-30;2025-08-31,28,9293.293612048428,2025-08-04;2025-08-05;2025-08-06;2025-08-07;2025-08-08;2025-08-09;2025-08-10;2025-08-11;2025-08-12;2025-08-13;2025-08-14;2025-08-15;2025-08-16;2025-08-17;2025-08-18;2025-08-19;2025-08-20;2025-08-21;2025-08-22;2025-08-23;2025-08-24;2025-08-25;2025-08-26;2025-08-27;2025-08-28;2025-08-29;2025-08-30;2025-08-31,2025-08-18;2025-08-19;2025-08-20;2025-08-21;2025-08-22;2025-08-23;2025-08-24;2025-08-25;2025-08-26;2025-08-27;2025-08-28;2025-08-29;2025-08-30;2025-08-31,,2025-08-31,0.0,1200.0,1200.0,89.16072842718046,101.44969812512205,27.72986178256025,49.14756349986915,80921.49785466409,9.431858293207824,23150.67502094119,51314.42255530144,46.77730120516421,51361.1998565066,51314.42255530143,51314.422503987,40068.828880083354,1597.0400197122667,lexicographic,5.1314422503987e-05,4.006882884001452e-05,False,0.11453079999773763,0.0,1,0
2025-09-02,False,calendar_trend,4,1.0,7,1.0,0,calibrated_quantile,2025-08-05;2025-08-06;2025-08-07;2025-08-08;2025-08-09;2025-08-10;2025-08-11;2025-08-12;2025-08-13;2025-08-14;2025-08-15;2025-08-16;2025-08-17;2025-08-18;2025-08-19;2025-08-20;2025-08-21;2025-08-22;2025-08-23;2025-08-24;2025-08-25;2025-08-26;2025-08-27;2025-08-28;2025-08-29;2025-08-30;2025-08-31;2025-09-01,28,9230.131614888574,2025-08-05;2025-08-06;2025-08-07;2025-08-08;2025-08-09;2025-08-10;2025-08-11;2025-08-12;2025-08-13;2025-08-14;2025-08-15;2025-08-16;2025-08-17;2025-08-18;2025-08-19;2025-08-20;2025-08-21;2025-08-22;2025-08-23;2025-08-24;2025-08-25;2025-08-26;2025-08-27;2025-08-28;2025-08-29;2025-08-30;2025-08-31;2025-09-01,2025-08-19;2025-08-20;2025-08-21;2025-08-22;2025-08-23;2025-08-24;2025-08-25;2025-08-26;2025-08-27;2025-08-28;2025-08-29;2025-08-30;2025-08-31;2025-09-01,,2025-09-01,0.0,1200.0,1200.0,62.173260290868335,71.79160786026597,25.443112221164558,41.71840941816962,76552.64731446013,16.904869687676182,18378.75906888237,48127.32564902217,84.36144202102554,48211.6870910432,48127.32564902217,48127.32560089485,39372.61815858126,1561.9419806689532,lexicographic,4.8127325600894854e-05,3.937261811920863e-05,False,0.13256800000090152,0.0,1,0
2025-09-03,False,calendar_trend,4,1.0,7,1.0,0,calibrated_quantile,2025-08-06;2025-08-07;2025-08-08;2025-08-09;2025-08-10;2025-08-11;2025-08-12;2025-08-13;2025-08-14;2025-08-15;2025-08-16;2025-08-17;2025-08-18;2025-08-19;2025-08-20;2025-08-21;2025-08-22;2025-08-23;2025-08-24;2025-08-25;2025-08-26;2025-08-27;2025-08-28;2025-08-29;2025-08-30;2025-08-31;2025-09-01;2025-09-02,28,9210.05083534146,2025-08-06;2025-08-07;2025-08-08;2025-08-09;2025-08-10;2025-08-11;2025-08-12;2025-08-13;2025-08-14;2025-08-15;2025-08-16;2025-08-17;2025-08-18;2025-08-19;2025-08-20;2025-08-21;2025-08-22;2025-08-23;2025-08-24;2025-08-25;2025-08-26;2025-08-27;2025-08-28;2025-08-29;2025-08-30;2025-08-31;2025-09-01;2025-09-02,2025-08-20;2025-08-21;2025-08-22;2025-08-23;2025-08-24;2025-08-25;2025-08-26;2025-08-27;2025-08-28;2025-08-29;2025-08-30;2025-08-31;2025-09-01;2025-09-02,,2025-09-02,0.0,1200.0,1200.0,44.12539658726033,52.10648430321904,26.697675236527903,45.23318401758142,73202.75335751325,18.961103131254504,13585.646690434558,45811.622540203796,63.5734996845142,45875.19603988831,45811.622540203796,45811.62249439218,38946.91811357896,1531.8205303508153,lexicographic,4.581162249439218e-05,3.894691807463204e-05,False,0.12500319999890053,1.5882339934749266e-16,1,0
2025-09-04,False,calendar_trend,4,1.0,7,1.0,0,calibrated_quantile,2025-08-07;2025-08-08;2025-08-09;2025-08-10;2025-08-11;2025-08-12;2025-08-13;2025-08-14;2025-08-15;2025-08-16;2025-08-17;2025-08-18;2025-08-19;2025-08-20;2025-08-21;2025-08-22;2025-08-23;2025-08-24;2025-08-25;2025-08-26;2025-08-27;2025-08-28;2025-08-29;2025-08-30;2025-08-31;2025-09-01;2025-09-02;2025-09-03,28,8948.09515255996,2025-08-07;2025-08-08;2025-08-09;2025-08-10;2025-08-11;2025-08-12;2025-08-13;2025-08-14;2025-08-15;2025-08-16;2025-08-17;2025-08-18;2025-08-19;2025-08-20;2025-08-21;2025-08-22;2025-08-23;2025-08-24;2025-08-25;2025-08-26;2025-08-27;2025-08-28;2025-08-29;2025-08-30;2025-08-31;2025-09-01;2025-09-02;2025-09-03,2025-08-21;2025-08-22;2025-08-23;2025-08-24;2025-08-25;2025-08-26;2025-08-27;2025-08-28;2025-08-29;2025-08-30;2025-08-31;2025-09-01;2025-09-02;2025-09-03,,2025-09-03,0.0,1200.0,1200.0,34.60648393635558,42.075268697613716,28.793791047658985,55.892731266579545,71503.06466112263,70.13256196424612,13528.46255754925,44549.73845346617,270.86014051644224,44820.59859398261,44549.73845346617,44549.738408916426,39240.50578485852,1528.9311258441849,lexicographic,4.4549738408916426e-05,3.9240505745618016e-05,False,0.1460010999981023,0.0,1,0
2025-09-05,False,calendar_trend,4,1.0,7,1.0,0,calibrated_quantile,2025-08-08;2025-08-09;2025-08-10;2025-08-11;2025-08-12;2025-08-13;2025-08-14;2025-08-15;2025-08-16;2025-08-17;2025-08-18;2025-08-19;2025-08-20;2025-08-21;2025-08-22;2025-08-23;2025-08-24;2025-08-25;2025-08-26;2025-08-27;2025-08-28;2025-08-29;2025-08-30;2025-08-31;2025-09-01;2025-09-02;2025-09-03;2025-09-04,28,8832.097172335449,2025-08-08;2025-08-09;2025-08-10;2025-08-11;2025-08-12;2025-08-13;2025-08-14;2025-08-15;2025-08-16;2025-08-17;2025-08-18;2025-08-19;2025-08-20;2025-08-21;2025-08-22;2025-08-23;2025-08-24;2025-08-25;2025-08-26;2025-08-27;2025-08-28;2025-08-29;2025-08-30;2025-08-31;2025-09-01;2025-09-02;2025-09-03;2025-09-04,2025-08-22;2025-08-23;2025-08-24;2025-08-25;2025-08-26;2025-08-27;2025-08-28;2025-08-29;2025-08-30;2025-08-31;2025-09-01;2025-09-02;2025-09-03;2025-09-04,,2025-09-04,0.0,1200.0,1200.0,43.59816131451723,50.6273222495072,20.58627007123605,41.19859275720008,37515.91462232155,12.293321666271595,27916.65752297043,21641.611448300362,29.8182889812486,21671.42973728161,21641.61144830036,21641.611426658743,26552.592870393742,1360.94504165593,lexicographic,2.1641611426658745e-05,2.655259287039382e-05,False,0.14374690000113333,0.0,1,0
2025-09-06,False,calendar_trend,4,1.0,7,1.0,0,calibrated_quantile,2025-08-09;2025-08-10;2025-08-11;2025-08-12;2025-08-13;2025-08-14;2025-08-15;2025-08-16;2025-08-17;2025-08-18;2025-08-19;2025-08-20;2025-08-21;2025-08-22;2025-08-23;2025-08-24;2025-08-25;2025-08-26;2025-08-27;2025-08-28;2025-08-29;2025-08-30;2025-08-31;2025-09-01;2025-09-02;2025-09-03;2025-09-04;2025-09-05,28,8772.862654162946,2025-08-09;2025-08-10;2025-08-11;2025-08-12;2025-08-13;2025-08-14;2025-08-15;2025-08-16;2025-08-17;2025-08-18;2025-08-19;2025-08-20;2025-08-21;2025-08-22;2025-08-23;2025-08-24;2025-08-25;2025-08-26;2025-08-27;2025-08-28;2025-08-29;2025-08-30;2025-08-31;2025-09-01;2025-09-02;2025-09-03;2025-09-04;2025-09-05,2025-08-23;2025-08-24;2025-08-25;2025-08-26;2025-08-27;2025-08-28;2025-08-29;2025-08-30;2025-08-31;2025-09-01;2025-09-02;2025-09-03;2025-09-04;2025-09-05,,2025-09-05,0.0,1200.0,1200.0,28.316450547095567,35.63958955141807,40.57763203379482,70.79147791081637,35727.153965402904,72.49127886093976,25358.405716061956,20353.568627197586,190.7757571476181,20544.344384345204,20353.568627197586,20353.568606844015,25913.063416028555,1345.9324155804295,lexicographic,2.0353568606844016e-05,2.591306341602868e-05,False,0.15684060000057798,0.0,1,0
2025-09-07,False,calendar_trend,4,1.0,7,1.0,0,calibrated_quantile,2025-08-10;2025-08-11;2025-08-12;2025-08-13;2025-08-14;2025-08-15;2025-08-16;2025-08-17;2025-08-18;2025-08-19;2025-08-20;2025-08-21;2025-08-22;2025-08-23;2025-08-24;2025-08-25;2025-08-26;2025-08-27;2025-08-28;2025-08-29;2025-08-30;2025-08-31;2025-09-01;2025-09-02;2025-09-03;2025-09-04;2025-09-05;2025-09-06,28,8751.130504661878,2025-08-10;2025-08-11;2025-08-12;2025-08-13;2025-08-14;2025-08-15;2025-08-16;2025-08-17;2025-08-18;2025-08-19;2025-08-20;2025-08-21;2025-08-22;2025-08-23;2025-08-24;2025-08-25;2025-08-26;2025-08-27;2025-08-28;2025-08-29;2025-08-30;2025-08-31;2025-09-01;2025-09-02;2025-09-03;2025-09-04;2025-09-05;2025-09-06,2025-08-24;2025-08-25;2025-08-26;2025-08-27;2025-08-28;2025-08-29;2025-08-30;2025-08-31;2025-09-01;2025-09-02;2025-09-03;2025-09-04;2025-09-05;2025-09-06,,2025-09-06,0.0,1200.0,1200.0,38.56143525277536,46.536032079611005,17.716416164797295,40.2071038447936,61441.90581828337,1791.300476121796,4352.082444386443,37724.96500194604,7127.722969734462,44852.6879716805,37724.96500194603,37724.96496422107,37344.49380193273,1439.9951890129678,lexicographic,3.772496496422107e-05,3.734449376458823e-05,False,0.17255629999999655,0.0,1,0
2025-09-08,False,calendar_trend,4,1.0,7,1.0,0,calibrated_quantile,2025-08-11;2025-08-12;2025-08-13;2025-08-14;2025-08-15;2025-08-16;2025-08-17;2025-08-18;2025-08-19;2025-08-20;2025-08-21;2025-08-22;2025-08-23;2025-08-24;2025-08-25;2025-08-26;2025-08-27;2025-08-28;2025-08-29;2025-08-30;2025-08-31;2025-09-01;2025-09-02;2025-09-03;2025-09-04;2025-09-05;2025-09-06;2025-09-07,28,8810.181911213585,2025-08-11;2025-08-12;2025-08-13;2025-08-14;2025-08-15;2025-08-16;2025-08-17;2025-08-18;2025-08-19;2025-08-20;2025-08-21;2025-08-22;2025-08-23;2025-08-24;2025-08-25;2025-08-26;2025-08-27;2025-08-28;2025-08-29;2025-08-30;2025-08-31;2025-09-01;2025-09-02;2025-09-03;2025-09-04;2025-09-05;2025-09-06;2025-09-07,2025-08-25;2025-08-26;2025-08-27;2025-08-28;2025-08-29;2025-08-30;2025-08-31;2025-09-01;2025-09-02;2025-09-03;2025-09-04;2025-09-05;2025-09-06;2025-09-07,,2025-09-07,0.0,1200.0,1200.0,57.39458978081661,67.7902964195105,42.00828120173193,80.53424350207543,58499.23880119878,6843.540874287541,1979.0383355253002,35509.523308366224,28577.376796792065,64086.90010515829,35509.52330836623,35509.523272856706,37802.057736821705,1445.3900493468705,lexicographic,3.550952327285671e-05,3.780205769901965e-05,False,0.1815764000020863,0.0,1,0
2025-09-09,False,calendar_trend,4,1.0,7,1.0,0,calibrated_quantile,2025-08-12;2025-08-13;2025-08-14;2025-08-15;2025-08-16;2025-08-17;2025-08-18;2025-08-19;2025-08-20;2025-08-21;2025-08-22;2025-08-23;2025-08-24;2025-08-25;2025-08-26;2025-08-27;2025-08-28;2025-08-29;2025-08-30;2025-08-31;2025-09-01;2025-09-02;2025-09-03;2025-09-04;2025-09-05;2025-09-06;2025-09-07;2025-09-08,28,9260.954087719461,2025-08-12;2025-08-13;2025-08-14;2025-08-15;2025-08-16;2025-08-17;2025-08-18;2025-08-19;2025-08-20;2025-08-21;2025-08-22;2025-08-23;2025-08-24;2025-08-25;2025-08-26;2025-08-27;2025-08-28;2025-08-29;2025-08-30;2025-08-31;2025-09-01;2025-09-02;2025-09-03;2025-09-04;2025-09-05;2025-09-06;2025-09-07;2025-09-08,2025-08-26;2025-08-27;2025-08-28;2025-08-29;2025-08-30;2025-08-31;2025-09-01;2025-09-02;2025-09-03;2025-09-04;2025-09-05;2025-09-06;2025-09-07;2025-09-08,,2025-09-08,0.0,1200.0,1200.0,53.17681394385361,63.013688766301556,32.356746097313234,58.44720109761503,61011.76061002709,3176.203850003437,7149.024339053975,37120.05994593099,13092.246829979798,50212.30677591079,37120.05994593099,37120.05990881095,37496.58734895203,1449.5010615237738,lexicographic,3.7120059908810955e-05,3.7496587311455445e-05,False,0.16998680000324384,0.0,1,0
2025-09-10,False,calendar_trend,4,1.0,7,1.0,0,calibrated_quantile,2025-08-13;2025-08-14;2025-08-15;2025-08-16;2025-08-17;2025-08-18;2025-08-19;2025-08-20;2025-08-21;2025-08-22;2025-08-23;2025-08-24;2025-08-25;2025-08-26;2025-08-27;2025-08-28;2025-08-29;2025-08-30;2025-08-31;2025-09-01;2025-09-02;2025-09-03;2025-09-04;2025-09-05;2025-09-06;2025-09-07;2025-09-08;2025-09-09,28,9421.879843980492,2025-08-13;2025-08-14;2025-08-15;2025-08-16;2025-08-17;2025-08-18;2025-08-19;2025-08-20;2025-08-21;2025-08-22;2025-08-23;2025-08-24;2025-08-25;2025-08-26;2025-08-27;2025-08-28;2025-08-29;2025-08-30;2025-08-31;2025-09-01;2025-09-02;2025-09-03;2025-09-04;2025-09-05;2025-09-06;2025-09-07;2025-09-08;2025-09-09,2025-08-27;2025-08-28;2025-08-29;2025-08-30;2025-08-31;2025-09-01;2025-09-02;2025-09-03;2025-09-04;2025-09-05;2025-09-06;2025-09-07;2025-09-08;2025-09-09,,2025-09-09,0.0,1200.0,1200.0,50.88272170760258,59.34693168302966,46.97650985248182,81.5715947264598,60840.40902950935,5218.050450728391,857.7404705042859,37390.31287752852,22222.6358137493,59612.94869127782,37390.31287752853,37390.31284013821,37007.07290061879,1481.4313835098042,lexicographic,3.7390312840138214e-05,3.700707286361174e-05,False,0.14975480000066455,0.0,1,0
2025-09-11,False,calendar_trend,4,1.0,7,1.0,0,calibrated_quantile,2025-08-14;2025-08-15;2025-08-16;2025-08-17;2025-08-18;2025-08-19;2025-08-20;2025-08-21;2025-08-22;2025-08-23;2025-08-24;2025-08-25;2025-08-26;2025-08-27;2025-08-28;2025-08-29;2025-08-30;2025-08-31;2025-09-01;2025-09-02;2025-09-03;2025-09-04;2025-09-05;2025-09-06;2025-09-07;2025-09-08;2025-09-09;2025-09-10,28,10097.203381805968,2025-08-14;2025-08-15;2025-08-16;2025-08-17;2025-08-18;2025-08-19;2025-08-20;2025-08-21;2025-08-22;2025-08-23;2025-08-24;2025-08-25;2025-08-26;2025-08-27;2025-08-28;2025-08-29;2025-08-30;2025-08-31;2025-09-01;2025-09-02;2025-09-03;2025-09-04;2025-09-05;2025-09-06;2025-09-07;2025-09-08;2025-09-09;2025-09-10,2025-08-28;2025-08-29;2025-08-30;2025-08-31;2025-09-01;2025-09-02;2025-09-03;2025-09-04;2025-09-05;2025-09-06;2025-09-07;2025-09-08;2025-09-09;2025-09-10,,2025-09-10,0.0,1200.0,1200.0,42.7458707353776,51.124635790143834,25.66665562792801,55.69195466872876,64130.75494447676,1330.868435206218,7855.652440869613,39310.433171256554,5757.246637779561,45067.67980903611,39310.433171256554,39310.43313194613,39152.06384957292,1456.3421443514976,lexicographic,3.931043313194613e-05,3.915206381042086e-05,False,0.12185239999962505,0.0,1,0
2025-09-12,False,calendar_trend,4,1.0,7,1.0,0,calibrated_quantile,2025-08-15;2025-08-16;2025-08-17;2025-08-18;2025-08-19;2025-08-20;2025-08-21;2025-08-22;2025-08-23;2025-08-24;2025-08-25;2025-08-26;2025-08-27;2025-08-28;2025-08-29;2025-08-30;2025-08-31;2025-09-01;2025-09-02;2025-09-03;2025-09-04;2025-09-05;2025-09-06;2025-09-07;2025-09-08;2025-09-09;2025-09-10;2025-09-11,28,10264.481553754671,2025-08-15;2025-08-16;2025-08-17;2025-08-18;2025-08-19;2025-08-20;2025-08-21;2025-08-22;2025-08-23;2025-08-24;2025-08-25;2025-08-26;2025-08-27;2025-08-28;2025-08-29;2025-08-30;2025-08-31;2025-09-01;2025-09-02;2025-09-03;2025-09-04;2025-09-05;2025-09-06;2025-09-07;2025-09-08;2025-09-09;2025-09-10;2025-09-11,2025-08-29;2025-08-30;2025-08-31;2025-09-01;2025-09-02;2025-09-03;2025-09-04;2025-09-05;2025-09-06;2025-09-07;2025-09-08;2025-09-09;2025-09-10;2025-09-11,,2025-09-11,0.0,1200.0,1200.0,20.9608513019111,25.44303760990485,20.431059431066057,38.85926171318648,34841.95554723798,159.03020185021796,20636.662171586402,19668.424054016206,475.98451073410536,20144.408564750313,19668.424054016206,19668.42403434779,26794.357648832876,1316.053714440277,lexicographic,1.966842403434779e-05,2.6794357622038528e-05,False,0.20973009999943315,0.0,1,0
2025-09-13,False,calendar_trend,4,1.0,7,1.0,0,calibrated_quantile,2025-08-16;2025-08-17;2025-08-18;2025-08-19;2025-08-20;2025-08-21;2025-08-22;2025-08-23;2025-08-24;2025-08-25;2025-08-26;2025-08-27;2025-08-28;2025-08-29;2025-08-30;2025-08-31;2025-09-01;2025-09-02;2025-09-03;2025-09-04;2025-09-05;2025-09-06;2025-09-07;2025-09-08;2025-09-09;2025-09-10;2025-09-11;2025-09-12,28,10318.268668414905,2025-08-16;2025-08-17;2025-08-18;2025-08-19;2025-08-20;2025-08-21;2025-08-22;2025-08-23;2025-08-24;2025-08-25;2025-08-26;2025-08-27;2025-08-28;2025-08-29;2025-08-30;2025-08-31;2025-09-01;2025-09-02;2025-09-03;2025-09-04;2025-09-05;2025-09-06;2025-09-07;2025-09-08;2025-09-09;2025-09-10;2025-09-11;2025-09-12,2025-08-30;2025-08-31;2025-09-01;2025-09-02;2025-09-03;2025-09-04;2025-09-05;2025-09-06;2025-09-07;2025-09-08;2025-09-09;2025-09-10;2025-09-11;2025-09-12,,2025-09-12,0.0,1200.0,1200.0,19.95423127023952,25.1689921173966,31.50585338858335,61.47128881441063,35238.612918454484,54.16035364074054,24447.60540860219,19831.587520119916,184.95438958669104,20016.541909706608,19831.587520119916,19831.587500288337,27036.316568889863,1314.255770709387,lexicographic,1.9831587500288338e-05,2.703631654185355e-05,False,0.19927349999852595,0.0,1,0
2025-09-14,False,calendar_trend,4,1.0,7,1.0,0,calibrated_quantile,2025-08-17;2025-08-18;2025-08-19;2025-08-20;2025-08-21;2025-08-22;2025-08-23;2025-08-24;2025-08-25;2025-08-26;2025-08-27;2025-08-28;2025-08-29;2025-08-30;2025-08-31;2025-09-01;2025-09-02;2025-09-03;2025-09-04;2025-09-05;2025-09-06;2025-09-07;2025-09-08;2025-09-09;2025-09-10;2025-09-11;2025-09-12;2025-09-13,28,10307.968899774105,2025-08-17;2025-08-18;2025-08-19;2025-08-20;2025-08-21;2025-08-22;2025-08-23;2025-08-24;2025-08-25;2025-08-26;2025-08-27;2025-08-28;2025-08-29;2025-08-30;2025-08-31;2025-09-01;2025-09-02;2025-09-03;2025-09-04;2025-09-05;2025-09-06;2025-09-07;2025-09-08;2025-09-09;2025-09-10;2025-09-11;2025-09-12;2025-09-13,2025-08-31;2025-09-01;2025-09-02;2025-09-03;2025-09-04;2025-09-05;2025-09-06;2025-09-07;2025-09-08;2025-09-09;2025-09-10;2025-09-11;2025-09-12;2025-09-13,,2025-09-13,0.0,1200.0,1200.0,52.5147679354267,62.384486064694144,29.181278831581082,59.32489621204467,63669.9292608231,3005.7947898041257,2492.5253678174104,39251.60453629028,10945.855448059005,50197.45998434928,39251.60453629028,39251.60449703868,38904.27272834616,1443.6798044382406,lexicographic,3.925160449703868e-05,3.890427268944188e-05,False,0.1342058000009274,0.0,1,0
2025-09-15,False,calendar_trend,4,1.0,7,1.0,0,calibrated_quantile,2025-08-18;2025-08-19;2025-08-20;2025-08-21;2025-08-22;2025-08-23;2025-08-24;2025-08-25;2025-08-26;2025-08-27;2025-08-28;2025-08-29;2025-08-30;2025-08-31;2025-09-01;2025-09-02;2025-09-03;2025-09-04;2025-09-05;2025-09-06;2025-09-07;2025-09-08;2025-09-09;2025-09-10;2025-09-11;2025-09-12;2025-09-13;2025-09-14,28,11000.090710660388,2025-08-18;2025-08-19;2025-08-20;2025-08-21;2025-08-22;2025-08-23;2025-08-24;2025-08-25;2025-08-26;2025-08-27;2025-08-28;2025-08-29;2025-08-30;2025-08-31;2025-09-01;2025-09-02;2025-09-03;2025-09-04;2025-09-05;2025-09-06;2025-09-07;2025-09-08;2025-09-09;2025-09-10;2025-09-11;2025-09-12;2025-09-13;2025-09-14,2025-09-01;2025-09-02;2025-09-03;2025-09-04;2025-09-05;2025-09-06;2025-09-07;2025-09-08;2025-09-09;2025-09-10;2025-09-11;2025-09-12;2025-09-13;2025-09-14,,2025-09-14,0.0,1200.0,1200.0,53.99798780865254,61.53357257897751,26.78169622490132,50.72607548125553,64608.43092904359,1688.6954523497707,7155.973867470077,39585.37896807642,7282.509820365813,46867.88878844223,39585.37896807642,39585.37892849104,38811.371599304315,1450.793493366466,lexicographic,3.9585378928491044e-05,3.8811371560492956e-05,False,0.1374906999990344,0.0,1,0
2025-09-16,False,calendar_trend,4,1.0,7,1.0,0,calibrated_quantile,2025-08-19;2025-08-20;2025-08-21;2025-08-22;2025-08-23;2025-08-24;2025-08-25;2025-08-26;2025-08-27;2025-08-28;2025-08-29;2025-08-30;2025-08-31;2025-09-01;2025-09-02;2025-09-03;2025-09-04;2025-09-05;2025-09-06;2025-09-07;2025-09-08;2025-09-09;2025-09-10;2025-09-11;2025-09-12;2025-09-13;2025-09-14;2025-09-15,28,11349.100819218998,2025-08-19;2025-08-20;2025-08-21;2025-08-22;2025-08-23;2025-08-24;2025-08-25;2025-08-26;2025-08-27;2025-08-28;2025-08-29;2025-08-30;2025-08-31;2025-09-01;2025-09-02;2025-09-03;2025-09-04;2025-09-05;2025-09-06;2025-09-07;2025-09-08;2025-09-09;2025-09-10;2025-09-11;2025-09-12;2025-09-13;2025-09-14;2025-09-15,2025-09-02;2025-09-03;2025-09-04;2025-09-05;2025-09-06;2025-09-07;2025-09-08;2025-09-09;2025-09-10;2025-09-11;2025-09-12;2025-09-13;2025-09-14;2025-09-15,,2025-09-15,0.0,1200.0,1200.0,49.95502684519986,58.62154275594619,23.351876731280306,49.532944851754145,66437.32161899163,1937.5666705552303,4791.654597795637,41138.209917791166,6417.712332764573,47555.92225055574,41138.209917791166,41138.209876652945,38976.57532755981,1472.0450808648116,lexicographic,4.113820987665295e-05,3.897657528858324e-05,False,0.1738249000009091,0.0,1,0
2025-09-17,False,calendar_trend,4,1.0,7,1.0,0,calibrated_quantile,2025-08-20;2025-08-21;2025-08-22;2025-08-23;2025-08-24;2025-08-25;2025-08-26;2025-08-27;2025-08-28;2025-08-29;2025-08-30;2025-08-31;2025-09-01;2025-09-02;2025-09-03;2025-09-04;2025-09-05;2025-09-06;2025-09-07;2025-09-08;2025-09-09;2025-09-10;2025-09-11;2025-09-12;2025-09-13;2025-09-14;2025-09-15;2025-09-16,28,11736.146456183207,2025-08-20;2025-08-21;2025-08-22;2025-08-23;2025-08-24;2025-08-25;2025-08-26;2025-08-27;2025-08-28;2025-08-29;2025-08-30;2025-08-31;2025-09-01;2025-09-02;2025-09-03;2025-09-04;2025-09-05;2025-09-06;2025-09-07;2025-09-08;2025-09-09;2025-09-10;2025-09-11;2025-09-12;2025-09-13;2025-09-14;2025-09-15;2025-09-16,2025-09-03;2025-09-04;2025-09-05;2025-09-06;2025-09-07;2025-09-08;2025-09-09;2025-09-10;2025-09-11;2025-09-12;2025-09-13;2025-09-14;2025-09-15;2025-09-16,,2025-09-16,0.0,1200.0,1200.0,33.41203276947715,40.833774712059906,25.264168808447966,52.14498598551999,69231.2285486817,701.2436705073117,5857.917091407151,43011.85604540481,2698.3882499519473,45710.24429535676,43011.85604540481,43011.85600239297,39195.42356465876,1480.4082288507,lexicographic,4.301185600239297e-05,3.9195423525463344e-05,False,0.1264171000002534,0.0,1,0
2025-09-18,False,calendar_trend,4,1.0,7,1.0,0,calibrated_quantile,2025-08-21;2025-08-22;2025-08-23;2025-08-24;2025-08-25;2025-08-26;2025-08-27;2025-08-28;2025-08-29;2025-08-30;2025-08-31;2025-09-01;2025-09-02;2025-09-03;2025-09-04;2025-09-05;2025-09-06;2025-09-07;2025-09-08;2025-09-09;2025-09-10;2025-09-11;2025-09-12;2025-09-13;2025-09-14;2025-09-15;2025-09-16;2025-09-17,28,11540.692082210207,2025-08-21;2025-08-22;2025-08-23;2025-08-24;2025-08-25;2025-08-26;2025-08-27;2025-08-28;2025-08-29;2025-08-30;2025-08-31;2025-09-01;2025-09-02;2025-09-03;2025-09-04;2025-09-05;2025-09-06;2025-09-07;2025-09-08;2025-09-09;2025-09-10;2025-09-11;2025-09-12;2025-09-13;2025-09-14;2025-09-15;2025-09-16;2025-09-17,2025-09-04;2025-09-05;2025-09-06;2025-09-07;2025-09-08;2025-09-09;2025-09-10;2025-09-11;2025-09-12;2025-09-13;2025-09-14;2025-09-15;2025-09-16;2025-09-17,,2025-09-17,0.0,1200.0,1200.0,24.40213763485996,30.932501402132154,14.347833302503565,29.212111092751822,71709.93132940141,128.80396173427107,8752.83015263006,44775.30859203535,620.825511101513,45396.13410313686,44775.30859203535,44775.30854726004,39342.29357646588,1485.9314528986058,lexicographic,4.4775308547260045e-05,3.934229353712359e-05,False,0.120469100002083,0.0,1,0
2025-09-19,False,calendar_trend,4,1.0,7,1.0,0,calibrated_quantile,2025-08-22;2025-08-23;2025-08-24;2025-08-25;2025-08-26;2025-08-27;2025-08-28;2025-08-29;2025-08-30;2025-08-31;2025-09-01;2025-09-02;2025-09-03;2025-09-04;2025-09-05;2025-09-06;2025-09-07;2025-09-08;2025-09-09;2025-09-10;2025-09-11;2025-09-12;2025-09-13;2025-09-14;2025-09-15;2025-09-16;2025-09-17;2025-09-18,28,11520.87033704683,2025-08-22;2025-08-23;2025-08-24;2025-08-25;2025-08-26;2025-08-27;2025-08-28;2025-08-29;2025-08-30;2025-08-31;2025-09-01;2025-09-02;2025-09-03;2025-09-04;2025-09-05;2025-09-06;2025-09-07;2025-09-08;2025-09-09;2025-09-10;2025-09-11;2025-09-12;2025-09-13;2025-09-14;2025-09-15;2025-09-16;2025-09-17;2025-09-18,2025-09-05;2025-09-06;2025-09-07;2025-09-08;2025-09-09;2025-09-10;2025-09-11;2025-09-12;2025-09-13;2025-09-14;2025-09-15;2025-09-16;2025-09-17;2025-09-18,,2025-09-18,0.0,1200.0,1200.0,24.136295734124324,30.531167014330762,23.912967595921344,47.77459467068387,38770.70952409476,55.46449557004797,19785.4135839281,22465.66165049542,122.929684018606,22588.59133451403,22465.661650495425,22465.661628029764,28001.729976404084,1342.949533034915,lexicographic,2.2465661628029764e-05,2.800172994840236e-05,False,0.11010990000067977,0.0,1,0
2025-09-20,False,calendar_trend,4,1.0,7,1.0,0,calibrated_quantile,2025-08-23;2025-08-24;2025-08-25;2025-08-26;2025-08-27;2025-08-28;2025-08-29;2025-08-30;2025-08-31;2025-09-01;2025-09-02;2025-09-03;2025-09-04;2025-09-05;2025-09-06;2025-09-07;2025-09-08;2025-09-09;2025-09-10;2025-09-11;2025-09-12;2025-09-13;2025-09-14;2025-09-15;2025-09-16;2025-09-17;2025-09-18;2025-09-19,28,11549.37064625322,2025-08-23;2025-08-24;2025-08-25;2025-08-26;2025-08-27;2025-08-28;2025-08-29;2025-08-30;2025-08-31;2025-09-01;2025-09-02;2025-09-03;2025-09-04;2025-09-05;2025-09-06;2025-09-07;2025-09-08;2025-09-09;2025-09-10;2025-09-11;2025-09-12;2025-09-13;2025-09-14;2025-09-15;2025-09-16;2025-09-17;2025-09-18;2025-09-19,2025-09-06;2025-09-07;2025-09-08;2025-09-09;2025-09-10;2025-09-11;2025-09-12;2025-09-13;2025-09-14;2025-09-15;2025-09-16;2025-09-17;2025-09-18;2025-09-19,,2025-09-19,0.0,1200.0,1200.0,24.666722323356037,34.4744166316818,21.252386641359692,40.316386081961795,39222.214448246814,0.0,20650.83124578135,22720.12943083494,0.0,22720.12943083494,22720.12943083494,22720.12940811481,27873.518626995537,1353.517359431576,lexicographic,2.272012940811481e-05,2.7873518599122026e-05,False,0.1562302999991516,0.0,1,0
2025-09-21,False,calendar_trend,4,1.0,7,1.0,0,calibrated_quantile,2025-08-24;2025-08-25;2025-08-26;2025-08-27;2025-08-28;2025-08-29;2025-08-30;2025-08-31;2025-09-01;2025-09-02;2025-09-03;2025-09-04;2025-09-05;2025-09-06;2025-09-07;2025-09-08;2025-09-09;2025-09-10;2025-09-11;2025-09-12;2025-09-13;2025-09-14;2025-09-15;2025-09-16;2025-09-17;2025-09-18;2025-09-19;2025-09-20,28,11470.266086937867,2025-08-24;2025-08-25;2025-08-26;2025-08-27;2025-08-28;2025-08-29;2025-08-30;2025-08-31;2025-09-01;2025-09-02;2025-09-03;2025-09-04;2025-09-05;2025-09-06;2025-09-07;2025-09-08;2025-09-09;2025-09-10;2025-09-11;2025-09-12;2025-09-13;2025-09-14;2025-09-15;2025-09-16;2025-09-17;2025-09-18;2025-09-19;2025-09-20,2025-09-07;2025-09-08;2025-09-09;2025-09-10;2025-09-11;2025-09-12;2025-09-13;2025-09-14;2025-09-15;2025-09-16;2025-09-17;2025-09-18;2025-09-19;2025-09-20,,2025-09-20,0.0,1200.0,1200.0,23.498613006225234,29.568369696634097,27.980623323581757,53.874319217341004,75665.52539503883,28.423023021942473,13254.645951547243,47639.99898751988,66.4918152277799,47706.49080274766,47639.99898751988,47639.99893987988,39551.500629242975,1516.7603686871034,lexicographic,4.763999893987988e-05,3.955150058969147e-05,False,0.1258882000001904,0.0,1,0
2025-09-22,False,calendar_trend,4,1.0,7,1.0,0,calibrated_quantile,2025-08-25;2025-08-26;2025-08-27;2025-08-28;2025-08-29;2025-08-30;2025-08-31;2025-09-01;2025-09-02;2025-09-03;2025-09-04;2025-09-05;2025-09-06;2025-09-07;2025-09-08;2025-09-09;2025-09-10;2025-09-11;2025-09-12;2025-09-13;2025-09-14;2025-09-15;2025-09-16;2025-09-17;2025-09-18;2025-09-19;2025-09-20;2025-09-21,28,11462.025666803962,2025-08-25;2025-08-26;2025-08-27;2025-08-28;2025-08-29;2025-08-30;2025-08-31;2025-09-01;2025-09-02;2025-09-03;2025-09-04;2025-09-05;2025-09-06;2025-09-07;2025-09-08;2025-09-09;2025-09-10;2025-09-11;2025-09-12;2025-09-13;2025-09-14;2025-09-15;2025-09-16;2025-09-17;2025-09-18;2025-09-19;2025-09-20;2025-09-21,2025-09-08;2025-09-09;2025-09-10;2025-09-11;2025-09-12;2025-09-13;2025-09-14;2025-09-15;2025-09-16;2025-09-17;2025-09-18;2025-09-19;2025-09-20;2025-09-21,,2025-09-21,0.0,1200.0,1200.0,27.105188773829337,34.03502410042513,12.954231825009519,22.10392021862675,74133.65675782398,221.29011230843463,9628.901017524026,46363.64976106803,896.7201883791408,47260.36994944717,46363.64976106804,46363.64971470441,39172.457917830965,1494.3127723836444,lexicographic,4.636364971470441e-05,3.91724578786585e-05,False,0.1209686000001966,0.0,1,0
2025-09-23,False,calendar_trend,4,1.0,7,1.0,0,calibrated_quantile,2025-08-26;2025-08-27;2025-08-28;2025-08-29;2025-08-30;2025-08-31;2025-09-01;2025-09-02;2025-09-03;2025-09-04;2025-09-05;2025-09-06;2025-09-07;2025-09-08;2025-09-09;2025-09-10;2025-09-11;2025-09-12;2025-09-13;2025-09-14;2025-09-15;2025-09-16;2025-09-17;2025-09-18;2025-09-19;2025-09-20;2025-09-21;2025-09-22,28,11178.048728663689,2025-08-26;2025-08-27;2025-08-28;2025-08-29;2025-08-30;2025-08-31;2025-09-01;2025-09-02;2025-09-03;2025-09-04;2025-09-05;2025-09-06;2025-09-07;2025-09-08;2025-09-09;2025-09-10;2025-09-11;2025-09-12;2025-09-13;2025-09-14;2025-09-15;2025-09-16;2025-09-17;2025-09-18;2025-09-19;2025-09-20;2025-09-21;2025-09-22,2025-09-09;2025-09-10;2025-09-11;2025-09-12;2025-09-13;2025-09-14;2025-09-15;2025-09-16;2025-09-17;2025-09-18;2025-09-19;2025-09-20;2025-09-21;2025-09-22,,2025-09-22,0.0,1200.0,1200.0,22.317326882700822,28.294125376074508,19.811696702469476,38.91254125263139,76650.10600142734,78.38413978935864,10452.022103503987,48215.56704424022,299.6393682710034,48515.20641251122,48215.56704424022,48215.56699602466,39628.068118035124,1533.5107765798552,lexicographic,4.821556699602466e-05,3.9628068078407055e-05,False,0.13075209999806248,1.5090474026331214e-16,1,0
2025-09-24,False,calendar_trend,4,1.0,7,1.0,0,calibrated_quantile,2025-08-27;2025-08-28;2025-08-29;2025-08-30;2025-08-31;2025-09-01;2025-09-02;2025-09-03;2025-09-04;2025-09-05;2025-09-06;2025-09-07;2025-09-08;2025-09-09;2025-09-10;2025-09-11;2025-09-12;2025-09-13;2025-09-14;2025-09-15;2025-09-16;2025-09-17;2025-09-18;2025-09-19;2025-09-20;2025-09-21;2025-09-22;2025-09-23,28,11161.431357437114,2025-08-27;2025-08-28;2025-08-29;2025-08-30;2025-08-31;2025-09-01;2025-09-02;2025-09-03;2025-09-04;2025-09-05;2025-09-06;2025-09-07;2025-09-08;2025-09-09;2025-09-10;2025-09-11;2025-09-12;2025-09-13;2025-09-14;2025-09-15;2025-09-16;2025-09-17;2025-09-18;2025-09-19;2025-09-20;2025-09-21;2025-09-22;2025-09-23,2025-09-10;2025-09-11;2025-09-12;2025-09-13;2025-09-14;2025-09-15;2025-09-16;2025-09-17;2025-09-18;2025-09-19;2025-09-20;2025-09-21;2025-09-22;2025-09-23,,2025-09-23,0.0,1200.0,1200.0,24.876299532704348,31.442160924449787,17.724472628941864,30.829660707083125,78080.58602014394,15.97016831931409,12833.85220950629,49337.82516452172,63.240567732947916,49401.06573225466,49337.825164521724,49337.82511518387,40005.56195216894,1511.4674676405343,lexicographic,4.933782511518387e-05,4.000556191216336e-05,False,0.11449550000179443,1.4747220002497086e-16,1,0
2025-09-25,False,calendar_trend,4,1.0,7,1.0,0,calibrated_quantile,2025-08-28;2025-08-29;2025-08-30;2025-08-31;2025-09-01;2025-09-02;2025-09-03;2025-09-04;2025-09-05;2025-09-06;2025-09-07;2025-09-08;2025-09-09;2025-09-10;2025-09-11;2025-09-12;2025-09-13;2025-09-14;2025-09-15;2025-09-16;2025-09-17;2025-09-18;2025-09-19;2025-09-20;2025-09-21;2025-09-22;2025-09-23;2025-09-24,28,11119.063004542997,2025-08-28;2025-08-29;2025-08-30;2025-08-31;2025-09-01;2025-09-02;2025-09-03;2025-09-04;2025-09-05;2025-09-06;2025-09-07;2025-09-08;2025-09-09;2025-09-10;2025-09-11;2025-09-12;2025-09-13;2025-09-14;2025-09-15;2025-09-16;2025-09-17;2025-09-18;2025-09-19;2025-09-20;2025-09-21;2025-09-22;2025-09-23;2025-09-24,2025-09-11;2025-09-12;2025-09-13;2025-09-14;2025-09-15;2025-09-16;2025-09-17;2025-09-18;2025-09-19;2025-09-20;2025-09-21;2025-09-22;2025-09-23;2025-09-24,,2025-09-24,0.0,1200.0,1200.0,32.76209636468967,40.93447586999121,16.755691975541534,31.14628325256521,80031.70004602056,21.069402889882667,15506.555026407459,50874.14626907118,44.97264046845456,50919.11890953963,50874.14626907118,50874.146218197006,40113.08208279154,1513.2480940630041,lexicographic,5.087414621819701e-05,4.0113082042678444e-05,False,0.20709930000157328,0.0,1,0
2025-09-26,False,calendar_trend,4,1.0,7,1.0,0,calibrated_quantile,2025-08-29;2025-08-30;2025-08-31;2025-09-01;2025-09-02;2025-09-03;2025-09-04;2025-09-05;2025-09-06;2025-09-07;2025-09-08;2025-09-09;2025-09-10;2025-09-11;2025-09-12;2025-09-13;2025-09-14;2025-09-15;2025-09-16;2025-09-17;2025-09-18;2025-09-19;2025-09-20;2025-09-21;2025-09-22;2025-09-23;2025-09-24;2025-09-25,28,10926.360046600868,2025-08-29;2025-08-30;2025-08-31;2025-09-01;2025-09-02;2025-09-03;2025-09-04;2025-09-05;2025-09-06;2025-09-07;2025-09-08;2025-09-09;2025-09-10;2025-09-11;2025-09-12;2025-09-13;2025-09-14;2025-09-15;2025-09-16;2025-09-17;2025-09-18;2025-09-19;2025-09-20;2025-09-21;2025-09-22;2025-09-23;2025-09-24;2025-09-25,2025-09-12;2025-09-13;2025-09-14;2025-09-15;2025-09-16;2025-09-17;2025-09-18;2025-09-19;2025-09-20;2025-09-21;2025-09-22;2025-09-23;2025-09-24;2025-09-25,,2025-09-25,0.0,1200.0,1200.0,35.20697424547736,42.80364610804789,21.20629183118316,46.225343114847725,40835.738608705535,0.0,20116.311385674708,23917.438533324646,0.0,23917.438533324646,23917.438533324646,23917.438509407217,28818.855466767345,1365.5496912704928,lexicographic,2.3917438509407217e-05,2.8818855466767663e-05,False,0.18990540000231704,0.0,1,0
2025-09-27,False,calendar_trend,4,1.0,7,1.0,0,calibrated_quantile,2025-08-30;2025-08-31;2025-09-01;2025-09-02;2025-09-03;2025-09-04;2025-09-05;2025-09-06;2025-09-07;2025-09-08;2025-09-09;2025-09-10;2025-09-11;2025-09-12;2025-09-13;2025-09-14;2025-09-15;2025-09-16;2025-09-17;2025-09-18;2025-09-19;2025-09-20;2025-09-21;2025-09-22;2025-09-23;2025-09-24;2025-09-25;2025-09-26,28,10928.665480079106,2025-08-30;2025-08-31;2025-09-01;2025-09-02;2025-09-03;2025-09-04;2025-09-05;2025-09-06;2025-09-07;2025-09-08;2025-09-09;2025-09-10;2025-09-11;2025-09-12;2025-09-13;2025-09-14;2025-09-15;2025-09-16;2025-09-17;2025-09-18;2025-09-19;2025-09-20;2025-09-21;2025-09-22;2025-09-23;2025-09-24;2025-09-25;2025-09-26,2025-09-13;2025-09-14;2025-09-15;2025-09-16;2025-09-17;2025-09-18;2025-09-19;2025-09-20;2025-09-21;2025-09-22;2025-09-23;2025-09-24;2025-09-25;2025-09-26,,2025-09-26,0.0,1200.0,1200.0,28.4654918952288,35.068460430702046,34.23092532050086,58.61619754193309,40769.84675849653,39.37110510133505,20006.441449589365,23837.36357335044,167.4117979217093,24004.77537127215,23837.36357335044,23837.36354951308,28592.990720291582,1366.0022702708632,lexicographic,2.383736354951308e-05,2.8592990691698592e-05,False,0.20614820000264444,0.0,1,0
2025-09-28,False,calendar_trend,4,1.0,7,1.0,0,calibrated_quantile,2025-08-31;2025-09-01;2025-09-02;2025-09-03;2025-09-04;2025-09-05;2025-09-06;2025-09-07;2025-09-08;2025-09-09;2025-09-10;2025-09-11;2025-09-12;2025-09-13;2025-09-14;2025-09-15;2025-09-16;2025-09-17;2025-09-18;2025-09-19;2025-09-20;2025-09-21;2025-09-22;2025-09-23;2025-09-24;2025-09-25;2025-09-26;2025-09-27,28,10925.330880270343,2025-08-31;2025-09-01;2025-09-02;2025-09-03;2025-09-04;2025-09-05;2025-09-06;2025-09-07;2025-09-08;2025-09-09;2025-09-10;2025-09-11;2025-09-12;2025-09-13;2025-09-14;2025-09-15;2025-09-16;2025-09-17;2025-09-18;2025-09-19;2025-09-20;2025-09-21;2025-09-22;2025-09-23;2025-09-24;2025-09-25;2025-09-26;2025-09-27,2025-09-14;2025-09-15;2025-09-16;2025-09-17;2025-09-18;2025-09-19;2025-09-20;2025-09-21;2025-09-22;2025-09-23;2025-09-24;2025-09-25;2025-09-26;2025-09-27,,2025-09-27,0.0,1200.0,1200.0,31.797981110194314,39.36106835846024,18.32316886037114,34.607117257741145,80482.32142028012,0.0,12727.020347590866,51050.22819081156,0.0,51050.22819081156,51050.228190811555,51050.22813976132,40655.190262636104,1529.9606582863746,lexicographic,5.105022813976132e-05,4.065519022198091e-05,False,0.12441279999984545,0.0,1,0
2025-09-29,False,calendar_trend,4,1.0,7,1.0,0,calibrated_quantile,2025-09-01;2025-09-02;2025-09-03;2025-09-04;2025-09-05;2025-09-06;2025-09-07;2025-09-08;2025-09-09;2025-09-10;2025-09-11;2025-09-12;2025-09-13;2025-09-14;2025-09-15;2025-09-16;2025-09-17;2025-09-18;2025-09-19;2025-09-20;2025-09-21;2025-09-22;2025-09-23;2025-09-24;2025-09-25;2025-09-26;2025-09-27;2025-09-28,28,10887.748343695635,2025-09-01;2025-09-02;2025-09-03;2025-09-04;2025-09-05;2025-09-06;2025-09-07;2025-09-08;2025-09-09;2025-09-10;2025-09-11;2025-09-12;2025-09-13;2025-09-14;2025-09-15;2025-09-16;2025-09-17;2025-09-18;2025-09-19;2025-09-20;2025-09-21;2025-09-22;2025-09-23;2025-09-24;2025-09-25;2025-09-26;2025-09-27;2025-09-28,2025-09-15;2025-09-16;2025-09-17;2025-09-18;2025-09-19;2025-09-20;2025-09-21;2025-09-22;2025-09-23;2025-09-24;2025-09-25;2025-09-26;2025-09-27;2025-09-28,,2025-09-28,0.0,1200.0,1200.0,25.16925716019926,30.904117117496053,10.751648228816332,22.667429365105196,78362.76950339187,46.35413499092306,11421.59987138333,49291.30330311841,150.9218151179275,49442.22511823634,49291.3033031184,49291.30325382713,40273.759064573904,1508.010501021041,lexicographic,4.929130325382713e-05,4.0273759024300144e-05,False,0.2127795000014885,0.0,1,0
2025-09-30,False,calendar_trend,4,1.0,7,1.0,0,calibrated_quantile,2025-09-02;2025-09-03;2025-09-04;2025-09-05;2025-09-06;2025-09-07;2025-09-08;2025-09-09;2025-09-10;2025-09-11;2025-09-12;2025-09-13;2025-09-14;2025-09-15;2025-09-16;2025-09-17;2025-09-18;2025-09-19;2025-09-20;2025-09-21;2025-09-22;2025-09-23;2025-09-24;2025-09-25;2025-09-26;2025-09-27;2025-09-28;2025-09-29,28,10914.756836185868,2025-09-02;2025-09-03;2025-09-04;2025-09-05;2025-09-06;2025-09-07;2025-09-08;2025-09-09;2025-09-10;2025-09-11;2025-09-12;2025-09-13;2025-09-14;2025-09-15;2025-09-16;2025-09-17;2025-09-18;2025-09-19;2025-09-20;2025-09-21;2025-09-22;2025-09-23;2025-09-24;2025-09-25;2025-09-26;2025-09-27;2025-09-28;2025-09-29,2025-09-16;2025-09-17;2025-09-18;2025-09-19;2025-09-20;2025-09-21;2025-09-22;2025-09-23;2025-09-24;2025-09-25;2025-09-26;2025-09-27;2025-09-28;2025-09-29,,2025-09-29,0.0,1200.0,1200.0,22.246758624018767,27.875597815196418,25.06588825838622,46.234366223810134,78505.50076503729,115.90307974495818,8958.67731091251,49626.159891118004,518.9672276244794,50145.127118742486,49626.159891118004,49626.15984149184,40396.83525598719,1502.8945075267602,lexicographic,4.9626159841491845e-05,4.039683521559035e-05,False,0.12483540000175708,0.0,1,0
2025-10-01,False,calendar_trend,4,1.0,7,1.0,0,calibrated_quantile,2025-09-03;2025-09-04;2025-09-05;2025-09-06;2025-09-07;2025-09-08;2025-09-09;2025-09-10;2025-09-11;2025-09-12;2025-09-13;2025-09-14;2025-09-15;2025-09-16;2025-09-17;2025-09-18;2025-09-19;2025-09-20;2025-09-21;2025-09-22;2025-09-23;2025-09-24;2025-09-25;2025-09-26;2025-09-27;2025-09-28;2025-09-29;2025-09-30,28,11016.75287894773,2025-09-03;2025-09-04;2025-09-05;2025-09-06;2025-09-07;2025-09-08;2025-09-09;2025-09-10;2025-09-11;2025-09-12;2025-09-13;2025-09-14;2025-09-15;2025-09-16;2025-09-17;2025-09-18;2025-09-19;2025-09-20;2025-09-21;2025-09-22;2025-09-23;2025-09-24;2025-09-25;2025-09-26;2025-09-27;2025-09-28;2025-09-29;2025-09-30,2025-09-17;2025-09-18;2025-09-19;2025-09-20;2025-09-21;2025-09-22;2025-09-23;2025-09-24;2025-09-25;2025-09-26;2025-09-27;2025-09-28;2025-09-29;2025-09-30,,2025-09-30,0.0,1200.0,1200.0,33.580644149003284,44.36817524488599,73.33436616853866,130.37869075617797,79051.39378157779,18.76536653885887,25134.87599510498,49873.91376574183,40.94602978779005,49914.85979552962,49873.91376574183,49873.91371586791,40713.202797988415,1517.5208844280469,lexicographic,4.987391371586791e-05,4.07132027572752e-05,False,0.19466140000076848,0.0,1,0
2025-10-02,False,calendar_trend,4,1.0,7,1.0,0,calibrated_quantile,2025-09-04;2025-09-05;2025-09-06;2025-09-07;2025-09-08;2025-09-09;2025-09-10;2025-09-11;2025-09-12;2025-09-13;2025-09-14;2025-09-15;2025-09-16;2025-09-17;2025-09-18;2025-09-19;2025-09-20;2025-09-21;2025-09-22;2025-09-23;2025-09-24;2025-09-25;2025-09-26;2025-09-27;2025-09-28;2025-09-29;2025-09-30;2025-10-01,28,11014.529334354444,2025-09-04;2025-09-05;2025-09-06;2025-09-07;2025-09-08;2025-09-09;2025-09-10;2025-09-11;2025-09-12;2025-09-13;2025-09-14;2025-09-15;2025-09-16;2025-09-17;2025-09-18;2025-09-19;2025-09-20;2025-09-21;2025-09-22;2025-09-23;2025-09-24;2025-09-25;2025-09-26;2025-09-27;2025-09-28;2025-09-29;2025-09-30;2025-10-01,2025-09-18;2025-09-19;2025-09-20;2025-09-21;2025-09-22;2025-09-23;2025-09-24;2025-09-25;2025-09-26;2025-09-27;2025-09-28;2025-09-29;2025-09-30;2025-10-01,,2025-10-01,0.0,1200.0,1200.0,26.52881675908924,36.41769120575011,43.6779868367523,76.78080560337439,75509.39488858634,11.825914803329301,19548.43463168703,47503.62190796946,53.46191243943586,47557.083820408894,47503.62190796946,47503.621860465835,40410.66068218486,1499.4636811505509,lexicographic,4.750362186046584e-05,4.04106606417742e-05,False,0.1523343000008026,1.5316637614612562e-16,1,0
2025-10-03,False,calendar_trend,4,1.0,7,1.0,0,calibrated_quantile,2025-09-05;2025-09-06;2025-09-07;2025-09-08;2025-09-09;2025-09-10;2025-09-11;2025-09-12;2025-09-13;2025-09-14;2025-09-15;2025-09-16;2025-09-17;2025-09-18;2025-09-19;2025-09-20;2025-09-21;2025-09-22;2025-09-23;2025-09-24;2025-09-25;2025-09-26;2025-09-27;2025-09-28;2025-09-29;2025-09-30;2025-10-01;2025-10-02,28,10999.627627179449,2025-09-05;2025-09-06;2025-09-07;2025-09-08;2025-09-09;2025-09-10;2025-09-11;2025-09-12;2025-09-13;2025-09-14;2025-09-15;2025-09-16;2025-09-17;2025-09-18;2025-09-19;2025-09-20;2025-09-21;2025-09-22;2025-09-23;2025-09-24;2025-09-25;2025-09-26;2025-09-27;2025-09-28;2025-09-29;2025-09-30;2025-10-01;2025-10-02,2025-09-19;2025-09-20;2025-09-21;2025-09-22;2025-09-23;2025-09-24;2025-09-25;2025-09-26;2025-09-27;2025-09-28;2025-09-29;2025-09-30;2025-10-01;2025-10-02,,2025-10-02,0.0,1200.0,1200.0,25.018241687128725,32.70873924496526,21.058964553292114,40.94326097979451,37024.1186982306,0.0,26194.108040884683,20823.4565245005,0.0,20823.4565245005,20823.4565245005,20823.45650367704,28701.426804190094,1340.736851274997,lexicographic,2.082345650367704e-05,2.870142680419029e-05,False,0.16941510000106064,0.0,1,0
2025-10-04,False,calendar_trend,4,1.0,7,1.0,0,calibrated_quantile,2025-09-06;2025-09-07;2025-09-08;2025-09-09;2025-09-10;2025-09-11;2025-09-12;2025-09-13;2025-09-14;2025-09-15;2025-09-16;2025-09-17;2025-09-18;2025-09-19;2025-09-20;2025-09-21;2025-09-22;2025-09-23;2025-09-24;2025-09-25;2025-09-26;2025-09-27;2025-09-28;2025-09-29;2025-09-30;2025-10-01;2025-10-02;2025-10-03,28,10968.38901704159,2025-09-06;2025-09-07;2025-09-08;2025-09-09;2025-09-10;2025-09-11;2025-09-12;2025-09-13;2025-09-14;2025-09-15;2025-09-16;2025-09-17;2025-09-18;2025-09-19;2025-09-20;2025-09-21;2025-09-22;2025-09-23;2025-09-24;2025-09-25;2025-09-26;2025-09-27;2025-09-28;2025-09-29;2025-09-30;2025-10-01;2025-10-02;2025-10-03,2025-09-20;2025-09-21;2025-09-22;2025-09-23;2025-09-24;2025-09-25;2025-09-26;2025-09-27;2025-09-28;2025-09-29;2025-09-30;2025-10-01;2025-10-02;2025-10-03,,2025-10-03,0.0,1200.0,1200.0,21.571032972552178,27.126255910340145,19.586333907443557,34.87536760237478,36488.83790453138,86.40743795583899,20470.926381410085,20336.01583055238,367.5835379182577,20703.599368470637,20336.01583055238,20336.015810216373,28658.36376429616,1325.8637891952167,lexicographic,2.0336015810216373e-05,2.86583637642962e-05,False,0.16385170000285143,0.0,1,0
2025-10-05,False,calendar_trend,4,1.0,7,1.0,0,calibrated_quantile,2025-09-07;2025-09-08;2025-09-09;2025-09-10;2025-09-11;2025-09-12;2025-09-13;2025-09-14;2025-09-15;2025-09-16;2025-09-17;2025-09-18;2025-09-19;2025-09-20;2025-09-21;2025-09-22;2025-09-23;2025-09-24;2025-09-25;2025-09-26;2025-09-27;2025-09-28;2025-09-29;2025-09-30;2025-10-01;2025-10-02;2025-10-03;2025-10-04,28,10842.897080614892,2025-09-07;2025-09-08;2025-09-09;2025-09-10;2025-09-11;2025-09-12;2025-09-13;2025-09-14;2025-09-15;2025-09-16;2025-09-17;2025-09-18;2025-09-19;2025-09-20;2025-09-21;2025-09-22;2025-09-23;2025-09-24;2025-09-25;2025-09-26;2025-09-27;2025-09-28;2025-09-29;2025-09-30;2025-10-01;2025-10-02;2025-10-03;2025-10-04,2025-09-21;2025-09-22;2025-09-23;2025-09-24;2025-09-25;2025-09-26;2025-09-27;2025-09-28;2025-09-29;2025-09-30;2025-10-01;2025-10-02;2025-10-03;2025-10-04,,2025-10-04,0.0,1200.0,1200.0,25.569286016107394,30.46152785384433,15.17214501720952,28.01411884169631,70223.51970334197,38.51140734989474,11345.82762011441,43242.762168106085,86.23311858076994,43328.995286686855,43242.76216810608,43242.7621248633,39822.30940672907,1470.6160727309348,lexicographic,4.3242762124863303e-05,3.9822309366906766e-05,False,0.12740380000104778,1.6825839184772996e-16,1,0
2025-10-06,False,calendar_trend,4,1.0,7,1.0,0,calibrated_quantile,2025-09-08;2025-09-09;2025-09-10;2025-09-11;2025-09-12;2025-09-13;2025-09-14;2025-09-15;2025-09-16;2025-09-17;2025-09-18;2025-09-19;2025-09-20;2025-09-21;2025-09-22;2025-09-23;2025-09-24;2025-09-25;2025-09-26;2025-09-27;2025-09-28;2025-09-29;2025-09-30;2025-10-01;2025-10-02;2025-10-03;2025-10-04;2025-10-05,28,10467.056113046167,2025-09-08;2025-09-09;2025-09-10;2025-09-11;2025-09-12;2025-09-13;2025-09-14;2025-09-15;2025-09-16;2025-09-17;2025-09-18;2025-09-19;2025-09-20;2025-09-21;2025-09-22;2025-09-23;2025-09-24;2025-09-25;2025-09-26;2025-09-27;2025-09-28;2025-09-29;2025-09-30;2025-10-01;2025-10-02;2025-10-03;2025-10-04;2025-10-05,2025-09-22;2025-09-23;2025-09-24;2025-09-25;2025-09-26;2025-09-27;2025-09-28;2025-09-29;2025-09-30;2025-10-01;2025-10-02;2025-10-03;2025-10-04;2025-10-05,,2025-10-05,0.0,1200.0,1200.0,22.215999997876015,27.826252205175216,17.01811654752034,35.71979120168504,69300.69069729706,210.40473269160157,7633.3916499074185,42602.86630559939,647.5428926964657,43250.409198295856,42602.86630559938,42602.86626299655,39482.71631287924,1488.2055803487087,lexicographic,4.260286626299655e-05,3.948271627339653e-05,False,0.12625570000091102,0.0,1,0
2025-10-07,False,calendar_trend,4,1.0,7,1.0,0,calibrated_quantile,2025-09-09;2025-09-10;2025-09-11;2025-09-12;2025-09-13;2025-09-14;2025-09-15;2025-09-16;2025-09-17;2025-09-18;2025-09-19;2025-09-20;2025-09-21;2025-09-22;2025-09-23;2025-09-24;2025-09-25;2025-09-26;2025-09-27;2025-09-28;2025-09-29;2025-09-30;2025-10-01;2025-10-02;2025-10-03;2025-10-04;2025-10-05;2025-10-06,28,9736.552123806261,2025-09-09;2025-09-10;2025-09-11;2025-09-12;2025-09-13;2025-09-14;2025-09-15;2025-09-16;2025-09-17;2025-09-18;2025-09-19;2025-09-20;2025-09-21;2025-09-22;2025-09-23;2025-09-24;2025-09-25;2025-09-26;2025-09-27;2025-09-28;2025-09-29;2025-09-30;2025-10-01;2025-10-02;2025-10-03;2025-10-04;2025-10-05;2025-10-06,2025-09-23;2025-09-24;2025-09-25;2025-09-26;2025-09-27;2025-09-28;2025-09-29;2025-09-30;2025-10-01;2025-10-02;2025-10-03;2025-10-04;2025-10-05;2025-10-06,,2025-10-06,0.0,1200.0,1200.0,18.81227577024218,23.241404678945855,21.44557121982727,38.62345723128617,68484.5825963545,170.39619150934038,6753.038367160213,42055.531664984774,863.4660218891211,42918.997686873896,42055.531664984774,42055.53162292925,39347.27963933471,1476.3426570633424,lexicographic,4.2055531622929255e-05,3.934727959998743e-05,False,0.12224570000034873,0.0,1,0
2025-10-08,False,calendar_trend,4,1.0,7,1.0,0,calibrated_quantile,2025-09-10;2025-09-11;2025-09-12;2025-09-13;2025-09-14;2025-09-15;2025-09-16;2025-09-17;2025-09-18;2025-09-19;2025-09-20;2025-09-21;2025-09-22;2025-09-23;2025-09-24;2025-09-25;2025-09-26;2025-09-27;2025-09-28;2025-09-29;2025-09-30;2025-10-01;2025-10-02;2025-10-03;2025-10-04;2025-10-05;2025-10-06;2025-10-07,28,9167.63112693919,2025-09-10;2025-09-11;2025-09-12;2025-09-13;2025-09-14;2025-09-15;2025-09-16;2025-09-17;2025-09-18;2025-09-19;2025-09-20;2025-09-21;2025-09-22;2025-09-23;2025-09-24;2025-09-25;2025-09-26;2025-09-27;2025-09-28;2025-09-29;2025-09-30;2025-10-01;2025-10-02;2025-10-03;2025-10-04;2025-10-05;2025-10-06;2025-10-07,2025-09-24;2025-09-25;2025-09-26;2025-09-27;2025-09-28;2025-09-29;2025-09-30;2025-10-01;2025-10-02;2025-10-03;2025-10-04;2025-10-05;2025-10-06;2025-10-07,,2025-10-07,0.0,1200.0,1200.0,25.446867304940742,33.16576023769469,22.027684746290642,45.198916378462414,66894.98844380214,617.8130329635497,6939.203328911678,40561.72356610147,2293.6483546473664,42855.37192074884,40561.72356610147,40561.72352553976,39011.23942604792,1472.489290076584,lexicographic,4.056172352553976e-05,3.901123938703667e-05,False,0.11965260000215494,0.0,1,0
2025-10-09,False,calendar_trend,4,1.0,7,1.0,0,calibrated_quantile,2025-09-11;2025-09-12;2025-09-13;2025-09-14;2025-09-15;2025-09-16;2025-09-17;2025-09-18;2025-09-19;2025-09-20;2025-09-21;2025-09-22;2025-09-23;2025-09-24;2025-09-25;2025-09-26;2025-09-27;2025-09-28;2025-09-29;2025-09-30;2025-10-01;2025-10-02;2025-10-03;2025-10-04;2025-10-05;2025-10-06;2025-10-07;2025-10-08,28,8614.117486887339,2025-09-11;2025-09-12;2025-09-13;2025-09-14;2025-09-15;2025-09-16;2025-09-17;2025-09-18;2025-09-19;2025-09-20;2025-09-21;2025-09-22;2025-09-23;2025-09-24;2025-09-25;2025-09-26;2025-09-27;2025-09-28;2025-09-29;2025-09-30;2025-10-01;2025-10-02;2025-10-03;2025-10-04;2025-10-05;2025-10-06;2025-10-07;2025-10-08,2025-09-25;2025-09-26;2025-09-27;2025-09-28;2025-09-29;2025-09-30;2025-10-01;2025-10-02;2025-10-03;2025-10-04;2025-10-05;2025-10-06;2025-10-07;2025-10-08,,2025-10-08,0.0,1200.0,1200.0,25.134539549141728,31.851183228916177,18.772345488178985,33.958429222319076,66028.50958111961,245.93744675623213,6448.861398911479,40210.65546176609,1154.5721047789689,41365.22756654506,40210.65546176609,40210.65542155544,38730.22706101135,1459.5853063932068,lexicographic,4.0210655421555445e-05,3.873022702228112e-05,False,0.16384219999963534,0.0,1,0
2025-10-10,False,calendar_trend,4,1.0,7,1.0,0,calibrated_quantile,2025-09-12;2025-09-13;2025-09-14;2025-09-15;2025-09-16;2025-09-17;2025-09-18;2025-09-19;2025-09-20;2025-09-21;2025-09-22;2025-09-23;2025-09-24;2025-09-25;2025-09-26;2025-09-27;2025-09-28;2025-09-29;2025-09-30;2025-10-01;2025-10-02;2025-10-03;2025-10-04;2025-10-05;2025-10-06;2025-10-07;2025-10-08;2025-10-09,28,8415.457297026058,2025-09-12;2025-09-13;2025-09-14;2025-09-15;2025-09-16;2025-09-17;2025-09-18;2025-09-19;2025-09-20;2025-09-21;2025-09-22;2025-09-23;2025-09-24;2025-09-25;2025-09-26;2025-09-27;2025-09-28;2025-09-29;2025-09-30;2025-10-01;2025-10-02;2025-10-03;2025-10-04;2025-10-05;2025-10-06;2025-10-07;2025-10-08;2025-10-09,2025-09-26;2025-09-27;2025-09-28;2025-09-29;2025-09-30;2025-10-01;2025-10-02;2025-10-03;2025-10-04;2025-10-05;2025-10-06;2025-10-07;2025-10-08;2025-10-09,,2025-10-09,0.0,1200.0,1200.0,18.244716201276756,23.184176878527623,21.592774874240376,40.57456949647128,33679.819131812576,118.8582705378339,21413.385127246565,17950.366074567653,419.0463093167799,18369.41238388443,17950.36607456765,17950.366056617288,28976.017151427834,1312.9999469729505,lexicographic,1.795036605661729e-05,2.8976017151427717e-05,False,0.16961839999930817,0.0,1,0
2025-10-11,False,calendar_trend,4,1.0,7,1.0,0,calibrated_quantile,2025-09-13;2025-09-14;2025-09-15;2025-09-16;2025-09-17;2025-09-18;2025-09-19;2025-09-20;2025-09-21;2025-09-22;2025-09-23;2025-09-24;2025-09-25;2025-09-26;2025-09-27;2025-09-28;2025-09-29;2025-09-30;2025-10-01;2025-10-02;2025-10-03;2025-10-04;2025-10-05;2025-10-06;2025-10-07;2025-10-08;2025-10-09;2025-10-10,28,8376.715143590744,2025-09-13;2025-09-14;2025-09-15;2025-09-16;2025-09-17;2025-09-18;2025-09-19;2025-09-20;2025-09-21;2025-09-22;2025-09-23;2025-09-24;2025-09-25;2025-09-26;2025-09-27;2025-09-28;2025-09-29;2025-09-30;2025-10-01;2025-10-02;2025-10-03;2025-10-04;2025-10-05;2025-10-06;2025-10-07;2025-10-08;2025-10-09;2025-10-10,2025-09-27;2025-09-28;2025-09-29;2025-09-30;2025-10-01;2025-10-02;2025-10-03;2025-10-04;2025-10-05;2025-10-06;2025-10-07;2025-10-08;2025-10-09;2025-10-10,,2025-10-10,0.0,1200.0,1200.0,17.727396360834835,22.87427057072894,33.44119031044402,57.86461699042136,34286.72233175117,296.08491019166036,17405.005344599413,18359.88569158691,1046.0195230957518,19405.90521468266,18359.88569158691,18359.88567322703,29259.967622938144,1308.4449042181604,lexicographic,1.835988567322703e-05,2.9259967593678177e-05,False,0.11427870000261464,0.0,1,0
2025-10-12,False,calendar_trend,4,1.0,7,1.0,0,calibrated_quantile,2025-09-14;2025-09-15;2025-09-16;2025-09-17;2025-09-18;2025-09-19;2025-09-20;2025-09-21;2025-09-22;2025-09-23;2025-09-24;2025-09-25;2025-09-26;2025-09-27;2025-09-28;2025-09-29;2025-09-30;2025-10-01;2025-10-02;2025-10-03;2025-10-04;2025-10-05;2025-10-06;2025-10-07;2025-10-08;2025-10-09;2025-10-10;2025-10-11,28,8594.131010618516,2025-09-14;2025-09-15;2025-09-16;2025-09-17;2025-09-18;2025-09-19;2025-09-20;2025-09-21;2025-09-22;2025-09-23;2025-09-24;2025-09-25;2025-09-26;2025-09-27;2025-09-28;2025-09-29;2025-09-30;2025-10-01;2025-10-02;2025-10-03;2025-10-04;2025-10-05;2025-10-06;2025-10-07;2025-10-08;2025-10-09;2025-10-10;2025-10-11,2025-09-28;2025-09-29;2025-09-30;2025-10-01;2025-10-02;2025-10-03;2025-10-04;2025-10-05;2025-10-06;2025-10-07;2025-10-08;2025-10-09;2025-10-10;2025-10-11,,2025-10-11,0.0,1200.0,1200.0,25.787476323364867,33.56835144857846,22.90754337988454,47.641964410307146,66604.84900306513,1252.551105633222,5277.756446976471,40732.59989362025,5532.391783039464,46264.991676659716,40732.59989362025,40732.59985288766,38721.49840991198,1469.8546374483738,lexicographic,4.073259985288766e-05,3.8721498371190484e-05,False,0.1638362000012421,0.0,1,0
2025-10-13,False,calendar_trend,4,1.0,7,1.0,0,calibrated_quantile,2025-09-15;2025-09-16;2025-09-17;2025-09-18;2025-09-19;2025-09-20;2025-09-21;2025-09-22;2025-09-23;2025-09-24;2025-09-25;2025-09-26;2025-09-27;2025-09-28;2025-09-29;2025-09-30;2025-10-01;2025-10-02;2025-10-03;2025-10-04;2025-10-05;2025-10-06;2025-10-07;2025-10-08;2025-10-09;2025-10-10;2025-10-11;2025-10-12,28,8145.48224519397,2025-09-15;2025-09-16;2025-09-17;2025-09-18;2025-09-19;2025-09-20;2025-09-21;2025-09-22;2025-09-23;2025-09-24;2025-09-25;2025-09-26;2025-09-27;2025-09-28;2025-09-29;2025-09-30;2025-10-01;2025-10-02;2025-10-03;2025-10-04;2025-10-05;2025-10-06;2025-10-07;2025-10-08;2025-10-09;2025-10-10;2025-10-11;2025-10-12,2025-09-29;2025-09-30;2025-10-01;2025-10-02;2025-10-03;2025-10-04;2025-10-05;2025-10-06;2025-10-07;2025-10-08;2025-10-09;2025-10-10;2025-10-11;2025-10-12,,2025-10-12,0.0,1200.0,1200.0,21.891435492707007,28.425834255926013,19.041365991528377,38.309279285645815,67969.22439217035,369.76598238770424,7244.011956724807,41732.193055941636,1467.616478856796,43199.809534798434,41732.193055941636,41732.193014209435,38749.0812804116,1476.9544291678285,lexicographic,4.173219301420944e-05,3.8749081241662524e-05,False,0.14406450000024051,0.0,1,0
2025-10-14,False,calendar_trend,4,1.0,7,1.0,0,calibrated_quantile,2025-09-16;2025-09-17;2025-09-18;2025-09-19;2025-09-20;2025-09-21;2025-09-22;2025-09-23;2025-09-24;2025-09-25;2025-09-26;2025-09-27;2025-09-28;2025-09-29;2025-09-30;2025-10-01;2025-10-02;2025-10-03;2025-10-04;2025-10-05;2025-10-06;2025-10-07;2025-10-08;2025-10-09;2025-10-10;2025-10-11;2025-10-12;2025-10-13,28,7815.844166480028,2025-09-16;2025-09-17;2025-09-18;2025-09-19;2025-09-20;2025-09-21;2025-09-22;2025-09-23;2025-09-24;2025-09-25;2025-09-26;2025-09-27;2025-09-28;2025-09-29;2025-09-30;2025-10-01;2025-10-02;2025-10-03;2025-10-04;2025-10-05;2025-10-06;2025-10-07;2025-10-08;2025-10-09;2025-10-10;2025-10-11;2025-10-12;2025-10-13,2025-09-30;2025-10-01;2025-10-02;2025-10-03;2025-10-04;2025-10-05;2025-10-06;2025-10-07;2025-10-08;2025-10-09;2025-10-10;2025-10-11;2025-10-12;2025-10-13,,2025-10-13,0.0,1200.0,1200.0,19.98209234017425,25.175980788826806,21.210688132531118,37.05323460024986,68401.14794840309,614.6611190992342,4170.276213122507,42077.22787115448,2644.004159416383,44721.23203057086,42077.22787115448,42077.22782907726,38788.33401891641,1463.779847952037,lexicographic,4.207722782907726e-05,3.8788333980128094e-05,False,0.15314200000284472,0.0,1,0
2025-10-15,False,calendar_trend,4,1.0,7,1.0,0,calibrated_quantile,2025-09-17;2025-09-18;2025-09-19;2025-09-20;2025-09-21;2025-09-22;2025-09-23;2025-09-24;2025-09-25;2025-09-26;2025-09-27;2025-09-28;2025-09-29;2025-09-30;2025-10-01;2025-10-02;2025-10-03;2025-10-04;2025-10-05;2025-10-06;2025-10-07;2025-10-08;2025-10-09;2025-10-10;2025-10-11;2025-10-12;2025-10-13;2025-10-14,28,7544.022033453068,2025-09-17;2025-09-18;2025-09-19;2025-09-20;2025-09-21;2025-09-22;2025-09-23;2025-09-24;2025-09-25;2025-09-26;2025-09-27;2025-09-28;2025-09-29;2025-09-30;2025-10-01;2025-10-02;2025-10-03;2025-10-04;2025-10-05;2025-10-06;2025-10-07;2025-10-08;2025-10-09;2025-10-10;2025-10-11;2025-10-12;2025-10-13;2025-10-14,2025-10-01;2025-10-02;2025-10-03;2025-10-04;2025-10-05;2025-10-06;2025-10-07;2025-10-08;2025-10-09;2025-10-10;2025-10-11;2025-10-12;2025-10-13;2025-10-14,,2025-10-14,0.0,1200.0,1200.0,23.57191478875939,29.47026285924674,21.907254793247546,45.828343678579266,69099.98367129076,1211.3403674356773,4312.163227457406,42292.03362966441,5137.367429357449,47429.40105902186,42292.03362966441,42292.03358737237,38859.14874682618,1469.863493156935,lexicographic,4.229203358737237e-05,3.885914870796704e-05,False,0.12791350000043167,0.0,1,0
2025-10-16,False,calendar_trend,4,1.0,7,1.0,0,calibrated_quantile,2025-09-18;2025-09-19;2025-09-20;2025-09-21;2025-09-22;2025-09-23;2025-09-24;2025-09-25;2025-09-26;2025-09-27;2025-09-28;2025-09-29;2025-09-30;2025-10-01;2025-10-02;2025-10-03;2025-10-04;2025-10-05;2025-10-06;2025-10-07;2025-10-08;2025-10-09;2025-10-10;2025-10-11;2025-10-12;2025-10-13;2025-10-14;2025-10-15,28,7411.411225865976,2025-09-18;2025-09-19;2025-09-20;2025-09-21;2025-09-22;2025-09-23;2025-09-24;2025-09-25;2025-09-26;2025-09-27;2025-09-28;2025-09-29;2025-09-30;2025-10-01;2025-10-02;2025-10-03;2025-10-04;2025-10-05;2025-10-06;2025-10-07;2025-10-08;2025-10-09;2025-10-10;2025-10-11;2025-10-12;2025-10-13;2025-10-14;2025-10-15,2025-10-02;2025-10-03;2025-10-04;2025-10-05;2025-10-06;2025-10-07;2025-10-08;2025-10-09;2025-10-10;2025-10-11;2025-10-12;2025-10-13;2025-10-14;2025-10-15,,2025-10-15,0.0,1200.0,1200.0,20.81758072944621,26.871190352806213,24.368497080220088,49.36325550284289,69974.73523312161,1484.3942168533392,4382.894805454791,43096.76259108727,6074.161636115216,49170.924227202486,43096.76259108727,43096.76254799051,39150.88772148143,1476.4824508287304,lexicographic,4.309676254799051e-05,3.9150887682330544e-05,False,0.11811959999977262,0.0,1,0
2025-10-17,False,calendar_trend,4,1.0,7,1.0,0,calibrated_quantile,2025-09-19;2025-09-20;2025-09-21;2025-09-22;2025-09-23;2025-09-24;2025-09-25;2025-09-26;2025-09-27;2025-09-28;2025-09-29;2025-09-30;2025-10-01;2025-10-02;2025-10-03;2025-10-04;2025-10-05;2025-10-06;2025-10-07;2025-10-08;2025-10-09;2025-10-10;2025-10-11;2025-10-12;2025-10-13;2025-10-14;2025-10-15;2025-10-16,28,7514.147772385683,2025-09-19;2025-09-20;2025-09-21;2025-09-22;2025-09-23;2025-09-24;2025-09-25;2025-09-26;2025-09-27;2025-09-28;2025-09-29;2025-09-30;2025-10-01;2025-10-02;2025-10-03;2025-10-04;2025-10-05;2025-10-06;2025-10-07;2025-10-08;2025-10-09;2025-10-10;2025-10-11;2025-10-12;2025-10-13;2025-10-14;2025-10-15;2025-10-16,2025-10-03;2025-10-04;2025-10-05;2025-10-06;2025-10-07;2025-10-08;2025-10-09;2025-10-10;2025-10-11;2025-10-12;2025-10-13;2025-10-14;2025-10-15;2025-10-16,,2025-10-16,0.0,1200.0,1200.0,16.470129666295392,20.93911502013717,14.689705348442638,27.97989114138615,34629.77966587712,159.11374932023756,15622.167431553225,18670.270352221756,512.0952733653271,19182.365625587085,18670.270352221756,18670.270333551485,30127.227722259053,1306.9013410331727,lexicographic,1.8670270333551486e-05,3.012722769213184e-05,False,0.1637628999997105,0.0,1,0
2025-10-18,False,calendar_trend,4,1.0,7,1.0,0,calibrated_quantile,2025-09-20;2025-09-21;2025-09-22;2025-09-23;2025-09-24;2025-09-25;2025-09-26;2025-09-27;2025-09-28;2025-09-29;2025-09-30;2025-10-01;2025-10-02;2025-10-03;2025-10-04;2025-10-05;2025-10-06;2025-10-07;2025-10-08;2025-10-09;2025-10-10;2025-10-11;2025-10-12;2025-10-13;2025-10-14;2025-10-15;2025-10-16;2025-10-17,28,7439.430278409501,2025-09-20;2025-09-21;2025-09-22;2025-09-23;2025-09-24;2025-09-25;2025-09-26;2025-09-27;2025-09-28;2025-09-29;2025-09-30;2025-10-01;2025-10-02;2025-10-03;2025-10-04;2025-10-05;2025-10-06;2025-10-07;2025-10-08;2025-10-09;2025-10-10;2025-10-11;2025-10-12;2025-10-13;2025-10-14;2025-10-15;2025-10-16;2025-10-17,2025-10-04;2025-10-05;2025-10-06;2025-10-07;2025-10-08;2025-10-09;2025-10-10;2025-10-11;2025-10-12;2025-10-13;2025-10-14;2025-10-15;2025-10-16;2025-10-17,,2025-10-17,0.0,1200.0,1200.0,18.198698436368627,22.827719735865607,15.72920772434335,28.96797232687205,35314.503239151,109.26441538041979,16167.78406850811,19225.269116619176,240.87022031088267,19466.13933693006,19225.269116619176,19225.269097393902,30287.87620018701,1302.6387632872174,lexicographic,1.9225269097393904e-05,3.0287876169899132e-05,False,0.1821285000005446,0.0,1,0
2025-10-19,False,calendar_trend,4,1.0,7,1.0,0,calibrated_quantile,2025-09-21;2025-09-22;2025-09-23;2025-09-24;2025-09-25;2025-09-26;2025-09-27;2025-09-28;2025-09-29;2025-09-30;2025-10-01;2025-10-02;2025-10-03;2025-10-04;2025-10-05;2025-10-06;2025-10-07;2025-10-08;2025-10-09;2025-10-10;2025-10-11;2025-10-12;2025-10-13;2025-10-14;2025-10-15;2025-10-16;2025-10-17;2025-10-18,28,7353.260047675042,2025-09-21;2025-09-22;2025-09-23;2025-09-24;2025-09-25;2025-09-26;2025-09-27;2025-09-28;2025-09-29;2025-09-30;2025-10-01;2025-10-02;2025-10-03;2025-10-04;2025-10-05;2025-10-06;2025-10-07;2025-10-08;2025-10-09;2025-10-10;2025-10-11;2025-10-12;2025-10-13;2025-10-14;2025-10-15;2025-10-16;2025-10-17;2025-10-18,2025-10-05;2025-10-06;2025-10-07;2025-10-08;2025-10-09;2025-10-10;2025-10-11;2025-10-12;2025-10-13;2025-10-14;2025-10-15;2025-10-16;2025-10-17;2025-10-18,,2025-10-18,0.0,1200.0,1200.0,20.305849869233068,25.137474549470294,17.88750852226989,34.08992181657219,72665.27460987755,650.5886553569784,5170.7376780088325,44885.4828505936,2415.7621855549583,47301.24503614856,44885.4828505936,44885.482805708125,40576.418566027285,1467.842851524233,lexicographic,4.488548280570813e-05,4.057641852545087e-05,False,0.14908079999804613,0.0,1,0
2025-10-20,False,calendar_trend,4,1.0,7,1.0,0,calibrated_quantile,2025-09-22;2025-09-23;2025-09-24;2025-09-25;2025-09-26;2025-09-27;2025-09-28;2025-09-29;2025-09-30;2025-10-01;2025-10-02;2025-10-03;2025-10-04;2025-10-05;2025-10-06;2025-10-07;2025-10-08;2025-10-09;2025-10-10;2025-10-11;2025-10-12;2025-10-13;2025-10-14;2025-10-15;2025-10-16;2025-10-17;2025-10-18;2025-10-19,28,7431.8780063057475,2025-09-22;2025-09-23;2025-09-24;2025-09-25;2025-09-26;2025-09-27;2025-09-28;2025-09-29;2025-09-30;2025-10-01;2025-10-02;2025-10-03;2025-10-04;2025-10-05;2025-10-06;2025-10-07;2025-10-08;2025-10-09;2025-10-10;2025-10-11;2025-10-12;2025-10-13;2025-10-14;2025-10-15;2025-10-16;2025-10-17;2025-10-18;2025-10-19,2025-10-06;2025-10-07;2025-10-08;2025-10-09;2025-10-10;2025-10-11;2025-10-12;2025-10-13;2025-10-14;2025-10-15;2025-10-16;2025-10-17;2025-10-18;2025-10-19,,2025-10-19,0.0,1200.0,1200.0,15.408447945854366,19.774637331676402,22.445594185819843,46.08805087556572,74638.23402059167,805.0238325279925,6687.735025487138,46476.04065955818,3948.2749821613747,50424.31564171956,46476.04065955818,46476.04061308215,41103.58018078009,1473.050732003167,lexicographic,4.647604061308215e-05,4.110358013967652e-05,False,0.12911979999989853,0.0,1,0
2025-10-21,False,calendar_trend,4,1.0,7,1.0,0,calibrated_quantile,2025-09-23;2025-09-24;2025-09-25;2025-09-26;2025-09-27;2025-09-28;2025-09-29;2025-09-30;2025-10-01;2025-10-02;2025-10-03;2025-10-04;2025-10-05;2025-10-06;2025-10-07;2025-10-08;2025-10-09;2025-10-10;2025-10-11;2025-10-12;2025-10-13;2025-10-14;2025-10-15;2025-10-16;2025-10-17;2025-10-18;2025-10-19;2025-10-20,28,7462.964165665695,2025-09-23;2025-09-24;2025-09-25;2025-09-26;2025-09-27;2025-09-28;2025-09-29;2025-09-30;2025-10-01;2025-10-02;2025-10-03;2025-10-04;2025-10-05;2025-10-06;2025-10-07;2025-10-08;2025-10-09;2025-10-10;2025-10-11;2025-10-12;2025-10-13;2025-10-14;2025-10-15;2025-10-16;2025-10-17;2025-10-18;2025-10-19;2025-10-20,2025-10-07;2025-10-08;2025-10-09;2025-10-10;2025-10-11;2025-10-12;2025-10-13;2025-10-14;2025-10-15;2025-10-16;2025-10-17;2025-10-18;2025-10-19;2025-10-20,,2025-10-20,0.0,1200.0,1200.0,18.28334553897142,23.76838800122416,24.548116453828094,44.41653947188973,75934.74056669459,585.8103150141857,5651.243808260346,47418.42721876972,1945.6184511451586,49364.04566991488,47418.42721876973,47418.42717135131,41979.86083916662,1470.3395526366876,lexicographic,4.741842717135131e-05,4.197986079718678e-05,False,0.161464499997237,0.0,1,0
2025-10-22,False,calendar_trend,4,1.0,7,1.0,0,calibrated_quantile,2025-09-24;2025-09-25;2025-09-26;2025-09-27;2025-09-28;2025-09-29;2025-09-30;2025-10-01;2025-10-02;2025-10-03;2025-10-04;2025-10-05;2025-10-06;2025-10-07;2025-10-08;2025-10-09;2025-10-10;2025-10-11;2025-10-12;2025-10-13;2025-10-14;2025-10-15;2025-10-16;2025-10-17;2025-10-18;2025-10-19;2025-10-20;2025-10-21,28,7504.817160055464,2025-09-24;2025-09-25;2025-09-26;2025-09-27;2025-09-28;2025-09-29;2025-09-30;2025-10-01;2025-10-02;2025-10-03;2025-10-04;2025-10-05;2025-10-06;2025-10-07;2025-10-08;2025-10-09;2025-10-10;2025-10-11;2025-10-12;2025-10-13;2025-10-14;2025-10-15;2025-10-16;2025-10-17;2025-10-18;2025-10-19;2025-10-20;2025-10-21,2025-10-08;2025-10-09;2025-10-10;2025-10-11;2025-10-12;2025-10-13;2025-10-14;2025-10-15;2025-10-16;2025-10-17;2025-10-18;2025-10-19;2025-10-20;2025-10-21,,2025-10-21,0.0,1200.0,1200.0,17.374383941190203,21.783006039925734,25.115456643408578,48.6903832533233,76582.51202830987,709.2539573565948,7274.895594543259,47522.1208173099,3413.578473198777,50935.69929050868,47522.1208173099,47522.12076978778,42506.17042596325,1478.098090502483,lexicographic,4.752212076978779e-05,4.250617038345707e-05,False,0.10451239999747486,0.0,1,0
2025-10-23,False,calendar_trend,4,1.0,7,1.0,0,calibrated_quantile,2025-09-25;2025-09-26;2025-09-27;2025-09-28;2025-09-29;2025-09-30;2025-10-01;2025-10-02;2025-10-03;2025-10-04;2025-10-05;2025-10-06;2025-10-07;2025-10-08;2025-10-09;2025-10-10;2025-10-11;2025-10-12;2025-10-13;2025-10-14;2025-10-15;2025-10-16;2025-10-17;2025-10-18;2025-10-19;2025-10-20;2025-10-21;2025-10-22,28,7608.155375686836,2025-09-25;2025-09-26;2025-09-27;2025-09-28;2025-09-29;2025-09-30;2025-10-01;2025-10-02;2025-10-03;2025-10-04;2025-10-05;2025-10-06;2025-10-07;2025-10-08;2025-10-09;2025-10-10;2025-10-11;2025-10-12;2025-10-13;2025-10-14;2025-10-15;2025-10-16;2025-10-17;2025-10-18;2025-10-19;2025-10-20;2025-10-21;2025-10-22,2025-10-09;2025-10-10;2025-10-11;2025-10-12;2025-10-13;2025-10-14;2025-10-15;2025-10-16;2025-10-17;2025-10-18;2025-10-19;2025-10-20;2025-10-21;2025-10-22,,2025-10-22,0.0,1200.0,1200.0,19.490389950398715,24.83378010194922,20.066115411359984,40.320520151935256,77934.34325202045,48.04863281286379,10147.081519477926,48799.21522980926,123.66099352022965,48922.87622332949,48799.215229809255,48799.215181010055,42447.484899789226,1460.7175455906035,lexicographic,4.879921518101006e-05,4.2447484857341744e-05,False,0.09816810000120313,0.0,1,0
2025-10-24,False,calendar_trend,4,1.0,7,1.0,0,calibrated_quantile,2025-09-26;2025-09-27;2025-09-28;2025-09-29;2025-09-30;2025-10-01;2025-10-02;2025-10-03;2025-10-04;2025-10-05;2025-10-06;2025-10-07;2025-10-08;2025-10-09;2025-10-10;2025-10-11;2025-10-12;2025-10-13;2025-10-14;2025-10-15;2025-10-16;2025-10-17;2025-10-18;2025-10-19;2025-10-20;2025-10-21;2025-10-22;2025-10-23,28,7598.897052119359,2025-09-26;2025-09-27;2025-09-28;2025-09-29;2025-09-30;2025-10-01;2025-10-02;2025-10-03;2025-10-04;2025-10-05;2025-10-06;2025-10-07;2025-10-08;2025-10-09;2025-10-10;2025-10-11;2025-10-12;2025-10-13;2025-10-14;2025-10-15;2025-10-16;2025-10-17;2025-10-18;2025-10-19;2025-10-20;2025-10-21;2025-10-22;2025-10-23,2025-10-10;2025-10-11;2025-10-12;2025-10-13;2025-10-14;2025-10-15;2025-10-16;2025-10-17;2025-10-18;2025-10-19;2025-10-20;2025-10-21;2025-10-22;2025-10-23,,2025-10-23,0.0,1200.0,1200.0,16.804729429723928,21.10582490830221,17.471760232265922,33.87314039502264,35936.96546354193,113.81988604029735,14382.44845023149,19619.350529374933,379.61292320138836,19998.96345257632,19619.350529374933,19619.350509755586,30944.199950832484,1322.450743773155,lexicographic,1.961935050975559e-05,3.0944199919888275e-05,False,0.1164900999974634,0.0,1,0
2025-10-25,False,calendar_trend,4,1.0,7,1.0,0,calibrated_quantile,2025-09-27;2025-09-28;2025-09-29;2025-09-30;2025-10-01;2025-10-02;2025-10-03;2025-10-04;2025-10-05;2025-10-06;2025-10-07;2025-10-08;2025-10-09;2025-10-10;2025-10-11;2025-10-12;2025-10-13;2025-10-14;2025-10-15;2025-10-16;2025-10-17;2025-10-18;2025-10-19;2025-10-20;2025-10-21;2025-10-22;2025-10-23;2025-10-24,28,7506.4996250329805,2025-09-27;2025-09-28;2025-09-29;2025-09-30;2025-10-01;2025-10-02;2025-10-03;2025-10-04;2025-10-05;2025-10-06;2025-10-07;2025-10-08;2025-10-09;2025-10-10;2025-10-11;2025-10-12;2025-10-13;2025-10-14;2025-10-15;2025-10-16;2025-10-17;2025-10-18;2025-10-19;2025-10-20;2025-10-21;2025-10-22;2025-10-23;2025-10-24,2025-10-11;2025-10-12;2025-10-13;2025-10-14;2025-10-15;2025-10-16;2025-10-17;2025-10-18;2025-10-19;2025-10-20;2025-10-21;2025-10-22;2025-10-23;2025-10-24,,2025-10-24,0.0,1200.0,1200.0,19.19538755217671,24.214351691337885,13.152635166819817,25.26006687678311,36980.949987176966,65.82312704581767,14348.333081159351,20344.6491922441,141.28119180356686,20485.930384047664,20344.6491922441,20344.64917189944,31436.9116447973,1333.7038632747465,lexicographic,2.034464917189944e-05,3.1436911613360397e-05,False,0.18849630000113393,0.0,1,0
2025-10-26,False,calendar_trend,4,1.0,7,1.0,0,calibrated_quantile,2025-09-28;2025-09-29;2025-09-30;2025-10-01;2025-10-02;2025-10-03;2025-10-04;2025-10-05;2025-10-06;2025-10-07;2025-10-08;2025-10-09;2025-10-10;2025-10-11;2025-10-12;2025-10-13;2025-10-14;2025-10-15;2025-10-16;2025-10-17;2025-10-18;2025-10-19;2025-10-20;2025-10-21;2025-10-22;2025-10-23;2025-10-24;2025-10-25,28,7440.347459455135,2025-09-28;2025-09-29;2025-09-30;2025-10-01;2025-10-02;2025-10-03;2025-10-04;2025-10-05;2025-10-06;2025-10-07;2025-10-08;2025-10-09;2025-10-10;2025-10-11;2025-10-12;2025-10-13;2025-10-14;2025-10-15;2025-10-16;2025-10-17;2025-10-18;2025-10-19;2025-10-20;2025-10-21;2025-10-22;2025-10-23;2025-10-24;2025-10-25,2025-10-12;2025-10-13;2025-10-14;2025-10-15;2025-10-16;2025-10-17;2025-10-18;2025-10-19;2025-10-20;2025-10-21;2025-10-22;2025-10-23;2025-10-24;2025-10-25,,2025-10-25,0.0,1200.0,1200.0,21.74180038504508,26.570451837385736,13.122868608896987,26.978244826459385,78359.71374154078,82.98960561733747,9400.141831022433,49236.77513957217,225.95579522585854,49462.73093479803,49236.77513957217,49236.77509033539,42851.74523178386,1476.039160646749,lexicographic,4.9236775090335394e-05,4.285174518893213e-05,False,0.125977799998509,0.0,1,0
2025-10-27,False,calendar_trend,4,1.0,7,1.0,0,calibrated_quantile,2025-09-29;2025-09-30;2025-10-01;2025-10-02;2025-10-03;2025-10-04;2025-10-05;2025-10-06;2025-10-07;2025-10-08;2025-10-09;2025-10-10;2025-10-11;2025-10-12;2025-10-13;2025-10-14;2025-10-15;2025-10-16;2025-10-17;2025-10-18;2025-10-19;2025-10-20;2025-10-21;2025-10-22;2025-10-23;2025-10-24;2025-10-25;2025-10-26,28,7423.6232067591245,2025-09-29;2025-09-30;2025-10-01;2025-10-02;2025-10-03;2025-10-04;2025-10-05;2025-10-06;2025-10-07;2025-10-08;2025-10-09;2025-10-10;2025-10-11;2025-10-12;2025-10-13;2025-10-14;2025-10-15;2025-10-16;2025-10-17;2025-10-18;2025-10-19;2025-10-20;2025-10-21;2025-10-22;2025-10-23;2025-10-24;2025-10-25;2025-10-26,2025-10-13;2025-10-14;2025-10-15;2025-10-16;2025-10-17;2025-10-18;2025-10-19;2025-10-20;2025-10-21;2025-10-22;2025-10-23;2025-10-24;2025-10-25;2025-10-26,,2025-10-26,0.0,1200.0,1200.0,19.76288180435282,25.217633606118774,30.120392118548565,60.99639949095385,78857.44620654389,91.82857411902046,10925.218491568981,49653.069958233755,369.19440590363627,50022.264364137394,49653.069958233755,49653.0699085807,42596.679297859686,1507.110555597225,lexicographic,4.96530699085807e-05,4.259667925526301e-05,False,0.11680829999750131,0.0,1,0
2025-10-28,False,calendar_trend,4,1.0,7,1.0,0,calibrated_quantile,2025-09-30;2025-10-01;2025-10-02;2025-10-03;2025-10-04;2025-10-05;2025-10-06;2025-10-07;2025-10-08;2025-10-09;2025-10-10;2025-10-11;2025-10-12;2025-10-13;2025-10-14;2025-10-15;2025-10-16;2025-10-17;2025-10-18;2025-10-19;2025-10-20;2025-10-21;2025-10-22;2025-10-23;2025-10-24;2025-10-25;2025-10-26;2025-10-27,28,7364.683084875268,2025-09-30;2025-10-01;2025-10-02;2025-10-03;2025-10-04;2025-10-05;2025-10-06;2025-10-07;2025-10-08;2025-10-09;2025-10-10;2025-10-11;2025-10-12;2025-10-13;2025-10-14;2025-10-15;2025-10-16;2025-10-17;2025-10-18;2025-10-19;2025-10-20;2025-10-21;2025-10-22;2025-10-23;2025-10-24;2025-10-25;2025-10-26;2025-10-27,2025-10-14;2025-10-15;2025-10-16;2025-10-17;2025-10-18;2025-10-19;2025-10-20;2025-10-21;2025-10-22;2025-10-23;2025-10-24;2025-10-25;2025-10-26;2025-10-27,,2025-10-27,0.0,1200.0,1200.0,21.63395124363434,26.621843136603538,13.851498735441362,28.634576794515674,77922.66275093966,183.08885427742098,7653.450316806936,48939.762762861166,627.3131645061897,49567.075927367354,48939.762762861166,48939.76271392139,42676.74765801249,1501.9191127383588,lexicographic,4.893976271392139e-05,4.2676747615335744e-05,False,0.11586320000060368,0.0,1,0
2025-10-29,False,calendar_trend,4,1.0,7,1.0,0,calibrated_quantile,2025-10-01;2025-10-02;2025-10-03;2025-10-04;2025-10-05;2025-10-06;2025-10-07;2025-10-08;2025-10-09;2025-10-10;2025-10-11;2025-10-12;2025-10-13;2025-10-14;2025-10-15;2025-10-16;2025-10-17;2025-10-18;2025-10-19;2025-10-20;2025-10-21;2025-10-22;2025-10-23;2025-10-24;2025-10-25;2025-10-26;2025-10-27;2025-10-28,28,7183.7769410634455,2025-10-01;2025-10-02;2025-10-03;2025-10-04;2025-10-05;2025-10-06;2025-10-07;2025-10-08;2025-10-09;2025-10-10;2025-10-11;2025-10-12;2025-10-13;2025-10-14;2025-10-15;2025-10-16;2025-10-17;2025-10-18;2025-10-19;2025-10-20;2025-10-21;2025-10-22;2025-10-23;2025-10-24;2025-10-25;2025-10-26;2025-10-27;2025-10-28,2025-10-15;2025-10-16;2025-10-17;2025-10-18;2025-10-19;2025-10-20;2025-10-21;2025-10-22;2025-10-23;2025-10-24;2025-10-25;2025-10-26;2025-10-27;2025-10-28,,2025-10-28,0.0,1200.0,1200.0,15.488525565451855,19.729185780843864,27.760734038606273,57.670374127433526,76632.02968715684,1374.3741782673087,4244.325311592049,47864.33056308328,4594.416558600317,52458.74712168359,47864.33056308328,47864.33051521891,42390.407233874386,1465.9529747327956,lexicographic,4.7864330515218914e-05,4.239040719148399e-05,False,0.12418910000269534,0.0,1,0
2025-10-30,False,calendar_trend,4,1.0,7,1.0,0,calibrated_quantile,2025-10-02;2025-10-03;2025-10-04;2025-10-05;2025-10-06;2025-10-07;2025-10-08;2025-10-09;2025-10-10;2025-10-11;2025-10-12;2025-10-13;2025-10-14;2025-10-15;2025-10-16;2025-10-17;2025-10-18;2025-10-19;2025-10-20;2025-10-21;2025-10-22;2025-10-23;2025-10-24;2025-10-25;2025-10-26;2025-10-27;2025-10-28;2025-10-29,28,7367.3502361853025,2025-10-02;2025-10-03;2025-10-04;2025-10-05;2025-10-06;2025-10-07;2025-10-08;2025-10-09;2025-10-10;2025-10-11;2025-10-12;2025-10-13;2025-10-14;2025-10-15;2025-10-16;2025-10-17;2025-10-18;2025-10-19;2025-10-20;2025-10-21;2025-10-22;2025-10-23;2025-10-24;2025-10-25;2025-10-26;2025-10-27;2025-10-28;2025-10-29,2025-10-16;2025-10-17;2025-10-18;2025-10-19;2025-10-20;2025-10-21;2025-10-22;2025-10-23;2025-10-24;2025-10-25;2025-10-26;2025-10-27;2025-10-28;2025-10-29,,2025-10-29,0.0,1200.0,1200.0,20.507221374189825,25.302874473377088,14.58850825757532,30.810845113525797,77936.59142610128,176.1357555054086,8871.907401789307,48863.253923693315,525.0565165291384,49388.310440222456,48863.253923693315,48863.25387483007,42420.704499839354,1478.3990961623604,lexicographic,4.8863253874830077e-05,4.2420704457418645e-05,False,0.1264043999981368,0.0,1,0
2025-10-31,False,calendar_trend,4,1.0,7,1.0,0,calibrated_quantile,2025-10-03;2025-10-04;2025-10-05;2025-10-06;2025-10-07;2025-10-08;2025-10-09;2025-10-10;2025-10-11;2025-10-12;2025-10-13;2025-10-14;2025-10-15;2025-10-16;2025-10-17;2025-10-18;2025-10-19;2025-10-20;2025-10-21;2025-10-22;2025-10-23;2025-10-24;2025-10-25;2025-10-26;2025-10-27;2025-10-28;2025-10-29;2025-10-30,28,7399.127375305184,2025-10-03;2025-10-04;2025-10-05;2025-10-06;2025-10-07;2025-10-08;2025-10-09;2025-10-10;2025-10-11;2025-10-12;2025-10-13;2025-10-14;2025-10-15;2025-10-16;2025-10-17;2025-10-18;2025-10-19;2025-10-20;2025-10-21;2025-10-22;2025-10-23;2025-10-24;2025-10-25;2025-10-26;2025-10-27;2025-10-28;2025-10-29;2025-10-30,2025-10-17;2025-10-18;2025-10-19;2025-10-20;2025-10-21;2025-10-22;2025-10-23;2025-10-24;2025-10-25;2025-10-26;2025-10-27;2025-10-28;2025-10-29;2025-10-30,,2025-10-30,0.0,1200.0,1200.0,15.730215784316833,20.012051167118674,24.623898439826128,49.07525887439133,36375.70194892384,371.61785558076207,9483.353038749043,19725.87324121851,921.742667151108,20647.61590836962,19725.87324121851,19725.87322149264,32005.322133425725,1322.8190922724716,lexicographic,1.972587322149264e-05,3.20053221014204e-05,False,0.17097800000192365,0.0,1,0
2025-11-01,False,calendar_trend,4,1.0,7,1.0,0,calibrated_quantile,2025-10-04;2025-10-05;2025-10-06;2025-10-07;2025-10-08;2025-10-09;2025-10-10;2025-10-11;2025-10-12;2025-10-13;2025-10-14;2025-10-15;2025-10-16;2025-10-17;2025-10-18;2025-10-19;2025-10-20;2025-10-21;2025-10-22;2025-10-23;2025-10-24;2025-10-25;2025-10-26;2025-10-27;2025-10-28;2025-10-29;2025-10-30;2025-10-31,28,7544.357028669034,2025-10-04;2025-10-05;2025-10-06;2025-10-07;2025-10-08;2025-10-09;2025-10-10;2025-10-11;2025-10-12;2025-10-13;2025-10-14;2025-10-15;2025-10-16;2025-10-17;2025-10-18;2025-10-19;2025-10-20;2025-10-21;2025-10-22;2025-10-23;2025-10-24;2025-10-25;2025-10-26;2025-10-27;2025-10-28;2025-10-29;2025-10-30;2025-10-31,2025-10-18;2025-10-19;2025-10-20;2025-10-21;2025-10-22;2025-10-23;2025-10-24;2025-10-25;2025-10-26;2025-10-27;2025-10-28;2025-10-29;2025-10-30;2025-10-31,,2025-10-31,0.0,1200.0,1200.0,17.51926359022805,22.68615067985649,10.325388138510286,21.600435757284544,36707.070025376786,161.72210782198744,10951.5511399304,19915.08886611349,363.83923757757907,20278.92810369107,19915.088866113492,19915.0888461984,32134.19280780224,1319.913302247325,lexicographic,1.9915088846198402e-05,3.213419277566805e-05,False,0.2057141999976011,0.0,1,0
2025-11-02,False,calendar_trend,4,1.0,7,1.0,0,calibrated_quantile,2025-10-05;2025-10-06;2025-10-07;2025-10-08;2025-10-09;2025-10-10;2025-10-11;2025-10-12;2025-10-13;2025-10-14;2025-10-15;2025-10-16;2025-10-17;2025-10-18;2025-10-19;2025-10-20;2025-10-21;2025-10-22;2025-10-23;2025-10-24;2025-10-25;2025-10-26;2025-10-27;2025-10-28;2025-10-29;2025-10-30;2025-10-31;2025-11-01,28,7515.976903682617,2025-10-05;2025-10-06;2025-10-07;2025-10-08;2025-10-09;2025-10-10;2025-10-11;2025-10-12;2025-10-13;2025-10-14;2025-10-15;2025-10-16;2025-10-17;2025-10-18;2025-10-19;2025-10-20;2025-10-21;2025-10-22;2025-10-23;2025-10-24;2025-10-25;2025-10-26;2025-10-27;2025-10-28;2025-10-29;2025-10-30;2025-10-31;2025-11-01,2025-10-19;2025-10-20;2025-10-21;2025-10-22;2025-10-23;2025-10-24;2025-10-25;2025-10-26;2025-10-27;2025-10-28;2025-10-29;2025-10-30;2025-10-31;2025-11-01,,2025-11-01,0.0,1200.0,1200.0,19.79443428190524,25.11673762444173,13.910073702138696,26.701532461925648,79088.85067410977,258.97187359082574,6086.506026198818,49510.16168132877,925.5240467154374,50435.685728044205,49510.16168132876,49510.161631818584,42534.35781360474,1478.0962973470237,lexicographic,4.9510161631818585e-05,4.253435777107038e-05,False,0.15848650000043563,0.0,1,0
2025-11-03,False,calendar_trend,4,1.0,7,1.0,0,calibrated_quantile,2025-10-06;2025-10-07;2025-10-08;2025-10-09;2025-10-10;2025-10-11;2025-10-12;2025-10-13;2025-10-14;2025-10-15;2025-10-16;2025-10-17;2025-10-18;2025-10-19;2025-10-20;2025-10-21;2025-10-22;2025-10-23;2025-10-24;2025-10-25;2025-10-26;2025-10-27;2025-10-28;2025-10-29;2025-10-30;2025-10-31;2025-11-01;2025-11-02,28,7501.1942601422215,2025-10-06;2025-10-07;2025-10-08;2025-10-09;2025-10-10;2025-10-11;2025-10-12;2025-10-13;2025-10-14;2025-10-15;2025-10-16;2025-10-17;2025-10-18;2025-10-19;2025-10-20;2025-10-21;2025-10-22;2025-10-23;2025-10-24;2025-10-25;2025-10-26;2025-10-27;2025-10-28;2025-10-29;2025-10-30;2025-10-31;2025-11-01;2025-11-02,2025-10-20;2025-10-21;2025-10-22;2025-10-23;2025-10-24;2025-10-25;2025-10-26;2025-10-27;2025-10-28;2025-10-29;2025-10-30;2025-10-31;2025-11-01;2025-11-02,,2025-11-02,0.0,1200.0,1200.0,18.65159763248483,23.336909072121752,20.27995326850559,41.033464729898164,80106.71154160878,345.0695894415666,6470.204096157092,50380.172607413224,1027.714176682859,51407.88678409608,50380.172607413224,50380.17255703306,42645.95063328135,1475.8524630514094,lexicographic,5.0380172557033063e-05,4.26459505906354e-05,False,0.11183580000215443,0.0,1,0
2025-11-04,False,calendar_trend,4,1.0,7,1.0,0,calibrated_quantile,2025-10-07;2025-10-08;2025-10-09;2025-10-10;2025-10-11;2025-10-12;2025-10-13;2025-10-14;2025-10-15;2025-10-16;2025-10-17;2025-10-18;2025-10-19;2025-10-20;2025-10-21;2025-10-22;2025-10-23;2025-10-24;2025-10-25;2025-10-26;2025-10-27;2025-10-28;2025-10-29;2025-10-30;2025-10-31;2025-11-01;2025-11-02;2025-11-03,28,7479.0177312322485,2025-10-07;2025-10-08;2025-10-09;2025-10-10;2025-10-11;2025-10-12;2025-10-13;2025-10-14;2025-10-15;2025-10-16;2025-10-17;2025-10-18;2025-10-19;2025-10-20;2025-10-21;2025-10-22;2025-10-23;2025-10-24;2025-10-25;2025-10-26;2025-10-27;2025-10-28;2025-10-29;2025-10-30;2025-10-31;2025-11-01;2025-11-02;2025-11-03,2025-10-21;2025-10-22;2025-10-23;2025-10-24;2025-10-25;2025-10-26;2025-10-27;2025-10-28;2025-10-29;2025-10-30;2025-10-31;2025-11-01;2025-11-02;2025-11-03,,2025-11-03,0.0,1200.0,1200.0,24.121854662367564,29.178148142441515,16.89740315176348,35.5700287504804,80485.93756689208,161.13357010858522,8632.07830071852,50468.3170654001,581.5544320528087,51049.87149745291,50468.3170654001,50468.3170149318,42248.456070196684,1501.7209732451397,lexicographic,5.046831701493181e-05,4.2248456027948225e-05,False,0.12511670000094455,0.0,1,0
2025-11-05,False,calendar_trend,4,1.0,7,1.0,0,calibrated_quantile,2025-10-08;2025-10-09;2025-10-10;2025-10-11;2025-10-12;2025-10-13;2025-10-14;2025-10-15;2025-10-16;2025-10-17;2025-10-18;2025-10-19;2025-10-20;2025-10-21;2025-10-22;2025-10-23;2025-10-24;2025-10-25;2025-10-26;2025-10-27;2025-10-28;2025-10-29;2025-10-30;2025-10-31;2025-11-01;2025-11-02;2025-11-03;2025-11-04,28,7410.6474053993925,2025-10-08;2025-10-09;2025-10-10;2025-10-11;2025-10-12;2025-10-13;2025-10-14;2025-10-15;2025-10-16;2025-10-17;2025-10-18;2025-10-19;2025-10-20;2025-10-21;2025-10-22;2025-10-23;2025-10-24;2025-10-25;2025-10-26;2025-10-27;2025-10-28;2025-10-29;2025-10-30;2025-10-31;2025-11-01;2025-11-02;2025-11-03;2025-11-04,2025-10-22;2025-10-23;2025-10-24;2025-10-25;2025-10-26;2025-10-27;2025-10-28;2025-10-29;2025-10-30;2025-10-31;2025-11-01;2025-11-02;2025-11-03;2025-11-04,,2025-11-04,0.0,1200.0,1200.0,18.600564933766794,23.077278140563063,10.67731608444197,21.205499668517213,80538.37356580171,200.18717330613876,6632.314670577687,50674.719406758675,520.6933361891083,51195.41274294778,50674.719406758675,50674.719356083966,42184.67928091022,1471.259365206975,lexicographic,5.067471935608397e-05,4.2184679238725535e-05,False,0.11918169999989914,0.0,1,0
2025-11-06,False,calendar_trend,4,1.0,7,1.0,0,calibrated_quantile,2025-10-09;2025-10-10;2025-10-11;2025-10-12;2025-10-13;2025-10-14;2025-10-15;2025-10-16;2025-10-17;2025-10-18;2025-10-19;2025-10-20;2025-10-21;2025-10-22;2025-10-23;2025-10-24;2025-10-25;2025-10-26;2025-10-27;2025-10-28;2025-10-29;2025-10-30;2025-10-31;2025-11-01;2025-11-02;2025-11-03;2025-11-04;2025-11-05,28,7202.775307609563,2025-10-09;2025-10-10;2025-10-11;2025-10-12;2025-10-13;2025-10-14;2025-10-15;2025-10-16;2025-10-17;2025-10-18;2025-10-19;2025-10-20;2025-10-21;2025-10-22;2025-10-23;2025-10-24;2025-10-25;2025-10-26;2025-10-27;2025-10-28;2025-10-29;2025-10-30;2025-10-31;2025-11-01;2025-11-02;2025-11-03;2025-11-04;2025-11-05,2025-10-23;2025-10-24;2025-10-25;2025-10-26;2025-10-27;2025-10-28;2025-10-29;2025-10-30;2025-10-31;2025-11-01;2025-11-02;2025-11-03;2025-11-04;2025-11-05,,2025-11-05,0.0,1200.0,1200.0,17.66327331549356,23.50641138456953,22.27941925061238,40.198476804369584,80833.46110594484,671.9053256327576,5700.666165539487,50855.386348408094,3001.2997696771827,53856.68611808528,50855.3863484081,50855.38629755271,42250.31287383683,1464.154623965984,lexicographic,5.085538629755271e-05,4.2250312831586526e-05,False,0.1502024999972491,0.0,1,0
2025-11-07,False,calendar_trend,4,1.0,7,1.0,0,calibrated_quantile,2025-10-10;2025-10-11;2025-10-12;2025-10-13;2025-10-14;2025-10-15;2025-10-16;2025-10-17;2025-10-18;2025-10-19;2025-10-20;2025-10-21;2025-10-22;2025-10-23;2025-10-24;2025-10-25;2025-10-26;2025-10-27;2025-10-28;2025-10-29;2025-10-30;2025-10-31;2025-11-01;2025-11-02;2025-11-03;2025-11-04;2025-11-05;2025-11-06,28,7234.0313952894685,2025-10-10;2025-10-11;2025-10-12;2025-10-13;2025-10-14;2025-10-15;2025-10-16;2025-10-17;2025-10-18;2025-10-19;2025-10-20;2025-10-21;2025-10-22;2025-10-23;2025-10-24;2025-10-25;2025-10-26;2025-10-27;2025-10-28;2025-10-29;2025-10-30;2025-10-31;2025-11-01;2025-11-02;2025-11-03;2025-11-04;2025-11-05;2025-11-06,2025-10-24;2025-10-25;2025-10-26;2025-10-27;2025-10-28;2025-10-29;2025-10-30;2025-10-31;2025-11-01;2025-11-02;2025-11-03;2025-11-04;2025-11-05;2025-11-06,,2025-11-06,0.0,1200.0,1200.0,17.147483241503735,20.73965100984859,25.9624083322326,46.287366146322114,37146.296730470116,113.74935033520316,10488.234963388873,20064.728491742404,509.3019683427394,20574.030460085145,20064.728491742404,20064.72847167767,32897.69628784443,1323.8761932666446,lexicographic,2.006472847167767e-05,3.2897696254946954e-05,False,0.22995889999947394,0.0,1,0
2025-11-08,False,calendar_trend,4,1.0,7,1.0,0,calibrated_quantile,2025-10-11;2025-10-12;2025-10-13;2025-10-14;2025-10-15;2025-10-16;2025-10-17;2025-10-18;2025-10-19;2025-10-20;2025-10-21;2025-10-22;2025-10-23;2025-10-24;2025-10-25;2025-10-26;2025-10-27;2025-10-28;2025-10-29;2025-10-30;2025-10-31;2025-11-01;2025-11-02;2025-11-03;2025-11-04;2025-11-05;2025-11-06;2025-11-07,28,7199.078669959481,2025-10-11;2025-10-12;2025-10-13;2025-10-14;2025-10-15;2025-10-16;2025-10-17;2025-10-18;2025-10-19;2025-10-20;2025-10-21;2025-10-22;2025-10-23;2025-10-24;2025-10-25;2025-10-26;2025-10-27;2025-10-28;2025-10-29;2025-10-30;2025-10-31;2025-11-01;2025-11-02;2025-11-03;2025-11-04;2025-11-05;2025-11-06;2025-11-07,2025-10-25;2025-10-26;2025-10-27;2025-10-28;2025-10-29;2025-10-30;2025-10-31;2025-11-01;2025-11-02;2025-11-03;2025-11-04;2025-11-05;2025-11-06;2025-11-07,,2025-11-07,0.0,1200.0,1200.0,16.84650936681992,21.1059736439722,10.470371995930293,19.984345515347936,37225.72893202118,83.32191823909363,10029.609700108616,19987.329259740647,213.98228545608697,20201.311545196735,19987.329259740647,19987.329239753322,33230.019109339395,1313.0812672416378,lexicographic,1.9987329239753323e-05,3.3230019076109363e-05,False,0.15850199999840697,0.0,1,0
2025-11-09,False,calendar_trend,4,1.0,7,1.0,0,calibrated_quantile,2025-10-12;2025-10-13;2025-10-14;2025-10-15;2025-10-16;2025-10-17;2025-10-18;2025-10-19;2025-10-20;2025-10-21;2025-10-22;2025-10-23;2025-10-24;2025-10-25;2025-10-26;2025-10-27;2025-10-28;2025-10-29;2025-10-30;2025-10-31;2025-11-01;2025-11-02;2025-11-03;2025-11-04;2025-11-05;2025-11-06;2025-11-07;2025-11-08,28,6978.16665411408,2025-10-12;2025-10-13;2025-10-14;2025-10-15;2025-10-16;2025-10-17;2025-10-18;2025-10-19;2025-10-20;2025-10-21;2025-10-22;2025-10-23;2025-10-24;2025-10-25;2025-10-26;2025-10-27;2025-10-28;2025-10-29;2025-10-30;2025-10-31;2025-11-01;2025-11-02;2025-11-03;2025-11-04;2025-11-05;2025-11-06;2025-11-07;2025-11-08,2025-10-26;2025-10-27;2025-10-28;2025-10-29;2025-10-30;2025-10-31;2025-11-01;2025-11-02;2025-11-03;2025-11-04;2025-11-05;2025-11-06;2025-11-07;2025-11-08,,2025-11-08,0.0,1200.0,1200.0,21.142112795891286,26.876701800257386,17.317742319137988,35.30243413911853,81673.87711825126,477.20276738726636,6391.505542820438,51439.849663528556,1797.7313431252041,53237.58100665376,51439.849663528556,51439.84961208871,42037.318203512696,1460.6058961941044,lexicographic,5.143984961208871e-05,4.203731816147539e-05,False,0.10844879999785917,0.0,1,0
2025-11-10,False,calendar_trend,4,1.0,7,1.0,0,calibrated_quantile,2025-10-13;2025-10-14;2025-10-15;2025-10-16;2025-10-17;2025-10-18;2025-10-19;2025-10-20;2025-10-21;2025-10-22;2025-10-23;2025-10-24;2025-10-25;2025-10-26;2025-10-27;2025-10-28;2025-10-29;2025-10-30;2025-10-31;2025-11-01;2025-11-02;2025-11-03;2025-11-04;2025-11-05;2025-11-06;2025-11-07;2025-11-08;2025-11-09,28,6784.948654391805,2025-10-13;2025-10-14;2025-10-15;2025-10-16;2025-10-17;2025-10-18;2025-10-19;2025-10-20;2025-10-21;2025-10-22;2025-10-23;2025-10-24;2025-10-25;2025-10-26;2025-10-27;2025-10-28;2025-10-29;2025-10-30;2025-10-31;2025-11-01;2025-11-02;2025-11-03;2025-11-04;2025-11-05;2025-11-06;2025-11-07;2025-11-08;2025-11-09,2025-10-27;2025-10-28;2025-10-29;2025-10-30;2025-10-31;2025-11-01;2025-11-02;2025-11-03;2025-11-04;2025-11-05;2025-11-06;2025-11-07;2025-11-08;2025-11-09,,2025-11-09,0.0,1200.0,1200.0,20.864178873443947,25.057356254129722,20.192722245505326,35.734220152003736,82287.56628553844,488.3116464297592,4497.468033041844,51871.28692142045,1803.0951942306565,53674.382115651104,51871.286921420455,51871.286869549156,42105.99950556172,1460.5868480555914,lexicographic,5.187128686954916e-05,4.2105999463455714e-05,False,0.16864989999885438,0.0,1,0
2025-11-11,False,calendar_trend,4,1.0,7,1.0,0,calibrated_quantile,2025-10-14;2025-10-15;2025-10-16;2025-10-17;2025-10-18;2025-10-19;2025-10-20;2025-10-21;2025-10-22;2025-10-23;2025-10-24;2025-10-25;2025-10-26;2025-10-27;2025-10-28;2025-10-29;2025-10-30;2025-10-31;2025-11-01;2025-11-02;2025-11-03;2025-11-04;2025-11-05;2025-11-06;2025-11-07;2025-11-08;2025-11-09;2025-11-10,28,6789.172727562389,2025-10-14;2025-10-15;2025-10-16;2025-10-17;2025-10-18;2025-10-19;2025-10-20;2025-10-21;2025-10-22;2025-10-23;2025-10-24;2025-10-25;2025-10-26;2025-10-27;2025-10-28;2025-10-29;2025-10-30;2025-10-31;2025-11-01;2025-11-02;2025-11-03;2025-11-04;2025-11-05;2025-11-06;2025-11-07;2025-11-08;2025-11-09;2025-11-10,2025-10-28;2025-10-29;2025-10-30;2025-10-31;2025-11-01;2025-11-02;2025-11-03;2025-11-04;2025-11-05;2025-11-06;2025-11-07;2025-11-08;2025-11-09;2025-11-10,,2025-11-10,0.0,1200.0,1200.0,15.859410983053657,19.711903499187944,10.652390419407075,21.418101862120984,82816.00424723589,82.40035152840372,6901.12904902845,52221.57141155033,179.60642264400758,52401.177834194335,52221.571411550336,52221.57135932876,42280.22709660654,1487.7406608993867,lexicographic,5.222157135932876e-05,4.228022705432632e-05,False,0.1286080000027141,0.0,1,0
2025-11-12,False,calendar_trend,4,1.0,7,1.0,0,calibrated_quantile,2025-10-15;2025-10-16;2025-10-17;2025-10-18;2025-10-19;2025-10-20;2025-10-21;2025-10-22;2025-10-23;2025-10-24;2025-10-25;2025-10-26;2025-10-27;2025-10-28;2025-10-29;2025-10-30;2025-10-31;2025-11-01;2025-11-02;2025-11-03;2025-11-04;2025-11-05;2025-11-06;2025-11-07;2025-11-08;2025-11-09;2025-11-10;2025-11-11,28,6488.108823578691,2025-10-15;2025-10-16;2025-10-17;2025-10-18;2025-10-19;2025-10-20;2025-10-21;2025-10-22;2025-10-23;2025-10-24;2025-10-25;2025-10-26;2025-10-27;2025-10-28;2025-10-29;2025-10-30;2025-10-31;2025-11-01;2025-11-02;2025-11-03;2025-11-04;2025-11-05;2025-11-06;2025-11-07;2025-11-08;2025-11-09;2025-11-10;2025-11-11,2025-10-29;2025-10-30;2025-10-31;2025-11-01;2025-11-02;2025-11-03;2025-11-04;2025-11-05;2025-11-06;2025-11-07;2025-11-08;2025-11-09;2025-11-10;2025-11-11,,2025-11-11,0.0,1200.0,1200.0,19.425545572856095,24.355347836723602,14.549753517242854,29.631499319531983,82603.70767137915,126.19174126415146,7360.12529114927,52118.82008576292,557.9296422089914,52676.74972797191,52118.82008576293,52118.820033644115,42047.122802127255,1464.3570339084354,lexicographic,5.2118820033644116e-05,4.2047122760080136e-05,False,0.12223749999975553,0.0,1,0
2025-11-13,False,calendar_trend,4,1.0,7,1.0,0,calibrated_quantile,2025-10-16;2025-10-17;2025-10-18;2025-10-19;2025-10-20;2025-10-21;2025-10-22;2025-10-23;2025-10-24;2025-10-25;2025-10-26;2025-10-27;2025-10-28;2025-10-29;2025-10-30;2025-10-31;2025-11-01;2025-11-02;2025-11-03;2025-11-04;2025-11-05;2025-11-06;2025-11-07;2025-11-08;2025-11-09;2025-11-10;2025-11-11;2025-11-12,28,6243.672580606475,2025-10-16;2025-10-17;2025-10-18;2025-10-19;2025-10-20;2025-10-21;2025-10-22;2025-10-23;2025-10-24;2025-10-25;2025-10-26;2025-10-27;2025-10-28;2025-10-29;2025-10-30;2025-10-31;2025-11-01;2025-11-02;2025-11-03;2025-11-04;2025-11-05;2025-11-06;2025-11-07;2025-11-08;2025-11-09;2025-11-10;2025-11-11;2025-11-12,2025-10-30;2025-10-31;2025-11-01;2025-11-02;2025-11-03;2025-11-04;2025-11-05;2025-11-06;2025-11-07;2025-11-08;2025-11-09;2025-11-10;2025-11-11;2025-11-12,,2025-11-12,0.0,1200.0,1200.0,17.250307248978572,21.930227014345707,21.685341377851195,42.689967365420664,82419.50849236705,429.2305873212757,6005.973380155612,52066.4685072125,1272.3992236120125,53338.86773082451,52066.4685072125,52066.46845514603,42362.52017361869,1462.5331094184394,lexicographic,5.206646845514603e-05,4.2362520131256166e-05,False,0.13275119999889284,0.0,1,0
2025-11-14,False,calendar_trend,4,1.0,7,1.0,0,calibrated_quantile,2025-10-17;2025-10-18;2025-10-19;2025-10-20;2025-10-21;2025-10-22;2025-10-23;2025-10-24;2025-10-25;2025-10-26;2025-10-27;2025-10-28;2025-10-29;2025-10-30;2025-10-31;2025-11-01;2025-11-02;2025-11-03;2025-11-04;2025-11-05;2025-11-06;2025-11-07;2025-11-08;2025-11-09;2025-11-10;2025-11-11;2025-11-12;2025-11-13,28,6130.912571159644,2025-10-17;2025-10-18;2025-10-19;2025-10-20;2025-10-21;2025-10-22;2025-10-23;2025-10-24;2025-10-25;2025-10-26;2025-10-27;2025-10-28;2025-10-29;2025-10-30;2025-10-31;2025-11-01;2025-11-02;2025-11-03;2025-11-04;2025-11-05;2025-11-06;2025-11-07;2025-11-08;2025-11-09;2025-11-10;2025-11-11;2025-11-12;2025-11-13,2025-10-31;2025-11-01;2025-11-02;2025-11-03;2025-11-04;2025-11-05;2025-11-06;2025-11-07;2025-11-08;2025-11-09;2025-11-10;2025-11-11;2025-11-12;2025-11-13,,2025-11-13,0.0,1200.0,1200.0,15.631625874399768,19.76266362592792,16.06750007533501,31.399778092700398,37388.379010792625,143.90138816680684,6372.4928736921165,20070.931636613153,471.6944990096481,20542.626135622802,20070.931636613153,20070.93161654222,33926.37540912554,1302.450661669976,lexicographic,2.007093161654222e-05,3.3926375375199166e-05,False,0.16176890000133426,0.0,1,0
2025-11-15,False,calendar_trend,4,1.0,7,1.0,0,calibrated_quantile,2025-10-18;2025-10-19;2025-10-20;2025-10-21;2025-10-22;2025-10-23;2025-10-24;2025-10-25;2025-10-26;2025-10-27;2025-10-28;2025-10-29;2025-10-30;2025-10-31;2025-11-01;2025-11-02;2025-11-03;2025-11-04;2025-11-05;2025-11-06;2025-11-07;2025-11-08;2025-11-09;2025-11-10;2025-11-11;2025-11-12;2025-11-13;2025-11-14,28,6097.259444159137,2025-10-18;2025-10-19;2025-10-20;2025-10-21;2025-10-22;2025-10-23;2025-10-24;2025-10-25;2025-10-26;2025-10-27;2025-10-28;2025-10-29;2025-10-30;2025-10-31;2025-11-01;2025-11-02;2025-11-03;2025-11-04;2025-11-05;2025-11-06;2025-11-07;2025-11-08;2025-11-09;2025-11-10;2025-11-11;2025-11-12;2025-11-13;2025-11-14,2025-11-01;2025-11-02;2025-11-03;2025-11-04;2025-11-05;2025-11-06;2025-11-07;2025-11-08;2025-11-09;2025-11-10;2025-11-11;2025-11-12;2025-11-13;2025-11-14,,2025-11-14,0.0,1200.0,1200.0,16.725698582111413,21.119087453965747,8.540166706117866,18.47923039671019,37305.21460222863,281.4742809315362,5841.829337616221,19959.316645325627,1034.2524113577138,20993.56905668334,19959.316645325627,19959.316625366315,33656.21293825208,1297.1435011276606,lexicographic,1.9959316625366316e-05,3.3656212938251685e-05,False,0.17772100000001956,0.0,1,0
2025-11-16,False,calendar_trend,4,1.0,7,1.0,0,calibrated_quantile,2025-10-19;2025-10-20;2025-10-21;2025-10-22;2025-10-23;2025-10-24;2025-10-25;2025-10-26;2025-10-27;2025-10-28;2025-10-29;2025-10-30;2025-10-31;2025-11-01;2025-11-02;2025-11-03;2025-11-04;2025-11-05;2025-11-06;2025-11-07;2025-11-08;2025-11-09;2025-11-10;2025-11-11;2025-11-12;2025-11-13;2025-11-14;2025-11-15,28,6123.471620618744,2025-10-19;2025-10-20;2025-10-21;2025-10-22;2025-10-23;2025-10-24;2025-10-25;2025-10-26;2025-10-27;2025-10-28;2025-10-29;2025-10-30;2025-10-31;2025-11-01;2025-11-02;2025-11-03;2025-11-04;2025-11-05;2025-11-06;2025-11-07;2025-11-08;2025-11-09;2025-11-10;2025-11-11;2025-11-12;2025-11-13;2025-11-14;2025-11-15,2025-11-02;2025-11-03;2025-11-04;2025-11-05;2025-11-06;2025-11-07;2025-11-08;2025-11-09;2025-11-10;2025-11-11;2025-11-12;2025-11-13;2025-11-14;2025-11-15,,2025-11-15,0.0,1200.0,1200.0,22.284804456361897,27.79518347897304,14.384391001650808,31.803339687078427,83833.53752133742,548.5788604341641,5424.827862027765,52988.14633707943,2121.4033908410343,55109.549727920465,52988.14633707943,52988.14628409129,43085.08887843685,1460.7168395338317,lexicographic,5.2988146284091294e-05,4.308508883535176e-05,False,0.06239049999931012,0.0,1,0
2025-11-17,False,calendar_trend,4,1.0,7,1.0,0,calibrated_quantile,2025-10-20;2025-10-21;2025-10-22;2025-10-23;2025-10-24;2025-10-25;2025-10-26;2025-10-27;2025-10-28;2025-10-29;2025-10-30;2025-10-31;2025-11-01;2025-11-02;2025-11-03;2025-11-04;2025-11-05;2025-11-06;2025-11-07;2025-11-08;2025-11-09;2025-11-10;2025-11-11;2025-11-12;2025-11-13;2025-11-14;2025-11-15;2025-11-16,28,6078.435638976781,2025-10-20;2025-10-21;2025-10-22;2025-10-23;2025-10-24;2025-10-25;2025-10-26;2025-10-27;2025-10-28;2025-10-29;2025-10-30;2025-10-31;2025-11-01;2025-11-02;2025-11-03;2025-11-04;2025-11-05;2025-11-06;2025-11-07;2025-11-08;2025-11-09;2025-11-10;2025-11-11;2025-11-12;2025-11-13;2025-11-14;2025-11-15;2025-11-16,2025-11-03;2025-11-04;2025-11-05;2025-11-06;2025-11-07;2025-11-08;2025-11-09;2025-11-10;2025-11-11;2025-11-12;2025-11-13;2025-11-14;2025-11-15;2025-11-16,,2025-11-16,0.0,1200.0,1200.0,19.80031289482021,24.55116444633293,11.80232257393517,22.822770770817883,85011.11911650073,113.34703581533864,7797.3814297207755,53799.05797010666,317.9178288655359,54116.9757989722,53799.05797010667,53799.05791630761,44119.515813495644,1459.2923280687216,lexicographic,5.379905791630761e-05,4.411951576937613e-05,False,0.06833589999951073,0.0,1,0
2025-11-18,False,calendar_trend,4,1.0,7,1.0,0,calibrated_quantile,2025-10-21;2025-10-22;2025-10-23;2025-10-24;2025-10-25;2025-10-26;2025-10-27;2025-10-28;2025-10-29;2025-10-30;2025-10-31;2025-11-01;2025-11-02;2025-11-03;2025-11-04;2025-11-05;2025-11-06;2025-11-07;2025-11-08;2025-11-09;2025-11-10;2025-11-11;2025-11-12;2025-11-13;2025-11-14;2025-11-15;2025-11-16;2025-11-17,28,5943.49065900484,2025-10-21;2025-10-22;2025-10-23;2025-10-24;2025-10-25;2025-10-26;2025-10-27;2025-10-28;2025-10-29;2025-10-30;2025-10-31;2025-11-01;2025-11-02;2025-11-03;2025-11-04;2025-11-05;2025-11-06;2025-11-07;2025-11-08;2025-11-09;2025-11-10;2025-11-11;2025-11-12;2025-11-13;2025-11-14;2025-11-15;2025-11-16;2025-11-17,2025-11-04;2025-11-05;2025-11-06;2025-11-07;2025-11-08;2025-11-09;2025-11-10;2025-11-11;2025-11-12;2025-11-13;2025-11-14;2025-11-15;2025-11-16;2025-11-17,,2025-11-17,0.0,1200.0,1200.0,19.65971633989148,25.842718106177788,15.249039395768875,32.68404436558465,84488.95574099579,398.78222633093606,5437.18720806192,53397.7948682249,1205.2231473739905,54603.018015598886,53397.7948682249,53397.79481482711,43439.989768084044,1496.6662247109239,lexicographic,5.339779481482711e-05,4.343998972464405e-05,False,0.06820610000067973,4.324535624126794e-07,1,0
2025-11-19,False,calendar_trend,4,1.0,7,1.0,0,calibrated_quantile,2025-10-22;2025-10-23;2025-10-24;2025-10-25;2025-10-26;2025-10-27;2025-10-28;2025-10-29;2025-10-30;2025-10-31;2025-11-01;2025-11-02;2025-11-03;2025-11-04;2025-11-05;2025-11-06;2025-11-07;2025-11-08;2025-11-09;2025-11-10;2025-11-11;2025-11-12;2025-11-13;2025-11-14;2025-11-15;2025-11-16;2025-11-17;2025-11-18,28,5721.638159655948,2025-10-22;2025-10-23;2025-10-24;2025-10-25;2025-10-26;2025-10-27;2025-10-28;2025-10-29;2025-10-30;2025-10-31;2025-11-01;2025-11-02;2025-11-03;2025-11-04;2025-11-05;2025-11-06;2025-11-07;2025-11-08;2025-11-09;2025-11-10;2025-11-11;2025-11-12;2025-11-13;2025-11-14;2025-11-15;2025-11-16;2025-11-17;2025-11-18,2025-11-05;2025-11-06;2025-11-07;2025-11-08;2025-11-09;2025-11-10;2025-11-11;2025-11-12;2025-11-13;2025-11-14;2025-11-15;2025-11-16;2025-11-17;2025-11-18,,2025-11-18,0.0,1200.0,1200.0,18.49624152702085,23.550253358549675,12.906033821327014,25.769765163656245,84588.80900202354,357.9057162707254,5018.4041935617015,53457.12788244039,1266.7327857938221,54723.860668234214,53457.1278824404,53457.127828983255,43439.98975666294,1462.2622214876933,lexicographic,5.345712782898326e-05,4.343998971322295e-05,False,0.06930629999988014,2.7068061213931734e-08,1,0
2025-11-20,False,calendar_trend,4,1.0,7,1.0,0,calibrated_quantile,2025-10-23;2025-10-24;2025-10-25;2025-10-26;2025-10-27;2025-10-28;2025-10-29;2025-10-30;2025-10-31;2025-11-01;2025-11-02;2025-11-03;2025-11-04;2025-11-05;2025-11-06;2025-11-07;2025-11-08;2025-11-09;2025-11-10;2025-11-11;2025-11-12;2025-11-13;2025-11-14;2025-11-15;2025-11-16;2025-11-17;2025-11-18;2025-11-19,28,5665.0530229675205,2025-10-23;2025-10-24;2025-10-25;2025-10-26;2025-10-27;2025-10-28;2025-10-29;2025-10-30;2025-10-31;2025-11-01;2025-11-02;2025-11-03;2025-11-04;2025-11-05;2025-11-06;2025-11-07;2025-11-08;2025-11-09;2025-11-10;2025-11-11;2025-11-12;2025-11-13;2025-11-14;2025-11-15;2025-11-16;2025-11-17;2025-11-18;2025-11-19,2025-11-06;2025-11-07;2025-11-08;2025-11-09;2025-11-10;2025-11-11;2025-11-12;2025-11-13;2025-11-14;2025-11-15;2025-11-16;2025-11-17;2025-11-18;2025-11-19,,2025-11-19,0.0,1200.0,1200.0,17.914750520276552,22.94030471055782,12.175955575110994,24.928895856508394,84792.67638834272,238.08139598450114,5677.682828697286,53577.75230098213,890.868943713948,54468.62124469608,53577.75230098213,53577.75224740439,43439.98973345708,1468.0077919214148,lexicographic,5.357775224740439e-05,4.343998969001709e-05,False,0.0661169000013615,6.705315687770935e-08,1,0
2025-11-21,False,calendar_trend,4,1.0,7,1.0,0,calibrated_quantile,2025-10-24;2025-10-25;2025-10-26;2025-10-27;2025-10-28;2025-10-29;2025-10-30;2025-10-31;2025-11-01;2025-11-02;2025-11-03;2025-11-04;2025-11-05;2025-11-06;2025-11-07;2025-11-08;2025-11-09;2025-11-10;2025-11-11;2025-11-12;2025-11-13;2025-11-14;2025-11-15;2025-11-16;2025-11-17;2025-11-18;2025-11-19;2025-11-20,28,5697.991291558118,2025-10-24;2025-10-25;2025-10-26;2025-10-27;2025-10-28;2025-10-29;2025-10-30;2025-10-31;2025-11-01;2025-11-02;2025-11-03;2025-11-04;2025-11-05;2025-11-06;2025-11-07;2025-11-08;2025-11-09;2025-11-10;2025-11-11;2025-11-12;2025-11-13;2025-11-14;2025-11-15;2025-11-16;2025-11-17;2025-11-18;2025-11-19;2025-11-20,2025-11-07;2025-11-08;2025-11-09;2025-11-10;2025-11-11;2025-11-12;2025-11-13;2025-11-14;2025-11-15;2025-11-16;2025-11-17;2025-11-18;2025-11-19;2025-11-20,,2025-11-20,0.0,1200.0,1200.0,16.421915130271834,20.86042533325814,10.339581698190727,21.275944175575226,38804.371540486514,160.92983935156937,6519.322970182095,20821.741912943915,408.10137344496934,21229.843286388885,20821.74191294391,20821.741892728176,34119.39874110884,1314.4914293510396,lexicographic,2.082174189272818e-05,3.411939870698944e-05,False,0.22974570000224048,0.0,1,0
2025-11-22,False,calendar_trend,4,1.0,7,1.0,0,calibrated_quantile,2025-10-25;2025-10-26;2025-10-27;2025-10-28;2025-10-29;2025-10-30;2025-10-31;2025-11-01;2025-11-02;2025-11-03;2025-11-04;2025-11-05;2025-11-06;2025-11-07;2025-11-08;2025-11-09;2025-11-10;2025-11-11;2025-11-12;2025-11-13;2025-11-14;2025-11-15;2025-11-16;2025-11-17;2025-11-18;2025-11-19;2025-11-20;2025-11-21,28,5704.559072702685,2025-10-25;2025-10-26;2025-10-27;2025-10-28;2025-10-29;2025-10-30;2025-10-31;2025-11-01;2025-11-02;2025-11-03;2025-11-04;2025-11-05;2025-11-06;2025-11-07;2025-11-08;2025-11-09;2025-11-10;2025-11-11;2025-11-12;2025-11-13;2025-11-14;2025-11-15;2025-11-16;2025-11-17;2025-11-18;2025-11-19;2025-11-20;2025-11-21,2025-11-08;2025-11-09;2025-11-10;2025-11-11;2025-11-12;2025-11-13;2025-11-14;2025-11-15;2025-11-16;2025-11-17;2025-11-18;2025-11-19;2025-11-20;2025-11-21,,2025-11-21,0.0,1200.0,1200.0,18.44555265164845,21.669605270139016,10.596550817636551,22.008371786030455,38950.181568397835,204.99045859828672,5346.79953513845,20738.250794534528,797.495832267764,21535.74662680229,20738.250794534528,20738.250773796273,34185.59392331069,1315.6343904184132,lexicographic,2.0738250773796274e-05,3.418559392331067e-05,False,0.27729140000155894,0.0,1,0
2025-11-23,False,calendar_trend,4,1.0,7,1.0,0,calibrated_quantile,2025-10-26;2025-10-27;2025-10-28;2025-10-29;2025-10-30;2025-10-31;2025-11-01;2025-11-02;2025-11-03;2025-11-04;2025-11-05;2025-11-06;2025-11-07;2025-11-08;2025-11-09;2025-11-10;2025-11-11;2025-11-12;2025-11-13;2025-11-14;2025-11-15;2025-11-16;2025-11-17;2025-11-18;2025-11-19;2025-11-20;2025-11-21;2025-11-22,28,5758.885203414085,2025-10-26;2025-10-27;2025-10-28;2025-10-29;2025-10-30;2025-10-31;2025-11-01;2025-11-02;2025-11-03;2025-11-04;2025-11-05;2025-11-06;2025-11-07;2025-11-08;2025-11-09;2025-11-10;2025-11-11;2025-11-12;2025-11-13;2025-11-14;2025-11-15;2025-11-16;2025-11-17;2025-11-18;2025-11-19;2025-11-20;2025-11-21;2025-11-22,2025-11-09;2025-11-10;2025-11-11;2025-11-12;2025-11-13;2025-11-14;2025-11-15;2025-11-16;2025-11-17;2025-11-18;2025-11-19;2025-11-20;2025-11-21;2025-11-22,,2025-11-22,0.0,1200.0,1200.0,17.98745106765255,22.451912554773948,22.80549826762936,41.35063559356387,85677.85207073422,505.5193309548025,6339.876924750227,54021.933078268165,2264.086134224617,56286.019212492785,54021.933078268165,54021.933024246246,43929.635423294254,1462.709779997653,lexicographic,5.4021933024246246e-05,4.392963537936462e-05,False,0.06834769999841228,0.0,1,0
2025-11-24,False,calendar_trend,4,1.0,7,1.0,0,calibrated_quantile,2025-10-27;2025-10-28;2025-10-29;2025-10-30;2025-10-31;2025-11-01;2025-11-02;2025-11-03;2025-11-04;2025-11-05;2025-11-06;2025-11-07;2025-11-08;2025-11-09;2025-11-10;2025-11-11;2025-11-12;2025-11-13;2025-11-14;2025-11-15;2025-11-16;2025-11-17;2025-11-18;2025-11-19;2025-11-20;2025-11-21;2025-11-22;2025-11-23,28,5890.43868720979,2025-10-27;2025-10-28;2025-10-29;2025-10-30;2025-10-31;2025-11-01;2025-11-02;2025-11-03;2025-11-04;2025-11-05;2025-11-06;2025-11-07;2025-11-08;2025-11-09;2025-11-10;2025-11-11;2025-11-12;2025-11-13;2025-11-14;2025-11-15;2025-11-16;2025-11-17;2025-11-18;2025-11-19;2025-11-20;2025-11-21;2025-11-22;2025-11-23,2025-11-10;2025-11-11;2025-11-12;2025-11-13;2025-11-14;2025-11-15;2025-11-16;2025-11-17;2025-11-18;2025-11-19;2025-11-20;2025-11-21;2025-11-22;2025-11-23,,2025-11-23,0.0,1200.0,1200.0,17.59969101449204,21.16340401992987,17.46356530877942,37.02865619922746,86207.73563292954,208.13620866470745,7605.600253843873,54400.67781176788,784.0193889437035,55184.697200711584,54400.67781176788,54400.677757367186,44281.43935172743,1463.6113768614578,lexicographic,5.440067775736719e-05,4.428143930744598e-05,False,0.07352100000207429,0.0,1,0
2025-11-25,False,calendar_trend,4,1.0,7,1.0,0,calibrated_quantile,2025-10-28;2025-10-29;2025-10-30;2025-10-31;2025-11-01;2025-11-02;2025-11-03;2025-11-04;2025-11-05;2025-11-06;2025-11-07;2025-11-08;2025-11-09;2025-11-10;2025-11-11;2025-11-12;2025-11-13;2025-11-14;2025-11-15;2025-11-16;2025-11-17;2025-11-18;2025-11-19;2025-11-20;2025-11-21;2025-11-22;2025-11-23;2025-11-24,28,5926.298338895365,2025-10-28;2025-10-29;2025-10-30;2025-10-31;2025-11-01;2025-11-02;2025-11-03;2025-11-04;2025-11-05;2025-11-06;2025-11-07;2025-11-08;2025-11-09;2025-11-10;2025-11-11;2025-11-12;2025-11-13;2025-11-14;2025-11-15;2025-11-16;2025-11-17;2025-11-18;2025-11-19;2025-11-20;2025-11-21;2025-11-22;2025-11-23;2025-11-24,2025-11-11;2025-11-12;2025-11-13;2025-11-14;2025-11-15;2025-11-16;2025-11-17;2025-11-18;2025-11-19;2025-11-20;2025-11-21;2025-11-22;2025-11-23;2025-11-24,,2025-11-24,0.0,1200.0,1200.0,19.830326249492188,25.18607981529142,9.863435952598161,19.122492289425843,86048.24164599588,227.73767577756774,5444.708357966334,54301.7430453666,929.089834455254,55230.83287982186,54301.7430453666,54301.74299106487,44417.49999907486,1480.4423535154197,lexicographic,5.430174299106487e-05,4.441749995465736e-05,False,0.07154009999794653,0.0,1,0
2025-11-26,False,calendar_trend,4,1.0,7,1.0,0,calibrated_quantile,2025-10-29;2025-10-30;2025-10-31;2025-11-01;2025-11-02;2025-11-03;2025-11-04;2025-11-05;2025-11-06;2025-11-07;2025-11-08;2025-11-09;2025-11-10;2025-11-11;2025-11-12;2025-11-13;2025-11-14;2025-11-15;2025-11-16;2025-11-17;2025-11-18;2025-11-19;2025-11-20;2025-11-21;2025-11-22;2025-11-23;2025-11-24;2025-11-25,28,5923.090475116214,2025-10-29;2025-10-30;2025-10-31;2025-11-01;2025-11-02;2025-11-03;2025-11-04;2025-11-05;2025-11-06;2025-11-07;2025-11-08;2025-11-09;2025-11-10;2025-11-11;2025-11-12;2025-11-13;2025-11-14;2025-11-15;2025-11-16;2025-11-17;2025-11-18;2025-11-19;2025-11-20;2025-11-21;2025-11-22;2025-11-23;2025-11-24;2025-11-25,2025-11-12;2025-11-13;2025-11-14;2025-11-15;2025-11-16;2025-11-17;2025-11-18;2025-11-19;2025-11-20;2025-11-21;2025-11-22;2025-11-23;2025-11-24;2025-11-25,,2025-11-25,0.0,1200.0,1200.0,19.81773961972087,25.111240677300774,10.897566158402364,23.02612863849744,86348.09989149892,195.58841549330208,5142.585777362212,54523.52030359525,795.563750732002,55319.08405432725,54523.52030359526,54523.52024907173,44234.83431472107,1473.2385011557244,lexicographic,5.452352024907173e-05,4.423483427048624e-05,False,0.06526010000015958,0.0,1,0
2025-11-27,False,calendar_trend,4,1.0,7,1.0,0,calibrated_quantile,2025-10-30;2025-10-31;2025-11-01;2025-11-02;2025-11-03;2025-11-04;2025-11-05;2025-11-06;2025-11-07;2025-11-08;2025-11-09;2025-11-10;2025-11-11;2025-11-12;2025-11-13;2025-11-14;2025-11-15;2025-11-16;2025-11-17;2025-11-18;2025-11-19;2025-11-20;2025-11-21;2025-11-22;2025-11-23;2025-11-24;2025-11-25;2025-11-26,28,5665.346159837431,2025-10-30;2025-10-31;2025-11-01;2025-11-02;2025-11-03;2025-11-04;2025-11-05;2025-11-06;2025-11-07;2025-11-08;2025-11-09;2025-11-10;2025-11-11;2025-11-12;2025-11-13;2025-11-14;2025-11-15;2025-11-16;2025-11-17;2025-11-18;2025-11-19;2025-11-20;2025-11-21;2025-11-22;2025-11-23;2025-11-24;2025-11-25;2025-11-26,2025-11-13;2025-11-14;2025-11-15;2025-11-16;2025-11-17;2025-11-18;2025-11-19;2025-11-20;2025-11-21;2025-11-22;2025-11-23;2025-11-24;2025-11-25;2025-11-26,,2025-11-26,0.0,1200.0,1200.0,17.474321505572828,22.382397322316187,14.358825185102198,27.50869543850983,86093.02037713813,320.8914614487647,5990.947415854796,54451.93237618446,1297.3124546542401,55749.244830838696,54451.93237618446,54451.93232173254,44221.84083058842,1468.2412826927061,lexicographic,5.445193232173254e-05,4.422184078636658e-05,False,0.07389419999890379,0.0,1,0
2025-11-28,False,calendar_trend,4,1.0,7,1.0,0,calibrated_quantile,2025-10-31;2025-11-01;2025-11-02;2025-11-03;2025-11-04;2025-11-05;2025-11-06;2025-11-07;2025-11-08;2025-11-09;2025-11-10;2025-11-11;2025-11-12;2025-11-13;2025-11-14;2025-11-15;2025-11-16;2025-11-17;2025-11-18;2025-11-19;2025-11-20;2025-11-21;2025-11-22;2025-11-23;2025-11-24;2025-11-25;2025-11-26;2025-11-27,28,5662.3629670933815,2025-10-31;2025-11-01;2025-11-02;2025-11-03;2025-11-04;2025-11-05;2025-11-06;2025-11-07;2025-11-08;2025-11-09;2025-11-10;2025-11-11;2025-11-12;2025-11-13;2025-11-14;2025-11-15;2025-11-16;2025-11-17;2025-11-18;2025-11-19;2025-11-20;2025-11-21;2025-11-22;2025-11-23;2025-11-24;2025-11-25;2025-11-26;2025-11-27,2025-11-14;2025-11-15;2025-11-16;2025-11-17;2025-11-18;2025-11-19;2025-11-20;2025-11-21;2025-11-22;2025-11-23;2025-11-24;2025-11-25;2025-11-26;2025-11-27,,2025-11-27,0.0,1200.0,1200.0,17.373896545025985,21.269406843453684,9.67004402462634,18.93962523379972,39636.48298683761,192.0698366144717,5232.473370535572,21156.62411199144,856.1096629442619,22012.733774935703,21156.62411199144,21156.62409083482,35007.694917257315,1332.4926378051175,lexicographic,2.115662409083482e-05,3.500769488224962e-05,False,0.2356538999993063,0.0,1,0
2025-11-29,False,calendar_trend,4,1.0,7,1.0,0,calibrated_quantile,2025-11-01;2025-11-02;2025-11-03;2025-11-04;2025-11-05;2025-11-06;2025-11-07;2025-11-08;2025-11-09;2025-11-10;2025-11-11;2025-11-12;2025-11-13;2025-11-14;2025-11-15;2025-11-16;2025-11-17;2025-11-18;2025-11-19;2025-11-20;2025-11-21;2025-11-22;2025-11-23;2025-11-24;2025-11-25;2025-11-26;2025-11-27;2025-11-28,28,5559.928312246704,2025-11-01;2025-11-02;2025-11-03;2025-11-04;2025-11-05;2025-11-06;2025-11-07;2025-11-08;2025-11-09;2025-11-10;2025-11-11;2025-11-12;2025-11-13;2025-11-14;2025-11-15;2025-11-16;2025-11-17;2025-11-18;2025-11-19;2025-11-20;2025-11-21;2025-11-22;2025-11-23;2025-11-24;2025-11-25;2025-11-26;2025-11-27;2025-11-28,2025-11-15;2025-11-16;2025-11-17;2025-11-18;2025-11-19;2025-11-20;2025-11-21;2025-11-22;2025-11-23;2025-11-24;2025-11-25;2025-11-26;2025-11-27;2025-11-28,,2025-11-28,0.0,1200.0,1200.0,18.9458163141129,23.60563826435222,28.79638217766132,59.958823639981446,40175.309222756296,1706.2706878166323,3260.172887749391,21374.85208642658,5702.893518804126,27077.745605230706,21374.85208642658,21374.85206505173,35170.74752795057,1314.81350014726,lexicographic,2.1374852065051734e-05,3.517074752795081e-05,False,0.23386020000179997,0.0,1,0
2025-11-30,False,calendar_trend,4,1.0,7,1.0,0,calibrated_quantile,2025-11-02;2025-11-03;2025-11-04;2025-11-05;2025-11-06;2025-11-07;2025-11-08;2025-11-09;2025-11-10;2025-11-11;2025-11-12;2025-11-13;2025-11-14;2025-11-15;2025-11-16;2025-11-17;2025-11-18;2025-11-19;2025-11-20;2025-11-21;2025-11-22;2025-11-23;2025-11-24;2025-11-25;2025-11-26;2025-11-27;2025-11-28;2025-11-29,28,5772.119323672536,2025-11-02;2025-11-03;2025-11-04;2025-11-05;2025-11-06;2025-11-07;2025-11-08;2025-11-09;2025-11-10;2025-11-11;2025-11-12;2025-11-13;2025-11-14;2025-11-15;2025-11-16;2025-11-17;2025-11-18;2025-11-19;2025-11-20;2025-11-21;2025-11-22;2025-11-23;2025-11-24;2025-11-25;2025-11-26;2025-11-27;2025-11-28;2025-11-29,2025-11-16;2025-11-17;2025-11-18;2025-11-19;2025-11-20;2025-11-21;2025-11-22;2025-11-23;2025-11-24;2025-11-25;2025-11-26;2025-11-27;2025-11-28;2025-11-29,,2025-11-29,0.0,1200.0,1200.0,20.82580697327221,25.57591523803365,17.127333804655482,33.0856535792453,87730.79369339776,439.33070951540225,3236.148047228133,55552.30174388215,1847.5220106917532,57399.8237545739,55552.301743882155,55552.30168832988,44670.30690854347,1461.146375951902,lexicographic,5.555230168832988e-05,4.467030686387317e-05,False,0.06709309999860125,0.0,1,0
2025-12-01,False,calendar_trend,4,1.0,7,1.0,0,calibrated_quantile,2025-11-03;2025-11-04;2025-11-05;2025-11-06;2025-11-07;2025-11-08;2025-11-09;2025-11-10;2025-11-11;2025-11-12;2025-11-13;2025-11-14;2025-11-15;2025-11-16;2025-11-17;2025-11-18;2025-11-19;2025-11-20;2025-11-21;2025-11-22;2025-11-23;2025-11-24;2025-11-25;2025-11-26;2025-11-27;2025-11-28;2025-11-29;2025-11-30,28,5865.908376219206,2025-11-03;2025-11-04;2025-11-05;2025-11-06;2025-11-07;2025-11-08;2025-11-09;2025-11-10;2025-11-11;2025-11-12;2025-11-13;2025-11-14;2025-11-15;2025-11-16;2025-11-17;2025-11-18;2025-11-19;2025-11-20;2025-11-21;2025-11-22;2025-11-23;2025-11-24;2025-11-25;2025-11-26;2025-11-27;2025-11-28;2025-11-29;2025-11-30,2025-11-17;2025-11-18;2025-11-19;2025-11-20;2025-11-21;2025-11-22;2025-11-23;2025-11-24;2025-11-25;2025-11-26;2025-11-27;2025-11-28;2025-11-29;2025-11-30,,2025-11-30,0.0,1200.0,1200.0,55.236659730294235,67.13443874209662,14.234602626949673,32.13766841458241,89020.38476857853,3958.046582250556,1961.205320338749,56426.68040129866,14405.058769195393,70831.73917049405,56426.68040129866,56426.68034487198,44947.99956765367,1479.7824847283268,lexicographic,5.6426680344871984e-05,4.494799956765367e-05,False,0.07268219999969006,0.0,1,0
2025-12-02,False,calendar_trend,4,1.0,7,1.0,0,calibrated_quantile,2025-11-04;2025-11-05;2025-11-06;2025-11-07;2025-11-08;2025-11-09;2025-11-10;2025-11-11;2025-11-12;2025-11-13;2025-11-14;2025-11-15;2025-11-16;2025-11-17;2025-11-18;2025-11-19;2025-11-20;2025-11-21;2025-11-22;2025-11-23;2025-11-24;2025-11-25;2025-11-26;2025-11-27;2025-11-28;2025-11-29;2025-11-30;2025-12-01,28,6083.270703014998,2025-11-04;2025-11-05;2025-11-06;2025-11-07;2025-11-08;2025-11-09;2025-11-10;2025-11-11;2025-11-12;2025-11-13;2025-11-14;2025-11-15;2025-11-16;2025-11-17;2025-11-18;2025-11-19;2025-11-20;2025-11-21;2025-11-22;2025-11-23;2025-11-24;2025-11-25;2025-11-26;2025-11-27;2025-11-28;2025-11-29;2025-11-30;2025-12-01,2025-11-18;2025-11-19;2025-11-20;2025-11-21;2025-11-22;2025-11-23;2025-11-24;2025-11-25;2025-11-26;2025-11-27;2025-11-28;2025-11-29;2025-11-30;2025-12-01,,2025-12-01,0.0,1200.0,1200.0,45.95018945771506,54.0941491501376,16.2792425442495,33.95546075167738,91209.5342745916,3385.584808743876,1221.0272387729788,58107.3026256358,12871.760091676671,70979.06271731247,58107.30262563579,58107.302567528466,45119.31699556914,1496.6478456904572,lexicographic,5.810730256752847e-05,4.511931699557375e-05,False,0.16644449999876088,0.0,1,0
2025-12-03,False,calendar_trend,4,1.0,7,1.0,0,calibrated_quantile,2025-11-05;2025-11-06;2025-11-07;2025-11-08;2025-11-09;2025-11-10;2025-11-11;2025-11-12;2025-11-13;2025-11-14;2025-11-15;2025-11-16;2025-11-17;2025-11-18;2025-11-19;2025-11-20;2025-11-21;2025-11-22;2025-11-23;2025-11-24;2025-11-25;2025-11-26;2025-11-27;2025-11-28;2025-11-29;2025-11-30;2025-12-01;2025-12-02,28,6559.547499181689,2025-11-05;2025-11-06;2025-11-07;2025-11-08;2025-11-09;2025-11-10;2025-11-11;2025-11-12;2025-11-13;2025-11-14;2025-11-15;2025-11-16;2025-11-17;2025-11-18;2025-11-19;2025-11-20;2025-11-21;2025-11-22;2025-11-23;2025-11-24;2025-11-25;2025-11-26;2025-11-27;2025-11-28;2025-11-29;2025-11-30;2025-12-01;2025-12-02,2025-11-19;2025-11-20;2025-11-21;2025-11-22;2025-11-23;2025-11-24;2025-11-25;2025-11-26;2025-11-27;2025-11-28;2025-11-29;2025-11-30;2025-12-01;2025-12-02,,2025-12-02,0.0,1200.0,1200.0,30.260583191422963,37.7485067825698,13.775252922050624,29.164830157650425,94428.57953762345,1061.6219851467704,3537.490687818316,60467.68272894428,3213.223224881811,63680.90595382609,60467.68272894427,60467.68266847659,45630.693187348785,1511.7485592871303,lexicographic,6.0467682668476594e-05,4.563069314171809e-05,False,0.07326420000026701,0.0,1,0
2025-12-04,False,calendar_trend,4,1.0,7,1.0,0,calibrated_quantile,2025-11-06;2025-11-07;2025-11-08;2025-11-09;2025-11-10;2025-11-11;2025-11-12;2025-11-13;2025-11-14;2025-11-15;2025-11-16;2025-11-17;2025-11-18;2025-11-19;2025-11-20;2025-11-21;2025-11-22;2025-11-23;2025-11-24;2025-11-25;2025-11-26;2025-11-27;2025-11-28;2025-11-29;2025-11-30;2025-12-01;2025-12-02;2025-12-03,28,6753.648981639064,2025-11-06;2025-11-07;2025-11-08;2025-11-09;2025-11-10;2025-11-11;2025-11-12;2025-11-13;2025-11-14;2025-11-15;2025-11-16;2025-11-17;2025-11-18;2025-11-19;2025-11-20;2025-11-21;2025-11-22;2025-11-23;2025-11-24;2025-11-25;2025-11-26;2025-11-27;2025-11-28;2025-11-29;2025-11-30;2025-12-01;2025-12-02;2025-12-03,2025-11-20;2025-11-21;2025-11-22;2025-11-23;2025-11-24;2025-11-25;2025-11-26;2025-11-27;2025-11-28;2025-11-29;2025-11-30;2025-12-01;2025-12-02;2025-12-03,,2025-12-03,0.0,1200.0,1200.0,28.743038088071305,36.54653048233628,12.57040965798213,27.51697358979042,96461.13950404152,803.1297495331622,5673.092527270845,61948.71265157215,3074.3872366604883,65023.09988823264,61948.71265157214,61948.71258962339,45916.53703742086,1541.011561785614,lexicographic,6.19487125896234e-05,4.591653699150431e-05,False,0.06828139999925043,1.1745131270737935e-16,1,0
2025-12-05,False,calendar_trend,4,1.0,7,1.0,0,calibrated_quantile,2025-11-07;2025-11-08;2025-11-09;2025-11-10;2025-11-11;2025-11-12;2025-11-13;2025-11-14;2025-11-15;2025-11-16;2025-11-17;2025-11-18;2025-11-19;2025-11-20;2025-11-21;2025-11-22;2025-11-23;2025-11-24;2025-11-25;2025-11-26;2025-11-27;2025-11-28;2025-11-29;2025-11-30;2025-12-01;2025-12-02;2025-12-03;2025-12-04,28,6732.26743348442,2025-11-07;2025-11-08;2025-11-09;2025-11-10;2025-11-11;2025-11-12;2025-11-13;2025-11-14;2025-11-15;2025-11-16;2025-11-17;2025-11-18;2025-11-19;2025-11-20;2025-11-21;2025-11-22;2025-11-23;2025-11-24;2025-11-25;2025-11-26;2025-11-27;2025-11-28;2025-11-29;2025-11-30;2025-12-01;2025-12-02;2025-12-03;2025-12-04,2025-11-21;2025-11-22;2025-11-23;2025-11-24;2025-11-25;2025-11-26;2025-11-27;2025-11-28;2025-11-29;2025-11-30;2025-12-01;2025-12-02;2025-12-03;2025-12-04,,2025-12-04,0.0,1200.0,1200.0,28.614333156865126,35.55842038737757,11.387423503018674,22.90854556608473,49456.03254998068,567.5913509528875,4656.223607001035,26023.755754302394,2091.9526984063305,28115.708452708725,26023.755754302394,26023.755728278637,38636.57065886608,1382.9022399959376,lexicographic,2.6023755728278637e-05,3.863657062022951e-05,False,0.10725760000059381,0.0,1,0
2025-12-06,False,calendar_trend,4,1.0,7,1.0,0,calibrated_quantile,2025-11-08;2025-11-09;2025-11-10;2025-11-11;2025-11-12;2025-11-13;2025-11-14;2025-11-15;2025-11-16;2025-11-17;2025-11-18;2025-11-19;2025-11-20;2025-11-21;2025-11-22;2025-11-23;2025-11-24;2025-11-25;2025-11-26;2025-11-27;2025-11-28;2025-11-29;2025-11-30;2025-12-01;2025-12-02;2025-12-03;2025-12-04;2025-12-05,28,6811.300464898787,2025-11-08;2025-11-09;2025-11-10;2025-11-11;2025-11-12;2025-11-13;2025-11-14;2025-11-15;2025-11-16;2025-11-17;2025-11-18;2025-11-19;2025-11-20;2025-11-21;2025-11-22;2025-11-23;2025-11-24;2025-11-25;2025-11-26;2025-11-27;2025-11-28;2025-11-29;2025-11-30;2025-12-01;2025-12-02;2025-12-03;2025-12-04;2025-12-05,2025-11-22;2025-11-23;2025-11-24;2025-11-25;2025-11-26;2025-11-27;2025-11-28;2025-11-29;2025-11-30;2025-12-01;2025-12-02;2025-12-03;2025-12-04;2025-12-05,,2025-12-05,0.0,1200.0,1200.0,23.75043559718704,29.27980971178253,14.75479037566994,32.79378084581694,51342.0168715791,970.8065927142579,4546.40335669334,26995.61441177963,3199.1475846494277,30194.761996429057,26995.61441177963,26995.614384784018,39074.94008731247,1386.330930668714,lexicographic,2.699561438478402e-05,3.907494004823752e-05,False,0.10042489999977988,0.0,1,0
2025-12-07,False,calendar_trend,4,1.0,7,1.0,0,calibrated_quantile,2025-11-09;2025-11-10;2025-11-11;2025-11-12;2025-11-13;2025-11-14;2025-11-15;2025-11-16;2025-11-17;2025-11-18;2025-11-19;2025-11-20;2025-11-21;2025-11-22;2025-11-23;2025-11-24;2025-11-25;2025-11-26;2025-11-27;2025-11-28;2025-11-29;2025-11-30;2025-12-01;2025-12-02;2025-12-03;2025-12-04;2025-12-05;2025-12-06,28,7016.651444709203,2025-11-09;2025-11-10;2025-11-11;2025-11-12;2025-11-13;2025-11-14;2025-11-15;2025-11-16;2025-11-17;2025-11-18;2025-11-19;2025-11-20;2025-11-21;2025-11-22;2025-11-23;2025-11-24;2025-11-25;2025-11-26;2025-11-27;2025-11-28;2025-11-29;2025-11-30;2025-12-01;2025-12-02;2025-12-03;2025-12-04;2025-12-05;2025-12-06,2025-11-23;2025-11-24;2025-11-25;2025-11-26;2025-11-27;2025-11-28;2025-11-29;2025-11-30;2025-12-01;2025-12-02;2025-12-03;2025-12-04;2025-12-05;2025-12-06,,2025-12-06,0.0,1200.0,1200.0,29.117073058718265,36.049877080163085,10.829413264342861,21.78818170588071,103092.40507117569,156.91590110161667,10719.975144894212,66748.60535465827,748.3805269061289,67496.9858815644,66748.60535465826,66748.60528790965,46456.646763491684,1610.2908467807847,lexicographic,6.674860528790966e-05,4.645664671703503e-05,False,0.07514879999871482,0.0,1,0
2025-12-08,False,calendar_trend,4,1.0,7,1.0,0,calibrated_quantile,2025-11-10;2025-11-11;2025-11-12;2025-11-13;2025-11-14;2025-11-15;2025-11-16;2025-11-17;2025-11-18;2025-11-19;2025-11-20;2025-11-21;2025-11-22;2025-11-23;2025-11-24;2025-11-25;2025-11-26;2025-11-27;2025-11-28;2025-11-29;2025-11-30;2025-12-01;2025-12-02;2025-12-03;2025-12-04;2025-12-05;2025-12-06;2025-12-07,28,6990.740148888387,2025-11-10;2025-11-11;2025-11-12;2025-11-13;2025-11-14;2025-11-15;2025-11-16;2025-11-17;2025-11-18;2025-11-19;2025-11-20;2025-11-21;2025-11-22;2025-11-23;2025-11-24;2025-11-25;2025-11-26;2025-11-27;2025-11-28;2025-11-29;2025-11-30;2025-12-01;2025-12-02;2025-12-03;2025-12-04;2025-12-05;2025-12-06;2025-12-07,2025-11-24;2025-11-25;2025-11-26;2025-11-27;2025-11-28;2025-11-29;2025-11-30;2025-12-01;2025-12-02;2025-12-03;2025-12-04;2025-12-05;2025-12-06;2025-12-07,,2025-12-07,0.0,1200.0,1200.0,44.67491694280463,52.8020494890194,12.227069161807023,25.158377082604638,105832.91553710583,67.45612666081134,13176.496030880593,68698.13183380204,427.180636496328,69125.31247029836,68698.13183380205,68698.13176510393,46456.64618082675,1656.6241451263413,lexicographic,6.869813176510393e-05,4.64566461343701e-05,False,0.06604969999898458,0.0,1,0
2025-12-09,False,calendar_trend,4,1.0,7,1.0,0,calibrated_quantile,2025-11-11;2025-11-12;2025-11-13;2025-11-14;2025-11-15;2025-11-16;2025-11-17;2025-11-18;2025-11-19;2025-11-20;2025-11-21;2025-11-22;2025-11-23;2025-11-24;2025-11-25;2025-11-26;2025-11-27;2025-11-28;2025-11-29;2025-11-30;2025-12-01;2025-12-02;2025-12-03;2025-12-04;2025-12-05;2025-12-06;2025-12-07;2025-12-08,28,6833.543626819217,2025-11-11;2025-11-12;2025-11-13;2025-11-14;2025-11-15;2025-11-16;2025-11-17;2025-11-18;2025-11-19;2025-11-20;2025-11-21;2025-11-22;2025-11-23;2025-11-24;2025-11-25;2025-11-26;2025-11-27;2025-11-28;2025-11-29;2025-11-30;2025-12-01;2025-12-02;2025-12-03;2025-12-04;2025-12-05;2025-12-06;2025-12-07;2025-12-08,2025-11-25;2025-11-26;2025-11-27;2025-11-28;2025-11-29;2025-11-30;2025-12-01;2025-12-02;2025-12-03;2025-12-04;2025-12-05;2025-12-06;2025-12-07;2025-12-08,,2025-12-08,0.0,1200.0,1200.0,43.13195339028784,51.507480907154935,13.794111556109323,29.29698438978646,105215.22284381551,62.597836116318625,13012.701882086198,68221.29833277944,349.15854212206136,68570.4568749015,68221.29833277942,68221.29826455812,46456.646323336565,1648.2569897498652,lexicographic,6.822129826455812e-05,4.6456646276879916e-05,False,0.09844309999971301,2.1330457787442553e-16,1,0
2025-12-10,False,calendar_trend,4,1.0,7,1.0,0,calibrated_quantile,2025-11-12;2025-11-13;2025-11-14;2025-11-15;2025-11-16;2025-11-17;2025-11-18;2025-11-19;2025-11-20;2025-11-21;2025-11-22;2025-11-23;2025-11-24;2025-11-25;2025-11-26;2025-11-27;2025-11-28;2025-11-29;2025-11-30;2025-12-01;2025-12-02;2025-12-03;2025-12-04;2025-12-05;2025-12-06;2025-12-07;2025-12-08;2025-12-09,28,6815.231658528992,2025-11-12;2025-11-13;2025-11-14;2025-11-15;2025-11-16;2025-11-17;2025-11-18;2025-11-19;2025-11-20;2025-11-21;2025-11-22;2025-11-23;2025-11-24;2025-11-25;2025-11-26;2025-11-27;2025-11-28;2025-11-29;2025-11-30;2025-12-01;2025-12-02;2025-12-03;2025-12-04;2025-12-05;2025-12-06;2025-12-07;2025-12-08;2025-12-09,2025-11-26;2025-11-27;2025-11-28;2025-11-29;2025-11-30;2025-12-01;2025-12-02;2025-12-03;2025-12-04;2025-12-05;2025-12-06;2025-12-07;2025-12-08;2025-12-09,,2025-12-09,0.0,1200.0,1200.0,38.643260752308606,48.531929424884574,12.028115055687326,24.437893897448212,104475.43933608235,34.427025419123424,11245.583349806391,67779.8627819488,139.60865892903718,67919.47144087784,67779.8627819488,67779.86271416894,46456.64645527069,1640.8247832244658,lexicographic,6.777986271416895e-05,4.6456646408814046e-05,False,0.06483529999968596,0.0,1,0
2025-12-11,False,calendar_trend,4,1.0,7,1.0,0,calibrated_quantile,2025-11-13;2025-11-14;2025-11-15;2025-11-16;2025-11-17;2025-11-18;2025-11-19;2025-11-20;2025-11-21;2025-11-22;2025-11-23;2025-11-24;2025-11-25;2025-11-26;2025-11-27;2025-11-28;2025-11-29;2025-11-30;2025-12-01;2025-12-02;2025-12-03;2025-12-04;2025-12-05;2025-12-06;2025-12-07;2025-12-08;2025-12-09;2025-12-10,28,6785.108988134762,2025-11-13;2025-11-14;2025-11-15;2025-11-16;2025-11-17;2025-11-18;2025-11-19;2025-11-20;2025-11-21;2025-11-22;2025-11-23;2025-11-24;2025-11-25;2025-11-26;2025-11-27;2025-11-28;2025-11-29;2025-11-30;2025-12-01;2025-12-02;2025-12-03;2025-12-04;2025-12-05;2025-12-06;2025-12-07;2025-12-08;2025-12-09;2025-12-10,2025-11-27;2025-11-28;2025-11-29;2025-11-30;2025-12-01;2025-12-02;2025-12-03;2025-12-04;2025-12-05;2025-12-06;2025-12-07;2025-12-08;2025-12-09;2025-12-10,,2025-12-10,0.0,1200.0,1200.0,39.992453395661926,48.84983455648324,15.896589632866725,33.86866226776858,104196.12718899743,87.92352021300053,13446.13146433308,67629.24128018308,275.1671447636996,67904.40842494679,67629.24128018308,67629.24121255384,46456.64645383169,1627.9493292257598,lexicographic,6.762924121255385e-05,4.645664645383169e-05,False,0.06989679999969667,0.0,1,0
2025-12-12,False,calendar_trend,4,1.0,7,1.0,0,calibrated_quantile,2025-11-14;2025-11-15;2025-11-16;2025-11-17;2025-11-18;2025-11-19;2025-11-20;2025-11-21;2025-11-22;2025-11-23;2025-11-24;2025-11-25;2025-11-26;2025-11-27;2025-11-28;2025-11-29;2025-11-30;2025-12-01;2025-12-02;2025-12-03;2025-12-04;2025-12-05;2025-12-06;2025-12-07;2025-12-08;2025-12-09;2025-12-10;2025-12-11,28,6675.167134885187,2025-11-14;2025-11-15;2025-11-16;2025-11-17;2025-11-18;2025-11-19;2025-11-20;2025-11-21;2025-11-22;2025-11-23;2025-11-24;2025-11-25;2025-11-26;2025-11-27;2025-11-28;2025-11-29;2025-11-30;2025-12-01;2025-12-02;2025-12-03;2025-12-04;2025-12-05;2025-12-06;2025-12-07;2025-12-08;2025-12-09;2025-12-10;2025-12-11,2025-11-28;2025-11-29;2025-11-30;2025-12-01;2025-12-02;2025-12-03;2025-12-04;2025-12-05;2025-12-06;2025-12-07;2025-12-08;2025-12-09;2025-12-10;2025-12-11,,2025-12-11,0.0,1200.0,1200.0,20.766960994238747,25.113928431374998,18.11687369662245,38.21466104170857,53287.85115768174,475.38180925760855,5936.794840814289,28228.651760160283,1519.9779720707465,29748.629732231027,28228.651760160283,28228.651731931626,39172.44528133173,1428.8042104241858,lexicographic,2.8228651731931628e-05,3.917244524215928e-05,False,0.09532970000145724,0.0,1,0
2025-12-13,False,calendar_trend,4,1.0,7,1.0,0,calibrated_quantile,2025-11-15;2025-11-16;2025-11-17;2025-11-18;2025-11-19;2025-11-20;2025-11-21;2025-11-22;2025-11-23;2025-11-24;2025-11-25;2025-11-26;2025-11-27;2025-11-28;2025-11-29;2025-11-30;2025-12-01;2025-12-02;2025-12-03;2025-12-04;2025-12-05;2025-12-06;2025-12-07;2025-12-08;2025-12-09;2025-12-10;2025-12-11;2025-12-12,28,6783.067858107795,2025-11-15;2025-11-16;2025-11-17;2025-11-18;2025-11-19;2025-11-20;2025-11-21;2025-11-22;2025-11-23;2025-11-24;2025-11-25;2025-11-26;2025-11-27;2025-11-28;2025-11-29;2025-11-30;2025-12-01;2025-12-02;2025-12-03;2025-12-04;2025-12-05;2025-12-06;2025-12-07;2025-12-08;2025-12-09;2025-12-10;2025-12-11;2025-12-12,2025-11-29;2025-11-30;2025-12-01;2025-12-02;2025-12-03;2025-12-04;2025-12-05;2025-12-06;2025-12-07;2025-12-08;2025-12-09;2025-12-10;2025-12-11;2025-12-12,,2025-12-12,0.0,1200.0,1200.0,18.720735168852844,22.722049366850108,13.444467655468534,26.7500719050721,54162.518818663215,119.20421968102244,6374.747102630425,28657.140664364393,585.853150626951,29242.993814991343,28657.140664364393,28657.14063570726,39138.32115688773,1419.8669943079494,lexicographic,2.865714063570726e-05,3.913832111774942e-05,False,0.11411210000005667,0.0,1,0
2025-12-14,False,calendar_trend,4,1.0,7,1.0,0,calibrated_quantile,2025-11-16;2025-11-17;2025-11-18;2025-11-19;2025-11-20;2025-11-21;2025-11-22;2025-11-23;2025-11-24;2025-11-25;2025-11-26;2025-11-27;2025-11-28;2025-11-29;2025-11-30;2025-12-01;2025-12-02;2025-12-03;2025-12-04;2025-12-05;2025-12-06;2025-12-07;2025-12-08;2025-12-09;2025-12-10;2025-12-11;2025-12-12;2025-12-13,28,6757.3616225901305,2025-11-16;2025-11-17;2025-11-18;2025-11-19;2025-11-20;2025-11-21;2025-11-22;2025-11-23;2025-11-24;2025-11-25;2025-11-26;2025-11-27;2025-11-28;2025-11-29;2025-11-30;2025-12-01;2025-12-02;2025-12-03;2025-12-04;2025-12-05;2025-12-06;2025-12-07;2025-12-08;2025-12-09;2025-12-10;2025-12-11;2025-12-12;2025-12-13,2025-11-30;2025-12-01;2025-12-02;2025-12-03;2025-12-04;2025-12-05;2025-12-06;2025-12-07;2025-12-08;2025-12-09;2025-12-10;2025-12-11;2025-12-12;2025-12-13,,2025-12-13,0.0,1200.0,1200.0,31.936791503521995,40.16283130061567,6.995799400375249,15.711216072319266,103889.43801546493,75.39236922462942,10309.444024336932,67291.46650854927,460.180322089509,67751.64683063878,67291.46650854927,67291.46644125784,46456.64660125389,1615.1813670032948,lexicographic,6.729146644125784e-05,4.645664655479723e-05,False,0.09971959999893443,0.0,1,0
2025-12-15,False,calendar_trend,4,1.0,7,1.0,0,calibrated_quantile,2025-11-17;2025-11-18;2025-11-19;2025-11-20;2025-11-21;2025-11-22;2025-11-23;2025-11-24;2025-11-25;2025-11-26;2025-11-27;2025-11-28;2025-11-29;2025-11-30;2025-12-01;2025-12-02;2025-12-03;2025-12-04;2025-12-05;2025-12-06;2025-12-07;2025-12-08;2025-12-09;2025-12-10;2025-12-11;2025-12-12;2025-12-13;2025-12-14,28,6603.073718199797,2025-11-17;2025-11-18;2025-11-19;2025-11-20;2025-11-21;2025-11-22;2025-11-23;2025-11-24;2025-11-25;2025-11-26;2025-11-27;2025-11-28;2025-11-29;2025-11-30;2025-12-01;2025-12-02;2025-12-03;2025-12-04;2025-12-05;2025-12-06;2025-12-07;2025-12-08;2025-12-09;2025-12-10;2025-12-11;2025-12-12;2025-12-13;2025-12-14,2025-12-01;2025-12-02;2025-12-03;2025-12-04;2025-12-05;2025-12-06;2025-12-07;2025-12-08;2025-12-09;2025-12-10;2025-12-11;2025-12-12;2025-12-13;2025-12-14,,2025-12-14,0.0,1200.0,1200.0,40.93519541883999,50.53193459812132,11.092518924846868,23.73004206811533,105101.67851514101,87.71370649561534,10843.16971837142,68048.57567233895,431.71957836714466,68480.2952507061,68048.57567233895,68048.57560429038,46456.64637496513,1629.9673641276745,lexicographic,6.804857560429038e-05,4.645664632850848e-05,False,0.10246040000129142,0.0,1,0
2025-12-16,False,calendar_trend,4,1.0,7,1.0,0,calibrated_quantile,2025-11-18;2025-11-19;2025-11-20;2025-11-21;2025-11-22;2025-11-23;2025-11-24;2025-11-25;2025-11-26;2025-11-27;2025-11-28;2025-11-29;2025-11-30;2025-12-01;2025-12-02;2025-12-03;2025-12-04;2025-12-05;2025-12-06;2025-12-07;2025-12-08;2025-12-09;2025-12-10;2025-12-11;2025-12-12;2025-12-13;2025-12-14;2025-12-15,28,6606.026839375313,2025-11-18;2025-11-19;2025-11-20;2025-11-21;2025-11-22;2025-11-23;2025-11-24;2025-11-25;2025-11-26;2025-11-27;2025-11-28;2025-11-29;2025-11-30;2025-12-01;2025-12-02;2025-12-03;2025-12-04;2025-12-05;2025-12-06;2025-12-07;2025-12-08;2025-12-09;2025-12-10;2025-12-11;2025-12-12;2025-12-13;2025-12-14;2025-12-15,2025-12-02;2025-12-03;2025-12-04;2025-12-05;2025-12-06;2025-12-07;2025-12-08;2025-12-09;2025-12-10;2025-12-11;2025-12-12;2025-12-13;2025-12-14;2025-12-15,,2025-12-15,0.0,1200.0,1200.0,30.331589393265777,37.17804702010529,9.301632985810373,19.016965242942792,104186.97545633346,76.13758397514364,9968.357152253886,67470.91109265485,248.60074719337808,67719.51183984823,67470.91109265485,67470.91102518393,46456.64654760905,1623.6113881834058,lexicographic,6.747091102518394e-05,4.6456646501152394e-05,False,0.09762659999978496,0.0,1,0
2025-12-17,False,calendar_trend,4,1.0,7,1.0,0,calibrated_quantile,2025-11-19;2025-11-20;2025-11-21;2025-11-22;2025-11-23;2025-11-24;2025-11-25;2025-11-26;2025-11-27;2025-11-28;2025-11-29;2025-11-30;2025-12-01;2025-12-02;2025-12-03;2025-12-04;2025-12-05;2025-12-06;2025-12-07;2025-12-08;2025-12-09;2025-12-10;2025-12-11;2025-12-12;2025-12-13;2025-12-14;2025-12-15;2025-12-16,28,6510.804154820944,2025-11-19;2025-11-20;2025-11-21;2025-11-22;2025-11-23;2025-11-24;2025-11-25;2025-11-26;2025-11-27;2025-11-28;2025-11-29;2025-11-30;2025-12-01;2025-12-02;2025-12-03;2025-12-04;2025-12-05;2025-12-06;2025-12-07;2025-12-08;2025-12-09;2025-12-10;2025-12-11;2025-12-12;2025-12-13;2025-12-14;2025-12-15;2025-12-16,2025-12-03;2025-12-04;2025-12-05;2025-12-06;2025-12-07;2025-12-08;2025-12-09;2025-12-10;2025-12-11;2025-12-12;2025-12-13;2025-12-14;2025-12-15;2025-12-16,,2025-12-16,0.0,1200.0,1200.0,27.463093108208774,33.824402203740256,9.746636132287058,21.13535565158591,103112.01922303834,147.38471794458582,10190.89229166831,66580.78660835892,702.401305105987,67283.1879134649,66580.7866083589,66580.78654177813,46456.64681364635,1591.8028074039457,lexicographic,6.658078654177814e-05,4.6456646767189695e-05,False,0.10530530000323779,0.0,1,0
2025-12-18,False,calendar_trend,4,1.0,7,1.0,0,calibrated_quantile,2025-11-20;2025-11-21;2025-11-22;2025-11-23;2025-11-24;2025-11-25;2025-11-26;2025-11-27;2025-11-28;2025-11-29;2025-11-30;2025-12-01;2025-12-02;2025-12-03;2025-12-04;2025-12-05;2025-12-06;2025-12-07;2025-12-08;2025-12-09;2025-12-10;2025-12-11;2025-12-12;2025-12-13;2025-12-14;2025-12-15;2025-12-16;2025-12-17,28,6435.384844994947,2025-11-20;2025-11-21;2025-11-22;2025-11-23;2025-11-24;2025-11-25;2025-11-26;2025-11-27;2025-11-28;2025-11-29;2025-11-30;2025-12-01;2025-12-02;2025-12-03;2025-12-04;2025-12-05;2025-12-06;2025-12-07;2025-12-08;2025-12-09;2025-12-10;2025-12-11;2025-12-12;2025-12-13;2025-12-14;2025-12-15;2025-12-16;2025-12-17,2025-12-04;2025-12-05;2025-12-06;2025-12-07;2025-12-08;2025-12-09;2025-12-10;2025-12-11;2025-12-12;2025-12-13;2025-12-14;2025-12-15;2025-12-16;2025-12-17,,2025-12-17,0.0,1200.0,1200.0,22.126465368783638,27.262451234808008,18.308659399858932,44.05818827722291,101709.33492078319,73.47303014367604,9543.210289231443,65700.4157387721,188.61235941667343,65889.02809818878,65700.4157387721,65700.4156730717,46424.8871473793,1583.3706894839468,lexicographic,6.57004156730717e-05,4.64248871009544e-05,False,0.064054299997224,2.2148893700730686e-16,1,0
2025-12-19,False,calendar_trend,4,1.0,7,1.0,0,calibrated_quantile,2025-11-21;2025-11-22;2025-11-23;2025-11-24;2025-11-25;2025-11-26;2025-11-27;2025-11-28;2025-11-29;2025-11-30;2025-12-01;2025-12-02;2025-12-03;2025-12-04;2025-12-05;2025-12-06;2025-12-07;2025-12-08;2025-12-09;2025-12-10;2025-12-11;2025-12-12;2025-12-13;2025-12-14;2025-12-15;2025-12-16;2025-12-17;2025-12-18,28,6421.559666414403,2025-11-21;2025-11-22;2025-11-23;2025-11-24;2025-11-25;2025-11-26;2025-11-27;2025-11-28;2025-11-29;2025-11-30;2025-12-01;2025-12-02;2025-12-03;2025-12-04;2025-12-05;2025-12-06;2025-12-07;2025-12-08;2025-12-09;2025-12-10;2025-12-11;2025-12-12;2025-12-13;2025-12-14;2025-12-15;2025-12-16;2025-12-17;2025-12-18,2025-12-05;2025-12-06;2025-12-07;2025-12-08;2025-12-09;2025-12-10;2025-12-11;2025-12-12;2025-12-13;2025-12-14;2025-12-15;2025-12-16;2025-12-17;2025-12-18,,2025-12-18,0.0,1200.0,1200.0,19.610382779672314,24.28533262317354,13.614614695289264,28.167200358687637,52634.72807041716,273.2508190205285,5916.355193353328,27785.288382928637,1244.8990883539452,29030.18747128258,27785.288382928637,27785.288355143362,38898.1612469089,1421.0259449673463,lexicographic,2.7785288355143365e-05,3.889816120801074e-05,False,0.09391020000111894,0.0,1,0
2025-12-20,False,calendar_trend,4,1.0,7,1.0,0,calibrated_quantile,2025-11-22;2025-11-23;2025-11-24;2025-11-25;2025-11-26;2025-11-27;2025-11-28;2025-11-29;2025-11-30;2025-12-01;2025-12-02;2025-12-03;2025-12-04;2025-12-05;2025-12-06;2025-12-07;2025-12-08;2025-12-09;2025-12-10;2025-12-11;2025-12-12;2025-12-13;2025-12-14;2025-12-15;2025-12-16;2025-12-17;2025-12-18;2025-12-19,28,6475.849386180886,2025-11-22;2025-11-23;2025-11-24;2025-11-25;2025-11-26;2025-11-27;2025-11-28;2025-11-29;2025-11-30;2025-12-01;2025-12-02;2025-12-03;2025-12-04;2025-12-05;2025-12-06;2025-12-07;2025-12-08;2025-12-09;2025-12-10;2025-12-11;2025-12-12;2025-12-13;2025-12-14;2025-12-15;2025-12-16;2025-12-17;2025-12-18;2025-12-19,2025-12-06;2025-12-07;2025-12-08;2025-12-09;2025-12-10;2025-12-11;2025-12-12;2025-12-13;2025-12-14;2025-12-15;2025-12-16;2025-12-17;2025-12-18;2025-12-19,,2025-12-19,0.0,1200.0,1200.0,17.889538190297234,22.005767466842908,10.943249261736293,21.878475087396797,52679.09175239866,82.48498412870777,5814.789159456829,27805.192695577138,271.4222655275386,28076.614961104675,27805.192695577138,27805.192667771935,38966.778642092984,1391.501526163769,lexicographic,2.7805192667771937e-05,3.896677860312621e-05,False,0.0981327000008605,0.0,1,0
2025-12-21,False,calendar_trend,4,1.0,7,1.0,0,calibrated_quantile,2025-11-23;2025-11-24;2025-11-25;2025-11-26;2025-11-27;2025-11-28;2025-11-29;2025-11-30;2025-12-01;2025-12-02;2025-12-03;2025-12-04;2025-12-05;2025-12-06;2025-12-07;2025-12-08;2025-12-09;2025-12-10;2025-12-11;2025-12-12;2025-12-13;2025-12-14;2025-12-15;2025-12-16;2025-12-17;2025-12-18;2025-12-19;2025-12-20,28,6475.817638189653,2025-11-23;2025-11-24;2025-11-25;2025-11-26;2025-11-27;2025-11-28;2025-11-29;2025-11-30;2025-12-01;2025-12-02;2025-12-03;2025-12-04;2025-12-05;2025-12-06;2025-12-07;2025-12-08;2025-12-09;2025-12-10;2025-12-11;2025-12-12;2025-12-13;2025-12-14;2025-12-15;2025-12-16;2025-12-17;2025-12-18;2025-12-19;2025-12-20,2025-12-07;2025-12-08;2025-12-09;2025-12-10;2025-12-11;2025-12-12;2025-12-13;2025-12-14;2025-12-15;2025-12-16;2025-12-17;2025-12-18;2025-12-19;2025-12-20,,2025-12-20,0.0,1200.0,1200.0,25.474713916534693,33.199162863905904,14.652263557517026,28.414659130170023,99553.05869419238,657.7877437461784,6313.474524801286,64216.384019084035,2270.1230466815446,66486.50706576557,64216.384019084035,64216.38395486765,46293.98939006224,1584.8088630204195,lexicographic,6.421638395486765e-05,4.629398934376825e-05,False,0.07925790000081179,0.0,1,0
2025-12-22,False,calendar_trend,4,1.0,7,1.0,0,calibrated_quantile,2025-11-24;2025-11-25;2025-11-26;2025-11-27;2025-11-28;2025-11-29;2025-11-30;2025-12-01;2025-12-02;2025-12-03;2025-12-04;2025-12-05;2025-12-06;2025-12-07;2025-12-08;2025-12-09;2025-12-10;2025-12-11;2025-12-12;2025-12-13;2025-12-14;2025-12-15;2025-12-16;2025-12-17;2025-12-18;2025-12-19;2025-12-20;2025-12-21,28,6424.7812155241645,2025-11-24;2025-11-25;2025-11-26;2025-11-27;2025-11-28;2025-11-29;2025-11-30;2025-12-01;2025-12-02;2025-12-03;2025-12-04;2025-12-05;2025-12-06;2025-12-07;2025-12-08;2025-12-09;2025-12-10;2025-12-11;2025-12-12;2025-12-13;2025-12-14;2025-12-15;2025-12-16;2025-12-17;2025-12-18;2025-12-19;2025-12-20;2025-12-21,2025-12-08;2025-12-09;2025-12-10;2025-12-11;2025-12-12;2025-12-13;2025-12-14;2025-12-15;2025-12-16;2025-12-17;2025-12-18;2025-12-19;2025-12-20;2025-12-21,,2025-12-21,0.0,1200.0,1200.0,21.303186355556633,26.551518842085375,6.768014149636355,13.937304737678131,100853.6421243615,162.66625623879224,7227.339300596728,65009.975680902964,566.030817699487,65576.00649860245,65009.975680902964,65009.97561589298,46217.32112617453,1582.127847635158,lexicographic,6.500997561589299e-05,4.621732107995721e-05,False,0.07170830000177375,0.0,1,0
2025-12-23,False,calendar_trend,4,1.0,7,1.0,0,calibrated_quantile,2025-11-25;2025-11-26;2025-11-27;2025-11-28;2025-11-29;2025-11-30;2025-12-01;2025-12-02;2025-12-03;2025-12-04;2025-12-05;2025-12-06;2025-12-07;2025-12-08;2025-12-09;2025-12-10;2025-12-11;2025-12-12;2025-12-13;2025-12-14;2025-12-15;2025-12-16;2025-12-17;2025-12-18;2025-12-19;2025-12-20;2025-12-21;2025-12-22,28,6387.257496300248,2025-11-25;2025-11-26;2025-11-27;2025-11-28;2025-11-29;2025-11-30;2025-12-01;2025-12-02;2025-12-03;2025-12-04;2025-12-05;2025-12-06;2025-12-07;2025-12-08;2025-12-09;2025-12-10;2025-12-11;2025-12-12;2025-12-13;2025-12-14;2025-12-15;2025-12-16;2025-12-17;2025-12-18;2025-12-19;2025-12-20;2025-12-21;2025-12-22,2025-12-09;2025-12-10;2025-12-11;2025-12-12;2025-12-13;2025-12-14;2025-12-15;2025-12-16;2025-12-17;2025-12-18;2025-12-19;2025-12-20;2025-12-21;2025-12-22,,2025-12-22,0.0,1200.0,1200.0,19.176795064448527,23.234112188161976,9.87047503000126,20.363562594115013,99907.05332992526,66.43683542600394,7843.942323719656,64419.73340737638,262.025703412075,64681.75911078845,64419.73340737637,64419.73334295664,46407.02162115727,1593.215989336819,lexicographic,6.441973334295664e-05,4.640702157475025e-05,False,0.06783229999928153,0.0,1,0
2025-12-24,False,calendar_trend,4,1.0,7,1.0,0,calibrated_quantile,2025-11-26;2025-11-27;2025-11-28;2025-11-29;2025-11-30;2025-12-01;2025-12-02;2025-12-03;2025-12-04;2025-12-05;2025-12-06;2025-12-07;2025-12-08;2025-12-09;2025-12-10;2025-12-11;2025-12-12;2025-12-13;2025-12-14;2025-12-15;2025-12-16;2025-12-17;2025-12-18;2025-12-19;2025-12-20;2025-12-21;2025-12-22;2025-12-23,28,6357.968535206114,2025-11-26;2025-11-27;2025-11-28;2025-11-29;2025-11-30;2025-12-01;2025-12-02;2025-12-03;2025-12-04;2025-12-05;2025-12-06;2025-12-07;2025-12-08;2025-12-09;2025-12-10;2025-12-11;2025-12-12;2025-12-13;2025-12-14;2025-12-15;2025-12-16;2025-12-17;2025-12-18;2025-12-19;2025-12-20;2025-12-21;2025-12-22;2025-12-23,2025-12-10;2025-12-11;2025-12-12;2025-12-13;2025-12-14;2025-12-15;2025-12-16;2025-12-17;2025-12-18;2025-12-19;2025-12-20;2025-12-21;2025-12-22;2025-12-23,,2025-12-23,0.0,1200.0,1200.0,18.705705124186277,23.370798606258944,12.547668793637436,26.50819821975061,98176.28450366977,282.800352463633,5735.475363932167,63048.112883073336,1060.9527857062772,64109.065668779614,63048.112883073336,63048.11282002522,46384.10956693473,1551.7094463177712,lexicographic,6.304811282002522e-05,4.638410952055061e-05,False,0.10224060000109603,0.0,1,0
2025-12-25,False,calendar_trend,4,1.0,7,1.0,0,calibrated_quantile,2025-11-27;2025-11-28;2025-11-29;2025-11-30;2025-12-01;2025-12-02;2025-12-03;2025-12-04;2025-12-05;2025-12-06;2025-12-07;2025-12-08;2025-12-09;2025-12-10;2025-12-11;2025-12-12;2025-12-13;2025-12-14;2025-12-15;2025-12-16;2025-12-17;2025-12-18;2025-12-19;2025-12-20;2025-12-21;2025-12-22;2025-12-23;2025-12-24,28,6391.57973000555,2025-11-27;2025-11-28;2025-11-29;2025-11-30;2025-12-01;2025-12-02;2025-12-03;2025-12-04;2025-12-05;2025-12-06;2025-12-07;2025-12-08;2025-12-09;2025-12-10;2025-12-11;2025-12-12;2025-12-13;2025-12-14;2025-12-15;2025-12-16;2025-12-17;2025-12-18;2025-12-19;2025-12-20;2025-12-21;2025-12-22;2025-12-23;2025-12-24,2025-12-11;2025-12-12;2025-12-13;2025-12-14;2025-12-15;2025-12-16;2025-12-17;2025-12-18;2025-12-19;2025-12-20;2025-12-21;2025-12-22;2025-12-23;2025-12-24,,2025-12-24,0.0,1200.0,1200.0,24.42007523887201,30.750905599431537,10.131823949781811,22.43137224003949,97288.6852146026,610.5541357978007,5231.330261832942,62650.67135161488,1698.84624881392,64349.5176004288,62650.671351614874,62650.67128896422,46254.65055249353,1543.6984960441819,lexicographic,6.265067128896423e-05,4.625465050623887e-05,False,0.06837119999909191,0.0,1,0
2025-12-26,False,calendar_trend,4,1.0,7,1.0,0,calibrated_quantile,2025-11-28;2025-11-29;2025-11-30;2025-12-01;2025-12-02;2025-12-03;2025-12-04;2025-12-05;2025-12-06;2025-12-07;2025-12-08;2025-12-09;2025-12-10;2025-12-11;2025-12-12;2025-12-13;2025-12-14;2025-12-15;2025-12-16;2025-12-17;2025-12-18;2025-12-19;2025-12-20;2025-12-21;2025-12-22;2025-12-23;2025-12-24;2025-12-25,28,6524.840215820193,2025-11-28;2025-11-29;2025-11-30;2025-12-01;2025-12-02;2025-12-03;2025-12-04;2025-12-05;2025-12-06;2025-12-07;2025-12-08;2025-12-09;2025-12-10;2025-12-11;2025-12-12;2025-12-13;2025-12-14;2025-12-15;2025-12-16;2025-12-17;2025-12-18;2025-12-19;2025-12-20;2025-12-21;2025-12-22;2025-12-23;2025-12-24;2025-12-25,2025-12-12;2025-12-13;2025-12-14;2025-12-15;2025-12-16;2025-12-17;2025-12-18;2025-12-19;2025-12-20;2025-12-21;2025-12-22;2025-12-23;2025-12-24;2025-12-25,,2025-12-25,0.0,1200.0,1200.0,23.932368154739624,29.110457949690467,13.418212731669401,30.05464277278231,50746.909190329905,352.0261889027389,4005.3605428317824,26836.59509060406,1153.7584938472849,27990.353584451346,26836.59509060406,26836.595063767465,38924.07289238012,1365.3791073921911,lexicographic,2.6836595063767465e-05,3.892407285345605e-05,False,0.10313569999925676,0.0,1,0
2025-12-27,False,calendar_trend,4,1.0,7,1.0,0,calibrated_quantile,2025-11-29;2025-11-30;2025-12-01;2025-12-02;2025-12-03;2025-12-04;2025-12-05;2025-12-06;2025-12-07;2025-12-08;2025-12-09;2025-12-10;2025-12-11;2025-12-12;2025-12-13;2025-12-14;2025-12-15;2025-12-16;2025-12-17;2025-12-18;2025-12-19;2025-12-20;2025-12-21;2025-12-22;2025-12-23;2025-12-24;2025-12-25;2025-12-26,28,6666.5205001627855,2025-11-29;2025-11-30;2025-12-01;2025-12-02;2025-12-03;2025-12-04;2025-12-05;2025-12-06;2025-12-07;2025-12-08;2025-12-09;2025-12-10;2025-12-11;2025-12-12;2025-12-13;2025-12-14;2025-12-15;2025-12-16;2025-12-17;2025-12-18;2025-12-19;2025-12-20;2025-12-21;2025-12-22;2025-12-23;2025-12-24;2025-12-25;2025-12-26,2025-12-13;2025-12-14;2025-12-15;2025-12-16;2025-12-17;2025-12-18;2025-12-19;2025-12-20;2025-12-21;2025-12-22;2025-12-23;2025-12-24;2025-12-25;2025-12-26,,2025-12-26,0.0,1200.0,1200.0,24.080754840983026,29.194607000790146,11.271772201380953,23.31378204459308,51236.75619296476,469.3309527092193,4255.239803335498,26937.65514858552,1980.9729610263792,28918.6281096119,26937.655148585516,26937.65512164786,39172.575152452635,1374.124749563855,lexicographic,2.693765512164786e-05,3.9172575113280055e-05,False,0.09335119999741437,0.0,1,0
2025-12-28,False,calendar_trend,4,1.0,7,1.0,0,calibrated_quantile,2025-11-30;2025-12-01;2025-12-02;2025-12-03;2025-12-04;2025-12-05;2025-12-06;2025-12-07;2025-12-08;2025-12-09;2025-12-10;2025-12-11;2025-12-12;2025-12-13;2025-12-14;2025-12-15;2025-12-16;2025-12-17;2025-12-18;2025-12-19;2025-12-20;2025-12-21;2025-12-22;2025-12-23;2025-12-24;2025-12-25;2025-12-26;2025-12-27,28,6526.008456549092,2025-11-30;2025-12-01;2025-12-02;2025-12-03;2025-12-04;2025-12-05;2025-12-06;2025-12-07;2025-12-08;2025-12-09;2025-12-10;2025-12-11;2025-12-12;2025-12-13;2025-12-14;2025-12-15;2025-12-16;2025-12-17;2025-12-18;2025-12-19;2025-12-20;2025-12-21;2025-12-22;2025-12-23;2025-12-24;2025-12-25;2025-12-26;2025-12-27,2025-12-14;2025-12-15;2025-12-16;2025-12-17;2025-12-18;2025-12-19;2025-12-20;2025-12-21;2025-12-22;2025-12-23;2025-12-24;2025-12-25;2025-12-26;2025-12-27,,2025-12-27,0.0,1200.0,1200.0,24.177633128065757,30.21016660407838,12.042206718309956,27.713978764169774,97273.2517729172,343.8336446798814,5940.110303305258,62559.158737572376,1097.0570899772874,63656.21582754966,62559.158737572376,62559.15867501321,46371.441365095874,1560.1058370045703,lexicographic,6.255915867501321e-05,4.637144131872443e-05,False,0.0710451999984798,0.0,1,0
2025-12-29,False,calendar_trend,4,1.0,7,1.0,0,calibrated_quantile,2025-12-01;2025-12-02;2025-12-03;2025-12-04;2025-12-05;2025-12-06;2025-12-07;2025-12-08;2025-12-09;2025-12-10;2025-12-11;2025-12-12;2025-12-13;2025-12-14;2025-12-15;2025-12-16;2025-12-17;2025-12-18;2025-12-19;2025-12-20;2025-12-21;2025-12-22;2025-12-23;2025-12-24;2025-12-25;2025-12-26;2025-12-27;2025-12-28,28,6477.114735414965,2025-12-01;2025-12-02;2025-12-03;2025-12-04;2025-12-05;2025-12-06;2025-12-07;2025-12-08;2025-12-09;2025-12-10;2025-12-11;2025-12-12;2025-12-13;2025-12-14;2025-12-15;2025-12-16;2025-12-17;2025-12-18;2025-12-19;2025-12-20;2025-12-21;2025-12-22;2025-12-23;2025-12-24;2025-12-25;2025-12-26;2025-12-27;2025-12-28,2025-12-15;2025-12-16;2025-12-17;2025-12-18;2025-12-19;2025-12-20;2025-12-21;2025-12-22;2025-12-23;2025-12-24;2025-12-25;2025-12-26;2025-12-27;2025-12-28,,2025-12-28,0.0,1200.0,1200.0,21.354048458907958,26.70831355047249,11.301593741549915,23.31482329393537,99213.37401289365,190.98130166497918,7039.556979568888,63783.714615096076,760.2204484802954,64543.93506357637,63783.714615096076,63783.71455131237,46117.20022981452,1602.9066561727946,lexicographic,6.378371455131238e-05,4.6117200183697316e-05,False,0.06907870000213734,0.0,1,0
2025-12-30,False,calendar_trend,4,1.0,7,1.0,0,calibrated_quantile,2025-12-02;2025-12-03;2025-12-04;2025-12-05;2025-12-06;2025-12-07;2025-12-08;2025-12-09;2025-12-10;2025-12-11;2025-12-12;2025-12-13;2025-12-14;2025-12-15;2025-12-16;2025-12-17;2025-12-18;2025-12-19;2025-12-20;2025-12-21;2025-12-22;2025-12-23;2025-12-24;2025-12-25;2025-12-26;2025-12-27;2025-12-28;2025-12-29,28,5952.53542583785,2025-12-02;2025-12-03;2025-12-04;2025-12-05;2025-12-06;2025-12-07;2025-12-08;2025-12-09;2025-12-10;2025-12-11;2025-12-12;2025-12-13;2025-12-14;2025-12-15;2025-12-16;2025-12-17;2025-12-18;2025-12-19;2025-12-20;2025-12-21;2025-12-22;2025-12-23;2025-12-24;2025-12-25;2025-12-26;2025-12-27;2025-12-28;2025-12-29,2025-12-16;2025-12-17;2025-12-18;2025-12-19;2025-12-20;2025-12-21;2025-12-22;2025-12-23;2025-12-24;2025-12-25;2025-12-26;2025-12-27;2025-12-28;2025-12-29,,2025-12-29,0.0,1200.0,1200.0,19.18500922006823,23.856421649413054,17.491334607440038,36.48535032160787,98702.74477501473,173.923424232323,7803.106681258902,63438.755935275905,674.958951016147,64113.71488629205,63438.75593527591,63438.75587183718,46194.619166097764,1588.1997774494707,lexicographic,6.343875587183718e-05,4.619461911990315e-05,False,0.07378779999999097,0.0,1,0
2025-12-31,False,calendar_trend,4,1.0,7,1.0,0,calibrated_quantile,2025-12-03;2025-12-04;2025-12-05;2025-12-06;2025-12-07;2025-12-08;2025-12-09;2025-12-10;2025-12-11;2025-12-12;2025-12-13;2025-12-14;2025-12-15;2025-12-16;2025-12-17;2025-12-18;2025-12-19;2025-12-20;2025-12-21;2025-12-22;2025-12-23;2025-12-24;2025-12-25;2025-12-26;2025-12-27;2025-12-28;2025-12-29;2025-12-30,28,5394.175639980442,2025-12-03;2025-12-04;2025-12-05;2025-12-06;2025-12-07;2025-12-08;2025-12-09;2025-12-10;2025-12-11;2025-12-12;2025-12-13;2025-12-14;2025-12-15;2025-12-16;2025-12-17;2025-12-18;2025-12-19;2025-12-20;2025-12-21;2025-12-22;2025-12-23;2025-12-24;2025-12-25;2025-12-26;2025-12-27;2025-12-28;2025-12-29;2025-12-30,2025-12-17;2025-12-18;2025-12-19;2025-12-20;2025-12-21;2025-12-22;2025-12-23;2025-12-24;2025-12-25;2025-12-26;2025-12-27;2025-12-28;2025-12-29;2025-12-30,,2025-12-30,0.0,1200.0,1200.0,22.200387618623395,27.869871980118763,10.568749646906,22.036949185863364,97453.27483162715,524.1086282088156,4540.238550902097,62350.48403364252,2083.4929208715907,64433.97695451411,62350.484033642526,62350.48397129203,45637.93039914188,1576.6504765343075,lexicographic,6.235048397129204e-05,4.563793035350394e-05,False,0.1287774000011268,0.0,1,0
