date,warmup,forecast_method,k_load,rho_load,k_pv,rho_pv,scenario_count,purchase_strategy,risk_source_dates,risk_source_day_count,purchase_margin_kwh,similar_load_dates,similar_pv_dates,scenario_source_dates,reserve_latest_source_date,reserve_kwh,soc_start_kwh,soc_end_kwh,load_mae_kwh,load_rmse_kwh,pv_mae_kwh,pv_rmse_kwh,planned_grid_kwh,actual_emergency_kwh,actual_surplus_kwh,planned_cost_yuan,emergency_cost_yuan,actual_total_cost_yuan,solver_objective_yuan,primary_optimum_yuan,storage_throughput_kwh,peak_grid_kwh,objective_mode,cost_lock_tolerance,throughput_lock_tolerance,lexicographic_tolerance_relaxed,solver_seconds,mip_gap,mip_node_count,solver_status
2025-01-01,True,similar_day,4,1.0,7,1.0,1,legacy_scenarios,,0,0.0,,,,,0.0,6000.0,1200.0,113.22068668981478,133.3022984116728,140.49898124999996,202.86438614058318,52529.80168005713,36514.41488333335,21.21729999999991,31695.893160280786,146586.9024518167,178282.79561209748,31695.893160280786,31695.8931285849,33842.352300601924,1409.804549999972,lexicographic,3.1695893128584904e-05,3.384235230060153e-05,False,0.203432199999952,0.0,1,0
2025-01-02,True,similar_day,4,1.0,7,1.0,1,legacy_scenarios,,0,0.0,2025-01-01,2025-01-01,2025-01-01,2025-01-01,0.0,1200.0,1200.0,23.174773842592586,30.59957725485432,10.191742013888886,22.31262096676364,119009.20870206608,1078.4512333333325,24345.769549862936,78687.90421292813,3690.905855833331,82378.81006876146,111049.52267873258,111049.52256768305,54276.371258526735,1915.6016666666665,lexicographic,0.00011104952256768305,5.4276371204250335e-05,False,0.21739629999865429,0.0,1,0
2025-01-03,True,similar_day,4,1.0,7,1.0,2,legacy_scenarios,,0,0.0,2025-01-02,2025-01-02,2025-01-02;2025-01-01,2025-01-02,0.0,1200.0,1200.0,317.8716789351851,348.7040332424474,14.416922685185186,34.59753499876732,119890.58306328842,0.0,71527.18066666667,79453.40193949819,0.0,79453.40193949819,97624.76999705652,97624.76989943175,54310.75956914717,1912.433024906014,lexicographic,9.762476989943175e-05,5.4310759514836386e-05,False,0.2570854000005056,0.0,1,0
2025-01-04,True,similar_day,4,1.0,7,1.0,3,legacy_scenarios,,0,0.0,2025-01-02;2025-01-03,2025-01-02;2025-01-03,2025-01-03;2025-01-02;2025-01-01,2025-01-03,0.0,1200.0,1200.0,160.62484398148146,176.43343098782768,13.496411921296293,34.372197882564734,96009.55527342219,125.69500000000005,48634.08835787999,59948.87500569116,268.7359100000001,60217.61091569116,72124.92543615303,72124.9253640281,51975.63142863508,1681.2154912133342,lexicographic,7.21249253640281e-05,5.197563137665945e-05,False,0.21394250000230386,0.0,1,0
2025-01-05,True,similar_day,4,1.0,7,1.0,4,legacy_scenarios,,0,0.0,2025-01-04;2025-01-02;2025-01-03,2025-01-04;2025-01-02;2025-01-03,2025-01-04;2025-01-03;2025-01-02;2025-01-01,2025-01-04,0.0,1200.0,1200.0,212.01386859567904,233.77631031764665,8.594969907407412,17.060329152744558,87810.75831542313,14603.011850000003,8704.845405555552,53461.22171633378,61680.16771044722,115141.389426781,62665.91836476364,62665.918302097736,50791.074737484276,1603.4340888888887,lexicographic,6.266591830209774e-05,5.079107473748182e-05,False,0.2370286000004853,0.0,1,0
2025-01-06,True,similar_day,4,1.0,7,1.0,5,legacy_scenarios,,0,0.0,2025-01-05;2025-01-04;2025-01-02;2025-01-03,2025-01-05;2025-01-04;2025-01-02;2025-01-03,2025-01-03;2025-01-02;2025-01-01;2025-01-05;2025-01-04,2025-01-05,9600.0,1200.0,10800.0,153.12547980324072,169.0588475659639,10.199889641203704,18.703873205654457,99069.41962765352,10192.509579166668,5829.1386208333315,59617.35034407443,42773.92441210209,102391.27475617651,83546.05164600138,83546.05156245537,61058.68700805194,1683.780926388889,lexicographic,8.354605156245537e-05,6.105868700804778e-05,False,0.3893559999996796,0.0,1,0
2025-01-07,True,similar_day,4,1.0,7,1.0,5,legacy_scenarios,,0,0.0,2025-01-06;2025-01-05;2025-01-04;2025-01-03,2025-01-06;2025-01-05;2025-01-04;2025-01-03;2025-01-02,2025-01-06;2025-01-03;2025-01-02;2025-01-01;2025-01-05,2025-01-06,9600.0,10800.0,10800.0,155.2669320601852,173.6515376588082,16.54014543981482,37.71145158073236,91964.91944571884,10400.429973333336,7041.943013691134,57353.91602306295,43513.91877783181,100867.83480089475,87580.49579963295,87580.4957120525,52373.603651860074,1621.3056286377864,lexicographic,8.758049571205251e-05,5.237360359948648e-05,False,0.20228010000209906,0.0,1,0
2025-01-08,True,similar_day,4,1.0,7,1.0,5,legacy_scenarios,,0,0.0,2025-01-07;2025-01-06;2025-01-03;2025-01-02,2025-01-07;2025-01-06;2025-01-03;2025-01-02;2025-01-04;2025-01-05,2025-01-07;2025-01-06;2025-01-03;2025-01-02;2025-01-01,2025-01-07,9600.0,10800.0,10800.0,76.57864282407408,86.28541026220604,11.743839756944448,27.510074910574733,103910.18531110568,4869.559020833334,16388.383458774424,66665.75613894954,20180.026293962503,86845.78243291203,93139.23218402272,93139.23209088357,54441.83157346076,1720.6263234966436,lexicographic,9.313923209088357e-05,5.444183151901893e-05,False,0.2750488999990921,1.5623829938996446e-16,1,0
2025-01-09,True,similar_day,4,1.0,7,1.0,6,legacy_scenarios,,0,0.0,2025-01-07;2025-01-06;2025-01-08;2025-01-05,2025-01-07;2025-01-06;2025-01-08;2025-01-05;2025-01-04;2025-01-03;2025-01-02,2025-01-08;2025-01-07;2025-01-06;2025-01-03;2025-01-02;2025-01-01,2025-01-08,9600.0,10800.0,10800.0,18.543603269675916,24.68488685753256,14.302365443121687,28.964994506799798,108866.29489244532,811.0136333333339,15768.362431144938,71067.89392309761,2382.3757356375036,73450.26965873511,100516.68103377555,100516.68093325892,53530.40958137409,1840.116188690476,lexicographic,0.00010051668093325893,5.353040952784369e-05,False,0.5009241999978258,0.0,1,0
2025-01-10,True,similar_day,4,1.0,7,1.0,7,legacy_scenarios,,0,0.0,2025-01-09;2025-01-08;2025-01-07;2025-01-06,2025-01-09;2025-01-08;2025-01-07;2025-01-06;2025-01-03;2025-01-04;2025-01-02,2025-01-09;2025-01-08;2025-01-07;2025-01-06;2025-01-03;2025-01-02;2025-01-01,2025-01-09,9600.0,10800.0,10800.0,315.2259735243055,343.80741676306536,13.036234490740743,23.581469382985006,108737.15954705844,0.0,60438.613781698165,70954.30997077542,0.0,70954.30997077542,96576.29442973087,96576.29433315455,53349.7019329514,1837.6718499999997,lexicographic,9.657629433315456e-05,5.334970187921304e-05,False,0.6810036999995646,0.0,1,0
2025-01-11,True,similar_day,4,1.0,7,1.0,5,legacy_scenarios,,0,0.0,2025-01-10;2025-01-04;2025-01-05;2025-01-09,2025-01-10;2025-01-04;2025-01-05;2025-01-09;2025-01-08;2025-01-07;2025-01-06,2025-01-05;2025-01-04;2025-01-10;2025-01-09;2025-01-08,2025-01-10,9600.0,10800.0,10800.0,160.43242879050925,177.37324896535188,8.88114518849207,17.65386992893256,84265.61595748768,91.34416666666539,36812.104245202885,51762.90164895887,195.2938283333306,51958.195477292196,69950.41167349706,69950.41160354669,50900.41598341118,1587.163333333332,lexicographic,6.995041160354669e-05,5.0900415932510754e-05,False,0.24135050000040792,0.0,1,0
2025-01-12,True,similar_day,4,1.0,7,1.0,5,legacy_scenarios,,0,0.0,2025-01-11;2025-01-10;2025-01-05;2025-01-04,2025-01-11;2025-01-10;2025-01-05;2025-01-04;2025-01-09;2025-01-06;2025-01-07,2025-01-11;2025-01-05;2025-01-04;2025-01-10;2025-01-09,2025-01-11,9600.0,10800.0,10800.0,231.62261385995367,254.54862271919572,9.330521312830685,18.99400306046369,72137.24728067324,21630.573491071424,249.3270539682544,42063.81060875823,86774.38596426646,128838.19657302469,56798.47674718336,56798.47669038491,50399.50103775168,1437.9551190476188,lexicographic,5.679847669038491e-05,5.0399500987352186e-05,False,0.20237960000304156,0.0,1,0
2025-01-13,True,similar_day,4,1.0,7,1.0,8,legacy_scenarios,,0,0.0,2025-01-10;2025-01-12;2025-01-07;2025-01-08,2025-01-10;2025-01-12;2025-01-07;2025-01-08;2025-01-11;2025-01-06;2025-01-09,2025-01-10;2025-01-09;2025-01-08;2025-01-07;2025-01-06;2025-01-03;2025-01-02;2025-01-01,2025-01-12,9600.0,10800.0,10800.0,80.42537786458335,90.09165214394307,18.904435813492082,33.965321589273174,97247.19377578695,5127.986495833333,11369.003986666661,61590.92614027398,20811.176881777083,82402.10302205106,83938.50390176279,83938.50381782418,51912.16704745221,1700.6308333333332,lexicographic,8.393850381782419e-05,5.1912166995540043e-05,False,0.46521239999856334,0.0,1,0
2025-01-14,True,similar_day,4,1.0,7,1.0,9,legacy_scenarios,,0,0.0,2025-01-09;2025-01-13;2025-01-07;2025-01-12,2025-01-09;2025-01-13;2025-01-07;2025-01-12;2025-01-06;2025-01-10;2025-01-11,2025-01-13;2025-01-10;2025-01-09;2025-01-08;2025-01-07;2025-01-06;2025-01-03;2025-01-02;2025-01-01,2025-01-13,9600.0,10800.0,10800.0,18.74131059027778,23.157980450644043,11.960215823412709,23.98416661720409,108613.14140523912,1009.2585916666674,17522.686548571433,70755.83921980315,3293.3892354916693,74049.22845529483,92909.75368957256,92909.75359666286,53568.609785019464,1816.7728684726314,lexicographic,9.290975359666287e-05,5.3568609731450855e-05,False,0.5865716000007524,0.0,1,0
2025-01-15,True,similar_day,4,1.0,7,1.0,10,legacy_scenarios,,0,0.0,2025-01-14;2025-01-09;2025-01-13;2025-01-10,2025-01-14;2025-01-09;2025-01-13;2025-01-10;2025-01-07;2025-01-12;2025-01-06,2025-01-14;2025-01-13;2025-01-10;2025-01-09;2025-01-08;2025-01-07;2025-01-06;2025-01-03;2025-01-02;2025-01-01,2025-01-14,9600.0,10800.0,10800.0,79.35085726273148,90.22398859570124,9.678541005291002,18.616331272321712,96087.51666844486,5050.389867261903,8335.542041666671,60727.667649494084,21754.697309396426,82482.36495889051,81736.18804454088,81736.18796280476,51908.40965342864,1660.709907512525,lexicographic,8.173618796280476e-05,5.190840960152022e-05,False,0.8023644999993849,0.0,1,0
2025-01-16,True,similar_day,4,1.0,7,1.0,11,legacy_scenarios,,0,0.0,2025-01-15;2025-01-10;2025-01-14;2025-01-09,2025-01-15;2025-01-10;2025-01-14;2025-01-09;2025-01-07;2025-01-13;2025-01-08,2025-01-15;2025-01-14;2025-01-13;2025-01-10;2025-01-09;2025-01-08;2025-01-07;2025-01-06;2025-01-03;2025-01-02;2025-01-01,2025-01-15,9600.0,10800.0,10800.0,78.99361782407408,88.4022191100579,15.770518634259266,32.492414400432736,93400.13641341998,5074.959358928571,6685.587168249585,58858.83619340255,21084.588287643754,79943.4244810463,81496.39650513555,81496.39642363916,51591.78592788073,1654.2470554103725,lexicographic,8.149639642363916e-05,5.1591785876288945e-05,False,0.7992171000005328,0.0,1,0
2025-01-17,True,similar_day,4,1.0,7,1.0,12,legacy_scenarios,,0,0.0,2025-01-16;2025-01-15;2025-01-10;2025-01-14,2025-01-16;2025-01-15;2025-01-10;2025-01-14;2025-01-09;2025-01-07;2025-01-13,2025-01-16;2025-01-15;2025-01-14;2025-01-13;2025-01-10;2025-01-09;2025-01-08;2025-01-07;2025-01-06;2025-01-03;2025-01-02;2025-01-01,2025-01-16,9600.0,10800.0,10800.0,241.08244337384258,264.7647145378256,11.897375810185197,22.92634785488274,92947.68348614723,0.0,47561.79941011905,58511.25158779306,0.0,58511.25158779306,81242.9067066942,81242.9066254513,51238.64157786881,1644.6702053649128,lexicographic,8.12429066254513e-05,5.123864152663018e-05,False,0.74588120000044,1.7911613250686077e-16,1,0
2025-01-18,True,similar_day,4,1.0,7,1.0,5,legacy_scenarios,,0,0.0,2025-01-12;2025-01-11;2025-01-17;2025-01-16,2025-01-12;2025-01-11;2025-01-17;2025-01-16;2025-01-15;2025-01-14;2025-01-04,2025-01-12;2025-01-11;2025-01-05;2025-01-04;2025-01-17,2025-01-17,9600.0,10800.0,10800.0,159.61433272569445,175.89388512040037,12.71195305886244,22.94699779741692,86612.68713095055,119.59041666666599,40811.173361177774,53288.91410629636,255.68431083333186,53544.598417129695,79532.32986402561,79532.32978449327,50893.308225682886,1616.146593619908,lexicographic,7.953232978449328e-05,5.0893308174789583e-05,False,0.22612020000087796,0.0,1,0
2025-01-19,True,similar_day,4,1.0,7,1.0,5,legacy_scenarios,,0,0.0,2025-01-18;2025-01-12;2025-01-11;2025-01-17,2025-01-18;2025-01-12;2025-01-11;2025-01-17;2025-01-14;2025-01-16;2025-01-15,2025-01-18;2025-01-12;2025-01-11;2025-01-05;2025-01-04,2025-01-18,9600.0,10800.0,10800.0,233.73216880787035,258.3747073217141,11.925785152116404,22.622458756992767,75336.72257710059,17019.872361309524,1040.1544190476204,44246.86386830019,71885.00372749296,116131.86759579316,70096.01860066692,70096.01853057086,50032.72000122063,1545.706244645277,lexicographic,7.009601853057086e-05,5.0032719951187905e-05,False,0.30063929999960237,4.1519948018218315e-16,1,0
2025-01-20,True,similar_day,4,1.0,7,1.0,13,legacy_scenarios,,0,0.0,2025-01-13;2025-01-14;2025-01-17;2025-01-15,2025-01-13;2025-01-14;2025-01-17;2025-01-15;2025-01-16;2025-01-07;2025-01-09,2025-01-17;2025-01-16;2025-01-15;2025-01-14;2025-01-13;2025-01-10;2025-01-09;2025-01-08;2025-01-07;2025-01-06;2025-01-03;2025-01-02;2025-01-01,2025-01-19,9600.0,10800.0,10800.0,77.61492627314816,87.9739474006443,13.255158416005306,24.8406359428604,92433.15894077689,4710.122792857143,6382.387793975322,58041.250048513204,19835.707910791076,77876.95795930427,79087.24246388521,79087.24238479805,51182.53040351578,1639.2624851190476,lexicographic,7.908724238479806e-05,5.118253035233325e-05,False,1.406197100001009,0.0,1,0
2025-01-21,True,similar_day,4,1.0,7,1.0,14,legacy_scenarios,,0,0.0,2025-01-20;2025-01-14;2025-01-15;2025-01-17,2025-01-20;2025-01-14;2025-01-15;2025-01-17;2025-01-16;2025-01-09;2025-01-07,2025-01-20;2025-01-17;2025-01-16;2025-01-15;2025-01-14;2025-01-13;2025-01-10;2025-01-09;2025-01-08;2025-01-07;2025-01-06;2025-01-03;2025-01-02;2025-01-01,2025-01-20,9600.0,10800.0,10800.0,72.38462725694441,82.18990599086861,36.5304693452381,69.4728256871594,92376.73506828355,4450.477120833332,10657.201992023813,58055.53954146913,18139.778179402078,76195.31772087121,78980.80067053685,78980.800591556,51188.00476143512,1639.607068452381,lexicographic,7.898080059155601e-05,5.118800471024712e-05,False,1.340972199999669,0.0,1,0
2025-01-22,True,similar_day,4,1.0,7,1.0,14,legacy_scenarios,,0,0.0,2025-01-21;2025-01-20;2025-01-14;2025-01-15,2025-01-21;2025-01-20;2025-01-14;2025-01-15;2025-01-17;2025-01-09;2025-01-16,2025-01-21;2025-01-20;2025-01-17;2025-01-16;2025-01-15;2025-01-14;2025-01-13;2025-01-10;2025-01-09;2025-01-08;2025-01-07;2025-01-06;2025-01-03;2025-01-02,2025-01-21,9600.0,10800.0,10800.0,17.456171325231484,22.136014137538805,13.73011674933862,25.383954250927996,98872.16131331507,799.8590499999991,8076.142334722224,63599.646786928315,3028.5012029312484,66628.14798985956,81892.29291419762,81892.29283230533,51245.15957659779,1699.61625,lexicographic,8.189229283230534e-05,5.124515952535263e-05,False,0.946144199999253,0.0,1,0
2025-01-23,True,similar_day,4,1.0,7,1.0,14,legacy_scenarios,,0,0.0,2025-01-15;2025-01-21;2025-01-16;2025-01-17,2025-01-15;2025-01-21;2025-01-16;2025-01-17;2025-01-20;2025-01-14;2025-01-09,2025-01-22;2025-01-21;2025-01-20;2025-01-17;2025-01-16;2025-01-15;2025-01-14;2025-01-13;2025-01-10;2025-01-09;2025-01-08;2025-01-07;2025-01-06;2025-01-03,2025-01-22,9600.0,10800.0,10800.0,79.48195810185183,89.38770605470151,14.05202716600528,28.507884196245495,87372.5830649131,6099.509641511953,1210.802597023811,54286.29497219167,23361.05386753534,77647.348839727,72537.03698783001,72537.03691529298,51211.92567862364,1631.664166618112,lexicographic,7.253703691529298e-05,5.12119256274117e-05,False,1.5878905999998096,0.0,1,0
2025-01-24,True,similar_day,4,1.0,7,1.0,14,legacy_scenarios,,0,0.0,2025-01-23;2025-01-17;2025-01-16;2025-01-20,2025-01-23;2025-01-17;2025-01-16;2025-01-20;2025-01-21;2025-01-10;2025-01-15,2025-01-23;2025-01-22;2025-01-21;2025-01-20;2025-01-17;2025-01-16;2025-01-15;2025-01-14;2025-01-13;2025-01-10;2025-01-09;2025-01-08;2025-01-07;2025-01-06,2025-01-23,9600.0,10800.0,10800.0,241.74790778356478,266.3479368050662,17.402429894179907,38.576393485774744,88615.89671175925,0.0,46092.52226936625,54943.47901231317,0.0,54943.47901231317,74215.34797670427,74215.34790248875,51185.264555467234,1630.1328571000702,lexicographic,7.421534790248875e-05,5.118526450428197e-05,False,0.9236799999998766,0.0,1,0
2025-01-25,True,similar_day,4,1.0,7,1.0,6,legacy_scenarios,,0,0.0,2025-01-19;2025-01-18;2025-01-22;2025-01-21,2025-01-19;2025-01-18;2025-01-22;2025-01-21;2025-01-12;2025-01-23;2025-01-17,2025-01-19;2025-01-18;2025-01-12;2025-01-11;2025-01-05;2025-01-04,2025-01-24,9600.0,10800.0,10800.0,238.40343926504627,262.9484828503039,29.016727728174615,56.81586459973441,96951.48133377844,0.0,55764.026825992056,61629.18970511942,0.0,61629.18970511942,95049.34668093178,95049.34658588254,52209.70178127471,1745.480729952576,lexicographic,9.504934658588254e-05,5.2209701729065e-05,False,0.5076637999991362,0.0,1,0
2025-01-26,True,similar_day,4,1.0,7,1.0,7,legacy_scenarios,,0,0.0,2025-01-25;2025-01-19;2025-01-18;2025-01-22,2025-01-25;2025-01-19;2025-01-18;2025-01-22;2025-01-21;2025-01-20;2025-01-12,2025-01-25;2025-01-19;2025-01-18;2025-01-12;2025-01-11;2025-01-05;2025-01-04,2025-01-25,9600.0,10800.0,10800.0,157.65562161458334,175.02319621012435,16.48676069775131,35.340363716249435,84722.42959860055,10111.58783611111,4456.432235912697,51805.92268502488,41835.41972518641,93641.34241021129,80508.85044023054,80508.8503597218,50893.30814384698,1613.8899269718531,lexicographic,8.05088503597218e-05,5.089330809295368e-05,False,0.2549613999981375,0.0,1,0
2025-01-27,True,similar_day,4,1.0,7,1.0,14,legacy_scenarios,,0,0.0,2025-01-20;2025-01-21;2025-01-24;2025-01-23,2025-01-20;2025-01-21;2025-01-24;2025-01-23;2025-01-14;2025-01-17;2025-01-13,2025-01-24;2025-01-23;2025-01-22;2025-01-21;2025-01-20;2025-01-17;2025-01-16;2025-01-15;2025-01-14;2025-01-13;2025-01-10;2025-01-09;2025-01-08;2025-01-07,2025-01-26,9600.0,10800.0,10800.0,75.6719003761574,84.69641244648551,19.775141749338633,36.97094694954484,85590.33666966634,5057.995240476191,3794.627186309523,52746.645589328225,20772.59467985208,73519.2402691803,68770.19686819494,68770.19679942474,50516.97086949426,1604.9416038685479,lexicographic,6.877019679942475e-05,5.051697081897729e-05,False,0.6754925999994157,0.0,1,0
2025-01-28,True,similar_day,4,1.0,7,1.0,14,legacy_scenarios,,0,0.0,2025-01-22;2025-01-20;2025-01-23;2025-01-21,2025-01-22;2025-01-20;2025-01-23;2025-01-21;2025-01-27;2025-01-14;2025-01-13,2025-01-27;2025-01-24;2025-01-23;2025-01-22;2025-01-21;2025-01-20;2025-01-17;2025-01-16;2025-01-15;2025-01-14;2025-01-13;2025-01-10;2025-01-09;2025-01-08,2025-01-27,9600.0,10800.0,10800.0,20.212109780092582,24.657720047553937,11.444311425264548,21.210525538467504,96192.79208758374,893.3042791666668,7408.583303730862,61351.60652571377,2824.2345435895822,64175.84106930335,74418.21533194835,74418.21525753009,51245.1602307047,1672.5710714285715,lexicographic,7.44182152575301e-05,5.124516017945954e-05,False,1.1371245000009367,0.0,1,0
2025-01-29,True,similar_day,4,1.0,7,1.0,14,legacy_scenarios,,0,0.0,2025-01-23;2025-01-21;2025-01-27;2025-01-22,2025-01-23;2025-01-21;2025-01-27;2025-01-22;2025-01-24;2025-01-15;2025-01-20,2025-01-28;2025-01-27;2025-01-24;2025-01-23;2025-01-22;2025-01-21;2025-01-20;2025-01-17;2025-01-16;2025-01-15;2025-01-14;2025-01-13;2025-01-10;2025-01-09,2025-01-28,9600.0,10800.0,10800.0,20.31237502893519,24.755673979558736,33.8163037202381,56.83979809664988,95672.97148800347,409.17457499999944,11999.831309286465,60979.43362563825,1262.6417155520824,62242.075341190335,72819.5604236614,72819.56035084187,51245.16037062336,1659.1282738095142,lexicographic,7.281956035084188e-05,5.124516031937821e-05,False,0.7193802000001597,0.0,1,0
2025-01-30,True,similar_day,4,1.0,7,1.0,14,legacy_scenarios,,0,0.0,2025-01-22;2025-01-29;2025-01-21;2025-01-27,2025-01-22;2025-01-29;2025-01-21;2025-01-27;2025-01-23;2025-01-24;2025-01-17,2025-01-29;2025-01-28;2025-01-27;2025-01-24;2025-01-23;2025-01-22;2025-01-21;2025-01-20;2025-01-17;2025-01-16;2025-01-15;2025-01-14;2025-01-13;2025-01-10,2025-01-29,9600.0,10800.0,10800.0,17.260203530092593,23.54083424750967,16.762830340608478,35.092930279914206,94402.9950376155,689.7846875000006,8653.083232738096,59923.36387045037,2933.2123870375026,62856.57625748787,71663.08044540681,71663.08037374383,51245.1604718374,1645.1879583382974,lexicographic,7.166308037374383e-05,5.1245160420592244e-05,False,1.0294314000020677,0.0,1,0
2025-01-31,True,similar_day,4,1.0,7,1.0,14,legacy_scenarios,,0,0.0,2025-01-30;2025-01-29;2025-01-22;2025-01-23,2025-01-30;2025-01-29;2025-01-22;2025-01-23;2025-01-24;2025-01-27;2025-01-21,2025-01-30;2025-01-29;2025-01-28;2025-01-27;2025-01-24;2025-01-23;2025-01-22;2025-01-21;2025-01-20;2025-01-17;2025-01-16;2025-01-15;2025-01-14;2025-01-13,2025-01-30,9600.0,10800.0,10800.0,320.19415726273144,350.270053053422,14.48071106150793,26.750097102667116,94080.97371863262,0.0,52619.53840357142,59763.38950148299,0.0,59763.38950148299,71672.62948648338,71672.62941481074,51245.13303616278,1634.0180952380954,lexicographic,7.167262941481075e-05,5.124513298491765e-05,False,1.2115205000009155,0.0,1,0
2025-02-01,False,calendar_trend,4,1.0,7,1.0,0,calibrated_quantile,2025-01-04;2025-01-05;2025-01-06;2025-01-07;2025-01-08;2025-01-09;2025-01-10;2025-01-11;2025-01-12;2025-01-13;2025-01-14;2025-01-15;2025-01-16;2025-01-17;2025-01-18;2025-01-19;2025-01-20;2025-01-21;2025-01-22;2025-01-23;2025-01-24;2025-01-25;2025-01-26;2025-01-27;2025-01-28;2025-01-29;2025-01-30;2025-01-31,28,23600.68510599206,2025-01-04;2025-01-05;2025-01-06;2025-01-07;2025-01-08;2025-01-09;2025-01-10;2025-01-11;2025-01-12;2025-01-13;2025-01-14;2025-01-15;2025-01-16;2025-01-17;2025-01-18;2025-01-19;2025-01-20;2025-01-21;2025-01-22;2025-01-23;2025-01-24;2025-01-25;2025-01-26;2025-01-27;2025-01-28;2025-01-29;2025-01-30;2025-01-31,2025-01-18;2025-01-19;2025-01-20;2025-01-21;2025-01-22;2025-01-23;2025-01-24;2025-01-25;2025-01-26;2025-01-27;2025-01-28;2025-01-29;2025-01-30;2025-01-31,,2025-01-31,9600.0,10800.0,10800.0,33.071501354996855,38.32793014869407,10.493657839017365,20.724795551149512,64402.4387539329,0.0,27780.899088580336,36647.294272386105,0.0,36647.294272386105,36647.29427238611,36647.29423573882,42623.91090836555,1519.8712894950586,lexicographic,3.664729423573882e-05,4.262391086574164e-05,False,0.14150990000052843,0.0,1,0
2025-02-02,False,calendar_trend,4,1.0,7,1.0,0,calibrated_quantile,2025-01-05;2025-01-06;2025-01-07;2025-01-08;2025-01-09;2025-01-10;2025-01-11;2025-01-12;2025-01-13;2025-01-14;2025-01-15;2025-01-16;2025-01-17;2025-01-18;2025-01-19;2025-01-20;2025-01-21;2025-01-22;2025-01-23;2025-01-24;2025-01-25;2025-01-26;2025-01-27;2025-01-28;2025-01-29;2025-01-30;2025-01-31;2025-02-01,28,23586.00010599206,2025-01-05;2025-01-06;2025-01-07;2025-01-08;2025-01-09;2025-01-10;2025-01-11;2025-01-12;2025-01-13;2025-01-14;2025-01-15;2025-01-16;2025-01-17;2025-01-18;2025-01-19;2025-01-20;2025-01-21;2025-01-22;2025-01-23;2025-01-24;2025-01-25;2025-01-26;2025-01-27;2025-01-28;2025-01-29;2025-01-30;2025-01-31;2025-02-01,2025-01-19;2025-01-20;2025-01-21;2025-01-22;2025-01-23;2025-01-24;2025-01-25;2025-01-26;2025-01-27;2025-01-28;2025-01-29;2025-01-30;2025-01-31;2025-02-01,,2025-02-01,9600.0,10800.0,10800.0,22.133344352358293,27.013918851677808,10.459012263849935,20.3720277303429,107498.96128615904,0.0,26445.569624705953,70554.48202793983,0.0,70554.48202793983,70554.48202793984,70554.48195738537,51245.16051760901,1658.8718579014271,lexicographic,7.055448195738538e-05,5.124516051760964e-05,False,0.20598749999771826,0.0,1,0
2025-02-03,False,calendar_trend,4,1.0,7,1.0,0,calibrated_quantile,2025-01-06;2025-01-07;2025-01-08;2025-01-09;2025-01-10;2025-01-11;2025-01-12;2025-01-13;2025-01-14;2025-01-15;2025-01-16;2025-01-17;2025-01-18;2025-01-19;2025-01-20;2025-01-21;2025-01-22;2025-01-23;2025-01-24;2025-01-25;2025-01-26;2025-01-27;2025-01-28;2025-01-29;2025-01-30;2025-01-31;2025-02-01;2025-02-02,28,20449.248465238095,2025-01-06;2025-01-07;2025-01-08;2025-01-09;2025-01-10;2025-01-11;2025-01-12;2025-01-13;2025-01-14;2025-01-15;2025-01-16;2025-01-17;2025-01-18;2025-01-19;2025-01-20;2025-01-21;2025-01-22;2025-01-23;2025-01-24;2025-01-25;2025-01-26;2025-01-27;2025-01-28;2025-01-29;2025-01-30;2025-01-31;2025-02-01;2025-02-02,2025-01-20;2025-01-21;2025-01-22;2025-01-23;2025-01-24;2025-01-25;2025-01-26;2025-01-27;2025-01-28;2025-01-29;2025-01-30;2025-01-31;2025-02-01;2025-02-02,,2025-02-02,9600.0,10800.0,10800.0,18.65718764706313,23.292614125755797,12.527401165299993,24.4400753607094,103383.66164828939,0.0,20469.63142128956,67179.26268715398,0.0,67179.26268715398,67179.26268715397,67179.26261997472,51245.16081299718,1622.7940479011168,lexicographic,6.717926261997472e-05,5.1245160812997557e-05,False,0.21817050000026939,0.0,1,0
2025-02-04,False,calendar_trend,4,1.0,7,1.0,0,calibrated_quantile,2025-01-07;2025-01-08;2025-01-09;2025-01-10;2025-01-11;2025-01-12;2025-01-13;2025-01-14;2025-01-15;2025-01-16;2025-01-17;2025-01-18;2025-01-19;2025-01-20;2025-01-21;2025-01-22;2025-01-23;2025-01-24;2025-01-25;2025-01-26;2025-01-27;2025-01-28;2025-01-29;2025-01-30;2025-01-31;2025-02-01;2025-02-02;2025-02-03,28,17421.911942142855,2025-01-07;2025-01-08;2025-01-09;2025-01-10;2025-01-11;2025-01-12;2025-01-13;2025-01-14;2025-01-15;2025-01-16;2025-01-17;2025-01-18;2025-01-19;2025-01-20;2025-01-21;2025-01-22;2025-01-23;2025-01-24;2025-01-25;2025-01-26;2025-01-27;2025-01-28;2025-01-29;2025-01-30;2025-01-31;2025-02-01;2025-02-02;2025-02-03,2025-01-21;2025-01-22;2025-01-23;2025-01-24;2025-01-25;2025-01-26;2025-01-27;2025-01-28;2025-01-29;2025-01-30;2025-01-31;2025-02-01;2025-02-02;2025-02-03,,2025-02-03,9600.0,10800.0,10800.0,21.38931991217457,27.320586263543092,19.87631451314577,38.96144525982467,99893.51549389132,61.315054913121344,16068.74121210878,64191.14610114814,131.03417252226555,64322.180273670405,64191.146101148144,64191.146036957,51133.282347217595,1626.8410671565164,lexicographic,6.4191146036957e-05,5.1133282347217173e-05,False,0.21082840000235592,0.0,1,0
2025-02-05,False,calendar_trend,4,1.0,7,1.0,0,calibrated_quantile,2025-01-08;2025-01-09;2025-01-10;2025-01-11;2025-01-12;2025-01-13;2025-01-14;2025-01-15;2025-01-16;2025-01-17;2025-01-18;2025-01-19;2025-01-20;2025-01-21;2025-01-22;2025-01-23;2025-01-24;2025-01-25;2025-01-26;2025-01-27;2025-01-28;2025-01-29;2025-01-30;2025-01-31;2025-02-01;2025-02-02;2025-02-03;2025-02-04,28,14720.642404157597,2025-01-08;2025-01-09;2025-01-10;2025-01-11;2025-01-12;2025-01-13;2025-01-14;2025-01-15;2025-01-16;2025-01-17;2025-01-18;2025-01-19;2025-01-20;2025-01-21;2025-01-22;2025-01-23;2025-01-24;2025-01-25;2025-01-26;2025-01-27;2025-01-28;2025-01-29;2025-01-30;2025-01-31;2025-02-01;2025-02-02;2025-02-03;2025-02-04,2025-01-22;2025-01-23;2025-01-24;2025-01-25;2025-01-26;2025-01-27;2025-01-28;2025-01-29;2025-01-30;2025-01-31;2025-02-01;2025-02-02;2025-02-03;2025-02-04,,2025-02-04,9600.0,10800.0,10800.0,19.352008254716388,24.682765617858756,16.23143159863173,33.108053745700175,96446.47412462169,32.57667266909061,13075.615159962646,61763.47071153829,76.53635298051258,61840.0070645188,61763.47071153829,61763.47064977479,50445.164425901545,1602.7795878099253,lexicographic,6.17634706497748e-05,5.044516442590443e-05,False,0.20642710000174702,0.0,1,0
2025-02-06,False,calendar_trend,4,1.0,7,1.0,0,calibrated_quantile,2025-01-09;2025-01-10;2025-01-11;2025-01-12;2025-01-13;2025-01-14;2025-01-15;2025-01-16;2025-01-17;2025-01-18;2025-01-19;2025-01-20;2025-01-21;2025-01-22;2025-01-23;2025-01-24;2025-01-25;2025-01-26;2025-01-27;2025-01-28;2025-01-29;2025-01-30;2025-01-31;2025-02-01;2025-02-02;2025-02-03;2025-02-04;2025-02-05,28,14419.162468643732,2025-01-09;2025-01-10;2025-01-11;2025-01-12;2025-01-13;2025-01-14;2025-01-15;2025-01-16;2025-01-17;2025-01-18;2025-01-19;2025-01-20;2025-01-21;2025-01-22;2025-01-23;2025-01-24;2025-01-25;2025-01-26;2025-01-27;2025-01-28;2025-01-29;2025-01-30;2025-01-31;2025-02-01;2025-02-02;2025-02-03;2025-02-04;2025-02-05,2025-01-23;2025-01-24;2025-01-25;2025-01-26;2025-01-27;2025-01-28;2025-01-29;2025-01-30;2025-01-31;2025-02-01;2025-02-02;2025-02-03;2025-02-04;2025-02-05,,2025-02-05,9600.0,10800.0,10800.0,19.318868104144162,24.1760125319647,10.601000311683006,19.69376306276086,96236.04489808448,0.0,13313.777594615585,61623.64189595799,0.0,61623.64189595799,61623.64189595799,61623.641834334325,50372.99164924234,1572.72386471097,lexicographic,6.162364183433433e-05,5.0372991598869345e-05,False,0.18601910000143107,0.0,1,0
2025-02-07,False,calendar_trend,4,1.0,7,1.0,0,calibrated_quantile,2025-01-10;2025-01-11;2025-01-12;2025-01-13;2025-01-14;2025-01-15;2025-01-16;2025-01-17;2025-01-18;2025-01-19;2025-01-20;2025-01-21;2025-01-22;2025-01-23;2025-01-24;2025-01-25;2025-01-26;2025-01-27;2025-01-28;2025-01-29;2025-01-30;2025-01-31;2025-02-01;2025-02-02;2025-02-03;2025-02-04;2025-02-05;2025-02-06,28,14419.162468643732,2025-01-10;2025-01-11;2025-01-12;2025-01-13;2025-01-14;2025-01-15;2025-01-16;2025-01-17;2025-01-18;2025-01-19;2025-01-20;2025-01-21;2025-01-22;2025-01-23;2025-01-24;2025-01-25;2025-01-26;2025-01-27;2025-01-28;2025-01-29;2025-01-30;2025-01-31;2025-02-01;2025-02-02;2025-02-03;2025-02-04;2025-02-05;2025-02-06,2025-01-24;2025-01-25;2025-01-26;2025-01-27;2025-01-28;2025-01-29;2025-01-30;2025-01-31;2025-02-01;2025-02-02;2025-02-03;2025-02-04;2025-02-05;2025-02-06,,2025-02-06,9600.0,10800.0,10800.0,20.165601490131266,25.485948006145097,25.826060653623593,51.39366369789802,51804.291999065645,0.0,17889.076218569782,27969.472860016092,0.0,27969.472860016092,27969.472860016096,27969.47283204663,40081.18616275479,1440.1361468807897,lexicographic,2.7969472832046634e-05,4.008118616275526e-05,False,0.20887969999967027,0.0,1,0
2025-02-08,False,calendar_trend,4,1.0,7,1.0,0,calibrated_quantile,2025-01-11;2025-01-12;2025-01-13;2025-01-14;2025-01-15;2025-01-16;2025-01-17;2025-01-18;2025-01-19;2025-01-20;2025-01-21;2025-01-22;2025-01-23;2025-01-24;2025-01-25;2025-01-26;2025-01-27;2025-01-28;2025-01-29;2025-01-30;2025-01-31;2025-02-01;2025-02-02;2025-02-03;2025-02-04;2025-02-05;2025-02-06;2025-02-07,28,14419.162468643732,2025-01-11;2025-01-12;2025-01-13;2025-01-14;2025-01-15;2025-01-16;2025-01-17;2025-01-18;2025-01-19;2025-01-20;2025-01-21;2025-01-22;2025-01-23;2025-01-24;2025-01-25;2025-01-26;2025-01-27;2025-01-28;2025-01-29;2025-01-30;2025-01-31;2025-02-01;2025-02-02;2025-02-03;2025-02-04;2025-02-05;2025-02-06;2025-02-07,2025-01-25;2025-01-26;2025-01-27;2025-01-28;2025-01-29;2025-01-30;2025-01-31;2025-02-01;2025-02-02;2025-02-03;2025-02-04;2025-02-05;2025-02-06;2025-02-07,,2025-02-07,9600.0,10800.0,10800.0,18.24072219287527,22.695699010789856,19.681528704751145,40.912837308333025,49996.203906135765,0.0,16311.850252296224,27016.58326892686,0.0,27016.58326892686,27016.583268926857,27016.583241910277,40036.62779704766,1448.4410994629106,lexicographic,2.701658324191028e-05,4.0036627757011034e-05,False,0.19835499999680906,0.0,1,0
2025-02-09,False,calendar_trend,4,1.0,7,1.0,0,calibrated_quantile,2025-01-12;2025-01-13;2025-01-14;2025-01-15;2025-01-16;2025-01-17;2025-01-18;2025-01-19;2025-01-20;2025-01-21;2025-01-22;2025-01-23;2025-01-24;2025-01-25;2025-01-26;2025-01-27;2025-01-28;2025-01-29;2025-01-30;2025-01-31;2025-02-01;2025-02-02;2025-02-03;2025-02-04;2025-02-05;2025-02-06;2025-02-07;2025-02-08,28,14411.15361864373,2025-01-12;2025-01-13;2025-01-14;2025-01-15;2025-01-16;2025-01-17;2025-01-18;2025-01-19;2025-01-20;2025-01-21;2025-01-22;2025-01-23;2025-01-24;2025-01-25;2025-01-26;2025-01-27;2025-01-28;2025-01-29;2025-01-30;2025-01-31;2025-02-01;2025-02-02;2025-02-03;2025-02-04;2025-02-05;2025-02-06;2025-02-07;2025-02-08,2025-01-26;2025-01-27;2025-01-28;2025-01-29;2025-01-30;2025-01-31;2025-02-01;2025-02-02;2025-02-03;2025-02-04;2025-02-05;2025-02-06;2025-02-07;2025-02-08,,2025-02-08,9600.0,10800.0,10800.0,28.269530926356538,33.88627964671594,20.373448041695347,40.37946491915458,92248.96683631228,297.2462049349582,10377.016780011185,58835.56568657521,864.6425497490641,59700.20823632427,58835.56568657521,58835.56562811366,49661.825596818475,1548.105650520471,lexicographic,5.8835565628113664e-05,4.966182554715665e-05,False,0.19492630000240752,1.2366597544371568e-16,1,0
2025-02-10,False,calendar_trend,4,1.0,7,1.0,0,calibrated_quantile,2025-01-13;2025-01-14;2025-01-15;2025-01-16;2025-01-17;2025-01-18;2025-01-19;2025-01-20;2025-01-21;2025-01-22;2025-01-23;2025-01-24;2025-01-25;2025-01-26;2025-01-27;2025-01-28;2025-01-29;2025-01-30;2025-01-31;2025-02-01;2025-02-02;2025-02-03;2025-02-04;2025-02-05;2025-02-06;2025-02-07;2025-02-08;2025-02-09,28,12433.93497339705,2025-01-13;2025-01-14;2025-01-15;2025-01-16;2025-01-17;2025-01-18;2025-01-19;2025-01-20;2025-01-21;2025-01-22;2025-01-23;2025-01-24;2025-01-25;2025-01-26;2025-01-27;2025-01-28;2025-01-29;2025-01-30;2025-01-31;2025-02-01;2025-02-02;2025-02-03;2025-02-04;2025-02-05;2025-02-06;2025-02-07;2025-02-08;2025-02-09,2025-01-27;2025-01-28;2025-01-29;2025-01-30;2025-01-31;2025-02-01;2025-02-02;2025-02-03;2025-02-04;2025-02-05;2025-02-06;2025-02-07;2025-02-08;2025-02-09,,2025-02-09,9600.0,10800.0,10800.0,23.97962707565277,30.115335970435176,30.15202585698214,58.11531330481456,91457.73326963383,12.110574068088908,14529.425961122535,58166.35447580309,26.545350533177533,58192.89982633627,58166.35447580309,58166.35441801077,49661.825685675176,1547.2284352694817,lexicographic,5.816635441801077e-05,4.9661825636013345e-05,False,0.1868094999990717,0.0,1,0
2025-02-11,False,calendar_trend,4,1.0,7,1.0,0,calibrated_quantile,2025-01-14;2025-01-15;2025-01-16;2025-01-17;2025-01-18;2025-01-19;2025-01-20;2025-01-21;2025-01-22;2025-01-23;2025-01-24;2025-01-25;2025-01-26;2025-01-27;2025-01-28;2025-01-29;2025-01-30;2025-01-31;2025-02-01;2025-02-02;2025-02-03;2025-02-04;2025-02-05;2025-02-06;2025-02-07;2025-02-08;2025-02-09;2025-02-10,28,12023.763047399532,2025-01-14;2025-01-15;2025-01-16;2025-01-17;2025-01-18;2025-01-19;2025-01-20;2025-01-21;2025-01-22;2025-01-23;2025-01-24;2025-01-25;2025-01-26;2025-01-27;2025-01-28;2025-01-29;2025-01-30;2025-01-31;2025-02-01;2025-02-02;2025-02-03;2025-02-04;2025-02-05;2025-02-06;2025-02-07;2025-02-08;2025-02-09;2025-02-10,2025-01-28;2025-01-29;2025-01-30;2025-01-31;2025-02-01;2025-02-02;2025-02-03;2025-02-04;2025-02-05;2025-02-06;2025-02-07;2025-02-08;2025-02-09;2025-02-10,,2025-02-10,9600.0,10800.0,10800.0,22.79676129352062,28.168783076615828,15.760283696472381,30.458667890452425,89871.36425289112,0.0,12064.692185453143,56906.13167865175,0.0,56906.13167865175,56906.13167865175,56906.13162174563,49135.42374798836,1536.5661721807046,lexicographic,5.6906131621745635e-05,4.9135423698852936e-05,False,0.14235879999978351,0.0,1,0
2025-02-12,False,calendar_trend,4,1.0,7,1.0,0,calibrated_quantile,2025-01-15;2025-01-16;2025-01-17;2025-01-18;2025-01-19;2025-01-20;2025-01-21;2025-01-22;2025-01-23;2025-01-24;2025-01-25;2025-01-26;2025-01-27;2025-01-28;2025-01-29;2025-01-30;2025-01-31;2025-02-01;2025-02-02;2025-02-03;2025-02-04;2025-02-05;2025-02-06;2025-02-07;2025-02-08;2025-02-09;2025-02-10;2025-02-11,28,12014.567400355922,2025-01-15;2025-01-16;2025-01-17;2025-01-18;2025-01-19;2025-01-20;2025-01-21;2025-01-22;2025-01-23;2025-01-24;2025-01-25;2025-01-26;2025-01-27;2025-01-28;2025-01-29;2025-01-30;2025-01-31;2025-02-01;2025-02-02;2025-02-03;2025-02-04;2025-02-05;2025-02-06;2025-02-07;2025-02-08;2025-02-09;2025-02-10;2025-02-11,2025-01-29;2025-01-30;2025-01-31;2025-02-01;2025-02-02;2025-02-03;2025-02-04;2025-02-05;2025-02-06;2025-02-07;2025-02-08;2025-02-09;2025-02-10;2025-02-11,,2025-02-11,9600.0,10800.0,10800.0,20.61293697708291,25.99924276266871,15.197550320288636,30.24428976537834,89671.47038870161,4.394291633870381,11826.438717863588,56866.19210837715,18.31101323833788,56884.50312161549,56866.19210837715,56866.19205151097,49071.106753632776,1546.0090659835907,lexicographic,5.686619205151097e-05,4.907110670456167e-05,False,0.09807300000102259,1.2794873986977469e-16,1,0
2025-02-13,False,calendar_trend,4,1.0,7,1.0,0,calibrated_quantile,2025-01-16;2025-01-17;2025-01-18;2025-01-19;2025-01-20;2025-01-21;2025-01-22;2025-01-23;2025-01-24;2025-01-25;2025-01-26;2025-01-27;2025-01-28;2025-01-29;2025-01-30;2025-01-31;2025-02-01;2025-02-02;2025-02-03;2025-02-04;2025-02-05;2025-02-06;2025-02-07;2025-02-08;2025-02-09;2025-02-10;2025-02-11;2025-02-12,28,11126.35916824693,2025-01-16;2025-01-17;2025-01-18;2025-01-19;2025-01-20;2025-01-21;2025-01-22;2025-01-23;2025-01-24;2025-01-25;2025-01-26;2025-01-27;2025-01-28;2025-01-29;2025-01-30;2025-01-31;2025-02-01;2025-02-02;2025-02-03;2025-02-04;2025-02-05;2025-02-06;2025-02-07;2025-02-08;2025-02-09;2025-02-10;2025-02-11;2025-02-12,2025-01-30;2025-01-31;2025-02-01;2025-02-02;2025-02-03;2025-02-04;2025-02-05;2025-02-06;2025-02-07;2025-02-08;2025-02-09;2025-02-10;2025-02-11;2025-02-12,,2025-02-12,9600.0,10800.0,10800.0,21.94414317119749,26.20948543889598,32.427843538975445,58.695729606330204,88264.19164668038,40.80760090239437,14410.37257945253,55821.63136285191,87.68744508157855,55909.318807933494,55821.63136285191,55821.63130703027,48737.80537780822,1525.397248706976,lexicographic,5.582163130703027e-05,4.873780532907041e-05,False,0.10526899999968009,0.0,1,0
2025-02-14,False,calendar_trend,4,1.0,7,1.0,0,calibrated_quantile,2025-01-17;2025-01-18;2025-01-19;2025-01-20;2025-01-21;2025-01-22;2025-01-23;2025-01-24;2025-01-25;2025-01-26;2025-01-27;2025-01-28;2025-01-29;2025-01-30;2025-01-31;2025-02-01;2025-02-02;2025-02-03;2025-02-04;2025-02-05;2025-02-06;2025-02-07;2025-02-08;2025-02-09;2025-02-10;2025-02-11;2025-02-12;2025-02-13,28,10113.848332251588,2025-01-17;2025-01-18;2025-01-19;2025-01-20;2025-01-21;2025-01-22;2025-01-23;2025-01-24;2025-01-25;2025-01-26;2025-01-27;2025-01-28;2025-01-29;2025-01-30;2025-01-31;2025-02-01;2025-02-02;2025-02-03;2025-02-04;2025-02-05;2025-02-06;2025-02-07;2025-02-08;2025-02-09;2025-02-10;2025-02-11;2025-02-12;2025-02-13,2025-01-31;2025-02-01;2025-02-02;2025-02-03;2025-02-04;2025-02-05;2025-02-06;2025-02-07;2025-02-08;2025-02-09;2025-02-10;2025-02-11;2025-02-12;2025-02-13,,2025-02-13,9600.0,10800.0,10800.0,18.16674221814877,22.807991585061586,18.71590626759834,39.68676756888508,41355.677467765476,277.8984426937935,9753.73552073467,22139.79427225888,781.0998558001206,22920.894128059,22139.79427225888,22139.79425011909,39482.732888100785,1393.9557831404616,lexicographic,2.213979425011909e-05,3.948273288810062e-05,False,0.21101439999983995,0.0,1,0
2025-02-15,False,calendar_trend,4,1.0,7,1.0,0,calibrated_quantile,2025-01-18;2025-01-19;2025-01-20;2025-01-21;2025-01-22;2025-01-23;2025-01-24;2025-01-25;2025-01-26;2025-01-27;2025-01-28;2025-01-29;2025-01-30;2025-01-31;2025-02-01;2025-02-02;2025-02-03;2025-02-04;2025-02-05;2025-02-06;2025-02-07;2025-02-08;2025-02-09;2025-02-10;2025-02-11;2025-02-12;2025-02-13;2025-02-14,28,10326.220369928336,2025-01-18;2025-01-19;2025-01-20;2025-01-21;2025-01-22;2025-01-23;2025-01-24;2025-01-25;2025-01-26;2025-01-27;2025-01-28;2025-01-29;2025-01-30;2025-01-31;2025-02-01;2025-02-02;2025-02-03;2025-02-04;2025-02-05;2025-02-06;2025-02-07;2025-02-08;2025-02-09;2025-02-10;2025-02-11;2025-02-12;2025-02-13;2025-02-14,2025-02-01;2025-02-02;2025-02-03;2025-02-04;2025-02-05;2025-02-06;2025-02-07;2025-02-08;2025-02-09;2025-02-10;2025-02-11;2025-02-12;2025-02-13;2025-02-14,,2025-02-14,9600.0,10800.0,10800.0,17.637986973972925,21.978471657288527,12.355124916961906,23.940245449486586,40459.51229494013,21.237298725055325,9093.467545962882,21722.21129884103,45.32974522345266,21767.54104406448,21722.21129884103,21722.211277118815,40036.62800634377,1415.7006472861704,lexicographic,2.1722211277118816e-05,4.003662796630715e-05,False,0.1892595999997866,0.0,1,0
2025-02-16,False,calendar_trend,4,1.0,7,1.0,0,calibrated_quantile,2025-01-19;2025-01-20;2025-01-21;2025-01-22;2025-01-23;2025-01-24;2025-01-25;2025-01-26;2025-01-27;2025-01-28;2025-01-29;2025-01-30;2025-01-31;2025-02-01;2025-02-02;2025-02-03;2025-02-04;2025-02-05;2025-02-06;2025-02-07;2025-02-08;2025-02-09;2025-02-10;2025-02-11;2025-02-12;2025-02-13;2025-02-14;2025-02-15,28,10340.024953206714,2025-01-19;2025-01-20;2025-01-21;2025-01-22;2025-01-23;2025-01-24;2025-01-25;2025-01-26;2025-01-27;2025-01-28;2025-01-29;2025-01-30;2025-01-31;2025-02-01;2025-02-02;2025-02-03;2025-02-04;2025-02-05;2025-02-06;2025-02-07;2025-02-08;2025-02-09;2025-02-10;2025-02-11;2025-02-12;2025-02-13;2025-02-14;2025-02-15,2025-02-02;2025-02-03;2025-02-04;2025-02-05;2025-02-06;2025-02-07;2025-02-08;2025-02-09;2025-02-10;2025-02-11;2025-02-12;2025-02-13;2025-02-14;2025-02-15,,2025-02-15,9600.0,10800.0,10800.0,23.852807913826933,29.4240887560387,18.466560391671887,39.44413320214526,84210.69029101546,355.969468960643,6719.573512830564,52648.59597179846,1391.877548940452,54040.47352073891,52648.59597179846,52648.59591914989,46924.43579576544,1508.8387585566193,lexicographic,5.26485959191499e-05,4.692443579576544e-05,False,0.20068279999759397,0.0,1,0
2025-02-17,False,calendar_trend,4,1.0,7,1.0,0,calibrated_quantile,2025-01-20;2025-01-21;2025-01-22;2025-01-23;2025-01-24;2025-01-25;2025-01-26;2025-01-27;2025-01-28;2025-01-29;2025-01-30;2025-01-31;2025-02-01;2025-02-02;2025-02-03;2025-02-04;2025-02-05;2025-02-06;2025-02-07;2025-02-08;2025-02-09;2025-02-10;2025-02-11;2025-02-12;2025-02-13;2025-02-14;2025-02-15;2025-02-16,28,8835.979049466358,2025-01-20;2025-01-21;2025-01-22;2025-01-23;2025-01-24;2025-01-25;2025-01-26;2025-01-27;2025-01-28;2025-01-29;2025-01-30;2025-01-31;2025-02-01;2025-02-02;2025-02-03;2025-02-04;2025-02-05;2025-02-06;2025-02-07;2025-02-08;2025-02-09;2025-02-10;2025-02-11;2025-02-12;2025-02-13;2025-02-14;2025-02-15;2025-02-16,2025-02-03;2025-02-04;2025-02-05;2025-02-06;2025-02-07;2025-02-08;2025-02-09;2025-02-10;2025-02-11;2025-02-12;2025-02-13;2025-02-14;2025-02-15;2025-02-16,,2025-02-16,9600.0,10800.0,10800.0,18.95444959187009,22.79050386688437,17.559999686079493,32.29742378617327,83474.18286464691,47.93052373819535,9901.629853163598,51968.684466661034,107.02659831719612,52075.71106497823,51968.68446666103,51968.68441469234,46295.7870025421,1525.0957503742566,lexicographic,5.196868441469234e-05,4.62957869562463e-05,False,0.21115330000247923,0.0,1,0
2025-02-18,False,calendar_trend,4,1.0,7,1.0,0,calibrated_quantile,2025-01-21;2025-01-22;2025-01-23;2025-01-24;2025-01-25;2025-01-26;2025-01-27;2025-01-28;2025-01-29;2025-01-30;2025-01-31;2025-02-01;2025-02-02;2025-02-03;2025-02-04;2025-02-05;2025-02-06;2025-02-07;2025-02-08;2025-02-09;2025-02-10;2025-02-11;2025-02-12;2025-02-13;2025-02-14;2025-02-15;2025-02-16;2025-02-17,28,7574.347737434917,2025-01-21;2025-01-22;2025-01-23;2025-01-24;2025-01-25;2025-01-26;2025-01-27;2025-01-28;2025-01-29;2025-01-30;2025-01-31;2025-02-01;2025-02-02;2025-02-03;2025-02-04;2025-02-05;2025-02-06;2025-02-07;2025-02-08;2025-02-09;2025-02-10;2025-02-11;2025-02-12;2025-02-13;2025-02-14;2025-02-15;2025-02-16;2025-02-17,2025-02-04;2025-02-05;2025-02-06;2025-02-07;2025-02-08;2025-02-09;2025-02-10;2025-02-11;2025-02-12;2025-02-13;2025-02-14;2025-02-15;2025-02-16;2025-02-17,,2025-02-17,9600.0,10800.0,10800.0,19.921408654154824,27.04190662727081,12.627631379236753,25.72261869726687,81402.09335174915,210.74132281480348,7104.184487536549,50194.655919865254,903.1390701765531,51097.79499004181,50194.655919865254,50194.65586967059,45927.985670187365,1515.7262488752308,lexicographic,5.019465586967059e-05,4.592798562425938e-05,False,0.17345710000154213,0.0,1,0
2025-02-19,False,calendar_trend,4,1.0,7,1.0,0,calibrated_quantile,2025-01-22;2025-01-23;2025-01-24;2025-01-25;2025-01-26;2025-01-27;2025-01-28;2025-01-29;2025-01-30;2025-01-31;2025-02-01;2025-02-02;2025-02-03;2025-02-04;2025-02-05;2025-02-06;2025-02-07;2025-02-08;2025-02-09;2025-02-10;2025-02-11;2025-02-12;2025-02-13;2025-02-14;2025-02-15;2025-02-16;2025-02-17;2025-02-18,28,7044.097139628036,2025-01-22;2025-01-23;2025-01-24;2025-01-25;2025-01-26;2025-01-27;2025-01-28;2025-01-29;2025-01-30;2025-01-31;2025-02-01;2025-02-02;2025-02-03;2025-02-04;2025-02-05;2025-02-06;2025-02-07;2025-02-08;2025-02-09;2025-02-10;2025-02-11;2025-02-12;2025-02-13;2025-02-14;2025-02-15;2025-02-16;2025-02-17;2025-02-18,2025-02-05;2025-02-06;2025-02-07;2025-02-08;2025-02-09;2025-02-10;2025-02-11;2025-02-12;2025-02-13;2025-02-14;2025-02-15;2025-02-16;2025-02-17;2025-02-18,,2025-02-18,9600.0,10800.0,10800.0,22.813514389143393,28.694901586038302,18.49105867655007,35.276963606903855,81115.44296662917,489.61753981520417,6290.260257216529,49882.95028106959,1861.8527752302837,51744.803056299876,49882.9502810696,49882.950231186645,46273.984451995755,1532.3176383608186,lexicographic,4.988295023118665e-05,4.627398440572177e-05,False,0.167358200000308,1.4586061130030202e-16,1,0
2025-02-20,False,calendar_trend,4,1.0,7,1.0,0,calibrated_quantile,2025-01-23;2025-01-24;2025-01-25;2025-01-26;2025-01-27;2025-01-28;2025-01-29;2025-01-30;2025-01-31;2025-02-01;2025-02-02;2025-02-03;2025-02-04;2025-02-05;2025-02-06;2025-02-07;2025-02-08;2025-02-09;2025-02-10;2025-02-11;2025-02-12;2025-02-13;2025-02-14;2025-02-15;2025-02-16;2025-02-17;2025-02-18;2025-02-19,28,7185.36963482081,2025-01-23;2025-01-24;2025-01-25;2025-01-26;2025-01-27;2025-01-28;2025-01-29;2025-01-30;2025-01-31;2025-02-01;2025-02-02;2025-02-03;2025-02-04;2025-02-05;2025-02-06;2025-02-07;2025-02-08;2025-02-09;2025-02-10;2025-02-11;2025-02-12;2025-02-13;2025-02-14;2025-02-15;2025-02-16;2025-02-17;2025-02-18;2025-02-19,2025-02-06;2025-02-07;2025-02-08;2025-02-09;2025-02-10;2025-02-11;2025-02-12;2025-02-13;2025-02-14;2025-02-15;2025-02-16;2025-02-17;2025-02-18;2025-02-19,,2025-02-19,9600.0,10800.0,10800.0,20.414550620401602,25.78746182055724,15.675546093858205,29.379001847178383,81847.67532556923,116.46429495396634,8522.11704072952,50452.25451718397,500.9055205139975,50953.16003769796,50452.25451718397,50452.25446673172,46528.888082746766,1509.7274960228083,lexicographic,5.045225446673172e-05,4.652888803621786e-05,False,0.17823110000244924,0.0,1,0
2025-02-21,False,calendar_trend,4,1.0,7,1.0,0,calibrated_quantile,2025-01-24;2025-01-25;2025-01-26;2025-01-27;2025-01-28;2025-01-29;2025-01-30;2025-01-31;2025-02-01;2025-02-02;2025-02-03;2025-02-04;2025-02-05;2025-02-06;2025-02-07;2025-02-08;2025-02-09;2025-02-10;2025-02-11;2025-02-12;2025-02-13;2025-02-14;2025-02-15;2025-02-16;2025-02-17;2025-02-18;2025-02-19;2025-02-20,28,6135.583505603427,2025-01-24;2025-01-25;2025-01-26;2025-01-27;2025-01-28;2025-01-29;2025-01-30;2025-01-31;2025-02-01;2025-02-02;2025-02-03;2025-02-04;2025-02-05;2025-02-06;2025-02-07;2025-02-08;2025-02-09;2025-02-10;2025-02-11;2025-02-12;2025-02-13;2025-02-14;2025-02-15;2025-02-16;2025-02-17;2025-02-18;2025-02-19;2025-02-20,2025-02-07;2025-02-08;2025-02-09;2025-02-10;2025-02-11;2025-02-12;2025-02-13;2025-02-14;2025-02-15;2025-02-16;2025-02-17;2025-02-18;2025-02-19;2025-02-20,,2025-02-20,9600.0,10800.0,10800.0,20.975245412202558,26.001119264359676,10.101139277054735,18.098629399539593,37353.74577258181,77.11364755397261,9763.406435909947,19300.321779593345,361.64165734323336,19661.963436936578,19300.321779593345,19300.321760293024,40036.628066957564,1394.2739220917672,lexicographic,1.9300321760293026e-05,4.003662806695716e-05,False,0.22255249999943771,0.0,1,0
2025-02-22,False,calendar_trend,4,1.0,7,1.0,0,calibrated_quantile,2025-01-25;2025-01-26;2025-01-27;2025-01-28;2025-01-29;2025-01-30;2025-01-31;2025-02-01;2025-02-02;2025-02-03;2025-02-04;2025-02-05;2025-02-06;2025-02-07;2025-02-08;2025-02-09;2025-02-10;2025-02-11;2025-02-12;2025-02-13;2025-02-14;2025-02-15;2025-02-16;2025-02-17;2025-02-18;2025-02-19;2025-02-20;2025-02-21,28,6161.22894153282,2025-01-25;2025-01-26;2025-01-27;2025-01-28;2025-01-29;2025-01-30;2025-01-31;2025-02-01;2025-02-02;2025-02-03;2025-02-04;2025-02-05;2025-02-06;2025-02-07;2025-02-08;2025-02-09;2025-02-10;2025-02-11;2025-02-12;2025-02-13;2025-02-14;2025-02-15;2025-02-16;2025-02-17;2025-02-18;2025-02-19;2025-02-20;2025-02-21,2025-02-08;2025-02-09;2025-02-10;2025-02-11;2025-02-12;2025-02-13;2025-02-14;2025-02-15;2025-02-16;2025-02-17;2025-02-18;2025-02-19;2025-02-20;2025-02-21,,2025-02-21,9600.0,10800.0,10800.0,19.550767441330965,24.390713064957144,17.99587133479086,33.9120887629499,36862.21473864539,301.78341409855886,7212.044315031566,18986.94239681601,1203.0057820764491,20189.94817889246,18986.94239681601,18986.94237782907,40036.628133201884,1424.648236826817,lexicographic,1.898694237782907e-05,4.0036628093165254e-05,False,0.17028270000082557,1.9160424752432795e-16,1,0
2025-02-23,False,calendar_trend,4,1.0,7,1.0,0,calibrated_quantile,2025-01-26;2025-01-27;2025-01-28;2025-01-29;2025-01-30;2025-01-31;2025-02-01;2025-02-02;2025-02-03;2025-02-04;2025-02-05;2025-02-06;2025-02-07;2025-02-08;2025-02-09;2025-02-10;2025-02-11;2025-02-12;2025-02-13;2025-02-14;2025-02-15;2025-02-16;2025-02-17;2025-02-18;2025-02-19;2025-02-20;2025-02-21;2025-02-22,28,6350.087224374673,2025-01-26;2025-01-27;2025-01-28;2025-01-29;2025-01-30;2025-01-31;2025-02-01;2025-02-02;2025-02-03;2025-02-04;2025-02-05;2025-02-06;2025-02-07;2025-02-08;2025-02-09;2025-02-10;2025-02-11;2025-02-12;2025-02-13;2025-02-14;2025-02-15;2025-02-16;2025-02-17;2025-02-18;2025-02-19;2025-02-20;2025-02-21;2025-02-22,2025-02-09;2025-02-10;2025-02-11;2025-02-12;2025-02-13;2025-02-14;2025-02-15;2025-02-16;2025-02-17;2025-02-18;2025-02-19;2025-02-20;2025-02-21;2025-02-22,,2025-02-22,9600.0,10800.0,10800.0,22.92330183472039,28.365421368821757,16.170071697674487,32.1916365391418,79806.70712362138,527.2255188210493,6386.615795012973,48926.449179887975,1570.9930570184104,50497.44223690638,48926.449179887975,48926.44913096153,45893.80011782643,1508.3895853097738,lexicographic,4.892644913096153e-05,4.589380007193263e-05,False,0.16421819999959553,0.0,1,0
2025-02-24,False,calendar_trend,4,1.0,7,1.0,0,calibrated_quantile,2025-01-27;2025-01-28;2025-01-29;2025-01-30;2025-01-31;2025-02-01;2025-02-02;2025-02-03;2025-02-04;2025-02-05;2025-02-06;2025-02-07;2025-02-08;2025-02-09;2025-02-10;2025-02-11;2025-02-12;2025-02-13;2025-02-14;2025-02-15;2025-02-16;2025-02-17;2025-02-18;2025-02-19;2025-02-20;2025-02-21;2025-02-22;2025-02-23,28,5617.598431254854,2025-01-27;2025-01-28;2025-01-29;2025-01-30;2025-01-31;2025-02-01;2025-02-02;2025-02-03;2025-02-04;2025-02-05;2025-02-06;2025-02-07;2025-02-08;2025-02-09;2025-02-10;2025-02-11;2025-02-12;2025-02-13;2025-02-14;2025-02-15;2025-02-16;2025-02-17;2025-02-18;2025-02-19;2025-02-20;2025-02-21;2025-02-22;2025-02-23,2025-02-10;2025-02-11;2025-02-12;2025-02-13;2025-02-14;2025-02-15;2025-02-16;2025-02-17;2025-02-18;2025-02-19;2025-02-20;2025-02-21;2025-02-22;2025-02-23,,2025-02-23,9600.0,10800.0,10800.0,21.407273536846798,26.58176692440839,22.880290881021907,43.059103641521865,80021.16042160463,146.86725677522833,9556.287313264997,48974.29744287482,699.8843795785976,49674.181822453414,48974.29744287481,48974.29739390052,45765.42822051553,1516.4123583882433,lexicographic,4.897429739390052e-05,4.57654281747501e-05,False,0.16264789999695495,0.0,1,0
2025-02-25,False,calendar_trend,4,1.0,7,1.0,0,calibrated_quantile,2025-01-28;2025-01-29;2025-01-30;2025-01-31;2025-02-01;2025-02-02;2025-02-03;2025-02-04;2025-02-05;2025-02-06;2025-02-07;2025-02-08;2025-02-09;2025-02-10;2025-02-11;2025-02-12;2025-02-13;2025-02-14;2025-02-15;2025-02-16;2025-02-17;2025-02-18;2025-02-19;2025-02-20;2025-02-21;2025-02-22;2025-02-23;2025-02-24,28,5147.077543009111,2025-01-28;2025-01-29;2025-01-30;2025-01-31;2025-02-01;2025-02-02;2025-02-03;2025-02-04;2025-02-05;2025-02-06;2025-02-07;2025-02-08;2025-02-09;2025-02-10;2025-02-11;2025-02-12;2025-02-13;2025-02-14;2025-02-15;2025-02-16;2025-02-17;2025-02-18;2025-02-19;2025-02-20;2025-02-21;2025-02-22;2025-02-23;2025-02-24,2025-02-11;2025-02-12;2025-02-13;2025-02-14;2025-02-15;2025-02-16;2025-02-17;2025-02-18;2025-02-19;2025-02-20;2025-02-21;2025-02-22;2025-02-23;2025-02-24,,2025-02-24,9600.0,10800.0,10800.0,20.85706224760963,26.351223749361623,32.889307237278516,62.45031532926532,78859.80315429054,157.93521075751264,10797.292478626394,48175.251824067454,747.9933934160547,48923.24521748351,48175.251824067454,48175.251775892204,45583.330408678026,1499.8260894305668,lexicographic,4.817525177589221e-05,4.55833303630947e-05,False,0.1974633999998332,0.0,1,0
2025-02-26,False,calendar_trend,4,1.0,7,1.0,0,calibrated_quantile,2025-01-29;2025-01-30;2025-01-31;2025-02-01;2025-02-02;2025-02-03;2025-02-04;2025-02-05;2025-02-06;2025-02-07;2025-02-08;2025-02-09;2025-02-10;2025-02-11;2025-02-12;2025-02-13;2025-02-14;2025-02-15;2025-02-16;2025-02-17;2025-02-18;2025-02-19;2025-02-20;2025-02-21;2025-02-22;2025-02-23;2025-02-24;2025-02-25,28,5116.4661790114005,2025-01-29;2025-01-30;2025-01-31;2025-02-01;2025-02-02;2025-02-03;2025-02-04;2025-02-05;2025-02-06;2025-02-07;2025-02-08;2025-02-09;2025-02-10;2025-02-11;2025-02-12;2025-02-13;2025-02-14;2025-02-15;2025-02-16;2025-02-17;2025-02-18;2025-02-19;2025-02-20;2025-02-21;2025-02-22;2025-02-23;2025-02-24;2025-02-25,2025-02-12;2025-02-13;2025-02-14;2025-02-15;2025-02-16;2025-02-17;2025-02-18;2025-02-19;2025-02-20;2025-02-21;2025-02-22;2025-02-23;2025-02-24;2025-02-25,,2025-02-25,9600.0,10800.0,10800.0,21.534578449844066,26.921916919108842,16.060867556718534,29.37921407276142,77650.46311639278,345.18633706497354,6806.034771321221,47372.47952165059,1423.3198379214855,48795.799359572076,47372.479521650595,47372.47947427808,45120.56632726116,1510.2521379860832,lexicographic,4.7372479474278084e-05,4.512056632726097e-05,False,0.1899154999991879,0.0,1,0
2025-02-27,False,calendar_trend,4,1.0,7,1.0,0,calibrated_quantile,2025-01-30;2025-01-31;2025-02-01;2025-02-02;2025-02-03;2025-02-04;2025-02-05;2025-02-06;2025-02-07;2025-02-08;2025-02-09;2025-02-10;2025-02-11;2025-02-12;2025-02-13;2025-02-14;2025-02-15;2025-02-16;2025-02-17;2025-02-18;2025-02-19;2025-02-20;2025-02-21;2025-02-22;2025-02-23;2025-02-24;2025-02-25;2025-02-26,28,5194.570009188663,2025-01-30;2025-01-31;2025-02-01;2025-02-02;2025-02-03;2025-02-04;2025-02-05;2025-02-06;2025-02-07;2025-02-08;2025-02-09;2025-02-10;2025-02-11;2025-02-12;2025-02-13;2025-02-14;2025-02-15;2025-02-16;2025-02-17;2025-02-18;2025-02-19;2025-02-20;2025-02-21;2025-02-22;2025-02-23;2025-02-24;2025-02-25;2025-02-26,2025-02-13;2025-02-14;2025-02-15;2025-02-16;2025-02-17;2025-02-18;2025-02-19;2025-02-20;2025-02-21;2025-02-22;2025-02-23;2025-02-24;2025-02-25;2025-02-26,,2025-02-26,9600.0,10800.0,10800.0,20.852652785275012,25.735725682005256,21.643400034296267,42.456928154205706,77466.94768944546,202.40674423764847,8360.276467153804,47298.581765433366,1046.0967104079377,48344.678475841305,47298.581765433366,47298.58171813477,44697.381564056916,1511.4439458728857,lexicographic,4.729858171813477e-05,4.469738156405883e-05,False,0.23400220000257832,0.0,1,0
2025-02-28,False,calendar_trend,4,1.0,7,1.0,0,calibrated_quantile,2025-01-31;2025-02-01;2025-02-02;2025-02-03;2025-02-04;2025-02-05;2025-02-06;2025-02-07;2025-02-08;2025-02-09;2025-02-10;2025-02-11;2025-02-12;2025-02-13;2025-02-14;2025-02-15;2025-02-16;2025-02-17;2025-02-18;2025-02-19;2025-02-20;2025-02-21;2025-02-22;2025-02-23;2025-02-24;2025-02-25;2025-02-26;2025-02-27,28,5208.7539374582575,2025-01-31;2025-02-01;2025-02-02;2025-02-03;2025-02-04;2025-02-05;2025-02-06;2025-02-07;2025-02-08;2025-02-09;2025-02-10;2025-02-11;2025-02-12;2025-02-13;2025-02-14;2025-02-15;2025-02-16;2025-02-17;2025-02-18;2025-02-19;2025-02-20;2025-02-21;2025-02-22;2025-02-23;2025-02-24;2025-02-25;2025-02-26;2025-02-27,2025-02-14;2025-02-15;2025-02-16;2025-02-17;2025-02-18;2025-02-19;2025-02-20;2025-02-21;2025-02-22;2025-02-23;2025-02-24;2025-02-25;2025-02-26;2025-02-27,,2025-02-27,9600.0,10800.0,10800.0,19.20218217723767,23.31499946238186,17.73181872927313,39.62438661302822,35816.709948929245,666.0764748540163,11083.001919921882,18330.670957502065,1972.002455966546,20302.673413468612,18330.670957502065,18330.6709391714,40036.62812336613,1393.3689575316844,lexicographic,1.83306709391714e-05,4.003662812336575e-05,False,0.27104010000039125,0.0,1,0
2025-03-01,False,calendar_trend,4,1.0,7,1.0,0,calibrated_quantile,2025-02-01;2025-02-02;2025-02-03;2025-02-04;2025-02-05;2025-02-06;2025-02-07;2025-02-08;2025-02-09;2025-02-10;2025-02-11;2025-02-12;2025-02-13;2025-02-14;2025-02-15;2025-02-16;2025-02-17;2025-02-18;2025-02-19;2025-02-20;2025-02-21;2025-02-22;2025-02-23;2025-02-24;2025-02-25;2025-02-26;2025-02-27;2025-02-28,28,5345.007445614673,2025-02-01;2025-02-02;2025-02-03;2025-02-04;2025-02-05;2025-02-06;2025-02-07;2025-02-08;2025-02-09;2025-02-10;2025-02-11;2025-02-12;2025-02-13;2025-02-14;2025-02-15;2025-02-16;2025-02-17;2025-02-18;2025-02-19;2025-02-20;2025-02-21;2025-02-22;2025-02-23;2025-02-24;2025-02-25;2025-02-26;2025-02-27;2025-02-28,2025-02-15;2025-02-16;2025-02-17;2025-02-18;2025-02-19;2025-02-20;2025-02-21;2025-02-22;2025-02-23;2025-02-24;2025-02-25;2025-02-26;2025-02-27;2025-02-28,,2025-02-28,9600.0,10800.0,10800.0,29.61258287438758,38.55553711295747,34.78879037601807,72.33751232371195,35111.30512291873,782.6502206395776,10127.998453521857,17947.059705348398,2743.044578996304,20690.104284344703,17947.059705348398,17947.05968740134,40036.62817735917,1424.2142422947054,lexicographic,1.794705968740134e-05,4.0036628137322545e-05,False,0.24098500000036438,0.0,1,0
2025-03-02,False,calendar_trend,4,1.0,7,1.0,0,calibrated_quantile,2025-02-02;2025-02-03;2025-02-04;2025-02-05;2025-02-06;2025-02-07;2025-02-08;2025-02-09;2025-02-10;2025-02-11;2025-02-12;2025-02-13;2025-02-14;2025-02-15;2025-02-16;2025-02-17;2025-02-18;2025-02-19;2025-02-20;2025-02-21;2025-02-22;2025-02-23;2025-02-24;2025-02-25;2025-02-26;2025-02-27;2025-02-28;2025-03-01,28,5622.83434189571,2025-02-02;2025-02-03;2025-02-04;2025-02-05;2025-02-06;2025-02-07;2025-02-08;2025-02-09;2025-02-10;2025-02-11;2025-02-12;2025-02-13;2025-02-14;2025-02-15;2025-02-16;2025-02-17;2025-02-18;2025-02-19;2025-02-20;2025-02-21;2025-02-22;2025-02-23;2025-02-24;2025-02-25;2025-02-26;2025-02-27;2025-02-28;2025-03-01,2025-02-16;2025-02-17;2025-02-18;2025-02-19;2025-02-20;2025-02-21;2025-02-22;2025-02-23;2025-02-24;2025-02-25;2025-02-26;2025-02-27;2025-02-28;2025-03-01,,2025-03-01,9600.0,10800.0,10800.0,22.261243575140536,29.25759176525722,49.624792284907535,99.52645643373745,74438.3266894056,3875.992231996657,3665.9346090566296,45296.96187325471,14222.407017422182,59519.368890676895,45296.96187325471,45296.96182795774,43511.46766790068,1472.5867623311497,lexicographic,4.529696182795774e-05,4.35114676679018e-05,False,0.3262686999987636,0.0,1,0
2025-03-03,False,calendar_trend,4,1.0,7,1.0,0,calibrated_quantile,2025-02-03;2025-02-04;2025-02-05;2025-02-06;2025-02-07;2025-02-08;2025-02-09;2025-02-10;2025-02-11;2025-02-12;2025-02-13;2025-02-14;2025-02-15;2025-02-16;2025-02-17;2025-02-18;2025-02-19;2025-02-20;2025-02-21;2025-02-22;2025-02-23;2025-02-24;2025-02-25;2025-02-26;2025-02-27;2025-02-28;2025-03-01;2025-03-02,28,5968.631000317666,2025-02-03;2025-02-04;2025-02-05;2025-02-06;2025-02-07;2025-02-08;2025-02-09;2025-02-10;2025-02-11;2025-02-12;2025-02-13;2025-02-14;2025-02-15;2025-02-16;2025-02-17;2025-02-18;2025-02-19;2025-02-20;2025-02-21;2025-02-22;2025-02-23;2025-02-24;2025-02-25;2025-02-26;2025-02-27;2025-02-28;2025-03-01;2025-03-02,2025-02-17;2025-02-18;2025-02-19;2025-02-20;2025-02-21;2025-02-22;2025-02-23;2025-02-24;2025-02-25;2025-02-26;2025-02-27;2025-02-28;2025-03-01;2025-03-02,,2025-03-02,9600.0,10800.0,10800.0,22.6613550600929,28.376304631195186,33.63658190538742,60.42202659877052,76419.48320209984,1587.7663900705031,3631.848954318786,46549.447447987026,6957.224716160359,53506.672164147385,46549.447447987026,46549.44740143758,44806.826085846405,1478.5632585274316,lexicographic,4.6549447401437585e-05,4.480682608584687e-05,False,0.2854415000001609,0.0,1,0
2025-03-04,False,calendar_trend,4,1.0,7,1.0,0,calibrated_quantile,2025-02-04;2025-02-05;2025-02-06;2025-02-07;2025-02-08;2025-02-09;2025-02-10;2025-02-11;2025-02-12;2025-02-13;2025-02-14;2025-02-15;2025-02-16;2025-02-17;2025-02-18;2025-02-19;2025-02-20;2025-02-21;2025-02-22;2025-02-23;2025-02-24;2025-02-25;2025-02-26;2025-02-27;2025-02-28;2025-03-01;2025-03-02;2025-03-03,28,6215.789959365471,2025-02-04;2025-02-05;2025-02-06;2025-02-07;2025-02-08;2025-02-09;2025-02-10;2025-02-11;2025-02-12;2025-02-13;2025-02-14;2025-02-15;2025-02-16;2025-02-17;2025-02-18;2025-02-19;2025-02-20;2025-02-21;2025-02-22;2025-02-23;2025-02-24;2025-02-25;2025-02-26;2025-02-27;2025-02-28;2025-03-01;2025-03-02;2025-03-03,2025-02-18;2025-02-19;2025-02-20;2025-02-21;2025-02-22;2025-02-23;2025-02-24;2025-02-25;2025-02-26;2025-02-27;2025-02-28;2025-03-01;2025-03-02;2025-03-03,,2025-03-03,9600.0,10800.0,10800.0,16.85649372366484,21.455899820686284,15.258138294737957,30.807775690390667,77389.4348534781,210.04920475201666,5979.246654306967,47251.894200397015,853.306970112986,48105.20117051,47251.894200397015,47251.89415314511,45994.80994120671,1460.3797188962662,lexicographic,4.725189415314511e-05,4.59948098952119e-05,False,0.2051545000031183,0.0,1,0
2025-03-05,False,calendar_trend,4,1.0,7,1.0,0,calibrated_quantile,2025-02-05;2025-02-06;2025-02-07;2025-02-08;2025-02-09;2025-02-10;2025-02-11;2025-02-12;2025-02-13;2025-02-14;2025-02-15;2025-02-16;2025-02-17;2025-02-18;2025-02-19;2025-02-20;2025-02-21;2025-02-22;2025-02-23;2025-02-24;2025-02-25;2025-02-26;2025-02-27;2025-02-28;2025-03-01;2025-03-02;2025-03-03;2025-03-04,28,6137.704702081419,2025-02-05;2025-02-06;2025-02-07;2025-02-08;2025-02-09;2025-02-10;2025-02-11;2025-02-12;2025-02-13;2025-02-14;2025-02-15;2025-02-16;2025-02-17;2025-02-18;2025-02-19;2025-02-20;2025-02-21;2025-02-22;2025-02-23;2025-02-24;2025-02-25;2025-02-26;2025-02-27;2025-02-28;2025-03-01;2025-03-02;2025-03-03;2025-03-04,2025-02-19;2025-02-20;2025-02-21;2025-02-22;2025-02-23;2025-02-24;2025-02-25;2025-02-26;2025-02-27;2025-02-28;2025-03-01;2025-03-02;2025-03-03;2025-03-04,,2025-03-04,9600.0,10800.0,10800.0,19.679206248427835,24.103808523840726,23.93602838099136,42.501408220053506,77577.5147516321,74.33575906706392,9099.941240294625,47277.66284058831,321.56635707965535,47599.22919766796,47277.66284058832,47277.66279331065,46007.30782101973,1455.031491013799,lexicographic,4.7277662793310654e-05,4.600730777501242e-05,False,0.20523150000008172,0.0,1,0
2025-03-06,False,calendar_trend,4,1.0,7,1.0,0,calibrated_quantile,2025-02-06;2025-02-07;2025-02-08;2025-02-09;2025-02-10;2025-02-11;2025-02-12;2025-02-13;2025-02-14;2025-02-15;2025-02-16;2025-02-17;2025-02-18;2025-02-19;2025-02-20;2025-02-21;2025-02-22;2025-02-23;2025-02-24;2025-02-25;2025-02-26;2025-02-27;2025-02-28;2025-03-01;2025-03-02;2025-03-03;2025-03-04;2025-03-05,28,6039.918434236619,2025-02-06;2025-02-07;2025-02-08;2025-02-09;2025-02-10;2025-02-11;2025-02-12;2025-02-13;2025-02-14;2025-02-15;2025-02-16;2025-02-17;2025-02-18;2025-02-19;2025-02-20;2025-02-21;2025-02-22;2025-02-23;2025-02-24;2025-02-25;2025-02-26;2025-02-27;2025-02-28;2025-03-01;2025-03-02;2025-03-03;2025-03-04;2025-03-05,2025-02-20;2025-02-21;2025-02-22;2025-02-23;2025-02-24;2025-02-25;2025-02-26;2025-02-27;2025-02-28;2025-03-01;2025-03-02;2025-03-03;2025-03-04;2025-03-05,,2025-03-05,9600.0,10800.0,10800.0,19.838053436122063,24.33480606663001,17.961896832931917,31.17606947543317,76586.20228273209,167.49574748099874,8412.228066815778,46664.56214822768,644.0252501556429,47308.58739838332,46664.56214822768,46664.56210156311,45615.50077121574,1463.1341987516644,lexicographic,4.6664562101563116e-05,4.561550077121902e-05,False,0.37367100000119535,0.0,1,0
2025-03-07,False,calendar_trend,4,1.0,7,1.0,0,calibrated_quantile,2025-02-07;2025-02-08;2025-02-09;2025-02-10;2025-02-11;2025-02-12;2025-02-13;2025-02-14;2025-02-15;2025-02-16;2025-02-17;2025-02-18;2025-02-19;2025-02-20;2025-02-21;2025-02-22;2025-02-23;2025-02-24;2025-02-25;2025-02-26;2025-02-27;2025-02-28;2025-03-01;2025-03-02;2025-03-03;2025-03-04;2025-03-05;2025-03-06,28,5996.765993798301,2025-02-07;2025-02-08;2025-02-09;2025-02-10;2025-02-11;2025-02-12;2025-02-13;2025-02-14;2025-02-15;2025-02-16;2025-02-17;2025-02-18;2025-02-19;2025-02-20;2025-02-21;2025-02-22;2025-02-23;2025-02-24;2025-02-25;2025-02-26;2025-02-27;2025-02-28;2025-03-01;2025-03-02;2025-03-03;2025-03-04;2025-03-05;2025-03-06,2025-02-21;2025-02-22;2025-02-23;2025-02-24;2025-02-25;2025-02-26;2025-02-27;2025-02-28;2025-03-01;2025-03-02;2025-03-03;2025-03-04;2025-03-05;2025-03-06,,2025-03-06,9600.0,10800.0,10800.0,19.975198987341553,25.75503636502311,14.820691023065725,32.54084539264572,33780.78366807372,50.39190444303327,10801.699083278709,17370.17727315161,138.13165564146806,17508.308928793078,17370.17727315161,17370.177255781433,40036.62816218937,1358.5169538281461,lexicographic,1.7370177255781435e-05,4.0036628162189386e-05,False,0.29509829999733483,0.0,1,0
2025-03-08,False,calendar_trend,4,1.0,7,1.0,0,calibrated_quantile,2025-02-08;2025-02-09;2025-02-10;2025-02-11;2025-02-12;2025-02-13;2025-02-14;2025-02-15;2025-02-16;2025-02-17;2025-02-18;2025-02-19;2025-02-20;2025-02-21;2025-02-22;2025-02-23;2025-02-24;2025-02-25;2025-02-26;2025-02-27;2025-02-28;2025-03-01;2025-03-02;2025-03-03;2025-03-04;2025-03-05;2025-03-06;2025-03-07,28,5964.9648243644715,2025-02-08;2025-02-09;2025-02-10;2025-02-11;2025-02-12;2025-02-13;2025-02-14;2025-02-15;2025-02-16;2025-02-17;2025-02-18;2025-02-19;2025-02-20;2025-02-21;2025-02-22;2025-02-23;2025-02-24;2025-02-25;2025-02-26;2025-02-27;2025-02-28;2025-03-01;2025-03-02;2025-03-03;2025-03-04;2025-03-05;2025-03-06;2025-03-07,2025-02-22;2025-02-23;2025-02-24;2025-02-25;2025-02-26;2025-02-27;2025-02-28;2025-03-01;2025-03-02;2025-03-03;2025-03-04;2025-03-05;2025-03-06;2025-03-07,,2025-03-07,9600.0,10800.0,10800.0,16.0138439077521,19.8658059587557,24.233868457296165,41.89001172601177,32970.80116071785,116.29765312292855,11916.768339784176,16997.805924218024,335.1570219530935,17332.96294617112,16997.805924218024,16997.805907220216,40036.62819040879,1423.4756218686434,lexicographic,1.6997805907220217e-05,4.003662815037216e-05,False,0.2022450000004028,0.0,1,0
2025-03-09,False,calendar_trend,4,1.0,7,1.0,0,calibrated_quantile,2025-02-09;2025-02-10;2025-02-11;2025-02-12;2025-02-13;2025-02-14;2025-02-15;2025-02-16;2025-02-17;2025-02-18;2025-02-19;2025-02-20;2025-02-21;2025-02-22;2025-02-23;2025-02-24;2025-02-25;2025-02-26;2025-02-27;2025-02-28;2025-03-01;2025-03-02;2025-03-03;2025-03-04;2025-03-05;2025-03-06;2025-03-07;2025-03-08,28,5956.906043140116,2025-02-09;2025-02-10;2025-02-11;2025-02-12;2025-02-13;2025-02-14;2025-02-15;2025-02-16;2025-02-17;2025-02-18;2025-02-19;2025-02-20;2025-02-21;2025-02-22;2025-02-23;2025-02-24;2025-02-25;2025-02-26;2025-02-27;2025-02-28;2025-03-01;2025-03-02;2025-03-03;2025-03-04;2025-03-05;2025-03-06;2025-03-07;2025-03-08,2025-02-23;2025-02-24;2025-02-25;2025-02-26;2025-02-27;2025-02-28;2025-03-01;2025-03-02;2025-03-03;2025-03-04;2025-03-05;2025-03-06;2025-03-07;2025-03-08,,2025-03-08,9600.0,10800.0,10800.0,25.063681345091243,32.295136171024815,29.033803738058616,59.639386607676336,73178.50688187519,410.0406727974076,7894.134518644497,44165.66310923015,1689.2596548046208,45854.92276403477,44165.66310923015,44165.66306506447,44856.8717345341,1432.0444928188936,lexicographic,4.416566306506448e-05,4.485687173453372e-05,False,0.2717969000004814,0.0,1,0
2025-03-10,False,calendar_trend,4,1.0,7,1.0,0,calibrated_quantile,2025-02-10;2025-02-11;2025-02-12;2025-02-13;2025-02-14;2025-02-15;2025-02-16;2025-02-17;2025-02-18;2025-02-19;2025-02-20;2025-02-21;2025-02-22;2025-02-23;2025-02-24;2025-02-25;2025-02-26;2025-02-27;2025-02-28;2025-03-01;2025-03-02;2025-03-03;2025-03-04;2025-03-05;2025-03-06;2025-03-07;2025-03-08;2025-03-09,28,5679.066076591047,2025-02-10;2025-02-11;2025-02-12;2025-02-13;2025-02-14;2025-02-15;2025-02-16;2025-02-17;2025-02-18;2025-02-19;2025-02-20;2025-02-21;2025-02-22;2025-02-23;2025-02-24;2025-02-25;2025-02-26;2025-02-27;2025-02-28;2025-03-01;2025-03-02;2025-03-03;2025-03-04;2025-03-05;2025-03-06;2025-03-07;2025-03-08;2025-03-09,2025-02-24;2025-02-25;2025-02-26;2025-02-27;2025-02-28;2025-03-01;2025-03-02;2025-03-03;2025-03-04;2025-03-05;2025-03-06;2025-03-07;2025-03-08;2025-03-09,,2025-03-09,9600.0,10800.0,10800.0,29.118742440280144,35.33626726553916,20.603450367633357,45.05071201577951,72547.88433046226,1706.7391507699713,3869.542906768423,43757.09870318453,5595.1230449013165,49352.221748085845,43757.098703184536,43757.09865942743,44517.17336481229,1439.1290138423392,lexicographic,4.375709865942743e-05,4.4517173320295115e-05,False,0.16796959999919636,0.0,1,0
2025-03-11,False,calendar_trend,4,1.0,7,1.0,0,calibrated_quantile,2025-02-11;2025-02-12;2025-02-13;2025-02-14;2025-02-15;2025-02-16;2025-02-17;2025-02-18;2025-02-19;2025-02-20;2025-02-21;2025-02-22;2025-02-23;2025-02-24;2025-02-25;2025-02-26;2025-02-27;2025-02-28;2025-03-01;2025-03-02;2025-03-03;2025-03-04;2025-03-05;2025-03-06;2025-03-07;2025-03-08;2025-03-09;2025-03-10,28,5956.169634767746,2025-02-11;2025-02-12;2025-02-13;2025-02-14;2025-02-15;2025-02-16;2025-02-17;2025-02-18;2025-02-19;2025-02-20;2025-02-21;2025-02-22;2025-02-23;2025-02-24;2025-02-25;2025-02-26;2025-02-27;2025-02-28;2025-03-01;2025-03-02;2025-03-03;2025-03-04;2025-03-05;2025-03-06;2025-03-07;2025-03-08;2025-03-09;2025-03-10,2025-02-25;2025-02-26;2025-02-27;2025-02-28;2025-03-01;2025-03-02;2025-03-03;2025-03-04;2025-03-05;2025-03-06;2025-03-07;2025-03-08;2025-03-09;2025-03-10,,2025-03-10,9600.0,10800.0,10800.0,24.351961122653595,29.879442305903826,27.493723980180203,53.245444471812036,73492.08574092634,284.8728956901976,7509.292258663193,44280.54693830803,1062.582628064341,45343.129566372365,44280.546938308034,44280.54689402748,44246.20398111384,1435.4505722357576,lexicographic,4.4280546894027484e-05,4.4246203936867654e-05,False,0.21046320000095875,0.0,1,0
2025-03-12,False,calendar_trend,4,1.0,7,1.0,0,calibrated_quantile,2025-02-12;2025-02-13;2025-02-14;2025-02-15;2025-02-16;2025-02-17;2025-02-18;2025-02-19;2025-02-20;2025-02-21;2025-02-22;2025-02-23;2025-02-24;2025-02-25;2025-02-26;2025-02-27;2025-02-28;2025-03-01;2025-03-02;2025-03-03;2025-03-04;2025-03-05;2025-03-06;2025-03-07;2025-03-08;2025-03-09;2025-03-10;2025-03-11,28,5971.903829564024,2025-02-12;2025-02-13;2025-02-14;2025-02-15;2025-02-16;2025-02-17;2025-02-18;2025-02-19;2025-02-20;2025-02-21;2025-02-22;2025-02-23;2025-02-24;2025-02-25;2025-02-26;2025-02-27;2025-02-28;2025-03-01;2025-03-02;2025-03-03;2025-03-04;2025-03-05;2025-03-06;2025-03-07;2025-03-08;2025-03-09;2025-03-10;2025-03-11,2025-02-26;2025-02-27;2025-02-28;2025-03-01;2025-03-02;2025-03-03;2025-03-04;2025-03-05;2025-03-06;2025-03-07;2025-03-08;2025-03-09;2025-03-10;2025-03-11,,2025-03-11,9600.0,10800.0,10800.0,22.748126630545173,28.749877356171716,28.55237636179508,51.06214471161851,72564.7787570029,391.449924173212,8215.244250044143,43662.01769600825,1355.5471616878922,45017.56485769615,43662.01769600826,43662.01765234624,43803.54520817434,1455.2969567610542,lexicographic,4.366201765234625e-05,4.380354516437081e-05,False,0.2208180000016,0.0,1,0
2025-03-13,False,calendar_trend,4,1.0,7,1.0,0,calibrated_quantile,2025-02-13;2025-02-14;2025-02-15;2025-02-16;2025-02-17;2025-02-18;2025-02-19;2025-02-20;2025-02-21;2025-02-22;2025-02-23;2025-02-24;2025-02-25;2025-02-26;2025-02-27;2025-02-28;2025-03-01;2025-03-02;2025-03-03;2025-03-04;2025-03-05;2025-03-06;2025-03-07;2025-03-08;2025-03-09;2025-03-10;2025-03-11;2025-03-12,28,5937.150546868808,2025-02-13;2025-02-14;2025-02-15;2025-02-16;2025-02-17;2025-02-18;2025-02-19;2025-02-20;2025-02-21;2025-02-22;2025-02-23;2025-02-24;2025-02-25;2025-02-26;2025-02-27;2025-02-28;2025-03-01;2025-03-02;2025-03-03;2025-03-04;2025-03-05;2025-03-06;2025-03-07;2025-03-08;2025-03-09;2025-03-10;2025-03-11;2025-03-12,2025-02-27;2025-02-28;2025-03-01;2025-03-02;2025-03-03;2025-03-04;2025-03-05;2025-03-06;2025-03-07;2025-03-08;2025-03-09;2025-03-10;2025-03-11;2025-03-12,,2025-03-12,9600.0,10800.0,10800.0,22.617620046756493,27.966202559383973,33.68724494888846,64.40728971267762,71110.94270660638,2338.2093920307766,3612.041965149728,42702.62281346014,9299.199659010132,52001.822472470274,42702.62281346014,42702.62277075751,43538.350219594766,1462.9029205585653,lexicographic,4.270262277075751e-05,4.353835021959477e-05,False,0.2265707000005932,0.0,1,0
2025-03-14,False,calendar_trend,4,1.0,7,1.0,0,calibrated_quantile,2025-02-14;2025-02-15;2025-02-16;2025-02-17;2025-02-18;2025-02-19;2025-02-20;2025-02-21;2025-02-22;2025-02-23;2025-02-24;2025-02-25;2025-02-26;2025-02-27;2025-02-28;2025-03-01;2025-03-02;2025-03-03;2025-03-04;2025-03-05;2025-03-06;2025-03-07;2025-03-08;2025-03-09;2025-03-10;2025-03-11;2025-03-12;2025-03-13,28,6323.734852957177,2025-02-14;2025-02-15;2025-02-16;2025-02-17;2025-02-18;2025-02-19;2025-02-20;2025-02-21;2025-02-22;2025-02-23;2025-02-24;2025-02-25;2025-02-26;2025-02-27;2025-02-28;2025-03-01;2025-03-02;2025-03-03;2025-03-04;2025-03-05;2025-03-06;2025-03-07;2025-03-08;2025-03-09;2025-03-10;2025-03-11;2025-03-12;2025-03-13,2025-02-28;2025-03-01;2025-03-02;2025-03-03;2025-03-04;2025-03-05;2025-03-06;2025-03-07;2025-03-08;2025-03-09;2025-03-10;2025-03-11;2025-03-12;2025-03-13,,2025-03-13,9600.0,10800.0,10800.0,18.975360369406076,22.234166698211567,24.396266512267836,49.459478468086445,32347.33145563129,130.64218555012073,14341.356700248367,16508.931241718223,494.41586385394424,17003.347105572167,16508.931241718223,16508.931225209293,40036.62819439464,1334.6211972992983,lexicographic,1.6508931225209295e-05,4.003662819439459e-05,False,0.29816370000116876,0.0,1,0
2025-03-15,False,calendar_trend,4,1.0,7,1.0,0,calibrated_quantile,2025-02-15;2025-02-16;2025-02-17;2025-02-18;2025-02-19;2025-02-20;2025-02-21;2025-02-22;2025-02-23;2025-02-24;2025-02-25;2025-02-26;2025-02-27;2025-02-28;2025-03-01;2025-03-02;2025-03-03;2025-03-04;2025-03-05;2025-03-06;2025-03-07;2025-03-08;2025-03-09;2025-03-10;2025-03-11;2025-03-12;2025-03-13;2025-03-14,28,6279.558382736206,2025-02-15;2025-02-16;2025-02-17;2025-02-18;2025-02-19;2025-02-20;2025-02-21;2025-02-22;2025-02-23;2025-02-24;2025-02-25;2025-02-26;2025-02-27;2025-02-28;2025-03-01;2025-03-02;2025-03-03;2025-03-04;2025-03-05;2025-03-06;2025-03-07;2025-03-08;2025-03-09;2025-03-10;2025-03-11;2025-03-12;2025-03-13;2025-03-14,2025-03-01;2025-03-02;2025-03-03;2025-03-04;2025-03-05;2025-03-06;2025-03-07;2025-03-08;2025-03-09;2025-03-10;2025-03-11;2025-03-12;2025-03-13;2025-03-14,,2025-03-14,9600.0,10800.0,10800.0,18.250679466683923,23.378390566206374,32.729708194503765,65.42600981365958,31962.11260476036,849.3202724688268,9780.116767822907,16360.299345979654,2640.5655004260575,19000.86484640571,16360.299345979656,16360.299329619358,40036.62822871943,1399.4330004770927,lexicographic,1.636029932961936e-05,4.0036628188682815e-05,False,0.1751886000020022,0.0,1,0
2025-03-16,False,calendar_trend,4,1.0,7,1.0,0,calibrated_quantile,2025-02-16;2025-02-17;2025-02-18;2025-02-19;2025-02-20;2025-02-21;2025-02-22;2025-02-23;2025-02-24;2025-02-25;2025-02-26;2025-02-27;2025-02-28;2025-03-01;2025-03-02;2025-03-03;2025-03-04;2025-03-05;2025-03-06;2025-03-07;2025-03-08;2025-03-09;2025-03-10;2025-03-11;2025-03-12;2025-03-13;2025-03-14;2025-03-15,28,6552.415988648183,2025-02-16;2025-02-17;2025-02-18;2025-02-19;2025-02-20;2025-02-21;2025-02-22;2025-02-23;2025-02-24;2025-02-25;2025-02-26;2025-02-27;2025-02-28;2025-03-01;2025-03-02;2025-03-03;2025-03-04;2025-03-05;2025-03-06;2025-03-07;2025-03-08;2025-03-09;2025-03-10;2025-03-11;2025-03-12;2025-03-13;2025-03-14;2025-03-15,2025-03-02;2025-03-03;2025-03-04;2025-03-05;2025-03-06;2025-03-07;2025-03-08;2025-03-09;2025-03-10;2025-03-11;2025-03-12;2025-03-13;2025-03-14;2025-03-15,,2025-03-15,9600.0,10800.0,10800.0,25.784424387701698,32.38313635442051,22.753964938805623,44.89371197218628,70212.3899411305,1012.3307133562535,5607.862646340634,42096.739896114166,4197.2332021592165,46293.97309827338,42096.739896114166,42096.73985401745,43050.41042144328,1444.1121419209235,lexicographic,4.209673985401745e-05,4.305041037839287e-05,False,0.1559144999991986,0.0,1,0
2025-03-17,False,calendar_trend,4,1.0,7,1.0,0,calibrated_quantile,2025-02-17;2025-02-18;2025-02-19;2025-02-20;2025-02-21;2025-02-22;2025-02-23;2025-02-24;2025-02-25;2025-02-26;2025-02-27;2025-02-28;2025-03-01;2025-03-02;2025-03-03;2025-03-04;2025-03-05;2025-03-06;2025-03-07;2025-03-08;2025-03-09;2025-03-10;2025-03-11;2025-03-12;2025-03-13;2025-03-14;2025-03-15;2025-03-16,28,6421.38483556631,2025-02-17;2025-02-18;2025-02-19;2025-02-20;2025-02-21;2025-02-22;2025-02-23;2025-02-24;2025-02-25;2025-02-26;2025-02-27;2025-02-28;2025-03-01;2025-03-02;2025-03-03;2025-03-04;2025-03-05;2025-03-06;2025-03-07;2025-03-08;2025-03-09;2025-03-10;2025-03-11;2025-03-12;2025-03-13;2025-03-14;2025-03-15;2025-03-16,2025-03-03;2025-03-04;2025-03-05;2025-03-06;2025-03-07;2025-03-08;2025-03-09;2025-03-10;2025-03-11;2025-03-12;2025-03-13;2025-03-14;2025-03-15;2025-03-16,,2025-03-16,9600.0,10800.0,10800.0,23.711794705065515,30.987163520570185,36.042636313145195,64.52332362071456,70833.99080485023,175.86306601914893,10872.79269481883,42395.577959399234,708.1661046714369,43103.74406407067,42395.577959399234,42395.577917003684,43299.66511162699,1462.2866293079737,lexicographic,4.2395577917003684e-05,4.329966506832733e-05,False,0.17499669999961043,0.0,1,0
2025-03-18,False,calendar_trend,4,1.0,7,1.0,0,calibrated_quantile,2025-02-18;2025-02-19;2025-02-20;2025-02-21;2025-02-22;2025-02-23;2025-02-24;2025-02-25;2025-02-26;2025-02-27;2025-02-28;2025-03-01;2025-03-02;2025-03-03;2025-03-04;2025-03-05;2025-03-06;2025-03-07;2025-03-08;2025-03-09;2025-03-10;2025-03-11;2025-03-12;2025-03-13;2025-03-14;2025-03-15;2025-03-16;2025-03-17,28,6408.421873899904,2025-02-18;2025-02-19;2025-02-20;2025-02-21;2025-02-22;2025-02-23;2025-02-24;2025-02-25;2025-02-26;2025-02-27;2025-02-28;2025-03-01;2025-03-02;2025-03-03;2025-03-04;2025-03-05;2025-03-06;2025-03-07;2025-03-08;2025-03-09;2025-03-10;2025-03-11;2025-03-12;2025-03-13;2025-03-14;2025-03-15;2025-03-16;2025-03-17,2025-03-04;2025-03-05;2025-03-06;2025-03-07;2025-03-08;2025-03-09;2025-03-10;2025-03-11;2025-03-12;2025-03-13;2025-03-14;2025-03-15;2025-03-16;2025-03-17,,2025-03-17,9600.0,10800.0,10800.0,21.387982409491954,26.169069630110123,21.148833475785327,41.238672156556504,70249.91664584138,779.5373840773772,7647.65551325451,42000.77516039431,3954.9514287792417,45955.72658917355,42000.77516039431,42000.77511839356,42860.96284995398,1448.863995133319,lexicographic,4.200077511839357e-05,4.286096284995399e-05,False,0.14015110000036657,0.0,1,0
2025-03-19,False,calendar_trend,4,1.0,7,1.0,0,calibrated_quantile,2025-02-19;2025-02-20;2025-02-21;2025-02-22;2025-02-23;2025-02-24;2025-02-25;2025-02-26;2025-02-27;2025-02-28;2025-03-01;2025-03-02;2025-03-03;2025-03-04;2025-03-05;2025-03-06;2025-03-07;2025-03-08;2025-03-09;2025-03-10;2025-03-11;2025-03-12;2025-03-13;2025-03-14;2025-03-15;2025-03-16;2025-03-17;2025-03-18,28,6414.9292163305045,2025-02-19;2025-02-20;2025-02-21;2025-02-22;2025-02-23;2025-02-24;2025-02-25;2025-02-26;2025-02-27;2025-02-28;2025-03-01;2025-03-02;2025-03-03;2025-03-04;2025-03-05;2025-03-06;2025-03-07;2025-03-08;2025-03-09;2025-03-10;2025-03-11;2025-03-12;2025-03-13;2025-03-14;2025-03-15;2025-03-16;2025-03-17;2025-03-18,2025-03-05;2025-03-06;2025-03-07;2025-03-08;2025-03-09;2025-03-10;2025-03-11;2025-03-12;2025-03-13;2025-03-14;2025-03-15;2025-03-16;2025-03-17;2025-03-18,,2025-03-18,9600.0,10800.0,10800.0,19.249675478856926,23.92278907950958,24.95165756044739,45.30216492525305,70557.0250097232,169.42410318484042,9014.002219998929,42250.80812332574,867.4636825045505,43118.27180583029,42250.80812332574,42250.80808107494,42692.55241527312,1454.0199795533022,lexicographic,4.225080808107494e-05,4.2692552372580575e-05,False,0.1253699000008055,0.0,1,0
2025-03-20,False,calendar_trend,4,1.0,7,1.0,0,calibrated_quantile,2025-02-20;2025-02-21;2025-02-22;2025-02-23;2025-02-24;2025-02-25;2025-02-26;2025-02-27;2025-02-28;2025-03-01;2025-03-02;2025-03-03;2025-03-04;2025-03-05;2025-03-06;2025-03-07;2025-03-08;2025-03-09;2025-03-10;2025-03-11;2025-03-12;2025-03-13;2025-03-14;2025-03-15;2025-03-16;2025-03-17;2025-03-18;2025-03-19,28,6299.069200050344,2025-02-20;2025-02-21;2025-02-22;2025-02-23;2025-02-24;2025-02-25;2025-02-26;2025-02-27;2025-02-28;2025-03-01;2025-03-02;2025-03-03;2025-03-04;2025-03-05;2025-03-06;2025-03-07;2025-03-08;2025-03-09;2025-03-10;2025-03-11;2025-03-12;2025-03-13;2025-03-14;2025-03-15;2025-03-16;2025-03-17;2025-03-18;2025-03-19,2025-03-06;2025-03-07;2025-03-08;2025-03-09;2025-03-10;2025-03-11;2025-03-12;2025-03-13;2025-03-14;2025-03-15;2025-03-16;2025-03-17;2025-03-18;2025-03-19,,2025-03-19,9600.0,10800.0,10800.0,20.002082829298942,25.428818180368232,16.172430392914656,30.256594249664076,69459.25555645586,484.5143431481046,5488.3176956890275,41634.184176136114,1897.0748529495982,43531.25902908571,41634.184176136114,41634.18413450192,42683.31735771707,1460.1742522514417,lexicographic,4.1634184134501925e-05,4.2683317357717075e-05,False,0.1244555000012042,0.0,1,0
2025-03-21,False,calendar_trend,4,1.0,7,1.0,0,calibrated_quantile,2025-02-21;2025-02-22;2025-02-23;2025-02-24;2025-02-25;2025-02-26;2025-02-27;2025-02-28;2025-03-01;2025-03-02;2025-03-03;2025-03-04;2025-03-05;2025-03-06;2025-03-07;2025-03-08;2025-03-09;2025-03-10;2025-03-11;2025-03-12;2025-03-13;2025-03-14;2025-03-15;2025-03-16;2025-03-17;2025-03-18;2025-03-19;2025-03-20,28,6326.251675693388,2025-02-21;2025-02-22;2025-02-23;2025-02-24;2025-02-25;2025-02-26;2025-02-27;2025-02-28;2025-03-01;2025-03-02;2025-03-03;2025-03-04;2025-03-05;2025-03-06;2025-03-07;2025-03-08;2025-03-09;2025-03-10;2025-03-11;2025-03-12;2025-03-13;2025-03-14;2025-03-15;2025-03-16;2025-03-17;2025-03-18;2025-03-19;2025-03-20,2025-03-07;2025-03-08;2025-03-09;2025-03-10;2025-03-11;2025-03-12;2025-03-13;2025-03-14;2025-03-15;2025-03-16;2025-03-17;2025-03-18;2025-03-19;2025-03-20,,2025-03-20,9600.0,10800.0,10800.0,16.748732000140173,21.291864546915942,29.860726092779675,52.807692563366174,31739.538980259244,119.91923206842387,17718.802736844355,16044.1932546309,525.0280787284373,16569.22133335934,16044.1932546309,16044.193238586708,40036.62821751632,1320.134209821564,lexicographic,1.604419323858671e-05,4.003662821751634e-05,False,0.14183499999853666,0.0,1,0
2025-03-22,False,calendar_trend,4,1.0,7,1.0,0,calibrated_quantile,2025-02-22;2025-02-23;2025-02-24;2025-02-25;2025-02-26;2025-02-27;2025-02-28;2025-03-01;2025-03-02;2025-03-03;2025-03-04;2025-03-05;2025-03-06;2025-03-07;2025-03-08;2025-03-09;2025-03-10;2025-03-11;2025-03-12;2025-03-13;2025-03-14;2025-03-15;2025-03-16;2025-03-17;2025-03-18;2025-03-19;2025-03-20;2025-03-21,28,6332.194887036712,2025-02-22;2025-02-23;2025-02-24;2025-02-25;2025-02-26;2025-02-27;2025-02-28;2025-03-01;2025-03-02;2025-03-03;2025-03-04;2025-03-05;2025-03-06;2025-03-07;2025-03-08;2025-03-09;2025-03-10;2025-03-11;2025-03-12;2025-03-13;2025-03-14;2025-03-15;2025-03-16;2025-03-17;2025-03-18;2025-03-19;2025-03-20;2025-03-21,2025-03-08;2025-03-09;2025-03-10;2025-03-11;2025-03-12;2025-03-13;2025-03-14;2025-03-15;2025-03-16;2025-03-17;2025-03-18;2025-03-19;2025-03-20;2025-03-21,,2025-03-21,9600.0,10800.0,10800.0,17.351942670888775,21.61273114503918,18.512901450762627,36.568380347041796,31709.001524333158,330.2125196940899,14050.823349900285,16071.316228355165,1351.768598998274,17423.08482735344,16071.316228355165,16071.316212283848,40036.628255078846,1420.2105584096007,lexicographic,1.6071316212283848e-05,4.003662821504222e-05,False,0.14022380000096746,0.0,1,0
2025-03-23,False,calendar_trend,4,1.0,7,1.0,0,calibrated_quantile,2025-02-23;2025-02-24;2025-02-25;2025-02-26;2025-02-27;2025-02-28;2025-03-01;2025-03-02;2025-03-03;2025-03-04;2025-03-05;2025-03-06;2025-03-07;2025-03-08;2025-03-09;2025-03-10;2025-03-11;2025-03-12;2025-03-13;2025-03-14;2025-03-15;2025-03-16;2025-03-17;2025-03-18;2025-03-19;2025-03-20;2025-03-21;2025-03-22,28,6351.7618350016855,2025-02-23;2025-02-24;2025-02-25;2025-02-26;2025-02-27;2025-02-28;2025-03-01;2025-03-02;2025-03-03;2025-03-04;2025-03-05;2025-03-06;2025-03-07;2025-03-08;2025-03-09;2025-03-10;2025-03-11;2025-03-12;2025-03-13;2025-03-14;2025-03-15;2025-03-16;2025-03-17;2025-03-18;2025-03-19;2025-03-20;2025-03-21;2025-03-22,2025-03-09;2025-03-10;2025-03-11;2025-03-12;2025-03-13;2025-03-14;2025-03-15;2025-03-16;2025-03-17;2025-03-18;2025-03-19;2025-03-20;2025-03-21;2025-03-22,,2025-03-22,9600.0,10800.0,10800.0,19.70233214336314,24.37452679984644,27.02593149402954,50.60516108808476,68057.73641758505,328.02876492376254,7381.3063063684685,40706.375490752034,1237.7136369238265,41944.08912767586,40706.375490752034,40706.375450045634,42460.0364300002,1453.0605556149885,lexicographic,4.070637545004564e-05,4.2460036387540154e-05,False,0.13130159999855096,0.0,1,0
2025-03-24,False,calendar_trend,4,1.0,7,1.0,0,calibrated_quantile,2025-02-24;2025-02-25;2025-02-26;2025-02-27;2025-02-28;2025-03-01;2025-03-02;2025-03-03;2025-03-04;2025-03-05;2025-03-06;2025-03-07;2025-03-08;2025-03-09;2025-03-10;2025-03-11;2025-03-12;2025-03-13;2025-03-14;2025-03-15;2025-03-16;2025-03-17;2025-03-18;2025-03-19;2025-03-20;2025-03-21;2025-03-22;2025-03-23,28,6360.101897733464,2025-02-24;2025-02-25;2025-02-26;2025-02-27;2025-02-28;2025-03-01;2025-03-02;2025-03-03;2025-03-04;2025-03-05;2025-03-06;2025-03-07;2025-03-08;2025-03-09;2025-03-10;2025-03-11;2025-03-12;2025-03-13;2025-03-14;2025-03-15;2025-03-16;2025-03-17;2025-03-18;2025-03-19;2025-03-20;2025-03-21;2025-03-22;2025-03-23,2025-03-10;2025-03-11;2025-03-12;2025-03-13;2025-03-14;2025-03-15;2025-03-16;2025-03-17;2025-03-18;2025-03-19;2025-03-20;2025-03-21;2025-03-22;2025-03-23,,2025-03-23,9600.0,10800.0,10800.0,18.059982664599048,23.356245137153568,18.88292570017886,36.89156000230932,67811.62465626044,409.27850964191487,8004.843969019591,40619.12345416809,1428.1001430606384,42047.22359722873,40619.12345416809,40619.12341354897,42133.68015743928,1444.6591168810314,lexicographic,4.061912341354898e-05,4.213368011530561e-05,False,0.15721340000163764,0.0,1,0
2025-03-25,False,calendar_trend,4,1.0,7,1.0,0,calibrated_quantile,2025-02-25;2025-02-26;2025-02-27;2025-02-28;2025-03-01;2025-03-02;2025-03-03;2025-03-04;2025-03-05;2025-03-06;2025-03-07;2025-03-08;2025-03-09;2025-03-10;2025-03-11;2025-03-12;2025-03-13;2025-03-14;2025-03-15;2025-03-16;2025-03-17;2025-03-18;2025-03-19;2025-03-20;2025-03-21;2025-03-22;2025-03-23;2025-03-24,28,6375.298644870495,2025-02-25;2025-02-26;2025-02-27;2025-02-28;2025-03-01;2025-03-02;2025-03-03;2025-03-04;2025-03-05;2025-03-06;2025-03-07;2025-03-08;2025-03-09;2025-03-10;2025-03-11;2025-03-12;2025-03-13;2025-03-14;2025-03-15;2025-03-16;2025-03-17;2025-03-18;2025-03-19;2025-03-20;2025-03-21;2025-03-22;2025-03-23;2025-03-24,2025-03-11;2025-03-12;2025-03-13;2025-03-14;2025-03-15;2025-03-16;2025-03-17;2025-03-18;2025-03-19;2025-03-20;2025-03-21;2025-03-22;2025-03-23;2025-03-24,,2025-03-24,9600.0,10800.0,10800.0,20.271215980273432,25.267018225016216,23.24003620580659,46.89553675346793,67706.1156195515,784.3541181873347,5320.413534214695,40449.63394537376,3167.431691753831,43617.06563712759,40449.63394537375,40449.63390492413,42178.698250292364,1460.7222697779664,lexicographic,4.044963390492413e-05,4.217869825029236e-05,False,0.11424419999821112,1.798769707356409e-16,1,0
2025-03-26,False,calendar_trend,4,1.0,7,1.0,0,calibrated_quantile,2025-02-26;2025-02-27;2025-02-28;2025-03-01;2025-03-02;2025-03-03;2025-03-04;2025-03-05;2025-03-06;2025-03-07;2025-03-08;2025-03-09;2025-03-10;2025-03-11;2025-03-12;2025-03-13;2025-03-14;2025-03-15;2025-03-16;2025-03-17;2025-03-18;2025-03-19;2025-03-20;2025-03-21;2025-03-22;2025-03-23;2025-03-24;2025-03-25,28,6597.507272550391,2025-02-26;2025-02-27;2025-02-28;2025-03-01;2025-03-02;2025-03-03;2025-03-04;2025-03-05;2025-03-06;2025-03-07;2025-03-08;2025-03-09;2025-03-10;2025-03-11;2025-03-12;2025-03-13;2025-03-14;2025-03-15;2025-03-16;2025-03-17;2025-03-18;2025-03-19;2025-03-20;2025-03-21;2025-03-22;2025-03-23;2025-03-24;2025-03-25,2025-03-12;2025-03-13;2025-03-14;2025-03-15;2025-03-16;2025-03-17;2025-03-18;2025-03-19;2025-03-20;2025-03-21;2025-03-22;2025-03-23;2025-03-24;2025-03-25,,2025-03-25,9600.0,10800.0,10800.0,18.956634119709946,24.01274923991405,28.09421810518303,56.57767481930464,68477.73531328635,109.0954619555157,10771.175069849447,41000.59922927837,364.54123256081294,41365.14046183918,41000.59922927838,41000.59918827777,42238.91593578966,1467.771529140534,lexicographic,4.100059918827777e-05,4.223891593578966e-05,False,0.12963220000165165,0.0,1,0
2025-03-27,False,calendar_trend,4,1.0,7,1.0,0,calibrated_quantile,2025-02-27;2025-02-28;2025-03-01;2025-03-02;2025-03-03;2025-03-04;2025-03-05;2025-03-06;2025-03-07;2025-03-08;2025-03-09;2025-03-10;2025-03-11;2025-03-12;2025-03-13;2025-03-14;2025-03-15;2025-03-16;2025-03-17;2025-03-18;2025-03-19;2025-03-20;2025-03-21;2025-03-22;2025-03-23;2025-03-24;2025-03-25;2025-03-26,28,6539.4178541479305,2025-02-27;2025-02-28;2025-03-01;2025-03-02;2025-03-03;2025-03-04;2025-03-05;2025-03-06;2025-03-07;2025-03-08;2025-03-09;2025-03-10;2025-03-11;2025-03-12;2025-03-13;2025-03-14;2025-03-15;2025-03-16;2025-03-17;2025-03-18;2025-03-19;2025-03-20;2025-03-21;2025-03-22;2025-03-23;2025-03-24;2025-03-25;2025-03-26,2025-03-13;2025-03-14;2025-03-15;2025-03-16;2025-03-17;2025-03-18;2025-03-19;2025-03-20;2025-03-21;2025-03-22;2025-03-23;2025-03-24;2025-03-25;2025-03-26,,2025-03-26,9600.0,10800.0,10800.0,20.39303750233857,24.988337060615965,18.50332097006098,34.960375191682985,67118.16428032183,565.4524907616953,6750.557355891874,40239.41073772973,2289.101132334958,42528.51187006469,40239.410737729726,40239.410697490304,42105.33028864153,1485.0444950162341,lexicographic,4.0239410697490304e-05,4.2105330288641534e-05,False,0.13659259999985807,0.0,1,0
2025-03-28,False,calendar_trend,4,1.0,7,1.0,0,calibrated_quantile,2025-02-28;2025-03-01;2025-03-02;2025-03-03;2025-03-04;2025-03-05;2025-03-06;2025-03-07;2025-03-08;2025-03-09;2025-03-10;2025-03-11;2025-03-12;2025-03-13;2025-03-14;2025-03-15;2025-03-16;2025-03-17;2025-03-18;2025-03-19;2025-03-20;2025-03-21;2025-03-22;2025-03-23;2025-03-24;2025-03-25;2025-03-26;2025-03-27,28,6665.0697553832915,2025-02-28;2025-03-01;2025-03-02;2025-03-03;2025-03-04;2025-03-05;2025-03-06;2025-03-07;2025-03-08;2025-03-09;2025-03-10;2025-03-11;2025-03-12;2025-03-13;2025-03-14;2025-03-15;2025-03-16;2025-03-17;2025-03-18;2025-03-19;2025-03-20;2025-03-21;2025-03-22;2025-03-23;2025-03-24;2025-03-25;2025-03-26;2025-03-27,2025-03-14;2025-03-15;2025-03-16;2025-03-17;2025-03-18;2025-03-19;2025-03-20;2025-03-21;2025-03-22;2025-03-23;2025-03-24;2025-03-25;2025-03-26;2025-03-27,,2025-03-27,9600.0,10800.0,10800.0,20.12000253968607,24.903008983267245,14.027737211981515,25.639749317763968,31017.75589877052,162.51393375142516,18251.198104435713,15502.000734709723,640.5259601749278,16142.526694884651,15502.000734709725,15502.000719207723,40036.628266971806,1335.2989739989373,lexicographic,1.5502000719207725e-05,4.003662826697193e-05,False,0.13108439999996335,1.173390091055822e-16,1,0
2025-03-29,False,calendar_trend,4,1.0,7,1.0,0,calibrated_quantile,2025-03-01;2025-03-02;2025-03-03;2025-03-04;2025-03-05;2025-03-06;2025-03-07;2025-03-08;2025-03-09;2025-03-10;2025-03-11;2025-03-12;2025-03-13;2025-03-14;2025-03-15;2025-03-16;2025-03-17;2025-03-18;2025-03-19;2025-03-20;2025-03-21;2025-03-22;2025-03-23;2025-03-24;2025-03-25;2025-03-26;2025-03-27;2025-03-28,28,6587.65402385417,2025-03-01;2025-03-02;2025-03-03;2025-03-04;2025-03-05;2025-03-06;2025-03-07;2025-03-08;2025-03-09;2025-03-10;2025-03-11;2025-03-12;2025-03-13;2025-03-14;2025-03-15;2025-03-16;2025-03-17;2025-03-18;2025-03-19;2025-03-20;2025-03-21;2025-03-22;2025-03-23;2025-03-24;2025-03-25;2025-03-26;2025-03-27;2025-03-28,2025-03-15;2025-03-16;2025-03-17;2025-03-18;2025-03-19;2025-03-20;2025-03-21;2025-03-22;2025-03-23;2025-03-24;2025-03-25;2025-03-26;2025-03-27;2025-03-28,,2025-03-28,9600.0,10800.0,10800.0,16.594964154894846,20.129766796523146,29.70394640104465,51.273417708058034,30837.502224094573,100.6450375293606,21123.74711467365,15416.320551613957,443.32287785118314,15859.64342946514,15416.320551613955,15416.320536197638,40036.62830872202,1433.3411367828667,lexicographic,1.5416320536197637e-05,4.003662826868539e-05,False,0.11839220000183559,0.0,1,0
2025-03-30,False,calendar_trend,4,1.0,7,1.0,0,calibrated_quantile,2025-03-02;2025-03-03;2025-03-04;2025-03-05;2025-03-06;2025-03-07;2025-03-08;2025-03-09;2025-03-10;2025-03-11;2025-03-12;2025-03-13;2025-03-14;2025-03-15;2025-03-16;2025-03-17;2025-03-18;2025-03-19;2025-03-20;2025-03-21;2025-03-22;2025-03-23;2025-03-24;2025-03-25;2025-03-26;2025-03-27;2025-03-28;2025-03-29,28,6279.0680047819005,2025-03-02;2025-03-03;2025-03-04;2025-03-05;2025-03-06;2025-03-07;2025-03-08;2025-03-09;2025-03-10;2025-03-11;2025-03-12;2025-03-13;2025-03-14;2025-03-15;2025-03-16;2025-03-17;2025-03-18;2025-03-19;2025-03-20;2025-03-21;2025-03-22;2025-03-23;2025-03-24;2025-03-25;2025-03-26;2025-03-27;2025-03-28;2025-03-29,2025-03-16;2025-03-17;2025-03-18;2025-03-19;2025-03-20;2025-03-21;2025-03-22;2025-03-23;2025-03-24;2025-03-25;2025-03-26;2025-03-27;2025-03-28;2025-03-29,,2025-03-29,9600.0,10800.0,10800.0,19.542661390443435,24.626413126298683,18.641560989920986,34.06804639945601,64205.37059604778,545.2706933392287,7228.82519892301,38301.54317330028,2300.2575622395707,40601.800735539844,38301.54317330028,38301.543134998756,41347.73141881616,1455.180052238784,lexicographic,3.830154313499876e-05,4.134773141881616e-05,False,0.14304139999876497,0.0,1,0
2025-03-31,False,calendar_trend,4,1.0,7,1.0,0,calibrated_quantile,2025-03-03;2025-03-04;2025-03-05;2025-03-06;2025-03-07;2025-03-08;2025-03-09;2025-03-10;2025-03-11;2025-03-12;2025-03-13;2025-03-14;2025-03-15;2025-03-16;2025-03-17;2025-03-18;2025-03-19;2025-03-20;2025-03-21;2025-03-22;2025-03-23;2025-03-24;2025-03-25;2025-03-26;2025-03-27;2025-03-28;2025-03-29;2025-03-30,28,5997.56080370356,2025-03-03;2025-03-04;2025-03-05;2025-03-06;2025-03-07;2025-03-08;2025-03-09;2025-03-10;2025-03-11;2025-03-12;2025-03-13;2025-03-14;2025-03-15;2025-03-16;2025-03-17;2025-03-18;2025-03-19;2025-03-20;2025-03-21;2025-03-22;2025-03-23;2025-03-24;2025-03-25;2025-03-26;2025-03-27;2025-03-28;2025-03-29;2025-03-30,2025-03-17;2025-03-18;2025-03-19;2025-03-20;2025-03-21;2025-03-22;2025-03-23;2025-03-24;2025-03-25;2025-03-26;2025-03-27;2025-03-28;2025-03-29;2025-03-30,,2025-03-30,9600.0,10800.0,10800.0,19.19217112236391,23.643980933039185,33.525937869957666,60.0590117975724,63883.500915751065,1722.661427800413,6489.653143522237,38066.54591977054,7253.728741381824,45320.27466115237,38066.54591977054,38066.54588170399,41137.27461722246,1451.1533262389028,lexicographic,3.806654588170399e-05,4.113727461722245e-05,False,0.13186140000107116,0.0,1,0
2025-04-01,False,calendar_trend,4,1.0,7,1.0,0,calibrated_quantile,2025-03-04;2025-03-05;2025-03-06;2025-03-07;2025-03-08;2025-03-09;2025-03-10;2025-03-11;2025-03-12;2025-03-13;2025-03-14;2025-03-15;2025-03-16;2025-03-17;2025-03-18;2025-03-19;2025-03-20;2025-03-21;2025-03-22;2025-03-23;2025-03-24;2025-03-25;2025-03-26;2025-03-27;2025-03-28;2025-03-29;2025-03-30;2025-03-31,28,6002.701086004343,2025-03-04;2025-03-05;2025-03-06;2025-03-07;2025-03-08;2025-03-09;2025-03-10;2025-03-11;2025-03-12;2025-03-13;2025-03-14;2025-03-15;2025-03-16;2025-03-17;2025-03-18;2025-03-19;2025-03-20;2025-03-21;2025-03-22;2025-03-23;2025-03-24;2025-03-25;2025-03-26;2025-03-27;2025-03-28;2025-03-29;2025-03-30;2025-03-31,2025-03-18;2025-03-19;2025-03-20;2025-03-21;2025-03-22;2025-03-23;2025-03-24;2025-03-25;2025-03-26;2025-03-27;2025-03-28;2025-03-29;2025-03-30;2025-03-31,,2025-03-31,9600.0,10800.0,10800.0,20.88615857934009,26.162497672485326,39.5621617232606,84.80728639162655,63445.2948714121,2683.755027910773,3798.033097886888,37618.99766837079,7938.6547389161915,45557.65240728698,37618.99766837079,37618.997630751786,40321.14041061707,1476.9574905466293,lexicographic,3.761899763075179e-05,4.032114041061706e-05,False,0.13546800000040093,0.0,1,0
2025-04-02,False,calendar_trend,4,1.0,7,1.0,0,calibrated_quantile,2025-03-05;2025-03-06;2025-03-07;2025-03-08;2025-03-09;2025-03-10;2025-03-11;2025-03-12;2025-03-13;2025-03-14;2025-03-15;2025-03-16;2025-03-17;2025-03-18;2025-03-19;2025-03-20;2025-03-21;2025-03-22;2025-03-23;2025-03-24;2025-03-25;2025-03-26;2025-03-27;2025-03-28;2025-03-29;2025-03-30;2025-03-31;2025-04-01,28,6297.604405121438,2025-03-05;2025-03-06;2025-03-07;2025-03-08;2025-03-09;2025-03-10;2025-03-11;2025-03-12;2025-03-13;2025-03-14;2025-03-15;2025-03-16;2025-03-17;2025-03-18;2025-03-19;2025-03-20;2025-03-21;2025-03-22;2025-03-23;2025-03-24;2025-03-25;2025-03-26;2025-03-27;2025-03-28;2025-03-29;2025-03-30;2025-03-31;2025-04-01,2025-03-19;2025-03-20;2025-03-21;2025-03-22;2025-03-23;2025-03-24;2025-03-25;2025-03-26;2025-03-27;2025-03-28;2025-03-29;2025-03-30;2025-03-31;2025-04-01,,2025-04-01,9600.0,10800.0,10800.0,18.38017412984666,22.718597773910975,44.87557388636955,78.25768356543387,64691.05266440233,2151.0303553187823,4283.604216164163,38248.097944336085,9709.686469920529,47957.78441425662,38248.097944336085,38248.097906088005,40339.724667582144,1500.215398422385,lexicographic,3.8248097906088005e-05,4.033972466758215e-05,False,0.15801640000063344,0.0,1,0
2025-04-03,False,calendar_trend,4,1.0,7,1.0,0,calibrated_quantile,2025-03-06;2025-03-07;2025-03-08;2025-03-09;2025-03-10;2025-03-11;2025-03-12;2025-03-13;2025-03-14;2025-03-15;2025-03-16;2025-03-17;2025-03-18;2025-03-19;2025-03-20;2025-03-21;2025-03-22;2025-03-23;2025-03-24;2025-03-25;2025-03-26;2025-03-27;2025-03-28;2025-03-29;2025-03-30;2025-03-31;2025-04-01;2025-04-02,28,6831.454443699498,2025-03-06;2025-03-07;2025-03-08;2025-03-09;2025-03-10;2025-03-11;2025-03-12;2025-03-13;2025-03-14;2025-03-15;2025-03-16;2025-03-17;2025-03-18;2025-03-19;2025-03-20;2025-03-21;2025-03-22;2025-03-23;2025-03-24;2025-03-25;2025-03-26;2025-03-27;2025-03-28;2025-03-29;2025-03-30;2025-03-31;2025-04-01;2025-04-02,2025-03-20;2025-03-21;2025-03-22;2025-03-23;2025-03-24;2025-03-25;2025-03-26;2025-03-27;2025-03-28;2025-03-29;2025-03-30;2025-03-31;2025-04-01;2025-04-02,,2025-04-02,9600.0,10800.0,10800.0,18.466884778584873,23.699937942770504,26.719975829219035,50.110669988680655,66056.51994703243,271.06114347948966,8327.611204070541,39084.29791328478,1222.3874967362667,40306.68541002105,39084.29791328478,39084.29787420046,40592.352775719606,1490.4716801245856,lexicographic,3.9084297874200465e-05,4.059235277571961e-05,False,0.16520329999912065,0.0,1,0
2025-04-04,False,calendar_trend,4,1.0,7,1.0,0,calibrated_quantile,2025-03-07;2025-03-08;2025-03-09;2025-03-10;2025-03-11;2025-03-12;2025-03-13;2025-03-14;2025-03-15;2025-03-16;2025-03-17;2025-03-18;2025-03-19;2025-03-20;2025-03-21;2025-03-22;2025-03-23;2025-03-24;2025-03-25;2025-03-26;2025-03-27;2025-03-28;2025-03-29;2025-03-30;2025-03-31;2025-04-01;2025-04-02;2025-04-03,28,6909.918449390832,2025-03-07;2025-03-08;2025-03-09;2025-03-10;2025-03-11;2025-03-12;2025-03-13;2025-03-14;2025-03-15;2025-03-16;2025-03-17;2025-03-18;2025-03-19;2025-03-20;2025-03-21;2025-03-22;2025-03-23;2025-03-24;2025-03-25;2025-03-26;2025-03-27;2025-03-28;2025-03-29;2025-03-30;2025-03-31;2025-04-01;2025-04-02;2025-04-03,2025-03-21;2025-03-22;2025-03-23;2025-03-24;2025-03-25;2025-03-26;2025-03-27;2025-03-28;2025-03-29;2025-03-30;2025-03-31;2025-04-01;2025-04-02;2025-04-03,,2025-04-03,9600.0,10800.0,10800.0,16.05757275106491,19.548527826017885,32.89613916028364,64.16160897152889,30129.159393134836,90.06934426341886,21681.235523810396,14985.320285780996,430.0132552255716,15415.333541006567,14985.320285780994,14985.320270795673,40036.62830816943,1329.5201256510927,lexicographic,1.4985320270795674e-05,4.003662830816939e-05,False,0.1224078000013833,0.0,1,0
2025-04-05,False,calendar_trend,4,1.0,7,1.0,0,calibrated_quantile,2025-03-08;2025-03-09;2025-03-10;2025-03-11;2025-03-12;2025-03-13;2025-03-14;2025-03-15;2025-03-16;2025-03-17;2025-03-18;2025-03-19;2025-03-20;2025-03-21;2025-03-22;2025-03-23;2025-03-24;2025-03-25;2025-03-26;2025-03-27;2025-03-28;2025-03-29;2025-03-30;2025-03-31;2025-04-01;2025-04-02;2025-04-03;2025-04-04,28,6910.8665166665405,2025-03-08;2025-03-09;2025-03-10;2025-03-11;2025-03-12;2025-03-13;2025-03-14;2025-03-15;2025-03-16;2025-03-17;2025-03-18;2025-03-19;2025-03-20;2025-03-21;2025-03-22;2025-03-23;2025-03-24;2025-03-25;2025-03-26;2025-03-27;2025-03-28;2025-03-29;2025-03-30;2025-03-31;2025-04-01;2025-04-02;2025-04-03;2025-04-04,2025-03-22;2025-03-23;2025-03-24;2025-03-25;2025-03-26;2025-03-27;2025-03-28;2025-03-29;2025-03-30;2025-03-31;2025-04-01;2025-04-02;2025-04-03;2025-04-04,,2025-04-04,9600.0,10800.0,10800.0,19.30470498360522,24.29190538685172,23.23904179568423,44.31588316912016,30354.01611679791,983.2037341810708,17185.91390329585,15065.608459403284,4106.822084585358,19172.43054398864,15065.608459403284,15065.608444337675,40036.62832264611,1413.545379068113,lexicographic,1.5065608444337676e-05,4.0036628282609486e-05,False,0.17643549999775132,0.0,1,0
2025-04-06,False,calendar_trend,4,1.0,7,1.0,0,calibrated_quantile,2025-03-09;2025-03-10;2025-03-11;2025-03-12;2025-03-13;2025-03-14;2025-03-15;2025-03-16;2025-03-17;2025-03-18;2025-03-19;2025-03-20;2025-03-21;2025-03-22;2025-03-23;2025-03-24;2025-03-25;2025-03-26;2025-03-27;2025-03-28;2025-03-29;2025-03-30;2025-03-31;2025-04-01;2025-04-02;2025-04-03;2025-04-04;2025-04-05,28,7190.663248746021,2025-03-09;2025-03-10;2025-03-11;2025-03-12;2025-03-13;2025-03-14;2025-03-15;2025-03-16;2025-03-17;2025-03-18;2025-03-19;2025-03-20;2025-03-21;2025-03-22;2025-03-23;2025-03-24;2025-03-25;2025-03-26;2025-03-27;2025-03-28;2025-03-29;2025-03-30;2025-03-31;2025-04-01;2025-04-02;2025-04-03;2025-04-04;2025-04-05,2025-03-23;2025-03-24;2025-03-25;2025-03-26;2025-03-27;2025-03-28;2025-03-29;2025-03-30;2025-03-31;2025-04-01;2025-04-02;2025-04-03;2025-04-04;2025-04-05,,2025-04-05,9600.0,10800.0,10800.0,18.283593098264387,23.644889444865246,14.935854792873677,29.082758772229678,65074.98293000233,125.30630809850587,8661.500952237437,38413.222872106126,515.4679625731096,38928.69083467923,38413.222872106126,38413.2228336929,40445.52836473813,1457.1954938500576,lexicographic,3.84132228336929e-05,4.0445528364738134e-05,False,0.1239155999974173,0.0,1,0
2025-04-07,False,calendar_trend,4,1.0,7,1.0,0,calibrated_quantile,2025-03-10;2025-03-11;2025-03-12;2025-03-13;2025-03-14;2025-03-15;2025-03-16;2025-03-17;2025-03-18;2025-03-19;2025-03-20;2025-03-21;2025-03-22;2025-03-23;2025-03-24;2025-03-25;2025-03-26;2025-03-27;2025-03-28;2025-03-29;2025-03-30;2025-03-31;2025-04-01;2025-04-02;2025-04-03;2025-04-04;2025-04-05;2025-04-06,28,7134.905219680683,2025-03-10;2025-03-11;2025-03-12;2025-03-13;2025-03-14;2025-03-15;2025-03-16;2025-03-17;2025-03-18;2025-03-19;2025-03-20;2025-03-21;2025-03-22;2025-03-23;2025-03-24;2025-03-25;2025-03-26;2025-03-27;2025-03-28;2025-03-29;2025-03-30;2025-03-31;2025-04-01;2025-04-02;2025-04-03;2025-04-04;2025-04-05;2025-04-06,2025-03-24;2025-03-25;2025-03-26;2025-03-27;2025-03-28;2025-03-29;2025-03-30;2025-03-31;2025-04-01;2025-04-02;2025-04-03;2025-04-04;2025-04-05;2025-04-06,,2025-04-06,9600.0,10800.0,10800.0,18.3940470863462,23.37197470622083,32.38746174093811,65.44703623529132,64616.49764283094,149.36284357566296,9398.476235260034,38113.320180569615,485.7108675200109,38599.03104808963,38113.320180569615,38113.32014245628,40368.63438845144,1464.81297051677,lexicographic,3.811332014245628e-05,4.0368634388451435e-05,False,0.14659910000045784,0.0,1,0
2025-04-08,False,calendar_trend,4,1.0,7,1.0,0,calibrated_quantile,2025-03-11;2025-03-12;2025-03-13;2025-03-14;2025-03-15;2025-03-16;2025-03-17;2025-03-18;2025-03-19;2025-03-20;2025-03-21;2025-03-22;2025-03-23;2025-03-24;2025-03-25;2025-03-26;2025-03-27;2025-03-28;2025-03-29;2025-03-30;2025-03-31;2025-04-01;2025-04-02;2025-04-03;2025-04-04;2025-04-05;2025-04-06;2025-04-07,28,6869.807038858995,2025-03-11;2025-03-12;2025-03-13;2025-03-14;2025-03-15;2025-03-16;2025-03-17;2025-03-18;2025-03-19;2025-03-20;2025-03-21;2025-03-22;2025-03-23;2025-03-24;2025-03-25;2025-03-26;2025-03-27;2025-03-28;2025-03-29;2025-03-30;2025-03-31;2025-04-01;2025-04-02;2025-04-03;2025-04-04;2025-04-05;2025-04-06;2025-04-07,2025-03-25;2025-03-26;2025-03-27;2025-03-28;2025-03-29;2025-03-30;2025-03-31;2025-04-01;2025-04-02;2025-04-03;2025-04-04;2025-04-05;2025-04-06;2025-04-07,,2025-04-07,9600.0,10800.0,10800.0,17.588717333148715,21.89750223970581,25.22114910125471,46.059471578979476,63921.6653877727,585.2752538188747,8020.6120653289645,37653.055803697396,2634.7507960951384,40287.80659979254,37653.055803697396,37653.05576604436,40529.56423232303,1460.7954516410073,lexicographic,3.7653055766044364e-05,4.052956419179347e-05,False,0.11832649999996647,0.0,1,0
2025-04-09,False,calendar_trend,4,1.0,7,1.0,0,calibrated_quantile,2025-03-12;2025-03-13;2025-03-14;2025-03-15;2025-03-16;2025-03-17;2025-03-18;2025-03-19;2025-03-20;2025-03-21;2025-03-22;2025-03-23;2025-03-24;2025-03-25;2025-03-26;2025-03-27;2025-03-28;2025-03-29;2025-03-30;2025-03-31;2025-04-01;2025-04-02;2025-04-03;2025-04-04;2025-04-05;2025-04-06;2025-04-07;2025-04-08,28,6968.935269761277,2025-03-12;2025-03-13;2025-03-14;2025-03-15;2025-03-16;2025-03-17;2025-03-18;2025-03-19;2025-03-20;2025-03-21;2025-03-22;2025-03-23;2025-03-24;2025-03-25;2025-03-26;2025-03-27;2025-03-28;2025-03-29;2025-03-30;2025-03-31;2025-04-01;2025-04-02;2025-04-03;2025-04-04;2025-04-05;2025-04-06;2025-04-07;2025-04-08,2025-03-26;2025-03-27;2025-03-28;2025-03-29;2025-03-30;2025-03-31;2025-04-01;2025-04-02;2025-04-03;2025-04-04;2025-04-05;2025-04-06;2025-04-07;2025-04-08,,2025-04-08,9600.0,10800.0,10800.0,16.897974366944535,21.158682100501295,33.18113796171306,60.56845514395592,64139.712086868894,1035.1743817650827,3913.459630101972,37878.03765309641,3811.5489056573915,41689.58655875381,37878.03765309641,37878.03761521839,40415.20061544147,1474.7562451220474,lexicographic,3.787803761521839e-05,4.0415200615441474e-05,False,0.15293910000036703,0.0,1,0
2025-04-10,False,calendar_trend,4,1.0,7,1.0,0,calibrated_quantile,2025-03-13;2025-03-14;2025-03-15;2025-03-16;2025-03-17;2025-03-18;2025-03-19;2025-03-20;2025-03-21;2025-03-22;2025-03-23;2025-03-24;2025-03-25;2025-03-26;2025-03-27;2025-03-28;2025-03-29;2025-03-30;2025-03-31;2025-04-01;2025-04-02;2025-04-03;2025-04-04;2025-04-05;2025-04-06;2025-04-07;2025-04-08;2025-04-09,28,7253.417577446938,2025-03-13;2025-03-14;2025-03-15;2025-03-16;2025-03-17;2025-03-18;2025-03-19;2025-03-20;2025-03-21;2025-03-22;2025-03-23;2025-03-24;2025-03-25;2025-03-26;2025-03-27;2025-03-28;2025-03-29;2025-03-30;2025-03-31;2025-04-01;2025-04-02;2025-04-03;2025-04-04;2025-04-05;2025-04-06;2025-04-07;2025-04-08;2025-04-09,2025-03-27;2025-03-28;2025-03-29;2025-03-30;2025-03-31;2025-04-01;2025-04-02;2025-04-03;2025-04-04;2025-04-05;2025-04-06;2025-04-07;2025-04-08;2025-04-09,,2025-04-09,9600.0,10800.0,10800.0,19.186284361205665,23.229163263958775,27.067205499253014,53.87774173457183,65318.76033044185,428.8534955479723,9145.29578167056,38564.80590608454,1961.5886642160883,40526.39457030063,38564.80590608455,38564.80586751973,40691.92274206619,1463.2223653318752,lexicographic,3.8564805867519734e-05,4.069192270137428e-05,False,0.16326639999897452,0.0,1,0
2025-04-11,False,calendar_trend,4,1.0,7,1.0,0,calibrated_quantile,2025-03-14;2025-03-15;2025-03-16;2025-03-17;2025-03-18;2025-03-19;2025-03-20;2025-03-21;2025-03-22;2025-03-23;2025-03-24;2025-03-25;2025-03-26;2025-03-27;2025-03-28;2025-03-29;2025-03-30;2025-03-31;2025-04-01;2025-04-02;2025-04-03;2025-04-04;2025-04-05;2025-04-06;2025-04-07;2025-04-08;2025-04-09;2025-04-10,28,6839.330970696659,2025-03-14;2025-03-15;2025-03-16;2025-03-17;2025-03-18;2025-03-19;2025-03-20;2025-03-21;2025-03-22;2025-03-23;2025-03-24;2025-03-25;2025-03-26;2025-03-27;2025-03-28;2025-03-29;2025-03-30;2025-03-31;2025-04-01;2025-04-02;2025-04-03;2025-04-04;2025-04-05;2025-04-06;2025-04-07;2025-04-08;2025-04-09;2025-04-10,2025-03-28;2025-03-29;2025-03-30;2025-03-31;2025-04-01;2025-04-02;2025-04-03;2025-04-04;2025-04-05;2025-04-06;2025-04-07;2025-04-08;2025-04-09;2025-04-10,,2025-04-10,9600.0,10800.0,10800.0,19.32725067499204,23.547854383109627,33.22894817530504,64.5206425478436,29460.715035637804,223.31965130150053,22260.193553346362,14538.208046358523,921.6405707759666,15459.848617134488,14538.208046358526,14538.208031820317,40036.628371599305,1302.9914324186689,lexicographic,1.4538208031820318e-05,4.003662833156269e-05,False,0.12036009999792441,0.0,1,0
2025-04-12,False,calendar_trend,4,1.0,7,1.0,0,calibrated_quantile,2025-03-15;2025-03-16;2025-03-17;2025-03-18;2025-03-19;2025-03-20;2025-03-21;2025-03-22;2025-03-23;2025-03-24;2025-03-25;2025-03-26;2025-03-27;2025-03-28;2025-03-29;2025-03-30;2025-03-31;2025-04-01;2025-04-02;2025-04-03;2025-04-04;2025-04-05;2025-04-06;2025-04-07;2025-04-08;2025-04-09;2025-04-10;2025-04-11,28,6813.7897580249555,2025-03-15;2025-03-16;2025-03-17;2025-03-18;2025-03-19;2025-03-20;2025-03-21;2025-03-22;2025-03-23;2025-03-24;2025-03-25;2025-03-26;2025-03-27;2025-03-28;2025-03-29;2025-03-30;2025-03-31;2025-04-01;2025-04-02;2025-04-03;2025-04-04;2025-04-05;2025-04-06;2025-04-07;2025-04-08;2025-04-09;2025-04-10;2025-04-11,2025-03-29;2025-03-30;2025-03-31;2025-04-01;2025-04-02;2025-04-03;2025-04-04;2025-04-05;2025-04-06;2025-04-07;2025-04-08;2025-04-09;2025-04-10;2025-04-11,,2025-04-11,9600.0,10800.0,10800.0,18.444414773675184,23.827727743104017,27.402559273108878,47.06762217621021,29769.22162841932,166.58570709259624,18803.45581931952,14688.428323270631,657.0588053918137,15345.487128662446,14688.428323270633,14688.428308582203,40036.62835765549,1424.0539958323607,lexicographic,1.4688428308582203e-05,4.003662831761886e-05,False,0.11643439999897964,0.0,1,0
2025-04-13,False,calendar_trend,4,1.0,7,1.0,0,calibrated_quantile,2025-03-16;2025-03-17;2025-03-18;2025-03-19;2025-03-20;2025-03-21;2025-03-22;2025-03-23;2025-03-24;2025-03-25;2025-03-26;2025-03-27;2025-03-28;2025-03-29;2025-03-30;2025-03-31;2025-04-01;2025-04-02;2025-04-03;2025-04-04;2025-04-05;2025-04-06;2025-04-07;2025-04-08;2025-04-09;2025-04-10;2025-04-11;2025-04-12,28,6580.200635622317,2025-03-16;2025-03-17;2025-03-18;2025-03-19;2025-03-20;2025-03-21;2025-03-22;2025-03-23;2025-03-24;2025-03-25;2025-03-26;2025-03-27;2025-03-28;2025-03-29;2025-03-30;2025-03-31;2025-04-01;2025-04-02;2025-04-03;2025-04-04;2025-04-05;2025-04-06;2025-04-07;2025-04-08;2025-04-09;2025-04-10;2025-04-11;2025-04-12,2025-03-30;2025-03-31;2025-04-01;2025-04-02;2025-04-03;2025-04-04;2025-04-05;2025-04-06;2025-04-07;2025-04-08;2025-04-09;2025-04-10;2025-04-11;2025-04-12,,2025-04-12,9600.0,10800.0,10800.0,20.20762072693682,24.470497367508603,18.162095613326912,34.27346838954061,62117.490609361674,359.413379238163,6079.444438161565,36625.60052061491,1494.145052286651,38119.745572901564,36625.60052061491,36625.60048398931,40300.92027499415,1440.9789240117934,lexicographic,3.662560048398931e-05,4.030092023469323e-05,False,0.16475770000033663,0.0,1,0
2025-04-14,False,calendar_trend,4,1.0,7,1.0,0,calibrated_quantile,2025-03-17;2025-03-18;2025-03-19;2025-03-20;2025-03-21;2025-03-22;2025-03-23;2025-03-24;2025-03-25;2025-03-26;2025-03-27;2025-03-28;2025-03-29;2025-03-30;2025-03-31;2025-04-01;2025-04-02;2025-04-03;2025-04-04;2025-04-05;2025-04-06;2025-04-07;2025-04-08;2025-04-09;2025-04-10;2025-04-11;2025-04-12;2025-04-13,28,6441.6810089105675,2025-03-17;2025-03-18;2025-03-19;2025-03-20;2025-03-21;2025-03-22;2025-03-23;2025-03-24;2025-03-25;2025-03-26;2025-03-27;2025-03-28;2025-03-29;2025-03-30;2025-03-31;2025-04-01;2025-04-02;2025-04-03;2025-04-04;2025-04-05;2025-04-06;2025-04-07;2025-04-08;2025-04-09;2025-04-10;2025-04-11;2025-04-12;2025-04-13,2025-03-31;2025-04-01;2025-04-02;2025-04-03;2025-04-04;2025-04-05;2025-04-06;2025-04-07;2025-04-08;2025-04-09;2025-04-10;2025-04-11;2025-04-12;2025-04-13,,2025-04-13,9600.0,10800.0,10800.0,19.96606178939511,25.203988890315106,18.01588837604356,32.42158776566645,61498.28144787444,378.52328443180556,7234.185702406493,36292.32937980266,1208.0875999690647,37500.41697977172,36292.32937980266,36292.32934351033,40177.157368095366,1426.912360655404,lexicographic,3.629232934351033e-05,4.0177157327918215e-05,False,0.16284140000061598,0.0,1,0
2025-04-15,False,calendar_trend,4,1.0,7,1.0,0,calibrated_quantile,2025-03-18;2025-03-19;2025-03-20;2025-03-21;2025-03-22;2025-03-23;2025-03-24;2025-03-25;2025-03-26;2025-03-27;2025-03-28;2025-03-29;2025-03-30;2025-03-31;2025-04-01;2025-04-02;2025-04-03;2025-04-04;2025-04-05;2025-04-06;2025-04-07;2025-04-08;2025-04-09;2025-04-10;2025-04-11;2025-04-12;2025-04-13;2025-04-14,28,6499.404525318511,2025-03-18;2025-03-19;2025-03-20;2025-03-21;2025-03-22;2025-03-23;2025-03-24;2025-03-25;2025-03-26;2025-03-27;2025-03-28;2025-03-29;2025-03-30;2025-03-31;2025-04-01;2025-04-02;2025-04-03;2025-04-04;2025-04-05;2025-04-06;2025-04-07;2025-04-08;2025-04-09;2025-04-10;2025-04-11;2025-04-12;2025-04-13;2025-04-14,2025-04-01;2025-04-02;2025-04-03;2025-04-04;2025-04-05;2025-04-06;2025-04-07;2025-04-08;2025-04-09;2025-04-10;2025-04-11;2025-04-12;2025-04-13;2025-04-14,,2025-04-14,9600.0,10800.0,10800.0,19.237806613357428,23.53794968526873,32.84401933962555,59.7087763002563,61574.75038114708,184.521295114876,9513.294564887172,36405.27889008967,838.7720277612725,37244.050917850946,36405.27889008967,36405.2788536844,40024.417282787654,1441.1623193305513,lexicographic,3.640527885368441e-05,4.002441724276324e-05,False,0.14815639999869745,0.0,1,0
2025-04-16,False,calendar_trend,4,1.0,7,1.0,0,calibrated_quantile,2025-03-19;2025-03-20;2025-03-21;2025-03-22;2025-03-23;2025-03-24;2025-03-25;2025-03-26;2025-03-27;2025-03-28;2025-03-29;2025-03-30;2025-03-31;2025-04-01;2025-04-02;2025-04-03;2025-04-04;2025-04-05;2025-04-06;2025-04-07;2025-04-08;2025-04-09;2025-04-10;2025-04-11;2025-04-12;2025-04-13;2025-04-14;2025-04-15,28,6445.499364288709,2025-03-19;2025-03-20;2025-03-21;2025-03-22;2025-03-23;2025-03-24;2025-03-25;2025-03-26;2025-03-27;2025-03-28;2025-03-29;2025-03-30;2025-03-31;2025-04-01;2025-04-02;2025-04-03;2025-04-04;2025-04-05;2025-04-06;2025-04-07;2025-04-08;2025-04-09;2025-04-10;2025-04-11;2025-04-12;2025-04-13;2025-04-14;2025-04-15,2025-04-02;2025-04-03;2025-04-04;2025-04-05;2025-04-06;2025-04-07;2025-04-08;2025-04-09;2025-04-10;2025-04-11;2025-04-12;2025-04-13;2025-04-14;2025-04-15,,2025-04-15,9600.0,10800.0,10800.0,18.441259610415948,22.74409192500074,27.1530139356158,52.160102467504956,60661.40362006264,1047.1440624612526,3897.4108873215046,35945.760233564404,4035.346791502845,39981.10702506725,35945.760233564404,35945.76019761865,38599.35205884545,1431.987504278535,lexicographic,3.594576019761865e-05,3.859935205884526e-05,False,0.1240923000004841,0.0,1,0
2025-04-17,False,calendar_trend,4,1.0,7,1.0,0,calibrated_quantile,2025-03-20;2025-03-21;2025-03-22;2025-03-23;2025-03-24;2025-03-25;2025-03-26;2025-03-27;2025-03-28;2025-03-29;2025-03-30;2025-03-31;2025-04-01;2025-04-02;2025-04-03;2025-04-04;2025-04-05;2025-04-06;2025-04-07;2025-04-08;2025-04-09;2025-04-10;2025-04-11;2025-04-12;2025-04-13;2025-04-14;2025-04-15;2025-04-16,28,6669.505292232843,2025-03-20;2025-03-21;2025-03-22;2025-03-23;2025-03-24;2025-03-25;2025-03-26;2025-03-27;2025-03-28;2025-03-29;2025-03-30;2025-03-31;2025-04-01;2025-04-02;2025-04-03;2025-04-04;2025-04-05;2025-04-06;2025-04-07;2025-04-08;2025-04-09;2025-04-10;2025-04-11;2025-04-12;2025-04-13;2025-04-14;2025-04-15;2025-04-16,2025-04-03;2025-04-04;2025-04-05;2025-04-06;2025-04-07;2025-04-08;2025-04-09;2025-04-10;2025-04-11;2025-04-12;2025-04-13;2025-04-14;2025-04-15;2025-04-16,,2025-04-16,9600.0,10800.0,10800.0,16.296016572016313,19.97074183071237,17.931063298344352,31.983702330391193,62037.67285417738,140.80077470585593,7255.422170636777,36593.69280210351,625.5293737531337,37219.222175856645,36593.692802103506,36593.692765509804,39039.47305668276,1448.6722291165754,lexicographic,3.659369276550981e-05,3.903947301764329e-05,False,0.12837719999879482,0.0,1,0
2025-04-18,False,calendar_trend,4,1.0,7,1.0,0,calibrated_quantile,2025-03-21;2025-03-22;2025-03-23;2025-03-24;2025-03-25;2025-03-26;2025-03-27;2025-03-28;2025-03-29;2025-03-30;2025-03-31;2025-04-01;2025-04-02;2025-04-03;2025-04-04;2025-04-05;2025-04-06;2025-04-07;2025-04-08;2025-04-09;2025-04-10;2025-04-11;2025-04-12;2025-04-13;2025-04-14;2025-04-15;2025-04-16;2025-04-17,28,6641.528592002278,2025-03-21;2025-03-22;2025-03-23;2025-03-24;2025-03-25;2025-03-26;2025-03-27;2025-03-28;2025-03-29;2025-03-30;2025-03-31;2025-04-01;2025-04-02;2025-04-03;2025-04-04;2025-04-05;2025-04-06;2025-04-07;2025-04-08;2025-04-09;2025-04-10;2025-04-11;2025-04-12;2025-04-13;2025-04-14;2025-04-15;2025-04-16;2025-04-17,2025-04-04;2025-04-05;2025-04-06;2025-04-07;2025-04-08;2025-04-09;2025-04-10;2025-04-11;2025-04-12;2025-04-13;2025-04-14;2025-04-15;2025-04-16;2025-04-17,,2025-04-17,9600.0,10800.0,10800.0,17.156834062400875,21.48835153769531,19.226333956915308,38.04453446043131,28604.000702206205,191.87286679902996,20334.565419803705,14008.567463868774,587.1612710941502,14595.728734962924,14008.567463868774,14008.567449860202,40036.62835149588,1285.3650122035783,lexicographic,1.4008567449860203e-05,4.003662835149633e-05,False,0.11031050000019604,0.0,1,0
2025-04-19,False,calendar_trend,4,1.0,7,1.0,0,calibrated_quantile,2025-03-22;2025-03-23;2025-03-24;2025-03-25;2025-03-26;2025-03-27;2025-03-28;2025-03-29;2025-03-30;2025-03-31;2025-04-01;2025-04-02;2025-04-03;2025-04-04;2025-04-05;2025-04-06;2025-04-07;2025-04-08;2025-04-09;2025-04-10;2025-04-11;2025-04-12;2025-04-13;2025-04-14;2025-04-15;2025-04-16;2025-04-17;2025-04-18,28,6676.568444367467,2025-03-22;2025-03-23;2025-03-24;2025-03-25;2025-03-26;2025-03-27;2025-03-28;2025-03-29;2025-03-30;2025-03-31;2025-04-01;2025-04-02;2025-04-03;2025-04-04;2025-04-05;2025-04-06;2025-04-07;2025-04-08;2025-04-09;2025-04-10;2025-04-11;2025-04-12;2025-04-13;2025-04-14;2025-04-15;2025-04-16;2025-04-17;2025-04-18,2025-04-05;2025-04-06;2025-04-07;2025-04-08;2025-04-09;2025-04-10;2025-04-11;2025-04-12;2025-04-13;2025-04-14;2025-04-15;2025-04-16;2025-04-17;2025-04-18,,2025-04-18,9600.0,10800.0,10800.0,18.882955131075633,23.710772032944302,20.715796836625387,37.65755647917733,28384.37577942847,195.35144651059932,19687.857011397988,13837.258003772415,531.8085228586997,14369.066526631115,13837.258003772415,13837.257989935155,40036.62832628054,1409.1672411471027,lexicographic,1.3837257989935155e-05,4.0036628286243914e-05,False,0.12345470000218484,0.0,1,0
2025-04-20,False,calendar_trend,4,1.0,7,1.0,0,calibrated_quantile,2025-03-23;2025-03-24;2025-03-25;2025-03-26;2025-03-27;2025-03-28;2025-03-29;2025-03-30;2025-03-31;2025-04-01;2025-04-02;2025-04-03;2025-04-04;2025-04-05;2025-04-06;2025-04-07;2025-04-08;2025-04-09;2025-04-10;2025-04-11;2025-04-12;2025-04-13;2025-04-14;2025-04-15;2025-04-16;2025-04-17;2025-04-18;2025-04-19,28,6708.835593028018,2025-03-23;2025-03-24;2025-03-25;2025-03-26;2025-03-27;2025-03-28;2025-03-29;2025-03-30;2025-03-31;2025-04-01;2025-04-02;2025-04-03;2025-04-04;2025-04-05;2025-04-06;2025-04-07;2025-04-08;2025-04-09;2025-04-10;2025-04-11;2025-04-12;2025-04-13;2025-04-14;2025-04-15;2025-04-16;2025-04-17;2025-04-18;2025-04-19,2025-04-06;2025-04-07;2025-04-08;2025-04-09;2025-04-10;2025-04-11;2025-04-12;2025-04-13;2025-04-14;2025-04-15;2025-04-16;2025-04-17;2025-04-18;2025-04-19,,2025-04-19,9600.0,10800.0,10800.0,16.184187009416164,21.245722689328545,23.885880772184688,43.146140372033244,60453.73301483952,513.017077191957,6939.929019068171,35457.65195474641,2284.8510942494504,37742.50304899586,35457.65195474642,35457.65191928878,39312.44760296978,1419.798425331971,lexicographic,3.545765191928878e-05,3.9312447563657345e-05,False,0.16307489999962854,0.0,1,0
2025-04-21,False,calendar_trend,4,1.0,7,1.0,0,calibrated_quantile,2025-03-24;2025-03-25;2025-03-26;2025-03-27;2025-03-28;2025-03-29;2025-03-30;2025-03-31;2025-04-01;2025-04-02;2025-04-03;2025-04-04;2025-04-05;2025-04-06;2025-04-07;2025-04-08;2025-04-09;2025-04-10;2025-04-11;2025-04-12;2025-04-13;2025-04-14;2025-04-15;2025-04-16;2025-04-17;2025-04-18;2025-04-19;2025-04-20,28,6693.311996016071,2025-03-24;2025-03-25;2025-03-26;2025-03-27;2025-03-28;2025-03-29;2025-03-30;2025-03-31;2025-04-01;2025-04-02;2025-04-03;2025-04-04;2025-04-05;2025-04-06;2025-04-07;2025-04-08;2025-04-09;2025-04-10;2025-04-11;2025-04-12;2025-04-13;2025-04-14;2025-04-15;2025-04-16;2025-04-17;2025-04-18;2025-04-19;2025-04-20,2025-04-07;2025-04-08;2025-04-09;2025-04-10;2025-04-11;2025-04-12;2025-04-13;2025-04-14;2025-04-15;2025-04-16;2025-04-17;2025-04-18;2025-04-19;2025-04-20,,2025-04-20,9600.0,10800.0,10800.0,21.32527108137806,26.67517330099658,32.42522081984866,57.77010802328466,60405.76255383655,352.1405912298353,10153.972991306735,35324.35345744515,1271.5184986412446,36595.87195608639,35324.35345744515,35324.353422120796,39653.37563810008,1429.142950416881,lexicographic,3.5324353422120795e-05,3.965337563809907e-05,False,0.11854529999982333,0.0,1,0
2025-04-22,False,calendar_trend,4,1.0,7,1.0,0,calibrated_quantile,2025-03-25;2025-03-26;2025-03-27;2025-03-28;2025-03-29;2025-03-30;2025-03-31;2025-04-01;2025-04-02;2025-04-03;2025-04-04;2025-04-05;2025-04-06;2025-04-07;2025-04-08;2025-04-09;2025-04-10;2025-04-11;2025-04-12;2025-04-13;2025-04-14;2025-04-15;2025-04-16;2025-04-17;2025-04-18;2025-04-19;2025-04-20;2025-04-21,28,6707.7197273226975,2025-03-25;2025-03-26;2025-03-27;2025-03-28;2025-03-29;2025-03-30;2025-03-31;2025-04-01;2025-04-02;2025-04-03;2025-04-04;2025-04-05;2025-04-06;2025-04-07;2025-04-08;2025-04-09;2025-04-10;2025-04-11;2025-04-12;2025-04-13;2025-04-14;2025-04-15;2025-04-16;2025-04-17;2025-04-18;2025-04-19;2025-04-20;2025-04-21,2025-04-08;2025-04-09;2025-04-10;2025-04-11;2025-04-12;2025-04-13;2025-04-14;2025-04-15;2025-04-16;2025-04-17;2025-04-18;2025-04-19;2025-04-20;2025-04-21,,2025-04-21,9600.0,10800.0,10800.0,19.363051760953233,23.423249104039687,24.68255085977833,41.672464217468395,59667.95333789433,543.2851314352121,6008.535106836784,35119.24877491091,1904.3222577481008,37023.57103265901,35119.24877491091,35119.24873979166,38945.70687069585,1435.4759382565098,lexicographic,3.511924873979166e-05,3.8945706870697115e-05,False,0.12021640000239131,0.0,1,0
2025-04-23,False,calendar_trend,4,1.0,7,1.0,0,calibrated_quantile,2025-03-26;2025-03-27;2025-03-28;2025-03-29;2025-03-30;2025-03-31;2025-04-01;2025-04-02;2025-04-03;2025-04-04;2025-04-05;2025-04-06;2025-04-07;2025-04-08;2025-04-09;2025-04-10;2025-04-11;2025-04-12;2025-04-13;2025-04-14;2025-04-15;2025-04-16;2025-04-17;2025-04-18;2025-04-19;2025-04-20;2025-04-21;2025-04-22,28,6668.007268916037,2025-03-26;2025-03-27;2025-03-28;2025-03-29;2025-03-30;2025-03-31;2025-04-01;2025-04-02;2025-04-03;2025-04-04;2025-04-05;2025-04-06;2025-04-07;2025-04-08;2025-04-09;2025-04-10;2025-04-11;2025-04-12;2025-04-13;2025-04-14;2025-04-15;2025-04-16;2025-04-17;2025-04-18;2025-04-19;2025-04-20;2025-04-21;2025-04-22,2025-04-09;2025-04-10;2025-04-11;2025-04-12;2025-04-13;2025-04-14;2025-04-15;2025-04-16;2025-04-17;2025-04-18;2025-04-19;2025-04-20;2025-04-21;2025-04-22,,2025-04-22,9600.0,10800.0,10800.0,18.99224232241069,23.787930664709158,22.624405435017703,40.80866157868044,59667.991885863696,183.2043095831213,6403.386853147787,34987.67968726815,669.5534888180433,35657.23317608619,34987.67968726815,34987.67965228046,38909.95988701495,1437.393637630858,lexicographic,3.498767965228046e-05,3.8909959848105e-05,False,0.11174300000129733,0.0,1,0
2025-04-24,False,calendar_trend,4,1.0,7,1.0,0,calibrated_quantile,2025-03-27;2025-03-28;2025-03-29;2025-03-30;2025-03-31;2025-04-01;2025-04-02;2025-04-03;2025-04-04;2025-04-05;2025-04-06;2025-04-07;2025-04-08;2025-04-09;2025-04-10;2025-04-11;2025-04-12;2025-04-13;2025-04-14;2025-04-15;2025-04-16;2025-04-17;2025-04-18;2025-04-19;2025-04-20;2025-04-21;2025-04-22;2025-04-23,28,6770.491674328871,2025-03-27;2025-03-28;2025-03-29;2025-03-30;2025-03-31;2025-04-01;2025-04-02;2025-04-03;2025-04-04;2025-04-05;2025-04-06;2025-04-07;2025-04-08;2025-04-09;2025-04-10;2025-04-11;2025-04-12;2025-04-13;2025-04-14;2025-04-15;2025-04-16;2025-04-17;2025-04-18;2025-04-19;2025-04-20;2025-04-21;2025-04-22;2025-04-23,2025-04-10;2025-04-11;2025-04-12;2025-04-13;2025-04-14;2025-04-15;2025-04-16;2025-04-17;2025-04-18;2025-04-19;2025-04-20;2025-04-21;2025-04-22;2025-04-23,,2025-04-23,9600.0,10800.0,10800.0,16.90147603858899,21.21793556812541,30.112661769967993,58.11994723977387,60059.41136881261,190.93465735358689,11097.548868776763,35138.257813613105,1010.5112846528082,36148.76909826591,35138.257813613105,35138.25777847485,39191.11869039943,1438.057693884633,lexicographic,3.513825777847485e-05,3.9191118651208316e-05,False,0.10361440000269795,0.0,1,0
2025-04-25,False,calendar_trend,4,1.0,7,1.0,0,calibrated_quantile,2025-03-28;2025-03-29;2025-03-30;2025-03-31;2025-04-01;2025-04-02;2025-04-03;2025-04-04;2025-04-05;2025-04-06;2025-04-07;2025-04-08;2025-04-09;2025-04-10;2025-04-11;2025-04-12;2025-04-13;2025-04-14;2025-04-15;2025-04-16;2025-04-17;2025-04-18;2025-04-19;2025-04-20;2025-04-21;2025-04-22;2025-04-23;2025-04-24,28,6664.7950432548005,2025-03-28;2025-03-29;2025-03-30;2025-03-31;2025-04-01;2025-04-02;2025-04-03;2025-04-04;2025-04-05;2025-04-06;2025-04-07;2025-04-08;2025-04-09;2025-04-10;2025-04-11;2025-04-12;2025-04-13;2025-04-14;2025-04-15;2025-04-16;2025-04-17;2025-04-18;2025-04-19;2025-04-20;2025-04-21;2025-04-22;2025-04-23;2025-04-24,2025-04-11;2025-04-12;2025-04-13;2025-04-14;2025-04-15;2025-04-16;2025-04-17;2025-04-18;2025-04-19;2025-04-20;2025-04-21;2025-04-22;2025-04-23;2025-04-24,,2025-04-24,9600.0,10800.0,10800.0,19.39981781119772,23.651808392351686,22.588948153358917,42.37305210730519,27618.168159718865,105.00810620551096,23615.62764818778,13234.907493608418,441.131080379658,13676.038573988077,13234.907493608418,13234.907480373511,40036.62838699527,1296.8273659197894,lexicographic,1.3234907480373511e-05,4.0036628346958646e-05,False,0.13413520000176504,0.0,1,0
2025-04-26,False,calendar_trend,4,1.0,7,1.0,0,calibrated_quantile,2025-03-29;2025-03-30;2025-03-31;2025-04-01;2025-04-02;2025-04-03;2025-04-04;2025-04-05;2025-04-06;2025-04-07;2025-04-08;2025-04-09;2025-04-10;2025-04-11;2025-04-12;2025-04-13;2025-04-14;2025-04-15;2025-04-16;2025-04-17;2025-04-18;2025-04-19;2025-04-20;2025-04-21;2025-04-22;2025-04-23;2025-04-24;2025-04-25,28,6635.871912743227,2025-03-29;2025-03-30;2025-03-31;2025-04-01;2025-04-02;2025-04-03;2025-04-04;2025-04-05;2025-04-06;2025-04-07;2025-04-08;2025-04-09;2025-04-10;2025-04-11;2025-04-12;2025-04-13;2025-04-14;2025-04-15;2025-04-16;2025-04-17;2025-04-18;2025-04-19;2025-04-20;2025-04-21;2025-04-22;2025-04-23;2025-04-24;2025-04-25,2025-04-12;2025-04-13;2025-04-14;2025-04-15;2025-04-16;2025-04-17;2025-04-18;2025-04-19;2025-04-20;2025-04-21;2025-04-22;2025-04-23;2025-04-24;2025-04-25,,2025-04-25,9600.0,10800.0,10800.0,19.454341382045644,24.16005903352967,45.38859394822579,81.82448683972343,27537.615118488808,270.1093447070254,25630.33986268591,13213.073955242107,1018.4775334456307,14231.551488687737,13213.073955242107,13213.073942029034,40036.628376355206,1434.8948247745939,lexicographic,1.3213073942029034e-05,4.003662833631859e-05,False,0.23401989999911166,0.0,1,0
2025-04-27,False,calendar_trend,4,1.0,7,1.0,0,calibrated_quantile,2025-03-30;2025-03-31;2025-04-01;2025-04-02;2025-04-03;2025-04-04;2025-04-05;2025-04-06;2025-04-07;2025-04-08;2025-04-09;2025-04-10;2025-04-11;2025-04-12;2025-04-13;2025-04-14;2025-04-15;2025-04-16;2025-04-17;2025-04-18;2025-04-19;2025-04-20;2025-04-21;2025-04-22;2025-04-23;2025-04-24;2025-04-25;2025-04-26,28,6750.285436434391,2025-03-30;2025-03-31;2025-04-01;2025-04-02;2025-04-03;2025-04-04;2025-04-05;2025-04-06;2025-04-07;2025-04-08;2025-04-09;2025-04-10;2025-04-11;2025-04-12;2025-04-13;2025-04-14;2025-04-15;2025-04-16;2025-04-17;2025-04-18;2025-04-19;2025-04-20;2025-04-21;2025-04-22;2025-04-23;2025-04-24;2025-04-25;2025-04-26,2025-04-13;2025-04-14;2025-04-15;2025-04-16;2025-04-17;2025-04-18;2025-04-19;2025-04-20;2025-04-21;2025-04-22;2025-04-23;2025-04-24;2025-04-25;2025-04-26,,2025-04-26,9600.0,10800.0,10800.0,21.222224713639,26.959458513730095,24.31818027894309,42.12692432691019,56012.064297675024,993.3872256041165,6492.175320904684,32966.131718737866,4199.286578458898,37165.41829719677,32966.13171873786,32966.13168577173,36856.29536178133,1434.4532732615467,lexicographic,3.296613168577173e-05,3.685629532492503e-05,False,0.1565556999994442,0.0,1,0
2025-04-28,False,calendar_trend,4,1.0,7,1.0,0,calibrated_quantile,2025-03-31;2025-04-01;2025-04-02;2025-04-03;2025-04-04;2025-04-05;2025-04-06;2025-04-07;2025-04-08;2025-04-09;2025-04-10;2025-04-11;2025-04-12;2025-04-13;2025-04-14;2025-04-15;2025-04-16;2025-04-17;2025-04-18;2025-04-19;2025-04-20;2025-04-21;2025-04-22;2025-04-23;2025-04-24;2025-04-25;2025-04-26;2025-04-27,28,6863.395203553888,2025-03-31;2025-04-01;2025-04-02;2025-04-03;2025-04-04;2025-04-05;2025-04-06;2025-04-07;2025-04-08;2025-04-09;2025-04-10;2025-04-11;2025-04-12;2025-04-13;2025-04-14;2025-04-15;2025-04-16;2025-04-17;2025-04-18;2025-04-19;2025-04-20;2025-04-21;2025-04-22;2025-04-23;2025-04-24;2025-04-25;2025-04-26;2025-04-27,2025-04-14;2025-04-15;2025-04-16;2025-04-17;2025-04-18;2025-04-19;2025-04-20;2025-04-21;2025-04-22;2025-04-23;2025-04-24;2025-04-25;2025-04-26;2025-04-27,,2025-04-27,9600.0,10800.0,10800.0,18.972641532826337,23.512904702144905,63.16439201503681,113.40320114691397,56621.14579709765,4838.074053363262,2878.6203357627387,33504.58773861067,17800.8674178648,51305.45515647547,33504.58773861067,33504.587705106096,37214.011762598566,1435.8175250429722,lexicographic,3.35045877051061e-05,3.721401172538455e-05,False,0.1521948000008706,0.0,1,0
2025-04-29,False,calendar_trend,4,1.0,7,1.0,0,calibrated_quantile,2025-04-01;2025-04-02;2025-04-03;2025-04-04;2025-04-05;2025-04-06;2025-04-07;2025-04-08;2025-04-09;2025-04-10;2025-04-11;2025-04-12;2025-04-13;2025-04-14;2025-04-15;2025-04-16;2025-04-17;2025-04-18;2025-04-19;2025-04-20;2025-04-21;2025-04-22;2025-04-23;2025-04-24;2025-04-25;2025-04-26;2025-04-27;2025-04-28,28,7292.077909158044,2025-04-01;2025-04-02;2025-04-03;2025-04-04;2025-04-05;2025-04-06;2025-04-07;2025-04-08;2025-04-09;2025-04-10;2025-04-11;2025-04-12;2025-04-13;2025-04-14;2025-04-15;2025-04-16;2025-04-17;2025-04-18;2025-04-19;2025-04-20;2025-04-21;2025-04-22;2025-04-23;2025-04-24;2025-04-25;2025-04-26;2025-04-27;2025-04-28,2025-04-15;2025-04-16;2025-04-17;2025-04-18;2025-04-19;2025-04-20;2025-04-21;2025-04-22;2025-04-23;2025-04-24;2025-04-25;2025-04-26;2025-04-27;2025-04-28,,2025-04-28,9600.0,10800.0,10800.0,16.63713821151829,20.836032756781023,31.719635751613005,53.2339105497971,58730.34927896249,425.616808948292,9745.208317684466,34653.38959404118,1695.3639578645057,36348.75355190569,34653.38959404119,34653.38955938779,37573.3370176335,1455.3323457125316,lexicographic,3.4653389559387795e-05,3.757333701763422e-05,False,0.13360560000000987,0.0,1,0
2025-04-30,False,calendar_trend,4,1.0,7,1.0,0,calibrated_quantile,2025-04-02;2025-04-03;2025-04-04;2025-04-05;2025-04-06;2025-04-07;2025-04-08;2025-04-09;2025-04-10;2025-04-11;2025-04-12;2025-04-13;2025-04-14;2025-04-15;2025-04-16;2025-04-17;2025-04-18;2025-04-19;2025-04-20;2025-04-21;2025-04-22;2025-04-23;2025-04-24;2025-04-25;2025-04-26;2025-04-27;2025-04-28;2025-04-29,28,7020.787578199032,2025-04-02;2025-04-03;2025-04-04;2025-04-05;2025-04-06;2025-04-07;2025-04-08;2025-04-09;2025-04-10;2025-04-11;2025-04-12;2025-04-13;2025-04-14;2025-04-15;2025-04-16;2025-04-17;2025-04-18;2025-04-19;2025-04-20;2025-04-21;2025-04-22;2025-04-23;2025-04-24;2025-04-25;2025-04-26;2025-04-27;2025-04-28;2025-04-29,2025-04-16;2025-04-17;2025-04-18;2025-04-19;2025-04-20;2025-04-21;2025-04-22;2025-04-23;2025-04-24;2025-04-25;2025-04-26;2025-04-27;2025-04-28;2025-04-29,,2025-04-29,9600.0,10800.0,10800.0,19.79552687081828,24.323773303337088,36.66674771984765,60.91487235983605,57809.12414752545,884.2848514855907,8507.299831639195,34246.86086069557,3025.8034391554243,37272.66429985099,34246.86086069557,34246.860826448705,36655.839946731896,1432.715717753587,lexicographic,3.424686082644871e-05,3.665583991007606e-05,False,0.1176655999988725,0.0,1,0
2025-05-01,False,calendar_trend,4,1.0,7,1.0,0,calibrated_quantile,2025-04-03;2025-04-04;2025-04-05;2025-04-06;2025-04-07;2025-04-08;2025-04-09;2025-04-10;2025-04-11;2025-04-12;2025-04-13;2025-04-14;2025-04-15;2025-04-16;2025-04-17;2025-04-18;2025-04-19;2025-04-20;2025-04-21;2025-04-22;2025-04-23;2025-04-24;2025-04-25;2025-04-26;2025-04-27;2025-04-28;2025-04-29;2025-04-30,28,6755.070902722217,2025-04-03;2025-04-04;2025-04-05;2025-04-06;2025-04-07;2025-04-08;2025-04-09;2025-04-10;2025-04-11;2025-04-12;2025-04-13;2025-04-14;2025-04-15;2025-04-16;2025-04-17;2025-04-18;2025-04-19;2025-04-20;2025-04-21;2025-04-22;2025-04-23;2025-04-24;2025-04-25;2025-04-26;2025-04-27;2025-04-28;2025-04-29;2025-04-30,2025-04-17;2025-04-18;2025-04-19;2025-04-20;2025-04-21;2025-04-22;2025-04-23;2025-04-24;2025-04-25;2025-04-26;2025-04-27;2025-04-28;2025-04-29;2025-04-30,,2025-04-30,9600.0,10800.0,10800.0,34.97624236280891,46.86796062701144,25.13285605223588,42.61576644318834,57181.561040761364,2426.1028386410244,6690.172828726483,33920.844477533654,11431.65961426704,45352.50409180069,33920.844477533654,33920.84444361281,36216.13276284218,1442.7045928576908,lexicographic,3.3920844443612814e-05,3.621613272662605e-05,False,0.1673893000006501,0.0,1,0
2025-05-02,False,calendar_trend,4,1.0,7,1.0,0,calibrated_quantile,2025-04-04;2025-04-05;2025-04-06;2025-04-07;2025-04-08;2025-04-09;2025-04-10;2025-04-11;2025-04-12;2025-04-13;2025-04-14;2025-04-15;2025-04-16;2025-04-17;2025-04-18;2025-04-19;2025-04-20;2025-04-21;2025-04-22;2025-04-23;2025-04-24;2025-04-25;2025-04-26;2025-04-27;2025-04-28;2025-04-29;2025-04-30;2025-05-01,28,6976.86974541848,2025-04-04;2025-04-05;2025-04-06;2025-04-07;2025-04-08;2025-04-09;2025-04-10;2025-04-11;2025-04-12;2025-04-13;2025-04-14;2025-04-15;2025-04-16;2025-04-17;2025-04-18;2025-04-19;2025-04-20;2025-04-21;2025-04-22;2025-04-23;2025-04-24;2025-04-25;2025-04-26;2025-04-27;2025-04-28;2025-04-29;2025-04-30;2025-05-01,2025-04-18;2025-04-19;2025-04-20;2025-04-21;2025-04-22;2025-04-23;2025-04-24;2025-04-25;2025-04-26;2025-04-27;2025-04-28;2025-04-29;2025-04-30;2025-05-01,,2025-05-01,9600.0,10800.0,10800.0,28.141391205595465,36.37852090142164,60.410933142462824,96.16606306054521,28030.169258972055,3357.7892614898838,14990.447472027958,13731.779824707686,14927.55880029487,28659.338625002558,13731.779824707686,13731.779810975904,40036.62833691231,1285.0433326339698,lexicographic,1.3731779810975905e-05,4.003662829687569e-05,False,0.11508220000177971,0.0,1,0
2025-05-03,False,calendar_trend,4,1.0,7,1.0,0,calibrated_quantile,2025-04-05;2025-04-06;2025-04-07;2025-04-08;2025-04-09;2025-04-10;2025-04-11;2025-04-12;2025-04-13;2025-04-14;2025-04-15;2025-04-16;2025-04-17;2025-04-18;2025-04-19;2025-04-20;2025-04-21;2025-04-22;2025-04-23;2025-04-24;2025-04-25;2025-04-26;2025-04-27;2025-04-28;2025-04-29;2025-04-30;2025-05-01;2025-05-02,28,7830.579082014588,2025-04-05;2025-04-06;2025-04-07;2025-04-08;2025-04-09;2025-04-10;2025-04-11;2025-04-12;2025-04-13;2025-04-14;2025-04-15;2025-04-16;2025-04-17;2025-04-18;2025-04-19;2025-04-20;2025-04-21;2025-04-22;2025-04-23;2025-04-24;2025-04-25;2025-04-26;2025-04-27;2025-04-28;2025-04-29;2025-04-30;2025-05-01;2025-05-02,2025-04-19;2025-04-20;2025-04-21;2025-04-22;2025-04-23;2025-04-24;2025-04-25;2025-04-26;2025-04-27;2025-04-28;2025-04-29;2025-04-30;2025-05-01;2025-05-02,,2025-05-02,9600.0,10800.0,10800.0,25.405817762658135,34.12864439765468,18.944284999202846,33.49136702978204,29183.79831372263,806.7677729681047,19016.203477008334,14612.241439620992,4211.99089745681,18824.232337077803,14612.24143962099,14612.241425008746,40036.628233965544,1465.9606917576039,lexicographic,1.4612241425008747e-05,4.003662819392893e-05,False,0.2208993999993254,0.0,1,0
2025-05-04,False,calendar_trend,4,1.0,7,1.0,0,calibrated_quantile,2025-04-06;2025-04-07;2025-04-08;2025-04-09;2025-04-10;2025-04-11;2025-04-12;2025-04-13;2025-04-14;2025-04-15;2025-04-16;2025-04-17;2025-04-18;2025-04-19;2025-04-20;2025-04-21;2025-04-22;2025-04-23;2025-04-24;2025-04-25;2025-04-26;2025-04-27;2025-04-28;2025-04-29;2025-04-30;2025-05-01;2025-05-02;2025-05-03,28,7845.513005182549,2025-04-06;2025-04-07;2025-04-08;2025-04-09;2025-04-10;2025-04-11;2025-04-12;2025-04-13;2025-04-14;2025-04-15;2025-04-16;2025-04-17;2025-04-18;2025-04-19;2025-04-20;2025-04-21;2025-04-22;2025-04-23;2025-04-24;2025-04-25;2025-04-26;2025-04-27;2025-04-28;2025-04-29;2025-04-30;2025-05-01;2025-05-02;2025-05-03,2025-04-20;2025-04-21;2025-04-22;2025-04-23;2025-04-24;2025-04-25;2025-04-26;2025-04-27;2025-04-28;2025-04-29;2025-04-30;2025-05-01;2025-05-02;2025-05-03,,2025-05-03,9600.0,10800.0,10800.0,25.811560528971327,31.4693643568667,31.505827627686912,50.105460194367865,62808.68796502331,446.41999876599607,9534.809146415057,38059.27842360819,1552.3601179943453,39611.63854160254,38059.27842360819,38059.27838554892,37726.99819677738,1473.8330012742445,lexicographic,3.805927838554892e-05,3.772699815905038e-05,False,0.12921060000007856,0.0,1,0
2025-05-05,False,calendar_trend,4,1.0,7,1.0,0,calibrated_quantile,2025-04-07;2025-04-08;2025-04-09;2025-04-10;2025-04-11;2025-04-12;2025-04-13;2025-04-14;2025-04-15;2025-04-16;2025-04-17;2025-04-18;2025-04-19;2025-04-20;2025-04-21;2025-04-22;2025-04-23;2025-04-24;2025-04-25;2025-04-26;2025-04-27;2025-04-28;2025-04-29;2025-04-30;2025-05-01;2025-05-02;2025-05-03;2025-05-04,28,7930.290855338017,2025-04-07;2025-04-08;2025-04-09;2025-04-10;2025-04-11;2025-04-12;2025-04-13;2025-04-14;2025-04-15;2025-04-16;2025-04-17;2025-04-18;2025-04-19;2025-04-20;2025-04-21;2025-04-22;2025-04-23;2025-04-24;2025-04-25;2025-04-26;2025-04-27;2025-04-28;2025-04-29;2025-04-30;2025-05-01;2025-05-02;2025-05-03;2025-05-04,2025-04-21;2025-04-22;2025-04-23;2025-04-24;2025-04-25;2025-04-26;2025-04-27;2025-04-28;2025-04-29;2025-04-30;2025-05-01;2025-05-02;2025-05-03;2025-05-04,,2025-05-04,9600.0,10800.0,10800.0,23.346004123773533,29.61717310705466,33.56792051677462,54.42257510695648,64269.42921532478,948.4515844227327,8182.552550720258,39038.50815044458,3884.3275984073885,42922.83574885197,39038.50815044457,39038.508111406074,37227.10753151789,1493.6890181815947,lexicographic,3.9038508111406074e-05,3.72271074942908e-05,False,0.1595116999997117,0.0,1,0
2025-05-06,False,calendar_trend,4,1.0,7,1.0,0,calibrated_quantile,2025-04-08;2025-04-09;2025-04-10;2025-04-11;2025-04-12;2025-04-13;2025-04-14;2025-04-15;2025-04-16;2025-04-17;2025-04-18;2025-04-19;2025-04-20;2025-04-21;2025-04-22;2025-04-23;2025-04-24;2025-04-25;2025-04-26;2025-04-27;2025-04-28;2025-04-29;2025-04-30;2025-05-01;2025-05-02;2025-05-03;2025-05-04;2025-05-05,28,8051.466159592746,2025-04-08;2025-04-09;2025-04-10;2025-04-11;2025-04-12;2025-04-13;2025-04-14;2025-04-15;2025-04-16;2025-04-17;2025-04-18;2025-04-19;2025-04-20;2025-04-21;2025-04-22;2025-04-23;2025-04-24;2025-04-25;2025-04-26;2025-04-27;2025-04-28;2025-04-29;2025-04-30;2025-05-01;2025-05-02;2025-05-03;2025-05-04;2025-05-05,2025-04-22;2025-04-23;2025-04-24;2025-04-25;2025-04-26;2025-04-27;2025-04-28;2025-04-29;2025-04-30;2025-05-01;2025-05-02;2025-05-03;2025-05-04;2025-05-05,,2025-05-05,9600.0,10800.0,10800.0,24.107518250992467,30.309876547681277,34.846962850465474,61.631520190039154,64720.999906384706,696.6868577705999,10542.105570717842,39514.25679450656,2672.908138270963,42187.16493277752,39514.25679450655,39514.25675499231,38104.477708645245,1489.7559200136689,lexicographic,3.9514256754992316e-05,3.810447767054077e-05,False,0.1734364000003552,0.0,1,0
2025-05-07,False,calendar_trend,4,1.0,7,1.0,0,calibrated_quantile,2025-04-09;2025-04-10;2025-04-11;2025-04-12;2025-04-13;2025-04-14;2025-04-15;2025-04-16;2025-04-17;2025-04-18;2025-04-19;2025-04-20;2025-04-21;2025-04-22;2025-04-23;2025-04-24;2025-04-25;2025-04-26;2025-04-27;2025-04-28;2025-04-29;2025-04-30;2025-05-01;2025-05-02;2025-05-03;2025-05-04;2025-05-05;2025-05-06,28,8114.478682693563,2025-04-09;2025-04-10;2025-04-11;2025-04-12;2025-04-13;2025-04-14;2025-04-15;2025-04-16;2025-04-17;2025-04-18;2025-04-19;2025-04-20;2025-04-21;2025-04-22;2025-04-23;2025-04-24;2025-04-25;2025-04-26;2025-04-27;2025-04-28;2025-04-29;2025-04-30;2025-05-01;2025-05-02;2025-05-03;2025-05-04;2025-05-05;2025-05-06,2025-04-23;2025-04-24;2025-04-25;2025-04-26;2025-04-27;2025-04-28;2025-04-29;2025-04-30;2025-05-01;2025-05-02;2025-05-03;2025-05-04;2025-05-05;2025-05-06,,2025-05-06,9600.0,10800.0,10800.0,21.629095568549015,27.215427872905767,16.46242491893746,30.85248452598107,65654.80776874495,121.41783656085943,8656.604658832528,39944.61156426424,448.8343310049785,40393.445895269215,39944.61156426424,39944.611524319625,38983.72493299273,1515.7707358752941,lexicographic,3.994461152431963e-05,3.898372489400901e-05,False,0.16687559999991208,0.0,1,0
2025-05-08,False,calendar_trend,4,1.0,7,1.0,0,calibrated_quantile,2025-04-10;2025-04-11;2025-04-12;2025-04-13;2025-04-14;2025-04-15;2025-04-16;2025-04-17;2025-04-18;2025-04-19;2025-04-20;2025-04-21;2025-04-22;2025-04-23;2025-04-24;2025-04-25;2025-04-26;2025-04-27;2025-04-28;2025-04-29;2025-04-30;2025-05-01;2025-05-02;2025-05-03;2025-05-04;2025-05-05;2025-05-06;2025-05-07,28,7909.306953501342,2025-04-10;2025-04-11;2025-04-12;2025-04-13;2025-04-14;2025-04-15;2025-04-16;2025-04-17;2025-04-18;2025-04-19;2025-04-20;2025-04-21;2025-04-22;2025-04-23;2025-04-24;2025-04-25;2025-04-26;2025-04-27;2025-04-28;2025-04-29;2025-04-30;2025-05-01;2025-05-02;2025-05-03;2025-05-04;2025-05-05;2025-05-06;2025-05-07,2025-04-24;2025-04-25;2025-04-26;2025-04-27;2025-04-28;2025-04-29;2025-04-30;2025-05-01;2025-05-02;2025-05-03;2025-05-04;2025-05-05;2025-05-06;2025-05-07,,2025-05-07,9600.0,10800.0,10800.0,27.741619085513616,38.07760532885485,27.097640822204408,46.539747717164914,66688.97108173513,453.6589258480087,9216.653289912745,41125.62626846336,1775.0355832830119,42900.66185174637,41125.62626846336,41125.62622733774,39889.82203573757,1522.0404121245247,lexicographic,4.1125626227337743e-05,3.988982199584775e-05,False,0.13501720000203932,0.0,1,0
2025-05-09,False,calendar_trend,4,1.0,7,1.0,0,calibrated_quantile,2025-04-11;2025-04-12;2025-04-13;2025-04-14;2025-04-15;2025-04-16;2025-04-17;2025-04-18;2025-04-19;2025-04-20;2025-04-21;2025-04-22;2025-04-23;2025-04-24;2025-04-25;2025-04-26;2025-04-27;2025-04-28;2025-04-29;2025-04-30;2025-05-01;2025-05-02;2025-05-03;2025-05-04;2025-05-05;2025-05-06;2025-05-07;2025-05-08,28,7953.383083512662,2025-04-11;2025-04-12;2025-04-13;2025-04-14;2025-04-15;2025-04-16;2025-04-17;2025-04-18;2025-04-19;2025-04-20;2025-04-21;2025-04-22;2025-04-23;2025-04-24;2025-04-25;2025-04-26;2025-04-27;2025-04-28;2025-04-29;2025-04-30;2025-05-01;2025-05-02;2025-05-03;2025-05-04;2025-05-05;2025-05-06;2025-05-07;2025-05-08,2025-04-25;2025-04-26;2025-04-27;2025-04-28;2025-04-29;2025-04-30;2025-05-01;2025-05-02;2025-05-03;2025-05-04;2025-05-05;2025-05-06;2025-05-07;2025-05-08,,2025-05-08,9600.0,10800.0,10800.0,21.058629097304635,27.58613298476539,19.68362127149786,37.82536483640738,31293.459997496557,107.98614455507024,20794.86934106557,16392.380923824214,318.3224389256284,16710.703362749842,16392.380923824217,16392.38090743184,40036.62806873514,1353.0369600910071,lexicographic,1.6392380907431842e-05,4.0036628028698525e-05,False,0.14842999999746098,0.0,1,0
2025-05-10,False,calendar_trend,4,1.0,7,1.0,0,calibrated_quantile,2025-04-12;2025-04-13;2025-04-14;2025-04-15;2025-04-16;2025-04-17;2025-04-18;2025-04-19;2025-04-20;2025-04-21;2025-04-22;2025-04-23;2025-04-24;2025-04-25;2025-04-26;2025-04-27;2025-04-28;2025-04-29;2025-04-30;2025-05-01;2025-05-02;2025-05-03;2025-05-04;2025-05-05;2025-05-06;2025-05-07;2025-05-08;2025-05-09,28,7996.853941095979,2025-04-12;2025-04-13;2025-04-14;2025-04-15;2025-04-16;2025-04-17;2025-04-18;2025-04-19;2025-04-20;2025-04-21;2025-04-22;2025-04-23;2025-04-24;2025-04-25;2025-04-26;2025-04-27;2025-04-28;2025-04-29;2025-04-30;2025-05-01;2025-05-02;2025-05-03;2025-05-04;2025-05-05;2025-05-06;2025-05-07;2025-05-08;2025-05-09,2025-04-26;2025-04-27;2025-04-28;2025-04-29;2025-04-30;2025-05-01;2025-05-02;2025-05-03;2025-05-04;2025-05-05;2025-05-06;2025-05-07;2025-05-08;2025-05-09,,2025-05-09,9600.0,10800.0,10800.0,22.066732380711986,26.224549553739873,29.019519571268102,53.48116514881389,31181.17691155387,441.3429391013472,17394.283616092718,16346.551736256522,1856.9613655355934,18203.513101792116,16346.551736256522,16346.55171990997,40036.62807335415,1467.273540562781,lexicographic,1.634655171990997e-05,4.003662803331752e-05,False,0.18565010000020266,1.1127664321584973e-16,1,0
2025-05-11,False,calendar_trend,4,1.0,7,1.0,0,calibrated_quantile,2025-04-13;2025-04-14;2025-04-15;2025-04-16;2025-04-17;2025-04-18;2025-04-19;2025-04-20;2025-04-21;2025-04-22;2025-04-23;2025-04-24;2025-04-25;2025-04-26;2025-04-27;2025-04-28;2025-04-29;2025-04-30;2025-05-01;2025-05-02;2025-05-03;2025-05-04;2025-05-05;2025-05-06;2025-05-07;2025-05-08;2025-05-09;2025-05-10,28,8084.149346577449,2025-04-13;2025-04-14;2025-04-15;2025-04-16;2025-04-17;2025-04-18;2025-04-19;2025-04-20;2025-04-21;2025-04-22;2025-04-23;2025-04-24;2025-04-25;2025-04-26;2025-04-27;2025-04-28;2025-04-29;2025-04-30;2025-05-01;2025-05-02;2025-05-03;2025-05-04;2025-05-05;2025-05-06;2025-05-07;2025-05-08;2025-05-09;2025-05-10,2025-04-27;2025-04-28;2025-04-29;2025-04-30;2025-05-01;2025-05-02;2025-05-03;2025-05-04;2025-05-05;2025-05-06;2025-05-07;2025-05-08;2025-05-09;2025-05-10,,2025-05-10,9600.0,10800.0,10800.0,26.962148727972416,35.530450907162624,25.393950161613343,41.202544974251126,66959.61391688403,221.6682320890376,9572.879361442054,40915.968906280614,616.7227693399363,41532.69167562055,40915.96890628062,40915.96886536466,40362.15037975623,1539.3083790956744,lexicographic,4.091596886536466e-05,4.0362150339394075e-05,False,0.22536020000188728,0.0,1,0
2025-05-12,False,calendar_trend,4,1.0,7,1.0,0,calibrated_quantile,2025-04-14;2025-04-15;2025-04-16;2025-04-17;2025-04-18;2025-04-19;2025-04-20;2025-04-21;2025-04-22;2025-04-23;2025-04-24;2025-04-25;2025-04-26;2025-04-27;2025-04-28;2025-04-29;2025-04-30;2025-05-01;2025-05-02;2025-05-03;2025-05-04;2025-05-05;2025-05-06;2025-05-07;2025-05-08;2025-05-09;2025-05-10;2025-05-11,28,8133.237607987456,2025-04-14;2025-04-15;2025-04-16;2025-04-17;2025-04-18;2025-04-19;2025-04-20;2025-04-21;2025-04-22;2025-04-23;2025-04-24;2025-04-25;2025-04-26;2025-04-27;2025-04-28;2025-04-29;2025-04-30;2025-05-01;2025-05-02;2025-05-03;2025-05-04;2025-05-05;2025-05-06;2025-05-07;2025-05-08;2025-05-09;2025-05-10;2025-05-11,2025-04-28;2025-04-29;2025-04-30;2025-05-01;2025-05-02;2025-05-03;2025-05-04;2025-05-05;2025-05-06;2025-05-07;2025-05-08;2025-05-09;2025-05-10;2025-05-11,,2025-05-11,9600.0,10800.0,10800.0,29.006626767402516,37.99467972453063,49.2814653639636,83.96289584572547,67834.18361782184,577.2310755557869,14335.921291642117,41379.77183765768,1447.7131161140014,42827.48495377168,41379.77183765769,41379.77179627791,40741.66519964141,1524.5920286859307,lexicographic,4.1379771796277914e-05,4.0741665158899736e-05,False,0.19014849999803118,0.0,1,0
2025-05-13,False,calendar_trend,4,1.0,7,1.0,0,calibrated_quantile,2025-04-15;2025-04-16;2025-04-17;2025-04-18;2025-04-19;2025-04-20;2025-04-21;2025-04-22;2025-04-23;2025-04-24;2025-04-25;2025-04-26;2025-04-27;2025-04-28;2025-04-29;2025-04-30;2025-05-01;2025-05-02;2025-05-03;2025-05-04;2025-05-05;2025-05-06;2025-05-07;2025-05-08;2025-05-09;2025-05-10;2025-05-11;2025-05-12,28,8183.277928570493,2025-04-15;2025-04-16;2025-04-17;2025-04-18;2025-04-19;2025-04-20;2025-04-21;2025-04-22;2025-04-23;2025-04-24;2025-04-25;2025-04-26;2025-04-27;2025-04-28;2025-04-29;2025-04-30;2025-05-01;2025-05-02;2025-05-03;2025-05-04;2025-05-05;2025-05-06;2025-05-07;2025-05-08;2025-05-09;2025-05-10;2025-05-11;2025-05-12,2025-04-29;2025-04-30;2025-05-01;2025-05-02;2025-05-03;2025-05-04;2025-05-05;2025-05-06;2025-05-07;2025-05-08;2025-05-09;2025-05-10;2025-05-11;2025-05-12,,2025-05-12,9600.0,10800.0,10800.0,27.851927899524284,36.185881564368366,17.77015351923565,29.046051721747084,67097.17816778323,86.62150964528851,11975.76810210627,40848.49902842795,251.80936100599183,41100.30838943394,40848.49902842795,40848.49898757945,39497.55736445628,1534.8846779554397,lexicographic,4.084849898757945e-05,3.949755732495873e-05,False,0.18961169999965932,0.0,1,0
2025-05-14,False,calendar_trend,4,1.0,7,1.0,0,calibrated_quantile,2025-04-16;2025-04-17;2025-04-18;2025-04-19;2025-04-20;2025-04-21;2025-04-22;2025-04-23;2025-04-24;2025-04-25;2025-04-26;2025-04-27;2025-04-28;2025-04-29;2025-04-30;2025-05-01;2025-05-02;2025-05-03;2025-05-04;2025-05-05;2025-05-06;2025-05-07;2025-05-08;2025-05-09;2025-05-10;2025-05-11;2025-05-12;2025-05-13,28,8112.422586813683,2025-04-16;2025-04-17;2025-04-18;2025-04-19;2025-04-20;2025-04-21;2025-04-22;2025-04-23;2025-04-24;2025-04-25;2025-04-26;2025-04-27;2025-04-28;2025-04-29;2025-04-30;2025-05-01;2025-05-02;2025-05-03;2025-05-04;2025-05-05;2025-05-06;2025-05-07;2025-05-08;2025-05-09;2025-05-10;2025-05-11;2025-05-12;2025-05-13,2025-04-30;2025-05-01;2025-05-02;2025-05-03;2025-05-04;2025-05-05;2025-05-06;2025-05-07;2025-05-08;2025-05-09;2025-05-10;2025-05-11;2025-05-12;2025-05-13,,2025-05-13,9600.0,10800.0,10800.0,22.489263262430374,30.54888715235809,23.19077046028068,42.19321779878606,66495.8162848827,176.9960915061393,11595.088514233516,40349.162019279305,509.3370370128054,40858.49905629211,40349.162019279305,40349.16197893014,39207.926497617984,1504.697040214384,lexicographic,4.034916197893014e-05,3.920792645841006e-05,False,0.14045919999989565,0.0,1,0
2025-05-15,False,calendar_trend,4,1.0,7,1.0,0,calibrated_quantile,2025-04-17;2025-04-18;2025-04-19;2025-04-20;2025-04-21;2025-04-22;2025-04-23;2025-04-24;2025-04-25;2025-04-26;2025-04-27;2025-04-28;2025-04-29;2025-04-30;2025-05-01;2025-05-02;2025-05-03;2025-05-04;2025-05-05;2025-05-06;2025-05-07;2025-05-08;2025-05-09;2025-05-10;2025-05-11;2025-05-12;2025-05-13;2025-05-14,28,7961.2022893908525,2025-04-17;2025-04-18;2025-04-19;2025-04-20;2025-04-21;2025-04-22;2025-04-23;2025-04-24;2025-04-25;2025-04-26;2025-04-27;2025-04-28;2025-04-29;2025-04-30;2025-05-01;2025-05-02;2025-05-03;2025-05-04;2025-05-05;2025-05-06;2025-05-07;2025-05-08;2025-05-09;2025-05-10;2025-05-11;2025-05-12;2025-05-13;2025-05-14,2025-05-01;2025-05-02;2025-05-03;2025-05-04;2025-05-05;2025-05-06;2025-05-07;2025-05-08;2025-05-09;2025-05-10;2025-05-11;2025-05-12;2025-05-13;2025-05-14,,2025-05-14,9600.0,10800.0,10800.0,28.4417928624056,39.337038469069626,26.78695994578652,47.552038300467906,65507.60305227109,303.2314107774347,11030.345369960429,40047.29104633203,1178.0386858271602,41225.32973215919,40047.29104633203,40047.29100628474,38293.18538534065,1502.103295214432,lexicographic,4.004729100628474e-05,3.829318534704746e-05,False,0.14499599999908241,0.0,1,0
2025-05-16,False,calendar_trend,4,1.0,7,1.0,0,calibrated_quantile,2025-04-18;2025-04-19;2025-04-20;2025-04-21;2025-04-22;2025-04-23;2025-04-24;2025-04-25;2025-04-26;2025-04-27;2025-04-28;2025-04-29;2025-04-30;2025-05-01;2025-05-02;2025-05-03;2025-05-04;2025-05-05;2025-05-06;2025-05-07;2025-05-08;2025-05-09;2025-05-10;2025-05-11;2025-05-12;2025-05-13;2025-05-14;2025-05-15,28,8039.029128069238,2025-04-18;2025-04-19;2025-04-20;2025-04-21;2025-04-22;2025-04-23;2025-04-24;2025-04-25;2025-04-26;2025-04-27;2025-04-28;2025-04-29;2025-04-30;2025-05-01;2025-05-02;2025-05-03;2025-05-04;2025-05-05;2025-05-06;2025-05-07;2025-05-08;2025-05-09;2025-05-10;2025-05-11;2025-05-12;2025-05-13;2025-05-14;2025-05-15,2025-05-02;2025-05-03;2025-05-04;2025-05-05;2025-05-06;2025-05-07;2025-05-08;2025-05-09;2025-05-10;2025-05-11;2025-05-12;2025-05-13;2025-05-14;2025-05-15,,2025-05-15,9600.0,10800.0,10800.0,21.891990337974292,28.067364045902856,35.554424267517845,62.41258961465017,29856.78595017005,213.50154845295168,25247.59000905795,15403.577547201294,676.638869176751,16080.216416378045,15403.577547201294,15403.577531797715,40036.62816840269,1327.3362266302943,lexicographic,1.5403577531797716e-05,4.0036628128366067e-05,False,0.11539670000274782,0.0,1,0
2025-05-17,False,calendar_trend,4,1.0,7,1.0,0,calibrated_quantile,2025-04-19;2025-04-20;2025-04-21;2025-04-22;2025-04-23;2025-04-24;2025-04-25;2025-04-26;2025-04-27;2025-04-28;2025-04-29;2025-04-30;2025-05-01;2025-05-02;2025-05-03;2025-05-04;2025-05-05;2025-05-06;2025-05-07;2025-05-08;2025-05-09;2025-05-10;2025-05-11;2025-05-12;2025-05-13;2025-05-14;2025-05-15;2025-05-16,28,8007.261939817006,2025-04-19;2025-04-20;2025-04-21;2025-04-22;2025-04-23;2025-04-24;2025-04-25;2025-04-26;2025-04-27;2025-04-28;2025-04-29;2025-04-30;2025-05-01;2025-05-02;2025-05-03;2025-05-04;2025-05-05;2025-05-06;2025-05-07;2025-05-08;2025-05-09;2025-05-10;2025-05-11;2025-05-12;2025-05-13;2025-05-14;2025-05-15;2025-05-16,2025-05-03;2025-05-04;2025-05-05;2025-05-06;2025-05-07;2025-05-08;2025-05-09;2025-05-10;2025-05-11;2025-05-12;2025-05-13;2025-05-14;2025-05-15;2025-05-16,,2025-05-16,9600.0,10800.0,10800.0,21.53677248565161,27.61015963374216,33.318820823547384,62.539724104608545,29828.413164486185,1017.7022910458197,18290.125416200714,15300.130455443643,4526.533140916882,19826.663596360526,15300.130455443643,15300.130440143515,40036.628163961155,1456.6259970160045,lexicographic,1.5300130440143515e-05,4.003662812392453e-05,False,0.12109399999826564,0.0,1,0
2025-05-18,False,calendar_trend,4,1.0,7,1.0,0,calibrated_quantile,2025-04-20;2025-04-21;2025-04-22;2025-04-23;2025-04-24;2025-04-25;2025-04-26;2025-04-27;2025-04-28;2025-04-29;2025-04-30;2025-05-01;2025-05-02;2025-05-03;2025-05-04;2025-05-05;2025-05-06;2025-05-07;2025-05-08;2025-05-09;2025-05-10;2025-05-11;2025-05-12;2025-05-13;2025-05-14;2025-05-15;2025-05-16;2025-05-17,28,8208.198809271791,2025-04-20;2025-04-21;2025-04-22;2025-04-23;2025-04-24;2025-04-25;2025-04-26;2025-04-27;2025-04-28;2025-04-29;2025-04-30;2025-05-01;2025-05-02;2025-05-03;2025-05-04;2025-05-05;2025-05-06;2025-05-07;2025-05-08;2025-05-09;2025-05-10;2025-05-11;2025-05-12;2025-05-13;2025-05-14;2025-05-15;2025-05-16;2025-05-17,2025-05-04;2025-05-05;2025-05-06;2025-05-07;2025-05-08;2025-05-09;2025-05-10;2025-05-11;2025-05-12;2025-05-13;2025-05-14;2025-05-15;2025-05-16;2025-05-17,,2025-05-17,9600.0,10800.0,10800.0,22.568178849900036,28.390603339626747,30.007449130251505,53.88434627530538,63605.6227657595,636.8529039698319,8642.881985955646,38408.001639939044,2067.8230615122015,40475.824701451245,38408.001639939044,38408.00160153104,36545.08609170021,1491.7585195813713,lexicographic,3.8408001601531044e-05,3.654508605515513e-05,False,0.13025170000037178,0.0,1,0
2025-05-19,False,calendar_trend,4,1.0,7,1.0,0,calibrated_quantile,2025-04-21;2025-04-22;2025-04-23;2025-04-24;2025-04-25;2025-04-26;2025-04-27;2025-04-28;2025-04-29;2025-04-30;2025-05-01;2025-05-02;2025-05-03;2025-05-04;2025-05-05;2025-05-06;2025-05-07;2025-05-08;2025-05-09;2025-05-10;2025-05-11;2025-05-12;2025-05-13;2025-05-14;2025-05-15;2025-05-16;2025-05-17;2025-05-18,28,8286.37070070912,2025-04-21;2025-04-22;2025-04-23;2025-04-24;2025-04-25;2025-04-26;2025-04-27;2025-04-28;2025-04-29;2025-04-30;2025-05-01;2025-05-02;2025-05-03;2025-05-04;2025-05-05;2025-05-06;2025-05-07;2025-05-08;2025-05-09;2025-05-10;2025-05-11;2025-05-12;2025-05-13;2025-05-14;2025-05-15;2025-05-16;2025-05-17;2025-05-18,2025-05-05;2025-05-06;2025-05-07;2025-05-08;2025-05-09;2025-05-10;2025-05-11;2025-05-12;2025-05-13;2025-05-14;2025-05-15;2025-05-16;2025-05-17;2025-05-18,,2025-05-18,9600.0,10800.0,10800.0,21.854624617232034,29.119868847390105,43.794429452896146,87.81056020448314,63808.060647007216,108.56254075268131,14475.522626821965,38153.51665935657,681.1225432750572,38834.639202631624,38153.51665935657,38153.51662120305,36591.79620782091,1482.6538645635044,lexicographic,3.815351662120306e-05,3.659179617122912e-05,False,0.12642009999763104,0.0,1,0
2025-05-20,False,calendar_trend,4,1.0,7,1.0,0,calibrated_quantile,2025-04-22;2025-04-23;2025-04-24;2025-04-25;2025-04-26;2025-04-27;2025-04-28;2025-04-29;2025-04-30;2025-05-01;2025-05-02;2025-05-03;2025-05-04;2025-05-05;2025-05-06;2025-05-07;2025-05-08;2025-05-09;2025-05-10;2025-05-11;2025-05-12;2025-05-13;2025-05-14;2025-05-15;2025-05-16;2025-05-17;2025-05-18;2025-05-19,28,8244.893000854136,2025-04-22;2025-04-23;2025-04-24;2025-04-25;2025-04-26;2025-04-27;2025-04-28;2025-04-29;2025-04-30;2025-05-01;2025-05-02;2025-05-03;2025-05-04;2025-05-05;2025-05-06;2025-05-07;2025-05-08;2025-05-09;2025-05-10;2025-05-11;2025-05-12;2025-05-13;2025-05-14;2025-05-15;2025-05-16;2025-05-17;2025-05-18;2025-05-19,2025-05-06;2025-05-07;2025-05-08;2025-05-09;2025-05-10;2025-05-11;2025-05-12;2025-05-13;2025-05-14;2025-05-15;2025-05-16;2025-05-17;2025-05-18;2025-05-19,,2025-05-19,9595.605199312562,10800.0,10795.605199312562,21.168441870747362,27.467276432582928,26.333871210814763,49.71116029412478,61737.62318777273,496.44363993400964,5806.941168618302,36935.77818740644,2371.4758620736748,39307.254049480114,36935.77818740645,36935.778150470665,36178.271486222584,1475.2950873534514,lexicographic,3.6935778150470666e-05,3.617827145004433e-05,False,0.14871430000130204,0.0,1,0
2025-05-21,False,calendar_trend,4,1.0,7,1.0,0,calibrated_quantile,2025-04-23;2025-04-24;2025-04-25;2025-04-26;2025-04-27;2025-04-28;2025-04-29;2025-04-30;2025-05-01;2025-05-02;2025-05-03;2025-05-04;2025-05-05;2025-05-06;2025-05-07;2025-05-08;2025-05-09;2025-05-10;2025-05-11;2025-05-12;2025-05-13;2025-05-14;2025-05-15;2025-05-16;2025-05-17;2025-05-18;2025-05-19;2025-05-20,28,8352.32849885577,2025-04-23;2025-04-24;2025-04-25;2025-04-26;2025-04-27;2025-04-28;2025-04-29;2025-04-30;2025-05-01;2025-05-02;2025-05-03;2025-05-04;2025-05-05;2025-05-06;2025-05-07;2025-05-08;2025-05-09;2025-05-10;2025-05-11;2025-05-12;2025-05-13;2025-05-14;2025-05-15;2025-05-16;2025-05-17;2025-05-18;2025-05-19;2025-05-20,2025-05-07;2025-05-08;2025-05-09;2025-05-10;2025-05-11;2025-05-12;2025-05-13;2025-05-14;2025-05-15;2025-05-16;2025-05-17;2025-05-18;2025-05-19;2025-05-20,,2025-05-20,9515.74796639067,10795.605199312562,10715.74796639067,21.00858147607219,27.881774867340052,40.16303798745207,68.98560705135768,61848.953738989556,810.7857189917949,9478.509854750211,36918.126189718285,3195.3743670965214,40113.500556814804,36918.126189718285,36918.126153306635,36068.856540088935,1488.518444121952,lexicographic,3.691812615330664e-05,3.6068856504020066e-05,False,0.14685340000141878,0.0,1,0
2025-05-22,False,calendar_trend,4,1.0,7,1.0,0,calibrated_quantile,2025-04-24;2025-04-25;2025-04-26;2025-04-27;2025-04-28;2025-04-29;2025-04-30;2025-05-01;2025-05-02;2025-05-03;2025-05-04;2025-05-05;2025-05-06;2025-05-07;2025-05-08;2025-05-09;2025-05-10;2025-05-11;2025-05-12;2025-05-13;2025-05-14;2025-05-15;2025-05-16;2025-05-17;2025-05-18;2025-05-19;2025-05-20;2025-05-21,28,8514.346732391205,2025-04-24;2025-04-25;2025-04-26;2025-04-27;2025-04-28;2025-04-29;2025-04-30;2025-05-01;2025-05-02;2025-05-03;2025-05-04;2025-05-05;2025-05-06;2025-05-07;2025-05-08;2025-05-09;2025-05-10;2025-05-11;2025-05-12;2025-05-13;2025-05-14;2025-05-15;2025-05-16;2025-05-17;2025-05-18;2025-05-19;2025-05-20;2025-05-21,2025-05-08;2025-05-09;2025-05-10;2025-05-11;2025-05-12;2025-05-13;2025-05-14;2025-05-15;2025-05-16;2025-05-17;2025-05-18;2025-05-19;2025-05-20;2025-05-21,,2025-05-21,9435.890733468768,10715.74796639067,10635.890733468768,20.994051234448676,27.485124037176647,15.108422489581471,28.35941407784426,61288.937848582675,100.42289621873404,8781.350419490645,37023.59128359694,377.98637832878995,37401.57766192573,37023.59128359694,37023.59124657334,35551.39512626862,1511.3737696742096,lexicographic,3.702359124657334e-05,3.555139509071723e-05,False,0.15268409999771393,0.0,1,0
2025-05-23,False,calendar_trend,4,1.0,7,1.0,0,calibrated_quantile,2025-04-25;2025-04-26;2025-04-27;2025-04-28;2025-04-29;2025-04-30;2025-05-01;2025-05-02;2025-05-03;2025-05-04;2025-05-05;2025-05-06;2025-05-07;2025-05-08;2025-05-09;2025-05-10;2025-05-11;2025-05-12;2025-05-13;2025-05-14;2025-05-15;2025-05-16;2025-05-17;2025-05-18;2025-05-19;2025-05-20;2025-05-21;2025-05-22,28,8514.087471842431,2025-04-25;2025-04-26;2025-04-27;2025-04-28;2025-04-29;2025-04-30;2025-05-01;2025-05-02;2025-05-03;2025-05-04;2025-05-05;2025-05-06;2025-05-07;2025-05-08;2025-05-09;2025-05-10;2025-05-11;2025-05-12;2025-05-13;2025-05-14;2025-05-15;2025-05-16;2025-05-17;2025-05-18;2025-05-19;2025-05-20;2025-05-21;2025-05-22,2025-05-09;2025-05-10;2025-05-11;2025-05-12;2025-05-13;2025-05-14;2025-05-15;2025-05-16;2025-05-17;2025-05-18;2025-05-19;2025-05-20;2025-05-21;2025-05-22,,2025-05-22,9385.972795349715,10635.890733468768,10585.972795349715,18.85609355099787,24.267084282330355,17.767531325475318,32.96277031870544,28672.97242890084,209.3514299739511,20424.100777835854,14523.666627782999,766.9053514483372,15290.571979231336,14523.666627782999,14523.66661325933,39655.33603973969,1319.4055934775574,lexicographic,1.452366661325933e-05,3.9655336000084356e-05,False,0.16115630000058445,0.0,1,0
2025-05-24,False,calendar_trend,4,1.0,7,1.0,0,calibrated_quantile,2025-04-26;2025-04-27;2025-04-28;2025-04-29;2025-04-30;2025-05-01;2025-05-02;2025-05-03;2025-05-04;2025-05-05;2025-05-06;2025-05-07;2025-05-08;2025-05-09;2025-05-10;2025-05-11;2025-05-12;2025-05-13;2025-05-14;2025-05-15;2025-05-16;2025-05-17;2025-05-18;2025-05-19;2025-05-20;2025-05-21;2025-05-22;2025-05-23,28,8615.66380784265,2025-04-26;2025-04-27;2025-04-28;2025-04-29;2025-04-30;2025-05-01;2025-05-02;2025-05-03;2025-05-04;2025-05-05;2025-05-06;2025-05-07;2025-05-08;2025-05-09;2025-05-10;2025-05-11;2025-05-12;2025-05-13;2025-05-14;2025-05-15;2025-05-16;2025-05-17;2025-05-18;2025-05-19;2025-05-20;2025-05-21;2025-05-22;2025-05-23,2025-05-10;2025-05-11;2025-05-12;2025-05-13;2025-05-14;2025-05-15;2025-05-16;2025-05-17;2025-05-18;2025-05-19;2025-05-20;2025-05-21;2025-05-22;2025-05-23,,2025-05-23,9336.054857230654,10585.972795349715,10536.054857230654,19.726025494688365,24.875985357651185,31.0099838072729,51.65843951380241,28925.40260184136,192.8397979607032,23331.72863209917,14644.197403650487,872.0601170537487,15516.257520704236,14644.197403650487,14644.197389006285,39555.361586355124,1331.0356734888815,lexicographic,1.4644197389006286e-05,3.955536154679978e-05,False,0.19259089999832213,0.0,1,0
2025-05-25,False,calendar_trend,4,1.0,7,1.0,0,calibrated_quantile,2025-04-27;2025-04-28;2025-04-29;2025-04-30;2025-05-01;2025-05-02;2025-05-03;2025-05-04;2025-05-05;2025-05-06;2025-05-07;2025-05-08;2025-05-09;2025-05-10;2025-05-11;2025-05-12;2025-05-13;2025-05-14;2025-05-15;2025-05-16;2025-05-17;2025-05-18;2025-05-19;2025-05-20;2025-05-21;2025-05-22;2025-05-23;2025-05-24,28,8701.388998086753,2025-04-27;2025-04-28;2025-04-29;2025-04-30;2025-05-01;2025-05-02;2025-05-03;2025-05-04;2025-05-05;2025-05-06;2025-05-07;2025-05-08;2025-05-09;2025-05-10;2025-05-11;2025-05-12;2025-05-13;2025-05-14;2025-05-15;2025-05-16;2025-05-17;2025-05-18;2025-05-19;2025-05-20;2025-05-21;2025-05-22;2025-05-23;2025-05-24,2025-05-11;2025-05-12;2025-05-13;2025-05-14;2025-05-15;2025-05-16;2025-05-17;2025-05-18;2025-05-19;2025-05-20;2025-05-21;2025-05-22;2025-05-23;2025-05-24,,2025-05-24,9286.136919111608,10536.054857230654,10486.136919111608,26.093505531480567,32.69871561917475,21.34993946923431,40.33062236994685,60261.02338906108,374.6272455928086,10245.158990341546,36007.10670644355,1845.2544883633823,37852.36119480693,36007.106706443556,36007.10667043645,36011.27404193458,1472.8497150553878,lexicographic,3.600710667043645e-05,3.6011274005923316e-05,False,0.18497339999885298,0.0,1,0
2025-05-26,False,calendar_trend,4,1.0,7,1.0,0,calibrated_quantile,2025-04-28;2025-04-29;2025-04-30;2025-05-01;2025-05-02;2025-05-03;2025-05-04;2025-05-05;2025-05-06;2025-05-07;2025-05-08;2025-05-09;2025-05-10;2025-05-11;2025-05-12;2025-05-13;2025-05-14;2025-05-15;2025-05-16;2025-05-17;2025-05-18;2025-05-19;2025-05-20;2025-05-21;2025-05-22;2025-05-23;2025-05-24;2025-05-25,28,8632.154456981536,2025-04-28;2025-04-29;2025-04-30;2025-05-01;2025-05-02;2025-05-03;2025-05-04;2025-05-05;2025-05-06;2025-05-07;2025-05-08;2025-05-09;2025-05-10;2025-05-11;2025-05-12;2025-05-13;2025-05-14;2025-05-15;2025-05-16;2025-05-17;2025-05-18;2025-05-19;2025-05-20;2025-05-21;2025-05-22;2025-05-23;2025-05-24;2025-05-25,2025-05-12;2025-05-13;2025-05-14;2025-05-15;2025-05-16;2025-05-17;2025-05-18;2025-05-19;2025-05-20;2025-05-21;2025-05-22;2025-05-23;2025-05-24;2025-05-25,,2025-05-25,9236.21898099254,10486.136919111608,10436.21898099254,23.265300681259866,29.882591861787823,41.87634658712969,79.55235596288404,59804.911278451036,1972.39739361289,5356.349875558668,35700.70495576761,7175.832090540944,42876.53704630855,35700.70495576761,35700.70492006689,35928.51736693341,1455.9047272380008,lexicographic,3.570070492006689e-05,3.5928517331004904e-05,False,0.1893800000034389,0.0,1,0
2025-05-27,False,calendar_trend,4,1.0,7,1.0,0,calibrated_quantile,2025-04-29;2025-04-30;2025-05-01;2025-05-02;2025-05-03;2025-05-04;2025-05-05;2025-05-06;2025-05-07;2025-05-08;2025-05-09;2025-05-10;2025-05-11;2025-05-12;2025-05-13;2025-05-14;2025-05-15;2025-05-16;2025-05-17;2025-05-18;2025-05-19;2025-05-20;2025-05-21;2025-05-22;2025-05-23;2025-05-24;2025-05-25;2025-05-26,28,8363.58236591025,2025-04-29;2025-04-30;2025-05-01;2025-05-02;2025-05-03;2025-05-04;2025-05-05;2025-05-06;2025-05-07;2025-05-08;2025-05-09;2025-05-10;2025-05-11;2025-05-12;2025-05-13;2025-05-14;2025-05-15;2025-05-16;2025-05-17;2025-05-18;2025-05-19;2025-05-20;2025-05-21;2025-05-22;2025-05-23;2025-05-24;2025-05-25;2025-05-26,2025-05-13;2025-05-14;2025-05-15;2025-05-16;2025-05-17;2025-05-18;2025-05-19;2025-05-20;2025-05-21;2025-05-22;2025-05-23;2025-05-24;2025-05-25;2025-05-26,,2025-05-26,9186.301042873487,10436.21898099254,10386.301042873487,21.475668197670423,26.241046419716334,22.072773076180773,38.99803750483202,60306.84350423506,221.72961444436453,9299.010443859283,36005.8740005826,758.2650626552689,36764.13906323787,36005.8740005826,36005.87396457671,35891.83840491601,1501.3880759416857,lexicographic,3.600587396457671e-05,3.5891838369024166e-05,False,0.17323119999855408,0.0,1,0
2025-05-28,False,calendar_trend,4,1.0,7,1.0,0,calibrated_quantile,2025-04-30;2025-05-01;2025-05-02;2025-05-03;2025-05-04;2025-05-05;2025-05-06;2025-05-07;2025-05-08;2025-05-09;2025-05-10;2025-05-11;2025-05-12;2025-05-13;2025-05-14;2025-05-15;2025-05-16;2025-05-17;2025-05-18;2025-05-19;2025-05-20;2025-05-21;2025-05-22;2025-05-23;2025-05-24;2025-05-25;2025-05-26;2025-05-27,28,8372.490804351193,2025-04-30;2025-05-01;2025-05-02;2025-05-03;2025-05-04;2025-05-05;2025-05-06;2025-05-07;2025-05-08;2025-05-09;2025-05-10;2025-05-11;2025-05-12;2025-05-13;2025-05-14;2025-05-15;2025-05-16;2025-05-17;2025-05-18;2025-05-19;2025-05-20;2025-05-21;2025-05-22;2025-05-23;2025-05-24;2025-05-25;2025-05-26;2025-05-27,2025-05-14;2025-05-15;2025-05-16;2025-05-17;2025-05-18;2025-05-19;2025-05-20;2025-05-21;2025-05-22;2025-05-23;2025-05-24;2025-05-25;2025-05-26;2025-05-27,,2025-05-27,9136.383104754434,10386.301042873487,10336.383104754434,21.977022199078018,28.05218292202858,41.04388931686013,68.60795319936906,60093.591112564005,1163.0510864657772,7164.207133841415,35868.65770960051,3989.7481603892775,39858.40586998979,35868.65770960052,35868.65767373184,35500.7346219122,1485.7148570275504,lexicographic,3.586865767373184e-05,3.550073458641147e-05,False,0.1813094999997702,0.0,1,0
2025-05-29,False,calendar_trend,4,1.0,7,1.0,0,calibrated_quantile,2025-05-01;2025-05-02;2025-05-03;2025-05-04;2025-05-05;2025-05-06;2025-05-07;2025-05-08;2025-05-09;2025-05-10;2025-05-11;2025-05-12;2025-05-13;2025-05-14;2025-05-15;2025-05-16;2025-05-17;2025-05-18;2025-05-19;2025-05-20;2025-05-21;2025-05-22;2025-05-23;2025-05-24;2025-05-25;2025-05-26;2025-05-27;2025-05-28,28,8493.120460679773,2025-05-01;2025-05-02;2025-05-03;2025-05-04;2025-05-05;2025-05-06;2025-05-07;2025-05-08;2025-05-09;2025-05-10;2025-05-11;2025-05-12;2025-05-13;2025-05-14;2025-05-15;2025-05-16;2025-05-17;2025-05-18;2025-05-19;2025-05-20;2025-05-21;2025-05-22;2025-05-23;2025-05-24;2025-05-25;2025-05-26;2025-05-27;2025-05-28,2025-05-15;2025-05-16;2025-05-17;2025-05-18;2025-05-19;2025-05-20;2025-05-21;2025-05-22;2025-05-23;2025-05-24;2025-05-25;2025-05-26;2025-05-27;2025-05-28,,2025-05-28,9086.465166635382,10336.383104754434,10286.465166635382,23.57851666236373,31.073282470042923,25.4624449328945,47.68032137606391,60755.5806304404,878.6628952097783,5680.160513130518,36473.848097960756,3803.3549459328306,40277.20304389358,36473.848097960756,36473.848061486904,35982.357021206975,1501.196124713169,lexicographic,3.647384806148691e-05,3.598235698522463e-05,False,0.17537150000134716,0.0,1,0
2025-05-30,False,calendar_trend,4,1.0,7,1.0,0,calibrated_quantile,2025-05-02;2025-05-03;2025-05-04;2025-05-05;2025-05-06;2025-05-07;2025-05-08;2025-05-09;2025-05-10;2025-05-11;2025-05-12;2025-05-13;2025-05-14;2025-05-15;2025-05-16;2025-05-17;2025-05-18;2025-05-19;2025-05-20;2025-05-21;2025-05-22;2025-05-23;2025-05-24;2025-05-25;2025-05-26;2025-05-27;2025-05-28;2025-05-29,28,8557.676657221087,2025-05-02;2025-05-03;2025-05-04;2025-05-05;2025-05-06;2025-05-07;2025-05-08;2025-05-09;2025-05-10;2025-05-11;2025-05-12;2025-05-13;2025-05-14;2025-05-15;2025-05-16;2025-05-17;2025-05-18;2025-05-19;2025-05-20;2025-05-21;2025-05-22;2025-05-23;2025-05-24;2025-05-25;2025-05-26;2025-05-27;2025-05-28;2025-05-29,2025-05-16;2025-05-17;2025-05-18;2025-05-19;2025-05-20;2025-05-21;2025-05-22;2025-05-23;2025-05-24;2025-05-25;2025-05-26;2025-05-27;2025-05-28;2025-05-29,,2025-05-29,9036.547228516327,10286.465166635382,10236.547228516327,20.21292800504459,25.333020100817727,35.788178476108584,65.10815607679147,29279.71045450902,805.1193995108026,21488.155080305765,15007.72037700013,3102.1696635907124,18109.890040590843,15007.720377000132,15007.720361992406,38955.51491723371,1314.4602282716562,lexicographic,1.5007720361992407e-05,3.89555148782782e-05,False,0.24793090000093798,0.0,1,0
2025-05-31,False,calendar_trend,4,1.0,7,1.0,0,calibrated_quantile,2025-05-03;2025-05-04;2025-05-05;2025-05-06;2025-05-07;2025-05-08;2025-05-09;2025-05-10;2025-05-11;2025-05-12;2025-05-13;2025-05-14;2025-05-15;2025-05-16;2025-05-17;2025-05-18;2025-05-19;2025-05-20;2025-05-21;2025-05-22;2025-05-23;2025-05-24;2025-05-25;2025-05-26;2025-05-27;2025-05-28;2025-05-29;2025-05-30,28,8066.481315652476,2025-05-03;2025-05-04;2025-05-05;2025-05-06;2025-05-07;2025-05-08;2025-05-09;2025-05-10;2025-05-11;2025-05-12;2025-05-13;2025-05-14;2025-05-15;2025-05-16;2025-05-17;2025-05-18;2025-05-19;2025-05-20;2025-05-21;2025-05-22;2025-05-23;2025-05-24;2025-05-25;2025-05-26;2025-05-27;2025-05-28;2025-05-29;2025-05-30,2025-05-17;2025-05-18;2025-05-19;2025-05-20;2025-05-21;2025-05-22;2025-05-23;2025-05-24;2025-05-25;2025-05-26;2025-05-27;2025-05-28;2025-05-29;2025-05-30,,2025-05-30,8986.62929039726,10236.547228516327,10186.62929039726,23.873324003493376,30.757514872767633,29.54190576794051,56.0933761907972,29542.122098802687,842.4216509186518,20000.182506413403,15205.462044475225,3210.9973834887373,18416.459427963964,15205.462044475225,15205.462029269762,38855.54045618427,1328.9153599886822,lexicographic,1.5205462029269764e-05,3.885554041732873e-05,False,0.20799869999973453,0.0,1,0
2025-06-01,False,calendar_trend,4,1.0,7,1.0,0,calibrated_quantile,2025-05-04;2025-05-05;2025-05-06;2025-05-07;2025-05-08;2025-05-09;2025-05-10;2025-05-11;2025-05-12;2025-05-13;2025-05-14;2025-05-15;2025-05-16;2025-05-17;2025-05-18;2025-05-19;2025-05-20;2025-05-21;2025-05-22;2025-05-23;2025-05-24;2025-05-25;2025-05-26;2025-05-27;2025-05-28;2025-05-29;2025-05-30;2025-05-31,28,8084.845570874661,2025-05-04;2025-05-05;2025-05-06;2025-05-07;2025-05-08;2025-05-09;2025-05-10;2025-05-11;2025-05-12;2025-05-13;2025-05-14;2025-05-15;2025-05-16;2025-05-17;2025-05-18;2025-05-19;2025-05-20;2025-05-21;2025-05-22;2025-05-23;2025-05-24;2025-05-25;2025-05-26;2025-05-27;2025-05-28;2025-05-29;2025-05-30;2025-05-31,2025-05-18;2025-05-19;2025-05-20;2025-05-21;2025-05-22;2025-05-23;2025-05-24;2025-05-25;2025-05-26;2025-05-27;2025-05-28;2025-05-29;2025-05-30;2025-05-31,,2025-05-31,8936.711352278206,10186.62929039726,10136.711352278206,61.93206236784626,77.47704753836669,74.53968043249104,138.03620574913572,62339.85361874072,11892.547188675813,1112.2618776929226,37260.601111485805,45702.917250452476,82963.51836193827,37260.601111485805,37260.60107422521,36958.066248081945,1465.0381843807368,lexicographic,3.7260601074225216e-05,3.695806621112387e-05,False,0.1675660999972024,0.0,1,0
2025-06-02,False,calendar_trend,4,1.0,7,1.0,0,calibrated_quantile,2025-05-05;2025-05-06;2025-05-07;2025-05-08;2025-05-09;2025-05-10;2025-05-11;2025-05-12;2025-05-13;2025-05-14;2025-05-15;2025-05-16;2025-05-17;2025-05-18;2025-05-19;2025-05-20;2025-05-21;2025-05-22;2025-05-23;2025-05-24;2025-05-25;2025-05-26;2025-05-27;2025-05-28;2025-05-29;2025-05-30;2025-05-31;2025-06-01,28,8913.84773484287,2025-05-05;2025-05-06;2025-05-07;2025-05-08;2025-05-09;2025-05-10;2025-05-11;2025-05-12;2025-05-13;2025-05-14;2025-05-15;2025-05-16;2025-05-17;2025-05-18;2025-05-19;2025-05-20;2025-05-21;2025-05-22;2025-05-23;2025-05-24;2025-05-25;2025-05-26;2025-05-27;2025-05-28;2025-05-29;2025-05-30;2025-05-31;2025-06-01,2025-05-19;2025-05-20;2025-05-21;2025-05-22;2025-05-23;2025-05-24;2025-05-25;2025-05-26;2025-05-27;2025-05-28;2025-05-29;2025-05-30;2025-05-31;2025-06-01,,2025-06-01,9385.972795349715,10136.711352278206,10585.972795349715,49.987952762549156,61.049904350839775,54.97109100248338,87.76219500501652,68548.8833146486,6435.506057753907,3827.2092326495285,41026.583634203096,26544.23769028097,67570.82132448407,41026.583634203096,41026.583593176496,39286.94455530644,1486.3307549842775,lexicographic,4.10265835931765e-05,3.92869445160195e-05,False,0.1284760999988066,0.0,1,0
2025-06-03,False,calendar_trend,4,1.0,7,1.0,0,calibrated_quantile,2025-05-06;2025-05-07;2025-05-08;2025-05-09;2025-05-10;2025-05-11;2025-05-12;2025-05-13;2025-05-14;2025-05-15;2025-05-16;2025-05-17;2025-05-18;2025-05-19;2025-05-20;2025-05-21;2025-05-22;2025-05-23;2025-05-24;2025-05-25;2025-05-26;2025-05-27;2025-05-28;2025-05-29;2025-05-30;2025-05-31;2025-06-01;2025-06-02,28,9571.984987322481,2025-05-06;2025-05-07;2025-05-08;2025-05-09;2025-05-10;2025-05-11;2025-05-12;2025-05-13;2025-05-14;2025-05-15;2025-05-16;2025-05-17;2025-05-18;2025-05-19;2025-05-20;2025-05-21;2025-05-22;2025-05-23;2025-05-24;2025-05-25;2025-05-26;2025-05-27;2025-05-28;2025-05-29;2025-05-30;2025-05-31;2025-06-01;2025-06-02,2025-05-20;2025-05-21;2025-05-22;2025-05-23;2025-05-24;2025-05-25;2025-05-26;2025-05-27;2025-05-28;2025-05-29;2025-05-30;2025-05-31;2025-06-01;2025-06-02,,2025-06-02,9600.0,10585.972795349715,10800.0,37.97231681061336,48.93765168526848,28.40897174136232,48.488390097333976,72637.4041750175,1797.130544262314,3849.111022435465,44065.38513631533,7844.976997460239,51910.36213377557,44065.38513631533,44065.38509224993,41407.199719106175,1519.1242410760997,lexicographic,4.406538509224994e-05,4.140719967769897e-05,False,0.1678280000014638,0.0,1,0
2025-06-04,False,calendar_trend,4,1.0,7,1.0,0,calibrated_quantile,2025-05-07;2025-05-08;2025-05-09;2025-05-10;2025-05-11;2025-05-12;2025-05-13;2025-05-14;2025-05-15;2025-05-16;2025-05-17;2025-05-18;2025-05-19;2025-05-20;2025-05-21;2025-05-22;2025-05-23;2025-05-24;2025-05-25;2025-05-26;2025-05-27;2025-05-28;2025-05-29;2025-05-30;2025-05-31;2025-06-01;2025-06-02;2025-06-03,28,9920.855151903064,2025-05-07;2025-05-08;2025-05-09;2025-05-10;2025-05-11;2025-05-12;2025-05-13;2025-05-14;2025-05-15;2025-05-16;2025-05-17;2025-05-18;2025-05-19;2025-05-20;2025-05-21;2025-05-22;2025-05-23;2025-05-24;2025-05-25;2025-05-26;2025-05-27;2025-05-28;2025-05-29;2025-05-30;2025-05-31;2025-06-01;2025-06-02;2025-06-03,2025-05-21;2025-05-22;2025-05-23;2025-05-24;2025-05-25;2025-05-26;2025-05-27;2025-05-28;2025-05-29;2025-05-30;2025-05-31;2025-06-01;2025-06-02;2025-06-03,,2025-06-03,9600.0,10800.0,10800.0,32.78942643504754,42.05780268455005,25.16848664667971,56.344922944218766,76242.66566975697,1366.4671132287174,5700.338660803467,46702.71078027942,4195.40018501901,50898.11096529843,46702.71078027942,46702.71073357673,43007.13280479576,1574.0176273727066,lexicographic,4.670271073357673e-05,4.300713276178862e-05,False,0.14189509999778238,0.0,1,0
2025-06-05,False,calendar_trend,4,1.0,7,1.0,0,calibrated_quantile,2025-05-08;2025-05-09;2025-05-10;2025-05-11;2025-05-12;2025-05-13;2025-05-14;2025-05-15;2025-05-16;2025-05-17;2025-05-18;2025-05-19;2025-05-20;2025-05-21;2025-05-22;2025-05-23;2025-05-24;2025-05-25;2025-05-26;2025-05-27;2025-05-28;2025-05-29;2025-05-30;2025-05-31;2025-06-01;2025-06-02;2025-06-03;2025-06-04,28,10381.43142048543,2025-05-08;2025-05-09;2025-05-10;2025-05-11;2025-05-12;2025-05-13;2025-05-14;2025-05-15;2025-05-16;2025-05-17;2025-05-18;2025-05-19;2025-05-20;2025-05-21;2025-05-22;2025-05-23;2025-05-24;2025-05-25;2025-05-26;2025-05-27;2025-05-28;2025-05-29;2025-05-30;2025-05-31;2025-06-01;2025-06-02;2025-06-03;2025-06-04,2025-05-22;2025-05-23;2025-05-24;2025-05-25;2025-05-26;2025-05-27;2025-05-28;2025-05-29;2025-05-30;2025-05-31;2025-06-01;2025-06-02;2025-06-03;2025-06-04,,2025-06-04,9600.0,10800.0,10800.0,26.119232835528297,32.296498630956734,28.225181961962967,50.40403676413983,79240.91499205501,723.0143868197019,6444.339850579483,48869.71687964641,2456.3734686853168,51326.09034833172,48869.7168796464,48869.71683077668,45035.15872094268,1568.7099000731969,lexicographic,4.886971683077668e-05,4.503515867590751e-05,False,0.13232760000028065,0.0,1,0
2025-06-06,False,calendar_trend,4,1.0,7,1.0,0,calibrated_quantile,2025-05-09;2025-05-10;2025-05-11;2025-05-12;2025-05-13;2025-05-14;2025-05-15;2025-05-16;2025-05-17;2025-05-18;2025-05-19;2025-05-20;2025-05-21;2025-05-22;2025-05-23;2025-05-24;2025-05-25;2025-05-26;2025-05-27;2025-05-28;2025-05-29;2025-05-30;2025-05-31;2025-06-01;2025-06-02;2025-06-03;2025-06-04;2025-06-05,28,10511.552086530815,2025-05-09;2025-05-10;2025-05-11;2025-05-12;2025-05-13;2025-05-14;2025-05-15;2025-05-16;2025-05-17;2025-05-18;2025-05-19;2025-05-20;2025-05-21;2025-05-22;2025-05-23;2025-05-24;2025-05-25;2025-05-26;2025-05-27;2025-05-28;2025-05-29;2025-05-30;2025-05-31;2025-06-01;2025-06-02;2025-06-03;2025-06-04;2025-06-05,2025-05-23;2025-05-24;2025-05-25;2025-05-26;2025-05-27;2025-05-28;2025-05-29;2025-05-30;2025-05-31;2025-06-01;2025-06-02;2025-06-03;2025-06-04;2025-06-05,,2025-06-05,9600.0,10800.0,10800.0,31.84299577331398,39.75852556819373,45.954961407282454,79.31407052279603,36282.597695446486,2005.224325570512,5325.635683494915,20105.328187133855,8159.979167622259,28265.307354756114,20105.328187133855,20105.32816702853,40036.627812919534,1429.541658271451,lexicographic,2.010532816702853e-05,4.0036627772882907e-05,False,0.22790420000092126,0.0,1,0
2025-06-07,False,calendar_trend,4,1.0,7,1.0,0,calibrated_quantile,2025-05-10;2025-05-11;2025-05-12;2025-05-13;2025-05-14;2025-05-15;2025-05-16;2025-05-17;2025-05-18;2025-05-19;2025-05-20;2025-05-21;2025-05-22;2025-05-23;2025-05-24;2025-05-25;2025-05-26;2025-05-27;2025-05-28;2025-05-29;2025-05-30;2025-05-31;2025-06-01;2025-06-02;2025-06-03;2025-06-04;2025-06-05;2025-06-06,28,11173.043267612233,2025-05-10;2025-05-11;2025-05-12;2025-05-13;2025-05-14;2025-05-15;2025-05-16;2025-05-17;2025-05-18;2025-05-19;2025-05-20;2025-05-21;2025-05-22;2025-05-23;2025-05-24;2025-05-25;2025-05-26;2025-05-27;2025-05-28;2025-05-29;2025-05-30;2025-05-31;2025-06-01;2025-06-02;2025-06-03;2025-06-04;2025-06-05;2025-06-06,2025-05-24;2025-05-25;2025-05-26;2025-05-27;2025-05-28;2025-05-29;2025-05-30;2025-05-31;2025-06-01;2025-06-02;2025-06-03;2025-06-04;2025-06-05;2025-06-06,,2025-06-06,9600.0,10800.0,10800.0,27.727353074927287,35.843507619257,30.69348249834014,58.37510377749572,39076.55548886515,904.1846896437877,6747.036082599559,22252.033262951736,4033.7935199364683,26285.826782888205,22252.033262951736,22252.033240699704,40036.627655611635,1633.811618983511,lexicographic,2.2252033240699706e-05,4.0036627615575004e-05,False,0.18882769999981974,1.6348972553383252e-16,1,0
2025-06-08,False,calendar_trend,4,1.0,7,1.0,0,calibrated_quantile,2025-05-11;2025-05-12;2025-05-13;2025-05-14;2025-05-15;2025-05-16;2025-05-17;2025-05-18;2025-05-19;2025-05-20;2025-05-21;2025-05-22;2025-05-23;2025-05-24;2025-05-25;2025-05-26;2025-05-27;2025-05-28;2025-05-29;2025-05-30;2025-05-31;2025-06-01;2025-06-02;2025-06-03;2025-06-04;2025-06-05;2025-06-06;2025-06-07,28,11407.95122991954,2025-05-11;2025-05-12;2025-05-13;2025-05-14;2025-05-15;2025-05-16;2025-05-17;2025-05-18;2025-05-19;2025-05-20;2025-05-21;2025-05-22;2025-05-23;2025-05-24;2025-05-25;2025-05-26;2025-05-27;2025-05-28;2025-05-29;2025-05-30;2025-05-31;2025-06-01;2025-06-02;2025-06-03;2025-06-04;2025-06-05;2025-06-06;2025-06-07,2025-05-25;2025-05-26;2025-05-27;2025-05-28;2025-05-29;2025-05-30;2025-05-31;2025-06-01;2025-06-02;2025-06-03;2025-06-04;2025-06-05;2025-06-06;2025-06-07,,2025-06-07,9600.0,10800.0,10800.0,46.21118438699661,58.79555588824543,65.97809237738831,110.9620298798942,94413.44153868867,0.0,26633.256356059923,60265.185008955916,0.0,60265.185008955916,60265.185008955916,60265.18494869073,49309.97640327961,1679.442445840871,lexicographic,6.0265184948690734e-05,4.9309976353969615e-05,False,0.1180607999995118,0.0,1,0
2025-06-09,False,calendar_trend,4,1.0,7,1.0,0,calibrated_quantile,2025-05-12;2025-05-13;2025-05-14;2025-05-15;2025-05-16;2025-05-17;2025-05-18;2025-05-19;2025-05-20;2025-05-21;2025-05-22;2025-05-23;2025-05-24;2025-05-25;2025-05-26;2025-05-27;2025-05-28;2025-05-29;2025-05-30;2025-05-31;2025-06-01;2025-06-02;2025-06-03;2025-06-04;2025-06-05;2025-06-06;2025-06-07;2025-06-08,28,11357.034839301745,2025-05-12;2025-05-13;2025-05-14;2025-05-15;2025-05-16;2025-05-17;2025-05-18;2025-05-19;2025-05-20;2025-05-21;2025-05-22;2025-05-23;2025-05-24;2025-05-25;2025-05-26;2025-05-27;2025-05-28;2025-05-29;2025-05-30;2025-05-31;2025-06-01;2025-06-02;2025-06-03;2025-06-04;2025-06-05;2025-06-06;2025-06-07;2025-06-08,2025-05-26;2025-05-27;2025-05-28;2025-05-29;2025-05-30;2025-05-31;2025-06-01;2025-06-02;2025-06-03;2025-06-04;2025-06-05;2025-06-06;2025-06-07;2025-06-08,,2025-06-08,9600.0,10800.0,10800.0,46.577995004090695,59.12734724262329,30.579842019648122,53.4647076717581,92560.29751427352,109.35602226807714,19141.678881085827,58896.35062399938,239.35784730911615,59135.7084713085,58896.35062399938,58896.35056510304,49309.97652032657,1673.9383621538827,lexicographic,5.889635056510305e-05,4.930997647101658e-05,False,0.11905210000259103,0.0,1,0
2025-06-10,False,calendar_trend,4,1.0,7,1.0,0,calibrated_quantile,2025-05-13;2025-05-14;2025-05-15;2025-05-16;2025-05-17;2025-05-18;2025-05-19;2025-05-20;2025-05-21;2025-05-22;2025-05-23;2025-05-24;2025-05-25;2025-05-26;2025-05-27;2025-05-28;2025-05-29;2025-05-30;2025-05-31;2025-06-01;2025-06-02;2025-06-03;2025-06-04;2025-06-05;2025-06-06;2025-06-07;2025-06-08;2025-06-09,28,11272.349788545223,2025-05-13;2025-05-14;2025-05-15;2025-05-16;2025-05-17;2025-05-18;2025-05-19;2025-05-20;2025-05-21;2025-05-22;2025-05-23;2025-05-24;2025-05-25;2025-05-26;2025-05-27;2025-05-28;2025-05-29;2025-05-30;2025-05-31;2025-06-01;2025-06-02;2025-06-03;2025-06-04;2025-06-05;2025-06-06;2025-06-07;2025-06-08;2025-06-09,2025-05-27;2025-05-28;2025-05-29;2025-05-30;2025-05-31;2025-06-01;2025-06-02;2025-06-03;2025-06-04;2025-06-05;2025-06-06;2025-06-07;2025-06-08;2025-06-09,,2025-06-09,9600.0,10800.0,10800.0,51.82268987038013,64.09989220762792,23.92727057564855,40.86829457049993,93100.36325915795,43.78748667611465,18930.444592580938,59385.77221443924,117.09320808131437,59502.865422520554,59385.77221443925,59385.77215505348,49309.97647847647,1673.2755934991837,lexicographic,5.938577215505348e-05,4.9309976429166476e-05,False,0.13582099999985076,0.0,1,0
2025-06-11,False,calendar_trend,4,1.0,7,1.0,0,calibrated_quantile,2025-05-14;2025-05-15;2025-05-16;2025-05-17;2025-05-18;2025-05-19;2025-05-20;2025-05-21;2025-05-22;2025-05-23;2025-05-24;2025-05-25;2025-05-26;2025-05-27;2025-05-28;2025-05-29;2025-05-30;2025-05-31;2025-06-01;2025-06-02;2025-06-03;2025-06-04;2025-06-05;2025-06-06;2025-06-07;2025-06-08;2025-06-09;2025-06-10,28,11277.113738985714,2025-05-14;2025-05-15;2025-05-16;2025-05-17;2025-05-18;2025-05-19;2025-05-20;2025-05-21;2025-05-22;2025-05-23;2025-05-24;2025-05-25;2025-05-26;2025-05-27;2025-05-28;2025-05-29;2025-05-30;2025-05-31;2025-06-01;2025-06-02;2025-06-03;2025-06-04;2025-06-05;2025-06-06;2025-06-07;2025-06-08;2025-06-09;2025-06-10,2025-05-28;2025-05-29;2025-05-30;2025-05-31;2025-06-01;2025-06-02;2025-06-03;2025-06-04;2025-06-05;2025-06-06;2025-06-07;2025-06-08;2025-06-09;2025-06-10,,2025-06-10,9600.0,10800.0,10800.0,41.03886311293229,51.90612572761732,26.66756403426263,54.63897672381183,92692.28624995262,736.9879509900395,14749.565961443648,58738.590986428055,3589.744794748578,62328.33578117663,58738.590986428055,58738.59092768945,49309.97653381496,1678.5763407099203,lexicographic,5.873859092768946e-05,4.9309976484504975e-05,False,0.1212119999981951,0.0,1,0
2025-06-12,False,calendar_trend,4,1.0,7,1.0,0,calibrated_quantile,2025-05-15;2025-05-16;2025-05-17;2025-05-18;2025-05-19;2025-05-20;2025-05-21;2025-05-22;2025-05-23;2025-05-24;2025-05-25;2025-05-26;2025-05-27;2025-05-28;2025-05-29;2025-05-30;2025-05-31;2025-06-01;2025-06-02;2025-06-03;2025-06-04;2025-06-05;2025-06-06;2025-06-07;2025-06-08;2025-06-09;2025-06-10;2025-06-11,28,11428.195090932932,2025-05-15;2025-05-16;2025-05-17;2025-05-18;2025-05-19;2025-05-20;2025-05-21;2025-05-22;2025-05-23;2025-05-24;2025-05-25;2025-05-26;2025-05-27;2025-05-28;2025-05-29;2025-05-30;2025-05-31;2025-06-01;2025-06-02;2025-06-03;2025-06-04;2025-06-05;2025-06-06;2025-06-07;2025-06-08;2025-06-09;2025-06-10;2025-06-11,2025-05-29;2025-05-30;2025-05-31;2025-06-01;2025-06-02;2025-06-03;2025-06-04;2025-06-05;2025-06-06;2025-06-07;2025-06-08;2025-06-09;2025-06-10;2025-06-11,,2025-06-11,9600.0,10800.0,10800.0,41.83702077523368,51.682643980158886,19.43991085884727,34.412325962180894,92938.48498386696,32.09025138986884,17922.921880873073,59134.52902843749,69.86831694335986,59204.39734538085,59134.52902843749,59134.52896930295,49309.97649995813,1669.8555893633536,lexicographic,5.913452896930295e-05,4.930997645064814e-05,False,0.12199170000167214,0.0,1,0
2025-06-13,False,calendar_trend,4,1.0,7,1.0,0,calibrated_quantile,2025-05-16;2025-05-17;2025-05-18;2025-05-19;2025-05-20;2025-05-21;2025-05-22;2025-05-23;2025-05-24;2025-05-25;2025-05-26;2025-05-27;2025-05-28;2025-05-29;2025-05-30;2025-05-31;2025-06-01;2025-06-02;2025-06-03;2025-06-04;2025-06-05;2025-06-06;2025-06-07;2025-06-08;2025-06-09;2025-06-10;2025-06-11;2025-06-12,28,11373.563176134026,2025-05-16;2025-05-17;2025-05-18;2025-05-19;2025-05-20;2025-05-21;2025-05-22;2025-05-23;2025-05-24;2025-05-25;2025-05-26;2025-05-27;2025-05-28;2025-05-29;2025-05-30;2025-05-31;2025-06-01;2025-06-02;2025-06-03;2025-06-04;2025-06-05;2025-06-06;2025-06-07;2025-06-08;2025-06-09;2025-06-10;2025-06-11;2025-06-12,2025-05-30;2025-05-31;2025-06-01;2025-06-02;2025-06-03;2025-06-04;2025-06-05;2025-06-06;2025-06-07;2025-06-08;2025-06-09;2025-06-10;2025-06-11;2025-06-12,,2025-06-12,9600.0,10800.0,10800.0,22.955880006127128,30.061370352927486,32.96009654434545,58.93767148883976,42848.95706747962,275.4971566279567,12894.23455270105,24555.959377517876,1437.3807489671385,25993.340126485014,24555.959377517876,24555.959352961923,35813.213456724,1460.176228457376,lexicographic,2.4555959352961924e-05,3.581321345672292e-05,False,0.2806544999984908,0.0,1,0
2025-06-14,False,calendar_trend,4,1.0,7,1.0,0,calibrated_quantile,2025-05-17;2025-05-18;2025-05-19;2025-05-20;2025-05-21;2025-05-22;2025-05-23;2025-05-24;2025-05-25;2025-05-26;2025-05-27;2025-05-28;2025-05-29;2025-05-30;2025-05-31;2025-06-01;2025-06-02;2025-06-03;2025-06-04;2025-06-05;2025-06-06;2025-06-07;2025-06-08;2025-06-09;2025-06-10;2025-06-11;2025-06-12;2025-06-13,28,11459.569717767143,2025-05-17;2025-05-18;2025-05-19;2025-05-20;2025-05-21;2025-05-22;2025-05-23;2025-05-24;2025-05-25;2025-05-26;2025-05-27;2025-05-28;2025-05-29;2025-05-30;2025-05-31;2025-06-01;2025-06-02;2025-06-03;2025-06-04;2025-06-05;2025-06-06;2025-06-07;2025-06-08;2025-06-09;2025-06-10;2025-06-11;2025-06-12;2025-06-13,2025-05-31;2025-06-01;2025-06-02;2025-06-03;2025-06-04;2025-06-05;2025-06-06;2025-06-07;2025-06-08;2025-06-09;2025-06-10;2025-06-11;2025-06-12;2025-06-13,,2025-06-13,9600.0,10800.0,10800.0,20.97958338839901,28.42535065372669,30.61106497296708,52.42186007458685,43024.98027088273,15.54826986489661,14941.024700719548,24800.005107592682,32.97010624851326,24832.975213841197,24800.005107592686,24800.005082792675,36217.060710533435,1651.5146534931337,lexicographic,2.4800005082792676e-05,3.621706067431637e-05,False,0.21732189999966067,0.0,1,0
2025-06-15,False,calendar_trend,4,1.0,7,1.0,0,calibrated_quantile,2025-05-18;2025-05-19;2025-05-20;2025-05-21;2025-05-22;2025-05-23;2025-05-24;2025-05-25;2025-05-26;2025-05-27;2025-05-28;2025-05-29;2025-05-30;2025-05-31;2025-06-01;2025-06-02;2025-06-03;2025-06-04;2025-06-05;2025-06-06;2025-06-07;2025-06-08;2025-06-09;2025-06-10;2025-06-11;2025-06-12;2025-06-13;2025-06-14,28,11261.626205100269,2025-05-18;2025-05-19;2025-05-20;2025-05-21;2025-05-22;2025-05-23;2025-05-24;2025-05-25;2025-05-26;2025-05-27;2025-05-28;2025-05-29;2025-05-30;2025-05-31;2025-06-01;2025-06-02;2025-06-03;2025-06-04;2025-06-05;2025-06-06;2025-06-07;2025-06-08;2025-06-09;2025-06-10;2025-06-11;2025-06-12;2025-06-13;2025-06-14,2025-06-01;2025-06-02;2025-06-03;2025-06-04;2025-06-05;2025-06-06;2025-06-07;2025-06-08;2025-06-09;2025-06-10;2025-06-11;2025-06-12;2025-06-13;2025-06-14,,2025-06-14,9600.0,10800.0,10800.0,51.27761503332657,64.77699259888958,27.418237572785173,45.687272202261504,93136.81058144945,0.0,19914.57553107344,59393.62382795725,0.0,59393.62382795725,59393.62382795725,59393.6237685636,49309.953623810805,1668.578872579231,lexicographic,5.93936237685636e-05,4.9309953574500834e-05,False,0.12163990000044578,1.2250401899259951e-16,1,0
2025-06-16,False,calendar_trend,4,1.0,7,1.0,0,calibrated_quantile,2025-05-19;2025-05-20;2025-05-21;2025-05-22;2025-05-23;2025-05-24;2025-05-25;2025-05-26;2025-05-27;2025-05-28;2025-05-29;2025-05-30;2025-05-31;2025-06-01;2025-06-02;2025-06-03;2025-06-04;2025-06-05;2025-06-06;2025-06-07;2025-06-08;2025-06-09;2025-06-10;2025-06-11;2025-06-12;2025-06-13;2025-06-14;2025-06-15,28,11066.146811900264,2025-05-19;2025-05-20;2025-05-21;2025-05-22;2025-05-23;2025-05-24;2025-05-25;2025-05-26;2025-05-27;2025-05-28;2025-05-29;2025-05-30;2025-05-31;2025-06-01;2025-06-02;2025-06-03;2025-06-04;2025-06-05;2025-06-06;2025-06-07;2025-06-08;2025-06-09;2025-06-10;2025-06-11;2025-06-12;2025-06-13;2025-06-14;2025-06-15,2025-06-02;2025-06-03;2025-06-04;2025-06-05;2025-06-06;2025-06-07;2025-06-08;2025-06-09;2025-06-10;2025-06-11;2025-06-12;2025-06-13;2025-06-14;2025-06-15,,2025-06-15,9600.0,10800.0,10800.0,42.60692019435501,55.883114955239556,21.290474127113313,40.51950754700898,91093.48483870036,117.69267975250091,15921.863946001646,57828.48415160627,377.2464351583224,58205.7305867646,57828.48415160627,57828.4840937778,49309.954359906405,1664.6331005073466,lexicographic,5.78284840937778e-05,4.930995431059644e-05,False,0.14522679999936372,0.0,1,0
2025-06-17,False,calendar_trend,4,1.0,7,1.0,0,calibrated_quantile,2025-05-20;2025-05-21;2025-05-22;2025-05-23;2025-05-24;2025-05-25;2025-05-26;2025-05-27;2025-05-28;2025-05-29;2025-05-30;2025-05-31;2025-06-01;2025-06-02;2025-06-03;2025-06-04;2025-06-05;2025-06-06;2025-06-07;2025-06-08;2025-06-09;2025-06-10;2025-06-11;2025-06-12;2025-06-13;2025-06-14;2025-06-15;2025-06-16,28,11085.624509156125,2025-05-20;2025-05-21;2025-05-22;2025-05-23;2025-05-24;2025-05-25;2025-05-26;2025-05-27;2025-05-28;2025-05-29;2025-05-30;2025-05-31;2025-06-01;2025-06-02;2025-06-03;2025-06-04;2025-06-05;2025-06-06;2025-06-07;2025-06-08;2025-06-09;2025-06-10;2025-06-11;2025-06-12;2025-06-13;2025-06-14;2025-06-15;2025-06-16,2025-06-03;2025-06-04;2025-06-05;2025-06-06;2025-06-07;2025-06-08;2025-06-09;2025-06-10;2025-06-11;2025-06-12;2025-06-13;2025-06-14;2025-06-15;2025-06-16,,2025-06-16,9600.0,10800.0,10800.0,35.97704647589272,45.9523030527796,28.52433712114848,59.195408559009906,89824.05098770517,314.51273993092843,12906.291730960871,56849.831701353134,1184.676186888951,58034.507888242086,56849.831701353134,56849.8316445033,49309.95482016291,1643.2099276129693,lexicographic,5.68498316445033e-05,4.930995477085295e-05,False,0.14094919999843114,0.0,1,0
2025-06-18,False,calendar_trend,4,1.0,7,1.0,0,calibrated_quantile,2025-05-21;2025-05-22;2025-05-23;2025-05-24;2025-05-25;2025-05-26;2025-05-27;2025-05-28;2025-05-29;2025-05-30;2025-05-31;2025-06-01;2025-06-02;2025-06-03;2025-06-04;2025-06-05;2025-06-06;2025-06-07;2025-06-08;2025-06-09;2025-06-10;2025-06-11;2025-06-12;2025-06-13;2025-06-14;2025-06-15;2025-06-16;2025-06-17,28,11089.445479979817,2025-05-21;2025-05-22;2025-05-23;2025-05-24;2025-05-25;2025-05-26;2025-05-27;2025-05-28;2025-05-29;2025-05-30;2025-05-31;2025-06-01;2025-06-02;2025-06-03;2025-06-04;2025-06-05;2025-06-06;2025-06-07;2025-06-08;2025-06-09;2025-06-10;2025-06-11;2025-06-12;2025-06-13;2025-06-14;2025-06-15;2025-06-16;2025-06-17,2025-06-04;2025-06-05;2025-06-06;2025-06-07;2025-06-08;2025-06-09;2025-06-10;2025-06-11;2025-06-12;2025-06-13;2025-06-14;2025-06-15;2025-06-16;2025-06-17,,2025-06-17,9600.0,10800.0,10800.0,28.93331135506775,37.89542949198674,20.79752454807944,37.581837131803276,89065.18737300397,23.090380476575586,15564.62605410963,56067.58041922974,57.34585520247906,56124.92627443222,56067.58041922974,56067.580363162146,49309.95518804745,1655.1817855201684,lexicographic,5.606758036316215e-05,4.930995513873748e-05,False,0.12656880000213278,0.0,1,0
2025-06-19,False,calendar_trend,4,1.0,7,1.0,0,calibrated_quantile,2025-05-22;2025-05-23;2025-05-24;2025-05-25;2025-05-26;2025-05-27;2025-05-28;2025-05-29;2025-05-30;2025-05-31;2025-06-01;2025-06-02;2025-06-03;2025-06-04;2025-06-05;2025-06-06;2025-06-07;2025-06-08;2025-06-09;2025-06-10;2025-06-11;2025-06-12;2025-06-13;2025-06-14;2025-06-15;2025-06-16;2025-06-17;2025-06-18,28,10896.223717483328,2025-05-22;2025-05-23;2025-05-24;2025-05-25;2025-05-26;2025-05-27;2025-05-28;2025-05-29;2025-05-30;2025-05-31;2025-06-01;2025-06-02;2025-06-03;2025-06-04;2025-06-05;2025-06-06;2025-06-07;2025-06-08;2025-06-09;2025-06-10;2025-06-11;2025-06-12;2025-06-13;2025-06-14;2025-06-15;2025-06-16;2025-06-17;2025-06-18,2025-06-05;2025-06-06;2025-06-07;2025-06-08;2025-06-09;2025-06-10;2025-06-11;2025-06-12;2025-06-13;2025-06-14;2025-06-15;2025-06-16;2025-06-17;2025-06-18,,2025-06-18,9595.605199312573,10800.0,10795.605199312573,26.617595905610642,33.08174016829551,38.30846285407237,77.54030401022169,86759.48900139242,112.58002121077932,16021.936510617092,54480.09863717085,287.44574086374166,54767.54437803459,54480.09863717084,54480.09858269073,49305.32340794464,1614.5062652492443,lexicographic,5.448009858269073e-05,4.93053233586393e-05,False,0.14909299999999348,1.3355257797744007e-16,1,0
2025-06-20,False,calendar_trend,4,1.0,7,1.0,0,calibrated_quantile,2025-05-23;2025-05-24;2025-05-25;2025-05-26;2025-05-27;2025-05-28;2025-05-29;2025-05-30;2025-05-31;2025-06-01;2025-06-02;2025-06-03;2025-06-04;2025-06-05;2025-06-06;2025-06-07;2025-06-08;2025-06-09;2025-06-10;2025-06-11;2025-06-12;2025-06-13;2025-06-14;2025-06-15;2025-06-16;2025-06-17;2025-06-18;2025-06-19,28,10926.523396019456,2025-05-23;2025-05-24;2025-05-25;2025-05-26;2025-05-27;2025-05-28;2025-05-29;2025-05-30;2025-05-31;2025-06-01;2025-06-02;2025-06-03;2025-06-04;2025-06-05;2025-06-06;2025-06-07;2025-06-08;2025-06-09;2025-06-10;2025-06-11;2025-06-12;2025-06-13;2025-06-14;2025-06-15;2025-06-16;2025-06-17;2025-06-18;2025-06-19,2025-06-06;2025-06-07;2025-06-08;2025-06-09;2025-06-10;2025-06-11;2025-06-12;2025-06-13;2025-06-14;2025-06-15;2025-06-16;2025-06-17;2025-06-18;2025-06-19,,2025-06-19,9515.74796639066,10795.605199312573,10715.74796639066,22.98512027358063,28.99053493438596,24.18309506095589,40.75837144093335,37347.23141624773,125.11025453962839,13078.268612833755,21233.884216022678,268.32178219253973,21502.205998215217,21233.884216022678,21233.884194788792,39391.5364131494,1421.9718290073697,lexicographic,2.1233884194788792e-05,3.9391536373757864e-05,False,0.23402010000063456,0.0,1,0
2025-06-21,False,calendar_trend,4,1.0,7,1.0,0,calibrated_quantile,2025-05-24;2025-05-25;2025-05-26;2025-05-27;2025-05-28;2025-05-29;2025-05-30;2025-05-31;2025-06-01;2025-06-02;2025-06-03;2025-06-04;2025-06-05;2025-06-06;2025-06-07;2025-06-08;2025-06-09;2025-06-10;2025-06-11;2025-06-12;2025-06-13;2025-06-14;2025-06-15;2025-06-16;2025-06-17;2025-06-18;2025-06-19;2025-06-20,28,10966.810548559362,2025-05-24;2025-05-25;2025-05-26;2025-05-27;2025-05-28;2025-05-29;2025-05-30;2025-05-31;2025-06-01;2025-06-02;2025-06-03;2025-06-04;2025-06-05;2025-06-06;2025-06-07;2025-06-08;2025-06-09;2025-06-10;2025-06-11;2025-06-12;2025-06-13;2025-06-14;2025-06-15;2025-06-16;2025-06-17;2025-06-18;2025-06-19;2025-06-20,2025-06-07;2025-06-08;2025-06-09;2025-06-10;2025-06-11;2025-06-12;2025-06-13;2025-06-14;2025-06-15;2025-06-16;2025-06-17;2025-06-18;2025-06-19;2025-06-20,,2025-06-20,9435.890733468768,10715.74796639066,10635.890733468768,27.596777927911074,35.984534779252975,46.70763397375288,89.10361058617069,36953.53050471387,333.96967516699635,15938.626705947647,20913.896296777806,1216.1618841066568,22130.05818088446,20913.896296777806,20913.89627586391,39783.71288388065,1534.877425458326,lexicographic,2.0913896275863912e-05,3.9783712843241e-05,False,0.2535063999966951,0.0,1,0
2025-06-22,False,calendar_trend,4,1.0,7,1.0,0,calibrated_quantile,2025-05-25;2025-05-26;2025-05-27;2025-05-28;2025-05-29;2025-05-30;2025-05-31;2025-06-01;2025-06-02;2025-06-03;2025-06-04;2025-06-05;2025-06-06;2025-06-07;2025-06-08;2025-06-09;2025-06-10;2025-06-11;2025-06-12;2025-06-13;2025-06-14;2025-06-15;2025-06-16;2025-06-17;2025-06-18;2025-06-19;2025-06-20;2025-06-21,28,10914.173889335427,2025-05-25;2025-05-26;2025-05-27;2025-05-28;2025-05-29;2025-05-30;2025-05-31;2025-06-01;2025-06-02;2025-06-03;2025-06-04;2025-06-05;2025-06-06;2025-06-07;2025-06-08;2025-06-09;2025-06-10;2025-06-11;2025-06-12;2025-06-13;2025-06-14;2025-06-15;2025-06-16;2025-06-17;2025-06-18;2025-06-19;2025-06-20;2025-06-21,2025-06-08;2025-06-09;2025-06-10;2025-06-11;2025-06-12;2025-06-13;2025-06-14;2025-06-15;2025-06-16;2025-06-17;2025-06-18;2025-06-19;2025-06-20;2025-06-21,,2025-06-21,9385.972795349715,10635.890733468768,10585.972795349715,22.430403752277314,28.347562559357588,32.44454475970651,54.28424395610692,83268.63573104994,94.29525110036835,13473.54743459333,51787.35543285357,316.56876180091183,52103.92419465448,51787.35543285356,51787.35538106617,47155.93278691603,1602.015566129091,lexicographic,5.178735538106617e-05,4.715593273976009e-05,False,0.0970156000003044,0.0,1,0
2025-06-23,False,calendar_trend,4,1.0,7,1.0,0,calibrated_quantile,2025-05-26;2025-05-27;2025-05-28;2025-05-29;2025-05-30;2025-05-31;2025-06-01;2025-06-02;2025-06-03;2025-06-04;2025-06-05;2025-06-06;2025-06-07;2025-06-08;2025-06-09;2025-06-10;2025-06-11;2025-06-12;2025-06-13;2025-06-14;2025-06-15;2025-06-16;2025-06-17;2025-06-18;2025-06-19;2025-06-20;2025-06-21;2025-06-22,28,10891.448904625846,2025-05-26;2025-05-27;2025-05-28;2025-05-29;2025-05-30;2025-05-31;2025-06-01;2025-06-02;2025-06-03;2025-06-04;2025-06-05;2025-06-06;2025-06-07;2025-06-08;2025-06-09;2025-06-10;2025-06-11;2025-06-12;2025-06-13;2025-06-14;2025-06-15;2025-06-16;2025-06-17;2025-06-18;2025-06-19;2025-06-20;2025-06-21;2025-06-22,2025-06-09;2025-06-10;2025-06-11;2025-06-12;2025-06-13;2025-06-14;2025-06-15;2025-06-16;2025-06-17;2025-06-18;2025-06-19;2025-06-20;2025-06-21;2025-06-22,,2025-06-22,9336.054857230662,10585.972795349715,10536.054857230662,25.403593553822006,31.98757540083302,21.01653330182696,37.438295219351595,80536.58107229235,136.0319389580392,11265.640497947275,49649.40607819591,331.2962436255138,49980.70232182142,49649.406078195905,49649.40602854648,45515.1700360925,1608.6147759097169,lexicographic,4.964940602854648e-05,4.551516999057733e-05,False,0.27771579999898677,0.0,1,0
2025-06-24,False,calendar_trend,4,1.0,7,1.0,0,calibrated_quantile,2025-05-27;2025-05-28;2025-05-29;2025-05-30;2025-05-31;2025-06-01;2025-06-02;2025-06-03;2025-06-04;2025-06-05;2025-06-06;2025-06-07;2025-06-08;2025-06-09;2025-06-10;2025-06-11;2025-06-12;2025-06-13;2025-06-14;2025-06-15;2025-06-16;2025-06-17;2025-06-18;2025-06-19;2025-06-20;2025-06-21;2025-06-22;2025-06-23,28,10592.279028746016,2025-05-27;2025-05-28;2025-05-29;2025-05-30;2025-05-31;2025-06-01;2025-06-02;2025-06-03;2025-06-04;2025-06-05;2025-06-06;2025-06-07;2025-06-08;2025-06-09;2025-06-10;2025-06-11;2025-06-12;2025-06-13;2025-06-14;2025-06-15;2025-06-16;2025-06-17;2025-06-18;2025-06-19;2025-06-20;2025-06-21;2025-06-22;2025-06-23,2025-06-10;2025-06-11;2025-06-12;2025-06-13;2025-06-14;2025-06-15;2025-06-16;2025-06-17;2025-06-18;2025-06-19;2025-06-20;2025-06-21;2025-06-22;2025-06-23,,2025-06-23,9286.136919111608,10536.054857230662,10486.136919111608,29.152138731934443,36.769137126507346,61.20806181943903,104.42580551195901,78212.1155800785,3847.1397074979177,3457.831041697574,48064.09954378114,15806.769675727417,63870.86921950856,48064.099543781136,48064.09949571703,45267.13420503168,1574.6651264913874,lexicographic,4.806409949571704e-05,4.5267134159764534e-05,False,0.13347200000134762,0.0,1,0
2025-06-25,False,calendar_trend,4,1.0,7,1.0,0,calibrated_quantile,2025-05-28;2025-05-29;2025-05-30;2025-05-31;2025-06-01;2025-06-02;2025-06-03;2025-06-04;2025-06-05;2025-06-06;2025-06-07;2025-06-08;2025-06-09;2025-06-10;2025-06-11;2025-06-12;2025-06-13;2025-06-14;2025-06-15;2025-06-16;2025-06-17;2025-06-18;2025-06-19;2025-06-20;2025-06-21;2025-06-22;2025-06-23;2025-06-24,28,11393.706097425194,2025-05-28;2025-05-29;2025-05-30;2025-05-31;2025-06-01;2025-06-02;2025-06-03;2025-06-04;2025-06-05;2025-06-06;2025-06-07;2025-06-08;2025-06-09;2025-06-10;2025-06-11;2025-06-12;2025-06-13;2025-06-14;2025-06-15;2025-06-16;2025-06-17;2025-06-18;2025-06-19;2025-06-20;2025-06-21;2025-06-22;2025-06-23;2025-06-24,2025-06-11;2025-06-12;2025-06-13;2025-06-14;2025-06-15;2025-06-16;2025-06-17;2025-06-18;2025-06-19;2025-06-20;2025-06-21;2025-06-22;2025-06-23;2025-06-24,,2025-06-24,9600.0,10486.136919111608,10800.0,28.91570762022334,36.94414330329217,30.3284020808882,60.24044992372713,80492.21433815845,1008.9356976354836,8282.339334540593,49261.67267306977,3633.171119968812,52894.843793038584,49261.67267306977,49261.67262380808,46891.2641028771,1591.5995162074337,lexicographic,4.9261672623808086e-05,4.689126405598585e-05,False,0.15673190000234172,0.0,1,0
2025-06-26,False,calendar_trend,4,1.0,7,1.0,0,calibrated_quantile,2025-05-29;2025-05-30;2025-05-31;2025-06-01;2025-06-02;2025-06-03;2025-06-04;2025-06-05;2025-06-06;2025-06-07;2025-06-08;2025-06-09;2025-06-10;2025-06-11;2025-06-12;2025-06-13;2025-06-14;2025-06-15;2025-06-16;2025-06-17;2025-06-18;2025-06-19;2025-06-20;2025-06-21;2025-06-22;2025-06-23;2025-06-24;2025-06-25,28,11434.064238467014,2025-05-29;2025-05-30;2025-05-31;2025-06-01;2025-06-02;2025-06-03;2025-06-04;2025-06-05;2025-06-06;2025-06-07;2025-06-08;2025-06-09;2025-06-10;2025-06-11;2025-06-12;2025-06-13;2025-06-14;2025-06-15;2025-06-16;2025-06-17;2025-06-18;2025-06-19;2025-06-20;2025-06-21;2025-06-22;2025-06-23;2025-06-24;2025-06-25,2025-06-12;2025-06-13;2025-06-14;2025-06-15;2025-06-16;2025-06-17;2025-06-18;2025-06-19;2025-06-20;2025-06-21;2025-06-22;2025-06-23;2025-06-24;2025-06-25,,2025-06-25,9600.0,10800.0,10800.0,29.028537159510115,37.95828013402429,29.1553844681109,53.13537663167902,80319.05793293152,348.26881222829803,10593.518724676886,49427.12186118234,1617.7754144521246,51044.89727563447,49427.12186118234,49427.121811755205,48002.05955584229,1550.891217821359,lexicographic,4.942712181175521e-05,4.800205950784022e-05,False,0.15099869999903603,0.0,1,0
2025-06-27,False,calendar_trend,4,1.0,7,1.0,0,calibrated_quantile,2025-05-30;2025-05-31;2025-06-01;2025-06-02;2025-06-03;2025-06-04;2025-06-05;2025-06-06;2025-06-07;2025-06-08;2025-06-09;2025-06-10;2025-06-11;2025-06-12;2025-06-13;2025-06-14;2025-06-15;2025-06-16;2025-06-17;2025-06-18;2025-06-19;2025-06-20;2025-06-21;2025-06-22;2025-06-23;2025-06-24;2025-06-25;2025-06-26,28,11373.897438838807,2025-05-30;2025-05-31;2025-06-01;2025-06-02;2025-06-03;2025-06-04;2025-06-05;2025-06-06;2025-06-07;2025-06-08;2025-06-09;2025-06-10;2025-06-11;2025-06-12;2025-06-13;2025-06-14;2025-06-15;2025-06-16;2025-06-17;2025-06-18;2025-06-19;2025-06-20;2025-06-21;2025-06-22;2025-06-23;2025-06-24;2025-06-25;2025-06-26,2025-06-13;2025-06-14;2025-06-15;2025-06-16;2025-06-17;2025-06-18;2025-06-19;2025-06-20;2025-06-21;2025-06-22;2025-06-23;2025-06-24;2025-06-25;2025-06-26,,2025-06-26,9600.0,10800.0,10800.0,25.900544670494885,32.739821729113864,23.929337261071275,46.07316919397558,34863.985826382675,187.57764323537788,13172.726667435605,19308.523280338635,712.777641086474,20021.30092142511,19308.52328033863,19308.523261030114,40036.62777479987,1400.7265102351002,lexicographic,1.9308523261030116e-05,4.003662773476324e-05,False,0.21198220000223955,0.0,1,0
2025-06-28,False,calendar_trend,4,1.0,7,1.0,0,calibrated_quantile,2025-05-31;2025-06-01;2025-06-02;2025-06-03;2025-06-04;2025-06-05;2025-06-06;2025-06-07;2025-06-08;2025-06-09;2025-06-10;2025-06-11;2025-06-12;2025-06-13;2025-06-14;2025-06-15;2025-06-16;2025-06-17;2025-06-18;2025-06-19;2025-06-20;2025-06-21;2025-06-22;2025-06-23;2025-06-24;2025-06-25;2025-06-26;2025-06-27,28,11306.618118281935,2025-05-31;2025-06-01;2025-06-02;2025-06-03;2025-06-04;2025-06-05;2025-06-06;2025-06-07;2025-06-08;2025-06-09;2025-06-10;2025-06-11;2025-06-12;2025-06-13;2025-06-14;2025-06-15;2025-06-16;2025-06-17;2025-06-18;2025-06-19;2025-06-20;2025-06-21;2025-06-22;2025-06-23;2025-06-24;2025-06-25;2025-06-26;2025-06-27,2025-06-14;2025-06-15;2025-06-16;2025-06-17;2025-06-18;2025-06-19;2025-06-20;2025-06-21;2025-06-22;2025-06-23;2025-06-24;2025-06-25;2025-06-26;2025-06-27,,2025-06-27,9600.0,10800.0,10800.0,24.614765922305853,31.9132056390868,28.875655507144124,55.15356546478299,35338.95829942734,310.8601074599999,11765.701355506724,19459.679744924586,1061.4966173726775,20521.176362297265,19459.679744924586,19459.679725464906,40036.62775956507,1543.1102148356204,lexicographic,1.9459679725464907e-05,4.003662771952844e-05,False,0.21960939999917173,0.0,1,0
2025-06-29,False,calendar_trend,4,1.0,7,1.0,0,calibrated_quantile,2025-06-01;2025-06-02;2025-06-03;2025-06-04;2025-06-05;2025-06-06;2025-06-07;2025-06-08;2025-06-09;2025-06-10;2025-06-11;2025-06-12;2025-06-13;2025-06-14;2025-06-15;2025-06-16;2025-06-17;2025-06-18;2025-06-19;2025-06-20;2025-06-21;2025-06-22;2025-06-23;2025-06-24;2025-06-25;2025-06-26;2025-06-27;2025-06-28,28,11316.470003708157,2025-06-01;2025-06-02;2025-06-03;2025-06-04;2025-06-05;2025-06-06;2025-06-07;2025-06-08;2025-06-09;2025-06-10;2025-06-11;2025-06-12;2025-06-13;2025-06-14;2025-06-15;2025-06-16;2025-06-17;2025-06-18;2025-06-19;2025-06-20;2025-06-21;2025-06-22;2025-06-23;2025-06-24;2025-06-25;2025-06-26;2025-06-27;2025-06-28,2025-06-15;2025-06-16;2025-06-17;2025-06-18;2025-06-19;2025-06-20;2025-06-21;2025-06-22;2025-06-23;2025-06-24;2025-06-25;2025-06-26;2025-06-27;2025-06-28,,2025-06-28,9595.605199312573,10800.0,10795.605199312573,25.361286364594687,32.56480274975061,29.232171584570224,59.278354623496305,79783.13706861946,964.5013820559745,9041.31035490248,49192.92655250995,2685.5345888318,51878.461141341744,49192.92655250995,49192.92650331702,46416.01716656136,1590.8427373923173,lexicographic,4.9192926503317025e-05,4.641601712014533e-05,False,0.15870820000054664,0.0,1,0
2025-06-30,False,calendar_trend,4,1.0,7,1.0,0,calibrated_quantile,2025-06-02;2025-06-03;2025-06-04;2025-06-05;2025-06-06;2025-06-07;2025-06-08;2025-06-09;2025-06-10;2025-06-11;2025-06-12;2025-06-13;2025-06-14;2025-06-15;2025-06-16;2025-06-17;2025-06-18;2025-06-19;2025-06-20;2025-06-21;2025-06-22;2025-06-23;2025-06-24;2025-06-25;2025-06-26;2025-06-27;2025-06-28;2025-06-29,28,10207.6245630674,2025-06-02;2025-06-03;2025-06-04;2025-06-05;2025-06-06;2025-06-07;2025-06-08;2025-06-09;2025-06-10;2025-06-11;2025-06-12;2025-06-13;2025-06-14;2025-06-15;2025-06-16;2025-06-17;2025-06-18;2025-06-19;2025-06-20;2025-06-21;2025-06-22;2025-06-23;2025-06-24;2025-06-25;2025-06-26;2025-06-27;2025-06-28;2025-06-29,2025-06-16;2025-06-17;2025-06-18;2025-06-19;2025-06-20;2025-06-21;2025-06-22;2025-06-23;2025-06-24;2025-06-25;2025-06-26;2025-06-27;2025-06-28;2025-06-29,,2025-06-29,9515.74796639066,10795.605199312573,10715.74796639066,26.184978849023917,34.392703812328456,29.994797906690437,52.54446782410912,79296.36361840651,839.3699586801245,7924.131153607848,48778.06410696549,3308.1311312359767,52086.195238201464,48778.064106965496,48778.064058187425,45859.634824794615,1568.9255036905097,lexicographic,4.877806405818743e-05,4.5859634778934965e-05,False,0.1555116999988968,0.0,1,0
2025-07-01,False,calendar_trend,4,1.0,7,1.0,0,calibrated_quantile,2025-06-03;2025-06-04;2025-06-05;2025-06-06;2025-06-07;2025-06-08;2025-06-09;2025-06-10;2025-06-11;2025-06-12;2025-06-13;2025-06-14;2025-06-15;2025-06-16;2025-06-17;2025-06-18;2025-06-19;2025-06-20;2025-06-21;2025-06-22;2025-06-23;2025-06-24;2025-06-25;2025-06-26;2025-06-27;2025-06-28;2025-06-29;2025-06-30,28,9442.597665070727,2025-06-03;2025-06-04;2025-06-05;2025-06-06;2025-06-07;2025-06-08;2025-06-09;2025-06-10;2025-06-11;2025-06-12;2025-06-13;2025-06-14;2025-06-15;2025-06-16;2025-06-17;2025-06-18;2025-06-19;2025-06-20;2025-06-21;2025-06-22;2025-06-23;2025-06-24;2025-06-25;2025-06-26;2025-06-27;2025-06-28;2025-06-29;2025-06-30,2025-06-17;2025-06-18;2025-06-19;2025-06-20;2025-06-21;2025-06-22;2025-06-23;2025-06-24;2025-06-25;2025-06-26;2025-06-27;2025-06-28;2025-06-29;2025-06-30,,2025-06-30,9435.890733468768,10715.74796639066,10635.890733468768,113.47681417135838,120.25138430033162,35.35499621029814,58.109619313626325,79046.0000790201,5888.193949351076,3788.927784562795,48518.489016783285,20961.760592894825,69480.24960967811,48518.489016783285,48518.488968264755,44810.90646105648,1591.0221039654498,lexicographic,4.851848896826476e-05,4.4810906416245575e-05,False,0.12787759999991977,0.0,1,0
2025-07-02,False,calendar_trend,4,1.0,7,1.0,0,calibrated_quantile,2025-06-04;2025-06-05;2025-06-06;2025-06-07;2025-06-08;2025-06-09;2025-06-10;2025-06-11;2025-06-12;2025-06-13;2025-06-14;2025-06-15;2025-06-16;2025-06-17;2025-06-18;2025-06-19;2025-06-20;2025-06-21;2025-06-22;2025-06-23;2025-06-24;2025-06-25;2025-06-26;2025-06-27;2025-06-28;2025-06-29;2025-06-30;2025-07-01,28,9568.532158256245,2025-06-04;2025-06-05;2025-06-06;2025-06-07;2025-06-08;2025-06-09;2025-06-10;2025-06-11;2025-06-12;2025-06-13;2025-06-14;2025-06-15;2025-06-16;2025-06-17;2025-06-18;2025-06-19;2025-06-20;2025-06-21;2025-06-22;2025-06-23;2025-06-24;2025-06-25;2025-06-26;2025-06-27;2025-06-28;2025-06-29;2025-06-30;2025-07-01,2025-06-18;2025-06-19;2025-06-20;2025-06-21;2025-06-22;2025-06-23;2025-06-24;2025-06-25;2025-06-26;2025-06-27;2025-06-28;2025-06-29;2025-06-30;2025-07-01,,2025-07-01,9600.0,10635.890733468768,10800.0,84.60312070371994,92.76523099047532,68.2739395352549,107.59844041332289,82661.45433716706,3672.433943694689,10857.242570405873,50903.159776818495,13295.22157782925,64198.38135464775,50903.159776818495,50903.15972591533,45751.95312772518,1638.3276027113607,lexicographic,5.090315972591533e-05,4.575195308197322e-05,False,0.12368349999815109,0.0,1,0
2025-07-03,False,calendar_trend,4,1.0,7,1.0,0,calibrated_quantile,2025-06-05;2025-06-06;2025-06-07;2025-06-08;2025-06-09;2025-06-10;2025-06-11;2025-06-12;2025-06-13;2025-06-14;2025-06-15;2025-06-16;2025-06-17;2025-06-18;2025-06-19;2025-06-20;2025-06-21;2025-06-22;2025-06-23;2025-06-24;2025-06-25;2025-06-26;2025-06-27;2025-06-28;2025-06-29;2025-06-30;2025-07-01;2025-07-02,28,9562.229831093655,2025-06-05;2025-06-06;2025-06-07;2025-06-08;2025-06-09;2025-06-10;2025-06-11;2025-06-12;2025-06-13;2025-06-14;2025-06-15;2025-06-16;2025-06-17;2025-06-18;2025-06-19;2025-06-20;2025-06-21;2025-06-22;2025-06-23;2025-06-24;2025-06-25;2025-06-26;2025-06-27;2025-06-28;2025-06-29;2025-06-30;2025-07-01;2025-07-02,2025-06-19;2025-06-20;2025-06-21;2025-06-22;2025-06-23;2025-06-24;2025-06-25;2025-06-26;2025-06-27;2025-06-28;2025-06-29;2025-06-30;2025-07-01;2025-07-02,,2025-07-02,9600.0,10800.0,10800.0,64.39105134807298,74.44553160515513,19.118414679154323,33.519681483151444,83798.47782609652,2708.86038505973,4376.4795699107435,52032.358639003025,10576.22675577812,62608.58539478114,52032.35863900304,52032.35858697066,45038.35445033136,1617.0973090088771,lexicographic,5.203235858697066e-05,4.503835440529301e-05,False,0.12020380000103614,0.0,1,0
2025-07-04,False,calendar_trend,4,1.0,7,1.0,0,calibrated_quantile,2025-06-06;2025-06-07;2025-06-08;2025-06-09;2025-06-10;2025-06-11;2025-06-12;2025-06-13;2025-06-14;2025-06-15;2025-06-16;2025-06-17;2025-06-18;2025-06-19;2025-06-20;2025-06-21;2025-06-22;2025-06-23;2025-06-24;2025-06-25;2025-06-26;2025-06-27;2025-06-28;2025-06-29;2025-06-30;2025-07-01;2025-07-02;2025-07-03,28,9914.545567998674,2025-06-06;2025-06-07;2025-06-08;2025-06-09;2025-06-10;2025-06-11;2025-06-12;2025-06-13;2025-06-14;2025-06-15;2025-06-16;2025-06-17;2025-06-18;2025-06-19;2025-06-20;2025-06-21;2025-06-22;2025-06-23;2025-06-24;2025-06-25;2025-06-26;2025-06-27;2025-06-28;2025-06-29;2025-06-30;2025-07-01;2025-07-02;2025-07-03,2025-06-20;2025-06-21;2025-06-22;2025-06-23;2025-06-24;2025-06-25;2025-06-26;2025-06-27;2025-06-28;2025-06-29;2025-06-30;2025-07-01;2025-07-02;2025-07-03,,2025-07-03,9600.0,10800.0,10800.0,63.27221314983222,69.5827149766742,41.82386454281658,84.81542529282711,41167.28698370438,1526.36199842276,11705.5905914862,23638.20423991428,5557.990063787108,29196.194303701388,23638.20423991428,23638.204216276066,40036.62755551131,1477.8188498132022,lexicographic,2.3638204216276068e-05,4.0036627515474676e-05,False,0.22096539999984088,0.0,1,0
2025-07-05,False,calendar_trend,4,1.0,7,1.0,0,calibrated_quantile,2025-06-07;2025-06-08;2025-06-09;2025-06-10;2025-06-11;2025-06-12;2025-06-13;2025-06-14;2025-06-15;2025-06-16;2025-06-17;2025-06-18;2025-06-19;2025-06-20;2025-06-21;2025-06-22;2025-06-23;2025-06-24;2025-06-25;2025-06-26;2025-06-27;2025-06-28;2025-06-29;2025-06-30;2025-07-01;2025-07-02;2025-07-03;2025-07-04,28,9807.442551304293,2025-06-07;2025-06-08;2025-06-09;2025-06-10;2025-06-11;2025-06-12;2025-06-13;2025-06-14;2025-06-15;2025-06-16;2025-06-17;2025-06-18;2025-06-19;2025-06-20;2025-06-21;2025-06-22;2025-06-23;2025-06-24;2025-06-25;2025-06-26;2025-06-27;2025-06-28;2025-06-29;2025-06-30;2025-07-01;2025-07-02;2025-07-03;2025-07-04,2025-06-21;2025-06-22;2025-06-23;2025-06-24;2025-06-25;2025-06-26;2025-06-27;2025-06-28;2025-06-29;2025-06-30;2025-07-01;2025-07-02;2025-07-03;2025-07-04,,2025-07-04,9600.0,10800.0,10800.0,41.69474110904834,51.06614160441958,32.9918097307199,62.538969739214025,43944.166615688795,737.9280945977368,13784.823827192591,25312.82558380283,3007.4343161911956,28320.259899994027,25312.825583802827,25312.825558490003,40036.62741211831,1680.170918601078,lexicographic,2.5312825558490006e-05,4.003662737208169e-05,False,0.193487800002913,0.0,1,0
2025-07-06,False,calendar_trend,4,1.0,7,1.0,0,calibrated_quantile,2025-06-08;2025-06-09;2025-06-10;2025-06-11;2025-06-12;2025-06-13;2025-06-14;2025-06-15;2025-06-16;2025-06-17;2025-06-18;2025-06-19;2025-06-20;2025-06-21;2025-06-22;2025-06-23;2025-06-24;2025-06-25;2025-06-26;2025-06-27;2025-06-28;2025-06-29;2025-06-30;2025-07-01;2025-07-02;2025-07-03;2025-07-04;2025-07-05,28,9468.79370104362,2025-06-08;2025-06-09;2025-06-10;2025-06-11;2025-06-12;2025-06-13;2025-06-14;2025-06-15;2025-06-16;2025-06-17;2025-06-18;2025-06-19;2025-06-20;2025-06-21;2025-06-22;2025-06-23;2025-06-24;2025-06-25;2025-06-26;2025-06-27;2025-06-28;2025-06-29;2025-06-30;2025-07-01;2025-07-02;2025-07-03;2025-07-04;2025-07-05,2025-06-22;2025-06-23;2025-06-24;2025-06-25;2025-06-26;2025-06-27;2025-06-28;2025-06-29;2025-06-30;2025-07-01;2025-07-02;2025-07-03;2025-07-04;2025-07-05,,2025-07-05,9600.0,10800.0,10800.0,34.90036629891396,44.91792526438344,38.129337501133904,67.55639387296328,90561.05125672765,1121.5917600421794,9546.900306918891,57169.142035956625,5102.729571419034,62271.87160737566,57169.142035956625,57169.14197878751,44493.46203716796,1714.1053712284665,lexicographic,5.716914197878752e-05,4.4493461992674486e-05,False,0.15475429999787593,0.0,1,0
2025-07-07,False,calendar_trend,4,1.0,7,1.0,0,calibrated_quantile,2025-06-09;2025-06-10;2025-06-11;2025-06-12;2025-06-13;2025-06-14;2025-06-15;2025-06-16;2025-06-17;2025-06-18;2025-06-19;2025-06-20;2025-06-21;2025-06-22;2025-06-23;2025-06-24;2025-06-25;2025-06-26;2025-06-27;2025-06-28;2025-06-29;2025-06-30;2025-07-01;2025-07-02;2025-07-03;2025-07-04;2025-07-05;2025-07-06,28,9747.43039407326,2025-06-09;2025-06-10;2025-06-11;2025-06-12;2025-06-13;2025-06-14;2025-06-15;2025-06-16;2025-06-17;2025-06-18;2025-06-19;2025-06-20;2025-06-21;2025-06-22;2025-06-23;2025-06-24;2025-06-25;2025-06-26;2025-06-27;2025-06-28;2025-06-29;2025-06-30;2025-07-01;2025-07-02;2025-07-03;2025-07-04;2025-07-05;2025-07-06,2025-06-23;2025-06-24;2025-06-25;2025-06-26;2025-06-27;2025-06-28;2025-06-29;2025-06-30;2025-07-01;2025-07-02;2025-07-03;2025-07-04;2025-07-05;2025-07-06,,2025-07-06,9600.0,10800.0,10800.0,36.97922211975268,46.3531110690438,28.467102693839983,46.682554774020794,92693.83862915027,11.716543777648894,16868.48095170397,58785.93897551925,24.59302538928503,58810.53200090854,58785.93897551925,58785.93891673333,46124.23763658846,1762.4733668197555,lexicographic,5.878593891673333e-05,4.6124237590464204e-05,False,0.1961040000023786,0.0,1,0
2025-07-08,False,calendar_trend,4,1.0,7,1.0,0,calibrated_quantile,2025-06-10;2025-06-11;2025-06-12;2025-06-13;2025-06-14;2025-06-15;2025-06-16;2025-06-17;2025-06-18;2025-06-19;2025-06-20;2025-06-21;2025-06-22;2025-06-23;2025-06-24;2025-06-25;2025-06-26;2025-06-27;2025-06-28;2025-06-29;2025-06-30;2025-07-01;2025-07-02;2025-07-03;2025-07-04;2025-07-05;2025-07-06;2025-07-07,28,9735.11701529408,2025-06-10;2025-06-11;2025-06-12;2025-06-13;2025-06-14;2025-06-15;2025-06-16;2025-06-17;2025-06-18;2025-06-19;2025-06-20;2025-06-21;2025-06-22;2025-06-23;2025-06-24;2025-06-25;2025-06-26;2025-06-27;2025-06-28;2025-06-29;2025-06-30;2025-07-01;2025-07-02;2025-07-03;2025-07-04;2025-07-05;2025-07-06;2025-07-07,2025-06-24;2025-06-25;2025-06-26;2025-06-27;2025-06-28;2025-06-29;2025-06-30;2025-07-01;2025-07-02;2025-07-03;2025-07-04;2025-07-05;2025-07-06;2025-07-07,,2025-07-07,9600.0,10800.0,10800.0,69.75731623376538,78.0099855536401,32.85751008532775,53.701953937134505,96346.36371625081,17.162486628910813,18381.53050714748,61315.92373722841,61.54355836698089,61377.467295595394,61315.92373722842,61315.923675912476,45801.5649022461,1802.1252767354858,lexicographic,6.131592367591248e-05,4.5801564856444534e-05,False,0.15743120000115596,0.0,1,0
2025-07-09,False,calendar_trend,4,1.0,7,1.0,0,calibrated_quantile,2025-06-11;2025-06-12;2025-06-13;2025-06-14;2025-06-15;2025-06-16;2025-06-17;2025-06-18;2025-06-19;2025-06-20;2025-06-21;2025-06-22;2025-06-23;2025-06-24;2025-06-25;2025-06-26;2025-06-27;2025-06-28;2025-06-29;2025-06-30;2025-07-01;2025-07-02;2025-07-03;2025-07-04;2025-07-05;2025-07-06;2025-07-07;2025-07-08,28,9716.801409872955,2025-06-11;2025-06-12;2025-06-13;2025-06-14;2025-06-15;2025-06-16;2025-06-17;2025-06-18;2025-06-19;2025-06-20;2025-06-21;2025-06-22;2025-06-23;2025-06-24;2025-06-25;2025-06-26;2025-06-27;2025-06-28;2025-06-29;2025-06-30;2025-07-01;2025-07-02;2025-07-03;2025-07-04;2025-07-05;2025-07-06;2025-07-07;2025-07-08,2025-06-25;2025-06-26;2025-06-27;2025-06-28;2025-06-29;2025-06-30;2025-07-01;2025-07-02;2025-07-03;2025-07-04;2025-07-05;2025-07-06;2025-07-07;2025-07-08,,2025-07-08,9595.605199312573,10800.0,10795.605199312573,71.41518003927338,79.77853594863618,27.24733244366333,47.23726174712238,95932.99712191836,26.982222228666103,19490.107469909424,61184.33869575295,85.52791478343201,61269.86661053638,61184.338695752944,61184.338634568594,45895.17577405653,1795.487861456444,lexicographic,6.11843386345686e-05,4.589517572816135e-05,False,0.20529910000186646,1.1891862814175417e-16,1,0
2025-07-10,False,calendar_trend,4,1.0,7,1.0,0,calibrated_quantile,2025-06-12;2025-06-13;2025-06-14;2025-06-15;2025-06-16;2025-06-17;2025-06-18;2025-06-19;2025-06-20;2025-06-21;2025-06-22;2025-06-23;2025-06-24;2025-06-25;2025-06-26;2025-06-27;2025-06-28;2025-06-29;2025-06-30;2025-07-01;2025-07-02;2025-07-03;2025-07-04;2025-07-05;2025-07-06;2025-07-07;2025-07-08;2025-07-09,28,9568.1141682715,2025-06-12;2025-06-13;2025-06-14;2025-06-15;2025-06-16;2025-06-17;2025-06-18;2025-06-19;2025-06-20;2025-06-21;2025-06-22;2025-06-23;2025-06-24;2025-06-25;2025-06-26;2025-06-27;2025-06-28;2025-06-29;2025-06-30;2025-07-01;2025-07-02;2025-07-03;2025-07-04;2025-07-05;2025-07-06;2025-07-07;2025-07-08;2025-07-09,2025-06-26;2025-06-27;2025-06-28;2025-06-29;2025-06-30;2025-07-01;2025-07-02;2025-07-03;2025-07-04;2025-07-05;2025-07-06;2025-07-07;2025-07-08;2025-07-09,,2025-07-09,9515.74796639066,10795.605199312573,10715.74796639066,70.21864598342961,79.97478242958402,19.501129090399353,37.62836402487842,94930.20806879591,0.0,19778.059477934727,60673.67899923429,0.0,60673.67899923429,60673.6789992343,60673.678938560624,45187.16340506048,1813.1187155546081,lexicographic,6.0673678938560625e-05,4.51871633598733e-05,False,0.22903690000021015,0.0,1,0
2025-07-11,False,calendar_trend,4,1.0,7,1.0,0,calibrated_quantile,2025-06-13;2025-06-14;2025-06-15;2025-06-16;2025-06-17;2025-06-18;2025-06-19;2025-06-20;2025-06-21;2025-06-22;2025-06-23;2025-06-24;2025-06-25;2025-06-26;2025-06-27;2025-06-28;2025-06-29;2025-06-30;2025-07-01;2025-07-02;2025-07-03;2025-07-04;2025-07-05;2025-07-06;2025-07-07;2025-07-08;2025-07-09;2025-07-10,28,9555.151840167819,2025-06-13;2025-06-14;2025-06-15;2025-06-16;2025-06-17;2025-06-18;2025-06-19;2025-06-20;2025-06-21;2025-06-22;2025-06-23;2025-06-24;2025-06-25;2025-06-26;2025-06-27;2025-06-28;2025-06-29;2025-06-30;2025-07-01;2025-07-02;2025-07-03;2025-07-04;2025-07-05;2025-07-06;2025-07-07;2025-07-08;2025-07-09;2025-07-10,2025-06-27;2025-06-28;2025-06-29;2025-06-30;2025-07-01;2025-07-02;2025-07-03;2025-07-04;2025-07-05;2025-07-06;2025-07-07;2025-07-08;2025-07-09;2025-07-10,,2025-07-10,9435.890733468768,10715.74796639066,10635.890733468768,26.822871590218732,32.797601797400844,48.67963747363225,88.99633205147309,48057.941271961674,1263.3723229762181,14788.403403315768,28668.746014521355,3825.4069503058886,32494.152964827244,28668.74601452136,28668.745985852605,39783.71225285108,1577.6553405721054,lexicographic,2.8668745985852606e-05,3.9783712213067366e-05,False,0.2171675999998115,0.0,1,0
2025-07-12,False,calendar_trend,4,1.0,7,1.0,0,calibrated_quantile,2025-06-14;2025-06-15;2025-06-16;2025-06-17;2025-06-18;2025-06-19;2025-06-20;2025-06-21;2025-06-22;2025-06-23;2025-06-24;2025-06-25;2025-06-26;2025-06-27;2025-06-28;2025-06-29;2025-06-30;2025-07-01;2025-07-02;2025-07-03;2025-07-04;2025-07-05;2025-07-06;2025-07-07;2025-07-08;2025-07-09;2025-07-10;2025-07-11,28,9969.154353424285,2025-06-14;2025-06-15;2025-06-16;2025-06-17;2025-06-18;2025-06-19;2025-06-20;2025-06-21;2025-06-22;2025-06-23;2025-06-24;2025-06-25;2025-06-26;2025-06-27;2025-06-28;2025-06-29;2025-06-30;2025-07-01;2025-07-02;2025-07-03;2025-07-04;2025-07-05;2025-07-06;2025-07-07;2025-07-08;2025-07-09;2025-07-10;2025-07-11,2025-06-28;2025-06-29;2025-06-30;2025-07-01;2025-07-02;2025-07-03;2025-07-04;2025-07-05;2025-07-06;2025-07-07;2025-07-08;2025-07-09;2025-07-10;2025-07-11,,2025-07-11,9419.444437707374,10635.890733468768,10619.444437707374,30.467433090571514,37.99622466154355,26.156331737983837,44.0692821837428,48974.42156489054,251.5262370514713,16069.148121404744,28960.583555524154,718.9173292349457,29679.500884759098,28960.583555524154,28960.583526563572,39690.6171189474,1625.0973201527586,lexicographic,2.8960583526563573e-05,3.969061707925678e-05,False,0.32185990000289166,0.0,1,0
2025-07-13,False,calendar_trend,4,1.0,7,1.0,0,calibrated_quantile,2025-06-15;2025-06-16;2025-06-17;2025-06-18;2025-06-19;2025-06-20;2025-06-21;2025-06-22;2025-06-23;2025-06-24;2025-06-25;2025-06-26;2025-06-27;2025-06-28;2025-06-29;2025-06-30;2025-07-01;2025-07-02;2025-07-03;2025-07-04;2025-07-05;2025-07-06;2025-07-07;2025-07-08;2025-07-09;2025-07-10;2025-07-11;2025-07-12,28,10123.306539745096,2025-06-15;2025-06-16;2025-06-17;2025-06-18;2025-06-19;2025-06-20;2025-06-21;2025-06-22;2025-06-23;2025-06-24;2025-06-25;2025-06-26;2025-06-27;2025-06-28;2025-06-29;2025-06-30;2025-07-01;2025-07-02;2025-07-03;2025-07-04;2025-07-05;2025-07-06;2025-07-07;2025-07-08;2025-07-09;2025-07-10;2025-07-11;2025-07-12,2025-06-29;2025-06-30;2025-07-01;2025-07-02;2025-07-03;2025-07-04;2025-07-05;2025-07-06;2025-07-07;2025-07-08;2025-07-09;2025-07-10;2025-07-11;2025-07-12,,2025-07-12,9402.99814194598,10619.444437707374,10602.99814194598,66.92376286045219,75.33684722712451,31.12263132901785,57.22666160728633,95184.6919430946,0.0,23579.486119682093,60683.51290183414,0.0,60683.51290183414,60683.51290183413,60683.51284115062,44724.26956691046,1777.911034765828,lexicographic,6.0683512841150624e-05,4.472426952218617e-05,False,0.13328299999921,0.0,1,0
2025-07-14,False,calendar_trend,4,1.0,7,1.0,0,calibrated_quantile,2025-06-16;2025-06-17;2025-06-18;2025-06-19;2025-06-20;2025-06-21;2025-06-22;2025-06-23;2025-06-24;2025-06-25;2025-06-26;2025-06-27;2025-06-28;2025-06-29;2025-06-30;2025-07-01;2025-07-02;2025-07-03;2025-07-04;2025-07-05;2025-07-06;2025-07-07;2025-07-08;2025-07-09;2025-07-10;2025-07-11;2025-07-12;2025-07-13,28,10090.17377426215,2025-06-16;2025-06-17;2025-06-18;2025-06-19;2025-06-20;2025-06-21;2025-06-22;2025-06-23;2025-06-24;2025-06-25;2025-06-26;2025-06-27;2025-06-28;2025-06-29;2025-06-30;2025-07-01;2025-07-02;2025-07-03;2025-07-04;2025-07-05;2025-07-06;2025-07-07;2025-07-08;2025-07-09;2025-07-10;2025-07-11;2025-07-12;2025-07-13,2025-06-30;2025-07-01;2025-07-02;2025-07-03;2025-07-04;2025-07-05;2025-07-06;2025-07-07;2025-07-08;2025-07-09;2025-07-10;2025-07-11;2025-07-12;2025-07-13,,2025-07-13,9386.551846184586,10602.99814194598,10586.551846184586,52.38504834354288,61.04955311556827,22.317048461524248,41.51321149267941,93277.01334364679,0.0,19156.338902049385,59400.01946247864,0.0,59400.01946247864,59400.01946247864,59400.01940307859,44258.95579575685,1754.0368023148403,lexicographic,5.94000194030786e-05,4.4258955751497884e-05,False,0.11370109999916167,1.2249082891387618e-16,1,0
2025-07-15,False,calendar_trend,4,1.0,7,1.0,0,calibrated_quantile,2025-06-17;2025-06-18;2025-06-19;2025-06-20;2025-06-21;2025-06-22;2025-06-23;2025-06-24;2025-06-25;2025-06-26;2025-06-27;2025-06-28;2025-06-29;2025-06-30;2025-07-01;2025-07-02;2025-07-03;2025-07-04;2025-07-05;2025-07-06;2025-07-07;2025-07-08;2025-07-09;2025-07-10;2025-07-11;2025-07-12;2025-07-13;2025-07-14,28,9994.116658969935,2025-06-17;2025-06-18;2025-06-19;2025-06-20;2025-06-21;2025-06-22;2025-06-23;2025-06-24;2025-06-25;2025-06-26;2025-06-27;2025-06-28;2025-06-29;2025-06-30;2025-07-01;2025-07-02;2025-07-03;2025-07-04;2025-07-05;2025-07-06;2025-07-07;2025-07-08;2025-07-09;2025-07-10;2025-07-11;2025-07-12;2025-07-13;2025-07-14,2025-07-01;2025-07-02;2025-07-03;2025-07-04;2025-07-05;2025-07-06;2025-07-07;2025-07-08;2025-07-09;2025-07-10;2025-07-11;2025-07-12;2025-07-13;2025-07-14,,2025-07-14,9370.105550423186,10586.551846184586,10570.105550423186,83.133889975664,91.79443473049464,38.11676586061103,74.72147903848474,96271.11187128598,346.4954926723037,21550.35614463667,61652.250503464435,777.3829092008531,62429.63341266529,61652.25050346443,61652.25044181217,44357.85860585033,1792.628319328412,lexicographic,6.165225044181217e-05,4.435785856149246e-05,False,0.15090029999919352,0.0,1,0
2025-07-16,False,calendar_trend,4,1.0,7,1.0,0,calibrated_quantile,2025-06-18;2025-06-19;2025-06-20;2025-06-21;2025-06-22;2025-06-23;2025-06-24;2025-06-25;2025-06-26;2025-06-27;2025-06-28;2025-06-29;2025-06-30;2025-07-01;2025-07-02;2025-07-03;2025-07-04;2025-07-05;2025-07-06;2025-07-07;2025-07-08;2025-07-09;2025-07-10;2025-07-11;2025-07-12;2025-07-13;2025-07-14;2025-07-15,28,10044.60215487635,2025-06-18;2025-06-19;2025-06-20;2025-06-21;2025-06-22;2025-06-23;2025-06-24;2025-06-25;2025-06-26;2025-06-27;2025-06-28;2025-06-29;2025-06-30;2025-07-01;2025-07-02;2025-07-03;2025-07-04;2025-07-05;2025-07-06;2025-07-07;2025-07-08;2025-07-09;2025-07-10;2025-07-11;2025-07-12;2025-07-13;2025-07-14;2025-07-15,2025-07-02;2025-07-03;2025-07-04;2025-07-05;2025-07-06;2025-07-07;2025-07-08;2025-07-09;2025-07-10;2025-07-11;2025-07-12;2025-07-13;2025-07-14;2025-07-15,,2025-07-15,9353.659254661792,10570.105550423186,10553.659254661792,54.4533412159317,64.35333123732157,22.169097063469653,39.53421620539754,92764.3658884599,66.68170759649422,18449.569476172837,58941.81112761476,276.94031575626803,59218.75144337103,58941.81112761477,58941.81106867298,43003.4265165269,1751.4662465104307,lexicographic,5.894181106867298e-05,4.3003426473523476e-05,False,0.12391810000190162,0.0,1,0
2025-07-17,False,calendar_trend,4,1.0,7,1.0,0,calibrated_quantile,2025-06-19;2025-06-20;2025-06-21;2025-06-22;2025-06-23;2025-06-24;2025-06-25;2025-06-26;2025-06-27;2025-06-28;2025-06-29;2025-06-30;2025-07-01;2025-07-02;2025-07-03;2025-07-04;2025-07-05;2025-07-06;2025-07-07;2025-07-08;2025-07-09;2025-07-10;2025-07-11;2025-07-12;2025-07-13;2025-07-14;2025-07-15;2025-07-16,28,10066.098654877891,2025-06-19;2025-06-20;2025-06-21;2025-06-22;2025-06-23;2025-06-24;2025-06-25;2025-06-26;2025-06-27;2025-06-28;2025-06-29;2025-06-30;2025-07-01;2025-07-02;2025-07-03;2025-07-04;2025-07-05;2025-07-06;2025-07-07;2025-07-08;2025-07-09;2025-07-10;2025-07-11;2025-07-12;2025-07-13;2025-07-14;2025-07-15;2025-07-16,2025-07-03;2025-07-04;2025-07-05;2025-07-06;2025-07-07;2025-07-08;2025-07-09;2025-07-10;2025-07-11;2025-07-12;2025-07-13;2025-07-14;2025-07-15;2025-07-16,,2025-07-16,9337.212958900398,10553.659254661792,10537.212958900398,48.19988437622236,58.25782721233106,26.285293625024995,47.031956040692464,89826.92954586823,430.5884410823493,15356.229625885167,56991.36649444789,2056.9120457339227,59048.27854018181,56991.36649444789,56991.36643745652,41748.620115649,1764.2740380287596,lexicographic,5.699136643745652e-05,4.174862007390037e-05,False,0.14592389999961597,2.5533543303153503e-16,1,0
2025-07-18,False,calendar_trend,4,1.0,7,1.0,0,calibrated_quantile,2025-06-20;2025-06-21;2025-06-22;2025-06-23;2025-06-24;2025-06-25;2025-06-26;2025-06-27;2025-06-28;2025-06-29;2025-06-30;2025-07-01;2025-07-02;2025-07-03;2025-07-04;2025-07-05;2025-07-06;2025-07-07;2025-07-08;2025-07-09;2025-07-10;2025-07-11;2025-07-12;2025-07-13;2025-07-14;2025-07-15;2025-07-16;2025-07-17,28,10105.737628525443,2025-06-20;2025-06-21;2025-06-22;2025-06-23;2025-06-24;2025-06-25;2025-06-26;2025-06-27;2025-06-28;2025-06-29;2025-06-30;2025-07-01;2025-07-02;2025-07-03;2025-07-04;2025-07-05;2025-07-06;2025-07-07;2025-07-08;2025-07-09;2025-07-10;2025-07-11;2025-07-12;2025-07-13;2025-07-14;2025-07-15;2025-07-16;2025-07-17,2025-07-04;2025-07-05;2025-07-06;2025-07-07;2025-07-08;2025-07-09;2025-07-10;2025-07-11;2025-07-12;2025-07-13;2025-07-14;2025-07-15;2025-07-16;2025-07-17,,2025-07-17,9320.766663139004,10537.212958900398,10520.766663139004,21.34849429819868,27.184175620085476,39.683652394755505,71.0796772795453,46031.9071818917,528.9844530418001,13224.488731858872,27211.704639037802,1911.7576047143548,29123.462243752158,27211.7046390378,27211.704611826102,39492.98778049054,1556.9759188324556,lexicographic,2.7211704611826104e-05,3.949298774099756e-05,False,0.18456950000108918,0.0,1,0
2025-07-19,False,calendar_trend,4,1.0,7,1.0,0,calibrated_quantile,2025-06-21;2025-06-22;2025-06-23;2025-06-24;2025-06-25;2025-06-26;2025-06-27;2025-06-28;2025-06-29;2025-06-30;2025-07-01;2025-07-02;2025-07-03;2025-07-04;2025-07-05;2025-07-06;2025-07-07;2025-07-08;2025-07-09;2025-07-10;2025-07-11;2025-07-12;2025-07-13;2025-07-14;2025-07-15;2025-07-16;2025-07-17;2025-07-18,28,10698.151982364854,2025-06-21;2025-06-22;2025-06-23;2025-06-24;2025-06-25;2025-06-26;2025-06-27;2025-06-28;2025-06-29;2025-06-30;2025-07-01;2025-07-02;2025-07-03;2025-07-04;2025-07-05;2025-07-06;2025-07-07;2025-07-08;2025-07-09;2025-07-10;2025-07-11;2025-07-12;2025-07-13;2025-07-14;2025-07-15;2025-07-16;2025-07-17;2025-07-18,2025-07-05;2025-07-06;2025-07-07;2025-07-08;2025-07-09;2025-07-10;2025-07-11;2025-07-12;2025-07-13;2025-07-14;2025-07-15;2025-07-16;2025-07-17;2025-07-18,,2025-07-18,9304.32036737761,10520.766663139004,10504.32036737761,28.78844705440043,35.545845186971285,21.516285926518037,38.619115711652746,45469.16477628595,101.77535503476204,16327.699867232834,26627.56566587632,256.7991060426525,26884.364771918972,26627.56566587632,26627.56563924875,39460.049589742295,1560.4022936385159,lexicographic,2.6627565639248752e-05,3.946004955028223e-05,False,0.2170196000006399,0.0,1,0
2025-07-20,False,calendar_trend,4,1.0,7,1.0,0,calibrated_quantile,2025-06-22;2025-06-23;2025-06-24;2025-06-25;2025-06-26;2025-06-27;2025-06-28;2025-06-29;2025-06-30;2025-07-01;2025-07-02;2025-07-03;2025-07-04;2025-07-05;2025-07-06;2025-07-07;2025-07-08;2025-07-09;2025-07-10;2025-07-11;2025-07-12;2025-07-13;2025-07-14;2025-07-15;2025-07-16;2025-07-17;2025-07-18;2025-07-19,28,10706.340569476564,2025-06-22;2025-06-23;2025-06-24;2025-06-25;2025-06-26;2025-06-27;2025-06-28;2025-06-29;2025-06-30;2025-07-01;2025-07-02;2025-07-03;2025-07-04;2025-07-05;2025-07-06;2025-07-07;2025-07-08;2025-07-09;2025-07-10;2025-07-11;2025-07-12;2025-07-13;2025-07-14;2025-07-15;2025-07-16;2025-07-17;2025-07-18;2025-07-19,2025-07-06;2025-07-07;2025-07-08;2025-07-09;2025-07-10;2025-07-11;2025-07-12;2025-07-13;2025-07-14;2025-07-15;2025-07-16;2025-07-17;2025-07-18;2025-07-19,,2025-07-19,9287.87407161621,10504.32036737761,10487.87407161621,27.998043815051144,35.249835307346686,19.09388997489883,32.45592736139374,85561.20950533682,154.0044151532406,11466.334438392281,53835.6420245323,603.2320491971768,54438.87407372948,53835.64202453231,53835.64197069667,41331.17056526407,1723.9901814134014,lexicographic,5.3835641970696677e-05,4.133117052393288e-05,False,0.20071720000123605,0.0,1,0
2025-07-21,False,calendar_trend,4,1.0,7,1.0,0,calibrated_quantile,2025-06-23;2025-06-24;2025-06-25;2025-06-26;2025-06-27;2025-06-28;2025-06-29;2025-06-30;2025-07-01;2025-07-02;2025-07-03;2025-07-04;2025-07-05;2025-07-06;2025-07-07;2025-07-08;2025-07-09;2025-07-10;2025-07-11;2025-07-12;2025-07-13;2025-07-14;2025-07-15;2025-07-16;2025-07-17;2025-07-18;2025-07-19;2025-07-20,28,10673.155872762696,2025-06-23;2025-06-24;2025-06-25;2025-06-26;2025-06-27;2025-06-28;2025-06-29;2025-06-30;2025-07-01;2025-07-02;2025-07-03;2025-07-04;2025-07-05;2025-07-06;2025-07-07;2025-07-08;2025-07-09;2025-07-10;2025-07-11;2025-07-12;2025-07-13;2025-07-14;2025-07-15;2025-07-16;2025-07-17;2025-07-18;2025-07-19;2025-07-20,2025-07-07;2025-07-08;2025-07-09;2025-07-10;2025-07-11;2025-07-12;2025-07-13;2025-07-14;2025-07-15;2025-07-16;2025-07-17;2025-07-18;2025-07-19;2025-07-20,,2025-07-20,9271.427775854816,10487.87407161621,10471.427775854816,30.608638417276982,38.117490821510735,25.732840236095235,44.408590393932805,84739.04168249364,519.2861529702943,9105.738430506812,53177.54455151984,1741.2711837619413,54918.81573528178,53177.54455151984,53177.54449834228,41406.00756625817,1707.4772085386294,lexicographic,5.3177544498342284e-05,4.1406007524852164e-05,False,0.17431829999986803,0.0,1,0
2025-07-22,False,calendar_trend,4,1.0,7,1.0,0,calibrated_quantile,2025-06-24;2025-06-25;2025-06-26;2025-06-27;2025-06-28;2025-06-29;2025-06-30;2025-07-01;2025-07-02;2025-07-03;2025-07-04;2025-07-05;2025-07-06;2025-07-07;2025-07-08;2025-07-09;2025-07-10;2025-07-11;2025-07-12;2025-07-13;2025-07-14;2025-07-15;2025-07-16;2025-07-17;2025-07-18;2025-07-19;2025-07-20;2025-07-21,28,10786.759976472054,2025-06-24;2025-06-25;2025-06-26;2025-06-27;2025-06-28;2025-06-29;2025-06-30;2025-07-01;2025-07-02;2025-07-03;2025-07-04;2025-07-05;2025-07-06;2025-07-07;2025-07-08;2025-07-09;2025-07-10;2025-07-11;2025-07-12;2025-07-13;2025-07-14;2025-07-15;2025-07-16;2025-07-17;2025-07-18;2025-07-19;2025-07-20;2025-07-21,2025-07-08;2025-07-09;2025-07-10;2025-07-11;2025-07-12;2025-07-13;2025-07-14;2025-07-15;2025-07-16;2025-07-17;2025-07-18;2025-07-19;2025-07-20;2025-07-21,,2025-07-21,9237.956133497157,10471.427775854816,10437.956133497157,31.62034513949657,39.78530039098672,30.330564787121958,60.196401189011674,87040.48574530751,589.8852651105017,11689.62218916393,54732.24468693592,2515.4180549276866,57247.662741863605,54732.24468693593,54732.24463220367,41401.55964842174,1694.0798428975602,lexicographic,5.473224463220367e-05,4.140155960702017e-05,False,0.1537906000012299,3.988119432928769e-16,1,0
2025-07-23,False,calendar_trend,4,1.0,7,1.0,0,calibrated_quantile,2025-06-25;2025-06-26;2025-06-27;2025-06-28;2025-06-29;2025-06-30;2025-07-01;2025-07-02;2025-07-03;2025-07-04;2025-07-05;2025-07-06;2025-07-07;2025-07-08;2025-07-09;2025-07-10;2025-07-11;2025-07-12;2025-07-13;2025-07-14;2025-07-15;2025-07-16;2025-07-17;2025-07-18;2025-07-19;2025-07-20;2025-07-21;2025-07-22,28,9984.434835295455,2025-06-25;2025-06-26;2025-06-27;2025-06-28;2025-06-29;2025-06-30;2025-07-01;2025-07-02;2025-07-03;2025-07-04;2025-07-05;2025-07-06;2025-07-07;2025-07-08;2025-07-09;2025-07-10;2025-07-11;2025-07-12;2025-07-13;2025-07-14;2025-07-15;2025-07-16;2025-07-17;2025-07-18;2025-07-19;2025-07-20;2025-07-21;2025-07-22,2025-07-09;2025-07-10;2025-07-11;2025-07-12;2025-07-13;2025-07-14;2025-07-15;2025-07-16;2025-07-17;2025-07-18;2025-07-19;2025-07-20;2025-07-21;2025-07-22,,2025-07-22,9204.4844911395,10437.956133497157,10404.4844911395,27.741890392258206,34.40814476502167,27.74243242635903,47.29737537113821,83813.69431150032,668.0939235468024,8169.323040560161,52517.64360283769,2924.9669472193805,55442.61055005707,52517.64360283769,52517.64355032005,40457.52323984647,1698.0545341600423,lexicographic,5.2517643550320055e-05,4.045752319938894e-05,False,0.17490239999824553,0.0,1,0
2025-07-24,False,calendar_trend,4,1.0,7,1.0,0,calibrated_quantile,2025-06-26;2025-06-27;2025-06-28;2025-06-29;2025-06-30;2025-07-01;2025-07-02;2025-07-03;2025-07-04;2025-07-05;2025-07-06;2025-07-07;2025-07-08;2025-07-09;2025-07-10;2025-07-11;2025-07-12;2025-07-13;2025-07-14;2025-07-15;2025-07-16;2025-07-17;2025-07-18;2025-07-19;2025-07-20;2025-07-21;2025-07-22;2025-07-23,28,9908.573593419553,2025-06-26;2025-06-27;2025-06-28;2025-06-29;2025-06-30;2025-07-01;2025-07-02;2025-07-03;2025-07-04;2025-07-05;2025-07-06;2025-07-07;2025-07-08;2025-07-09;2025-07-10;2025-07-11;2025-07-12;2025-07-13;2025-07-14;2025-07-15;2025-07-16;2025-07-17;2025-07-18;2025-07-19;2025-07-20;2025-07-21;2025-07-22;2025-07-23,2025-07-10;2025-07-11;2025-07-12;2025-07-13;2025-07-14;2025-07-15;2025-07-16;2025-07-17;2025-07-18;2025-07-19;2025-07-20;2025-07-21;2025-07-22;2025-07-23,,2025-07-23,9171.012848781838,10404.4844911395,10371.012848781838,32.93804565392257,39.575207249573964,30.771118386702614,51.67070159456701,82148.58111195223,1214.642775978552,7615.012694344466,51515.516273321,4781.248484716274,56296.76475803727,51515.516273321,51515.51622180547,41138.12443940057,1695.8595608690348,lexicographic,5.151551622180547e-05,4.113812439826244e-05,False,0.19442459999845596,2.8247635461347317e-16,1,0
2025-07-25,False,calendar_trend,4,1.0,7,1.0,0,calibrated_quantile,2025-06-27;2025-06-28;2025-06-29;2025-06-30;2025-07-01;2025-07-02;2025-07-03;2025-07-04;2025-07-05;2025-07-06;2025-07-07;2025-07-08;2025-07-09;2025-07-10;2025-07-11;2025-07-12;2025-07-13;2025-07-14;2025-07-15;2025-07-16;2025-07-17;2025-07-18;2025-07-19;2025-07-20;2025-07-21;2025-07-22;2025-07-23;2025-07-24,28,10090.332928237585,2025-06-27;2025-06-28;2025-06-29;2025-06-30;2025-07-01;2025-07-02;2025-07-03;2025-07-04;2025-07-05;2025-07-06;2025-07-07;2025-07-08;2025-07-09;2025-07-10;2025-07-11;2025-07-12;2025-07-13;2025-07-14;2025-07-15;2025-07-16;2025-07-17;2025-07-18;2025-07-19;2025-07-20;2025-07-21;2025-07-22;2025-07-23;2025-07-24,2025-07-11;2025-07-12;2025-07-13;2025-07-14;2025-07-15;2025-07-16;2025-07-17;2025-07-18;2025-07-19;2025-07-20;2025-07-21;2025-07-22;2025-07-23;2025-07-24,,2025-07-24,9137.541206424172,10371.012848781838,10337.541206424172,29.913822884834318,36.24951952274829,21.262168006761012,38.00338305796941,42952.448743627334,298.9393714439053,14719.379055712092,25014.727928053737,1208.0497164729577,26222.777644526694,25014.727928053737,25014.72790303901,39142.1801224178,1503.30395134261,lexicographic,2.501472790303901e-05,3.914218008327563e-05,False,0.18909260000145878,0.0,1,0
2025-07-26,False,calendar_trend,4,1.0,7,1.0,0,calibrated_quantile,2025-06-28;2025-06-29;2025-06-30;2025-07-01;2025-07-02;2025-07-03;2025-07-04;2025-07-05;2025-07-06;2025-07-07;2025-07-08;2025-07-09;2025-07-10;2025-07-11;2025-07-12;2025-07-13;2025-07-14;2025-07-15;2025-07-16;2025-07-17;2025-07-18;2025-07-19;2025-07-20;2025-07-21;2025-07-22;2025-07-23;2025-07-24;2025-07-25,28,10270.264688552958,2025-06-28;2025-06-29;2025-06-30;2025-07-01;2025-07-02;2025-07-03;2025-07-04;2025-07-05;2025-07-06;2025-07-07;2025-07-08;2025-07-09;2025-07-10;2025-07-11;2025-07-12;2025-07-13;2025-07-14;2025-07-15;2025-07-16;2025-07-17;2025-07-18;2025-07-19;2025-07-20;2025-07-21;2025-07-22;2025-07-23;2025-07-24;2025-07-25,2025-07-12;2025-07-13;2025-07-14;2025-07-15;2025-07-16;2025-07-17;2025-07-18;2025-07-19;2025-07-20;2025-07-21;2025-07-22;2025-07-23;2025-07-24;2025-07-25,,2025-07-25,9104.06956406651,10337.541206424172,10304.06956406651,36.059311361637555,44.21325267027334,23.33075787670866,43.216125542918206,42866.41823024484,767.7441839550831,13141.90957509548,24880.4537838757,2377.648475866604,27258.102259742303,24880.4537838757,24880.45375899526,39075.14393757843,1536.4582692774816,lexicographic,2.488045375899526e-05,3.9075143898503296e-05,False,0.1913605000008829,0.0,1,0
2025-07-27,False,calendar_trend,4,1.0,7,1.0,0,calibrated_quantile,2025-06-29;2025-06-30;2025-07-01;2025-07-02;2025-07-03;2025-07-04;2025-07-05;2025-07-06;2025-07-07;2025-07-08;2025-07-09;2025-07-10;2025-07-11;2025-07-12;2025-07-13;2025-07-14;2025-07-15;2025-07-16;2025-07-17;2025-07-18;2025-07-19;2025-07-20;2025-07-21;2025-07-22;2025-07-23;2025-07-24;2025-07-25;2025-07-26,28,10381.268689769107,2025-06-29;2025-06-30;2025-07-01;2025-07-02;2025-07-03;2025-07-04;2025-07-05;2025-07-06;2025-07-07;2025-07-08;2025-07-09;2025-07-10;2025-07-11;2025-07-12;2025-07-13;2025-07-14;2025-07-15;2025-07-16;2025-07-17;2025-07-18;2025-07-19;2025-07-20;2025-07-21;2025-07-22;2025-07-23;2025-07-24;2025-07-25;2025-07-26,2025-07-13;2025-07-14;2025-07-15;2025-07-16;2025-07-17;2025-07-18;2025-07-19;2025-07-20;2025-07-21;2025-07-22;2025-07-23;2025-07-24;2025-07-25;2025-07-26,,2025-07-26,9070.597921708852,10304.06956406651,10270.597921708852,42.5666614392327,50.835966538185836,26.438168755386144,47.7192166463743,80435.0850403514,1730.2506629149134,6401.664756152188,50022.46868353902,7215.2135529064,57237.68223644541,50022.46868353902,50022.46863351653,40126.22155642903,1647.8842090314238,lexicographic,5.002246863351654e-05,4.01262215564296e-05,False,0.1965070000005653,0.0,1,0
2025-07-28,False,calendar_trend,4,1.0,7,1.0,0,calibrated_quantile,2025-06-30;2025-07-01;2025-07-02;2025-07-03;2025-07-04;2025-07-05;2025-07-06;2025-07-07;2025-07-08;2025-07-09;2025-07-10;2025-07-11;2025-07-12;2025-07-13;2025-07-14;2025-07-15;2025-07-16;2025-07-17;2025-07-18;2025-07-19;2025-07-20;2025-07-21;2025-07-22;2025-07-23;2025-07-24;2025-07-25;2025-07-26;2025-07-27,28,10528.311901276218,2025-06-30;2025-07-01;2025-07-02;2025-07-03;2025-07-04;2025-07-05;2025-07-06;2025-07-07;2025-07-08;2025-07-09;2025-07-10;2025-07-11;2025-07-12;2025-07-13;2025-07-14;2025-07-15;2025-07-16;2025-07-17;2025-07-18;2025-07-19;2025-07-20;2025-07-21;2025-07-22;2025-07-23;2025-07-24;2025-07-25;2025-07-26;2025-07-27,2025-07-14;2025-07-15;2025-07-16;2025-07-17;2025-07-18;2025-07-19;2025-07-20;2025-07-21;2025-07-22;2025-07-23;2025-07-24;2025-07-25;2025-07-26;2025-07-27,,2025-07-27,9037.126279351194,10270.597921708852,10237.126279351194,42.80225376752649,51.39953542116855,33.12510665611894,65.23279451257947,81262.96328955176,2591.851913173009,3777.847993853883,50485.27194222639,10001.397875326726,60486.66981755312,50485.27194222638,50485.271891741126,40954.78929647432,1671.3852052072582,lexicographic,5.048527189174113e-05,4.0954789255519536e-05,False,0.14808029999767314,0.0,1,0
2025-07-29,False,calendar_trend,4,1.0,7,1.0,0,calibrated_quantile,2025-07-01;2025-07-02;2025-07-03;2025-07-04;2025-07-05;2025-07-06;2025-07-07;2025-07-08;2025-07-09;2025-07-10;2025-07-11;2025-07-12;2025-07-13;2025-07-14;2025-07-15;2025-07-16;2025-07-17;2025-07-18;2025-07-19;2025-07-20;2025-07-21;2025-07-22;2025-07-23;2025-07-24;2025-07-25;2025-07-26;2025-07-27;2025-07-28,28,10971.604703543064,2025-07-01;2025-07-02;2025-07-03;2025-07-04;2025-07-05;2025-07-06;2025-07-07;2025-07-08;2025-07-09;2025-07-10;2025-07-11;2025-07-12;2025-07-13;2025-07-14;2025-07-15;2025-07-16;2025-07-17;2025-07-18;2025-07-19;2025-07-20;2025-07-21;2025-07-22;2025-07-23;2025-07-24;2025-07-25;2025-07-26;2025-07-27;2025-07-28,2025-07-15;2025-07-16;2025-07-17;2025-07-18;2025-07-19;2025-07-20;2025-07-21;2025-07-22;2025-07-23;2025-07-24;2025-07-25;2025-07-26;2025-07-27;2025-07-28,,2025-07-28,9304.32036737761,10237.126279351194,10504.32036737761,30.490603223474377,37.17598666995518,26.654088455037463,52.95462719777636,87520.55703449587,633.0075492189791,9551.46910011088,54729.137283453834,2478.193150316188,57207.330433770025,54729.137283453834,54729.137228724714,43054.489765505816,1702.034618870015,lexicographic,5.472913722872472e-05,4.305448972245132e-05,False,0.16194929999983287,0.0,1,0
2025-07-30,False,calendar_trend,4,1.0,7,1.0,0,calibrated_quantile,2025-07-02;2025-07-03;2025-07-04;2025-07-05;2025-07-06;2025-07-07;2025-07-08;2025-07-09;2025-07-10;2025-07-11;2025-07-12;2025-07-13;2025-07-14;2025-07-15;2025-07-16;2025-07-17;2025-07-18;2025-07-19;2025-07-20;2025-07-21;2025-07-22;2025-07-23;2025-07-24;2025-07-25;2025-07-26;2025-07-27;2025-07-28;2025-07-29,28,10503.374716039145,2025-07-02;2025-07-03;2025-07-04;2025-07-05;2025-07-06;2025-07-07;2025-07-08;2025-07-09;2025-07-10;2025-07-11;2025-07-12;2025-07-13;2025-07-14;2025-07-15;2025-07-16;2025-07-17;2025-07-18;2025-07-19;2025-07-20;2025-07-21;2025-07-22;2025-07-23;2025-07-24;2025-07-25;2025-07-26;2025-07-27;2025-07-28;2025-07-29,2025-07-16;2025-07-17;2025-07-18;2025-07-19;2025-07-20;2025-07-21;2025-07-22;2025-07-23;2025-07-24;2025-07-25;2025-07-26;2025-07-27;2025-07-28;2025-07-29,,2025-07-29,9287.87407161621,10504.32036737761,10487.87407161621,27.012000602332925,33.57270554300518,28.312523179537834,55.75766069412063,87427.8564962404,255.71890367083813,11287.570415193519,54617.38632592108,1041.6654065880803,55659.05173250916,54617.38632592108,54617.38627130369,43874.31428170955,1673.1423244123828,lexicographic,5.461738627130369e-05,4.387431423783523e-05,False,0.1466327000016463,0.0,1,0
2025-07-31,False,calendar_trend,4,1.0,7,1.0,0,calibrated_quantile,2025-07-03;2025-07-04;2025-07-05;2025-07-06;2025-07-07;2025-07-08;2025-07-09;2025-07-10;2025-07-11;2025-07-12;2025-07-13;2025-07-14;2025-07-15;2025-07-16;2025-07-17;2025-07-18;2025-07-19;2025-07-20;2025-07-21;2025-07-22;2025-07-23;2025-07-24;2025-07-25;2025-07-26;2025-07-27;2025-07-28;2025-07-29;2025-07-30,28,10036.525730684632,2025-07-03;2025-07-04;2025-07-05;2025-07-06;2025-07-07;2025-07-08;2025-07-09;2025-07-10;2025-07-11;2025-07-12;2025-07-13;2025-07-14;2025-07-15;2025-07-16;2025-07-17;2025-07-18;2025-07-19;2025-07-20;2025-07-21;2025-07-22;2025-07-23;2025-07-24;2025-07-25;2025-07-26;2025-07-27;2025-07-28;2025-07-29;2025-07-30,2025-07-17;2025-07-18;2025-07-19;2025-07-20;2025-07-21;2025-07-22;2025-07-23;2025-07-24;2025-07-25;2025-07-26;2025-07-27;2025-07-28;2025-07-29;2025-07-30,,2025-07-30,9271.427775854816,10487.87407161621,10471.427775854816,30.538300708912086,37.58812177123229,20.12062212825252,37.444938638441435,86591.00852094864,271.2060451316325,9904.200735333136,54072.133886972086,1061.4866963908303,55133.620583362914,54072.13388697209,54072.13383289997,43309.38023960177,1669.1496424759412,lexicographic,5.4072133832899976e-05,4.3309380196292385e-05,False,0.07393870000305469,0.0,1,0
2025-08-01,False,calendar_trend,4,1.0,7,1.0,0,calibrated_quantile,2025-07-04;2025-07-05;2025-07-06;2025-07-07;2025-07-08;2025-07-09;2025-07-10;2025-07-11;2025-07-12;2025-07-13;2025-07-14;2025-07-15;2025-07-16;2025-07-17;2025-07-18;2025-07-19;2025-07-20;2025-07-21;2025-07-22;2025-07-23;2025-07-24;2025-07-25;2025-07-26;2025-07-27;2025-07-28;2025-07-29;2025-07-30;2025-07-31,28,9642.007546445544,2025-07-04;2025-07-05;2025-07-06;2025-07-07;2025-07-08;2025-07-09;2025-07-10;2025-07-11;2025-07-12;2025-07-13;2025-07-14;2025-07-15;2025-07-16;2025-07-17;2025-07-18;2025-07-19;2025-07-20;2025-07-21;2025-07-22;2025-07-23;2025-07-24;2025-07-25;2025-07-26;2025-07-27;2025-07-28;2025-07-29;2025-07-30;2025-07-31,2025-07-18;2025-07-19;2025-07-20;2025-07-21;2025-07-22;2025-07-23;2025-07-24;2025-07-25;2025-07-26;2025-07-27;2025-07-28;2025-07-29;2025-07-30;2025-07-31,,2025-07-31,9237.956133497157,10471.427775854816,10437.956133497157,24.01593924972247,30.807636341205612,58.69333088976084,93.92165313215038,44747.03142717776,131.48649138414845,21589.884100501393,26182.312087840764,310.42565309570574,26492.73774093647,26182.31208784076,26182.312061658453,39343.2886377439,1496.6454357346288,lexicographic,2.6182312061658453e-05,3.93432885984006e-05,False,0.33881839999958174,0.0,1,0
2025-08-02,False,calendar_trend,4,1.0,7,1.0,0,calibrated_quantile,2025-07-05;2025-07-06;2025-07-07;2025-07-08;2025-07-09;2025-07-10;2025-07-11;2025-07-12;2025-07-13;2025-07-14;2025-07-15;2025-07-16;2025-07-17;2025-07-18;2025-07-19;2025-07-20;2025-07-21;2025-07-22;2025-07-23;2025-07-24;2025-07-25;2025-07-26;2025-07-27;2025-07-28;2025-07-29;2025-07-30;2025-07-31;2025-08-01,28,9179.66065920801,2025-07-05;2025-07-06;2025-07-07;2025-07-08;2025-07-09;2025-07-10;2025-07-11;2025-07-12;2025-07-13;2025-07-14;2025-07-15;2025-07-16;2025-07-17;2025-07-18;2025-07-19;2025-07-20;2025-07-21;2025-07-22;2025-07-23;2025-07-24;2025-07-25;2025-07-26;2025-07-27;2025-07-28;2025-07-29;2025-07-30;2025-07-31;2025-08-01,2025-07-19;2025-07-20;2025-07-21;2025-07-22;2025-07-23;2025-07-24;2025-07-25;2025-07-26;2025-07-27;2025-07-28;2025-07-29;2025-07-30;2025-07-31;2025-08-01,,2025-08-01,9204.4844911395,10437.956133497157,10404.4844911395,25.223374547792805,32.103802773813236,43.706117609492054,79.01647610370776,44333.76962582713,31.874455912861457,21404.87321693873,25976.914909185634,147.1409622317159,26124.05587141735,25976.914909185634,25976.914883208712,39276.25245915128,1516.4824701295274,lexicographic,2.5976914883208715e-05,3.9276252419875036e-05,False,0.20183819999874686,0.0,1,0
2025-08-03,False,calendar_trend,4,1.0,7,1.0,0,calibrated_quantile,2025-07-06;2025-07-07;2025-07-08;2025-07-09;2025-07-10;2025-07-11;2025-07-12;2025-07-13;2025-07-14;2025-07-15;2025-07-16;2025-07-17;2025-07-18;2025-07-19;2025-07-20;2025-07-21;2025-07-22;2025-07-23;2025-07-24;2025-07-25;2025-07-26;2025-07-27;2025-07-28;2025-07-29;2025-07-30;2025-07-31;2025-08-01;2025-08-02,28,8910.141496859427,2025-07-06;2025-07-07;2025-07-08;2025-07-09;2025-07-10;2025-07-11;2025-07-12;2025-07-13;2025-07-14;2025-07-15;2025-07-16;2025-07-17;2025-07-18;2025-07-19;2025-07-20;2025-07-21;2025-07-22;2025-07-23;2025-07-24;2025-07-25;2025-07-26;2025-07-27;2025-07-28;2025-07-29;2025-07-30;2025-07-31;2025-08-01;2025-08-02,2025-07-20;2025-07-21;2025-07-22;2025-07-23;2025-07-24;2025-07-25;2025-07-26;2025-07-27;2025-07-28;2025-07-29;2025-07-30;2025-07-31;2025-08-01;2025-08-02,,2025-08-02,9171.012848781838,10404.4844911395,10371.012848781838,31.316905698476653,38.881493159352964,63.435224940441735,103.94554808551462,81225.12850353282,708.0840321485542,16974.099135028875,50699.938551545405,2611.361522511641,53311.30007405704,50699.938551545405,50699.938500845485,40908.11469032499,1622.1084231813006,lexicographic,5.069993850084549e-05,4.0908114649416875e-05,False,0.2386755000006815,0.0,1,0
2025-08-04,False,calendar_trend,4,1.0,7,1.0,0,calibrated_quantile,2025-07-07;2025-07-08;2025-07-09;2025-07-10;2025-07-11;2025-07-12;2025-07-13;2025-07-14;2025-07-15;2025-07-16;2025-07-17;2025-07-18;2025-07-19;2025-07-20;2025-07-21;2025-07-22;2025-07-23;2025-07-24;2025-07-25;2025-07-26;2025-07-27;2025-07-28;2025-07-29;2025-07-30;2025-07-31;2025-08-01;2025-08-02;2025-08-03,28,8823.497994517755,2025-07-07;2025-07-08;2025-07-09;2025-07-10;2025-07-11;2025-07-12;2025-07-13;2025-07-14;2025-07-15;2025-07-16;2025-07-17;2025-07-18;2025-07-19;2025-07-20;2025-07-21;2025-07-22;2025-07-23;2025-07-24;2025-07-25;2025-07-26;2025-07-27;2025-07-28;2025-07-29;2025-07-30;2025-07-31;2025-08-01;2025-08-02;2025-08-03,2025-07-21;2025-07-22;2025-07-23;2025-07-24;2025-07-25;2025-07-26;2025-07-27;2025-07-28;2025-07-29;2025-07-30;2025-07-31;2025-08-01;2025-08-02;2025-08-03,,2025-08-03,9137.541206424172,10371.012848781838,10337.541206424172,30.813755761059912,38.95104099934915,31.61518839229838,56.343016176173556,79476.41510018558,221.87222311734615,12210.358003982337,49687.6339427956,675.849274180039,50363.483216975634,49687.633942795605,49687.63389310795,40008.29024501894,1656.9096494473552,lexicographic,4.9687633893107954e-05,4.0008290205010644e-05,False,0.2643151999982365,0.0,1,0
2025-08-05,False,calendar_trend,4,1.0,7,1.0,0,calibrated_quantile,2025-07-08;2025-07-09;2025-07-10;2025-07-11;2025-07-12;2025-07-13;2025-07-14;2025-07-15;2025-07-16;2025-07-17;2025-07-18;2025-07-19;2025-07-20;2025-07-21;2025-07-22;2025-07-23;2025-07-24;2025-07-25;2025-07-26;2025-07-27;2025-07-28;2025-07-29;2025-07-30;2025-07-31;2025-08-01;2025-08-02;2025-08-03;2025-08-04,28,8889.747925179381,2025-07-08;2025-07-09;2025-07-10;2025-07-11;2025-07-12;2025-07-13;2025-07-14;2025-07-15;2025-07-16;2025-07-17;2025-07-18;2025-07-19;2025-07-20;2025-07-21;2025-07-22;2025-07-23;2025-07-24;2025-07-25;2025-07-26;2025-07-27;2025-07-28;2025-07-29;2025-07-30;2025-07-31;2025-08-01;2025-08-02;2025-08-03;2025-08-04,2025-07-22;2025-07-23;2025-07-24;2025-07-25;2025-07-26;2025-07-27;2025-07-28;2025-07-29;2025-07-30;2025-07-31;2025-08-01;2025-08-02;2025-08-03;2025-08-04,,2025-08-04,9104.06956406651,10337.541206424172,10304.06956406651,31.56219033430471,40.064149964327186,20.37244439953487,33.524024452875196,78166.46900976045,287.34400844207585,11237.636030321382,48978.723047407184,1036.505130894697,50015.228178301884,48978.723047407184,48978.722998428464,39848.55759766894,1633.07108859922,lexicographic,4.8978722998428465e-05,3.9848557557820384e-05,False,0.2106750999992073,0.0,1,0
2025-08-06,False,calendar_trend,4,1.0,7,1.0,0,calibrated_quantile,2025-07-09;2025-07-10;2025-07-11;2025-07-12;2025-07-13;2025-07-14;2025-07-15;2025-07-16;2025-07-17;2025-07-18;2025-07-19;2025-07-20;2025-07-21;2025-07-22;2025-07-23;2025-07-24;2025-07-25;2025-07-26;2025-07-27;2025-07-28;2025-07-29;2025-07-30;2025-07-31;2025-08-01;2025-08-02;2025-08-03;2025-08-04;2025-08-05,28,9008.34674091489,2025-07-09;2025-07-10;2025-07-11;2025-07-12;2025-07-13;2025-07-14;2025-07-15;2025-07-16;2025-07-17;2025-07-18;2025-07-19;2025-07-20;2025-07-21;2025-07-22;2025-07-23;2025-07-24;2025-07-25;2025-07-26;2025-07-27;2025-07-28;2025-07-29;2025-07-30;2025-07-31;2025-08-01;2025-08-02;2025-08-03;2025-08-04;2025-08-05,2025-07-23;2025-07-24;2025-07-25;2025-07-26;2025-07-27;2025-07-28;2025-07-29;2025-07-30;2025-07-31;2025-08-01;2025-08-02;2025-08-03;2025-08-04;2025-08-05,,2025-08-05,9070.597921708852,10304.06956406651,10270.597921708852,31.670628759721613,39.147428480547255,34.95537545981356,67.17290833637021,77033.81858544433,1991.1652512260343,8904.035293953959,48274.32355849974,8236.950273379687,56511.27383187943,48274.32355849974,48274.32351022543,38759.516006206104,1667.6912123804154,lexicographic,4.8274323510225437e-05,3.875951596744659e-05,False,0.2015553999990516,0.0,1,0
2025-08-07,False,calendar_trend,4,1.0,7,1.0,0,calibrated_quantile,2025-07-10;2025-07-11;2025-07-12;2025-07-13;2025-07-14;2025-07-15;2025-07-16;2025-07-17;2025-07-18;2025-07-19;2025-07-20;2025-07-21;2025-07-22;2025-07-23;2025-07-24;2025-07-25;2025-07-26;2025-07-27;2025-07-28;2025-07-29;2025-07-30;2025-07-31;2025-08-01;2025-08-02;2025-08-03;2025-08-04;2025-08-05;2025-08-06,28,9265.913595927945,2025-07-10;2025-07-11;2025-07-12;2025-07-13;2025-07-14;2025-07-15;2025-07-16;2025-07-17;2025-07-18;2025-07-19;2025-07-20;2025-07-21;2025-07-22;2025-07-23;2025-07-24;2025-07-25;2025-07-26;2025-07-27;2025-07-28;2025-07-29;2025-07-30;2025-07-31;2025-08-01;2025-08-02;2025-08-03;2025-08-04;2025-08-05;2025-08-06,2025-07-24;2025-07-25;2025-07-26;2025-07-27;2025-07-28;2025-07-29;2025-07-30;2025-07-31;2025-08-01;2025-08-02;2025-08-03;2025-08-04;2025-08-05;2025-08-06,,2025-08-06,9037.126279351194,10270.597921708852,10237.126279351194,30.4280778831865,38.29190374332666,18.676441383910106,35.21957684559087,76315.66156323912,300.4315895190539,11250.28613295275,47995.62945880603,1022.7060349809663,49018.335493786995,47995.62945880603,47995.62941081041,38213.69338756374,1655.272258336171,lexicographic,4.7995629410810415e-05,3.8213693349350056e-05,False,0.18976459999976214,0.0,1,0
2025-08-08,False,calendar_trend,4,1.0,7,1.0,0,calibrated_quantile,2025-07-11;2025-07-12;2025-07-13;2025-07-14;2025-07-15;2025-07-16;2025-07-17;2025-07-18;2025-07-19;2025-07-20;2025-07-21;2025-07-22;2025-07-23;2025-07-24;2025-07-25;2025-07-26;2025-07-27;2025-07-28;2025-07-29;2025-07-30;2025-07-31;2025-08-01;2025-08-02;2025-08-03;2025-08-04;2025-08-05;2025-08-06;2025-08-07,28,9388.499915096927,2025-07-11;2025-07-12;2025-07-13;2025-07-14;2025-07-15;2025-07-16;2025-07-17;2025-07-18;2025-07-19;2025-07-20;2025-07-21;2025-07-22;2025-07-23;2025-07-24;2025-07-25;2025-07-26;2025-07-27;2025-07-28;2025-07-29;2025-07-30;2025-07-31;2025-08-01;2025-08-02;2025-08-03;2025-08-04;2025-08-05;2025-08-06;2025-08-07,2025-07-25;2025-07-26;2025-07-27;2025-07-28;2025-07-29;2025-07-30;2025-07-31;2025-08-01;2025-08-02;2025-08-03;2025-08-04;2025-08-05;2025-08-06;2025-08-07,,2025-08-07,9003.654636993533,10237.126279351194,10203.654636993533,22.561959111596316,28.896417463321107,29.969133742279098,50.81831497844725,43077.28346410843,49.07379875229964,25338.609403455077,24949.978883778283,209.72082365356215,25159.699707431846,24949.978883778283,24949.978858828305,38874.03533996795,1498.1728151901548,lexicographic,2.4949978858828308e-05,3.887403530109392e-05,False,0.2276687999983551,0.0,1,0
2025-08-09,False,calendar_trend,4,1.0,7,1.0,0,calibrated_quantile,2025-07-12;2025-07-13;2025-07-14;2025-07-15;2025-07-16;2025-07-17;2025-07-18;2025-07-19;2025-07-20;2025-07-21;2025-07-22;2025-07-23;2025-07-24;2025-07-25;2025-07-26;2025-07-27;2025-07-28;2025-07-29;2025-07-30;2025-07-31;2025-08-01;2025-08-02;2025-08-03;2025-08-04;2025-08-05;2025-08-06;2025-08-07;2025-08-08,28,8740.780521455305,2025-07-12;2025-07-13;2025-07-14;2025-07-15;2025-07-16;2025-07-17;2025-07-18;2025-07-19;2025-07-20;2025-07-21;2025-07-22;2025-07-23;2025-07-24;2025-07-25;2025-07-26;2025-07-27;2025-07-28;2025-07-29;2025-07-30;2025-07-31;2025-08-01;2025-08-02;2025-08-03;2025-08-04;2025-08-05;2025-08-06;2025-08-07;2025-08-08,2025-07-26;2025-07-27;2025-07-28;2025-07-29;2025-07-30;2025-07-31;2025-08-01;2025-08-02;2025-08-03;2025-08-04;2025-08-05;2025-08-06;2025-08-07;2025-08-08,,2025-08-08,8970.182994635867,10203.654636993533,10170.182994635867,25.81482333869549,32.32109279066081,31.111568920665654,59.147542965628624,42819.224434926706,760.1902930883235,22648.4373411734,24871.273903963072,2811.533386743627,27682.8072907067,24871.27390396307,24871.2738790918,38806.999111251724,1528.1668726469127,lexicographic,2.4871273879091802e-05,3.880699911125161e-05,False,0.31682659999933094,0.0,1,0
2025-08-10,False,calendar_trend,4,1.0,7,1.0,0,calibrated_quantile,2025-07-13;2025-07-14;2025-07-15;2025-07-16;2025-07-17;2025-07-18;2025-07-19;2025-07-20;2025-07-21;2025-07-22;2025-07-23;2025-07-24;2025-07-25;2025-07-26;2025-07-27;2025-07-28;2025-07-29;2025-07-30;2025-07-31;2025-08-01;2025-08-02;2025-08-03;2025-08-04;2025-08-05;2025-08-06;2025-08-07;2025-08-08;2025-08-09,28,8823.474823179948,2025-07-13;2025-07-14;2025-07-15;2025-07-16;2025-07-17;2025-07-18;2025-07-19;2025-07-20;2025-07-21;2025-07-22;2025-07-23;2025-07-24;2025-07-25;2025-07-26;2025-07-27;2025-07-28;2025-07-29;2025-07-30;2025-07-31;2025-08-01;2025-08-02;2025-08-03;2025-08-04;2025-08-05;2025-08-06;2025-08-07;2025-08-08;2025-08-09,2025-07-27;2025-07-28;2025-07-29;2025-07-30;2025-07-31;2025-08-01;2025-08-02;2025-08-03;2025-08-04;2025-08-05;2025-08-06;2025-08-07;2025-08-08;2025-08-09,,2025-08-09,8936.711352278206,10170.182994635867,10136.711352278206,25.926083939080705,32.97263264667256,33.75897278862164,65.08674891346519,71282.38688994804,1800.0669256842202,5912.433190609989,45348.41733854585,6580.017166594782,51928.43450514063,45348.41733854585,45348.41729319744,36077.70968668395,1675.5573657348423,lexicographic,4.534841729319744e-05,3.6077709650606244e-05,False,0.27210769999874174,0.0,1,0
2025-08-11,False,calendar_trend,4,1.0,7,1.0,0,calibrated_quantile,2025-07-14;2025-07-15;2025-07-16;2025-07-17;2025-07-18;2025-07-19;2025-07-20;2025-07-21;2025-07-22;2025-07-23;2025-07-24;2025-07-25;2025-07-26;2025-07-27;2025-07-28;2025-07-29;2025-07-30;2025-07-31;2025-08-01;2025-08-02;2025-08-03;2025-08-04;2025-08-05;2025-08-06;2025-08-07;2025-08-08;2025-08-09;2025-08-10,28,9304.627047324091,2025-07-14;2025-07-15;2025-07-16;2025-07-17;2025-07-18;2025-07-19;2025-07-20;2025-07-21;2025-07-22;2025-07-23;2025-07-24;2025-07-25;2025-07-26;2025-07-27;2025-07-28;2025-07-29;2025-07-30;2025-07-31;2025-08-01;2025-08-02;2025-08-03;2025-08-04;2025-08-05;2025-08-06;2025-08-07;2025-08-08;2025-08-09;2025-08-10,2025-07-28;2025-07-29;2025-07-30;2025-07-31;2025-08-01;2025-08-02;2025-08-03;2025-08-04;2025-08-05;2025-08-06;2025-08-07;2025-08-08;2025-08-09;2025-08-10,,2025-08-10,8881.696645309432,10136.711352278206,10081.696645309432,28.36810791098375,36.762434506082236,25.785313072800122,49.34564511280499,72542.71866673158,1093.4166644283919,7223.940911298634,46000.39993836636,5264.513937066915,51264.913875433274,46000.39993836637,46000.39989236597,36211.711317000736,1681.014802951697,lexicographic,4.600039989236597e-05,3.621171128078902e-05,False,0.343867899999168,0.0,1,0
2025-08-12,False,calendar_trend,4,1.0,7,1.0,0,calibrated_quantile,2025-07-15;2025-07-16;2025-07-17;2025-07-18;2025-07-19;2025-07-20;2025-07-21;2025-07-22;2025-07-23;2025-07-24;2025-07-25;2025-07-26;2025-07-27;2025-07-28;2025-07-29;2025-07-30;2025-07-31;2025-08-01;2025-08-02;2025-08-03;2025-08-04;2025-08-05;2025-08-06;2025-08-07;2025-08-08;2025-08-09;2025-08-10;2025-08-11,28,9618.399626678198,2025-07-15;2025-07-16;2025-07-17;2025-07-18;2025-07-19;2025-07-20;2025-07-21;2025-07-22;2025-07-23;2025-07-24;2025-07-25;2025-07-26;2025-07-27;2025-07-28;2025-07-29;2025-07-30;2025-07-31;2025-08-01;2025-08-02;2025-08-03;2025-08-04;2025-08-05;2025-08-06;2025-08-07;2025-08-08;2025-08-09;2025-08-10;2025-08-11,2025-07-29;2025-07-30;2025-07-31;2025-08-01;2025-08-02;2025-08-03;2025-08-04;2025-08-05;2025-08-06;2025-08-07;2025-08-08;2025-08-09;2025-08-10;2025-08-11,,2025-08-11,8826.681938340655,10081.696645309432,10026.681938340655,26.966739167369695,34.02607454205578,44.96436612699475,77.34737778585894,72942.03414060135,2343.549911363727,5645.290454696229,46114.147331120024,9821.133833464126,55935.28116458415,46114.147331120024,46114.14728500588,36759.07967107672,1670.9924248293134,lexicographic,4.611414728500588e-05,3.6759079634317646e-05,False,0.24278400000184774,0.0,1,0
2025-08-13,False,calendar_trend,4,1.0,7,1.0,0,calibrated_quantile,2025-07-16;2025-07-17;2025-07-18;2025-07-19;2025-07-20;2025-07-21;2025-07-22;2025-07-23;2025-07-24;2025-07-25;2025-07-26;2025-07-27;2025-07-28;2025-07-29;2025-07-30;2025-07-31;2025-08-01;2025-08-02;2025-08-03;2025-08-04;2025-08-05;2025-08-06;2025-08-07;2025-08-08;2025-08-09;2025-08-10;2025-08-11;2025-08-12,28,10028.827961073166,2025-07-16;2025-07-17;2025-07-18;2025-07-19;2025-07-20;2025-07-21;2025-07-22;2025-07-23;2025-07-24;2025-07-25;2025-07-26;2025-07-27;2025-07-28;2025-07-29;2025-07-30;2025-07-31;2025-08-01;2025-08-02;2025-08-03;2025-08-04;2025-08-05;2025-08-06;2025-08-07;2025-08-08;2025-08-09;2025-08-10;2025-08-11;2025-08-12,2025-07-30;2025-07-31;2025-08-01;2025-08-02;2025-08-03;2025-08-04;2025-08-05;2025-08-06;2025-08-07;2025-08-08;2025-08-09;2025-08-10;2025-08-11;2025-08-12,,2025-08-12,8771.667231371881,10026.681938340655,9971.667231371881,26.083983274211462,33.846413825107504,26.149237364457242,51.458067756478464,75165.90271789051,1047.972891172482,8205.810680197896,47434.25809885828,4355.118581519356,51789.37668037763,47434.25809885828,47434.25805142401,36898.45477140523,1703.2238809456903,lexicographic,4.743425805142401e-05,3.689845473450679e-05,False,0.1872168000008969,0.0,1,0
2025-08-14,False,calendar_trend,4,1.0,7,1.0,0,calibrated_quantile,2025-07-17;2025-07-18;2025-07-19;2025-07-20;2025-07-21;2025-07-22;2025-07-23;2025-07-24;2025-07-25;2025-07-26;2025-07-27;2025-07-28;2025-07-29;2025-07-30;2025-07-31;2025-08-01;2025-08-02;2025-08-03;2025-08-04;2025-08-05;2025-08-06;2025-08-07;2025-08-08;2025-08-09;2025-08-10;2025-08-11;2025-08-12;2025-08-13,28,10264.869452445859,2025-07-17;2025-07-18;2025-07-19;2025-07-20;2025-07-21;2025-07-22;2025-07-23;2025-07-24;2025-07-25;2025-07-26;2025-07-27;2025-07-28;2025-07-29;2025-07-30;2025-07-31;2025-08-01;2025-08-02;2025-08-03;2025-08-04;2025-08-05;2025-08-06;2025-08-07;2025-08-08;2025-08-09;2025-08-10;2025-08-11;2025-08-12;2025-08-13,2025-07-31;2025-08-01;2025-08-02;2025-08-03;2025-08-04;2025-08-05;2025-08-06;2025-08-07;2025-08-08;2025-08-09;2025-08-10;2025-08-11;2025-08-12;2025-08-13,,2025-08-13,8716.652524403087,9971.667231371881,9916.652524403087,28.775018738315858,36.563451433263545,26.0119598077661,45.21084573389278,75872.31080923352,620.3384080052547,8654.696437102655,47732.025831102364,2952.8087032283056,50684.83453433067,47732.025831102364,47732.02578398035,37365.404812221765,1691.700334720559,lexicographic,4.7732025783980355e-05,3.736540477485636e-05,False,0.4201145000006363,0.0,1,0
2025-08-15,False,calendar_trend,4,1.0,7,1.0,0,calibrated_quantile,2025-07-18;2025-07-19;2025-07-20;2025-07-21;2025-07-22;2025-07-23;2025-07-24;2025-07-25;2025-07-26;2025-07-27;2025-07-28;2025-07-29;2025-07-30;2025-07-31;2025-08-01;2025-08-02;2025-08-03;2025-08-04;2025-08-05;2025-08-06;2025-08-07;2025-08-08;2025-08-09;2025-08-10;2025-08-11;2025-08-12;2025-08-13;2025-08-14,28,10311.829169913994,2025-07-18;2025-07-19;2025-07-20;2025-07-21;2025-07-22;2025-07-23;2025-07-24;2025-07-25;2025-07-26;2025-07-27;2025-07-28;2025-07-29;2025-07-30;2025-07-31;2025-08-01;2025-08-02;2025-08-03;2025-08-04;2025-08-05;2025-08-06;2025-08-07;2025-08-08;2025-08-09;2025-08-10;2025-08-11;2025-08-12;2025-08-13;2025-08-14,2025-08-01;2025-08-02;2025-08-03;2025-08-04;2025-08-05;2025-08-06;2025-08-07;2025-08-08;2025-08-09;2025-08-10;2025-08-11;2025-08-12;2025-08-13;2025-08-14,,2025-08-14,8661.637817434314,9916.652524403087,9861.637817434314,28.097815287784695,34.20835415466818,23.085789436462793,43.78077249773207,43116.896941351246,125.23543509072437,24126.318167153022,25181.927597312577,401.19311017122004,25583.1207074838,25181.927597312577,25181.92757213065,38209.48986612514,1511.6456579046783,lexicographic,2.518192757213065e-05,3.820948982791566e-05,False,0.21509689999948023,0.0,1,0
2025-08-16,False,calendar_trend,4,1.0,7,1.0,0,calibrated_quantile,2025-07-19;2025-07-20;2025-07-21;2025-07-22;2025-07-23;2025-07-24;2025-07-25;2025-07-26;2025-07-27;2025-07-28;2025-07-29;2025-07-30;2025-07-31;2025-08-01;2025-08-02;2025-08-03;2025-08-04;2025-08-05;2025-08-06;2025-08-07;2025-08-08;2025-08-09;2025-08-10;2025-08-11;2025-08-12;2025-08-13;2025-08-14;2025-08-15,28,9861.987203156967,2025-07-19;2025-07-20;2025-07-21;2025-07-22;2025-07-23;2025-07-24;2025-07-25;2025-07-26;2025-07-27;2025-07-28;2025-07-29;2025-07-30;2025-07-31;2025-08-01;2025-08-02;2025-08-03;2025-08-04;2025-08-05;2025-08-06;2025-08-07;2025-08-08;2025-08-09;2025-08-10;2025-08-11;2025-08-12;2025-08-13;2025-08-14;2025-08-15,2025-08-02;2025-08-03;2025-08-04;2025-08-05;2025-08-06;2025-08-07;2025-08-08;2025-08-09;2025-08-10;2025-08-11;2025-08-12;2025-08-13;2025-08-14;2025-08-15,,2025-08-15,8606.623110465538,9861.637817434314,9806.623110465538,26.039249456302784,32.38310923006849,26.65259493420344,53.2216352162856,43202.05300111538,111.70632292257875,24434.190691001586,25242.23326354425,540.2338482906738,25782.467111834925,25242.23326354425,25242.23323830202,38099.30773399287,1473.3030794974256,lexicographic,2.524223323830202e-05,3.809930769589379e-05,False,0.31276590000197757,0.0,1,0
2025-08-17,False,calendar_trend,4,1.0,7,1.0,0,calibrated_quantile,2025-07-20;2025-07-21;2025-07-22;2025-07-23;2025-07-24;2025-07-25;2025-07-26;2025-07-27;2025-07-28;2025-07-29;2025-07-30;2025-07-31;2025-08-01;2025-08-02;2025-08-03;2025-08-04;2025-08-05;2025-08-06;2025-08-07;2025-08-08;2025-08-09;2025-08-10;2025-08-11;2025-08-12;2025-08-13;2025-08-14;2025-08-15;2025-08-16,28,9847.180814527299,2025-07-20;2025-07-21;2025-07-22;2025-07-23;2025-07-24;2025-07-25;2025-07-26;2025-07-27;2025-07-28;2025-07-29;2025-07-30;2025-07-31;2025-08-01;2025-08-02;2025-08-03;2025-08-04;2025-08-05;2025-08-06;2025-08-07;2025-08-08;2025-08-09;2025-08-10;2025-08-11;2025-08-12;2025-08-13;2025-08-14;2025-08-15;2025-08-16,2025-08-03;2025-08-04;2025-08-05;2025-08-06;2025-08-07;2025-08-08;2025-08-09;2025-08-10;2025-08-11;2025-08-12;2025-08-13;2025-08-14;2025-08-15;2025-08-16,,2025-08-16,8551.608403496763,9806.623110465538,9751.608403496763,29.119265376308842,35.405820861500665,22.286425535699774,41.7802390662205,75298.93209601138,184.22996110076463,10403.413219329123,47479.199716740535,885.7221592340366,48364.92187597457,47479.199716740535,47479.19966926132,37416.57987417928,1661.7540877134247,lexicographic,4.747919966926132e-05,3.7416579836762706e-05,False,0.17328919999999925,0.0,1,0
2025-08-18,False,calendar_trend,4,1.0,7,1.0,0,calibrated_quantile,2025-07-21;2025-07-22;2025-07-23;2025-07-24;2025-07-25;2025-07-26;2025-07-27;2025-07-28;2025-07-29;2025-07-30;2025-07-31;2025-08-01;2025-08-02;2025-08-03;2025-08-04;2025-08-05;2025-08-06;2025-08-07;2025-08-08;2025-08-09;2025-08-10;2025-08-11;2025-08-12;2025-08-13;2025-08-14;2025-08-15;2025-08-16;2025-08-17,28,9865.815974678859,2025-07-21;2025-07-22;2025-07-23;2025-07-24;2025-07-25;2025-07-26;2025-07-27;2025-07-28;2025-07-29;2025-07-30;2025-07-31;2025-08-01;2025-08-02;2025-08-03;2025-08-04;2025-08-05;2025-08-06;2025-08-07;2025-08-08;2025-08-09;2025-08-10;2025-08-11;2025-08-12;2025-08-13;2025-08-14;2025-08-15;2025-08-16;2025-08-17,2025-08-04;2025-08-05;2025-08-06;2025-08-07;2025-08-08;2025-08-09;2025-08-10;2025-08-11;2025-08-12;2025-08-13;2025-08-14;2025-08-15;2025-08-16;2025-08-17,,2025-08-17,8496.593696527985,9751.608403496763,9696.593696527985,29.733251198566766,37.74843610753171,20.76792594604606,40.236751931701335,75193.32996293568,541.5788277863887,9402.094593603462,47391.49697324068,2416.3947681863656,49807.89174142705,47391.49697324068,47391.49692584917,37879.10370155529,1647.3156990892708,lexicographic,4.739149692584917e-05,3.787910366367619e-05,False,0.2659477999986848,0.0,1,0
2025-08-19,False,calendar_trend,4,1.0,7,1.0,0,calibrated_quantile,2025-07-22;2025-07-23;2025-07-24;2025-07-25;2025-07-26;2025-07-27;2025-07-28;2025-07-29;2025-07-30;2025-07-31;2025-08-01;2025-08-02;2025-08-03;2025-08-04;2025-08-05;2025-08-06;2025-08-07;2025-08-08;2025-08-09;2025-08-10;2025-08-11;2025-08-12;2025-08-13;2025-08-14;2025-08-15;2025-08-16;2025-08-17;2025-08-18,28,9824.288562989484,2025-07-22;2025-07-23;2025-07-24;2025-07-25;2025-07-26;2025-07-27;2025-07-28;2025-07-29;2025-07-30;2025-07-31;2025-08-01;2025-08-02;2025-08-03;2025-08-04;2025-08-05;2025-08-06;2025-08-07;2025-08-08;2025-08-09;2025-08-10;2025-08-11;2025-08-12;2025-08-13;2025-08-14;2025-08-15;2025-08-16;2025-08-17;2025-08-18,2025-08-05;2025-08-06;2025-08-07;2025-08-08;2025-08-09;2025-08-10;2025-08-11;2025-08-12;2025-08-13;2025-08-14;2025-08-15;2025-08-16;2025-08-17;2025-08-18,,2025-08-18,8441.578989559195,9696.593696527985,9641.578989559195,28.760847641689338,35.74575146627133,25.276504888870065,43.75007591722923,75116.59406110815,383.25369025296584,9226.616799067659,47436.21093330262,1496.9624215699082,48933.173354872524,47436.21093330262,47436.2108858664,38199.67781654444,1649.485604899268,lexicographic,4.7436210885866405e-05,3.8199677778344765e-05,False,0.16814650000014808,1.5338403886620915e-16,1,0
2025-08-20,False,calendar_trend,4,1.0,7,1.0,0,calibrated_quantile,2025-07-23;2025-07-24;2025-07-25;2025-07-26;2025-07-27;2025-07-28;2025-07-29;2025-07-30;2025-07-31;2025-08-01;2025-08-02;2025-08-03;2025-08-04;2025-08-05;2025-08-06;2025-08-07;2025-08-08;2025-08-09;2025-08-10;2025-08-11;2025-08-12;2025-08-13;2025-08-14;2025-08-15;2025-08-16;2025-08-17;2025-08-18;2025-08-19,28,9837.242006272072,2025-07-23;2025-07-24;2025-07-25;2025-07-26;2025-07-27;2025-07-28;2025-07-29;2025-07-30;2025-07-31;2025-08-01;2025-08-02;2025-08-03;2025-08-04;2025-08-05;2025-08-06;2025-08-07;2025-08-08;2025-08-09;2025-08-10;2025-08-11;2025-08-12;2025-08-13;2025-08-14;2025-08-15;2025-08-16;2025-08-17;2025-08-18;2025-08-19,2025-08-06;2025-08-07;2025-08-08;2025-08-09;2025-08-10;2025-08-11;2025-08-12;2025-08-13;2025-08-14;2025-08-15;2025-08-16;2025-08-17;2025-08-18;2025-08-19,,2025-08-19,8386.56428259042,9641.578989559195,9586.56428259042,27.895526627778327,33.51086747543925,52.50405903414614,91.88185282343676,75417.21508047672,2278.540239876585,5098.78260544665,47605.568451557134,9184.727699039444,56790.29615059658,47605.568451557134,47605.568403951555,38023.18198952832,1649.3274050789053,lexicographic,4.760556840395156e-05,3.8023181951505144e-05,False,0.18574609999996028,1.5283837286521039e-16,1,0
2025-08-21,False,calendar_trend,4,1.0,7,1.0,0,calibrated_quantile,2025-07-24;2025-07-25;2025-07-26;2025-07-27;2025-07-28;2025-07-29;2025-07-30;2025-07-31;2025-08-01;2025-08-02;2025-08-03;2025-08-04;2025-08-05;2025-08-06;2025-08-07;2025-08-08;2025-08-09;2025-08-10;2025-08-11;2025-08-12;2025-08-13;2025-08-14;2025-08-15;2025-08-16;2025-08-17;2025-08-18;2025-08-19;2025-08-20,28,10284.009435399736,2025-07-24;2025-07-25;2025-07-26;2025-07-27;2025-07-28;2025-07-29;2025-07-30;2025-07-31;2025-08-01;2025-08-02;2025-08-03;2025-08-04;2025-08-05;2025-08-06;2025-08-07;2025-08-08;2025-08-09;2025-08-10;2025-08-11;2025-08-12;2025-08-13;2025-08-14;2025-08-15;2025-08-16;2025-08-17;2025-08-18;2025-08-19;2025-08-20,2025-08-07;2025-08-08;2025-08-09;2025-08-10;2025-08-11;2025-08-12;2025-08-13;2025-08-14;2025-08-15;2025-08-16;2025-08-17;2025-08-18;2025-08-19;2025-08-20,,2025-08-20,8783.685013295944,9586.56428259042,9983.685013295944,25.148827792098658,32.10268204551136,23.229359049499994,41.7175130651075,77990.63071629265,253.32204424827808,9913.763998888702,49000.762652192585,1260.4028354056204,50261.165487598206,49000.762652192585,49000.76260319181,39694.79919746026,1652.6224344229993,lexicographic,4.9000762603191816e-05,3.969479915776546e-05,False,0.18215699999927892,0.0,1,0
2025-08-22,False,calendar_trend,4,1.0,7,1.0,0,calibrated_quantile,2025-07-25;2025-07-26;2025-07-27;2025-07-28;2025-07-29;2025-07-30;2025-07-31;2025-08-01;2025-08-02;2025-08-03;2025-08-04;2025-08-05;2025-08-06;2025-08-07;2025-08-08;2025-08-09;2025-08-10;2025-08-11;2025-08-12;2025-08-13;2025-08-14;2025-08-15;2025-08-16;2025-08-17;2025-08-18;2025-08-19;2025-08-20;2025-08-21,28,9947.886056019735,2025-07-25;2025-07-26;2025-07-27;2025-07-28;2025-07-29;2025-07-30;2025-07-31;2025-08-01;2025-08-02;2025-08-03;2025-08-04;2025-08-05;2025-08-06;2025-08-07;2025-08-08;2025-08-09;2025-08-10;2025-08-11;2025-08-12;2025-08-13;2025-08-14;2025-08-15;2025-08-16;2025-08-17;2025-08-18;2025-08-19;2025-08-20;2025-08-21,2025-08-08;2025-08-09;2025-08-10;2025-08-11;2025-08-12;2025-08-13;2025-08-14;2025-08-15;2025-08-16;2025-08-17;2025-08-18;2025-08-19;2025-08-20;2025-08-21,,2025-08-21,8739.560487662002,9983.685013295944,9939.560487662002,27.169568878838916,34.31477320188044,26.687103014154133,46.0391282528346,43311.27333960928,338.0130415553217,20444.084549705378,25245.007887502685,1294.593542616196,26539.60143011888,25245.007887502685,25245.007862257684,38355.22020779184,1491.90107469722,lexicographic,2.5245007862257686e-05,3.835522016943663e-05,False,0.32248729999992065,0.0,1,0
2025-08-23,False,calendar_trend,4,1.0,7,1.0,0,calibrated_quantile,2025-07-26;2025-07-27;2025-07-28;2025-07-29;2025-07-30;2025-07-31;2025-08-01;2025-08-02;2025-08-03;2025-08-04;2025-08-05;2025-08-06;2025-08-07;2025-08-08;2025-08-09;2025-08-10;2025-08-11;2025-08-12;2025-08-13;2025-08-14;2025-08-15;2025-08-16;2025-08-17;2025-08-18;2025-08-19;2025-08-20;2025-08-21;2025-08-22,28,9931.164758688834,2025-07-26;2025-07-27;2025-07-28;2025-07-29;2025-07-30;2025-07-31;2025-08-01;2025-08-02;2025-08-03;2025-08-04;2025-08-05;2025-08-06;2025-08-07;2025-08-08;2025-08-09;2025-08-10;2025-08-11;2025-08-12;2025-08-13;2025-08-14;2025-08-15;2025-08-16;2025-08-17;2025-08-18;2025-08-19;2025-08-20;2025-08-21;2025-08-22,2025-08-09;2025-08-10;2025-08-11;2025-08-12;2025-08-13;2025-08-14;2025-08-15;2025-08-16;2025-08-17;2025-08-18;2025-08-19;2025-08-20;2025-08-21;2025-08-22,,2025-08-22,8695.435962028056,9939.560487662002,9895.435962028056,23.780756237045207,30.89436406297804,25.798616413044673,49.775549595126414,43401.75160743411,114.38210670968543,19016.146270835463,25400.277664558915,338.9103166241247,25739.18798118304,25400.27766455891,25400.277639158645,38266.84858292483,1499.069182754096,lexicographic,2.5400277639158646e-05,3.826684858292483e-05,False,0.23094809999747667,0.0,1,0
2025-08-24,False,calendar_trend,4,1.0,7,1.0,0,calibrated_quantile,2025-07-27;2025-07-28;2025-07-29;2025-07-30;2025-07-31;2025-08-01;2025-08-02;2025-08-03;2025-08-04;2025-08-05;2025-08-06;2025-08-07;2025-08-08;2025-08-09;2025-08-10;2025-08-11;2025-08-12;2025-08-13;2025-08-14;2025-08-15;2025-08-16;2025-08-17;2025-08-18;2025-08-19;2025-08-20;2025-08-21;2025-08-22;2025-08-23,28,9905.980072798337,2025-07-27;2025-07-28;2025-07-29;2025-07-30;2025-07-31;2025-08-01;2025-08-02;2025-08-03;2025-08-04;2025-08-05;2025-08-06;2025-08-07;2025-08-08;2025-08-09;2025-08-10;2025-08-11;2025-08-12;2025-08-13;2025-08-14;2025-08-15;2025-08-16;2025-08-17;2025-08-18;2025-08-19;2025-08-20;2025-08-21;2025-08-22;2025-08-23,2025-08-10;2025-08-11;2025-08-12;2025-08-13;2025-08-14;2025-08-15;2025-08-16;2025-08-17;2025-08-18;2025-08-19;2025-08-20;2025-08-21;2025-08-22;2025-08-23,,2025-08-23,8651.311436394097,9895.435962028056,9851.311436394097,29.194193777703237,36.51845326790407,33.577245149391764,64.77934955006963,77876.78070584161,111.24005473005815,12202.188464181052,49070.982394509294,424.93476637369315,49495.917160882986,49070.982394509294,49070.982345438315,39829.817458155034,1636.0543053408885,lexicographic,4.907098234543832e-05,3.982981741832522e-05,False,0.184499599999981,1.4827413812431668e-16,1,0
2025-08-25,False,calendar_trend,4,1.0,7,1.0,0,calibrated_quantile,2025-07-28;2025-07-29;2025-07-30;2025-07-31;2025-08-01;2025-08-02;2025-08-03;2025-08-04;2025-08-05;2025-08-06;2025-08-07;2025-08-08;2025-08-09;2025-08-10;2025-08-11;2025-08-12;2025-08-13;2025-08-14;2025-08-15;2025-08-16;2025-08-17;2025-08-18;2025-08-19;2025-08-20;2025-08-21;2025-08-22;2025-08-23;2025-08-24,28,9556.425629127785,2025-07-28;2025-07-29;2025-07-30;2025-07-31;2025-08-01;2025-08-02;2025-08-03;2025-08-04;2025-08-05;2025-08-06;2025-08-07;2025-08-08;2025-08-09;2025-08-10;2025-08-11;2025-08-12;2025-08-13;2025-08-14;2025-08-15;2025-08-16;2025-08-17;2025-08-18;2025-08-19;2025-08-20;2025-08-21;2025-08-22;2025-08-23;2025-08-24,2025-08-11;2025-08-12;2025-08-13;2025-08-14;2025-08-15;2025-08-16;2025-08-17;2025-08-18;2025-08-19;2025-08-20;2025-08-21;2025-08-22;2025-08-23;2025-08-24,,2025-08-24,8607.186910760154,9851.311436394097,9807.186910760154,23.551567587269027,29.31976740415123,39.93830465319675,70.42505436326104,77739.11008987104,1407.800762153485,6311.577501678106,49045.05432345651,5021.558260919858,54066.61258437637,49045.05432345651,49045.05427441146,40019.884349982065,1648.1174363374669,lexicographic,4.904505427441146e-05,4.001988430996217e-05,False,0.2533727000009094,1.4835252446605101e-16,1,0
2025-08-26,False,calendar_trend,4,1.0,7,1.0,0,calibrated_quantile,2025-07-29;2025-07-30;2025-07-31;2025-08-01;2025-08-02;2025-08-03;2025-08-04;2025-08-05;2025-08-06;2025-08-07;2025-08-08;2025-08-09;2025-08-10;2025-08-11;2025-08-12;2025-08-13;2025-08-14;2025-08-15;2025-08-16;2025-08-17;2025-08-18;2025-08-19;2025-08-20;2025-08-21;2025-08-22;2025-08-23;2025-08-24;2025-08-25,28,9216.816809335825,2025-07-29;2025-07-30;2025-07-31;2025-08-01;2025-08-02;2025-08-03;2025-08-04;2025-08-05;2025-08-06;2025-08-07;2025-08-08;2025-08-09;2025-08-10;2025-08-11;2025-08-12;2025-08-13;2025-08-14;2025-08-15;2025-08-16;2025-08-17;2025-08-18;2025-08-19;2025-08-20;2025-08-21;2025-08-22;2025-08-23;2025-08-24;2025-08-25,2025-08-12;2025-08-13;2025-08-14;2025-08-15;2025-08-16;2025-08-17;2025-08-18;2025-08-19;2025-08-20;2025-08-21;2025-08-22;2025-08-23;2025-08-24;2025-08-25,,2025-08-25,8563.06238512621,9807.186910760154,9763.06238512621,31.584223707423185,39.589056611443894,21.253214804985703,42.675142642136564,78253.5704857159,261.30859573173467,10911.316648537519,49366.71972835288,954.4324474158408,50321.15217576872,49366.71972835287,49366.71967898614,40257.34095202556,1641.078298482463,lexicographic,4.9366719678986145e-05,4.0257340911768214e-05,False,0.1816110999970988,0.0,1,0
2025-08-27,False,calendar_trend,4,1.0,7,1.0,0,calibrated_quantile,2025-07-30;2025-07-31;2025-08-01;2025-08-02;2025-08-03;2025-08-04;2025-08-05;2025-08-06;2025-08-07;2025-08-08;2025-08-09;2025-08-10;2025-08-11;2025-08-12;2025-08-13;2025-08-14;2025-08-15;2025-08-16;2025-08-17;2025-08-18;2025-08-19;2025-08-20;2025-08-21;2025-08-22;2025-08-23;2025-08-24;2025-08-25;2025-08-26,28,8982.606629174148,2025-07-30;2025-07-31;2025-08-01;2025-08-02;2025-08-03;2025-08-04;2025-08-05;2025-08-06;2025-08-07;2025-08-08;2025-08-09;2025-08-10;2025-08-11;2025-08-12;2025-08-13;2025-08-14;2025-08-15;2025-08-16;2025-08-17;2025-08-18;2025-08-19;2025-08-20;2025-08-21;2025-08-22;2025-08-23;2025-08-24;2025-08-25;2025-08-26,2025-08-13;2025-08-14;2025-08-15;2025-08-16;2025-08-17;2025-08-18;2025-08-19;2025-08-20;2025-08-21;2025-08-22;2025-08-23;2025-08-24;2025-08-25;2025-08-26,,2025-08-26,8518.937859492265,9763.06238512621,9718.937859492265,27.080873875547475,34.10851775936202,23.989320982234215,41.473193693658956,78348.0729778614,301.2565180050946,8643.88982893326,49514.41087034176,1484.818160244475,50999.22903058623,49514.41087034176,49514.41082082735,40571.72921513158,1621.221915304479,lexicographic,4.951441082082735e-05,4.0571729174559846e-05,False,0.18355610000071465,0.0,1,0
2025-08-28,False,calendar_trend,4,1.0,7,1.0,0,calibrated_quantile,2025-07-31;2025-08-01;2025-08-02;2025-08-03;2025-08-04;2025-08-05;2025-08-06;2025-08-07;2025-08-08;2025-08-09;2025-08-10;2025-08-11;2025-08-12;2025-08-13;2025-08-14;2025-08-15;2025-08-16;2025-08-17;2025-08-18;2025-08-19;2025-08-20;2025-08-21;2025-08-22;2025-08-23;2025-08-24;2025-08-25;2025-08-26;2025-08-27,28,8989.705129639784,2025-07-31;2025-08-01;2025-08-02;2025-08-03;2025-08-04;2025-08-05;2025-08-06;2025-08-07;2025-08-08;2025-08-09;2025-08-10;2025-08-11;2025-08-12;2025-08-13;2025-08-14;2025-08-15;2025-08-16;2025-08-17;2025-08-18;2025-08-19;2025-08-20;2025-08-21;2025-08-22;2025-08-23;2025-08-24;2025-08-25;2025-08-26;2025-08-27,2025-08-14;2025-08-15;2025-08-16;2025-08-17;2025-08-18;2025-08-19;2025-08-20;2025-08-21;2025-08-22;2025-08-23;2025-08-24;2025-08-25;2025-08-26;2025-08-27,,2025-08-27,8474.813333858321,9718.937859492265,9674.813333858321,29.855798853203787,35.83890935110124,40.16627917947278,78.81141867705725,78674.22380641304,2157.348935566513,7962.069693997448,49828.15808668047,8091.304201667172,57919.46228834764,49828.15808668047,49828.15803685231,40769.65723839337,1628.8650185365473,lexicographic,4.9828158036852306e-05,4.07696571976237e-05,False,0.28845490000094287,0.0,1,0
2025-08-29,False,calendar_trend,4,1.0,7,1.0,0,calibrated_quantile,2025-08-01;2025-08-02;2025-08-03;2025-08-04;2025-08-05;2025-08-06;2025-08-07;2025-08-08;2025-08-09;2025-08-10;2025-08-11;2025-08-12;2025-08-13;2025-08-14;2025-08-15;2025-08-16;2025-08-17;2025-08-18;2025-08-19;2025-08-20;2025-08-21;2025-08-22;2025-08-23;2025-08-24;2025-08-25;2025-08-26;2025-08-27;2025-08-28,28,9216.375786465573,2025-08-01;2025-08-02;2025-08-03;2025-08-04;2025-08-05;2025-08-06;2025-08-07;2025-08-08;2025-08-09;2025-08-10;2025-08-11;2025-08-12;2025-08-13;2025-08-14;2025-08-15;2025-08-16;2025-08-17;2025-08-18;2025-08-19;2025-08-20;2025-08-21;2025-08-22;2025-08-23;2025-08-24;2025-08-25;2025-08-26;2025-08-27;2025-08-28,2025-08-15;2025-08-16;2025-08-17;2025-08-18;2025-08-19;2025-08-20;2025-08-21;2025-08-22;2025-08-23;2025-08-24;2025-08-25;2025-08-26;2025-08-27;2025-08-28,,2025-08-28,8430.688808224364,9674.813333858321,9630.688808224364,26.041693853787397,32.146976254651506,22.613325473164476,38.546921274340995,43518.79029878869,232.06598752007744,19253.561440441823,25638.76374086948,951.910415379226,26590.674156248704,25638.76374086948,25638.763715230707,37736.619431538755,1473.9262911089818,lexicographic,2.563876371523071e-05,3.7736619393802144e-05,False,0.22409719999996014,0.0,1,0
2025-08-30,False,calendar_trend,4,1.0,7,1.0,0,calibrated_quantile,2025-08-02;2025-08-03;2025-08-04;2025-08-05;2025-08-06;2025-08-07;2025-08-08;2025-08-09;2025-08-10;2025-08-11;2025-08-12;2025-08-13;2025-08-14;2025-08-15;2025-08-16;2025-08-17;2025-08-18;2025-08-19;2025-08-20;2025-08-21;2025-08-22;2025-08-23;2025-08-24;2025-08-25;2025-08-26;2025-08-27;2025-08-28;2025-08-29,28,9296.603991190928,2025-08-02;2025-08-03;2025-08-04;2025-08-05;2025-08-06;2025-08-07;2025-08-08;2025-08-09;2025-08-10;2025-08-11;2025-08-12;2025-08-13;2025-08-14;2025-08-15;2025-08-16;2025-08-17;2025-08-18;2025-08-19;2025-08-20;2025-08-21;2025-08-22;2025-08-23;2025-08-24;2025-08-25;2025-08-26;2025-08-27;2025-08-28;2025-08-29,2025-08-16;2025-08-17;2025-08-18;2025-08-19;2025-08-20;2025-08-21;2025-08-22;2025-08-23;2025-08-24;2025-08-25;2025-08-26;2025-08-27;2025-08-28;2025-08-29,,2025-08-29,8386.56428259042,9630.688808224364,9586.56428259042,27.33081144843497,33.2468369013644,42.30399402292531,80.70499797847074,43286.648866157084,213.94567366457238,23050.451341593693,25435.14027566759,497.5550865628797,25932.695362230468,25435.14027566759,25435.14025023245,37648.24794306436,1463.7782356893888,lexicographic,2.543514025023245e-05,3.76482479054161e-05,False,0.23287970000092173,0.0,1,0
2025-08-31,False,calendar_trend,4,1.0,7,1.0,0,calibrated_quantile,2025-08-03;2025-08-04;2025-08-05;2025-08-06;2025-08-07;2025-08-08;2025-08-09;2025-08-10;2025-08-11;2025-08-12;2025-08-13;2025-08-14;2025-08-15;2025-08-16;2025-08-17;2025-08-18;2025-08-19;2025-08-20;2025-08-21;2025-08-22;2025-08-23;2025-08-24;2025-08-25;2025-08-26;2025-08-27;2025-08-28;2025-08-29;2025-08-30,28,9338.749777721987,2025-08-03;2025-08-04;2025-08-05;2025-08-06;2025-08-07;2025-08-08;2025-08-09;2025-08-10;2025-08-11;2025-08-12;2025-08-13;2025-08-14;2025-08-15;2025-08-16;2025-08-17;2025-08-18;2025-08-19;2025-08-20;2025-08-21;2025-08-22;2025-08-23;2025-08-24;2025-08-25;2025-08-26;2025-08-27;2025-08-28;2025-08-29;2025-08-30,2025-08-17;2025-08-18;2025-08-19;2025-08-20;2025-08-21;2025-08-22;2025-08-23;2025-08-24;2025-08-25;2025-08-26;2025-08-27;2025-08-28;2025-08-29;2025-08-30,,2025-08-30,8347.022960414672,9586.56428259042,9547.022960414672,27.907235115951565,34.264401104143346,20.514819028983183,35.78918082829443,78783.22997437572,168.3669535684577,10232.463156856382,49816.885832424035,565.7624842042563,50382.64831662829,49816.88583242403,49816.88578260713,40127.94690595423,1651.9800698100007,lexicographic,4.981688578260713e-05,4.012794686582628e-05,False,0.20002179999937653,0.0,1,0
2025-09-01,False,calendar_trend,4,1.0,7,1.0,0,calibrated_quantile,2025-08-04;2025-08-05;2025-08-06;2025-08-07;2025-08-08;2025-08-09;2025-08-10;2025-08-11;2025-08-12;2025-08-13;2025-08-14;2025-08-15;2025-08-16;2025-08-17;2025-08-18;2025-08-19;2025-08-20;2025-08-21;2025-08-22;2025-08-23;2025-08-24;2025-08-25;2025-08-26;2025-08-27;2025-08-28;2025-08-29;2025-08-30;2025-08-31,28,9293.293612048428,2025-08-04;2025-08-05;2025-08-06;2025-08-07;2025-08-08;2025-08-09;2025-08-10;2025-08-11;2025-08-12;2025-08-13;2025-08-14;2025-08-15;2025-08-16;2025-08-17;2025-08-18;2025-08-19;2025-08-20;2025-08-21;2025-08-22;2025-08-23;2025-08-24;2025-08-25;2025-08-26;2025-08-27;2025-08-28;2025-08-29;2025-08-30;2025-08-31,2025-08-18;2025-08-19;2025-08-20;2025-08-21;2025-08-22;2025-08-23;2025-08-24;2025-08-25;2025-08-26;2025-08-27;2025-08-28;2025-08-29;2025-08-30;2025-08-31,,2025-08-31,8307.481638238924,9547.022960414672,9507.481638238924,89.16072842718046,101.44969812512205,27.72986178256025,49.14756349986915,78769.92794074392,9.431858293207824,23150.67502094119,49677.17386566335,46.77730120516421,49723.951166868515,49677.17386566335,49677.17381598618,39786.69848910865,1641.4425699392914,lexicographic,4.967717381598618e-05,3.978669844932195e-05,False,0.19284569999945234,0.0,1,0
2025-09-02,False,calendar_trend,4,1.0,7,1.0,0,calibrated_quantile,2025-08-05;2025-08-06;2025-08-07;2025-08-08;2025-08-09;2025-08-10;2025-08-11;2025-08-12;2025-08-13;2025-08-14;2025-08-15;2025-08-16;2025-08-17;2025-08-18;2025-08-19;2025-08-20;2025-08-21;2025-08-22;2025-08-23;2025-08-24;2025-08-25;2025-08-26;2025-08-27;2025-08-28;2025-08-29;2025-08-30;2025-08-31;2025-09-01,28,9230.131614888574,2025-08-05;2025-08-06;2025-08-07;2025-08-08;2025-08-09;2025-08-10;2025-08-11;2025-08-12;2025-08-13;2025-08-14;2025-08-15;2025-08-16;2025-08-17;2025-08-18;2025-08-19;2025-08-20;2025-08-21;2025-08-22;2025-08-23;2025-08-24;2025-08-25;2025-08-26;2025-08-27;2025-08-28;2025-08-29;2025-08-30;2025-08-31;2025-09-01,2025-08-19;2025-08-20;2025-08-21;2025-08-22;2025-08-23;2025-08-24;2025-08-25;2025-08-26;2025-08-27;2025-08-28;2025-08-29;2025-08-30;2025-08-31;2025-09-01,,2025-09-01,8267.940316063174,9507.481638238924,9467.940316063174,62.173260290868335,71.79160786026597,25.443112221164558,41.71840941816962,74443.88969625103,16.904869687676182,18378.759068882366,46597.51475331747,84.36144202102554,46681.8761953385,46597.51475331747,46597.51470671995,39211.55713268981,1626.7986254484995,lexicographic,4.6597514706719955e-05,3.921155709347826e-05,False,0.15551079999931972,0.0,1,0
2025-09-03,False,calendar_trend,4,1.0,7,1.0,0,calibrated_quantile,2025-08-06;2025-08-07;2025-08-08;2025-08-09;2025-08-10;2025-08-11;2025-08-12;2025-08-13;2025-08-14;2025-08-15;2025-08-16;2025-08-17;2025-08-18;2025-08-19;2025-08-20;2025-08-21;2025-08-22;2025-08-23;2025-08-24;2025-08-25;2025-08-26;2025-08-27;2025-08-28;2025-08-29;2025-08-30;2025-08-31;2025-09-01;2025-09-02,28,9210.05083534146,2025-08-06;2025-08-07;2025-08-08;2025-08-09;2025-08-10;2025-08-11;2025-08-12;2025-08-13;2025-08-14;2025-08-15;2025-08-16;2025-08-17;2025-08-18;2025-08-19;2025-08-20;2025-08-21;2025-08-22;2025-08-23;2025-08-24;2025-08-25;2025-08-26;2025-08-27;2025-08-28;2025-08-29;2025-08-30;2025-08-31;2025-09-01;2025-09-02,2025-08-20;2025-08-21;2025-08-22;2025-08-23;2025-08-24;2025-08-25;2025-08-26;2025-08-27;2025-08-28;2025-08-29;2025-08-30;2025-08-31;2025-09-01;2025-09-02,,2025-09-02,8228.398993887415,9467.940316063174,9428.398993887415,44.12539658726033,52.10648430321904,26.697675236527903,45.23318401758142,71136.34272393129,18.961103131254504,13585.646690434558,44292.24847744341,63.5734996845142,44355.821977127925,44292.24847744341,44292.248433151166,39167.101684551104,1561.793173242545,lexicographic,4.429224843315117e-05,3.9167101645384004e-05,False,0.1626950999998371,0.0,1,0
2025-09-04,False,calendar_trend,4,1.0,7,1.0,0,calibrated_quantile,2025-08-07;2025-08-08;2025-08-09;2025-08-10;2025-08-11;2025-08-12;2025-08-13;2025-08-14;2025-08-15;2025-08-16;2025-08-17;2025-08-18;2025-08-19;2025-08-20;2025-08-21;2025-08-22;2025-08-23;2025-08-24;2025-08-25;2025-08-26;2025-08-27;2025-08-28;2025-08-29;2025-08-30;2025-08-31;2025-09-01;2025-09-02;2025-09-03,28,8948.09515255996,2025-08-07;2025-08-08;2025-08-09;2025-08-10;2025-08-11;2025-08-12;2025-08-13;2025-08-14;2025-08-15;2025-08-16;2025-08-17;2025-08-18;2025-08-19;2025-08-20;2025-08-21;2025-08-22;2025-08-23;2025-08-24;2025-08-25;2025-08-26;2025-08-27;2025-08-28;2025-08-29;2025-08-30;2025-08-31;2025-09-01;2025-09-02;2025-09-03,2025-08-21;2025-08-22;2025-08-23;2025-08-24;2025-08-25;2025-08-26;2025-08-27;2025-08-28;2025-08-29;2025-08-30;2025-08-31;2025-09-01;2025-09-02;2025-09-03,,2025-09-03,8188.857671711667,9428.398993887415,9388.857671711667,34.60648393635558,42.075268697613716,28.793791047658985,55.892731266579545,69397.25814622935,70.13256196424612,13528.46255754925,43020.4996850201,270.86014051644224,43291.35982553654,43020.4996850201,43020.4996419996,39004.13325086166,1552.4419190122949,lexicographic,4.3020499641999606e-05,3.9004133211857535e-05,False,0.188030000001163,0.0,1,0
2025-09-05,False,calendar_trend,4,1.0,7,1.0,0,calibrated_quantile,2025-08-08;2025-08-09;2025-08-10;2025-08-11;2025-08-12;2025-08-13;2025-08-14;2025-08-15;2025-08-16;2025-08-17;2025-08-18;2025-08-19;2025-08-20;2025-08-21;2025-08-22;2025-08-23;2025-08-24;2025-08-25;2025-08-26;2025-08-27;2025-08-28;2025-08-29;2025-08-30;2025-08-31;2025-09-01;2025-09-02;2025-09-03;2025-09-04,28,8832.097172335449,2025-08-08;2025-08-09;2025-08-10;2025-08-11;2025-08-12;2025-08-13;2025-08-14;2025-08-15;2025-08-16;2025-08-17;2025-08-18;2025-08-19;2025-08-20;2025-08-21;2025-08-22;2025-08-23;2025-08-24;2025-08-25;2025-08-26;2025-08-27;2025-08-28;2025-08-29;2025-08-30;2025-08-31;2025-09-01;2025-09-02;2025-09-03;2025-09-04,2025-08-22;2025-08-23;2025-08-24;2025-08-25;2025-08-26;2025-08-27;2025-08-28;2025-08-29;2025-08-30;2025-08-31;2025-09-01;2025-09-02;2025-09-03;2025-09-04,,2025-09-04,8149.3163495359195,9388.857671711667,9349.316349535919,43.59816131451723,50.6273222495072,20.58627007123605,41.19859275720008,37192.76728683048,12.293321666271595,28464.035677098287,20989.32135664224,29.8182889812486,21019.139645623487,20989.32135664224,20989.321335652905,37168.74586852349,1386.1371170885636,lexicographic,2.0989321335652906e-05,3.716874583135475e-05,False,0.19540699999924982,0.0,1,0
2025-09-06,False,calendar_trend,4,1.0,7,1.0,0,calibrated_quantile,2025-08-09;2025-08-10;2025-08-11;2025-08-12;2025-08-13;2025-08-14;2025-08-15;2025-08-16;2025-08-17;2025-08-18;2025-08-19;2025-08-20;2025-08-21;2025-08-22;2025-08-23;2025-08-24;2025-08-25;2025-08-26;2025-08-27;2025-08-28;2025-08-29;2025-08-30;2025-08-31;2025-09-01;2025-09-02;2025-09-03;2025-09-04;2025-09-05,28,8772.862654162946,2025-08-09;2025-08-10;2025-08-11;2025-08-12;2025-08-13;2025-08-14;2025-08-15;2025-08-16;2025-08-17;2025-08-18;2025-08-19;2025-08-20;2025-08-21;2025-08-22;2025-08-23;2025-08-24;2025-08-25;2025-08-26;2025-08-27;2025-08-28;2025-08-29;2025-08-30;2025-08-31;2025-09-01;2025-09-02;2025-09-03;2025-09-04;2025-09-05,2025-08-23;2025-08-24;2025-08-25;2025-08-26;2025-08-27;2025-08-28;2025-08-29;2025-08-30;2025-08-31;2025-09-01;2025-09-02;2025-09-03;2025-09-04;2025-09-05,,2025-09-05,8109.7750273601705,9349.316349535919,9309.77502736017,28.316450547095567,35.63958955141807,40.57763203379482,70.79147791081637,35466.97153904432,72.49127886093973,25905.783870189804,19727.082497680032,190.77575714761807,19917.85825482765,19727.082497680032,19727.08247795295,37089.55354521303,1379.8088384662985,lexicographic,1.972708247795295e-05,3.7089553508123474e-05,False,0.2017091999987315,0.0,1,0
2025-09-07,False,calendar_trend,4,1.0,7,1.0,0,calibrated_quantile,2025-08-10;2025-08-11;2025-08-12;2025-08-13;2025-08-14;2025-08-15;2025-08-16;2025-08-17;2025-08-18;2025-08-19;2025-08-20;2025-08-21;2025-08-22;2025-08-23;2025-08-24;2025-08-25;2025-08-26;2025-08-27;2025-08-28;2025-08-29;2025-08-30;2025-08-31;2025-09-01;2025-09-02;2025-09-03;2025-09-04;2025-09-05;2025-09-06,28,8751.130504661878,2025-08-10;2025-08-11;2025-08-12;2025-08-13;2025-08-14;2025-08-15;2025-08-16;2025-08-17;2025-08-18;2025-08-19;2025-08-20;2025-08-21;2025-08-22;2025-08-23;2025-08-24;2025-08-25;2025-08-26;2025-08-27;2025-08-28;2025-08-29;2025-08-30;2025-08-31;2025-09-01;2025-09-02;2025-09-03;2025-09-04;2025-09-05;2025-09-06,2025-08-24;2025-08-25;2025-08-26;2025-08-27;2025-08-28;2025-08-29;2025-08-30;2025-08-31;2025-09-01;2025-09-02;2025-09-03;2025-09-04;2025-09-05;2025-09-06,,2025-09-06,8070.233705184422,9309.77502736017,9270.233705184422,38.56143525277536,46.536032079611005,17.716416164797295,40.2071038447936,59466.5579945018,1791.3004761217953,4352.082444386444,36279.047332403265,7127.722969734461,43406.770302137724,36279.047332403265,36279.04729612422,37701.29962045872,1478.1474200225248,lexicographic,3.627904729612422e-05,3.770129958275742e-05,False,0.2092978000000585,0.0,1,0
2025-09-08,False,calendar_trend,4,1.0,7,1.0,0,calibrated_quantile,2025-08-11;2025-08-12;2025-08-13;2025-08-14;2025-08-15;2025-08-16;2025-08-17;2025-08-18;2025-08-19;2025-08-20;2025-08-21;2025-08-22;2025-08-23;2025-08-24;2025-08-25;2025-08-26;2025-08-27;2025-08-28;2025-08-29;2025-08-30;2025-08-31;2025-09-01;2025-09-02;2025-09-03;2025-09-04;2025-09-05;2025-09-06;2025-09-07,28,8810.181911213585,2025-08-11;2025-08-12;2025-08-13;2025-08-14;2025-08-15;2025-08-16;2025-08-17;2025-08-18;2025-08-19;2025-08-20;2025-08-21;2025-08-22;2025-08-23;2025-08-24;2025-08-25;2025-08-26;2025-08-27;2025-08-28;2025-08-29;2025-08-30;2025-08-31;2025-09-01;2025-09-02;2025-09-03;2025-09-04;2025-09-05;2025-09-06;2025-09-07,2025-08-25;2025-08-26;2025-08-27;2025-08-28;2025-08-29;2025-08-30;2025-08-31;2025-09-01;2025-09-02;2025-09-03;2025-09-04;2025-09-05;2025-09-06;2025-09-07,,2025-09-07,8030.692383008663,9270.233705184422,9230.692383008663,57.39458978081661,67.7902964195105,42.00828120173193,80.53424350207543,56494.71664785947,6843.540874287538,1979.0383355253,34064.89877321976,28577.37679679206,62642.275570011814,34064.89877321975,34064.89873915485,38059.587251098856,1441.3462606123965,lexicographic,3.406489873915485e-05,3.805958721303928e-05,False,0.303589600000123,0.0,1,0
2025-09-09,False,calendar_trend,4,1.0,7,1.0,0,calibrated_quantile,2025-08-12;2025-08-13;2025-08-14;2025-08-15;2025-08-16;2025-08-17;2025-08-18;2025-08-19;2025-08-20;2025-08-21;2025-08-22;2025-08-23;2025-08-24;2025-08-25;2025-08-26;2025-08-27;2025-08-28;2025-08-29;2025-08-30;2025-08-31;2025-09-01;2025-09-02;2025-09-03;2025-09-04;2025-09-05;2025-09-06;2025-09-07;2025-09-08,28,9260.954087719461,2025-08-12;2025-08-13;2025-08-14;2025-08-15;2025-08-16;2025-08-17;2025-08-18;2025-08-19;2025-08-20;2025-08-21;2025-08-22;2025-08-23;2025-08-24;2025-08-25;2025-08-26;2025-08-27;2025-08-28;2025-08-29;2025-08-30;2025-08-31;2025-09-01;2025-09-02;2025-09-03;2025-09-04;2025-09-05;2025-09-06;2025-09-07;2025-09-08,2025-08-26;2025-08-27;2025-08-28;2025-08-29;2025-08-30;2025-08-31;2025-09-01;2025-09-02;2025-09-03;2025-09-04;2025-09-05;2025-09-06;2025-09-07;2025-09-08,,2025-09-08,8386.56428259042,9230.692383008663,9586.56428259042,53.17681394385361,63.013688766301556,32.356746097313234,58.44720109761503,59442.84591874061,3176.203850003436,7149.0243390539745,35856.75212522417,13092.246829979795,48948.99895520396,35856.75212522418,35856.752089367445,38224.4375498704,1440.9332328896494,lexicographic,3.5856752089367445e-05,3.822443751164597e-05,False,0.18334150000009686,0.0,1,0
2025-09-10,False,calendar_trend,4,1.0,7,1.0,0,calibrated_quantile,2025-08-13;2025-08-14;2025-08-15;2025-08-16;2025-08-17;2025-08-18;2025-08-19;2025-08-20;2025-08-21;2025-08-22;2025-08-23;2025-08-24;2025-08-25;2025-08-26;2025-08-27;2025-08-28;2025-08-29;2025-08-30;2025-08-31;2025-09-01;2025-09-02;2025-09-03;2025-09-04;2025-09-05;2025-09-06;2025-09-07;2025-09-08;2025-09-09,28,9421.879843980492,2025-08-13;2025-08-14;2025-08-15;2025-08-16;2025-08-17;2025-08-18;2025-08-19;2025-08-20;2025-08-21;2025-08-22;2025-08-23;2025-08-24;2025-08-25;2025-08-26;2025-08-27;2025-08-28;2025-08-29;2025-08-30;2025-08-31;2025-09-01;2025-09-02;2025-09-03;2025-09-04;2025-09-05;2025-09-06;2025-09-07;2025-09-08;2025-09-09,2025-08-27;2025-08-28;2025-08-29;2025-08-30;2025-08-31;2025-09-01;2025-09-02;2025-09-03;2025-09-04;2025-09-05;2025-09-06;2025-09-07;2025-09-08;2025-09-09,,2025-09-09,8362.301704470923,9586.56428259042,9562.301704470923,50.88272170760258,59.34693168302966,46.97650985248182,81.5715947264598,58898.01809388434,5218.050450728391,857.7404705042859,35969.03831812792,22222.6358137493,58191.67413187722,35969.03831812792,35969.03828215889,37364.60911065284,1450.9170223415008,lexicographic,3.596903828215889e-05,3.736460907328825e-05,False,0.16235840000081225,0.0,1,0
2025-09-11,False,calendar_trend,4,1.0,7,1.0,0,calibrated_quantile,2025-08-14;2025-08-15;2025-08-16;2025-08-17;2025-08-18;2025-08-19;2025-08-20;2025-08-21;2025-08-22;2025-08-23;2025-08-24;2025-08-25;2025-08-26;2025-08-27;2025-08-28;2025-08-29;2025-08-30;2025-08-31;2025-09-01;2025-09-02;2025-09-03;2025-09-04;2025-09-05;2025-09-06;2025-09-07;2025-09-08;2025-09-09;2025-09-10,28,10097.203381805968,2025-08-14;2025-08-15;2025-08-16;2025-08-17;2025-08-18;2025-08-19;2025-08-20;2025-08-21;2025-08-22;2025-08-23;2025-08-24;2025-08-25;2025-08-26;2025-08-27;2025-08-28;2025-08-29;2025-08-30;2025-08-31;2025-09-01;2025-09-02;2025-09-03;2025-09-04;2025-09-05;2025-09-06;2025-09-07;2025-09-08;2025-09-09;2025-09-10,2025-08-28;2025-08-29;2025-08-30;2025-08-31;2025-09-01;2025-09-02;2025-09-03;2025-09-04;2025-09-05;2025-09-06;2025-09-07;2025-09-08;2025-09-09;2025-09-10,,2025-09-10,8739.560487662002,9562.301704470923,9939.560487662002,42.7458707353776,51.124635790143834,25.66665562792801,55.69195466872876,62469.18081069979,1330.8684352062182,7855.652442200862,37976.13604028868,5757.246637779562,43733.38267806824,37976.13604028867,37976.13600231256,39359.92725394,1470.28871865472,lexicographic,3.7976136002312565e-05,3.935992721458007e-05,False,0.20002170000225306,0.0,1,0
2025-09-12,False,calendar_trend,4,1.0,7,1.0,0,calibrated_quantile,2025-08-15;2025-08-16;2025-08-17;2025-08-18;2025-08-19;2025-08-20;2025-08-21;2025-08-22;2025-08-23;2025-08-24;2025-08-25;2025-08-26;2025-08-27;2025-08-28;2025-08-29;2025-08-30;2025-08-31;2025-09-01;2025-09-02;2025-09-03;2025-09-04;2025-09-05;2025-09-06;2025-09-07;2025-09-08;2025-09-09;2025-09-10;2025-09-11,28,10264.481553754671,2025-08-15;2025-08-16;2025-08-17;2025-08-18;2025-08-19;2025-08-20;2025-08-21;2025-08-22;2025-08-23;2025-08-24;2025-08-25;2025-08-26;2025-08-27;2025-08-28;2025-08-29;2025-08-30;2025-08-31;2025-09-01;2025-09-02;2025-09-03;2025-09-04;2025-09-05;2025-09-06;2025-09-07;2025-09-08;2025-09-09;2025-09-10;2025-09-11,2025-08-29;2025-08-30;2025-08-31;2025-09-01;2025-09-02;2025-09-03;2025-09-04;2025-09-05;2025-09-06;2025-09-07;2025-09-08;2025-09-09;2025-09-10;2025-09-11,,2025-09-11,8695.435962028056,9939.560487662002,9895.435962028056,20.9608513019111,25.44303760990485,20.431059431066057,38.85926171318648,34546.64764938506,159.03020185021796,21184.040325714253,19028.361683296054,475.98451073410536,19504.34619403016,19028.361683296054,19028.361664267697,38266.849194965864,1332.6608046123185,lexicographic,1.90283616642677e-05,3.826684915669901e-05,False,0.20599480000237236,0.0,1,0
2025-09-13,False,calendar_trend,4,1.0,7,1.0,0,calibrated_quantile,2025-08-16;2025-08-17;2025-08-18;2025-08-19;2025-08-20;2025-08-21;2025-08-22;2025-08-23;2025-08-24;2025-08-25;2025-08-26;2025-08-27;2025-08-28;2025-08-29;2025-08-30;2025-08-31;2025-09-01;2025-09-02;2025-09-03;2025-09-04;2025-09-05;2025-09-06;2025-09-07;2025-09-08;2025-09-09;2025-09-10;2025-09-11;2025-09-12,28,10318.268668414905,2025-08-16;2025-08-17;2025-08-18;2025-08-19;2025-08-20;2025-08-21;2025-08-22;2025-08-23;2025-08-24;2025-08-25;2025-08-26;2025-08-27;2025-08-28;2025-08-29;2025-08-30;2025-08-31;2025-09-01;2025-09-02;2025-09-03;2025-09-04;2025-09-05;2025-09-06;2025-09-07;2025-09-08;2025-09-09;2025-09-10;2025-09-11;2025-09-12,2025-08-30;2025-08-31;2025-09-01;2025-09-02;2025-09-03;2025-09-04;2025-09-05;2025-09-06;2025-09-07;2025-09-08;2025-09-09;2025-09-10;2025-09-11;2025-09-12,,2025-09-12,8651.311436394097,9895.435962028056,9851.311436394097,19.95423127023952,25.1689921173966,31.50585338858335,61.47128881441063,34913.254883830625,54.16035364074065,24994.983562730038,19180.098384166115,184.95438958669135,19365.052773752806,19180.098384166115,19180.098364986028,38178.477646818676,1321.937349874341,lexicographic,1.918009836498603e-05,3.817847760864021e-05,False,0.198891599997296,0.0,1,0
2025-09-14,False,calendar_trend,4,1.0,7,1.0,0,calibrated_quantile,2025-08-17;2025-08-18;2025-08-19;2025-08-20;2025-08-21;2025-08-22;2025-08-23;2025-08-24;2025-08-25;2025-08-26;2025-08-27;2025-08-28;2025-08-29;2025-08-30;2025-08-31;2025-09-01;2025-09-02;2025-09-03;2025-09-04;2025-09-05;2025-09-06;2025-09-07;2025-09-08;2025-09-09;2025-09-10;2025-09-11;2025-09-12;2025-09-13,28,10307.968899774105,2025-08-17;2025-08-18;2025-08-19;2025-08-20;2025-08-21;2025-08-22;2025-08-23;2025-08-24;2025-08-25;2025-08-26;2025-08-27;2025-08-28;2025-08-29;2025-08-30;2025-08-31;2025-09-01;2025-09-02;2025-09-03;2025-09-04;2025-09-05;2025-09-06;2025-09-07;2025-09-08;2025-09-09;2025-09-10;2025-09-11;2025-09-12;2025-09-13,2025-08-31;2025-09-01;2025-09-02;2025-09-03;2025-09-04;2025-09-05;2025-09-06;2025-09-07;2025-09-08;2025-09-09;2025-09-10;2025-09-11;2025-09-12;2025-09-13,,2025-09-13,8607.186910760154,9851.311436394097,9807.186910760154,52.5147679354267,62.384486064694144,29.181278831581082,59.32489621204467,61577.8683115021,3005.7947898041257,2492.5253678174104,37686.22422475079,10945.855448059003,48632.07967280979,37686.22422475078,37686.224187064574,38681.65069635401,1449.4572387850474,lexicographic,3.7686224187064574e-05,3.868165065767235e-05,False,0.1696564000012586,0.0,1,0
2025-09-15,False,calendar_trend,4,1.0,7,1.0,0,calibrated_quantile,2025-08-18;2025-08-19;2025-08-20;2025-08-21;2025-08-22;2025-08-23;2025-08-24;2025-08-25;2025-08-26;2025-08-27;2025-08-28;2025-08-29;2025-08-30;2025-08-31;2025-09-01;2025-09-02;2025-09-03;2025-09-04;2025-09-05;2025-09-06;2025-09-07;2025-09-08;2025-09-09;2025-09-10;2025-09-11;2025-09-12;2025-09-13;2025-09-14,28,11000.090710660388,2025-08-18;2025-08-19;2025-08-20;2025-08-21;2025-08-22;2025-08-23;2025-08-24;2025-08-25;2025-08-26;2025-08-27;2025-08-28;2025-08-29;2025-08-30;2025-08-31;2025-09-01;2025-09-02;2025-09-03;2025-09-04;2025-09-05;2025-09-06;2025-09-07;2025-09-08;2025-09-09;2025-09-10;2025-09-11;2025-09-12;2025-09-13;2025-09-14,2025-09-01;2025-09-02;2025-09-03;2025-09-04;2025-09-05;2025-09-06;2025-09-07;2025-09-08;2025-09-09;2025-09-10;2025-09-11;2025-09-12;2025-09-13;2025-09-14,,2025-09-14,8871.370264269217,9807.186910760154,10071.370264269217,53.99798780865254,61.53357257897751,26.78169622490132,50.72607548125553,62846.48767841029,1688.6954523497702,7155.973867470077,38146.66641426156,7282.509820365812,45429.176234627375,38146.66641426156,38146.66637611489,38918.86726723602,1469.488324289579,lexicographic,3.814666637611489e-05,3.891886722831716e-05,False,0.2301262000000861,0.0,1,0
2025-09-16,False,calendar_trend,4,1.0,7,1.0,0,calibrated_quantile,2025-08-19;2025-08-20;2025-08-21;2025-08-22;2025-08-23;2025-08-24;2025-08-25;2025-08-26;2025-08-27;2025-08-28;2025-08-29;2025-08-30;2025-08-31;2025-09-01;2025-09-02;2025-09-03;2025-09-04;2025-09-05;2025-09-06;2025-09-07;2025-09-08;2025-09-09;2025-09-10;2025-09-11;2025-09-12;2025-09-13;2025-09-14;2025-09-15,28,11349.100819218998,2025-08-19;2025-08-20;2025-08-21;2025-08-22;2025-08-23;2025-08-24;2025-08-25;2025-08-26;2025-08-27;2025-08-28;2025-08-29;2025-08-30;2025-08-31;2025-09-01;2025-09-02;2025-09-03;2025-09-04;2025-09-05;2025-09-06;2025-09-07;2025-09-08;2025-09-09;2025-09-10;2025-09-11;2025-09-12;2025-09-13;2025-09-14;2025-09-15,2025-09-02;2025-09-03;2025-09-04;2025-09-05;2025-09-06;2025-09-07;2025-09-08;2025-09-09;2025-09-10;2025-09-11;2025-09-12;2025-09-13;2025-09-14;2025-09-15,,2025-09-15,8860.480082934386,10071.370264269217,10060.480082934386,49.95502684519986,58.62154275594619,23.351876731280306,49.532944851754145,64382.82702320055,1937.5666705552312,4791.6545977956375,39566.97243818623,6417.712332764575,45984.68477095081,39566.97243818623,39566.972398619255,38909.039802811516,1479.9317045539224,lexicographic,3.9566972398619254e-05,3.890903976390248e-05,False,0.21746859999984736,0.0,1,0
2025-09-17,False,calendar_trend,4,1.0,7,1.0,0,calibrated_quantile,2025-08-20;2025-08-21;2025-08-22;2025-08-23;2025-08-24;2025-08-25;2025-08-26;2025-08-27;2025-08-28;2025-08-29;2025-08-30;2025-08-31;2025-09-01;2025-09-02;2025-09-03;2025-09-04;2025-09-05;2025-09-06;2025-09-07;2025-09-08;2025-09-09;2025-09-10;2025-09-11;2025-09-12;2025-09-13;2025-09-14;2025-09-15;2025-09-16,28,11736.146456183207,2025-08-20;2025-08-21;2025-08-22;2025-08-23;2025-08-24;2025-08-25;2025-08-26;2025-08-27;2025-08-28;2025-08-29;2025-08-30;2025-08-31;2025-09-01;2025-09-02;2025-09-03;2025-09-04;2025-09-05;2025-09-06;2025-09-07;2025-09-08;2025-09-09;2025-09-10;2025-09-11;2025-09-12;2025-09-13;2025-09-14;2025-09-15;2025-09-16,2025-09-03;2025-09-04;2025-09-05;2025-09-06;2025-09-07;2025-09-08;2025-09-09;2025-09-10;2025-09-11;2025-09-12;2025-09-13;2025-09-14;2025-09-15;2025-09-16,,2025-09-16,9003.654636993533,10060.480082934386,10203.654636993533,33.41203276947715,40.833774712059906,25.264168808447966,52.14498598551999,67333.58417872124,701.2436705073112,5857.91709140715,41483.320915102384,2698.388249951947,44181.70916505433,41483.320915102384,41483.32087361906,39402.5086357721,1489.7939028102217,lexicographic,4.148332087361906e-05,3.940250859636959e-05,False,0.16805599999861442,0.0,1,0
2025-09-18,False,calendar_trend,4,1.0,7,1.0,0,calibrated_quantile,2025-08-21;2025-08-22;2025-08-23;2025-08-24;2025-08-25;2025-08-26;2025-08-27;2025-08-28;2025-08-29;2025-08-30;2025-08-31;2025-09-01;2025-09-02;2025-09-03;2025-09-04;2025-09-05;2025-09-06;2025-09-07;2025-09-08;2025-09-09;2025-09-10;2025-09-11;2025-09-12;2025-09-13;2025-09-14;2025-09-15;2025-09-16;2025-09-17,28,11540.692082210207,2025-08-21;2025-08-22;2025-08-23;2025-08-24;2025-08-25;2025-08-26;2025-08-27;2025-08-28;2025-08-29;2025-08-30;2025-08-31;2025-09-01;2025-09-02;2025-09-03;2025-09-04;2025-09-05;2025-09-06;2025-09-07;2025-09-08;2025-09-09;2025-09-10;2025-09-11;2025-09-12;2025-09-13;2025-09-14;2025-09-15;2025-09-16;2025-09-17,2025-09-04;2025-09-05;2025-09-06;2025-09-07;2025-09-08;2025-09-09;2025-09-10;2025-09-11;2025-09-12;2025-09-13;2025-09-14;2025-09-15;2025-09-16;2025-09-17,,2025-09-17,8970.182994635867,10203.654636993533,10170.182994635867,24.40213763485996,30.932501402132154,14.347833302503565,29.212111092751822,69668.84821097722,128.80396173427096,8752.83015263006,43137.331426192046,620.8255111015128,43758.156937293556,43137.331426192046,43137.33138305473,40321.72692614143,1493.3779744345015,lexicographic,4.313733138305473e-05,4.03217268858197e-05,False,0.2743391000003612,0.0,1,0
2025-09-19,False,calendar_trend,4,1.0,7,1.0,0,calibrated_quantile,2025-08-22;2025-08-23;2025-08-24;2025-08-25;2025-08-26;2025-08-27;2025-08-28;2025-08-29;2025-08-30;2025-08-31;2025-09-01;2025-09-02;2025-09-03;2025-09-04;2025-09-05;2025-09-06;2025-09-07;2025-09-08;2025-09-09;2025-09-10;2025-09-11;2025-09-12;2025-09-13;2025-09-14;2025-09-15;2025-09-16;2025-09-17;2025-09-18,28,11520.87033704683,2025-08-22;2025-08-23;2025-08-24;2025-08-25;2025-08-26;2025-08-27;2025-08-28;2025-08-29;2025-08-30;2025-08-31;2025-09-01;2025-09-02;2025-09-03;2025-09-04;2025-09-05;2025-09-06;2025-09-07;2025-09-08;2025-09-09;2025-09-10;2025-09-11;2025-09-12;2025-09-13;2025-09-14;2025-09-15;2025-09-16;2025-09-17;2025-09-18,2025-09-05;2025-09-06;2025-09-07;2025-09-08;2025-09-09;2025-09-10;2025-09-11;2025-09-12;2025-09-13;2025-09-14;2025-09-15;2025-09-16;2025-09-17;2025-09-18,,2025-09-18,8936.711352278206,10170.182994635867,10136.711352278206,24.136295734124324,30.531167014330762,23.912967595921344,47.77459467068387,38384.19974502118,55.46449557004797,20332.791738055952,21785.598164837724,122.929684018606,21908.52784885633,21785.598164837727,21785.598143052128,38739.9632927643,1381.000567599528,lexicographic,2.178559814305213e-05,3.873996325402434e-05,False,0.2556521000005887,0.0,1,0
2025-09-20,False,calendar_trend,4,1.0,7,1.0,0,calibrated_quantile,2025-08-23;2025-08-24;2025-08-25;2025-08-26;2025-08-27;2025-08-28;2025-08-29;2025-08-30;2025-08-31;2025-09-01;2025-09-02;2025-09-03;2025-09-04;2025-09-05;2025-09-06;2025-09-07;2025-09-08;2025-09-09;2025-09-10;2025-09-11;2025-09-12;2025-09-13;2025-09-14;2025-09-15;2025-09-16;2025-09-17;2025-09-18;2025-09-19,28,11549.37064625322,2025-08-23;2025-08-24;2025-08-25;2025-08-26;2025-08-27;2025-08-28;2025-08-29;2025-08-30;2025-08-31;2025-09-01;2025-09-02;2025-09-03;2025-09-04;2025-09-05;2025-09-06;2025-09-07;2025-09-08;2025-09-09;2025-09-10;2025-09-11;2025-09-12;2025-09-13;2025-09-14;2025-09-15;2025-09-16;2025-09-17;2025-09-18;2025-09-19,2025-09-06;2025-09-07;2025-09-08;2025-09-09;2025-09-10;2025-09-11;2025-09-12;2025-09-13;2025-09-14;2025-09-15;2025-09-16;2025-09-17;2025-09-18;2025-09-19,,2025-09-19,8925.821170943376,10136.711352278206,10125.821170943376,24.666722323356037,34.4744166316818,21.252386641359692,40.316386081961795,38869.43804686785,0.0,21198.20939990921,22054.70994403281,0.0,22054.70994403281,22054.70994403281,22054.709921978105,38696.73002178281,1394.758374368057,lexicographic,2.2054709921978106e-05,3.869672998308608e-05,False,0.20198489999893354,0.0,1,0
2025-09-21,False,calendar_trend,4,1.0,7,1.0,0,calibrated_quantile,2025-08-24;2025-08-25;2025-08-26;2025-08-27;2025-08-28;2025-08-29;2025-08-30;2025-08-31;2025-09-01;2025-09-02;2025-09-03;2025-09-04;2025-09-05;2025-09-06;2025-09-07;2025-09-08;2025-09-09;2025-09-10;2025-09-11;2025-09-12;2025-09-13;2025-09-14;2025-09-15;2025-09-16;2025-09-17;2025-09-18;2025-09-19;2025-09-20,28,11470.266086937867,2025-08-24;2025-08-25;2025-08-26;2025-08-27;2025-08-28;2025-08-29;2025-08-30;2025-08-31;2025-09-01;2025-09-02;2025-09-03;2025-09-04;2025-09-05;2025-09-06;2025-09-07;2025-09-08;2025-09-09;2025-09-10;2025-09-11;2025-09-12;2025-09-13;2025-09-14;2025-09-15;2025-09-16;2025-09-17;2025-09-18;2025-09-19;2025-09-20,2025-09-07;2025-09-08;2025-09-09;2025-09-10;2025-09-11;2025-09-12;2025-09-13;2025-09-14;2025-09-15;2025-09-16;2025-09-17;2025-09-18;2025-09-19;2025-09-20,,2025-09-20,8914.930989608545,10125.821170943376,10114.930989608545,23.498613006225234,29.568369696634097,27.980623323581757,53.874319217341004,73668.3399178331,28.423023021942473,13254.645952762956,45953.47938071216,66.4918152277799,46019.97119593994,45953.47938071216,45953.479334758675,41144.58725331824,1524.6424074356637,lexicographic,4.595347933475868e-05,4.114458721217365e-05,False,0.1976656999977422,0.0,1,0
2025-09-22,False,calendar_trend,4,1.0,7,1.0,0,calibrated_quantile,2025-08-25;2025-08-26;2025-08-27;2025-08-28;2025-08-29;2025-08-30;2025-08-31;2025-09-01;2025-09-02;2025-09-03;2025-09-04;2025-09-05;2025-09-06;2025-09-07;2025-09-08;2025-09-09;2025-09-10;2025-09-11;2025-09-12;2025-09-13;2025-09-14;2025-09-15;2025-09-16;2025-09-17;2025-09-18;2025-09-19;2025-09-20;2025-09-21,28,11462.025666803962,2025-08-25;2025-08-26;2025-08-27;2025-08-28;2025-08-29;2025-08-30;2025-08-31;2025-09-01;2025-09-02;2025-09-03;2025-09-04;2025-09-05;2025-09-06;2025-09-07;2025-09-08;2025-09-09;2025-09-10;2025-09-11;2025-09-12;2025-09-13;2025-09-14;2025-09-15;2025-09-16;2025-09-17;2025-09-18;2025-09-19;2025-09-20;2025-09-21,2025-09-08;2025-09-09;2025-09-10;2025-09-11;2025-09-12;2025-09-13;2025-09-14;2025-09-15;2025-09-16;2025-09-17;2025-09-18;2025-09-19;2025-09-20;2025-09-21,,2025-09-21,8904.040808273712,10114.930989608545,10104.040808273712,27.105188773829337,34.03502410042513,12.954231825009519,22.10392021862675,72156.26494060893,221.29011230843435,9628.901018701607,44699.95383819858,896.7201883791402,45596.67402657772,44699.95383819857,44699.95379349863,40764.67552966819,1512.2743499276348,lexicographic,4.469995379349863e-05,4.0764675488903505e-05,False,0.2267649999994319,0.0,1,0
2025-09-23,False,calendar_trend,4,1.0,7,1.0,0,calibrated_quantile,2025-08-26;2025-08-27;2025-08-28;2025-08-29;2025-08-30;2025-08-31;2025-09-01;2025-09-02;2025-09-03;2025-09-04;2025-09-05;2025-09-06;2025-09-07;2025-09-08;2025-09-09;2025-09-10;2025-09-11;2025-09-12;2025-09-13;2025-09-14;2025-09-15;2025-09-16;2025-09-17;2025-09-18;2025-09-19;2025-09-20;2025-09-21;2025-09-22,28,11178.048728663689,2025-08-26;2025-08-27;2025-08-28;2025-08-29;2025-08-30;2025-08-31;2025-09-01;2025-09-02;2025-09-03;2025-09-04;2025-09-05;2025-09-06;2025-09-07;2025-09-08;2025-09-09;2025-09-10;2025-09-11;2025-09-12;2025-09-13;2025-09-14;2025-09-15;2025-09-16;2025-09-17;2025-09-18;2025-09-19;2025-09-20;2025-09-21;2025-09-22,2025-09-09;2025-09-10;2025-09-11;2025-09-12;2025-09-13;2025-09-14;2025-09-15;2025-09-16;2025-09-17;2025-09-18;2025-09-19;2025-09-20;2025-09-21;2025-09-22,,2025-09-22,8893.15062693888,10104.040808273712,10093.15062693888,22.317326882700822,28.294125376074508,19.811696702469476,38.91254125263139,74646.39441574087,78.38413978935864,10452.022103503987,46528.80549792615,299.6393682710034,46828.444866197155,46528.80549792616,46528.80545139737,41173.303168067185,1535.6821292341208,lexicographic,4.652880545139737e-05,4.11733031680669e-05,False,0.17027749999761,0.0,1,0
2025-09-24,False,calendar_trend,4,1.0,7,1.0,0,calibrated_quantile,2025-08-27;2025-08-28;2025-08-29;2025-08-30;2025-08-31;2025-09-01;2025-09-02;2025-09-03;2025-09-04;2025-09-05;2025-09-06;2025-09-07;2025-09-08;2025-09-09;2025-09-10;2025-09-11;2025-09-12;2025-09-13;2025-09-14;2025-09-15;2025-09-16;2025-09-17;2025-09-18;2025-09-19;2025-09-20;2025-09-21;2025-09-22;2025-09-23,28,11161.431357437114,2025-08-27;2025-08-28;2025-08-29;2025-08-30;2025-08-31;2025-09-01;2025-09-02;2025-09-03;2025-09-04;2025-09-05;2025-09-06;2025-09-07;2025-09-08;2025-09-09;2025-09-10;2025-09-11;2025-09-12;2025-09-13;2025-09-14;2025-09-15;2025-09-16;2025-09-17;2025-09-18;2025-09-19;2025-09-20;2025-09-21;2025-09-22;2025-09-23,2025-09-10;2025-09-11;2025-09-12;2025-09-13;2025-09-14;2025-09-15;2025-09-16;2025-09-17;2025-09-18;2025-09-19;2025-09-20;2025-09-21;2025-09-22;2025-09-23,,2025-09-23,8882.260445604048,10093.15062693888,10082.260445604048,24.876299532704348,31.442160924449787,17.724472628941864,30.829660707083125,76054.8704960159,15.97016831931409,12833.85221070534,47626.86505150853,63.240567732947916,47690.105619241476,47626.86505150854,47626.865003881656,41508.130381869516,1546.018264829683,lexicographic,4.762686500388166e-05,4.150813034036138e-05,False,0.1564459999972314,0.0,1,0
2025-09-25,False,calendar_trend,4,1.0,7,1.0,0,calibrated_quantile,2025-08-28;2025-08-29;2025-08-30;2025-08-31;2025-09-01;2025-09-02;2025-09-03;2025-09-04;2025-09-05;2025-09-06;2025-09-07;2025-09-08;2025-09-09;2025-09-10;2025-09-11;2025-09-12;2025-09-13;2025-09-14;2025-09-15;2025-09-16;2025-09-17;2025-09-18;2025-09-19;2025-09-20;2025-09-21;2025-09-22;2025-09-23;2025-09-24,28,11119.063004542997,2025-08-28;2025-08-29;2025-08-30;2025-08-31;2025-09-01;2025-09-02;2025-09-03;2025-09-04;2025-09-05;2025-09-06;2025-09-07;2025-09-08;2025-09-09;2025-09-10;2025-09-11;2025-09-12;2025-09-13;2025-09-14;2025-09-15;2025-09-16;2025-09-17;2025-09-18;2025-09-19;2025-09-20;2025-09-21;2025-09-22;2025-09-23;2025-09-24,2025-09-11;2025-09-12;2025-09-13;2025-09-14;2025-09-15;2025-09-16;2025-09-17;2025-09-18;2025-09-19;2025-09-20;2025-09-21;2025-09-22;2025-09-23;2025-09-24,,2025-09-24,8871.370264269217,10082.260445604048,10071.370264269217,32.76209636468967,40.93447586999121,16.755691975541534,31.14628325256521,77998.89652900456,21.069402889882667,15506.55502749417,49119.150634612364,44.97264046845456,49164.12327508082,49119.150634612364,49119.15058549319,41587.90474650716,1541.6633530687454,lexicographic,4.9119150585493194e-05,4.158790470491926e-05,False,0.19679399999949965,0.0,1,0
2025-09-26,False,calendar_trend,4,1.0,7,1.0,0,calibrated_quantile,2025-08-29;2025-08-30;2025-08-31;2025-09-01;2025-09-02;2025-09-03;2025-09-04;2025-09-05;2025-09-06;2025-09-07;2025-09-08;2025-09-09;2025-09-10;2025-09-11;2025-09-12;2025-09-13;2025-09-14;2025-09-15;2025-09-16;2025-09-17;2025-09-18;2025-09-19;2025-09-20;2025-09-21;2025-09-22;2025-09-23;2025-09-24;2025-09-25,28,10926.360046600868,2025-08-29;2025-08-30;2025-08-31;2025-09-01;2025-09-02;2025-09-03;2025-09-04;2025-09-05;2025-09-06;2025-09-07;2025-09-08;2025-09-09;2025-09-10;2025-09-11;2025-09-12;2025-09-13;2025-09-14;2025-09-15;2025-09-16;2025-09-17;2025-09-18;2025-09-19;2025-09-20;2025-09-21;2025-09-22;2025-09-23;2025-09-24;2025-09-25,2025-09-12;2025-09-13;2025-09-14;2025-09-15;2025-09-16;2025-09-17;2025-09-18;2025-09-19;2025-09-20;2025-09-21;2025-09-22;2025-09-23;2025-09-24;2025-09-25,,2025-09-25,8860.480082934386,10071.370264269217,10060.480082934386,35.20697424547736,42.80364610804789,21.20629183118316,46.225343114847725,40376.840393950726,0.0,20663.68953980256,23210.123398655014,0.0,23210.123398655014,23210.123398655014,23210.12337544489,38565.86639171715,1406.9110475775851,lexicographic,2.3210123375444894e-05,3.856586635315129e-05,False,0.2513513999983843,0.0,1,0
2025-09-27,False,calendar_trend,4,1.0,7,1.0,0,calibrated_quantile,2025-08-30;2025-08-31;2025-09-01;2025-09-02;2025-09-03;2025-09-04;2025-09-05;2025-09-06;2025-09-07;2025-09-08;2025-09-09;2025-09-10;2025-09-11;2025-09-12;2025-09-13;2025-09-14;2025-09-15;2025-09-16;2025-09-17;2025-09-18;2025-09-19;2025-09-20;2025-09-21;2025-09-22;2025-09-23;2025-09-24;2025-09-25;2025-09-26,28,10928.665480079106,2025-08-30;2025-08-31;2025-09-01;2025-09-02;2025-09-03;2025-09-04;2025-09-05;2025-09-06;2025-09-07;2025-09-08;2025-09-09;2025-09-10;2025-09-11;2025-09-12;2025-09-13;2025-09-14;2025-09-15;2025-09-16;2025-09-17;2025-09-18;2025-09-19;2025-09-20;2025-09-21;2025-09-22;2025-09-23;2025-09-24;2025-09-25;2025-09-26,2025-09-13;2025-09-14;2025-09-15;2025-09-16;2025-09-17;2025-09-18;2025-09-19;2025-09-20;2025-09-21;2025-09-22;2025-09-23;2025-09-24;2025-09-25;2025-09-26,,2025-09-26,8849.589901599555,10060.480082934386,10049.589901599555,28.4654918952288,35.068460430702046,34.23092532050086,58.61619754193309,40333.51017718462,52.04752105521368,20566.496019671096,23139.116058646192,209.8397621193411,23348.955820765532,23139.116058646192,23139.116035507082,38544.05580570792,1416.8064925965346,lexicographic,2.3139116035507083e-05,3.8544055767163865e-05,False,0.19773410000198055,0.0,1,0
2025-09-28,False,calendar_trend,4,1.0,7,1.0,0,calibrated_quantile,2025-08-31;2025-09-01;2025-09-02;2025-09-03;2025-09-04;2025-09-05;2025-09-06;2025-09-07;2025-09-08;2025-09-09;2025-09-10;2025-09-11;2025-09-12;2025-09-13;2025-09-14;2025-09-15;2025-09-16;2025-09-17;2025-09-18;2025-09-19;2025-09-20;2025-09-21;2025-09-22;2025-09-23;2025-09-24;2025-09-25;2025-09-26;2025-09-27,28,10925.330880270343,2025-08-31;2025-09-01;2025-09-02;2025-09-03;2025-09-04;2025-09-05;2025-09-06;2025-09-07;2025-09-08;2025-09-09;2025-09-10;2025-09-11;2025-09-12;2025-09-13;2025-09-14;2025-09-15;2025-09-16;2025-09-17;2025-09-18;2025-09-19;2025-09-20;2025-09-21;2025-09-22;2025-09-23;2025-09-24;2025-09-25;2025-09-26;2025-09-27,2025-09-14;2025-09-15;2025-09-16;2025-09-17;2025-09-18;2025-09-19;2025-09-20;2025-09-21;2025-09-22;2025-09-23;2025-09-24;2025-09-25;2025-09-26;2025-09-27,,2025-09-27,8838.69972026472,10049.589901599555,10038.69972026472,31.797981110194314,39.36106835846024,18.32316886037114,34.607117257741145,78416.12312658572,0.0,12727.020347590866,49286.10099429237,0.0,49286.10099429237,49286.10099429237,49286.10094500625,42034.62529713759,1561.339124342117,lexicographic,4.928610094500625e-05,4.203462529713769e-05,False,0.22781789999862667,1.4762696733308213e-16,1,0
2025-09-29,False,calendar_trend,4,1.0,7,1.0,0,calibrated_quantile,2025-09-01;2025-09-02;2025-09-03;2025-09-04;2025-09-05;2025-09-06;2025-09-07;2025-09-08;2025-09-09;2025-09-10;2025-09-11;2025-09-12;2025-09-13;2025-09-14;2025-09-15;2025-09-16;2025-09-17;2025-09-18;2025-09-19;2025-09-20;2025-09-21;2025-09-22;2025-09-23;2025-09-24;2025-09-25;2025-09-26;2025-09-27;2025-09-28,28,10887.748343695635,2025-09-01;2025-09-02;2025-09-03;2025-09-04;2025-09-05;2025-09-06;2025-09-07;2025-09-08;2025-09-09;2025-09-10;2025-09-11;2025-09-12;2025-09-13;2025-09-14;2025-09-15;2025-09-16;2025-09-17;2025-09-18;2025-09-19;2025-09-20;2025-09-21;2025-09-22;2025-09-23;2025-09-24;2025-09-25;2025-09-26;2025-09-27;2025-09-28,2025-09-15;2025-09-16;2025-09-17;2025-09-18;2025-09-19;2025-09-20;2025-09-21;2025-09-22;2025-09-23;2025-09-24;2025-09-25;2025-09-26;2025-09-27;2025-09-28,,2025-09-28,8827.809538929889,10038.69972026472,10027.809538929889,25.16925716019926,30.904117117496053,10.751648228816332,22.667429365105196,76316.49679982083,46.354134990922944,11421.599872471732,47528.92278451605,150.92181511792725,47679.84459963398,47528.92278451605,47528.92273698712,41652.45644736219,1512.4015280721183,lexicographic,4.752892273698712e-05,4.1652456405709735e-05,False,0.16541080000024522,0.0,1,0
2025-09-30,False,calendar_trend,4,1.0,7,1.0,0,calibrated_quantile,2025-09-02;2025-09-03;2025-09-04;2025-09-05;2025-09-06;2025-09-07;2025-09-08;2025-09-09;2025-09-10;2025-09-11;2025-09-12;2025-09-13;2025-09-14;2025-09-15;2025-09-16;2025-09-17;2025-09-18;2025-09-19;2025-09-20;2025-09-21;2025-09-22;2025-09-23;2025-09-24;2025-09-25;2025-09-26;2025-09-27;2025-09-28;2025-09-29,28,10914.756836185868,2025-09-02;2025-09-03;2025-09-04;2025-09-05;2025-09-06;2025-09-07;2025-09-08;2025-09-09;2025-09-10;2025-09-11;2025-09-12;2025-09-13;2025-09-14;2025-09-15;2025-09-16;2025-09-17;2025-09-18;2025-09-19;2025-09-20;2025-09-21;2025-09-22;2025-09-23;2025-09-24;2025-09-25;2025-09-26;2025-09-27;2025-09-28;2025-09-29,2025-09-16;2025-09-17;2025-09-18;2025-09-19;2025-09-20;2025-09-21;2025-09-22;2025-09-23;2025-09-24;2025-09-25;2025-09-26;2025-09-27;2025-09-28;2025-09-29,,2025-09-29,8783.685013295944,10027.809538929889,9983.685013295944,22.246758624018767,27.875597815196418,25.06588825838622,46.234366223810134,76416.24830783953,115.90307974495818,8958.67731091251,47850.03742012232,518.9672276244794,48369.0046477468,47850.03742012231,47850.03737227227,41711.890900167724,1530.9586180543943,lexicographic,4.785003737227227e-05,4.1711890858455826e-05,False,0.22878570000102627,0.0,1,0
2025-10-01,False,calendar_trend,4,1.0,7,1.0,0,calibrated_quantile,2025-09-03;2025-09-04;2025-09-05;2025-09-06;2025-09-07;2025-09-08;2025-09-09;2025-09-10;2025-09-11;2025-09-12;2025-09-13;2025-09-14;2025-09-15;2025-09-16;2025-09-17;2025-09-18;2025-09-19;2025-09-20;2025-09-21;2025-09-22;2025-09-23;2025-09-24;2025-09-25;2025-09-26;2025-09-27;2025-09-28;2025-09-29;2025-09-30,28,11016.75287894773,2025-09-03;2025-09-04;2025-09-05;2025-09-06;2025-09-07;2025-09-08;2025-09-09;2025-09-10;2025-09-11;2025-09-12;2025-09-13;2025-09-14;2025-09-15;2025-09-16;2025-09-17;2025-09-18;2025-09-19;2025-09-20;2025-09-21;2025-09-22;2025-09-23;2025-09-24;2025-09-25;2025-09-26;2025-09-27;2025-09-28;2025-09-29;2025-09-30,2025-09-17;2025-09-18;2025-09-19;2025-09-20;2025-09-21;2025-09-22;2025-09-23;2025-09-24;2025-09-25;2025-09-26;2025-09-27;2025-09-28;2025-09-29;2025-09-30,,2025-09-30,8739.560487662002,9983.685013295944,9939.560487662002,33.580644149003284,44.36817524488599,73.33436616853866,130.37869075617797,76942.72549693083,18.76536653885887,25134.875997444018,48070.5862961785,40.94602978779005,48111.53232596629,48070.5862961785,48070.586248107924,41973.977331221715,1524.314958751431,lexicographic,4.8070586248107926e-05,4.197397728924777e-05,False,0.3192665000024135,0.0,1,0
2025-10-02,False,calendar_trend,4,1.0,7,1.0,0,calibrated_quantile,2025-09-04;2025-09-05;2025-09-06;2025-09-07;2025-09-08;2025-09-09;2025-09-10;2025-09-11;2025-09-12;2025-09-13;2025-09-14;2025-09-15;2025-09-16;2025-09-17;2025-09-18;2025-09-19;2025-09-20;2025-09-21;2025-09-22;2025-09-23;2025-09-24;2025-09-25;2025-09-26;2025-09-27;2025-09-28;2025-09-29;2025-09-30;2025-10-01,28,11014.529334354444,2025-09-04;2025-09-05;2025-09-06;2025-09-07;2025-09-08;2025-09-09;2025-09-10;2025-09-11;2025-09-12;2025-09-13;2025-09-14;2025-09-15;2025-09-16;2025-09-17;2025-09-18;2025-09-19;2025-09-20;2025-09-21;2025-09-22;2025-09-23;2025-09-24;2025-09-25;2025-09-26;2025-09-27;2025-09-28;2025-09-29;2025-09-30;2025-10-01,2025-09-18;2025-09-19;2025-09-20;2025-09-21;2025-09-22;2025-09-23;2025-09-24;2025-09-25;2025-09-26;2025-09-27;2025-09-28;2025-09-29;2025-09-30;2025-10-01,,2025-10-01,8695.435962028056,9939.560487662002,9895.435962028056,26.52881675908924,36.41769120575011,43.6779868367523,76.78080560337439,73417.44133378673,11.825914803329301,19548.434633362867,45757.322362995554,53.46191243943586,45810.78427543499,45757.322362995554,45757.32231723825,41688.14448271684,1551.083913758099,lexicographic,4.575732231723825e-05,4.1688144441028695e-05,False,0.41061749999789754,1.590118749462387e-16,1,0
2025-10-03,False,calendar_trend,4,1.0,7,1.0,0,calibrated_quantile,2025-09-05;2025-09-06;2025-09-07;2025-09-08;2025-09-09;2025-09-10;2025-09-11;2025-09-12;2025-09-13;2025-09-14;2025-09-15;2025-09-16;2025-09-17;2025-09-18;2025-09-19;2025-09-20;2025-09-21;2025-09-22;2025-09-23;2025-09-24;2025-09-25;2025-09-26;2025-09-27;2025-09-28;2025-09-29;2025-09-30;2025-10-01;2025-10-02,28,10999.627627179449,2025-09-05;2025-09-06;2025-09-07;2025-09-08;2025-09-09;2025-09-10;2025-09-11;2025-09-12;2025-09-13;2025-09-14;2025-09-15;2025-09-16;2025-09-17;2025-09-18;2025-09-19;2025-09-20;2025-09-21;2025-09-22;2025-09-23;2025-09-24;2025-09-25;2025-09-26;2025-09-27;2025-09-28;2025-09-29;2025-09-30;2025-10-01;2025-10-02,2025-09-19;2025-09-20;2025-09-21;2025-09-22;2025-09-23;2025-09-24;2025-09-25;2025-09-26;2025-09-27;2025-09-28;2025-09-29;2025-09-30;2025-10-01;2025-10-02,,2025-10-02,8651.311436394097,9895.435962028056,9851.311436394097,25.018241687128725,32.70873924496526,21.058964553292114,40.94326097979451,36523.97008278907,0.0,26741.486195012534,20105.239699200276,0.0,20105.239699200276,20105.239699200276,20105.23967909504,38178.47757782097,1344.7259429529595,lexicographic,2.010523967909504e-05,3.817847757782069e-05,False,0.2605903000003309,0.0,1,0
2025-10-04,False,calendar_trend,4,1.0,7,1.0,0,calibrated_quantile,2025-09-06;2025-09-07;2025-09-08;2025-09-09;2025-09-10;2025-09-11;2025-09-12;2025-09-13;2025-09-14;2025-09-15;2025-09-16;2025-09-17;2025-09-18;2025-09-19;2025-09-20;2025-09-21;2025-09-22;2025-09-23;2025-09-24;2025-09-25;2025-09-26;2025-09-27;2025-09-28;2025-09-29;2025-09-30;2025-10-01;2025-10-02;2025-10-03,28,10968.38901704159,2025-09-06;2025-09-07;2025-09-08;2025-09-09;2025-09-10;2025-09-11;2025-09-12;2025-09-13;2025-09-14;2025-09-15;2025-09-16;2025-09-17;2025-09-18;2025-09-19;2025-09-20;2025-09-21;2025-09-22;2025-09-23;2025-09-24;2025-09-25;2025-09-26;2025-09-27;2025-09-28;2025-09-29;2025-09-30;2025-10-01;2025-10-02;2025-10-03,2025-09-20;2025-09-21;2025-09-22;2025-09-23;2025-09-24;2025-09-25;2025-09-26;2025-09-27;2025-09-28;2025-09-29;2025-09-30;2025-10-01;2025-10-02;2025-10-03,,2025-10-03,8607.186910760154,9851.311436394097,9807.186910760154,21.571032972552178,27.126255910340145,19.586333907443557,34.87536760237478,35988.55858953593,96.6422836560672,21028.539381238166,19620.997605215718,406.13820167101744,20027.135806886734,19620.997605215718,19620.997585594727,38090.10612385599,1325.1208462845782,lexicographic,1.962099758559473e-05,3.8090106085765894e-05,False,0.16529760000048555,0.0,1,0
2025-10-05,False,calendar_trend,4,1.0,7,1.0,0,calibrated_quantile,2025-09-07;2025-09-08;2025-09-09;2025-09-10;2025-09-11;2025-09-12;2025-09-13;2025-09-14;2025-09-15;2025-09-16;2025-09-17;2025-09-18;2025-09-19;2025-09-20;2025-09-21;2025-09-22;2025-09-23;2025-09-24;2025-09-25;2025-09-26;2025-09-27;2025-09-28;2025-09-29;2025-09-30;2025-10-01;2025-10-02;2025-10-03;2025-10-04,28,10842.897080614892,2025-09-07;2025-09-08;2025-09-09;2025-09-10;2025-09-11;2025-09-12;2025-09-13;2025-09-14;2025-09-15;2025-09-16;2025-09-17;2025-09-18;2025-09-19;2025-09-20;2025-09-21;2025-09-22;2025-09-23;2025-09-24;2025-09-25;2025-09-26;2025-09-27;2025-09-28;2025-09-29;2025-09-30;2025-10-01;2025-10-02;2025-10-03;2025-10-04,2025-09-21;2025-09-22;2025-09-23;2025-09-24;2025-09-25;2025-09-26;2025-09-27;2025-09-28;2025-09-29;2025-09-30;2025-10-01;2025-10-02;2025-10-03;2025-10-04,,2025-10-04,8563.06238512621,9807.186910760154,9763.06238512621,25.569286016107394,30.46152785384433,15.17214501720952,28.01411884169631,68164.07170234506,38.51140734989474,11345.827620114414,41571.188489349515,86.23311858076994,41657.421607930286,41571.188489349515,41571.1884477783,41132.29804543029,1498.901097728322,lexicographic,4.15711884477783e-05,4.1132298004297995e-05,False,0.16884469999786234,0.0,1,0
2025-10-06,False,calendar_trend,4,1.0,7,1.0,0,calibrated_quantile,2025-09-08;2025-09-09;2025-09-10;2025-09-11;2025-09-12;2025-09-13;2025-09-14;2025-09-15;2025-09-16;2025-09-17;2025-09-18;2025-09-19;2025-09-20;2025-09-21;2025-09-22;2025-09-23;2025-09-24;2025-09-25;2025-09-26;2025-09-27;2025-09-28;2025-09-29;2025-09-30;2025-10-01;2025-10-02;2025-10-03;2025-10-04;2025-10-05,28,10467.056113046167,2025-09-08;2025-09-09;2025-09-10;2025-09-11;2025-09-12;2025-09-13;2025-09-14;2025-09-15;2025-09-16;2025-09-17;2025-09-18;2025-09-19;2025-09-20;2025-09-21;2025-09-22;2025-09-23;2025-09-24;2025-09-25;2025-09-26;2025-09-27;2025-09-28;2025-09-29;2025-09-30;2025-10-01;2025-10-02;2025-10-03;2025-10-04;2025-10-05,2025-09-22;2025-09-23;2025-09-24;2025-09-25;2025-09-26;2025-09-27;2025-09-28;2025-09-29;2025-09-30;2025-10-01;2025-10-02;2025-10-03;2025-10-04;2025-10-05,,2025-10-05,8518.937859492265,9763.06238512621,9718.937859492265,22.215999997876015,27.826252205175216,17.01811654752034,35.71979120168504,67260.00474734281,210.40473269160157,7633.3916499074185,40954.04008385934,647.5428926964657,41601.58297655581,40954.04008385935,40954.04004290531,40811.46703247953,1471.5275301030497,lexicographic,4.095404004290531e-05,4.081146699166807e-05,False,0.19367749999946682,0.0,1,0
2025-10-07,False,calendar_trend,4,1.0,7,1.0,0,calibrated_quantile,2025-09-09;2025-09-10;2025-09-11;2025-09-12;2025-09-13;2025-09-14;2025-09-15;2025-09-16;2025-09-17;2025-09-18;2025-09-19;2025-09-20;2025-09-21;2025-09-22;2025-09-23;2025-09-24;2025-09-25;2025-09-26;2025-09-27;2025-09-28;2025-09-29;2025-09-30;2025-10-01;2025-10-02;2025-10-03;2025-10-04;2025-10-05;2025-10-06,28,9736.552123806261,2025-09-09;2025-09-10;2025-09-11;2025-09-12;2025-09-13;2025-09-14;2025-09-15;2025-09-16;2025-09-17;2025-09-18;2025-09-19;2025-09-20;2025-09-21;2025-09-22;2025-09-23;2025-09-24;2025-09-25;2025-09-26;2025-09-27;2025-09-28;2025-09-29;2025-09-30;2025-10-01;2025-10-02;2025-10-03;2025-10-04;2025-10-05;2025-10-06,2025-09-23;2025-09-24;2025-09-25;2025-09-26;2025-09-27;2025-09-28;2025-09-29;2025-09-30;2025-10-01;2025-10-02;2025-10-03;2025-10-04;2025-10-05;2025-10-06,,2025-10-06,8474.813333858321,9718.937859492265,9674.813333858321,18.81227577024218,23.241404678945855,21.44557121982727,38.62345723128617,66440.56985681198,170.39619150934038,6753.038367160214,40425.8965855804,863.4660218891211,41289.36260746952,40425.8965855804,40425.8965451545,40478.13295212786,1474.155538056912,lexicographic,4.04258965451545e-05,4.047813291164974e-05,False,0.17112720000295667,0.0,1,0
2025-10-08,False,calendar_trend,4,1.0,7,1.0,0,calibrated_quantile,2025-09-10;2025-09-11;2025-09-12;2025-09-13;2025-09-14;2025-09-15;2025-09-16;2025-09-17;2025-09-18;2025-09-19;2025-09-20;2025-09-21;2025-09-22;2025-09-23;2025-09-24;2025-09-25;2025-09-26;2025-09-27;2025-09-28;2025-09-29;2025-09-30;2025-10-01;2025-10-02;2025-10-03;2025-10-04;2025-10-05;2025-10-06;2025-10-07,28,9167.63112693919,2025-09-10;2025-09-11;2025-09-12;2025-09-13;2025-09-14;2025-09-15;2025-09-16;2025-09-17;2025-09-18;2025-09-19;2025-09-20;2025-09-21;2025-09-22;2025-09-23;2025-09-24;2025-09-25;2025-09-26;2025-09-27;2025-09-28;2025-09-29;2025-09-30;2025-10-01;2025-10-02;2025-10-03;2025-10-04;2025-10-05;2025-10-06;2025-10-07,2025-09-24;2025-09-25;2025-09-26;2025-09-27;2025-09-28;2025-09-29;2025-09-30;2025-10-01;2025-10-02;2025-10-03;2025-10-04;2025-10-05;2025-10-06;2025-10-07,,2025-10-07,8430.688808224364,9674.813333858321,9630.688808224364,25.446867304940742,33.16576023769469,22.027684746290642,45.198916378462414,64880.35094607393,617.8130329635501,6939.203328911679,38944.3239013045,2293.648354647368,41237.97225595187,38944.32390130451,38944.323862360194,40366.03869579059,1441.828661075929,lexicographic,3.8944323862360193e-05,4.036603865542455e-05,False,0.24949539999943227,0.0,1,0
2025-10-09,False,calendar_trend,4,1.0,7,1.0,0,calibrated_quantile,2025-09-11;2025-09-12;2025-09-13;2025-09-14;2025-09-15;2025-09-16;2025-09-17;2025-09-18;2025-09-19;2025-09-20;2025-09-21;2025-09-22;2025-09-23;2025-09-24;2025-09-25;2025-09-26;2025-09-27;2025-09-28;2025-09-29;2025-09-30;2025-10-01;2025-10-02;2025-10-03;2025-10-04;2025-10-05;2025-10-06;2025-10-07;2025-10-08,28,8614.117486887339,2025-09-11;2025-09-12;2025-09-13;2025-09-14;2025-09-15;2025-09-16;2025-09-17;2025-09-18;2025-09-19;2025-09-20;2025-09-21;2025-09-22;2025-09-23;2025-09-24;2025-09-25;2025-09-26;2025-09-27;2025-09-28;2025-09-29;2025-09-30;2025-10-01;2025-10-02;2025-10-03;2025-10-04;2025-10-05;2025-10-06;2025-10-07;2025-10-08,2025-09-25;2025-09-26;2025-09-27;2025-09-28;2025-09-29;2025-09-30;2025-10-01;2025-10-02;2025-10-03;2025-10-04;2025-10-05;2025-10-06;2025-10-07;2025-10-08,,2025-10-08,8386.56428259042,9630.688808224364,9586.56428259042,25.134539549141728,31.851183228916177,18.772345488178985,33.958429222319076,64029.397629328174,245.9374467562323,6448.861398911478,38606.511050968445,1154.5721047789693,39761.083155747416,38606.511050968445,38606.51101236194,40100.551893018914,1442.6258776753498,lexicographic,3.860651101236194e-05,4.0100551852918355e-05,False,0.19816499999797088,0.0,1,0
2025-10-10,False,calendar_trend,4,1.0,7,1.0,0,calibrated_quantile,2025-09-12;2025-09-13;2025-09-14;2025-09-15;2025-09-16;2025-09-17;2025-09-18;2025-09-19;2025-09-20;2025-09-21;2025-09-22;2025-09-23;2025-09-24;2025-09-25;2025-09-26;2025-09-27;2025-09-28;2025-09-29;2025-09-30;2025-10-01;2025-10-02;2025-10-03;2025-10-04;2025-10-05;2025-10-06;2025-10-07;2025-10-08;2025-10-09,28,8415.457297026058,2025-09-12;2025-09-13;2025-09-14;2025-09-15;2025-09-16;2025-09-17;2025-09-18;2025-09-19;2025-09-20;2025-09-21;2025-09-22;2025-09-23;2025-09-24;2025-09-25;2025-09-26;2025-09-27;2025-09-28;2025-09-29;2025-09-30;2025-10-01;2025-10-02;2025-10-03;2025-10-04;2025-10-05;2025-10-06;2025-10-07;2025-10-08;2025-10-09,2025-09-26;2025-09-27;2025-09-28;2025-09-29;2025-09-30;2025-10-01;2025-10-02;2025-10-03;2025-10-04;2025-10-05;2025-10-06;2025-10-07;2025-10-08;2025-10-09,,2025-10-09,8362.301704470923,9586.56428259042,9562.301704470923,18.244716201276756,23.184176878527623,21.592774874240376,40.57456949647128,33139.22452564126,118.85827053783419,21960.763281374417,17255.247370290497,419.04630931678054,17674.29367960728,17255.247370290497,17255.24735303525,37580.8134172143,1305.7543758094562,lexicographic,1.725524735303525e-05,3.75808134172143e-05,False,0.24384379999901284,0.0,1,0
2025-10-11,False,calendar_trend,4,1.0,7,1.0,0,calibrated_quantile,2025-09-13;2025-09-14;2025-09-15;2025-09-16;2025-09-17;2025-09-18;2025-09-19;2025-09-20;2025-09-21;2025-09-22;2025-09-23;2025-09-24;2025-09-25;2025-09-26;2025-09-27;2025-09-28;2025-09-29;2025-09-30;2025-10-01;2025-10-02;2025-10-03;2025-10-04;2025-10-05;2025-10-06;2025-10-07;2025-10-08;2025-10-09;2025-10-10,28,8376.715143590744,2025-09-13;2025-09-14;2025-09-15;2025-09-16;2025-09-17;2025-09-18;2025-09-19;2025-09-20;2025-09-21;2025-09-22;2025-09-23;2025-09-24;2025-09-25;2025-09-26;2025-09-27;2025-09-28;2025-09-29;2025-09-30;2025-10-01;2025-10-02;2025-10-03;2025-10-04;2025-10-05;2025-10-06;2025-10-07;2025-10-08;2025-10-09;2025-10-10,2025-09-27;2025-09-28;2025-09-29;2025-09-30;2025-10-01;2025-10-02;2025-10-03;2025-10-04;2025-10-05;2025-10-06;2025-10-07;2025-10-08;2025-10-09;2025-10-10,,2025-10-10,8338.039126351427,9562.301704470923,9538.039126351427,17.727396360834835,22.87427057072894,33.44119031044402,57.86461699042136,33713.76326925761,247.81524882789085,17904.113837363497,17642.09558799361,838.0255522792695,18480.121140272877,17642.0955879936,17642.095570351506,37532.22090297695,1306.4707934074024,lexicographic,1.7642095570351507e-05,3.7532220902976954e-05,False,0.16668619999836665,0.0,1,0
2025-10-12,False,calendar_trend,4,1.0,7,1.0,0,calibrated_quantile,2025-09-14;2025-09-15;2025-09-16;2025-09-17;2025-09-18;2025-09-19;2025-09-20;2025-09-21;2025-09-22;2025-09-23;2025-09-24;2025-09-25;2025-09-26;2025-09-27;2025-09-28;2025-09-29;2025-09-30;2025-10-01;2025-10-02;2025-10-03;2025-10-04;2025-10-05;2025-10-06;2025-10-07;2025-10-08;2025-10-09;2025-10-10;2025-10-11,28,8594.131010618516,2025-09-14;2025-09-15;2025-09-16;2025-09-17;2025-09-18;2025-09-19;2025-09-20;2025-09-21;2025-09-22;2025-09-23;2025-09-24;2025-09-25;2025-09-26;2025-09-27;2025-09-28;2025-09-29;2025-09-30;2025-10-01;2025-10-02;2025-10-03;2025-10-04;2025-10-05;2025-10-06;2025-10-07;2025-10-08;2025-10-09;2025-10-10;2025-10-11,2025-09-28;2025-09-29;2025-09-30;2025-10-01;2025-10-02;2025-10-03;2025-10-04;2025-10-05;2025-10-06;2025-10-07;2025-10-08;2025-10-09;2025-10-10;2025-10-11,,2025-10-11,8313.77654823193,9538.039126351427,9513.77654823193,25.787476323364867,33.56835144857846,22.90754337988454,47.641964410307146,64627.15562674617,1252.5511056332218,5277.756446976472,39127.464625787055,5532.391783039464,44659.85640882652,39127.46462578706,39127.464586659604,40113.2417919146,1443.0187411108186,lexicographic,3.912746458665961e-05,4.0113241751801365e-05,False,0.22253769999952056,0.0,1,0
2025-10-13,False,calendar_trend,4,1.0,7,1.0,0,calibrated_quantile,2025-09-15;2025-09-16;2025-09-17;2025-09-18;2025-09-19;2025-09-20;2025-09-21;2025-09-22;2025-09-23;2025-09-24;2025-09-25;2025-09-26;2025-09-27;2025-09-28;2025-09-29;2025-09-30;2025-10-01;2025-10-02;2025-10-03;2025-10-04;2025-10-05;2025-10-06;2025-10-07;2025-10-08;2025-10-09;2025-10-10;2025-10-11;2025-10-12,28,8145.48224519397,2025-09-15;2025-09-16;2025-09-17;2025-09-18;2025-09-19;2025-09-20;2025-09-21;2025-09-22;2025-09-23;2025-09-24;2025-09-25;2025-09-26;2025-09-27;2025-09-28;2025-09-29;2025-09-30;2025-10-01;2025-10-02;2025-10-03;2025-10-04;2025-10-05;2025-10-06;2025-10-07;2025-10-08;2025-10-09;2025-10-10;2025-10-11;2025-10-12,2025-09-29;2025-09-30;2025-10-01;2025-10-02;2025-10-03;2025-10-04;2025-10-05;2025-10-06;2025-10-07;2025-10-08;2025-10-09;2025-10-10;2025-10-11;2025-10-12,,2025-10-12,8289.513970112428,9513.77654823193,9489.513970112428,21.891435492707007,28.425834255926013,19.041365991528377,38.309279285645815,65990.00713862185,369.7659823877041,7244.011956724807,40109.3218377195,1467.6164788567958,41576.9383165763,40109.32183771951,40109.321797610166,40139.30147400251,1462.28884067558,lexicographic,4.010932179761017e-05,4.013930143386322e-05,False,0.1672865999971691,0.0,1,0
2025-10-14,False,calendar_trend,4,1.0,7,1.0,0,calibrated_quantile,2025-09-16;2025-09-17;2025-09-18;2025-09-19;2025-09-20;2025-09-21;2025-09-22;2025-09-23;2025-09-24;2025-09-25;2025-09-26;2025-09-27;2025-09-28;2025-09-29;2025-09-30;2025-10-01;2025-10-02;2025-10-03;2025-10-04;2025-10-05;2025-10-06;2025-10-07;2025-10-08;2025-10-09;2025-10-10;2025-10-11;2025-10-12;2025-10-13,28,7815.844166480028,2025-09-16;2025-09-17;2025-09-18;2025-09-19;2025-09-20;2025-09-21;2025-09-22;2025-09-23;2025-09-24;2025-09-25;2025-09-26;2025-09-27;2025-09-28;2025-09-29;2025-09-30;2025-10-01;2025-10-02;2025-10-03;2025-10-04;2025-10-05;2025-10-06;2025-10-07;2025-10-08;2025-10-09;2025-10-10;2025-10-11;2025-10-12;2025-10-13,2025-09-30;2025-10-01;2025-10-02;2025-10-03;2025-10-04;2025-10-05;2025-10-06;2025-10-07;2025-10-08;2025-10-09;2025-10-10;2025-10-11;2025-10-12;2025-10-13,,2025-10-13,8265.25139199293,9489.513970112428,9465.25139199293,19.98209234017425,25.175980788826806,21.210688132531118,37.05323460024986,66419.76203469273,614.6611190992339,4170.276213122508,40450.23397332726,2644.0041594163827,43094.238132743645,40450.23397332725,40450.23393287705,40176.3855419787,1435.0264406590518,lexicographic,4.045023393287705e-05,4.017638550180233e-05,False,0.17031299999871408,0.0,1,0
2025-10-15,False,calendar_trend,4,1.0,7,1.0,0,calibrated_quantile,2025-09-17;2025-09-18;2025-09-19;2025-09-20;2025-09-21;2025-09-22;2025-09-23;2025-09-24;2025-09-25;2025-09-26;2025-09-27;2025-09-28;2025-09-29;2025-09-30;2025-10-01;2025-10-02;2025-10-03;2025-10-04;2025-10-05;2025-10-06;2025-10-07;2025-10-08;2025-10-09;2025-10-10;2025-10-11;2025-10-12;2025-10-13;2025-10-14,28,7544.022033453068,2025-09-17;2025-09-18;2025-09-19;2025-09-20;2025-09-21;2025-09-22;2025-09-23;2025-09-24;2025-09-25;2025-09-26;2025-09-27;2025-09-28;2025-09-29;2025-09-30;2025-10-01;2025-10-02;2025-10-03;2025-10-04;2025-10-05;2025-10-06;2025-10-07;2025-10-08;2025-10-09;2025-10-10;2025-10-11;2025-10-12;2025-10-13;2025-10-14,2025-10-01;2025-10-02;2025-10-03;2025-10-04;2025-10-05;2025-10-06;2025-10-07;2025-10-08;2025-10-09;2025-10-10;2025-10-11;2025-10-12;2025-10-13;2025-10-14,,2025-10-14,8240.988813873442,9465.25139199293,9440.988813873442,23.57191478875939,29.47026285924674,21.907254793247546,45.828343678579266,67114.6853796985,1211.340367435677,4312.163227457407,40646.321903399,5137.3674293574495,45783.689332756454,40646.321903399,40646.32186275267,40243.28857645065,1438.4318970445179,lexicographic,4.0646321862752674e-05,4.0243288536207365e-05,False,0.16061910000280477,0.0,1,0
2025-10-16,False,calendar_trend,4,1.0,7,1.0,0,calibrated_quantile,2025-09-18;2025-09-19;2025-09-20;2025-09-21;2025-09-22;2025-09-23;2025-09-24;2025-09-25;2025-09-26;2025-09-27;2025-09-28;2025-09-29;2025-09-30;2025-10-01;2025-10-02;2025-10-03;2025-10-04;2025-10-05;2025-10-06;2025-10-07;2025-10-08;2025-10-09;2025-10-10;2025-10-11;2025-10-12;2025-10-13;2025-10-14;2025-10-15,28,7411.411225865976,2025-09-18;2025-09-19;2025-09-20;2025-09-21;2025-09-22;2025-09-23;2025-09-24;2025-09-25;2025-09-26;2025-09-27;2025-09-28;2025-09-29;2025-09-30;2025-10-01;2025-10-02;2025-10-03;2025-10-04;2025-10-05;2025-10-06;2025-10-07;2025-10-08;2025-10-09;2025-10-10;2025-10-11;2025-10-12;2025-10-13;2025-10-14;2025-10-15,2025-10-02;2025-10-03;2025-10-04;2025-10-05;2025-10-06;2025-10-07;2025-10-08;2025-10-09;2025-10-10;2025-10-11;2025-10-12;2025-10-13;2025-10-14;2025-10-15,,2025-10-15,8216.726235753938,9440.988813873442,9416.726235753938,20.81758072944621,26.871190352806213,24.368497080220088,49.36325550284289,67973.31872646535,1484.3942168533392,4382.894805454791,41435.26012896202,6074.161636115216,47509.42176507724,41435.26012896202,41435.26008752677,40518.908622006806,1436.61981863735,lexicographic,4.143526008752677e-05,4.051890858148791e-05,False,0.16504910000003292,0.0,1,0
2025-10-17,False,calendar_trend,4,1.0,7,1.0,0,calibrated_quantile,2025-09-19;2025-09-20;2025-09-21;2025-09-22;2025-09-23;2025-09-24;2025-09-25;2025-09-26;2025-09-27;2025-09-28;2025-09-29;2025-09-30;2025-10-01;2025-10-02;2025-10-03;2025-10-04;2025-10-05;2025-10-06;2025-10-07;2025-10-08;2025-10-09;2025-10-10;2025-10-11;2025-10-12;2025-10-13;2025-10-14;2025-10-15;2025-10-16,28,7514.147772385683,2025-09-19;2025-09-20;2025-09-21;2025-09-22;2025-09-23;2025-09-24;2025-09-25;2025-09-26;2025-09-27;2025-09-28;2025-09-29;2025-09-30;2025-10-01;2025-10-02;2025-10-03;2025-10-04;2025-10-05;2025-10-06;2025-10-07;2025-10-08;2025-10-09;2025-10-10;2025-10-11;2025-10-12;2025-10-13;2025-10-14;2025-10-15;2025-10-16,2025-10-03;2025-10-04;2025-10-05;2025-10-06;2025-10-07;2025-10-08;2025-10-09;2025-10-10;2025-10-11;2025-10-12;2025-10-13;2025-10-14;2025-10-15;2025-10-16,,2025-10-16,8192.463657634435,9416.726235753938,9392.463657634435,16.470129666295392,20.93911502013717,14.689705348442638,27.97989114138615,33950.43724835609,159.11374932023756,16169.545585681073,17926.37669591624,512.0952733653271,18438.471969281567,17926.37669591624,17926.37667798986,37240.665863835486,1306.900549166357,lexicographic,1.7926376677989863e-05,3.724066586383548e-05,False,0.1939548999980616,0.0,1,0
2025-10-18,False,calendar_trend,4,1.0,7,1.0,0,calibrated_quantile,2025-09-20;2025-09-21;2025-09-22;2025-09-23;2025-09-24;2025-09-25;2025-09-26;2025-09-27;2025-09-28;2025-09-29;2025-09-30;2025-10-01;2025-10-02;2025-10-03;2025-10-04;2025-10-05;2025-10-06;2025-10-07;2025-10-08;2025-10-09;2025-10-10;2025-10-11;2025-10-12;2025-10-13;2025-10-14;2025-10-15;2025-10-16;2025-10-17,28,7439.430278409501,2025-09-20;2025-09-21;2025-09-22;2025-09-23;2025-09-24;2025-09-25;2025-09-26;2025-09-27;2025-09-28;2025-09-29;2025-09-30;2025-10-01;2025-10-02;2025-10-03;2025-10-04;2025-10-05;2025-10-06;2025-10-07;2025-10-08;2025-10-09;2025-10-10;2025-10-11;2025-10-12;2025-10-13;2025-10-14;2025-10-15;2025-10-16;2025-10-17,2025-10-04;2025-10-05;2025-10-06;2025-10-07;2025-10-08;2025-10-09;2025-10-10;2025-10-11;2025-10-12;2025-10-13;2025-10-14;2025-10-15;2025-10-16;2025-10-17,,2025-10-17,8168.201079514945,9392.463657634435,9368.201079514945,18.198698436368627,22.827719735865607,15.72920772434335,28.96797232687205,34615.73966665269,109.26441538042008,16715.16222263596,18441.982040800074,240.8702203108833,18682.85226111096,18441.982040800078,18441.98202235809,37192.0733144713,1302.6379484135734,lexicographic,1.844198202235809e-05,3.719207331447125e-05,False,0.2793606000013824,0.0,1,0
2025-10-19,False,calendar_trend,4,1.0,7,1.0,0,calibrated_quantile,2025-09-21;2025-09-22;2025-09-23;2025-09-24;2025-09-25;2025-09-26;2025-09-27;2025-09-28;2025-09-29;2025-09-30;2025-10-01;2025-10-02;2025-10-03;2025-10-04;2025-10-05;2025-10-06;2025-10-07;2025-10-08;2025-10-09;2025-10-10;2025-10-11;2025-10-12;2025-10-13;2025-10-14;2025-10-15;2025-10-16;2025-10-17;2025-10-18,28,7353.260047675042,2025-09-21;2025-09-22;2025-09-23;2025-09-24;2025-09-25;2025-09-26;2025-09-27;2025-09-28;2025-09-29;2025-09-30;2025-10-01;2025-10-02;2025-10-03;2025-10-04;2025-10-05;2025-10-06;2025-10-07;2025-10-08;2025-10-09;2025-10-10;2025-10-11;2025-10-12;2025-10-13;2025-10-14;2025-10-15;2025-10-16;2025-10-17;2025-10-18,2025-10-05;2025-10-06;2025-10-07;2025-10-08;2025-10-09;2025-10-10;2025-10-11;2025-10-12;2025-10-13;2025-10-14;2025-10-15;2025-10-16;2025-10-17;2025-10-18,,2025-10-18,8143.9385013954425,9368.201079514945,9343.938501395442,20.305849869233068,25.137474549470294,17.88750852226989,34.08992181657219,70585.09949438708,650.588655356978,5170.737678008833,43161.06714797345,2415.7621855549573,45576.82933352841,43161.06714797345,43161.06710481238,41865.68088222861,1448.8237882100425,lexicographic,4.316106710481238e-05,4.1865680840362935e-05,False,0.16648350000104983,0.0,1,0
2025-10-20,False,calendar_trend,4,1.0,7,1.0,0,calibrated_quantile,2025-09-22;2025-09-23;2025-09-24;2025-09-25;2025-09-26;2025-09-27;2025-09-28;2025-09-29;2025-09-30;2025-10-01;2025-10-02;2025-10-03;2025-10-04;2025-10-05;2025-10-06;2025-10-07;2025-10-08;2025-10-09;2025-10-10;2025-10-11;2025-10-12;2025-10-13;2025-10-14;2025-10-15;2025-10-16;2025-10-17;2025-10-18;2025-10-19,28,7431.8780063057475,2025-09-22;2025-09-23;2025-09-24;2025-09-25;2025-09-26;2025-09-27;2025-09-28;2025-09-29;2025-09-30;2025-10-01;2025-10-02;2025-10-03;2025-10-04;2025-10-05;2025-10-06;2025-10-07;2025-10-08;2025-10-09;2025-10-10;2025-10-11;2025-10-12;2025-10-13;2025-10-14;2025-10-15;2025-10-16;2025-10-17;2025-10-18;2025-10-19,2025-10-06;2025-10-07;2025-10-08;2025-10-09;2025-10-10;2025-10-11;2025-10-12;2025-10-13;2025-10-14;2025-10-15;2025-10-16;2025-10-17;2025-10-18;2025-10-19,,2025-10-19,8128.659757339195,9343.938501395442,9328.659757339195,15.408447945854366,19.774637331676402,22.445594185819843,46.08805087556572,72538.40376548577,805.0238325279925,6687.735025487138,44711.87030757604,3948.2749821613747,48660.14528973742,44711.870307576035,44711.87026286416,42373.187697366244,1467.313794460719,lexicographic,4.4711870262864165e-05,4.237318765499306e-05,False,0.1812729000012041,0.0,1,0
2025-10-21,False,calendar_trend,4,1.0,7,1.0,0,calibrated_quantile,2025-09-23;2025-09-24;2025-09-25;2025-09-26;2025-09-27;2025-09-28;2025-09-29;2025-09-30;2025-10-01;2025-10-02;2025-10-03;2025-10-04;2025-10-05;2025-10-06;2025-10-07;2025-10-08;2025-10-09;2025-10-10;2025-10-11;2025-10-12;2025-10-13;2025-10-14;2025-10-15;2025-10-16;2025-10-17;2025-10-18;2025-10-19;2025-10-20,28,7462.964165665695,2025-09-23;2025-09-24;2025-09-25;2025-09-26;2025-09-27;2025-09-28;2025-09-29;2025-09-30;2025-10-01;2025-10-02;2025-10-03;2025-10-04;2025-10-05;2025-10-06;2025-10-07;2025-10-08;2025-10-09;2025-10-10;2025-10-11;2025-10-12;2025-10-13;2025-10-14;2025-10-15;2025-10-16;2025-10-17;2025-10-18;2025-10-19;2025-10-20,2025-10-07;2025-10-08;2025-10-09;2025-10-10;2025-10-11;2025-10-12;2025-10-13;2025-10-14;2025-10-15;2025-10-16;2025-10-17;2025-10-18;2025-10-19;2025-10-20,,2025-10-20,8113.3810132829385,9328.659757339195,9313.381013282939,18.28334553897142,23.76838800122416,24.548116453828094,44.41653947188973,73751.0661638044,585.8103150141858,5651.243808260348,45622.17432524429,1945.6184511451588,47567.79277638945,45622.1743252443,45622.17427962212,42527.86887663382,1466.5823940521857,lexicographic,4.5622174279622124e-05,4.2527868834105966e-05,False,0.16398839999965276,0.0,1,0
2025-10-22,False,calendar_trend,4,1.0,7,1.0,0,calibrated_quantile,2025-09-24;2025-09-25;2025-09-26;2025-09-27;2025-09-28;2025-09-29;2025-09-30;2025-10-01;2025-10-02;2025-10-03;2025-10-04;2025-10-05;2025-10-06;2025-10-07;2025-10-08;2025-10-09;2025-10-10;2025-10-11;2025-10-12;2025-10-13;2025-10-14;2025-10-15;2025-10-16;2025-10-17;2025-10-18;2025-10-19;2025-10-20;2025-10-21,28,7504.817160055464,2025-09-24;2025-09-25;2025-09-26;2025-09-27;2025-09-28;2025-09-29;2025-09-30;2025-10-01;2025-10-02;2025-10-03;2025-10-04;2025-10-05;2025-10-06;2025-10-07;2025-10-08;2025-10-09;2025-10-10;2025-10-11;2025-10-12;2025-10-13;2025-10-14;2025-10-15;2025-10-16;2025-10-17;2025-10-18;2025-10-19;2025-10-20;2025-10-21,2025-10-08;2025-10-09;2025-10-10;2025-10-11;2025-10-12;2025-10-13;2025-10-14;2025-10-15;2025-10-16;2025-10-17;2025-10-18;2025-10-19;2025-10-20;2025-10-21,,2025-10-21,8098.102269226682,9313.381013282939,9298.102269226682,17.374383941190203,21.783006039925734,25.115456643408578,48.6903832533233,74359.06007007351,709.2539573565947,7274.895594543259,45678.068646284526,3413.578473198777,49091.6471194833,45678.068646284526,45678.068600606464,42821.806710877456,1461.9839584996007,lexicographic,4.567806860060647e-05,4.282180666805565e-05,False,0.11514979999992647,0.0,1,0
2025-10-23,False,calendar_trend,4,1.0,7,1.0,0,calibrated_quantile,2025-09-25;2025-09-26;2025-09-27;2025-09-28;2025-09-29;2025-09-30;2025-10-01;2025-10-02;2025-10-03;2025-10-04;2025-10-05;2025-10-06;2025-10-07;2025-10-08;2025-10-09;2025-10-10;2025-10-11;2025-10-12;2025-10-13;2025-10-14;2025-10-15;2025-10-16;2025-10-17;2025-10-18;2025-10-19;2025-10-20;2025-10-21;2025-10-22,28,7608.155375686836,2025-09-25;2025-09-26;2025-09-27;2025-09-28;2025-09-29;2025-09-30;2025-10-01;2025-10-02;2025-10-03;2025-10-04;2025-10-05;2025-10-06;2025-10-07;2025-10-08;2025-10-09;2025-10-10;2025-10-11;2025-10-12;2025-10-13;2025-10-14;2025-10-15;2025-10-16;2025-10-17;2025-10-18;2025-10-19;2025-10-20;2025-10-21;2025-10-22,2025-10-09;2025-10-10;2025-10-11;2025-10-12;2025-10-13;2025-10-14;2025-10-15;2025-10-16;2025-10-17;2025-10-18;2025-10-19;2025-10-20;2025-10-21;2025-10-22,,2025-10-22,8082.823525170435,9298.102269226682,9282.823525170435,19.490389950398715,24.83378010194922,20.066115411359984,40.320520151935256,75715.34285418193,48.04863281286379,10147.081519477924,46942.14248407411,123.66099352022965,47065.80347759434,46942.14248407411,46942.14243713197,42789.33953551437,1458.667384727023,lexicographic,4.694214243713197e-05,4.278933949272504e-05,False,0.18998439999995753,0.0,1,0
2025-10-24,False,calendar_trend,4,1.0,7,1.0,0,calibrated_quantile,2025-09-26;2025-09-27;2025-09-28;2025-09-29;2025-09-30;2025-10-01;2025-10-02;2025-10-03;2025-10-04;2025-10-05;2025-10-06;2025-10-07;2025-10-08;2025-10-09;2025-10-10;2025-10-11;2025-10-12;2025-10-13;2025-10-14;2025-10-15;2025-10-16;2025-10-17;2025-10-18;2025-10-19;2025-10-20;2025-10-21;2025-10-22;2025-10-23,28,7598.897052119359,2025-09-26;2025-09-27;2025-09-28;2025-09-29;2025-09-30;2025-10-01;2025-10-02;2025-10-03;2025-10-04;2025-10-05;2025-10-06;2025-10-07;2025-10-08;2025-10-09;2025-10-10;2025-10-11;2025-10-12;2025-10-13;2025-10-14;2025-10-15;2025-10-16;2025-10-17;2025-10-18;2025-10-19;2025-10-20;2025-10-21;2025-10-22;2025-10-23,2025-10-10;2025-10-11;2025-10-12;2025-10-13;2025-10-14;2025-10-15;2025-10-16;2025-10-17;2025-10-18;2025-10-19;2025-10-20;2025-10-21;2025-10-22;2025-10-23,,2025-10-23,8067.5447811141785,9282.823525170435,9267.544781114178,16.804729429723928,21.10582490830221,17.471760232265922,33.87314039502264,35167.21873527298,113.81988604029752,14929.826604359343,18809.764774879117,379.61292320138875,19189.377698080505,18809.764774879117,18809.76475606936,36981.958491485304,1322.4499259954634,lexicographic,1.880976475606936e-05,3.6981958491485106e-05,False,0.24259670000174083,0.0,1,0
2025-10-25,False,calendar_trend,4,1.0,7,1.0,0,calibrated_quantile,2025-09-27;2025-09-28;2025-09-29;2025-09-30;2025-10-01;2025-10-02;2025-10-03;2025-10-04;2025-10-05;2025-10-06;2025-10-07;2025-10-08;2025-10-09;2025-10-10;2025-10-11;2025-10-12;2025-10-13;2025-10-14;2025-10-15;2025-10-16;2025-10-17;2025-10-18;2025-10-19;2025-10-20;2025-10-21;2025-10-22;2025-10-23;2025-10-24,28,7506.4996250329805,2025-09-27;2025-09-28;2025-09-29;2025-09-30;2025-10-01;2025-10-02;2025-10-03;2025-10-04;2025-10-05;2025-10-06;2025-10-07;2025-10-08;2025-10-09;2025-10-10;2025-10-11;2025-10-12;2025-10-13;2025-10-14;2025-10-15;2025-10-16;2025-10-17;2025-10-18;2025-10-19;2025-10-20;2025-10-21;2025-10-22;2025-10-23;2025-10-24,2025-10-11;2025-10-12;2025-10-13;2025-10-14;2025-10-15;2025-10-16;2025-10-17;2025-10-18;2025-10-19;2025-10-20;2025-10-21;2025-10-22;2025-10-23;2025-10-24,,2025-10-24,8052.2660370579315,9267.544781114178,9252.266037057932,19.19538755217671,24.214351691337885,13.152635166819817,25.26006687678311,36157.87161773478,65.82312704581767,14895.711235287199,19512.64786496882,141.28119180356686,19653.929056772387,19512.64786496882,19512.647845456166,36951.35853306823,1333.7030143396644,lexicographic,1.9512647845456167e-05,3.695135853306824e-05,False,0.19382170000244514,0.0,1,0
2025-10-26,False,calendar_trend,4,1.0,7,1.0,0,calibrated_quantile,2025-09-28;2025-09-29;2025-09-30;2025-10-01;2025-10-02;2025-10-03;2025-10-04;2025-10-05;2025-10-06;2025-10-07;2025-10-08;2025-10-09;2025-10-10;2025-10-11;2025-10-12;2025-10-13;2025-10-14;2025-10-15;2025-10-16;2025-10-17;2025-10-18;2025-10-19;2025-10-20;2025-10-21;2025-10-22;2025-10-23;2025-10-24;2025-10-25,28,7440.347459455135,2025-09-28;2025-09-29;2025-09-30;2025-10-01;2025-10-02;2025-10-03;2025-10-04;2025-10-05;2025-10-06;2025-10-07;2025-10-08;2025-10-09;2025-10-10;2025-10-11;2025-10-12;2025-10-13;2025-10-14;2025-10-15;2025-10-16;2025-10-17;2025-10-18;2025-10-19;2025-10-20;2025-10-21;2025-10-22;2025-10-23;2025-10-24;2025-10-25,2025-10-12;2025-10-13;2025-10-14;2025-10-15;2025-10-16;2025-10-17;2025-10-18;2025-10-19;2025-10-20;2025-10-21;2025-10-22;2025-10-23;2025-10-24;2025-10-25,,2025-10-25,8036.9872930016745,9252.266037057932,9236.987293001675,21.74180038504508,26.570451837385736,13.122868608896987,26.978244826459385,76090.88787983169,82.98960561733782,9400.141831022434,47417.02942577333,225.95579522585922,47642.985220999195,47417.02942577333,47417.029378356296,42648.94290346575,1476.0391592809187,lexicographic,4.74170293783563e-05,4.264894286081683e-05,False,0.22676969999884022,0.0,1,0
2025-10-27,False,calendar_trend,4,1.0,7,1.0,0,calibrated_quantile,2025-09-29;2025-09-30;2025-10-01;2025-10-02;2025-10-03;2025-10-04;2025-10-05;2025-10-06;2025-10-07;2025-10-08;2025-10-09;2025-10-10;2025-10-11;2025-10-12;2025-10-13;2025-10-14;2025-10-15;2025-10-16;2025-10-17;2025-10-18;2025-10-19;2025-10-20;2025-10-21;2025-10-22;2025-10-23;2025-10-24;2025-10-25;2025-10-26,28,7423.6232067591245,2025-09-29;2025-09-30;2025-10-01;2025-10-02;2025-10-03;2025-10-04;2025-10-05;2025-10-06;2025-10-07;2025-10-08;2025-10-09;2025-10-10;2025-10-11;2025-10-12;2025-10-13;2025-10-14;2025-10-15;2025-10-16;2025-10-17;2025-10-18;2025-10-19;2025-10-20;2025-10-21;2025-10-22;2025-10-23;2025-10-24;2025-10-25;2025-10-26,2025-10-13;2025-10-14;2025-10-15;2025-10-16;2025-10-17;2025-10-18;2025-10-19;2025-10-20;2025-10-21;2025-10-22;2025-10-23;2025-10-24;2025-10-25;2025-10-26,,2025-10-26,8021.708548945418,9236.987293001675,9221.708548945418,19.76288180435282,25.217633606118774,30.120392118548565,60.99639949095385,76613.26665789341,91.82857411902069,10925.218491568981,47811.456063212,369.194405903637,48180.65046911564,47811.456063212,47811.456015400545,42608.500187786114,1507.1105542193254,lexicographic,4.781145601540055e-05,4.2608500145177616e-05,False,0.21837670000240905,0.0,1,0
2025-10-28,False,calendar_trend,4,1.0,7,1.0,0,calibrated_quantile,2025-09-30;2025-10-01;2025-10-02;2025-10-03;2025-10-04;2025-10-05;2025-10-06;2025-10-07;2025-10-08;2025-10-09;2025-10-10;2025-10-11;2025-10-12;2025-10-13;2025-10-14;2025-10-15;2025-10-16;2025-10-17;2025-10-18;2025-10-19;2025-10-20;2025-10-21;2025-10-22;2025-10-23;2025-10-24;2025-10-25;2025-10-26;2025-10-27,28,7364.683084875268,2025-09-30;2025-10-01;2025-10-02;2025-10-03;2025-10-04;2025-10-05;2025-10-06;2025-10-07;2025-10-08;2025-10-09;2025-10-10;2025-10-11;2025-10-12;2025-10-13;2025-10-14;2025-10-15;2025-10-16;2025-10-17;2025-10-18;2025-10-19;2025-10-20;2025-10-21;2025-10-22;2025-10-23;2025-10-24;2025-10-25;2025-10-26;2025-10-27,2025-10-14;2025-10-15;2025-10-16;2025-10-17;2025-10-18;2025-10-19;2025-10-20;2025-10-21;2025-10-22;2025-10-23;2025-10-24;2025-10-25;2025-10-26;2025-10-27,,2025-10-27,8006.429804889171,9221.708548945418,9206.42980488917,21.63395124363434,26.621843136603538,13.851498735441362,28.634576794515674,75660.91780419216,183.08885427742098,7653.450316806935,47129.827209395364,627.3131645061897,47757.14037390155,47129.827209395364,47129.82716226554,42434.451977617224,1497.2392062614613,lexicographic,4.712982716226554e-05,4.2434451935182786e-05,False,0.1502046000023256,0.0,1,0
2025-10-29,False,calendar_trend,4,1.0,7,1.0,0,calibrated_quantile,2025-10-01;2025-10-02;2025-10-03;2025-10-04;2025-10-05;2025-10-06;2025-10-07;2025-10-08;2025-10-09;2025-10-10;2025-10-11;2025-10-12;2025-10-13;2025-10-14;2025-10-15;2025-10-16;2025-10-17;2025-10-18;2025-10-19;2025-10-20;2025-10-21;2025-10-22;2025-10-23;2025-10-24;2025-10-25;2025-10-26;2025-10-27;2025-10-28,28,7183.7769410634455,2025-10-01;2025-10-02;2025-10-03;2025-10-04;2025-10-05;2025-10-06;2025-10-07;2025-10-08;2025-10-09;2025-10-10;2025-10-11;2025-10-12;2025-10-13;2025-10-14;2025-10-15;2025-10-16;2025-10-17;2025-10-18;2025-10-19;2025-10-20;2025-10-21;2025-10-22;2025-10-23;2025-10-24;2025-10-25;2025-10-26;2025-10-27;2025-10-28,2025-10-15;2025-10-16;2025-10-17;2025-10-18;2025-10-19;2025-10-20;2025-10-21;2025-10-22;2025-10-23;2025-10-24;2025-10-25;2025-10-26;2025-10-27;2025-10-28,,2025-10-28,7991.1510608329145,9206.42980488917,9191.151060832915,15.488525565451855,19.729185780843864,27.760734038606273,57.670374127433526,74386.10464042016,1374.3741782673087,4244.325311592049,46067.01090647627,4594.416558600317,50661.42746507659,46067.01090647627,46067.010860409224,42163.931220840226,1458.2753865949448,lexicographic,4.606701086040923e-05,4.2163931178676304e-05,False,0.27747110000200337,0.0,1,0
2025-10-30,False,calendar_trend,4,1.0,7,1.0,0,calibrated_quantile,2025-10-02;2025-10-03;2025-10-04;2025-10-05;2025-10-06;2025-10-07;2025-10-08;2025-10-09;2025-10-10;2025-10-11;2025-10-12;2025-10-13;2025-10-14;2025-10-15;2025-10-16;2025-10-17;2025-10-18;2025-10-19;2025-10-20;2025-10-21;2025-10-22;2025-10-23;2025-10-24;2025-10-25;2025-10-26;2025-10-27;2025-10-28;2025-10-29,28,7367.3502361853025,2025-10-02;2025-10-03;2025-10-04;2025-10-05;2025-10-06;2025-10-07;2025-10-08;2025-10-09;2025-10-10;2025-10-11;2025-10-12;2025-10-13;2025-10-14;2025-10-15;2025-10-16;2025-10-17;2025-10-18;2025-10-19;2025-10-20;2025-10-21;2025-10-22;2025-10-23;2025-10-24;2025-10-25;2025-10-26;2025-10-27;2025-10-28;2025-10-29,2025-10-16;2025-10-17;2025-10-18;2025-10-19;2025-10-20;2025-10-21;2025-10-22;2025-10-23;2025-10-24;2025-10-25;2025-10-26;2025-10-27;2025-10-28;2025-10-29,,2025-10-29,7982.878565837891,9191.151060832915,9182.878565837891,20.507221374189825,25.302874473377088,14.58850825757532,30.810845113525797,75754.82847733868,176.13575550540872,8871.90740217445,47015.17376102708,525.0565165291387,47540.23027755622,47015.17376102708,47015.17371401191,43310.50398942295,1472.302876615335,lexicographic,4.701517371401191e-05,4.3310503946112444e-05,False,0.33741460000237566,0.0,1,0
2025-10-31,False,calendar_trend,4,1.0,7,1.0,0,calibrated_quantile,2025-10-03;2025-10-04;2025-10-05;2025-10-06;2025-10-07;2025-10-08;2025-10-09;2025-10-10;2025-10-11;2025-10-12;2025-10-13;2025-10-14;2025-10-15;2025-10-16;2025-10-17;2025-10-18;2025-10-19;2025-10-20;2025-10-21;2025-10-22;2025-10-23;2025-10-24;2025-10-25;2025-10-26;2025-10-27;2025-10-28;2025-10-29;2025-10-30,28,7399.127375305184,2025-10-03;2025-10-04;2025-10-05;2025-10-06;2025-10-07;2025-10-08;2025-10-09;2025-10-10;2025-10-11;2025-10-12;2025-10-13;2025-10-14;2025-10-15;2025-10-16;2025-10-17;2025-10-18;2025-10-19;2025-10-20;2025-10-21;2025-10-22;2025-10-23;2025-10-24;2025-10-25;2025-10-26;2025-10-27;2025-10-28;2025-10-29;2025-10-30,2025-10-17;2025-10-18;2025-10-19;2025-10-20;2025-10-21;2025-10-22;2025-10-23;2025-10-24;2025-10-25;2025-10-26;2025-10-27;2025-10-28;2025-10-29;2025-10-30,,2025-10-30,7974.606070842861,9182.878565837891,9174.606070842861,15.730215784316833,20.012051167118674,24.623898439826128,49.07525887439133,35491.416818513535,341.47270078700166,10000.586038083133,18908.841706360112,851.4743113268523,19760.316017686964,18908.841706360112,18908.841687451273,36789.17643316374,1322.8183048430662,lexicographic,1.8908841687451276e-05,3.678917643316366e-05,False,0.26203330000134883,0.0,1,0
2025-11-01,False,calendar_trend,4,1.0,7,1.0,0,calibrated_quantile,2025-10-04;2025-10-05;2025-10-06;2025-10-07;2025-10-08;2025-10-09;2025-10-10;2025-10-11;2025-10-12;2025-10-13;2025-10-14;2025-10-15;2025-10-16;2025-10-17;2025-10-18;2025-10-19;2025-10-20;2025-10-21;2025-10-22;2025-10-23;2025-10-24;2025-10-25;2025-10-26;2025-10-27;2025-10-28;2025-10-29;2025-10-30;2025-10-31,28,7544.357028669034,2025-10-04;2025-10-05;2025-10-06;2025-10-07;2025-10-08;2025-10-09;2025-10-10;2025-10-11;2025-10-12;2025-10-13;2025-10-14;2025-10-15;2025-10-16;2025-10-17;2025-10-18;2025-10-19;2025-10-20;2025-10-21;2025-10-22;2025-10-23;2025-10-24;2025-10-25;2025-10-26;2025-10-27;2025-10-28;2025-10-29;2025-10-30;2025-10-31,2025-10-18;2025-10-19;2025-10-20;2025-10-21;2025-10-22;2025-10-23;2025-10-24;2025-10-25;2025-10-26;2025-10-27;2025-10-28;2025-10-29;2025-10-30;2025-10-31,,2025-10-31,7966.333575847832,9174.606070842861,9166.333575847832,17.51926359022805,22.68615067985649,10.325388138510286,21.600435757284544,35808.38503582884,161.72210782198766,11498.92929405825,19087.68237300904,363.83923757757975,19451.52161058662,19087.68237300904,19087.682353921366,36772.60846562558,1319.9125073160199,lexicographic,1.9087682353921368e-05,3.6772608465625595e-05,False,0.26100530000258004,0.0,1,0
2025-11-02,False,calendar_trend,4,1.0,7,1.0,0,calibrated_quantile,2025-10-05;2025-10-06;2025-10-07;2025-10-08;2025-10-09;2025-10-10;2025-10-11;2025-10-12;2025-10-13;2025-10-14;2025-10-15;2025-10-16;2025-10-17;2025-10-18;2025-10-19;2025-10-20;2025-10-21;2025-10-22;2025-10-23;2025-10-24;2025-10-25;2025-10-26;2025-10-27;2025-10-28;2025-10-29;2025-10-30;2025-10-31;2025-11-01,28,7515.976903682617,2025-10-05;2025-10-06;2025-10-07;2025-10-08;2025-10-09;2025-10-10;2025-10-11;2025-10-12;2025-10-13;2025-10-14;2025-10-15;2025-10-16;2025-10-17;2025-10-18;2025-10-19;2025-10-20;2025-10-21;2025-10-22;2025-10-23;2025-10-24;2025-10-25;2025-10-26;2025-10-27;2025-10-28;2025-10-29;2025-10-30;2025-10-31;2025-11-01,2025-10-19;2025-10-20;2025-10-21;2025-10-22;2025-10-23;2025-10-24;2025-10-25;2025-10-26;2025-10-27;2025-10-28;2025-10-29;2025-10-30;2025-10-31;2025-11-01,,2025-11-01,7958.061080852809,9166.333575847832,9158.061080852809,19.79443428190524,25.11673762444173,13.910073702138696,26.701532461925648,76915.42445726902,258.9718735908253,6086.50602658737,47622.96253056156,925.5240467154343,48548.486577277,47622.96253056156,47622.962482938594,43695.58060454348,1445.7587689360632,lexicographic,4.76229624829386e-05,4.3695580560847864e-05,False,0.4428621999977622,0.0,1,0
2025-11-03,False,calendar_trend,4,1.0,7,1.0,0,calibrated_quantile,2025-10-06;2025-10-07;2025-10-08;2025-10-09;2025-10-10;2025-10-11;2025-10-12;2025-10-13;2025-10-14;2025-10-15;2025-10-16;2025-10-17;2025-10-18;2025-10-19;2025-10-20;2025-10-21;2025-10-22;2025-10-23;2025-10-24;2025-10-25;2025-10-26;2025-10-27;2025-10-28;2025-10-29;2025-10-30;2025-10-31;2025-11-01;2025-11-02,28,7501.1942601422215,2025-10-06;2025-10-07;2025-10-08;2025-10-09;2025-10-10;2025-10-11;2025-10-12;2025-10-13;2025-10-14;2025-10-15;2025-10-16;2025-10-17;2025-10-18;2025-10-19;2025-10-20;2025-10-21;2025-10-22;2025-10-23;2025-10-24;2025-10-25;2025-10-26;2025-10-27;2025-10-28;2025-10-29;2025-10-30;2025-10-31;2025-11-01;2025-11-02,2025-10-20;2025-10-21;2025-10-22;2025-10-23;2025-10-24;2025-10-25;2025-10-26;2025-10-27;2025-10-28;2025-10-29;2025-10-30;2025-10-31;2025-11-01;2025-11-02,,2025-11-02,7949.788585857779,9158.061080852809,9149.78858585778,18.65159763248483,23.336909072121752,20.27995326850559,41.033464729898164,77972.88645230267,345.06958944156673,6470.20409655428,48463.89877933555,1027.7141766828593,49491.612956018405,48463.89877933555,48463.89873087166,44670.57113197588,1475.852466757386,lexicographic,4.8463898730871665e-05,4.46705710873053e-05,False,0.23367839999991702,0.0,1,0
2025-11-04,False,calendar_trend,4,1.0,7,1.0,0,calibrated_quantile,2025-10-07;2025-10-08;2025-10-09;2025-10-10;2025-10-11;2025-10-12;2025-10-13;2025-10-14;2025-10-15;2025-10-16;2025-10-17;2025-10-18;2025-10-19;2025-10-20;2025-10-21;2025-10-22;2025-10-23;2025-10-24;2025-10-25;2025-10-26;2025-10-27;2025-10-28;2025-10-29;2025-10-30;2025-10-31;2025-11-01;2025-11-02;2025-11-03,28,7479.0177312322485,2025-10-07;2025-10-08;2025-10-09;2025-10-10;2025-10-11;2025-10-12;2025-10-13;2025-10-14;2025-10-15;2025-10-16;2025-10-17;2025-10-18;2025-10-19;2025-10-20;2025-10-21;2025-10-22;2025-10-23;2025-10-24;2025-10-25;2025-10-26;2025-10-27;2025-10-28;2025-10-29;2025-10-30;2025-10-31;2025-11-01;2025-11-02;2025-11-03,2025-10-21;2025-10-22;2025-10-23;2025-10-24;2025-10-25;2025-10-26;2025-10-27;2025-10-28;2025-10-29;2025-10-30;2025-10-31;2025-11-01;2025-11-02;2025-11-03,,2025-11-03,7941.516090862755,9149.78858585778,9141.516090862755,24.121854662367564,29.178148142441515,16.89740315176348,35.5700287504804,78401.30540827825,161.13357010858502,8632.07830071852,48552.05391263368,581.5544320528084,49133.60834468649,48552.05391263368,48552.05386408164,44812.443799064284,1458.2596380346874,lexicographic,4.8552053864081644e-05,4.481244379906669e-05,False,0.30561280000256374,0.0,1,0
2025-11-05,False,calendar_trend,4,1.0,7,1.0,0,calibrated_quantile,2025-10-08;2025-10-09;2025-10-10;2025-10-11;2025-10-12;2025-10-13;2025-10-14;2025-10-15;2025-10-16;2025-10-17;2025-10-18;2025-10-19;2025-10-20;2025-10-21;2025-10-22;2025-10-23;2025-10-24;2025-10-25;2025-10-26;2025-10-27;2025-10-28;2025-10-29;2025-10-30;2025-10-31;2025-11-01;2025-11-02;2025-11-03;2025-11-04,28,7410.6474053993925,2025-10-08;2025-10-09;2025-10-10;2025-10-11;2025-10-12;2025-10-13;2025-10-14;2025-10-15;2025-10-16;2025-10-17;2025-10-18;2025-10-19;2025-10-20;2025-10-21;2025-10-22;2025-10-23;2025-10-24;2025-10-25;2025-10-26;2025-10-27;2025-10-28;2025-10-29;2025-10-30;2025-10-31;2025-11-01;2025-11-02;2025-11-03;2025-11-04,2025-10-22;2025-10-23;2025-10-24;2025-10-25;2025-10-26;2025-10-27;2025-10-28;2025-10-29;2025-10-30;2025-10-31;2025-11-01;2025-11-02;2025-11-03;2025-11-04,,2025-11-04,7933.243595867726,9141.516090862755,9133.243595867727,18.600564933766794,23.077278140563063,10.67731608444197,21.205499668517213,78451.41200973873,200.18717330613893,6632.314670577688,48760.47073410644,520.6933361891085,49281.16407029555,48760.47073410644,48760.470685345994,44640.98402690989,1443.324919242174,lexicographic,4.8760470685346e-05,4.4640984026900694e-05,False,0.2979455000022426,0.0,1,0
2025-11-06,False,calendar_trend,4,1.0,7,1.0,0,calibrated_quantile,2025-10-09;2025-10-10;2025-10-11;2025-10-12;2025-10-13;2025-10-14;2025-10-15;2025-10-16;2025-10-17;2025-10-18;2025-10-19;2025-10-20;2025-10-21;2025-10-22;2025-10-23;2025-10-24;2025-10-25;2025-10-26;2025-10-27;2025-10-28;2025-10-29;2025-10-30;2025-10-31;2025-11-01;2025-11-02;2025-11-03;2025-11-04;2025-11-05,28,7202.775307609563,2025-10-09;2025-10-10;2025-10-11;2025-10-12;2025-10-13;2025-10-14;2025-10-15;2025-10-16;2025-10-17;2025-10-18;2025-10-19;2025-10-20;2025-10-21;2025-10-22;2025-10-23;2025-10-24;2025-10-25;2025-10-26;2025-10-27;2025-10-28;2025-10-29;2025-10-30;2025-10-31;2025-11-01;2025-11-02;2025-11-03;2025-11-04;2025-11-05,2025-10-23;2025-10-24;2025-10-25;2025-10-26;2025-10-27;2025-10-28;2025-10-29;2025-10-30;2025-10-31;2025-11-01;2025-11-02;2025-11-03;2025-11-04;2025-11-05,,2025-11-05,7924.971100872698,9133.243595867727,9124.971100872699,17.66327331549356,23.50641138456953,22.27941925061238,40.198476804369584,78755.5741412069,671.9053256327572,5700.666165539486,48936.71953527683,3001.2997696771818,51938.01930495401,48936.71953527683,48936.719486340095,44944.305831404745,1443.6956977071106,lexicographic,4.8936719486340095e-05,4.494430578646046e-05,False,0.2933594999994966,0.0,1,0
2025-11-07,False,calendar_trend,4,1.0,7,1.0,0,calibrated_quantile,2025-10-10;2025-10-11;2025-10-12;2025-10-13;2025-10-14;2025-10-15;2025-10-16;2025-10-17;2025-10-18;2025-10-19;2025-10-20;2025-10-21;2025-10-22;2025-10-23;2025-10-24;2025-10-25;2025-10-26;2025-10-27;2025-10-28;2025-10-29;2025-10-30;2025-10-31;2025-11-01;2025-11-02;2025-11-03;2025-11-04;2025-11-05;2025-11-06,28,7234.0313952894685,2025-10-10;2025-10-11;2025-10-12;2025-10-13;2025-10-14;2025-10-15;2025-10-16;2025-10-17;2025-10-18;2025-10-19;2025-10-20;2025-10-21;2025-10-22;2025-10-23;2025-10-24;2025-10-25;2025-10-26;2025-10-27;2025-10-28;2025-10-29;2025-10-30;2025-10-31;2025-11-01;2025-11-02;2025-11-03;2025-11-04;2025-11-05;2025-11-06,2025-10-24;2025-10-25;2025-10-26;2025-10-27;2025-10-28;2025-10-29;2025-10-30;2025-10-31;2025-11-01;2025-11-02;2025-11-03;2025-11-04;2025-11-05;2025-11-06,,2025-11-06,7916.698605877673,9124.971100872699,9116.698605877673,17.147483241503735,20.73965100984859,25.9624083322326,46.287366146322114,36162.232982205904,113.74935033520316,11035.613117516725,19219.79617228576,509.30196834273966,19729.098140628503,19219.796172285765,19219.796153065956,36673.2007588296,1323.8754047385169,lexicographic,1.9219796153065956e-05,3.6673200758829604e-05,False,0.17268840000178898,0.0,1,0
2025-11-08,False,calendar_trend,4,1.0,7,1.0,0,calibrated_quantile,2025-10-11;2025-10-12;2025-10-13;2025-10-14;2025-10-15;2025-10-16;2025-10-17;2025-10-18;2025-10-19;2025-10-20;2025-10-21;2025-10-22;2025-10-23;2025-10-24;2025-10-25;2025-10-26;2025-10-27;2025-10-28;2025-10-29;2025-10-30;2025-10-31;2025-11-01;2025-11-02;2025-11-03;2025-11-04;2025-11-05;2025-11-06;2025-11-07,28,7199.078669959481,2025-10-11;2025-10-12;2025-10-13;2025-10-14;2025-10-15;2025-10-16;2025-10-17;2025-10-18;2025-10-19;2025-10-20;2025-10-21;2025-10-22;2025-10-23;2025-10-24;2025-10-25;2025-10-26;2025-10-27;2025-10-28;2025-10-29;2025-10-30;2025-10-31;2025-11-01;2025-11-02;2025-11-03;2025-11-04;2025-11-05;2025-11-06;2025-11-07,2025-10-25;2025-10-26;2025-10-27;2025-10-28;2025-10-29;2025-10-30;2025-10-31;2025-11-01;2025-11-02;2025-11-03;2025-11-04;2025-11-05;2025-11-06;2025-11-07,,2025-11-07,7908.426110882644,9116.698605877673,9108.426110882643,16.84650936681992,21.1059736439722,10.470371995930293,19.984345515347936,36205.90847050074,83.3219182390938,10576.987854236468,19135.673734752487,213.9822854560873,19349.656020208575,19135.673734752487,19135.67371561682,36656.63281226382,1313.0804823097121,lexicographic,1.9135673715616822e-05,3.665663281226384e-05,False,0.20842370000173105,0.0,1,0
2025-11-09,False,calendar_trend,4,1.0,7,1.0,0,calibrated_quantile,2025-10-12;2025-10-13;2025-10-14;2025-10-15;2025-10-16;2025-10-17;2025-10-18;2025-10-19;2025-10-20;2025-10-21;2025-10-22;2025-10-23;2025-10-24;2025-10-25;2025-10-26;2025-10-27;2025-10-28;2025-10-29;2025-10-30;2025-10-31;2025-11-01;2025-11-02;2025-11-03;2025-11-04;2025-11-05;2025-11-06;2025-11-07;2025-11-08,28,6978.16665411408,2025-10-12;2025-10-13;2025-10-14;2025-10-15;2025-10-16;2025-10-17;2025-10-18;2025-10-19;2025-10-20;2025-10-21;2025-10-22;2025-10-23;2025-10-24;2025-10-25;2025-10-26;2025-10-27;2025-10-28;2025-10-29;2025-10-30;2025-10-31;2025-11-01;2025-11-02;2025-11-03;2025-11-04;2025-11-05;2025-11-06;2025-11-07;2025-11-08,2025-10-26;2025-10-27;2025-10-28;2025-10-29;2025-10-30;2025-10-31;2025-11-01;2025-11-02;2025-11-03;2025-11-04;2025-11-05;2025-11-06;2025-11-07;2025-11-08,,2025-11-08,7903.076673724891,9108.426110882643,9103.076673724892,21.142112795891286,26.876701800257386,17.317742319137988,35.30243413911853,79591.23611511648,477.2027673872667,6391.505542820439,49536.791435447645,1797.7313431252048,51334.52277857285,49536.79143544764,49536.79138591085,44373.70540436017,1457.105518939126,lexicographic,4.953679138591085e-05,4.437370540436017e-05,False,0.1956125999968208,0.0,1,0
2025-11-10,False,calendar_trend,4,1.0,7,1.0,0,calibrated_quantile,2025-10-13;2025-10-14;2025-10-15;2025-10-16;2025-10-17;2025-10-18;2025-10-19;2025-10-20;2025-10-21;2025-10-22;2025-10-23;2025-10-24;2025-10-25;2025-10-26;2025-10-27;2025-10-28;2025-10-29;2025-10-30;2025-10-31;2025-11-01;2025-11-02;2025-11-03;2025-11-04;2025-11-05;2025-11-06;2025-11-07;2025-11-08;2025-11-09,28,6784.948654391805,2025-10-13;2025-10-14;2025-10-15;2025-10-16;2025-10-17;2025-10-18;2025-10-19;2025-10-20;2025-10-21;2025-10-22;2025-10-23;2025-10-24;2025-10-25;2025-10-26;2025-10-27;2025-10-28;2025-10-29;2025-10-30;2025-10-31;2025-11-01;2025-11-02;2025-11-03;2025-11-04;2025-11-05;2025-11-06;2025-11-07;2025-11-08;2025-11-09,2025-10-27;2025-10-28;2025-10-29;2025-10-30;2025-10-31;2025-11-01;2025-11-02;2025-11-03;2025-11-04;2025-11-05;2025-11-06;2025-11-07;2025-11-08;2025-11-09,,2025-11-09,7897.727236567135,9103.076673724892,9097.727236567134,20.864178873443947,25.057356254129722,20.192722245505326,35.734220152003736,80214.55484288545,488.311646429759,4497.468033041845,49944.92187430711,1803.095194230656,51748.01706853777,49944.92187430712,49944.92182436219,44693.65020290467,1460.1351159851135,lexicographic,4.994492182436219e-05,4.469365020290467e-05,False,0.13791689999925438,0.0,1,0
2025-11-11,False,calendar_trend,4,1.0,7,1.0,0,calibrated_quantile,2025-10-14;2025-10-15;2025-10-16;2025-10-17;2025-10-18;2025-10-19;2025-10-20;2025-10-21;2025-10-22;2025-10-23;2025-10-24;2025-10-25;2025-10-26;2025-10-27;2025-10-28;2025-10-29;2025-10-30;2025-10-31;2025-11-01;2025-11-02;2025-11-03;2025-11-04;2025-11-05;2025-11-06;2025-11-07;2025-11-08;2025-11-09;2025-11-10,28,6789.172727562389,2025-10-14;2025-10-15;2025-10-16;2025-10-17;2025-10-18;2025-10-19;2025-10-20;2025-10-21;2025-10-22;2025-10-23;2025-10-24;2025-10-25;2025-10-26;2025-10-27;2025-10-28;2025-10-29;2025-10-30;2025-10-31;2025-11-01;2025-11-02;2025-11-03;2025-11-04;2025-11-05;2025-11-06;2025-11-07;2025-11-08;2025-11-09;2025-11-10,2025-10-28;2025-10-29;2025-10-30;2025-10-31;2025-11-01;2025-11-02;2025-11-03;2025-11-04;2025-11-05;2025-11-06;2025-11-07;2025-11-08;2025-11-09;2025-11-10,,2025-11-10,7892.37779940938,9097.727236567134,9092.37779940938,15.859410983053657,19.711903499187944,10.652390419407075,21.418101862120984,80733.43623203266,82.40035152840349,6901.129049028451,50290.25350423452,179.60642264400707,50469.859926878526,50290.253504234526,50290.25345394426,44859.56792316385,1466.8017240196227,lexicographic,5.029025345394426e-05,4.485956792316385e-05,False,0.19409759999689413,0.0,1,0
2025-11-12,False,calendar_trend,4,1.0,7,1.0,0,calibrated_quantile,2025-10-15;2025-10-16;2025-10-17;2025-10-18;2025-10-19;2025-10-20;2025-10-21;2025-10-22;2025-10-23;2025-10-24;2025-10-25;2025-10-26;2025-10-27;2025-10-28;2025-10-29;2025-10-30;2025-10-31;2025-11-01;2025-11-02;2025-11-03;2025-11-04;2025-11-05;2025-11-06;2025-11-07;2025-11-08;2025-11-09;2025-11-10;2025-11-11,28,6488.108823578691,2025-10-15;2025-10-16;2025-10-17;2025-10-18;2025-10-19;2025-10-20;2025-10-21;2025-10-22;2025-10-23;2025-10-24;2025-10-25;2025-10-26;2025-10-27;2025-10-28;2025-10-29;2025-10-30;2025-10-31;2025-11-01;2025-11-02;2025-11-03;2025-11-04;2025-11-05;2025-11-06;2025-11-07;2025-11-08;2025-11-09;2025-11-10;2025-11-11,2025-10-29;2025-10-30;2025-10-31;2025-11-01;2025-11-02;2025-11-03;2025-11-04;2025-11-05;2025-11-06;2025-11-07;2025-11-08;2025-11-09;2025-11-10;2025-11-11,,2025-11-11,7887.028362251626,9092.37779940938,9087.028362251625,19.425545572856095,24.355347836723602,14.549753517242854,29.631499319531983,80534.45799441088,126.19174126415132,7360.125291149271,50197.596335098526,557.9296422089911,50755.525977307516,50197.59633509853,50197.59628490096,44647.69562970032,1457.9688408712707,lexicographic,5.019759628490096e-05,4.4647695629700315e-05,False,0.1939435999993293,0.0,1,0
2025-11-13,False,calendar_trend,4,1.0,7,1.0,0,calibrated_quantile,2025-10-16;2025-10-17;2025-10-18;2025-10-19;2025-10-20;2025-10-21;2025-10-22;2025-10-23;2025-10-24;2025-10-25;2025-10-26;2025-10-27;2025-10-28;2025-10-29;2025-10-30;2025-10-31;2025-11-01;2025-11-02;2025-11-03;2025-11-04;2025-11-05;2025-11-06;2025-11-07;2025-11-08;2025-11-09;2025-11-10;2025-11-11;2025-11-12,28,6243.672580606475,2025-10-16;2025-10-17;2025-10-18;2025-10-19;2025-10-20;2025-10-21;2025-10-22;2025-10-23;2025-10-24;2025-10-25;2025-10-26;2025-10-27;2025-10-28;2025-10-29;2025-10-30;2025-10-31;2025-11-01;2025-11-02;2025-11-03;2025-11-04;2025-11-05;2025-11-06;2025-11-07;2025-11-08;2025-11-09;2025-11-10;2025-11-11;2025-11-12,2025-10-30;2025-10-31;2025-11-01;2025-11-02;2025-11-03;2025-11-04;2025-11-05;2025-11-06;2025-11-07;2025-11-08;2025-11-09;2025-11-10;2025-11-11;2025-11-12,,2025-11-12,7881.678925093871,9087.028362251625,9081.678925093871,17.250307248978572,21.930227014345707,21.685341377851195,42.689967365420664,80328.61579148282,429.23058732127583,6005.973380155611,50134.53529674401,1272.399223612013,51406.93452035602,50134.53529674402,50134.535246609485,44865.530391365246,1461.4449821998253,lexicographic,5.013453524660949e-05,4.4865530391365246e-05,False,0.19633729999986826,0.0,1,0
2025-11-14,False,calendar_trend,4,1.0,7,1.0,0,calibrated_quantile,2025-10-17;2025-10-18;2025-10-19;2025-10-20;2025-10-21;2025-10-22;2025-10-23;2025-10-24;2025-10-25;2025-10-26;2025-10-27;2025-10-28;2025-10-29;2025-10-30;2025-10-31;2025-11-01;2025-11-02;2025-11-03;2025-11-04;2025-11-05;2025-11-06;2025-11-07;2025-11-08;2025-11-09;2025-11-10;2025-11-11;2025-11-12;2025-11-13,28,6130.912571159644,2025-10-17;2025-10-18;2025-10-19;2025-10-20;2025-10-21;2025-10-22;2025-10-23;2025-10-24;2025-10-25;2025-10-26;2025-10-27;2025-10-28;2025-10-29;2025-10-30;2025-10-31;2025-11-01;2025-11-02;2025-11-03;2025-11-04;2025-11-05;2025-11-06;2025-11-07;2025-11-08;2025-11-09;2025-11-10;2025-11-11;2025-11-12;2025-11-13,2025-10-31;2025-11-01;2025-11-02;2025-11-03;2025-11-04;2025-11-05;2025-11-06;2025-11-07;2025-11-08;2025-11-09;2025-11-10;2025-11-11;2025-11-12;2025-11-13,,2025-11-13,7876.329487936117,9081.678925093871,9076.329487936116,15.631625874399768,19.76266362592792,16.06750007533501,31.399778092700398,36294.85014950906,133.29592996571262,6909.265569618871,19199.523861368332,419.97167936291146,19619.495540731245,19199.52386136833,19199.523842168805,36589.577420972855,1302.4498802167545,lexicographic,1.9199523842168807e-05,3.6589577420972823e-05,False,0.2640828999974474,0.0,1,0
2025-11-15,False,calendar_trend,4,1.0,7,1.0,0,calibrated_quantile,2025-10-18;2025-10-19;2025-10-20;2025-10-21;2025-10-22;2025-10-23;2025-10-24;2025-10-25;2025-10-26;2025-10-27;2025-10-28;2025-10-29;2025-10-30;2025-10-31;2025-11-01;2025-11-02;2025-11-03;2025-11-04;2025-11-05;2025-11-06;2025-11-07;2025-11-08;2025-11-09;2025-11-10;2025-11-11;2025-11-12;2025-11-13;2025-11-14,28,6097.259444159137,2025-10-18;2025-10-19;2025-10-20;2025-10-21;2025-10-22;2025-10-23;2025-10-24;2025-10-25;2025-10-26;2025-10-27;2025-10-28;2025-10-29;2025-10-30;2025-10-31;2025-11-01;2025-11-02;2025-11-03;2025-11-04;2025-11-05;2025-11-06;2025-11-07;2025-11-08;2025-11-09;2025-11-10;2025-11-11;2025-11-12;2025-11-13;2025-11-14,2025-11-01;2025-11-02;2025-11-03;2025-11-04;2025-11-05;2025-11-06;2025-11-07;2025-11-08;2025-11-09;2025-11-10;2025-11-11;2025-11-12;2025-11-13;2025-11-14,,2025-11-14,7870.980050778361,9076.329487936116,9070.980050778362,16.725698582111413,21.119087453965747,8.540166706117866,18.47923039671019,36239.481457479385,288.6615233048326,6396.394734117368,19119.123927830857,1070.1059699369032,20189.22989776776,19119.123927830853,19119.123908711732,36578.863703714145,1296.925468353738,lexicographic,1.9119123908711733e-05,3.657886370371413e-05,False,0.27059640000152285,0.0,1,0
2025-11-16,False,calendar_trend,4,1.0,7,1.0,0,calibrated_quantile,2025-10-19;2025-10-20;2025-10-21;2025-10-22;2025-10-23;2025-10-24;2025-10-25;2025-10-26;2025-10-27;2025-10-28;2025-10-29;2025-10-30;2025-10-31;2025-11-01;2025-11-02;2025-11-03;2025-11-04;2025-11-05;2025-11-06;2025-11-07;2025-11-08;2025-11-09;2025-11-10;2025-11-11;2025-11-12;2025-11-13;2025-11-14;2025-11-15,28,6123.471620618744,2025-10-19;2025-10-20;2025-10-21;2025-10-22;2025-10-23;2025-10-24;2025-10-25;2025-10-26;2025-10-27;2025-10-28;2025-10-29;2025-10-30;2025-10-31;2025-11-01;2025-11-02;2025-11-03;2025-11-04;2025-11-05;2025-11-06;2025-11-07;2025-11-08;2025-11-09;2025-11-10;2025-11-11;2025-11-12;2025-11-13;2025-11-14;2025-11-15,2025-11-02;2025-11-03;2025-11-04;2025-11-05;2025-11-06;2025-11-07;2025-11-08;2025-11-09;2025-11-10;2025-11-11;2025-11-12;2025-11-13;2025-11-14;2025-11-15,,2025-11-15,7865.630613620605,9070.980050778362,9065.630613620604,22.284804456361897,27.79518347897304,14.384391001650808,31.803339687078427,81726.47201116706,548.5788604341643,5424.827862027765,51013.31067454729,2121.403390841035,53134.714065388325,51013.31067454728,51013.31062353397,45999.392332273244,1504.2928303254575,lexicographic,5.1013310623533976e-05,4.599939233227325e-05,False,0.20832460000019637,0.0,1,0
2025-11-17,False,calendar_trend,4,1.0,7,1.0,0,calibrated_quantile,2025-10-20;2025-10-21;2025-10-22;2025-10-23;2025-10-24;2025-10-25;2025-10-26;2025-10-27;2025-10-28;2025-10-29;2025-10-30;2025-10-31;2025-11-01;2025-11-02;2025-11-03;2025-11-04;2025-11-05;2025-11-06;2025-11-07;2025-11-08;2025-11-09;2025-11-10;2025-11-11;2025-11-12;2025-11-13;2025-11-14;2025-11-15;2025-11-16,28,6078.435638976781,2025-10-20;2025-10-21;2025-10-22;2025-10-23;2025-10-24;2025-10-25;2025-10-26;2025-10-27;2025-10-28;2025-10-29;2025-10-30;2025-10-31;2025-11-01;2025-11-02;2025-11-03;2025-11-04;2025-11-05;2025-11-06;2025-11-07;2025-11-08;2025-11-09;2025-11-10;2025-11-11;2025-11-12;2025-11-13;2025-11-14;2025-11-15;2025-11-16,2025-11-03;2025-11-04;2025-11-05;2025-11-06;2025-11-07;2025-11-08;2025-11-09;2025-11-10;2025-11-11;2025-11-12;2025-11-13;2025-11-14;2025-11-15;2025-11-16,,2025-11-16,7860.281176462852,9065.630613620604,9060.281176462853,19.80031289482021,24.55116444633293,11.80232257393517,22.822770770817883,82814.7694202794,113.3470358153391,7797.381429720773,51800.90169802226,317.9178288655369,52118.8195268878,51800.901698022266,51800.90164657055,46366.13160148243,1497.5158081980685,lexicographic,5.1800901646570556e-05,4.6366131555116325e-05,False,0.23650480000287644,0.0,1,0
2025-11-18,False,calendar_trend,4,1.0,7,1.0,0,calibrated_quantile,2025-10-21;2025-10-22;2025-10-23;2025-10-24;2025-10-25;2025-10-26;2025-10-27;2025-10-28;2025-10-29;2025-10-30;2025-10-31;2025-11-01;2025-11-02;2025-11-03;2025-11-04;2025-11-05;2025-11-06;2025-11-07;2025-11-08;2025-11-09;2025-11-10;2025-11-11;2025-11-12;2025-11-13;2025-11-14;2025-11-15;2025-11-16;2025-11-17,28,5943.49065900484,2025-10-21;2025-10-22;2025-10-23;2025-10-24;2025-10-25;2025-10-26;2025-10-27;2025-10-28;2025-10-29;2025-10-30;2025-10-31;2025-11-01;2025-11-02;2025-11-03;2025-11-04;2025-11-05;2025-11-06;2025-11-07;2025-11-08;2025-11-09;2025-11-10;2025-11-11;2025-11-12;2025-11-13;2025-11-14;2025-11-15;2025-11-16;2025-11-17,2025-11-04;2025-11-05;2025-11-06;2025-11-07;2025-11-08;2025-11-09;2025-11-10;2025-11-11;2025-11-12;2025-11-13;2025-11-14;2025-11-15;2025-11-16;2025-11-17,,2025-11-17,7854.931739305096,9060.281176462853,9054.931739305095,19.65971633989148,25.842718106177788,15.249039395768875,32.68404436558465,82356.42762346628,398.7822263309363,5437.187208061921,51411.772245505796,1205.2231473739912,52616.995392879784,51411.772245505796,51411.77219409404,46223.443787804965,1503.1326785082579,lexicographic,5.141177219409404e-05,4.622344374185871e-05,False,0.2815660000014759,0.0,1,0
2025-11-19,False,calendar_trend,4,1.0,7,1.0,0,calibrated_quantile,2025-10-22;2025-10-23;2025-10-24;2025-10-25;2025-10-26;2025-10-27;2025-10-28;2025-10-29;2025-10-30;2025-10-31;2025-11-01;2025-11-02;2025-11-03;2025-11-04;2025-11-05;2025-11-06;2025-11-07;2025-11-08;2025-11-09;2025-11-10;2025-11-11;2025-11-12;2025-11-13;2025-11-14;2025-11-15;2025-11-16;2025-11-17;2025-11-18,28,5721.638159655948,2025-10-22;2025-10-23;2025-10-24;2025-10-25;2025-10-26;2025-10-27;2025-10-28;2025-10-29;2025-10-30;2025-10-31;2025-11-01;2025-11-02;2025-11-03;2025-11-04;2025-11-05;2025-11-06;2025-11-07;2025-11-08;2025-11-09;2025-11-10;2025-11-11;2025-11-12;2025-11-13;2025-11-14;2025-11-15;2025-11-16;2025-11-17;2025-11-18,2025-11-05;2025-11-06;2025-11-07;2025-11-08;2025-11-09;2025-11-10;2025-11-11;2025-11-12;2025-11-13;2025-11-14;2025-11-15;2025-11-16;2025-11-17;2025-11-18,,2025-11-18,7821.634368694145,9054.931739305095,9021.634368694145,18.49624152702085,23.550253358549675,12.906033821327014,25.769765163656245,82442.33350288765,357.9057162707254,5018.404193561702,51455.95653931837,1266.7327857938221,52722.689325112195,51455.95653931838,51455.95648786241,46488.7182736889,1491.47427643167,lexicographic,5.145595648786241e-05,4.6488718273688905e-05,False,0.16134000000238302,0.0,1,0
2025-11-20,False,calendar_trend,4,1.0,7,1.0,0,calibrated_quantile,2025-10-23;2025-10-24;2025-10-25;2025-10-26;2025-10-27;2025-10-28;2025-10-29;2025-10-30;2025-10-31;2025-11-01;2025-11-02;2025-11-03;2025-11-04;2025-11-05;2025-11-06;2025-11-07;2025-11-08;2025-11-09;2025-11-10;2025-11-11;2025-11-12;2025-11-13;2025-11-14;2025-11-15;2025-11-16;2025-11-17;2025-11-18;2025-11-19,28,5665.0530229675205,2025-10-23;2025-10-24;2025-10-25;2025-10-26;2025-10-27;2025-10-28;2025-10-29;2025-10-30;2025-10-31;2025-11-01;2025-11-02;2025-11-03;2025-11-04;2025-11-05;2025-11-06;2025-11-07;2025-11-08;2025-11-09;2025-11-10;2025-11-11;2025-11-12;2025-11-13;2025-11-14;2025-11-15;2025-11-16;2025-11-17;2025-11-18;2025-11-19,2025-11-06;2025-11-07;2025-11-08;2025-11-09;2025-11-10;2025-11-11;2025-11-12;2025-11-13;2025-11-14;2025-11-15;2025-11-16;2025-11-17;2025-11-18;2025-11-19,,2025-11-19,7788.336998083177,9021.634368694145,8988.336998083178,17.914750520276552,22.94030471055782,12.175955575110994,24.928895856508394,82657.47098515209,238.08139598450128,5677.682828697286,51572.317708858376,890.868943713948,52463.18665257232,51572.317708858376,51572.31765728606,46702.85005036603,1475.7009502443866,lexicographic,5.157231765728606e-05,4.6702850050366036e-05,False,0.1432204000011552,0.0,1,0
2025-11-21,False,calendar_trend,4,1.0,7,1.0,0,calibrated_quantile,2025-10-24;2025-10-25;2025-10-26;2025-10-27;2025-10-28;2025-10-29;2025-10-30;2025-10-31;2025-11-01;2025-11-02;2025-11-03;2025-11-04;2025-11-05;2025-11-06;2025-11-07;2025-11-08;2025-11-09;2025-11-10;2025-11-11;2025-11-12;2025-11-13;2025-11-14;2025-11-15;2025-11-16;2025-11-17;2025-11-18;2025-11-19;2025-11-20,28,5697.991291558118,2025-10-24;2025-10-25;2025-10-26;2025-10-27;2025-10-28;2025-10-29;2025-10-30;2025-10-31;2025-11-01;2025-11-02;2025-11-03;2025-11-04;2025-11-05;2025-11-06;2025-11-07;2025-11-08;2025-11-09;2025-11-10;2025-11-11;2025-11-12;2025-11-13;2025-11-14;2025-11-15;2025-11-16;2025-11-17;2025-11-18;2025-11-19;2025-11-20,2025-11-07;2025-11-08;2025-11-09;2025-11-10;2025-11-11;2025-11-12;2025-11-13;2025-11-14;2025-11-15;2025-11-16;2025-11-17;2025-11-18;2025-11-19;2025-11-20,,2025-11-20,7755.039627472207,8988.336998083178,8955.039627472208,16.421915130271834,20.86042533325814,10.339581698190727,21.275944175575226,37082.17084505636,160.92983935156923,6519.322970182096,19701.395008253152,408.101373444969,20109.49638169812,19701.395008253152,19701.394988551758,35960.25249097672,1314.4906346195323,lexicographic,1.9701394988551757e-05,3.596025249097672e-05,False,0.23473179999928107,0.0,1,0
2025-11-22,False,calendar_trend,4,1.0,7,1.0,0,calibrated_quantile,2025-10-25;2025-10-26;2025-10-27;2025-10-28;2025-10-29;2025-10-30;2025-10-31;2025-11-01;2025-11-02;2025-11-03;2025-11-04;2025-11-05;2025-11-06;2025-11-07;2025-11-08;2025-11-09;2025-11-10;2025-11-11;2025-11-12;2025-11-13;2025-11-14;2025-11-15;2025-11-16;2025-11-17;2025-11-18;2025-11-19;2025-11-20;2025-11-21,28,5704.559072702685,2025-10-25;2025-10-26;2025-10-27;2025-10-28;2025-10-29;2025-10-30;2025-10-31;2025-11-01;2025-11-02;2025-11-03;2025-11-04;2025-11-05;2025-11-06;2025-11-07;2025-11-08;2025-11-09;2025-11-10;2025-11-11;2025-11-12;2025-11-13;2025-11-14;2025-11-15;2025-11-16;2025-11-17;2025-11-18;2025-11-19;2025-11-20;2025-11-21,2025-11-08;2025-11-09;2025-11-10;2025-11-11;2025-11-12;2025-11-13;2025-11-14;2025-11-15;2025-11-16;2025-11-17;2025-11-18;2025-11-19;2025-11-20;2025-11-21,,2025-11-21,7721.7422568612565,8955.039627472208,8921.742256861256,18.44555265164845,21.669605270139016,10.596550817636551,22.008371786030455,37208.242327323846,204.9904585982878,5346.799535138447,19628.672150008344,797.4958322677671,20426.16798227611,19628.672150008348,19628.67213037967,35717.24476890887,1315.6339507126963,lexicographic,1.962867213037967e-05,3.5717244768909104e-05,False,0.42157269999734126,0.0,1,0
2025-11-23,False,calendar_trend,4,1.0,7,1.0,0,calibrated_quantile,2025-10-26;2025-10-27;2025-10-28;2025-10-29;2025-10-30;2025-10-31;2025-11-01;2025-11-02;2025-11-03;2025-11-04;2025-11-05;2025-11-06;2025-11-07;2025-11-08;2025-11-09;2025-11-10;2025-11-11;2025-11-12;2025-11-13;2025-11-14;2025-11-15;2025-11-16;2025-11-17;2025-11-18;2025-11-19;2025-11-20;2025-11-21;2025-11-22,28,5758.885203414085,2025-10-26;2025-10-27;2025-10-28;2025-10-29;2025-10-30;2025-10-31;2025-11-01;2025-11-02;2025-11-03;2025-11-04;2025-11-05;2025-11-06;2025-11-07;2025-11-08;2025-11-09;2025-11-10;2025-11-11;2025-11-12;2025-11-13;2025-11-14;2025-11-15;2025-11-16;2025-11-17;2025-11-18;2025-11-19;2025-11-20;2025-11-21;2025-11-22,2025-11-09;2025-11-10;2025-11-11;2025-11-12;2025-11-13;2025-11-14;2025-11-15;2025-11-16;2025-11-17;2025-11-18;2025-11-19;2025-11-20;2025-11-21;2025-11-22,,2025-11-22,7688.444886250287,8921.742256861256,8888.444886250287,17.98745106765255,22.451912554773948,22.80549826762936,41.35063559356387,83475.43455942681,505.5193309548024,6339.876924750227,52019.675029123966,2264.086134224617,54283.76116334858,52019.67502912397,52019.67497710431,46402.40615101567,1514.7248544815188,lexicographic,5.201967497710431e-05,4.640240610461325e-05,False,0.30670870000176365,0.0,1,0
2025-11-24,False,calendar_trend,4,1.0,7,1.0,0,calibrated_quantile,2025-10-27;2025-10-28;2025-10-29;2025-10-30;2025-10-31;2025-11-01;2025-11-02;2025-11-03;2025-11-04;2025-11-05;2025-11-06;2025-11-07;2025-11-08;2025-11-09;2025-11-10;2025-11-11;2025-11-12;2025-11-13;2025-11-14;2025-11-15;2025-11-16;2025-11-17;2025-11-18;2025-11-19;2025-11-20;2025-11-21;2025-11-22;2025-11-23,28,5890.43868720979,2025-10-27;2025-10-28;2025-10-29;2025-10-30;2025-10-31;2025-11-01;2025-11-02;2025-11-03;2025-11-04;2025-11-05;2025-11-06;2025-11-07;2025-11-08;2025-11-09;2025-11-10;2025-11-11;2025-11-12;2025-11-13;2025-11-14;2025-11-15;2025-11-16;2025-11-17;2025-11-18;2025-11-19;2025-11-20;2025-11-21;2025-11-22;2025-11-23,2025-11-10;2025-11-11;2025-11-12;2025-11-13;2025-11-14;2025-11-15;2025-11-16;2025-11-17;2025-11-18;2025-11-19;2025-11-20;2025-11-21;2025-11-22;2025-11-23,,2025-11-23,7655.147515639337,8888.444886250287,8855.147515639337,17.59969101449204,21.16340401992987,17.46356530877942,37.02865619922746,83954.70855318545,208.13620866470688,7605.600253843873,52390.67612948538,784.0193889436996,53174.69551842908,52390.67612948538,52390.67607709467,46142.488539471684,1501.4478192228573,lexicographic,5.2390676077094676e-05,4.6142488539472385e-05,False,0.29212729999926523,0.0,1,0
2025-11-25,False,calendar_trend,4,1.0,7,1.0,0,calibrated_quantile,2025-10-28;2025-10-29;2025-10-30;2025-10-31;2025-11-01;2025-11-02;2025-11-03;2025-11-04;2025-11-05;2025-11-06;2025-11-07;2025-11-08;2025-11-09;2025-11-10;2025-11-11;2025-11-12;2025-11-13;2025-11-14;2025-11-15;2025-11-16;2025-11-17;2025-11-18;2025-11-19;2025-11-20;2025-11-21;2025-11-22;2025-11-23;2025-11-24,28,5926.298338895365,2025-10-28;2025-10-29;2025-10-30;2025-10-31;2025-11-01;2025-11-02;2025-11-03;2025-11-04;2025-11-05;2025-11-06;2025-11-07;2025-11-08;2025-11-09;2025-11-10;2025-11-11;2025-11-12;2025-11-13;2025-11-14;2025-11-15;2025-11-16;2025-11-17;2025-11-18;2025-11-19;2025-11-20;2025-11-21;2025-11-22;2025-11-23;2025-11-24,2025-11-11;2025-11-12;2025-11-13;2025-11-14;2025-11-15;2025-11-16;2025-11-17;2025-11-18;2025-11-19;2025-11-20;2025-11-21;2025-11-22;2025-11-23;2025-11-24,,2025-11-24,7621.8501450283675,8855.147515639337,8821.850145028367,19.830326249492188,25.18607981529142,9.863435952598161,19.122492289425843,83791.00469026895,227.73767577756774,5444.708357966332,52291.029787510925,929.089834455254,53220.11962196618,52291.029787510925,52291.02973521988,46333.87047420945,1523.7748740343147,lexicographic,5.2291029735219886e-05,4.633387047421192e-05,False,0.440127299996675,0.0,1,0
2025-11-26,False,calendar_trend,4,1.0,7,1.0,0,calibrated_quantile,2025-10-29;2025-10-30;2025-10-31;2025-11-01;2025-11-02;2025-11-03;2025-11-04;2025-11-05;2025-11-06;2025-11-07;2025-11-08;2025-11-09;2025-11-10;2025-11-11;2025-11-12;2025-11-13;2025-11-14;2025-11-15;2025-11-16;2025-11-17;2025-11-18;2025-11-19;2025-11-20;2025-11-21;2025-11-22;2025-11-23;2025-11-24;2025-11-25,28,5923.090475116214,2025-10-29;2025-10-30;2025-10-31;2025-11-01;2025-11-02;2025-11-03;2025-11-04;2025-11-05;2025-11-06;2025-11-07;2025-11-08;2025-11-09;2025-11-10;2025-11-11;2025-11-12;2025-11-13;2025-11-14;2025-11-15;2025-11-16;2025-11-17;2025-11-18;2025-11-19;2025-11-20;2025-11-21;2025-11-22;2025-11-23;2025-11-24;2025-11-25,2025-11-12;2025-11-13;2025-11-14;2025-11-15;2025-11-16;2025-11-17;2025-11-18;2025-11-19;2025-11-20;2025-11-21;2025-11-22;2025-11-23;2025-11-24;2025-11-25,,2025-11-25,7588.552774417398,8821.850145028367,8788.552774417398,19.81773961972087,25.111240677300774,10.897566158402364,23.02612863849744,84104.27861277189,195.58841549330208,5142.585777362212,52513.02055396234,795.5637507320021,53308.58430469434,52513.020553962335,52513.02050179745,46224.44617117602,1509.9324068280475,lexicographic,5.2513020501797454e-05,4.622444612495156e-05,False,0.3791731000019354,0.0,1,0
2025-11-27,False,calendar_trend,4,1.0,7,1.0,0,calibrated_quantile,2025-10-30;2025-10-31;2025-11-01;2025-11-02;2025-11-03;2025-11-04;2025-11-05;2025-11-06;2025-11-07;2025-11-08;2025-11-09;2025-11-10;2025-11-11;2025-11-12;2025-11-13;2025-11-14;2025-11-15;2025-11-16;2025-11-17;2025-11-18;2025-11-19;2025-11-20;2025-11-21;2025-11-22;2025-11-23;2025-11-24;2025-11-25;2025-11-26,28,5665.346159837431,2025-10-30;2025-10-31;2025-11-01;2025-11-02;2025-11-03;2025-11-04;2025-11-05;2025-11-06;2025-11-07;2025-11-08;2025-11-09;2025-11-10;2025-11-11;2025-11-12;2025-11-13;2025-11-14;2025-11-15;2025-11-16;2025-11-17;2025-11-18;2025-11-19;2025-11-20;2025-11-21;2025-11-22;2025-11-23;2025-11-24;2025-11-25;2025-11-26,2025-11-13;2025-11-14;2025-11-15;2025-11-16;2025-11-17;2025-11-18;2025-11-19;2025-11-20;2025-11-21;2025-11-22;2025-11-23;2025-11-24;2025-11-25;2025-11-26,,2025-11-26,7555.255403806448,8788.552774417398,8755.255403806448,17.474321505572828,22.382397322316187,14.358825185102198,27.50869543850983,83860.56333730975,320.8914614487644,5990.9474158547955,52437.40548317053,1297.3124546542397,53734.71793782477,52437.40548317053,52437.40543073313,46414.45152918986,1504.0293759889637,lexicographic,5.2437405430733134e-05,4.6414451482775414e-05,False,0.15641099999993457,0.0,1,0
2025-11-28,False,calendar_trend,4,1.0,7,1.0,0,calibrated_quantile,2025-10-31;2025-11-01;2025-11-02;2025-11-03;2025-11-04;2025-11-05;2025-11-06;2025-11-07;2025-11-08;2025-11-09;2025-11-10;2025-11-11;2025-11-12;2025-11-13;2025-11-14;2025-11-15;2025-11-16;2025-11-17;2025-11-18;2025-11-19;2025-11-20;2025-11-21;2025-11-22;2025-11-23;2025-11-24;2025-11-25;2025-11-26;2025-11-27,28,5662.3629670933815,2025-10-31;2025-11-01;2025-11-02;2025-11-03;2025-11-04;2025-11-05;2025-11-06;2025-11-07;2025-11-08;2025-11-09;2025-11-10;2025-11-11;2025-11-12;2025-11-13;2025-11-14;2025-11-15;2025-11-16;2025-11-17;2025-11-18;2025-11-19;2025-11-20;2025-11-21;2025-11-22;2025-11-23;2025-11-24;2025-11-25;2025-11-26;2025-11-27,2025-11-14;2025-11-15;2025-11-16;2025-11-17;2025-11-18;2025-11-19;2025-11-20;2025-11-21;2025-11-22;2025-11-23;2025-11-24;2025-11-25;2025-11-26;2025-11-27,,2025-11-27,7521.9580331954785,8755.255403806448,8721.958033195478,17.373896545025985,21.269406843453684,9.67004402462634,18.93962523379972,37778.624645605756,192.06983661447182,5232.473369476747,19996.494114939283,856.1096629442621,20852.603777883545,19996.494114939283,19996.494094942795,35154.44187947865,1324.6990558067544,lexicographic,1.9996494094942796e-05,3.515444187947865e-05,False,0.36706000000049244,0.0,1,0
2025-11-29,False,calendar_trend,4,1.0,7,1.0,0,calibrated_quantile,2025-11-01;2025-11-02;2025-11-03;2025-11-04;2025-11-05;2025-11-06;2025-11-07;2025-11-08;2025-11-09;2025-11-10;2025-11-11;2025-11-12;2025-11-13;2025-11-14;2025-11-15;2025-11-16;2025-11-17;2025-11-18;2025-11-19;2025-11-20;2025-11-21;2025-11-22;2025-11-23;2025-11-24;2025-11-25;2025-11-26;2025-11-27;2025-11-28,28,5559.928312246704,2025-11-01;2025-11-02;2025-11-03;2025-11-04;2025-11-05;2025-11-06;2025-11-07;2025-11-08;2025-11-09;2025-11-10;2025-11-11;2025-11-12;2025-11-13;2025-11-14;2025-11-15;2025-11-16;2025-11-17;2025-11-18;2025-11-19;2025-11-20;2025-11-21;2025-11-22;2025-11-23;2025-11-24;2025-11-25;2025-11-26;2025-11-27;2025-11-28,2025-11-15;2025-11-16;2025-11-17;2025-11-18;2025-11-19;2025-11-20;2025-11-21;2025-11-22;2025-11-23;2025-11-24;2025-11-25;2025-11-26;2025-11-27;2025-11-28,,2025-11-28,7508.9124547066795,8721.958033195478,8708.912454706679,18.9458163141129,23.60563826435222,28.79638217766132,59.958823639981446,38288.51003456322,1706.2706878166327,3260.1728877493915,20210.143932925064,5702.893518804127,25913.037451729193,20210.143932925068,20210.143912714913,34545.519406493484,1308.2096317593175,lexicographic,2.0210143912714913e-05,3.4545519406493485e-05,False,0.32214749999911874,0.0,1,0
2025-11-30,False,calendar_trend,4,1.0,7,1.0,0,calibrated_quantile,2025-11-02;2025-11-03;2025-11-04;2025-11-05;2025-11-06;2025-11-07;2025-11-08;2025-11-09;2025-11-10;2025-11-11;2025-11-12;2025-11-13;2025-11-14;2025-11-15;2025-11-16;2025-11-17;2025-11-18;2025-11-19;2025-11-20;2025-11-21;2025-11-22;2025-11-23;2025-11-24;2025-11-25;2025-11-26;2025-11-27;2025-11-28;2025-11-29,28,5772.119323672536,2025-11-02;2025-11-03;2025-11-04;2025-11-05;2025-11-06;2025-11-07;2025-11-08;2025-11-09;2025-11-10;2025-11-11;2025-11-12;2025-11-13;2025-11-14;2025-11-15;2025-11-16;2025-11-17;2025-11-18;2025-11-19;2025-11-20;2025-11-21;2025-11-22;2025-11-23;2025-11-24;2025-11-25;2025-11-26;2025-11-27;2025-11-28;2025-11-29,2025-11-16;2025-11-17;2025-11-18;2025-11-19;2025-11-20;2025-11-21;2025-11-22;2025-11-23;2025-11-24;2025-11-25;2025-11-26;2025-11-27;2025-11-28;2025-11-29,,2025-11-29,7495.866876217874,8708.912454706679,8695.866876217875,20.82580697327221,25.57591523803365,17.127333804655482,33.0856535792453,85519.1299627969,439.33070951540236,3236.1480472281337,53514.934907922885,1847.5220106917534,55362.45691861464,53514.934907922885,53514.93485440797,47319.728108447336,1556.4613930480887,lexicographic,5.351493485440797e-05,4.7319728061127613e-05,False,0.2399169999989681,0.0,1,0
2025-12-01,False,calendar_trend,4,1.0,7,1.0,0,calibrated_quantile,2025-11-03;2025-11-04;2025-11-05;2025-11-06;2025-11-07;2025-11-08;2025-11-09;2025-11-10;2025-11-11;2025-11-12;2025-11-13;2025-11-14;2025-11-15;2025-11-16;2025-11-17;2025-11-18;2025-11-19;2025-11-20;2025-11-21;2025-11-22;2025-11-23;2025-11-24;2025-11-25;2025-11-26;2025-11-27;2025-11-28;2025-11-29;2025-11-30,28,5865.908376219206,2025-11-03;2025-11-04;2025-11-05;2025-11-06;2025-11-07;2025-11-08;2025-11-09;2025-11-10;2025-11-11;2025-11-12;2025-11-13;2025-11-14;2025-11-15;2025-11-16;2025-11-17;2025-11-18;2025-11-19;2025-11-20;2025-11-21;2025-11-22;2025-11-23;2025-11-24;2025-11-25;2025-11-26;2025-11-27;2025-11-28;2025-11-29;2025-11-30,2025-11-17;2025-11-18;2025-11-19;2025-11-20;2025-11-21;2025-11-22;2025-11-23;2025-11-24;2025-11-25;2025-11-26;2025-11-27;2025-11-28;2025-11-29;2025-11-30,,2025-11-30,7482.821297729068,8695.866876217875,8682.821297729068,55.236659730294235,67.13443874209662,14.234602626949673,32.13766841458241,86804.80290571575,3958.0465822505566,1961.205320338749,54357.20381311748,14405.058769195395,68762.26258231288,54357.20381311747,54357.20375876026,47799.13470010545,1507.81303291582,lexicographic,5.4357203758760266e-05,4.779913470011458e-05,False,0.45672320000085165,0.0,1,0
2025-12-02,False,calendar_trend,4,1.0,7,1.0,0,calibrated_quantile,2025-11-04;2025-11-05;2025-11-06;2025-11-07;2025-11-08;2025-11-09;2025-11-10;2025-11-11;2025-11-12;2025-11-13;2025-11-14;2025-11-15;2025-11-16;2025-11-17;2025-11-18;2025-11-19;2025-11-20;2025-11-21;2025-11-22;2025-11-23;2025-11-24;2025-11-25;2025-11-26;2025-11-27;2025-11-28;2025-11-29;2025-11-30;2025-12-01,28,6083.270703014998,2025-11-04;2025-11-05;2025-11-06;2025-11-07;2025-11-08;2025-11-09;2025-11-10;2025-11-11;2025-11-12;2025-11-13;2025-11-14;2025-11-15;2025-11-16;2025-11-17;2025-11-18;2025-11-19;2025-11-20;2025-11-21;2025-11-22;2025-11-23;2025-11-24;2025-11-25;2025-11-26;2025-11-27;2025-11-28;2025-11-29;2025-11-30;2025-12-01,2025-11-18;2025-11-19;2025-11-20;2025-11-21;2025-11-22;2025-11-23;2025-11-24;2025-11-25;2025-11-26;2025-11-27;2025-11-28;2025-11-29;2025-11-30;2025-12-01,,2025-12-01,7721.7422568612565,8682.821297729068,8921.742256861256,45.95018945771506,54.0941491501376,16.2792425442495,33.95546075167738,89286.98340612071,3385.5848087438776,1221.0272387729797,56105.647466322465,12871.760091676679,68977.40755799915,56105.64746632245,56105.64741021679,48927.68302608233,1550.7415177960602,lexicographic,5.61056474102168e-05,4.892768297715464e-05,False,0.1605054999999993,0.0,1,0
2025-12-03,False,calendar_trend,4,1.0,7,1.0,0,calibrated_quantile,2025-11-05;2025-11-06;2025-11-07;2025-11-08;2025-11-09;2025-11-10;2025-11-11;2025-11-12;2025-11-13;2025-11-14;2025-11-15;2025-11-16;2025-11-17;2025-11-18;2025-11-19;2025-11-20;2025-11-21;2025-11-22;2025-11-23;2025-11-24;2025-11-25;2025-11-26;2025-11-27;2025-11-28;2025-11-29;2025-11-30;2025-12-01;2025-12-02,28,6559.547499181689,2025-11-05;2025-11-06;2025-11-07;2025-11-08;2025-11-09;2025-11-10;2025-11-11;2025-11-12;2025-11-13;2025-11-14;2025-11-15;2025-11-16;2025-11-17;2025-11-18;2025-11-19;2025-11-20;2025-11-21;2025-11-22;2025-11-23;2025-11-24;2025-11-25;2025-11-26;2025-11-27;2025-11-28;2025-11-29;2025-11-30;2025-12-01;2025-12-02,2025-11-19;2025-11-20;2025-11-21;2025-11-22;2025-11-23;2025-11-24;2025-11-25;2025-11-26;2025-11-27;2025-11-28;2025-11-29;2025-11-30;2025-12-01;2025-12-02,,2025-12-02,7881.678925093871,8921.742256861256,9081.678925093871,30.260583191422963,37.7485067825698,13.775252922050624,29.164830157650425,92420.98457841633,1061.62198514677,3537.4906878183165,58379.014282670585,3213.223224881811,61592.237507552396,58379.014282670585,58379.014224291546,49830.39395452167,1586.5114998854083,lexicographic,5.837901422429155e-05,4.983039395451955e-05,False,0.2246551999996882,0.0,1,0
2025-12-04,False,calendar_trend,4,1.0,7,1.0,0,calibrated_quantile,2025-11-06;2025-11-07;2025-11-08;2025-11-09;2025-11-10;2025-11-11;2025-11-12;2025-11-13;2025-11-14;2025-11-15;2025-11-16;2025-11-17;2025-11-18;2025-11-19;2025-11-20;2025-11-21;2025-11-22;2025-11-23;2025-11-24;2025-11-25;2025-11-26;2025-11-27;2025-11-28;2025-11-29;2025-11-30;2025-12-01;2025-12-02;2025-12-03,28,6753.648981639064,2025-11-06;2025-11-07;2025-11-08;2025-11-09;2025-11-10;2025-11-11;2025-11-12;2025-11-13;2025-11-14;2025-11-15;2025-11-16;2025-11-17;2025-11-18;2025-11-19;2025-11-20;2025-11-21;2025-11-22;2025-11-23;2025-11-24;2025-11-25;2025-11-26;2025-11-27;2025-11-28;2025-11-29;2025-11-30;2025-12-01;2025-12-02;2025-12-03,2025-11-20;2025-11-21;2025-11-22;2025-11-23;2025-11-24;2025-11-25;2025-11-26;2025-11-27;2025-11-28;2025-11-29;2025-11-30;2025-12-01;2025-12-02;2025-12-03,,2025-12-03,7876.329487936117,9081.678925093871,9076.329487936116,28.743038088071305,36.54653048233628,12.57040965798213,27.51697358979042,94249.3131536541,803.1297495331617,5673.092527270845,59771.169636915314,3074.3872366604865,62845.5568735758,59771.16963691531,59771.1695771441,49656.18932612305,1608.3807690124963,lexicographic,5.97711695771441e-05,4.965618932612279e-05,False,0.32318490000034217,0.0,1,0
2025-12-05,False,calendar_trend,4,1.0,7,1.0,0,calibrated_quantile,2025-11-07;2025-11-08;2025-11-09;2025-11-10;2025-11-11;2025-11-12;2025-11-13;2025-11-14;2025-11-15;2025-11-16;2025-11-17;2025-11-18;2025-11-19;2025-11-20;2025-11-21;2025-11-22;2025-11-23;2025-11-24;2025-11-25;2025-11-26;2025-11-27;2025-11-28;2025-11-29;2025-11-30;2025-12-01;2025-12-02;2025-12-03;2025-12-04,28,6732.26743348442,2025-11-07;2025-11-08;2025-11-09;2025-11-10;2025-11-11;2025-11-12;2025-11-13;2025-11-14;2025-11-15;2025-11-16;2025-11-17;2025-11-18;2025-11-19;2025-11-20;2025-11-21;2025-11-22;2025-11-23;2025-11-24;2025-11-25;2025-11-26;2025-11-27;2025-11-28;2025-11-29;2025-11-30;2025-12-01;2025-12-02;2025-12-03;2025-12-04,2025-11-21;2025-11-22;2025-11-23;2025-11-24;2025-11-25;2025-11-26;2025-11-27;2025-11-28;2025-11-29;2025-11-30;2025-12-01;2025-12-02;2025-12-03;2025-12-04,,2025-12-04,7870.980050778361,9076.329487936116,9070.980050778362,28.614333156865126,35.55842038737757,11.387423503018674,22.90854556608473,47429.395773221964,567.5913509528879,4656.223607001035,24662.78217218373,2091.9526984063314,26754.734870590062,24662.78217218373,24662.782147520953,38655.07927667987,1382.9022489459917,lexicographic,2.4662782147520953e-05,3.8655079238024794e-05,False,0.30701419999968493,0.0,1,0
2025-12-06,False,calendar_trend,4,1.0,7,1.0,0,calibrated_quantile,2025-11-08;2025-11-09;2025-11-10;2025-11-11;2025-11-12;2025-11-13;2025-11-14;2025-11-15;2025-11-16;2025-11-17;2025-11-18;2025-11-19;2025-11-20;2025-11-21;2025-11-22;2025-11-23;2025-11-24;2025-11-25;2025-11-26;2025-11-27;2025-11-28;2025-11-29;2025-11-30;2025-12-01;2025-12-02;2025-12-03;2025-12-04;2025-12-05,28,6811.300464898787,2025-11-08;2025-11-09;2025-11-10;2025-11-11;2025-11-12;2025-11-13;2025-11-14;2025-11-15;2025-11-16;2025-11-17;2025-11-18;2025-11-19;2025-11-20;2025-11-21;2025-11-22;2025-11-23;2025-11-24;2025-11-25;2025-11-26;2025-11-27;2025-11-28;2025-11-29;2025-11-30;2025-12-01;2025-12-02;2025-12-03;2025-12-04;2025-12-05,2025-11-22;2025-11-23;2025-11-24;2025-11-25;2025-11-26;2025-11-27;2025-11-28;2025-11-29;2025-11-30;2025-12-01;2025-12-02;2025-12-03;2025-12-04;2025-12-05,,2025-12-05,7865.630613620605,9070.980050778362,9065.630613620604,23.75043559718704,29.27980971178253,14.75479037566994,32.79378084581694,49281.39915013839,970.8065927142583,4546.40335669334,25572.17656706972,3199.147584649429,28771.32415171915,25572.17656706972,25572.176541497538,38883.75825407096,1386.3309510003605,lexicographic,2.5572176541497538e-05,3.888375821518721e-05,False,0.4364926000016567,0.0,1,0
2025-12-07,False,calendar_trend,4,1.0,7,1.0,0,calibrated_quantile,2025-11-09;2025-11-10;2025-11-11;2025-11-12;2025-11-13;2025-11-14;2025-11-15;2025-11-16;2025-11-17;2025-11-18;2025-11-19;2025-11-20;2025-11-21;2025-11-22;2025-11-23;2025-11-24;2025-11-25;2025-11-26;2025-11-27;2025-11-28;2025-11-29;2025-11-30;2025-12-01;2025-12-02;2025-12-03;2025-12-04;2025-12-05;2025-12-06,28,7016.651444709203,2025-11-09;2025-11-10;2025-11-11;2025-11-12;2025-11-13;2025-11-14;2025-11-15;2025-11-16;2025-11-17;2025-11-18;2025-11-19;2025-11-20;2025-11-21;2025-11-22;2025-11-23;2025-11-24;2025-11-25;2025-11-26;2025-11-27;2025-11-28;2025-11-29;2025-11-30;2025-12-01;2025-12-02;2025-12-03;2025-12-04;2025-12-05;2025-12-06,2025-11-23;2025-11-24;2025-11-25;2025-11-26;2025-11-27;2025-11-28;2025-11-29;2025-11-30;2025-12-01;2025-12-02;2025-12-03;2025-12-04;2025-12-05;2025-12-06,,2025-12-06,7860.281176462852,9065.630613620604,9060.281176462853,29.117073058718265,36.049877080163085,10.829413264342861,21.78818170588071,100823.88209777675,156.91590110161678,10719.975144894212,64532.715631773906,748.3805269061293,65281.09615868003,64532.715631773906,64532.7155672412,49656.188909409335,1680.276433700039,lexicographic,6.45327155672412e-05,4.9656188909409336e-05,False,0.2823074000007182,1.1274835639919865e-16,1,0
2025-12-08,False,calendar_trend,4,1.0,7,1.0,0,calibrated_quantile,2025-11-10;2025-11-11;2025-11-12;2025-11-13;2025-11-14;2025-11-15;2025-11-16;2025-11-17;2025-11-18;2025-11-19;2025-11-20;2025-11-21;2025-11-22;2025-11-23;2025-11-24;2025-11-25;2025-11-26;2025-11-27;2025-11-28;2025-11-29;2025-11-30;2025-12-01;2025-12-02;2025-12-03;2025-12-04;2025-12-05;2025-12-06;2025-12-07,28,6990.740148888387,2025-11-10;2025-11-11;2025-11-12;2025-11-13;2025-11-14;2025-11-15;2025-11-16;2025-11-17;2025-11-18;2025-11-19;2025-11-20;2025-11-21;2025-11-22;2025-11-23;2025-11-24;2025-11-25;2025-11-26;2025-11-27;2025-11-28;2025-11-29;2025-11-30;2025-12-01;2025-12-02;2025-12-03;2025-12-04;2025-12-05;2025-12-06;2025-12-07,2025-11-24;2025-11-25;2025-11-26;2025-11-27;2025-11-28;2025-11-29;2025-11-30;2025-12-01;2025-12-02;2025-12-03;2025-12-04;2025-12-05;2025-12-06;2025-12-07,,2025-12-07,7854.931739305096,9060.281176462853,9054.931739305095,44.67491694280463,52.8020494890194,12.227069161807023,25.158377082604638,103564.39261856096,67.45612666081168,13176.496030880593,66469.92784530167,427.18063649632984,66897.108481798,66469.92784530167,66469.92777883176,49656.18878952664,1712.3619178815636,lexicographic,6.646992777883176e-05,4.965618873987044e-05,False,0.5201278000022285,0.0,1,0
2025-12-09,False,calendar_trend,4,1.0,7,1.0,0,calibrated_quantile,2025-11-11;2025-11-12;2025-11-13;2025-11-14;2025-11-15;2025-11-16;2025-11-17;2025-11-18;2025-11-19;2025-11-20;2025-11-21;2025-11-22;2025-11-23;2025-11-24;2025-11-25;2025-11-26;2025-11-27;2025-11-28;2025-11-29;2025-11-30;2025-12-01;2025-12-02;2025-12-03;2025-12-04;2025-12-05;2025-12-06;2025-12-07;2025-12-08,28,6833.543626819217,2025-11-11;2025-11-12;2025-11-13;2025-11-14;2025-11-15;2025-11-16;2025-11-17;2025-11-18;2025-11-19;2025-11-20;2025-11-21;2025-11-22;2025-11-23;2025-11-24;2025-11-25;2025-11-26;2025-11-27;2025-11-28;2025-11-29;2025-11-30;2025-12-01;2025-12-02;2025-12-03;2025-12-04;2025-12-05;2025-12-06;2025-12-07;2025-12-08,2025-11-25;2025-11-26;2025-11-27;2025-11-28;2025-11-29;2025-11-30;2025-12-01;2025-12-02;2025-12-03;2025-12-04;2025-12-05;2025-12-06;2025-12-07;2025-12-08,,2025-12-08,7821.634368694145,9054.931739305095,9021.634368694145,43.13195339028784,51.507480907154935,13.794111556109323,29.29698438978646,102917.24020144492,62.597836116318625,13012.701882086196,65974.27855125073,349.15854212206136,66323.43709337279,65974.27855125073,65974.27848527643,49626.729074711264,1710.448139600706,lexicographic,6.597427848527644e-05,4.962672907471236e-05,False,0.26236599999901955,0.0,1,0
2025-12-10,False,calendar_trend,4,1.0,7,1.0,0,calibrated_quantile,2025-11-12;2025-11-13;2025-11-14;2025-11-15;2025-11-16;2025-11-17;2025-11-18;2025-11-19;2025-11-20;2025-11-21;2025-11-22;2025-11-23;2025-11-24;2025-11-25;2025-11-26;2025-11-27;2025-11-28;2025-11-29;2025-11-30;2025-12-01;2025-12-02;2025-12-03;2025-12-04;2025-12-05;2025-12-06;2025-12-07;2025-12-08;2025-12-09,28,6815.231658528992,2025-11-12;2025-11-13;2025-11-14;2025-11-15;2025-11-16;2025-11-17;2025-11-18;2025-11-19;2025-11-20;2025-11-21;2025-11-22;2025-11-23;2025-11-24;2025-11-25;2025-11-26;2025-11-27;2025-11-28;2025-11-29;2025-11-30;2025-12-01;2025-12-02;2025-12-03;2025-12-04;2025-12-05;2025-12-06;2025-12-07;2025-12-08;2025-12-09,2025-11-26;2025-11-27;2025-11-28;2025-11-29;2025-11-30;2025-12-01;2025-12-02;2025-12-03;2025-12-04;2025-12-05;2025-12-06;2025-12-07;2025-12-08;2025-12-09,,2025-12-09,7788.336998083177,9021.634368694145,8988.336998083178,38.643260752308606,48.531929424884574,12.028115055687326,24.437893897448212,102177.45668450995,34.427025419123424,11245.583349806391,65532.31550060838,139.60865892903718,65671.92415953742,65532.315500608376,65532.31543507605,49626.729163016906,1733.5427594195141,lexicographic,6.553231543507606e-05,4.962672911339017e-05,False,0.26024279999910505,1.11028544709241e-16,1,0
2025-12-11,False,calendar_trend,4,1.0,7,1.0,0,calibrated_quantile,2025-11-13;2025-11-14;2025-11-15;2025-11-16;2025-11-17;2025-11-18;2025-11-19;2025-11-20;2025-11-21;2025-11-22;2025-11-23;2025-11-24;2025-11-25;2025-11-26;2025-11-27;2025-11-28;2025-11-29;2025-11-30;2025-12-01;2025-12-02;2025-12-03;2025-12-04;2025-12-05;2025-12-06;2025-12-07;2025-12-08;2025-12-09;2025-12-10,28,6785.108988134762,2025-11-13;2025-11-14;2025-11-15;2025-11-16;2025-11-17;2025-11-18;2025-11-19;2025-11-20;2025-11-21;2025-11-22;2025-11-23;2025-11-24;2025-11-25;2025-11-26;2025-11-27;2025-11-28;2025-11-29;2025-11-30;2025-12-01;2025-12-02;2025-12-03;2025-12-04;2025-12-05;2025-12-06;2025-12-07;2025-12-08;2025-12-09;2025-12-10,2025-11-27;2025-11-28;2025-11-29;2025-11-30;2025-12-01;2025-12-02;2025-12-03;2025-12-04;2025-12-05;2025-12-06;2025-12-07;2025-12-08;2025-12-09;2025-12-10,,2025-12-10,7755.039627472207,8988.336998083178,8955.039627472208,39.992453395661926,48.84983455648324,15.896589632866725,33.86866226776858,101898.14453826388,87.92352021300053,13446.13146433308,65383.006202142555,275.1671447636996,65658.17334690626,65383.00620214255,65383.00613675954,49626.729176084824,1690.7859285085983,lexicographic,6.538300613675955e-05,4.962672912645808e-05,False,0.1843564000009792,0.0,1,0
2025-12-12,False,calendar_trend,4,1.0,7,1.0,0,calibrated_quantile,2025-11-14;2025-11-15;2025-11-16;2025-11-17;2025-11-18;2025-11-19;2025-11-20;2025-11-21;2025-11-22;2025-11-23;2025-11-24;2025-11-25;2025-11-26;2025-11-27;2025-11-28;2025-11-29;2025-11-30;2025-12-01;2025-12-02;2025-12-03;2025-12-04;2025-12-05;2025-12-06;2025-12-07;2025-12-08;2025-12-09;2025-12-10;2025-12-11,28,6675.167134885187,2025-11-14;2025-11-15;2025-11-16;2025-11-17;2025-11-18;2025-11-19;2025-11-20;2025-11-21;2025-11-22;2025-11-23;2025-11-24;2025-11-25;2025-11-26;2025-11-27;2025-11-28;2025-11-29;2025-11-30;2025-12-01;2025-12-02;2025-12-03;2025-12-04;2025-12-05;2025-12-06;2025-12-07;2025-12-08;2025-12-09;2025-12-10;2025-12-11,2025-11-28;2025-11-29;2025-11-30;2025-12-01;2025-12-02;2025-12-03;2025-12-04;2025-12-05;2025-12-06;2025-12-07;2025-12-08;2025-12-09;2025-12-10;2025-12-11,,2025-12-11,7721.7422568612565,8955.039627472208,8921.742256861256,20.766960994238747,25.113928431374998,18.11687369662245,38.21466104170857,51192.38685663442,475.3818092576086,5936.794840814288,26745.516510036046,1519.9779720707465,28265.49448210679,26745.516510036046,26745.516483290525,38946.4196804959,1418.5530807104992,lexicographic,2.6745516483290525e-05,3.894641964154948e-05,False,0.1661125999999058,0.0,1,0
2025-12-13,False,calendar_trend,4,1.0,7,1.0,0,calibrated_quantile,2025-11-15;2025-11-16;2025-11-17;2025-11-18;2025-11-19;2025-11-20;2025-11-21;2025-11-22;2025-11-23;2025-11-24;2025-11-25;2025-11-26;2025-11-27;2025-11-28;2025-11-29;2025-11-30;2025-12-01;2025-12-02;2025-12-03;2025-12-04;2025-12-05;2025-12-06;2025-12-07;2025-12-08;2025-12-09;2025-12-10;2025-12-11;2025-12-12,28,6783.067858107795,2025-11-15;2025-11-16;2025-11-17;2025-11-18;2025-11-19;2025-11-20;2025-11-21;2025-11-22;2025-11-23;2025-11-24;2025-11-25;2025-11-26;2025-11-27;2025-11-28;2025-11-29;2025-11-30;2025-12-01;2025-12-02;2025-12-03;2025-12-04;2025-12-05;2025-12-06;2025-12-07;2025-12-08;2025-12-09;2025-12-10;2025-12-11;2025-12-12,2025-11-29;2025-11-30;2025-12-01;2025-12-02;2025-12-03;2025-12-04;2025-12-05;2025-12-06;2025-12-07;2025-12-08;2025-12-09;2025-12-10;2025-12-11;2025-12-12,,2025-12-12,7688.444886250287,8921.742256861256,8888.444886250287,18.720735168852844,22.722049366850108,13.444467655468534,26.7500719050721,52068.93984389606,119.20421968102278,6374.747102630423,27154.17199621458,585.8531506269517,27740.02514684153,27154.171996214583,27154.171969060404,38914.181162005916,1404.3559811436935,lexicographic,2.7154171969060406e-05,3.8914181123091745e-05,False,0.17074409999986528,0.0,1,0
2025-12-14,False,calendar_trend,4,1.0,7,1.0,0,calibrated_quantile,2025-11-16;2025-11-17;2025-11-18;2025-11-19;2025-11-20;2025-11-21;2025-11-22;2025-11-23;2025-11-24;2025-11-25;2025-11-26;2025-11-27;2025-11-28;2025-11-29;2025-11-30;2025-12-01;2025-12-02;2025-12-03;2025-12-04;2025-12-05;2025-12-06;2025-12-07;2025-12-08;2025-12-09;2025-12-10;2025-12-11;2025-12-12;2025-12-13,28,6757.3616225901305,2025-11-16;2025-11-17;2025-11-18;2025-11-19;2025-11-20;2025-11-21;2025-11-22;2025-11-23;2025-11-24;2025-11-25;2025-11-26;2025-11-27;2025-11-28;2025-11-29;2025-11-30;2025-12-01;2025-12-02;2025-12-03;2025-12-04;2025-12-05;2025-12-06;2025-12-07;2025-12-08;2025-12-09;2025-12-10;2025-12-11;2025-12-12;2025-12-13,2025-11-30;2025-12-01;2025-12-02;2025-12-03;2025-12-04;2025-12-05;2025-12-06;2025-12-07;2025-12-08;2025-12-09;2025-12-10;2025-12-11;2025-12-12;2025-12-13,,2025-12-13,7655.147515639337,8888.444886250287,8855.147515639337,31.936791503521995,40.16283130061567,6.995799400375249,15.711216072319266,101591.45535074265,75.39236922462942,10309.444024336932,65060.28852665299,460.180322089509,65520.4688487425,65060.288526652985,65060.2884615927,49626.72920432866,1680.3286900150747,lexicographic,6.506028846159271e-05,4.962672915470192e-05,False,0.15814350000073318,0.0,1,0
2025-12-15,False,calendar_trend,4,1.0,7,1.0,0,calibrated_quantile,2025-11-17;2025-11-18;2025-11-19;2025-11-20;2025-11-21;2025-11-22;2025-11-23;2025-11-24;2025-11-25;2025-11-26;2025-11-27;2025-11-28;2025-11-29;2025-11-30;2025-12-01;2025-12-02;2025-12-03;2025-12-04;2025-12-05;2025-12-06;2025-12-07;2025-12-08;2025-12-09;2025-12-10;2025-12-11;2025-12-12;2025-12-13;2025-12-14,28,6603.073718199797,2025-11-17;2025-11-18;2025-11-19;2025-11-20;2025-11-21;2025-11-22;2025-11-23;2025-11-24;2025-11-25;2025-11-26;2025-11-27;2025-11-28;2025-11-29;2025-11-30;2025-12-01;2025-12-02;2025-12-03;2025-12-04;2025-12-05;2025-12-06;2025-12-07;2025-12-08;2025-12-09;2025-12-10;2025-12-11;2025-12-12;2025-12-13;2025-12-14,2025-12-01;2025-12-02;2025-12-03;2025-12-04;2025-12-05;2025-12-06;2025-12-07;2025-12-08;2025-12-09;2025-12-10;2025-12-11;2025-12-12;2025-12-13;2025-12-14,,2025-12-14,7621.8501450283675,8855.147515639337,8821.850145028367,40.93519541883999,50.53193459812132,11.092518924846868,23.73004206811533,102803.69587069738,87.71370649561534,10843.169718371419,65814.79275701803,431.7195783671446,66246.51233538518,65814.79275701803,65814.79269120324,49626.7291382961,1690.2898287814437,lexicographic,6.581479269120325e-05,4.962672908866937e-05,False,0.16075460000138264,0.0,1,0
2025-12-16,False,calendar_trend,4,1.0,7,1.0,0,calibrated_quantile,2025-11-18;2025-11-19;2025-11-20;2025-11-21;2025-11-22;2025-11-23;2025-11-24;2025-11-25;2025-11-26;2025-11-27;2025-11-28;2025-11-29;2025-11-30;2025-12-01;2025-12-02;2025-12-03;2025-12-04;2025-12-05;2025-12-06;2025-12-07;2025-12-08;2025-12-09;2025-12-10;2025-12-11;2025-12-12;2025-12-13;2025-12-14;2025-12-15,28,6606.026839375313,2025-11-18;2025-11-19;2025-11-20;2025-11-21;2025-11-22;2025-11-23;2025-11-24;2025-11-25;2025-11-26;2025-11-27;2025-11-28;2025-11-29;2025-11-30;2025-12-01;2025-12-02;2025-12-03;2025-12-04;2025-12-05;2025-12-06;2025-12-07;2025-12-08;2025-12-09;2025-12-10;2025-12-11;2025-12-12;2025-12-13;2025-12-14;2025-12-15,2025-12-02;2025-12-03;2025-12-04;2025-12-05;2025-12-06;2025-12-07;2025-12-08;2025-12-09;2025-12-10;2025-12-11;2025-12-12;2025-12-13;2025-12-14;2025-12-15,,2025-12-15,7588.552774417398,8821.850145028367,8788.552774417398,30.331589393265777,37.17804702010529,9.301632985810373,19.016965242942792,101888.99279643943,76.13758397514387,9968.357152253888,65234.618787406966,248.6007471933786,65483.21953460034,65234.61878740697,65234.61872217233,49626.72918907224,1698.0216330189949,lexicographic,6.523461872217234e-05,4.962672913944548e-05,False,0.30171409999820753,0.0,1,0
2025-12-17,False,calendar_trend,4,1.0,7,1.0,0,calibrated_quantile,2025-11-19;2025-11-20;2025-11-21;2025-11-22;2025-11-23;2025-11-24;2025-11-25;2025-11-26;2025-11-27;2025-11-28;2025-11-29;2025-11-30;2025-12-01;2025-12-02;2025-12-03;2025-12-04;2025-12-05;2025-12-06;2025-12-07;2025-12-08;2025-12-09;2025-12-10;2025-12-11;2025-12-12;2025-12-13;2025-12-14;2025-12-15;2025-12-16,28,6510.804154820944,2025-11-19;2025-11-20;2025-11-21;2025-11-22;2025-11-23;2025-11-24;2025-11-25;2025-11-26;2025-11-27;2025-11-28;2025-11-29;2025-11-30;2025-12-01;2025-12-02;2025-12-03;2025-12-04;2025-12-05;2025-12-06;2025-12-07;2025-12-08;2025-12-09;2025-12-10;2025-12-11;2025-12-12;2025-12-13;2025-12-14;2025-12-15;2025-12-16,2025-12-03;2025-12-04;2025-12-05;2025-12-06;2025-12-07;2025-12-08;2025-12-09;2025-12-10;2025-12-11;2025-12-12;2025-12-13;2025-12-14;2025-12-15;2025-12-16,,2025-12-16,7555.255403806448,8788.552774417398,8755.255403806448,27.463093108208774,33.824402203740256,9.746636132287058,21.13535565158591,100814.03653924292,147.38471794458536,10190.892291668311,64360.73835056391,702.4013051059861,65063.1396556699,64360.738350563915,64360.738286203166,49626.7292655504,1684.657536362784,lexicographic,6.436073828620317e-05,4.9626729215923657e-05,False,0.12288609999814071,0.0,1,0
2025-12-18,False,calendar_trend,4,1.0,7,1.0,0,calibrated_quantile,2025-11-20;2025-11-21;2025-11-22;2025-11-23;2025-11-24;2025-11-25;2025-11-26;2025-11-27;2025-11-28;2025-11-29;2025-11-30;2025-12-01;2025-12-02;2025-12-03;2025-12-04;2025-12-05;2025-12-06;2025-12-07;2025-12-08;2025-12-09;2025-12-10;2025-12-11;2025-12-12;2025-12-13;2025-12-14;2025-12-15;2025-12-16;2025-12-17,28,6435.384844994947,2025-11-20;2025-11-21;2025-11-22;2025-11-23;2025-11-24;2025-11-25;2025-11-26;2025-11-27;2025-11-28;2025-11-29;2025-11-30;2025-12-01;2025-12-02;2025-12-03;2025-12-04;2025-12-05;2025-12-06;2025-12-07;2025-12-08;2025-12-09;2025-12-10;2025-12-11;2025-12-12;2025-12-13;2025-12-14;2025-12-15;2025-12-16;2025-12-17,2025-12-04;2025-12-05;2025-12-06;2025-12-07;2025-12-08;2025-12-09;2025-12-10;2025-12-11;2025-12-12;2025-12-13;2025-12-14;2025-12-15;2025-12-16;2025-12-17,,2025-12-17,7521.9580331954785,8755.255403806448,8721.958033195478,22.126465368783638,27.262451234808008,18.308659399858932,44.05818827722291,99414.68612862565,73.47303014367593,9543.210289231443,63488.28513657813,188.61235941667297,63676.8974959948,63488.28513657813,63488.28507308984,49626.72934190574,1630.7335255354274,lexicographic,6.348828507308985e-05,4.9626729292278994e-05,False,0.18936439999743016,0.0,1,0
2025-12-19,False,calendar_trend,4,1.0,7,1.0,0,calibrated_quantile,2025-11-21;2025-11-22;2025-11-23;2025-11-24;2025-11-25;2025-11-26;2025-11-27;2025-11-28;2025-11-29;2025-11-30;2025-12-01;2025-12-02;2025-12-03;2025-12-04;2025-12-05;2025-12-06;2025-12-07;2025-12-08;2025-12-09;2025-12-10;2025-12-11;2025-12-12;2025-12-13;2025-12-14;2025-12-15;2025-12-16;2025-12-17;2025-12-18,28,6421.559666414403,2025-11-21;2025-11-22;2025-11-23;2025-11-24;2025-11-25;2025-11-26;2025-11-27;2025-11-28;2025-11-29;2025-11-30;2025-12-01;2025-12-02;2025-12-03;2025-12-04;2025-12-05;2025-12-06;2025-12-07;2025-12-08;2025-12-09;2025-12-10;2025-12-11;2025-12-12;2025-12-13;2025-12-14;2025-12-15;2025-12-16;2025-12-17;2025-12-18,2025-12-05;2025-12-06;2025-12-07;2025-12-08;2025-12-09;2025-12-10;2025-12-11;2025-12-12;2025-12-13;2025-12-14;2025-12-15;2025-12-16;2025-12-17;2025-12-18,,2025-12-18,7508.9124547066795,8721.958033195478,8708.912454706679,19.610382779672314,24.28533262317354,13.614614695289264,28.167200358687637,50575.764846649276,273.25081902052864,5916.355193353327,26326.044231921405,1244.8990883539452,27570.94332027535,26326.044231921405,26326.044205595368,38708.636722527706,1421.0259356183958,lexicographic,2.632604420559537e-05,3.8708636683819066e-05,False,0.15503040000112378,0.0,1,0
2025-12-20,False,calendar_trend,4,1.0,7,1.0,0,calibrated_quantile,2025-11-22;2025-11-23;2025-11-24;2025-11-25;2025-11-26;2025-11-27;2025-11-28;2025-11-29;2025-11-30;2025-12-01;2025-12-02;2025-12-03;2025-12-04;2025-12-05;2025-12-06;2025-12-07;2025-12-08;2025-12-09;2025-12-10;2025-12-11;2025-12-12;2025-12-13;2025-12-14;2025-12-15;2025-12-16;2025-12-17;2025-12-18;2025-12-19,28,6475.849386180886,2025-11-22;2025-11-23;2025-11-24;2025-11-25;2025-11-26;2025-11-27;2025-11-28;2025-11-29;2025-11-30;2025-12-01;2025-12-02;2025-12-03;2025-12-04;2025-12-05;2025-12-06;2025-12-07;2025-12-08;2025-12-09;2025-12-10;2025-12-11;2025-12-12;2025-12-13;2025-12-14;2025-12-15;2025-12-16;2025-12-17;2025-12-18;2025-12-19,2025-12-06;2025-12-07;2025-12-08;2025-12-09;2025-12-10;2025-12-11;2025-12-12;2025-12-13;2025-12-14;2025-12-15;2025-12-16;2025-12-17;2025-12-18;2025-12-19,,2025-12-19,7495.866876217874,8708.912454706679,8695.866876217875,17.889538190297234,22.005767466842908,10.943249261736293,21.878475087396797,50616.3375123268,82.48498412870777,5814.789159456828,26341.97714312648,271.4222655275386,26613.39940865402,26341.97714312648,26341.9771167845,38773.46310148972,1391.501516802707,lexicographic,2.63419771167845e-05,3.877346306271626e-05,False,0.18849539999791887,0.0,1,0
2025-12-21,False,calendar_trend,4,1.0,7,1.0,0,calibrated_quantile,2025-11-23;2025-11-24;2025-11-25;2025-11-26;2025-11-27;2025-11-28;2025-11-29;2025-11-30;2025-12-01;2025-12-02;2025-12-03;2025-12-04;2025-12-05;2025-12-06;2025-12-07;2025-12-08;2025-12-09;2025-12-10;2025-12-11;2025-12-12;2025-12-13;2025-12-14;2025-12-15;2025-12-16;2025-12-17;2025-12-18;2025-12-19;2025-12-20,28,6475.817638189653,2025-11-23;2025-11-24;2025-11-25;2025-11-26;2025-11-27;2025-11-28;2025-11-29;2025-11-30;2025-12-01;2025-12-02;2025-12-03;2025-12-04;2025-12-05;2025-12-06;2025-12-07;2025-12-08;2025-12-09;2025-12-10;2025-12-11;2025-12-12;2025-12-13;2025-12-14;2025-12-15;2025-12-16;2025-12-17;2025-12-18;2025-12-19;2025-12-20,2025-12-07;2025-12-08;2025-12-09;2025-12-10;2025-12-11;2025-12-12;2025-12-13;2025-12-14;2025-12-15;2025-12-16;2025-12-17;2025-12-18;2025-12-19;2025-12-20,,2025-12-20,7482.821297729068,8695.866876217875,8682.821297729068,25.474713916534693,33.199162863905904,14.652263557517026,28.414659130170023,97293.49782062549,657.7877437461785,6313.474524801286,62020.1287028841,2270.1230466815446,64290.25174956565,62020.128702884096,62020.12864086397,49648.07673368542,1634.7832684439377,lexicographic,6.202012864086397e-05,4.964807668403735e-05,False,0.1925952999990841,0.0,1,0
2025-12-22,False,calendar_trend,4,1.0,7,1.0,0,calibrated_quantile,2025-11-24;2025-11-25;2025-11-26;2025-11-27;2025-11-28;2025-11-29;2025-11-30;2025-12-01;2025-12-02;2025-12-03;2025-12-04;2025-12-05;2025-12-06;2025-12-07;2025-12-08;2025-12-09;2025-12-10;2025-12-11;2025-12-12;2025-12-13;2025-12-14;2025-12-15;2025-12-16;2025-12-17;2025-12-18;2025-12-19;2025-12-20;2025-12-21,28,6424.7812155241645,2025-11-24;2025-11-25;2025-11-26;2025-11-27;2025-11-28;2025-11-29;2025-11-30;2025-12-01;2025-12-02;2025-12-03;2025-12-04;2025-12-05;2025-12-06;2025-12-07;2025-12-08;2025-12-09;2025-12-10;2025-12-11;2025-12-12;2025-12-13;2025-12-14;2025-12-15;2025-12-16;2025-12-17;2025-12-18;2025-12-19;2025-12-20;2025-12-21,2025-12-08;2025-12-09;2025-12-10;2025-12-11;2025-12-12;2025-12-13;2025-12-14;2025-12-15;2025-12-16;2025-12-17;2025-12-18;2025-12-19;2025-12-20;2025-12-21,,2025-12-21,7469.77571924027,8682.821297729068,8669.77571924027,21.303186355556633,26.551518842085375,6.768014149636355,13.937304737678131,98602.12929694576,162.66625623879213,7227.339300596727,62812.345396887446,566.0308176994866,63378.37621458693,62812.34539688744,62812.34533407507,49648.076664350076,1652.6165217068249,lexicographic,6.281234533407508e-05,4.964807661470199e-05,False,0.1977243000001181,0.0,1,0
2025-12-23,False,calendar_trend,4,1.0,7,1.0,0,calibrated_quantile,2025-11-25;2025-11-26;2025-11-27;2025-11-28;2025-11-29;2025-11-30;2025-12-01;2025-12-02;2025-12-03;2025-12-04;2025-12-05;2025-12-06;2025-12-07;2025-12-08;2025-12-09;2025-12-10;2025-12-11;2025-12-12;2025-12-13;2025-12-14;2025-12-15;2025-12-16;2025-12-17;2025-12-18;2025-12-19;2025-12-20;2025-12-21;2025-12-22,28,6387.257496300248,2025-11-25;2025-11-26;2025-11-27;2025-11-28;2025-11-29;2025-11-30;2025-12-01;2025-12-02;2025-12-03;2025-12-04;2025-12-05;2025-12-06;2025-12-07;2025-12-08;2025-12-09;2025-12-10;2025-12-11;2025-12-12;2025-12-13;2025-12-14;2025-12-15;2025-12-16;2025-12-17;2025-12-18;2025-12-19;2025-12-20;2025-12-21;2025-12-22,2025-12-09;2025-12-10;2025-12-11;2025-12-12;2025-12-13;2025-12-14;2025-12-15;2025-12-16;2025-12-17;2025-12-18;2025-12-19;2025-12-20;2025-12-21;2025-12-22,,2025-12-22,7456.730140751464,8669.77571924027,8656.730140751464,19.176795064448527,23.234112188161976,9.87047503000126,20.363562594115013,97635.62719361387,66.43683542600371,7843.942323719655,62219.172605043175,262.02570341207456,62481.19830845525,62219.172605043175,62219.17254282401,49648.07671626567,1663.2127880716114,lexicographic,6.221917254282402e-05,4.964807666661759e-05,False,0.1960289999988163,0.0,1,0
2025-12-24,False,calendar_trend,4,1.0,7,1.0,0,calibrated_quantile,2025-11-26;2025-11-27;2025-11-28;2025-11-29;2025-11-30;2025-12-01;2025-12-02;2025-12-03;2025-12-04;2025-12-05;2025-12-06;2025-12-07;2025-12-08;2025-12-09;2025-12-10;2025-12-11;2025-12-12;2025-12-13;2025-12-14;2025-12-15;2025-12-16;2025-12-17;2025-12-18;2025-12-19;2025-12-20;2025-12-21;2025-12-22;2025-12-23,28,6357.968535206114,2025-11-26;2025-11-27;2025-11-28;2025-11-29;2025-11-30;2025-12-01;2025-12-02;2025-12-03;2025-12-04;2025-12-05;2025-12-06;2025-12-07;2025-12-08;2025-12-09;2025-12-10;2025-12-11;2025-12-12;2025-12-13;2025-12-14;2025-12-15;2025-12-16;2025-12-17;2025-12-18;2025-12-19;2025-12-20;2025-12-21;2025-12-22;2025-12-23,2025-12-10;2025-12-11;2025-12-12;2025-12-13;2025-12-14;2025-12-15;2025-12-16;2025-12-17;2025-12-18;2025-12-19;2025-12-20;2025-12-21;2025-12-22;2025-12-23,,2025-12-23,7443.684562262665,8656.730140751464,8643.684562262664,18.705705124186277,23.370798606258944,12.547668793637436,26.50819821975061,95907.26350640503,282.8003524636332,5735.475363932168,60855.139584656295,1060.952785706278,61916.092370362574,60855.139584656295,60855.13952380116,49648.076835641594,1643.343626502276,lexicographic,6.085513952380116e-05,4.964807678599351e-05,False,0.22648689999914495,0.0,1,0
2025-12-25,False,calendar_trend,4,1.0,7,1.0,0,calibrated_quantile,2025-11-27;2025-11-28;2025-11-29;2025-11-30;2025-12-01;2025-12-02;2025-12-03;2025-12-04;2025-12-05;2025-12-06;2025-12-07;2025-12-08;2025-12-09;2025-12-10;2025-12-11;2025-12-12;2025-12-13;2025-12-14;2025-12-15;2025-12-16;2025-12-17;2025-12-18;2025-12-19;2025-12-20;2025-12-21;2025-12-22;2025-12-23;2025-12-24,28,6391.57973000555,2025-11-27;2025-11-28;2025-11-29;2025-11-30;2025-12-01;2025-12-02;2025-12-03;2025-12-04;2025-12-05;2025-12-06;2025-12-07;2025-12-08;2025-12-09;2025-12-10;2025-12-11;2025-12-12;2025-12-13;2025-12-14;2025-12-15;2025-12-16;2025-12-17;2025-12-18;2025-12-19;2025-12-20;2025-12-21;2025-12-22;2025-12-23;2025-12-24,2025-12-11;2025-12-12;2025-12-13;2025-12-14;2025-12-15;2025-12-16;2025-12-17;2025-12-18;2025-12-19;2025-12-20;2025-12-21;2025-12-22;2025-12-23;2025-12-24,,2025-12-24,7430.63898377386,8643.684562262664,8630.63898377386,24.42007523887201,30.750905599431537,10.131823949781811,22.43137224003949,95033.25383947653,610.5541357978004,5231.330261832942,60456.06693754245,1698.8462488139198,62154.91318635637,60456.06693754245,60456.066877086385,49648.076870567835,1617.9819258075954,lexicographic,6.045606687708639e-05,4.9648076820919746e-05,False,0.14808709999852,0.0,1,0
2025-12-26,False,calendar_trend,4,1.0,7,1.0,0,calibrated_quantile,2025-11-28;2025-11-29;2025-11-30;2025-12-01;2025-12-02;2025-12-03;2025-12-04;2025-12-05;2025-12-06;2025-12-07;2025-12-08;2025-12-09;2025-12-10;2025-12-11;2025-12-12;2025-12-13;2025-12-14;2025-12-15;2025-12-16;2025-12-17;2025-12-18;2025-12-19;2025-12-20;2025-12-21;2025-12-22;2025-12-23;2025-12-24;2025-12-25,28,6524.840215820193,2025-11-28;2025-11-29;2025-11-30;2025-12-01;2025-12-02;2025-12-03;2025-12-04;2025-12-05;2025-12-06;2025-12-07;2025-12-08;2025-12-09;2025-12-10;2025-12-11;2025-12-12;2025-12-13;2025-12-14;2025-12-15;2025-12-16;2025-12-17;2025-12-18;2025-12-19;2025-12-20;2025-12-21;2025-12-22;2025-12-23;2025-12-24;2025-12-25,2025-12-12;2025-12-13;2025-12-14;2025-12-15;2025-12-16;2025-12-17;2025-12-18;2025-12-19;2025-12-20;2025-12-21;2025-12-22;2025-12-23;2025-12-24;2025-12-25,,2025-12-25,7417.593405285054,8630.63898377386,8617.593405285053,23.932368154739624,29.110457949690467,13.418212731669401,30.05464277278231,48686.51422882261,352.0261889027388,4005.3605428317824,25400.97897549394,1153.7584938472846,26554.737469341228,25400.978975493937,25400.978950092955,38733.11383815937,1362.0034029626986,lexicographic,2.5400978950092956e-05,3.873311379942627e-05,False,0.19902550000188057,0.0,1,0
2025-12-27,False,calendar_trend,4,1.0,7,1.0,0,calibrated_quantile,2025-11-29;2025-11-30;2025-12-01;2025-12-02;2025-12-03;2025-12-04;2025-12-05;2025-12-06;2025-12-07;2025-12-08;2025-12-09;2025-12-10;2025-12-11;2025-12-12;2025-12-13;2025-12-14;2025-12-15;2025-12-16;2025-12-17;2025-12-18;2025-12-19;2025-12-20;2025-12-21;2025-12-22;2025-12-23;2025-12-24;2025-12-25;2025-12-26,28,6666.5205001627855,2025-11-29;2025-11-30;2025-12-01;2025-12-02;2025-12-03;2025-12-04;2025-12-05;2025-12-06;2025-12-07;2025-12-08;2025-12-09;2025-12-10;2025-12-11;2025-12-12;2025-12-13;2025-12-14;2025-12-15;2025-12-16;2025-12-17;2025-12-18;2025-12-19;2025-12-20;2025-12-21;2025-12-22;2025-12-23;2025-12-24;2025-12-25;2025-12-26,2025-12-13;2025-12-14;2025-12-15;2025-12-16;2025-12-17;2025-12-18;2025-12-19;2025-12-20;2025-12-21;2025-12-22;2025-12-23;2025-12-24;2025-12-25;2025-12-26,,2025-12-26,7404.547826796255,8617.593405285053,8604.547826796255,24.080754840983026,29.194607000790146,11.271772201380953,23.31378204459308,49162.63182419076,469.33095270921956,4255.239803335497,25504.407986986786,1980.97296102638,27485.380948013164,25504.407986986782,25504.40796148237,38967.88667957309,1374.12476495509,lexicographic,2.5504407961482374e-05,3.896788664060521e-05,False,0.2432705999999598,0.0,1,0
2025-12-28,False,calendar_trend,4,1.0,7,1.0,0,calibrated_quantile,2025-11-30;2025-12-01;2025-12-02;2025-12-03;2025-12-04;2025-12-05;2025-12-06;2025-12-07;2025-12-08;2025-12-09;2025-12-10;2025-12-11;2025-12-12;2025-12-13;2025-12-14;2025-12-15;2025-12-16;2025-12-17;2025-12-18;2025-12-19;2025-12-20;2025-12-21;2025-12-22;2025-12-23;2025-12-24;2025-12-25;2025-12-26;2025-12-27,28,6526.008456549092,2025-11-30;2025-12-01;2025-12-02;2025-12-03;2025-12-04;2025-12-05;2025-12-06;2025-12-07;2025-12-08;2025-12-09;2025-12-10;2025-12-11;2025-12-12;2025-12-13;2025-12-14;2025-12-15;2025-12-16;2025-12-17;2025-12-18;2025-12-19;2025-12-20;2025-12-21;2025-12-22;2025-12-23;2025-12-24;2025-12-25;2025-12-26;2025-12-27,2025-12-14;2025-12-15;2025-12-16;2025-12-17;2025-12-18;2025-12-19;2025-12-20;2025-12-21;2025-12-22;2025-12-23;2025-12-24;2025-12-25;2025-12-26;2025-12-27,,2025-12-27,7391.50224830745,8604.547826796255,8591.50224830745,24.177633128065757,30.21016660407838,12.042206718309956,27.713978764169774,95005.56058656154,343.83364467988116,5940.110303305258,60360.2711005861,1097.0570899772872,61457.328190563385,60360.27110058609,60360.271040225816,49648.07682930186,1620.4444876121192,lexicographic,6.036027104022582e-05,4.964807682930238e-05,False,0.24061540000184323,0.0,1,0
2025-12-29,False,calendar_trend,4,1.0,7,1.0,0,calibrated_quantile,2025-12-01;2025-12-02;2025-12-03;2025-12-04;2025-12-05;2025-12-06;2025-12-07;2025-12-08;2025-12-09;2025-12-10;2025-12-11;2025-12-12;2025-12-13;2025-12-14;2025-12-15;2025-12-16;2025-12-17;2025-12-18;2025-12-19;2025-12-20;2025-12-21;2025-12-22;2025-12-23;2025-12-24;2025-12-25;2025-12-26;2025-12-27;2025-12-28,28,6477.114735414965,2025-12-01;2025-12-02;2025-12-03;2025-12-04;2025-12-05;2025-12-06;2025-12-07;2025-12-08;2025-12-09;2025-12-10;2025-12-11;2025-12-12;2025-12-13;2025-12-14;2025-12-15;2025-12-16;2025-12-17;2025-12-18;2025-12-19;2025-12-20;2025-12-21;2025-12-22;2025-12-23;2025-12-24;2025-12-25;2025-12-26;2025-12-27;2025-12-28,2025-12-15;2025-12-16;2025-12-17;2025-12-18;2025-12-19;2025-12-20;2025-12-21;2025-12-22;2025-12-23;2025-12-24;2025-12-25;2025-12-26;2025-12-27;2025-12-28,,2025-12-28,7372.504248969166,8591.50224830745,8572.504248969166,21.354048458907958,26.70831355047249,11.301593741549915,23.31482329393537,96966.09671696326,190.98130166497884,7039.556979568888,61589.99921798391,760.2204484802947,62350.2196664642,61589.99921798391,61589.99915639394,49641.802368833254,1678.5254603331887,lexicographic,6.158999915639394e-05,4.9641802319191446e-05,False,0.21339739999893936,0.0,1,0
2025-12-30,False,calendar_trend,4,1.0,7,1.0,0,calibrated_quantile,2025-12-02;2025-12-03;2025-12-04;2025-12-05;2025-12-06;2025-12-07;2025-12-08;2025-12-09;2025-12-10;2025-12-11;2025-12-12;2025-12-13;2025-12-14;2025-12-15;2025-12-16;2025-12-17;2025-12-18;2025-12-19;2025-12-20;2025-12-21;2025-12-22;2025-12-23;2025-12-24;2025-12-25;2025-12-26;2025-12-27;2025-12-28;2025-12-29,28,5952.53542583785,2025-12-02;2025-12-03;2025-12-04;2025-12-05;2025-12-06;2025-12-07;2025-12-08;2025-12-09;2025-12-10;2025-12-11;2025-12-12;2025-12-13;2025-12-14;2025-12-15;2025-12-16;2025-12-17;2025-12-18;2025-12-19;2025-12-20;2025-12-21;2025-12-22;2025-12-23;2025-12-24;2025-12-25;2025-12-26;2025-12-27;2025-12-28;2025-12-29,2025-12-16;2025-12-17;2025-12-18;2025-12-19;2025-12-20;2025-12-21;2025-12-22;2025-12-23;2025-12-24;2025-12-25;2025-12-26;2025-12-27;2025-12-28;2025-12-29,,2025-12-29,7353.506249630871,8572.504248969166,8553.506249630871,19.18500922006823,23.856421649413054,17.491334607440038,36.48535032160787,96447.34063101347,173.92342423232287,7803.1066812589015,61243.8734613033,674.9589510161468,61918.83241231945,61243.873461303294,61243.873400059434,49641.802399123495,1684.792275388957,lexicographic,6.124387340005944e-05,4.9641802349481696e-05,False,0.22390900000027614,0.0,1,0
2025-12-31,False,calendar_trend,4,1.0,7,1.0,0,calibrated_quantile,2025-12-03;2025-12-04;2025-12-05;2025-12-06;2025-12-07;2025-12-08;2025-12-09;2025-12-10;2025-12-11;2025-12-12;2025-12-13;2025-12-14;2025-12-15;2025-12-16;2025-12-17;2025-12-18;2025-12-19;2025-12-20;2025-12-21;2025-12-22;2025-12-23;2025-12-24;2025-12-25;2025-12-26;2025-12-27;2025-12-28;2025-12-29;2025-12-30,28,5394.175639980442,2025-12-03;2025-12-04;2025-12-05;2025-12-06;2025-12-07;2025-12-08;2025-12-09;2025-12-10;2025-12-11;2025-12-12;2025-12-13;2025-12-14;2025-12-15;2025-12-16;2025-12-17;2025-12-18;2025-12-19;2025-12-20;2025-12-21;2025-12-22;2025-12-23;2025-12-24;2025-12-25;2025-12-26;2025-12-27;2025-12-28;2025-12-29;2025-12-30,2025-12-17;2025-12-18;2025-12-19;2025-12-20;2025-12-21;2025-12-22;2025-12-23;2025-12-24;2025-12-25;2025-12-26;2025-12-27;2025-12-28;2025-12-29;2025-12-30,,2025-12-30,7334.508250292575,8553.506249630871,8534.508250292576,22.200387618623395,27.869871980118763,10.568749646906,22.036949185863364,95256.30763491512,524.1086282088157,4540.238550902097,60179.708752665334,2083.492920871591,62263.201673536925,60179.70875266534,60179.70869248561,49641.80249225427,1675.302760555467,lexicographic,6.017970869248562e-05,4.964180244261247e-05,False,0.21052800000325078,0.0,1,0
