date,warmup,k_load,rho_load,k_pv,rho_pv,scenario_count,similar_load_dates,similar_pv_dates,scenario_source_dates,reserve_latest_source_date,reserve_kwh,soc_start_kwh,soc_end_kwh,load_mae_kwh,load_rmse_kwh,pv_mae_kwh,pv_rmse_kwh,planned_grid_kwh,actual_emergency_kwh,actual_surplus_kwh,planned_cost_yuan,emergency_cost_yuan,actual_total_cost_yuan,solver_objective_yuan,primary_optimum_yuan,storage_throughput_kwh,peak_grid_kwh,objective_mode,cost_lock_tolerance,throughput_lock_tolerance,lexicographic_tolerance_relaxed,solver_seconds,mip_gap,mip_node_count,solver_status
2025-01-01,True,4,1.0,7,1.0,1,,,,,0.0,6000.0,1200.0,113.22068668981478,133.3022984116728,140.49898124999996,202.86438614058318,54149.365590550944,36514.41488333333,21.217300000000023,32909.86528886616,146586.90245181666,179496.76774068282,32909.86528886616,32909.8652559563,32207.271655599336,1409.802763499626,lexicographic,3.29098652559563e-05,3.220727162339207e-05,False,0.18602689999897848,0.0,1,0
2025-01-02,True,4,1.0,7,1.0,1,2025-01-01,2025-01-01,2025-01-01,2025-01-01,0.0,1200.0,1200.0,23.174773842592586,30.59957725485432,10.191742013888886,22.31262096676364,121187.55481800545,1078.4512333333328,24345.769549999997,80989.97380738662,3690.905855833331,84680.87966321995,113351.5922729366,113351.592159585,47964.973656613576,1915.6016626657388,lexicographic,0.000113351592159585,4.7964973608648594e-05,False,0.07574320000094303,0.0,1,0
2025-01-03,True,4,1.0,7,1.0,2,2025-01-02,2025-01-02,2025-01-02;2025-01-01,2025-01-02,0.0,1200.0,1200.0,317.8716789351851,348.7040332424474,14.416922685185186,34.59753499876732,122067.11959109809,0.0,71527.18066666667,81754.5938942043,0.0,81754.5938942043,99925.96195176264,99925.96185183665,47964.97673449597,1912.4201794637067,lexicographic,9.992596185183665e-05,4.7964976734494286e-05,False,0.08307700000113982,1.4562697179681322e-16,1,0
2025-01-04,True,4,1.0,7,1.0,3,2025-01-02;2025-01-03,2025-01-02;2025-01-03,2025-01-03;2025-01-02;2025-01-01,2025-01-03,0.0,1200.0,1200.0,160.62484398148146,176.43343098782768,13.496411921296293,34.372197882564734,98237.90548959529,125.69500000000005,48634.08835833332,62151.69617870356,268.7359100000001,62420.432088703565,74327.74660861329,74327.74653428551,47287.77196798675,1678.534834638601,lexicographic,7.432774653428552e-05,4.728777192069897e-05,False,0.12604730000020936,0.0,1,0
2025-01-05,True,4,1.0,7,1.0,4,2025-01-04;2025-01-02;2025-01-03,2025-01-04;2025-01-02;2025-01-03,2025-01-04;2025-01-03;2025-01-02;2025-01-01,2025-01-04,0.0,1200.0,1200.0,212.01386859567904,233.77631031764665,8.594969907407412,17.060329152744558,90014.20848887303,14603.011850000003,8704.845405555552,55605.654769347544,61680.16771044722,117285.82247979476,64810.351417777405,64810.351352967074,46456.64729634028,1603.423387051109,lexicographic,6.481035135296708e-05,4.6456647296334436e-05,False,0.09830719999990833,1.1226536289793353e-16,1,0
2025-01-06,True,4,1.0,7,1.0,5,2025-01-05;2025-01-04;2025-01-02;2025-01-03,2025-01-05;2025-01-04;2025-01-02;2025-01-03,2025-01-03;2025-01-02;2025-01-01;2025-01-05;2025-01-04,2025-01-05,9600.0,1200.0,10800.0,153.12547980324072,169.0588475659639,10.199889641203704,18.703873205654457,105422.1587042349,10192.509579166666,9349.51824162676,64414.39777545165,42773.92441210208,107188.32218755374,85984.62961686037,85984.62953087577,57974.372550591725,1610.9678399960856,lexicographic,8.598462953087577e-05,5.797437249261735e-05,False,0.12810080000053858,0.0,1,0
2025-01-07,True,4,1.0,7,1.0,5,2025-01-06;2025-01-05;2025-01-04;2025-01-03,2025-01-06;2025-01-05;2025-01-04;2025-01-03;2025-01-02,2025-01-06;2025-01-03;2025-01-02;2025-01-01;2025-01-05,2025-01-06,9600.0,10800.0,10800.0,155.2669320601852,173.6515376588082,16.54014543981482,37.71145158073236,94677.62244514885,10384.913862222224,7538.4891462435735,59708.393800744016,43479.53507560959,103187.9288763536,89800.61346252705,89800.61337272651,47223.34022179352,1604.4349832606772,lexicographic,8.980061337272651e-05,4.722334017457018e-05,False,0.1820687999988877,3.2409389383494873e-16,1,0
2025-01-08,True,4,1.0,7,1.0,5,2025-01-07;2025-01-06;2025-01-03;2025-01-02,2025-01-07;2025-01-06;2025-01-03;2025-01-02;2025-01-04;2025-01-05,2025-01-07;2025-01-06;2025-01-03;2025-01-02;2025-01-01,2025-01-07,9600.0,10800.0,10800.0,76.57864282407408,86.28541026220604,11.743839756944448,27.510074910574733,106191.48870137743,4869.559020833333,16500.048737702797,68976.30406255917,20180.026293962503,89156.33035652168,95422.15807119702,95422.15797577491,47964.97778311983,1720.6140574250162,lexicographic,9.542215797577491e-05,4.796497778313101e-05,False,0.1667883999998594,1.5250037870723052e-16,1,0
2025-01-09,True,4,1.0,7,1.0,6,2025-01-07;2025-01-06;2025-01-08;2025-01-05,2025-01-07;2025-01-06;2025-01-08;2025-01-05;2025-01-04;2025-01-03;2025-01-02,2025-01-08;2025-01-07;2025-01-06;2025-01-03;2025-01-02;2025-01-01,2025-01-08,9600.0,10800.0,10800.0,18.543603269675916,24.68488685753256,14.302365443121687,28.964994506799798,110957.60126310047,811.0136333333337,15690.802539642862,73250.1270675677,2382.3757356375027,75632.50280320519,102769.40319287457,102769.40309010522,47500.65155065767,1765.0389596080197,lexicographic,0.00010276940309010522,4.750065150315703e-05,False,0.20728450000024168,0.0,1,0
2025-01-10,True,4,1.0,7,1.0,7,2025-01-09;2025-01-08;2025-01-07;2025-01-06,2025-01-09;2025-01-08;2025-01-07;2025-01-06;2025-01-03;2025-01-04;2025-01-02,2025-01-09;2025-01-08;2025-01-07;2025-01-06;2025-01-03;2025-01-02;2025-01-01,2025-01-09,9600.0,10800.0,10800.0,315.2259735243055,343.80741676306536,13.036234490740743,23.581469382985006,110914.96354142716,0.0,60438.61378130952,73204.97834802934,0.0,73204.97834802934,98826.9628069848,98826.96270815782,47495.191098138326,1765.13955425116,lexicographic,9.882696270815783e-05,4.749519105064313e-05,False,0.22017800000139687,0.0,1,0
2025-01-11,True,4,1.0,7,1.0,5,2025-01-10;2025-01-04;2025-01-05;2025-01-09,2025-01-10;2025-01-04;2025-01-05;2025-01-09;2025-01-08;2025-01-07;2025-01-06,2025-01-05;2025-01-04;2025-01-10;2025-01-09;2025-01-08,2025-01-10,9600.0,10800.0,10800.0,160.43242879050925,177.37324896535188,8.88114518849207,17.65386992893256,86571.88040287208,91.34416666666539,36920.6735432886,53747.99910130003,195.2938283333306,53943.29292963336,72096.95806051801,72096.95798842103,46456.645164979534,1531.105624908067,lexicographic,7.209695798842104e-05,4.645664511852289e-05,False,0.11971280000034312,0.0,1,0
2025-01-12,True,4,1.0,7,1.0,5,2025-01-11;2025-01-10;2025-01-05;2025-01-04,2025-01-11;2025-01-10;2025-01-05;2025-01-04;2025-01-09;2025-01-06;2025-01-07,2025-01-11;2025-01-05;2025-01-04;2025-01-10;2025-01-09,2025-01-11,9600.0,10800.0,10800.0,231.62261385995367,254.54862271919572,9.330521312830685,18.99400306046369,74393.249241963,21507.63141917243,249.32705396825452,44096.78731806662,86879.49373369594,130976.28105176256,58852.47501051852,58852.47495166607,45589.758026171636,1396.1745896953153,lexicographic,5.885247495166607e-05,4.5589757980581885e-05,False,0.17123409999840078,0.0,1,0
2025-01-13,True,4,1.0,7,1.0,8,2025-01-10;2025-01-12;2025-01-07;2025-01-08,2025-01-10;2025-01-12;2025-01-07;2025-01-08;2025-01-11;2025-01-06;2025-01-09,2025-01-10;2025-01-09;2025-01-08;2025-01-07;2025-01-06;2025-01-03;2025-01-02;2025-01-01,2025-01-12,9600.0,10800.0,10800.0,80.42537786458335,90.09165214394307,18.904435813492082,33.965321589273174,99391.63842203503,5127.986495833333,11369.003986666672,63779.27117681023,20811.176881777083,84590.44805858731,86126.84893829902,86126.84885217213,46456.64092530751,1650.3843955165153,lexicographic,8.612684885217214e-05,4.6456640925313084e-05,False,0.24114150000059453,0.0,1,0
2025-01-14,True,4,1.0,7,1.0,9,2025-01-09;2025-01-13;2025-01-07;2025-01-12,2025-01-09;2025-01-13;2025-01-07;2025-01-12;2025-01-06;2025-01-10;2025-01-11,2025-01-13;2025-01-10;2025-01-09;2025-01-08;2025-01-07;2025-01-06;2025-01-03;2025-01-02;2025-01-01,2025-01-13,9600.0,10800.0,10800.0,18.74131059027778,23.157980450644043,11.960215823412709,23.98416661720409,110797.95019197415,1009.2585916666669,17522.686548571433,73012.09697858267,3293.389235491668,76305.48621407434,95166.01144835207,95166.01135318611,47671.67808495923,1761.2050827966727,lexicographic,9.516601135318612e-05,4.767167803728755e-05,False,0.3238111000009667,0.0,1,0
2025-01-15,True,4,1.0,7,1.0,10,2025-01-14;2025-01-09;2025-01-13;2025-01-10,2025-01-14;2025-01-09;2025-01-13;2025-01-10;2025-01-07;2025-01-12;2025-01-06,2025-01-14;2025-01-13;2025-01-10;2025-01-09;2025-01-08;2025-01-07;2025-01-06;2025-01-03;2025-01-02;2025-01-01,2025-01-14,9600.0,10800.0,10800.0,79.35085726273148,90.22398859570124,9.678541005291002,18.616331272321712,98073.59655296209,5050.389867261903,8176.9794532544665,62752.79251325327,21754.697309396422,84507.48982264969,83924.44003260364,83924.43994867927,46456.641583587,1592.2145038497017,lexicographic,8.392443994867927e-05,4.6456641583597695e-05,False,0.3091422999987117,0.0,1,0
2025-01-16,True,4,1.0,7,1.0,11,2025-01-15;2025-01-10;2025-01-14;2025-01-09,2025-01-15;2025-01-10;2025-01-14;2025-01-09;2025-01-07;2025-01-13;2025-01-08,2025-01-15;2025-01-14;2025-01-13;2025-01-10;2025-01-09;2025-01-08;2025-01-07;2025-01-06;2025-01-03;2025-01-02;2025-01-01,2025-01-15,9600.0,10800.0,10800.0,78.99361782407408,88.4022191100579,15.770518634259266,32.492414400432736,95241.14049891153,5074.959358928571,6365.284366071431,60736.58330975956,21084.58828764375,81821.17159740331,83665.13203091634,83665.13194725117,46456.641661059475,1595.8615395093134,lexicographic,8.366513194725117e-05,4.645664166104684e-05,False,0.2510549999988143,0.0,1,0
2025-01-17,True,4,1.0,7,1.0,12,2025-01-16;2025-01-15;2025-01-10;2025-01-14,2025-01-16;2025-01-15;2025-01-10;2025-01-14;2025-01-09;2025-01-07;2025-01-13,2025-01-16;2025-01-15;2025-01-14;2025-01-13;2025-01-10;2025-01-09;2025-01-08;2025-01-07;2025-01-06;2025-01-03;2025-01-02;2025-01-01,2025-01-16,9600.0,10800.0,10800.0,241.08244337384258,264.7647145378256,11.897375810185197,22.92634785488274,95021.42941385602,0.0,47455.65189678571,60561.85643512991,0.0,60561.85643512991,83389.98195239881,83389.98186900887,46456.641743318905,1590.0665385279465,lexicographic,8.338998186900888e-05,4.645664174331864e-05,False,0.2650957000005292,1.745043577443796e-16,1,0
2025-01-18,True,4,1.0,7,1.0,5,2025-01-12;2025-01-11;2025-01-17;2025-01-16,2025-01-12;2025-01-11;2025-01-17;2025-01-16;2025-01-15;2025-01-14;2025-01-04,2025-01-12;2025-01-11;2025-01-05;2025-01-04;2025-01-17,2025-01-17,9600.0,10800.0,10800.0,159.61433272569445,175.89388512040037,12.71195305886244,22.94699779741692,88888.35157024016,119.59041666666599,40888.768860919314,55416.11096199694,255.68431083333186,55671.79527283028,81667.46865837314,81667.46857670565,46456.64230458272,1600.5657350268184,lexicographic,8.166746857670565e-05,4.645664225812609e-05,False,0.11770369999976538,1.781849674292164e-16,1,0
2025-01-19,True,4,1.0,7,1.0,5,2025-01-18;2025-01-12;2025-01-11;2025-01-17,2025-01-18;2025-01-12;2025-01-11;2025-01-17;2025-01-14;2025-01-16;2025-01-15,2025-01-18;2025-01-12;2025-01-11;2025-01-05;2025-01-04,2025-01-18,9600.0,10800.0,10800.0,233.73216880787035,258.3747073217141,11.925785152116404,22.622458756992767,77459.49798321154,17187.07421170635,1226.1709599001674,46098.193337719305,72848.44226084066,118946.63559855997,72140.62444702066,72140.62437488002,45128.651582712744,1541.6253622811205,lexicographic,7.214062437488003e-05,4.512865153758408e-05,False,0.24690929999997024,4.0343191799249117e-16,1,0
2025-01-20,True,4,1.0,7,1.0,13,2025-01-13;2025-01-14;2025-01-17;2025-01-15,2025-01-13;2025-01-14;2025-01-17;2025-01-15;2025-01-16;2025-01-07;2025-01-09,2025-01-17;2025-01-16;2025-01-15;2025-01-14;2025-01-13;2025-01-10;2025-01-09;2025-01-08;2025-01-07;2025-01-06;2025-01-03;2025-01-02;2025-01-01,2025-01-19,9600.0,10800.0,10800.0,77.61492627314816,87.9739474006443,13.255158416005306,24.8406359428604,94616.00566578656,4710.122792857141,6382.387790238097,60176.61664974874,19835.70791079107,80012.32456053981,81222.60906811914,81222.60898689668,46456.64239112708,1589.7581244092019,lexicographic,8.122260898689668e-05,4.645664239112695e-05,False,0.5256038999996235,1.7916089386779554e-16,1,0
2025-01-21,True,4,1.0,7,1.0,14,2025-01-20;2025-01-14;2025-01-15;2025-01-17,2025-01-20;2025-01-14;2025-01-15;2025-01-17;2025-01-16;2025-01-09;2025-01-07,2025-01-20;2025-01-17;2025-01-16;2025-01-15;2025-01-14;2025-01-13;2025-01-10;2025-01-09;2025-01-08;2025-01-07;2025-01-06;2025-01-03;2025-01-02;2025-01-01,2025-01-20,9600.0,10800.0,10800.0,72.38462725694441,82.18990599086861,36.5304693452381,69.4728256871594,94557.53463862755,4450.477120833331,10657.201992023813,60189.58627855932,18139.778179402078,78329.3644579614,81114.84740762704,81114.84732651213,46439.885274883105,1580.2677759220019,lexicographic,8.111484732651213e-05,4.6439885274892625e-05,False,0.6005781000003481,0.0,1,0
2025-01-22,True,4,1.0,7,1.0,14,2025-01-21;2025-01-20;2025-01-14;2025-01-15,2025-01-21;2025-01-20;2025-01-14;2025-01-15;2025-01-17;2025-01-09;2025-01-16,2025-01-21;2025-01-20;2025-01-17;2025-01-16;2025-01-15;2025-01-14;2025-01-13;2025-01-10;2025-01-09;2025-01-08;2025-01-07;2025-01-06;2025-01-03;2025-01-02,2025-01-21,9600.0,10800.0,10800.0,17.456171325231484,22.136014137538805,13.73011674933862,25.383954250927996,101051.71168090591,799.8590499999991,8076.142334722224,65763.0582381053,3028.5012029312475,68791.55944103654,84055.70436537461,84055.70428131895,46456.64154434639,1675.3932899079005,lexicographic,8.405570428131895e-05,4.645664154434639e-05,False,0.6685486000005767,0.0,1,0
2025-01-23,True,4,1.0,7,1.0,14,2025-01-15;2025-01-21;2025-01-16;2025-01-17,2025-01-15;2025-01-21;2025-01-16;2025-01-17;2025-01-20;2025-01-14;2025-01-09,2025-01-22;2025-01-21;2025-01-20;2025-01-17;2025-01-16;2025-01-15;2025-01-14;2025-01-13;2025-01-10;2025-01-09;2025-01-08;2025-01-07;2025-01-06;2025-01-03,2025-01-22,9600.0,10800.0,10800.0,79.48195810185183,89.38770605470151,14.05202716600528,28.507884196245495,89450.87304550316,6099.509641468254,1210.8025939358681,56377.12666251263,23361.05386733065,79738.18052984329,74627.8686802873,74627.86860565929,45475.340170496616,1544.1393314358663,lexicographic,7.462786860565928e-05,4.5475340125021295e-05,False,0.7347778000003018,0.0,1,0
2025-01-24,True,4,1.0,7,1.0,14,2025-01-23;2025-01-17;2025-01-16;2025-01-20,2025-01-23;2025-01-17;2025-01-16;2025-01-20;2025-01-21;2025-01-10;2025-01-15,2025-01-23;2025-01-22;2025-01-21;2025-01-20;2025-01-17;2025-01-16;2025-01-15;2025-01-14;2025-01-13;2025-01-10;2025-01-09;2025-01-08;2025-01-07;2025-01-06,2025-01-23,9600.0,10800.0,10800.0,241.74790778356478,266.3479368050662,17.402429894179907,38.576393485774744,90692.56493521281,0.0,46092.5222663187,57034.60977143311,0.0,57034.60977143311,76306.47873796365,76306.47866165696,45446.52331157018,1535.9440683425116,lexicographic,7.630647866165697e-05,4.5446523266123666e-05,False,0.7236878999992769,0.0,1,0
2025-01-25,True,4,1.0,7,1.0,6,2025-01-19;2025-01-18;2025-01-22;2025-01-21,2025-01-19;2025-01-18;2025-01-22;2025-01-21;2025-01-12;2025-01-23;2025-01-17,2025-01-19;2025-01-18;2025-01-12;2025-01-11;2025-01-05;2025-01-04,2025-01-24,9600.0,10800.0,10800.0,238.40343926504627,262.9484828503039,29.016727728174615,56.81586459973441,99035.5626920034,0.0,55701.894266468255,63774.37352505754,0.0,63774.37352505754,97250.99864205046,97250.99854479954,46622.675029220816,1745.4807436666374,lexicographic,9.725099854479955e-05,4.6622674982598143e-05,False,0.40580279999994673,0.0,1,0
2025-01-26,True,4,1.0,7,1.0,7,2025-01-25;2025-01-19;2025-01-18;2025-01-22,2025-01-25;2025-01-19;2025-01-18;2025-01-22;2025-01-21;2025-01-20;2025-01-12,2025-01-25;2025-01-19;2025-01-18;2025-01-12;2025-01-11;2025-01-05;2025-01-04,2025-01-25,9600.0,10800.0,10800.0,157.65562161458334,175.02319621012435,16.48676069775131,35.340363716249435,86909.76260026697,10111.58783611111,4456.432235912698,53922.875634292126,41835.41972518641,95758.29535947854,82625.8033894978,82625.8033068721,46354.36832899481,1572.618908047929,lexicographic,8.26258033068721e-05,4.635436828264045e-05,False,0.15018659999986994,1.7611829048512924e-16,1,0
2025-01-27,True,4,1.0,7,1.0,14,2025-01-20;2025-01-21;2025-01-24;2025-01-23,2025-01-20;2025-01-21;2025-01-24;2025-01-23;2025-01-14;2025-01-17;2025-01-13,2025-01-24;2025-01-23;2025-01-22;2025-01-21;2025-01-20;2025-01-17;2025-01-16;2025-01-15;2025-01-14;2025-01-13;2025-01-10;2025-01-09;2025-01-08;2025-01-07,2025-01-26,9600.0,10800.0,10800.0,75.6719003761574,84.69641244648551,19.775141749338633,36.97094694954484,87665.94419889437,5057.995240476191,3794.62718324686,54813.86838196557,20772.59467985208,75586.46306181766,70837.41966309614,70837.4195922587,45101.3463460558,1527.438726699241,lexicographic,7.08374195922587e-05,4.510134630095446e-05,False,0.6138930000015534,0.0,1,0
2025-01-28,True,4,1.0,7,1.0,14,2025-01-22;2025-01-20;2025-01-23;2025-01-21,2025-01-22;2025-01-20;2025-01-23;2025-01-21;2025-01-27;2025-01-14;2025-01-13,2025-01-27;2025-01-24;2025-01-23;2025-01-22;2025-01-21;2025-01-20;2025-01-17;2025-01-16;2025-01-15;2025-01-14;2025-01-13;2025-01-10;2025-01-09;2025-01-08,2025-01-27,9600.0,10800.0,10800.0,20.212109780092582,24.657720047553937,11.444311425264548,21.210525538467504,98361.94120825629,893.3042791666654,7408.583300992062,63486.300654196275,2824.2345435895786,66310.53519778585,76552.90946247126,76552.90938591832,46357.556335648726,1565.4249199683852,lexicographic,7.655290938591833e-05,4.635755633564709e-05,False,0.45486630000050354,0.0,1,0
2025-01-29,True,4,1.0,7,1.0,14,2025-01-23;2025-01-21;2025-01-27;2025-01-22,2025-01-23;2025-01-21;2025-01-27;2025-01-22;2025-01-24;2025-01-15;2025-01-20,2025-01-28;2025-01-27;2025-01-24;2025-01-23;2025-01-22;2025-01-21;2025-01-20;2025-01-17;2025-01-16;2025-01-15;2025-01-14;2025-01-13;2025-01-10;2025-01-09,2025-01-28,9600.0,10800.0,10800.0,20.31237502893519,24.755673979558736,33.8163037202381,56.83979809664988,97842.20202563368,409.17457499999944,11999.831306547618,63112.67763881077,1262.6417155520826,64375.31935436285,74952.80443887434,74952.80436392159,46358.33200945159,1564.550073792644,lexicographic,7.495280436392159e-05,4.635833200944737e-05,False,0.25491650000003574,0.0,1,0
2025-01-30,True,4,1.0,7,1.0,14,2025-01-22;2025-01-29;2025-01-21;2025-01-27,2025-01-22;2025-01-29;2025-01-21;2025-01-27;2025-01-23;2025-01-24;2025-01-17,2025-01-29;2025-01-28;2025-01-27;2025-01-24;2025-01-23;2025-01-22;2025-01-21;2025-01-20;2025-01-17;2025-01-16;2025-01-15;2025-01-14;2025-01-13;2025-01-10,2025-01-29,9600.0,10800.0,10800.0,17.260203530092593,23.54083424750967,16.762830340608478,35.092930279914206,96528.68987645846,689.7846875000005,8653.083229618866,62038.62324583382,2933.2123870375026,64971.83563287132,73778.33982309596,73778.33974931772,45943.597249059756,1539.4618069998162,lexicographic,7.377833974931772e-05,4.594359720311616e-05,False,0.29295300000012503,0.0,1,0
2025-01-31,True,4,1.0,7,1.0,14,2025-01-30;2025-01-29;2025-01-22;2025-01-23,2025-01-30;2025-01-29;2025-01-22;2025-01-23;2025-01-24;2025-01-27;2025-01-21,2025-01-30;2025-01-29;2025-01-28;2025-01-27;2025-01-24;2025-01-23;2025-01-22;2025-01-21;2025-01-20;2025-01-17;2025-01-16;2025-01-15;2025-01-14;2025-01-13,2025-01-30,9600.0,10800.0,10800.0,320.19415726273144,350.270053053422,14.48071106150793,26.750097102667116,96182.22372465688,0.0,52619.538400468206,61872.05983358764,0.0,61872.05983358764,73781.29982088186,73781.29974710058,45710.71429621853,1536.0844665396376,lexicographic,7.378129974710058e-05,4.571071425050782e-05,False,0.2939042999987578,0.0,1,0
2025-02-01,False,2,1.0,5,1.0,8,2025-01-25;2025-01-26,2025-01-25;2025-01-26;2025-01-18;2025-01-19;2025-01-31,2025-01-26;2025-01-25;2025-01-19;2025-01-18;2025-01-12;2025-01-11;2025-01-05;2025-01-04,2025-01-31,9600.0,10800.0,10800.0,188.9121540509259,204.28338617932204,17.15133831018517,32.36404061655323,86351.18070911114,0.0,47157.832464166655,53342.78934721952,0.0,53342.78934721952,83238.76875025728,83238.76866701836,45870.85202113785,1578.5891470028128,lexicographic,8.323876866701836e-05,4.5870851975267014e-05,False,0.15237840000008873,0.0,1,0
2025-02-02,False,2,1.0,5,1.0,9,2025-01-26;2025-02-01,2025-01-26;2025-02-01;2025-01-25;2025-01-19;2025-01-18,2025-02-01;2025-01-26;2025-01-25;2025-01-19;2025-01-18;2025-01-12;2025-01-11;2025-01-05;2025-01-04,2025-02-01,9600.0,10800.0,10800.0,141.52280219907405,159.66328573496386,25.624500671296282,44.32670421536227,84044.00753013772,8426.29965,9294.344423055552,51733.37902098685,36379.02735530833,88112.40637629518,78324.37176044719,78324.37168212289,45913.8394779933,1550.6051236671328,lexicographic,7.83243716821229e-05,4.5913839432079476e-05,False,0.19294329999866022,0.0,1,0
2025-02-03,False,2,1.0,5,1.0,14,2025-01-28;2025-01-31,2025-01-28;2025-01-31;2025-01-22;2025-01-30;2025-01-20,2025-01-31;2025-01-30;2025-01-29;2025-01-28;2025-01-27;2025-01-24;2025-01-23;2025-01-22;2025-01-21;2025-01-20;2025-01-17;2025-01-16;2025-01-15;2025-01-14,2025-02-02,9600.0,10800.0,10800.0,134.63788385416663,152.32117777468056,19.76901261574073,36.467618513100106,73630.82120316058,11212.354853095241,224.59341714285722,43876.29721895159,47485.59156634834,91361.88878529993,54363.04690685836,54363.046852495354,41931.661641023544,1415.6097645920654,lexicographic,5.4363046852495355e-05,4.193166164102338e-05,False,0.23684839999987162,0.0,1,0
2025-02-04,False,2,1.0,5,1.0,14,2025-02-03;2025-01-28,2025-02-03;2025-01-28;2025-01-31;2025-01-22;2025-01-29,2025-02-03;2025-01-31;2025-01-30;2025-01-29;2025-01-28;2025-01-27;2025-01-24;2025-01-23;2025-01-22;2025-01-21;2025-01-20;2025-01-17;2025-01-16;2025-01-15,2025-02-03,9600.0,10800.0,10800.0,26.937415162037034,32.95516227293959,13.863305138888895,27.290705789511332,95220.55977964526,260.7986583333337,9514.941093104173,61022.53720115239,820.2866782708348,61842.823879423224,73769.0203376605,73769.02026389146,45455.324445909006,1502.765151913697,lexicographic,7.376902026389147e-05,4.54553244004537e-05,False,0.3097801999992953,0.0,1,0
2025-02-05,False,2,1.0,5,1.0,14,2025-02-04;2025-02-03,2025-02-04;2025-02-03;2025-01-28;2025-01-31;2025-01-29,2025-02-04;2025-02-03;2025-01-31;2025-01-30;2025-01-29;2025-01-28;2025-01-27;2025-01-24;2025-01-23;2025-01-22;2025-01-21;2025-01-20;2025-01-17;2025-01-16,2025-02-04,9600.0,10800.0,10800.0,17.101089409722217,22.085746578936543,14.385375324074074,27.655658078111575,91627.52264277596,765.7438353571436,6926.549571988758,58379.20577589585,2466.3551966819655,60845.56097257781,69921.40235065138,69921.40228072999,44947.919790989064,1499.9838715125695,lexicographic,6.992140228072999e-05,4.494791974604116e-05,False,0.4823591000003944,0.0,1,0
2025-02-06,False,2,1.0,5,1.0,14,2025-02-05;2025-02-04,2025-02-05;2025-02-04;2025-02-03;2025-01-31;2025-01-28,2025-02-05;2025-02-04;2025-02-03;2025-01-31;2025-01-30;2025-01-29;2025-01-28;2025-01-27;2025-01-24;2025-01-23;2025-01-22;2025-01-21;2025-01-20;2025-01-17,2025-02-05,9600.0,10800.0,10800.0,19.9838407986111,26.228455244305867,10.985891712962957,22.44622842625522,91452.05524157638,794.9970333333329,7257.704270798584,58163.39102333789,2983.428099541665,61146.819122879555,68528.86565703867,68528.86558850981,44947.92802776051,1480.4611398462073,lexicographic,6.852886558850982e-05,4.4947927982812604e-05,False,0.43728230000124313,2.123472365024347e-16,1,0
2025-02-07,False,2,1.0,5,1.0,14,2025-02-06;2025-01-31,2025-02-06;2025-01-31;2025-01-30;2025-02-04;2025-02-05,2025-02-06;2025-02-05;2025-02-04;2025-02-03;2025-01-31;2025-01-30;2025-01-29;2025-01-28;2025-01-27;2025-01-24;2025-01-23;2025-01-22;2025-01-21;2025-01-20,2025-02-06,9600.0,10800.0,10800.0,173.35030839120367,190.21126499703138,26.05766282407406,51.76358730426697,70035.29341138578,0.0,33816.2562370238,41194.56872191126,0.0,41194.56872191126,51755.220409049085,51755.220357293874,42043.037310150045,1372.4737759464879,lexicographic,5.1755220357293876e-05,4.2043037310143e-05,False,0.44420390000050247,0.0,1,0
2025-02-08,False,2,1.0,5,1.0,10,2025-02-02;2025-02-01,2025-02-02;2025-02-01;2025-01-25;2025-01-26;2025-01-18,2025-02-02;2025-02-01;2025-01-26;2025-01-25;2025-01-19;2025-01-18;2025-01-12;2025-01-11;2025-01-05;2025-01-04,2025-02-07,9600.0,10800.0,10800.0,161.51945798611112,177.37595085773853,26.11138689814813,46.237445426762434,80290.7346506296,0.0,43963.87314743227,48980.89309251082,0.0,48980.89309251082,76547.93610022136,76547.93602367345,45247.130545371285,1457.5550081862475,lexicographic,7.654793602367346e-05,4.524713050012417e-05,False,0.3691328999993857,0.0,1,0
2025-02-09,False,2,1.0,5,1.0,11,2025-02-02;2025-02-08,2025-02-02;2025-02-08;2025-01-26;2025-02-01;2025-01-25,2025-02-08;2025-02-02;2025-02-01;2025-01-26;2025-01-25;2025-01-19;2025-01-18;2025-01-12;2025-01-11;2025-01-05;2025-01-04,2025-02-08,9600.0,10800.0,10800.0,158.6327903935185,174.48019689466966,22.053670439814823,39.33562959654181,77827.5927572065,10184.571352341267,3738.418311094608,47196.52493462444,41756.39699476964,88952.92192939407,72775.9708616249,72775.97078884895,44948.29997649233,1454.0883949940917,lexicographic,7.277597078884896e-05,4.494829993154404e-05,False,0.2009104999997362,0.0,1,0
2025-02-10,False,2,1.0,5,1.0,14,2025-02-03;2025-02-04,2025-02-03;2025-02-04;2025-02-05;2025-02-06;2025-01-28,2025-02-07;2025-02-06;2025-02-05;2025-02-04;2025-02-03;2025-01-31;2025-01-30;2025-01-29;2025-01-28;2025-01-27;2025-01-24;2025-01-23;2025-01-22;2025-01-21,2025-02-09,9600.0,10800.0,10800.0,19.581096585648147,23.89490092430028,42.014716111111085,73.55151390233695,90652.2313276411,718.7871499999992,12320.447389087472,57420.20349656843,2470.192500437497,59890.39599700592,67154.0092149151,67154.00914776111,45001.68233920398,1500.1845452779514,lexicographic,6.715400914776112e-05,4.5001682294202316e-05,False,0.7161764999982552,0.0,1,0
2025-02-11,False,2,1.0,5,1.0,14,2025-02-04;2025-02-03,2025-02-04;2025-02-03;2025-02-05;2025-02-10;2025-02-06,2025-02-10;2025-02-07;2025-02-06;2025-02-05;2025-02-04;2025-02-03;2025-01-31;2025-01-30;2025-01-29;2025-01-28;2025-01-27;2025-01-24;2025-01-23;2025-01-22,2025-02-10,9600.0,10800.0,10800.0,16.965461631944446,21.6023513775208,24.946985023148127,43.54901033989726,88676.59404643864,470.84549166666824,9208.549292023807,55893.19250613116,2039.0888374041708,57932.28134353533,64783.95145470209,64783.9513899182,44947.950179337975,1451.3774498378684,lexicographic,6.47839513899182e-05,4.494795013439004e-05,False,0.48346870000023046,2.246222238094518e-16,1,0
2025-02-12,False,2,1.0,5,1.0,14,2025-02-11;2025-02-05,2025-02-11;2025-02-05;2025-02-04;2025-02-06;2025-02-03,2025-02-11;2025-02-10;2025-02-07;2025-02-06;2025-02-05;2025-02-04;2025-02-03;2025-01-31;2025-01-30;2025-01-29;2025-01-28;2025-01-27;2025-01-24;2025-01-23,2025-02-11,9600.0,10800.0,10800.0,16.25061603009259,20.208194341492668,25.76828694444443,48.47180251444185,88415.79051878676,445.02149166666635,8875.782662619044,55749.15481670106,1754.3460547958323,57503.50087149689,64620.047344966166,64620.04728034612,44947.95114866805,1424.4327248374902,lexicographic,6.462004728034613e-05,4.494795110372011e-05,False,0.4431874000001699,1.1259598097503053e-16,1,0
2025-02-13,False,2,1.0,5,1.0,14,2025-02-12;2025-02-11,2025-02-12;2025-02-11;2025-02-06;2025-02-05;2025-02-07,2025-02-12;2025-02-11;2025-02-10;2025-02-07;2025-02-06;2025-02-05;2025-02-04;2025-02-03;2025-01-31;2025-01-30;2025-01-29;2025-01-28;2025-01-27;2025-01-24,2025-02-12,9600.0,10800.0,10800.0,18.52984606481482,24.721376122341024,41.90849990740739,74.62805530215476,83943.02864255167,847.2333383333331,8842.350205595238,52536.24748955676,2481.0974233299994,55017.34491288676,60590.53936831904,60590.53930772848,43996.64891109373,1430.3612380553918,lexicographic,6.059053930772849e-05,4.3996648867097094e-05,False,0.30505300000004354,3.602521629934737e-16,1,0
2025-02-14,False,2,1.0,5,1.0,14,2025-02-13;2025-02-12,2025-02-13;2025-02-12;2025-02-11;2025-02-03;2025-02-06,2025-02-13;2025-02-12;2025-02-11;2025-02-10;2025-02-07;2025-02-06;2025-02-05;2025-02-04;2025-02-03;2025-01-31;2025-01-30;2025-01-29;2025-01-28;2025-01-27,2025-02-13,9600.0,10800.0,10800.0,315.72521076388887,345.09297486713723,19.683639375,35.655766866129106,82378.81586283413,0.0,48117.6229572619,51402.52938617719,0.0,51402.52938617719,59621.17970037008,59621.1796407489,42481.567741679406,1414.4726781784084,lexicographic,5.962117964074891e-05,4.248156769919784e-05,False,0.46057959999961895,0.0,1,0
2025-02-15,False,2,1.0,5,1.0,12,2025-02-08;2025-02-09,2025-02-08;2025-02-09;2025-02-02;2025-02-01;2025-01-25,2025-02-09;2025-02-08;2025-02-02;2025-02-01;2025-01-26;2025-01-25;2025-01-19;2025-01-18;2025-01-12;2025-01-11;2025-01-05;2025-01-04,2025-02-14,9600.0,10800.0,10800.0,156.89439785879625,173.9547126446373,28.460232847222212,47.65472216341298,77412.73577039322,0.0,43418.015240158726,46878.4554981649,0.0,46878.4554981649,73388.37691361734,73388.376840229,44913.04878276025,1443.2249687666167,lexicographic,7.338837684022901e-05,4.4913048737847215e-05,False,0.22949309999967227,1.9828637523960045e-16,1,0
2025-02-16,False,2,1.0,5,1.0,13,2025-02-09;2025-02-02,2025-02-09;2025-02-02;2025-02-15;2025-02-08;2025-01-26,2025-02-15;2025-02-09;2025-02-08;2025-02-02;2025-02-01;2025-01-26;2025-01-25;2025-01-19;2025-01-18;2025-01-12;2025-01-11;2025-01-05;2025-01-04,2025-02-15,9600.0,10800.0,10800.0,18.55325584490741,22.36950567521441,25.99778831018518,44.484329894220664,100374.39698432952,716.8394083333324,20837.19343837301,65345.50665047187,2776.5281929124953,68122.03484338436,89640.81677645136,89640.81668681056,46456.6398750769,1681.1513141278156,lexicographic,8.964081668681056e-05,4.6456639875078674e-05,False,0.4883050999997067,1.6233581716695772e-16,1,0
2025-02-17,False,2,1.0,5,1.0,14,2025-02-10;2025-02-11,2025-02-10;2025-02-11;2025-02-03;2025-02-04;2025-02-12,2025-02-14;2025-02-13;2025-02-12;2025-02-11;2025-02-10;2025-02-07;2025-02-06;2025-02-05;2025-02-04;2025-02-03;2025-01-31;2025-01-30;2025-01-29;2025-01-28,2025-02-16,9600.0,10800.0,10800.0,18.696395370370364,23.338484838724582,37.545249837962956,61.49131479135392,82544.9030618714,674.1194999999997,7539.305458809522,51480.89752251252,2498.204478479165,53979.10200099168,58199.68549913192,58199.68544093229,42828.92434144932,1420.9984742803808,lexicographic,5.8199685440932294e-05,4.28289242986204e-05,False,0.4416825999996945,1.250171295439028e-16,1,0
2025-02-18,False,2,1.0,5,1.0,14,2025-02-11;2025-02-17,2025-02-11;2025-02-17;2025-02-12;2025-02-14;2025-02-13,2025-02-17;2025-02-14;2025-02-13;2025-02-12;2025-02-11;2025-02-10;2025-02-07;2025-02-06;2025-02-05;2025-02-04;2025-02-03;2025-01-31;2025-01-30;2025-01-29,2025-02-17,9600.0,10800.0,10800.0,18.560962731481474,24.191339914485965,14.673649583333315,27.904465195481336,78828.96982008763,932.2714214285711,3244.933192619046,48729.816774954044,3487.4955004169024,52217.31227537095,55452.433866776766,55452.43381132437,42153.18779300279,1413.9910895266312,lexicographic,5.545243381132438e-05,4.215318775084961e-05,False,0.5574741999989783,2.6242157878731543e-16,1,0
2025-02-19,False,2,1.0,5,1.0,14,2025-02-12;2025-02-13,2025-02-12;2025-02-13;2025-02-11;2025-02-18;2025-02-14,2025-02-18;2025-02-17;2025-02-14;2025-02-13;2025-02-12;2025-02-11;2025-02-10;2025-02-07;2025-02-06;2025-02-05;2025-02-04;2025-02-03;2025-01-31;2025-01-30,2025-02-18,9600.0,10800.0,10800.0,18.737174305555545,25.283215916680412,17.338027430555545,32.44342100615921,79160.04548277736,1395.3857414285717,3255.252924642853,48990.7785849545,4779.278191885001,53770.056776839505,55804.40699752496,55804.40694172053,42114.421886188684,1409.570681222843,lexicographic,5.580440694172054e-05,4.211442184407427e-05,False,0.5403986999990593,2.6076641659437723e-16,1,0
2025-02-20,False,2,1.0,5,1.0,14,2025-02-13;2025-02-19,2025-02-13;2025-02-19;2025-02-14;2025-02-12;2025-02-18,2025-02-19;2025-02-18;2025-02-17;2025-02-14;2025-02-13;2025-02-12;2025-02-11;2025-02-10;2025-02-07;2025-02-06;2025-02-05;2025-02-04;2025-02-03;2025-01-31,2025-02-19,9600.0,10800.0,10800.0,20.699169907407402,25.97747796204476,20.457527499999983,38.0027084178111,78973.43288089048,981.5299466666677,4541.578936666663,48843.05278656936,3638.536248435835,52481.58903500519,55662.98256437989,55662.98250871689,42108.69886936032,1428.3459145621096,lexicographic,5.566298250871689e-05,4.2108698827251645e-05,False,0.604107600000134,0.0,1,0
2025-02-21,False,2,1.0,5,1.0,14,2025-02-14;2025-02-20,2025-02-14;2025-02-20;2025-02-13;2025-02-19;2025-02-12,2025-02-20;2025-02-19;2025-02-18;2025-02-17;2025-02-14;2025-02-13;2025-02-12;2025-02-11;2025-02-10;2025-02-07;2025-02-06;2025-02-05;2025-02-04;2025-02-03,2025-02-20,9600.0,10800.0,10800.0,157.81281568287034,175.0686643294726,14.304108634259242,24.873840751211052,56094.71519596614,19.049999999999727,26484.244791666664,31851.444202443992,40.72889999999941,31892.17310244399,38362.96301239685,38362.96297403391,38765.0402707828,1323.9765558284707,lexicographic,3.836296297403391e-05,3.876504023201777e-05,False,0.5178964999995515,1.8966099201222233e-16,1,0
2025-02-22,False,2,1.0,5,1.0,14,2025-02-15;2025-02-08,2025-02-15;2025-02-08;2025-02-16;2025-02-09;2025-02-02,2025-02-16;2025-02-15;2025-02-09;2025-02-08;2025-02-02;2025-02-01;2025-01-26;2025-01-25;2025-01-19;2025-01-18;2025-01-12;2025-01-11;2025-01-05;2025-01-04,2025-02-21,9600.0,10800.0,10800.0,17.964430671296288,22.517754085249447,23.699062476851836,38.83401588907295,52769.495402921115,665.2332583333327,21482.203570449255,28150.302520658013,2220.639302974999,30370.941823633013,50558.92673197168,50558.92668141284,39131.839976442476,1374.7265737874368,lexicographic,5.0558926681412845e-05,3.913183993731064e-05,False,0.6602321000009397,2.8782088907984325e-16,1,0
2025-02-23,False,2,1.0,5,1.0,14,2025-02-16;2025-02-09,2025-02-16;2025-02-09;2025-02-02;2025-02-22;2025-02-15,2025-02-22;2025-02-16;2025-02-15;2025-02-09;2025-02-08;2025-02-02;2025-02-01;2025-01-26;2025-01-25;2025-01-19;2025-01-18;2025-01-12;2025-01-11;2025-01-05,2025-02-22,9600.0,10800.0,10800.0,18.85138015046296,23.731476043846207,33.52972310185183,55.51627971060964,98260.33115681702,752.1781916666669,22617.288713452377,63727.13823632236,2632.6281365708346,66359.7663728932,86191.56414123822,86191.56405504685,46329.96938196497,1558.7621629425912,lexicographic,8.619156405504685e-05,4.632996938197259e-05,False,0.566953100000319,0.0,1,0
2025-02-24,False,2,1.0,5,1.0,14,2025-02-17;2025-02-18,2025-02-17;2025-02-18;2025-02-11;2025-02-21;2025-02-03,2025-02-21;2025-02-20;2025-02-19;2025-02-18;2025-02-17;2025-02-14;2025-02-13;2025-02-12;2025-02-11;2025-02-10;2025-02-07;2025-02-06;2025-02-05;2025-02-04,2025-02-23,9600.0,10800.0,10800.0,18.38165480324073,22.516385591283413,33.71909965277777,55.46162831274541,78478.00455958414,553.3543833333339,6413.139031666664,48392.25443462834,2165.026696191668,50557.28113082001,51022.93506081066,51022.93500978771,42060.45891156468,1412.2633027193333,lexicographic,5.1022935009787714e-05,4.206045886950423e-05,False,0.44356560000051104,1.4260170671851162e-16,1,0
2025-02-25,False,2,1.0,5,1.0,14,2025-02-18;2025-02-24,2025-02-18;2025-02-24;2025-02-19;2025-02-11;2025-02-17,2025-02-24;2025-02-21;2025-02-20;2025-02-19;2025-02-18;2025-02-17;2025-02-14;2025-02-13;2025-02-12;2025-02-11;2025-02-10;2025-02-07;2025-02-06;2025-02-05,2025-02-24,9600.0,10800.0,10800.0,19.015755150462965,23.643030857855493,41.28536527777776,67.77753658681513,76382.3357347767,802.7956183333331,6953.728968333333,46987.93901385461,2854.5447244100005,49842.48373826461,49667.98744668747,49667.987397019446,42011.80665322363,1412.757489362944,lexicographic,4.966798739701945e-05,4.201180661121183e-05,False,0.6041199999999662,0.0,1,0
2025-02-26,False,2,1.0,5,1.0,14,2025-02-25;2025-02-20,2025-02-25;2025-02-20;2025-02-19;2025-02-18;2025-02-21,2025-02-25;2025-02-24;2025-02-21;2025-02-20;2025-02-19;2025-02-18;2025-02-17;2025-02-14;2025-02-13;2025-02-12;2025-02-11;2025-02-10;2025-02-07;2025-02-06,2025-02-25,9600.0,10800.0,10800.0,20.629487789351842,27.010189751704782,18.858341412037028,33.61268064777326,74797.40890343783,1437.9545916666657,3071.382726666665,45894.61863454984,5003.270387144999,50897.88902169484,48460.05889949019,48460.05885103013,41431.21184494286,1409.706262873267,lexicographic,4.8460058851030135e-05,4.143121180351167e-05,False,0.9952651999992668,0.0,1,0
2025-02-27,False,2,1.0,5,1.0,14,2025-02-20;2025-02-21,2025-02-20;2025-02-21;2025-02-19;2025-02-26;2025-02-13,2025-02-26;2025-02-25;2025-02-24;2025-02-21;2025-02-20;2025-02-19;2025-02-18;2025-02-17;2025-02-14;2025-02-13;2025-02-12;2025-02-11;2025-02-10;2025-02-07,2025-02-26,9600.0,10800.0,10800.0,154.3334449074074,172.60171806570955,26.92398576388888,49.61896771449721,52510.5512867062,18541.52766666667,39.078333333333376,29653.91160539338,81742.45043532999,111396.36204072337,32038.70949101029,32038.709458971567,38642.70379090289,1335.983643552171,lexicographic,3.203870945897157e-05,3.864270375226019e-05,False,0.8618553999986034,2.2709896050903486e-16,1,0
2025-02-28,False,2,1.0,5,1.0,14,2025-02-21;2025-02-27,2025-02-21;2025-02-27;2025-02-14;2025-02-20;2025-02-26,2025-02-27;2025-02-26;2025-02-25;2025-02-24;2025-02-21;2025-02-20;2025-02-19;2025-02-18;2025-02-17;2025-02-14;2025-02-13;2025-02-12;2025-02-11;2025-02-10,2025-02-27,9600.0,10800.0,10800.0,158.64390648148148,175.3945287926772,20.86072835648147,39.5754025790332,53170.48902600478,14.542500000000018,25839.08217371387,30048.645772627962,31.091865000000038,30079.73763762796,37531.24554632,37531.245508788714,38613.54737971866,1325.8368905594198,lexicographic,3.753124550878872e-05,3.8613547341105115e-05,False,0.8460864999997284,0.0,1,0
2025-03-01,False,2,1.0,7,0.8,14,2025-02-22;2025-02-15,2025-02-22;2025-02-15;2025-02-08;2025-02-23;2025-02-16;2025-02-09;2025-02-02,2025-02-23;2025-02-22;2025-02-16;2025-02-15;2025-02-09;2025-02-08;2025-02-02;2025-02-01;2025-01-26;2025-01-25;2025-01-19;2025-01-18;2025-01-12;2025-01-11,2025-02-28,9600.0,10800.0,10800.0,32.844930034722225,40.8281665331318,19.41987920178301,38.06290726439933,48258.48787934979,377.64130833333394,20924.030183109633,25052.695140283897,1787.975133525002,26840.6702738089,43704.04291417156,43704.04287046751,38613.33083655103,1398.9682609862393,lexicographic,4.370404287046751e-05,3.8613330797937705e-05,False,0.8796206999995775,0.0,1,0
2025-03-02,False,2,1.0,7,0.8,14,2025-02-23;2025-02-16,2025-02-23;2025-02-16;2025-02-09;2025-02-22;2025-03-01;2025-02-15;2025-02-02,2025-03-01;2025-02-23;2025-02-22;2025-02-16;2025-02-15;2025-02-09;2025-02-08;2025-02-02;2025-02-01;2025-01-26;2025-01-25;2025-01-19;2025-01-18;2025-01-12,2025-03-01,9600.0,10800.0,10800.0,31.52936140046296,39.18936813960047,36.55450011696602,73.35219113898324,92747.35734915802,435.92191666666605,16099.540522595737,59458.53655561383,2048.103721758329,61506.64027737216,79020.10355037301,79020.103471353,45015.95439251445,1469.6336057688086,lexicographic,7.9020103471353e-05,4.501595434749852e-05,False,1.0966688000007707,0.0,1,0
2025-03-03,False,2,1.0,7,0.8,14,2025-02-17;2025-02-18,2025-02-17;2025-02-18;2025-02-25;2025-02-24;2025-02-10;2025-02-03;2025-02-11,2025-02-28;2025-02-27;2025-02-26;2025-02-25;2025-02-24;2025-02-21;2025-02-20;2025-02-19;2025-02-18;2025-02-17;2025-02-14;2025-02-13;2025-02-12;2025-02-11,2025-03-02,9600.0,10800.0,10800.0,32.82395943287036,40.37706797853211,51.18600133442529,90.37630098602473,73155.50515170579,5332.09109535502,2237.061392679388,44693.66716613055,21589.11829062109,66282.78545675165,52444.571178063234,52444.57112561867,40328.593053142264,1412.2633232490257,lexicographic,5.2444571125618676e-05,4.032859301281368e-05,False,0.8579616999995778,1.387361448100238e-16,1,0
2025-03-04,False,2,1.0,7,0.8,14,2025-03-03;2025-02-18,2025-03-03;2025-02-18;2025-02-25;2025-02-17;2025-02-24;2025-02-19;2025-02-11,2025-03-03;2025-02-28;2025-02-27;2025-02-26;2025-02-25;2025-02-24;2025-02-21;2025-02-20;2025-02-19;2025-02-18;2025-02-17;2025-02-14;2025-02-13;2025-02-12,2025-03-03,9600.0,10800.0,10800.0,20.334939814814813,25.67308465555148,16.94274675931935,33.275238148081655,77418.57240079954,950.4182732776856,4745.329432813787,47775.21559843444,2880.421835926733,50655.637434361175,55875.32818970406,55875.32813382867,42146.35782817623,1400.9198395307833,lexicographic,5.587532813382867e-05,4.214635778602988e-05,False,0.6996223999994982,0.0,1,0
2025-03-05,False,2,1.0,7,0.8,14,2025-03-04;2025-02-25,2025-03-04;2025-02-25;2025-02-19;2025-02-18;2025-02-20;2025-02-26;2025-02-27,2025-03-04;2025-03-03;2025-02-28;2025-02-27;2025-02-26;2025-02-25;2025-02-24;2025-02-21;2025-02-20;2025-02-19;2025-02-18;2025-02-17;2025-02-14;2025-02-13,2025-03-04,9600.0,10800.0,10800.0,19.801541435185175,24.51808038032922,22.19352521466629,38.40009014057152,75373.74960884936,776.6259468553685,5606.275245155492,46134.29776932794,3452.054456151113,49586.35222547905,54118.675007287544,54118.67495316879,42045.61690488141,1423.1541560207536,lexicographic,5.4118674953168794e-05,4.2045616862835804e-05,False,0.7092067999983556,0.0,1,0
2025-03-06,False,2,1.0,7,0.8,14,2025-03-05;2025-02-20,2025-03-05;2025-02-20;2025-02-28;2025-02-26;2025-03-04;2025-02-27;2025-02-14,2025-03-05;2025-03-04;2025-03-03;2025-02-28;2025-02-27;2025-02-26;2025-02-25;2025-02-24;2025-02-21;2025-02-20;2025-02-19;2025-02-18;2025-02-17;2025-02-14,2025-03-05,9600.0,10800.0,10800.0,24.693908449074083,31.420374124041235,13.885882390481804,25.27673688424184,75324.64354111157,578.0086821669723,5545.175195598218,46080.182525136086,2513.4778187084344,48593.66034384452,53894.07006826687,53894.0700143727,42076.04967772652,1397.7335951972345,lexicographic,5.389407001437271e-05,4.207604963565048e-05,False,0.6651185000009718,0.0,1,0
2025-03-07,False,2,1.0,7,0.8,14,2025-03-06;2025-02-28,2025-03-06;2025-02-28;2025-02-21;2025-02-14;2025-03-05;2025-02-27;2025-02-20,2025-03-06;2025-03-05;2025-03-04;2025-03-03;2025-02-28;2025-02-27;2025-02-26;2025-02-25;2025-02-24;2025-02-21;2025-02-20;2025-02-19;2025-02-18;2025-02-17,2025-03-06,9600.0,10800.0,10800.0,172.56244305555555,188.47708018303197,14.174934078467903,27.28048350232057,53050.77066504344,0.0,28118.567536546223,29811.587607007466,0.0,29811.587607007466,36414.75741174471,36414.75737532993,38199.74130129805,1337.0596060921243,lexicographic,3.641475737532993e-05,3.819974126309832e-05,False,0.7106700000003912,1.9980793883066486e-16,1,0
2025-03-08,False,2,1.0,7,0.8,14,2025-03-02;2025-02-22,2025-03-02;2025-02-22;2025-03-01;2025-02-15;2025-02-23;2025-02-16;2025-02-08,2025-03-02;2025-03-01;2025-02-23;2025-02-22;2025-02-16;2025-02-15;2025-02-09;2025-02-08;2025-02-02;2025-02-01;2025-01-26;2025-01-25;2025-01-19;2025-01-18,2025-03-07,9600.0,10800.0,10800.0,169.62929230324073,186.53487456839503,42.45485893114736,68.55875617076673,66388.02793885834,0.0,42950.57584250397,38745.786114788345,0.0,38745.786114788345,54525.11981548454,54525.11976095947,41671.082995972356,1408.9316498978678,lexicographic,5.452511976095947e-05,4.167108295430127e-05,False,0.24309609999909298,0.0,1,0
2025-03-09,False,2,1.0,7,0.8,14,2025-03-02;2025-02-23,2025-03-02;2025-02-23;2025-03-08;2025-02-16;2025-02-09;2025-03-01;2025-02-22,2025-03-08;2025-03-02;2025-03-01;2025-02-23;2025-02-22;2025-02-16;2025-02-15;2025-02-09;2025-02-08;2025-02-02;2025-02-01;2025-01-26;2025-01-25;2025-01-19,2025-03-08,9600.0,10800.0,10800.0,22.875450752314805,28.72697405870411,24.334744760560305,50.70977352031225,85769.64358782498,462.3133,18180.141702980312,54041.55458330182,1882.8839789791687,55924.438562280986,69579.91903827863,69579.91896869872,44947.92181088853,1414.8683328190991,lexicographic,6.957991896869872e-05,4.494792176594063e-05,False,0.3235733000001346,0.0,1,0
2025-03-10,False,2,1.0,7,0.8,14,2025-02-25;2025-03-03,2025-02-25;2025-03-03;2025-02-24;2025-03-04;2025-02-18;2025-03-07;2025-02-28,2025-03-07;2025-03-06;2025-03-05;2025-03-04;2025-03-03;2025-02-28;2025-02-27;2025-02-26;2025-02-25;2025-02-24;2025-02-21;2025-02-20;2025-02-19;2025-02-18,2025-03-09,9600.0,10800.0,10800.0,23.19132390046295,29.92749564885704,25.598863594734983,45.60334978985669,76677.61533048157,1385.2864655379117,5602.876121419287,47194.90761048412,4030.044132984245,51224.951743468366,54881.81906659187,54881.81901170996,42086.827086980804,1412.89525,lexicographic,5.4881819011709965e-05,4.2086827044893985e-05,False,1.0889148999995086,0.0,1,0
2025-03-11,False,2,1.0,7,0.8,14,2025-03-04;2025-03-05,2025-03-04;2025-03-05;2025-03-03;2025-02-25;2025-02-18;2025-03-06;2025-03-10,2025-03-10;2025-03-07;2025-03-06;2025-03-05;2025-03-04;2025-03-03;2025-02-28;2025-02-27;2025-02-26;2025-02-25;2025-02-24;2025-02-21;2025-02-20;2025-02-19,2025-03-10,9600.0,10800.0,10800.0,19.19040283564814,23.630470215510258,27.568853568581588,54.77430933923507,75136.5245912489,576.7250716668875,7364.398027197836,45691.20547248239,2124.309920020723,47815.51539250311,53449.5320125061,53449.531959056505,42010.41280341847,1416.5360923031353,lexicographic,5.3449531959056506e-05,4.201041276140806e-05,False,0.6418659000009939,0.0,1,0
2025-03-12,False,2,1.0,7,0.8,14,2025-03-06;2025-03-05,2025-03-06;2025-03-05;2025-03-11;2025-02-26;2025-03-04;2025-03-07;2025-02-25,2025-03-11;2025-03-10;2025-03-07;2025-03-06;2025-03-05;2025-03-04;2025-03-03;2025-02-28;2025-02-27;2025-02-26;2025-02-25;2025-02-24;2025-02-21;2025-02-20,2025-03-11,9600.0,10800.0,10800.0,16.846851331018513,21.933579875600113,24.14427708488596,41.34331227594203,72516.6665838856,874.7624372556186,6676.681078819012,44103.64221951637,2827.162375851328,46930.8045953677,51940.508609056524,51940.508557115965,40765.136835630896,1407.4503811933441,lexicographic,5.194050855711597e-05,4.0765136794865766e-05,False,0.9717322000014974,0.0,1,0
2025-03-13,False,2,1.0,7,0.8,14,2025-03-06;2025-03-12,2025-03-06;2025-03-12;2025-03-07;2025-03-05;2025-02-26;2025-02-28;2025-02-27,2025-03-12;2025-03-11;2025-03-10;2025-03-07;2025-03-06;2025-03-05;2025-03-04;2025-03-03;2025-02-28;2025-02-27;2025-02-26;2025-02-25;2025-02-24;2025-02-21,2025-03-12,9600.0,10800.0,10800.0,17.88516464120371,23.670090261119732,40.743662679191175,78.29247432807658,71167.94109013576,3849.935774385194,3168.3744528306843,43174.52739228122,14537.338230061565,57711.86562234278,50954.65236510735,50954.65231415264,41000.161868382784,1423.6094482487358,lexicographic,5.0954652314152645e-05,4.100016182738263e-05,False,1.0090135999998893,0.0,1,0
2025-03-14,False,2,1.0,7,0.8,14,2025-03-07;2025-03-06,2025-03-07;2025-03-06;2025-03-13;2025-03-05;2025-03-12;2025-03-11;2025-02-28,2025-03-13;2025-03-12;2025-03-11;2025-03-10;2025-03-07;2025-03-06;2025-03-05;2025-03-04;2025-03-03;2025-02-28;2025-02-27;2025-02-26;2025-02-25;2025-02-24,2025-03-13,9600.0,10800.0,10800.0,156.72299340277777,171.39028568365978,27.53148881557967,54.759598757347014,50845.76340501796,0.0,31213.071960770183,28645.485023572386,0.0,28645.485023572386,35380.28548336639,35380.28544798609,34325.84465397451,1325.8027553996667,lexicographic,3.538028544798609e-05,3.432584461964868e-05,False,0.9604493000006187,0.0,1,0
2025-03-15,False,2,1.0,7,0.8,14,2025-03-08;2025-03-01,2025-03-08;2025-03-01;2025-02-22;2025-03-09;2025-03-02;2025-02-15;2025-02-23,2025-03-09;2025-03-08;2025-03-02;2025-03-01;2025-02-23;2025-02-22;2025-02-16;2025-02-15;2025-02-09;2025-02-08;2025-02-02;2025-02-01;2025-01-26;2025-01-25,2025-03-14,9600.0,10800.0,10800.0,17.596778125,22.574527830769902,30.895999613986888,55.073045192263095,35857.873856261846,1059.9558428663952,12073.878837080381,18747.66470393134,3775.309494416084,22522.974198347423,28201.242825924863,28201.242797723608,37341.49757266644,1370.9424966889783,lexicographic,2.820124279772361e-05,3.734149753532495e-05,False,1.007081499999913,0.0,1,0
2025-03-16,False,2,1.0,7,0.8,14,2025-03-09;2025-03-02,2025-03-09;2025-03-02;2025-02-23;2025-02-16;2025-03-08;2025-02-09;2025-03-15,2025-03-15;2025-03-09;2025-03-08;2025-03-02;2025-03-01;2025-02-23;2025-02-22;2025-02-16;2025-02-15;2025-02-09;2025-02-08;2025-02-02;2025-02-01;2025-01-26,2025-03-15,9600.0,10800.0,10800.0,16.50414438657408,21.615296207918302,31.73462085832462,67.61317470353153,80263.07098716692,536.9067833333318,12987.722473267473,49949.72057874574,1525.5518352416643,51475.272413987404,60771.90655276223,60771.90649199038,42498.87967714752,1411.4663244140027,lexicographic,6.077190649199039e-05,4.2498879634648634e-05,False,0.31242439999914495,0.0,1,0
2025-03-17,False,2,1.0,7,0.8,14,2025-03-10;2025-03-11,2025-03-10;2025-03-11;2025-02-25;2025-03-03;2025-03-12;2025-03-04;2025-02-24,2025-03-14;2025-03-13;2025-03-12;2025-03-11;2025-03-10;2025-03-07;2025-03-06;2025-03-05;2025-03-04;2025-03-03;2025-02-28;2025-02-27;2025-02-26;2025-02-25,2025-03-16,9600.0,10800.0,10800.0,20.034028993055554,25.032196494767692,48.51891049892467,80.3220677590487,73111.89377475787,603.5303986796172,11585.504111792181,44408.89598091997,2393.0713137424323,46801.967294662405,51922.4309145344,51922.43086261186,40694.40745918255,1414.3904583891542,lexicographic,5.192243086261186e-05,4.069440741848815e-05,False,0.6475940000000264,0.0,1,0
2025-03-18,False,2,1.0,7,0.8,14,2025-03-17;2025-03-10,2025-03-17;2025-03-10;2025-03-12;2025-03-13;2025-02-26;2025-02-25;2025-03-11,2025-03-17;2025-03-14;2025-03-13;2025-03-12;2025-03-11;2025-03-10;2025-03-07;2025-03-06;2025-03-05;2025-03-04;2025-03-03;2025-02-28;2025-02-27;2025-02-26,2025-03-17,9600.0,10800.0,10800.0,17.3440329861111,21.669999988325923,23.038470866885987,42.802062170460424,70150.07265181403,1326.397451811701,6204.051699639326,42343.70534553434,5911.4055602396265,48255.11090577397,49792.73633798036,49792.73628818754,39500.48772394056,1416.7358249956817,lexicographic,4.979273628818754e-05,3.9500487684440084e-05,False,0.9159845000012865,0.0,1,0
2025-03-19,False,2,1.0,7,0.8,14,2025-03-12;2025-03-13,2025-03-12;2025-03-13;2025-03-05;2025-03-06;2025-03-18;2025-02-26;2025-03-11,2025-03-18;2025-03-17;2025-03-14;2025-03-13;2025-03-12;2025-03-11;2025-03-10;2025-03-07;2025-03-06;2025-03-05;2025-03-04;2025-03-03;2025-02-28;2025-02-27,2025-03-18,9600.0,10800.0,10800.0,18.39480978009259,22.9502850210898,26.56026174231131,47.162216332986304,72346.25172279197,420.7026354091138,8935.185552940402,43985.55976382921,1349.9104455306194,45335.47020935983,51268.08422044634,51268.08416917816,41594.736963272895,1411.7786748730632,lexicographic,5.126808416917816e-05,4.159473692167817e-05,False,0.7844616999991558,0.0,1,0
2025-03-20,False,2,1.0,7,0.8,14,2025-03-13;2025-03-19,2025-03-13;2025-03-19;2025-03-06;2025-03-12;2025-03-18;2025-03-07;2025-02-26,2025-03-19;2025-03-18;2025-03-17;2025-03-14;2025-03-13;2025-03-12;2025-03-11;2025-03-10;2025-03-07;2025-03-06;2025-03-05;2025-03-04;2025-03-03;2025-02-28,2025-03-19,9600.0,10800.0,10800.0,18.888384201388888,23.792995841267544,16.505342708492137,29.96830250945186,68898.70029619063,1023.2310656194634,3550.0213387146605,41618.602565192145,3704.515047523677,45323.117612715825,45228.20338931146,45228.20334408321,39657.55922966337,1407.521167151535,lexicographic,4.522820334408321e-05,3.965755919000582e-05,False,0.596773100000064,1.608721345579444e-16,1,0
2025-03-21,False,2,1.0,7,0.8,14,2025-03-07;2025-03-13,2025-03-07;2025-03-13;2025-03-20;2025-03-14;2025-03-06;2025-02-28;2025-03-19,2025-03-20;2025-03-19;2025-03-18;2025-03-17;2025-03-14;2025-03-13;2025-03-12;2025-03-11;2025-03-10;2025-03-07;2025-03-06;2025-03-05;2025-03-04;2025-03-03,2025-03-20,9600.0,10800.0,10800.0,155.314493287037,172.4984694768534,34.27964068824667,60.2176779557789,47168.82167560789,0.0,31485.200590698616,26707.05742303747,0.0,26707.05742303747,29623.658056835386,29623.658027211743,34772.54415010067,1331.0222962613327,lexicographic,2.9623658027211744e-05,3.477254411532813e-05,False,0.8066806999995606,0.0,1,0
2025-03-22,False,2,1.0,7,0.8,14,2025-03-15;2025-03-08,2025-03-15;2025-03-08;2025-03-01;2025-03-09;2025-02-22;2025-03-16;2025-03-02,2025-03-16;2025-03-15;2025-03-09;2025-03-08;2025-03-02;2025-03-01;2025-02-23;2025-02-22;2025-02-16;2025-02-15;2025-02-09;2025-02-08;2025-02-02;2025-02-01,2025-03-21,9600.0,10800.0,10800.0,16.264361805555545,19.99365558606291,25.858074772470736,47.09629033016487,33170.0926362434,383.8479083333334,13619.407828290905,16877.366098320384,1123.6840769416672,18001.05017526205,24732.586218947574,24732.586194214997,38613.32999549479,1390.4508025890354,lexicographic,2.4732586194214998e-05,3.861332995688146e-05,False,0.6785632999999507,0.0,1,0
2025-03-23,False,2,1.0,7,0.8,14,2025-03-09;2025-03-16,2025-03-09;2025-03-16;2025-03-02;2025-02-23;2025-03-15;2025-03-22;2025-02-16,2025-03-22;2025-03-16;2025-03-15;2025-03-09;2025-03-08;2025-03-02;2025-03-01;2025-02-23;2025-02-22;2025-02-16;2025-02-15;2025-02-09;2025-02-08;2025-02-02,2025-03-22,9600.0,10800.0,10800.0,16.474060127314814,20.685626832718185,32.47883508535381,63.595499575735666,71720.44268103427,734.797351212502,9381.26790377762,43422.977293213626,2920.439518734858,46343.41681194848,54283.49981573229,54283.49976144887,41003.66390190789,1413.3816501677647,lexicographic,5.4283499761448874e-05,4.1003663860904224e-05,False,0.7571535000006406,0.0,1,0
2025-03-24,False,2,1.0,7,0.8,14,2025-03-17;2025-03-10,2025-03-17;2025-03-10;2025-03-18;2025-03-11;2025-03-21;2025-03-19;2025-03-03,2025-03-21;2025-03-20;2025-03-19;2025-03-18;2025-03-17;2025-03-14;2025-03-13;2025-03-12;2025-03-11;2025-03-10;2025-03-07;2025-03-06;2025-03-05;2025-03-04,2025-03-23,9600.0,10800.0,10800.0,18.49546666666667,23.452005316377385,17.330955377787284,31.924000000922973,65444.54381711627,1024.5014025147755,4361.599530900427,39374.85326971932,3396.133894654556,42770.98716437388,42754.89853701845,42754.898494263514,39143.14197773201,1416.7356880057307,lexicographic,4.275489849426352e-05,3.9143141938588874e-05,False,0.7562478999989253,1.701783391009489e-16,1,0
2025-03-25,False,2,1.0,7,0.8,14,2025-03-18;2025-03-24,2025-03-18;2025-03-24;2025-03-17;2025-03-19;2025-03-10;2025-03-12;2025-03-20,2025-03-24;2025-03-21;2025-03-20;2025-03-19;2025-03-18;2025-03-17;2025-03-14;2025-03-13;2025-03-12;2025-03-11;2025-03-10;2025-03-07;2025-03-06;2025-03-05,2025-03-24,9600.0,10800.0,10800.0,20.562273958333332,25.0830441490341,24.11208720480461,46.78530008147021,65485.91122792131,2731.7036310716344,3132.269270786055,39298.64068160136,10697.002190421701,49995.64287202306,42697.925360123576,42697.9253174256,39393.41988151478,1436.1265185129153,lexicographic,4.26979253174256e-05,3.9393419842121376e-05,False,0.6390529000000242,0.0,1,0
2025-03-26,False,2,1.0,7,0.8,14,2025-03-19;2025-03-12,2025-03-19;2025-03-12;2025-03-13;2025-03-20;2025-03-25;2025-03-18;2025-03-06,2025-03-25;2025-03-24;2025-03-21;2025-03-20;2025-03-19;2025-03-18;2025-03-17;2025-03-14;2025-03-13;2025-03-12;2025-03-11;2025-03-10;2025-03-07;2025-03-06,2025-03-25,9600.0,10800.0,10800.0,15.209714583333323,19.407754070657646,42.03178781150583,80.78447695095156,67534.51074889358,694.6488717071131,8525.135012680123,40544.35182334752,2371.7914568792153,42916.14328022674,44143.2485106785,44143.2484665352,39167.15911405043,1409.7871805395298,lexicographic,4.41432484665352e-05,3.9167159074883284e-05,False,0.7179538000000321,0.0,1,0
2025-03-27,False,2,1.0,7,0.8,14,2025-03-20;2025-03-13,2025-03-20;2025-03-13;2025-03-26;2025-03-21;2025-03-19;2025-03-12;2025-03-06,2025-03-26;2025-03-25;2025-03-24;2025-03-21;2025-03-20;2025-03-19;2025-03-18;2025-03-17;2025-03-14;2025-03-13;2025-03-12;2025-03-11;2025-03-10;2025-03-07,2025-03-26,9600.0,10800.0,10800.0,18.002393576388883,22.321924261315218,18.363040542140897,33.13051618168517,64755.28121739713,1290.997881541377,3248.3340055405683,38910.347056845014,4513.152866505088,43423.4999233501,42158.77464797435,42158.774605815495,38876.47265815937,1422.8191619213994,lexicographic,4.2158774605815497e-05,3.8876472619282914e-05,False,0.7304488999998284,0.0,1,0
2025-03-28,False,2,1.0,7,0.8,14,2025-03-21;2025-03-27,2025-03-21;2025-03-27;2025-03-20;2025-03-13;2025-02-28;2025-03-07;2025-03-26,2025-03-27;2025-03-26;2025-03-25;2025-03-24;2025-03-21;2025-03-20;2025-03-19;2025-03-18;2025-03-17;2025-03-14;2025-03-13;2025-03-12;2025-03-11;2025-03-10,2025-03-27,9600.0,10800.0,10800.0,162.75470850694444,179.51865052472104,15.352900070859087,29.477610293652653,43320.53755916965,27.689999999999145,28493.742656641472,24716.38139938032,59.201219999998166,24775.58261938032,27529.69306415953,27529.693036629873,38415.86045215448,1335.5741645503285,lexicographic,2.7529693036629875e-05,3.841586041373861e-05,False,0.6984865000013087,0.0,1,0
2025-03-29,False,2,1.0,7,0.8,14,2025-03-22;2025-03-15,2025-03-22;2025-03-15;2025-03-08;2025-03-23;2025-03-01;2025-02-22;2025-03-09,2025-03-23;2025-03-22;2025-03-16;2025-03-15;2025-03-09;2025-03-08;2025-03-02;2025-03-01;2025-02-23;2025-02-22;2025-02-16;2025-02-15;2025-02-09;2025-02-08,2025-03-28,9600.0,10800.0,10800.0,15.425295428240743,18.800130083648444,53.64351794858083,90.22753428183219,30687.393693174672,591.7921705550733,19518.64334706307,15433.608978263204,2219.73771984264,17653.346698105845,20439.59843900441,20439.598418564838,38613.333333333336,1412.2602783071234,lexicographic,2.043959841856484e-05,3.861333333333333e-05,False,0.90572659999998,1.7798680446614925e-16,1,0
2025-03-30,False,2,1.0,7,0.8,14,2025-03-23;2025-03-09,2025-03-23;2025-03-09;2025-03-16;2025-03-29;2025-03-22;2025-03-15;2025-03-02,2025-03-29;2025-03-23;2025-03-22;2025-03-16;2025-03-15;2025-03-09;2025-03-08;2025-03-02;2025-03-01;2025-02-23;2025-02-22;2025-02-16;2025-02-15;2025-02-09,2025-03-29,9600.0,10800.0,10800.0,19.078686226851858,23.074271015746383,22.46210759042105,41.44686137510359,64230.80967993463,1037.0230162203202,5868.879771574711,38454.4583388708,3815.3569422646497,42269.815281135445,46032.19216867721,46032.19212264508,38613.33229731711,1412.3265626409172,lexicographic,4.603219212264508e-05,3.861333225870378e-05,False,0.6326927999998588,0.0,1,0
2025-03-31,False,2,1.0,7,0.8,14,2025-03-24;2025-03-17,2025-03-24;2025-03-17;2025-03-25;2025-03-10;2025-03-18;2025-03-28;2025-03-26,2025-03-28;2025-03-27;2025-03-26;2025-03-25;2025-03-24;2025-03-21;2025-03-20;2025-03-19;2025-03-18;2025-03-17;2025-03-14;2025-03-13;2025-03-12;2025-03-11,2025-03-30,9600.0,10800.0,10800.0,17.665420775462962,21.527365653553403,32.096068528044235,55.242461715966314,64261.07811106599,1928.1602788896862,5161.988021170679,38527.63056330872,7559.949057177659,46087.57962048637,41689.93574958225,41689.93570789225,38827.937908776425,1421.981405048486,lexicographic,4.168993570789225e-05,3.88279378699485e-05,False,0.9379513999992923,0.0,1,0
2025-04-01,False,2,1.0,10,0.8,14,2025-03-25;2025-03-18,2025-03-25;2025-03-18;2025-03-24;2025-03-31;2025-03-26;2025-03-17;2025-03-19;2025-03-12;2025-03-10;2025-03-27,2025-03-31;2025-03-28;2025-03-27;2025-03-26;2025-03-25;2025-03-24;2025-03-21;2025-03-20;2025-03-19;2025-03-18;2025-03-17;2025-03-14;2025-03-13;2025-03-12,2025-03-31,9600.0,10800.0,10800.0,19.382576967592584,24.39084243444331,33.78952836231973,66.97947163198904,64836.6455178097,2922.1257292115097,3431.5407312340412,38690.37140985473,8223.436637180454,46913.808047035185,42219.41301717635,42219.41297495689,39232.978886358556,1399.6525127622485,lexicographic,4.2219412974956895e-05,3.9232978847125594e-05,False,0.859605499999816,0.0,1,0
2025-04-02,False,2,1.0,10,0.8,14,2025-03-26;2025-03-19,2025-03-26;2025-03-19;2025-03-12;2025-03-13;2025-04-01;2025-03-20;2025-03-05;2025-03-25;2025-03-06;2025-03-27,2025-04-01;2025-03-31;2025-03-28;2025-03-27;2025-03-26;2025-03-25;2025-03-24;2025-03-21;2025-03-20;2025-03-19;2025-03-18;2025-03-17;2025-03-14;2025-03-13,2025-04-01,9600.0,10800.0,10800.0,17.066151504629616,21.632241424918835,33.382638206171464,58.02291121511498,66517.86635380401,2159.7520588165303,4170.312020210112,39448.4467389891,9599.285077115463,49047.73181610456,42983.14997384968,42983.14993086646,38790.881559278336,1406.5541270048598,lexicographic,4.298314993086646e-05,3.8790881520487465e-05,False,0.870764400000553,0.0,1,0
2025-04-03,False,2,1.0,10,0.8,14,2025-04-02;2025-03-20,2025-04-02;2025-03-20;2025-03-13;2025-03-27;2025-03-26;2025-03-19;2025-03-21;2025-03-06;2025-03-12;2025-03-28,2025-04-02;2025-04-01;2025-03-31;2025-03-28;2025-03-27;2025-03-26;2025-03-25;2025-03-24;2025-03-21;2025-03-20;2025-03-19;2025-03-18;2025-03-17;2025-03-14,2025-04-02,9600.0,10800.0,10800.0,18.240927835648144,24.176368450803615,32.72191521255231,61.58911432531086,65877.94262411166,1054.037799242159,6996.825994184961,39448.79761779477,3959.8394189393152,43408.637036734086,43025.850950720094,43025.8509076942,38787.57754804719,1418.8149168256914,lexicographic,4.30258509076942e-05,3.878757750925963e-05,False,0.7801342999991903,0.0,1,0
2025-04-04,False,2,1.0,10,0.8,14,2025-03-28;2025-03-21,2025-03-28;2025-03-21;2025-03-27;2025-03-20;2025-04-03;2025-03-13;2025-03-07;2025-02-28;2025-03-26;2025-03-25,2025-04-03;2025-04-02;2025-04-01;2025-03-31;2025-03-28;2025-03-27;2025-03-26;2025-03-25;2025-03-24;2025-03-21;2025-03-20;2025-03-19;2025-03-18;2025-03-17,2025-04-03,9600.0,10800.0,10800.0,17.381484548611112,21.243859343999443,30.93554518101227,60.30251734951855,29904.14788647821,516.7629857368239,19936.77529395334,14913.341360285343,1775.3060026914704,16688.647362976815,16960.901119186612,16960.901102225704,38613.33328501935,1270.1611576073165,lexicographic,1.6960901102225704e-05,3.861333324640603e-05,False,0.8828510000003007,0.0,1,0
2025-04-05,False,2,1.0,10,0.8,14,2025-03-29;2025-03-22,2025-03-29;2025-03-22;2025-03-15;2025-03-08;2025-03-30;2025-03-23;2025-03-01;2025-03-09;2025-02-22;2025-03-16,2025-03-30;2025-03-29;2025-03-23;2025-03-22;2025-03-16;2025-03-15;2025-03-09;2025-03-08;2025-03-02;2025-03-01;2025-02-23;2025-02-22;2025-02-16;2025-02-15,2025-04-04,9600.0,10800.0,10800.0,18.842342592592583,23.532260149619994,24.911813750457814,46.07819631787529,29680.86585233393,1037.650266365295,14621.067806937448,14805.946676853107,3433.326837069104,18239.273513922213,16639.54041217997,16639.54039554044,38613.333286607776,1408.6333483082435,lexicographic,1.663954039554044e-05,3.861333324799446e-05,False,0.7947921000013594,2.1863457286757312e-16,1,0
2025-04-06,False,2,1.0,10,0.8,14,2025-03-30;2025-03-23,2025-03-30;2025-03-23;2025-03-09;2025-03-16;2025-03-02;2025-04-05;2025-03-29;2025-03-22;2025-03-15;2025-02-23,2025-04-05;2025-03-30;2025-03-29;2025-03-23;2025-03-22;2025-03-16;2025-03-15;2025-03-09;2025-03-08;2025-03-02;2025-03-01;2025-02-23;2025-02-22;2025-02-16,2025-04-05,9600.0,10800.0,10800.0,17.06895665509259,21.423353847970258,19.88556019739335,36.76036920680069,63751.91477184434,920.1073458207213,6116.808390933287,37968.72721364095,3325.8429719857318,41294.57018562668,41114.21464038406,41114.214599269864,39487.888435357134,1409.4374552354147,lexicographic,4.1114214599269866e-05,3.948788839586924e-05,False,0.7948965000014141,0.0,1,0
2025-04-07,False,2,1.0,10,0.8,14,2025-03-31;2025-03-24,2025-03-31;2025-03-24;2025-03-17;2025-03-25;2025-04-01;2025-03-10;2025-03-18;2025-04-04;2025-03-28;2025-03-26,2025-04-04;2025-04-03;2025-04-02;2025-04-01;2025-03-31;2025-03-28;2025-03-27;2025-03-26;2025-03-25;2025-03-24;2025-03-21;2025-03-20;2025-03-19;2025-03-18,2025-04-06,9600.0,10800.0,10800.0,16.76521018518519,22.18230346168669,33.7957380191833,61.321103839301884,63136.122284077035,1191.962599190384,7016.218669009741,37502.95284072112,4055.6183238458825,41558.571164567,40805.533123011075,40805.533082205526,38763.97865775302,1415.0070387471271,lexicographic,4.080553308220553e-05,3.876397861898905e-05,False,1.289389999999912,0.0,1,0
2025-04-08,False,2,1.0,10,0.8,14,2025-03-25;2025-03-18,2025-03-25;2025-03-18;2025-04-01;2025-04-07;2025-03-31;2025-03-24;2025-03-26;2025-03-17;2025-03-27;2025-03-19,2025-04-07;2025-04-04;2025-04-03;2025-04-02;2025-04-01;2025-03-31;2025-03-28;2025-03-27;2025-03-26;2025-03-25;2025-03-24;2025-03-21;2025-03-20;2025-03-19,2025-04-07,9600.0,10800.0,10800.0,16.528788888888887,20.30159139009534,37.99009758166787,71.14824135741844,63643.92654948511,1421.1644019914374,6659.1708829876325,37735.74188871745,6068.901173256904,43804.643061974355,40879.727076792245,40879.72703591252,38607.55198841204,1399.6525096468486,lexicographic,4.087972703591252e-05,3.860755194980449e-05,False,0.7840192999992723,0.0,1,0
2025-04-09,False,2,1.0,10,0.8,14,2025-03-27;2025-04-08,2025-03-27;2025-04-08;2025-03-26;2025-04-01;2025-03-20;2025-03-25;2025-03-19;2025-03-18;2025-04-03;2025-04-02,2025-04-08;2025-04-07;2025-04-04;2025-04-03;2025-04-02;2025-04-01;2025-03-31;2025-03-28;2025-03-27;2025-03-26;2025-03-25;2025-03-24;2025-03-21;2025-03-20,2025-04-08,9600.0,10800.0,10800.0,18.16290185185185,22.8494292914482,34.92650295486736,62.67944713536406,64088.77409786362,2298.146692967584,3177.6415966854747,38262.49516001452,7278.987267603565,45541.48242761809,41825.93337593488,41825.93333410894,38819.43369072171,1424.6808614319507,lexicographic,4.182593333410894e-05,3.881943365190228e-05,False,1.1317577000008896,0.0,1,0
2025-04-10,False,2,1.0,10,0.8,14,2025-04-03;2025-03-27,2025-04-03;2025-03-27;2025-03-20;2025-03-13;2025-03-26;2025-04-02;2025-04-09;2025-04-04;2025-03-21;2025-03-19,2025-04-09;2025-04-08;2025-04-07;2025-04-04;2025-04-03;2025-04-02;2025-04-01;2025-03-31;2025-03-28;2025-03-27;2025-03-26;2025-03-25;2025-03-24;2025-03-21,2025-04-09,9600.0,10800.0,10800.0,16.579122453703704,21.20889123908624,32.26812101642767,61.64278486661977,65732.30736821226,858.9902775378591,8011.8937720857175,38913.80864306017,3319.194582049649,42233.00322510982,42548.30149831545,42548.30145576711,39236.66532806626,1430.6859149421089,lexicographic,4.2548301455767114e-05,3.923666528882959e-05,False,1.1718017000002874,0.0,1,0
2025-04-11,False,2,1.0,10,0.8,14,2025-04-04;2025-03-28,2025-04-04;2025-03-28;2025-03-27;2025-03-21;2025-04-10;2025-03-20;2025-04-09;2025-04-03;2025-03-13;2025-04-08,2025-04-10;2025-04-09;2025-04-08;2025-04-07;2025-04-04;2025-04-03;2025-04-02;2025-04-01;2025-03-31;2025-03-28;2025-03-27;2025-03-26;2025-03-25;2025-03-24,2025-04-10,9600.0,10800.0,10800.0,19.51916765046296,23.911265077692573,34.69855815638016,62.508682540442344,29061.91981131994,893.936188744861,20585.872500064805,14367.994024810185,3110.9382587366317,17478.932283546816,16614.82958226849,16614.829565653657,38613.33333333333,1259.3831940398304,lexicographic,1.661482956565366e-05,3.861333333333333e-05,False,0.899514900000213,0.0,1,0
2025-04-12,False,2,1.0,10,0.8,14,2025-04-05;2025-03-29,2025-04-05;2025-03-29;2025-03-22;2025-03-15;2025-03-08;2025-03-30;2025-04-06;2025-03-23;2025-03-01;2025-02-22,2025-04-06;2025-04-05;2025-03-30;2025-03-29;2025-03-23;2025-03-22;2025-03-16;2025-03-15;2025-03-09;2025-03-08;2025-03-02;2025-03-01;2025-02-23;2025-02-22,2025-04-11,9600.0,10800.0,10800.0,17.51737199074074,22.273986751254604,28.201044763294323,45.42175881426202,29242.10932803323,436.27527090270286,16598.4726154455,14495.981752371177,1328.1004655689937,15824.082217940171,16450.57289008249,16450.57287363193,38626.84260325103,1393.4433333333363,lexicographic,1.645057287363193e-05,3.862684260325104e-05,False,1.4907512000008865,0.0,1,0
2025-04-13,False,2,1.0,10,0.8,14,2025-04-06;2025-03-30,2025-04-06;2025-03-30;2025-03-23;2025-03-09;2025-03-16;2025-03-02;2025-04-05;2025-03-29;2025-04-12;2025-03-22,2025-04-12;2025-04-06;2025-04-05;2025-03-30;2025-03-29;2025-03-23;2025-03-22;2025-03-16;2025-03-15;2025-03-09;2025-03-08;2025-03-02;2025-03-01;2025-02-23,2025-04-12,9600.0,10800.0,10800.0,19.865640509259258,24.18481927874625,21.424263370832495,40.110708800804,62460.436941386215,1248.6581034614119,5508.592891145742,36872.01999078544,5307.883459698789,42179.90345048423,39763.96553564525,39763.965495881304,37382.631807195095,1414.522173631141,lexicographic,3.976396549588131e-05,3.7382631769812465e-05,False,1.060338999999658,0.0,1,0
2025-04-14,False,2,1.0,10,0.8,14,2025-04-07;2025-03-31,2025-04-07;2025-03-31;2025-03-24;2025-03-17;2025-04-01;2025-04-08;2025-03-25;2025-03-10;2025-03-18;2025-04-09,2025-04-11;2025-04-10;2025-04-09;2025-04-08;2025-04-07;2025-04-04;2025-04-03;2025-04-02;2025-04-01;2025-03-31;2025-03-28;2025-03-27;2025-03-26;2025-03-25,2025-04-13,9600.0,10800.0,10800.0,19.029334895833326,24.18164130070125,32.93245366021154,54.50070473694976,64451.7599753503,867.6267025090976,8668.436683944026,38043.9288794274,3292.305843134456,41336.23472256186,41574.19581694298,41574.19577536882,39276.220689404436,1422.5124483173825,lexicographic,4.157419577536882e-05,3.927622065012822e-05,False,1.2693571999989217,0.0,1,0
2025-04-15,False,2,1.0,10,0.8,14,2025-04-08;2025-04-01,2025-04-08;2025-04-01;2025-03-25;2025-04-09;2025-03-18;2025-04-14;2025-04-07;2025-03-31;2025-03-24;2025-03-26,2025-04-14;2025-04-11;2025-04-10;2025-04-09;2025-04-08;2025-04-07;2025-04-04;2025-04-03;2025-04-02;2025-04-01;2025-03-31;2025-03-28;2025-03-27;2025-03-26,2025-04-14,9600.0,10800.0,10800.0,19.032147453703708,23.16485518521193,36.8122684199213,66.16034134722666,62672.15783034761,457.1995361924897,8896.858074764265,37017.5194622717,1956.8480371458936,38974.367499417596,40437.62767474032,40437.62763430272,38991.881735689174,1412.6749901367511,lexicographic,4.0437627634302724e-05,3.899188169669731e-05,False,1.302125199999864,0.0,1,0
2025-04-16,False,2,1.0,10,0.8,14,2025-04-09;2025-04-15,2025-04-09;2025-04-15;2025-04-08;2025-03-27;2025-04-10;2025-04-01;2025-03-20;2025-03-26;2025-03-25;2025-03-18,2025-04-15;2025-04-14;2025-04-11;2025-04-10;2025-04-09;2025-04-08;2025-04-07;2025-04-04;2025-04-03;2025-04-02;2025-04-01;2025-03-31;2025-03-28;2025-03-27,2025-04-15,9600.0,10800.0,10800.0,16.580488310185174,20.84827067197163,32.00598800000492,60.771568329714526,61146.92243821048,2360.1796399607474,3767.416582998041,36460.64047459708,7130.642989564412,43591.28346416149,39833.326203120814,39833.3261632875,37725.10166717625,1405.0383254523315,lexicographic,3.98333261632875e-05,3.772510162945116e-05,False,0.7950078999983816,0.0,1,0
2025-04-17,False,2,1.0,10,0.8,14,2025-04-10;2025-03-27,2025-04-10;2025-03-27;2025-04-03;2025-03-20;2025-04-09;2025-04-16;2025-04-04;2025-03-26;2025-03-13;2025-04-02,2025-04-16;2025-04-15;2025-04-14;2025-04-11;2025-04-10;2025-04-09;2025-04-08;2025-04-07;2025-04-04;2025-04-03;2025-04-02;2025-04-01;2025-03-31;2025-03-28,2025-04-16,9600.0,10800.0,10800.0,15.033866145833324,18.349720537417397,26.75288320855106,49.33288636352143,64744.53142127684,374.2996495182194,8142.57883386584,38172.054212161485,1474.647407608033,39646.70161976952,41599.976663806796,41599.97662220687,39133.24681758905,1412.8714639182313,lexicographic,4.159997662220687e-05,3.913324677845582e-05,False,0.8519094000002951,0.0,1,0
2025-04-18,False,2,1.0,10,0.8,14,2025-04-04;2025-04-11,2025-04-04;2025-04-11;2025-03-28;2025-04-17;2025-03-21;2025-04-10;2025-03-27;2025-04-03;2025-03-20;2025-04-09,2025-04-17;2025-04-16;2025-04-15;2025-04-14;2025-04-11;2025-04-10;2025-04-09;2025-04-08;2025-04-07;2025-04-04;2025-04-03;2025-04-02;2025-04-01;2025-03-31,2025-04-17,9600.0,10800.0,10800.0,17.56750509259259,22.523877799712373,22.571112641548574,39.64178305809866,28595.668303522,546.5445555596121,18734.762347219657,14068.50749531784,1693.5087638050536,15762.016259122893,16449.667732929825,16449.667716480166,38613.333287562185,1254.1670572254216,lexicographic,1.6449667716480168e-05,3.8613333248948854e-05,False,0.6393581000011181,0.0,1,0
2025-04-19,False,2,1.0,10,0.8,14,2025-04-05;2025-04-12,2025-04-05;2025-04-12;2025-03-29;2025-03-22;2025-03-15;2025-03-08;2025-04-13;2025-04-06;2025-03-30;2025-03-01,2025-04-13;2025-04-12;2025-04-06;2025-04-05;2025-03-30;2025-03-29;2025-03-23;2025-03-22;2025-03-16;2025-03-15;2025-03-09;2025-03-08;2025-03-02;2025-03-01,2025-04-18,9600.0,10800.0,10800.0,17.925953125000003,23.014877211808642,25.684417563100126,43.124646138401324,28794.13200106816,546.6809547703987,18502.800372505226,14251.892434074329,1808.6115993453982,16060.504033419727,16130.067303942731,16130.067287812668,38613.33333333333,1394.6208333333361,lexicographic,1.6130067287812668e-05,3.861333333333333e-05,False,0.7976405000008526,0.0,1,0
2025-04-20,False,2,1.0,10,0.8,14,2025-04-13;2025-04-06,2025-04-13;2025-04-06;2025-03-30;2025-03-23;2025-03-09;2025-03-16;2025-04-19;2025-04-05;2025-04-12;2025-03-02,2025-04-19;2025-04-13;2025-04-12;2025-04-06;2025-04-05;2025-03-30;2025-03-29;2025-03-23;2025-03-22;2025-03-16;2025-03-15;2025-03-09;2025-03-08;2025-03-02,2025-04-19,9600.0,10800.0,10800.0,16.921446469907405,21.727004051443274,24.018600201260636,43.97845771796112,60931.348052622474,808.6173265208062,5773.761698425249,35916.12555364317,2735.7568641953003,38651.88241783847,38683.483450570806,38683.48341188734,38185.84433298062,1413.076073422641,lexicographic,3.8683483411887345e-05,3.8185844294794784e-05,False,0.7241683000011108,0.0,1,0
2025-04-21,False,2,1.0,10,0.8,14,2025-04-14;2025-04-07,2025-04-14;2025-04-07;2025-03-31;2025-03-24;2025-04-15;2025-04-08;2025-03-17;2025-04-01;2025-03-25;2025-03-10,2025-04-18;2025-04-17;2025-04-16;2025-04-15;2025-04-14;2025-04-11;2025-04-10;2025-04-09;2025-04-08;2025-04-07;2025-04-04;2025-04-03;2025-04-02;2025-04-01,2025-04-20,9600.0,10800.0,10800.0,20.03395931712963,24.888497124949158,37.58414287208515,65.31490131063629,60669.87352674656,744.3037059252897,8985.191343650029,35712.018583050434,2501.5135562289743,38213.53213927941,38993.28698574945,38993.28694675618,37267.66665945359,1408.5290907835788,lexicographic,3.899328694675618e-05,3.726766662218593e-05,False,0.9409123999994335,0.0,1,0
2025-04-22,False,2,1.0,10,0.8,14,2025-04-08;2025-04-15,2025-04-08;2025-04-15;2025-04-16;2025-04-09;2025-04-21;2025-03-25;2025-04-07;2025-03-18;2025-04-01;2025-03-31,2025-04-21;2025-04-18;2025-04-17;2025-04-16;2025-04-15;2025-04-14;2025-04-11;2025-04-10;2025-04-09;2025-04-08;2025-04-07;2025-04-04;2025-04-03;2025-04-02,2025-04-21,9600.0,10800.0,10800.0,18.553381944444432,22.81164258438334,25.510747710655544,49.47587877317327,58237.913051803844,1883.4892785907878,4168.866885224198,34606.272926580066,5851.582356700249,40457.85528328032,37847.88163027154,37847.88159242364,36196.24785574647,1416.193330311536,lexicographic,3.784788159242364e-05,3.619624781955024e-05,False,1.0032324999992852,0.0,1,0
2025-04-23,False,2,1.0,10,0.8,14,2025-04-09;2025-04-16,2025-04-09;2025-04-16;2025-04-17;2025-04-15;2025-04-10;2025-03-26;2025-03-27;2025-04-08;2025-04-02;2025-04-22,2025-04-22;2025-04-21;2025-04-18;2025-04-17;2025-04-16;2025-04-15;2025-04-14;2025-04-11;2025-04-10;2025-04-09;2025-04-08;2025-04-07;2025-04-04;2025-04-03,2025-04-22,9600.0,10800.0,10800.0,19.41100763888889,23.641113764293824,22.668722472856395,39.23734032714314,60960.062804475965,788.5913112793014,6486.287217402342,35961.91699856111,2457.176263664463,38419.09326222557,39104.06456485775,39104.06452575376,36794.920151853396,1419.611002486701,lexicographic,3.910406452575376e-05,3.6794920115058486e-05,False,0.7635715999986132,0.0,1,0
2025-04-24,False,2,1.0,10,0.8,14,2025-04-17;2025-04-10,2025-04-17;2025-04-10;2025-04-23;2025-03-27;2025-04-09;2025-04-16;2025-04-18;2025-04-03;2025-03-20;2025-04-04,2025-04-23;2025-04-22;2025-04-21;2025-04-18;2025-04-17;2025-04-16;2025-04-15;2025-04-14;2025-04-11;2025-04-10;2025-04-09;2025-04-08;2025-04-07;2025-04-04,2025-04-23,9600.0,10800.0,10800.0,16.783579803240748,21.131011136368933,37.05288750537645,68.37502616425023,60171.18388212402,566.1307868009101,9781.127449694295,35491.81803632001,2230.6057764963953,37722.4238128164,38658.028217625324,38658.02817896735,36829.50389372358,1402.6577858151982,lexicographic,3.865802817896735e-05,3.682950385689409e-05,False,0.8919789999999921,0.0,1,0
2025-04-25,False,2,1.0,10,0.8,14,2025-04-18;2025-04-11,2025-04-18;2025-04-11;2025-04-04;2025-04-24;2025-03-28;2025-04-17;2025-03-27;2025-04-10;2025-03-21;2025-04-23,2025-04-24;2025-04-23;2025-04-22;2025-04-21;2025-04-18;2025-04-17;2025-04-16;2025-04-15;2025-04-14;2025-04-11;2025-04-10;2025-04-09;2025-04-08;2025-04-07,2025-04-24,9600.0,10800.0,10800.0,18.838371527777777,22.509333192604245,23.186227912338197,41.00316235624466,27399.60395056626,525.4519984887158,21871.364965721645,13157.313827095204,1987.2570936995594,15144.570920794764,15400.880803962797,15400.880788561919,38613.33333333333,1255.1018218062152,lexicographic,1.540088078856192e-05,3.861333333333333e-05,False,0.8303933999995934,3.543283196302906e-16,1,0
2025-04-26,False,2,1.0,10,0.8,14,2025-04-12;2025-04-05,2025-04-12;2025-04-05;2025-04-19;2025-03-29;2025-03-22;2025-03-15;2025-03-08;2025-04-20;2025-04-13;2025-03-30,2025-04-20;2025-04-19;2025-04-13;2025-04-12;2025-04-06;2025-04-05;2025-03-30;2025-03-29;2025-03-23;2025-03-22;2025-03-16;2025-03-15;2025-03-09;2025-03-08,2025-04-25,9600.0,10800.0,10800.0,19.14991504629629,23.746140280623976,53.996965807724834,98.33885818139652,28123.095028341428,653.0408833333332,24652.6089493699,13776.040685137243,2411.516853225,16187.557538362242,15616.407711956244,15616.407696339837,38613.33329178146,1394.6200157259045,lexicographic,1.5616407696339837e-05,3.861333325316813e-05,False,0.5329801000007137,0.0,1,0
2025-04-27,False,2,1.0,10,0.8,14,2025-04-20;2025-03-30,2025-04-20;2025-03-30;2025-04-06;2025-04-13;2025-03-23;2025-04-12;2025-04-26;2025-04-05;2025-03-29;2025-04-19,2025-04-26;2025-04-20;2025-04-19;2025-04-13;2025-04-12;2025-04-06;2025-04-05;2025-03-30;2025-03-29;2025-03-23;2025-03-22;2025-03-16;2025-03-15;2025-03-09,2025-04-26,9600.0,10800.0,10800.0,20.757893749999994,25.372061714929835,17.39102965826681,33.67038327155802,55391.99572436247,1214.4521075248197,4193.141168589527,32937.18339317529,4798.913809735268,37736.09720291056,35933.23671026579,35933.23667433253,36579.4853617664,1423.0899603769049,lexicographic,3.593323667433253e-05,3.657948532518692e-05,False,1.2247328000012203,0.0,1,0
2025-04-28,False,2,1.0,10,0.8,14,2025-04-21;2025-04-07,2025-04-21;2025-04-07;2025-04-22;2025-03-31;2025-04-14;2025-04-08;2025-04-15;2025-03-24;2025-03-25;2025-03-17,2025-04-25;2025-04-24;2025-04-23;2025-04-22;2025-04-21;2025-04-18;2025-04-17;2025-04-16;2025-04-15;2025-04-14;2025-04-11;2025-04-10;2025-04-09;2025-04-08,2025-04-27,9600.0,10800.0,10800.0,18.804678414351844,23.087550974862747,51.56895953725003,88.90755213473393,58113.34189899767,4218.487322256532,1956.5244600177402,34174.15475529868,15836.790264519042,50010.94501981772,37475.27834449269,37475.27830701739,35755.47776142799,1417.0607302537965,lexicographic,3.7475278307017395e-05,3.5755477725672524e-05,False,0.8223049999996874,1.9415353115125433e-16,1,0
2025-04-29,False,2,1.0,10,0.8,14,2025-04-15;2025-04-01,2025-04-15;2025-04-01;2025-03-25;2025-04-08;2025-04-23;2025-04-14;2025-04-21;2025-03-18;2025-04-22;2025-04-09,2025-04-28;2025-04-25;2025-04-24;2025-04-23;2025-04-22;2025-04-21;2025-04-18;2025-04-17;2025-04-16;2025-04-15;2025-04-14;2025-04-11;2025-04-10;2025-04-09,2025-04-28,9600.0,10800.0,10800.0,14.028157291666666,17.735081032328686,34.24976839043552,53.32240571865772,59287.3488349011,876.0533690209302,9000.031263109619,34962.09819843255,3308.296299419383,38270.39449785193,38270.05977037802,38270.05973210794,35534.65566159897,1403.0933303669672,lexicographic,3.827005973210794e-05,3.553465562606432e-05,False,0.9745367999985319,1.9012140731201993e-16,1,0
2025-04-30,False,2,1.0,10,0.8,14,2025-04-23;2025-04-16,2025-04-23;2025-04-16;2025-04-09;2025-04-24;2025-04-17;2025-04-15;2025-04-22;2025-04-08;2025-04-29;2025-03-27,2025-04-29;2025-04-28;2025-04-25;2025-04-24;2025-04-23;2025-04-22;2025-04-21;2025-04-18;2025-04-17;2025-04-16;2025-04-15;2025-04-14;2025-04-11;2025-04-10,2025-04-29,9600.0,10800.0,10800.0,17.707478935185172,22.28639310762059,33.49759742865675,54.614513597881356,57405.75997508667,1124.442598685735,6630.583406290612,34023.755280841,4247.30595005421,38271.061230895204,37464.340271753244,37464.34023428889,34702.12720425638,1409.6066538750001,lexicographic,3.746434023428889e-05,3.470212716955425e-05,False,1.5860647999998037,1.942102161330516e-16,1,0
2025-05-01,False,2,1.0,10,0.8,14,2025-04-24;2025-04-17,2025-04-24;2025-04-17;2025-04-30;2025-04-23;2025-04-10;2025-04-16;2025-03-27;2025-04-25;2025-04-09;2025-04-18,2025-04-30;2025-04-29;2025-04-28;2025-04-25;2025-04-24;2025-04-23;2025-04-22;2025-04-21;2025-04-18;2025-04-17;2025-04-16;2025-04-15;2025-04-14;2025-04-11,2025-04-30,9600.0,10800.0,10800.0,34.69009571759258,46.025785470484266,33.63651340368239,57.59815011516701,57066.28172099934,4291.7220490166,6746.007047601433,33589.29687794221,19167.91696095187,52757.21383889408,36849.21299020501,36849.212953355775,34300.6233661592,1404.5327887350136,lexicographic,3.6849212953355774e-05,3.4300623331858575e-05,False,1.1343163000001368,1.974521850274911e-16,1,0
2025-05-02,False,2,1.0,10,0.8,14,2025-04-25;2025-04-18,2025-04-25;2025-04-18;2025-04-11;2025-04-04;2025-04-24;2025-05-01;2025-03-28;2025-04-17;2025-03-27;2025-04-10,2025-05-01;2025-04-30;2025-04-29;2025-04-28;2025-04-25;2025-04-24;2025-04-23;2025-04-22;2025-04-21;2025-04-18;2025-04-17;2025-04-16;2025-04-15;2025-04-14,2025-05-01,9600.0,10800.0,10800.0,30.545415798611106,41.73850642402507,61.387181876367976,106.69175023779297,27125.797034892832,5222.800022268341,14004.943645128158,13069.053737530932,22755.37706461057,35824.430802141505,16120.915107514058,16120.915091393153,38613.33328919163,1244.6471648349457,lexicographic,1.6120915091393155e-05,3.86133332505783e-05,False,0.5994315999996616,6.770047704737317e-16,1,0
2025-05-03,False,2,1.0,10,0.8,14,2025-04-19;2025-04-26,2025-04-19;2025-04-26;2025-04-12;2025-03-29;2025-04-05;2025-03-22;2025-03-15;2025-03-08;2025-03-01;2025-02-22,2025-04-27;2025-04-26;2025-04-20;2025-04-19;2025-04-13;2025-04-12;2025-04-06;2025-04-05;2025-03-30;2025-03-29;2025-03-23;2025-03-22;2025-03-16;2025-03-15,2025-05-02,9600.0,10800.0,10800.0,32.15843825231482,43.60372466085871,38.285704263736115,77.66337311598915,27313.024441029513,3155.243164934518,17547.76262678494,13235.893349681337,14113.730789405126,27349.624139086463,15213.73747888513,15213.737463671392,38613.333293758675,1397.9941833328066,lexicographic,1.5213737463671393e-05,3.861333325514535e-05,False,0.5791384000003745,0.0,1,0
2025-05-04,False,2,1.0,10,0.8,14,2025-04-20;2025-04-13,2025-04-20;2025-04-13;2025-04-06;2025-03-30;2025-04-27;2025-03-23;2025-03-09;2025-03-16;2025-04-26;2025-05-03,2025-05-03;2025-04-27;2025-04-26;2025-04-20;2025-04-19;2025-04-13;2025-04-12;2025-04-06;2025-04-05;2025-03-30;2025-03-29;2025-03-23;2025-03-22;2025-03-16,2025-05-03,9600.0,10800.0,10800.0,35.04602528935186,45.14596629316019,37.455248277601186,61.35955635744271,57692.20077530326,3684.597834311152,5890.584734613971,34080.585006551235,15500.347020441768,49580.932026993,37843.266721927306,37843.26668408403,35738.41705482871,1399.6444293018667,lexicographic,3.784326668408403e-05,3.57384170190903e-05,False,0.8295441000009305,0.0,1,0
2025-05-05,False,2,1.0,10,0.8,14,2025-04-21;2025-04-14,2025-04-21;2025-04-14;2025-04-07;2025-03-31;2025-04-28;2025-04-15;2025-04-29;2025-03-24;2025-04-22;2025-04-08,2025-05-02;2025-05-01;2025-04-30;2025-04-29;2025-04-28;2025-04-25;2025-04-24;2025-04-23;2025-04-22;2025-04-21;2025-04-18;2025-04-17;2025-04-16;2025-04-15,2025-05-04,9600.0,10800.0,10800.0,31.501066435185173,41.271954928006984,37.766242504386575,61.67825280820115,62592.78083621801,3470.2965996375237,7182.4755336946755,36871.58108995651,15527.808392399507,52399.38948235602,41798.032515256025,41798.03247345801,36243.77439426922,1402.1034548397934,lexicographic,4.1798032473458013e-05,3.6243774358025454e-05,False,0.7079219999995985,1.740741653044004e-16,1,0
2025-05-06,False,2,1.0,10,0.8,14,2025-04-22;2025-04-29,2025-04-22;2025-04-29;2025-04-15;2025-04-08;2025-04-23;2025-04-30;2025-05-05;2025-03-25;2025-04-28;2025-04-21,2025-05-05;2025-05-02;2025-05-01;2025-04-30;2025-04-29;2025-04-28;2025-04-25;2025-04-24;2025-04-23;2025-04-22;2025-04-21;2025-04-18;2025-04-17;2025-04-16,2025-05-05,9600.0,10800.0,10800.0,34.48717349537036,44.93239497344048,28.035210148018976,51.86785142098112,62229.33508256472,3108.0258999272755,8560.007978218964,36491.74832056152,13058.259412753228,49550.00773331475,41955.37886398885,41955.3788220335,37221.89396877645,1409.9874905845954,lexicographic,4.19553788220335e-05,3.722189393155457e-05,False,0.7785450999999739,0.0,1,0
2025-05-07,False,2,1.0,10,0.8,14,2025-04-30;2025-04-23,2025-04-30;2025-04-23;2025-04-16;2025-04-09;2025-04-24;2025-05-01;2025-05-06;2025-04-22;2025-04-17;2025-04-15,2025-05-06;2025-05-05;2025-05-02;2025-05-01;2025-04-30;2025-04-29;2025-04-28;2025-04-25;2025-04-24;2025-04-23;2025-04-22;2025-04-21;2025-04-18;2025-04-17,2025-05-06,9600.0,10800.0,10800.0,30.37463836805554,42.74025102677675,22.991400383840332,39.598888807880705,60315.191601157,3209.2291593921545,4489.735461719044,35517.720361427084,14663.371863686192,50181.09222511327,41616.18072317294,41616.18068155672,37789.36432306584,1438.8708196891694,lexicographic,4.161618068155672e-05,3.778936428527648e-05,False,0.905651900000521,0.0,1,0
2025-05-08,False,2,1.0,10,0.8,14,2025-04-24;2025-05-01,2025-04-24;2025-05-01;2025-05-07;2025-04-17;2025-05-02;2025-04-23;2025-04-30;2025-04-10;2025-03-27;2025-04-25,2025-05-07;2025-05-06;2025-05-05;2025-05-02;2025-05-01;2025-04-30;2025-04-29;2025-04-28;2025-04-25;2025-04-24;2025-04-23;2025-04-22;2025-04-21;2025-04-18,2025-05-07,9600.0,10800.0,10800.0,25.25616059027778,34.98283400749869,30.084578488146082,50.418036899937064,64062.01887974639,1836.9369574347857,6097.677116863371,38663.2086761756,7538.771344092386,46201.98002026798,45320.19054954816,45320.19050422794,37864.87915671166,1439.5299915013047,lexicographic,4.5320190504227946e-05,3.786487911884678e-05,False,0.7798985999997967,3.210912193100622e-16,1,0
2025-05-09,False,2,1.0,10,0.8,14,2025-05-02;2025-04-18,2025-05-02;2025-04-18;2025-04-25;2025-05-08;2025-04-04;2025-05-01;2025-04-24;2025-04-17;2025-04-11;2025-03-28,2025-05-08;2025-05-07;2025-05-06;2025-05-05;2025-05-02;2025-05-01;2025-04-30;2025-04-29;2025-04-28;2025-04-25;2025-04-24;2025-04-23;2025-04-22;2025-04-21,2025-05-08,9600.0,10800.0,10800.0,22.367690567129628,30.043903198608103,24.33149148396611,44.324108024170314,29012.875228389385,1315.2378264668614,17771.62970464239,14678.485500796654,6302.841192578769,20981.326693375424,20278.43225626066,20278.432235982218,38649.191975721464,1272.7940624086364,lexicographic,2.027843223598222e-05,3.8649191937072276e-05,False,1.112136499999906,3.5880276786254245e-16,1,0
2025-05-10,False,2,1.0,10,0.8,14,2025-05-03;2025-04-26,2025-05-03;2025-04-26;2025-04-19;2025-04-12;2025-04-05;2025-03-29;2025-03-22;2025-03-15;2025-03-08;2025-05-04,2025-05-04;2025-05-03;2025-04-27;2025-04-26;2025-04-20;2025-04-19;2025-04-13;2025-04-12;2025-04-06;2025-04-05;2025-03-30;2025-03-29;2025-03-23;2025-03-22,2025-05-09,9600.0,10800.0,10800.0,26.114332118055543,32.189296274911186,43.55729693126165,79.36654192204495,28377.68066330359,1835.8798372629096,14039.18188931314,14210.80567875056,7620.7947216262655,21831.600400376825,17547.559613510817,17547.55959596325,38613.33328176444,1410.2483499985156,lexicographic,1.754755959596325e-05,3.8613333243151096e-05,False,0.8955944000008458,0.0,1,0
2025-05-11,False,2,1.0,10,0.8,14,2025-05-04;2025-04-20,2025-05-04;2025-04-20;2025-04-13;2025-04-06;2025-03-30;2025-03-23;2025-04-27;2025-03-09;2025-03-16;2025-03-02,2025-05-10;2025-05-04;2025-05-03;2025-04-27;2025-04-26;2025-04-20;2025-04-19;2025-04-13;2025-04-12;2025-04-06;2025-04-05;2025-03-30;2025-03-29;2025-03-23,2025-05-10,9600.0,10800.0,10800.0,26.949464178240735,34.93127691001345,42.44193154718347,76.12920492995589,59216.85636990047,3399.1368347658045,3528.380188224063,35311.72005955686,15429.080084086445,50740.800143643304,40317.790229249666,40317.790188931875,34328.40220487943,1421.663330971463,lexicographic,4.031779018893188e-05,3.432840217055103e-05,False,0.8908523999998579,0.0,1,0
2025-05-12,False,2,1.0,10,0.8,14,2025-05-05;2025-04-21,2025-05-05;2025-04-21;2025-04-14;2025-04-07;2025-05-06;2025-04-28;2025-03-31;2025-04-29;2025-03-24;2025-04-15,2025-05-09;2025-05-08;2025-05-07;2025-05-06;2025-05-05;2025-05-02;2025-05-01;2025-04-30;2025-04-29;2025-04-28;2025-04-25;2025-04-24;2025-04-23;2025-04-22,2025-05-11,9600.0,10800.0,10800.0,23.85869693287036,30.366205282865355,50.76893558314319,89.12652107887149,64334.02336868139,1902.014100350795,10230.547319562866,38524.96363075616,6692.324790547605,45217.28842130376,45739.63916515677,45739.63911941704,38813.01999055865,1435.2621067738328,lexicographic,4.573963911941705e-05,3.881301995174563e-05,False,0.775500199999442,1.5907334981781026e-16,1,0
2025-05-13,False,2,1.0,10,0.8,14,2025-05-06;2025-04-15,2025-05-06;2025-04-15;2025-04-29;2025-05-07;2025-04-22;2025-05-05;2025-05-12;2025-04-30;2025-04-23;2025-04-08,2025-05-12;2025-05-09;2025-05-08;2025-05-07;2025-05-06;2025-05-05;2025-05-02;2025-05-01;2025-04-30;2025-04-29;2025-04-28;2025-04-25;2025-04-24;2025-04-23,2025-05-12,9600.0,10800.0,10800.0,21.645269328703698,26.838873623348668,23.15955867224836,38.623144939391324,62886.802588558974,1144.4884534793587,7240.190189153211,37753.72148559044,5385.78508092059,43139.50656651103,45003.31341206065,45003.31336705724,34884.30229502852,1451.8624955370647,lexicographic,4.500331336705725e-05,3.488430226014422e-05,False,0.9382898999992904,0.0,1,0
2025-05-14,False,2,1.0,10,0.8,14,2025-05-07;2025-04-23,2025-05-07;2025-04-23;2025-04-30;2025-05-08;2025-05-13;2025-05-01;2025-04-24;2025-05-06;2025-04-09;2025-04-16,2025-05-13;2025-05-12;2025-05-09;2025-05-08;2025-05-07;2025-05-06;2025-05-05;2025-05-02;2025-05-01;2025-04-30;2025-04-29;2025-04-28;2025-04-25;2025-04-24,2025-05-13,9600.0,10800.0,10800.0,21.89112366898148,27.390991603387818,22.38187840137116,38.7661730383163,64656.16733552863,1230.404692165879,8916.68397573434,38482.0018525533,5180.597465066677,43662.59931761998,45943.50735073416,45943.507304790546,37683.62145376096,1433.9483238017456,lexicographic,4.5943507304790546e-05,3.7683621416077346e-05,False,1.0378395000007004,0.0,1,0
2025-05-15,False,2,1.0,10,0.8,14,2025-05-08;2025-05-01,2025-05-08;2025-05-01;2025-04-24;2025-05-14;2025-05-07;2025-04-17;2025-05-09;2025-04-23;2025-05-02;2025-04-30,2025-05-14;2025-05-13;2025-05-12;2025-05-09;2025-05-08;2025-05-07;2025-05-06;2025-05-05;2025-05-02;2025-05-01;2025-04-30;2025-04-29;2025-04-28;2025-04-25,2025-05-14,9600.0,10800.0,10800.0,23.557369444444426,30.192455031584355,24.21664588197716,42.81417255811482,65646.58775096835,826.4904484800354,9799.752750701191,39741.23318926174,2908.0463447977163,42649.27953405945,47458.45189331405,47458.451845855496,37231.38720736352,1467.9533431763348,lexicographic,4.7458451845855496e-05,3.723138717013213e-05,False,0.8351191000001563,0.0,1,0
2025-05-16,False,2,1.0,10,0.8,14,2025-05-02;2025-05-09,2025-05-02;2025-05-09;2025-04-25;2025-04-18;2025-05-08;2025-05-15;2025-04-11;2025-04-04;2025-05-01;2025-04-24,2025-05-15;2025-05-14;2025-05-13;2025-05-12;2025-05-09;2025-05-08;2025-05-07;2025-05-06;2025-05-05;2025-05-02;2025-05-01;2025-04-30;2025-04-29;2025-04-28,2025-05-15,9600.0,10800.0,10800.0,22.92893466435185,29.03291552233018,41.418747860018634,64.173344408802,30468.22292043828,895.9180999999991,24595.263185333086,16092.982845340783,3080.2571098916637,19173.239955232446,22485.42696582603,22485.42694334061,38613.69503266875,1282.6042903643079,lexicographic,2.248542694334061e-05,3.8613694994055054e-05,False,0.9192126999987522,1.6179273874846987e-16,1,0
2025-05-17,False,2,1.0,10,0.8,14,2025-05-10;2025-04-26,2025-05-10;2025-04-26;2025-04-12;2025-04-19;2025-04-05;2025-05-03;2025-03-29;2025-03-22;2025-03-15;2025-05-04,2025-05-11;2025-05-10;2025-05-04;2025-05-03;2025-04-27;2025-04-26;2025-04-20;2025-04-19;2025-04-13;2025-04-12;2025-04-06;2025-04-05;2025-03-30;2025-03-29,2025-05-16,9600.0,10800.0,10800.0,25.589526331018515,32.27812215173546,36.494861145244855,62.61018236207915,28522.522182445835,1824.287988794753,15844.677754573924,14240.94050213867,7590.703461268564,21831.643963407234,18339.010019192654,18339.010000853632,38613.33333333333,1404.5788399614285,lexicographic,1.8339010000853632e-05,3.861333333333333e-05,False,0.9184901000007812,0.0,1,0
2025-05-18,False,2,1.0,10,0.8,14,2025-05-11;2025-05-04,2025-05-11;2025-05-04;2025-04-20;2025-04-13;2025-04-06;2025-03-30;2025-04-27;2025-03-23;2025-03-09;2025-03-16,2025-05-17;2025-05-11;2025-05-10;2025-05-04;2025-05-03;2025-04-27;2025-04-26;2025-04-20;2025-04-19;2025-04-13;2025-04-12;2025-04-06;2025-04-05;2025-03-30,2025-05-17,9600.0,10800.0,10800.0,22.110695196759252,28.14363259092782,33.626125189294015,60.94142671945794,64991.999441285654,1526.2097484871583,8879.175556249951,39076.197431744506,4336.685264489231,43412.88269623373,44840.64515152812,44840.64510668744,37751.50850355995,1446.8249921116408,lexicographic,4.484064510668745e-05,3.775150846580844e-05,False,0.8267209000005096,0.0,1,0
2025-05-19,False,2,1.0,10,0.8,14,2025-05-12;2025-05-05,2025-05-12;2025-05-05;2025-05-13;2025-04-21;2025-04-14;2025-05-06;2025-04-07;2025-04-29;2025-03-31;2025-04-28,2025-05-16;2025-05-15;2025-05-14;2025-05-13;2025-05-12;2025-05-09;2025-05-08;2025-05-07;2025-05-06;2025-05-05;2025-05-02;2025-05-01;2025-04-30;2025-04-29,2025-05-18,9600.0,10800.0,10800.0,21.95756093749999,30.305215934264957,40.04259996163779,78.25822482603324,63834.86219331066,657.3385549825941,13262.660425590417,38647.3326440036,3145.070656323326,41792.40330032693,46388.68895709778,46388.688910709,35383.82120311659,1447.9399951358882,lexicographic,4.638868891070901e-05,3.5383821167732773e-05,False,1.036165899999105,0.0,1,0
2025-05-20,False,2,1.0,10,0.8,14,2025-05-13;2025-04-22,2025-05-13;2025-04-22;2025-05-06;2025-05-07;2025-04-30;2025-04-15;2025-05-14;2025-05-12;2025-04-08;2025-05-05,2025-05-19;2025-05-16;2025-05-15;2025-05-14;2025-05-13;2025-05-12;2025-05-09;2025-05-08;2025-05-07;2025-05-06;2025-05-05;2025-05-02;2025-05-01;2025-04-30,2025-05-19,9600.0,10800.0,10800.0,21.638647164351863,29.762236329042306,27.48693140227884,51.37230397737732,62322.02557568736,2106.917527326984,6169.537521100294,37226.84382747559,9488.591048016828,46715.434875492414,45142.88144256488,45142.88139742194,35552.31307946187,1422.470132874304,lexicographic,4.514288139742194e-05,3.555231304390956e-05,False,1.0792397000004712,0.0,1,0
2025-05-21,False,2,1.0,10,0.8,14,2025-05-14;2025-05-07,2025-05-14;2025-05-07;2025-05-15;2025-05-08;2025-04-23;2025-05-13;2025-04-30;2025-05-01;2025-04-24;2025-04-29,2025-05-20;2025-05-19;2025-05-16;2025-05-15;2025-05-14;2025-05-13;2025-05-12;2025-05-09;2025-05-08;2025-05-07;2025-05-06;2025-05-05;2025-05-02;2025-05-01,2025-05-20,9600.0,10800.0,10800.0,20.232840451388896,25.91120825449511,34.22225474057552,58.74992733283066,65037.61069712475,717.1312376002473,10586.0015054933,39419.571320748364,2560.3590528514897,41979.930373599855,47565.08910750042,47565.08905993527,36258.35007408438,1454.4391590923406,lexicographic,4.756508905993527e-05,3.625835003782604e-05,False,1.0636684000000969,0.0,1,0
2025-05-22,False,2,1.0,10,0.8,14,2025-05-15;2025-05-08,2025-05-15;2025-05-08;2025-05-01;2025-05-14;2025-05-21;2025-05-07;2025-04-24;2025-05-16;2025-05-02;2025-04-17,2025-05-21;2025-05-20;2025-05-19;2025-05-16;2025-05-15;2025-05-14;2025-05-13;2025-05-12;2025-05-09;2025-05-08;2025-05-07;2025-05-06;2025-05-05;2025-05-02,2025-05-21,9600.0,10800.0,10800.0,21.696723263888885,29.23052285699296,16.434996120874047,30.050418449296753,62092.14696237136,526.9013262752138,8197.332587552079,37795.28581643023,1949.7187088174092,39745.00452524764,45317.245410858784,45317.2453655415,34343.177056917746,1462.5974976373466,lexicographic,4.5317245365541504e-05,3.4343177022574584e-05,False,0.9370909000008396,0.0,1,0
2025-05-23,False,2,1.0,10,0.8,14,2025-05-16;2025-05-09,2025-05-16;2025-05-09;2025-05-02;2025-04-25;2025-05-15;2025-05-22;2025-04-18;2025-05-08;2025-04-24;2025-05-01,2025-05-22;2025-05-21;2025-05-20;2025-05-19;2025-05-16;2025-05-15;2025-05-14;2025-05-13;2025-05-12;2025-05-09;2025-05-08;2025-05-07;2025-05-06;2025-05-05,2025-05-22,9600.0,10800.0,10800.0,20.37874675925926,25.458986006145174,19.27700107884122,35.69998518633759,29144.476339904093,697.0010524822453,19367.19518300792,15163.929429767626,2329.4594141624702,17493.388843930097,20960.127773550597,20960.12775259046,38613.33326390317,1293.3752840931593,lexicographic,2.096012775259046e-05,3.861333322528984e-05,False,0.7732790999998542,0.0,1,0
2025-05-24,False,2,1.0,10,0.8,14,2025-05-17;2025-05-10,2025-05-17;2025-05-10;2025-05-03;2025-04-26;2025-04-19;2025-04-12;2025-04-05;2025-03-29;2025-03-22;2025-03-15,2025-05-18;2025-05-17;2025-05-11;2025-05-10;2025-05-04;2025-05-03;2025-04-27;2025-04-26;2025-04-20;2025-04-19;2025-04-13;2025-04-12;2025-04-06;2025-04-05,2025-05-23,9600.0,10800.0,10800.0,20.98811869212963,26.654892675684714,50.40678290142128,93.46902270301706,29499.4550536139,762.4317580362679,22446.394012968965,15363.170211572078,2553.61759053771,17916.78780210979,19747.604733576958,19747.604713829343,38686.286640945575,1428.7608277740965,lexicographic,1.9747604713829344e-05,3.868628660225929e-05,False,0.825238100000206,0.0,1,0
2025-05-25,False,2,1.0,10,0.8,14,2025-05-18;2025-05-04,2025-05-18;2025-05-04;2025-05-11;2025-04-20;2025-04-27;2025-04-13;2025-04-06;2025-03-30;2025-05-17;2025-05-24,2025-05-24;2025-05-18;2025-05-17;2025-05-11;2025-05-10;2025-05-04;2025-05-03;2025-04-27;2025-04-26;2025-04-20;2025-04-19;2025-04-13;2025-04-12;2025-04-06,2025-05-24,9600.0,10800.0,10800.0,21.19966805555556,25.70050623982766,28.78185154352568,51.40211082774668,61538.100864483844,680.363920766958,9850.963404240852,36749.28654650165,2958.895149355086,39708.181695856736,42561.56855849849,42561.56851593689,36414.25825155096,1452.9107942160065,lexicographic,4.256156851593689e-05,3.6414258215136705e-05,False,0.8094085000011546,0.0,1,0
2025-05-26,False,2,1.0,10,0.8,14,2025-05-12;2025-05-19,2025-05-12;2025-05-19;2025-05-05;2025-05-20;2025-04-28;2025-05-13;2025-04-21;2025-05-06;2025-04-22;2025-04-14,2025-05-23;2025-05-22;2025-05-21;2025-05-20;2025-05-19;2025-05-16;2025-05-15;2025-05-14;2025-05-13;2025-05-12;2025-05-09;2025-05-08;2025-05-07;2025-05-06,2025-05-25,9600.0,10800.0,10800.0,20.47439594907406,25.322999724384534,34.51233224939428,64.36925942356798,60629.63673500567,1980.6335899094565,4451.774191864496,36591.32305692175,6955.508056945851,43546.8311138676,42841.325689982055,42841.32564714067,34091.47558590335,1437.691664147997,lexicographic,4.2841325647140674e-05,3.4091475551811874e-05,False,0.9581164000010176,3.396700500872124e-16,1,0
2025-05-27,False,2,1.0,10,0.8,14,2025-05-13;2025-04-29,2025-05-13;2025-04-29;2025-05-21;2025-05-14;2025-05-06;2025-05-19;2025-05-12;2025-05-20;2025-04-15;2025-05-05,2025-05-26;2025-05-23;2025-05-22;2025-05-21;2025-05-20;2025-05-19;2025-05-16;2025-05-15;2025-05-14;2025-05-13;2025-05-12;2025-05-09;2025-05-08;2025-05-07,2025-05-26,9600.0,10800.0,10800.0,21.873992534722227,28.391369556498294,22.600445895832983,37.77743429943071,59272.955245897436,1643.974310233902,7954.968258587873,35437.824751871995,6500.075535280637,41937.90028715263,41138.18659533633,41138.18655419809,34024.13229238788,1410.5355562874977,lexicographic,4.113818655419809e-05,3.402413225836376e-05,False,0.9056925000004412,0.0,1,0
2025-05-28,False,2,1.0,10,0.8,14,2025-05-07;2025-05-14,2025-05-07;2025-05-14;2025-05-21;2025-05-22;2025-05-20;2025-04-30;2025-05-15;2025-05-08;2025-05-13;2025-04-23,2025-05-27;2025-05-26;2025-05-23;2025-05-22;2025-05-21;2025-05-20;2025-05-19;2025-05-16;2025-05-15;2025-05-14;2025-05-13;2025-05-12;2025-05-09;2025-05-08,2025-05-27,9600.0,10800.0,10800.0,20.47106614583332,26.62601354466708,39.63814199194876,66.29708442130978,61774.9481165798,1203.4104201100204,7151.952188024756,37378.87515330187,4330.967535004636,41709.84268830651,42637.11106644801,42637.11102381082,33843.020368861886,1454.439164338341,lexicographic,4.2637111023810823e-05,3.384302033501888e-05,False,0.9519123999998556,0.0,1,0
2025-05-29,False,2,1.0,10,0.8,14,2025-05-22;2025-05-15,2025-05-22;2025-05-15;2025-05-08;2025-05-28;2025-05-21;2025-05-14;2025-05-01;2025-05-16;2025-05-07;2025-05-23,2025-05-28;2025-05-27;2025-05-26;2025-05-23;2025-05-22;2025-05-21;2025-05-20;2025-05-19;2025-05-16;2025-05-15;2025-05-14;2025-05-13;2025-05-12;2025-05-09,2025-05-28,9600.0,10800.0,10800.0,19.602797569444437,26.031448695299435,23.45137969228203,42.36992048642772,60342.000522532835,1631.8847674573203,4245.047998939954,36229.41557358373,7121.800094964892,43351.21566854862,41124.74601178586,41124.74597066106,34473.01032526772,1460.7774977816534,lexicographic,4.1124745970661064e-05,3.4473010290794726e-05,False,1.1475847000001522,0.0,1,0
2025-05-30,False,2,1.0,10,0.8,14,2025-05-16;2025-05-23,2025-05-16;2025-05-23;2025-05-09;2025-05-29;2025-05-02;2025-05-22;2025-05-15;2025-05-08;2025-04-25;2025-04-18,2025-05-29;2025-05-28;2025-05-27;2025-05-26;2025-05-23;2025-05-22;2025-05-21;2025-05-20;2025-05-19;2025-05-16;2025-05-15;2025-05-14;2025-05-13;2025-05-12,2025-05-29,9600.0,10800.0,10800.0,20.056470254629623,25.30594934965448,33.2057219398605,64.72948794842314,28801.64297350101,843.3465561727045,18995.42293555615,14675.002378131325,3178.4288520430273,17853.431230174352,18417.134870169244,18417.134851752093,38613.333277295395,1304.746926462056,lexicographic,1.8417134851752093e-05,3.861333323868206e-05,False,1.0665802999992593,0.0,1,0
2025-05-31,False,2,1.0,10,0.8,14,2025-05-17;2025-05-24,2025-05-17;2025-05-24;2025-05-10;2025-04-26;2025-04-12;2025-04-05;2025-05-03;2025-04-19;2025-03-29;2025-03-22,2025-05-25;2025-05-24;2025-05-18;2025-05-17;2025-05-11;2025-05-10;2025-05-04;2025-05-03;2025-04-27;2025-04-26;2025-04-20;2025-04-19;2025-04-13;2025-04-12,2025-05-30,9600.0,10800.0,10800.0,23.605819849537042,30.204129985929626,25.619281681853035,46.79057243331556,28759.385439113918,1073.148786894781,17379.872797951346,14664.191631939833,3919.6735206149865,18583.86515255482,18995.048033553972,18995.048014558917,38709.99252254635,1417.0541611042772,lexicographic,1.899504801455892e-05,3.870999248383635e-05,False,0.8624135000009119,0.0,1,0
2025-06-01,False,2,0.95,10,0.9,14,2025-05-18;2025-05-11,2025-05-18;2025-05-11;2025-05-25;2025-05-04;2025-04-20;2025-04-27;2025-04-13;2025-04-06;2025-03-30;2025-03-23,2025-05-31;2025-05-25;2025-05-24;2025-05-18;2025-05-17;2025-05-11;2025-05-10;2025-05-04;2025-05-03;2025-04-27;2025-04-26;2025-04-20;2025-04-19;2025-04-13,2025-05-31,9600.0,10800.0,10800.0,55.94279036230955,69.75246868074797,87.8695130299942,154.17571722410457,61630.88253226605,13890.61710902437,635.0908386773709,36974.161469157276,54235.100697111906,91209.26216626918,42873.03979797504,42873.03975510197,34881.391209103276,1459.923090427789,lexicographic,4.2873039755101976e-05,3.4881391174221894e-05,False,1.2762077000006684,0.0,1,0
2025-06-02,False,2,0.95,10,0.9,14,2025-05-19;2025-05-12,2025-05-19;2025-05-12;2025-02-24;2025-05-27;2025-05-26;2025-02-17;2025-05-05;2025-05-06;2025-02-03;2025-01-28,2025-05-30;2025-05-29;2025-05-28;2025-05-27;2025-05-26;2025-05-23;2025-05-22;2025-05-21;2025-05-20;2025-05-19;2025-05-16;2025-05-15;2025-05-14;2025-05-13,2025-06-01,9600.0,10800.0,10800.0,58.10588974747972,71.0373126193076,68.8998216542853,112.76291731808755,60807.6539085306,13002.630128258284,1510.8061115064052,36523.17179367866,52885.207740212674,89408.37953389133,40901.49349706959,40901.49345616808,34853.650317164735,1439.4196315474549,lexicographic,4.090149345616808e-05,3.48536502823111e-05,False,1.2391214999988733,1.778897785720386e-16,1,0
2025-06-03,False,2,0.95,10,0.9,14,2025-06-02;2025-05-06,2025-06-02;2025-05-06;2025-05-27;2025-05-13;2025-05-12;2025-05-20;2025-05-21;2025-05-14;2025-05-19;2025-05-26,2025-06-02;2025-05-30;2025-05-29;2025-05-28;2025-05-27;2025-05-26;2025-05-23;2025-05-22;2025-05-21;2025-05-20;2025-05-19;2025-05-16;2025-05-15;2025-05-14,2025-06-02,9600.0,10800.0,10800.0,24.18396944237769,31.121798326263278,42.81973407603507,76.50326666058274,71182.52868455884,3485.964214410874,2504.9448061074354,43779.04686225032,14839.850552038428,58618.897414288745,51018.52158971249,51018.52153869394,37830.72673551267,1545.9330210431983,lexicographic,5.1018521538693944e-05,3.7830726697681965e-05,False,0.9230033000003459,0.0,1,0
2025-06-04,False,2,0.95,10,0.9,14,2025-06-03;2025-06-02,2025-06-03;2025-06-02;2025-05-21;2025-05-14;2025-05-06;2025-05-28;2025-05-15;2025-01-22;2025-02-19;2025-05-07,2025-06-03;2025-06-02;2025-05-30;2025-05-29;2025-05-28;2025-05-27;2025-05-26;2025-05-23;2025-05-22;2025-05-21;2025-05-20;2025-05-19;2025-05-16;2025-05-15,2025-06-03,9600.0,10800.0,10800.0,25.40546333095916,32.523328276273894,31.648664191515095,69.30959019331378,76022.70984568105,2619.701429992188,4843.560842154356,47202.119881759376,8487.050625631848,55689.17050739122,54737.13594144961,54737.13588671245,39568.40635001329,1553.6888741252126,lexicographic,5.4737135886712454e-05,3.9568406310444895e-05,False,1.5196746999990864,0.0,1,0
2025-06-05,False,2,0.95,10,0.9,14,2025-06-04;2025-06-03,2025-06-04;2025-06-03;2025-06-02;2025-01-30;2025-05-15;2025-05-23;2025-05-21;2025-02-27;2025-01-22;2025-01-31,2025-06-04;2025-06-03;2025-06-02;2025-05-30;2025-05-29;2025-05-28;2025-05-27;2025-05-26;2025-05-23;2025-05-22;2025-05-21;2025-05-20;2025-05-19;2025-05-16,2025-06-04,9600.0,10800.0,10800.0,23.34041139601139,30.931404408018523,32.289868422083096,54.23900270735724,78389.73484421181,1510.55674891885,4481.86000711692,48637.141113409525,5931.228621533955,54568.36973494348,56232.88460808245,56232.88455184961,40668.924002727494,1568.1921670051795,lexicographic,5.623288455184961e-05,4.066892396205858e-05,False,1.0111080999995465,0.0,1,0
2025-06-06,False,2,0.95,10,0.9,14,2025-06-05;2025-06-04,2025-06-05;2025-06-04;2025-06-02;2025-06-03;2025-05-23;2025-05-30;2025-05-09;2025-01-31;2025-02-21;2025-05-15,2025-06-05;2025-06-04;2025-06-03;2025-06-02;2025-05-30;2025-05-29;2025-05-28;2025-05-27;2025-05-26;2025-05-23;2025-05-22;2025-05-21;2025-05-20;2025-05-19,2025-06-05,9600.0,10800.0,10800.0,317.7041054872982,345.752974772969,61.647107386225834,101.80382723275332,79223.31828529105,0.0,44072.44251346022,49208.99630690553,0.0,49208.99630690553,56760.122262736346,56760.12220597627,40923.91301586213,1554.1426425889208,lexicographic,5.6760122205976274e-05,4.092391297493821e-05,False,1.2122608999998192,2.563756853017254e-16,1,0
2025-06-07,False,2,0.95,10,0.9,14,2025-02-01;2025-01-25,2025-02-01;2025-01-25;2025-05-03;2025-01-18;2025-02-08;2025-02-15;2025-02-22;2025-05-24;2025-03-01;2025-01-11,2025-06-01;2025-05-31;2025-05-25;2025-05-24;2025-05-18;2025-05-17;2025-05-11;2025-05-10;2025-05-04;2025-05-03;2025-04-27;2025-04-26;2025-04-20;2025-04-19,2025-06-06,9600.0,10800.0,10800.0,88.22697445533612,102.00125569613313,128.27031567460003,208.35489801587175,29143.089799448935,10223.283573353172,4186.526872802107,13659.424855961568,45073.81469805686,58733.23955401843,19637.12895140086,19637.128931763727,38613.333333333336,1411.0993993178163,lexicographic,1.963712893176373e-05,3.861333333333333e-05,False,1.00442380000095,3.7052043806741604e-16,1,0
2025-06-08,False,2,0.95,10,0.9,14,2025-06-07;2025-01-26,2025-06-07;2025-01-26;2025-01-19;2025-01-12;2025-01-05;2025-02-02;2025-06-01;2025-02-16;2025-02-09;2025-02-23,2025-06-07;2025-06-01;2025-05-31;2025-05-25;2025-05-24;2025-05-18;2025-05-17;2025-05-11;2025-05-10;2025-05-04;2025-05-03;2025-04-27;2025-04-26;2025-04-20,2025-06-07,9600.0,10800.0,10800.0,313.0306707963468,344.8225197745137,69.43313645962778,125.77549448001365,45027.80539081309,25569.34388975012,2597.7137298067346,24780.303869730014,106057.99097739784,130838.29484712787,34770.44432876742,34770.444293997,26811.932811592436,1529.128493025959,lexicographic,3.4770444293997007e-05,2.6811932784780502e-05,False,0.8366712999995798,2.0925696412339474e-16,1,0
2025-06-09,False,2,0.95,10,0.9,14,2025-06-02;2025-06-03,2025-06-02;2025-06-03;2025-06-04;2025-06-06;2025-06-05;2025-05-12;2025-05-26;2025-05-19;2025-05-06;2025-02-24,2025-06-06;2025-06-05;2025-06-04;2025-06-03;2025-06-02;2025-05-30;2025-05-29;2025-05-28;2025-05-27;2025-05-26;2025-05-23;2025-05-22;2025-05-21;2025-05-20,2025-06-08,9600.0,10800.0,10800.0,23.411401098053187,30.178574402077434,23.210278060525862,39.960134255724434,81059.85447309088,1341.488670375512,7133.324433353635,50645.7875055857,4936.381032692884,55582.16853827859,58085.587544686205,58085.587486600634,41299.493778793374,1553.6888753901912,lexicographic,5.808558748660064e-05,4.129949373749388e-05,False,0.3356237999996665,1.3727043055254806e-07,1,0
2025-06-10,False,2,0.95,10,0.9,14,2025-06-03;2025-06-04,2025-06-03;2025-06-04;2025-06-09;2025-06-02;2025-06-05;2025-06-06;2025-01-28;2025-01-21;2025-01-22;2025-01-14,2025-06-09;2025-06-06;2025-06-05;2025-06-04;2025-06-03;2025-06-02;2025-05-30;2025-05-29;2025-05-28;2025-05-27;2025-05-26;2025-05-23;2025-05-22;2025-05-21,2025-06-09,9600.0,10800.0,10800.0,23.7616918358262,29.101754548067234,23.989483870114718,41.66193054255861,82450.79620012979,847.7015930583406,7306.059451030149,51544.595503816825,2872.2295780657914,54416.82508188262,58863.581215937986,58863.581157074404,41668.04914196125,1568.1921665716263,lexicographic,5.886358115707441e-05,4.1668049100293216e-05,False,0.3337033000007068,7.416427072047734e-16,1,0
2025-06-11,False,2,0.95,10,0.9,14,2025-06-04;2025-06-05,2025-06-04;2025-06-05;2025-06-03;2025-06-10;2025-06-06;2025-05-21;2025-06-02;2025-05-14;2025-05-27;2025-06-09,2025-06-10;2025-06-09;2025-06-06;2025-06-05;2025-06-04;2025-06-03;2025-06-02;2025-05-30;2025-05-29;2025-05-28;2025-05-27;2025-05-26;2025-05-23;2025-05-22,2025-06-10,9600.0,10800.0,10800.0,21.798072643637244,28.165013051203108,41.222396416268666,77.50541620476297,81880.90914678917,2438.018647063007,3880.254088376888,51049.80505065886,10803.82144202185,61853.62649268071,58349.55053269003,58349.5504743405,41479.745124966365,1554.1426520985358,lexicographic,5.834955047434051e-05,4.147974508348663e-05,False,1.3560416999989684,7.481762126736243e-16,1,0
2025-06-12,False,2,0.95,10,0.9,14,2025-06-05;2025-06-11,2025-06-05;2025-06-11;2025-06-04;2025-06-06;2025-06-10;2025-06-03;2025-01-30;2025-01-22;2025-01-23;2025-06-02,2025-06-11;2025-06-10;2025-06-09;2025-06-06;2025-06-05;2025-06-04;2025-06-03;2025-06-02;2025-05-30;2025-05-29;2025-05-28;2025-05-27;2025-05-26;2025-05-23,2025-06-11,9600.0,10800.0,10800.0,25.569544150073607,34.068304538350674,18.48415609139918,34.25392968451922,84937.94497176718,785.8226932354472,8711.377945328648,53495.600187203774,2742.7495604282694,56238.34974763204,60589.85521643472,60589.85515584487,43439.983675139905,1561.6204911335274,lexicographic,6.058985515584487e-05,4.343998363169994e-05,False,0.3017077000004065,8.250477567665085e-07,1,0
2025-06-13,False,2,0.95,10,0.9,14,2025-06-06;2025-06-12,2025-06-06;2025-06-12;2025-06-05;2025-06-11;2025-06-04;2025-06-02;2025-06-10;2025-06-03;2025-05-23;2025-05-30,2025-06-12;2025-06-11;2025-06-10;2025-06-09;2025-06-06;2025-06-05;2025-06-04;2025-06-03;2025-06-02;2025-05-30;2025-05-29;2025-05-28;2025-05-27;2025-05-26,2025-06-12,9600.0,10800.0,10800.0,186.47835816969297,202.9330105416514,32.708694010039686,57.17103384376016,64995.76540875024,37.294290780297615,32682.872275702786,38799.008595881314,79.7351936882763,38878.74378956959,45103.24048400168,45103.24043889843,38151.69179014859,1492.4846361929926,lexicographic,4.510324043889843e-05,3.81516917519969e-05,False,0.6780629999993835,3.226356928407483e-16,1,0
2025-06-14,False,2,0.95,10,0.9,14,2025-06-07;2025-05-24,2025-06-07;2025-05-24;2025-05-03;2025-06-08;2025-05-10;2025-01-25;2025-02-08;2025-02-01;2025-02-15;2025-02-22,2025-06-08;2025-06-07;2025-06-01;2025-05-31;2025-05-25;2025-05-24;2025-05-18;2025-05-17;2025-05-11;2025-05-10;2025-05-04;2025-05-03;2025-04-27;2025-04-26,2025-06-13,9600.0,10800.0,10800.0,26.31538448496086,33.27235467482559,30.898897463837656,60.395749035717216,40771.08607364257,1704.1180081984442,13185.458328204437,22559.997787267817,5802.987750268478,28362.985537536297,37439.030008161906,37439.0299707229,29497.31282411688,1485.0906563023527,lexicographic,3.74390299707229e-05,2.949731279461957e-05,False,1.3528631000008318,0.0,1,0
2025-06-15,False,2,0.95,10,0.9,14,2025-06-08;2025-06-07,2025-06-08;2025-06-07;2025-06-14;2025-06-01;2025-01-26;2025-05-18;2025-05-11;2025-01-19;2025-02-02;2025-02-16,2025-06-14;2025-06-08;2025-06-07;2025-06-01;2025-05-31;2025-05-25;2025-05-24;2025-05-18;2025-05-17;2025-05-11;2025-05-10;2025-05-04;2025-05-03;2025-04-27,2025-06-14,9600.0,10800.0,10800.0,146.69189658713202,165.32615460913954,26.345051548399592,44.01166861729941,67518.96899731159,9136.186537136507,2158.9967441633003,40347.753165793765,38505.17124862593,78852.92441441969,56428.531276437294,56428.531220008736,36859.07298464293,1525.1320807115244,lexicographic,5.642853122000874e-05,3.685907294778387e-05,False,2.4658390000004147,2.5788222577742647e-16,1,0
2025-06-16,False,2,0.95,10,0.9,14,2025-06-02;2025-06-09,2025-06-02;2025-06-09;2025-06-10;2025-06-03;2025-06-13;2025-06-11;2025-06-06;2025-06-04;2025-05-19;2025-06-12,2025-06-13;2025-06-12;2025-06-11;2025-06-10;2025-06-09;2025-06-06;2025-06-05;2025-06-04;2025-06-03;2025-06-02;2025-05-30;2025-05-29;2025-05-28;2025-05-27,2025-06-15,9600.0,10800.0,10800.0,24.118533623080072,30.924179628072118,17.488959896379892,32.57466387999326,84578.03530310547,672.622243442137,7996.60643474956,53292.30744610033,2085.840999559562,55378.14844565989,60279.85453979042,60279.85447951056,43439.98375888314,1548.6252531920477,lexicographic,6.027985447951057e-05,4.343998371544317e-05,False,0.3069152000007307,6.981313651070909e-07,1,0
2025-06-17,False,2,0.95,10,0.9,14,2025-06-03;2025-06-11,2025-06-03;2025-06-11;2025-06-10;2025-06-16;2025-06-02;2025-06-04;2025-06-09;2025-06-12;2025-06-05;2025-06-13,2025-06-16;2025-06-13;2025-06-12;2025-06-11;2025-06-10;2025-06-09;2025-06-06;2025-06-05;2025-06-04;2025-06-03;2025-06-02;2025-05-30;2025-05-29;2025-05-28,2025-06-16,9600.0,10800.0,10800.0,24.531798872493475,31.77098270725843,36.24391611893686,72.69261437911659,84686.51179860067,1474.4695492637245,6919.7790588387015,53279.58886290876,5999.788047092816,59279.37691000157,59915.28040045584,59915.2803405406,43860.97811036756,1547.1569252428262,lexicographic,5.99152803405406e-05,4.386097806650659e-05,False,0.3327232000010554,7.286245751830635e-16,1,0
2025-06-18,False,2,0.95,10,0.9,14,2025-06-11;2025-06-17,2025-06-11;2025-06-17;2025-06-12;2025-06-05;2025-06-04;2025-06-10;2025-06-13;2025-06-03;2025-06-06;2025-06-16,2025-06-17;2025-06-16;2025-06-13;2025-06-12;2025-06-11;2025-06-10;2025-06-09;2025-06-06;2025-06-05;2025-06-04;2025-06-03;2025-06-02;2025-05-30;2025-05-29,2025-06-17,9600.0,10800.0,10800.0,21.896403286301183,26.567983041654227,22.21540531103225,39.57467979662718,85453.73006552318,382.85991798904337,10250.722944395198,53872.15451651925,1127.152740774907,54999.30725729416,60560.29991658071,60560.2998560204,44368.58848316755,1568.9704868225374,lexicographic,6.05602998560204e-05,4.4368588438798975e-05,False,0.3144778000005317,7.208640939508272e-16,1,0
2025-06-19,False,2,0.95,10,0.9,14,2025-06-18;2025-06-11,2025-06-18;2025-06-11;2025-06-12;2025-06-05;2025-06-13;2025-06-06;2025-06-04;2025-06-17;2025-06-10;2025-06-03,2025-06-18;2025-06-17;2025-06-16;2025-06-13;2025-06-12;2025-06-11;2025-06-10;2025-06-09;2025-06-06;2025-06-05;2025-06-04;2025-06-03;2025-06-02;2025-05-30,2025-06-18,9600.0,10800.0,10800.0,26.89296442305186,33.38583521185375,37.12900748094526,71.98949337793788,84557.05995286236,813.984341394153,12562.236468244748,53107.11855772324,3380.6743775966634,56487.7929353199,59823.92323619877,59823.92317637487,43338.10296358579,1553.5833228201743,lexicographic,5.982392317637487e-05,4.333810292024769e-05,False,0.5622832999997627,7.297372583939913e-16,1,0
2025-06-20,False,2,0.95,10,0.9,14,2025-06-13;2025-06-06,2025-06-13;2025-06-06;2025-06-05;2025-06-12;2025-06-19;2025-06-04;2025-06-11;2025-06-18;2025-06-10;2025-06-17,2025-06-19;2025-06-18;2025-06-17;2025-06-16;2025-06-13;2025-06-12;2025-06-11;2025-06-10;2025-06-09;2025-06-06;2025-06-05;2025-06-04;2025-06-03;2025-06-02,2025-06-19,9600.0,10800.0,10800.0,24.741614463950125,30.84745381242356,26.56134809459787,43.02537035723312,40179.9351523191,492.1370973649447,14893.226303839527,22624.74001079113,1461.292150842919,24086.03216163405,27750.83521201065,27750.83518425978,32182.420123571497,1381.165778460058,lexicographic,2.775083518425978e-05,3.218242009138908e-05,False,1.0526351999997132,2.621887797564498e-16,1,0
2025-06-21,False,2,0.95,10,0.9,14,2025-06-14;2025-06-07,2025-06-14;2025-06-07;2025-06-15;2025-05-24;2025-05-03;2025-06-08;2025-05-10;2025-05-31;2025-02-08;2025-01-25,2025-06-15;2025-06-14;2025-06-08;2025-06-07;2025-06-01;2025-05-31;2025-05-25;2025-05-24;2025-05-18;2025-05-17;2025-05-11;2025-05-10;2025-05-04;2025-05-03,2025-06-20,9600.0,10800.0,10800.0,24.17551296194313,31.10295303296716,39.570033999131496,80.14958892374464,45646.0856103541,546.3466171058617,23975.19720052576,25933.045767731797,1843.854201821502,27776.8999695533,41834.23222453311,41834.232182698805,27459.554077636316,1505.0780262755743,lexicographic,4.183423218269881e-05,2.7459554077636304e-05,False,1.8174013000007108,0.0,1,0
2025-06-22,False,2,0.95,10,0.9,14,2025-06-15;2025-06-01,2025-06-15;2025-06-01;2025-06-08;2025-05-18;2025-05-11;2025-05-25;2025-06-21;2025-06-14;2025-05-04;2025-06-07,2025-06-21;2025-06-15;2025-06-14;2025-06-08;2025-06-07;2025-06-01;2025-05-31;2025-05-25;2025-05-24;2025-05-18;2025-05-17;2025-05-11;2025-05-10;2025-05-04,2025-06-21,9600.0,10800.0,10800.0,22.827908195681598,29.811547108998965,33.406972286011346,54.95972822738813,88411.90916775938,652.8676587425255,16889.148064077854,56448.38496975973,2025.9247959779652,58474.3097657377,73561.74489253656,73561.74481897477,44947.89825782924,1537.2078274917567,lexicographic,7.356174481897478e-05,4.494789821288135e-05,False,0.3674751999988075,1.97819060221819e-16,1,0
2025-06-23,False,2,0.95,10,0.9,14,2025-06-16;2025-06-09,2025-06-16;2025-06-09;2025-06-02;2025-06-17;2025-06-10;2025-06-03;2025-06-20;2025-06-13;2025-06-11;2025-06-18,2025-06-20;2025-06-19;2025-06-18;2025-06-17;2025-06-16;2025-06-13;2025-06-12;2025-06-11;2025-06-10;2025-06-09;2025-06-06;2025-06-05;2025-06-04;2025-06-03,2025-06-22,9600.0,10800.0,10800.0,25.186286187427232,31.176476490128117,32.91061047245127,55.58926211641908,82548.51225057169,538.7992005463702,11624.35991343894,51646.60706162945,1658.753073073143,53305.3601347026,56108.764309220474,56108.76425311173,41931.65591157472,1535.055400605259,lexicographic,5.6108764253111736e-05,4.193165586964308e-05,False,0.3150003000009747,9.155235532885592e-09,1,0
2025-06-24,False,2,0.95,10,0.9,14,2025-06-17;2025-06-03,2025-06-17;2025-06-03;2025-06-11;2025-06-23;2025-06-16;2025-06-10;2025-06-18;2025-06-02;2025-06-04;2025-06-09,2025-06-23;2025-06-20;2025-06-19;2025-06-18;2025-06-17;2025-06-16;2025-06-13;2025-06-12;2025-06-11;2025-06-10;2025-06-09;2025-06-06;2025-06-05;2025-06-04,2025-06-23,9600.0,10800.0,10800.0,24.520190228806346,30.32865127639401,41.341143598308356,80.3206727016155,80776.79915118737,3777.1004494689428,3855.547910663836,50387.18537104878,15598.82771559093,65986.01308663971,54303.39286694328,54303.39281263995,42197.38203361256,1564.8690251830526,lexicographic,5.430339281263995e-05,4.2197381991415187e-05,False,0.7309292999998434,4.0196149286402426e-16,1,0
2025-06-25,False,2,0.95,10,0.9,14,2025-06-18;2025-06-11,2025-06-18;2025-06-11;2025-06-19;2025-06-12;2025-06-17;2025-06-24;2025-06-05;2025-06-04;2025-06-10;2025-06-13,2025-06-24;2025-06-23;2025-06-20;2025-06-19;2025-06-18;2025-06-17;2025-06-16;2025-06-13;2025-06-12;2025-06-11;2025-06-10;2025-06-09;2025-06-06;2025-06-05,2025-06-24,9600.0,10800.0,10800.0,25.094178249861827,31.224888941117282,29.955037289035218,51.597186080485095,82812.4548833099,974.3641542620666,8841.58252291638,51634.15211358912,3070.2679237691386,54704.420037358264,55991.900095262405,55991.900039270564,42942.870620315385,1553.5833144903836,lexicographic,5.599190003927057e-05,4.2942870577372524e-05,False,0.3191917000003741,6.497330514842637e-16,1,0
2025-06-26,False,2,0.95,10,0.9,14,2025-06-19;2025-06-18,2025-06-19;2025-06-18;2025-06-25;2025-06-12;2025-06-11;2025-06-13;2025-06-05;2025-06-06;2025-06-20;2025-06-17,2025-06-25;2025-06-24;2025-06-23;2025-06-20;2025-06-19;2025-06-18;2025-06-17;2025-06-16;2025-06-13;2025-06-12;2025-06-11;2025-06-10;2025-06-09;2025-06-06,2025-06-25,9600.0,10800.0,10800.0,22.893831822768277,29.08066044530064,31.283137476828173,60.89708891609295,80468.37845463431,798.4690217653504,9353.336878326867,50078.886840162464,3002.717877318084,53081.60471748055,54381.54159429559,54381.54153991408,41593.102337781136,1528.1322901070573,lexicographic,5.438154153991408e-05,4.159310229618805e-05,False,0.2891094999995403,4.013838560742051e-16,1,0
2025-06-27,False,2,0.95,10,0.9,14,2025-06-20;2025-06-13,2025-06-20;2025-06-13;2025-06-06;2025-06-26;2025-06-19;2025-06-05;2025-06-12;2025-06-11;2025-06-24;2025-06-04,2025-06-26;2025-06-25;2025-06-24;2025-06-23;2025-06-20;2025-06-19;2025-06-18;2025-06-17;2025-06-16;2025-06-13;2025-06-12;2025-06-11;2025-06-10;2025-06-09,2025-06-26,9600.0,10800.0,10800.0,24.826012689012366,32.363283910744485,27.75592683329732,53.515501626248934,36989.92767986539,538.8190212411009,14086.3659947562,20566.834126275906,1836.633753698131,22403.467879974036,23222.13921919997,23222.139195977805,34968.579262249215,1389.2657571872228,lexicographic,2.3222139195977805e-05,3.4968579227280636e-05,False,0.8024433999999019,4.699798037196112e-16,1,0
2025-06-28,False,2,0.95,10,0.9,14,2025-06-21;2025-06-14,2025-06-21;2025-06-14;2025-06-07;2025-05-24;2025-05-31;2025-06-22;2025-05-10;2025-05-03;2025-05-17;2025-06-15,2025-06-22;2025-06-21;2025-06-15;2025-06-14;2025-06-08;2025-06-07;2025-06-01;2025-05-31;2025-05-25;2025-05-24;2025-05-18;2025-05-17;2025-05-11;2025-05-10,2025-06-27,9600.0,10800.0,10800.0,23.71864281029582,30.77650829849128,34.460559027684326,61.72923810655964,43876.62719308086,604.4973796921472,19637.588675152343,24711.116795949863,2123.431939458347,26834.54873540821,39267.67621151763,39267.67617224993,29213.493176456457,1459.4528342863414,lexicographic,3.926767617224993e-05,2.9213493147242958e-05,False,1.0936533999993117,1.8529127066921449e-16,1,0
2025-06-29,False,2,0.95,10,0.9,14,2025-06-22;2025-06-15,2025-06-22;2025-06-15;2025-06-01;2025-06-08;2025-05-18;2025-06-28;2025-05-25;2025-05-11;2025-06-21;2025-06-14,2025-06-28;2025-06-22;2025-06-21;2025-06-15;2025-06-14;2025-06-08;2025-06-07;2025-06-01;2025-05-31;2025-05-25;2025-05-24;2025-05-18;2025-05-17;2025-05-11,2025-06-28,9600.0,10800.0,10800.0,24.015972157115428,30.62187681446846,32.38999299209959,64.83750654241072,87266.82006736184,687.2402497960059,13968.00317344226,55685.33960367801,2033.9950982005676,57719.33470187858,72035.01692709961,72035.01685506455,44947.907288378294,1545.5808528879004,lexicographic,7.203501685506456e-05,4.4947907243430394e-05,False,0.3329039999989618,2.0201168631147136e-16,1,0
2025-06-30,False,2,0.95,10,0.9,14,2025-06-23;2025-06-16,2025-06-23;2025-06-16;2025-06-24;2025-06-02;2025-06-17;2025-06-09;2025-06-03;2025-06-10;2025-06-27;2025-06-11,2025-06-27;2025-06-26;2025-06-25;2025-06-24;2025-06-23;2025-06-20;2025-06-19;2025-06-18;2025-06-17;2025-06-16;2025-06-13;2025-06-12;2025-06-11;2025-06-10,2025-06-29,9600.0,10800.0,10800.0,26.636811936431084,35.07183761465876,25.55903502491236,47.690487771016215,79630.14132747098,1560.5408055253945,6912.758683974812,49614.00419372398,5524.350200345814,55138.35439406979,54110.17808621234,54110.17803210222,41918.07069945098,1528.3437033937112,lexicographic,5.4110178032102226e-05,4.191807065753291e-05,False,0.2887424000000465,5.378624043607309e-16,1,0
2025-07-01,False,2,1.0,7,0.95,14,2025-06-24;2025-06-17,2025-06-24;2025-06-17;2025-06-30;2025-06-23;2025-06-18;2025-06-11;2025-06-25,2025-06-30;2025-06-27;2025-06-26;2025-06-25;2025-06-24;2025-06-23;2025-06-20;2025-06-19;2025-06-18;2025-06-17;2025-06-16;2025-06-13;2025-06-12;2025-06-11,2025-06-30,9600.0,10800.0,10800.0,99.60161753472221,106.31934851492882,54.225461115209974,90.66833282321792,80945.39047039769,7656.376243493879,5332.123318850872,50384.527713581876,26408.964067197827,76793.4917807797,54966.14536264801,54966.145307681894,41945.314972054315,1563.202912868635,lexicographic,5.49661453076819e-05,4.194531493010901e-05,False,1.3242542000007234,2.6474323689445844e-16,1,0
2025-07-02,False,2,1.0,7,0.95,14,2025-06-10;2025-06-04,2025-06-10;2025-06-04;2025-06-12;2025-06-05;2025-06-20;2025-06-09;2025-06-11,2025-07-01;2025-06-30;2025-06-27;2025-06-26;2025-06-25;2025-06-24;2025-06-23;2025-06-20;2025-06-19;2025-06-18;2025-06-17;2025-06-16;2025-06-13;2025-06-12,2025-07-01,9600.0,10800.0,10800.0,91.81590648148148,98.76018040706357,81.74367455402411,126.94076707886845,79409.3434550876,6646.5867818155975,8817.880266577746,49071.22653314879,23466.26585379301,72537.4923869418,54908.66637592075,54908.666321012126,41280.228013802065,1563.1648499077455,lexicographic,5.490866632101213e-05,4.1280227972521846e-05,False,0.3905221999993955,3.975305594737659e-16,1,0
2025-07-03,False,2,1.0,7,0.95,14,2025-07-02;2025-06-05,2025-07-02;2025-06-05;2025-06-12;2025-06-04;2025-06-20;2025-06-10;2025-06-27,2025-07-02;2025-07-01;2025-06-30;2025-06-27;2025-06-26;2025-06-25;2025-06-24;2025-06-23;2025-06-20;2025-06-19;2025-06-18;2025-06-17;2025-06-16;2025-06-13,2025-07-02,9600.0,10800.0,10800.0,50.96233640046299,60.29750824800861,21.98707140160075,36.07578190622071,81518.69083227364,4847.764873649472,2357.5441885699124,50748.86324770011,18289.548386219885,69038.41163392,58072.78101977176,58072.78096169904,40472.481984610386,1616.346853351759,lexicographic,5.8072780961699046e-05,4.0472481944137906e-05,False,0.9027224000001297,0.0,1,0
2025-07-04,False,2,1.0,7,0.95,14,2025-07-03;2025-07-02,2025-07-03;2025-07-02;2025-06-20;2025-06-12;2025-06-05;2025-06-06;2025-06-27,2025-07-03;2025-07-02;2025-07-01;2025-06-30;2025-06-27;2025-06-26;2025-06-25;2025-06-24;2025-06-23;2025-06-20;2025-06-19;2025-06-18;2025-06-17;2025-06-16,2025-07-03,9600.0,10800.0,10800.0,316.5766157986111,346.4913525286801,40.6662836837438,83.14466621301811,88862.6796692734,0.0,55617.30515464818,56161.793785983944,0.0,56161.793785983944,64077.07764640798,64077.077582330945,41577.67240423689,1653.916120755643,lexicographic,6.407707758233094e-05,4.157767236265921e-05,False,0.6317835999998351,1.135500851273178e-16,1,0
2025-07-05,False,2,1.0,7,0.95,14,2025-06-07;2025-06-21,2025-06-07;2025-06-21;2025-06-14;2025-06-28;2025-06-22;2025-06-08;2025-06-15,2025-06-29;2025-06-28;2025-06-22;2025-06-21;2025-06-15;2025-06-14;2025-06-08;2025-06-07;2025-06-01;2025-05-31;2025-05-25;2025-05-24;2025-05-18;2025-05-17,2025-07-04,9600.0,10800.0,10800.0,94.43005295138889,101.56212752214277,58.87579438745044,105.19089021579165,44603.37868123704,6681.4331901613305,19429.55527797705,25262.10752546273,22197.317141758445,47459.424667221174,39343.11884833955,39343.11880899642,29199.84049697852,1484.28583238783,lexicographic,3.934311880899642e-05,2.9199840467778676e-05,False,0.8124912000002951,3.6987192853250176e-16,1,0
2025-07-06,False,2,1.0,7,0.95,14,2025-07-05;2025-06-22,2025-07-05;2025-06-22;2025-06-08;2025-06-15;2025-06-29;2025-06-07;2025-06-21,2025-07-05;2025-06-29;2025-06-28;2025-06-22;2025-06-21;2025-06-15;2025-06-14;2025-06-08;2025-06-07;2025-06-01;2025-05-31;2025-05-25;2025-05-24;2025-05-18,2025-07-05,9600.0,10800.0,10800.0,208.6001822337963,221.87465919325064,25.784842183664125,45.21041907268725,71105.5199614792,14469.72822230899,1693.4842568495299,42971.34343672281,57050.83483750961,100022.17827423243,58819.41341387865,58819.41335505922,38941.50580136315,1547.7807653650052,lexicographic,5.881941335505923e-05,3.8941505762421654e-05,False,0.5152949999992416,0.0,1,0
2025-07-07,False,2,1.0,7,0.95,14,2025-07-02;2025-07-04,2025-07-02;2025-07-04;2025-07-03;2025-06-09;2025-06-10;2025-06-23;2025-06-16,2025-07-04;2025-07-03;2025-07-02;2025-07-01;2025-06-30;2025-06-27;2025-06-26;2025-06-25;2025-06-24;2025-06-23;2025-06-20;2025-06-19;2025-06-18;2025-06-17,2025-07-06,9600.0,10800.0,10800.0,159.71202893518517,176.0996782752223,38.482322291033135,61.95855203684867,64171.84414211207,13071.500958420706,338.5831748141958,39060.86985771939,52894.61177819184,91955.48163591123,46298.61235549984,46298.612309201235,33297.133041494635,1577.0734994446898,lexicographic,4.6298612309201236e-05,3.329713300819751e-05,False,0.8264710000003106,1.5715282275830603e-16,1,0
2025-07-08,False,2,1.0,7,0.95,14,2025-07-02;2025-07-07,2025-07-02;2025-07-07;2025-07-03;2025-07-04;2025-06-10;2025-06-09;2025-06-03,2025-07-07;2025-07-04;2025-07-03;2025-07-02;2025-07-01;2025-06-30;2025-06-27;2025-06-26;2025-06-25;2025-06-24;2025-06-23;2025-06-20;2025-06-19;2025-06-18,2025-07-07,9600.0,10800.0,10800.0,25.447854513888913,32.21733969178392,33.6979531399393,59.149308029145516,86090.19247967588,1364.7523278289507,7620.248471861619,54125.0095233187,5413.772394769125,59538.78191808783,63972.600414204215,63972.60035023167,40613.63088077668,1658.934992536616,lexicographic,6.397260035023168e-05,4.0613630840163065e-05,False,0.47359959999994317,0.0,1,0
2025-07-09,False,2,1.0,7,0.95,14,2025-07-02;2025-07-03,2025-07-02;2025-07-03;2025-07-08;2025-07-04;2025-07-07;2025-06-04;2025-06-10,2025-07-08;2025-07-07;2025-07-04;2025-07-03;2025-07-02;2025-07-01;2025-06-30;2025-06-27;2025-06-26;2025-06-25;2025-06-24;2025-06-23;2025-06-20;2025-06-19,2025-07-08,9600.0,10800.0,10800.0,26.98266649305557,33.60079742378306,23.042907536448336,43.43100104680681,85680.0133732194,1055.961334456023,8391.74100081589,54137.74203384759,3624.6271779735175,57762.36921182111,64166.70049134971,64166.700427182994,40825.10910131103,1653.9161078973648,lexicographic,6.416670042718299e-05,4.0825109060485926e-05,False,0.7066187999989779,0.0,1,0
2025-07-10,False,2,1.0,7,0.95,14,2025-07-03;2025-07-02,2025-07-03;2025-07-02;2025-07-09;2025-07-04;2025-07-08;2025-07-07;2025-06-05,2025-07-09;2025-07-08;2025-07-07;2025-07-04;2025-07-03;2025-07-02;2025-07-01;2025-06-30;2025-06-27;2025-06-26;2025-06-25;2025-06-24;2025-06-23;2025-06-20,2025-07-09,9600.0,10800.0,10800.0,27.89387644675926,36.980476490080335,19.571491057610903,41.567540172169274,85263.5640635218,894.9916984313238,9027.336258243711,53826.20650193331,3185.121293571012,57011.32779550432,63747.42429468493,63747.4242309375,40749.731462530006,1653.9161079285068,lexicographic,6.37474242309375e-05,4.0749731421780285e-05,False,0.6779912000001787,0.0,1,0
2025-07-11,False,2,1.0,7,0.95,14,2025-07-04;2025-07-10,2025-07-04;2025-07-10;2025-07-03;2025-07-09;2025-07-02;2025-07-08;2025-07-07,2025-07-10;2025-07-09;2025-07-08;2025-07-07;2025-07-04;2025-07-03;2025-07-02;2025-07-01;2025-06-30;2025-06-27;2025-06-26;2025-06-25;2025-06-24;2025-06-23,2025-07-10,9600.0,10800.0,10800.0,163.28958749999998,181.53898479401198,39.99090455131996,72.13954409980404,61826.237125884756,62.74250000000052,25894.80412203927,38146.08131631239,134.1434650000011,38280.22478131239,47378.983846692674,47378.983799313675,33107.74221294913,1568.840463742055,lexicographic,4.737898379931368e-05,3.3107742179841395e-05,False,1.072281100001419,0.0,1,0
2025-07-12,False,2,1.0,7,0.95,14,2025-07-05;2025-07-06,2025-07-05;2025-07-06;2025-06-07;2025-06-21;2025-06-14;2025-06-28;2025-06-08,2025-07-06;2025-07-05;2025-06-29;2025-06-28;2025-06-22;2025-06-21;2025-06-15;2025-06-14;2025-06-08;2025-06-07;2025-06-01;2025-05-31;2025-05-25;2025-05-24,2025-07-11,9600.0,10800.0,10800.0,161.39120607638887,178.47858200588988,25.890263202002465,52.014217727579485,80018.27674547998,0.0,44556.34008664731,49677.4806818232,0.0,49677.4806818232,67701.32433503371,67701.32426733235,41703.289048177816,1619.5924764450556,lexicographic,6.770132426733235e-05,4.170328900647453e-05,False,0.3422207999992679,4.298856894115003e-16,1,0
2025-07-13,False,2,1.0,7,0.95,14,2025-07-06;2025-07-05,2025-07-06;2025-07-05;2025-07-12;2025-06-22;2025-06-29;2025-06-15;2025-06-08,2025-07-12;2025-07-06;2025-07-05;2025-06-29;2025-06-28;2025-06-22;2025-06-21;2025-06-15;2025-06-14;2025-06-08;2025-06-07;2025-06-01;2025-05-31;2025-05-25,2025-07-12,9600.0,10800.0,10800.0,148.4353706597222,167.2704248242835,59.735725387505596,110.53120551029237,79355.61173344808,6003.25606106747,11755.999646678765,49050.77879616313,24357.933961123996,73408.71275728712,66906.46868873015,66906.46862182366,41297.98643991882,1619.5924766712596,lexicographic,6.690646862182366e-05,4.129798639862084e-05,False,0.29765520000000834,2.1749638754092432e-16,1,0
2025-07-14,False,2,1.0,7,0.95,14,2025-07-07;2025-07-08,2025-07-07;2025-07-08;2025-07-09;2025-07-11;2025-06-09;2025-07-02;2025-07-04,2025-07-11;2025-07-10;2025-07-09;2025-07-08;2025-07-07;2025-07-04;2025-07-03;2025-07-02;2025-07-01;2025-06-30;2025-06-27;2025-06-26;2025-06-25;2025-06-24,2025-07-13,9600.0,10800.0,10800.0,27.2501921875,35.912244754184904,26.481997142789957,45.97916528147217,85498.03049214484,627.2883105427613,10057.40721637413,53907.583239878106,2650.831343679629,56558.41458355774,63765.56352498777,63765.56346122221,40584.318889793285,1672.9066630707314,lexicographic,6.376556346122222e-05,4.058431884920898e-05,False,0.4888737000001129,0.0,1,0
2025-07-15,False,2,1.0,7,0.95,14,2025-07-08;2025-07-09,2025-07-08;2025-07-09;2025-07-14;2025-07-07;2025-07-02;2025-07-03;2025-07-10,2025-07-14;2025-07-11;2025-07-10;2025-07-09;2025-07-08;2025-07-07;2025-07-04;2025-07-03;2025-07-02;2025-07-01;2025-06-30;2025-06-27;2025-06-26;2025-06-25,2025-07-14,9600.0,10800.0,10800.0,30.58629490740742,39.101668800741564,35.33229923126592,65.79640427645317,82811.40352808661,2350.998571973242,8191.8477534376325,52260.75538359941,6991.6622613975505,59252.41764499696,61861.17797011957,61861.17790825842,40215.377955541466,1631.7803123979706,lexicographic,6.186117790825842e-05,4.021537791532609e-05,False,0.7436505999994552,0.0,1,0
2025-07-16,False,2,1.0,7,0.95,14,2025-07-02;2025-07-09,2025-07-02;2025-07-09;2025-07-03;2025-07-10;2025-07-15;2025-07-08;2025-07-11,2025-07-15;2025-07-14;2025-07-11;2025-07-10;2025-07-09;2025-07-08;2025-07-07;2025-07-04;2025-07-03;2025-07-02;2025-07-01;2025-06-30;2025-06-27;2025-06-26,2025-07-15,9600.0,10800.0,10800.0,30.61694577546296,37.929823929961614,26.342204292207864,48.393840428137715,84082.40231955521,940.0398106866608,8714.497439745228,52952.53209207141,3246.5197016877564,56199.051793759165,62777.19614788552,62777.196085108364,39756.9482419243,1643.322595872901,lexicographic,6.277719608510837e-05,3.975694820216736e-05,False,1.4346607999996195,0.0,1,0
2025-07-17,False,2,1.0,7,0.95,14,2025-07-10;2025-07-03,2025-07-10;2025-07-03;2025-07-09;2025-07-11;2025-07-16;2025-07-02;2025-07-04,2025-07-16;2025-07-15;2025-07-14;2025-07-11;2025-07-10;2025-07-09;2025-07-08;2025-07-07;2025-07-04;2025-07-03;2025-07-02;2025-07-01;2025-06-30;2025-06-27,2025-07-16,9600.0,10800.0,10800.0,29.514024247685185,36.59976611288359,23.280863668340032,40.458527097331626,83909.51760680627,1289.2006052871016,8271.81979921375,52987.832275352266,4574.284733327593,57562.11700867986,62717.06593166603,62717.06586894897,40072.27919287079,1653.790111954856,lexicographic,6.271706586894897e-05,4.0072279152798525e-05,False,1.01105109999844,0.0,1,0
2025-07-18,False,2,1.0,7,0.95,14,2025-07-11;2025-07-04,2025-07-11;2025-07-04;2025-07-17;2025-07-10;2025-07-03;2025-07-16;2025-07-09,2025-07-17;2025-07-16;2025-07-15;2025-07-14;2025-07-11;2025-07-10;2025-07-09;2025-07-08;2025-07-07;2025-07-04;2025-07-03;2025-07-02;2025-07-01;2025-06-30,2025-07-17,9600.0,10800.0,10800.0,24.19708350694444,30.913080068925513,30.523748344568258,57.69516509165123,45009.33605432952,494.86131088062757,10170.315475533649,26528.974778425683,1740.3246241489717,28269.299402574656,34492.84055474285,34492.840520250014,38673.35347007612,1484.971616382687,lexicographic,3.4492840520250014e-05,3.867335343140278e-05,False,0.7498364000002766,0.0,1,0
2025-07-19,False,2,1.0,7,0.95,14,2025-07-12;2025-07-05,2025-07-12;2025-07-05;2025-07-13;2025-07-06;2025-06-21;2025-06-28;2025-06-07,2025-07-13;2025-07-12;2025-07-06;2025-07-05;2025-06-29;2025-06-28;2025-06-22;2025-06-21;2025-06-15;2025-06-14;2025-06-08;2025-06-07;2025-06-01;2025-05-31,2025-07-18,9600.0,10800.0,10800.0,25.253626967592588,31.788376988577607,26.447638806258013,44.53545279804888,54593.62762531278,635.5549250000006,24710.11681306172,32561.76299019284,2032.2733185833354,34594.03630877618,51007.378321531134,51007.37827052378,31782.139494339128,1601.1458321302634,lexicographic,5.1007378270523786e-05,3.1782139462556976e-05,False,0.964389900000242,2.852903976203014e-16,1,0
2025-07-20,False,2,1.0,7,0.95,14,2025-07-13;2025-07-06,2025-07-13;2025-07-06;2025-07-05;2025-06-22;2025-07-19;2025-06-29;2025-07-12,2025-07-19;2025-07-13;2025-07-12;2025-07-06;2025-07-05;2025-06-29;2025-06-28;2025-06-22;2025-06-21;2025-06-15;2025-06-14;2025-06-08;2025-06-07;2025-06-01,2025-07-19,9600.0,10800.0,10800.0,30.02037326388889,36.54297792086902,24.637846003661018,42.19404651009576,98830.24216024668,423.66437499999984,22445.647159237797,64684.59823541806,1246.3854980458336,65930.98373346389,84035.158389132,84035.1583050968,44947.83630741797,1643.0908328543528,lexicographic,8.40351583050968e-05,4.494783626247015e-05,False,0.298284299999068,3.4632921557748207e-16,1,0
2025-07-21,False,2,1.0,7,0.95,14,2025-07-07;2025-07-14,2025-07-07;2025-07-14;2025-07-15;2025-07-08;2025-06-09;2025-07-16;2025-07-18,2025-07-18;2025-07-17;2025-07-16;2025-07-15;2025-07-14;2025-07-11;2025-07-10;2025-07-09;2025-07-08;2025-07-07;2025-07-04;2025-07-03;2025-07-02;2025-07-01,2025-07-20,9600.0,10800.0,10800.0,31.6516828125,40.029952810216116,25.162440963518335,41.38574793164666,84369.34933822029,610.9537427440046,6850.099169285126,53173.807260788926,2158.2407020120236,55332.04796280095,62840.218367402194,62840.21830456201,39443.277666522736,1687.8066296532982,lexicographic,6.284021830456201e-05,3.944327762707947e-05,False,1.2676386999992246,0.0,1,0
2025-07-22,False,2,1.0,7,0.95,14,2025-07-15;2025-07-08,2025-07-15;2025-07-08;2025-07-16;2025-07-21;2025-07-07;2025-07-09;2025-07-02,2025-07-21;2025-07-18;2025-07-17;2025-07-16;2025-07-15;2025-07-14;2025-07-11;2025-07-10;2025-07-09;2025-07-08;2025-07-07;2025-07-04;2025-07-03;2025-07-02,2025-07-21,9600.0,10800.0,10800.0,25.693783564814808,32.77440781248897,31.18200326021358,57.13141254957671,83491.181209459,1420.3838804871893,6895.836377235788,52612.64883408531,5103.205648667833,57715.854482753144,60623.84564620262,60623.845585578805,40206.616914942984,1636.5275,lexicographic,6.062384558557881e-05,4.020661687473637e-05,False,1.361903799999709,0.0,1,0
2025-07-23,False,2,1.0,7,0.95,14,2025-07-16;2025-07-09,2025-07-16;2025-07-09;2025-07-22;2025-07-17;2025-07-02;2025-07-15;2025-07-10,2025-07-22;2025-07-21;2025-07-18;2025-07-17;2025-07-16;2025-07-15;2025-07-14;2025-07-11;2025-07-10;2025-07-09;2025-07-08;2025-07-07;2025-07-04;2025-07-03,2025-07-22,9600.0,10800.0,10800.0,26.338135358796293,32.18682105153521,28.75717596065184,50.338384417688935,83198.64852432293,1155.5737177579333,5904.870521772322,52307.26855354868,4393.344856595295,56700.613410143975,59167.74334913769,59167.743289969956,40323.03332943049,1663.847496976416,lexicographic,5.916774328996996e-05,4.0323033289107466e-05,False,0.9706294999996317,0.0,1,0
2025-07-24,False,2,1.0,7,0.95,14,2025-07-17;2025-07-10,2025-07-17;2025-07-10;2025-07-03;2025-07-23;2025-07-16;2025-07-18;2025-07-11,2025-07-23;2025-07-22;2025-07-21;2025-07-18;2025-07-17;2025-07-16;2025-07-15;2025-07-14;2025-07-11;2025-07-10;2025-07-09;2025-07-08;2025-07-07;2025-07-04,2025-07-23,9600.0,10800.0,10800.0,24.96773634259259,32.999051002607736,35.3104577671043,59.15091824710459,84443.23274315851,1356.530324220653,7949.570908688562,53226.80403646863,5276.131202360728,58502.93523882936,59532.02767550079,59532.027615968786,40331.75519594738,1652.187590617447,lexicographic,5.953202761596879e-05,4.033175515561563e-05,False,0.6770501999999397,0.0,1,0
2025-07-25,False,2,1.0,7,0.95,14,2025-07-18;2025-07-11,2025-07-18;2025-07-11;2025-07-24;2025-07-04;2025-07-10;2025-07-03;2025-07-17,2025-07-24;2025-07-23;2025-07-22;2025-07-21;2025-07-18;2025-07-17;2025-07-16;2025-07-15;2025-07-14;2025-07-11;2025-07-10;2025-07-09;2025-07-08;2025-07-07,2025-07-24,9600.0,10800.0,10800.0,25.35723981481482,31.492487462285307,20.498190107869032,33.9221335857162,44140.49850520204,552.9165505114055,14131.31735378371,25856.30255580548,2081.085095864931,27937.38765167041,30368.76686615974,30368.76683579099,38646.14960434822,1489.02666666658,lexicographic,3.036876683579099e-05,3.864614960434807e-05,False,0.9740526999994472,0.0,1,0
2025-07-26,False,2,1.0,7,0.95,14,2025-07-19;2025-07-05,2025-07-19;2025-07-05;2025-07-12;2025-06-28;2025-06-21;2025-07-20;2025-07-13,2025-07-20;2025-07-19;2025-07-13;2025-07-12;2025-07-06;2025-07-05;2025-06-29;2025-06-28;2025-06-22;2025-06-21;2025-06-15;2025-06-14;2025-06-08;2025-06-07,2025-07-25,9600.0,10800.0,10800.0,28.157961689814822,35.33765319707246,28.49929831458816,50.20003330806073,52305.92293548576,495.7452944735735,20726.812748548757,31378.28823427119,1511.8356256535756,32890.123859924766,48449.4260374013,48449.42598895191,34349.645714139326,1625.9116666666687,lexicographic,4.8449425988951914e-05,3.4349645679789684e-05,False,1.1755370000009862,0.0,1,0
2025-07-27,False,2,1.0,7,0.95,14,2025-07-13;2025-07-20,2025-07-13;2025-07-20;2025-07-06;2025-06-22;2025-06-15;2025-07-26;2025-06-29,2025-07-26;2025-07-20;2025-07-19;2025-07-13;2025-07-12;2025-07-06;2025-07-05;2025-06-29;2025-06-28;2025-06-22;2025-06-21;2025-06-15;2025-06-14;2025-06-08,2025-07-26,9600.0,10800.0,10800.0,25.374271354166673,32.2405275085351,26.397246154957895,47.67758830322961,94252.2921122653,711.9518577201329,16644.034121069013,60940.82995014136,1869.9764911813754,62810.80644132273,78218.04841796934,78218.04833975129,44154.66467651969,1641.7030660818655,lexicographic,7.82180483397513e-05,4.415466463236504e-05,False,0.3085711000003357,1.8604293430025925e-16,1,0
2025-07-28,False,2,1.0,7,0.95,14,2025-07-21;2025-07-07,2025-07-21;2025-07-07;2025-07-14;2025-07-22;2025-07-15;2025-07-08;2025-06-09,2025-07-25;2025-07-24;2025-07-23;2025-07-22;2025-07-21;2025-07-18;2025-07-17;2025-07-16;2025-07-15;2025-07-14;2025-07-11;2025-07-10;2025-07-09;2025-07-08,2025-07-27,9600.0,10800.0,10800.0,30.023803993055544,35.68783940915701,41.26043471159872,70.76690411491086,82320.70125979782,2557.767451048477,2763.650716154396,51619.271953855205,9760.080593141516,61379.35254699672,55247.71529788844,55247.71524264076,39628.90935820526,1660.8024970299512,lexicographic,5.5247715242640764e-05,3.9628909318576356e-05,False,1.0126727000006213,0.0,1,0
2025-07-29,False,2,1.0,7,0.95,14,2025-07-22;2025-07-15,2025-07-22;2025-07-15;2025-07-08;2025-07-21;2025-07-16;2025-07-02;2025-07-07,2025-07-28;2025-07-25;2025-07-24;2025-07-23;2025-07-22;2025-07-21;2025-07-18;2025-07-17;2025-07-16;2025-07-15;2025-07-14;2025-07-11;2025-07-10;2025-07-09,2025-07-28,9600.0,10800.0,10800.0,28.577370081018525,35.56461851956699,34.641784407528384,69.86589637353383,82317.41467616089,2382.3661525960906,4448.838161232974,51604.146183197525,8738.95974674413,60343.10592994165,55023.09336347042,55023.09330844736,39836.1634669393,1628.9933294571088,lexicographic,5.502309330844736e-05,3.983616342710314e-05,False,1.5158701000000292,0.0,1,0
2025-07-30,False,2,1.0,7,0.95,14,2025-07-16;2025-07-23,2025-07-16;2025-07-23;2025-07-02;2025-07-29;2025-07-24;2025-07-22;2025-07-10,2025-07-29;2025-07-28;2025-07-25;2025-07-24;2025-07-23;2025-07-22;2025-07-21;2025-07-18;2025-07-17;2025-07-16;2025-07-15;2025-07-14;2025-07-11;2025-07-10,2025-07-29,9600.0,10800.0,10800.0,26.711405324074075,33.843961346814055,33.626226236188415,57.42268401559847,84153.40409206852,1205.457697885596,7013.559064107904,52875.80579386279,4937.842269420575,57813.64806328336,56456.381610068915,56456.38155361257,40411.09528042984,1655.8516505161,lexicographic,5.6456381553612574e-05,4.0411095240018756e-05,False,0.7207421999992221,0.0,1,0
2025-07-31,False,2,1.0,7,0.95,14,2025-07-24;2025-07-10,2025-07-24;2025-07-10;2025-07-17;2025-07-23;2025-07-03;2025-07-16;2025-07-30,2025-07-30;2025-07-29;2025-07-28;2025-07-25;2025-07-24;2025-07-23;2025-07-22;2025-07-21;2025-07-18;2025-07-17;2025-07-16;2025-07-15;2025-07-14;2025-07-11,2025-07-30,9600.0,10800.0,10800.0,29.63961296296298,37.3069634036995,24.785474851989477,44.47278191396255,83941.30364704483,1099.4523248519276,6158.314783146182,52860.274154188926,4450.131928127328,57310.40608231626,56301.07237610425,56301.07231980323,39890.92267879941,1668.3299465035102,lexicographic,5.630107231980323e-05,3.989092263890849e-05,False,2.0368235999994795,0.0,1,0
2025-08-01,False,2,1.0,10,0.9,14,2025-07-25;2025-07-18,2025-07-25;2025-07-18;2025-07-04;2025-07-11;2025-07-31;2025-07-24;2025-07-10;2025-07-17;2025-07-03;2025-07-30,2025-07-31;2025-07-30;2025-07-29;2025-07-28;2025-07-25;2025-07-24;2025-07-23;2025-07-22;2025-07-21;2025-07-18;2025-07-17;2025-07-16;2025-07-15;2025-07-14,2025-07-31,9600.0,10800.0,10800.0,26.54285711805555,33.83787695446631,50.41772034386212,81.11861119621446,43439.633571713304,849.9394025301119,18984.87997424342,25370.5534120541,2622.3097350594426,27992.863147113545,27588.274352323926,27588.274324735663,38613.33333333333,1465.6890613333508,lexicographic,2.7588274324735664e-05,3.861333333333333e-05,False,1.551007899999604,2.6373369818422454e-16,1,0
2025-08-02,False,2,1.0,10,0.9,14,2025-07-26;2025-07-05,2025-07-26;2025-07-05;2025-07-19;2025-07-12;2025-07-20;2025-07-13;2025-07-06;2025-07-27;2025-06-28;2025-06-21,2025-07-27;2025-07-26;2025-07-20;2025-07-19;2025-07-13;2025-07-12;2025-07-06;2025-07-05;2025-06-29;2025-06-28;2025-06-22;2025-06-21;2025-06-15;2025-06-14,2025-08-01,9600.0,10800.0,10800.0,29.648328124999995,38.758594630465545,39.189840536114204,68.7562902711059,48129.295728308876,279.5798166666676,23535.935720388796,28633.69003953591,879.928689437502,29513.618728973415,39748.845756070834,39748.845716321935,37590.031332466795,1607.8666660758481,lexicographic,3.974884571632194e-05,3.759003129487676e-05,False,1.2835810000015044,0.0,1,0
2025-08-03,False,2,1.0,10,0.9,14,2025-07-20;2025-07-06,2025-07-20;2025-07-06;2025-07-13;2025-07-27;2025-08-02;2025-06-22;2025-07-26;2025-06-29;2025-07-05;2025-07-19,2025-08-02;2025-07-27;2025-07-26;2025-07-20;2025-07-19;2025-07-13;2025-07-12;2025-07-06;2025-07-05;2025-06-29;2025-06-28;2025-06-22;2025-06-21;2025-06-15,2025-08-02,9600.0,10800.0,10800.0,28.154114988425924,34.413732406641415,55.81860132070327,93.23604222243175,88161.07891764285,570.9545750000004,21524.539117915032,56558.18034259483,2346.0924510291684,58904.272793624,69799.89926211194,69799.89919231209,41611.084465389584,1648.3456165376278,lexicographic,6.97998991923121e-05,4.16110844237785e-05,False,1.4433986999993067,0.0,1,0
2025-08-04,False,2,1.0,10,0.9,14,2025-07-14;2025-07-28,2025-07-14;2025-07-28;2025-07-21;2025-07-15;2025-07-22;2025-07-08;2025-07-07;2025-07-29;2025-07-23;2025-07-18,2025-08-01;2025-07-31;2025-07-30;2025-07-29;2025-07-28;2025-07-25;2025-07-24;2025-07-23;2025-07-22;2025-07-21;2025-07-18;2025-07-17;2025-07-16;2025-07-15,2025-08-03,9600.0,10800.0,10800.0,24.87789768518519,31.089001005607123,67.19527987815923,110.19247167637373,86112.65963713659,368.6115416666657,16811.01055238702,54355.66424740981,999.4622794833315,55355.126526893146,57875.007420480295,57875.007362605276,40530.715963052935,1631.268824804343,lexicographic,5.787500736260528e-05,4.053071592252223e-05,False,0.611192200000005,0.0,1,0
2025-08-05,False,2,1.0,10,0.9,14,2025-07-15;2025-07-22,2025-07-15;2025-07-22;2025-07-08;2025-07-23;2025-08-04;2025-07-14;2025-07-09;2025-07-16;2025-07-21;2025-07-29,2025-08-04;2025-08-01;2025-07-31;2025-07-30;2025-07-29;2025-07-28;2025-07-25;2025-07-24;2025-07-23;2025-07-22;2025-07-21;2025-07-18;2025-07-17;2025-07-16,2025-08-04,9600.0,10800.0,10800.0,32.89527494212963,40.965635497202335,31.194857534747307,55.37429546845355,81542.58839760034,450.589649824852,12686.864721678288,51155.62835958051,1144.6658394048025,52300.294198985306,54552.43862507168,54552.43857051922,39572.35001193978,1628.9933294840066,lexicographic,5.455243857051922e-05,3.957234997236744e-05,False,0.5898273000002519,0.0,1,0
2025-08-06,False,2,1.0,10,0.9,14,2025-07-23;2025-07-16,2025-07-23;2025-07-16;2025-07-24;2025-07-31;2025-07-30;2025-07-09;2025-08-05;2025-07-15;2025-07-22;2025-07-17,2025-08-05;2025-08-04;2025-08-01;2025-07-31;2025-07-30;2025-07-29;2025-07-28;2025-07-25;2025-07-24;2025-07-23;2025-07-22;2025-07-21;2025-07-18;2025-07-17,2025-08-05,9600.0,10800.0,10800.0,33.805448148148145,42.23877277971747,34.52315699434146,56.42551672596067,82745.20268117762,729.2209808091536,11180.599576524899,52051.00913357743,2358.3480199958253,54409.357153573255,55415.379940838946,55415.37988542354,39814.52064220701,1655.8516527714396,lexicographic,5.5415379885423544e-05,3.9814520602392496e-05,False,1.5190050000001065,0.0,1,0
2025-08-07,False,2,1.0,10,0.9,14,2025-07-24;2025-07-31,2025-07-24;2025-07-31;2025-07-17;2025-08-06;2025-07-23;2025-07-10;2025-07-03;2025-07-16;2025-07-25;2025-07-18,2025-08-06;2025-08-05;2025-08-04;2025-08-01;2025-07-31;2025-07-30;2025-07-29;2025-07-28;2025-07-25;2025-07-24;2025-07-23;2025-07-22;2025-07-21;2025-07-18,2025-08-06,9600.0,10800.0,10800.0,28.517797222222214,34.86231841064044,53.27571969588126,94.31359054059608,81756.92145122377,741.3426583253558,14856.583696221229,51341.00824205374,2409.976222631063,53750.9844646848,54605.53299176274,54605.532937157186,40522.0433980184,1618.9285989857876,lexicographic,5.460553293715719e-05,4.052204335749636e-05,False,0.593022099999871,0.0,1,0
2025-08-08,False,2,1.0,10,0.9,14,2025-07-18;2025-07-25,2025-07-18;2025-07-25;2025-07-11;2025-08-07;2025-07-24;2025-08-01;2025-07-31;2025-07-17;2025-08-06;2025-07-03,2025-08-07;2025-08-06;2025-08-05;2025-08-04;2025-08-01;2025-07-31;2025-07-30;2025-07-29;2025-07-28;2025-07-25;2025-07-24;2025-07-23;2025-07-22;2025-07-21,2025-08-07,9600.0,10800.0,10800.0,26.201330960648157,32.872589778581215,49.93810747482683,87.96262995981424,42566.53473931692,301.25260229714866,23039.28275828073,24759.60397266611,1210.6609666723311,25970.26493933844,26899.818040866663,26899.818013966877,38613.33333333333,1465.6891151205782,lexicographic,2.6899818013966877e-05,3.861333333333333e-05,False,0.8691353000012896,0.0,1,0
2025-08-09,False,2,1.0,10,0.9,14,2025-08-02;2025-07-26,2025-08-02;2025-07-26;2025-07-05;2025-07-19;2025-07-12;2025-08-03;2025-07-20;2025-06-28;2025-07-13;2025-07-27,2025-08-03;2025-08-02;2025-07-27;2025-07-26;2025-07-20;2025-07-19;2025-07-13;2025-07-12;2025-07-06;2025-07-05;2025-06-29;2025-06-28;2025-06-22;2025-06-21,2025-08-08,9600.0,10800.0,10800.0,26.62729311342592,33.250347468944504,30.00021107682537,48.12953450076369,43840.65859790842,486.6797833333321,21318.09613559425,25714.779570446037,1436.2527701374972,27151.032340583533,35034.61589623174,35034.61586119712,38937.03670853677,1629.0745252213055,lexicographic,3.503461586119712e-05,3.8937036708536774e-05,False,1.1889794999988226,0.0,1,0
2025-08-10,False,2,1.0,10,0.9,14,2025-08-03;2025-07-20,2025-08-03;2025-07-20;2025-07-27;2025-07-13;2025-07-06;2025-06-22;2025-06-29;2025-08-02;2025-07-26;2025-08-09,2025-08-09;2025-08-03;2025-08-02;2025-07-27;2025-07-26;2025-07-20;2025-07-19;2025-07-13;2025-07-12;2025-07-06;2025-07-05;2025-06-29;2025-06-28;2025-06-22,2025-08-09,9600.0,10800.0,10800.0,26.023696817129622,32.68471371594477,24.597128864643445,44.718278584910685,80184.60458184431,393.35061343743695,11130.658705653668,50756.819107193616,998.1045679894823,51754.9236751831,62905.166521151084,62905.16645824589,39464.45350382544,1654.1122213110975,lexicographic,6.290516645824589e-05,3.9464453464361005e-05,False,0.939835099999982,2.3133100264548017e-16,1,0
2025-08-11,False,2,1.0,10,0.9,14,2025-08-04;2025-07-28,2025-08-04;2025-07-28;2025-07-14;2025-07-21;2025-08-05;2025-07-15;2025-07-22;2025-07-07;2025-07-08;2025-07-29,2025-08-08;2025-08-07;2025-08-06;2025-08-05;2025-08-04;2025-08-01;2025-07-31;2025-07-30;2025-07-29;2025-07-28;2025-07-25;2025-07-24;2025-07-23;2025-07-22,2025-08-10,9600.0,10800.0,10800.0,30.504111863425933,37.84748543914294,34.62240407570688,68.21447635031116,79358.42308319584,882.2292731449895,11598.36640098383,49597.15578808511,3394.113959861591,52991.2697479467,52908.72308859877,52908.723035690025,38877.20550454123,1651.6889398931462,lexicographic,5.290872303569003e-05,3.887720546566403e-05,False,1.2295180000000983,0.0,1,0
2025-08-12,False,2,1.0,10,0.9,14,2025-08-05;2025-08-06,2025-08-05;2025-08-06;2025-07-15;2025-07-22;2025-08-11;2025-07-08;2025-08-04;2025-07-23;2025-07-28;2025-07-16,2025-08-11;2025-08-08;2025-08-07;2025-08-06;2025-08-05;2025-08-04;2025-08-01;2025-07-31;2025-07-30;2025-07-29;2025-07-28;2025-07-25;2025-07-24;2025-07-23,2025-08-11,9600.0,10800.0,10800.0,24.426355266203707,30.77716926079629,23.362994500751356,39.54100141297555,75945.62868007248,1458.2484459791053,5625.527631824735,47613.336562512755,5965.081475424944,53578.4180379377,50777.85324721789,50777.85319644003,38274.88725289793,1635.3249925205323,lexicographic,5.077785319644004e-05,3.8274887214623044e-05,False,0.9506473999990703,0.0,1,0
2025-08-13,False,2,1.0,10,0.9,14,2025-08-06;2025-07-23,2025-08-06;2025-07-23;2025-08-07;2025-07-16;2025-07-24;2025-07-31;2025-07-30;2025-08-12;2025-07-09;2025-08-05,2025-08-12;2025-08-11;2025-08-08;2025-08-07;2025-08-06;2025-08-05;2025-08-04;2025-08-01;2025-07-31;2025-07-30;2025-07-29;2025-07-28;2025-07-25;2025-07-24,2025-08-12,9600.0,10800.0,10800.0,27.05292876157406,34.75825722945625,21.636035694565393,42.303353295096905,78346.16346882141,727.3398692079694,8842.50176858226,49275.72182927615,2689.5329367125187,51965.25476598867,52560.50260731854,52560.502554758044,39153.368611575155,1637.0708234292852,lexicographic,5.256050255475805e-05,3.91533685724218e-05,False,0.8049821999993583,0.0,1,0
2025-08-14,False,2,1.0,10,0.9,14,2025-08-07;2025-07-17,2025-08-07;2025-07-17;2025-07-24;2025-07-31;2025-08-13;2025-07-10;2025-08-06;2025-07-23;2025-08-08;2025-07-03,2025-08-13;2025-08-12;2025-08-11;2025-08-08;2025-08-07;2025-08-06;2025-08-05;2025-08-04;2025-08-01;2025-07-31;2025-07-30;2025-07-29;2025-07-28;2025-07-25,2025-08-13,9600.0,10800.0,10800.0,29.72316568287037,38.51402488087307,30.186373042231,47.963830340312505,76381.66158497968,1098.5614935331012,7457.208719166376,48049.90651144649,4505.006313102456,52554.91282454895,51343.26497500769,51343.26492366444,39026.680582019355,1641.629609570323,lexicographic,5.134326492366445e-05,3.902668054299268e-05,False,0.762900499999887,0.0,1,0
2025-08-15,False,2,1.0,10,0.9,14,2025-08-08;2025-07-25,2025-08-08;2025-07-25;2025-07-18;2025-08-01;2025-07-11;2025-08-07;2025-08-14;2025-07-24;2025-07-31;2025-07-17,2025-08-14;2025-08-13;2025-08-12;2025-08-11;2025-08-08;2025-08-07;2025-08-06;2025-08-05;2025-08-04;2025-08-01;2025-07-31;2025-07-30;2025-07-29;2025-07-28,2025-08-14,9600.0,10800.0,10800.0,25.672990972222223,32.35630288035118,24.832042735513497,43.55386741203687,41766.47092931554,567.3074273284537,21117.11924436554,24190.03164408003,1924.976558890899,26115.00820297093,26443.738588464686,26443.738562020975,38647.61754942457,1462.6200035397424,lexicographic,2.6443738562020976e-05,3.864761754942457e-05,False,0.8678663999999117,0.0,1,0
2025-08-16,False,2,1.0,10,0.9,14,2025-08-09;2025-08-02,2025-08-09;2025-08-02;2025-07-26;2025-07-05;2025-07-19;2025-07-12;2025-08-10;2025-08-03;2025-07-20;2025-06-28,2025-08-10;2025-08-09;2025-08-03;2025-08-02;2025-07-27;2025-07-26;2025-07-20;2025-07-19;2025-07-13;2025-07-12;2025-07-06;2025-07-05;2025-06-29;2025-06-28,2025-08-15,9600.0,10800.0,10800.0,25.41758981481481,32.37611929299455,26.367034725429136,51.6832776239505,42812.684541980045,763.1613707744682,22581.919831555773,25079.888940998295,2952.976190869499,28032.865131867795,34243.93802466354,34243.93799041956,38721.09864896345,1623.781558909206,lexicographic,3.424393799041956e-05,3.8721098610242365e-05,False,1.4818875000000844,0.0,1,0
2025-08-17,False,2,1.0,10,0.9,14,2025-08-10;2025-08-03,2025-08-10;2025-08-03;2025-07-20;2025-07-13;2025-07-27;2025-07-06;2025-06-22;2025-08-16;2025-08-09;2025-08-02,2025-08-16;2025-08-10;2025-08-09;2025-08-03;2025-08-02;2025-07-27;2025-07-26;2025-07-20;2025-07-19;2025-07-13;2025-07-12;2025-07-06;2025-07-05;2025-06-29,2025-08-16,9600.0,10800.0,10800.0,29.31008136574075,36.211056597211325,30.061569845743755,50.68923622302265,77600.7031086258,686.1910141564979,11019.735378889964,49145.211502431266,2548.084076480238,51693.29557891151,61050.54261158635,61050.54255053582,39074.709896202505,1631.0132618134649,lexicographic,6.105054255053582e-05,3.90747098571278e-05,False,1.0387869000005594,4.767169830250471e-16,1,0
2025-08-18,False,2,1.0,10,0.9,14,2025-08-11;2025-08-04,2025-08-11;2025-08-04;2025-07-14;2025-07-28;2025-08-12;2025-08-05;2025-07-21;2025-07-15;2025-07-22;2025-07-07,2025-08-15;2025-08-14;2025-08-13;2025-08-12;2025-08-11;2025-08-08;2025-08-07;2025-08-06;2025-08-05;2025-08-04;2025-08-01;2025-07-31;2025-07-30;2025-07-29,2025-08-17,9600.0,10800.0,10800.0,29.811278124999994,37.609894359434186,32.4149697780551,56.116199899542345,75564.94133798321,1173.0647956398439,8330.221119660426,47457.99901609354,4716.128211668442,52174.12722776199,50678.29952557716,50678.29947489887,38235.48215318793,1626.7891591957023,lexicographic,5.067829947489888e-05,3.8235482114952455e-05,False,1.0447662999995373,0.0,1,0
2025-08-19,False,2,1.0,10,0.9,14,2025-08-05;2025-08-12,2025-08-05;2025-08-12;2025-08-18;2025-08-13;2025-08-11;2025-08-04;2025-07-22;2025-07-15;2025-08-06;2025-07-14,2025-08-18;2025-08-15;2025-08-14;2025-08-13;2025-08-12;2025-08-11;2025-08-08;2025-08-07;2025-08-06;2025-08-05;2025-08-04;2025-08-01;2025-07-31;2025-07-30,2025-08-18,9600.0,10800.0,10800.0,28.666213715277777,35.6798381473948,19.816472704430787,34.794015136830744,73208.87752017681,1389.0028283074764,6351.722014852465,46233.26970176429,5136.605354366829,51369.875056131124,49346.45159021599,49346.45154086952,37424.11522828226,1646.2999955229602,lexicographic,4.9346451540869526e-05,3.742411519085816e-05,False,0.8949090999994951,0.0,1,0
2025-08-20,False,2,1.0,10,0.9,14,2025-08-06;2025-08-13,2025-08-06;2025-08-13;2025-07-23;2025-08-07;2025-08-12;2025-07-16;2025-07-31;2025-07-24;2025-07-30;2025-08-14,2025-08-19;2025-08-18;2025-08-15;2025-08-14;2025-08-13;2025-08-12;2025-08-11;2025-08-08;2025-08-07;2025-08-06;2025-08-05;2025-08-04;2025-08-01;2025-07-31,2025-08-19,9600.0,10800.0,10800.0,30.81587737268518,37.06103506290982,44.54811452387197,73.00422796302598,74314.2741818544,3514.9657994182035,3251.4503978374532,46752.507670130086,13703.494122080741,60456.00179221082,50031.30845915413,50031.30840912281,37410.78060711035,1623.7808204580615,lexicographic,5.0031308409122814e-05,3.741078056969958e-05,False,0.7484937000008358,0.0,1,0
2025-08-21,False,2,1.0,10,0.9,14,2025-08-07;2025-07-31,2025-08-07;2025-07-31;2025-07-24;2025-08-14;2025-08-13;2025-08-20;2025-08-06;2025-08-15;2025-07-23;2025-07-30,2025-08-20;2025-08-19;2025-08-18;2025-08-15;2025-08-14;2025-08-13;2025-08-12;2025-08-11;2025-08-08;2025-08-07;2025-08-06;2025-08-05;2025-08-04;2025-08-01,2025-08-20,9600.0,10800.0,10800.0,26.981402256944452,34.45705253006969,27.82695434108304,48.223765147621506,75583.90384985678,1180.0528177157375,6804.715293975203,47554.196281251774,4464.108146354918,52018.304427606694,51443.06002652104,51443.05997507795,39199.102270409654,1645.1784076834078,lexicographic,5.144305997507795e-05,3.919910223121056e-05,False,0.7301493000013579,0.0,1,0
2025-08-22,False,2,1.0,10,0.9,14,2025-08-15;2025-08-08,2025-08-15;2025-08-08;2025-07-25;2025-07-18;2025-08-01;2025-08-21;2025-08-07;2025-07-11;2025-07-31;2025-08-14,2025-08-21;2025-08-20;2025-08-19;2025-08-18;2025-08-15;2025-08-14;2025-08-13;2025-08-12;2025-08-11;2025-08-08;2025-08-07;2025-08-06;2025-08-05;2025-08-04,2025-08-21,9600.0,10800.0,10800.0,26.91294068287037,33.642542926007444,28.54091295288397,47.3899606247662,41141.72327545793,1889.294098167978,17747.11464029258,23652.162813766023,7592.030884108766,31244.19369787479,26154.44787444874,26154.447848294312,38613.33333333333,1434.5021701454139,lexicographic,2.6154447848294315e-05,3.861333333333333e-05,False,1.3115808999991714,0.0,1,0
2025-08-23,False,2,1.0,10,0.9,14,2025-08-16;2025-08-02,2025-08-16;2025-08-02;2025-08-09;2025-07-26;2025-07-05;2025-07-19;2025-07-12;2025-08-10;2025-08-03;2025-08-17,2025-08-17;2025-08-16;2025-08-10;2025-08-09;2025-08-03;2025-08-02;2025-07-27;2025-07-26;2025-07-20;2025-07-19;2025-07-13;2025-07-12;2025-07-06;2025-07-05,2025-08-22,9600.0,10800.0,10800.0,23.59269317129629,30.61230972952016,34.61375743438865,64.84417949710476,43166.15473988023,738.2187345664524,17309.093868286855,25284.612653015283,2213.72796431616,27498.340617331443,34551.70716831083,34551.70713375908,38727.07871394357,1606.2974282999949,lexicographic,3.455170713375908e-05,3.87270786752165e-05,False,0.8260120000013558,0.0,1,0
2025-08-24,False,2,1.0,10,0.9,14,2025-08-10;2025-08-17,2025-08-10;2025-08-17;2025-08-03;2025-07-20;2025-07-27;2025-07-13;2025-07-06;2025-06-22;2025-06-29;2025-08-23,2025-08-23;2025-08-17;2025-08-16;2025-08-10;2025-08-09;2025-08-03;2025-08-02;2025-07-27;2025-07-26;2025-07-20;2025-07-19;2025-07-13;2025-07-12;2025-07-06,2025-08-23,9600.0,10800.0,10800.0,29.063375752314812,36.44855033597245,40.758323803765215,71.3391934209913,77311.91821725399,1370.2146855003646,10883.788572877305,48613.90680835175,5101.434118272495,53715.340926624245,60046.472690631665,60046.47263058522,38722.138274969104,1628.07154415573,lexicographic,6.004647263058522e-05,3.872213823624698e-05,False,0.9580796000009286,0.0,1,0
2025-08-25,False,2,1.0,10,0.9,14,2025-08-18;2025-08-11,2025-08-18;2025-08-11;2025-08-04;2025-07-14;2025-08-12;2025-07-28;2025-08-19;2025-08-05;2025-07-21;2025-07-15,2025-08-22;2025-08-21;2025-08-20;2025-08-19;2025-08-18;2025-08-15;2025-08-14;2025-08-13;2025-08-12;2025-08-11;2025-08-08;2025-08-07;2025-08-06;2025-08-05,2025-08-24,9600.0,10800.0,10800.0,23.71297002314816,30.210807157915248,51.357079574268205,80.9360903775855,73328.00671564628,4051.2975473115566,2633.663183768765,46436.18533288613,14886.465891764594,61322.65122465073,50332.97252978306,50332.97247945007,37843.80449034502,1604.8758307300195,lexicographic,5.0332972479450075e-05,3.7843804452501226e-05,False,0.957370299998729,2.8911297130937577e-16,1,0
2025-08-26,False,2,1.0,10,0.9,14,2025-08-12;2025-07-22,2025-08-12;2025-07-22;2025-07-29;2025-07-15;2025-08-20;2025-08-05;2025-08-13;2025-07-08;2025-08-06;2025-07-28,2025-08-25;2025-08-22;2025-08-21;2025-08-20;2025-08-19;2025-08-18;2025-08-15;2025-08-14;2025-08-13;2025-08-12;2025-08-11;2025-08-08;2025-08-07;2025-08-06,2025-08-25,9600.0,10800.0,10800.0,35.63637621527778,44.04937453026014,36.29807421091074,65.31995137958734,80191.51196635384,586.9853073281013,11045.23823417328,50376.906739541446,2149.7909798429087,52526.697719384356,54571.634586308384,54571.63453173672,40052.82940882815,1642.0007669933784,lexicographic,5.457163453173673e-05,4.0052829368775326e-05,False,0.8313851999992039,1.333285630275929e-16,1,0
2025-08-27,False,2,1.0,10,0.9,14,2025-08-20;2025-08-06,2025-08-20;2025-08-06;2025-08-13;2025-08-12;2025-08-07;2025-07-23;2025-08-21;2025-08-19;2025-08-14;2025-08-26,2025-08-26;2025-08-25;2025-08-22;2025-08-21;2025-08-20;2025-08-19;2025-08-18;2025-08-15;2025-08-14;2025-08-13;2025-08-12;2025-08-11;2025-08-08;2025-08-07,2025-08-26,9600.0,10800.0,10800.0,25.2170494212963,31.013481132153622,31.28996704732002,49.64126502449603,76211.57916166016,862.5398885209277,5048.548080479242,48093.86646461384,3830.1622849244577,51924.0287495383,52107.57930178179,52107.57924967422,39166.70529733518,1633.349985858682,lexicographic,5.210757924967422e-05,3.9166705258168486e-05,False,0.7816712000003463,0.0,1,0
2025-08-28,False,2,1.0,10,0.9,14,2025-08-21;2025-08-07,2025-08-21;2025-08-07;2025-07-31;2025-08-20;2025-08-27;2025-07-24;2025-08-13;2025-08-06;2025-08-14;2025-08-22,2025-08-27;2025-08-26;2025-08-25;2025-08-22;2025-08-21;2025-08-20;2025-08-19;2025-08-18;2025-08-15;2025-08-14;2025-08-13;2025-08-12;2025-08-11;2025-08-08,2025-08-27,9600.0,10800.0,10800.0,31.508760648148154,38.67106451886882,35.274413623278946,73.50934828950689,77669.76515812894,3251.335653646816,5907.763906978626,49015.1215195854,12891.425596457471,61906.54711604287,53017.49919564791,53017.49914263041,40444.373041313076,1640.1216655659864,lexicographic,5.301749914263042e-05,4.044437304131308e-05,False,1.3153148999990663,0.0,1,0
2025-08-29,False,2,1.0,10,0.9,14,2025-08-22;2025-08-15,2025-08-22;2025-08-15;2025-07-25;2025-08-01;2025-08-08;2025-08-21;2025-07-18;2025-08-28;2025-08-07;2025-07-31,2025-08-28;2025-08-27;2025-08-26;2025-08-25;2025-08-22;2025-08-21;2025-08-20;2025-08-19;2025-08-18;2025-08-15;2025-08-14;2025-08-13;2025-08-12;2025-08-11,2025-08-28,9600.0,10800.0,10800.0,27.613400115740735,33.41137017515402,29.139941696184994,45.561849088477096,42548.14989684739,581.3201445900002,16516.072101411664,24780.814124995355,2481.598898259263,27262.41302325462,27541.799012735777,27541.79898519398,38659.48125235028,1444.8958303268178,lexicographic,2.754179898519398e-05,3.865948121369079e-05,False,0.9360202999996545,1.3208936747550262e-16,1,0
2025-08-30,False,2,1.0,10,0.9,14,2025-08-23;2025-08-16,2025-08-23;2025-08-16;2025-07-26;2025-08-02;2025-08-09;2025-07-19;2025-07-05;2025-07-12;2025-06-28;2025-08-24,2025-08-24;2025-08-23;2025-08-17;2025-08-16;2025-08-10;2025-08-09;2025-08-03;2025-08-02;2025-07-27;2025-07-26;2025-07-20;2025-07-19;2025-07-13;2025-07-12,2025-08-29,9600.0,10800.0,10800.0,27.978586979166664,34.70718956209482,31.30636464399901,55.8088966035726,41891.753258926816,1110.9959674988932,20418.0756151581,24295.25772420405,3851.5626667868733,28146.820390990924,28677.9083602989,28677.908331620958,38790.7175687423,1566.3190992970176,lexicographic,2.867790833162096e-05,3.8790717529951585e-05,False,0.849576699998579,0.0,1,0
2025-08-31,False,2,1.0,10,0.9,14,2025-08-17;2025-08-24,2025-08-17;2025-08-24;2025-08-03;2025-08-10;2025-07-20;2025-07-27;2025-07-13;2025-07-06;2025-06-22;2025-08-23,2025-08-30;2025-08-24;2025-08-23;2025-08-17;2025-08-16;2025-08-10;2025-08-09;2025-08-03;2025-08-02;2025-07-27;2025-07-26;2025-07-20;2025-07-19;2025-07-13,2025-08-30,9600.0,10800.0,10800.0,27.935138888888886,35.560611147648686,31.543272760164225,51.59847608723217,74796.67887594904,1223.7025375110684,5271.812739324009,47372.465657910405,4258.835560679496,51631.3012185899,53088.57651834728,53088.57646525874,39076.4290492263,1603.406652557269,lexicographic,5.3088576465258745e-05,3.907642901014988e-05,False,0.8853715999994165,0.0,1,0
2025-09-01,False,4,0.95,10,0.95,14,2025-08-18;2025-07-28;2025-08-11;2025-08-25,2025-08-18;2025-07-28;2025-08-11;2025-08-25;2025-08-26;2025-08-04;2025-08-12;2025-07-21;2025-07-14;2025-07-22,2025-08-29;2025-08-28;2025-08-27;2025-08-26;2025-08-25;2025-08-22;2025-08-21;2025-08-20;2025-08-19;2025-08-18;2025-08-15;2025-08-14;2025-08-13;2025-08-12,2025-08-31,9600.0,10800.0,10800.0,99.73375570713284,110.66912000627971,32.34907636391237,50.731430846655165,78091.82298278424,120.6331121620799,20451.145708358956,49263.34152148443,281.9510377669225,49545.29255925135,53333.82402912575,53333.823975791944,39888.359444156966,1611.7376643325863,lexicographic,5.333382397579195e-05,3.988835940426861e-05,False,0.8473813999989943,1.3642295023671957e-16,1,0
2025-09-02,False,4,0.95,10,0.95,14,2025-06-24;2025-07-01;2025-09-01;2025-08-26,2025-06-24;2025-07-01;2025-09-01;2025-08-26;2025-05-27;2025-06-17;2025-05-13;2025-06-03;2025-06-30;2025-08-12,2025-09-01;2025-08-29;2025-08-28;2025-08-27;2025-08-26;2025-08-25;2025-08-22;2025-08-21;2025-08-20;2025-08-19;2025-08-18;2025-08-15;2025-08-14;2025-08-13,2025-09-01,9600.0,10800.0,10800.0,41.75366820905225,50.66660792160531,29.12450050361728,46.7278807033105,70129.24943221826,78.48868114385739,12089.266546936062,43511.93708607504,266.1879082202256,43778.12499429527,47102.85170266628,47102.85165556342,38683.66024595343,1537.4681913543322,lexicographic,4.7102851655563425e-05,3.868366020726979e-05,False,0.8434575000010227,0.0,1,0
2025-09-03,False,4,0.95,10,0.95,14,2025-09-02;2025-08-20;2025-08-27;2025-05-28,2025-09-02;2025-08-20;2025-08-27;2025-05-28;2025-08-28;2025-08-06;2025-05-29;2025-05-21;2025-08-26;2025-05-22,2025-09-02;2025-09-01;2025-08-29;2025-08-28;2025-08-27;2025-08-26;2025-08-25;2025-08-22;2025-08-21;2025-08-20;2025-08-19;2025-08-18;2025-08-15;2025-08-14,2025-09-02,9600.0,10800.0,10800.0,51.72503276414804,60.15885124146209,33.02382432407163,53.82659956853071,72472.80713588814,87.97577959872308,12857.157289239123,45305.755306368825,289.50791909750205,45595.263225466326,49028.79706067086,49028.79701164207,39590.49558425479,1523.894626064548,lexicographic,4.9028797011642074e-05,3.9590495544664296e-05,False,1.0030962000000727,0.0,1,0
2025-09-04,False,4,0.95,10,0.95,14,2025-09-03;2025-08-28;2025-09-02;2025-05-29,2025-09-03;2025-08-28;2025-09-02;2025-05-29;2025-08-27;2025-08-20;2025-08-21;2025-05-22;2025-08-29;2025-06-27,2025-09-03;2025-09-02;2025-09-01;2025-08-29;2025-08-28;2025-08-27;2025-08-26;2025-08-25;2025-08-22;2025-08-21;2025-08-20;2025-08-19;2025-08-18;2025-08-15,2025-09-03,9600.0,10800.0,10800.0,32.97419872054266,42.09040130297396,35.28539725680654,66.63159639459987,69171.81699009569,273.89344579020633,11396.49131580486,42844.504292183905,1140.2631738770058,43984.76746606091,46417.184020753426,46417.183974336214,39283.22611498252,1522.9127620740596,lexicographic,4.641718397433622e-05,3.92832260756993e-05,False,0.7755890999997064,0.0,1,0
2025-09-05,False,4,0.95,10,0.95,14,2025-09-04;2025-09-03;2025-05-30;2025-06-27,2025-09-04;2025-09-03;2025-05-30;2025-06-27;2025-08-29;2025-09-02;2025-08-28;2025-05-23;2025-05-16;2025-08-22,2025-09-04;2025-09-03;2025-09-02;2025-09-01;2025-08-29;2025-08-28;2025-08-27;2025-08-26;2025-08-25;2025-08-22;2025-08-21;2025-08-20;2025-08-19;2025-08-18,2025-09-04,9600.0,10800.0,10800.0,314.84842268809814,344.86717240129036,24.403719632612667,44.78999184436145,64565.6968536161,0.0,53656.1473990208,39764.1885299416,0.0,39764.1885299416,42939.559147230895,42939.55910429134,38917.7415586885,1491.5322762418875,lexicographic,4.293955910429134e-05,3.8917741519770764e-05,False,0.841696100000263,0.0,1,0
2025-09-06,False,4,0.95,10,0.95,14,2025-06-28;2025-08-30;2025-05-31;2025-05-24,2025-06-28;2025-08-30;2025-05-31;2025-05-24;2025-05-17;2025-05-10;2025-06-21;2025-08-16;2025-04-26;2025-08-09,2025-08-31;2025-08-30;2025-08-24;2025-08-23;2025-08-17;2025-08-16;2025-08-10;2025-08-09;2025-08-03;2025-08-02;2025-07-27;2025-07-26;2025-07-20;2025-07-19,2025-09-05,9600.0,10800.0,10800.0,92.33640659687019,105.74214842021703,51.24893348214539,82.39048579965298,41073.60037297068,222.74973987120723,29521.933089408827,23803.552746315,922.2484853140284,24725.801231629026,25918.208275069454,25918.208249151226,38613.33323902024,1568.7669585108706,lexicographic,2.591820824915123e-05,3.861333320040692e-05,False,0.6146100999994815,0.0,1,0
2025-09-07,False,4,0.95,10,0.95,14,2025-06-29;2025-08-24;2025-06-22;2025-06-01,2025-06-29;2025-08-24;2025-06-22;2025-06-01;2025-08-17;2025-08-31;2025-05-25;2025-08-10;2025-09-06;2025-05-04,2025-09-06;2025-08-31;2025-08-30;2025-08-24;2025-08-23;2025-08-17;2025-08-16;2025-08-10;2025-08-09;2025-08-03;2025-08-02;2025-07-27;2025-07-26;2025-07-20,2025-09-06,9600.0,10800.0,10800.0,95.58279311833431,109.04376369068525,24.849684585378004,48.908749503921506,74642.26298987558,334.1915293135826,15912.233686710326,47323.70943569754,1131.453830082295,48455.16326577984,50676.02224852205,50676.022197846025,39088.73347694759,1604.0562981673488,lexicographic,5.0676022197846026e-05,3.908873343785886e-05,False,0.9852000999999291,4.3073374538615754e-16,1,0
2025-09-08,False,4,0.95,10,0.95,14,2025-09-02;2025-09-01;2025-06-30;2025-08-25,2025-09-02;2025-09-01;2025-06-30;2025-08-25;2025-06-23;2025-08-18;2025-08-26;2025-05-26;2025-08-11;2025-09-03,2025-09-05;2025-09-04;2025-09-03;2025-09-02;2025-09-01;2025-08-29;2025-08-28;2025-08-27;2025-08-26;2025-08-25;2025-08-22;2025-08-21;2025-08-20;2025-08-19,2025-09-07,9600.0,10800.0,10800.0,29.256305193922728,36.05077835108592,38.13939490123509,66.55751026045378,67868.31242637442,1093.8565507336539,5453.195422081208,42001.416771643686,4467.408124411151,46468.82489605484,44947.05635388047,44947.05630893341,39185.58568034379,1493.5335136980952,lexicographic,4.4947056308933416e-05,3.9185585641158213e-05,False,0.8744934000005742,0.0,1,0
2025-09-09,False,4,0.95,10,0.95,14,2025-09-02;2025-09-03;2025-09-08;2025-09-04,2025-09-02;2025-09-03;2025-09-08;2025-09-04;2025-08-26;2025-09-01;2025-07-01;2025-06-24;2025-09-05;2025-06-03,2025-09-08;2025-09-05;2025-09-04;2025-09-03;2025-09-02;2025-09-01;2025-08-29;2025-08-28;2025-08-27;2025-08-26;2025-08-25;2025-08-22;2025-08-21;2025-08-20,2025-09-08,9600.0,10800.0,10800.0,18.925299163642517,23.78299333828123,31.68496906583933,55.89048183741991,65893.34868479411,725.8607508900299,9415.607474903787,40618.002952402465,2930.055886162565,43548.05883856503,43262.62295192656,43262.622908663936,39065.20803339884,1473.9857362837379,lexicographic,4.326262290866394e-05,3.9065207994333636e-05,False,0.7015133000004425,1.6818114864520416e-16,1,0
2025-09-10,False,4,0.95,10,0.95,14,2025-09-03;2025-09-04;2025-09-09;2025-09-02,2025-09-03;2025-09-04;2025-09-09;2025-09-02;2025-09-05;2025-08-27;2025-08-20;2025-05-28;2025-08-28;2025-08-06,2025-09-09;2025-09-08;2025-09-05;2025-09-04;2025-09-03;2025-09-02;2025-09-01;2025-08-29;2025-08-28;2025-08-27;2025-08-26;2025-08-25;2025-08-22;2025-08-21,2025-09-09,9600.0,10800.0,10800.0,20.324337113006248,26.091797634484156,47.29352775355856,82.44773408692214,64560.557397459765,3296.3852682764277,2506.849960775401,39992.29143822666,13545.523391270184,53537.81482949684,42685.77309355322,42685.77305086749,38430.053891994976,1471.0288377352203,lexicographic,4.268577305086749e-05,3.843005385356493e-05,False,0.7475212000008469,1.7045392631200244e-16,1,0
2025-09-11,False,4,0.95,10,0.95,14,2025-09-04;2025-09-03;2025-09-05;2025-09-10,2025-09-04;2025-09-03;2025-09-05;2025-09-10;2025-09-09;2025-09-02;2025-08-28;2025-05-29;2025-06-27;2025-05-22,2025-09-10;2025-09-09;2025-09-08;2025-09-05;2025-09-04;2025-09-03;2025-09-02;2025-09-01;2025-08-29;2025-08-28;2025-08-27;2025-08-26;2025-08-25;2025-08-22,2025-09-10,9600.0,10800.0,10800.0,75.87631043860405,86.44590732309952,26.345794654251147,51.13891940514524,55685.25918176973,5166.370005556308,3545.3306586774174,33899.924129166,22450.90225269074,56350.826381856736,36485.59446747722,36485.594430991616,36297.28983695095,1440.6984038114495,lexicographic,3.648559443099162e-05,3.629728980065366e-05,False,1.0606334000003699,1.994200102165001e-16,1,0
2025-09-12,False,4,0.95,10,0.95,14,2025-09-05;2025-09-04;2025-09-11;2025-09-10,2025-09-05;2025-09-04;2025-09-11;2025-09-10;2025-09-03;2025-08-29;2025-08-28;2025-05-30;2025-08-22;2025-09-09,2025-09-11;2025-09-10;2025-09-09;2025-09-08;2025-09-05;2025-09-04;2025-09-03;2025-09-02;2025-09-01;2025-08-29;2025-08-28;2025-08-27;2025-08-26;2025-08-25,2025-09-11,9600.0,10800.0,10800.0,245.57315555727408,270.83354284479736,22.17593141701765,36.874327774284914,56641.717381870236,0.0,41158.39196472366,34542.4548984845,0.0,34542.4548984845,38130.46101938861,38130.46098125814,37454.322542291,1425.3077032037284,lexicographic,3.813046098125814e-05,3.745432250483669e-05,False,1.2985729000010906,1.908174574065522e-16,1,0
2025-09-13,False,4,0.95,10,0.95,14,2025-09-06;2025-06-28;2025-08-30;2025-05-24,2025-09-06;2025-06-28;2025-08-30;2025-05-24;2025-05-31;2025-06-21;2025-05-10;2025-05-17;2025-09-07;2025-06-14,2025-09-07;2025-09-06;2025-08-31;2025-08-30;2025-08-24;2025-08-23;2025-08-17;2025-08-16;2025-08-10;2025-08-09;2025-08-03;2025-08-02;2025-07-27;2025-07-26,2025-09-12,9600.0,10800.0,10800.0,45.26454554378564,54.20101170342242,37.89455296271309,60.90014462110919,36703.30567621664,336.08066119553644,24978.951528772097,20465.522800569033,1472.6655937705682,21938.188394339602,22453.399381898565,22453.399359445164,38613.333256869475,1494.503966479424,lexicographic,2.2453399359445165e-05,3.8613333218256154e-05,False,0.8496826000009605,0.0,1,0
2025-09-14,False,4,0.95,10,0.95,14,2025-09-07;2025-06-29;2025-05-25;2025-06-01,2025-09-07;2025-06-29;2025-05-25;2025-06-01;2025-06-22;2025-08-24;2025-09-06;2025-04-27;2025-08-17;2025-08-31,2025-09-13;2025-09-07;2025-09-06;2025-08-31;2025-08-30;2025-08-24;2025-08-23;2025-08-17;2025-08-16;2025-08-10;2025-08-09;2025-08-03;2025-08-02;2025-07-27,2025-09-13,9600.0,10800.0,10800.0,26.255762417131123,32.92697965274331,46.77986176498015,71.73726184490452,62081.83277473471,3914.388008062382,1831.0977612743386,38232.65217265602,14858.905046190972,53091.55721884699,41442.0963919091,41442.09635046701,38732.07827082202,1461.2347298936297,lexicographic,4.144209635046701e-05,3.8732078232089956e-05,False,1.3351382999990165,0.0,1,0
2025-09-15,False,4,0.95,10,0.95,14,2025-09-08;2025-09-09;2025-09-02;2025-09-01,2025-09-08;2025-09-09;2025-09-02;2025-09-01;2025-06-30;2025-06-23;2025-05-19;2025-05-26;2025-05-12;2025-09-03,2025-09-12;2025-09-11;2025-09-10;2025-09-09;2025-09-08;2025-09-05;2025-09-04;2025-09-03;2025-09-02;2025-09-01;2025-08-29;2025-08-28;2025-08-27;2025-08-26,2025-09-14,9600.0,10800.0,10800.0,21.441871397522327,26.711871912130295,38.00533659015071,66.07675996452033,65870.86433308755,1115.1583740636452,7773.661636607387,40683.84091530685,4352.524049490876,45036.36496479773,44451.21668808436,44451.21664363315,39489.726796583986,1461.59330438669,lexicographic,4.445121664363316e-05,3.948972675709426e-05,False,0.8185346999998728,1.636841050384518e-16,1,0
2025-09-16,False,4,0.95,10,0.95,14,2025-09-09;2025-09-02;2025-09-10;2025-09-03,2025-09-09;2025-09-02;2025-09-10;2025-09-03;2025-09-08;2025-09-15;2025-09-04;2025-09-11;2025-09-01;2025-09-12,2025-09-15;2025-09-12;2025-09-11;2025-09-10;2025-09-09;2025-09-08;2025-09-05;2025-09-04;2025-09-03;2025-09-02;2025-09-01;2025-08-29;2025-08-28;2025-08-27,2025-09-15,9600.0,10800.0,10800.0,20.704490129957144,25.270922380355838,23.67325754286746,43.53344311951698,66362.39250336323,2053.91817068735,4793.1726109788615,41232.97780161327,5861.879392908888,47094.857194522156,45317.67876098926,45317.67871567161,39356.71697013936,1476.7540950889288,lexicographic,4.531767871567161e-05,3.935671693078266e-05,False,0.5968599999996513,1.6055450809459222e-16,1,0
2025-09-17,False,4,0.95,10,0.95,14,2025-09-03;2025-09-11;2025-09-04;2025-09-10,2025-09-03;2025-09-11;2025-09-04;2025-09-10;2025-09-09;2025-09-02;2025-09-16;2025-09-05;2025-09-12;2025-08-20,2025-09-16;2025-09-15;2025-09-12;2025-09-11;2025-09-10;2025-09-09;2025-09-08;2025-09-05;2025-09-04;2025-09-03;2025-09-02;2025-09-01;2025-08-29;2025-08-28,2025-09-16,9600.0,10800.0,10800.0,18.380776131523913,24.0248166864465,32.06298006176808,56.53601974179706,66330.2479955672,1237.268464939436,3519.114659882482,41065.084757174285,4485.84312078372,45550.927877958005,45407.840229182184,45407.840183774395,38946.27871120906,1465.0870102201648,lexicographic,4.5407840183774395e-05,3.894627867226278e-05,False,0.7571354000010615,0.0,1,0
2025-09-18,False,4,0.95,10,0.95,14,2025-09-11;2025-09-04;2025-09-17;2025-09-03,2025-09-11;2025-09-04;2025-09-17;2025-09-03;2025-09-10;2025-09-05;2025-09-12;2025-09-09;2025-09-16;2025-09-02,2025-09-17;2025-09-16;2025-09-15;2025-09-12;2025-09-11;2025-09-10;2025-09-09;2025-09-08;2025-09-05;2025-09-04;2025-09-03;2025-09-02;2025-09-01;2025-08-29,2025-09-17,9600.0,10800.0,10800.0,18.585612393539662,25.28579818689599,25.07668736797912,44.02172333935986,66595.1804284454,1052.5566321866352,4605.7343704527575,41267.848876013595,4408.951291840764,45676.80016785436,45338.374675004685,45338.37462966633,38924.064989777966,1471.9195508620046,lexicographic,4.533837462966633e-05,3.89240649508539e-05,False,0.8159046000000671,1.6048121869420826e-16,1,0
2025-09-19,False,4,0.95,10,0.95,14,2025-09-05;2025-09-12;2025-09-18;2025-09-04,2025-09-05;2025-09-12;2025-09-18;2025-09-04;2025-09-11;2025-09-03;2025-09-17;2025-09-10;2025-05-30;2025-06-27,2025-09-18;2025-09-17;2025-09-16;2025-09-15;2025-09-12;2025-09-11;2025-09-10;2025-09-09;2025-09-08;2025-09-05;2025-09-04;2025-09-03;2025-09-02;2025-09-01,2025-09-18,9600.0,10800.0,10800.0,172.72812661734133,190.60645034923692,32.464033373660584,53.1798800154428,48145.79969130968,0.0,27991.114041309676,28952.720900622524,0.0,28952.720900622524,32395.028994309203,32395.028961914162,38613.33333333333,1390.0938876836174,lexicographic,3.239502896191416e-05,3.861333333333334e-05,False,1.3681385999989288,2.246010529188767e-16,1,0
2025-09-20,False,4,0.95,10,0.95,14,2025-09-13;2025-09-06;2025-06-28;2025-06-21,2025-09-13;2025-09-06;2025-06-28;2025-06-21;2025-06-14;2025-08-30;2025-05-24;2025-05-10;2025-05-03;2025-05-31,2025-09-14;2025-09-13;2025-09-07;2025-09-06;2025-08-31;2025-08-30;2025-08-24;2025-08-23;2025-08-17;2025-08-16;2025-08-10;2025-08-09;2025-08-03;2025-08-02,2025-09-19,9600.0,10800.0,10800.0,22.262173166922942,28.659174413835995,57.676141170596935,87.36058527783148,33291.755973637584,1408.6837369277246,15001.672643898646,17952.449131508576,5594.526521037025,23546.975652545603,20075.159605359742,20075.159585284582,38613.33333333333,1422.808320607901,lexicographic,2.0075159585284583e-05,3.861333333333333e-05,False,1.0976126999994449,0.0,1,0
2025-09-21,False,4,0.95,10,0.95,14,2025-09-07;2025-09-14;2025-06-29;2025-06-22,2025-09-07;2025-09-14;2025-06-29;2025-06-22;2025-06-01;2025-08-24;2025-05-25;2025-05-18;2025-05-11;2025-09-13,2025-09-20;2025-09-14;2025-09-13;2025-09-07;2025-09-06;2025-08-31;2025-08-30;2025-08-24;2025-08-23;2025-08-17;2025-08-16;2025-08-10;2025-08-09;2025-08-03,2025-09-20,9600.0,10800.0,10800.0,19.57027732869915,24.22284350389192,29.779802334455503,54.71702922283454,67265.25338994851,1635.8461423622139,6524.838747631702,41670.530119078336,5197.502519234175,46868.032638312514,45076.939661388475,45076.93961631153,38950.945660188,1479.0504990581035,lexicographic,4.5076939616311535e-05,3.895094562123707e-05,False,1.0663664000003337,0.0,1,0
2025-09-22,False,4,0.95,10,0.95,14,2025-09-15;2025-09-08;2025-09-09;2025-09-02,2025-09-15;2025-09-08;2025-09-09;2025-09-02;2025-09-16;2025-09-01;2025-06-30;2025-09-17;2025-05-19;2025-05-12,2025-09-19;2025-09-18;2025-09-17;2025-09-16;2025-09-15;2025-09-12;2025-09-11;2025-09-10;2025-09-09;2025-09-08;2025-09-05;2025-09-04;2025-09-03;2025-09-02,2025-09-21,9600.0,10800.0,10800.0,21.47072002681462,26.4204273875073,26.52501187555255,42.243293713433715,66988.0271136195,1737.5008860757312,3996.97628417177,41552.69273605373,5749.174220937876,47301.86695699161,45747.506135599266,45747.506089851784,39196.32955928498,1458.3511967341947,lexicographic,4.574750608985179e-05,3.919632952008866e-05,False,1.046387299998969,0.0,1,0
2025-09-23,False,4,0.95,10,0.95,14,2025-09-09;2025-09-02;2025-09-16;2025-09-17,2025-09-09;2025-09-02;2025-09-16;2025-09-17;2025-09-22;2025-09-15;2025-09-08;2025-09-03;2025-09-10;2025-09-11,2025-09-22;2025-09-19;2025-09-18;2025-09-17;2025-09-16;2025-09-15;2025-09-12;2025-09-11;2025-09-10;2025-09-09;2025-09-08;2025-09-05;2025-09-04;2025-09-03,2025-09-22,9600.0,10800.0,10800.0,19.876809568240983,26.636109869147532,30.97500323337434,52.4829069048281,68347.67641032171,1453.2801506303986,3567.123148925372,42417.128631500236,6119.4943319251615,48536.6229634254,46768.54401351306,46768.543966744524,39221.917210184576,1479.751558695621,lexicographic,4.676854396674453e-05,3.9221917170962675e-05,False,0.9540885000005801,3.111474934672803e-16,1,0
2025-09-24,False,4,0.95,10,0.95,14,2025-09-17;2025-09-03;2025-09-11;2025-09-18,2025-09-17;2025-09-03;2025-09-11;2025-09-18;2025-09-23;2025-09-10;2025-09-04;2025-09-09;2025-09-02;2025-09-16,2025-09-23;2025-09-22;2025-09-19;2025-09-18;2025-09-17;2025-09-16;2025-09-15;2025-09-12;2025-09-11;2025-09-10;2025-09-09;2025-09-08;2025-09-05;2025-09-04,2025-09-23,9600.0,10800.0,10800.0,20.484818086707744,25.65347709869738,28.58392869551292,48.2696540144595,68748.62583252063,1451.6753886226923,5010.397763370869,42769.29656054419,4081.156838048115,46850.453398592304,47183.02164028672,47183.02159310372,39312.041197727114,1457.9507336601187,lexicographic,4.718302159310372e-05,3.931204115841508e-05,False,0.8715163000015309,1.5420711451949237e-16,1,0
2025-09-25,False,4,0.95,10,0.95,14,2025-09-11;2025-09-18;2025-09-04;2025-09-24,2025-09-11;2025-09-18;2025-09-04;2025-09-24;2025-09-17;2025-09-19;2025-09-03;2025-09-05;2025-09-10;2025-09-12,2025-09-24;2025-09-23;2025-09-22;2025-09-19;2025-09-18;2025-09-17;2025-09-16;2025-09-15;2025-09-12;2025-09-11;2025-09-10;2025-09-09;2025-09-08;2025-09-05,2025-09-24,9600.0,10800.0,10800.0,22.163333688517138,29.624278249819685,22.5230800667236,35.834217728223194,69466.20879691001,1126.031407408497,6164.91879909345,43174.42513768255,4093.4401622340097,47267.86529991656,47662.7208847365,47662.72083707381,38980.46965503865,1448.2185250878933,lexicographic,4.766272083707381e-05,3.898046961605818e-05,False,1.0123665999999503,3.05310208330529e-16,1,0
2025-09-26,False,4,0.95,10,0.95,14,2025-09-19;2025-09-05;2025-09-25;2025-09-11,2025-09-19;2025-09-05;2025-09-25;2025-09-11;2025-09-12;2025-09-18;2025-09-04;2025-09-24;2025-09-17;2025-09-03,2025-09-25;2025-09-24;2025-09-23;2025-09-22;2025-09-19;2025-09-18;2025-09-17;2025-09-16;2025-09-15;2025-09-12;2025-09-11;2025-09-10;2025-09-09;2025-09-08,2025-09-25,9600.0,10800.0,10800.0,188.8462283346422,206.37566981510346,40.86019224573004,68.57580922617764,50576.87449369581,0.0,28904.340303957684,30400.91599122482,0.0,30400.91599122482,34817.08464417106,34817.08460935397,37898.4534127685,1392.0460123489797,lexicographic,3.4817084609353976e-05,3.789845337487004e-05,False,1.2580455000006623,4.1795329481599757e-16,1,0
2025-09-27,False,4,0.95,10,0.95,14,2025-09-20;2025-09-13;2025-09-06;2025-06-28,2025-09-20;2025-09-13;2025-09-06;2025-06-28;2025-06-21;2025-06-14;2025-09-21;2025-05-03;2025-05-10;2025-05-24,2025-09-21;2025-09-20;2025-09-14;2025-09-13;2025-09-07;2025-09-06;2025-08-31;2025-08-30;2025-08-24;2025-08-23;2025-08-17;2025-08-16;2025-08-10;2025-08-09,2025-09-26,9600.0,10800.0,10800.0,23.894584824021152,29.223443362862866,45.63491720530384,78.11667492999923,34540.70361010356,1937.3039449940882,14623.371971764327,18801.888744088577,7174.513838831327,25976.402582919905,21051.83539248436,21051.83537143253,38613.33333333333,1426.7208629879206,lexicographic,2.1051835371432533e-05,3.861333333333334e-05,False,1.1049784999995609,0.0,1,0
2025-09-28,False,4,0.95,10,0.95,14,2025-09-21;2025-09-07;2025-09-14;2025-06-29,2025-09-21;2025-09-07;2025-09-14;2025-06-29;2025-06-22;2025-06-01;2025-05-18;2025-05-11;2025-09-20;2025-08-24,2025-09-27;2025-09-21;2025-09-20;2025-09-14;2025-09-13;2025-09-07;2025-09-06;2025-08-31;2025-08-30;2025-08-24;2025-08-23;2025-08-17;2025-08-16;2025-08-10,2025-09-27,9600.0,10800.0,10800.0,19.935925801147068,25.04107788398996,38.99369692107533,60.02023063287655,70638.36680736532,818.9653349314331,3836.7333497149107,43839.22469933177,2851.590560047569,46690.815259379335,47527.95672311974,47527.956675591784,39371.97380477102,1448.63821225856,lexicographic,4.752795667559179e-05,3.9371973765399064e-05,False,0.7888366000006499,0.0,1,0
2025-09-29,False,4,0.95,10,0.95,14,2025-09-15;2025-09-22;2025-09-08;2025-09-23,2025-09-15;2025-09-22;2025-09-08;2025-09-23;2025-09-09;2025-09-02;2025-09-16;2025-09-01;2025-06-30;2025-06-23,2025-09-26;2025-09-25;2025-09-24;2025-09-23;2025-09-22;2025-09-19;2025-09-18;2025-09-17;2025-09-16;2025-09-15;2025-09-12;2025-09-11;2025-09-10;2025-09-09,2025-09-28,9600.0,10800.0,10800.0,20.47701532553365,25.88079785349683,34.286757697234265,53.91479928761641,69047.35998985005,1185.4517794960861,3336.685911247615,42974.969421829606,4310.805670176491,47285.77509200609,47640.71113294491,47640.7110853042,39403.07372188593,1454.3863460532189,lexicographic,4.76407110853042e-05,3.940307368248287e-05,False,0.7707446999993408,1.527256300006792e-16,1,0
2025-09-30,False,4,0.95,10,0.95,14,2025-09-23;2025-09-09;2025-09-02;2025-09-16,2025-09-23;2025-09-09;2025-09-02;2025-09-16;2025-09-24;2025-09-17;2025-09-22;2025-09-15;2025-09-29;2025-09-03,2025-09-29;2025-09-26;2025-09-25;2025-09-24;2025-09-23;2025-09-22;2025-09-19;2025-09-18;2025-09-17;2025-09-16;2025-09-15;2025-09-12;2025-09-11;2025-09-10,2025-09-29,9600.0,10800.0,10800.0,19.49089663727524,23.857788418709763,44.408566361385205,68.06128400733844,70766.40087535648,1583.9212259231758,2801.9388938123293,44268.44274849098,6459.229055050158,50727.67180354114,48988.8311289803,48988.83107999147,39307.564620259065,1463.3529344136546,lexicographic,4.898883107999147e-05,3.9307564580951504e-05,False,0.7015865000012127,2.97045569521872e-16,1,0
2025-10-01,False,2,1.0,10,0.8,14,2025-09-24;2025-09-17,2025-09-24;2025-09-17;2025-09-18;2025-09-25;2025-09-03;2025-09-11;2025-09-30;2025-09-10;2025-09-23;2025-09-09,2025-09-30;2025-09-29;2025-09-26;2025-09-25;2025-09-24;2025-09-23;2025-09-22;2025-09-19;2025-09-18;2025-09-17;2025-09-16;2025-09-15;2025-09-12;2025-09-11,2025-09-30,9600.0,10800.0,10800.0,33.702646585648154,45.441582227838396,68.8286452822248,123.03389374733932,74114.01679511656,216.85440833333354,20389.633997983576,46421.49898689794,474.72351676666716,46896.222503664605,50917.30370611098,50917.30365519368,40769.92298189842,1488.4156631179062,lexicographic,5.091730365519368e-05,4.076992294112849e-05,False,0.6567161999992095,1.4289754350417693e-16,1,0
2025-10-02,False,2,1.0,10,0.8,14,2025-09-04;2025-09-18,2025-09-04;2025-09-18;2025-09-10;2025-09-12;2025-09-25;2025-09-03;2025-09-11;2025-09-19;2025-09-05;2025-10-01,2025-10-01;2025-09-30;2025-09-29;2025-09-26;2025-09-25;2025-09-24;2025-09-23;2025-09-22;2025-09-19;2025-09-18;2025-09-17;2025-09-16;2025-09-15;2025-09-12,2025-10-01,9600.0,10800.0,10800.0,35.93666585648148,50.18592588826592,26.563620285830943,48.05955198245525,66057.76306826022,488.3188030141031,10710.108333601125,41695.428972018926,1398.167818399506,43093.59679041843,44731.3325486511,44731.332503919715,39107.34032643073,1474.5222821193393,lexicographic,4.473133250391972e-05,3.910734028732338e-05,False,0.7212358999986463,1.626590849612148e-16,1,0
2025-10-03,False,2,1.0,10,0.8,14,2025-09-19;2025-09-12,2025-09-19;2025-09-12;2025-09-05;2025-09-26;2025-10-02;2025-09-18;2025-09-04;2025-09-25;2025-09-11;2025-09-10,2025-10-02;2025-10-01;2025-09-30;2025-09-29;2025-09-26;2025-09-25;2025-09-24;2025-09-23;2025-09-22;2025-09-19;2025-09-18;2025-09-17;2025-09-16;2025-09-15,2025-10-02,9600.0,10800.0,10800.0,36.02041452546296,48.86479611176224,18.403921933176832,35.6785441398805,35128.443819817345,176.03798333333322,23433.99477735148,19198.282474718573,458.18207564166636,19656.46455036024,21572.651447375913,21572.651425803266,38613.333261560736,1319.594227041442,lexicographic,2.1572651425803266e-05,3.8613333222947415e-05,False,0.5585552000011376,5.05915392867326e-16,1,0
2025-10-04,False,2,1.0,10,0.8,14,2025-09-13;2025-09-06,2025-09-13;2025-09-06;2025-09-20;2025-09-27;2025-05-31;2025-05-24;2025-05-17;2025-09-21;2025-06-28;2025-09-14,2025-09-28;2025-09-27;2025-09-21;2025-09-20;2025-09-14;2025-09-13;2025-09-07;2025-09-06;2025-08-31;2025-08-30;2025-08-24;2025-08-23;2025-08-17;2025-08-16,2025-10-03,9600.0,10800.0,10800.0,34.69511174768518,46.18900694897306,24.176980177415366,42.69260971752791,35895.7709327109,304.3154000000001,19050.77056604424,19834.171464860796,967.9692992333336,20802.14076409413,22416.83596890121,22416.835946484374,38613.33333333333,1424.30423005386,lexicographic,2.2416835946484374e-05,3.861333333333334e-05,False,1.3457988999998634,1.6228779189786844e-16,1,0
2025-10-05,False,2,1.0,10,0.8,14,2025-09-21;2025-09-28,2025-09-21;2025-09-28;2025-09-07;2025-09-14;2025-06-29;2025-06-01;2025-06-22;2025-05-11;2025-05-18;2025-04-06,2025-10-04;2025-09-28;2025-09-27;2025-09-21;2025-09-20;2025-09-14;2025-09-13;2025-09-07;2025-09-06;2025-08-31;2025-08-30;2025-08-24;2025-08-23;2025-08-17,2025-10-04,9600.0,10800.0,10800.0,34.076346643518505,44.59377319843678,38.00744220980809,68.93670971994106,74641.27499477036,408.2940916666663,16063.430393005678,46603.27553104911,893.2340039458326,47496.50953499495,50356.064801919645,50356.06475156359,40488.53423391617,1440.2849983127321,lexicographic,5.035606475156359e-05,4.048853419342765e-05,False,1.4392959999986488,0.0,1,0
2025-10-06,False,2,1.0,10,0.8,14,2025-09-22;2025-09-15,2025-09-22;2025-09-15;2025-09-08;2025-09-29;2025-09-30;2025-09-09;2025-09-16;2025-09-23;2025-09-02;2025-09-01,2025-10-03;2025-10-02;2025-10-01;2025-09-30;2025-09-29;2025-09-26;2025-09-25;2025-09-24;2025-09-23;2025-09-22;2025-09-19;2025-09-18;2025-09-17;2025-09-16,2025-10-05,9600.0,10800.0,10800.0,33.31538848379629,42.62830265394474,25.649587796870545,45.82056881556213,73927.27749070525,285.8170666666669,12191.188842829597,46359.442701983964,622.4895498791672,46981.93225186313,49478.13063274711,49478.13058326896,40856.42947800839,1469.3858231139343,lexicographic,4.9478130583268966e-05,4.085642943715197e-05,False,0.5594067000001814,2.9410802422853833e-16,1,0
2025-10-07,False,2,1.0,10,0.8,14,2025-09-30;2025-09-23,2025-09-30;2025-09-23;2025-09-09;2025-09-02;2025-09-16;2025-09-24;2025-10-01;2025-10-06;2025-09-17;2025-09-22,2025-10-06;2025-10-03;2025-10-02;2025-10-01;2025-09-30;2025-09-29;2025-09-26;2025-09-25;2025-09-24;2025-09-23;2025-09-22;2025-09-19;2025-09-18;2025-09-17,2025-10-06,9600.0,10800.0,10800.0,34.4854789351852,47.16996464479839,17.12442346345712,30.625558529812558,70520.0263598933,334.05443441808063,8941.059993820774,44352.3030539497,789.8499718218518,45142.15302577155,47126.07495533944,47126.07490821336,39452.83483625258,1460.2681971676034,lexicographic,4.712607490821336e-05,3.9452834796799756e-05,False,0.7506894999987708,0.0,1,0
2025-10-08,False,2,1.0,10,0.8,14,2025-09-24;2025-10-01,2025-09-24;2025-10-01;2025-09-17;2025-09-25;2025-09-03;2025-10-07;2025-09-18;2025-09-11;2025-09-30;2025-09-23,2025-10-07;2025-10-06;2025-10-03;2025-10-02;2025-10-01;2025-09-30;2025-09-29;2025-09-26;2025-09-25;2025-09-24;2025-09-23;2025-09-22;2025-09-19;2025-09-18,2025-10-07,9600.0,10800.0,10800.0,20.935077314814812,26.562363496824656,21.43848161079305,42.265479249959895,68843.65606460991,380.7889179748967,8624.08202881427,42532.729122855235,935.8580526381253,43468.58717549336,45177.4594562264,45177.459411048934,39266.209419252555,1439.44085256867,lexicographic,4.5177459411048935e-05,3.926620937998636e-05,False,0.7216081999995367,1.6105282831384636e-16,1,0
2025-10-09,False,2,1.0,10,0.8,14,2025-09-25;2025-09-18,2025-09-25;2025-09-18;2025-09-11;2025-10-08;2025-09-04;2025-10-01;2025-09-24;2025-09-17;2025-10-02;2025-09-26,2025-10-08;2025-10-07;2025-10-06;2025-10-03;2025-10-02;2025-10-01;2025-09-30;2025-09-29;2025-09-26;2025-09-25;2025-09-24;2025-09-23;2025-09-22;2025-09-19,2025-10-08,9600.0,10800.0,10800.0,32.47064542824075,43.488627508777114,23.65008036638776,40.46720015990877,68439.41670637764,319.4503208079517,8938.165545290984,42938.39318979249,765.503458630413,43703.8966484229,45344.14969354347,45344.14964819934,38683.69913366267,1469.1324172721525,lexicographic,4.534414964819934e-05,3.868369909497897e-05,False,0.9103826999999001,3.2092155969992314e-16,1,0
2025-10-10,False,2,1.0,10,0.8,14,2025-10-03;2025-09-19,2025-10-03;2025-09-19;2025-09-26;2025-09-12;2025-09-05;2025-10-09;2025-09-18;2025-10-02;2025-09-25;2025-09-04,2025-10-09;2025-10-08;2025-10-07;2025-10-06;2025-10-03;2025-10-02;2025-10-01;2025-09-30;2025-09-29;2025-09-26;2025-09-25;2025-09-24;2025-09-23;2025-09-22,2025-10-09,9600.0,10800.0,10800.0,21.65631527777777,27.069394392423753,19.985143346573423,36.4758563058388,33773.671868078236,405.09553311541515,20781.82315763973,17832.95047628974,941.7892796972312,18774.73975598697,19564.877598885174,19564.877579320306,38613.33327192599,1280.8916599952772,lexicographic,1.9564877579320307e-05,3.861333323331266e-05,False,0.6937384000011662,1.859443685421771e-16,1,0
2025-10-11,False,2,1.0,10,0.8,14,2025-10-04;2025-09-13,2025-10-04;2025-09-13;2025-09-06;2025-09-20;2025-09-27;2025-05-31;2025-05-17;2025-04-12;2025-05-24;2025-09-14,2025-10-05;2025-10-04;2025-09-28;2025-09-27;2025-09-21;2025-09-20;2025-09-14;2025-09-13;2025-09-07;2025-09-06;2025-08-31;2025-08-30;2025-08-24;2025-08-23,2025-10-10,9600.0,10800.0,10800.0,23.223667997685183,30.844289059915262,23.015627904436883,39.46360545391784,34574.84705859942,298.7936950779271,16713.99384411319,18429.881137019802,766.017830085557,19195.89896710536,20788.07001781646,20788.06999702839,38613.33326567263,1406.020000000004,lexicographic,2.078806999702839e-05,3.861333322705929e-05,False,0.9732958999993571,3.5000640344310505e-16,1,0
2025-10-12,False,2,1.0,10,0.8,14,2025-10-05;2025-09-28,2025-10-05;2025-09-28;2025-09-21;2025-09-07;2025-09-14;2025-06-29;2025-03-09;2025-04-06;2025-05-11;2025-05-18,2025-10-11;2025-10-05;2025-10-04;2025-09-28;2025-09-27;2025-09-21;2025-09-20;2025-09-14;2025-09-13;2025-09-07;2025-09-06;2025-08-31;2025-08-30;2025-08-24,2025-10-11,9600.0,10800.0,10800.0,20.353015798611107,25.81985541864826,23.971943066947105,39.90792185330862,68954.84281941826,445.1278470333998,6759.101297406344,42438.40604136312,1353.8987677000764,43792.3048090632,45940.96412697219,45940.96408103124,39304.753832308954,1429.733098580533,lexicographic,4.5940964081031245e-05,3.930475379300422e-05,False,1.1171283000003314,1.5837625003580685e-16,1,0
2025-10-13,False,2,1.0,10,0.8,14,2025-10-06;2025-09-29,2025-10-06;2025-09-29;2025-09-22;2025-09-15;2025-09-08;2025-10-07;2025-09-30;2025-09-23;2025-09-09;2025-09-02,2025-10-10;2025-10-09;2025-10-08;2025-10-07;2025-10-06;2025-10-03;2025-10-02;2025-10-01;2025-09-30;2025-09-29;2025-09-26;2025-09-25;2025-09-24;2025-09-23,2025-10-12,9600.0,10800.0,10800.0,22.282774305555552,27.897660268749636,19.736871573044404,38.59984592846769,69804.03902639778,263.10736976686314,8902.27637562203,43290.04478466108,596.9418833789113,43886.98666803999,45722.20833720318,45722.208291480994,39414.89075885329,1437.2273310343553,lexicographic,4.5722208291480994e-05,3.941489071943842e-05,False,0.8606386999999813,1.591339938744623e-16,1,0
2025-10-14,False,2,1.0,10,0.8,14,2025-10-07;2025-09-30,2025-10-07;2025-09-30;2025-09-16;2025-09-09;2025-09-23;2025-10-08;2025-09-02;2025-10-06;2025-10-01;2025-09-24,2025-10-13;2025-10-10;2025-10-09;2025-10-08;2025-10-07;2025-10-06;2025-10-03;2025-10-02;2025-10-01;2025-09-30;2025-09-29;2025-09-26;2025-09-25;2025-09-24,2025-10-13,9600.0,10800.0,10800.0,20.28960590277777,26.081916737021036,25.121583394002357,40.68389033955715,67651.76146353912,742.5886558705798,3534.2156885096383,41805.529740399594,2505.23935801885,44310.769098418445,44124.86273135663,44124.86268723177,38927.43324787266,1428.8884634181145,lexicographic,4.412486268723177e-05,3.892743320894523e-05,False,0.7660452999989502,1.6489473668750565e-16,1,0
2025-10-15,False,2,1.0,10,0.8,14,2025-10-08;2025-10-01,2025-10-08;2025-10-01;2025-09-24;2025-09-17;2025-10-09;2025-09-25;2025-10-07;2025-09-18;2025-09-30;2025-10-14,2025-10-14;2025-10-13;2025-10-10;2025-10-09;2025-10-08;2025-10-07;2025-10-06;2025-10-03;2025-10-02;2025-10-01;2025-09-30;2025-09-29;2025-09-26;2025-09-25,2025-10-14,9600.0,10800.0,10800.0,16.225728703703687,20.0460725525907,26.505217900721,51.60129362666231,67163.42538559799,1700.6987789591412,2851.9540704279952,41178.58370042677,6172.670762593211,47351.25446301998,43341.33717528808,43341.33713194675,38983.079283546045,1413.5614915598617,lexicographic,4.334133713194675e-05,3.8983079244562975e-05,False,0.6938105999997788,0.0,1,0
2025-10-16,False,2,1.0,10,0.8,14,2025-10-09;2025-09-25,2025-10-09;2025-09-25;2025-09-11;2025-10-15;2025-09-18;2025-10-08;2025-10-01;2025-09-24;2025-09-17;2025-09-26,2025-10-15;2025-10-14;2025-10-13;2025-10-10;2025-10-09;2025-10-08;2025-10-07;2025-10-06;2025-10-03;2025-10-02;2025-10-01;2025-09-30;2025-09-29;2025-09-26,2025-10-15,9600.0,10800.0,10800.0,22.672464872685183,29.405363213299545,27.351275603420305,50.10278714121507,70437.28534657358,1353.6552366358246,4654.419078561223,43648.906065575036,4683.475572194411,48332.381637769446,45827.74583772507,45827.74579189733,39725.19938901685,1451.4356667056693,lexicographic,4.5827745791897335e-05,3.972519934929166e-05,False,0.628402800000913,0.0,1,0
2025-10-17,False,2,1.0,10,0.8,14,2025-09-26;2025-10-10,2025-09-26;2025-10-10;2025-09-19;2025-10-16;2025-10-03;2025-09-25;2025-10-09;2025-09-05;2025-09-11;2025-09-18,2025-10-16;2025-10-15;2025-10-14;2025-10-13;2025-10-10;2025-10-09;2025-10-08;2025-10-07;2025-10-06;2025-10-03;2025-10-02;2025-10-01;2025-09-30;2025-09-29,2025-10-16,9600.0,10800.0,10800.0,19.251640162037035,24.627478071193934,18.897720544210927,36.81148401944166,34557.4950200084,341.01516327720026,14839.384150355625,18276.674545990983,754.6106585006213,19031.285204491604,19705.09537488529,19705.095355180194,38628.51240229784,1284.1964701281863,lexicographic,1.9705095355180195e-05,3.862851236366933e-05,False,1.353517000001375,1.8462122316679576e-16,1,0
2025-10-18,False,2,1.0,10,0.8,14,2025-09-27;2025-09-20,2025-09-27;2025-09-20;2025-10-04;2025-09-13;2025-10-11;2025-09-06;2025-03-08;2025-03-15;2025-06-28;2025-03-22,2025-10-12;2025-10-11;2025-10-05;2025-10-04;2025-09-28;2025-09-27;2025-09-21;2025-09-20;2025-09-14;2025-09-13;2025-09-07;2025-09-06;2025-08-31;2025-08-30,2025-10-17,9600.0,10800.0,10800.0,33.520706770833335,44.25193204956144,27.70962394690163,47.557590767703395,36843.48100143201,251.3455666666665,16945.376806492743,20289.487827890574,553.2078004541663,20842.69562834474,22435.09455169738,22435.094529262293,38799.317136000405,1429.351541300368,lexicographic,2.2435094529262294e-05,3.879931709720109e-05,False,0.8391126999995322,0.0,1,0
2025-10-19,False,2,1.0,10,0.8,14,2025-10-12;2025-10-05,2025-10-12;2025-10-05;2025-09-28;2025-09-21;2025-09-07;2025-09-14;2025-03-09;2025-03-02;2025-03-23;2025-06-29,2025-10-18;2025-10-12;2025-10-11;2025-10-05;2025-10-04;2025-09-28;2025-09-27;2025-09-21;2025-09-20;2025-09-14;2025-09-13;2025-09-07;2025-09-06;2025-08-31,2025-10-18,9600.0,10800.0,10800.0,16.90502841435184,20.313549513849217,42.447265092054096,74.91291462514535,69662.0354362851,2098.502540147356,3703.9290694783085,42505.874530655856,8528.062935945945,51033.9374666018,45716.15098743921,45716.1509417231,39733.18071712464,1411.5298524830732,lexicographic,4.5716150941723104e-05,3.973318067739146e-05,False,0.800397899998643,0.0,1,0
2025-10-20,False,2,1.0,10,0.8,14,2025-10-13;2025-09-29,2025-10-13;2025-09-29;2025-10-06;2025-09-22;2025-09-15;2025-09-08;2025-10-07;2025-09-30;2025-10-14;2025-09-23,2025-10-17;2025-10-16;2025-10-15;2025-10-14;2025-10-13;2025-10-10;2025-10-09;2025-10-08;2025-10-07;2025-10-06;2025-10-03;2025-10-02;2025-10-01;2025-09-30,2025-10-19,9600.0,10800.0,10800.0,20.656107754629623,26.019710179205333,37.67940705453765,64.09623748162612,69650.73839188275,1656.8265598205458,2703.8118491316936,43388.80952472783,6378.266874415092,49767.07639914293,45454.523673193005,45454.5236277385,39657.77385256822,1435.8047631405443,lexicographic,4.54545236277385e-05,3.965777381291046e-05,False,0.7045584999996208,0.0,1,0
2025-10-21,False,2,1.0,10,0.8,14,2025-10-07;2025-09-30,2025-10-07;2025-09-30;2025-10-14;2025-09-23;2025-10-15;2025-10-20;2025-09-09;2025-10-08;2025-10-13;2025-10-01,2025-10-20;2025-10-17;2025-10-16;2025-10-15;2025-10-14;2025-10-13;2025-10-10;2025-10-09;2025-10-08;2025-10-07;2025-10-06;2025-10-03;2025-10-02;2025-10-01,2025-10-20,9600.0,10800.0,10800.0,22.186789467592593,27.689135810860453,29.837519862720733,53.3094263138845,72459.01278642933,1411.047922871931,3085.062435217742,44965.8351346684,4257.087974083517,49222.923108751915,47100.04082573495,47100.04077863491,41176.7085925852,1428.8886289654388,lexicographic,4.710004077863491e-05,4.11767085514085e-05,False,0.6659729000002699,1.544787964914858e-16,1,0
2025-10-22,False,2,1.0,10,0.8,14,2025-10-15;2025-10-08,2025-10-15;2025-10-08;2025-10-16;2025-09-24;2025-10-01;2025-10-21;2025-09-17;2025-09-25;2025-10-07;2025-09-30,2025-10-21;2025-10-20;2025-10-17;2025-10-16;2025-10-15;2025-10-14;2025-10-13;2025-10-10;2025-10-09;2025-10-08;2025-10-07;2025-10-06;2025-10-03;2025-10-02,2025-10-21,9600.0,10800.0,10800.0,17.967881307870357,21.745023814487332,22.058576404714287,42.700052153556236,73418.7942187129,1419.1007065106128,4826.230232476325,45025.1078048632,6225.777095007707,51250.88489987091,47207.87487823611,47207.874831028246,42456.579299328456,1405.083316251339,lexicographic,4.720787483102825e-05,4.2456579256871895e-05,False,0.5075909999995929,0.0,1,0
2025-10-23,False,2,1.0,10,0.8,14,2025-10-16;2025-10-22,2025-10-16;2025-10-22;2025-10-09;2025-09-25;2025-10-15;2025-10-17;2025-09-11;2025-10-08;2025-10-01;2025-09-18,2025-10-22;2025-10-21;2025-10-20;2025-10-17;2025-10-16;2025-10-15;2025-10-14;2025-10-13;2025-10-10;2025-10-09;2025-10-08;2025-10-07;2025-10-06;2025-10-03,2025-10-22,9600.0,10800.0,10800.0,18.463975115740727,23.247536491679504,17.96772320204948,35.16840942670486,73167.50163629012,743.0680615968759,6139.377333098973,45115.98770454634,2790.759997688966,47906.74770223531,47389.76406257987,47389.764015190114,41836.676578594765,1398.4266562028292,lexicographic,4.738976401519012e-05,4.18366765367581e-05,False,0.9757183000001532,1.5353437109016246e-16,1,0
2025-10-24,False,2,1.0,10,0.8,14,2025-10-17;2025-09-26,2025-10-17;2025-09-26;2025-10-10;2025-10-16;2025-10-23;2025-09-19;2025-10-03;2025-09-25;2025-10-09;2025-09-11,2025-10-23;2025-10-22;2025-10-21;2025-10-20;2025-10-17;2025-10-16;2025-10-15;2025-10-14;2025-10-13;2025-10-10;2025-10-09;2025-10-08;2025-10-07;2025-10-06,2025-10-23,9600.0,10800.0,10800.0,19.4272802662037,25.22787925870569,16.19491758961756,26.422351438138787,34590.772082075884,488.02196890338183,12605.410007500439,18307.42777698388,1541.9527964074787,19849.38057339136,19718.33682159988,19718.336801881553,38613.33327121059,1281.513442843679,lexicographic,1.9718336801881553e-05,3.861333323259727e-05,False,0.42361300000084157,0.0,1,0
2025-10-25,False,2,1.0,10,0.8,14,2025-10-18;2025-09-27,2025-10-18;2025-09-27;2025-09-20;2025-10-04;2025-09-13;2025-10-11;2025-09-06;2025-03-08;2025-03-15;2025-03-22,2025-10-19;2025-10-18;2025-10-12;2025-10-11;2025-10-05;2025-10-04;2025-09-28;2025-09-27;2025-09-21;2025-09-20;2025-09-14;2025-09-13;2025-09-07;2025-09-06,2025-10-24,9566.239989168856,10800.0,10766.239989168856,24.20341979166666,29.53549593965884,28.62148979472242,53.171157746595895,35831.8745382434,347.4701926816796,12765.08978740413,19225.434760475735,837.5033091649619,20062.938069640695,21444.937878894827,21444.937857449902,38575.822210187616,1411.478502363385,lexicographic,2.1444937857449904e-05,3.857582221018762e-05,False,0.8184145000013814,1.6964277683033203e-16,1,0
2025-10-26,False,2,1.0,10,0.8,14,2025-10-19;2025-10-12,2025-10-19;2025-10-12;2025-10-05;2025-09-28;2025-09-21;2025-09-07;2025-09-14;2025-03-09;2025-03-02;2025-03-23,2025-10-25;2025-10-19;2025-10-18;2025-10-12;2025-10-11;2025-10-05;2025-10-04;2025-09-28;2025-09-27;2025-09-21;2025-09-20;2025-09-14;2025-09-13;2025-09-07,2025-10-25,9529.710213933513,10766.239989168856,10729.710213933513,17.521161342592592,22.469094957023287,23.270096095459053,40.9796556813379,74359.20432264311,608.970336105185,5993.66082823369,46018.50818948154,1973.0865427418605,47991.5947322234,49452.24534120071,49452.245291748506,42549.57304467577,1424.2533226907385,lexicographic,4.945224529174851e-05,4.254957300212619e-05,False,1.0470002000001841,0.0,1,0
2025-10-27,False,2,1.0,10,0.8,14,2025-10-20;2025-10-13,2025-10-20;2025-10-13;2025-09-29;2025-10-06;2025-09-22;2025-10-21;2025-09-15;2025-10-07;2025-09-30;2025-09-23,2025-10-24;2025-10-23;2025-10-22;2025-10-21;2025-10-20;2025-10-17;2025-10-16;2025-10-15;2025-10-14;2025-10-13;2025-10-10;2025-10-09;2025-10-08;2025-10-07,2025-10-26,9493.18043869817,10729.710213933513,10693.18043869817,15.686450289351834,19.445399466201934,36.86748683814346,66.85145899058038,74045.3081052325,1428.491595993,7505.355405662609,45690.95198919282,5234.068168360247,50925.02015755307,48190.03558866971,48190.035540479716,42412.97344066214,1403.9033160634954,lexicographic,4.8190035540479716e-05,4.241297339824917e-05,False,0.8425771000001987,0.0,1,0
2025-10-28,False,2,1.0,10,0.8,14,2025-10-14;2025-10-21,2025-10-14;2025-10-21;2025-10-07;2025-09-30;2025-09-23;2025-10-15;2025-09-09;2025-09-16;2025-10-20;2025-10-01,2025-10-27;2025-10-24;2025-10-23;2025-10-22;2025-10-21;2025-10-20;2025-10-17;2025-10-16;2025-10-15;2025-10-14;2025-10-13;2025-10-10;2025-10-09;2025-10-08,2025-10-27,9456.650663462848,10693.18043869817,10656.650663462848,17.35790428240741,22.289674072043848,22.584308470615863,38.04489212176641,74346.70643155031,1053.5412797360555,5011.310386005105,45769.792766302155,3832.810524627325,49602.60329092948,48423.96925561342,48423.96920718948,42419.19409043518,1427.994156056424,lexicographic,4.842396920718949e-05,4.241919404801599e-05,False,0.7266487999986566,0.0,1,0
2025-10-29,False,2,1.0,10,0.8,14,2025-10-22;2025-10-15,2025-10-22;2025-10-15;2025-10-08;2025-10-23;2025-10-01;2025-10-16;2025-09-24;2025-10-21;2025-10-09;2025-09-17,2025-10-28;2025-10-27;2025-10-24;2025-10-23;2025-10-22;2025-10-21;2025-10-20;2025-10-17;2025-10-16;2025-10-15;2025-10-14;2025-10-13;2025-10-10;2025-10-09,2025-10-28,9420.120888227506,10656.650663462848,10620.120888227506,15.594403009259262,19.22788266071691,33.767472727085774,57.41598647033036,74198.27412380342,1561.3762412602557,2048.246785584294,45819.95216245364,5859.177185722396,51679.12934817604,48464.343157140465,48464.3431086762,42253.73298042796,1408.8841496660023,lexicographic,4.8464343108676205e-05,4.225373293817421e-05,False,1.0710124999986874,0.0,1,0
2025-10-30,False,2,1.0,10,0.8,14,2025-10-23;2025-10-16,2025-10-23;2025-10-16;2025-10-22;2025-10-29;2025-10-24;2025-10-09;2025-09-25;2025-10-17;2025-10-15;2025-10-08,2025-10-29;2025-10-28;2025-10-27;2025-10-24;2025-10-23;2025-10-22;2025-10-21;2025-10-20;2025-10-17;2025-10-16;2025-10-15;2025-10-14;2025-10-13;2025-10-10,2025-10-29,9363.455634386852,10620.120888227506,10563.455634386852,18.33161394675927,22.638703692238725,18.731432773290333,35.70291180326472,76773.92910410004,667.6170161921663,8257.572009575131,47734.557907605915,2368.3755328410707,50102.933440446985,50345.804517919554,50345.80446757381,42416.00342532153,1390.3133201012174,lexicographic,5.0345804467573814e-05,4.241600338290553e-05,False,1.2046995000000607,0.0,1,0
2025-10-31,False,2,1.0,10,0.8,14,2025-10-24;2025-10-17,2025-10-24;2025-10-17;2025-09-26;2025-10-23;2025-10-30;2025-10-16;2025-10-10;2025-09-19;2025-09-25;2025-10-09,2025-10-30;2025-10-29;2025-10-28;2025-10-27;2025-10-24;2025-10-23;2025-10-22;2025-10-21;2025-10-20;2025-10-17;2025-10-16;2025-10-15;2025-10-14;2025-10-13,2025-10-30,9306.790380546166,10563.455634386852,10506.790380546166,16.710057407407408,21.149111273614174,35.68689498202676,63.172957258760135,34827.26501529471,700.4591908793683,7682.997343182061,18332.829826086723,2495.596910161461,20828.426736248184,20181.829011985283,20181.828991803435,38074.65493822169,1270.3241666666665,lexicographic,2.0181828991803438e-05,3.8074654938221686e-05,False,0.9015050999987579,0.0,1,0
2025-11-01,False,2,0.95,10,0.8,14,2025-10-25;2025-10-18,2025-10-25;2025-10-18;2025-09-27;2025-09-20;2025-09-13;2025-03-08;2025-02-15;2025-02-08;2025-02-22;2025-10-04,2025-10-26;2025-10-25;2025-10-19;2025-10-18;2025-10-12;2025-10-11;2025-10-05;2025-10-04;2025-09-28;2025-09-27;2025-09-21;2025-09-20;2025-09-14;2025-09-13,2025-10-31,9250.125126705478,10506.790380546166,10450.125126705478,18.131855679878786,23.801487797557378,26.86498853418618,45.009861243597534,34526.240231160904,687.8841060417061,8737.802163372273,18158.616347461066,2126.765266622072,20285.381614083137,20631.039794068507,20631.039773437482,37997.005406383316,1391.7315943362069,lexicographic,2.0631039773437483e-05,3.799700540638332e-05,False,0.9181719999996858,0.0,1,0
2025-11-02,False,2,0.95,10,0.8,14,2025-10-26;2025-10-19,2025-10-26;2025-10-19;2025-10-12;2025-09-28;2025-10-05;2025-09-21;2025-02-09;2025-02-16;2025-03-02;2025-02-23,2025-11-01;2025-10-26;2025-10-25;2025-10-19;2025-10-18;2025-10-12;2025-10-11;2025-10-05;2025-10-04;2025-09-28;2025-09-27;2025-09-21;2025-09-20;2025-09-14,2025-11-01,9193.459872864823,10450.125126705478,10393.459872864823,16.523071995519008,21.000056777102753,30.246773125562314,50.68893060646395,76016.26337297681,970.6926439580794,3778.6583812167596,47083.44203721834,4035.005680043857,51118.44771726219,50789.37284053798,50789.372789748646,42566.11188541932,1409.0093509883977,lexicographic,5.0789372789748646e-05,4.2566111842853215e-05,False,1.4244041000001744,0.0,1,0
2025-11-03,False,2,0.95,10,0.8,14,2025-10-27;2025-10-20,2025-10-27;2025-10-20;2025-10-13;2025-09-29;2025-10-21;2025-09-22;2025-10-06;2025-09-15;2025-10-07;2025-09-30,2025-10-31;2025-10-30;2025-10-29;2025-10-28;2025-10-27;2025-10-24;2025-10-23;2025-10-22;2025-10-21;2025-10-20;2025-10-17;2025-10-16;2025-10-15;2025-10-14,2025-11-02,9136.794619024136,10393.459872864823,10336.794619024136,15.983085606427968,20.878210414218444,39.209598269728936,83.47479301734948,74743.91587545711,2383.47621884653,3172.964147261896,46429.81781223664,6756.722678201739,53186.540490438376,49116.259724860414,49116.259675744244,42924.14856960768,1411.2063440713434,lexicographic,4.911625967574425e-05,4.292414852668353e-05,False,1.1310015999988536,0.0,1,0
2025-11-04,False,2,0.95,10,0.8,14,2025-10-21;2025-10-22,2025-10-21;2025-10-22;2025-11-03;2025-10-29;2025-10-27;2025-09-30;2025-10-07;2025-09-23;2025-10-28;2025-10-20,2025-11-03;2025-10-31;2025-10-30;2025-10-29;2025-10-28;2025-10-27;2025-10-24;2025-10-23;2025-10-22;2025-10-21;2025-10-20;2025-10-17;2025-10-16;2025-10-15,2025-11-03,9080.129365183482,10336.794619024136,10280.129365183482,20.26036611764007,24.231484176331108,15.163912920840025,31.780425611478684,78765.32900948149,915.0108761469787,7736.859545903785,48984.55532643857,3775.2551312792652,52759.81045771783,52016.96456341941,52016.96451140248,42104.03416569219,1424.686903143324,lexicographic,5.2016964511402486e-05,4.210403412358815e-05,False,1.2147021999990102,0.0,1,0
2025-11-05,False,2,0.95,10,0.8,14,2025-10-29;2025-10-22,2025-10-29;2025-10-22;2025-10-15;2025-10-23;2025-10-30;2025-10-08;2025-10-16;2025-10-01;2025-10-21;2025-09-24,2025-11-04;2025-11-03;2025-10-31;2025-10-30;2025-10-29;2025-10-28;2025-10-27;2025-10-24;2025-10-23;2025-10-22;2025-10-21;2025-10-20;2025-10-17;2025-10-16,2025-11-04,9023.464111342795,10280.129365183482,10223.464111342795,18.696824356549108,23.67950902386959,21.74862230535581,37.366653795276186,77120.87939889196,882.9475546397522,3931.6616406263047,47927.31232941,2644.738487908786,50572.050817318785,51103.660127905496,51103.66007680191,42396.84396108097,1415.1125142024143,lexicographic,5.1103660076801914e-05,4.2396843918684126e-05,False,0.8687776999995549,0.0,1,0
2025-11-06,False,2,0.95,10,0.8,14,2025-10-30;2025-10-23,2025-10-30;2025-10-23;2025-10-16;2025-10-22;2025-11-05;2025-10-29;2025-10-31;2025-10-24;2025-10-09;2025-10-17,2025-11-05;2025-11-04;2025-11-03;2025-10-31;2025-10-30;2025-10-29;2025-10-28;2025-10-27;2025-10-24;2025-10-23;2025-10-22;2025-10-21;2025-10-20;2025-10-17,2025-11-05,8966.798857502108,10223.464111342795,10166.798857502108,18.701954044064756,22.885229623937885,27.485849610104935,50.03522654151188,78170.62757121294,1610.4245680477006,4058.890474053594,48612.025379190374,6661.319956870611,55273.345336060986,51870.30787022964,51870.30781835938,42000.85281809468,1404.249391015405,lexicographic,5.187030781835939e-05,4.200085277609383e-05,False,0.5648739000007481,0.0,1,0
2025-11-07,False,2,0.95,10,0.8,14,2025-10-31;2025-10-24,2025-10-31;2025-10-24;2025-11-06;2025-10-30;2025-10-17;2025-10-23;2025-10-16;2025-09-26;2025-02-14;2025-10-22,2025-11-06;2025-11-05;2025-11-04;2025-11-03;2025-10-31;2025-10-30;2025-10-29;2025-10-28;2025-10-27;2025-10-24;2025-10-23;2025-10-22;2025-10-21;2025-10-20,2025-11-06,8910.133603661454,10166.798857502108,10110.133603661454,19.42626751610652,23.069699824617395,20.480367946124733,37.24713816631967,35594.792400968305,833.1500358788144,9252.78453277094,18756.942130066214,2949.406912959385,21706.3490430256,21427.442389483305,21427.442368055854,37276.93387083017,1253.8953020737058,lexicographic,2.1427442368055855e-05,3.727693383355323e-05,False,0.8406310999998823,0.0,1,0
2025-11-08,False,2,0.95,10,0.8,14,2025-11-01;2025-10-25,2025-11-01;2025-10-25;2025-10-18;2025-09-27;2025-09-20;2025-09-13;2025-10-04;2025-03-08;2025-10-11;2025-02-08,2025-11-02;2025-11-01;2025-10-26;2025-10-25;2025-10-19;2025-10-18;2025-10-12;2025-10-11;2025-10-05;2025-10-04;2025-09-28;2025-09-27;2025-09-21;2025-09-20,2025-11-07,8853.468349820767,10110.133603661454,10053.468349820767,16.54698165874164,21.523811736626474,22.29636317524737,40.83063329087162,35335.16914089059,645.0615889211676,8335.067525243172,18620.793545042576,2489.683427288981,21110.476972331555,21257.725235881146,21257.725214623435,37250.831611486254,1286.2953149476266,lexicographic,2.1257725214623437e-05,3.725083157423543e-05,False,0.9345447999985481,0.0,1,0
2025-11-09,False,2,0.95,10,0.8,14,2025-11-02;2025-10-26,2025-11-02;2025-10-26;2025-10-19;2025-10-12;2025-09-28;2025-10-05;2025-09-21;2025-03-02;2025-02-16;2025-02-09,2025-11-08;2025-11-02;2025-11-01;2025-10-26;2025-10-25;2025-10-19;2025-10-18;2025-10-12;2025-10-11;2025-10-05;2025-10-04;2025-09-28;2025-09-27;2025-09-21,2025-11-08,8847.97337074402,10053.468349820767,10047.97337074402,18.73078967209476,23.299181686116995,25.90588200917655,46.21609967344668,78321.03713422867,1133.5917879093922,3646.2798740104017,48914.98898524721,3823.4031535309573,52738.39213877817,52447.647427420685,52447.64737497306,42554.01914534664,1410.6298582294735,lexicographic,5.244764737497306e-05,4.255401910279262e-05,False,0.770412200001374,0.0,1,0
2025-11-10,False,2,0.95,10,0.8,14,2025-11-03;2025-10-27,2025-11-03;2025-10-27;2025-11-04;2025-10-20;2025-10-13;2025-09-29;2025-10-21;2025-02-03;2025-02-17;2025-03-03,2025-11-07;2025-11-06;2025-11-05;2025-11-04;2025-11-03;2025-10-31;2025-10-30;2025-10-29;2025-10-28;2025-10-27;2025-10-24;2025-10-23;2025-10-22;2025-10-21,2025-11-09,8842.478391667268,10047.97337074402,10042.478391667268,18.436835111853924,22.662383357297724,35.951226380628974,60.99920559319494,78204.46477885176,2053.270551247919,1967.727464484782,48538.185914338974,8611.117655931715,57149.30357027069,52235.61076128666,52235.61070905109,42268.54309526912,1426.9357318424236,lexicographic,5.2235610709051096e-05,4.226854305300058e-05,False,1.6603334999999788,0.0,1,0
2025-11-11,False,2,0.95,10,0.8,14,2025-11-04;2025-11-10,2025-11-04;2025-11-10;2025-10-21;2025-10-22;2025-11-03;2025-11-05;2025-10-29;2025-10-27;2025-02-04;2025-03-04,2025-11-10;2025-11-07;2025-11-06;2025-11-05;2025-11-04;2025-11-03;2025-10-31;2025-10-30;2025-10-29;2025-10-28;2025-10-27;2025-10-24;2025-10-23;2025-10-22,2025-11-10,8836.983412590516,10042.478391667268,10036.983412590516,17.292164178441567,21.283279617275085,11.14337346353321,21.67036474610346,81647.25633121844,633.5079887027239,6307.134219884449,51200.1347961757,1800.3775589232546,53000.51235509895,54976.919829328246,54976.91977435135,42107.03077230479,1432.556244025252,lexicographic,5.497691977435135e-05,4.210703073019775e-05,False,1.2962858000009874,0.0,1,0
2025-11-12,False,2,0.95,10,0.8,14,2025-10-22;2025-11-05,2025-10-22;2025-11-05;2025-10-29;2025-11-06;2025-10-30;2025-11-04;2025-10-23;2025-11-11;2025-10-15;2025-10-16,2025-11-11;2025-11-10;2025-11-07;2025-11-06;2025-11-05;2025-11-04;2025-11-03;2025-10-31;2025-10-30;2025-10-29;2025-10-28;2025-10-27;2025-10-24;2025-10-23,2025-11-11,8831.488433513767,10036.983412590516,10031.488433513767,18.30091009900748,23.401849124859837,13.57864187743788,26.551259566763658,80593.08421927116,728.0340522641942,5964.041545993389,50451.05254096007,3288.5174821289606,53739.57002308903,54163.727005758425,54163.72695159473,41978.22109510064,1429.4642031411915,lexicographic,5.416372695159473e-05,4.197822105312241e-05,False,1.6104983999994147,0.0,1,0
2025-11-13,False,2,0.95,10,0.8,14,2025-10-30;2025-11-06,2025-10-30;2025-11-06;2025-10-23;2025-10-16;2025-11-12;2025-11-05;2025-10-29;2025-10-22;2025-11-07;2025-10-31,2025-11-12;2025-11-11;2025-11-10;2025-11-07;2025-11-06;2025-11-05;2025-11-04;2025-11-03;2025-10-31;2025-10-30;2025-10-29;2025-10-28;2025-10-27;2025-10-24,2025-11-12,8825.993454437015,10031.488433513767,10025.993454437015,19.620995314150782,24.04732429036811,24.863504485402533,50.115310573320656,80372.82492830884,1411.6568628243322,4956.631524120041,50446.37766883806,5433.91731547016,55880.29498430822,54109.80616596581,54109.806111856065,42272.48874981714,1451.656864355826,lexicographic,5.4109806111856065e-05,4.227248870754465e-05,False,2.047638599999118,0.0,1,0
2025-11-14,False,2,0.95,10,0.8,14,2025-11-07;2025-10-31,2025-11-07;2025-10-31;2025-10-24;2025-11-06;2025-11-13;2025-10-30;2025-10-17;2025-10-23;2025-10-16;2025-02-14,2025-11-13;2025-11-12;2025-11-11;2025-11-10;2025-11-07;2025-11-06;2025-11-05;2025-11-04;2025-11-03;2025-10-31;2025-10-30;2025-10-29;2025-10-28;2025-10-27,2025-11-13,8820.498475360268,10025.993454437015,10020.498475360268,15.293766331002558,19.17676580237672,16.99705282766264,31.516746840116866,36396.83187961586,501.9837314262268,5451.435109892626,19214.51912128162,1766.2538148774177,20980.77293615904,22436.924485590054,22436.924463153115,36718.13461272985,1244.2232261170702,lexicographic,2.2436924463153117e-05,3.671813457601172e-05,False,1.6694346000003861,0.0,1,0
2025-11-15,False,2,0.95,10,0.8,14,2025-11-01;2025-11-08,2025-11-01;2025-11-08;2025-10-25;2025-10-18;2025-09-27;2025-02-15;2025-02-08;2025-09-20;2025-03-08;2025-02-22,2025-11-09;2025-11-08;2025-11-02;2025-11-01;2025-10-26;2025-10-25;2025-10-19;2025-10-18;2025-10-12;2025-10-11;2025-10-05;2025-10-04;2025-09-28;2025-09-27,2025-11-14,8815.003496283516,10020.498475360268,10015.003496283516,16.906341912106228,21.302250922550357,30.509918199995948,50.15582466590151,35203.50881795188,937.354099464605,4037.130856383467,18493.13622184626,3757.6622773219524,22250.798499168213,21039.6614666722,21039.66144563256,37127.00354548027,1280.9550730017895,lexicographic,2.103966144563256e-05,3.712700350835326e-05,False,1.187641699998494,1.7291052028058605e-16,1,0
2025-11-16,False,2,0.95,10,0.8,14,2025-11-09;2025-11-02,2025-11-09;2025-11-02;2025-10-26;2025-10-19;2025-02-09;2025-02-02;2025-02-16;2025-10-12;2025-02-23;2025-03-02,2025-11-15;2025-11-09;2025-11-08;2025-11-02;2025-11-01;2025-10-26;2025-10-25;2025-10-19;2025-10-18;2025-10-12;2025-10-11;2025-10-05;2025-10-04;2025-09-28,2025-11-15,8809.508517206765,10015.003496283516,10009.508517206765,19.9140879597327,25.04674577223081,24.148827207714206,49.60862479677284,81167.79395999697,1609.8463029425898,3815.158222792131,50944.18768486022,6003.810191979188,56947.99787683941,53983.994390557964,53983.99433657396,43186.62169037714,1416.107091112316,lexicographic,5.398399433657396e-05,4.3186621647190514e-05,False,0.9597302999991371,0.0,1,0
2025-11-17,False,2,0.95,10,0.8,14,2025-11-10;2025-11-03,2025-11-10;2025-11-03;2025-10-27;2025-11-11;2025-11-04;2025-10-20;2025-02-03;2025-09-29;2025-10-13;2025-02-17,2025-11-14;2025-11-13;2025-11-12;2025-11-11;2025-11-10;2025-11-07;2025-11-06;2025-11-05;2025-11-04;2025-11-03;2025-10-31;2025-10-30;2025-10-29;2025-10-28,2025-11-16,8804.013538130017,10009.508517206765,10004.013538130017,20.15017893609772,24.412462361196617,15.682608956643119,28.29632446772792,82297.25177594494,679.8244860792511,5800.608903851026,51621.03350191404,2129.9891365658714,53751.02263847991,55339.573395837855,55339.57334049826,42736.74493314864,1425.771101481419,lexicographic,5.533957334049827e-05,4.2736744890411904e-05,False,0.9615539999995235,0.0,1,0
2025-11-18,False,2,0.95,10,0.8,14,2025-11-04;2025-11-11,2025-11-04;2025-11-11;2025-10-21;2025-11-12;2025-11-17;2025-11-10;2025-11-05;2025-11-03;2025-10-22;2025-10-29,2025-11-17;2025-11-14;2025-11-13;2025-11-12;2025-11-11;2025-11-10;2025-11-07;2025-11-06;2025-11-05;2025-11-04;2025-11-03;2025-10-31;2025-10-30;2025-10-29,2025-11-17,8798.518559053264,10004.013538130017,9998.518559053264,19.150110029793446,23.988805399397265,24.35298989884206,50.89834273299078,82620.350478997,994.6746681071004,4151.049029345464,51966.882804305955,3079.4633746393874,55046.34617894534,55774.85658871532,55774.85653294048,43619.941669199834,1427.9521932881737,lexicographic,5.5774856532940486e-05,4.3619941625579894e-05,False,1.2766819000007672,0.0,1,0
2025-11-19,False,2,0.95,10,0.8,14,2025-11-12;2025-10-22,2025-11-12;2025-10-22;2025-11-11;2025-11-06;2025-11-05;2025-11-04;2025-11-13;2025-10-30;2025-11-18;2025-10-29,2025-11-18;2025-11-17;2025-11-14;2025-11-13;2025-11-12;2025-11-11;2025-11-10;2025-11-07;2025-11-06;2025-11-05;2025-11-04;2025-11-03;2025-10-31;2025-10-30,2025-11-18,8785.445551349916,9998.518559053264,9985.445551349916,18.887292595474158,24.076974489267027,19.763820957180855,37.46782680626132,82900.31968559265,1199.4693797285677,4201.23255674444,51991.10051466736,4314.770607630266,56305.87112229763,55836.73087188315,55836.73081604637,43280.39314942114,1415.2846435125648,lexicographic,5.583673081604638e-05,4.328039310614075e-05,False,1.4332847000005131,0.0,1,0
2025-11-20,False,2,0.95,10,0.8,14,2025-11-06;2025-11-13,2025-11-06;2025-11-13;2025-10-30;2025-11-19;2025-11-12;2025-10-23;2025-11-14;2025-11-07;2025-10-22;2025-11-05,2025-11-19;2025-11-18;2025-11-17;2025-11-14;2025-11-13;2025-11-12;2025-11-11;2025-11-10;2025-11-07;2025-11-06;2025-11-05;2025-11-04;2025-11-03;2025-10-31,2025-11-19,8772.37254364656,9985.445551349916,9972.37254364656,17.234814428847464,20.38812620561318,18.5833820930221,35.4994698694394,83791.22550538275,871.5445331479724,5233.7889586071005,52739.33036661077,3252.975642539719,55992.30600915049,56609.26338334741,56609.263326738124,44286.944990497344,1424.4481170087079,lexicographic,5.660926332673813e-05,4.42869449462104e-05,False,1.4210547999991832,0.0,1,0
2025-11-21,False,2,0.95,10,0.8,14,2025-11-07;2025-11-14,2025-11-07;2025-11-14;2025-11-20;2025-11-06;2025-11-13;2025-10-31;2025-10-30;2025-10-24;2025-02-14;2025-02-07,2025-11-20;2025-11-19;2025-11-18;2025-11-17;2025-11-14;2025-11-13;2025-11-12;2025-11-11;2025-11-10;2025-11-07;2025-11-06;2025-11-05;2025-11-04;2025-11-03,2025-11-20,8759.299535943204,9972.37254364656,9959.299535943204,17.824692537266444,22.596512130559695,10.996189635230301,20.937875257993348,37808.3962597412,862.1135950506202,6214.432659458716,19927.264654466144,2560.841271669842,22488.105926135984,23333.06818768988,23333.068164356835,34339.45250922259,1248.6985569321278,lexicographic,2.3333068164356838e-05,3.4339452474883134e-05,False,1.3248331999984657,0.0,1,0
2025-11-22,False,2,0.95,10,0.8,14,2025-11-15;2025-11-01,2025-11-15;2025-11-01;2025-11-08;2025-10-25;2025-02-15;2025-02-08;2025-10-18;2025-09-27;2025-02-22;2025-01-25,2025-11-16;2025-11-15;2025-11-09;2025-11-08;2025-11-02;2025-11-01;2025-10-26;2025-10-25;2025-10-19;2025-10-18;2025-10-12;2025-10-11;2025-10-05;2025-10-04,2025-11-21,8746.226528239855,9959.299535943204,9946.226528239855,17.318088087372296,20.806868768225954,20.70961097790059,34.81578078535601,37499.02431826595,883.1177072042522,4490.8254695826,19685.020103411316,3159.369954847637,22844.390058258952,22385.18843493797,22385.188412552787,35099.59481678548,1264.9902864420933,lexicographic,2.238518841255279e-05,3.509959478168589e-05,False,1.7387029000001348,0.0,1,0
2025-11-23,False,2,0.95,10,0.8,14,2025-11-16;2025-11-09,2025-11-16;2025-11-09;2025-11-02;2025-10-26;2025-10-19;2025-02-09;2025-02-16;2025-02-02;2025-03-02;2025-10-12,2025-11-22;2025-11-16;2025-11-15;2025-11-09;2025-11-08;2025-11-02;2025-11-01;2025-10-26;2025-10-25;2025-10-19;2025-10-18;2025-10-12;2025-10-11;2025-10-05,2025-11-22,8733.153520536498,9946.226528239855,9933.153520536498,16.91828485144527,21.159975342006415,21.787775714366163,38.23662818877694,84280.21524340915,815.1794359028343,5199.168603625346,53290.16628278767,3047.1214848554728,56337.287767643145,56515.92521151954,56515.92515500364,44555.82283171339,1433.5937239596358,lexicographic,5.651592515500365e-05,4.455582278715756e-05,False,1.167879399999947,0.0,1,0
2025-11-24,False,2,0.95,10,0.8,14,2025-11-17;2025-11-10,2025-11-17;2025-11-10;2025-11-03;2025-10-27;2025-11-18;2025-11-11;2025-11-04;2025-02-03;2025-10-20;2025-02-17,2025-11-21;2025-11-20;2025-11-19;2025-11-18;2025-11-17;2025-11-14;2025-11-13;2025-11-12;2025-11-11;2025-11-10;2025-11-07;2025-11-06;2025-11-05;2025-11-04,2025-11-23,8720.08051283315,9933.153520536498,9920.08051283315,17.194117109402978,21.162593921633828,12.864769195122578,25.42391989474278,83156.02954243252,964.1363023783267,5419.147614814644,52216.96158033908,3617.557824873702,55834.51940521278,55952.864634980986,55952.86457902813,43364.50691136405,1424.7293253634784,lexicographic,5.595286457902813e-05,4.336450686799953e-05,False,1.488784500001202,0.0,1,0
2025-11-25,False,2,0.95,10,0.8,14,2025-11-11;2025-11-18,2025-11-11;2025-11-18;2025-11-04;2025-11-19;2025-11-12;2025-11-24;2025-11-17;2025-11-10;2025-10-21;2025-11-03,2025-11-24;2025-11-21;2025-11-20;2025-11-19;2025-11-18;2025-11-17;2025-11-14;2025-11-13;2025-11-12;2025-11-11;2025-11-10;2025-11-07;2025-11-06;2025-11-05,2025-11-24,8707.007505129795,9920.08051283315,9907.007505129795,18.243181764647492,22.506871912383243,18.555094557285372,36.288561549395034,83683.64131087139,978.3378976864508,3862.8585860698868,52646.24377064718,3360.880699044199,56007.12446969138,56398.911786139135,56398.91172974022,44235.07524159256,1416.9389431856619,lexicographic,5.6398911729740226e-05,4.423507519735749e-05,False,1.426569400000517,0.0,1,0
2025-11-26,False,2,0.95,10,0.8,14,2025-11-19;2025-11-12,2025-11-19;2025-11-12;2025-11-20;2025-11-25;2025-11-11;2025-10-22;2025-11-05;2025-11-06;2025-11-13;2025-11-04,2025-11-25;2025-11-24;2025-11-21;2025-11-20;2025-11-19;2025-11-18;2025-11-17;2025-11-14;2025-11-13;2025-11-12;2025-11-11;2025-11-10;2025-11-07;2025-11-06,2025-11-25,8693.934497426439,9907.007505129795,9893.934497426439,20.2518326282555,24.395146159301333,12.70964062874512,24.67844432543065,85093.6266354318,568.5855469631912,4222.40714485528,53657.1299987327,2019.2961047436693,55676.42610347637,57361.164338923874,57361.16428156272,44727.376173576995,1435.973667849274,lexicographic,5.736116428156272e-05,4.4727376128849604e-05,False,1.183477300000959,0.0,1,0
2025-11-27,False,2,0.95,10,0.8,14,2025-11-20;2025-11-19,2025-11-20;2025-11-19;2025-11-06;2025-11-26;2025-11-21;2025-11-13;2025-10-30;2025-11-14;2025-02-06;2025-11-12,2025-11-26;2025-11-25;2025-11-24;2025-11-21;2025-11-20;2025-11-19;2025-11-18;2025-11-17;2025-11-14;2025-11-13;2025-11-12;2025-11-11;2025-11-10;2025-11-07,2025-11-26,8680.861489723091,9893.934497426439,9880.861489723091,16.506446961063624,22.227876935626195,12.646496522078316,24.321369146431863,85336.28540207497,544.312072232467,5395.932518655298,53741.42611169445,2116.5980587747013,55858.02417046915,57256.82604629481,57256.82598903799,44933.46913822678,1423.91722336139,lexicographic,5.725682598903799e-05,4.49334690932933e-05,False,0.6875505999996676,0.0,1,0
2025-11-28,False,2,0.95,10,0.8,14,2025-11-21;2025-11-14,2025-11-21;2025-11-14;2025-11-07;2025-11-27;2025-11-20;2025-11-06;2025-11-13;2025-10-31;2025-10-30;2025-02-14,2025-11-27;2025-11-26;2025-11-25;2025-11-24;2025-11-21;2025-11-20;2025-11-19;2025-11-18;2025-11-17;2025-11-14;2025-11-13;2025-11-12;2025-11-11;2025-11-10,2025-11-27,8667.788482019734,9880.861489723091,9867.788482019734,19.0616420457676,23.63800722997999,17.99396465839864,32.321118100951836,38531.38273621085,958.9096711545585,4973.582106271035,20378.550191877253,4193.3346624623755,24571.88485433963,23503.301509606164,23503.301486103108,34375.448859720316,1252.94524620119,lexicographic,2.350330148610311e-05,3.4375448902214224e-05,False,1.6339198000005126,0.0,1,0
2025-11-29,False,2,0.95,10,0.8,14,2025-11-15;2025-11-22,2025-11-15;2025-11-22;2025-11-01;2025-11-08;2025-10-25;2025-02-15;2025-02-08;2025-10-18;2025-09-27;2025-03-08,2025-11-23;2025-11-22;2025-11-16;2025-11-15;2025-11-09;2025-11-08;2025-11-02;2025-11-01;2025-10-26;2025-10-25;2025-10-19;2025-10-18;2025-10-12;2025-10-11,2025-11-28,8661.904665697932,9867.788482019734,9861.904665697932,18.88503900445401,23.39457603845849,39.582930589843414,77.09341100451928,39957.95428336461,2002.2751706208114,3256.895200248655,20886.912780104027,5873.692951270554,26760.60573137458,23879.288991126494,23879.28896724721,36006.95361917272,1277.989874654308,lexicographic,2.387928896724721e-05,3.600695358316579e-05,False,2.0445498999997653,0.0,1,0
2025-11-30,False,2,0.95,10,0.8,14,2025-11-23;2025-11-16,2025-11-23;2025-11-16;2025-11-09;2025-02-02;2025-01-12;2025-01-19;2025-02-09;2025-11-02;2025-01-05;2025-02-16,2025-11-29;2025-11-23;2025-11-22;2025-11-16;2025-11-15;2025-11-09;2025-11-08;2025-11-02;2025-11-01;2025-10-26;2025-10-25;2025-10-19;2025-10-18;2025-10-12,2025-11-29,8656.020849376126,9861.904665697932,9856.020849376126,19.42644549496734,24.09877457291568,36.624997483680666,74.4408526988529,86188.68702916054,2077.514072500105,3345.676197983181,54725.39071198298,7045.252478901579,61770.64319088456,58161.5324261887,58161.5323680272,44597.90554667794,1493.5012920813554,lexicographic,5.81615323680272e-05,4.459790550208002e-05,False,0.6299897000008059,0.0,1,0
2025-12-01,False,2,1.0,10,0.8,14,2025-11-24;2025-11-17,2025-11-24;2025-11-17;2025-11-10;2025-02-10;2025-02-03;2025-01-13;2025-11-11;2025-11-25;2025-01-20;2025-01-06,2025-11-28;2025-11-27;2025-11-26;2025-11-25;2025-11-24;2025-11-21;2025-11-20;2025-11-19;2025-11-18;2025-11-17;2025-11-14;2025-11-13;2025-11-12;2025-11-11,2025-11-30,8650.13703305432,9856.020849376126,9850.13703305432,57.64646620370369,69.51540862551076,28.188327476270064,53.71449950364034,83664.0576194159,7783.827627906896,513.4624721985772,52622.96057349983,28805.08816260315,81428.04873610298,56005.69345005796,56005.693394052294,44214.93102642499,1445.5423738536324,lexicographic,5.6005693394052296e-05,4.421493098221005e-05,False,0.7639607999990403,0.0,1,0
2025-12-02,False,2,1.0,10,0.8,14,2025-01-07;2025-01-14,2025-01-07;2025-01-14;2025-01-21;2025-01-28;2025-02-04;2025-01-15;2025-01-22;2025-11-11;2025-11-25;2025-02-11,2025-12-01;2025-11-28;2025-11-27;2025-11-26;2025-11-25;2025-11-24;2025-11-21;2025-11-20;2025-11-19;2025-11-18;2025-11-17;2025-11-14;2025-11-13;2025-11-12,2025-12-01,8746.226528239855,9850.13703305432,9946.226528239855,21.918450231481476,27.3837736370486,35.05928826174244,63.161831883843654,95184.36823731285,1140.9219576620812,2830.453110430225,60745.89014910583,4962.192384889311,65708.08253399514,65380.86924961147,65380.869184230614,45359.252748378785,1550.5356850804312,lexicographic,6.538086918423061e-05,4.535925270301953e-05,False,0.9386204000002181,0.0,1,0
2025-12-03,False,2,1.0,10,0.8,14,2025-01-15;2025-01-08,2025-01-15;2025-01-08;2025-01-29;2025-01-09;2025-01-22;2025-12-02;2025-01-02;2025-01-16;2025-01-07;2025-01-23,2025-12-02;2025-12-01;2025-11-28;2025-11-27;2025-11-26;2025-11-25;2025-11-24;2025-11-21;2025-11-20;2025-11-19;2025-11-18;2025-11-17;2025-11-14;2025-11-13,2025-12-02,8733.153520536498,9946.226528239855,9933.153520536498,21.887151215277783,27.39567189737448,18.816780208333334,44.37781666004764,100170.37447028255,274.28112072747473,8419.768088814908,64662.93947631125,845.8491543123396,65508.78863062359,69226.39905638917,69226.39898716279,46442.120458802936,1588.8345769424468,lexicographic,6.922639898716278e-05,4.6442120412360814e-05,False,1.0248460000002524,0.0,1,0
2025-12-04,False,2,1.0,10,0.8,14,2025-01-09;2025-01-16,2025-01-09;2025-01-16;2025-12-03;2025-01-02;2025-01-23;2025-11-27;2025-01-30;2025-02-06;2025-01-15;2025-01-10,2025-12-03;2025-12-02;2025-12-01;2025-11-28;2025-11-27;2025-11-26;2025-11-25;2025-11-24;2025-11-21;2025-11-20;2025-11-19;2025-11-18;2025-11-17;2025-11-14,2025-12-03,8720.08051283315,9933.153520536498,9920.08051283315,24.129606423611133,29.0337874457735,17.40297397218982,34.74697293453625,98514.65996068927,699.0728630204546,7582.204577957916,63234.6111181319,2871.095304831826,66105.70642296373,67645.33568000491,67645.33561235963,46424.78790093056,1589.0332826688862,lexicographic,6.764533561235963e-05,4.6424787854505764e-05,False,1.0385714000003645,0.0,1,0
2025-12-05,False,2,1.0,10,0.8,14,2025-01-10;2025-01-17,2025-01-10;2025-01-17;2025-01-03;2025-01-24;2025-01-31;2025-12-04;2025-02-07;2025-01-09;2025-01-16;2025-11-21,2025-12-04;2025-12-03;2025-12-02;2025-12-01;2025-11-28;2025-11-27;2025-11-26;2025-11-25;2025-11-24;2025-11-21;2025-11-20;2025-11-19;2025-11-18;2025-11-17,2025-12-04,8707.007505129795,9920.08051283315,9907.007505129795,24.595145775462957,29.440348424678046,13.314607054168603,32.3118353473147,51734.66353036747,682.9338859818527,7017.0332410302735,27423.712214630756,2471.0994277732616,29894.811642404016,31691.9006302631,31691.90059857121,39076.34981242201,1398.0781429730164,lexicographic,3.1691900598571215e-05,3.907634977334567e-05,False,0.8517448000002332,0.0,1,0
2025-12-06,False,2,1.0,10,0.8,14,2025-01-04;2025-01-11,2025-01-04;2025-01-11;2025-01-18;2025-01-25;2025-02-01;2025-02-08;2025-11-22;2025-02-15;2025-11-29;2025-11-15,2025-11-30;2025-11-29;2025-11-23;2025-11-22;2025-11-16;2025-11-15;2025-11-09;2025-11-08;2025-11-02;2025-11-01;2025-10-26;2025-10-25;2025-10-19;2025-10-18,2025-12-05,8693.934497426439,9907.007505129795,9893.934497426439,24.269119791666657,30.34920406080534,21.403783465885866,39.0639676682503,54565.70867141821,415.77710454085656,7201.136151625376,28844.3722865724,1511.4906478804119,30355.862934452813,32285.243910331752,32285.24387804652,39331.48660917557,1398.8487136418526,lexicographic,3.228524387804652e-05,3.933148656984409e-05,False,1.4720170000000508,0.0,1,0
2025-12-07,False,2,1.0,10,0.8,14,2025-01-12;2025-01-05,2025-01-12;2025-01-05;2025-01-19;2025-01-26;2025-11-30;2025-02-02;2025-02-09;2025-11-16;2025-11-23;2025-02-16,2025-12-06;2025-11-30;2025-11-29;2025-11-23;2025-11-22;2025-11-16;2025-11-15;2025-11-09;2025-11-08;2025-11-02;2025-11-01;2025-10-26;2025-10-25;2025-10-19,2025-12-06,8680.861489723091,9893.934497426439,9880.861489723091,22.65982430555555,28.54642304194062,15.690897392921894,29.824900664183424,99807.08660634235,444.68133333333344,7736.947720003691,64224.28449385743,1772.024160120835,65996.30865397827,67982.76400878369,67982.76394080097,46442.12078406481,1612.9048597970009,lexicographic,6.798276394080097e-05,4.644212078406862e-05,False,1.1807036999998672,0.0,1,0
2025-12-08,False,2,1.0,10,0.8,14,2025-01-06;2025-01-20,2025-01-06;2025-01-20;2025-01-13;2025-01-27;2025-12-01;2025-12-02;2025-02-03;2025-01-07;2025-02-10;2025-01-14,2025-12-05;2025-12-04;2025-12-03;2025-12-02;2025-12-01;2025-11-28;2025-11-27;2025-11-26;2025-11-25;2025-11-24;2025-11-21;2025-11-20;2025-11-19;2025-11-18,2025-12-07,8667.788482019734,9880.861489723091,9867.788482019734,21.68788125000001,26.22340315777663,17.080184825102883,33.78226595181557,98814.15614261474,259.2832429653666,6370.990315923862,63738.50174808766,890.943549137711,64629.44529722537,68190.89419099735,68190.8941228064,46376.379519879876,1567.265965841175,lexicographic,6.819089412280642e-05,4.637637947350349e-05,False,0.28116790000058245,0.0,1,0
2025-12-09,False,2,1.0,10,0.8,14,2025-12-02;2025-01-07,2025-12-02;2025-01-07;2025-01-14;2025-01-21;2025-01-28;2025-12-03;2025-12-08;2025-02-04;2025-01-15;2025-01-08,2025-12-08;2025-12-05;2025-12-04;2025-12-03;2025-12-02;2025-12-01;2025-11-28;2025-11-27;2025-11-26;2025-11-25;2025-11-24;2025-11-21;2025-11-20;2025-11-19,2025-12-08,8661.904665697932,9867.788482019734,9861.904665697932,22.72583350694445,27.837074228664264,14.391055661693551,27.94425097520274,98934.35127581283,637.9098419540001,7313.6798949417625,63673.948359784015,2523.818686120125,66197.76704590414,68108.2293455126,68108.22927740437,46450.10873697871,1604.2235008422026,lexicographic,6.810822927740437e-05,4.645010873697451e-05,False,0.27901639999981853,0.0,1,0
2025-12-10,False,2,1.0,10,0.8,14,2025-12-03;2025-01-15,2025-12-03;2025-01-15;2025-01-08;2025-01-29;2025-12-04;2025-01-22;2025-01-09;2025-12-09;2025-01-16;2025-01-02,2025-12-09;2025-12-08;2025-12-05;2025-12-04;2025-12-03;2025-12-02;2025-12-01;2025-11-28;2025-11-27;2025-11-26;2025-11-25;2025-11-24;2025-11-21;2025-11-20,2025-12-09,8656.020849376126,9861.904665697932,9856.020849376126,20.56624328703702,26.925048094324634,19.62281876806863,38.60709556793537,97450.18511423297,709.240870612719,4901.680526827916,62671.92938293266,2614.750033172623,65286.67941610529,67141.91750293797,67141.91743579603,46450.10907223549,1588.544288204796,lexicographic,6.714191743579603e-05,4.645010902578538e-05,False,0.30270460000065214,0.0,1,0
2025-12-11,False,2,1.0,10,0.8,14,2025-12-04;2025-01-09,2025-12-04;2025-01-09;2025-01-02;2025-01-16;2025-01-23;2025-12-10;2025-12-03;2025-01-15;2025-01-08;2025-12-05,2025-12-10;2025-12-09;2025-12-08;2025-12-05;2025-12-04;2025-12-03;2025-12-02;2025-12-01;2025-11-28;2025-11-27;2025-11-26;2025-11-25;2025-11-24;2025-11-21,2025-12-10,8650.13703305432,9856.020849376126,9850.13703305432,23.616707118055558,29.58034950816217,14.86930572296878,29.88804003626861,98563.41984632603,333.38696666666675,8071.044524216402,63380.767658067714,1229.394829395834,64610.162487463545,67861.37752893558,67861.37746107418,46396.576868759774,1596.2588540969277,lexicographic,6.786137746107419e-05,4.639657682236319e-05,False,0.2764769999994314,0.0,1,0
2025-12-12,False,2,1.0,10,0.8,14,2025-12-05;2025-01-10,2025-12-05;2025-01-10;2025-01-17;2025-01-24;2025-01-03;2025-02-07;2025-01-31;2025-12-11;2025-12-04;2025-11-21,2025-12-11;2025-12-10;2025-12-09;2025-12-08;2025-12-05;2025-12-04;2025-12-03;2025-12-02;2025-12-01;2025-11-28;2025-11-27;2025-11-26;2025-11-25;2025-11-24,2025-12-11,8644.253216732517,9850.13703305432,9844.253216732517,22.590965625,28.391080313386496,20.799805653606796,48.54060669963412,51119.547634282935,1080.8345088700373,4410.687968618668,26845.73012718468,3650.429198181909,30496.15932536659,30895.933123355244,30895.933092459312,38878.15221291062,1374.160621089718,lexicographic,3.089593309245931e-05,3.887815217403248e-05,False,0.9870933000001969,0.0,1,0
2025-12-13,False,2,1.0,10,0.8,14,2025-01-11;2025-12-06,2025-01-11;2025-12-06;2025-01-04;2025-01-18;2025-02-01;2025-01-25;2025-02-08;2025-02-15;2025-11-22;2025-11-29,2025-12-07;2025-12-06;2025-11-30;2025-11-29;2025-11-23;2025-11-22;2025-11-16;2025-11-15;2025-11-09;2025-11-08;2025-11-02;2025-11-01;2025-10-26;2025-10-25,2025-12-12,8638.36940041071,9844.253216732517,9838.36940041071,19.9465620949074,24.66000597150379,15.564848021642392,34.66054175539695,54903.934124474894,405.347275,7398.57441868765,29067.237359785453,1789.0107860624996,30856.248145847952,32394.874360880494,32394.874328485646,39229.605688267555,1382.9222568342373,lexicographic,3.239487432848565e-05,3.9229605649037954e-05,False,0.8658900999998878,1.1230106251385408e-16,1,0
2025-12-14,False,2,1.0,10,0.8,14,2025-12-07;2025-01-12,2025-12-07;2025-01-12;2025-01-05;2025-01-19;2025-01-26;2025-02-02;2025-11-30;2025-02-09;2025-11-16;2025-02-16,2025-12-13;2025-12-07;2025-12-06;2025-11-30;2025-11-29;2025-11-23;2025-11-22;2025-11-16;2025-11-15;2025-11-09;2025-11-08;2025-11-02;2025-11-01;2025-10-26,2025-12-13,8632.485584088907,9838.36940041071,9832.485584088907,20.810150636574072,26.212766223754052,13.302244971919416,26.7062021528172,99211.98855892956,420.27059974774875,5983.41037920304,63803.415984408515,1773.38991210136,65576.80589650988,67365.01940423754,67365.01933687246,46450.10895909308,1678.550971815318,lexicographic,6.736501933687247e-05,4.6450108959091455e-05,False,1.2209765999996307,0.0,1,0
2025-12-15,False,2,1.0,10,0.8,14,2025-12-08;2025-01-13,2025-12-08;2025-01-13;2025-01-06;2025-01-20;2025-01-27;2025-12-01;2025-12-09;2025-02-10;2025-01-07;2025-02-03,2025-12-12;2025-12-11;2025-12-10;2025-12-09;2025-12-08;2025-12-05;2025-12-04;2025-12-03;2025-12-02;2025-12-01;2025-11-28;2025-11-27;2025-11-26;2025-11-25,2025-12-14,8626.6017677671,9832.485584088907,9826.6017677671,20.559930150462964,25.03337164273063,21.16038525810902,45.73841814734307,97842.716057379,915.7170170502549,4418.748117220173,62852.077587643966,3034.0363078855125,65886.11389552947,67167.69320806029,67167.69314089257,46450.10906453176,1594.860704735383,lexicographic,6.716769314089257e-05,4.645010901808164e-05,False,0.31758020000052056,0.0,1,0
2025-12-16,False,2,1.0,10,0.8,14,2025-12-09;2025-01-07,2025-12-09;2025-01-07;2025-01-14;2025-12-02;2025-01-21;2025-12-10;2025-01-08;2025-12-03;2025-12-15;2025-01-13,2025-12-15;2025-12-12;2025-12-11;2025-12-10;2025-12-09;2025-12-08;2025-12-05;2025-12-04;2025-12-03;2025-12-02;2025-12-01;2025-11-28;2025-11-27;2025-11-26,2025-12-15,8620.717951445295,9826.6017677671,9820.717951445295,18.823614467592577,24.410524330878207,9.561785815653186,19.379427289737503,99548.30355412544,448.2314142100483,5708.316686895256,64104.69180585576,1496.239073898023,65600.93087975378,68364.82811646114,68364.82804809627,46450.10866027748,1617.1494191201555,lexicographic,6.836482804809628e-05,4.6450108660277205e-05,False,0.2828212000003987,0.0,1,0
2025-12-17,False,2,1.0,10,0.8,14,2025-01-08;2025-12-10,2025-01-08;2025-12-10;2025-12-03;2025-01-15;2025-12-11;2025-01-29;2025-01-02;2025-12-16;2025-12-04;2025-01-09,2025-12-16;2025-12-15;2025-12-12;2025-12-11;2025-12-10;2025-12-09;2025-12-08;2025-12-05;2025-12-04;2025-12-03;2025-12-02;2025-12-01;2025-11-28;2025-11-27,2025-12-16,8614.834135123492,9820.717951445295,9814.834135123492,22.01757048611111,26.673239338143407,6.701114067172749,14.29143890561543,98666.00668699722,714.6590632392531,6392.963237921165,63261.7436924979,2647.6747299660165,65909.41842246392,67520.41009965078,67520.41003213031,45742.574873701604,1588.9789280872885,lexicographic,6.752041003213031e-05,4.574257482795902e-05,False,0.3513285999997606,0.0,1,0
2025-12-18,False,2,1.0,10,0.8,14,2025-12-11;2025-01-02,2025-12-11;2025-01-02;2025-12-04;2025-01-09;2025-01-16;2025-01-23;2025-12-17;2025-12-10;2025-12-03;2025-01-08,2025-12-17;2025-12-16;2025-12-15;2025-12-12;2025-12-11;2025-12-10;2025-12-09;2025-12-08;2025-12-05;2025-12-04;2025-12-03;2025-12-02;2025-12-01;2025-11-28,2025-12-17,8608.950318801686,9814.834135123492,9808.950318801686,23.382370775462952,28.582157861501425,16.72700667609287,37.01367512526305,98063.14367489817,596.3713189160487,6470.528738293337,62955.43175566965,1690.1419268967925,64645.57368256644,67370.74185949116,67370.74179212037,45998.488327396786,1537.3361507947204,lexicographic,6.737074179212038e-05,4.5998488281398295e-05,False,0.3379478000006202,0.0,1,0
2025-12-19,False,2,1.0,10,0.8,14,2025-12-12;2025-12-05,2025-12-12;2025-12-05;2025-01-10;2025-01-17;2025-01-24;2025-01-31;2025-01-03;2025-02-07;2025-12-04;2025-12-11,2025-12-18;2025-12-17;2025-12-16;2025-12-15;2025-12-12;2025-12-11;2025-12-10;2025-12-09;2025-12-08;2025-12-05;2025-12-04;2025-12-03;2025-12-02;2025-12-01,2025-12-18,8587.221445664749,9808.950318801686,9787.221445664749,20.65240844907408,25.08524572976471,13.30534397972478,26.89043096744422,50851.06205965896,1041.8993064163856,4930.792857524145,26394.419352434255,3965.039175149717,30359.45852758397,30321.067214578892,30321.067184257838,38823.414311179884,1364.369471118661,lexicographic,3.0321067184257838e-05,3.882341427235648e-05,False,0.8456542999992962,0.0,1,0
2025-12-20,False,2,1.0,10,0.8,14,2025-12-13;2025-12-06,2025-12-13;2025-12-06;2025-01-11;2025-01-18;2025-01-04;2025-02-01;2025-01-25;2025-02-08;2025-11-22;2025-02-15,2025-12-14;2025-12-13;2025-12-07;2025-12-06;2025-11-30;2025-11-29;2025-11-23;2025-11-22;2025-11-16;2025-11-15;2025-11-09;2025-11-08;2025-11-02;2025-11-01,2025-12-19,8565.492572527799,9787.221445664749,9765.492572527799,18.018350925925922,22.22711108756598,12.964666584304922,26.155345135551066,54010.63157267703,776.7896666666659,7829.134359797517,28587.25587678179,2768.067207641665,31355.323084423457,32135.20133990911,32135.20130777394,39282.17711118479,1357.3826092552754,lexicographic,3.213520130777394e-05,3.928217707190262e-05,False,1.2614420000008977,0.0,1,0
2025-12-21,False,2,1.0,10,0.8,14,2025-12-14;2025-12-07,2025-12-14;2025-12-07;2025-01-12;2025-01-05;2025-01-19;2025-01-26;2025-02-02;2025-11-30;2025-02-09;2025-02-16,2025-12-20;2025-12-14;2025-12-13;2025-12-07;2025-12-06;2025-11-30;2025-11-29;2025-11-23;2025-11-22;2025-11-16;2025-11-15;2025-11-09;2025-11-08;2025-11-02,2025-12-20,8543.76369939085,9765.492572527799,9743.76369939085,21.695539583333332,27.169960246410824,9.407097643807209,21.741827493458523,99392.18957727702,773.5580652163555,6275.444424952051,64065.16815445554,2701.783384591672,66766.95153904721,67681.09425220397,67681.09418452282,46432.50324594551,1674.9300283546995,lexicographic,6.768109418452283e-05,4.643250324594783e-05,False,0.28514609999911045,0.0,1,0
2025-12-22,False,2,1.0,10,0.8,14,2025-12-15;2025-12-08,2025-12-15;2025-12-08;2025-01-13;2025-01-06;2025-01-20;2025-01-27;2025-12-01;2025-12-16;2025-12-09;2025-02-10,2025-12-19;2025-12-18;2025-12-17;2025-12-16;2025-12-15;2025-12-12;2025-12-11;2025-12-10;2025-12-09;2025-12-08;2025-12-05;2025-12-04;2025-12-03;2025-12-02,2025-12-21,8522.034826253916,9743.76369939085,9722.034826253916,19.724965682870355,24.464925142467365,8.765870515206343,17.907053873011968,96958.87696278676,1204.474268249044,4455.805563237594,62032.71559184508,4637.145161314248,66669.86075315933,64997.7037620513,64997.703697053534,45647.5084711995,1564.0931514179622,lexicographic,6.499770369705354e-05,4.5647508425551983e-05,False,0.39805710000109684,0.0,1,0
2025-12-23,False,2,1.0,10,0.8,14,2025-12-09;2025-12-16,2025-12-09;2025-12-16;2025-01-07;2025-01-14;2025-12-02;2025-01-21;2025-01-28;2025-02-04;2025-12-15;2025-12-17,2025-12-22;2025-12-19;2025-12-18;2025-12-17;2025-12-16;2025-12-15;2025-12-12;2025-12-11;2025-12-10;2025-12-09;2025-12-08;2025-12-05;2025-12-04;2025-12-03,2025-12-22,8500.305953116966,9722.034826253916,9700.305953116966,17.804748842592588,22.31700989593094,11.331030623949232,24.06174745293032,96519.84681811777,516.4188313560842,5001.352554405899,61811.31509731208,1587.5359190756603,63398.851016387736,64826.998470621475,64826.99840579438,45711.35362308513,1565.1392453615472,lexicographic,6.482699840579438e-05,4.571135357737377e-05,False,0.41253640000104497,0.0,1,0
2025-12-24,False,2,1.0,10,0.8,14,2025-12-10;2025-12-17,2025-12-10;2025-12-17;2025-12-03;2025-01-15;2025-01-08;2025-01-29;2025-12-18;2025-12-11;2025-12-04;2025-01-22,2025-12-23;2025-12-22;2025-12-19;2025-12-18;2025-12-17;2025-12-16;2025-12-15;2025-12-12;2025-12-11;2025-12-10;2025-12-09;2025-12-08;2025-12-05;2025-12-04,2025-12-23,8478.577079980028,9700.305953116966,9678.577079980028,17.81412858796296,22.391528788349103,11.815311260197706,25.07735502583731,95151.215093362,921.9585405516586,3443.606860447683,60765.41259967109,3887.439272203621,64652.851871874715,63834.21703921739,63834.216975383046,45694.081412911786,1548.015963164015,lexicographic,6.383421697538305e-05,4.56940813672177e-05,False,0.3141217000011238,0.0,1,0
2025-12-25,False,2,1.0,10,0.8,14,2025-12-11;2025-12-04,2025-12-11;2025-12-04;2025-01-09;2025-12-18;2025-01-16;2025-01-23;2025-01-02;2025-12-24;2025-02-06;2025-01-30,2025-12-24;2025-12-23;2025-12-22;2025-12-19;2025-12-18;2025-12-17;2025-12-16;2025-12-15;2025-12-12;2025-12-11;2025-12-10;2025-12-09;2025-12-08;2025-12-05,2025-12-24,8456.84820684308,9678.577079980028,9656.84820684308,21.046116377314817,27.086051642550053,14.845989953976279,34.0014397722785,95654.01481362552,1229.4674538053055,4249.814311809759,61456.71676113152,3731.7865744435753,65188.5033355751,64610.05890208904,64610.05883747892,46134.31118940699,1530.9387500001292,lexicographic,6.461005883747892e-05,4.613431114327267e-05,False,0.29469050000079733,0.0,1,0
2025-12-26,False,2,1.0,10,0.8,14,2025-12-12;2025-12-19,2025-12-12;2025-12-19;2025-01-10;2025-01-24;2025-01-03;2025-01-17;2025-12-05;2025-02-07;2025-12-18;2025-01-31,2025-12-25;2025-12-24;2025-12-23;2025-12-22;2025-12-19;2025-12-18;2025-12-17;2025-12-16;2025-12-15;2025-12-12;2025-12-11;2025-12-10;2025-12-09;2025-12-08,2025-12-25,8435.119333706132,9656.84820684308,9635.119333706132,18.383229571759255,22.856137728082185,12.60958223410435,28.46233114327622,49785.29336815605,809.0817452769732,3545.782610274963,25903.168264848522,2715.1084171021375,28618.276681950658,28700.508393050404,28700.508364349935,38701.409463311895,1349.811697714958,lexicographic,2.8700508364349937e-05,3.870140942461048e-05,False,1.102857199999562,2.535131964150568e-16,1,0
2025-12-27,False,2,1.0,10,0.8,14,2025-12-20;2025-12-06,2025-12-20;2025-12-06;2025-12-13;2025-01-11;2025-01-18;2025-01-04;2025-01-25;2025-02-01;2025-02-08;2025-02-15,2025-12-21;2025-12-20;2025-12-14;2025-12-13;2025-12-07;2025-12-06;2025-11-30;2025-11-29;2025-11-23;2025-11-22;2025-11-16;2025-11-15;2025-11-09;2025-11-08,2025-12-26,8413.390460569195,9635.119333706132,9613.390460569195,22.47513113425926,27.309879200912242,11.099135590216898,22.962572908119622,53410.91895666972,706.9336430506601,6624.372825863709,28187.74932545205,2956.1301948092146,31143.879520261264,31628.767461767497,31628.767430138756,39784.55764031787,1366.9902950255246,lexicographic,3.162876743013876e-05,3.9784557600533337e-05,False,1.4057957000004535,0.0,1,0
2025-12-28,False,2,1.0,10,0.8,14,2025-12-21;2025-12-14,2025-12-21;2025-12-14;2025-12-07;2025-01-12;2025-01-19;2025-01-05;2025-01-26;2025-02-02;2025-11-30;2025-02-09,2025-12-27;2025-12-21;2025-12-20;2025-12-14;2025-12-13;2025-12-07;2025-12-06;2025-11-30;2025-11-29;2025-11-23;2025-11-22;2025-11-16;2025-11-15;2025-11-09,2025-12-27,8391.661587432245,9613.390460569195,9591.661587432245,23.266688715277773,27.72935914782176,16.021824870416495,32.81288870011357,99364.93620171984,859.3315416666667,8562.491639463557,63932.24032700711,3192.4173088666676,67124.65763587378,67583.95961867453,67583.95955109056,46432.50327498453,1666.9339224032512,lexicographic,6.758395955109057e-05,4.6432503274983705e-05,False,0.8086137999998755,0.0,1,0
2025-12-29,False,2,1.0,10,0.8,14,2025-12-22;2025-12-15,2025-12-22;2025-12-15;2025-01-13;2025-12-08;2025-01-06;2025-01-20;2025-01-27;2025-02-10;2025-02-03;2025-12-01,2025-12-26;2025-12-25;2025-12-24;2025-12-23;2025-12-22;2025-12-19;2025-12-18;2025-12-17;2025-12-16;2025-12-15;2025-12-12;2025-12-11;2025-12-10;2025-12-09,2025-12-28,8386.069421654118,9591.661587432245,9586.069421654118,20.341561689814814,25.742361359656126,10.654707610714103,21.932788286756825,96376.72650947748,786.685446257317,4814.074040622182,61540.40190733473,2711.4781095820726,64251.8800169168,64812.91456981506,64812.914505002096,46022.89780046209,1592.5484168199093,lexicographic,6.48129145050021e-05,4.6022897754439176e-05,False,0.8123872000014671,0.0,1,0
2025-12-30,False,2,1.0,10,0.8,14,2025-12-23;2025-12-09,2025-12-23;2025-12-09;2025-12-16;2025-01-07;2025-01-14;2025-01-21;2025-01-28;2025-12-02;2025-02-04;2025-12-24,2025-12-29;2025-12-26;2025-12-25;2025-12-24;2025-12-23;2025-12-22;2025-12-19;2025-12-18;2025-12-17;2025-12-16;2025-12-15;2025-12-12;2025-12-11;2025-12-10,2025-12-29,8380.477255875989,9586.069421654118,9580.477255875989,19.358311979166672,23.85583381761642,16.061049579055634,34.05071918796653,95617.05396984586,754.0382064916087,5306.780285019928,61211.438715092394,2665.470554712446,63876.90926980484,64380.64291607571,64380.642851695,46159.482714133715,1544.251186190265,lexicographic,6.4380642851695e-05,4.615948266797423e-05,False,0.7787867999995797,0.0,1,0
2025-12-31,False,2,1.0,10,0.8,14,2025-12-24;2025-12-10,2025-12-24;2025-12-10;2025-01-15;2025-12-03;2025-12-17;2025-01-29;2025-01-08;2025-01-22;2025-02-05;2025-12-25,2025-12-30;2025-12-29;2025-12-26;2025-12-25;2025-12-24;2025-12-23;2025-12-22;2025-12-19;2025-12-18;2025-12-17;2025-12-16;2025-12-15;2025-12-12;2025-12-11,2025-12-30,8374.885090097858,9580.477255875989,9574.885090097858,22.535337037037042,28.47149613153722,9.76689073323345,21.725902412278398,95395.07699364584,1321.4274976359839,3258.878836436883,60806.389450409646,5250.499347710796,66056.88879812045,64025.55068676449,64025.55062273889,45886.014864929806,1549.8009643808264,lexicographic,6.402555062273889e-05,4.5886014819043786e-05,False,0.7769697999992786,0.0,1,0
