date,warmup,k_load,rho_load,k_pv,rho_pv,scenario_count,purchase_strategy,risk_source_dates,risk_source_day_count,purchase_margin_kwh,similar_load_dates,similar_pv_dates,scenario_source_dates,reserve_latest_source_date,reserve_kwh,soc_start_kwh,soc_end_kwh,load_mae_kwh,load_rmse_kwh,pv_mae_kwh,pv_rmse_kwh,planned_grid_kwh,actual_emergency_kwh,actual_surplus_kwh,planned_cost_yuan,emergency_cost_yuan,actual_total_cost_yuan,solver_objective_yuan,primary_optimum_yuan,storage_throughput_kwh,peak_grid_kwh,objective_mode,cost_lock_tolerance,throughput_lock_tolerance,lexicographic_tolerance_relaxed,solver_seconds,mip_gap,mip_node_count,solver_status
2025-01-01,True,4,1.0,7,1.0,1,legacy_scenarios,,0,0.0,,,,,0.0,6000.0,1200.0,113.22068668981478,133.3022984116728,140.49898124999996,202.86438614058318,54149.365590550944,36514.41488333333,21.217300000000023,32909.86528886616,146586.90245181666,179496.76774068282,32909.86528886616,32909.8652559563,32207.271655599336,1409.802763499626,lexicographic,3.29098652559563e-05,3.220727162339207e-05,False,0.17346530000213534,0.0,1,0
2025-01-02,True,4,1.0,7,1.0,1,legacy_scenarios,,0,0.0,2025-01-01,2025-01-01,2025-01-01,2025-01-01,0.0,1200.0,1200.0,23.174773842592586,30.59957725485432,10.191742013888886,22.31262096676364,121187.55481800545,1078.4512333333328,24345.769549999997,80989.97380738662,3690.905855833331,84680.87966321995,113351.5922729366,113351.592159585,47964.973656613576,1915.6016626657388,lexicographic,0.000113351592159585,4.7964973608648594e-05,False,0.06956759999957285,0.0,1,0
2025-01-03,True,4,1.0,7,1.0,2,legacy_scenarios,,0,0.0,2025-01-02,2025-01-02,2025-01-02;2025-01-01,2025-01-02,0.0,1200.0,1200.0,317.8716789351851,348.7040332424474,14.416922685185186,34.59753499876732,122067.11959109809,0.0,71527.18066666667,81754.5938942043,0.0,81754.5938942043,99925.96195176264,99925.96185183665,47964.97673449597,1912.4201794637067,lexicographic,9.992596185183665e-05,4.7964976734494286e-05,False,0.08927749999929802,1.4562697179681322e-16,1,0
2025-01-04,True,4,1.0,7,1.0,3,legacy_scenarios,,0,0.0,2025-01-02;2025-01-03,2025-01-02;2025-01-03,2025-01-03;2025-01-02;2025-01-01,2025-01-03,0.0,1200.0,1200.0,160.62484398148146,176.43343098782768,13.496411921296293,34.372197882564734,98237.90548959529,125.69500000000005,48634.08835833332,62151.69617870356,268.7359100000001,62420.432088703565,74327.74660861329,74327.74653428551,47287.77196798675,1678.534834638601,lexicographic,7.432774653428552e-05,4.728777192069897e-05,False,0.10989559999870835,0.0,1,0
2025-01-05,True,4,1.0,7,1.0,4,legacy_scenarios,,0,0.0,2025-01-04;2025-01-02;2025-01-03,2025-01-04;2025-01-02;2025-01-03,2025-01-04;2025-01-03;2025-01-02;2025-01-01,2025-01-04,0.0,1200.0,1200.0,212.01386859567904,233.77631031764665,8.594969907407412,17.060329152744558,90014.20848887303,14603.011850000003,8704.845405555552,55605.654769347544,61680.16771044722,117285.82247979476,64810.351417777405,64810.351352967074,46456.64729634028,1603.423387051109,lexicographic,6.481035135296708e-05,4.6456647296334436e-05,False,0.09641879999981029,1.1226536289793353e-16,1,0
2025-01-06,True,4,1.0,7,1.0,5,legacy_scenarios,,0,0.0,2025-01-05;2025-01-04;2025-01-02;2025-01-03,2025-01-05;2025-01-04;2025-01-02;2025-01-03,2025-01-03;2025-01-02;2025-01-01;2025-01-05;2025-01-04,2025-01-05,9600.0,1200.0,10800.0,153.12547980324072,169.0588475659639,10.199889641203704,18.703873205654457,105422.1587042349,10192.509579166666,9349.51824162676,64414.39777545165,42773.92441210208,107188.32218755374,85984.62961686037,85984.62953087577,57974.372550591725,1610.9678399960856,lexicographic,8.598462953087577e-05,5.797437249261735e-05,False,0.12466379999750643,0.0,1,0
2025-01-07,True,4,1.0,7,1.0,5,legacy_scenarios,,0,0.0,2025-01-06;2025-01-05;2025-01-04;2025-01-03,2025-01-06;2025-01-05;2025-01-04;2025-01-03;2025-01-02,2025-01-06;2025-01-03;2025-01-02;2025-01-01;2025-01-05,2025-01-06,9600.0,10800.0,10800.0,155.2669320601852,173.6515376588082,16.54014543981482,37.71145158073236,94677.62244514885,10384.913862222224,7538.4891462435735,59708.393800744016,43479.53507560959,103187.9288763536,89800.61346252705,89800.61337272651,47223.34022179352,1604.4349832606772,lexicographic,8.980061337272651e-05,4.722334017457018e-05,False,0.17835800000102608,3.2409389383494873e-16,1,0
2025-01-08,True,4,1.0,7,1.0,5,legacy_scenarios,,0,0.0,2025-01-07;2025-01-06;2025-01-03;2025-01-02,2025-01-07;2025-01-06;2025-01-03;2025-01-02;2025-01-04;2025-01-05,2025-01-07;2025-01-06;2025-01-03;2025-01-02;2025-01-01,2025-01-07,9600.0,10800.0,10800.0,76.57864282407408,86.28541026220604,11.743839756944448,27.510074910574733,106191.48870137743,4869.559020833333,16500.048737702797,68976.30406255917,20180.026293962503,89156.33035652168,95422.15807119702,95422.15797577491,47964.97778311983,1720.6140574250162,lexicographic,9.542215797577491e-05,4.796497778313101e-05,False,0.15889660000175354,1.5250037870723052e-16,1,0
2025-01-09,True,4,1.0,7,1.0,6,legacy_scenarios,,0,0.0,2025-01-07;2025-01-06;2025-01-08;2025-01-05,2025-01-07;2025-01-06;2025-01-08;2025-01-05;2025-01-04;2025-01-03;2025-01-02,2025-01-08;2025-01-07;2025-01-06;2025-01-03;2025-01-02;2025-01-01,2025-01-08,9600.0,10800.0,10800.0,18.543603269675916,24.68488685753256,14.302365443121687,28.964994506799798,110957.60126310047,811.0136333333337,15690.802539642862,73250.1270675677,2382.3757356375027,75632.50280320519,102769.40319287457,102769.40309010522,47500.65155065767,1765.0389596080197,lexicographic,0.00010276940309010522,4.750065150315703e-05,False,0.1961126999995031,0.0,1,0
2025-01-10,True,4,1.0,7,1.0,7,legacy_scenarios,,0,0.0,2025-01-09;2025-01-08;2025-01-07;2025-01-06,2025-01-09;2025-01-08;2025-01-07;2025-01-06;2025-01-03;2025-01-04;2025-01-02,2025-01-09;2025-01-08;2025-01-07;2025-01-06;2025-01-03;2025-01-02;2025-01-01,2025-01-09,9600.0,10800.0,10800.0,315.2259735243055,343.80741676306536,13.036234490740743,23.581469382985006,110914.96354142716,0.0,60438.61378130952,73204.97834802934,0.0,73204.97834802934,98826.9628069848,98826.96270815782,47495.191098138326,1765.13955425116,lexicographic,9.882696270815783e-05,4.749519105064313e-05,False,0.21586179999940214,0.0,1,0
2025-01-11,True,4,1.0,7,1.0,5,legacy_scenarios,,0,0.0,2025-01-10;2025-01-04;2025-01-05;2025-01-09,2025-01-10;2025-01-04;2025-01-05;2025-01-09;2025-01-08;2025-01-07;2025-01-06,2025-01-05;2025-01-04;2025-01-10;2025-01-09;2025-01-08,2025-01-10,9600.0,10800.0,10800.0,160.43242879050925,177.37324896535188,8.88114518849207,17.65386992893256,86571.88040287208,91.34416666666539,36920.6735432886,53747.99910130003,195.2938283333306,53943.29292963336,72096.95806051801,72096.95798842103,46456.645164979534,1531.105624908067,lexicographic,7.209695798842104e-05,4.645664511852289e-05,False,0.10642409999854863,0.0,1,0
2025-01-12,True,4,1.0,7,1.0,5,legacy_scenarios,,0,0.0,2025-01-11;2025-01-10;2025-01-05;2025-01-04,2025-01-11;2025-01-10;2025-01-05;2025-01-04;2025-01-09;2025-01-06;2025-01-07,2025-01-11;2025-01-05;2025-01-04;2025-01-10;2025-01-09,2025-01-11,9600.0,10800.0,10800.0,231.62261385995367,254.54862271919572,9.330521312830685,18.99400306046369,74393.249241963,21507.63141917243,249.32705396825452,44096.78731806662,86879.49373369594,130976.28105176256,58852.47501051852,58852.47495166607,45589.758026171636,1396.1745896953153,lexicographic,5.885247495166607e-05,4.5589757980581885e-05,False,0.15963440000268747,0.0,1,0
2025-01-13,True,4,1.0,7,1.0,8,legacy_scenarios,,0,0.0,2025-01-10;2025-01-12;2025-01-07;2025-01-08,2025-01-10;2025-01-12;2025-01-07;2025-01-08;2025-01-11;2025-01-06;2025-01-09,2025-01-10;2025-01-09;2025-01-08;2025-01-07;2025-01-06;2025-01-03;2025-01-02;2025-01-01,2025-01-12,9600.0,10800.0,10800.0,80.42537786458335,90.09165214394307,18.904435813492082,33.965321589273174,99391.63842203503,5127.986495833333,11369.003986666672,63779.27117681023,20811.176881777083,84590.44805858731,86126.84893829902,86126.84885217213,46456.64092530751,1650.3843955165153,lexicographic,8.612684885217214e-05,4.6456640925313084e-05,False,0.22780519999651005,0.0,1,0
2025-01-14,True,4,1.0,7,1.0,9,legacy_scenarios,,0,0.0,2025-01-09;2025-01-13;2025-01-07;2025-01-12,2025-01-09;2025-01-13;2025-01-07;2025-01-12;2025-01-06;2025-01-10;2025-01-11,2025-01-13;2025-01-10;2025-01-09;2025-01-08;2025-01-07;2025-01-06;2025-01-03;2025-01-02;2025-01-01,2025-01-13,9600.0,10800.0,10800.0,18.74131059027778,23.157980450644043,11.960215823412709,23.98416661720409,110797.95019197415,1009.2585916666669,17522.686548571433,73012.09697858267,3293.389235491668,76305.48621407434,95166.01144835207,95166.01135318611,47671.67808495923,1761.2050827966727,lexicographic,9.516601135318612e-05,4.767167803728755e-05,False,0.30679869999949005,0.0,1,0
2025-01-15,True,4,1.0,7,1.0,10,legacy_scenarios,,0,0.0,2025-01-14;2025-01-09;2025-01-13;2025-01-10,2025-01-14;2025-01-09;2025-01-13;2025-01-10;2025-01-07;2025-01-12;2025-01-06,2025-01-14;2025-01-13;2025-01-10;2025-01-09;2025-01-08;2025-01-07;2025-01-06;2025-01-03;2025-01-02;2025-01-01,2025-01-14,9600.0,10800.0,10800.0,79.35085726273148,90.22398859570124,9.678541005291002,18.616331272321712,98073.59655296209,5050.389867261903,8176.9794532544665,62752.79251325327,21754.697309396422,84507.48982264969,83924.44003260364,83924.43994867927,46456.641583587,1592.2145038497017,lexicographic,8.392443994867927e-05,4.6456641583597695e-05,False,0.29355890000078944,0.0,1,0
2025-01-16,True,4,1.0,7,1.0,11,legacy_scenarios,,0,0.0,2025-01-15;2025-01-10;2025-01-14;2025-01-09,2025-01-15;2025-01-10;2025-01-14;2025-01-09;2025-01-07;2025-01-13;2025-01-08,2025-01-15;2025-01-14;2025-01-13;2025-01-10;2025-01-09;2025-01-08;2025-01-07;2025-01-06;2025-01-03;2025-01-02;2025-01-01,2025-01-15,9600.0,10800.0,10800.0,78.99361782407408,88.4022191100579,15.770518634259266,32.492414400432736,95241.14049891153,5074.959358928571,6365.284366071431,60736.58330975956,21084.58828764375,81821.17159740331,83665.13203091634,83665.13194725117,46456.641661059475,1595.8615395093134,lexicographic,8.366513194725117e-05,4.645664166104684e-05,False,0.23260099999970407,0.0,1,0
2025-01-17,True,4,1.0,7,1.0,12,legacy_scenarios,,0,0.0,2025-01-16;2025-01-15;2025-01-10;2025-01-14,2025-01-16;2025-01-15;2025-01-10;2025-01-14;2025-01-09;2025-01-07;2025-01-13,2025-01-16;2025-01-15;2025-01-14;2025-01-13;2025-01-10;2025-01-09;2025-01-08;2025-01-07;2025-01-06;2025-01-03;2025-01-02;2025-01-01,2025-01-16,9600.0,10800.0,10800.0,241.08244337384258,264.7647145378256,11.897375810185197,22.92634785488274,95021.42941385602,0.0,47455.65189678571,60561.85643512991,0.0,60561.85643512991,83389.98195239881,83389.98186900887,46456.641743318905,1590.0665385279465,lexicographic,8.338998186900888e-05,4.645664174331864e-05,False,0.25560199999745237,1.745043577443796e-16,1,0
2025-01-18,True,4,1.0,7,1.0,5,legacy_scenarios,,0,0.0,2025-01-12;2025-01-11;2025-01-17;2025-01-16,2025-01-12;2025-01-11;2025-01-17;2025-01-16;2025-01-15;2025-01-14;2025-01-04,2025-01-12;2025-01-11;2025-01-05;2025-01-04;2025-01-17,2025-01-17,9600.0,10800.0,10800.0,159.61433272569445,175.89388512040037,12.71195305886244,22.94699779741692,88888.35157024016,119.59041666666599,40888.768860919314,55416.11096199694,255.68431083333186,55671.79527283028,81667.46865837314,81667.46857670565,46456.64230458272,1600.5657350268184,lexicographic,8.166746857670565e-05,4.645664225812609e-05,False,0.11618209999869578,1.781849674292164e-16,1,0
2025-01-19,True,4,1.0,7,1.0,5,legacy_scenarios,,0,0.0,2025-01-18;2025-01-12;2025-01-11;2025-01-17,2025-01-18;2025-01-12;2025-01-11;2025-01-17;2025-01-14;2025-01-16;2025-01-15,2025-01-18;2025-01-12;2025-01-11;2025-01-05;2025-01-04,2025-01-18,9600.0,10800.0,10800.0,233.73216880787035,258.3747073217141,11.925785152116404,22.622458756992767,77459.49798321154,17187.07421170635,1226.1709599001674,46098.193337719305,72848.44226084066,118946.63559855997,72140.62444702066,72140.62437488002,45128.651582712744,1541.6253622811205,lexicographic,7.214062437488003e-05,4.512865153758408e-05,False,0.23427889999948093,4.0343191799249117e-16,1,0
2025-01-20,True,4,1.0,7,1.0,13,legacy_scenarios,,0,0.0,2025-01-13;2025-01-14;2025-01-17;2025-01-15,2025-01-13;2025-01-14;2025-01-17;2025-01-15;2025-01-16;2025-01-07;2025-01-09,2025-01-17;2025-01-16;2025-01-15;2025-01-14;2025-01-13;2025-01-10;2025-01-09;2025-01-08;2025-01-07;2025-01-06;2025-01-03;2025-01-02;2025-01-01,2025-01-19,9600.0,10800.0,10800.0,77.61492627314816,87.9739474006443,13.255158416005306,24.8406359428604,94616.00566578656,4710.122792857141,6382.387790238097,60176.61664974874,19835.70791079107,80012.32456053981,81222.60906811914,81222.60898689668,46456.64239112708,1589.7581244092019,lexicographic,8.122260898689668e-05,4.645664239112695e-05,False,0.44443300000057206,1.7916089386779554e-16,1,0
2025-01-21,True,4,1.0,7,1.0,14,legacy_scenarios,,0,0.0,2025-01-20;2025-01-14;2025-01-15;2025-01-17,2025-01-20;2025-01-14;2025-01-15;2025-01-17;2025-01-16;2025-01-09;2025-01-07,2025-01-20;2025-01-17;2025-01-16;2025-01-15;2025-01-14;2025-01-13;2025-01-10;2025-01-09;2025-01-08;2025-01-07;2025-01-06;2025-01-03;2025-01-02;2025-01-01,2025-01-20,9600.0,10800.0,10800.0,72.38462725694441,82.18990599086861,36.5304693452381,69.4728256871594,94557.53463862755,4450.477120833331,10657.201992023813,60189.58627855932,18139.778179402078,78329.3644579614,81114.84740762704,81114.84732651213,46439.885274883105,1580.2677759220019,lexicographic,8.111484732651213e-05,4.6439885274892625e-05,False,0.4816041000012774,0.0,1,0
2025-01-22,True,4,1.0,7,1.0,14,legacy_scenarios,,0,0.0,2025-01-21;2025-01-20;2025-01-14;2025-01-15,2025-01-21;2025-01-20;2025-01-14;2025-01-15;2025-01-17;2025-01-09;2025-01-16,2025-01-21;2025-01-20;2025-01-17;2025-01-16;2025-01-15;2025-01-14;2025-01-13;2025-01-10;2025-01-09;2025-01-08;2025-01-07;2025-01-06;2025-01-03;2025-01-02,2025-01-21,9600.0,10800.0,10800.0,17.456171325231484,22.136014137538805,13.73011674933862,25.383954250927996,101051.71168090591,799.8590499999991,8076.142334722224,65763.0582381053,3028.5012029312475,68791.55944103654,84055.70436537461,84055.70428131895,46456.64154434639,1675.3932899079005,lexicographic,8.405570428131895e-05,4.645664154434639e-05,False,0.45395940000162227,0.0,1,0
2025-01-23,True,4,1.0,7,1.0,14,legacy_scenarios,,0,0.0,2025-01-15;2025-01-21;2025-01-16;2025-01-17,2025-01-15;2025-01-21;2025-01-16;2025-01-17;2025-01-20;2025-01-14;2025-01-09,2025-01-22;2025-01-21;2025-01-20;2025-01-17;2025-01-16;2025-01-15;2025-01-14;2025-01-13;2025-01-10;2025-01-09;2025-01-08;2025-01-07;2025-01-06;2025-01-03,2025-01-22,9600.0,10800.0,10800.0,79.48195810185183,89.38770605470151,14.05202716600528,28.507884196245495,89450.87304550316,6099.509641468254,1210.8025939358681,56377.12666251263,23361.05386733065,79738.18052984329,74627.8686802873,74627.86860565929,45475.340170496616,1544.1393314358663,lexicographic,7.462786860565928e-05,4.5475340125021295e-05,False,0.6651940000010654,0.0,1,0
2025-01-24,True,4,1.0,7,1.0,14,legacy_scenarios,,0,0.0,2025-01-23;2025-01-17;2025-01-16;2025-01-20,2025-01-23;2025-01-17;2025-01-16;2025-01-20;2025-01-21;2025-01-10;2025-01-15,2025-01-23;2025-01-22;2025-01-21;2025-01-20;2025-01-17;2025-01-16;2025-01-15;2025-01-14;2025-01-13;2025-01-10;2025-01-09;2025-01-08;2025-01-07;2025-01-06,2025-01-23,9600.0,10800.0,10800.0,241.74790778356478,266.3479368050662,17.402429894179907,38.576393485774744,90692.56493521281,0.0,46092.5222663187,57034.60977143311,0.0,57034.60977143311,76306.47873796365,76306.47866165696,45446.52331157018,1535.9440683425116,lexicographic,7.630647866165697e-05,4.5446523266123666e-05,False,0.6691014999996696,0.0,1,0
2025-01-25,True,4,1.0,7,1.0,6,legacy_scenarios,,0,0.0,2025-01-19;2025-01-18;2025-01-22;2025-01-21,2025-01-19;2025-01-18;2025-01-22;2025-01-21;2025-01-12;2025-01-23;2025-01-17,2025-01-19;2025-01-18;2025-01-12;2025-01-11;2025-01-05;2025-01-04,2025-01-24,9600.0,10800.0,10800.0,238.40343926504627,262.9484828503039,29.016727728174615,56.81586459973441,99035.5626920034,0.0,55701.894266468255,63774.37352505754,0.0,63774.37352505754,97250.99864205046,97250.99854479954,46622.675029220816,1745.4807436666374,lexicographic,9.725099854479955e-05,4.6622674982598143e-05,False,0.3677306999998109,0.0,1,0
2025-01-26,True,4,1.0,7,1.0,7,legacy_scenarios,,0,0.0,2025-01-25;2025-01-19;2025-01-18;2025-01-22,2025-01-25;2025-01-19;2025-01-18;2025-01-22;2025-01-21;2025-01-20;2025-01-12,2025-01-25;2025-01-19;2025-01-18;2025-01-12;2025-01-11;2025-01-05;2025-01-04,2025-01-25,9600.0,10800.0,10800.0,157.65562161458334,175.02319621012435,16.48676069775131,35.340363716249435,86909.76260026697,10111.58783611111,4456.432235912698,53922.875634292126,41835.41972518641,95758.29535947854,82625.8033894978,82625.8033068721,46354.36832899481,1572.618908047929,lexicographic,8.26258033068721e-05,4.635436828264045e-05,False,0.14146570000229985,1.7611829048512924e-16,1,0
2025-01-27,True,4,1.0,7,1.0,14,legacy_scenarios,,0,0.0,2025-01-20;2025-01-21;2025-01-24;2025-01-23,2025-01-20;2025-01-21;2025-01-24;2025-01-23;2025-01-14;2025-01-17;2025-01-13,2025-01-24;2025-01-23;2025-01-22;2025-01-21;2025-01-20;2025-01-17;2025-01-16;2025-01-15;2025-01-14;2025-01-13;2025-01-10;2025-01-09;2025-01-08;2025-01-07,2025-01-26,9600.0,10800.0,10800.0,75.6719003761574,84.69641244648551,19.775141749338633,36.97094694954484,87665.94419889437,5057.995240476191,3794.62718324686,54813.86838196557,20772.59467985208,75586.46306181766,70837.41966309614,70837.4195922587,45101.3463460558,1527.438726699241,lexicographic,7.08374195922587e-05,4.510134630095446e-05,False,0.5652058999985456,0.0,1,0
2025-01-28,True,4,1.0,7,1.0,14,legacy_scenarios,,0,0.0,2025-01-22;2025-01-20;2025-01-23;2025-01-21,2025-01-22;2025-01-20;2025-01-23;2025-01-21;2025-01-27;2025-01-14;2025-01-13,2025-01-27;2025-01-24;2025-01-23;2025-01-22;2025-01-21;2025-01-20;2025-01-17;2025-01-16;2025-01-15;2025-01-14;2025-01-13;2025-01-10;2025-01-09;2025-01-08,2025-01-27,9600.0,10800.0,10800.0,20.212109780092582,24.657720047553937,11.444311425264548,21.210525538467504,98361.94120825629,893.3042791666654,7408.583300992062,63486.300654196275,2824.2345435895786,66310.53519778585,76552.90946247126,76552.90938591832,46357.556335648726,1565.4249199683852,lexicographic,7.655290938591833e-05,4.635755633564709e-05,False,0.4154323000002478,0.0,1,0
2025-01-29,True,4,1.0,7,1.0,14,legacy_scenarios,,0,0.0,2025-01-23;2025-01-21;2025-01-27;2025-01-22,2025-01-23;2025-01-21;2025-01-27;2025-01-22;2025-01-24;2025-01-15;2025-01-20,2025-01-28;2025-01-27;2025-01-24;2025-01-23;2025-01-22;2025-01-21;2025-01-20;2025-01-17;2025-01-16;2025-01-15;2025-01-14;2025-01-13;2025-01-10;2025-01-09,2025-01-28,9600.0,10800.0,10800.0,20.31237502893519,24.755673979558736,33.8163037202381,56.83979809664988,97842.20202563368,409.17457499999944,11999.831306547618,63112.67763881077,1262.6417155520826,64375.31935436285,74952.80443887434,74952.80436392159,46358.33200945159,1564.550073792644,lexicographic,7.495280436392159e-05,4.635833200944737e-05,False,0.24575679999907152,0.0,1,0
2025-01-30,True,4,1.0,7,1.0,14,legacy_scenarios,,0,0.0,2025-01-22;2025-01-29;2025-01-21;2025-01-27,2025-01-22;2025-01-29;2025-01-21;2025-01-27;2025-01-23;2025-01-24;2025-01-17,2025-01-29;2025-01-28;2025-01-27;2025-01-24;2025-01-23;2025-01-22;2025-01-21;2025-01-20;2025-01-17;2025-01-16;2025-01-15;2025-01-14;2025-01-13;2025-01-10,2025-01-29,9600.0,10800.0,10800.0,17.260203530092593,23.54083424750967,16.762830340608478,35.092930279914206,96528.68987645846,689.7846875000005,8653.083229618866,62038.62324583382,2933.2123870375026,64971.83563287132,73778.33982309596,73778.33974931772,45943.597249059756,1539.4618069998162,lexicographic,7.377833974931772e-05,4.594359720311616e-05,False,0.2664939999995113,0.0,1,0
2025-01-31,True,4,1.0,7,1.0,14,legacy_scenarios,,0,0.0,2025-01-30;2025-01-29;2025-01-22;2025-01-23,2025-01-30;2025-01-29;2025-01-22;2025-01-23;2025-01-24;2025-01-27;2025-01-21,2025-01-30;2025-01-29;2025-01-28;2025-01-27;2025-01-24;2025-01-23;2025-01-22;2025-01-21;2025-01-20;2025-01-17;2025-01-16;2025-01-15;2025-01-14;2025-01-13,2025-01-30,9600.0,10800.0,10800.0,320.19415726273144,350.270053053422,14.48071106150793,26.750097102667116,96182.22372465688,0.0,52619.538400468206,61872.05983358764,0.0,61872.05983358764,73781.29982088186,73781.29974710058,45710.71429621853,1536.0844665396376,lexicographic,7.378129974710058e-05,4.571071425050782e-05,False,0.2647848000015074,0.0,1,0
2025-02-01,False,2,1.0,5,1.0,0,calibrated_quantile,2025-01-04;2025-01-05;2025-01-11;2025-01-12;2025-01-18;2025-01-19;2025-01-25;2025-01-26,8,32389.058477579358,2025-01-25;2025-01-26,2025-01-25;2025-01-26;2025-01-18;2025-01-19;2025-01-31,,2025-01-31,9600.0,10800.0,10800.0,188.9121540509259,204.28338617932204,17.15133831018517,32.36404061655323,101171.96496649281,0.0,61995.959090912685,65533.064466556076,0.0,65533.064466556076,65533.06446655607,65533.06440102301,45705.64313403526,1615.1313573287684,lexicographic,6.553306440102302e-05,4.5705643088329615e-05,False,0.06854870000097435,2.2205455156679185e-16,1,0
2025-02-02,False,2,1.0,5,1.0,0,calibrated_quantile,2025-01-05;2025-01-11;2025-01-12;2025-01-18;2025-01-19;2025-01-25;2025-01-26;2025-02-01,8,32368.696844246024,2025-01-26;2025-02-01,2025-01-26;2025-02-01;2025-01-25;2025-01-19;2025-01-18,,2025-02-01,9600.0,10800.0,10800.0,141.52280219907405,159.66328573496386,25.624500671296282,44.32670421536227,98856.40004174178,31.15916666666658,15728.938924246026,63919.12028891444,67.88024458333314,63987.000533497776,63919.120288914455,63919.120224995335,45748.62960438962,1587.1473339933136,lexicographic,6.391912022499533e-05,4.574862955864099e-05,False,0.06921990000046208,0.0,1,0
2025-02-03,False,2,1.0,5,1.0,0,calibrated_quantile,2025-01-06;2025-01-07;2025-01-08;2025-01-09;2025-01-10;2025-01-13;2025-01-14;2025-01-15;2025-01-16;2025-01-17;2025-01-20;2025-01-21;2025-01-22;2025-01-23;2025-01-24;2025-01-27;2025-01-28;2025-01-29;2025-01-30;2025-01-31,20,12543.59762757936,2025-01-28;2025-01-31,2025-01-28;2025-01-31;2025-01-22;2025-01-30;2025-01-20,,2025-02-02,9600.0,10800.0,10800.0,134.63788385416663,152.32117777468056,19.76901261574073,36.467618513100106,80357.56879401795,5147.17007992064,865.1787758333327,49129.08089437608,22174.42020197992,71303.50109635599,49129.08089437608,49129.080845247,42131.4995398449,1461.599974781732,lexicographic,4.9129080845247004e-05,4.2131499497713516e-05,False,0.09630850000030478,0.0,1,0
2025-02-04,False,2,1.0,5,1.0,0,calibrated_quantile,2025-01-07;2025-01-08;2025-01-09;2025-01-10;2025-01-13;2025-01-14;2025-01-15;2025-01-16;2025-01-17;2025-01-20;2025-01-21;2025-01-22;2025-01-23;2025-01-24;2025-01-27;2025-01-28;2025-01-29;2025-01-30;2025-01-31;2025-02-03,20,12271.617434880947,2025-02-03;2025-01-28,2025-02-03;2025-01-28;2025-01-31;2025-01-22;2025-01-29,,2025-02-03,9600.0,10800.0,10800.0,26.937415162037034,32.95516227293959,13.863305138888895,27.290705789511332,100594.39021256636,23.91425416666675,14656.911905714282,65336.78935326691,51.4912516208335,65388.28060488775,65336.78935326691,65336.78928793009,45407.456768126045,1538.86527710678,lexicographic,6.53367892879301e-05,4.540745672271859e-05,False,0.11701330000141752,0.0,1,0
2025-02-05,False,2,1.0,5,1.0,0,calibrated_quantile,2025-01-08;2025-01-09;2025-01-10;2025-01-13;2025-01-14;2025-01-15;2025-01-16;2025-01-17;2025-01-20;2025-01-21;2025-01-22;2025-01-23;2025-01-24;2025-01-27;2025-01-28;2025-01-29;2025-01-30;2025-01-31;2025-02-03;2025-02-04,20,10901.94327,2025-02-04;2025-02-03,2025-02-04;2025-02-03;2025-01-28;2025-01-31;2025-01-29,,2025-02-04,9600.0,10800.0,10800.0,17.101089409722217,22.085746578936543,14.385375324074074,27.655658078111575,96196.74404358621,68.17870666666659,10798.200974999998,62079.550856368056,156.3647419574998,62235.915598325555,62079.55085636805,62079.550794288494,44947.966175654685,1528.047721555929,lexicographic,6.20795507942885e-05,4.494796613070672e-05,False,0.06479549999858136,0.0,1,0
2025-02-06,False,2,1.0,5,1.0,0,calibrated_quantile,2025-01-09;2025-01-10;2025-01-13;2025-01-14;2025-01-15;2025-01-16;2025-01-17;2025-01-20;2025-01-21;2025-01-22;2025-01-23;2025-01-24;2025-01-27;2025-01-28;2025-01-29;2025-01-30;2025-01-31;2025-02-03;2025-02-04;2025-02-05,20,10425.787366309523,2025-02-05;2025-02-04,2025-02-05;2025-02-04;2025-02-03;2025-01-31;2025-01-28,,2025-02-05,9600.0,10800.0,10800.0,19.9838407986111,26.228455244305867,10.985891712962957,22.44622842625522,95973.76327027504,10.444383333333235,10994.855504642852,61853.4633166228,22.366959083333125,61875.83027570613,61853.4633166228,61853.463254769325,44947.967512952266,1503.3992098892136,lexicographic,6.185346325476934e-05,4.4947967468004284e-05,False,0.07203460000164341,0.0,1,0
2025-02-07,False,2,1.0,5,1.0,0,calibrated_quantile,2025-01-10;2025-01-13;2025-01-14;2025-01-15;2025-01-16;2025-01-17;2025-01-20;2025-01-21;2025-01-22;2025-01-23;2025-01-24;2025-01-27;2025-01-28;2025-01-29;2025-01-30;2025-01-31;2025-02-03;2025-02-04;2025-02-05;2025-02-06,20,10353.556203809523,2025-02-06;2025-01-31,2025-02-06;2025-01-31;2025-01-30;2025-02-04;2025-02-05,,2025-02-06,9600.0,10800.0,10800.0,173.35030839120367,190.21126499703138,26.05766282407406,51.76358730426697,74467.55910482092,0.0,38254.70549214285,44836.98949344367,0.0,44836.98949344367,44836.98949344366,44836.98944860665,41984.13074884549,1395.412866179184,lexicographic,4.483698944860665e-05,4.19841307488455e-05,False,0.09471560000019963,0.0,1,0
2025-02-08,False,2,1.0,5,1.0,0,calibrated_quantile,2025-01-11;2025-01-12;2025-01-18;2025-01-19;2025-01-25;2025-01-26;2025-02-01;2025-02-02,8,29948.06659833333,2025-02-02;2025-02-01,2025-02-02;2025-02-01;2025-01-25;2025-01-26;2025-01-18,,2025-02-07,9600.0,10800.0,10800.0,161.51945798611112,177.37595085773853,26.11138689814813,46.237445426762434,92847.78844455408,0.0,56552.329154999985,59211.25316578058,0.0,59211.25316578058,59211.25316578058,59211.25310656931,44947.98314171704,1531.4880598891893,lexicographic,5.921125310656931e-05,4.494798309676906e-05,False,0.06788070000038715,0.0,1,0
2025-02-09,False,2,1.0,5,1.0,0,calibrated_quantile,2025-01-12;2025-01-18;2025-01-19;2025-01-25;2025-01-26;2025-02-01;2025-02-02;2025-02-08,8,29934.37509833333,2025-02-02;2025-02-08,2025-02-02;2025-02-08;2025-01-26;2025-02-01;2025-01-25,,2025-02-08,9600.0,10800.0,10800.0,158.6327903935185,174.48019689466966,22.053670439814823,39.33562959654181,91314.07296270519,491.9411302380954,7532.300888571426,58140.54840896276,1322.845653120001,59463.394062082756,58140.54840896275,58140.548350822195,44947.98947498114,1528.0214465558934,lexicographic,5.8140548350822197e-05,4.494798943003315e-05,False,0.06980409999960102,0.0,1,0
2025-02-10,False,2,1.0,5,1.0,0,calibrated_quantile,2025-01-13;2025-01-14;2025-01-15;2025-01-16;2025-01-17;2025-01-20;2025-01-21;2025-01-22;2025-01-23;2025-01-24;2025-01-27;2025-01-28;2025-01-29;2025-01-30;2025-01-31;2025-02-03;2025-02-04;2025-02-05;2025-02-06;2025-02-07,20,10353.556203809523,2025-02-03;2025-02-04,2025-02-03;2025-02-04;2025-02-05;2025-02-06;2025-01-28,,2025-02-09,9600.0,10800.0,10800.0,19.581096585648147,23.89490092430028,42.014716111111085,73.55151390233695,96064.23949693887,12.594987500000116,17028.435152976184,61959.03987328147,26.597319333333576,61985.637192614806,61959.03987328148,61959.039811322444,44980.99349533748,1523.1226159387145,lexicographic,6.195903981132245e-05,4.49809934503565e-05,False,0.11978129999988596,0.0,1,0
2025-02-11,False,2,1.0,5,1.0,0,calibrated_quantile,2025-01-14;2025-01-15;2025-01-16;2025-01-17;2025-01-20;2025-01-21;2025-01-22;2025-01-23;2025-01-24;2025-01-27;2025-01-28;2025-01-29;2025-01-30;2025-01-31;2025-02-03;2025-02-04;2025-02-05;2025-02-06;2025-02-07;2025-02-10,20,9709.09564595238,2025-02-04;2025-02-03,2025-02-04;2025-02-03;2025-02-05;2025-02-10;2025-02-06,,2025-02-10,9600.0,10800.0,10800.0,16.965461631944446,21.6023513775208,24.946985023148127,43.54901033989726,93889.37003603751,0.0,13950.476984285711,60265.28470702215,0.0,60265.28470702215,60265.28470702215,60265.28464675684,44947.97690703913,1504.1986698892315,lexicographic,6.026528464675684e-05,4.494797686209115e-05,False,0.06848610000088229,2.414643075804332e-16,1,0
2025-02-12,False,2,1.0,5,1.0,0,calibrated_quantile,2025-01-15;2025-01-16;2025-01-17;2025-01-20;2025-01-21;2025-01-22;2025-01-23;2025-01-24;2025-01-27;2025-01-28;2025-01-29;2025-01-30;2025-01-31;2025-02-03;2025-02-04;2025-02-05;2025-02-06;2025-02-07;2025-02-10;2025-02-11,20,9683.356429880952,2025-02-11;2025-02-05,2025-02-11;2025-02-05;2025-02-04;2025-02-06;2025-02-03,,2025-02-11,9600.0,10800.0,10800.0,16.25061603009259,20.208194341492668,25.76828694444443,48.47180251444185,93674.92846091003,0.0,13689.896358214282,60183.2629672557,0.0,60183.2629672557,60183.26296725571,60183.26290707245,44947.97739234719,1477.253944889259,lexicographic,6.018326290707245e-05,4.494797734739921e-05,False,0.07161660000201664,1.2089669557162528e-16,1,0
2025-02-13,False,2,1.0,5,1.0,0,calibrated_quantile,2025-01-16;2025-01-17;2025-01-20;2025-01-21;2025-01-22;2025-01-23;2025-01-24;2025-01-27;2025-01-28;2025-01-29;2025-01-30;2025-01-31;2025-02-03;2025-02-04;2025-02-05;2025-02-06;2025-02-07;2025-02-10;2025-02-11;2025-02-12,20,8366.253574880953,2025-02-12;2025-02-11,2025-02-12;2025-02-11;2025-02-06;2025-02-05;2025-02-07,,2025-02-12,9600.0,10800.0,10800.0,18.52984606481482,24.721376122341024,41.90849990740739,74.62805530215476,90464.72154785112,39.16367499999925,14497.609196547619,57831.646320858985,84.28225132083173,57915.928572179815,57831.646320858985,57831.64626302731,44552.64519706686,1478.068755366396,lexicographic,5.7831646263027314e-05,4.455264515251421e-05,False,0.06907409999985248,0.0,1,0
2025-02-14,False,2,1.0,5,1.0,0,calibrated_quantile,2025-01-17;2025-01-20;2025-01-21;2025-01-22;2025-01-23;2025-01-24;2025-01-27;2025-01-28;2025-01-29;2025-01-30;2025-01-31;2025-02-03;2025-02-04;2025-02-05;2025-02-06;2025-02-07;2025-02-10;2025-02-11;2025-02-12;2025-02-13,20,7049.644542023809,2025-02-13;2025-02-12,2025-02-13;2025-02-12;2025-02-11;2025-02-03;2025-02-06,,2025-02-13,9600.0,10800.0,10800.0,315.72521076388887,345.09297486713723,19.683639375,35.655766866129106,87610.1998735954,0.0,53251.5982420238,55531.506024292794,0.0,55531.506024292794,55531.506024292794,55531.50596876125,43409.51402619958,1455.8573046917545,lexicographic,5.5531505968761254e-05,4.340951398279007e-05,False,0.06254020000051241,0.0,1,0
2025-02-15,False,2,1.0,5,1.0,0,calibrated_quantile,2025-01-18;2025-01-19;2025-01-25;2025-01-26;2025-02-01;2025-02-02;2025-02-08;2025-02-09,8,25163.471458928565,2025-02-08;2025-02-09,2025-02-08;2025-02-09;2025-02-02;2025-02-01;2025-01-25,,2025-02-14,9600.0,10800.0,10800.0,156.89439785879625,173.9547126446373,28.460232847222212,47.65472216341298,85700.43862655101,0.0,51804.46064726189,53697.97646038316,0.0,53697.97646038316,53697.97646038316,53697.976406685164,43972.396060596264,1485.6933782936164,lexicographic,5.3697976406685164e-05,4.397239601662387e-05,False,0.11267620000216994,2.709955980120547e-16,1,0
2025-02-16,False,2,1.0,5,1.0,0,calibrated_quantile,2025-01-19;2025-01-25;2025-01-26;2025-02-01;2025-02-02;2025-02-08;2025-02-09;2025-02-15,8,25147.940633928567,2025-02-09;2025-02-02,2025-02-09;2025-02-02;2025-02-15;2025-02-08;2025-01-26,,2025-02-15,9600.0,10800.0,10800.0,18.55325584490741,22.36950567521441,25.99778831018518,44.484329894220664,108657.07777505512,0.0,28403.034268928568,72051.74233543241,0.0,72051.74233543241,72051.74233543241,72051.74226338067,46456.6451320478,1603.6931526586134,lexicographic,7.205174226338067e-05,4.64566451320478e-05,False,0.06274090000079013,0.0,1,0
2025-02-17,False,2,1.0,5,1.0,0,calibrated_quantile,2025-01-20;2025-01-21;2025-01-22;2025-01-23;2025-01-24;2025-01-27;2025-01-28;2025-01-29;2025-01-30;2025-01-31;2025-02-03;2025-02-04;2025-02-05;2025-02-06;2025-02-07;2025-02-10;2025-02-11;2025-02-12;2025-02-13;2025-02-14,20,7049.644542023809,2025-02-10;2025-02-11,2025-02-10;2025-02-11;2025-02-03;2025-02-04;2025-02-12,,2025-02-16,9600.0,10800.0,10800.0,18.696395370370364,23.338484838724582,37.545249837962956,61.49131479135392,88729.43052847908,24.592124166666622,12902.033452857142,56278.742578998164,89.26980387083303,56368.012382869,56278.742578998164,56278.74252271942,44470.04273658259,1456.415991079334,lexicographic,5.627874252271942e-05,4.447004269211254e-05,False,0.10504320000109146,0.0,1,0
2025-02-18,False,2,1.0,5,1.0,0,calibrated_quantile,2025-01-21;2025-01-22;2025-01-23;2025-01-24;2025-01-27;2025-01-28;2025-01-29;2025-01-30;2025-01-31;2025-02-03;2025-02-04;2025-02-05;2025-02-06;2025-02-07;2025-02-10;2025-02-11;2025-02-12;2025-02-13;2025-02-14;2025-02-17,20,4676.225110714284,2025-02-11;2025-02-17,2025-02-11;2025-02-17;2025-02-12;2025-02-14;2025-02-13,,2025-02-17,9600.0,10800.0,10800.0,18.560962731481474,24.191339914485965,14.673649583333315,27.904465195481336,82659.88869692665,200.43217428571506,6356.906374999995,51627.2233731613,752.1797469238725,52379.403120085175,51627.2233731613,51627.22332153407,42030.35973847934,1441.46523293389,lexicographic,5.162722332153407e-05,4.2030359696448986e-05,False,0.1735560000015539,0.0,1,0
2025-02-19,False,2,1.0,5,1.0,0,calibrated_quantile,2025-01-22;2025-01-23;2025-01-24;2025-01-27;2025-01-28;2025-01-29;2025-01-30;2025-01-31;2025-02-03;2025-02-04;2025-02-05;2025-02-06;2025-02-07;2025-02-10;2025-02-11;2025-02-12;2025-02-13;2025-02-14;2025-02-17;2025-02-18,20,3748.78412392857,2025-02-12;2025-02-13,2025-02-12;2025-02-13;2025-02-11;2025-02-18;2025-02-14,,2025-02-18,9600.0,10800.0,10800.0,18.737174305555545,25.283215916680412,17.338027430555545,32.44342100615921,81982.07088102089,627.2010953571423,5311.861032619043,51039.02977174529,2047.964310909882,53086.994082655176,51039.02977174529,51039.02972070622,42088.05918089706,1432.5787495793018,lexicographic,5.103902972070622e-05,4.2088059138809004e-05,False,0.11439220000102068,1.4255673851949454e-16,1,0
2025-02-20,False,2,1.0,5,1.0,0,calibrated_quantile,2025-01-23;2025-01-24;2025-01-27;2025-01-28;2025-01-29;2025-01-30;2025-01-31;2025-02-03;2025-02-04;2025-02-05;2025-02-06;2025-02-07;2025-02-10;2025-02-11;2025-02-12;2025-02-13;2025-02-14;2025-02-17;2025-02-18;2025-02-19,20,3592.634412380955,2025-02-13;2025-02-19,2025-02-13;2025-02-19;2025-02-14;2025-02-12;2025-02-18,,2025-02-19,9600.0,10800.0,10800.0,20.699169907407402,25.97747796204476,20.457527499999983,38.0027084178111,81513.16215296397,364.31467535714347,6477.132717738094,50676.76077212721,1471.1852807137527,52147.94605284096,50676.76077212721,50676.760721450446,41984.47780432598,1452.6434146662307,lexicographic,5.0676760721450446e-05,4.19844777623415e-05,False,0.08990219999759574,0.0,1,0
2025-02-21,False,2,1.0,5,1.0,0,calibrated_quantile,2025-01-24;2025-01-27;2025-01-28;2025-01-29;2025-01-30;2025-01-31;2025-02-03;2025-02-04;2025-02-05;2025-02-06;2025-02-07;2025-02-10;2025-02-11;2025-02-12;2025-02-13;2025-02-14;2025-02-17;2025-02-18;2025-02-19;2025-02-20,20,2493.9504169047627,2025-02-14;2025-02-20,2025-02-14;2025-02-20;2025-02-13;2025-02-19;2025-02-12,,2025-02-20,9600.0,10800.0,10800.0,157.81281568287034,175.0686643294726,14.304108634259242,24.873840751211052,56802.48676755307,0.0,27172.96635190476,32422.37987111649,0.0,32422.37987111649,32422.379871116485,32422.37983869411,38765.040378895384,1346.0628058273367,lexicographic,3.242237983869411e-05,3.876504034013035e-05,False,0.10513149999678717,0.0,1,0
2025-02-22,False,2,1.0,5,1.0,0,calibrated_quantile,2025-01-25;2025-01-26;2025-02-01;2025-02-02;2025-02-08;2025-02-09;2025-02-15;2025-02-16,8,20113.725414404762,2025-02-15;2025-02-08,2025-02-15;2025-02-08;2025-02-16;2025-02-09;2025-02-02,,2025-02-21,9600.0,10800.0,10800.0,17.964430671296288,22.517754085249447,23.699062476851836,38.83401588907295,55636.379348898714,0.0,23732.45912773809,31298.034009913066,0.0,31298.034009913066,31298.034009913063,31298.03397861503,38668.814639302145,1422.0652857125406,lexicographic,3.129803397861503e-05,3.8668814600633336e-05,False,0.12079589999848395,0.0,1,0
2025-02-23,False,2,1.0,5,1.0,0,calibrated_quantile,2025-01-26;2025-02-01;2025-02-02;2025-02-08;2025-02-09;2025-02-15;2025-02-16;2025-02-22,8,20113.725414404762,2025-02-16;2025-02-09,2025-02-16;2025-02-09;2025-02-02;2025-02-22;2025-02-15,,2025-02-22,9600.0,10800.0,10800.0,18.85138015046296,23.731476043846207,33.52972310185183,55.51627971060964,101088.68641431589,0.0,24823.567952738093,66141.22526472063,0.0,66141.22526472063,66141.22526472063,66141.22519857941,45090.57499275003,1501.395404861547,lexicographic,6.614122519857942e-05,4.509057494765945e-05,False,0.10771530000056373,0.0,1,0
2025-02-24,False,2,1.0,5,1.0,0,calibrated_quantile,2025-01-27;2025-01-28;2025-01-29;2025-01-30;2025-01-31;2025-02-03;2025-02-04;2025-02-05;2025-02-06;2025-02-07;2025-02-10;2025-02-11;2025-02-12;2025-02-13;2025-02-14;2025-02-17;2025-02-18;2025-02-19;2025-02-20;2025-02-21,20,2493.9504169047627,2025-02-17;2025-02-18,2025-02-17;2025-02-18;2025-02-11;2025-02-21;2025-02-03,,2025-02-23,9600.0,10800.0,10800.0,18.38165480324073,22.516385591283413,33.71909965277777,55.46162831274541,80471.51010458168,129.26469916666656,7992.869507738093,49818.42212609082,565.4343155374997,50383.856441628326,49818.42212609082,49818.4220762724,41962.19862953645,1435.2713527905798,lexicographic,4.98184220762724e-05,4.196219858757426e-05,False,0.10241710000263993,0.0,1,0
2025-02-25,False,2,1.0,5,1.0,0,calibrated_quantile,2025-01-28;2025-01-29;2025-01-30;2025-01-31;2025-02-03;2025-02-04;2025-02-05;2025-02-06;2025-02-07;2025-02-10;2025-02-11;2025-02-12;2025-02-13;2025-02-14;2025-02-17;2025-02-18;2025-02-19;2025-02-20;2025-02-21;2025-02-24,20,1631.8510111904761,2025-02-18;2025-02-24,2025-02-18;2025-02-24;2025-02-19;2025-02-11;2025-02-17,,2025-02-24,9600.0,10800.0,10800.0,19.015755150462965,23.643030857855493,41.28536527777776,67.77753658681513,77696.92625908279,277.1962564285715,7737.75407595238,47903.676496303284,1032.5159592492282,48936.19245555251,47903.676496303284,47903.67644839961,42059.114859307534,1431.807489353319,lexicographic,4.790367644839961e-05,4.2059114817248426e-05,False,0.0894445000012638,0.0,1,0
2025-02-26,False,2,1.0,5,1.0,0,calibrated_quantile,2025-01-29;2025-01-30;2025-01-31;2025-02-03;2025-02-04;2025-02-05;2025-02-06;2025-02-07;2025-02-10;2025-02-11;2025-02-12;2025-02-13;2025-02-14;2025-02-17;2025-02-18;2025-02-19;2025-02-20;2025-02-21;2025-02-24;2025-02-25,20,1408.9863717857133,2025-02-25;2025-02-20,2025-02-25;2025-02-20;2025-02-19;2025-02-18;2025-02-21,,2025-02-25,9600.0,10800.0,10800.0,20.629487789351842,27.010189751704782,18.858341412037028,33.61268064777326,76086.77932720527,1038.1050833333336,3960.8937534523775,46797.970184783655,3630.5258532858365,50428.49603806949,46797.970184783655,46797.97013798567,41431.306047330174,1427.3797811788781,lexicographic,4.679797013798567e-05,4.1431306005898874e-05,False,0.1314109000013559,0.0,1,0
2025-02-27,False,2,1.0,5,1.0,0,calibrated_quantile,2025-01-30;2025-01-31;2025-02-03;2025-02-04;2025-02-05;2025-02-06;2025-02-07;2025-02-10;2025-02-11;2025-02-12;2025-02-13;2025-02-14;2025-02-17;2025-02-18;2025-02-19;2025-02-20;2025-02-21;2025-02-24;2025-02-25;2025-02-26,20,1505.7328864285719,2025-02-20;2025-02-21,2025-02-20;2025-02-21;2025-02-19;2025-02-26;2025-02-13,,2025-02-26,9600.0,10800.0,10800.0,154.3334449074074,172.60171806570955,26.92398576388888,49.61896771449721,53704.727760083144,17369.74677690476,58.92083333333403,30487.923440161925,77747.46157907869,108235.38501924061,30487.923440161925,30487.923409674,38667.02527165676,1353.1713229431534,lexicographic,3.0487923409674003e-05,3.8667025232989764e-05,False,0.11300740000297083,0.0,1,0
2025-02-28,False,2,1.0,5,1.0,0,calibrated_quantile,2025-01-31;2025-02-03;2025-02-04;2025-02-05;2025-02-06;2025-02-07;2025-02-10;2025-02-11;2025-02-12;2025-02-13;2025-02-14;2025-02-17;2025-02-18;2025-02-19;2025-02-20;2025-02-21;2025-02-24;2025-02-25;2025-02-26;2025-02-27,20,2490.6707266666663,2025-02-21;2025-02-27,2025-02-21;2025-02-27;2025-02-14;2025-02-20;2025-02-26,,2025-02-27,9600.0,10800.0,10800.0,158.64390648148148,175.3945287926772,20.86072835648147,39.5754025790332,54286.3950690248,0.0,26936.124609999995,30896.609549118177,0.0,30896.609549118177,30896.609549118177,30896.609518221565,38654.711607025754,1345.9852146661406,lexicographic,3.089660951822157e-05,3.865471156837105e-05,False,0.12471860000005108,1.1774686167251396e-16,1,0
2025-03-01,False,2,1.0,7,0.8,0,calibrated_quantile,2025-02-01;2025-02-02;2025-02-08;2025-02-09;2025-02-15;2025-02-16;2025-02-22;2025-02-23,8,13951.723958333332,2025-02-22;2025-02-15,2025-02-22;2025-02-15;2025-02-08;2025-02-23;2025-02-16;2025-02-09;2025-02-02,,2025-02-28,9600.0,10800.0,10800.0,32.844930034722225,40.8281665331318,19.41987920178301,38.06290726439933,45447.167416364886,0.0,17988.22171482882,25413.349795101953,0.0,25413.349795101953,25413.349795101953,25413.349769688604,36201.71252866818,1433.260551646108,lexicographic,2.5413349769688607e-05,3.620171249246647e-05,False,0.13637170000220067,0.0,1,0
2025-03-02,False,2,1.0,7,0.8,0,calibrated_quantile,2025-02-02;2025-02-08;2025-02-09;2025-02-15;2025-02-16;2025-02-22;2025-02-23;2025-03-01,8,13951.723958333332,2025-02-23;2025-02-16,2025-02-23;2025-02-16;2025-02-09;2025-02-22;2025-03-01;2025-02-15;2025-02-02,,2025-03-01,9600.0,10800.0,10800.0,31.52936140046296,39.18936813960047,36.55450011696602,73.35219113898324,91264.7073688088,1259.5794284148305,15605.980914002004,58812.50083974698,4843.805036917611,63656.30587666459,58812.50083974699,58812.50078093448,43439.98872612893,1464.286710802318,lexicographic,5.881250078093449e-05,4.3439988682688936e-05,False,0.06460050000168849,1.9492686385175268e-07,1,0
2025-03-03,False,2,1.0,7,0.8,0,calibrated_quantile,2025-02-03;2025-02-04;2025-02-05;2025-02-06;2025-02-07;2025-02-10;2025-02-11;2025-02-12;2025-02-13;2025-02-14;2025-02-17;2025-02-18;2025-02-19;2025-02-20;2025-02-21;2025-02-24;2025-02-25;2025-02-26;2025-02-27;2025-02-28,20,2490.6707266666663,2025-02-17;2025-02-18,2025-02-17;2025-02-18;2025-02-25;2025-02-24;2025-02-10;2025-02-03;2025-02-11,,2025-03-02,9600.0,10800.0,10800.0,32.82395943287036,40.37706797853211,51.18600133442529,90.37630098602473,74955.43306020318,4757.710895322546,3420.7209740876037,45915.16715469559,19323.67612684505,65238.84328154064,45915.16715469559,45915.16710878042,40727.63257931416,1434.7642064793263,lexicographic,4.591516710878042e-05,4.072763253858654e-05,False,0.1133202999990317,0.0,1,0
2025-03-04,False,2,1.0,7,0.8,0,calibrated_quantile,2025-02-04;2025-02-05;2025-02-06;2025-02-07;2025-02-10;2025-02-11;2025-02-12;2025-02-13;2025-02-14;2025-02-17;2025-02-18;2025-02-19;2025-02-20;2025-02-21;2025-02-24;2025-02-25;2025-02-26;2025-02-27;2025-02-28;2025-03-03,20,2078.178810095546,2025-03-03;2025-02-18,2025-03-03;2025-02-18;2025-02-25;2025-02-17;2025-02-24;2025-02-19;2025-02-11,,2025-03-03,9600.0,10800.0,10800.0,20.334939814814813,25.67308465555148,16.94274675931935,33.275238148081655,77578.36549023495,572.5092265651467,4508.894937417733,47784.79738010258,1773.1884968311308,49557.98587693371,47784.79738010258,47784.79733231779,42320.866007098666,1421.2588626131992,lexicographic,4.778479733231779e-05,4.2320865964777806e-05,False,0.09007340000243858,0.0,1,0
2025-03-05,False,2,1.0,7,0.8,0,calibrated_quantile,2025-02-05;2025-02-06;2025-02-07;2025-02-10;2025-02-11;2025-02-12;2025-02-13;2025-02-14;2025-02-17;2025-02-18;2025-02-19;2025-02-20;2025-02-21;2025-02-24;2025-02-25;2025-02-26;2025-02-27;2025-02-28;2025-03-03;2025-03-04,20,2008.736685444376,2025-03-04;2025-02-25,2025-03-04;2025-02-25;2025-02-19;2025-02-18;2025-02-20;2025-02-26;2025-02-27,,2025-03-04,9600.0,10800.0,10800.0,19.801541435185175,24.51808038032922,22.19352521466629,38.40009014057152,75105.78852805364,946.0862290058774,5552.853289221632,45909.242629271175,3915.3408511759835,49824.58348044716,45909.242629271175,45909.242583361935,41616.18161378904,1445.6550395912855,lexicographic,4.590924258336194e-05,4.1616181572172875e-05,False,0.12410500000260072,0.0,1,0
2025-03-06,False,2,1.0,7,0.8,0,calibrated_quantile,2025-02-06;2025-02-07;2025-02-10;2025-02-11;2025-02-12;2025-02-13;2025-02-14;2025-02-17;2025-02-18;2025-02-19;2025-02-20;2025-02-21;2025-02-24;2025-02-25;2025-02-26;2025-02-27;2025-02-28;2025-03-03;2025-03-04;2025-03-05,20,2011.794159423749,2025-03-05;2025-02-20,2025-03-05;2025-02-20;2025-02-28;2025-02-26;2025-03-04;2025-02-27;2025-02-14,,2025-03-05,9600.0,10800.0,10800.0,24.693908449074083,31.420374124041235,13.885882390481804,25.27673688424184,74797.04527928491,624.4487755256134,5102.5156261644315,45659.68306956311,2763.6943099899854,48423.377379553094,45659.6830695631,45659.68302390341,41709.299865874316,1417.586428800593,lexicographic,4.565968302390341e-05,4.170929982416503e-05,False,0.13281089999873075,0.0,1,0
2025-03-07,False,2,1.0,7,0.8,0,calibrated_quantile,2025-02-07;2025-02-10;2025-02-11;2025-02-12;2025-02-13;2025-02-14;2025-02-17;2025-02-18;2025-02-19;2025-02-20;2025-02-21;2025-02-24;2025-02-25;2025-02-26;2025-02-27;2025-02-28;2025-03-03;2025-03-04;2025-03-05;2025-03-06,20,1758.0798577510586,2025-03-06;2025-02-28,2025-03-06;2025-02-28;2025-02-21;2025-02-14;2025-03-05;2025-02-27;2025-02-20,,2025-03-06,9600.0,10800.0,10800.0,172.56244305555555,188.47708018303197,14.174934078467903,27.28048350232057,50261.85603182603,0.0,25445.71258498847,28574.77609234681,0.0,28574.77609234681,28574.77609234681,28574.77606377203,37094.12012338243,1357.2079642587487,lexicographic,2.8574776063772034e-05,3.709412008628831e-05,False,0.11523289999968256,0.0,1,0
2025-03-08,False,2,1.0,7,0.8,0,calibrated_quantile,2025-02-08;2025-02-09;2025-02-15;2025-02-16;2025-02-22;2025-02-23;2025-03-01;2025-03-02,8,4970.970269628811,2025-03-02;2025-02-22,2025-03-02;2025-02-22;2025-03-01;2025-02-15;2025-02-23;2025-02-16;2025-02-08,,2025-03-07,9600.0,10800.0,10800.0,169.62929230324073,186.53487456839503,42.45485893114736,68.55875617076673,58632.13012441668,0.0,35510.818238217624,33227.220952652664,0.0,33227.220952652664,33227.22095265267,33227.22091942544,38659.43152028233,1440.7432440372213,lexicographic,3.322722091942544e-05,3.865943148162291e-05,False,0.09139980000327341,0.0,1,0
2025-03-09,False,2,1.0,7,0.8,0,calibrated_quantile,2025-02-09;2025-02-15;2025-02-16;2025-02-22;2025-02-23;2025-03-01;2025-03-02;2025-03-08,8,4970.970269628811,2025-03-02;2025-02-23,2025-03-02;2025-02-23;2025-03-08;2025-02-16;2025-02-09;2025-03-01;2025-02-22,,2025-03-08,9600.0,10800.0,10800.0,22.875450752314805,28.72697405870411,24.334744760560305,50.70977352031225,77912.5383367693,111.19544383511634,10226.01589281332,47906.47623439807,507.32806864700456,48413.80430304507,47906.47623439808,47906.4761864916,42527.31071790481,1442.355822696738,lexicographic,4.7906476186491604e-05,4.252731067537751e-05,False,0.14217890000145417,0.0,1,0
2025-03-10,False,2,1.0,7,0.8,0,calibrated_quantile,2025-02-10;2025-02-11;2025-02-12;2025-02-13;2025-02-14;2025-02-17;2025-02-18;2025-02-19;2025-02-20;2025-02-21;2025-02-24;2025-02-25;2025-02-26;2025-02-27;2025-02-28;2025-03-03;2025-03-04;2025-03-05;2025-03-06;2025-03-07,20,1758.0798577510586,2025-02-25;2025-03-03,2025-02-25;2025-03-03;2025-02-24;2025-03-04;2025-02-18;2025-03-07;2025-02-28,,2025-03-09,9600.0,10800.0,10800.0,23.19132390046295,29.92749564885704,25.598863594734983,45.60334978985669,75827.30939263685,1521.6239870050586,4870.614100323859,46509.7093901552,4015.0192976936605,50524.72868784886,46509.7093901552,46509.709343645496,42261.09774245083,1436.002579445067,lexicographic,4.65097093436455e-05,4.2261097700189736e-05,False,0.09104669999942416,0.0,1,0
2025-03-11,False,2,1.0,7,0.8,0,calibrated_quantile,2025-02-11;2025-02-12;2025-02-13;2025-02-14;2025-02-17;2025-02-18;2025-02-19;2025-02-20;2025-02-21;2025-02-24;2025-02-25;2025-02-26;2025-02-27;2025-02-28;2025-03-03;2025-03-04;2025-03-05;2025-03-06;2025-03-07;2025-03-10,20,2110.4191777303104,2025-03-04;2025-03-05,2025-03-04;2025-03-05;2025-03-03;2025-02-25;2025-02-18;2025-03-06;2025-03-10,,2025-03-10,9600.0,10800.0,10800.0,19.19040283564814,23.630470215510258,27.568853568581588,54.77430933923507,74325.1076324507,403.6238768831124,6505.824315726777,45167.62278625682,1673.4370429890582,46841.059829245874,45167.62278625682,45167.62274108919,40810.62627594074,1436.38892609276,lexicographic,4.516762274108919e-05,4.0810626235130115e-05,False,0.1196325999990222,0.0,1,0
2025-03-12,False,2,1.0,7,0.8,0,calibrated_quantile,2025-02-12;2025-02-13;2025-02-14;2025-02-17;2025-02-18;2025-02-19;2025-02-20;2025-02-21;2025-02-24;2025-02-25;2025-02-26;2025-02-27;2025-02-28;2025-03-03;2025-03-04;2025-03-05;2025-03-06;2025-03-07;2025-03-10;2025-03-11,20,2209.1100435964463,2025-03-06;2025-03-05,2025-03-06;2025-03-05;2025-03-11;2025-02-26;2025-03-04;2025-03-07;2025-02-25,,2025-03-11,9600.0,10800.0,10800.0,16.846851331018513,21.933579875600113,24.14427708488596,41.34331227594203,72144.83148964509,359.0572347233111,5804.651441817375,43855.24478070714,1055.0415801392905,44910.286360846425,43855.24478070714,43855.244736851884,40617.37739254755,1427.9797930289428,lexicographic,4.3855244736851884e-05,4.061737735193019e-05,False,0.13877060000231722,0.0,1,0
2025-03-13,False,2,1.0,7,0.8,0,calibrated_quantile,2025-02-13;2025-02-14;2025-02-17;2025-02-18;2025-02-19;2025-02-20;2025-02-21;2025-02-24;2025-02-25;2025-02-26;2025-02-27;2025-02-28;2025-03-03;2025-03-04;2025-03-05;2025-03-06;2025-03-07;2025-03-10;2025-03-11;2025-03-12,20,2256.1349393104447,2025-03-06;2025-03-12,2025-03-06;2025-03-12;2025-03-07;2025-03-05;2025-02-26;2025-02-28;2025-02-27,,2025-03-12,9600.0,10800.0,10800.0,17.88516464120371,23.670090261119732,40.743662679191175,78.29247432807658,70704.86505914808,4367.855868156088,3296.19467310234,42932.38809536099,16351.262119454852,59283.65021481585,42932.38809536099,42932.388052428614,40304.96794704557,1445.7951834714304,lexicographic,4.293238805242862e-05,4.0304967906740616e-05,False,0.12988810000024387,0.0,1,0
2025-03-14,False,2,1.0,7,0.8,0,calibrated_quantile,2025-02-14;2025-02-17;2025-02-18;2025-02-19;2025-02-20;2025-02-21;2025-02-24;2025-02-25;2025-02-26;2025-02-27;2025-02-28;2025-03-03;2025-03-04;2025-03-05;2025-03-06;2025-03-07;2025-03-10;2025-03-11;2025-03-12;2025-03-13,20,2861.1360917847505,2025-03-07;2025-03-06,2025-03-07;2025-03-06;2025-03-13;2025-03-05;2025-03-12;2025-03-11;2025-02-28,,2025-03-13,9600.0,10800.0,10800.0,156.72299340277777,171.39028568365978,27.53148881557967,54.759598757347014,48405.53003698341,0.0,28792.2441932914,27685.443711983688,0.0,27685.443711983688,27685.443711983688,27685.443684298243,34140.980774995754,1345.9510581077675,lexicographic,2.7685443684298245e-05,3.4140980740854775e-05,False,0.11979240000073332,0.0,1,0
2025-03-15,False,2,1.0,7,0.8,0,calibrated_quantile,2025-02-15;2025-02-16;2025-02-22;2025-02-23;2025-03-01;2025-03-02;2025-03-08;2025-03-09,8,748.5427711402288,2025-03-08;2025-03-01,2025-03-08;2025-03-01;2025-02-22;2025-03-09;2025-03-02;2025-02-15;2025-02-23,,2025-03-14,9600.0,10800.0,10800.0,17.596778125,22.574527830769902,30.895999613986888,55.073045192263095,32409.48460427864,1674.1042068120162,9106.130332669094,16690.50940861985,4912.831426929819,21603.340835549672,16690.509408619855,16690.509391929347,38613.33328654234,1379.7983464297376,lexicographic,1.6690509391929348e-05,3.861333324792901e-05,False,0.12129579999964335,2.179669129122475e-16,1,0
2025-03-16,False,2,1.0,7,0.8,0,calibrated_quantile,2025-02-16;2025-02-22;2025-02-23;2025-03-01;2025-03-02;2025-03-08;2025-03-09;2025-03-15,8,2148.1055909666266,2025-03-09;2025-03-02,2025-03-09;2025-03-02;2025-02-23;2025-02-16;2025-03-08;2025-02-09;2025-03-15,,2025-03-15,9600.0,10800.0,10800.0,16.50414438657408,21.615296207918302,31.73462085832462,67.61317470353153,71922.9349924278,1277.4020224003464,5667.199967053641,43554.702422047296,5064.650721718077,48619.35314376537,43554.702422047296,43554.7023784926,39839.91109020286,1431.9432763885197,lexicographic,4.3554702378492604e-05,3.9839911050362954e-05,False,0.11027619999731542,0.0,1,0
2025-03-17,False,2,1.0,7,0.8,0,calibrated_quantile,2025-02-17;2025-02-18;2025-02-19;2025-02-20;2025-02-21;2025-02-24;2025-02-25;2025-02-26;2025-02-27;2025-02-28;2025-03-03;2025-03-04;2025-03-05;2025-03-06;2025-03-07;2025-03-10;2025-03-11;2025-03-12;2025-03-13;2025-03-14,20,2861.1360917847505,2025-03-10;2025-03-11,2025-03-10;2025-03-11;2025-02-25;2025-03-03;2025-03-12;2025-03-04;2025-02-24,,2025-03-16,9600.0,10800.0,10800.0,20.034028993055554,25.032196494767692,48.51891049892467,80.3220677590487,71921.24905739365,235.73530423418032,10110.820602161173,43559.3765045809,1046.1805075753227,44605.55701215622,43559.37650458089,43559.37646102151,39896.518475270175,1436.5762931520057,lexicographic,4.355937646102151e-05,3.989651843537367e-05,False,0.1453774000001431,0.0,1,0
2025-03-18,False,2,1.0,7,0.8,0,calibrated_quantile,2025-02-18;2025-02-19;2025-02-20;2025-02-21;2025-02-24;2025-02-25;2025-02-26;2025-02-27;2025-02-28;2025-03-03;2025-03-04;2025-03-05;2025-03-06;2025-03-07;2025-03-10;2025-03-11;2025-03-12;2025-03-13;2025-03-14;2025-03-17,20,2858.2178929901947,2025-03-17;2025-03-10,2025-03-17;2025-03-10;2025-03-12;2025-03-13;2025-02-26;2025-02-25;2025-03-11,,2025-03-17,9600.0,10800.0,10800.0,17.3440329861111,21.669999988325923,23.038470866885987,42.802062170460424,68959.89672377917,1565.0774540106245,5306.169709517172,41527.287925599565,7638.675693616357,49165.96361921592,41527.287925599565,41527.287884072284,38989.74444161456,1437.1990538195855,lexicographic,4.1527287884072284e-05,3.8989744402624824e-05,False,0.11274269999921671,1.7520907299544851e-16,1,0
2025-03-19,False,2,1.0,7,0.8,0,calibrated_quantile,2025-02-19;2025-02-20;2025-02-21;2025-02-24;2025-02-25;2025-02-26;2025-02-27;2025-02-28;2025-03-03;2025-03-04;2025-03-05;2025-03-06;2025-03-07;2025-03-10;2025-03-11;2025-03-12;2025-03-13;2025-03-14;2025-03-17;2025-03-18,20,3022.411769504358,2025-03-12;2025-03-13,2025-03-12;2025-03-13;2025-03-05;2025-03-06;2025-03-18;2025-02-26;2025-03-11,,2025-03-18,9600.0,10800.0,10800.0,18.39480978009259,22.9502850210898,26.56026174231131,47.162216332986304,70793.19439284652,197.53627579196194,7359.819709259564,42948.72044616887,756.2398816766473,43704.96032784552,42948.72044616887,42948.72040322013,39681.30169460978,1434.5594879951877,lexicographic,4.2948720403220133e-05,3.968130165492848e-05,False,0.10933790000126464,3.388206934164167e-16,1,0
2025-03-20,False,2,1.0,7,0.8,0,calibrated_quantile,2025-02-20;2025-02-21;2025-02-24;2025-02-25;2025-02-26;2025-02-27;2025-02-28;2025-03-03;2025-03-04;2025-03-05;2025-03-06;2025-03-07;2025-03-10;2025-03-11;2025-03-12;2025-03-13;2025-03-14;2025-03-17;2025-03-18;2025-03-19,20,2860.9574544629754,2025-03-13;2025-03-19,2025-03-13;2025-03-19;2025-03-06;2025-03-12;2025-03-18;2025-03-07;2025-02-26,,2025-03-19,9600.0,10800.0,10800.0,18.888384201388888,23.792995841267544,16.505342708492137,29.96830250945186,68840.3993691344,895.609832443286,3378.0159274318726,41681.730064528485,3117.4853512853388,44799.21541581382,41681.730064528485,41681.73002284676,39524.983884406494,1427.984446993138,lexicographic,4.168173002284676e-05,3.952498384488153e-05,False,0.11537079999834532,0.0,1,0
2025-03-21,False,2,1.0,7,0.8,0,calibrated_quantile,2025-02-21;2025-02-24;2025-02-25;2025-02-26;2025-02-27;2025-02-28;2025-03-03;2025-03-04;2025-03-05;2025-03-06;2025-03-07;2025-03-10;2025-03-11;2025-03-12;2025-03-13;2025-03-14;2025-03-17;2025-03-18;2025-03-19;2025-03-20,20,2932.6124577000983,2025-03-07;2025-03-13,2025-03-07;2025-03-13;2025-03-20;2025-03-14;2025-03-06;2025-02-28;2025-03-19,,2025-03-20,9600.0,10800.0,10800.0,155.314493287037,172.4984694768534,34.27964068824667,60.2176779557789,46052.02140182718,0.0,30160.618478144803,26511.061618734926,0.0,26511.061618734926,26511.061618734922,26511.061592223865,36751.9395615707,1351.4637261720522,lexicographic,2.6511061592223865e-05,3.675193952481877e-05,False,0.11392130000240286,0.0,1,0
2025-03-22,False,2,1.0,7,0.8,0,calibrated_quantile,2025-02-22;2025-02-23;2025-03-01;2025-03-02;2025-03-08;2025-03-09;2025-03-15;2025-03-16,8,2523.3262304091827,2025-03-15;2025-03-08,2025-03-15;2025-03-08;2025-03-01;2025-03-09;2025-02-22;2025-03-16;2025-03-02,,2025-03-21,9600.0,10800.0,10800.0,16.264361805555545,19.99365558606291,25.858074772470736,47.09629033016487,32650.640855066973,150.9168511517093,12867.024644519708,16783.08776541625,414.77442231056716,17197.862187726816,16783.08776541625,16783.087748633163,38613.333286009525,1417.7200136610827,lexicographic,1.6783087748633163e-05,3.8613333247396215e-05,False,0.13637849999940954,0.0,1,0
2025-03-23,False,2,1.0,7,0.8,0,calibrated_quantile,2025-02-23;2025-03-01;2025-03-02;2025-03-08;2025-03-09;2025-03-15;2025-03-16;2025-03-22,8,2597.3535052552215,2025-03-09;2025-03-16,2025-03-09;2025-03-16;2025-03-02;2025-02-23;2025-03-15;2025-03-22;2025-02-16,,2025-03-22,9600.0,10800.0,10800.0,16.474060127314814,20.685626832718185,32.47883508535381,63.595499575735666,69544.95173529795,637.534442542239,7221.497927383662,41860.54526424599,2481.4527485694152,44341.998012815406,41860.545264245986,41860.54522238545,39927.34380084011,1437.500819777084,lexicographic,4.186054522238546e-05,3.9927343760912774e-05,False,0.11722139999983483,0.0,1,0
2025-03-24,False,2,1.0,7,0.8,0,calibrated_quantile,2025-02-24;2025-02-25;2025-02-26;2025-02-27;2025-02-28;2025-03-03;2025-03-04;2025-03-05;2025-03-06;2025-03-07;2025-03-10;2025-03-11;2025-03-12;2025-03-13;2025-03-14;2025-03-17;2025-03-18;2025-03-19;2025-03-20;2025-03-21,20,2932.6124577000983,2025-03-17;2025-03-10,2025-03-17;2025-03-10;2025-03-18;2025-03-11;2025-03-21;2025-03-19;2025-03-03,,2025-03-23,9600.0,10800.0,10800.0,18.49546666666667,23.452005316377385,17.330955377787284,31.924000000922973,66560.53489588865,601.3130116843257,5048.730202567869,40172.46552083643,2063.718845371812,42236.18436620824,40172.465520836435,40172.46548066395,39197.17539592575,1437.1990211390557,lexicographic,4.0172465480663957e-05,3.9197175356728586e-05,False,0.10945809999975609,0.0,1,0
2025-03-25,False,2,1.0,7,0.8,0,calibrated_quantile,2025-02-25;2025-02-26;2025-02-27;2025-02-28;2025-03-03;2025-03-04;2025-03-05;2025-03-06;2025-03-07;2025-03-10;2025-03-11;2025-03-12;2025-03-13;2025-03-14;2025-03-17;2025-03-18;2025-03-19;2025-03-20;2025-03-21;2025-03-24,20,3069.2569600321794,2025-03-18;2025-03-24,2025-03-18;2025-03-24;2025-03-17;2025-03-19;2025-03-10;2025-03-12;2025-03-20,,2025-03-24,9600.0,10800.0,10800.0,20.562273958333332,25.0830441490341,24.11208720480461,46.78530008147021,66684.18829644643,2081.644547076068,3671.0915543478964,40136.08858751094,8563.230605415261,48699.319192926196,40136.08858751094,40136.08854737485,39482.9262959968,1458.9631846725035,lexicographic,4.013608854737485e-05,3.948292625651388e-05,False,0.11168220000035944,0.0,1,0
2025-03-26,False,2,1.0,7,0.8,0,calibrated_quantile,2025-02-26;2025-02-27;2025-02-28;2025-03-03;2025-03-04;2025-03-05;2025-03-06;2025-03-07;2025-03-10;2025-03-11;2025-03-12;2025-03-13;2025-03-14;2025-03-17;2025-03-18;2025-03-19;2025-03-20;2025-03-21;2025-03-24;2025-03-25,20,3768.052365370225,2025-03-19;2025-03-12,2025-03-19;2025-03-12;2025-03-13;2025-03-20;2025-03-25;2025-03-18;2025-03-06,,2025-03-25,9600.0,10800.0,10800.0,15.209714583333323,19.407754070657646,42.03178781150583,80.78447695095156,69078.08696707692,261.9222267593183,9629.526521765489,41616.330780763805,892.9785430392004,42509.309323803005,41616.330780763805,41616.330739147474,39228.68067253361,1434.1772657015117,lexicographic,4.161633073914748e-05,3.922868063330493e-05,False,0.1121320000020205,0.0,1,0
2025-03-27,False,2,1.0,7,0.8,0,calibrated_quantile,2025-02-27;2025-02-28;2025-03-03;2025-03-04;2025-03-05;2025-03-06;2025-03-07;2025-03-10;2025-03-11;2025-03-12;2025-03-13;2025-03-14;2025-03-17;2025-03-18;2025-03-19;2025-03-20;2025-03-21;2025-03-24;2025-03-25;2025-03-26,20,3666.0481736344664,2025-03-20;2025-03-13,2025-03-20;2025-03-13;2025-03-26;2025-03-21;2025-03-19;2025-03-12;2025-03-06,,2025-03-26,9600.0,10800.0,10800.0,18.002393576388883,22.321924261315218,18.363040542140897,33.13051618168517,65780.50305443656,970.9508847142797,3944.051199773443,39708.79618018246,3572.1650736767724,43280.96125385923,39708.79618018246,39708.79614047368,38966.5691803847,1446.9772827236957,lexicographic,3.970879614047368e-05,3.896656914141815e-05,False,0.11006450000058976,0.0,1,0
2025-03-28,False,2,1.0,7,0.8,0,calibrated_quantile,2025-02-28;2025-03-03;2025-03-04;2025-03-05;2025-03-06;2025-03-07;2025-03-10;2025-03-11;2025-03-12;2025-03-13;2025-03-14;2025-03-17;2025-03-18;2025-03-19;2025-03-20;2025-03-21;2025-03-24;2025-03-25;2025-03-26;2025-03-27,20,2683.460564477773,2025-03-21;2025-03-27,2025-03-21;2025-03-27;2025-03-20;2025-03-13;2025-02-28;2025-03-07;2025-03-26,,2025-03-27,9600.0,10800.0,10800.0,162.75470850694444,179.51865052472104,15.352900070859087,29.477610293652653,43706.82888068419,6.07416666666586,28837.688947350853,25036.885670435062,12.986568333331608,25049.872238768392,25036.885670435062,25036.88564539818,38613.33333333333,1357.7583083186018,lexicographic,2.503688564539818e-05,3.861333333333333e-05,False,0.17141559999799938,0.0,1,0
2025-03-29,False,2,1.0,7,0.8,0,calibrated_quantile,2025-03-01;2025-03-02;2025-03-08;2025-03-09;2025-03-15;2025-03-16;2025-03-22;2025-03-23,8,2825.9810280153433,2025-03-22;2025-03-15,2025-03-22;2025-03-15;2025-03-08;2025-03-23;2025-03-01;2025-02-22;2025-03-09,,2025-03-28,9600.0,10800.0,10800.0,15.425295428240743,18.800130083648444,53.64351794858083,90.22753428183219,31304.32980546426,361.3805202533472,19905.167813535994,15870.611778604694,1391.1302979428879,17261.742076547584,15870.611778604694,15870.611762734083,38613.33329060732,1431.897864411465,lexicographic,1.5870611762734084e-05,3.8613333251993984e-05,False,0.1927585999983421,0.0,1,0
2025-03-30,False,2,1.0,7,0.8,0,calibrated_quantile,2025-03-02;2025-03-08;2025-03-09;2025-03-15;2025-03-16;2025-03-22;2025-03-23;2025-03-29,8,2567.8953588312997,2025-03-23;2025-03-09,2025-03-23;2025-03-09;2025-03-16;2025-03-29;2025-03-22;2025-03-15;2025-03-02,,2025-03-29,9600.0,10800.0,10800.0,19.078686226851858,23.074271015746383,22.46210759042105,41.44686137510359,62724.60142752404,1373.7982207345544,4698.327910873197,37708.11105276849,6114.549157959302,43822.66021072779,37708.11105276848,37708.11101506037,38623.99046140827,1426.5781998542811,lexicographic,3.770811101506037e-05,3.862399042278428e-05,False,0.1344145999973989,0.0,1,0
2025-03-31,False,2,1.0,7,0.8,0,calibrated_quantile,2025-03-03;2025-03-04;2025-03-05;2025-03-06;2025-03-07;2025-03-10;2025-03-11;2025-03-12;2025-03-13;2025-03-14;2025-03-17;2025-03-18;2025-03-19;2025-03-20;2025-03-21;2025-03-24;2025-03-25;2025-03-26;2025-03-27;2025-03-28,20,2686.125264477773,2025-03-24;2025-03-17,2025-03-24;2025-03-17;2025-03-25;2025-03-10;2025-03-18;2025-03-28;2025-03-26,,2025-03-30,9600.0,10800.0,10800.0,17.665420775462962,21.527365653553403,32.096068528044235,55.242461715966314,64291.86705228216,1589.559687221537,4850.633124756542,38581.95446401788,6692.625226401073,45274.57969041895,38581.95446401787,38581.95442543592,38861.691988731734,1442.4447381916855,lexicographic,3.858195442543592e-05,3.8861691949870055e-05,False,0.1126750000003085,0.0,1,0
2025-04-01,False,2,1.0,10,0.8,0,calibrated_quantile,2025-03-04;2025-03-05;2025-03-06;2025-03-07;2025-03-10;2025-03-11;2025-03-12;2025-03-13;2025-03-14;2025-03-17;2025-03-18;2025-03-19;2025-03-20;2025-03-21;2025-03-24;2025-03-25;2025-03-26;2025-03-27;2025-03-28;2025-03-31,20,2178.398757447868,2025-03-25;2025-03-18,2025-03-25;2025-03-18;2025-03-24;2025-03-31;2025-03-26;2025-03-17;2025-03-19;2025-03-12;2025-03-10;2025-03-27,,2025-03-31,9600.0,10800.0,10800.0,19.382576967592584,24.39084243444331,33.78952836231973,66.97947163198904,64323.9890586905,3094.846213796206,3093.4725428273277,38452.22672000073,9234.181137489837,47686.40785749057,38452.22672000073,38452.22668154849,39215.185765878006,1421.8382546721468,lexicographic,3.8452226681548495e-05,3.921518572666283e-05,False,0.12312309999833815,0.0,1,0
2025-04-02,False,2,1.0,10,0.8,0,calibrated_quantile,2025-03-05;2025-03-06;2025-03-07;2025-03-10;2025-03-11;2025-03-12;2025-03-13;2025-03-14;2025-03-17;2025-03-18;2025-03-19;2025-03-20;2025-03-21;2025-03-24;2025-03-25;2025-03-26;2025-03-27;2025-03-28;2025-03-31;2025-04-01,20,2617.05546290307,2025-03-26;2025-03-19,2025-03-26;2025-03-19;2025-03-12;2025-03-13;2025-04-01;2025-03-20;2025-03-05;2025-03-25;2025-03-06;2025-03-27,,2025-04-01,9600.0,10800.0,10800.0,17.066151504629616,21.632241424918835,33.382638206171464,58.02291121511498,65799.78466431411,2524.6555871091573,3840.696973920782,39083.41903137592,11962.650038419362,51046.06906979528,39083.41903137592,39083.41899229251,38566.411885681504,1427.0173695645863,lexicographic,3.9083418992292506e-05,3.85664118471151e-05,False,0.10797860000093351,0.0,1,0
2025-04-03,False,2,1.0,10,0.8,0,calibrated_quantile,2025-03-06;2025-03-07;2025-03-10;2025-03-11;2025-03-12;2025-03-13;2025-03-14;2025-03-17;2025-03-18;2025-03-19;2025-03-20;2025-03-21;2025-03-24;2025-03-25;2025-03-26;2025-03-27;2025-03-28;2025-03-31;2025-04-01;2025-04-02,20,2960.458450304586,2025-04-02;2025-03-20,2025-04-02;2025-03-20;2025-03-13;2025-03-27;2025-03-26;2025-03-19;2025-03-21;2025-03-06;2025-03-12;2025-03-28,,2025-04-02,9600.0,10800.0,10800.0,18.240927835648144,24.176368450803615,32.72191521255231,61.58911432531086,66012.80224452639,810.5723778626121,6896.154603400427,39473.94687855439,3503.1982196718104,42977.145098226196,39473.94687855439,39473.94683908044,38711.9918510666,1437.1915754831712,lexicographic,3.947394683908044e-05,3.871199181235462e-05,False,0.11686039999767672,0.0,1,0
2025-04-04,False,2,1.0,10,0.8,0,calibrated_quantile,2025-03-07;2025-03-10;2025-03-11;2025-03-12;2025-03-13;2025-03-14;2025-03-17;2025-03-18;2025-03-19;2025-03-20;2025-03-21;2025-03-24;2025-03-25;2025-03-26;2025-03-27;2025-03-28;2025-03-31;2025-04-01;2025-04-02;2025-04-03,20,2992.672172548225,2025-03-28;2025-03-21,2025-03-28;2025-03-21;2025-03-27;2025-03-20;2025-04-03;2025-03-13;2025-03-07;2025-02-28;2025-03-26;2025-03-25,,2025-04-03,9600.0,10800.0,10800.0,17.381484548611112,21.243859343999443,30.93554518101227,60.30251734951855,30640.629824697386,228.00342594660205,20384.497671517893,15354.231711782482,869.7327258332324,16223.964437615714,15354.231711782482,15354.231696428253,38613.33329325383,1290.6031242740464,lexicographic,1.5354231696428254e-05,3.861333325464051e-05,False,0.10039129999859142,0.0,1,0
2025-04-05,False,2,1.0,10,0.8,0,calibrated_quantile,2025-03-08;2025-03-09;2025-03-15;2025-03-16;2025-03-22;2025-03-23;2025-03-29;2025-03-30,8,1829.3936046776807,2025-03-29;2025-03-22,2025-03-29;2025-03-22;2025-03-15;2025-03-08;2025-03-30;2025-03-23;2025-03-01;2025-03-09;2025-02-22;2025-03-16,,2025-04-04,9600.0,10800.0,10800.0,18.842342592592583,23.532260149619994,24.911813750457814,46.07819631787529,30565.31085454679,1643.2519056577398,16111.11444772223,15301.178756608548,6528.022704632187,21829.201461240737,15301.178756608548,15301.17874130737,38613.33329347172,1432.752514975724,lexicographic,1.530117874130737e-05,3.8613333254858406e-05,False,0.1087956999981543,0.0,1,0
2025-04-06,False,2,1.0,10,0.8,0,calibrated_quantile,2025-03-09;2025-03-15;2025-03-16;2025-03-22;2025-03-23;2025-03-29;2025-03-30;2025-04-05,8,3327.525349546372,2025-03-30;2025-03-23,2025-03-30;2025-03-23;2025-03-09;2025-03-16;2025-03-02;2025-04-05;2025-03-29;2025-03-22;2025-03-15;2025-02-23,,2025-04-05,9600.0,10800.0,10800.0,17.06895665509259,21.423353847970258,19.88556019739335,36.76036920680069,64188.51550386539,516.6761413332089,6179.898722546151,38269.03585883569,1982.4502138094008,40251.48607264509,38269.0358588357,38269.035820566634,39202.85340702249,1433.5565340781868,lexicographic,3.8269035820566635e-05,3.920285336781965e-05,False,0.12713889999940875,0.0,1,0
2025-04-07,False,2,1.0,10,0.8,0,calibrated_quantile,2025-03-10;2025-03-11;2025-03-12;2025-03-13;2025-03-14;2025-03-17;2025-03-18;2025-03-19;2025-03-20;2025-03-21;2025-03-24;2025-03-25;2025-03-26;2025-03-27;2025-03-28;2025-03-31;2025-04-01;2025-04-02;2025-04-03;2025-04-04,20,3077.696052767685,2025-03-31;2025-03-24,2025-03-31;2025-03-24;2025-03-17;2025-03-25;2025-04-01;2025-03-10;2025-03-18;2025-04-04;2025-03-28;2025-03-26,,2025-04-06,9600.0,10800.0,10800.0,16.76521018518519,22.18230346168669,33.7957380191833,61.321103839301884,62683.0982264665,977.8157165762418,6374.3864165890645,37257.62546903423,3873.0858437955026,41130.711312829735,37257.62546903423,37257.625431776585,38522.594316041184,1433.383789145199,lexicographic,3.7257625431776585e-05,3.85225942775186e-05,False,0.1401449999975739,0.0,1,0
2025-04-08,False,2,1.0,10,0.8,0,calibrated_quantile,2025-03-11;2025-03-12;2025-03-13;2025-03-14;2025-03-17;2025-03-18;2025-03-19;2025-03-20;2025-03-21;2025-03-24;2025-03-25;2025-03-26;2025-03-27;2025-03-28;2025-03-31;2025-04-01;2025-04-02;2025-04-03;2025-04-04;2025-04-07,20,3110.1750435128292,2025-03-25;2025-03-18,2025-03-25;2025-03-18;2025-04-01;2025-04-07;2025-03-31;2025-03-24;2025-03-26;2025-03-17;2025-03-27;2025-03-19,,2025-04-07,9600.0,10800.0,10800.0,16.528788888888887,20.30159139009534,37.99009758166787,71.14824135741844,63017.365710502956,1228.3545504672252,5918.64780928157,37510.714417370735,5840.277578164483,43350.991995535216,37510.714417370735,37510.71437986003,37856.42469152497,1421.2682256218786,lexicographic,3.7510714379860035e-05,3.7856424653668564e-05,False,0.1324447999977565,0.0,1,0
2025-04-09,False,2,1.0,10,0.8,0,calibrated_quantile,2025-03-12;2025-03-13;2025-03-14;2025-03-17;2025-03-18;2025-03-19;2025-03-20;2025-03-21;2025-03-24;2025-03-25;2025-03-26;2025-03-27;2025-03-28;2025-03-31;2025-04-01;2025-04-02;2025-04-03;2025-04-04;2025-04-07;2025-04-08,20,3379.4603477674855,2025-03-27;2025-04-08,2025-03-27;2025-04-08;2025-03-26;2025-04-01;2025-03-20;2025-03-25;2025-03-19;2025-03-18;2025-04-03;2025-04-02,,2025-04-08,9600.0,10800.0,10800.0,18.16290185185185,22.8494292914482,34.92650295486736,62.67944713536406,63918.1490555225,2633.0144108375493,3352.807011928385,38215.378871428285,9072.805912066942,47288.18478349523,38215.378871428285,38215.378833212904,38715.38022291919,1446.41832272209,lexicographic,3.821537883321291e-05,3.8715380184203825e-05,False,0.13843160000033095,0.0,1,0
2025-04-10,False,2,1.0,10,0.8,0,calibrated_quantile,2025-03-13;2025-03-14;2025-03-17;2025-03-18;2025-03-19;2025-03-20;2025-03-21;2025-03-24;2025-03-25;2025-03-26;2025-03-27;2025-03-28;2025-03-31;2025-04-01;2025-04-02;2025-04-03;2025-04-04;2025-04-07;2025-04-08;2025-04-09,20,3965.5698515760196,2025-04-03;2025-03-27,2025-04-03;2025-03-27;2025-03-20;2025-03-13;2025-03-26;2025-04-02;2025-04-09;2025-04-04;2025-03-21;2025-03-19,,2025-04-09,9600.0,10800.0,10800.0,16.579122453703704,21.20889123908624,32.26812101642767,61.64278486661977,65836.95082879273,503.1203171814812,7791.517989349675,38998.00863474482,2186.4440409052613,41184.452675650085,38998.00863474483,38998.008595746825,38942.77165521281,1452.30166433503,lexicographic,3.899800859574683e-05,3.8942771616270046e-05,False,0.110517199998867,0.0,1,0
2025-04-11,False,2,1.0,10,0.8,0,calibrated_quantile,2025-03-14;2025-03-17;2025-03-18;2025-03-19;2025-03-20;2025-03-21;2025-03-24;2025-03-25;2025-03-26;2025-03-27;2025-03-28;2025-03-31;2025-04-01;2025-04-02;2025-04-03;2025-04-04;2025-04-07;2025-04-08;2025-04-09;2025-04-10,20,3463.013176448645,2025-04-04;2025-03-28,2025-04-04;2025-03-28;2025-03-27;2025-03-21;2025-04-10;2025-03-20;2025-04-09;2025-04-03;2025-03-13;2025-04-08,,2025-04-10,9600.0,10800.0,10800.0,19.51916765046296,23.911265077692573,34.69855815638016,62.508682540442344,29812.94435762016,488.2293504024521,20931.190211930614,14787.844878183038,1895.0235297830338,16682.86840796607,14787.844878183036,14787.844863395196,38613.33329610449,1282.1279316420823,lexicographic,1.4787844863395196e-05,3.861333325749115e-05,False,0.11148030000185827,0.0,1,0
2025-04-12,False,2,1.0,10,0.8,0,calibrated_quantile,2025-03-15;2025-03-16;2025-03-22;2025-03-23;2025-03-29;2025-03-30;2025-04-05;2025-04-06,8,3469.9136998213426,2025-04-05;2025-03-29,2025-04-05;2025-03-29;2025-03-22;2025-03-15;2025-03-08;2025-03-30;2025-04-06;2025-03-23;2025-03-01;2025-02-22,,2025-04-11,9600.0,10800.0,10800.0,17.51737199074074,22.273986751254604,28.201044763294323,45.42175881426202,30311.198975367646,356.51800262998495,17589.22309875329,15124.029628961907,1198.1206217685742,16322.150250730481,15124.029628961904,15124.029613837874,38613.333294380274,1417.5616816419279,lexicographic,1.5124029613837876e-05,3.861333325576695e-05,False,0.12310109999816632,0.0,1,0
2025-04-13,False,2,1.0,10,0.8,0,calibrated_quantile,2025-03-16;2025-03-22;2025-03-23;2025-03-29;2025-03-30;2025-04-05;2025-04-06;2025-04-12,8,3124.7076895545006,2025-04-06;2025-03-30,2025-04-06;2025-03-30;2025-03-23;2025-03-09;2025-03-16;2025-03-02;2025-04-05;2025-03-29;2025-04-12;2025-03-22,,2025-04-12,9600.0,10800.0,10800.0,19.865640509259258,24.18481927874625,21.424263370832495,40.110708800804,62028.42490164902,1019.2454360824747,4924.103658769651,36785.95560074549,4606.291300638999,41392.24690138449,36785.955600745496,36785.955563959535,36649.72017940855,1429.127521255019,lexicographic,3.678595556395954e-05,3.664972014275884e-05,False,0.10972290000063367,0.0,1,0
2025-04-14,False,2,1.0,10,0.8,0,calibrated_quantile,2025-03-17;2025-03-18;2025-03-19;2025-03-20;2025-03-21;2025-03-24;2025-03-25;2025-03-26;2025-03-27;2025-03-28;2025-03-31;2025-04-01;2025-04-02;2025-04-03;2025-04-04;2025-04-07;2025-04-08;2025-04-09;2025-04-10;2025-04-11,20,3583.0855062655264,2025-04-07;2025-03-31,2025-04-07;2025-03-31;2025-03-24;2025-03-17;2025-04-01;2025-04-08;2025-03-25;2025-03-10;2025-03-18;2025-04-09,,2025-04-13,9600.0,10800.0,10800.0,19.029334895833326,24.18164130070125,32.93245366021154,54.50070473694976,63576.92324170237,381.4408419736528,7373.285972075823,37601.55101945361,1598.940208174364,39200.49122762797,37601.55101945362,37601.550981852066,38648.70433682292,1447.066585411998,lexicographic,3.760155098185207e-05,3.864870429817424e-05,False,0.09920150000107242,0.0,1,0
2025-04-15,False,2,1.0,10,0.8,0,calibrated_quantile,2025-03-18;2025-03-19;2025-03-20;2025-03-21;2025-03-24;2025-03-25;2025-03-26;2025-03-27;2025-03-28;2025-03-31;2025-04-01;2025-04-02;2025-04-03;2025-04-04;2025-04-07;2025-04-08;2025-04-09;2025-04-10;2025-04-11;2025-04-14,20,3645.9671938352058,2025-04-08;2025-04-01,2025-04-08;2025-04-01;2025-03-25;2025-04-09;2025-03-18;2025-04-14;2025-04-07;2025-03-31;2025-03-24;2025-03-26,,2025-04-14,9600.0,10800.0,10800.0,19.032147453703708,23.16485518521193,36.8122684199213,66.16034134722666,62109.830401383726,319.23396657888617,8343.520832943184,36827.639166717214,1398.359398848015,38225.99856556523,36827.63916671722,36827.63912988959,37591.93478974649,1434.4281614954125,lexicographic,3.6827639129889595e-05,3.759193475215456e-05,False,0.11996109999745386,0.0,1,0
2025-04-16,False,2,1.0,10,0.8,0,calibrated_quantile,2025-03-19;2025-03-20;2025-03-21;2025-03-24;2025-03-25;2025-03-26;2025-03-27;2025-03-28;2025-03-31;2025-04-01;2025-04-02;2025-04-03;2025-04-04;2025-04-07;2025-04-08;2025-04-09;2025-04-10;2025-04-11;2025-04-14;2025-04-15,20,3562.7781605431855,2025-04-09;2025-04-15,2025-04-09;2025-04-15;2025-04-08;2025-03-27;2025-04-10;2025-04-01;2025-03-20;2025-03-26;2025-03-25;2025-03-18,,2025-04-15,9600.0,10800.0,10800.0,16.580488310185174,20.84827067197163,32.00598800000492,60.771568329714526,60388.47107853239,2443.7574661965728,3263.066014126268,36213.25855638223,8572.137928300952,44785.39648468318,36213.25855638222,36213.258520168965,36100.646057320526,1424.1066723467502,lexicographic,3.621325852016897e-05,3.610064602121988e-05,False,0.09152399999948102,0.0,1,0
2025-04-17,False,2,1.0,10,0.8,0,calibrated_quantile,2025-03-20;2025-03-21;2025-03-24;2025-03-25;2025-03-26;2025-03-27;2025-03-28;2025-03-31;2025-04-01;2025-04-02;2025-04-03;2025-04-04;2025-04-07;2025-04-08;2025-04-09;2025-04-10;2025-04-11;2025-04-14;2025-04-15;2025-04-16,20,4086.6738819365237,2025-04-10;2025-03-27,2025-04-10;2025-03-27;2025-04-03;2025-03-20;2025-04-09;2025-04-16;2025-04-04;2025-03-26;2025-03-13;2025-04-02,,2025-04-16,9600.0,10800.0,10800.0,15.033866145833324,18.349720537417397,26.75288320855106,49.33288636352143,64114.89885065815,94.29949390097718,7293.3051497817305,37902.920420958966,460.23870766478416,38363.15912862375,37902.92042095897,37902.920383056044,38558.24752130053,1434.6089562699203,lexicographic,3.790292038305605e-05,3.855824748274229e-05,False,0.10151210000185529,0.0,1,0
2025-04-18,False,2,1.0,10,0.8,0,calibrated_quantile,2025-03-21;2025-03-24;2025-03-25;2025-03-26;2025-03-27;2025-03-28;2025-03-31;2025-04-01;2025-04-02;2025-04-03;2025-04-04;2025-04-07;2025-04-08;2025-04-09;2025-04-10;2025-04-11;2025-04-14;2025-04-15;2025-04-16;2025-04-17,20,3789.7619382460616,2025-04-04;2025-04-11,2025-04-04;2025-04-11;2025-03-28;2025-04-17;2025-03-21;2025-04-10;2025-03-27;2025-04-03;2025-03-20;2025-04-09,,2025-04-17,9600.0,10800.0,10800.0,17.56750509259259,22.523877799712373,22.571112641548574,39.64178305809866,29572.478124031048,311.7272618448581,19476.754873031336,14624.903824025314,997.4466613566416,15622.350485381956,14624.903824025314,14624.903809400412,38613.33329692292,1273.1393580743475,lexicographic,1.4624903809400413e-05,3.8613333258309584e-05,False,0.11022339999908581,1.2437616187100453e-16,1,0
2025-04-19,False,2,1.0,10,0.8,0,calibrated_quantile,2025-03-22;2025-03-23;2025-03-29;2025-03-30;2025-04-05;2025-04-06;2025-04-12;2025-04-13,8,3152.4154625689025,2025-04-05;2025-04-12,2025-04-05;2025-04-12;2025-03-29;2025-03-22;2025-03-15;2025-03-08;2025-04-13;2025-04-06;2025-03-30;2025-03-01,,2025-04-18,9600.0,10800.0,10800.0,17.925953125000003,23.014877211808642,25.684417563100126,43.124646138401324,29785.138518627457,289.0628017214674,19236.18874095629,14845.172463214902,1015.7756225840714,15860.948085798973,14845.172463214902,14845.17244836973,38613.333295792974,1406.6433484965564,lexicographic,1.4845172448369731e-05,3.861333325717965e-05,False,0.1137458000011975,0.0,1,0
2025-04-20,False,2,1.0,10,0.8,0,calibrated_quantile,2025-03-23;2025-03-29;2025-03-30;2025-04-05;2025-04-06;2025-04-12;2025-04-13;2025-04-19,8,3453.270550224866,2025-04-13;2025-04-06,2025-04-13;2025-04-06;2025-03-30;2025-03-23;2025-03-09;2025-03-16;2025-04-19;2025-04-05;2025-04-12;2025-03-02,,2025-04-19,9600.0,10800.0,10800.0,16.921446469907405,21.727004051443274,24.018600201260636,43.97845771796112,60394.076954920885,752.0865468276231,5249.0970654945295,35798.34722618312,3151.398228540907,38949.74545472403,35798.34722618312,35798.34719038478,37527.221109402,1425.0992865674061,lexicographic,3.5798347190384784e-05,3.752722107187479e-05,False,0.09573340000133612,0.0,1,0
2025-04-21,False,2,1.0,10,0.8,0,calibrated_quantile,2025-03-24;2025-03-25;2025-03-26;2025-03-27;2025-03-28;2025-03-31;2025-04-01;2025-04-02;2025-04-03;2025-04-04;2025-04-07;2025-04-08;2025-04-09;2025-04-10;2025-04-11;2025-04-14;2025-04-15;2025-04-16;2025-04-17;2025-04-18,20,4148.343169741499,2025-04-14;2025-04-07,2025-04-14;2025-04-07;2025-03-31;2025-03-24;2025-04-15;2025-04-08;2025-03-17;2025-04-01;2025-03-25;2025-03-10,,2025-04-20,9600.0,10800.0,10800.0,20.03395931712963,24.888497124949158,37.58414287208515,65.31490131063629,59925.13022447659,307.8643734693577,7936.310574361173,35536.790235103814,1082.1863746361332,36618.97660973995,35536.790235103814,35536.79019956702,36007.31730976378,1430.2664560528478,lexicographic,3.553679019956702e-05,3.6007317273756464e-05,False,0.10742609999942943,0.0,1,0
2025-04-22,False,2,1.0,10,0.8,0,calibrated_quantile,2025-03-25;2025-03-26;2025-03-27;2025-03-28;2025-03-31;2025-04-01;2025-04-02;2025-04-03;2025-04-04;2025-04-07;2025-04-08;2025-04-09;2025-04-10;2025-04-11;2025-04-14;2025-04-15;2025-04-16;2025-04-17;2025-04-18;2025-04-21,20,4102.879050639742,2025-04-08;2025-04-15,2025-04-08;2025-04-15;2025-04-16;2025-04-09;2025-04-21;2025-03-25;2025-04-07;2025-03-18;2025-04-01;2025-03-31,,2025-04-21,9600.0,10800.0,10800.0,18.553381944444432,22.81164258438334,25.510747710655544,49.47587877317327,58119.6245377117,1708.8755686124657,3914.9675808278744,34681.588423646725,5976.491968137947,40658.08039178467,34681.588423646725,34681.588388965145,35824.69372621908,1437.6508223825927,lexicographic,3.468158838896515e-05,3.5824693690394394e-05,False,0.10518360000060056,0.0,1,0
2025-04-23,False,2,1.0,10,0.8,0,calibrated_quantile,2025-03-26;2025-03-27;2025-03-28;2025-03-31;2025-04-01;2025-04-02;2025-04-03;2025-04-04;2025-04-07;2025-04-08;2025-04-09;2025-04-10;2025-04-11;2025-04-14;2025-04-15;2025-04-16;2025-04-17;2025-04-18;2025-04-21;2025-04-22,20,4270.027830407913,2025-04-09;2025-04-16,2025-04-09;2025-04-16;2025-04-17;2025-04-15;2025-04-10;2025-03-26;2025-03-27;2025-04-08;2025-04-02;2025-04-22,,2025-04-22,9600.0,10800.0,10800.0,19.41100763888889,23.641113764293824,22.668722472856395,39.23734032714314,61088.11303008675,427.96919695658,6337.974388522641,36154.97820691457,1488.183932820842,37643.16213973542,36154.978206914566,36154.9781707596,35992.24173976744,1439.8407311145163,lexicographic,3.61549781707596e-05,3.599224170377521e-05,False,0.09475810000003548,0.0,1,0
2025-04-24,False,2,1.0,10,0.8,0,calibrated_quantile,2025-03-27;2025-03-28;2025-03-31;2025-04-01;2025-04-02;2025-04-03;2025-04-04;2025-04-07;2025-04-08;2025-04-09;2025-04-10;2025-04-11;2025-04-14;2025-04-15;2025-04-16;2025-04-17;2025-04-18;2025-04-21;2025-04-22;2025-04-23,20,4352.012177481687,2025-04-17;2025-04-10,2025-04-17;2025-04-10;2025-04-23;2025-03-27;2025-04-09;2025-04-16;2025-04-18;2025-04-03;2025-03-20;2025-04-04,,2025-04-23,9600.0,10800.0,10800.0,16.783579803240748,21.131011136368933,37.05288750537645,68.37502616425023,60431.963803436905,206.17547583460833,9763.013082932144,35789.330827409794,961.6412156810691,36750.972043090864,35789.3308274098,35789.330791620465,36057.29099144348,1422.6807391865964,lexicographic,3.578933079162047e-05,3.605729095538619e-05,False,0.12201070000082836,0.0,1,0
2025-04-25,False,2,1.0,10,0.8,0,calibrated_quantile,2025-03-28;2025-03-31;2025-04-01;2025-04-02;2025-04-03;2025-04-04;2025-04-07;2025-04-08;2025-04-09;2025-04-10;2025-04-11;2025-04-14;2025-04-15;2025-04-16;2025-04-17;2025-04-18;2025-04-21;2025-04-22;2025-04-23;2025-04-24,20,4151.658360222832,2025-04-18;2025-04-11,2025-04-18;2025-04-11;2025-04-04;2025-04-24;2025-03-28;2025-04-17;2025-03-27;2025-04-10;2025-03-21;2025-04-23,,2025-04-24,9600.0,10800.0,10800.0,18.838371527777777,22.509333192604245,23.186227912338197,41.00316235624466,28475.872221958696,200.65082756784378,22622.832069568594,13795.365512041973,728.2514674779351,14523.61697951991,13795.365512041975,13795.365498246609,38613.333301178354,1271.902645273117,lexicographic,1.379536549824661e-05,3.861333326256503e-05,False,0.11374390000128187,0.0,1,0
2025-04-26,False,2,1.0,10,0.8,0,calibrated_quantile,2025-03-29;2025-03-30;2025-04-05;2025-04-06;2025-04-12;2025-04-13;2025-04-19;2025-04-20,8,3703.4273417045224,2025-04-12;2025-04-05,2025-04-12;2025-04-05;2025-04-19;2025-03-29;2025-03-22;2025-03-15;2025-03-08;2025-04-20;2025-04-13;2025-03-30,,2025-04-25,9600.0,10800.0,10800.0,19.14991504629629,23.746140280623976,53.996965807724834,98.33885818139652,29132.055931861505,313.7106249142367,25322.239593799604,14370.676560449914,1298.0390593993895,15668.715619849303,14370.676560449914,14370.676546079236,38613.33329817623,1406.6433490605468,lexicographic,1.4370676546079236e-05,3.861333325956291e-05,False,0.16083110000181478,0.0,1,0
2025-04-27,False,2,1.0,10,0.8,0,calibrated_quantile,2025-03-30;2025-04-05;2025-04-06;2025-04-12;2025-04-13;2025-04-19;2025-04-20;2025-04-26,8,3702.672096918624,2025-04-20;2025-03-30,2025-04-20;2025-03-30;2025-04-06;2025-04-13;2025-03-23;2025-04-12;2025-04-26;2025-04-05;2025-03-29;2025-04-19,,2025-04-26,9600.0,10800.0,10800.0,20.757893749999994,25.372061714929835,17.39102965826681,33.67038327155802,55836.22679824477,1000.4584717225149,4439.982245652943,33340.26133545998,4197.1824971840915,37537.44383264407,33340.26133545999,33340.26130211972,36421.31385355589,1437.5835133470173,lexicographic,3.334026130211972e-05,3.642131381713458e-05,False,0.10500739999770303,0.0,1,0
2025-04-28,False,2,1.0,10,0.8,0,calibrated_quantile,2025-03-31;2025-04-01;2025-04-02;2025-04-03;2025-04-04;2025-04-07;2025-04-08;2025-04-09;2025-04-10;2025-04-11;2025-04-14;2025-04-15;2025-04-16;2025-04-17;2025-04-18;2025-04-21;2025-04-22;2025-04-23;2025-04-24;2025-04-25,20,4337.132085066061,2025-04-21;2025-04-07,2025-04-21;2025-04-07;2025-04-22;2025-03-31;2025-04-14;2025-04-08;2025-04-15;2025-03-24;2025-03-25;2025-03-17,,2025-04-27,9600.0,10800.0,10800.0,18.804678414351844,23.087550974862747,51.56895953725003,88.90755213473393,58668.99455163331,4273.720384211643,2568.80064817331,34636.387488562534,16437.388953169222,51073.77644173175,34636.387488562534,34636.38745392613,35742.2316711527,1435.4373803958433,lexicographic,3.463638745392613e-05,3.574223163541047e-05,False,0.0949572999998054,0.0,1,0
2025-04-29,False,2,1.0,10,0.8,0,calibrated_quantile,2025-04-01;2025-04-02;2025-04-03;2025-04-04;2025-04-07;2025-04-08;2025-04-09;2025-04-10;2025-04-11;2025-04-14;2025-04-15;2025-04-16;2025-04-17;2025-04-18;2025-04-21;2025-04-22;2025-04-23;2025-04-24;2025-04-25;2025-04-28,20,4860.439771896947,2025-04-15;2025-04-01,2025-04-15;2025-04-01;2025-03-25;2025-04-08;2025-04-23;2025-04-14;2025-04-21;2025-03-18;2025-04-22;2025-04-09,,2025-04-28,9600.0,10800.0,10800.0,14.028157291666666,17.735081032328686,34.24976839043552,53.32240571865772,59184.80855368293,707.1003520091131,8775.212391593097,35084.10358555176,2901.889161763322,37985.99274731508,35084.103585551755,35084.103550467655,35090.020333433815,1420.2581962662898,lexicographic,3.508410355046766e-05,3.50900202983438e-05,False,0.12530649999825982,0.0,1,0
2025-04-30,False,2,1.0,10,0.8,0,calibrated_quantile,2025-04-02;2025-04-03;2025-04-04;2025-04-07;2025-04-08;2025-04-09;2025-04-10;2025-04-11;2025-04-14;2025-04-15;2025-04-16;2025-04-17;2025-04-18;2025-04-21;2025-04-22;2025-04-23;2025-04-24;2025-04-25;2025-04-28;2025-04-29,20,4514.690095018694,2025-04-23;2025-04-16,2025-04-23;2025-04-16;2025-04-09;2025-04-24;2025-04-17;2025-04-15;2025-04-22;2025-04-08;2025-04-29;2025-03-27,,2025-04-29,9600.0,10800.0,10800.0,17.707478935185172,22.28639310762059,33.49759742865675,54.614513597881356,57606.80178615243,892.4172338522835,6625.511251039322,34343.253097114735,3441.4260695716534,37784.67916668639,34343.253097114735,34343.25306277147,34455.28703944227,1427.0774603795235,lexicographic,3.4343253062771476e-05,3.445528700498699e-05,False,0.12384219999876223,0.0,1,0
2025-05-01,False,2,1.0,10,0.8,0,calibrated_quantile,2025-04-03;2025-04-04;2025-04-07;2025-04-08;2025-04-09;2025-04-10;2025-04-11;2025-04-14;2025-04-15;2025-04-16;2025-04-17;2025-04-18;2025-04-21;2025-04-22;2025-04-23;2025-04-24;2025-04-25;2025-04-28;2025-04-29;2025-04-30,20,4433.416819925944,2025-04-24;2025-04-17,2025-04-24;2025-04-17;2025-04-30;2025-04-23;2025-04-10;2025-04-16;2025-03-27;2025-04-25;2025-04-09;2025-04-18,,2025-04-30,9600.0,10800.0,10800.0,34.69009571759258,46.025785470484266,33.63651340368239,57.59815011516701,56808.614601454145,3665.6105667529587,5795.2463403285665,33669.11320507489,17060.923963039048,50730.03716811394,33669.1132050749,33669.11317140577,34938.71605505347,1424.7626341317834,lexicographic,3.366911317140577e-05,3.493871602011475e-05,False,0.1207840999995824,0.0,1,0
2025-05-02,False,2,1.0,10,0.8,0,calibrated_quantile,2025-04-04;2025-04-07;2025-04-08;2025-04-09;2025-04-10;2025-04-11;2025-04-14;2025-04-15;2025-04-16;2025-04-17;2025-04-18;2025-04-21;2025-04-22;2025-04-23;2025-04-24;2025-04-25;2025-04-28;2025-04-29;2025-04-30;2025-05-01,20,4712.211503740915,2025-04-25;2025-04-18,2025-04-25;2025-04-18;2025-04-11;2025-04-04;2025-04-24;2025-05-01;2025-03-28;2025-04-17;2025-03-27;2025-04-10,,2025-05-01,9600.0,10800.0,10800.0,30.545415798611106,41.73850642402507,61.387181876367976,106.69175023779297,28325.697590974778,5435.659828168401,15417.704005859992,13800.889675206923,24373.82207927587,38174.71175448279,13800.889675206923,13800.889661406032,38613.3333011012,1265.8188315015386,lexicographic,1.3800889661406033e-05,3.8613333262487876e-05,False,0.10417499999675783,1.3180232928262815e-16,1,0
2025-05-03,False,2,1.0,10,0.8,0,calibrated_quantile,2025-04-05;2025-04-06;2025-04-12;2025-04-13;2025-04-19;2025-04-20;2025-04-26;2025-04-27,8,3848.8111912239224,2025-04-19;2025-04-26,2025-04-19;2025-04-26;2025-04-12;2025-03-29;2025-04-05;2025-03-22;2025-03-15;2025-03-08;2025-03-01;2025-02-22,,2025-05-02,9600.0,10800.0,10800.0,32.15843825231482,43.60372466085871,38.285704263736115,77.66337311598915,28355.494537546867,2930.7658807846938,18365.755438424047,13863.522848879258,13422.791548020994,27286.314396900252,13863.52284887926,13863.52283501574,38613.33330069788,1411.495708332006,lexicographic,1.386352283501574e-05,3.861333326208455e-05,False,0.12476410000090254,0.0,1,0
2025-05-04,False,2,1.0,10,0.8,0,calibrated_quantile,2025-04-06;2025-04-12;2025-04-13;2025-04-19;2025-04-20;2025-04-26;2025-04-27;2025-05-03,8,4575.711874195087,2025-04-20;2025-04-13,2025-04-20;2025-04-13;2025-04-06;2025-03-30;2025-04-27;2025-03-23;2025-03-09;2025-03-16;2025-04-26;2025-05-03,,2025-05-03,9600.0,10800.0,10800.0,35.04602528935186,45.14596629316019,37.455248277601186,61.35955635744271,58435.21381648261,2507.5842809993655,5388.716733823032,34737.77732919803,10742.969148499955,45480.74647769798,34737.77732919803,34737.77729446024,36384.94418362819,1417.373234978415,lexicographic,3.4737777294460245e-05,3.638494414724325e-05,False,0.1519960000005085,0.0,1,0
2025-05-05,False,2,1.0,10,0.8,0,calibrated_quantile,2025-04-07;2025-04-08;2025-04-09;2025-04-10;2025-04-11;2025-04-14;2025-04-15;2025-04-16;2025-04-17;2025-04-18;2025-04-21;2025-04-22;2025-04-23;2025-04-24;2025-04-25;2025-04-28;2025-04-29;2025-04-30;2025-05-01;2025-05-02,20,5848.724305058271,2025-04-21;2025-04-14,2025-04-21;2025-04-14;2025-04-07;2025-03-31;2025-04-28;2025-04-15;2025-04-29;2025-03-24;2025-04-22;2025-04-08,,2025-05-04,9600.0,10800.0,10800.0,31.501066435185173,41.271954928006984,37.766242504386575,61.67825280820115,61566.74392964417,2946.659813095593,5773.937798235889,36595.20182788248,13526.05205689377,50121.253884776255,36595.20182788248,36595.20179128728,34899.26869237909,1429.1757825627517,lexicographic,3.6595201791287284e-05,3.489926865747983e-05,False,0.09695570000258158,0.0,1,0
2025-05-06,False,2,1.0,10,0.8,0,calibrated_quantile,2025-04-08;2025-04-09;2025-04-10;2025-04-11;2025-04-14;2025-04-15;2025-04-16;2025-04-17;2025-04-18;2025-04-21;2025-04-22;2025-04-23;2025-04-24;2025-04-25;2025-04-28;2025-04-29;2025-04-30;2025-05-01;2025-05-02;2025-05-05,20,6125.221132904366,2025-04-22;2025-04-29,2025-04-22;2025-04-29;2025-04-15;2025-04-08;2025-04-23;2025-04-30;2025-05-05;2025-03-25;2025-04-28;2025-04-21,,2025-05-05,9600.0,10800.0,10800.0,34.48717349537036,44.93239497344048,28.035210148018976,51.86785142098112,61045.7718120916,2211.633922933155,6596.944014787632,36070.70698312072,9977.080707185272,46047.787690305995,36070.70698312072,36070.70694705,36108.35068401329,1438.122117502262,lexicographic,3.6070706947050005e-05,3.610835064790496e-05,False,0.11267180000140797,0.0,1,0
2025-05-07,False,2,1.0,10,0.8,0,calibrated_quantile,2025-04-09;2025-04-10;2025-04-11;2025-04-14;2025-04-15;2025-04-16;2025-04-17;2025-04-18;2025-04-21;2025-04-22;2025-04-23;2025-04-24;2025-04-25;2025-04-28;2025-04-29;2025-04-30;2025-05-01;2025-05-02;2025-05-05;2025-05-06,20,6402.919582579931,2025-04-30;2025-04-23,2025-04-30;2025-04-23;2025-04-16;2025-04-09;2025-04-24;2025-05-01;2025-05-06;2025-04-22;2025-04-17;2025-04-15,,2025-05-06,9600.0,10800.0,10800.0,30.37463836805554,42.74025102677675,22.991400383840332,39.598888807880705,59621.49484241261,2558.4020602874148,3303.15082216252,35467.13795769284,12209.198346450963,47676.3363041438,35467.13795769283,35467.13792222571,36284.78545406789,1468.1139648493336,lexicographic,3.5467137922225715e-05,3.628478541778311e-05,False,0.10905049999928451,0.0,1,0
2025-05-08,False,2,1.0,10,0.8,0,calibrated_quantile,2025-04-10;2025-04-11;2025-04-14;2025-04-15;2025-04-16;2025-04-17;2025-04-18;2025-04-21;2025-04-22;2025-04-23;2025-04-24;2025-04-25;2025-04-28;2025-04-29;2025-04-30;2025-05-01;2025-05-02;2025-05-05;2025-05-06;2025-05-07,20,6502.170083857032,2025-04-24;2025-05-01,2025-04-24;2025-05-01;2025-05-07;2025-04-17;2025-05-02;2025-04-23;2025-04-30;2025-04-10;2025-03-27;2025-04-25,,2025-05-07,9600.0,10800.0,10800.0,25.25616059027778,34.98283400749869,30.084578488146082,50.418036899937064,63042.4753219773,1196.833270385254,4610.218479772304,38423.58863127518,4699.653681700706,43123.24231297589,38423.58863127518,38423.58859285156,36224.556104149204,1475.717637377747,lexicographic,3.842358859285156e-05,3.622455606792465e-05,False,0.13282629999957862,0.0,1,0
2025-05-09,False,2,1.0,10,0.8,0,calibrated_quantile,2025-04-11;2025-04-14;2025-04-15;2025-04-16;2025-04-17;2025-04-18;2025-04-21;2025-04-22;2025-04-23;2025-04-24;2025-04-25;2025-04-28;2025-04-29;2025-04-30;2025-05-01;2025-05-02;2025-05-05;2025-05-06;2025-05-07;2025-05-08,20,6910.238399708309,2025-05-02;2025-04-18,2025-05-02;2025-04-18;2025-04-25;2025-05-08;2025-04-04;2025-05-01;2025-04-24;2025-04-17;2025-04-11;2025-03-28,,2025-05-08,9600.0,10800.0,10800.0,22.367690567129628,30.043903198608103,24.33149148396611,44.324108024170314,30486.987882388516,525.7361934882788,18460.004896949762,15698.990244155138,2366.348328900871,18065.33857305601,15698.990244155135,15698.990228456145,38613.33329135749,1308.2088408636791,lexicographic,1.5698990228456146e-05,3.8613333252744164e-05,False,0.1437960999974166,0.0,1,0
2025-05-10,False,2,1.0,10,0.8,0,calibrated_quantile,2025-04-12;2025-04-13;2025-04-19;2025-04-20;2025-04-26;2025-04-27;2025-05-03;2025-05-04,8,5811.773732639003,2025-05-03;2025-04-26,2025-05-03;2025-04-26;2025-04-19;2025-04-12;2025-04-05;2025-03-29;2025-03-22;2025-03-15;2025-03-08;2025-05-04,,2025-05-09,9600.0,10800.0,10800.0,26.114332118055543,32.189296274911186,43.55729693126165,79.36654192204495,30477.67848592366,1455.8351268190045,15759.135000589487,15879.635074065232,6166.144320541539,22045.779394606772,15879.635074065232,15879.635058185597,38613.333290336435,1432.9516666654927,lexicographic,1.58796350581856e-05,3.861333325172311e-05,False,0.11127819999819621,0.0,1,0
2025-05-11,False,2,1.0,10,0.8,0,calibrated_quantile,2025-04-13;2025-04-19;2025-04-20;2025-04-26;2025-04-27;2025-05-03;2025-05-04;2025-05-10,8,7101.339144935504,2025-05-04;2025-04-20,2025-05-04;2025-04-20;2025-04-13;2025-04-06;2025-03-30;2025-03-23;2025-04-27;2025-03-09;2025-03-16;2025-03-02,,2025-05-10,9600.0,10800.0,10800.0,26.949464178240735,34.93127691001345,42.44193154718347,76.12920492995589,61008.42137810486,2558.752695497031,4437.481313749461,36996.22498398634,11879.294098589635,48875.51908257598,36996.22498398635,36996.2249469901,34729.267128945154,1477.1811495867555,lexicographic,3.69962249469901e-05,3.4729267094215904e-05,False,0.14500060000136727,0.0,1,0
2025-05-12,False,2,1.0,10,0.8,0,calibrated_quantile,2025-04-14;2025-04-15;2025-04-16;2025-04-17;2025-04-18;2025-04-21;2025-04-22;2025-04-23;2025-04-24;2025-04-25;2025-04-28;2025-04-29;2025-04-30;2025-05-01;2025-05-02;2025-05-05;2025-05-06;2025-05-07;2025-05-08;2025-05-09,20,7092.853695628439,2025-05-05;2025-04-21,2025-05-05;2025-04-21;2025-04-14;2025-04-07;2025-05-06;2025-04-28;2025-03-31;2025-04-29;2025-03-24;2025-04-15,,2025-05-11,9600.0,10800.0,10800.0,23.85869693287036,30.366205282865355,50.76893558314319,89.12652107887149,63759.38913035269,1293.6211101165347,9167.873066519958,38530.45551975693,3689.408843717651,42219.86436347458,38530.45551975693,38530.45548122646,37666.4995395517,1479.4631212974134,lexicographic,3.8530455481226465e-05,3.7666499501885215e-05,False,0.1255431999998109,0.0,1,0
2025-05-13,False,2,1.0,10,0.8,0,calibrated_quantile,2025-04-15;2025-04-16;2025-04-17;2025-04-18;2025-04-21;2025-04-22;2025-04-23;2025-04-24;2025-04-25;2025-04-28;2025-04-29;2025-04-30;2025-05-01;2025-05-02;2025-05-05;2025-05-06;2025-05-07;2025-05-08;2025-05-09;2025-05-12,20,7327.055368729902,2025-05-06;2025-04-15,2025-05-06;2025-04-15;2025-04-29;2025-05-07;2025-04-22;2025-05-05;2025-05-12;2025-04-30;2025-04-23;2025-04-08,,2025-05-12,9600.0,10800.0,10800.0,21.645269328703698,26.838873623348668,23.15955867224836,38.623144939391324,62140.29406644378,695.6472829857048,6155.682526973906,37790.632807089816,3234.7507062389923,41025.38351332881,37790.632807089816,37790.63276929918,33828.38611041011,1500.803266480334,lexicographic,3.7790632769299187e-05,3.3828386076581724e-05,False,0.1408512999987579,0.0,1,0
2025-05-14,False,2,1.0,10,0.8,0,calibrated_quantile,2025-04-16;2025-04-17;2025-04-18;2025-04-21;2025-04-22;2025-04-23;2025-04-24;2025-04-25;2025-04-28;2025-04-29;2025-04-30;2025-05-01;2025-05-02;2025-05-05;2025-05-06;2025-05-07;2025-05-08;2025-05-09;2025-05-12;2025-05-13,20,7628.134028716148,2025-05-07;2025-04-23,2025-05-07;2025-04-23;2025-04-30;2025-05-08;2025-05-13;2025-05-01;2025-04-24;2025-05-06;2025-04-09;2025-04-16,,2025-05-13,9600.0,10800.0,10800.0,21.89112366898148,27.390991603387818,22.38187840137116,38.7661730383163,64152.67631740687,301.25853857744374,7671.079356448095,38628.944513449314,1036.819229445902,39665.763742895215,38628.94451344932,38628.94447482035,35901.89029645906,1472.1223414680524,lexicographic,3.862894447482036e-05,3.590189026055718e-05,False,0.11501480000151787,0.0,1,0
2025-05-15,False,2,1.0,10,0.8,0,calibrated_quantile,2025-04-17;2025-04-18;2025-04-21;2025-04-22;2025-04-23;2025-04-24;2025-04-25;2025-04-28;2025-04-29;2025-04-30;2025-05-01;2025-05-02;2025-05-05;2025-05-06;2025-05-07;2025-05-08;2025-05-09;2025-05-12;2025-05-13;2025-05-14,20,7326.499439421002,2025-05-08;2025-05-01,2025-05-08;2025-05-01;2025-04-24;2025-05-14;2025-05-07;2025-04-17;2025-05-09;2025-04-23;2025-05-02;2025-04-30,,2025-05-14,9600.0,10800.0,10800.0,23.557369444444426,30.192455031584355,24.21664588197716,42.81417255811482,64889.100282995205,602.568353480527,8984.691771029917,39811.23867601423,2268.872302222605,42080.11097823684,39811.23867601423,39811.238636203,35646.698071703206,1510.7388464197447,lexicographic,3.9811238636203004e-05,3.564669803605652e-05,False,0.12047280000115279,1.827613976211962e-16,1,0
2025-05-16,False,2,1.0,10,0.8,0,calibrated_quantile,2025-04-18;2025-04-21;2025-04-22;2025-04-23;2025-04-24;2025-04-25;2025-04-28;2025-04-29;2025-04-30;2025-05-01;2025-05-02;2025-05-05;2025-05-06;2025-05-07;2025-05-08;2025-05-09;2025-05-12;2025-05-13;2025-05-14;2025-05-15,20,7460.526756504545,2025-05-02;2025-05-09,2025-05-02;2025-05-09;2025-04-25;2025-04-18;2025-05-08;2025-05-15;2025-04-11;2025-04-04;2025-05-01;2025-04-24,,2025-05-15,9600.0,10800.0,10800.0,22.92893466435185,29.03291552233018,41.418747860018634,64.173344408802,32031.32022688414,152.46909058564842,25414.949456067276,17290.953000633184,448.15226581630714,17739.105266449493,17290.953000633188,17290.95298334224,38613.333283185355,1327.2016658637249,lexicographic,1.729095298334224e-05,3.8613333244572024e-05,False,0.27148769999985234,0.0,1,0
2025-05-17,False,2,1.0,10,0.8,0,calibrated_quantile,2025-04-19;2025-04-20;2025-04-26;2025-04-27;2025-05-03;2025-05-04;2025-05-10;2025-05-11,8,8434.37247230449,2025-05-10;2025-04-26,2025-05-10;2025-04-26;2025-04-12;2025-04-19;2025-04-05;2025-05-03;2025-03-29;2025-03-22;2025-03-15;2025-05-04,,2025-05-16,9600.0,10800.0,10800.0,25.589526331018515,32.27812215173546,36.494861145244855,62.61018236207915,31089.809231398944,667.0570637603495,17254.73388321398,16283.659257680009,2582.428734208816,18866.087991888824,16283.659257680009,16283.659241396348,38613.33328835617,1439.0200990596204,lexicographic,1.628365924139635e-05,3.8613333249742835e-05,False,0.11372080000001006,0.0,1,0
2025-05-18,False,2,1.0,10,0.8,0,calibrated_quantile,2025-04-20;2025-04-26;2025-04-27;2025-05-03;2025-05-04;2025-05-10;2025-05-11;2025-05-17,8,9051.438020909281,2025-05-11;2025-05-04,2025-05-11;2025-05-04;2025-04-20;2025-04-13;2025-04-06;2025-03-30;2025-04-27;2025-03-23;2025-03-09;2025-03-16,,2025-05-17,9600.0,10800.0,10800.0,22.110695196759252,28.14363259092782,33.626125189294015,60.94142671945794,67689.27391793006,825.0859142038695,10932.072629574843,41344.35309649775,2316.096351508891,43660.449448006635,41344.35309649775,41344.353055153384,37210.924082273414,1504.795758186116,lexicographic,4.1344353055153386e-05,3.72109240450625e-05,False,0.11518960000103107,0.0,1,0
2025-05-19,False,2,1.0,10,0.8,0,calibrated_quantile,2025-04-21;2025-04-22;2025-04-23;2025-04-24;2025-04-25;2025-04-28;2025-04-29;2025-04-30;2025-05-01;2025-05-02;2025-05-05;2025-05-06;2025-05-07;2025-05-08;2025-05-09;2025-05-12;2025-05-13;2025-05-14;2025-05-15;2025-05-16,20,7466.918470569818,2025-05-12;2025-05-05,2025-05-12;2025-05-05;2025-05-13;2025-04-21;2025-04-14;2025-05-06;2025-04-07;2025-04-29;2025-03-31;2025-04-28,,2025-05-18,9600.0,10800.0,10800.0,21.95756093749999,30.305215934264957,40.04259996163779,78.25822482603324,64008.960396571616,196.5575483345975,13115.051481304446,39184.283238096294,1069.382320491317,40253.665558587614,39184.283238096294,39184.283198912,34058.9597032591,1486.0323903881888,lexicographic,3.9184283198912e-05,3.405895966920014e-05,False,0.1343167999984871,0.0,1,0
2025-05-20,False,2,1.0,10,0.8,0,calibrated_quantile,2025-04-22;2025-04-23;2025-04-24;2025-04-25;2025-04-28;2025-04-29;2025-04-30;2025-05-01;2025-05-02;2025-05-05;2025-05-06;2025-05-07;2025-05-08;2025-05-09;2025-05-12;2025-05-13;2025-05-14;2025-05-15;2025-05-16;2025-05-19,20,7446.838762380576,2025-05-13;2025-04-22,2025-05-13;2025-04-22;2025-05-06;2025-05-07;2025-04-30;2025-04-15;2025-05-14;2025-05-12;2025-04-08;2025-05-05,,2025-05-19,9600.0,10800.0,10800.0,21.638647164351863,29.762236329042306,27.48693140227884,51.37230397737732,62571.805883084104,1023.2880195334249,5463.085436810785,37838.08422353033,4595.504619134804,42433.58884266513,37838.08422353033,37838.08418569225,34338.68792075549,1460.1903799724291,lexicographic,3.783808418569225e-05,3.433868788641681e-05,False,0.1279242000018712,0.0,1,0
2025-05-21,False,2,1.0,10,0.8,0,calibrated_quantile,2025-04-23;2025-04-24;2025-04-25;2025-04-28;2025-04-29;2025-04-30;2025-05-01;2025-05-02;2025-05-05;2025-05-06;2025-05-07;2025-05-08;2025-05-09;2025-05-12;2025-05-13;2025-05-14;2025-05-15;2025-05-16;2025-05-19;2025-05-20,20,7541.016594894142,2025-05-14;2025-05-07,2025-05-14;2025-05-07;2025-05-15;2025-05-08;2025-04-23;2025-05-13;2025-04-30;2025-05-01;2025-04-24;2025-04-29,,2025-05-20,9600.0,10800.0,10800.0,20.232840451388896,25.91120825449511,34.22225474057552,58.74992733283066,65091.169063051515,398.1198789292102,10442.190300139016,39986.02775781536,1383.1594436783053,41369.18720149367,39986.02775781536,39986.02771782934,35099.55199421137,1510.6857353741834,lexicographic,3.998602771782934e-05,3.509955195911182e-05,False,0.11748230000011972,0.0,1,0
2025-05-22,False,2,1.0,10,0.8,0,calibrated_quantile,2025-04-24;2025-04-25;2025-04-28;2025-04-29;2025-04-30;2025-05-01;2025-05-02;2025-05-05;2025-05-06;2025-05-07;2025-05-08;2025-05-09;2025-05-12;2025-05-13;2025-05-14;2025-05-15;2025-05-16;2025-05-19;2025-05-20;2025-05-21,20,7595.534815417633,2025-05-15;2025-05-08,2025-05-15;2025-05-08;2025-05-01;2025-05-14;2025-05-21;2025-05-07;2025-04-24;2025-05-16;2025-05-02;2025-04-17,,2025-05-21,9600.0,10800.0,10800.0,21.696723263888885,29.23052285699296,16.434996120874047,30.050418449296753,62430.99072944334,254.18542546083677,8293.837199013851,38604.23415269461,887.0054374579702,39491.23959015258,38604.23415269461,38604.234114090366,34053.79858944659,1518.8441580902304,lexicographic,3.860423411409037e-05,3.4053798555392806e-05,False,0.14066749999983585,0.0,1,0
2025-05-23,False,2,1.0,10,0.8,0,calibrated_quantile,2025-04-25;2025-04-28;2025-04-29;2025-04-30;2025-05-01;2025-05-02;2025-05-05;2025-05-06;2025-05-07;2025-05-08;2025-05-09;2025-05-12;2025-05-13;2025-05-14;2025-05-15;2025-05-16;2025-05-19;2025-05-20;2025-05-21;2025-05-22,20,7667.024283296185,2025-05-16;2025-05-09,2025-05-16;2025-05-09;2025-05-02;2025-04-25;2025-05-15;2025-05-22;2025-04-18;2025-05-08;2025-04-24;2025-05-01,,2025-05-22,9600.0,10800.0,10800.0,20.37874675925926,25.458986006145174,19.27700107884122,35.69998518633759,31339.16647497733,307.58151395570115,21172.465777394023,16967.18765090954,996.7677450589381,17963.955395968478,16967.18765090954,16967.18763394235,38613.33328448571,1337.1676507595785,lexicographic,1.696718763394235e-05,3.8613333245872376e-05,False,0.10466289999749279,2.1441259951732043e-16,1,0
2025-05-24,False,2,1.0,10,0.8,0,calibrated_quantile,2025-04-26;2025-04-27;2025-05-03;2025-05-04;2025-05-10;2025-05-11;2025-05-17;2025-05-18,8,9483.154047220713,2025-05-17;2025-05-10,2025-05-17;2025-05-10;2025-05-03;2025-04-26;2025-04-19;2025-04-12;2025-04-05;2025-03-29;2025-03-22;2025-03-15,,2025-05-23,9600.0,10800.0,10800.0,20.98811869212963,26.654892675684714,50.40678290142128,93.46902270301706,32266.69759757801,66.93957974398518,24525.802460655323,17571.667065097725,174.89993457241772,17746.566999670144,17571.667065097725,17571.667047526058,38613.33333333333,1463.674756702805,lexicographic,1.757166704752606e-05,3.861333333333333e-05,False,0.1394749999999476,0.0,1,0
2025-05-25,False,2,1.0,10,0.8,0,calibrated_quantile,2025-04-27;2025-05-03;2025-05-04;2025-05-10;2025-05-11;2025-05-17;2025-05-18;2025-05-24,8,9555.292513285938,2025-05-18;2025-05-04,2025-05-18;2025-05-04;2025-05-11;2025-04-20;2025-04-27;2025-04-13;2025-04-06;2025-03-30;2025-05-17;2025-05-24,,2025-05-24,9600.0,10800.0,10800.0,21.19966805555556,25.70050623982766,28.78185154352568,51.40211082774668,64803.61507234394,118.24483890466126,12591.674636371297,39342.030197851396,525.8755187854317,39867.90571663683,39342.030197851396,39342.03015850936,36058.77324049786,1505.0377102302587,lexicographic,3.934203015850937e-05,3.605877320443909e-05,False,0.11780120000184979,0.0,1,0
2025-05-26,False,2,1.0,10,0.8,0,calibrated_quantile,2025-04-28;2025-04-29;2025-04-30;2025-05-01;2025-05-02;2025-05-05;2025-05-06;2025-05-07;2025-05-08;2025-05-09;2025-05-12;2025-05-13;2025-05-14;2025-05-15;2025-05-16;2025-05-19;2025-05-20;2025-05-21;2025-05-22;2025-05-23,20,7752.0213802607195,2025-05-12;2025-05-19,2025-05-12;2025-05-19;2025-05-05;2025-05-20;2025-04-28;2025-05-13;2025-04-21;2025-05-06;2025-04-22;2025-04-14,,2025-05-25,9600.0,10800.0,10800.0,20.47439594907406,25.322999724384534,34.51233224939428,64.36925942356798,62957.19582489456,1531.5341602505305,6378.804680834958,38635.30106229967,5674.067189050719,44309.368251350395,38635.30106229968,38635.30102366439,33628.774533164964,1493.3982251063564,lexicographic,3.8635301023664395e-05,3.36287744995362e-05,False,0.15368889999808744,0.0,1,0
2025-05-27,False,2,1.0,10,0.8,0,calibrated_quantile,2025-04-29;2025-04-30;2025-05-01;2025-05-02;2025-05-05;2025-05-06;2025-05-07;2025-05-08;2025-05-09;2025-05-12;2025-05-13;2025-05-14;2025-05-15;2025-05-16;2025-05-19;2025-05-20;2025-05-21;2025-05-22;2025-05-23;2025-05-26,20,7539.165603454666,2025-05-13;2025-04-29,2025-05-13;2025-04-29;2025-05-21;2025-05-14;2025-05-06;2025-05-19;2025-05-12;2025-05-20;2025-04-15;2025-05-05,,2025-05-26,9600.0,10800.0,10800.0,21.873992534722227,28.391369556498294,22.600445895832983,37.77743429943071,61180.7399310181,285.5391262120523,8550.166775841335,37265.86589238057,640.8804665372046,37906.74635891778,37265.86589238057,37265.8658551147,33587.36008586196,1466.542708755,lexicographic,3.72658658551147e-05,3.3587360052274605e-05,False,0.15536559999964084,0.0,1,0
2025-05-28,False,2,1.0,10,0.8,0,calibrated_quantile,2025-04-30;2025-05-01;2025-05-02;2025-05-05;2025-05-06;2025-05-07;2025-05-08;2025-05-09;2025-05-12;2025-05-13;2025-05-14;2025-05-15;2025-05-16;2025-05-19;2025-05-20;2025-05-21;2025-05-22;2025-05-23;2025-05-26;2025-05-27,20,7552.296700942995,2025-05-07;2025-05-14,2025-05-07;2025-05-14;2025-05-21;2025-05-22;2025-05-20;2025-04-30;2025-05-15;2025-05-08;2025-05-13;2025-04-23,,2025-05-27,9600.0,10800.0,10800.0,20.47106614583332,26.62601354466708,39.63814199194876,66.29708442130978,64045.34476194271,817.7710686203169,9079.722827775293,39496.973385610574,2998.213614800835,42495.18700041141,39496.973385610574,39496.9733461136,33433.26165287265,1515.1748924023173,lexicographic,3.94969733461136e-05,3.34332616194394e-05,False,0.11764340000081575,1.8421557394851273e-16,1,0
2025-05-29,False,2,1.0,10,0.8,0,calibrated_quantile,2025-05-01;2025-05-02;2025-05-05;2025-05-06;2025-05-07;2025-05-08;2025-05-09;2025-05-12;2025-05-13;2025-05-14;2025-05-15;2025-05-16;2025-05-19;2025-05-20;2025-05-21;2025-05-22;2025-05-23;2025-05-26;2025-05-27;2025-05-28,20,7710.324528166519,2025-05-22;2025-05-15,2025-05-22;2025-05-15;2025-05-08;2025-05-28;2025-05-21;2025-05-14;2025-05-01;2025-05-16;2025-05-07;2025-05-23,,2025-05-28,9600.0,10800.0,10800.0,19.602797569444437,26.031448695299435,23.45137969228203,42.36992048642772,62744.28508831666,868.887046449162,5931.5040499412735,38395.03476056956,3971.0648556945766,42366.09961626413,38395.03476056956,38395.034722174525,34023.66157122348,1523.8115309207146,lexicographic,3.8395034722174525e-05,3.402366153719982e-05,False,0.1496564999979455,0.0,1,0
2025-05-30,False,2,1.0,10,0.8,0,calibrated_quantile,2025-05-02;2025-05-05;2025-05-06;2025-05-07;2025-05-08;2025-05-09;2025-05-12;2025-05-13;2025-05-14;2025-05-15;2025-05-16;2025-05-19;2025-05-20;2025-05-21;2025-05-22;2025-05-23;2025-05-26;2025-05-27;2025-05-28;2025-05-29,20,7413.787450164625,2025-05-16;2025-05-23,2025-05-16;2025-05-23;2025-05-09;2025-05-29;2025-05-02;2025-05-22;2025-05-15;2025-05-08;2025-04-25;2025-04-18,,2025-05-29,9600.0,10800.0,10800.0,20.056470254629623,25.30594934965448,33.2057219398605,64.72948794842314,31159.23433371719,502.76493780995554,21012.43267641915,16581.261671017703,1865.7599372071718,18447.021608224873,16581.261671017703,16581.26165443644,38613.33328673059,1343.2134514619966,lexicographic,1.658126165443644e-05,3.8613333248117264e-05,False,0.15776120000009541,0.0,1,0
2025-05-31,False,2,1.0,10,0.8,0,calibrated_quantile,2025-05-03;2025-05-04;2025-05-10;2025-05-11;2025-05-17;2025-05-18;2025-05-24;2025-05-25,8,9495.667179033273,2025-05-17;2025-05-24,2025-05-17;2025-05-24;2025-05-10;2025-04-26;2025-04-12;2025-04-05;2025-05-03;2025-04-19;2025-03-29;2025-03-22,,2025-05-30,9600.0,10800.0,10800.0,23.605819849537042,30.204129985929626,25.619281681853035,46.79057243331556,31473.074026955295,512.0333730150976,19542.592516637058,16842.493626891344,1916.3410609600996,18758.834687851442,16842.493626891348,16842.493610048852,38613.33333333333,1453.448169293837,lexicographic,1.6842493610048854e-05,3.861333333333333e-05,False,0.13943339999968885,0.0,1,0
2025-06-01,False,2,0.95,10,0.9,0,calibrated_quantile,2025-05-04;2025-05-10;2025-05-11;2025-05-17;2025-05-18;2025-05-24;2025-05-25;2025-05-31,8,8552.277823252989,2025-05-18;2025-05-11,2025-05-18;2025-05-11;2025-05-25;2025-05-04;2025-04-20;2025-04-27;2025-04-13;2025-04-06;2025-03-30;2025-03-23,,2025-05-31,9600.0,10800.0,10800.0,55.94279036230955,69.75246868074797,87.8695130299942,154.17571722410457,63492.55631852003,11993.514794145296,665.4527130786031,38671.91676952642,46494.89256289943,85166.80933242585,38671.91676952642,38671.916730854486,34254.651053957874,1503.3927090294933,lexicographic,3.8671916730854486e-05,3.4254651019703235e-05,False,0.12729550000221934,0.0,1,0
2025-06-02,False,2,0.95,10,0.9,0,calibrated_quantile,2025-05-05;2025-05-06;2025-05-07;2025-05-08;2025-05-09;2025-05-12;2025-05-13;2025-05-14;2025-05-15;2025-05-16;2025-05-19;2025-05-20;2025-05-21;2025-05-22;2025-05-23;2025-05-26;2025-05-27;2025-05-28;2025-05-29;2025-05-30,20,6784.082826585405,2025-05-19;2025-05-12,2025-05-19;2025-05-12;2025-02-24;2025-05-27;2025-05-26;2025-02-17;2025-05-05;2025-05-06;2025-02-03;2025-01-28,,2025-06-01,9600.0,10800.0,10800.0,58.10588974747972,71.0373126193076,68.8998216542853,112.76291731808755,61985.874369060504,11408.60054398778,1180.7442166017906,37869.491776880226,46793.14234492535,84662.63412180557,37869.49177688022,37869.49173901073,34036.79513720083,1485.4381813393627,lexicographic,3.786949173901073e-05,3.403679510316405e-05,False,0.13825400000132504,0.0,1,0
2025-06-03,False,2,0.95,10,0.9,0,calibrated_quantile,2025-05-06;2025-05-07;2025-05-08;2025-05-09;2025-05-12;2025-05-13;2025-05-14;2025-05-15;2025-05-16;2025-05-19;2025-05-20;2025-05-21;2025-05-22;2025-05-23;2025-05-26;2025-05-27;2025-05-28;2025-05-29;2025-05-30;2025-06-02,20,7362.313109151404,2025-06-02;2025-05-06,2025-06-02;2025-05-06;2025-05-27;2025-05-13;2025-05-12;2025-05-20;2025-05-21;2025-05-14;2025-05-19;2025-05-26,,2025-06-02,9600.0,10800.0,10800.0,24.18396944237769,31.121798326263278,42.81973407603507,76.50326666058274,72343.65520688973,2998.2741056820146,3332.12690011168,44969.60941960377,13381.400932079614,58351.01035168338,44969.60941960377,44969.60937463416,36366.09683273356,1597.9246427911587,lexicographic,4.4969609374634163e-05,3.636609679636747e-05,False,0.09060210000097868,0.0,1,0
2025-06-04,False,2,0.95,10,0.9,0,calibrated_quantile,2025-05-07;2025-05-08;2025-05-09;2025-05-12;2025-05-13;2025-05-14;2025-05-15;2025-05-16;2025-05-19;2025-05-20;2025-05-21;2025-05-22;2025-05-23;2025-05-26;2025-05-27;2025-05-28;2025-05-29;2025-05-30;2025-06-02;2025-06-03,20,7756.51101469049,2025-06-03;2025-06-02,2025-06-03;2025-06-02;2025-05-21;2025-05-14;2025-05-06;2025-05-28;2025-05-15;2025-01-22;2025-02-19;2025-05-07,,2025-06-03,9600.0,10800.0,10800.0,25.40546333095916,32.523328276273894,31.648664191515095,69.30959019331378,77257.45280586298,1924.724199357217,5383.68826953906,48208.045271986804,6394.6945520594645,54602.73982404627,48208.045271986804,48208.04522377876,39564.96070219049,1603.8392938235875,lexicographic,4.8208045223778766e-05,3.956496066262552e-05,False,0.1985199000009743,0.0,1,0
2025-06-05,False,2,0.95,10,0.9,0,calibrated_quantile,2025-05-08;2025-05-09;2025-05-12;2025-05-13;2025-05-14;2025-05-15;2025-05-16;2025-05-19;2025-05-20;2025-05-21;2025-05-22;2025-05-23;2025-05-26;2025-05-27;2025-05-28;2025-05-29;2025-05-30;2025-06-02;2025-06-03;2025-06-04,20,7737.677345388829,2025-06-04;2025-06-03,2025-06-04;2025-06-03;2025-06-02;2025-01-30;2025-05-15;2025-05-23;2025-05-21;2025-02-27;2025-01-22;2025-01-31,,2025-06-04,9600.0,10800.0,10800.0,23.34041139601139,30.931404408018523,32.289868422083096,54.23900270735724,79221.89937457243,1058.0760587601358,4875.93174286119,49272.15185707029,4118.868852167096,53391.02070923739,49272.15185707029,49272.151807798116,40531.86036624493,1603.5476216095062,lexicographic,4.927215180779812e-05,4.053186032571307e-05,False,0.11154700000042794,0.0,1,0
2025-06-06,False,2,0.95,10,0.9,0,calibrated_quantile,2025-05-09;2025-05-12;2025-05-13;2025-05-14;2025-05-15;2025-05-16;2025-05-19;2025-05-20;2025-05-21;2025-05-22;2025-05-23;2025-05-26;2025-05-27;2025-05-28;2025-05-29;2025-05-30;2025-06-02;2025-06-03;2025-06-04;2025-06-05,20,7787.7967865563305,2025-06-05;2025-06-04,2025-06-05;2025-06-04;2025-06-02;2025-06-03;2025-05-23;2025-05-30;2025-05-09;2025-01-31;2025-02-21;2025-05-15,,2025-06-05,9600.0,10800.0,10800.0,317.7041054872982,345.752974772969,61.647107386225834,101.80382723275332,79797.36921271219,0.0,44671.83578690182,49663.479858981416,0.0,49663.479858981416,49663.479858981416,49663.47980931795,40682.493824825055,1590.2510692362046,lexicographic,4.966347980931795e-05,4.068249378414256e-05,False,0.11711859999923036,0.0,1,0
2025-06-07,False,2,0.95,10,0.9,0,calibrated_quantile,2025-05-10;2025-05-11;2025-05-17;2025-05-18;2025-05-24;2025-05-25;2025-05-31;2025-06-01,8,11648.866192236303,2025-02-01;2025-01-25,2025-02-01;2025-01-25;2025-05-03;2025-01-18;2025-02-08;2025-02-15;2025-02-22;2025-05-24;2025-03-01;2025-01-11,,2025-06-06,9600.0,10800.0,10800.0,88.22697445533612,102.00125569613313,128.27031567460003,208.35489801587175,31850.5904912192,11031.055143624802,7700.631050404463,15563.61800510034,46546.966844356495,62110.584849456834,15563.618005100341,15563.617989536724,38624.46087457314,1461.1965062988784,lexicographic,1.5563617989536724e-05,3.862446083594869e-05,False,0.11474079999970854,1.168744571325733e-16,1,0
2025-06-08,False,2,0.95,10,0.9,0,calibrated_quantile,2025-05-11;2025-05-17;2025-05-18;2025-05-24;2025-05-25;2025-05-31;2025-06-01;2025-06-07,8,18078.236171366232,2025-06-07;2025-01-26,2025-06-07;2025-01-26;2025-01-19;2025-01-12;2025-01-05;2025-02-02;2025-06-01;2025-02-16;2025-02-09;2025-02-23,,2025-06-07,9600.0,10800.0,10800.0,313.0306707963468,344.8225197745137,69.43313645962778,125.77549448001365,50159.50380489799,20478.87081828378,2815.527331804975,28890.23288252263,86449.43696018963,115339.66984271226,28890.23288252263,28890.232853632406,25129.69728802795,1639.932007494077,lexicographic,2.889023285363241e-05,2.512969726289825e-05,False,0.11030680000112625,0.0,1,0
2025-06-09,False,2,0.95,10,0.9,0,calibrated_quantile,2025-05-12;2025-05-13;2025-05-14;2025-05-15;2025-05-16;2025-05-19;2025-05-20;2025-05-21;2025-05-22;2025-05-23;2025-05-26;2025-05-27;2025-05-28;2025-05-29;2025-05-30;2025-06-02;2025-06-03;2025-06-04;2025-06-05;2025-06-06,20,7616.051318552967,2025-06-02;2025-06-03,2025-06-02;2025-06-03;2025-06-04;2025-06-06;2025-06-05;2025-05-12;2025-05-26;2025-05-19;2025-05-06;2025-02-24,,2025-06-08,9600.0,10800.0,10800.0,23.411401098053187,30.178574402077434,23.210278060525862,39.960134255724434,81591.75808448897,803.5996358971026,7184.1008320518,51057.313880736474,2817.849542823673,53875.163423560145,51057.31388073647,51057.313829679144,40758.76273974584,1587.711106708106,lexicographic,5.1057313829679145e-05,4.0758762698987075e-05,False,0.11179929999707383,0.0,1,0
2025-06-10,False,2,0.95,10,0.9,0,calibrated_quantile,2025-05-13;2025-05-14;2025-05-15;2025-05-16;2025-05-19;2025-05-20;2025-05-21;2025-05-22;2025-05-23;2025-05-26;2025-05-27;2025-05-28;2025-05-29;2025-05-30;2025-06-02;2025-06-03;2025-06-04;2025-06-05;2025-06-06;2025-06-09,20,7633.597935597857,2025-06-03;2025-06-04,2025-06-03;2025-06-04;2025-06-09;2025-06-02;2025-06-05;2025-06-06;2025-01-28;2025-01-21;2025-01-22;2025-01-14,,2025-06-09,9600.0,10800.0,10800.0,23.7616918358262,29.101754548067234,23.989483870114718,41.66193054255861,83169.77659221568,279.00576064113676,7474.759631554048,52061.66955331896,959.6723679825709,53021.34192130154,52061.66955331895,52061.66950125728,41492.6161222353,1605.8597999800027,lexicographic,5.2061669501257285e-05,4.149261608074267e-05,False,0.06334649999917019,0.0,1,0
2025-06-11,False,2,0.95,10,0.9,0,calibrated_quantile,2025-05-14;2025-05-15;2025-05-16;2025-05-19;2025-05-20;2025-05-21;2025-05-22;2025-05-23;2025-05-26;2025-05-27;2025-05-28;2025-05-29;2025-05-30;2025-06-02;2025-06-03;2025-06-04;2025-06-05;2025-06-06;2025-06-09;2025-06-10,20,7509.767427641852,2025-06-04;2025-06-05,2025-06-04;2025-06-05;2025-06-03;2025-06-10;2025-06-06;2025-05-21;2025-06-02;2025-05-14;2025-05-27;2025-06-09,,2025-06-10,9600.0,10800.0,10800.0,21.798072643637244,28.165013051203108,41.222396416268666,77.50541620476297,82445.26646908655,2410.786825526843,4439.259948141299,51444.60691845756,11242.871130805139,62687.4780492627,51444.60691845755,51444.60686701295,41271.30591551499,1590.2510933438707,lexicographic,5.144460686701296e-05,4.1271305874243684e-05,False,0.13528779999978724,0.0,1,0
2025-06-12,False,2,0.95,10,0.9,0,calibrated_quantile,2025-05-15;2025-05-16;2025-05-19;2025-05-20;2025-05-21;2025-05-22;2025-05-23;2025-05-26;2025-05-27;2025-05-28;2025-05-29;2025-05-30;2025-06-02;2025-06-03;2025-06-04;2025-06-05;2025-06-06;2025-06-09;2025-06-10;2025-06-11,20,7929.8983766563,2025-06-05;2025-06-11,2025-06-05;2025-06-11;2025-06-04;2025-06-06;2025-06-10;2025-06-03;2025-01-30;2025-01-22;2025-01-23;2025-06-02,,2025-06-11,9600.0,10800.0,10800.0,25.569544150073607,34.068304538350674,18.48415609139918,34.25392968451922,85042.30557295153,405.61054371115847,8530.69500540615,53522.67291841014,1635.0343427489,55157.70726115904,53522.67291841014,53522.672864887485,42533.377458110524,1596.88742208771,lexicographic,5.3522672864887485e-05,4.2533377415577145e-05,False,0.08853640000234009,0.0,1,0
2025-06-13,False,2,0.95,10,0.9,0,calibrated_quantile,2025-05-16;2025-05-19;2025-05-20;2025-05-21;2025-05-22;2025-05-23;2025-05-26;2025-05-27;2025-05-28;2025-05-29;2025-05-30;2025-06-02;2025-06-03;2025-06-04;2025-06-05;2025-06-06;2025-06-09;2025-06-10;2025-06-11;2025-06-12,20,7901.707692553111,2025-06-06;2025-06-12,2025-06-06;2025-06-12;2025-06-05;2025-06-11;2025-06-04;2025-06-02;2025-06-10;2025-06-03;2025-05-23;2025-05-30,,2025-06-12,9600.0,10800.0,10800.0,186.47835816969297,202.9330105416514,32.708694010039686,57.17103384376016,63697.74137548485,0.0,31727.298823124693,38420.9744561932,0.0,38420.9744561932,38420.9744561932,38420.9744177722,34534.12222511516,1526.6491454491393,lexicographic,3.842097441777221e-05,3.453412219058104e-05,False,0.14354789999924833,0.0,1,0
2025-06-14,False,2,0.95,10,0.9,0,calibrated_quantile,2025-05-17;2025-05-18;2025-05-24;2025-05-25;2025-05-31;2025-06-01;2025-06-07;2025-06-08,8,23486.82763192004,2025-06-07;2025-05-24,2025-06-07;2025-05-24;2025-05-03;2025-06-08;2025-05-10;2025-01-25;2025-02-08;2025-02-01;2025-02-15;2025-02-22,,2025-06-13,9600.0,10800.0,10800.0,26.31538448496086,33.27235467482559,30.898897463837656,60.395749035717216,47828.392435900954,0.0,18404.09139943921,28665.2920262175,0.0,28665.2920262175,28665.292026217496,28665.291997552213,30779.128939451322,1603.203468300395,lexicographic,2.8665291997552213e-05,3.07791289086722e-05,False,0.14583889999994426,0.0,1,0
2025-06-15,False,2,0.95,10,0.9,0,calibrated_quantile,2025-05-18;2025-05-24;2025-05-25;2025-05-31;2025-06-01;2025-06-07;2025-06-08;2025-06-14,8,23437.79393166521,2025-06-08;2025-06-07,2025-06-08;2025-06-07;2025-06-14;2025-06-01;2025-01-26;2025-05-18;2025-05-11;2025-01-19;2025-02-02;2025-02-16,,2025-06-14,9600.0,10800.0,10800.0,146.69189658713202,165.32615460913954,26.345051548399592,44.01166861729941,76249.78436073966,4023.188557676107,5812.338880304464,47490.24155685927,17859.200154441463,65349.44171130074,47490.24155685927,47490.241509369036,36520.65297709544,1643.2455395992856,lexicographic,4.7490241509369036e-05,3.6520652940574786e-05,False,0.1746397999995679,0.0,1,0
2025-06-16,False,2,0.95,10,0.9,0,calibrated_quantile,2025-05-19;2025-05-20;2025-05-21;2025-05-22;2025-05-23;2025-05-26;2025-05-27;2025-05-28;2025-05-29;2025-05-30;2025-06-02;2025-06-03;2025-06-04;2025-06-05;2025-06-06;2025-06-09;2025-06-10;2025-06-11;2025-06-12;2025-06-13,20,7840.200752141722,2025-06-02;2025-06-09,2025-06-02;2025-06-09;2025-06-10;2025-06-03;2025-06-13;2025-06-11;2025-06-06;2025-06-04;2025-05-19;2025-06-12,,2025-06-15,9600.0,10800.0,10800.0,24.118533623080072,30.924179628072118,17.488959896379892,32.57466387999326,84908.72627739905,343.71202909754436,8112.156682787128,53494.14789122071,1020.1416216388808,54514.28951285959,53494.14789122071,53494.14783772658,42356.17968814459,1582.434850799933,lexicographic,5.3494147837726585e-05,4.235617964578841e-05,False,0.06847230000130367,0.0,1,0
2025-06-17,False,2,0.95,10,0.9,0,calibrated_quantile,2025-05-20;2025-05-21;2025-05-22;2025-05-23;2025-05-26;2025-05-27;2025-05-28;2025-05-29;2025-05-30;2025-06-02;2025-06-03;2025-06-04;2025-06-05;2025-06-06;2025-06-09;2025-06-10;2025-06-11;2025-06-12;2025-06-13;2025-06-16,20,7878.823344210488,2025-06-03;2025-06-11,2025-06-03;2025-06-11;2025-06-10;2025-06-16;2025-06-02;2025-06-04;2025-06-09;2025-06-12;2025-06-05;2025-06-13,,2025-06-16,9600.0,10800.0,10800.0,24.531798872493475,31.77098270725843,36.24391611893686,72.69261437911659,84954.06597895376,1152.1544972387694,6987.905250710866,53458.55423339507,4684.7390484077705,58143.29328180284,53458.55423339507,53458.554179936495,42690.317136606136,1582.4164884786587,lexicographic,5.34585541799365e-05,4.269031709391581e-05,False,0.07391020000068238,2.7214090703791807e-07,1,0
2025-06-18,False,2,0.95,10,0.9,0,calibrated_quantile,2025-05-21;2025-05-22;2025-05-23;2025-05-26;2025-05-27;2025-05-28;2025-05-29;2025-05-30;2025-06-02;2025-06-03;2025-06-04;2025-06-05;2025-06-06;2025-06-09;2025-06-10;2025-06-11;2025-06-12;2025-06-13;2025-06-16;2025-06-17,20,7876.598485936642,2025-06-11;2025-06-17,2025-06-11;2025-06-17;2025-06-12;2025-06-05;2025-06-04;2025-06-10;2025-06-13;2025-06-03;2025-06-06;2025-06-16,,2025-06-17,9600.0,10800.0,10800.0,21.896403286301183,26.567983041654227,22.21540531103225,39.57467979662718,85608.25251911201,80.96627527287238,10217.58557128353,53877.91107317979,189.53691716027822,54067.44799034007,53877.911073179785,53877.91101930187,43280.361077965514,1602.100759459056,lexicographic,5.387791101930187e-05,4.328036103468515e-05,False,0.15387339999870164,0.0,1,0
2025-06-19,False,2,0.95,10,0.9,0,calibrated_quantile,2025-05-22;2025-05-23;2025-05-26;2025-05-27;2025-05-28;2025-05-29;2025-05-30;2025-06-02;2025-06-03;2025-06-04;2025-06-05;2025-06-06;2025-06-09;2025-06-10;2025-06-11;2025-06-12;2025-06-13;2025-06-16;2025-06-17;2025-06-18,20,7772.951780752578,2025-06-18;2025-06-11,2025-06-18;2025-06-11;2025-06-12;2025-06-05;2025-06-13;2025-06-06;2025-06-04;2025-06-17;2025-06-10;2025-06-03,,2025-06-18,9600.0,10800.0,10800.0,26.89296442305186,33.38583521185375,37.12900748094526,71.98949337793788,84945.801542049,325.6049564200132,12547.514493094877,53296.194977766725,1608.4056005948173,54904.60057836154,53296.19497776673,53296.194924470525,42529.168040669494,1585.406998043602,lexicographic,5.3296194924470525e-05,4.252916799814032e-05,False,0.20108909999908064,0.0,1,0
2025-06-20,False,2,0.95,10,0.9,0,calibrated_quantile,2025-05-23;2025-05-26;2025-05-27;2025-05-28;2025-05-29;2025-05-30;2025-06-02;2025-06-03;2025-06-04;2025-06-05;2025-06-06;2025-06-09;2025-06-10;2025-06-11;2025-06-12;2025-06-13;2025-06-16;2025-06-17;2025-06-18;2025-06-19,20,7824.977749293781,2025-06-13;2025-06-06,2025-06-13;2025-06-06;2025-06-05;2025-06-12;2025-06-19;2025-06-04;2025-06-11;2025-06-18;2025-06-10;2025-06-17,,2025-06-19,9600.0,10800.0,10800.0,24.741614463950125,30.84745381242356,26.56134809459787,43.02537035723312,38683.19712000675,66.1988452259913,12337.595335749818,22278.146376907454,164.5115507572804,22442.657927664735,22278.14637690745,22278.14635462931,38212.14632033732,1411.728750373628,lexicographic,2.227814635462931e-05,3.821214628212518e-05,False,0.15605580000192276,0.0,1,0
2025-06-21,False,2,0.95,10,0.9,0,calibrated_quantile,2025-05-24;2025-05-25;2025-05-31;2025-06-01;2025-06-07;2025-06-08;2025-06-14;2025-06-15,8,26634.10803362542,2025-06-14;2025-06-07,2025-06-14;2025-06-07;2025-06-15;2025-05-24;2025-05-03;2025-06-08;2025-05-10;2025-05-31;2025-02-08;2025-01-25,,2025-06-20,9600.0,10800.0,10800.0,24.17551296194313,31.10295303296716,39.570033999131496,80.14958892374464,54067.38976274084,0.0,31909.26175839328,32509.528887945886,0.0,32509.528887945886,32509.52888794589,32509.52885543636,26896.48191510037,1623.1958790505432,lexicographic,3.250952885543636e-05,2.6896481888203882e-05,False,0.18065280000155326,0.0,1,0
2025-06-22,False,2,0.95,10,0.9,0,calibrated_quantile,2025-05-25;2025-05-31;2025-06-01;2025-06-07;2025-06-08;2025-06-14;2025-06-15;2025-06-21,8,26634.10803362542,2025-06-15;2025-06-01,2025-06-15;2025-06-01;2025-06-08;2025-05-18;2025-05-11;2025-05-25;2025-06-21;2025-06-14;2025-05-04;2025-06-07,,2025-06-21,9600.0,10800.0,10800.0,22.827908195681598,29.811547108998965,33.406972286011346,54.95972822738813,99722.17540897737,9.827964583230823,27556.330928705254,65240.43267559292,21.30211323415281,65261.734788827074,65240.43267559292,65240.43261035246,44948.31439046434,1654.719608188412,lexicographic,6.524043261035247e-05,4.494831434551602e-05,False,0.07398290000128327,1.1152528153268046e-16,1,0
2025-06-23,False,2,0.95,10,0.9,0,calibrated_quantile,2025-05-26;2025-05-27;2025-05-28;2025-05-29;2025-05-30;2025-06-02;2025-06-03;2025-06-04;2025-06-05;2025-06-06;2025-06-09;2025-06-10;2025-06-11;2025-06-12;2025-06-13;2025-06-16;2025-06-17;2025-06-18;2025-06-19;2025-06-20,20,7651.284243366785,2025-06-16;2025-06-09,2025-06-16;2025-06-09;2025-06-02;2025-06-17;2025-06-10;2025-06-03;2025-06-20;2025-06-13;2025-06-11;2025-06-18,,2025-06-22,9600.0,10800.0,10800.0,25.186286187427232,31.176476490128117,32.91061047245127,55.58926211641908,84215.32567414646,130.57061917491706,12881.663361319648,52823.895360198745,336.9864612587333,53160.88182145748,52823.89536019873,52823.89530737482,41943.86287854286,1565.6188806721448,lexicographic,5.282389530737482e-05,4.1943862836599e-05,False,0.26369049999993877,0.0,1,0
2025-06-24,False,2,0.95,10,0.9,0,calibrated_quantile,2025-05-27;2025-05-28;2025-05-29;2025-05-30;2025-06-02;2025-06-03;2025-06-04;2025-06-05;2025-06-06;2025-06-09;2025-06-10;2025-06-11;2025-06-12;2025-06-13;2025-06-16;2025-06-17;2025-06-18;2025-06-19;2025-06-20;2025-06-23,20,7412.246016318117,2025-06-17;2025-06-03,2025-06-17;2025-06-03;2025-06-11;2025-06-23;2025-06-16;2025-06-10;2025-06-18;2025-06-02;2025-06-04;2025-06-09,,2025-06-23,9600.0,10800.0,10800.0,24.520190228806346,30.32865127639401,41.341143598308356,80.3206727016155,82915.39587675742,2699.0261522643004,4943.964157781824,51972.04889606804,11290.997252056724,63263.04614812476,51972.04889606804,51972.048844096,41931.656707601265,1595.7174463611732,lexicographic,5.197204884409601e-05,4.1931656665669603e-05,False,0.06846850000147242,4.617912595979177e-07,1,0
2025-06-25,False,2,0.95,10,0.9,0,calibrated_quantile,2025-05-28;2025-05-29;2025-05-30;2025-06-02;2025-06-03;2025-06-04;2025-06-05;2025-06-06;2025-06-09;2025-06-10;2025-06-11;2025-06-12;2025-06-13;2025-06-16;2025-06-17;2025-06-18;2025-06-19;2025-06-20;2025-06-23;2025-06-24,20,7697.3219608897325,2025-06-18;2025-06-11,2025-06-18;2025-06-11;2025-06-19;2025-06-12;2025-06-17;2025-06-24;2025-06-05;2025-06-04;2025-06-10;2025-06-13,,2025-06-24,9600.0,10800.0,10800.0,25.094178249861827,31.224888941117282,29.955037289035218,51.597186080485095,85338.91440553204,439.26420864458674,10781.535396643532,53424.75373523898,1383.1897946298914,54807.94352986887,53424.753735238985,53424.75368181423,43432.58710562237,1579.8432656907448,lexicographic,5.342475368181423e-05,4.3432587062189775e-05,False,0.07302400000116904,0.0,1,0
2025-06-26,False,2,0.95,10,0.9,0,calibrated_quantile,2025-05-29;2025-05-30;2025-06-02;2025-06-03;2025-06-04;2025-06-05;2025-06-06;2025-06-09;2025-06-10;2025-06-11;2025-06-12;2025-06-13;2025-06-16;2025-06-17;2025-06-18;2025-06-19;2025-06-20;2025-06-23;2025-06-24;2025-06-25,20,7553.7601231386125,2025-06-19;2025-06-18,2025-06-19;2025-06-18;2025-06-25;2025-06-12;2025-06-11;2025-06-13;2025-06-05;2025-06-06;2025-06-20;2025-06-17,,2025-06-25,9600.0,10800.0,10800.0,22.893831822768277,29.08066044530064,31.283137476828173,60.89708891609295,83231.60625827727,184.29969635667186,11440.227406868542,52015.152519256124,725.2339902342545,52740.38650949038,52015.152519256124,52015.15246724096,42185.33385853711,1555.8659045077984,lexicographic,5.201515246724096e-05,4.2185333816351775e-05,False,0.14180849999684142,1.3988150123689073e-16,1,0
2025-06-27,False,2,0.95,10,0.9,0,calibrated_quantile,2025-05-30;2025-06-02;2025-06-03;2025-06-04;2025-06-05;2025-06-06;2025-06-09;2025-06-10;2025-06-11;2025-06-12;2025-06-13;2025-06-16;2025-06-17;2025-06-18;2025-06-19;2025-06-20;2025-06-23;2025-06-24;2025-06-25;2025-06-26,20,7315.830691214225,2025-06-20;2025-06-13,2025-06-20;2025-06-13;2025-06-06;2025-06-26;2025-06-19;2025-06-05;2025-06-12;2025-06-11;2025-06-24;2025-06-04,,2025-06-26,9600.0,10800.0,10800.0,24.826012689012366,32.363283910744485,27.75592683329732,53.515501626248934,36901.130283145176,149.2877959575806,13225.43887910276,20881.9467618841,534.2107898543065,21416.157551738408,20881.9467618841,20881.946741002153,38613.33333333333,1417.8121426303037,lexicographic,2.0881946741002156e-05,3.861333333333333e-05,False,0.16636530000323546,0.0,1,0
2025-06-28,False,2,0.95,10,0.9,0,calibrated_quantile,2025-05-31;2025-06-01;2025-06-07;2025-06-08;2025-06-14;2025-06-15;2025-06-21;2025-06-22,8,26668.135806355072,2025-06-21;2025-06-14,2025-06-21;2025-06-14;2025-06-07;2025-05-24;2025-05-31;2025-06-22;2025-05-10;2025-05-03;2025-05-17;2025-06-15,,2025-06-27,9600.0,10800.0,10800.0,23.71864281029582,30.77650829849128,34.460559027684326,61.72923810655964,52287.303984944076,0.0,27470.789402642316,31292.635749532914,0.0,31292.635749532914,31292.635749532907,31292.635718240264,28956.079593681774,1577.5661278328862,lexicographic,3.129263571824027e-05,2.8956079564725693e-05,False,0.1364276999993308,0.0,1,0
2025-06-29,False,2,0.95,10,0.9,0,calibrated_quantile,2025-06-01;2025-06-07;2025-06-08;2025-06-14;2025-06-15;2025-06-21;2025-06-22;2025-06-28,8,26672.530745582095,2025-06-22;2025-06-15,2025-06-22;2025-06-15;2025-06-01;2025-06-08;2025-05-18;2025-06-28;2025-05-25;2025-05-11;2025-06-21;2025-06-14,,2025-06-28,9600.0,10800.0,10800.0,24.015972157115428,30.62187681446846,32.38999299209959,64.83750654241072,98925.98290693483,3.6212236883512787,24908.472145792053,64706.866043319125,7.8055476602411815,64714.671590979364,64706.866043319125,64706.865978612244,45282.04130111066,1661.9915856700904,lexicographic,6.470686597861225e-05,4.528204125582861e-05,False,0.10860090000278433,0.0,1,0
2025-06-30,False,2,0.95,10,0.9,0,calibrated_quantile,2025-06-02;2025-06-03;2025-06-04;2025-06-05;2025-06-06;2025-06-09;2025-06-10;2025-06-11;2025-06-12;2025-06-13;2025-06-16;2025-06-17;2025-06-18;2025-06-19;2025-06-20;2025-06-23;2025-06-24;2025-06-25;2025-06-26;2025-06-27,20,7096.816192898494,2025-06-23;2025-06-16,2025-06-23;2025-06-16;2025-06-24;2025-06-02;2025-06-17;2025-06-09;2025-06-03;2025-06-10;2025-06-27;2025-06-11,,2025-06-29,9600.0,10800.0,10800.0,26.636811936431084,35.07183761465876,25.55903502491236,47.690487771016215,82367.80259033952,875.1595169542966,8920.05118863082,51523.105233627066,3292.932906362304,54816.03813998937,51523.105233627066,51523.10518210396,42346.635541824784,1554.6036595037608,lexicographic,5.152310518210396e-05,4.2346635499478146e-05,False,0.12336940000022878,9.402351262915582e-07,1,0
2025-07-01,False,2,1.0,7,0.95,0,calibrated_quantile,2025-06-03;2025-06-04;2025-06-05;2025-06-06;2025-06-09;2025-06-10;2025-06-11;2025-06-12;2025-06-13;2025-06-16;2025-06-17;2025-06-18;2025-06-19;2025-06-20;2025-06-23;2025-06-24;2025-06-25;2025-06-26;2025-06-27;2025-06-30,20,6147.802604733601,2025-06-24;2025-06-17,2025-06-24;2025-06-17;2025-06-30;2025-06-23;2025-06-18;2025-06-11;2025-06-25,,2025-06-30,9600.0,10800.0,10800.0,99.60161753472221,106.31934851492882,54.225461115209974,90.66833282321792,82748.07009329187,6252.780673880663,5706.495657995762,51564.30245821354,21608.25837335251,73172.56083156605,51564.30245821355,51564.302406649236,42180.726564613884,1587.0918751911831,lexicographic,5.156430240664924e-05,4.218072652243315e-05,False,0.10099860000264016,0.0,1,0
2025-07-02,False,2,1.0,7,0.95,0,calibrated_quantile,2025-06-04;2025-06-05;2025-06-06;2025-06-09;2025-06-10;2025-06-11;2025-06-12;2025-06-13;2025-06-16;2025-06-17;2025-06-18;2025-06-19;2025-06-20;2025-06-23;2025-06-24;2025-06-25;2025-06-26;2025-06-27;2025-06-30;2025-07-01,20,5877.508174446108,2025-06-10;2025-06-04,2025-06-10;2025-06-04;2025-06-12;2025-06-05;2025-06-20;2025-06-09;2025-06-11,,2025-07-01,9600.0,10800.0,10800.0,91.81590648148148,98.76018040706357,81.74367455402411,126.94076707886845,81690.55486465523,5167.494043018907,9593.35435120937,50591.90985754897,18631.944334152475,69223.85419170145,50591.90985754897,50591.90980695706,41534.05275544508,1591.7126434592972,lexicographic,5.0591909806957064e-05,4.153405271391102e-05,False,0.06471690000034869,0.0,1,0
2025-07-03,False,2,1.0,7,0.95,0,calibrated_quantile,2025-06-05;2025-06-06;2025-06-09;2025-06-10;2025-06-11;2025-06-12;2025-06-13;2025-06-16;2025-06-17;2025-06-18;2025-06-19;2025-06-20;2025-06-23;2025-06-24;2025-06-25;2025-06-26;2025-06-27;2025-06-30;2025-07-01;2025-07-02,20,5838.68981471511,2025-07-02;2025-06-05,2025-07-02;2025-06-05;2025-06-12;2025-06-04;2025-06-20;2025-06-10;2025-06-27,,2025-07-02,9600.0,10800.0,10800.0,50.96233640046299,60.29750824800861,21.98707140160075,36.07578190622071,83936.67112488109,2964.7496301168294,2878.2235356646634,52433.972156434065,11593.941641739715,64027.91379817378,52433.972156434065,52433.9721040001,40608.57209294677,1642.6068096840486,lexicographic,5.2433972104000104e-05,4.0608572052338186e-05,False,0.15441269999791984,0.0,1,0
2025-07-04,False,2,1.0,7,0.95,0,calibrated_quantile,2025-06-06;2025-06-09;2025-06-10;2025-06-11;2025-06-12;2025-06-13;2025-06-16;2025-06-17;2025-06-18;2025-06-19;2025-06-20;2025-06-23;2025-06-24;2025-06-25;2025-06-26;2025-06-27;2025-06-30;2025-07-01;2025-07-02;2025-07-03,20,6062.238185965284,2025-07-03;2025-07-02,2025-07-03;2025-07-02;2025-06-20;2025-06-12;2025-06-05;2025-06-06;2025-06-27,,2025-07-03,9600.0,10800.0,10800.0,316.5766157986111,346.4913525286801,40.6662836837438,83.14466621301811,90657.58207971824,0.0,57420.923509932516,57371.37504657059,0.0,57371.37504657059,57371.37504657058,57371.37498919921,41494.641561292156,1686.032567395539,lexicographic,5.7371374989199214e-05,4.149464151979751e-05,False,0.08940760000041337,0.0,1,0
2025-07-05,False,2,1.0,7,0.95,0,calibrated_quantile,2025-06-07;2025-06-08;2025-06-14;2025-06-15;2025-06-21;2025-06-22;2025-06-28;2025-06-29,8,24272.842531531467,2025-06-07;2025-06-21,2025-06-07;2025-06-21;2025-06-14;2025-06-28;2025-06-22;2025-06-08;2025-06-15,,2025-07-04,9600.0,10800.0,10800.0,94.43005295138889,101.56212752214277,58.87579438745044,105.19089021579165,51285.12455692572,1279.247232654965,20386.041082111053,31062.68838623068,2877.350631624562,33940.03901785524,31062.68838623067,31062.688355167982,32277.546530807325,1595.0892401683814,lexicographic,3.1062688355167986e-05,3.227754649852978e-05,False,0.11059179999938351,0.0,1,0
2025-07-06,False,2,1.0,7,0.95,0,calibrated_quantile,2025-06-08;2025-06-14;2025-06-15;2025-06-21;2025-06-22;2025-06-28;2025-06-29;2025-07-05,8,20584.557424294064,2025-07-05;2025-06-22,2025-07-05;2025-06-22;2025-06-08;2025-06-15;2025-06-29;2025-06-07;2025-06-21,,2025-07-05,9600.0,10800.0,10800.0,208.6001822337963,221.87465919325064,25.784842183664125,45.21041907268725,74782.91419704485,9865.88366579363,966.2048675640247,45815.27907662587,43920.319436214675,89735.59851284054,45815.27907662587,45815.27903081058,37044.14061024622,1669.0053309802133,lexicographic,4.5815279030810584e-05,3.704414057320207e-05,False,0.17659410000123898,0.0,1,0
2025-07-07,False,2,1.0,7,0.95,0,calibrated_quantile,2025-06-09;2025-06-10;2025-06-11;2025-06-12;2025-06-13;2025-06-16;2025-06-17;2025-06-18;2025-06-19;2025-06-20;2025-06-23;2025-06-24;2025-06-25;2025-06-26;2025-06-27;2025-06-30;2025-07-01;2025-07-02;2025-07-03;2025-07-04,20,6062.238185965284,2025-07-02;2025-07-04,2025-07-02;2025-07-04;2025-07-03;2025-06-09;2025-06-10;2025-06-23;2025-06-16,,2025-07-06,9600.0,10800.0,10800.0,159.71202893518517,176.0996782752223,38.482322291033135,61.95855203684867,65261.79761645003,11896.560114639364,335.65159272222024,39937.51540041238,49865.30535245832,89802.8207528707,39937.51540041238,39937.51536047486,32515.443698831154,1607.636956532745,lexicographic,3.9937515360474863e-05,3.251544366631572e-05,False,0.11615439999877708,0.0,1,0
2025-07-08,False,2,1.0,7,0.95,0,calibrated_quantile,2025-06-10;2025-06-11;2025-06-12;2025-06-13;2025-06-16;2025-06-17;2025-06-18;2025-06-19;2025-06-20;2025-06-23;2025-06-24;2025-06-25;2025-06-26;2025-06-27;2025-06-30;2025-07-01;2025-07-02;2025-07-03;2025-07-04;2025-07-07,20,7388.466601795011,2025-07-02;2025-07-07,2025-07-02;2025-07-07;2025-07-03;2025-07-04;2025-06-10;2025-06-09;2025-06-03,,2025-07-07,9600.0,10800.0,10800.0,25.447854513888913,32.21733969178392,33.6979531399393,59.149308029145516,88069.71788200055,802.122549879262,9056.586787934095,55441.7380467736,3369.766655472992,58811.504702246595,55441.73804677361,55441.737991331865,40428.41365986889,1701.8515986571751,lexicographic,5.544173799133187e-05,4.0428413619440476e-05,False,0.11261760000343202,1.31236102578909e-16,1,0
2025-07-09,False,2,1.0,7,0.95,0,calibrated_quantile,2025-06-11;2025-06-12;2025-06-13;2025-06-16;2025-06-17;2025-06-18;2025-06-19;2025-06-20;2025-06-23;2025-06-24;2025-06-25;2025-06-26;2025-06-27;2025-06-30;2025-07-01;2025-07-02;2025-07-03;2025-07-04;2025-07-07;2025-07-08,20,7410.539019551745,2025-07-02;2025-07-03,2025-07-02;2025-07-03;2025-07-08;2025-07-04;2025-07-07;2025-06-04;2025-06-10,,2025-07-08,9600.0,10800.0,10800.0,26.98266649305557,33.60079742378306,23.042907536448336,43.43100104680681,87673.43178978484,357.33495568325475,9686.33465702543,55434.18768504508,1433.3109809051161,56867.498665950196,55434.18768504509,55434.18762961088,40826.998946918735,1704.3643266786808,lexicographic,5.543418762961089e-05,4.082699890609173e-05,False,0.10088360000008834,0.0,1,0
2025-07-10,False,2,1.0,7,0.95,0,calibrated_quantile,2025-06-12;2025-06-13;2025-06-16;2025-06-17;2025-06-18;2025-06-19;2025-06-20;2025-06-23;2025-06-24;2025-06-25;2025-06-26;2025-06-27;2025-06-30;2025-07-01;2025-07-02;2025-07-03;2025-07-04;2025-07-07;2025-07-08;2025-07-09,20,6910.354996418942,2025-07-03;2025-07-02,2025-07-03;2025-07-02;2025-07-09;2025-07-04;2025-07-08;2025-07-07;2025-06-05,,2025-07-09,9600.0,10800.0,10800.0,27.89387644675926,36.980476490080335,19.571491057610903,41.567540172169274,86613.76750906056,251.41001510397447,9719.178621019919,54661.09154952946,887.9890563741521,55549.08060590361,54661.09154952946,54661.091494868386,40890.52468872862,1704.364326658679,lexicographic,5.466109149486839e-05,4.089052464783809e-05,False,0.11966450000181794,0.0,1,0
2025-07-11,False,2,1.0,7,0.95,0,calibrated_quantile,2025-06-13;2025-06-16;2025-06-17;2025-06-18;2025-06-19;2025-06-20;2025-06-23;2025-06-24;2025-06-25;2025-06-26;2025-06-27;2025-06-30;2025-07-01;2025-07-02;2025-07-03;2025-07-04;2025-07-07;2025-07-08;2025-07-09;2025-07-10,20,6805.002496729348,2025-07-04;2025-07-10,2025-07-04;2025-07-10;2025-07-03;2025-07-09;2025-07-02;2025-07-08;2025-07-07,,2025-07-10,9600.0,10800.0,10800.0,163.28958749999998,181.53898479401198,39.99090455131996,72.13954409980404,62124.78545200775,26.19063075357576,25940.604121875353,38750.92599573183,55.99556855114497,38806.92156428297,38750.92599573183,38750.9259569809,35167.297935282215,1614.9957118003554,lexicographic,3.8750925956980904e-05,3.516729790011493e-05,False,0.16589539999768022,0.0,1,0
2025-07-12,False,2,1.0,7,0.95,0,calibrated_quantile,2025-06-14;2025-06-15;2025-06-21;2025-06-22;2025-06-28;2025-06-29;2025-07-05;2025-07-06,8,20841.915351580163,2025-07-05;2025-07-06,2025-07-05;2025-07-06;2025-06-07;2025-06-21;2025-06-14;2025-06-28;2025-06-08,,2025-07-11,9600.0,10800.0,10800.0,161.39120607638887,178.47858200588988,25.890263202002465,52.014217727579485,82038.27030355754,0.0,46748.73745557362,50970.8983603081,0.0,50970.8983603081,50970.898360308085,50970.898309337186,40060.9159027241,1703.8499773722083,lexicographic,5.097089830933719e-05,4.006091586266318e-05,False,0.10887960000036401,0.0,1,0
2025-07-13,False,2,1.0,7,0.95,0,calibrated_quantile,2025-06-15;2025-06-21;2025-06-22;2025-06-28;2025-06-29;2025-07-05;2025-07-06;2025-07-12,8,20564.831004925523,2025-07-06;2025-07-05,2025-07-06;2025-07-05;2025-07-12;2025-06-22;2025-06-29;2025-06-15;2025-06-08,,2025-07-12,9600.0,10800.0,10800.0,148.4353706597222,167.2704248242835,59.735725387505596,110.53120551029237,81060.50180514368,1855.3665472269715,9523.555687460852,50272.810716214255,9305.51582380322,59578.32654001747,50272.810716214255,50272.81066594144,39292.168418351255,1703.8499314226624,lexicographic,5.027281066594144e-05,3.929216837905908e-05,False,0.1172867999994196,0.0,1,0
2025-07-14,False,2,1.0,7,0.95,0,calibrated_quantile,2025-06-16;2025-06-17;2025-06-18;2025-06-19;2025-06-20;2025-06-23;2025-06-24;2025-06-25;2025-06-26;2025-06-27;2025-06-30;2025-07-01;2025-07-02;2025-07-03;2025-07-04;2025-07-07;2025-07-08;2025-07-09;2025-07-10;2025-07-11,20,6805.002496729348,2025-07-07;2025-07-08,2025-07-07;2025-07-08;2025-07-09;2025-07-11;2025-06-09;2025-07-02;2025-07-04,,2025-07-13,9600.0,10800.0,10800.0,27.2501921875,35.912244754184904,26.481997142789957,45.97916528147217,86659.26938103956,160.3182457798156,10833.900647248312,54672.08345101869,852.9429521799254,55525.026403198615,54672.08345101868,54672.08339634661,39801.0213202998,1715.823223160388,lexicographic,5.467208339634661e-05,3.980102128049879e-05,False,0.16347980000136886,1.3308359883482385e-16,1,0
2025-07-15,False,2,1.0,7,0.95,0,calibrated_quantile,2025-06-17;2025-06-18;2025-06-19;2025-06-20;2025-06-23;2025-06-24;2025-06-25;2025-06-26;2025-06-27;2025-06-30;2025-07-01;2025-07-02;2025-07-03;2025-07-04;2025-07-07;2025-07-08;2025-07-09;2025-07-10;2025-07-11;2025-07-14,20,6593.522527004723,2025-07-08;2025-07-09,2025-07-08;2025-07-09;2025-07-14;2025-07-07;2025-07-02;2025-07-03;2025-07-10,,2025-07-14,9600.0,10800.0,10800.0,30.58629490740742,39.101668800741564,35.33229923126592,65.79640427645317,84752.29640931841,1548.1727647276216,9341.020662266154,53483.08648636074,4533.373601252031,58016.46008761277,53483.08648636074,53483.086432877644,40109.580265727665,1672.0382365439987,lexicographic,5.348308643287765e-05,4.010958022561808e-05,False,0.13720459999967716,0.0,1,0
2025-07-16,False,2,1.0,7,0.95,0,calibrated_quantile,2025-06-18;2025-06-19;2025-06-20;2025-06-23;2025-06-24;2025-06-25;2025-06-26;2025-06-27;2025-06-30;2025-07-01;2025-07-02;2025-07-03;2025-07-04;2025-07-07;2025-07-08;2025-07-09;2025-07-10;2025-07-11;2025-07-14;2025-07-15,20,6510.892789845657,2025-07-02;2025-07-09,2025-07-02;2025-07-09;2025-07-03;2025-07-10;2025-07-15;2025-07-08;2025-07-11,,2025-07-15,9600.0,10800.0,10800.0,30.61694577546296,37.929823929961614,26.342204292207864,48.393840428137715,85982.2211509722,537.5893290621829,10189.473588739103,54097.028645362036,2002.2478360517239,56099.27648141376,54097.028645362036,54097.02859126502,39970.26341795334,1694.31129249689,lexicographic,5.4097028591265024e-05,3.997026337798307e-05,False,0.15892280000116443,0.0,1,0
2025-07-17,False,2,1.0,7,0.95,0,calibrated_quantile,2025-06-19;2025-06-20;2025-06-23;2025-06-24;2025-06-25;2025-06-26;2025-06-27;2025-06-30;2025-07-01;2025-07-02;2025-07-03;2025-07-04;2025-07-07;2025-07-08;2025-07-09;2025-07-10;2025-07-11;2025-07-14;2025-07-15;2025-07-16,20,6457.816924944822,2025-07-10;2025-07-03,2025-07-10;2025-07-03;2025-07-09;2025-07-11;2025-07-16;2025-07-02;2025-07-04,,2025-07-16,9600.0,10800.0,10800.0,29.514024247685185,36.59976611288359,23.280863668340032,40.458527097331626,85660.318143507,695.7362980391027,9379.910172764654,54081.097552090956,2899.451552564647,56980.549104655605,54081.09755209097,54081.09749800987,40541.41076751466,1711.4440948728445,lexicographic,5.4081097498009875e-05,4.054141072697324e-05,False,0.13679689999844413,0.0,1,0
2025-07-18,False,2,1.0,7,0.95,0,calibrated_quantile,2025-06-20;2025-06-23;2025-06-24;2025-06-25;2025-06-26;2025-06-27;2025-06-30;2025-07-01;2025-07-02;2025-07-03;2025-07-04;2025-07-07;2025-07-08;2025-07-09;2025-07-10;2025-07-11;2025-07-14;2025-07-15;2025-07-16;2025-07-17,20,6602.604005028126,2025-07-11;2025-07-04,2025-07-11;2025-07-04;2025-07-17;2025-07-10;2025-07-03;2025-07-16;2025-07-09,,2025-07-17,9600.0,10800.0,10800.0,24.19708350694444,30.913080068925513,30.523748344568258,57.69516509165123,47072.612458212076,847.4944837608952,12592.525519547406,27834.25869783997,2356.9945101089143,30191.253207948885,27834.25869783997,27834.258670005707,38613.333229422526,1530.0100136598467,lexicographic,2.7834258670005708e-05,3.861333319080921e-05,False,0.14131120000092778,0.0,1,0
2025-07-19,False,2,1.0,7,0.95,0,calibrated_quantile,2025-06-21;2025-06-22;2025-06-28;2025-06-29;2025-07-05;2025-07-06;2025-07-12;2025-07-13,8,16926.030545462734,2025-07-12;2025-07-05,2025-07-12;2025-07-05;2025-07-13;2025-07-06;2025-06-21;2025-06-28;2025-06-07,,2025-07-18,9600.0,10800.0,10800.0,25.253626967592588,31.788376988577607,26.447638806258013,44.53545279804888,54479.43694591768,0.0,23240.281203267125,33601.812468547556,0.0,33601.812468547556,33601.81246854756,33601.812434948704,38641.944282618475,1712.5566700699992,lexicographic,3.360181243494871e-05,3.864194424397654e-05,False,0.22627690000081202,0.0,1,0
2025-07-20,False,2,1.0,7,0.95,0,calibrated_quantile,2025-06-22;2025-06-28;2025-06-29;2025-07-05;2025-07-06;2025-07-12;2025-07-13;2025-07-19,8,16926.589484751457,2025-07-13;2025-07-06,2025-07-13;2025-07-06;2025-07-05;2025-06-22;2025-07-19;2025-06-29;2025-07-12,,2025-07-19,9600.0,10800.0,10800.0,30.02037326388889,36.54297792086902,24.637846003661018,42.19404651009576,96736.36126693228,43.44809288726583,20234.24263577246,62818.760281950956,104.15291035776121,62922.91319230872,62818.76028195096,62818.76021928933,42445.34314925547,1743.3415249999998,lexicographic,6.281876021928934e-05,4.244534310681013e-05,False,0.17431399999986752,1.1582459744166118e-16,1,0
2025-07-21,False,2,1.0,7,0.95,0,calibrated_quantile,2025-06-23;2025-06-24;2025-06-25;2025-06-26;2025-06-27;2025-06-30;2025-07-01;2025-07-02;2025-07-03;2025-07-04;2025-07-07;2025-07-08;2025-07-09;2025-07-10;2025-07-11;2025-07-14;2025-07-15;2025-07-16;2025-07-17;2025-07-18,20,7347.87017368657,2025-07-07;2025-07-14,2025-07-07;2025-07-14;2025-07-15;2025-07-08;2025-06-09;2025-07-16;2025-07-18,,2025-07-20,9600.0,10800.0,10800.0,31.6516828125,40.029952810216116,25.162440963518335,41.38574793164666,86452.54780964347,506.10366128561657,8815.025051094257,54468.855915324784,1958.340902283237,56427.19681760802,54468.85591532479,54468.855860855954,39571.144717900344,1737.5680344585944,lexicographic,5.4468855860855956e-05,3.957114467832919e-05,False,0.15163250000114203,0.0,1,0
2025-07-22,False,2,1.0,7,0.95,0,calibrated_quantile,2025-06-24;2025-06-25;2025-06-26;2025-06-27;2025-06-30;2025-07-01;2025-07-02;2025-07-03;2025-07-04;2025-07-07;2025-07-08;2025-07-09;2025-07-10;2025-07-11;2025-07-14;2025-07-15;2025-07-16;2025-07-17;2025-07-18;2025-07-21,20,7480.541440886014,2025-07-15;2025-07-08,2025-07-15;2025-07-08;2025-07-16;2025-07-21;2025-07-07;2025-07-09;2025-07-02,,2025-07-21,9600.0,10800.0,10800.0,25.693783564814808,32.77440781248897,31.18200326021358,57.13141254957671,85458.66238929387,855.6765533446497,8326.632219882162,53865.76075742271,3545.94329795972,57411.704055382426,53865.7607574227,53865.76070355694,39939.670589591275,1682.6729491041701,lexicographic,5.386576070355694e-05,3.9939670549651603e-05,False,0.1437246999994386,0.0,1,0
2025-07-23,False,2,1.0,7,0.95,0,calibrated_quantile,2025-06-25;2025-06-26;2025-06-27;2025-06-30;2025-07-01;2025-07-02;2025-07-03;2025-07-04;2025-07-07;2025-07-08;2025-07-09;2025-07-10;2025-07-11;2025-07-14;2025-07-15;2025-07-16;2025-07-17;2025-07-18;2025-07-21;2025-07-22,20,6959.571542957634,2025-07-16;2025-07-09,2025-07-16;2025-07-09;2025-07-22;2025-07-17;2025-07-02;2025-07-15;2025-07-10,,2025-07-22,9600.0,10800.0,10800.0,26.338135358796293,32.18682105153521,28.75717596065184,50.338384417688935,84570.7756334208,946.0458057362289,7184.777510662923,53317.04715564271,3922.2294750262845,57239.27663066899,53317.0471556427,53317.04710232566,39205.5222600404,1708.0706938340363,lexicographic,5.3317047102325666e-05,3.9205522220834875e-05,False,0.13023679999969318,0.0,1,0
2025-07-24,False,2,1.0,7,0.95,0,calibrated_quantile,2025-06-26;2025-06-27;2025-06-30;2025-07-01;2025-07-02;2025-07-03;2025-07-04;2025-07-07;2025-07-08;2025-07-09;2025-07-10;2025-07-11;2025-07-14;2025-07-15;2025-07-16;2025-07-17;2025-07-18;2025-07-21;2025-07-22;2025-07-23,20,7151.487986290687,2025-07-17;2025-07-10,2025-07-17;2025-07-10;2025-07-03;2025-07-23;2025-07-16;2025-07-18;2025-07-11,,2025-07-23,9600.0,10800.0,10800.0,24.96773634259259,32.999051002607736,35.3104577671043,59.15091824710459,86316.94223109669,1365.263832994794,9797.845245478587,54523.22551926621,5663.076722572781,60186.302241838996,54523.22551926621,54523.22546474298,40657.25664047034,1688.3240571341753,lexicographic,5.4523225464742985e-05,4.065725659981308e-05,False,0.1214075000025332,0.0,1,0
2025-07-25,False,2,1.0,7,0.95,0,calibrated_quantile,2025-06-27;2025-06-30;2025-07-01;2025-07-02;2025-07-03;2025-07-04;2025-07-07;2025-07-08;2025-07-09;2025-07-10;2025-07-11;2025-07-14;2025-07-15;2025-07-16;2025-07-17;2025-07-18;2025-07-21;2025-07-22;2025-07-23;2025-07-24,20,7382.311318886881,2025-07-18;2025-07-11,2025-07-18;2025-07-11;2025-07-24;2025-07-04;2025-07-10;2025-07-03;2025-07-17,,2025-07-24,9600.0,10800.0,10800.0,25.35723981481482,31.492487462285307,20.498190107869032,33.9221335857162,46698.66036932995,151.30683220962405,16291.314301539576,27581.852263879206,665.8156066468243,28247.66787052603,27581.852263879206,27581.852236297353,38613.33333333333,1524.00641118178,lexicographic,2.7581852236297354e-05,3.861333333333334e-05,False,0.17154440000012983,0.0,1,0
2025-07-26,False,2,1.0,7,0.95,0,calibrated_quantile,2025-06-28;2025-06-29;2025-07-05;2025-07-06;2025-07-12;2025-07-13;2025-07-19;2025-07-20,8,15819.6144074524,2025-07-19;2025-07-05,2025-07-19;2025-07-05;2025-07-12;2025-06-28;2025-06-21;2025-07-20;2025-07-13,,2025-07-25,9600.0,10800.0,10800.0,28.157961689814822,35.33765319707246,28.49929831458816,50.20003330806073,53726.404835564535,428.9592813985214,21632.939230700344,33151.488226625734,1541.7182165547504,34693.20644318048,33151.488226625734,33151.488193474244,38613.33320246768,1737.322504012864,lexicographic,3.315148819347425e-05,3.861333316385434e-05,False,0.13573700000051758,0.0,1,0
2025-07-27,False,2,1.0,7,0.95,0,calibrated_quantile,2025-06-29;2025-07-05;2025-07-06;2025-07-12;2025-07-13;2025-07-19;2025-07-20;2025-07-26,8,16411.32206190599,2025-07-13;2025-07-20,2025-07-13;2025-07-20;2025-07-06;2025-06-22;2025-06-15;2025-07-26;2025-06-29,,2025-07-26,9600.0,10800.0,10800.0,25.374271354166673,32.2405275085351,26.397246154957895,47.67758830322961,95461.40445977327,36.929127920563246,17548.372429961706,61678.339953009934,148.73900744664488,61827.07896045658,61678.33995300993,61678.3398913316,40627.558723658716,1734.4401215845496,lexicographic,6.167833989133161e-05,4.062755868303115e-05,False,0.17927209999834304,0.0,1,0
2025-07-28,False,2,1.0,7,0.95,0,calibrated_quantile,2025-06-30;2025-07-01;2025-07-02;2025-07-03;2025-07-04;2025-07-07;2025-07-08;2025-07-09;2025-07-10;2025-07-11;2025-07-14;2025-07-15;2025-07-16;2025-07-17;2025-07-18;2025-07-21;2025-07-22;2025-07-23;2025-07-24;2025-07-25,20,7503.917180741359,2025-07-21;2025-07-07,2025-07-21;2025-07-07;2025-07-14;2025-07-22;2025-07-15;2025-07-08;2025-06-09,,2025-07-27,9600.0,10800.0,10800.0,30.023803993055544,35.68783940915701,41.26043471159872,70.76690411491086,85408.12643074273,1886.7085029501782,5215.830442794004,53740.69997113731,7434.13417038252,61174.83414151982,53740.69997113729,53740.699917396596,39287.73861154592,1703.7191206109987,lexicographic,5.37406999173966e-05,3.928773857225819e-05,False,0.13937319999968167,1.3539007912749756e-16,1,0
2025-07-29,False,2,1.0,7,0.95,0,calibrated_quantile,2025-07-01;2025-07-02;2025-07-03;2025-07-04;2025-07-07;2025-07-08;2025-07-09;2025-07-10;2025-07-11;2025-07-14;2025-07-15;2025-07-16;2025-07-17;2025-07-18;2025-07-21;2025-07-22;2025-07-23;2025-07-24;2025-07-25;2025-07-28,20,7911.236619460848,2025-07-22;2025-07-15,2025-07-22;2025-07-15;2025-07-08;2025-07-21;2025-07-16;2025-07-02;2025-07-07,,2025-07-28,9600.0,10800.0,10800.0,28.577370081018525,35.56461851956699,34.641784407528384,69.86589637353383,85153.26310339895,1844.2910814641186,6769.868216755383,53626.38285837541,7007.493232907384,60633.87609128279,53626.38285837541,53626.382804749024,39614.61280407852,1684.962498349434,lexicographic,5.3626382804749025e-05,3.96146127644639e-05,False,0.15787030000137747,0.0,1,0
2025-07-30,False,2,1.0,7,0.95,0,calibrated_quantile,2025-07-02;2025-07-03;2025-07-04;2025-07-07;2025-07-08;2025-07-09;2025-07-10;2025-07-11;2025-07-14;2025-07-15;2025-07-16;2025-07-17;2025-07-18;2025-07-21;2025-07-22;2025-07-23;2025-07-24;2025-07-25;2025-07-28;2025-07-29,20,7545.011242117458,2025-07-16;2025-07-23,2025-07-16;2025-07-23;2025-07-02;2025-07-29;2025-07-24;2025-07-22;2025-07-10,,2025-07-29,9600.0,10800.0,10800.0,26.711405324074075,33.843961346814055,33.626226236188415,57.42268401559847,86302.6924271441,677.0505825014053,8656.477436901081,54413.21585143154,3163.2658982317075,57576.481749663246,54413.21585143154,54413.2157970183,40201.16240088111,1683.521017268342,lexicographic,5.4413215797018305e-05,4.020116236067995e-05,False,0.12273999999888474,0.0,1,0
2025-07-31,False,2,1.0,7,0.95,0,calibrated_quantile,2025-07-03;2025-07-04;2025-07-07;2025-07-08;2025-07-09;2025-07-10;2025-07-11;2025-07-14;2025-07-15;2025-07-16;2025-07-17;2025-07-18;2025-07-21;2025-07-22;2025-07-23;2025-07-24;2025-07-25;2025-07-28;2025-07-29;2025-07-30,20,7024.266171942984,2025-07-24;2025-07-10,2025-07-24;2025-07-10;2025-07-17;2025-07-23;2025-07-03;2025-07-16;2025-07-30,,2025-07-30,9600.0,10800.0,10800.0,29.63961296296298,37.3069634036995,24.785474851989477,44.47278191396255,85322.3903454459,746.6955695448885,7176.500300806647,53834.53506128701,3223.3211721773996,57057.85623346441,53834.535061287,53834.53500745249,39987.56167898227,1693.596325604985,lexicographic,5.383453500745249e-05,3.9987561638994706e-05,False,0.11741339999935008,0.0,1,0
2025-08-01,False,2,1.0,10,0.9,0,calibrated_quantile,2025-07-04;2025-07-07;2025-07-08;2025-07-09;2025-07-10;2025-07-11;2025-07-14;2025-07-15;2025-07-16;2025-07-17;2025-07-18;2025-07-21;2025-07-22;2025-07-23;2025-07-24;2025-07-25;2025-07-28;2025-07-29;2025-07-30;2025-07-31,20,6586.473890076237,2025-07-25;2025-07-18,2025-07-25;2025-07-18;2025-07-04;2025-07-11;2025-07-31;2025-07-24;2025-07-10;2025-07-17;2025-07-03;2025-07-30,,2025-07-31,9600.0,10800.0,10800.0,26.54285711805555,33.83787695446631,50.41772034386212,81.11861119621446,44564.19008848571,393.2003309403552,19652.697429424552,26142.593391617185,1102.6882214008506,27245.281613018036,26142.593391617185,26142.593365474593,38613.33323808459,1485.1884142449367,lexicographic,2.6142593365474595e-05,3.861333319947127e-05,False,0.21563050000258954,1.391590633810736e-16,1,0
2025-08-02,False,2,1.0,10,0.9,0,calibrated_quantile,2025-07-05;2025-07-06;2025-07-12;2025-07-13;2025-07-19;2025-07-20;2025-07-26;2025-07-27,8,15902.638785934636,2025-07-26;2025-07-05,2025-07-26;2025-07-05;2025-07-19;2025-07-12;2025-07-20;2025-07-13;2025-07-06;2025-07-27;2025-06-28;2025-06-21,,2025-08-01,9600.0,10800.0,10800.0,29.648328124999995,38.758594630465545,39.189840536114204,68.7562902711059,53371.47953180118,0.0,28389.260887545322,32871.262676457,0.0,32871.262676457,32871.262676457,32871.262643585746,38631.055877735664,1719.2775036357045,lexicographic,3.2871262643585744e-05,3.863105583910462e-05,False,0.14678249999997206,0.0,1,0
2025-08-03,False,2,1.0,10,0.9,0,calibrated_quantile,2025-07-06;2025-07-12;2025-07-13;2025-07-19;2025-07-20;2025-07-26;2025-07-27;2025-08-02,8,13950.121689810949,2025-07-20;2025-07-06,2025-07-20;2025-07-06;2025-07-13;2025-07-27;2025-08-02;2025-06-22;2025-07-26;2025-06-29;2025-07-05;2025-07-19,,2025-08-02,9600.0,10800.0,10800.0,28.154114988425924,34.413732406641415,55.81860132070327,93.23604222243175,90854.81532239527,0.0,23775.99160084671,58927.25418476414,0.0,58927.25418476414,58927.25418476413,58927.25412583688,40385.32719036605,1717.7233131230585,lexicographic,5.892725412583688e-05,4.0385327149980724e-05,False,0.11418459999913466,0.0,1,0
2025-08-04,False,2,1.0,10,0.9,0,calibrated_quantile,2025-07-07;2025-07-08;2025-07-09;2025-07-10;2025-07-11;2025-07-14;2025-07-15;2025-07-16;2025-07-17;2025-07-18;2025-07-21;2025-07-22;2025-07-23;2025-07-24;2025-07-25;2025-07-28;2025-07-29;2025-07-30;2025-07-31;2025-08-01,20,6755.58450849821,2025-07-14;2025-07-28,2025-07-14;2025-07-28;2025-07-21;2025-07-15;2025-07-22;2025-07-08;2025-07-07;2025-07-29;2025-07-23;2025-07-18,,2025-08-03,9600.0,10800.0,10800.0,24.87789768518519,31.089001005607123,67.19527987815923,110.19247167637373,87027.47718412045,113.97157951020694,17476.15865543067,54962.43092151193,301.0190718387513,55263.44999335068,54962.43092151192,54962.4308665495,40483.36523688771,1651.4613401202805,lexicographic,5.4962430866549504e-05,4.048336519640434e-05,False,0.09427109999887762,1.3238056431400711e-16,1,0
2025-08-05,False,2,1.0,10,0.9,0,calibrated_quantile,2025-07-08;2025-07-09;2025-07-10;2025-07-11;2025-07-14;2025-07-15;2025-07-16;2025-07-17;2025-07-18;2025-07-21;2025-07-22;2025-07-23;2025-07-24;2025-07-25;2025-07-28;2025-07-29;2025-07-30;2025-07-31;2025-08-01;2025-08-04,20,5304.421918122305,2025-07-15;2025-07-22,2025-07-15;2025-07-22;2025-07-08;2025-07-23;2025-08-04;2025-07-14;2025-07-09;2025-07-16;2025-07-21;2025-07-29,,2025-08-04,9600.0,10800.0,10800.0,32.89527494212963,40.965635497202335,31.194857534747307,55.37429546845355,81071.0100578451,220.98798435676946,12096.89207241282,50929.32001189703,623.7824041414021,51553.102416038426,50929.32001189703,50929.31996096771,38512.953620972694,1644.6965838876017,lexicographic,5.0929319960967714e-05,3.851295358245973e-05,False,0.12027319999833708,0.0,1,0
2025-08-06,False,2,1.0,10,0.9,0,calibrated_quantile,2025-07-09;2025-07-10;2025-07-11;2025-07-14;2025-07-15;2025-07-16;2025-07-17;2025-07-18;2025-07-21;2025-07-22;2025-07-23;2025-07-24;2025-07-25;2025-07-28;2025-07-29;2025-07-30;2025-07-31;2025-08-01;2025-08-04;2025-08-05,20,5019.342985778546,2025-07-23;2025-07-16,2025-07-23;2025-07-16;2025-07-24;2025-07-31;2025-07-30;2025-07-09;2025-08-05;2025-07-15;2025-07-22;2025-07-17,,2025-08-05,9600.0,10800.0,10800.0,33.805448148148145,42.23877277971747,34.52315699434146,56.42551672596067,82346.6192041953,567.0907581942082,10617.117194891905,51724.14195243339,2020.1981535023358,53744.34010593573,51724.14195243339,51724.14190070924,39840.89598160014,1671.0173756786094,lexicographic,5.172414190070924e-05,3.9840895941759243e-05,False,0.12415800000235322,0.0,1,0
2025-08-07,False,2,1.0,10,0.9,0,calibrated_quantile,2025-07-10;2025-07-11;2025-07-14;2025-07-15;2025-07-16;2025-07-17;2025-07-18;2025-07-21;2025-07-22;2025-07-23;2025-07-24;2025-07-25;2025-07-28;2025-07-29;2025-07-30;2025-07-31;2025-08-01;2025-08-04;2025-08-05;2025-08-06,20,5039.402371638946,2025-07-24;2025-07-31,2025-07-24;2025-07-31;2025-07-17;2025-08-06;2025-07-23;2025-07-10;2025-07-03;2025-07-16;2025-07-25;2025-07-18,,2025-08-06,9600.0,10800.0,10800.0,28.517797222222214,34.86231841064044,53.27571969588126,94.31359054059608,81212.03727630088,461.82349620790285,14165.160671651996,51063.634935859256,1572.716119270282,52636.35105512954,51063.63493585924,51063.63488479561,39255.23094763565,1632.7210760030566,lexicographic,5.106363488479561e-05,3.925523090838042e-05,False,0.16535519999888493,1.4248804713175382e-16,1,0
2025-08-08,False,2,1.0,10,0.9,0,calibrated_quantile,2025-07-11;2025-07-14;2025-07-15;2025-07-16;2025-07-17;2025-07-18;2025-07-21;2025-07-22;2025-07-23;2025-07-24;2025-07-25;2025-07-28;2025-07-29;2025-07-30;2025-07-31;2025-08-01;2025-08-04;2025-08-05;2025-08-06;2025-08-07,20,4975.352153269047,2025-07-18;2025-07-25,2025-07-18;2025-07-25;2025-07-11;2025-08-07;2025-07-24;2025-08-01;2025-07-31;2025-07-17;2025-08-06;2025-07-03,,2025-08-07,9600.0,10800.0,10800.0,26.201330960648157,32.872589778581215,49.93810747482683,87.96262995981424,43138.96158721065,203.8256390448666,23514.282642922186,25140.471992328046,883.4550245611102,26023.927016889156,25140.47199232805,25140.471967187572,38613.33333333333,1481.7834192336961,lexicographic,2.5140471967187574e-05,3.861333333333334e-05,False,0.20709359999818844,0.0,1,0
2025-08-09,False,2,1.0,10,0.9,0,calibrated_quantile,2025-07-12;2025-07-13;2025-07-19;2025-07-20;2025-07-26;2025-07-27;2025-08-02;2025-08-03,8,4318.506379059006,2025-08-02;2025-07-26,2025-08-02;2025-07-26;2025-07-05;2025-07-19;2025-07-12;2025-08-03;2025-07-20;2025-06-28;2025-07-13;2025-07-27,,2025-08-08,9600.0,10800.0,10800.0,26.62729311342592,33.250347468944504,30.00021107682537,48.12953450076369,43482.15345104199,640.164852448564,21147.055979685185,25267.212189575243,2255.0785110113975,27522.29070058664,25267.21218957524,25267.21216430803,38613.33324256695,1653.7473136604658,lexicographic,2.5267212164308034e-05,3.861333320395364e-05,False,0.11109289999876637,0.0,1,0
2025-08-10,False,2,1.0,10,0.9,0,calibrated_quantile,2025-07-13;2025-07-19;2025-07-20;2025-07-26;2025-07-27;2025-08-02;2025-08-03;2025-08-09,8,4857.472540912663,2025-08-03;2025-07-20,2025-08-03;2025-07-20;2025-07-27;2025-07-13;2025-07-06;2025-06-22;2025-06-29;2025-08-02;2025-07-26;2025-08-09,,2025-08-09,9600.0,10800.0,10800.0,26.023696817129622,32.68471371594477,24.597128864643445,44.718278584910685,76905.16702908237,1043.0564876334481,8639.211807442203,48637.89168502488,3982.6148606950383,52620.506545719916,48637.89168502488,48637.89163638697,38147.109017290626,1691.7018618530255,lexicographic,4.863789163638697e-05,3.814710897914352e-05,False,0.13976890000049025,0.0,1,0
2025-08-11,False,2,1.0,10,0.9,0,calibrated_quantile,2025-07-14;2025-07-15;2025-07-16;2025-07-17;2025-07-18;2025-07-21;2025-07-22;2025-07-23;2025-07-24;2025-07-25;2025-07-28;2025-07-29;2025-07-30;2025-07-31;2025-08-01;2025-08-04;2025-08-05;2025-08-06;2025-08-07;2025-08-08,20,5032.808525016203,2025-08-04;2025-07-28,2025-08-04;2025-07-28;2025-07-14;2025-07-21;2025-08-05;2025-07-15;2025-07-22;2025-07-07;2025-07-08;2025-07-29,,2025-08-10,9600.0,10800.0,10800.0,30.504111863425933,37.84748543914294,34.62240407570688,68.21447635031116,79247.92554630226,536.2303496389804,11205.34094825108,49564.13986185106,2092.082109933094,51656.22197178415,49564.13986185106,49564.13981228693,38272.560642030905,1667.3921819634613,lexicographic,4.956413981228693e-05,3.827256060375834e-05,False,0.11657559999730438,0.0,1,0
2025-08-12,False,2,1.0,10,0.9,0,calibrated_quantile,2025-07-15;2025-07-16;2025-07-17;2025-07-18;2025-07-21;2025-07-22;2025-07-23;2025-07-24;2025-07-25;2025-07-28;2025-07-29;2025-07-30;2025-07-31;2025-08-01;2025-08-04;2025-08-05;2025-08-06;2025-08-07;2025-08-08;2025-08-11,20,5040.9362733014295,2025-08-05;2025-08-06,2025-08-05;2025-08-06;2025-07-15;2025-07-22;2025-08-11;2025-07-08;2025-08-04;2025-07-23;2025-07-28;2025-07-16,,2025-08-11,9600.0,10800.0,10800.0,24.426355266203707,30.77716926079629,23.362994500751356,39.54100141297555,75725.08641253837,1222.2460510471828,5304.446717216318,47611.60852041097,5267.882317699699,52879.490838110665,47611.60852041097,47611.608472799366,36984.41681278065,1652.239903459505,lexicographic,4.761160847279937e-05,3.698441677579624e-05,False,0.11009909999847878,0.0,1,0
2025-08-13,False,2,1.0,10,0.9,0,calibrated_quantile,2025-07-16;2025-07-17;2025-07-18;2025-07-21;2025-07-22;2025-07-23;2025-07-24;2025-07-25;2025-07-28;2025-07-29;2025-07-30;2025-07-31;2025-08-01;2025-08-04;2025-08-05;2025-08-06;2025-08-07;2025-08-08;2025-08-11;2025-08-12,20,4986.843312735224,2025-08-06;2025-07-23,2025-08-06;2025-07-23;2025-08-07;2025-07-16;2025-07-24;2025-07-31;2025-07-30;2025-08-12;2025-07-09;2025-08-05,,2025-08-12,9600.0,10800.0,10800.0,27.05292876157406,34.75825722945625,21.636035694565393,42.303353295096905,78220.91052671964,479.6586975105331,8609.651269748718,49354.54284429891,1884.3196571718258,51238.862501470736,49354.54284429891,49354.542794944384,37818.88785848116,1654.1377180041363,lexicographic,4.935454279494439e-05,3.781888782066227e-05,False,0.1255098999972688,1.474222473180065e-16,1,0
2025-08-14,False,2,1.0,10,0.9,0,calibrated_quantile,2025-07-17;2025-07-18;2025-07-21;2025-07-22;2025-07-23;2025-07-24;2025-07-25;2025-07-28;2025-07-29;2025-07-30;2025-07-31;2025-08-01;2025-08-04;2025-08-05;2025-08-06;2025-08-07;2025-08-08;2025-08-11;2025-08-12;2025-08-13,20,4962.967967388378,2025-08-07;2025-07-17,2025-08-07;2025-07-17;2025-07-24;2025-07-31;2025-08-13;2025-07-10;2025-08-06;2025-07-23;2025-08-08;2025-07-03,,2025-08-13,9600.0,10800.0,10800.0,29.72316568287037,38.51402488087307,30.186373042231,47.963830340312505,76763.61350556348,773.7528783307761,7641.497451597477,48421.06942490486,3476.9625529696254,51898.03197787449,48421.06942490486,48421.069376483785,37815.4530927571,1655.8765257564778,lexicographic,4.842106937648379e-05,3.781545305494166e-05,False,0.11873850000120001,0.0,1,0
2025-08-15,False,2,1.0,10,0.9,0,calibrated_quantile,2025-07-18;2025-07-21;2025-07-22;2025-07-23;2025-07-24;2025-07-25;2025-07-28;2025-07-29;2025-07-30;2025-07-31;2025-08-01;2025-08-04;2025-08-05;2025-08-06;2025-08-07;2025-08-08;2025-08-11;2025-08-12;2025-08-13;2025-08-14,20,5080.492349204884,2025-08-08;2025-07-25,2025-08-08;2025-07-25;2025-07-18;2025-08-01;2025-07-11;2025-08-07;2025-08-14;2025-07-24;2025-07-31;2025-07-17,,2025-08-14,9600.0,10800.0,10800.0,25.672990972222223,32.35630288035118,24.832042735513497,43.55386741203687,42491.22419397441,338.84235216840307,21617.006329476146,24753.54981429767,1152.0673423539042,25905.617156651573,24753.549814297672,24753.549789544122,38613.33333333333,1474.8959431729995,lexicographic,2.4753549789544123e-05,3.861333333333333e-05,False,0.1777019000001019,0.0,1,0
2025-08-16,False,2,1.0,10,0.9,0,calibrated_quantile,2025-07-19;2025-07-20;2025-07-26;2025-07-27;2025-08-02;2025-08-03;2025-08-09;2025-08-10,8,2809.4732863258077,2025-08-09;2025-08-02,2025-08-09;2025-08-02;2025-07-26;2025-07-05;2025-07-19;2025-07-12;2025-08-10;2025-08-03;2025-07-20;2025-06-28,,2025-08-15,9600.0,10800.0,10800.0,25.41758981481481,32.37611929299455,26.367034725429136,51.6832776239505,41602.7822892641,743.3029377957206,21363.471535955658,24052.55070221447,3411.307237502294,27463.857939716763,24052.55070221447,24052.55067816192,38613.33324858874,1638.8841233078238,lexicographic,2.405255067816192e-05,3.8613333209975404e-05,False,0.12912239999786834,0.0,1,0
2025-08-17,False,2,1.0,10,0.9,0,calibrated_quantile,2025-07-20;2025-07-26;2025-07-27;2025-08-02;2025-08-03;2025-08-09;2025-08-10;2025-08-16,8,2938.2048065800504,2025-08-10;2025-08-03,2025-08-10;2025-08-03;2025-07-20;2025-07-13;2025-07-27;2025-07-06;2025-06-22;2025-08-16;2025-08-09;2025-08-02,,2025-08-16,9600.0,10800.0,10800.0,29.31008136574075,36.211056597211325,30.061569845743755,50.68923622302265,72141.65284571046,1203.2402642035404,6419.474725390737,45885.97539547891,5416.151325572863,51302.126721051776,45885.97539547891,45885.975349592925,35819.18331484452,1654.9258248955828,lexicographic,4.5885975349592926e-05,3.581918327902534e-05,False,0.1726048999989871,0.0,1,0
2025-08-18,False,2,1.0,10,0.9,0,calibrated_quantile,2025-07-21;2025-07-22;2025-07-23;2025-07-24;2025-07-25;2025-07-28;2025-07-29;2025-07-30;2025-07-31;2025-08-01;2025-08-04;2025-08-05;2025-08-06;2025-08-07;2025-08-08;2025-08-11;2025-08-12;2025-08-13;2025-08-14;2025-08-15,20,4662.057101794566,2025-08-11;2025-08-04,2025-08-11;2025-08-04;2025-07-14;2025-07-28;2025-08-12;2025-08-05;2025-07-21;2025-07-15;2025-07-22;2025-07-07,,2025-08-17,9600.0,10800.0,10800.0,29.811278124999994,37.609894359434186,32.4149697780551,56.116199899542345,76179.31335531121,979.757064621861,8865.869465384065,48046.464236812,4095.0707848601032,52141.5350216721,48046.464236812004,48046.46418876553,37143.91821877391,1639.9970331132267,lexicographic,4.804646418876553e-05,3.714391818163e-05,False,0.10860569999931613,0.0,1,0
2025-08-19,False,2,1.0,10,0.9,0,calibrated_quantile,2025-07-22;2025-07-23;2025-07-24;2025-07-25;2025-07-28;2025-07-29;2025-07-30;2025-07-31;2025-08-01;2025-08-04;2025-08-05;2025-08-06;2025-08-07;2025-08-08;2025-08-11;2025-08-12;2025-08-13;2025-08-14;2025-08-15;2025-08-18,20,4507.819376549133,2025-08-05;2025-08-12,2025-08-05;2025-08-12;2025-08-18;2025-08-13;2025-08-11;2025-08-04;2025-07-22;2025-07-15;2025-08-06;2025-07-14,,2025-08-18,9600.0,10800.0,10800.0,28.666213715277777,35.6798381473948,19.816472704430787,34.794015136830744,74283.46065258203,741.0118698816958,6873.86093519056,47067.88505590152,3050.1660669966695,50118.05112289819,47067.88505590151,47067.885008833604,36513.90674981276,1659.663223425072,lexicographic,4.706788500883361e-05,3.651390671329886e-05,False,0.12723560000085854,0.0,1,0
2025-08-20,False,2,1.0,10,0.9,0,calibrated_quantile,2025-07-23;2025-07-24;2025-07-25;2025-07-28;2025-07-29;2025-07-30;2025-07-31;2025-08-01;2025-08-04;2025-08-05;2025-08-06;2025-08-07;2025-08-08;2025-08-11;2025-08-12;2025-08-13;2025-08-14;2025-08-15;2025-08-18;2025-08-19,20,4444.000303140509,2025-08-06;2025-08-13,2025-08-06;2025-08-13;2025-07-23;2025-08-07;2025-08-12;2025-07-16;2025-07-31;2025-07-24;2025-07-30;2025-08-14,,2025-08-19,9600.0,10800.0,10800.0,30.81587737268518,37.06103506290982,44.54811452387197,73.00422796302598,75753.59428360846,2847.142780349216,4052.9476702035513,47810.932843267365,11534.135548233055,59345.06839150042,47810.93284326736,47810.93279545641,37124.98932646477,1637.5210969617328,lexicographic,4.781093279545641e-05,3.712498928933978e-05,False,0.12537180000072112,0.0,1,0
2025-08-21,False,2,1.0,10,0.9,0,calibrated_quantile,2025-07-24;2025-07-25;2025-07-28;2025-07-29;2025-07-30;2025-07-31;2025-08-01;2025-08-04;2025-08-05;2025-08-06;2025-08-07;2025-08-08;2025-08-11;2025-08-12;2025-08-13;2025-08-14;2025-08-15;2025-08-18;2025-08-19;2025-08-20,20,4757.054394718959,2025-08-07;2025-07-31,2025-08-07;2025-07-31;2025-07-24;2025-08-14;2025-08-13;2025-08-20;2025-08-06;2025-08-15;2025-07-23;2025-07-30,,2025-08-20,9600.0,10800.0,10800.0,26.981402256944452,34.45705253006969,27.82695434108304,48.223765147621506,77531.09162801986,675.6599029260534,8244.792660620591,48863.04959657429,2630.2176379680764,51493.26723454236,48863.04959657429,48863.04954771123,39224.99000239729,1657.913407655463,lexicographic,4.886304954771123e-05,3.92249899631723e-05,False,0.11062110000057146,1.48905106855416e-16,1,0
2025-08-22,False,2,1.0,10,0.9,0,calibrated_quantile,2025-07-25;2025-07-28;2025-07-29;2025-07-30;2025-07-31;2025-08-01;2025-08-04;2025-08-05;2025-08-06;2025-08-07;2025-08-08;2025-08-11;2025-08-12;2025-08-13;2025-08-14;2025-08-15;2025-08-18;2025-08-19;2025-08-20;2025-08-21,20,4639.168897368092,2025-08-15;2025-08-08,2025-08-15;2025-08-08;2025-07-25;2025-07-18;2025-08-01;2025-08-21;2025-08-07;2025-07-11;2025-07-31;2025-08-14,,2025-08-21,9600.0,10800.0,10800.0,26.91294068287037,33.642542926007444,28.54091295288397,47.3899606247662,42059.529877865876,1919.0679922220943,18694.695145818252,24380.963806139007,7723.914736376213,32104.87854251522,24380.963806139003,24380.963781758044,38613.333246990485,1447.3287998790554,lexicographic,2.4380963781758045e-05,3.8613333208377154e-05,False,0.11376880000170786,0.0,1,0
2025-08-23,False,2,1.0,10,0.9,0,calibrated_quantile,2025-07-26;2025-07-27;2025-08-02;2025-08-03;2025-08-09;2025-08-10;2025-08-16;2025-08-17,8,3103.6166248891245,2025-08-16;2025-08-02,2025-08-16;2025-08-02;2025-08-09;2025-07-26;2025-07-05;2025-07-19;2025-07-12;2025-08-10;2025-08-03;2025-08-17,,2025-08-22,9600.0,10800.0,10800.0,23.59269317129629,30.61230972952016,34.61375743438865,64.84417949710476,42173.5758984641,1148.708084040666,16738.94450826429,24435.319772754538,4746.730629608434,29182.050402362973,24435.31977275454,24435.319748319216,38613.333246711845,1614.705847744488,lexicographic,2.4435319748319218e-05,3.8613333208098514e-05,False,0.1697143999990658,0.0,1,0
2025-08-24,False,2,1.0,10,0.9,0,calibrated_quantile,2025-07-27;2025-08-02;2025-08-03;2025-08-09;2025-08-10;2025-08-16;2025-08-17;2025-08-23,8,3568.1876729681235,2025-08-10;2025-08-17,2025-08-10;2025-08-17;2025-08-03;2025-07-20;2025-07-27;2025-07-13;2025-07-06;2025-06-22;2025-06-29;2025-08-23,,2025-08-23,9600.0,10800.0,10800.0,29.063375752314812,36.44855033597245,40.758323803765215,71.3391934209913,74004.97417082981,1523.2340952388754,7920.866475881558,46809.07032703757,6388.375898175731,53197.446225213294,46809.07032703756,46809.07028022848,36902.58776529137,1646.4007083289612,lexicographic,4.680907028022848e-05,3.6902587728388784e-05,False,0.1387133000025642,0.0,1,0
2025-08-25,False,2,1.0,10,0.9,0,calibrated_quantile,2025-07-28;2025-07-29;2025-07-30;2025-07-31;2025-08-01;2025-08-04;2025-08-05;2025-08-06;2025-08-07;2025-08-08;2025-08-11;2025-08-12;2025-08-13;2025-08-14;2025-08-15;2025-08-18;2025-08-19;2025-08-20;2025-08-21;2025-08-22,20,4894.484314761909,2025-08-18;2025-08-11,2025-08-18;2025-08-11;2025-08-04;2025-07-14;2025-08-12;2025-07-28;2025-08-19;2025-08-05;2025-07-21;2025-07-15,,2025-08-24,9600.0,10800.0,10800.0,23.71297002314816,30.210807157915248,51.357079574268205,80.9360903775855,74253.8022789991,3963.8305804674274,3547.8163228976064,47167.17067142802,15210.374850506289,62377.54552193431,47167.17067142802,47167.17062426085,37121.47595275293,1617.6107138659527,lexicographic,4.716717062426085e-05,3.712147591563146e-05,False,0.11312589999943157,0.0,1,0
2025-08-26,False,2,1.0,10,0.9,0,calibrated_quantile,2025-07-29;2025-07-30;2025-07-31;2025-08-01;2025-08-04;2025-08-05;2025-08-06;2025-08-07;2025-08-08;2025-08-11;2025-08-12;2025-08-13;2025-08-14;2025-08-15;2025-08-18;2025-08-19;2025-08-20;2025-08-21;2025-08-22;2025-08-25,20,4810.396176792274,2025-08-12;2025-07-22,2025-08-12;2025-07-22;2025-07-29;2025-07-15;2025-08-20;2025-08-05;2025-08-13;2025-07-08;2025-08-06;2025-07-28,,2025-08-25,9600.0,10800.0,10800.0,35.63637621527778,44.04937453026014,36.29807421091074,65.31995137958734,80074.70522003958,492.94895128367847,10868.200300299028,50361.931219808896,2001.0936907617158,52363.02491057061,50361.931219808896,50361.931169446965,39730.79069852912,1657.1655091938146,lexicographic,5.036193116944697e-05,3.973079065879833e-05,False,0.11401850000038394,0.0,1,0
2025-08-27,False,2,1.0,10,0.9,0,calibrated_quantile,2025-07-30;2025-07-31;2025-08-01;2025-08-04;2025-08-05;2025-08-06;2025-08-07;2025-08-08;2025-08-11;2025-08-12;2025-08-13;2025-08-14;2025-08-15;2025-08-18;2025-08-19;2025-08-20;2025-08-21;2025-08-22;2025-08-25;2025-08-26,20,4270.9484494220005,2025-08-20;2025-08-06,2025-08-20;2025-08-06;2025-08-13;2025-08-12;2025-08-07;2025-07-23;2025-08-21;2025-08-19;2025-08-14;2025-08-26,,2025-08-26,9600.0,10800.0,10800.0,25.2170494212963,31.013481132153622,31.28996704732002,49.64126502449603,75251.54984430026,1243.6546560265153,4614.636337751594,47756.23363888914,5662.7344877550895,53418.968126644235,47756.23363888913,47756.2335911329,37785.36276628643,1640.638151080395,lexicographic,4.77562335911329e-05,3.778536272850107e-05,False,0.1195426000012958,3.047123722727742e-16,1,0
2025-08-28,False,2,1.0,10,0.9,0,calibrated_quantile,2025-07-31;2025-08-01;2025-08-04;2025-08-05;2025-08-06;2025-08-07;2025-08-08;2025-08-11;2025-08-12;2025-08-13;2025-08-14;2025-08-15;2025-08-18;2025-08-19;2025-08-20;2025-08-21;2025-08-22;2025-08-25;2025-08-26;2025-08-27,20,4449.192860503743,2025-08-21;2025-08-07,2025-08-21;2025-08-07;2025-07-31;2025-08-20;2025-08-27;2025-07-24;2025-08-13;2025-08-06;2025-08-14;2025-08-22,,2025-08-27,9600.0,10800.0,10800.0,31.508760648148154,38.67106451886882,35.274413623278946,73.50934828950689,76811.81698559776,3631.467969748255,5538.075457704737,48696.28307878623,14449.139846662867,63145.4229254491,48696.28307878623,48696.28303008996,39414.31721524938,1653.4883333333332,lexicographic,4.869628303008996e-05,3.9414317215249123e-05,False,0.18850840000231983,1.4941505103556944e-16,1,0
2025-08-29,False,2,1.0,10,0.9,0,calibrated_quantile,2025-08-01;2025-08-04;2025-08-05;2025-08-06;2025-08-07;2025-08-08;2025-08-11;2025-08-12;2025-08-13;2025-08-14;2025-08-15;2025-08-18;2025-08-19;2025-08-20;2025-08-21;2025-08-22;2025-08-25;2025-08-26;2025-08-27;2025-08-28,20,4403.850666481547,2025-08-22;2025-08-15,2025-08-22;2025-08-15;2025-07-25;2025-08-01;2025-08-08;2025-08-21;2025-07-18;2025-08-28;2025-08-07;2025-07-31,,2025-08-28,9600.0,10800.0,10800.0,27.613400115740735,33.41137017515402,29.139941696184994,45.561849088477096,43076.46366104226,843.5195508207801,17311.42953803038,25216.465263955586,3577.9284056656807,28794.393669621266,25216.46526395558,25216.46523873912,38613.33324282685,1459.9278897454,lexicographic,2.5216465238739122e-05,3.861333320421353e-05,False,0.1531596000022546,0.0,1,0
2025-08-30,False,2,1.0,10,0.9,0,calibrated_quantile,2025-08-02;2025-08-03;2025-08-09;2025-08-10;2025-08-16;2025-08-17;2025-08-23;2025-08-24,8,3546.8502873150114,2025-08-23;2025-08-16,2025-08-23;2025-08-16;2025-07-26;2025-08-02;2025-08-09;2025-07-19;2025-07-05;2025-07-12;2025-06-28;2025-08-24,,2025-08-29,9600.0,10800.0,10800.0,27.978586979166664,34.70718956209482,31.30636464399901,55.8088966035726,42501.22934891793,1107.7981967010262,21042.974388241746,24761.48453398449,4251.739422163778,29013.223956148267,24761.484533984494,24761.484509223017,38613.33324506135,1576.1051060774462,lexicographic,2.4761484509223017e-05,3.86133332064269e-05,False,0.16743889999997918,0.0,1,0
2025-08-31,False,2,1.0,10,0.9,0,calibrated_quantile,2025-08-03;2025-08-09;2025-08-10;2025-08-16;2025-08-17;2025-08-23;2025-08-24;2025-08-30,8,4346.868092121895,2025-08-17;2025-08-24,2025-08-17;2025-08-24;2025-08-03;2025-08-10;2025-07-20;2025-07-27;2025-07-13;2025-07-06;2025-06-22;2025-08-23,,2025-08-30,9600.0,10800.0,10800.0,27.935138888888886,35.560611147648686,31.543272760164225,51.59847608723217,73414.97490715206,2308.757863416925,5134.849759332084,46897.70893775038,8203.703298790268,55101.41223654065,46897.70893775037,46897.70889085265,37555.21299739726,1618.464350321754,lexicographic,4.689770889085265e-05,3.755521295984205e-05,False,0.1548758999997517,0.0,1,0
2025-09-01,False,4,0.95,10,0.95,0,calibrated_quantile,2025-08-04;2025-08-05;2025-08-06;2025-08-07;2025-08-08;2025-08-11;2025-08-12;2025-08-13;2025-08-14;2025-08-15;2025-08-18;2025-08-19;2025-08-20;2025-08-21;2025-08-22;2025-08-25;2025-08-26;2025-08-27;2025-08-28;2025-08-29,20,4720.166216166563,2025-08-18;2025-07-28;2025-08-11;2025-08-25,2025-08-18;2025-07-28;2025-08-11;2025-08-25;2025-08-26;2025-08-04;2025-08-12;2025-07-21;2025-07-14;2025-07-22,,2025-08-31,9600.0,10800.0,10800.0,99.73375570713284,110.66912000627971,32.34907636391237,50.731430846655165,76308.4967384226,334.49198187960747,19032.384758343098,48426.84783580362,1081.3094088023424,49508.157244605965,48426.84783580362,48426.847787376784,38452.6824516457,1626.7701332646175,lexicographic,4.8426847787376787e-05,3.8452682413193015e-05,False,0.12588169999798993,0.0,1,0
2025-09-02,False,4,0.95,10,0.95,0,calibrated_quantile,2025-08-05;2025-08-06;2025-08-07;2025-08-08;2025-08-11;2025-08-12;2025-08-13;2025-08-14;2025-08-15;2025-08-18;2025-08-19;2025-08-20;2025-08-21;2025-08-22;2025-08-25;2025-08-26;2025-08-27;2025-08-28;2025-08-29;2025-09-01,20,4768.66182166657,2025-06-24;2025-07-01;2025-09-01;2025-08-26,2025-06-24;2025-07-01;2025-09-01;2025-08-26;2025-05-27;2025-06-17;2025-05-13;2025-06-03;2025-06-30;2025-08-12,,2025-09-01,9600.0,10800.0,10800.0,41.75366820905225,50.66660792160531,29.12450050361728,46.7278807033105,68137.49512525272,318.9313344623023,10610.585956464249,42719.4313930464,1446.2389192115277,44165.67031225793,42719.4313930464,42719.43135032696,36086.490644125784,1551.5833826010667,lexicographic,4.271943135032696e-05,3.6086490608039295e-05,False,0.11462140000003274,0.0,1,0
2025-09-03,False,4,0.95,10,0.95,0,calibrated_quantile,2025-08-06;2025-08-07;2025-08-08;2025-08-11;2025-08-12;2025-08-13;2025-08-14;2025-08-15;2025-08-18;2025-08-19;2025-08-20;2025-08-21;2025-08-22;2025-08-25;2025-08-26;2025-08-27;2025-08-28;2025-08-29;2025-09-01;2025-09-02,20,4922.197753314671,2025-09-02;2025-08-20;2025-08-27;2025-05-28,2025-09-02;2025-08-20;2025-08-27;2025-05-28;2025-08-28;2025-08-06;2025-05-29;2025-05-21;2025-08-26;2025-05-22,,2025-09-02,9600.0,10800.0,10800.0,51.72503276414804,60.15885124146209,33.02382432407163,53.82659956853071,71265.15015173306,61.59880887193674,11655.127931979892,44728.49834479195,234.77193914332284,44963.27028393527,44728.49834479196,44728.49830006346,39285.60968058657,1537.726488149349,lexicographic,4.4728498300063466e-05,3.9285609641300964e-05,False,0.1278115000022808,1.626693917907166e-16,1,0
2025-09-04,False,4,0.95,10,0.95,0,calibrated_quantile,2025-08-07;2025-08-08;2025-08-11;2025-08-12;2025-08-13;2025-08-14;2025-08-15;2025-08-18;2025-08-19;2025-08-20;2025-08-21;2025-08-22;2025-08-25;2025-08-26;2025-08-27;2025-08-28;2025-08-29;2025-09-01;2025-09-02;2025-09-03,20,4744.872720671927,2025-09-03;2025-08-28;2025-09-02;2025-05-29,2025-09-03;2025-08-28;2025-09-02;2025-05-29;2025-08-27;2025-08-20;2025-08-21;2025-05-22;2025-08-29;2025-06-27,,2025-09-03,9600.0,10800.0,10800.0,32.97419872054266,42.09040130297396,35.28539725680654,66.63159639459987,67847.20036342299,297.4074119727504,10155.174135687606,42264.063692431475,1219.1927263486,43483.256418780074,42264.06369243147,42264.0636501674,38713.69074932491,1530.9448942298575,lexicographic,4.2264063650167406e-05,3.871369071061123e-05,False,0.11230889999933424,0.0,1,0
2025-09-05,False,4,0.95,10,0.95,0,calibrated_quantile,2025-08-08;2025-08-11;2025-08-12;2025-08-13;2025-08-14;2025-08-15;2025-08-18;2025-08-19;2025-08-20;2025-08-21;2025-08-22;2025-08-25;2025-08-26;2025-08-27;2025-08-28;2025-08-29;2025-09-01;2025-09-02;2025-09-03;2025-09-04,20,4707.281263845494,2025-09-04;2025-09-03;2025-05-30;2025-06-27,2025-09-04;2025-09-03;2025-05-30;2025-06-27;2025-08-29;2025-09-02;2025-08-28;2025-05-23;2025-05-16;2025-08-22,,2025-09-04,9600.0,10800.0,10800.0,314.84842268809814,344.86717240129036,24.403719632612667,44.78999184436145,62655.30067244089,0.0,51900.06743729225,39004.85355093583,0.0,39004.85355093583,39004.85355093583,39004.85351193099,37447.67652080198,1496.0096309652208,lexicographic,3.9004853511930994e-05,3.744767648335431e-05,False,0.15156220000062604,0.0,1,0
2025-09-06,False,4,0.95,10,0.95,0,calibrated_quantile,2025-08-09;2025-08-10;2025-08-16;2025-08-17;2025-08-23;2025-08-24;2025-08-30;2025-08-31,8,5780.435727928592,2025-06-28;2025-08-30;2025-05-31;2025-05-24,2025-06-28;2025-08-30;2025-05-31;2025-05-24;2025-05-17;2025-05-10;2025-06-21;2025-08-16;2025-04-26;2025-08-09,,2025-09-05,9600.0,10800.0,10800.0,92.33640659687019,105.74214842021703,51.24893348214539,82.39048579965298,42197.049011437746,282.90598952769244,30705.53797680109,24576.79167496278,1178.123771915486,25754.915446878265,24576.791674962777,24576.79165038599,38613.333245986774,1585.1173912807717,lexicographic,2.4576791650385992e-05,3.861333320737345e-05,False,0.12424470000041765,0.0,1,0
2025-09-07,False,4,0.95,10,0.95,0,calibrated_quantile,2025-08-10;2025-08-16;2025-08-17;2025-08-23;2025-08-24;2025-08-30;2025-08-31;2025-09-06,8,6532.31946093314,2025-06-29;2025-08-24;2025-06-22;2025-06-01,2025-06-29;2025-08-24;2025-06-22;2025-06-01;2025-08-17;2025-08-31;2025-05-25;2025-08-10;2025-09-06;2025-05-04,,2025-09-06,9600.0,10800.0,10800.0,95.58279311833431,109.04376369068525,24.849684585378004,48.908749503921506,75987.58584403072,412.01026630703984,17318.9782441941,48321.99102709496,1334.8926099100092,49656.88363700497,48321.99102709496,48321.990978772956,39244.936797649236,1625.3314808695304,lexicographic,4.832199097877296e-05,3.924493675840429e-05,False,0.1300678000006883,0.0,1,0
2025-09-08,False,4,0.95,10,0.95,0,calibrated_quantile,2025-08-11;2025-08-12;2025-08-13;2025-08-14;2025-08-15;2025-08-18;2025-08-19;2025-08-20;2025-08-21;2025-08-22;2025-08-25;2025-08-26;2025-08-27;2025-08-28;2025-08-29;2025-09-01;2025-09-02;2025-09-03;2025-09-04;2025-09-05,20,4601.295565327071,2025-09-02;2025-09-01;2025-06-30;2025-08-25,2025-09-02;2025-09-01;2025-06-30;2025-08-25;2025-06-23;2025-08-18;2025-08-26;2025-05-26;2025-08-11;2025-09-03,,2025-09-07,9600.0,10800.0,10800.0,29.256305193922728,36.05077835108592,38.13939490123509,66.55751026045378,65856.40940397081,1889.6313012041082,4452.632343266514,41167.07018819566,8037.742508528092,49204.812696723755,41167.07018819566,41167.07014702859,37132.04357747828,1504.757054236722,lexicographic,4.1167070147028594e-05,3.7132043540346245e-05,False,0.13715639999645646,0.0,1,0
2025-09-09,False,4,0.95,10,0.95,0,calibrated_quantile,2025-08-12;2025-08-13;2025-08-14;2025-08-15;2025-08-18;2025-08-19;2025-08-20;2025-08-21;2025-08-22;2025-08-25;2025-08-26;2025-08-27;2025-08-28;2025-08-29;2025-09-01;2025-09-02;2025-09-03;2025-09-04;2025-09-05;2025-09-08,20,4981.609306000534,2025-09-02;2025-09-03;2025-09-08;2025-09-04,2025-09-02;2025-09-03;2025-09-08;2025-09-04;2025-08-26;2025-09-01;2025-07-01;2025-06-24;2025-09-05;2025-06-03,,2025-09-08,9600.0,10800.0,10800.0,18.925299163642517,23.78299333828123,31.68496906583933,55.89048183741991,63829.25300811458,535.6298631275986,7383.834680106418,39736.119033010706,2145.31651820396,41881.435551214665,39736.119033010706,39736.118993274584,36945.09054362676,1476.2381165659936,lexicographic,3.9736118993274585e-05,3.6945090506681664e-05,False,0.12559109999710927,0.0,1,0
2025-09-10,False,4,0.95,10,0.95,0,calibrated_quantile,2025-08-13;2025-08-14;2025-08-15;2025-08-18;2025-08-19;2025-08-20;2025-08-21;2025-08-22;2025-08-25;2025-08-26;2025-08-27;2025-08-28;2025-08-29;2025-09-01;2025-09-02;2025-09-03;2025-09-04;2025-09-05;2025-09-08;2025-09-09,20,4789.114575585319,2025-09-03;2025-09-04;2025-09-09;2025-09-02,2025-09-03;2025-09-04;2025-09-09;2025-09-02;2025-09-05;2025-08-27;2025-08-20;2025-05-28;2025-08-28;2025-08-06,,2025-09-09,9600.0,10800.0,10800.0,20.324337113006248,26.091797634484156,47.29352775355856,82.44773408692214,63228.55794545912,4414.007734816383,2375.7285981367345,39429.14452020726,18866.59091720671,58295.73543741397,39429.14452020726,39429.14448077811,37636.934537743095,1473.2813321962149,lexicographic,3.942914448077811e-05,3.763693450010615e-05,False,0.159308800000872,0.0,1,0
2025-09-11,False,4,0.95,10,0.95,0,calibrated_quantile,2025-08-14;2025-08-15;2025-08-18;2025-08-19;2025-08-20;2025-08-21;2025-08-22;2025-08-25;2025-08-26;2025-08-27;2025-08-28;2025-08-29;2025-09-01;2025-09-02;2025-09-03;2025-09-04;2025-09-05;2025-09-08;2025-09-09;2025-09-10,20,5460.403749573037,2025-09-04;2025-09-03;2025-09-05;2025-09-10,2025-09-04;2025-09-03;2025-09-05;2025-09-10;2025-09-09;2025-09-02;2025-08-28;2025-05-29;2025-06-27;2025-05-22,,2025-09-10,9600.0,10800.0,10800.0,75.87631043860405,86.44590732309952,26.345794654251147,51.13891940514524,53941.8343164716,5319.1186998374305,1766.4328104775145,33260.37010036184,23879.969837032986,57140.33993739483,33260.37010036184,33260.37006710145,38090.348972219566,1443.4203383187714,lexicographic,3.326037006710145e-05,3.809034893412921e-05,False,0.14270879999821773,0.0,1,0
2025-09-12,False,4,0.95,10,0.95,0,calibrated_quantile,2025-08-15;2025-08-18;2025-08-19;2025-08-20;2025-08-21;2025-08-22;2025-08-25;2025-08-26;2025-08-27;2025-08-28;2025-08-29;2025-09-01;2025-09-02;2025-09-03;2025-09-04;2025-09-05;2025-09-08;2025-09-09;2025-09-10;2025-09-11,20,6251.887942443189,2025-09-05;2025-09-04;2025-09-11;2025-09-10,2025-09-05;2025-09-04;2025-09-11;2025-09-10;2025-09-03;2025-08-29;2025-08-28;2025-05-30;2025-08-22;2025-09-09,,2025-09-11,9600.0,10800.0,10800.0,245.57315555727408,270.83354284479736,22.17593141701765,36.874327774284914,55326.00945890369,0.0,39796.7851152653,34200.88590149737,0.0,34200.88590149737,34200.88590149737,34200.885867296485,37891.570210449834,1433.408605482,lexicographic,3.420088586729649e-05,3.789157017255827e-05,False,0.16229310000198893,0.0,1,0
2025-09-13,False,4,0.95,10,0.95,0,calibrated_quantile,2025-08-16;2025-08-17;2025-08-23;2025-08-24;2025-08-30;2025-08-31;2025-09-06;2025-09-07,8,6334.86679390839,2025-09-06;2025-06-28;2025-08-30;2025-05-24,2025-09-06;2025-06-28;2025-08-30;2025-05-24;2025-05-31;2025-06-21;2025-05-10;2025-05-17;2025-09-07;2025-06-14,,2025-09-12,9600.0,10800.0,10800.0,45.26454554378564,54.20101170342242,37.89455296271309,60.90014462110919,37747.42402408133,329.82228146598914,26016.811496243005,21218.739114322478,1462.3754326527046,22681.114546975183,21218.739114322478,21218.739093103737,38613.33326319726,1509.5616664807421,lexicographic,2.1218739093103738e-05,3.861333322458393e-05,False,0.14425179999670945,1.7145122484088065e-16,1,0
2025-09-14,False,4,0.95,10,0.95,0,calibrated_quantile,2025-08-17;2025-08-23;2025-08-24;2025-08-30;2025-08-31;2025-09-06;2025-09-07;2025-09-13,8,6082.813594900138,2025-09-07;2025-06-29;2025-05-25;2025-06-01,2025-09-07;2025-06-29;2025-05-25;2025-06-01;2025-06-22;2025-08-24;2025-09-06;2025-04-27;2025-08-17;2025-08-31,,2025-09-13,9600.0,10800.0,10800.0,26.255762417131123,32.92697965274331,46.77986176498015,71.73726184490452,63248.88875368061,3416.6195443008146,2500.3852718266817,39017.46761230577,13396.909087197084,52414.376699502856,39017.46761230577,39017.467573288304,38732.07831494788,1477.585163226655,lexicographic,3.9017467573288304e-05,3.873207827621581e-05,False,0.1571254999980738,0.0,1,0
2025-09-15,False,4,0.95,10,0.95,0,calibrated_quantile,2025-08-18;2025-08-19;2025-08-20;2025-08-21;2025-08-22;2025-08-25;2025-08-26;2025-08-27;2025-08-28;2025-08-29;2025-09-01;2025-09-02;2025-09-03;2025-09-04;2025-09-05;2025-09-08;2025-09-09;2025-09-10;2025-09-11;2025-09-12,20,6143.683561316384,2025-09-08;2025-09-09;2025-09-02;2025-09-01,2025-09-08;2025-09-09;2025-09-02;2025-09-01;2025-06-30;2025-06-23;2025-05-19;2025-05-26;2025-05-12;2025-09-03,,2025-09-14,9600.0,10800.0,10800.0,21.441871397522327,26.711871912130295,38.00533659015071,66.07675996452033,65497.37516437986,893.1111707710166,7300.353592283017,40727.762952385565,3627.4385513105467,44355.20150369611,40727.76295238557,40727.76291165779,38325.34114872369,1473.1169235510229,lexicographic,4.072776291165779e-05,3.832534111039836e-05,False,0.12484819999735919,0.0,1,0
2025-09-16,False,4,0.95,10,0.95,0,calibrated_quantile,2025-08-19;2025-08-20;2025-08-21;2025-08-22;2025-08-25;2025-08-26;2025-08-27;2025-08-28;2025-08-29;2025-09-01;2025-09-02;2025-09-03;2025-09-04;2025-09-05;2025-09-08;2025-09-09;2025-09-10;2025-09-11;2025-09-12;2025-09-15,20,6220.283455576135,2025-09-09;2025-09-02;2025-09-10;2025-09-03,2025-09-09;2025-09-02;2025-09-10;2025-09-03;2025-09-08;2025-09-15;2025-09-04;2025-09-11;2025-09-01;2025-09-12,,2025-09-15,9600.0,10800.0,10800.0,20.704490129957144,25.270922380355838,23.67325754286746,43.53344311951698,66328.55493855034,1615.092596677084,4325.217956664546,41363.47356247878,4458.82548602391,45822.29904850269,41363.47356247878,41363.47352111529,39311.862459818454,1481.1108461748374,lexicographic,4.136347352111529e-05,3.931186242050661e-05,False,0.12255069999810075,0.0,1,0
2025-09-17,False,4,0.95,10,0.95,0,calibrated_quantile,2025-08-20;2025-08-21;2025-08-22;2025-08-25;2025-08-26;2025-08-27;2025-08-28;2025-08-29;2025-09-01;2025-09-02;2025-09-03;2025-09-04;2025-09-05;2025-09-08;2025-09-09;2025-09-10;2025-09-11;2025-09-12;2025-09-15;2025-09-16,20,6513.397440805618,2025-09-03;2025-09-11;2025-09-04;2025-09-10,2025-09-03;2025-09-11;2025-09-04;2025-09-10;2025-09-09;2025-09-02;2025-09-16;2025-09-05;2025-09-12;2025-08-20,,2025-09-16,9600.0,10800.0,10800.0,18.380776131523913,24.0248166864465,32.06298006176808,56.53601974179706,66506.81663858141,1478.8951175274694,3928.9218722954965,41348.828358802784,6076.687961216081,47425.51632001887,41348.828358802784,41348.82831745396,39026.18624053808,1470.8568024270094,lexicographic,4.1348828317453965e-05,3.902618620151191e-05,False,0.1460726999976032,0.0,1,0
2025-09-18,False,4,0.95,10,0.95,0,calibrated_quantile,2025-08-21;2025-08-22;2025-08-25;2025-08-26;2025-08-27;2025-08-28;2025-08-29;2025-09-01;2025-09-02;2025-09-03;2025-09-04;2025-09-05;2025-09-08;2025-09-09;2025-09-10;2025-09-11;2025-09-12;2025-09-15;2025-09-16;2025-09-17,20,6458.838319263981,2025-09-11;2025-09-04;2025-09-17;2025-09-03,2025-09-11;2025-09-04;2025-09-17;2025-09-03;2025-09-10;2025-09-05;2025-09-12;2025-09-09;2025-09-16;2025-09-02,,2025-09-17,9600.0,10800.0,10800.0,18.585612393539662,25.28579818689599,25.07668736797912,44.02172333935986,66932.89257696355,790.924233533451,4674.744928316844,41565.960610719594,3640.7201012263004,45206.6807119459,41565.9606107196,41565.96056915363,38991.40834515498,1477.049840169231,lexicographic,4.156596056915363e-05,3.8991408306163585e-05,False,0.13513810000222293,0.0,1,0
2025-09-19,False,4,0.95,10,0.95,0,calibrated_quantile,2025-08-22;2025-08-25;2025-08-26;2025-08-27;2025-08-28;2025-08-29;2025-09-01;2025-09-02;2025-09-03;2025-09-04;2025-09-05;2025-09-08;2025-09-09;2025-09-10;2025-09-11;2025-09-12;2025-09-15;2025-09-16;2025-09-17;2025-09-18,20,6666.002455294934,2025-09-05;2025-09-12;2025-09-18;2025-09-04,2025-09-05;2025-09-12;2025-09-18;2025-09-04;2025-09-11;2025-09-03;2025-09-17;2025-09-10;2025-05-30;2025-06-27,,2025-09-18,9600.0,10800.0,10800.0,172.72812661734133,190.60645034923692,32.464033373660584,53.1798800154428,48809.30089148368,0.0,28654.61524148369,29588.28749901111,0.0,29588.28749901111,29588.28749901111,29588.287469422816,38613.33333333333,1402.304050495515,lexicographic,2.9588287469422817e-05,3.861333333333333e-05,False,0.13215080000009038,0.0,1,0
2025-09-20,False,4,0.95,10,0.95,0,calibrated_quantile,2025-08-23;2025-08-24;2025-08-30;2025-08-31;2025-09-06;2025-09-07;2025-09-13;2025-09-14,8,7702.5329468935515,2025-09-13;2025-09-06;2025-06-28;2025-06-21,2025-09-13;2025-09-06;2025-06-28;2025-06-21;2025-06-14;2025-08-30;2025-05-24;2025-05-10;2025-05-03;2025-05-31,,2025-09-19,9600.0,10800.0,10800.0,22.262173166922942,28.659174413835995,57.676141170596935,87.36058527783148,34314.41698178729,1651.6356898887013,16267.285610995124,18660.13332880056,6982.354428148401,25642.48775694896,18660.13332880056,18660.13331014043,38613.33327631061,1432.5964421024,lexicographic,1.866013331014043e-05,3.861333323769728e-05,False,0.10392589999901247,0.0,1,0
2025-09-21,False,4,0.95,10,0.95,0,calibrated_quantile,2025-08-24;2025-08-30;2025-08-31;2025-09-06;2025-09-07;2025-09-13;2025-09-14;2025-09-20,8,8895.204119634152,2025-09-07;2025-09-14;2025-06-29;2025-06-22,2025-09-07;2025-09-14;2025-06-29;2025-06-22;2025-06-01;2025-08-24;2025-05-25;2025-05-18;2025-05-11;2025-09-13,,2025-09-20,9600.0,10800.0,10800.0,19.57027732869915,24.22284350389192,29.779802334455503,54.71702922283454,68958.20448440948,1027.8298392280371,7596.085873312091,42996.44511904917,2908.8060325930396,45905.25115164221,42996.445119049175,42996.44507605273,39081.33868555623,1500.6903128214672,lexicographic,4.2996445076052734e-05,3.908133864647491e-05,False,0.1333420999981172,0.0,1,0
2025-09-22,False,4,0.95,10,0.95,0,calibrated_quantile,2025-08-25;2025-08-26;2025-08-27;2025-08-28;2025-08-29;2025-09-01;2025-09-02;2025-09-03;2025-09-04;2025-09-05;2025-09-08;2025-09-09;2025-09-10;2025-09-11;2025-09-12;2025-09-15;2025-09-16;2025-09-17;2025-09-18;2025-09-19,20,6194.4726431313475,2025-09-15;2025-09-08;2025-09-09;2025-09-02,2025-09-15;2025-09-08;2025-09-09;2025-09-02;2025-09-16;2025-09-01;2025-06-30;2025-09-17;2025-05-19;2025-05-12,,2025-09-21,9600.0,10800.0,10800.0,21.47072002681462,26.4204273875073,26.52501187555255,42.243293713433715,67160.87515398698,1263.398602797293,3688.8813573056404,41775.35720794804,4370.854423867049,46146.21163181509,41775.35720794804,41775.35716617269,39261.49607485793,1463.2254579641356,lexicographic,4.1775357166172694e-05,3.926149603559645e-05,False,0.1347222000003967,0.0,1,0
2025-09-23,False,4,0.95,10,0.95,0,calibrated_quantile,2025-08-26;2025-08-27;2025-08-28;2025-08-29;2025-09-01;2025-09-02;2025-09-03;2025-09-04;2025-09-05;2025-09-08;2025-09-09;2025-09-10;2025-09-11;2025-09-12;2025-09-15;2025-09-16;2025-09-17;2025-09-18;2025-09-19;2025-09-22,20,5905.404179773026,2025-09-09;2025-09-02;2025-09-16;2025-09-17,2025-09-09;2025-09-02;2025-09-16;2025-09-17;2025-09-22;2025-09-15;2025-09-08;2025-09-03;2025-09-10;2025-09-11,,2025-09-22,9600.0,10800.0,10800.0,19.876809568240983,26.636109869147532,30.97500323337434,52.4829069048281,67860.27701978479,1424.1777396399095,3055.955185970145,42257.842619434334,6121.52512218865,48379.367741622984,42257.842619434334,42257.84257717649,39171.10537957569,1484.6258204272408,lexicographic,4.225784257717649e-05,3.9171105340404587e-05,False,0.28453040000022156,0.0,1,0
2025-09-24,False,4,0.95,10,0.95,0,calibrated_quantile,2025-08-27;2025-08-28;2025-08-29;2025-09-01;2025-09-02;2025-09-03;2025-09-04;2025-09-05;2025-09-08;2025-09-09;2025-09-10;2025-09-11;2025-09-12;2025-09-15;2025-09-16;2025-09-17;2025-09-18;2025-09-19;2025-09-22;2025-09-23,20,6356.114568615351,2025-09-17;2025-09-03;2025-09-11;2025-09-18,2025-09-17;2025-09-03;2025-09-11;2025-09-18;2025-09-23;2025-09-10;2025-09-04;2025-09-09;2025-09-02;2025-09-16,,2025-09-23,9600.0,10800.0,10800.0,20.484818086707744,25.65347709869738,28.58392869551292,48.2696540144595,68297.10558423813,1344.4872619306984,4471.8921499427015,42627.845047550916,3812.7435843788253,46440.58863192974,42627.845047550916,42627.84500492307,39119.58331141736,1463.0810240932337,lexicographic,4.262784500492307e-05,3.911958327229777e-05,False,0.13007610000204295,0.0,1,0
2025-09-25,False,4,0.95,10,0.95,0,calibrated_quantile,2025-08-28;2025-08-29;2025-09-01;2025-09-02;2025-09-03;2025-09-04;2025-09-05;2025-09-08;2025-09-09;2025-09-10;2025-09-11;2025-09-12;2025-09-15;2025-09-16;2025-09-17;2025-09-18;2025-09-19;2025-09-22;2025-09-23;2025-09-24,20,6536.010165575328,2025-09-11;2025-09-18;2025-09-04;2025-09-24,2025-09-11;2025-09-18;2025-09-04;2025-09-24;2025-09-17;2025-09-19;2025-09-03;2025-09-05;2025-09-10;2025-09-12,,2025-09-24,9600.0,10800.0,10800.0,22.163333688517138,29.624278249819685,22.5230800667236,35.834217728223194,68946.29110424982,836.601439605088,5372.924984883469,43010.26347555756,3264.2023478471815,46274.46582340474,43010.26347555756,43010.26343254727,38815.151435464766,1459.6375007986371,lexicographic,4.301026343254727e-05,3.8815151396649625e-05,False,0.1560825999986264,0.0,1,0
2025-09-26,False,4,0.95,10,0.95,0,calibrated_quantile,2025-08-29;2025-09-01;2025-09-02;2025-09-03;2025-09-04;2025-09-05;2025-09-08;2025-09-09;2025-09-10;2025-09-11;2025-09-12;2025-09-15;2025-09-16;2025-09-17;2025-09-18;2025-09-19;2025-09-22;2025-09-23;2025-09-24;2025-09-25,20,6407.685298370736,2025-09-19;2025-09-05;2025-09-25;2025-09-11,2025-09-19;2025-09-05;2025-09-25;2025-09-11;2025-09-12;2025-09-18;2025-09-04;2025-09-24;2025-09-17;2025-09-03,,2025-09-25,9600.0,10800.0,10800.0,188.8462283346422,206.37566981510346,40.86019224573004,68.57580922617764,50782.77518412394,0.0,29035.198363108757,30716.44198660318,0.0,30716.44198660318,30716.441986603182,30716.44195588675,38613.333215986764,1400.3315431612066,lexicographic,3.071644195588675e-05,3.861333317737343e-05,False,0.1790660000006028,0.0,1,0
2025-09-27,False,4,0.95,10,0.95,0,calibrated_quantile,2025-08-30;2025-08-31;2025-09-06;2025-09-07;2025-09-13;2025-09-14;2025-09-20;2025-09-21,8,9121.098379525833,2025-09-20;2025-09-13;2025-09-06;2025-06-28,2025-09-20;2025-09-13;2025-09-06;2025-06-28;2025-06-21;2025-06-14;2025-09-21;2025-05-03;2025-05-10;2025-05-24,,2025-09-26,9600.0,10800.0,10800.0,23.894584824021152,29.223443362862866,45.63491720530384,78.11667492999923,35850.29610096465,2166.6293624751825,16162.289886679348,19782.952772036915,7986.172496115902,27769.125268152817,19782.95277203692,19782.95275225396,38613.333270718416,1435.4834949701944,lexicographic,1.978295275225396e-05,3.86133332321051e-05,False,0.16205669999908423,0.0,1,0
2025-09-28,False,4,0.95,10,0.95,0,calibrated_quantile,2025-08-31;2025-09-06;2025-09-07;2025-09-13;2025-09-14;2025-09-20;2025-09-21;2025-09-27,8,9864.727974051251,2025-09-21;2025-09-07;2025-09-14;2025-06-29,2025-09-21;2025-09-07;2025-09-14;2025-06-29;2025-06-22;2025-06-01;2025-05-18;2025-05-11;2025-09-20;2025-08-24,,2025-09-27,9600.0,10800.0,10800.0,19.935925801147068,25.04107788398996,38.99369692107533,60.02023063287655,72504.16067327565,556.5188793402017,5413.767918876135,45246.06264807874,2159.701027657471,47405.76367573621,45246.06264807874,45246.06260283268,39622.63823895911,1470.2780255750815,lexicographic,4.524606260283268e-05,3.962263819933648e-05,False,0.12212689999796567,0.0,1,0
2025-09-29,False,4,0.95,10,0.95,0,calibrated_quantile,2025-09-01;2025-09-02;2025-09-03;2025-09-04;2025-09-05;2025-09-08;2025-09-09;2025-09-10;2025-09-11;2025-09-12;2025-09-15;2025-09-16;2025-09-17;2025-09-18;2025-09-19;2025-09-22;2025-09-23;2025-09-24;2025-09-25;2025-09-26,20,6126.840845002339,2025-09-15;2025-09-22;2025-09-08;2025-09-23,2025-09-15;2025-09-22;2025-09-08;2025-09-23;2025-09-09;2025-09-02;2025-09-16;2025-09-01;2025-06-30;2025-06-23,,2025-09-28,9600.0,10800.0,10800.0,20.47701532553365,25.88079785349683,34.286757697234265,53.91479928761641,68388.6462548711,1539.0668336520753,3038.490260364908,42673.1321797167,6159.092070333373,48832.22425005007,42673.1321797167,42673.132137043554,39337.31327877077,1468.1911156963401,lexicographic,4.267313213704356e-05,3.933731323943346e-05,False,0.12050939999971888,0.0,1,0
2025-09-30,False,4,0.95,10,0.95,0,calibrated_quantile,2025-09-02;2025-09-03;2025-09-04;2025-09-05;2025-09-08;2025-09-09;2025-09-10;2025-09-11;2025-09-12;2025-09-15;2025-09-16;2025-09-17;2025-09-18;2025-09-19;2025-09-22;2025-09-23;2025-09-24;2025-09-25;2025-09-26;2025-09-29,20,6688.222700398482,2025-09-23;2025-09-09;2025-09-02;2025-09-16,2025-09-23;2025-09-09;2025-09-02;2025-09-16;2025-09-24;2025-09-17;2025-09-22;2025-09-15;2025-09-29;2025-09-03,,2025-09-29,9600.0,10800.0,10800.0,19.49089663727524,23.857788418709763,44.408566361385205,68.06128400733844,70632.86083264979,1740.514681060631,2827.4753809172234,44318.87941264313,7706.4563783708745,52025.335791014004,44318.87941264313,44318.879368324255,39283.910066784345,1479.5404614337322,lexicographic,4.431887936832426e-05,3.928391002750044e-05,False,0.11961729999893578,0.0,1,0
2025-10-01,False,2,1.0,10,0.8,0,calibrated_quantile,2025-09-03;2025-09-04;2025-09-05;2025-09-08;2025-09-09;2025-09-10;2025-09-11;2025-09-12;2025-09-15;2025-09-16;2025-09-17;2025-09-18;2025-09-19;2025-09-22;2025-09-23;2025-09-24;2025-09-25;2025-09-26;2025-09-29;2025-09-30,20,7275.54120976973,2025-09-24;2025-09-17,2025-09-24;2025-09-17;2025-09-18;2025-09-25;2025-09-03;2025-09-11;2025-09-30;2025-09-10;2025-09-23;2025-09-09,,2025-09-30,9600.0,10800.0,10800.0,33.702646585648154,45.441582227838396,68.8286452822248,123.03389374733932,74674.64596756265,65.97962294333882,20828.959088405325,46937.911524506955,143.19670705337825,47081.108231560334,46937.911524506955,46937.91147756904,40488.223123520555,1500.228275653773,lexicographic,4.693791147756904e-05,4.0488223083032335e-05,False,0.14912660000118194,0.0,1,0
2025-10-02,False,2,1.0,10,0.8,0,calibrated_quantile,2025-09-04;2025-09-05;2025-09-08;2025-09-09;2025-09-10;2025-09-11;2025-09-12;2025-09-15;2025-09-16;2025-09-17;2025-09-18;2025-09-19;2025-09-22;2025-09-23;2025-09-24;2025-09-25;2025-09-26;2025-09-29;2025-09-30;2025-10-01,20,7285.7720938535,2025-09-04;2025-09-18,2025-09-04;2025-09-18;2025-09-10;2025-09-12;2025-09-25;2025-09-03;2025-09-11;2025-09-19;2025-09-05;2025-10-01,,2025-10-01,9600.0,10800.0,10800.0,35.93666585648148,50.18592588826592,26.563620285830943,48.05955198245525,66830.7115096475,259.186984749104,11247.97480116231,42463.25769741387,818.0616566754267,43281.3193540893,42463.25769741387,42463.25765495062,39164.023387302186,1491.8609440467362,lexicographic,4.246325765495062e-05,3.9164023348138174e-05,False,0.11919180000040797,0.0,1,0
2025-10-03,False,2,1.0,10,0.8,0,calibrated_quantile,2025-09-05;2025-09-08;2025-09-09;2025-09-10;2025-09-11;2025-09-12;2025-09-15;2025-09-16;2025-09-17;2025-09-18;2025-09-19;2025-09-22;2025-09-23;2025-09-24;2025-09-25;2025-09-26;2025-09-29;2025-09-30;2025-10-01;2025-10-02,20,7328.887246330669,2025-09-19;2025-09-12,2025-09-19;2025-09-12;2025-09-05;2025-09-26;2025-10-02;2025-09-18;2025-09-04;2025-09-25;2025-09-11;2025-09-10,,2025-10-02,9600.0,10800.0,10800.0,36.02041452546296,48.86479611176224,18.403921933176832,35.6785441398805,36458.62857260014,142.80006749741295,24730.941613518364,20120.521622353255,667.2945068289621,20787.816129182218,20120.521622353255,20120.521602232733,38613.33326899114,1324.4684885563088,lexicographic,2.0120521602232733e-05,3.861333323037782e-05,False,0.15456249999988358,0.0,1,0
2025-10-04,False,2,1.0,10,0.8,0,calibrated_quantile,2025-09-06;2025-09-07;2025-09-13;2025-09-14;2025-09-20;2025-09-21;2025-09-27;2025-09-28,8,10152.934603679969,2025-09-13;2025-09-06,2025-09-13;2025-09-06;2025-09-20;2025-09-27;2025-05-31;2025-05-24;2025-05-17;2025-09-21;2025-06-28;2025-09-14,,2025-10-03,9600.0,10800.0,10800.0,34.69511174768518,46.18900694897306,24.176980177415366,42.69260971752791,37254.00444482897,61.021685247268124,20165.710370525518,20794.081116922654,186.5419168437568,20980.623033766413,20794.081116922658,20794.08109612857,38613.333265544585,1445.9456606766162,lexicographic,2.0794081096128573e-05,3.861333322693126e-05,False,0.13494039999932284,0.0,1,0
2025-10-05,False,2,1.0,10,0.8,0,calibrated_quantile,2025-09-07;2025-09-13;2025-09-14;2025-09-20;2025-09-21;2025-09-27;2025-09-28;2025-10-04,8,9464.636492942485,2025-09-21;2025-09-28,2025-09-21;2025-09-28;2025-09-07;2025-09-14;2025-06-29;2025-06-01;2025-06-22;2025-05-11;2025-05-18;2025-04-06,,2025-10-04,9600.0,10800.0,10800.0,34.076346643518505,44.59377319843678,38.00744220980809,68.93670971994106,76295.96504396474,189.83647030523593,17487.809837092005,47712.27245369613,410.9180786473599,48123.19053234349,47712.27245369613,47712.27240598386,40601.449500134004,1459.6271220271403,lexicographic,4.7712272405983865e-05,4.060144945953256e-05,False,0.11527639999985695,0.0,1,0
2025-10-06,False,2,1.0,10,0.8,0,calibrated_quantile,2025-09-08;2025-09-09;2025-09-10;2025-09-11;2025-09-12;2025-09-15;2025-09-16;2025-09-17;2025-09-18;2025-09-19;2025-09-22;2025-09-23;2025-09-24;2025-09-25;2025-09-26;2025-09-29;2025-09-30;2025-10-01;2025-10-02;2025-10-03,20,7425.900866648457,2025-09-22;2025-09-15,2025-09-22;2025-09-15;2025-09-08;2025-09-29;2025-09-30;2025-09-09;2025-09-16;2025-09-23;2025-09-02;2025-09-01,,2025-10-05,9600.0,10800.0,10800.0,33.31538848379629,42.62830265394474,25.649587796870545,45.82056881556213,75127.66942766201,109.62677106718174,13207.469712230675,47302.94477155294,238.61814773483357,47541.562919287775,47302.94477155294,47302.94472424998,40931.88525295956,1485.5935837074276,lexicographic,4.730294472424998e-05,4.0931885212027694e-05,False,0.15425510000204667,1.538161663422486e-16,1,0
2025-10-07,False,2,1.0,10,0.8,0,calibrated_quantile,2025-09-09;2025-09-10;2025-09-11;2025-09-12;2025-09-15;2025-09-16;2025-09-17;2025-09-18;2025-09-19;2025-09-22;2025-09-23;2025-09-24;2025-09-25;2025-09-26;2025-09-29;2025-09-30;2025-10-01;2025-10-02;2025-10-03;2025-10-06,20,7123.686216864769,2025-09-30;2025-09-23,2025-09-30;2025-09-23;2025-09-09;2025-09-02;2025-09-16;2025-09-24;2025-10-01;2025-10-06;2025-09-17;2025-09-22,,2025-10-06,9600.0,10800.0,10800.0,34.4854789351852,47.16996464479839,17.12442346345712,30.625558529812558,71468.78397869464,103.72684146277524,9668.847687137946,45183.65921058882,228.54449989983024,45412.20371048865,45183.65921058882,45183.65916540516,39363.69074086989,1476.4557242369756,lexicographic,4.518365916540516e-05,3.9363690701506226e-05,False,0.12257529999988037,0.0,1,0
2025-10-08,False,2,1.0,10,0.8,0,calibrated_quantile,2025-09-10;2025-09-11;2025-09-12;2025-09-15;2025-09-16;2025-09-17;2025-09-18;2025-09-19;2025-09-22;2025-09-23;2025-09-24;2025-09-25;2025-09-26;2025-09-29;2025-09-30;2025-10-01;2025-10-02;2025-10-03;2025-10-06;2025-10-07,20,6985.149133004974,2025-09-24;2025-10-01,2025-09-24;2025-10-01;2025-09-17;2025-09-25;2025-09-03;2025-10-07;2025-09-18;2025-09-11;2025-09-30;2025-09-23,,2025-10-07,9600.0,10800.0,10800.0,20.935077314814812,26.562363496824656,21.43848161079305,42.265479249959895,69818.46783322791,202.3841763042136,9432.875694122422,43344.791054409216,449.5284411770598,43794.31949558628,43344.791054409216,43344.79101106443,39148.210390657376,1460.258096321922,lexicographic,4.334479101106443e-05,3.9148210351509186e-05,False,0.13193740000133403,0.0,1,0
2025-10-09,False,2,1.0,10,0.8,0,calibrated_quantile,2025-09-11;2025-09-12;2025-09-15;2025-09-16;2025-09-17;2025-09-18;2025-09-19;2025-09-22;2025-09-23;2025-09-24;2025-09-25;2025-09-26;2025-09-29;2025-09-30;2025-10-01;2025-10-02;2025-10-03;2025-10-06;2025-10-07;2025-10-08,20,6407.305741095783,2025-09-25;2025-09-18,2025-09-25;2025-09-18;2025-09-11;2025-10-08;2025-09-04;2025-10-01;2025-09-24;2025-09-17;2025-10-02;2025-09-26,,2025-10-08,9600.0,10800.0,10800.0,32.47064542824075,43.488627508777114,23.65008036638776,40.46720015990877,68876.31734522062,163.34455525964432,9225.403409554148,43449.53476238901,530.4600449371691,43979.994807326184,43449.53476238901,43449.534718939474,38622.32116706815,1484.9276751097668,lexicographic,4.344953471893948e-05,3.862232112844585e-05,False,0.1623622000006435,0.0,1,0
2025-10-10,False,2,1.0,10,0.8,0,calibrated_quantile,2025-09-12;2025-09-15;2025-09-16;2025-09-17;2025-09-18;2025-09-19;2025-09-22;2025-09-23;2025-09-24;2025-09-25;2025-09-26;2025-09-29;2025-09-30;2025-10-01;2025-10-02;2025-10-03;2025-10-06;2025-10-07;2025-10-08;2025-10-09,20,5803.022578322081,2025-10-03;2025-09-19,2025-10-03;2025-09-19;2025-09-26;2025-09-12;2025-09-05;2025-10-09;2025-09-18;2025-10-02;2025-09-25;2025-09-04,,2025-10-09,9600.0,10800.0,10800.0,21.65631527777777,27.069394392423753,19.985143346573423,36.4758563058388,34476.47382392002,206.3225518795894,21285.8521315401,18250.063880298047,514.7593891199153,18764.82326941796,18250.063880298043,18250.06386204798,38613.33327864765,1280.8916599949275,lexicographic,1.825006386204798e-05,3.861333324003431e-05,False,0.15567599999849335,0.0,1,0
2025-10-11,False,2,1.0,10,0.8,0,calibrated_quantile,2025-09-13;2025-09-14;2025-09-20;2025-09-21;2025-09-27;2025-09-28;2025-10-04;2025-10-05,8,9551.073615385641,2025-10-04;2025-09-13,2025-10-04;2025-09-13;2025-09-06;2025-09-20;2025-09-27;2025-05-31;2025-05-17;2025-04-12;2025-05-24;2025-09-14,,2025-10-10,9600.0,10800.0,10800.0,23.223667997685183,30.844289059915262,23.015627904436883,39.46360545391784,36043.45766591867,71.44627834373352,17955.25703398854,19465.59350643556,185.4447178196176,19651.03822425518,19465.593506435565,19465.593486969963,38613.333272433534,1427.658993258503,lexicographic,1.9465593486969964e-05,3.86133332338202e-05,False,0.13053360000048997,0.0,1,0
2025-10-12,False,2,1.0,10,0.8,0,calibrated_quantile,2025-09-14;2025-09-20;2025-09-21;2025-09-27;2025-09-28;2025-10-04;2025-10-05;2025-10-11,8,9663.414094823398,2025-10-05;2025-09-28,2025-10-05;2025-09-28;2025-09-21;2025-09-07;2025-09-14;2025-06-29;2025-03-09;2025-04-06;2025-05-11;2025-05-18,,2025-10-11,9600.0,10800.0,10800.0,20.353015798611107,25.81985541864826,23.971943066947105,39.90792185330862,70951.13186393659,50.162739603917785,8334.747037589535,43774.5673561163,108.65120303720093,43883.2185591535,43774.5673561163,43774.56731234172,39549.37244493646,1457.8576005589148,lexicographic,4.377456731234172e-05,3.95493724053871e-05,False,0.12081929999840213,0.0,1,0
2025-10-13,False,2,1.0,10,0.8,0,calibrated_quantile,2025-09-15;2025-09-16;2025-09-17;2025-09-18;2025-09-19;2025-09-22;2025-09-23;2025-09-24;2025-09-25;2025-09-26;2025-09-29;2025-09-30;2025-10-01;2025-10-02;2025-10-03;2025-10-06;2025-10-07;2025-10-08;2025-10-09;2025-10-10,20,5873.780752147901,2025-10-06;2025-09-29,2025-10-06;2025-09-29;2025-09-22;2025-09-15;2025-09-08;2025-10-07;2025-09-30;2025-09-23;2025-09-09;2025-09-02,,2025-10-12,9600.0,10800.0,10800.0,22.282774305555552,27.897660268749636,19.736871573044404,38.59984592846769,70137.6363163027,101.04734027410694,9095.725939442975,43570.322045407236,219.2215595505608,43789.5436049578,43570.32204540723,43570.322001836925,39206.14723690657,1457.49909638809,lexicographic,4.357032200183693e-05,3.920614719770043e-05,False,0.15466129999913392,0.0,1,0
2025-10-14,False,2,1.0,10,0.8,0,calibrated_quantile,2025-09-16;2025-09-17;2025-09-18;2025-09-19;2025-09-22;2025-09-23;2025-09-24;2025-09-25;2025-09-26;2025-09-29;2025-09-30;2025-10-01;2025-10-02;2025-10-03;2025-10-06;2025-10-07;2025-10-08;2025-10-09;2025-10-10;2025-10-13,20,5632.89526351405,2025-10-07;2025-09-30,2025-10-07;2025-09-30;2025-09-16;2025-09-09;2025-09-23;2025-10-08;2025-09-02;2025-10-06;2025-10-01;2025-09-24,,2025-10-13,9600.0,10800.0,10800.0,20.28960590277777,26.081916737021036,25.121583394002357,40.68389033955715,68320.59347674511,573.348875562551,4049.1315910658695,42227.71312730458,2241.4242991383853,44469.13742644297,42227.71312730458,42227.71308507689,38781.45513165429,1439.5581015936389,lexicographic,4.222771308507689e-05,3.8781455092872844e-05,False,0.15321530000073835,0.0,1,0
2025-10-15,False,2,1.0,10,0.8,0,calibrated_quantile,2025-09-17;2025-09-18;2025-09-19;2025-09-22;2025-09-23;2025-09-24;2025-09-25;2025-09-26;2025-09-29;2025-09-30;2025-10-01;2025-10-02;2025-10-03;2025-10-06;2025-10-07;2025-10-08;2025-10-09;2025-10-10;2025-10-13;2025-10-14,20,5503.0824287734995,2025-10-08;2025-10-01,2025-10-08;2025-10-01;2025-09-24;2025-09-17;2025-10-09;2025-09-25;2025-10-07;2025-09-18;2025-09-30;2025-10-14,,2025-10-14,9600.0,10800.0,10800.0,16.225728703703687,20.0460725525907,26.505217900721,51.60129362666231,67827.37693308873,1682.9319283881948,3510.3911710156144,41641.77957575121,6820.445702132761,48462.22527788397,41641.77957575121,41641.779534109446,38866.35901702616,1428.5858162659988,lexicographic,4.1641779534109446e-05,3.886635897815981e-05,False,0.15453030000207946,0.0,1,0
2025-10-16,False,2,1.0,10,0.8,0,calibrated_quantile,2025-09-18;2025-09-19;2025-09-22;2025-09-23;2025-09-24;2025-09-25;2025-09-26;2025-09-29;2025-09-30;2025-10-01;2025-10-02;2025-10-03;2025-10-06;2025-10-07;2025-10-08;2025-10-09;2025-10-10;2025-10-13;2025-10-14;2025-10-15,20,5542.404491745006,2025-10-09;2025-09-25,2025-10-09;2025-09-25;2025-09-11;2025-10-15;2025-09-18;2025-10-08;2025-10-01;2025-09-24;2025-09-17;2025-09-26,,2025-10-15,9600.0,10800.0,10800.0,22.672464872685183,29.405363213299545,27.351275603420305,50.10278714121507,71022.2371671898,1197.1611207431556,5111.095139110472,44051.05917236096,4718.893326137597,48769.95249849856,44051.059172360954,44051.05912830993,39456.382420361675,1454.2724679643272,lexicographic,4.405105912830993e-05,3.9456382380905303e-05,False,0.16297739999936312,0.0,1,0
2025-10-17,False,2,1.0,10,0.8,0,calibrated_quantile,2025-09-19;2025-09-22;2025-09-23;2025-09-24;2025-09-25;2025-09-26;2025-09-29;2025-09-30;2025-10-01;2025-10-02;2025-10-03;2025-10-06;2025-10-07;2025-10-08;2025-10-09;2025-10-10;2025-10-13;2025-10-14;2025-10-15;2025-10-16,20,5539.987326175231,2025-09-26;2025-10-10,2025-09-26;2025-10-10;2025-09-19;2025-10-16;2025-10-03;2025-09-25;2025-10-09;2025-09-05;2025-09-11;2025-09-18,,2025-10-16,9600.0,10800.0,10800.0,19.251640162037035,24.627478071193934,18.897720544210927,36.81148401944166,35358.70966466154,215.28659709000704,15516.463611751557,18729.094488160375,659.6330446660608,19388.727532826437,18729.094488160375,18729.094469431282,38613.33333333333,1284.1955649552674,lexicographic,1.8729094469431284e-05,3.861333333333333e-05,False,0.16250550000040676,0.0,1,0
2025-10-18,False,2,1.0,10,0.8,0,calibrated_quantile,2025-09-20;2025-09-21;2025-09-27;2025-09-28;2025-10-04;2025-10-05;2025-10-11;2025-10-12,8,8233.144698251268,2025-09-27;2025-09-20,2025-09-27;2025-09-20;2025-10-04;2025-09-13;2025-10-11;2025-09-06;2025-03-08;2025-03-15;2025-06-28;2025-03-22,,2025-10-17,9600.0,10800.0,10800.0,33.520706770833335,44.25193204956144,27.70962394690163,47.557590767703395,37724.43556442237,235.03741546406974,17829.54637988644,20853.30223297983,867.7773715907276,21721.079604570557,20853.302232979833,20853.302212126524,38613.333333333336,1450.9892142496137,lexicographic,2.0853302212126525e-05,3.861333333333333e-05,False,0.1508670000002894,0.0,1,0
2025-10-19,False,2,1.0,10,0.8,0,calibrated_quantile,2025-09-21;2025-09-27;2025-09-28;2025-10-04;2025-10-05;2025-10-11;2025-10-12;2025-10-18,8,6797.826574012607,2025-10-12;2025-10-05,2025-10-12;2025-10-05;2025-09-28;2025-09-21;2025-09-07;2025-09-14;2025-03-09;2025-03-02;2025-03-23;2025-06-29,,2025-10-18,9600.0,10800.0,10800.0,16.90502841435184,20.313549513849217,42.447265092054096,74.91291462514535,68852.18374530537,2480.8190085826936,3296.378252446346,41941.52240689938,10607.346277198825,52548.868684098205,41941.52240689938,41941.52236495786,39542.80295934835,1424.3768969167259,lexicographic,4.1941522364957866e-05,3.954280291980557e-05,False,0.12631359999795677,0.0,1,0
2025-10-20,False,2,1.0,10,0.8,0,calibrated_quantile,2025-09-22;2025-09-23;2025-09-24;2025-09-25;2025-09-26;2025-09-29;2025-09-30;2025-10-01;2025-10-02;2025-10-03;2025-10-06;2025-10-07;2025-10-08;2025-10-09;2025-10-10;2025-10-13;2025-10-14;2025-10-15;2025-10-16;2025-10-17,20,5792.397144496561,2025-10-13;2025-09-29,2025-10-13;2025-09-29;2025-10-06;2025-09-22;2025-09-15;2025-09-08;2025-10-07;2025-09-30;2025-10-14;2025-09-23,,2025-10-19,9600.0,10800.0,10800.0,20.656107754629623,26.019710179205333,37.67940705453765,64.09623748162612,70435.72313809331,1587.9731924683645,3446.9586984898206,43899.11471957721,6631.130241282689,50530.2449608599,43899.11471957721,43899.11467567811,39400.41594938627,1446.345470283526,lexicographic,4.3899114675678114e-05,3.940041590998586e-05,False,0.12022350000188453,0.0,1,0
2025-10-21,False,2,1.0,10,0.8,0,calibrated_quantile,2025-09-23;2025-09-24;2025-09-25;2025-09-26;2025-09-29;2025-09-30;2025-10-01;2025-10-02;2025-10-03;2025-10-06;2025-10-07;2025-10-08;2025-10-09;2025-10-10;2025-10-13;2025-10-14;2025-10-15;2025-10-16;2025-10-17;2025-10-20,20,5810.483483805989,2025-10-07;2025-09-30,2025-10-07;2025-09-30;2025-10-14;2025-09-23;2025-10-15;2025-10-20;2025-09-09;2025-10-08;2025-10-13;2025-10-01,,2025-10-20,9600.0,10800.0,10800.0,22.186789467592593,27.689135810860453,29.837519862720733,53.3094263138845,73647.07948511827,1112.0045091052139,3964.331987048161,45767.11038274989,3418.2398710652187,49185.35025381511,45767.11038274989,45767.1103369828,41269.62573414392,1430.5586304189146,lexicographic,4.57671103369828e-05,4.1269625692874296e-05,False,0.13280139999915264,0.0,1,0
2025-10-22,False,2,1.0,10,0.8,0,calibrated_quantile,2025-09-24;2025-09-25;2025-09-26;2025-09-29;2025-09-30;2025-10-01;2025-10-02;2025-10-03;2025-10-06;2025-10-07;2025-10-08;2025-10-09;2025-10-10;2025-10-13;2025-10-14;2025-10-15;2025-10-16;2025-10-17;2025-10-20;2025-10-21,20,5817.393612105382,2025-10-15;2025-10-08,2025-10-15;2025-10-08;2025-10-16;2025-09-24;2025-10-01;2025-10-21;2025-09-17;2025-09-25;2025-10-07;2025-09-30,,2025-10-21,9600.0,10800.0,10800.0,17.967881307870357,21.745023814487332,22.058576404714287,42.700052153556236,74352.0472179547,1077.8408857520963,5409.608324277837,45600.22737623415,5191.14051929939,50791.36789553354,45600.227376234165,45600.22733063391,42538.649335612965,1414.962662386326,lexicographic,4.5600227330633915e-05,4.253864929307432e-05,False,0.1079174000005878,0.0,1,0
2025-10-23,False,2,1.0,10,0.8,0,calibrated_quantile,2025-09-25;2025-09-26;2025-09-29;2025-09-30;2025-10-01;2025-10-02;2025-10-03;2025-10-06;2025-10-07;2025-10-08;2025-10-09;2025-10-10;2025-10-13;2025-10-14;2025-10-15;2025-10-16;2025-10-17;2025-10-20;2025-10-21;2025-10-22,20,5680.779773024218,2025-10-16;2025-10-22,2025-10-16;2025-10-22;2025-10-09;2025-09-25;2025-10-15;2025-10-17;2025-09-11;2025-10-08;2025-10-01;2025-09-18,,2025-10-22,9600.0,10800.0,10800.0,18.463975115740727,23.247536491679504,17.96772320204948,35.16840942670486,73685.89721003419,452.251102077234,6391.756790070387,45447.6438639206,1901.5548310161812,47349.198694936786,45447.64386392061,45447.64381847296,41600.415918741855,1408.362664595295,lexicographic,4.544764381847297e-05,4.160041587714145e-05,False,0.12227970000094501,0.0,1,0
2025-10-24,False,2,1.0,10,0.8,0,calibrated_quantile,2025-09-26;2025-09-29;2025-09-30;2025-10-01;2025-10-02;2025-10-03;2025-10-06;2025-10-07;2025-10-08;2025-10-09;2025-10-10;2025-10-13;2025-10-14;2025-10-15;2025-10-16;2025-10-17;2025-10-20;2025-10-21;2025-10-22;2025-10-23,20,5537.527576958828,2025-10-17;2025-09-26,2025-10-17;2025-09-26;2025-10-10;2025-10-16;2025-10-23;2025-09-19;2025-10-03;2025-09-25;2025-10-09;2025-09-11,,2025-10-23,9600.0,10800.0,10800.0,19.4272802662037,25.22787925870569,16.19491758961756,26.422351438138787,35176.531418667524,324.60673116763087,13027.754105746386,18580.992722946947,1152.002781874387,19732.995504821334,18580.992722946947,18580.992704365955,38613.33327702101,1290.6584428431408,lexicographic,1.8580992704365957e-05,3.861333323840768e-05,False,0.11292429999957676,0.0,1,0
2025-10-25,False,2,1.0,10,0.8,0,calibrated_quantile,2025-09-27;2025-09-28;2025-10-04;2025-10-05;2025-10-11;2025-10-12;2025-10-18;2025-10-19,8,7538.295667049984,2025-10-18;2025-09-27,2025-10-18;2025-09-27;2025-09-20;2025-10-04;2025-09-13;2025-10-11;2025-09-06;2025-03-08;2025-03-15;2025-03-22,,2025-10-24,9566.239989168856,10800.0,10766.239989168856,24.20341979166666,29.53549593965884,28.62148979472242,53.171157746595895,36439.1791589467,181.76296071584915,13206.687182587546,19570.704939660733,547.0497772815085,20117.75471694224,19570.704939660733,19570.704920090033,38575.82214878156,1430.3066875808688,lexicographic,1.9570704920090033e-05,3.857582211020575e-05,False,0.18270750000010594,0.0,1,0
2025-10-26,False,2,1.0,10,0.8,0,calibrated_quantile,2025-09-28;2025-10-04;2025-10-05;2025-10-11;2025-10-12;2025-10-18;2025-10-19;2025-10-25,8,6248.506709340123,2025-10-19;2025-10-12,2025-10-19;2025-10-12;2025-10-05;2025-09-28;2025-09-21;2025-09-07;2025-09-14;2025-03-09;2025-03-02;2025-03-23,,2025-10-25,9529.710213933513,10766.239989168856,10729.710213933513,17.521161342592592,22.469094957023287,23.270096095459053,40.9796556813379,73173.89780318835,554.1371832204804,4818.747247279701,45204.057552482205,1676.9396764609914,46880.9972289432,45204.057552482205,45204.05750727817,41928.20870042461,1434.662347846601,lexicographic,4.520405750727818e-05,4.192820865849641e-05,False,0.12734739999723388,0.0,1,0
2025-10-27,False,2,1.0,10,0.8,0,calibrated_quantile,2025-09-29;2025-09-30;2025-10-01;2025-10-02;2025-10-03;2025-10-06;2025-10-07;2025-10-08;2025-10-09;2025-10-10;2025-10-13;2025-10-14;2025-10-15;2025-10-16;2025-10-17;2025-10-20;2025-10-21;2025-10-22;2025-10-23;2025-10-24,20,5656.362060022842,2025-10-20;2025-10-13,2025-10-20;2025-10-13;2025-09-29;2025-10-06;2025-09-22;2025-10-21;2025-09-15;2025-10-07;2025-09-30;2025-09-23,,2025-10-26,9493.18043869817,10729.710213933513,10693.18043869817,15.686450289351834,19.445399466201934,36.86748683814346,66.85145899058038,74537.25658869118,1092.44958441725,7685.128027504573,45976.78025337499,4186.334774008327,50163.11502738332,45976.78025337499,45976.78020739821,42185.61695947325,1412.6682411545498,lexicographic,4.5976780207398215e-05,4.2185616917287644e-05,False,0.1298514999980398,0.0,1,0
2025-10-28,False,2,1.0,10,0.8,0,calibrated_quantile,2025-09-30;2025-10-01;2025-10-02;2025-10-03;2025-10-06;2025-10-07;2025-10-08;2025-10-09;2025-10-10;2025-10-13;2025-10-14;2025-10-15;2025-10-16;2025-10-17;2025-10-20;2025-10-21;2025-10-22;2025-10-23;2025-10-24;2025-10-27,20,5396.723389083498,2025-10-14;2025-10-21,2025-10-14;2025-10-21;2025-10-07;2025-09-30;2025-09-23;2025-10-15;2025-09-09;2025-09-16;2025-10-20;2025-10-01,,2025-10-27,9456.650663462848,10693.18043869817,10656.650663462848,17.35790428240741,22.289674072043848,22.584308470615863,38.04489212176641,74392.52048314553,995.8834164679797,5023.064665329696,45720.317772866314,3906.5885715448057,49626.90634441112,45720.317772866314,45720.31772714598,42194.39122356482,1434.9191559858182,lexicographic,4.572031772714598e-05,4.219439118137043e-05,False,0.12662400000044727,0.0,1,0
2025-10-29,False,2,1.0,10,0.8,0,calibrated_quantile,2025-10-01;2025-10-02;2025-10-03;2025-10-06;2025-10-07;2025-10-08;2025-10-09;2025-10-10;2025-10-13;2025-10-14;2025-10-15;2025-10-16;2025-10-17;2025-10-20;2025-10-21;2025-10-22;2025-10-23;2025-10-24;2025-10-27;2025-10-28,20,5097.357085221695,2025-10-22;2025-10-15,2025-10-22;2025-10-15;2025-10-08;2025-10-23;2025-10-01;2025-10-16;2025-09-24;2025-10-21;2025-10-09;2025-09-17,,2025-10-28,9420.120888227506,10656.650663462848,10620.120888227506,15.594403009259262,19.22788266071691,33.767472727085774,57.41598647033036,73747.75256614223,1824.7213620870941,1903.6202059822035,45377.626462367625,7171.638446510966,52549.26490887859,45377.626462367625,45377.62641699,41848.38960363625,1412.9458164955154,lexicographic,4.5377626416990005e-05,4.184838956178786e-05,False,0.16447680000055698,0.0,1,0
2025-10-30,False,2,1.0,10,0.8,0,calibrated_quantile,2025-10-02;2025-10-03;2025-10-06;2025-10-07;2025-10-08;2025-10-09;2025-10-10;2025-10-13;2025-10-14;2025-10-15;2025-10-16;2025-10-17;2025-10-20;2025-10-21;2025-10-22;2025-10-23;2025-10-24;2025-10-27;2025-10-28;2025-10-29,20,5545.422996448951,2025-10-23;2025-10-16,2025-10-23;2025-10-16;2025-10-22;2025-10-29;2025-10-24;2025-10-09;2025-09-25;2025-10-17;2025-10-15;2025-10-08,,2025-10-29,9363.455634386852,10620.120888227506,10563.455634386852,18.33161394675927,22.638703692238725,18.731432773290333,35.70291180326472,76307.37339395515,448.6639507023633,7560.1822804364765,47229.44157265085,1748.6805105303702,48978.122083181224,47229.441572650845,47229.441525421425,42529.185140280206,1394.3749878372605,lexicographic,4.7229441525421426e-05,4.252918509775103e-05,False,0.1300358000007691,0.0,1,0
2025-10-31,False,2,1.0,10,0.8,0,calibrated_quantile,2025-10-03;2025-10-06;2025-10-07;2025-10-08;2025-10-09;2025-10-10;2025-10-13;2025-10-14;2025-10-15;2025-10-16;2025-10-17;2025-10-20;2025-10-21;2025-10-22;2025-10-23;2025-10-24;2025-10-27;2025-10-28;2025-10-29;2025-10-30,20,5526.786803494651,2025-10-24;2025-10-17,2025-10-24;2025-10-17;2025-09-26;2025-10-23;2025-10-30;2025-10-16;2025-10-10;2025-09-19;2025-09-25;2025-10-09,,2025-10-30,9306.790380546166,10563.455634386852,10506.790380546166,16.710057407407408,21.149111273614174,35.68689498202676,63.172957258760135,35219.20283290144,1082.6843637267607,8457.160339524738,18450.086017149093,3792.7153050710754,22242.80132222017,18450.086017149093,18450.085998699007,38074.65488212557,1276.933972227991,lexicographic,1.8450085998699008e-05,3.807465484405091e-05,False,0.18139199999859557,0.0,1,0
2025-11-01,False,2,0.95,10,0.8,0,calibrated_quantile,2025-10-04;2025-10-05;2025-10-11;2025-10-12;2025-10-18;2025-10-19;2025-10-25;2025-10-26,8,5654.182607095679,2025-10-25;2025-10-18,2025-10-25;2025-10-18;2025-09-27;2025-09-20;2025-09-13;2025-03-08;2025-02-15;2025-02-08;2025-02-22;2025-10-04,,2025-10-31,9250.125126705478,10506.790380546166,10450.125126705478,18.131855679878786,23.801487797557378,26.86498853418618,45.009861243597534,34530.73050877871,930.4176377519537,8988.637587235266,17991.426921468366,3342.8260278314287,21334.252949299796,17991.426921468366,17991.426903476942,37960.69476265573,1400.2045791737764,lexicographic,1.7991426903476942e-05,3.796069472469504e-05,False,0.13218369999958668,0.0,1,0
2025-11-02,False,2,0.95,10,0.8,0,calibrated_quantile,2025-10-05;2025-10-11;2025-10-12;2025-10-18;2025-10-19;2025-10-25;2025-10-26;2025-11-01,8,6221.817507159851,2025-10-26;2025-10-19,2025-10-26;2025-10-19;2025-10-12;2025-09-28;2025-10-05;2025-09-21;2025-02-09;2025-02-16;2025-03-02;2025-02-23,,2025-11-01,9193.459872864823,10450.125126705478,10393.459872864823,16.523071995519008,21.000056777102753,30.246773125562314,50.68893060646395,74914.2516591574,978.6820632109024,2677.2526881950585,46190.26747559413,4493.569879845002,50683.83735543914,46190.26747559413,46190.26742940385,42636.44847070218,1418.3538476613926,lexicographic,4.6190267429403854e-05,4.263644842806573e-05,False,0.1536234000013792,0.0,1,0
2025-11-03,False,2,0.95,10,0.8,0,calibrated_quantile,2025-10-06;2025-10-07;2025-10-08;2025-10-09;2025-10-10;2025-10-13;2025-10-14;2025-10-15;2025-10-16;2025-10-17;2025-10-20;2025-10-21;2025-10-22;2025-10-23;2025-10-24;2025-10-27;2025-10-28;2025-10-29;2025-10-30;2025-10-31,20,5928.743178158407,2025-10-27;2025-10-20,2025-10-27;2025-10-20;2025-10-13;2025-09-29;2025-10-21;2025-09-22;2025-10-06;2025-09-15;2025-10-07;2025-09-30,,2025-11-02,9136.794619024136,10393.459872864823,10336.794619024136,15.983085606427968,20.878210414218444,39.209598269728936,83.47479301734948,74278.98786908123,2549.537669635342,2903.0862977054126,45971.19748795344,7576.769833100154,53547.96732105359,45971.19748795343,45971.19744198226,42647.993001632145,1418.0521775170907,lexicographic,4.597119744198226e-05,4.2647992958984154e-05,False,0.157600900001853,0.0,1,0
2025-11-04,False,2,0.95,10,0.8,0,calibrated_quantile,2025-10-07;2025-10-08;2025-10-09;2025-10-10;2025-10-13;2025-10-14;2025-10-15;2025-10-16;2025-10-17;2025-10-20;2025-10-21;2025-10-22;2025-10-23;2025-10-24;2025-10-27;2025-10-28;2025-10-29;2025-10-30;2025-10-31;2025-11-03,20,6326.014651473253,2025-10-21;2025-10-22,2025-10-21;2025-10-22;2025-11-03;2025-10-29;2025-10-27;2025-09-30;2025-10-07;2025-09-23;2025-10-28;2025-10-20,,2025-11-03,9080.129365183482,10336.794619024136,10280.129365183482,20.26036611764007,24.231484176331108,15.163912920840025,31.780425611478684,78689.21042692926,508.03635449474496,7255.739847708069,48796.59980480102,2405.2321204856135,51201.831925286635,48796.59980480102,48796.599756004434,42085.23487687204,1431.711454325486,lexicographic,4.8796599756004434e-05,4.20852348347868e-05,False,0.17003199999817298,0.0,1,0
2025-11-05,False,2,0.95,10,0.8,0,calibrated_quantile,2025-10-08;2025-10-09;2025-10-10;2025-10-13;2025-10-14;2025-10-15;2025-10-16;2025-10-17;2025-10-20;2025-10-21;2025-10-22;2025-10-23;2025-10-24;2025-10-27;2025-10-28;2025-10-29;2025-10-30;2025-10-31;2025-11-03;2025-11-04,20,6404.754635686698,2025-10-29;2025-10-22,2025-10-29;2025-10-22;2025-10-15;2025-10-23;2025-10-30;2025-10-08;2025-10-16;2025-10-01;2025-10-21;2025-09-24,,2025-11-04,9023.464111342795,10280.129365183482,10223.464111342795,18.696824356549108,23.67950902386959,21.74862230535581,37.366653795276186,77375.97470703904,513.1443263595536,3813.795960128359,48007.49304140562,1683.0617876189322,49690.55482902456,48007.49304140562,48007.49299339814,42426.92578350361,1422.5633475235823,lexicographic,4.800749299339814e-05,4.242692574107669e-05,False,0.17182150000007823,0.0,1,0
2025-11-06,False,2,0.95,10,0.8,0,calibrated_quantile,2025-10-09;2025-10-10;2025-10-13;2025-10-14;2025-10-15;2025-10-16;2025-10-17;2025-10-20;2025-10-21;2025-10-22;2025-10-23;2025-10-24;2025-10-27;2025-10-28;2025-10-29;2025-10-30;2025-10-31;2025-11-03;2025-11-04;2025-11-05,20,6514.211546786752,2025-10-30;2025-10-23,2025-10-30;2025-10-23;2025-10-16;2025-10-22;2025-11-05;2025-10-29;2025-10-31;2025-10-24;2025-10-09;2025-10-17,,2025-11-05,8966.798857502108,10223.464111342795,10166.798857502108,18.701954044064756,22.885229623937885,27.485849610104935,50.03522654151188,78746.08524110445,1186.2553680709746,4204.308813813201,48955.00748344672,5465.230647608282,54420.238131055004,48955.00748344671,48955.007434491716,42056.77353167839,1417.588749129526,lexicographic,4.895500743449172e-05,4.2056773489621615e-05,False,0.11060659999930067,0.0,1,0
2025-11-07,False,2,0.95,10,0.8,0,calibrated_quantile,2025-10-10;2025-10-13;2025-10-14;2025-10-15;2025-10-16;2025-10-17;2025-10-20;2025-10-21;2025-10-22;2025-10-23;2025-10-24;2025-10-27;2025-10-28;2025-10-29;2025-10-30;2025-10-31;2025-11-03;2025-11-04;2025-11-05;2025-11-06,20,6792.703625772606,2025-10-31;2025-10-24,2025-10-31;2025-10-24;2025-11-06;2025-10-30;2025-10-17;2025-10-23;2025-10-16;2025-09-26;2025-02-14;2025-10-22,,2025-11-06,8910.133603661454,10166.798857502108,10110.133603661454,19.42626751610652,23.069699824617395,20.480367946124733,37.24713816631967,36496.6609167658,252.33614736481368,9566.4615927275,19307.802035775017,1081.4607463496213,20389.26278212464,19307.802035775014,19307.802016467216,37347.21490694467,1267.561324623151,lexicographic,1.930780201646722e-05,3.734721490694467e-05,False,0.21715359999870998,0.0,1,0
2025-11-08,False,2,0.95,10,0.8,0,calibrated_quantile,2025-10-11;2025-10-12;2025-10-18;2025-10-19;2025-10-25;2025-10-26;2025-11-01;2025-11-02,8,6848.594537723919,2025-11-01;2025-10-25,2025-11-01;2025-10-25;2025-10-18;2025-09-27;2025-09-20;2025-09-13;2025-10-04;2025-03-08;2025-10-11;2025-02-08,,2025-11-07,8853.468349820767,10110.133603661454,10053.468349820767,16.54698165874164,21.523811736626474,22.29636317524737,40.83063329087162,35887.948965399955,517.0393981070137,8769.047784779208,18912.822383518585,1701.0863611871514,20613.908744705735,18912.822383518585,18912.822364605778,37162.973965318386,1294.7316870255563,lexicographic,1.891282236460578e-05,3.7162973965318384e-05,False,0.19696660000045085,0.0,1,0
2025-11-09,False,2,0.95,10,0.8,0,calibrated_quantile,2025-10-12;2025-10-18;2025-10-19;2025-10-25;2025-10-26;2025-11-01;2025-11-02;2025-11-08,8,6943.715608224778,2025-11-02;2025-10-26,2025-11-02;2025-10-26;2025-10-19;2025-10-12;2025-09-28;2025-10-05;2025-09-21;2025-03-02;2025-02-16;2025-02-09,,2025-11-08,8847.97337074402,10053.468349820767,10047.97337074402,18.73078967209476,23.299181686116995,25.90588200917655,46.21609967344668,79101.93616832732,917.8446317797487,4228.737923534482,49519.335397255796,2986.5967475713023,52505.9321448271,49519.33539725579,49519.33534773646,42389.155090006345,1433.0684396188155,lexicographic,4.951933534773646e-05,4.238915504761719e-05,False,0.11537509999834583,0.0,1,0
2025-11-10,False,2,0.95,10,0.8,0,calibrated_quantile,2025-10-13;2025-10-14;2025-10-15;2025-10-16;2025-10-17;2025-10-20;2025-10-21;2025-10-22;2025-10-23;2025-10-24;2025-10-27;2025-10-28;2025-10-29;2025-10-30;2025-10-31;2025-11-03;2025-11-04;2025-11-05;2025-11-06;2025-11-07,20,6858.062247940394,2025-11-03;2025-10-27,2025-11-03;2025-10-27;2025-11-04;2025-10-20;2025-10-13;2025-09-29;2025-10-21;2025-02-03;2025-02-17;2025-03-03,,2025-11-09,8842.478391667268,10047.97337074402,10042.478391667268,18.436835111853924,22.662383357297724,35.951226380628974,60.99920559319494,79367.56865961899,1693.9359395800439,2771.0201488637927,49369.38816957494,7006.3052496213595,56375.693419196294,49369.38816957493,49369.38812020554,42273.083191815545,1447.8227730027002,lexicographic,4.9369388120205545e-05,4.2273083191815416e-05,False,0.19111730000076932,0.0,1,0
2025-11-11,False,2,0.95,10,0.8,0,calibrated_quantile,2025-10-14;2025-10-15;2025-10-16;2025-10-17;2025-10-20;2025-10-21;2025-10-22;2025-10-23;2025-10-24;2025-10-27;2025-10-28;2025-10-29;2025-10-30;2025-10-31;2025-11-03;2025-11-04;2025-11-05;2025-11-06;2025-11-07;2025-11-10,20,7296.968945723079,2025-11-04;2025-11-10,2025-11-04;2025-11-10;2025-10-21;2025-10-22;2025-11-03;2025-11-05;2025-10-29;2025-10-27;2025-02-04;2025-03-04,,2025-11-10,8836.983412590516,10042.478391667268,10036.983412590516,17.292164178441567,21.283279617275085,11.14337346353321,21.67036474610346,83010.1071594675,187.40344778548848,7186.122572759457,52157.58730523125,469.0852943140638,52626.672599545316,52157.58730523125,52157.58725307366,42466.72477949881,1453.4489584196185,lexicographic,5.2157587253073666e-05,4.2466724779492454e-05,False,0.2874697000006563,0.0,1,0
2025-11-12,False,2,0.95,10,0.8,0,calibrated_quantile,2025-10-15;2025-10-16;2025-10-17;2025-10-20;2025-10-21;2025-10-22;2025-10-23;2025-10-24;2025-10-27;2025-10-28;2025-10-29;2025-10-30;2025-10-31;2025-11-03;2025-11-04;2025-11-05;2025-11-06;2025-11-07;2025-11-10;2025-11-11,20,7210.7513301610525,2025-10-22;2025-11-05,2025-10-22;2025-11-05;2025-10-29;2025-11-06;2025-10-30;2025-11-04;2025-10-23;2025-11-11;2025-10-15;2025-10-16,,2025-11-11,8831.488433513767,10036.983412590516,10031.488433513767,18.30091009900748,23.401849124859837,13.57864187743788,26.551259566763658,82003.6039211502,213.47637053239487,6849.144871042523,51459.71550994303,1105.4027301465353,52565.11824008956,51459.71550994303,51459.71545848335,42081.66445366695,1450.3582609163595,lexicographic,5.145971545848335e-05,4.208166445366745e-05,False,0.20109360000060406,0.0,1,0
2025-11-13,False,2,0.95,10,0.8,0,calibrated_quantile,2025-10-16;2025-10-17;2025-10-20;2025-10-21;2025-10-22;2025-10-23;2025-10-24;2025-10-27;2025-10-28;2025-10-29;2025-10-30;2025-10-31;2025-11-03;2025-11-04;2025-11-05;2025-11-06;2025-11-07;2025-11-10;2025-11-11;2025-11-12,20,7034.5622054168325,2025-10-30;2025-11-06,2025-10-30;2025-11-06;2025-10-23;2025-10-16;2025-11-12;2025-11-05;2025-10-29;2025-10-22;2025-11-07;2025-10-31,,2025-11-12,8825.993454437015,10031.488433513767,10025.993454437015,19.620995314150782,24.04732429036811,24.863504485402533,50.115310573320656,81508.68236701869,841.9603265208589,5522.4810830451925,51263.567561129355,3040.7192259532485,54304.2867870826,51263.567561129355,51263.567509865796,42275.45470613823,1472.55086917661,lexicographic,5.12635675098658e-05,4.2275454663862783e-05,False,0.24123089999920921,0.0,1,0
2025-11-14,False,2,0.95,10,0.8,0,calibrated_quantile,2025-10-17;2025-10-20;2025-10-21;2025-10-22;2025-10-23;2025-10-24;2025-10-27;2025-10-28;2025-10-29;2025-10-30;2025-10-31;2025-11-03;2025-11-04;2025-11-05;2025-11-06;2025-11-07;2025-11-10;2025-11-11;2025-11-12;2025-11-13,20,7073.503695806519,2025-11-07;2025-10-31,2025-11-07;2025-10-31;2025-10-24;2025-11-06;2025-11-13;2025-10-30;2025-10-17;2025-10-23;2025-10-16;2025-02-14,,2025-11-13,8820.498475360268,10025.993454437015,10020.498475360268,15.293766331002558,19.17676580237672,16.99705282766264,31.516746840116866,37272.79300228809,181.77388708653518,5970.362614718491,19820.261400729432,666.957987915602,20487.219388645033,19820.261400729432,19820.261380909167,37068.92950771464,1264.6732648615064,lexicographic,1.982026138090917e-05,3.706892947064561e-05,False,0.2875657000004139,0.0,1,0
2025-11-15,False,2,0.95,10,0.8,0,calibrated_quantile,2025-10-18;2025-10-19;2025-10-25;2025-10-26;2025-11-01;2025-11-02;2025-11-08;2025-11-09,8,7404.260764538909,2025-11-01;2025-11-08,2025-11-01;2025-11-08;2025-10-25;2025-10-18;2025-09-27;2025-02-15;2025-02-08;2025-09-20;2025-03-08;2025-02-22,,2025-11-14,8815.003496283516,10020.498475360268,10015.003496283516,16.906341912106228,21.302250922550357,30.509918199995948,50.15582466590151,36477.96410134677,606.5975295897138,4986.232392331385,19306.83989828078,2464.2401127537487,21771.08001103453,19306.83989828078,19306.839878973933,37075.53455287752,1281.775833247548,lexicographic,1.9306839878973936e-05,3.707553455287752e-05,False,0.19355170000198996,0.0,1,0
2025-11-16,False,2,0.95,10,0.8,0,calibrated_quantile,2025-10-19;2025-10-25;2025-10-26;2025-11-01;2025-11-02;2025-11-08;2025-11-09;2025-11-15,8,7749.35439416883,2025-11-09;2025-11-02,2025-11-09;2025-11-02;2025-10-26;2025-10-19;2025-02-09;2025-02-02;2025-02-16;2025-10-12;2025-02-23;2025-03-02,,2025-11-15,8809.508517206765,10015.003496283516,10009.508517206765,19.9140879597327,25.04674577223081,24.148827207714206,49.60862479677284,82909.00056688974,1056.448034598819,4991.4589802223645,52264.355192818024,3919.386993514475,56183.7421863325,52264.35519281801,52264.35514055368,43296.24654208748,1421.3927066413337,lexicographic,5.2264355140553683e-05,4.329624649879123e-05,False,0.2593086000015319,0.0,1,0
2025-11-17,False,2,0.95,10,0.8,0,calibrated_quantile,2025-10-20;2025-10-21;2025-10-22;2025-10-23;2025-10-24;2025-10-27;2025-10-28;2025-10-29;2025-10-30;2025-10-31;2025-11-03;2025-11-04;2025-11-05;2025-11-06;2025-11-07;2025-11-10;2025-11-11;2025-11-12;2025-11-13;2025-11-14,20,7109.336483044678,2025-11-10;2025-11-03,2025-11-10;2025-11-03;2025-10-27;2025-11-11;2025-11-04;2025-10-20;2025-02-03;2025-09-29;2025-10-13;2025-02-17,,2025-11-16,8804.013538130017,10009.508517206765,10004.013538130017,20.15017893609772,24.412462361196617,15.682608956643119,28.29632446772792,83372.28767313165,222.40466866704065,6443.097357592151,52454.64708569308,683.9837689974613,53138.63085469054,52454.64708569308,52454.64703345926,42499.80284430879,1445.6677446877325,lexicographic,5.2454647033459265e-05,4.249980280180898e-05,False,0.22343499999988126,0.0,1,0
2025-11-18,False,2,0.95,10,0.8,0,calibrated_quantile,2025-10-21;2025-10-22;2025-10-23;2025-10-24;2025-10-27;2025-10-28;2025-10-29;2025-10-30;2025-10-31;2025-11-03;2025-11-04;2025-11-05;2025-11-06;2025-11-07;2025-11-10;2025-11-11;2025-11-12;2025-11-13;2025-11-14;2025-11-17,20,6779.981667889162,2025-11-04;2025-11-11,2025-11-04;2025-11-11;2025-10-21;2025-11-12;2025-11-17;2025-11-10;2025-11-05;2025-11-03;2025-10-22;2025-10-29,,2025-11-17,8798.518559053264,10004.013538130017,9998.518559053264,19.150110029793446,23.988805399397265,24.35298989884206,50.89834273299078,83492.13296163201,801.3282230521014,4896.699496487993,52675.01791997608,2520.076078524698,55195.09399850078,52675.017919976075,52675.01786752442,42979.635787577994,1447.84985305287,lexicographic,5.267501786752442e-05,4.297963574459835e-05,False,0.20799869999973453,0.0,1,0
2025-11-19,False,2,0.95,10,0.8,0,calibrated_quantile,2025-10-22;2025-10-23;2025-10-24;2025-10-27;2025-10-28;2025-10-29;2025-10-30;2025-10-31;2025-11-03;2025-11-04;2025-11-05;2025-11-06;2025-11-07;2025-11-10;2025-11-11;2025-11-12;2025-11-13;2025-11-14;2025-11-17;2025-11-18,20,6781.932754191523,2025-11-12;2025-10-22,2025-11-12;2025-10-22;2025-11-11;2025-11-06;2025-11-05;2025-11-04;2025-11-13;2025-10-30;2025-11-18;2025-10-29,,2025-11-18,8785.445551349916,9998.518559053264,9985.445551349916,18.887292595474158,24.076974489267027,19.763820957180855,37.46782680626132,84111.31944467076,556.2587864889323,4787.988960273984,52939.97202815499,2191.822979666978,55131.795007821966,52939.972028154996,52939.97197521499,43099.705253521955,1433.2796736586351,lexicographic,5.293997197521499e-05,4.309970525352473e-05,False,0.2599441999991541,0.0,1,0
2025-11-20,False,2,0.95,10,0.8,0,calibrated_quantile,2025-10-23;2025-10-24;2025-10-27;2025-10-28;2025-10-29;2025-10-30;2025-10-31;2025-11-03;2025-11-04;2025-11-05;2025-11-06;2025-11-07;2025-11-10;2025-11-11;2025-11-12;2025-11-13;2025-11-14;2025-11-17;2025-11-18;2025-11-19,20,6759.306184627057,2025-11-06;2025-11-13,2025-11-06;2025-11-13;2025-10-30;2025-11-19;2025-11-12;2025-10-23;2025-11-14;2025-11-07;2025-10-22;2025-11-05,,2025-11-19,8772.37254364656,9985.445551349916,9972.37254364656,17.234814428847464,20.38812620561318,18.5833820930221,35.4994698694394,84864.90834469558,395.90254689570577,5855.467691332318,53553.6410504725,1652.0981863736959,55205.739236846195,53553.6410504725,53553.640996918846,44061.7630842183,1444.2448873735757,lexicographic,5.355364099691885e-05,4.406176304015655e-05,False,0.29291359999842825,0.0,1,0
2025-11-21,False,2,0.95,10,0.8,0,calibrated_quantile,2025-10-24;2025-10-27;2025-10-28;2025-10-29;2025-10-30;2025-10-31;2025-11-03;2025-11-04;2025-11-05;2025-11-06;2025-11-07;2025-11-10;2025-11-11;2025-11-12;2025-11-13;2025-11-14;2025-11-17;2025-11-18;2025-11-19;2025-11-20,20,6829.071311972644,2025-11-07;2025-11-14,2025-11-07;2025-11-14;2025-11-20;2025-11-06;2025-11-13;2025-10-31;2025-10-30;2025-10-24;2025-02-14;2025-02-07,,2025-11-20,8759.299535943204,9972.37254364656,9959.299535943204,17.824692537266444,22.596512130559695,10.996189635230301,20.937875257993348,38550.636742382194,262.7554377698201,6226.229613830359,20596.689376687544,708.6351237043447,21305.32450039189,20596.689376687547,20596.68935609085,35588.213148639814,1267.107295140372,lexicographic,2.059668935609085e-05,3.55882131130516e-05,False,0.21366630000193254,0.0,1,0
2025-11-22,False,2,0.95,10,0.8,0,calibrated_quantile,2025-10-25;2025-10-26;2025-11-01;2025-11-02;2025-11-08;2025-11-09;2025-11-15;2025-11-16,8,7630.854759737357,2025-11-15;2025-11-01,2025-11-15;2025-11-01;2025-11-08;2025-10-25;2025-02-15;2025-02-08;2025-10-18;2025-09-27;2025-02-22;2025-01-25,,2025-11-21,8746.226528239855,9959.299535943204,9946.226528239855,17.318088087372296,20.806868768225954,20.70961097790059,34.81578078535601,38500.82025538983,252.09276088141502,4793.5375775038265,20372.008140557497,888.3697978594985,21260.377938416994,20372.0081405575,20372.00812018549,35747.94522737749,1267.7248997972665,lexicographic,2.037200812018549e-05,3.574794519162955e-05,False,0.20786729999963427,0.0,1,0
2025-11-23,False,2,0.95,10,0.8,0,calibrated_quantile,2025-10-26;2025-11-01;2025-11-02;2025-11-08;2025-11-09;2025-11-15;2025-11-16;2025-11-22,8,7431.788949306805,2025-11-16;2025-11-09,2025-11-16;2025-11-09;2025-11-02;2025-10-26;2025-10-19;2025-02-09;2025-02-16;2025-02-02;2025-03-02;2025-10-12,,2025-11-22,8733.153520536498,9946.226528239855,9933.153520536498,16.91828485144527,21.159975342006415,21.787775714366163,38.23662818877694,85603.3237260064,277.32599436986266,6017.598444238746,54236.603612287334,1043.3960198337927,55279.99963212113,54236.60361228733,54236.60355805072,44239.789214955876,1433.5937239606683,lexicographic,5.423660355805073e-05,4.42397891707161e-05,False,0.24830470000233618,0.0,1,0
2025-11-24,False,2,0.95,10,0.8,0,calibrated_quantile,2025-10-27;2025-10-28;2025-10-29;2025-10-30;2025-10-31;2025-11-03;2025-11-04;2025-11-05;2025-11-06;2025-11-07;2025-11-10;2025-11-11;2025-11-12;2025-11-13;2025-11-14;2025-11-17;2025-11-18;2025-11-19;2025-11-20;2025-11-21,20,6854.43295773432,2025-11-17;2025-11-10,2025-11-17;2025-11-10;2025-11-03;2025-10-27;2025-11-18;2025-11-11;2025-11-04;2025-02-03;2025-10-20;2025-02-17,,2025-11-23,8720.08051283315,9933.153520536498,9920.08051283315,17.194117109402978,21.162593921633828,12.864769195122578,25.42391989474278,84944.34718670121,348.3507879219184,6586.261656665812,53495.95052847973,1291.8568413609187,54787.807369840644,53495.95052847972,53495.95047498375,43416.12132825664,1434.3245782016688,lexicographic,5.3495950474983755e-05,4.341612132825717e-05,False,0.19277329999749782,0.0,1,0
2025-11-25,False,2,0.95,10,0.8,0,calibrated_quantile,2025-10-28;2025-10-29;2025-10-30;2025-10-31;2025-11-03;2025-11-04;2025-11-05;2025-11-06;2025-11-07;2025-11-10;2025-11-11;2025-11-12;2025-11-13;2025-11-14;2025-11-17;2025-11-18;2025-11-19;2025-11-20;2025-11-21;2025-11-24,20,6794.5008804488825,2025-11-11;2025-11-18,2025-11-11;2025-11-18;2025-11-04;2025-11-19;2025-11-12;2025-11-24;2025-11-17;2025-11-10;2025-10-21;2025-11-03,,2025-11-24,8707.007505129795,9920.08051283315,9907.007505129795,18.243181764647492,22.506871912383243,18.555094557285372,36.288561549395034,85438.98167160554,276.52410858857183,4913.2549729294315,53908.24759368203,924.0061905966529,54832.25378427868,53908.24759368203,53908.24753977377,44264.89437025502,1431.4054177428052,lexicographic,5.3908247539773774e-05,4.4264894325990124e-05,False,0.24381890000222484,0.0,1,0
2025-11-26,False,2,0.95,10,0.8,0,calibrated_quantile,2025-10-29;2025-10-30;2025-10-31;2025-11-03;2025-11-04;2025-11-05;2025-11-06;2025-11-07;2025-11-10;2025-11-11;2025-11-12;2025-11-13;2025-11-14;2025-11-17;2025-11-18;2025-11-19;2025-11-20;2025-11-21;2025-11-24;2025-11-25,20,6758.237228263188,2025-11-19;2025-11-12,2025-11-19;2025-11-12;2025-11-20;2025-11-25;2025-11-11;2025-10-22;2025-11-05;2025-11-06;2025-11-13;2025-11-04,,2025-11-25,8693.934497426439,9907.007505129795,9893.934497426439,20.2518326282555,24.395146159301333,12.70964062874512,24.67844432543065,86753.84184276566,162.5025435283879,5497.662541871705,54846.100934629925,616.0345268308251,55462.13546146075,54846.10093462992,54846.10087978383,44526.14996545858,1434.5173578146562,lexicographic,5.484610087978383e-05,4.452614992093243e-05,False,0.13355479999881936,0.0,1,0
2025-11-27,False,2,0.95,10,0.8,0,calibrated_quantile,2025-10-30;2025-10-31;2025-11-03;2025-11-04;2025-11-05;2025-11-06;2025-11-07;2025-11-10;2025-11-11;2025-11-12;2025-11-13;2025-11-14;2025-11-17;2025-11-18;2025-11-19;2025-11-20;2025-11-21;2025-11-24;2025-11-25;2025-11-26,20,6440.268548337626,2025-11-20;2025-11-19,2025-11-20;2025-11-19;2025-11-06;2025-11-26;2025-11-21;2025-11-13;2025-10-30;2025-11-14;2025-02-06;2025-11-12,,2025-11-26,8680.861489723091,9893.934497426439,9880.861489723091,16.506446961063624,22.227876935626195,12.646496522078316,24.321369146431863,86961.81581233544,164.12818155786067,6655.273787325119,54930.81050072171,696.2172486034377,55627.02774932515,54930.81050072171,54930.810445790885,44800.150739058416,1442.9159475145634,lexicographic,5.4930810445790885e-05,4.480015069425825e-05,False,0.17255320000185748,0.0,1,0
2025-11-28,False,2,0.95,10,0.8,0,calibrated_quantile,2025-10-31;2025-11-03;2025-11-04;2025-11-05;2025-11-06;2025-11-07;2025-11-10;2025-11-11;2025-11-12;2025-11-13;2025-11-14;2025-11-17;2025-11-18;2025-11-19;2025-11-20;2025-11-21;2025-11-24;2025-11-25;2025-11-26;2025-11-27,20,6419.7908637016735,2025-11-21;2025-11-14,2025-11-21;2025-11-14;2025-11-07;2025-11-27;2025-11-20;2025-11-06;2025-11-13;2025-10-31;2025-10-30;2025-02-14,,2025-11-27,8667.788482019734,9880.861489723091,9867.788482019734,19.0616420457676,23.63800722997999,17.99396465839864,32.321118100951836,39687.416702889794,397.1662457910977,5564.790158716933,21184.113066808786,1854.9877289415267,23039.100795750313,21184.113066808786,21184.11304562468,34404.81362210962,1273.9548865785305,lexicographic,2.118411304562468e-05,3.44048135877048e-05,False,0.19660819999990053,0.0,1,0
2025-11-29,False,2,0.95,10,0.8,0,calibrated_quantile,2025-11-01;2025-11-02;2025-11-08;2025-11-09;2025-11-15;2025-11-16;2025-11-22;2025-11-23,8,7365.40106006701,2025-11-15;2025-11-22,2025-11-15;2025-11-22;2025-11-01;2025-11-08;2025-10-25;2025-02-15;2025-02-08;2025-10-18;2025-09-27;2025-03-08,,2025-11-28,8661.904665697932,9867.788482019734,9861.904665697932,18.88503900445401,23.39457603845849,39.582930589843414,77.09341100451928,40754.61388215139,2006.8018351121996,4032.0379691298394,21554.682477078633,6209.5198891731525,27764.202366251786,21554.682477078633,21554.68245552395,36255.05217105961,1298.6886420086835,lexicographic,2.155468245552395e-05,3.625505213480456e-05,False,0.2020870999986073,0.0,1,0
2025-11-30,False,2,0.95,10,0.8,0,calibrated_quantile,2025-11-02;2025-11-08;2025-11-09;2025-11-15;2025-11-16;2025-11-22;2025-11-23;2025-11-29,8,7910.27931259148,2025-11-23;2025-11-16,2025-11-23;2025-11-16;2025-11-09;2025-02-02;2025-01-12;2025-01-19;2025-02-09;2025-11-02;2025-01-05;2025-02-16,,2025-11-29,8656.020849376126,9861.904665697932,9856.020849376126,19.42644549496734,24.09877457291568,36.624997483680666,74.4408526988529,87623.72397933567,1538.7847977632227,4259.423568988751,55708.083424561315,5253.285479563843,60961.36890412516,55708.083424561315,55708.08336885323,44431.769499431204,1488.2634924268345,lexicographic,5.570808336885323e-05,4.443176945499943e-05,False,0.21087900000202353,0.0,1,0
2025-12-01,False,2,1.0,10,0.8,0,calibrated_quantile,2025-11-03;2025-11-04;2025-11-05;2025-11-06;2025-11-07;2025-11-10;2025-11-11;2025-11-12;2025-11-13;2025-11-14;2025-11-17;2025-11-18;2025-11-19;2025-11-20;2025-11-21;2025-11-24;2025-11-25;2025-11-26;2025-11-27;2025-11-28,20,6066.7554452762015,2025-11-24;2025-11-17,2025-11-24;2025-11-17;2025-11-10;2025-02-10;2025-02-03;2025-01-13;2025-11-11;2025-11-25;2025-01-20;2025-01-06,,2025-11-30,8650.13703305432,9856.020849376126,9850.13703305432,57.64646620370369,69.51540862551076,28.188327476270064,53.71449950364034,85487.33908723725,6506.111737190546,1075.8224995724222,53954.65354308023,24444.56446054683,78399.21800362706,53954.65354308025,53954.6534891256,44054.94178965339,1446.5552836925026,lexicographic,5.3954653489125604e-05,4.405494174559845e-05,False,0.1461060000001453,0.0,1,0
2025-12-02,False,2,1.0,10,0.8,0,calibrated_quantile,2025-11-04;2025-11-05;2025-11-06;2025-11-07;2025-11-10;2025-11-11;2025-11-12;2025-11-13;2025-11-14;2025-11-17;2025-11-18;2025-11-19;2025-11-20;2025-11-21;2025-11-24;2025-11-25;2025-11-26;2025-11-27;2025-11-28;2025-12-01,20,6407.772536594846,2025-01-07;2025-01-14,2025-01-07;2025-01-14;2025-01-21;2025-01-28;2025-02-04;2025-01-15;2025-01-22;2025-11-11;2025-11-25;2025-02-11,,2025-12-01,8746.226528239855,9850.13703305432,9946.226528239855,21.918450231481476,27.3837736370486,35.05928826174244,63.161831883843654,96531.7797063698,1045.852764329401,4114.761425330954,61761.212219925874,4387.538535682143,66148.75075560802,61761.21221992588,61761.21215816467,45054.73416464499,1557.9289558288579,lexicographic,6.176121215816467e-05,4.505473411959025e-05,False,0.1263894999974582,0.0,1,0
2025-12-03,False,2,1.0,10,0.8,0,calibrated_quantile,2025-11-05;2025-11-06;2025-11-07;2025-11-10;2025-11-11;2025-11-12;2025-11-13;2025-11-14;2025-11-17;2025-11-18;2025-11-19;2025-11-20;2025-11-21;2025-11-24;2025-11-25;2025-11-26;2025-11-27;2025-11-28;2025-12-01;2025-12-02,20,6704.241934227237,2025-01-15;2025-01-08,2025-01-15;2025-01-08;2025-01-29;2025-01-09;2025-01-22;2025-12-02;2025-01-02;2025-01-16;2025-01-07;2025-01-23,,2025-12-02,8733.153520536498,9946.226528239855,9933.153520536498,21.887151215277783,27.39567189737448,18.816780208333334,44.37781666004764,101628.33061035306,24.587035282159036,9633.188211176064,65711.19562488524,53.24750597476889,65764.44313086,65711.19562488524,65711.19555917404,46392.983076686665,1570.4339606436083,lexicographic,6.571119555917405e-05,4.6392983030293674e-05,False,0.20904090000112774,0.0,1,0
2025-12-04,False,2,1.0,10,0.8,0,calibrated_quantile,2025-11-06;2025-11-07;2025-11-10;2025-11-11;2025-11-12;2025-11-13;2025-11-14;2025-11-17;2025-11-18;2025-11-19;2025-11-20;2025-11-21;2025-11-24;2025-11-25;2025-11-26;2025-11-27;2025-11-28;2025-12-01;2025-12-02;2025-12-03,20,6518.357662533423,2025-01-09;2025-01-16,2025-01-09;2025-01-16;2025-12-03;2025-01-02;2025-01-23;2025-11-27;2025-01-30;2025-02-06;2025-01-15;2025-01-10,,2025-12-03,8720.08051283315,9933.153520536498,9920.08051283315,24.129606423611133,29.0337874457735,17.40297397218982,34.74697293453625,100027.44161699375,190.25738872448923,8592.54261909296,64292.24199962072,932.283187637516,65224.52518725823,64292.24199962072,64292.2419353285,46364.08755872525,1590.4695727034327,lexicographic,6.42922419353285e-05,4.636408751236115e-05,False,0.17937069999970845,0.0,1,0
2025-12-05,False,2,1.0,10,0.8,0,calibrated_quantile,2025-11-07;2025-11-10;2025-11-11;2025-11-12;2025-11-13;2025-11-14;2025-11-17;2025-11-18;2025-11-19;2025-11-20;2025-11-21;2025-11-24;2025-11-25;2025-11-26;2025-11-27;2025-11-28;2025-12-01;2025-12-02;2025-12-03;2025-12-04,20,6327.97876124866,2025-01-10;2025-01-17,2025-01-10;2025-01-17;2025-01-03;2025-01-24;2025-01-31;2025-12-04;2025-02-07;2025-01-09;2025-01-16;2025-11-21,,2025-12-04,8707.007505129795,9920.08051283315,9907.007505129795,24.595145775462957,29.440348424678046,13.314607054168603,32.3118353473147,52798.47615660681,321.8756666275714,7716.408655012319,28198.11772915055,1297.4267463501342,29495.544475500683,28198.11772915055,28198.117700952425,39108.53916586652,1417.973175698325,lexicographic,2.8198117700952426e-05,3.910853912675798e-05,False,0.13191189999997732,0.0,1,0
2025-12-06,False,2,1.0,10,0.8,0,calibrated_quantile,2025-11-08;2025-11-09;2025-11-15;2025-11-16;2025-11-22;2025-11-23;2025-11-29;2025-11-30,8,8333.083326713659,2025-01-04;2025-01-11,2025-01-04;2025-01-11;2025-01-18;2025-01-25;2025-02-01;2025-02-08;2025-11-22;2025-02-15;2025-11-29;2025-11-15,,2025-12-05,8693.934497426439,9907.007505129795,9893.934497426439,24.269119791666657,30.34920406080534,21.403783465885866,39.0639676682503,55863.87824298923,90.89441995672053,8183.3279571545245,29680.663511682276,342.29386000525045,30022.957371687527,29680.663511682273,29680.663482001597,39246.65554306246,1417.8776481913537,lexicographic,2.96806634820016e-05,3.924665550381581e-05,False,0.14477550000083284,0.0,1,0
2025-12-07,False,2,1.0,10,0.8,0,calibrated_quantile,2025-11-09;2025-11-15;2025-11-16;2025-11-22;2025-11-23;2025-11-29;2025-11-30;2025-12-06,8,8171.2534276124625,2025-01-12;2025-01-05,2025-01-12;2025-01-05;2025-01-19;2025-01-26;2025-11-30;2025-02-02;2025-02-09;2025-11-16;2025-11-23;2025-02-16,,2025-12-06,8680.861489723091,9893.934497426439,9880.861489723091,22.65982430555555,28.54642304194062,15.690897392921894,29.824900664183424,101349.26269762554,127.5114850063709,8961.953875881332,65207.229144970785,508.1136731731372,65715.34281814392,65207.229144970785,65207.229079763565,46442.12161360311,1608.623174000379,lexicographic,6.520722907976357e-05,4.644212161360311e-05,False,0.12624599999981,2.231641404447118e-16,1,0
2025-12-08,False,2,1.0,10,0.8,0,calibrated_quantile,2025-11-10;2025-11-11;2025-11-12;2025-11-13;2025-11-14;2025-11-17;2025-11-18;2025-11-19;2025-11-20;2025-11-21;2025-11-24;2025-11-25;2025-11-26;2025-11-27;2025-11-28;2025-12-01;2025-12-02;2025-12-03;2025-12-04;2025-12-05,20,6301.6280715824405,2025-01-06;2025-01-20,2025-01-06;2025-01-20;2025-01-13;2025-01-27;2025-12-01;2025-12-02;2025-02-03;2025-01-07;2025-02-10;2025-01-14,,2025-12-07,8667.788482019734,9880.861489723091,9867.788482019734,21.68788125000001,26.22340315777663,17.080184825102883,33.78226595181557,100093.91033880078,43.87086925984647,7440.696640842283,64605.328238260176,134.48879765884155,64739.81703591902,64605.32823826018,64605.32817365481,46325.27557560311,1540.4680164302654,lexicographic,6.460532817365482e-05,4.6325275575604194e-05,False,0.16530259999854024,0.0,1,0
2025-12-09,False,2,1.0,10,0.8,0,calibrated_quantile,2025-11-11;2025-11-12;2025-11-13;2025-11-14;2025-11-17;2025-11-18;2025-11-19;2025-11-20;2025-11-21;2025-11-24;2025-11-25;2025-11-26;2025-11-27;2025-11-28;2025-12-01;2025-12-02;2025-12-03;2025-12-04;2025-12-05;2025-12-08,20,5792.555414883802,2025-12-02;2025-01-07,2025-12-02;2025-01-07;2025-01-14;2025-01-21;2025-01-28;2025-12-03;2025-12-08;2025-02-04;2025-01-15;2025-01-08,,2025-12-08,8661.904665697932,9867.788482019734,9861.904665697932,22.72583350694445,27.837074228664264,14.391055661693551,27.94425097520274,100045.76944493881,225.02505456666904,8012.213159658526,64378.32739668829,920.4333231440587,65298.76071983235,64378.32739668829,64378.32733230997,46450.10985176616,1596.0857319435352,lexicographic,6.437832733230998e-05,4.645010985176616e-05,False,0.12390849999792408,1.130187427303939e-16,1,0
2025-12-10,False,2,1.0,10,0.8,0,calibrated_quantile,2025-11-12;2025-11-13;2025-11-14;2025-11-17;2025-11-18;2025-11-19;2025-11-20;2025-11-21;2025-11-24;2025-11-25;2025-11-26;2025-11-27;2025-11-28;2025-12-01;2025-12-02;2025-12-03;2025-12-04;2025-12-05;2025-12-08;2025-12-09,20,5781.524100828419,2025-12-03;2025-01-15,2025-12-03;2025-01-15;2025-01-08;2025-01-29;2025-12-04;2025-01-22;2025-01-09;2025-12-09;2025-01-16;2025-01-02,,2025-12-09,8656.020849376126,9861.904665697932,9856.020849376126,20.56624328703702,26.925048094324634,19.62281876806863,38.60709556793537,98853.99834091731,411.5884422720668,6007.841219848599,63629.49121911651,1582.6521422827595,65212.14336139927,63629.49121911651,63629.49115548703,46450.11007557578,1572.80761076514,lexicographic,6.362949115548703e-05,4.645011007557578e-05,False,0.12499860000025365,0.0,1,0
2025-12-11,False,2,1.0,10,0.8,0,calibrated_quantile,2025-11-13;2025-11-14;2025-11-17;2025-11-18;2025-11-19;2025-11-20;2025-11-21;2025-11-24;2025-11-25;2025-11-26;2025-11-27;2025-11-28;2025-12-01;2025-12-02;2025-12-03;2025-12-04;2025-12-05;2025-12-08;2025-12-09;2025-12-10,20,5825.9826984501515,2025-12-04;2025-01-09,2025-12-04;2025-01-09;2025-01-02;2025-01-16;2025-01-23;2025-12-10;2025-12-03;2025-01-15;2025-01-08;2025-12-05,,2025-12-10,8650.13703305432,9856.020849376126,9850.13703305432,23.616707118055558,29.58034950816217,14.86930572296878,29.88804003626861,100075.22587402009,124.09199733358946,9367.93609903619,64405.823903533324,400.14097178791235,64805.96487532124,64405.82390353333,64405.82383912751,46450.1098435469,1609.4819996123795,lexicographic,6.440582383912751e-05,4.64501098435469e-05,False,0.1351875000000291,0.0,1,0
2025-12-12,False,2,1.0,10,0.8,0,calibrated_quantile,2025-11-14;2025-11-17;2025-11-18;2025-11-19;2025-11-20;2025-11-21;2025-11-24;2025-11-25;2025-11-26;2025-11-27;2025-11-28;2025-12-01;2025-12-02;2025-12-03;2025-12-04;2025-12-05;2025-12-08;2025-12-09;2025-12-10;2025-12-11,20,5478.503616269067,2025-12-05;2025-01-10,2025-12-05;2025-01-10;2025-01-17;2025-01-24;2025-01-03;2025-02-07;2025-01-31;2025-12-11;2025-12-04;2025-11-21,,2025-12-11,8644.253216732517,9850.13703305432,9844.253216732517,22.590965625,28.391080313386496,20.799805653606796,48.54060669963412,51816.079314948314,809.3136307837356,4826.283819477278,27358.685083639466,2600.620863109187,29959.305946748653,27358.685083639466,27358.68505628077,38967.84201614242,1392.486379094922,lexicographic,2.735868505628077e-05,3.8967841977174595e-05,False,0.12824329999784823,0.0,1,0
2025-12-13,False,2,1.0,10,0.8,0,calibrated_quantile,2025-11-15;2025-11-16;2025-11-22;2025-11-23;2025-11-29;2025-11-30;2025-12-06;2025-12-07,8,7821.143552965331,2025-01-11;2025-12-06,2025-01-11;2025-12-06;2025-01-04;2025-01-18;2025-02-01;2025-01-25;2025-02-08;2025-02-15;2025-11-22;2025-11-29,,2025-12-12,8638.36940041071,9844.253216732517,9838.36940041071,19.9465620949074,24.66000597150379,15.564848021642392,34.66054175539695,56205.10833437592,143.69094980635862,8434.128725740171,29887.446598489194,675.9791117464074,30563.425710235602,29887.446598489194,29887.446568601747,39267.36398066391,1401.7781872902437,lexicographic,2.988744656860175e-05,3.9267363941396546e-05,False,0.16257799999948475,0.0,1,0
2025-12-14,False,2,1.0,10,0.8,0,calibrated_quantile,2025-11-16;2025-11-22;2025-11-23;2025-11-29;2025-11-30;2025-12-06;2025-12-07;2025-12-13,8,7316.042100229308,2025-12-07;2025-01-12,2025-12-07;2025-01-12;2025-01-05;2025-01-19;2025-01-26;2025-02-02;2025-11-30;2025-02-09;2025-11-16;2025-02-16,,2025-12-13,8632.485584088907,9838.36940041071,9832.485584088907,20.810150636574072,26.212766223754052,13.302244971919416,26.7062021528172,100455.43273224447,133.08298787655713,6939.666854358014,64614.73375939737,562.410089096071,65177.14384849344,64614.73375939738,64614.73369478263,46450.10978110699,1659.5448164378265,lexicographic,6.461473369478264e-05,4.6450109781106986e-05,False,0.11951200000112294,2.2521048058644026e-16,1,0
2025-12-15,False,2,1.0,10,0.8,0,calibrated_quantile,2025-11-17;2025-11-18;2025-11-19;2025-11-20;2025-11-21;2025-11-24;2025-11-25;2025-11-26;2025-11-27;2025-11-28;2025-12-01;2025-12-02;2025-12-03;2025-12-04;2025-12-05;2025-12-08;2025-12-09;2025-12-10;2025-12-11;2025-12-12,20,5546.015216675261,2025-12-08;2025-01-13,2025-12-08;2025-01-13;2025-01-06;2025-01-20;2025-01-27;2025-12-01;2025-12-09;2025-02-10;2025-01-07;2025-02-03,,2025-12-14,8626.6017677671,9832.485584088907,9826.6017677671,20.559930150462964,25.03337164273063,21.16038525810902,45.73841814734307,98963.60550532973,643.3334577521651,5267.2538982494225,63581.955690134964,2123.8905341114883,65705.84622424646,63581.95569013496,63581.95562655303,46450.11008978612,1571.0703133526924,lexicographic,6.358195562655303e-05,4.645011008978612e-05,False,0.1278020000027027,0.0,1,0
2025-12-16,False,2,1.0,10,0.8,0,calibrated_quantile,2025-11-18;2025-11-19;2025-11-20;2025-11-21;2025-11-24;2025-11-25;2025-11-26;2025-11-27;2025-11-28;2025-12-01;2025-12-02;2025-12-03;2025-12-04;2025-12-05;2025-12-08;2025-12-09;2025-12-10;2025-12-11;2025-12-12;2025-12-15,20,5568.752400414392,2025-12-09;2025-01-07,2025-12-09;2025-01-07;2025-01-14;2025-12-02;2025-01-21;2025-12-10;2025-01-08;2025-12-03;2025-12-15;2025-01-13,,2025-12-15,8620.717951445295,9826.6017677671,9820.717951445295,18.823614467592577,24.410524330878207,9.561785815653186,19.379427289737503,100648.27469808645,62.331322766744,6422.387628294069,64823.08865086918,211.48791974671417,65034.57657061589,64823.08865086918,64823.08858604607,46450.10971883133,1605.9160487976765,lexicographic,6.482308858604608e-05,4.645010971883132e-05,False,0.12231049999900279,0.0,1,0
2025-12-17,False,2,1.0,10,0.8,0,calibrated_quantile,2025-11-19;2025-11-20;2025-11-21;2025-11-24;2025-11-25;2025-11-26;2025-11-27;2025-11-28;2025-12-01;2025-12-02;2025-12-03;2025-12-04;2025-12-05;2025-12-08;2025-12-09;2025-12-10;2025-12-11;2025-12-12;2025-12-15;2025-12-16,20,5275.4882751506775,2025-01-08;2025-12-10,2025-01-08;2025-12-10;2025-12-03;2025-01-15;2025-12-11;2025-01-29;2025-01-02;2025-12-16;2025-12-04;2025-01-09,,2025-12-16,8614.834135123492,9820.717951445295,9814.834135123492,22.01757048611111,26.673239338143407,6.701114067172749,14.29143890561543,99559.38588198074,243.87065385418066,6817.247244645801,63865.28628735456,892.9108135810766,64758.197100935635,63865.28628735457,63865.2862234893,45726.444714551995,1588.1589444897322,lexicographic,6.38652862234893e-05,4.572644466882555e-05,False,0.1377093999981298,0.0,1,0
2025-12-18,False,2,1.0,10,0.8,0,calibrated_quantile,2025-11-20;2025-11-21;2025-11-24;2025-11-25;2025-11-26;2025-11-27;2025-11-28;2025-12-01;2025-12-02;2025-12-03;2025-12-04;2025-12-05;2025-12-08;2025-12-09;2025-12-10;2025-12-11;2025-12-12;2025-12-15;2025-12-16;2025-12-17,20,5053.826642723954,2025-12-11;2025-01-02,2025-12-11;2025-01-02;2025-12-04;2025-01-09;2025-01-16;2025-01-23;2025-12-17;2025-12-10;2025-12-03;2025-01-08,,2025-12-17,8608.950318801686,9814.834135123492,9808.950318801686,23.382370775462952,28.582157861501425,16.72700667609287,37.01367512526305,98988.46294071135,358.5522666927885,7159.374895823741,63570.4176092147,1261.4981414336319,64831.91575064833,63570.41760921471,63570.41754564426,45985.66644038488,1541.0079888267087,lexicographic,6.357041754564426e-05,4.5985666394399204e-05,False,0.1542137000033108,0.0,1,0
2025-12-19,False,2,1.0,10,0.8,0,calibrated_quantile,2025-11-21;2025-11-24;2025-11-25;2025-11-26;2025-11-27;2025-11-28;2025-12-01;2025-12-02;2025-12-03;2025-12-04;2025-12-05;2025-12-08;2025-12-09;2025-12-10;2025-12-11;2025-12-12;2025-12-15;2025-12-16;2025-12-17;2025-12-18,20,4858.054608901992,2025-12-12;2025-12-05,2025-12-12;2025-12-05;2025-01-10;2025-01-17;2025-01-24;2025-01-31;2025-01-03;2025-02-07;2025-12-04;2025-12-11,,2025-12-18,8587.221445664749,9808.950318801686,9787.221445664749,20.65240844907408,25.08524572976471,13.30534397972478,26.89043096744422,51137.55923000203,685.613700163382,4865.0163387089,26698.937467048887,2842.077487823996,29541.014954872884,26698.937467048887,26698.937440349957,38785.195522014576,1386.0914703348421,lexicographic,2.669893744034996e-05,3.878519548322938e-05,False,0.12028289999943809,0.0,1,0
2025-12-20,False,2,1.0,10,0.8,0,calibrated_quantile,2025-11-22;2025-11-23;2025-11-29;2025-11-30;2025-12-06;2025-12-07;2025-12-13;2025-12-14,8,6808.391890537973,2025-12-13;2025-12-06,2025-12-13;2025-12-06;2025-01-11;2025-01-18;2025-01-04;2025-02-01;2025-01-25;2025-02-08;2025-11-22;2025-02-15,,2025-12-19,8565.492572527799,9787.221445664749,9765.492572527799,18.018350925925922,22.22711108756598,12.964666584304922,26.155345135551066,54835.95640735103,303.599997450154,8182.813467469501,29051.003083621512,1049.2054053782863,30100.208488999797,29051.003083621516,29051.003054570494,39267.4690300888,1376.2365003300238,lexicographic,2.9051003054570496e-05,3.9267468990821346e-05,False,0.12886759999673814,0.0,1,0
2025-12-21,False,2,1.0,10,0.8,0,calibrated_quantile,2025-11-23;2025-11-29;2025-11-30;2025-12-06;2025-12-07;2025-12-13;2025-12-14;2025-12-20,8,6574.7391832600615,2025-12-14;2025-12-07,2025-12-14;2025-12-07;2025-01-12;2025-01-05;2025-01-19;2025-01-26;2025-02-02;2025-11-30;2025-02-09;2025-02-16,,2025-12-20,8543.76369939085,9765.492572527799,9743.76369939085,21.695539583333332,27.169960246410824,9.407097643807209,21.741827493458523,100128.04596903612,412.2061410944242,6649.948791038735,64444.356483918455,1291.5741358536945,65735.93061977215,64444.356483918455,64444.3564194741,46432.50421334765,1651.590202813682,lexicographic,6.44443564194741e-05,4.643250421334765e-05,False,0.12132040000142297,0.0,1,0
2025-12-22,False,2,1.0,10,0.8,0,calibrated_quantile,2025-11-24;2025-11-25;2025-11-26;2025-11-27;2025-11-28;2025-12-01;2025-12-02;2025-12-03;2025-12-04;2025-12-05;2025-12-08;2025-12-09;2025-12-10;2025-12-11;2025-12-12;2025-12-15;2025-12-16;2025-12-17;2025-12-18;2025-12-19,20,4895.233197477106,2025-12-15;2025-12-08,2025-12-15;2025-12-08;2025-01-13;2025-01-06;2025-01-20;2025-01-27;2025-12-01;2025-12-16;2025-12-09;2025-02-10,,2025-12-21,8522.034826253916,9743.76369939085,9722.034826253916,19.724965682870355,24.464925142467365,8.765870515206343,17.907053873011968,98590.53383521631,522.2464666631357,5393.239029958761,63241.863723110335,1874.2275989709747,65116.09132208131,63241.86372311034,63241.86365986849,45761.78238415593,1567.3261294560689,lexicographic,6.324186365986849e-05,4.5761782338394145e-05,False,0.14125630000125966,0.0,1,0
2025-12-23,False,2,1.0,10,0.8,0,calibrated_quantile,2025-11-25;2025-11-26;2025-11-27;2025-11-28;2025-12-01;2025-12-02;2025-12-03;2025-12-04;2025-12-05;2025-12-08;2025-12-09;2025-12-10;2025-12-11;2025-12-12;2025-12-15;2025-12-16;2025-12-17;2025-12-18;2025-12-19;2025-12-22,20,4867.142741227148,2025-12-09;2025-12-16,2025-12-09;2025-12-16;2025-01-07;2025-01-14;2025-12-02;2025-01-21;2025-01-28;2025-02-04;2025-12-15;2025-12-17,,2025-12-22,8500.305953116966,9722.034826253916,9700.305953116966,17.804748842592588,22.31700989593094,11.331030623949232,24.06174745293032,98653.20211942012,126.46278639098144,6724.679291336652,63400.47006533865,350.8415800410934,63751.31164537975,63400.47006533865,63400.47000193821,45902.57078164192,1568.3722233963433,lexicographic,6.340047000193822e-05,4.590257073573935e-05,False,0.15292440000121132,0.0,1,0
2025-12-24,False,2,1.0,10,0.8,0,calibrated_quantile,2025-11-26;2025-11-27;2025-11-28;2025-12-01;2025-12-02;2025-12-03;2025-12-04;2025-12-05;2025-12-08;2025-12-09;2025-12-10;2025-12-11;2025-12-12;2025-12-15;2025-12-16;2025-12-17;2025-12-18;2025-12-19;2025-12-22;2025-12-23,20,4623.063475685918,2025-12-10;2025-12-17,2025-12-10;2025-12-17;2025-12-03;2025-01-15;2025-01-08;2025-01-29;2025-12-18;2025-12-11;2025-12-04;2025-01-22,,2025-12-23,8478.577079980028,9700.305953116966,9678.577079980028,17.81412858796296,22.391528788349103,11.815311260197706,25.07735502583731,97075.3364694706,325.5368442454262,4756.89614070258,62158.65836818716,1463.214470207343,63621.872838394505,62158.658368187156,62158.658306028476,45831.35942965347,1550.4875972135223,lexicographic,6.215865830602847e-05,4.583135938382211e-05,False,0.14603649999844492,2.34109223476523e-16,1,0
2025-12-25,False,2,1.0,10,0.8,0,calibrated_quantile,2025-11-27;2025-11-28;2025-12-01;2025-12-02;2025-12-03;2025-12-04;2025-12-05;2025-12-08;2025-12-09;2025-12-10;2025-12-11;2025-12-12;2025-12-15;2025-12-16;2025-12-17;2025-12-18;2025-12-19;2025-12-22;2025-12-23;2025-12-24,20,4582.02250752769,2025-12-11;2025-12-04,2025-12-11;2025-12-04;2025-01-09;2025-12-18;2025-01-16;2025-01-23;2025-01-02;2025-12-24;2025-02-06;2025-01-30,,2025-12-24,8456.84820684308,9678.577079980028,9656.84820684308,21.046116377314817,27.086051642550053,14.845989953976279,34.0014397722785,97618.09752535682,744.2899235338447,5715.67397011086,62957.80837327316,2136.5456241032225,65094.35399737638,62957.80837327316,62957.808310315355,46258.586962655885,1531.2925212185305,lexicographic,6.295780831031536e-05,4.6258586916397295e-05,False,0.13580329999967944,0.0,1,0
2025-12-26,False,2,1.0,10,0.8,0,calibrated_quantile,2025-11-28;2025-12-01;2025-12-02;2025-12-03;2025-12-04;2025-12-05;2025-12-08;2025-12-09;2025-12-10;2025-12-11;2025-12-12;2025-12-15;2025-12-16;2025-12-17;2025-12-18;2025-12-19;2025-12-22;2025-12-23;2025-12-24;2025-12-25,20,4661.887796807436,2025-12-12;2025-12-19,2025-12-12;2025-12-19;2025-01-10;2025-01-24;2025-01-03;2025-01-17;2025-12-05;2025-02-07;2025-12-18;2025-01-31,,2025-12-25,8435.119333706132,9656.84820684308,9635.119333706132,18.383229571759255,22.856137728082185,12.60958223410435,28.46233114327622,51210.80203472738,324.79516221450706,4464.445051469342,26859.961965535644,1145.829544293986,28005.79150982963,26859.961965535644,26859.96193867569,38916.319740097286,1368.1372323926448,lexicographic,2.6859961938675692e-05,3.891631970118098e-05,False,0.1328112000010151,0.0,1,0
2025-12-27,False,2,1.0,10,0.8,0,calibrated_quantile,2025-11-29;2025-11-30;2025-12-06;2025-12-07;2025-12-13;2025-12-14;2025-12-20;2025-12-21,8,6332.912191068216,2025-12-20;2025-12-06,2025-12-20;2025-12-06;2025-12-13;2025-01-11;2025-01-18;2025-01-04;2025-01-25;2025-02-01;2025-02-08;2025-02-15,,2025-12-26,8413.390460569195,9635.119333706132,9613.390460569195,22.47513113425926,27.309879200912242,11.099135590216898,22.962572908119622,53877.99872799229,370.5721261313763,6751.2824125921725,28391.77537171844,1582.402137792349,29974.177509510788,28391.775371718435,28391.775343326655,39820.84021132546,1386.0150221310464,lexicographic,2.8391775343326658e-05,3.982084017150463e-05,False,0.13030259999868576,0.0,1,0
2025-12-28,False,2,1.0,10,0.8,0,calibrated_quantile,2025-11-30;2025-12-06;2025-12-07;2025-12-13;2025-12-14;2025-12-20;2025-12-21;2025-12-27,8,4957.236163517436,2025-12-21;2025-12-14,2025-12-21;2025-12-14;2025-12-07;2025-01-12;2025-01-19;2025-01-05;2025-01-26;2025-02-02;2025-11-30;2025-02-09,,2025-12-27,8391.661587432245,9613.390460569195,9591.661587432245,23.266688715277773,27.72935914782176,16.021824870416495,32.81288870011357,98745.84424355933,541.3865643454528,7642.922928838951,63465.31814994527,2128.3500771880244,65593.6682271333,63465.31814994526,63465.318086479965,46266.09544871406,1593.938013940252,lexicographic,6.346531808647997e-05,4.626609540244796e-05,False,0.13406980000218027,1.1464462534118183e-16,1,0
2025-12-29,False,2,1.0,10,0.8,0,calibrated_quantile,2025-12-01;2025-12-02;2025-12-03;2025-12-04;2025-12-05;2025-12-08;2025-12-09;2025-12-10;2025-12-11;2025-12-12;2025-12-15;2025-12-16;2025-12-17;2025-12-18;2025-12-19;2025-12-22;2025-12-23;2025-12-24;2025-12-25;2025-12-26,20,4579.332119551664,2025-12-22;2025-12-15,2025-12-22;2025-12-15;2025-01-13;2025-12-08;2025-01-06;2025-01-20;2025-01-27;2025-02-10;2025-02-03;2025-12-01,,2025-12-28,8386.069421654118,9591.661587432245,9586.069421654118,20.341561689814814,25.742361359656126,10.654707610714103,21.932788286756825,98261.97666835441,275.31281862826074,6167.983507431756,62928.41529621607,926.5171604353229,63854.9324566514,62928.415296216066,62928.41523328767,46213.119888006055,1588.3235817113182,lexicographic,6.292841523328767e-05,4.621311984179293e-05,False,0.13897039999937988,0.0,1,0
2025-12-30,False,2,1.0,10,0.8,0,calibrated_quantile,2025-12-02;2025-12-03;2025-12-04;2025-12-05;2025-12-08;2025-12-09;2025-12-10;2025-12-11;2025-12-12;2025-12-15;2025-12-16;2025-12-17;2025-12-18;2025-12-19;2025-12-22;2025-12-23;2025-12-24;2025-12-25;2025-12-26;2025-12-29,20,3784.491875745055,2025-12-23;2025-12-09,2025-12-23;2025-12-09;2025-12-16;2025-01-07;2025-01-14;2025-01-21;2025-01-28;2025-12-02;2025-02-04;2025-12-24,,2025-12-29,8380.477255875989,9586.069421654118,9580.477255875989,19.358311979166672,23.85583381761642,16.061049579055634,34.05071918796653,96670.24667979748,326.3349449931088,5923.14930170405,61999.87538073551,1198.2723114064468,63198.14769214196,61999.87538073551,61999.87531873565,46246.36682730145,1536.6824878499106,lexicographic,6.199987531873565e-05,4.624636678105508e-05,False,0.14064240000152495,0.0,1,0
2025-12-31,False,2,1.0,10,0.8,0,calibrated_quantile,2025-12-03;2025-12-04;2025-12-05;2025-12-08;2025-12-09;2025-12-10;2025-12-11;2025-12-12;2025-12-15;2025-12-16;2025-12-17;2025-12-18;2025-12-19;2025-12-22;2025-12-23;2025-12-24;2025-12-25;2025-12-26;2025-12-29;2025-12-30,20,3340.1976142227445,2025-12-24;2025-12-10,2025-12-24;2025-12-10;2025-01-15;2025-12-03;2025-12-17;2025-01-29;2025-01-08;2025-01-22;2025-02-05;2025-12-25,,2025-12-30,8374.885090097858,9580.477255875989,9574.885090097858,22.535337037037042,28.47149613153722,9.76689073323345,21.725902412278398,96257.73596092655,952.528980145288,3756.259137437978,61396.56275290892,3852.9730404622696,65249.535793371186,61396.562752908925,61396.56269151234,45851.531019182046,1541.584073564613,lexicographic,6.139656269151234e-05,4.585153097333052e-05,False,0.14419460000135587,0.0,1,0
