date,warmup,k_load,rho_load,k_pv,rho_pv,scenario_count,reserve_kwh,soc_start_kwh,soc_end_kwh,load_mae_kwh,load_rmse_kwh,pv_mae_kwh,pv_rmse_kwh,planned_grid_kwh,actual_emergency_kwh,actual_surplus_kwh,planned_cost_yuan,emergency_cost_yuan,actual_total_cost_yuan,solver_objective_yuan,solver_seconds,mip_gap,mip_node_count,solver_status
2025-01-01,True,4,1.0,7,1.0,1,0.0,6000.0,1200.0,113.22068668981478,133.3022984116728,140.49898124999996,202.86438614058318,54149.36566502058,36514.41488333333,21.217300000000023,32909.8652559563,146586.90245181666,179496.76770777296,32909.8652559563,0.05053869998664595,0.0,1,0
2025-01-02,True,4,1.0,7,1.0,1,0.0,1200.0,1200.0,23.174773842592586,30.59957725485432,10.191742013888886,22.31262096676364,121187.55758333331,1078.4512333333328,24345.769549999997,80989.973694035,3690.9058558333318,84680.87954986833,113351.592159585,0.02215720000094734,0.0,1,0
2025-01-03,True,4,1.0,7,1.0,2,0.0,1200.0,1200.0,317.8716789351851,348.7040332424474,14.416922685185186,34.59753499876732,122067.12203333332,0.0,71527.18066666667,81754.59379427832,0.0,81754.59379427832,99925.96185183665,0.032061200006864965,1.4562697179681322e-16,1,0
2025-01-04,True,4,1.0,7,1.0,3,0.0,1200.0,1200.0,160.62484398148146,176.43343098782768,13.496411921296293,34.372197882564734,98237.90730123455,125.69500000000005,48634.08835833332,62151.6961043758,268.7359100000001,62420.4320143758,74327.74653428551,0.06576980001409538,0.0,1,0
2025-01-05,True,4,1.0,7,1.0,4,0.0,1200.0,1200.0,212.01386859567904,233.77631031764665,8.594969907407412,17.060329152744558,90014.21052222222,14603.011850000003,8704.845405555552,55605.65470453721,61680.167710447226,117285.82241498443,64810.351352967074,0.03733789999387227,1.1226536289793353e-16,1,0
2025-01-06,True,4,1.0,7,1.0,5,9600.0,1200.0,10800.0,153.12547980324072,169.0588475659639,10.199889641203704,18.703873205654457,104573.21109135801,10192.509579166668,8500.56853333333,63623.29269658118,42773.92441210208,106397.21710868325,85984.62953087577,0.05444140001782216,0.0,1,0
2025-01-07,True,4,1.0,7,1.0,5,9600.0,10800.0,10800.0,155.2669320601852,173.6515376588082,16.54014543981482,37.71145158073236,95178.93420038065,10374.038685555559,8028.923534999997,60181.591348548725,43470.7999205407,103652.39126908942,89800.61337272651,0.03709389999858104,3.2409389383494873e-16,1,0
2025-01-08,True,4,1.0,7,1.0,5,9600.0,10800.0,10800.0,76.57864282407407,86.28541026220606,11.743839756944448,27.510074910574733,105087.958745,4869.5590208333315,15396.516449166666,68070.1351665731,20180.026293962495,88250.1614605356,95422.15797577491,0.03794860001653433,1.5250037870723052e-16,1,0
2025-01-09,True,4,1.0,7,1.0,6,9600.0,10800.0,10800.0,18.881808854166668,24.146344956138634,14.302365443121687,28.964994506799798,110951.60757689006,798.6918750000002,15674.220693809528,73250.39652596647,2409.002019533336,75659.3985454998,102769.67265127333,0.054713199991965666,0.0,1,0
2025-01-10,True,4,1.0,7,1.0,7,9600.0,10800.0,10800.0,315.2259735243055,343.80741676306536,13.036234490740743,23.581469382985006,110914.96595181657,0.0,60438.61378130952,73204.97824920237,0.0,73204.97824920237,98830.76646300008,0.05600479998975061,0.0,1,0
2025-01-11,True,4,1.0,7,1.0,5,9600.0,10800.0,10800.0,160.43242879050925,177.37324896535188,8.88114518849207,17.65386992893256,85280.6682327381,91.34416666666539,35629.459116071426,52709.17804364387,195.2938283333306,52904.4718719772,72102.28324520019,0.0480008999875281,0.0,1,0
2025-01-12,True,4,1.0,7,1.0,5,9600.0,10800.0,10800.0,231.62261385995367,254.54862271919572,9.330521312830685,18.99400306046369,73323.43991091268,22635.511142460316,307.3956045634925,43404.69872078887,90467.18070500852,133871.87942579738,58857.80020844523,0.06143589998828247,0.0,1,0
2025-01-13,True,4,1.0,7,1.0,8,9600.0,10800.0,10800.0,79.69805512152779,88.67135133836258,20.058542774470922,35.67112121091008,99658.10409440476,5144.1944625,11651.674923571434,63969.612568470126,20815.147217475,84784.75978594512,86369.38856853926,0.06225160000030883,0.0,1,0
2025-01-14,True,4,1.0,7,1.0,9,9600.0,10800.0,10800.0,79.82097902199074,87.58234995959178,12.328155241402136,24.242369996769465,99438.84449797618,5559.050591666666,10840.915489642863,63787.79412051519,22345.31537730625,86133.10949782144,85975.99995506382,0.06355900000198744,0.0,1,0
2025-01-15,True,4,1.0,7,1.0,10,9600.0,10800.0,10800.0,79.07097653356482,89.79263357539874,9.223590575396827,17.15858888449815,98993.96159904762,5047.762529166668,9094.714528214288,63448.50596460122,21631.891089085424,85080.39705368664,85697.75397692794,0.06584429999929853,1.6980509468526569e-16,1,0
2025-01-16,True,4,1.0,7,1.0,11,9600.0,10800.0,10800.0,78.99361782407408,88.4022191100579,15.770518634259266,32.492414400432736,95246.44867142857,5074.959358928571,6370.589913690478,60741.22221808939,21084.588287643754,81825.81050573314,85385.22139604072,0.07960680001997389,0.0,1,0
2025-01-17,True,4,1.0,7,1.0,12,9600.0,10800.0,10800.0,241.08244337384258,264.7647145378256,11.897375810185197,22.92634785488274,95026.7375777381,0.0,47460.95744440476,60566.49534373497,0.0,60566.49534373497,84964.9984724097,0.1033424999914132,0.0,1,0
2025-01-18,True,4,1.0,7,1.0,5,9600.0,10800.0,10800.0,161.7675419560185,178.29761303532402,12.71195305886244,22.94699779741692,89015.91364543649,39.37041666666664,40936.10837876984,55536.972356600825,84.17395083333328,55621.14630743416,81999.64982855482,0.04013029998168349,0.0,1,0
2025-01-19,True,4,1.0,7,1.0,5,9600.0,10800.0,10800.0,152.48556701388893,170.19818820031992,11.925785152116404,22.622458756992767,89383.22784603175,9748.810537896825,5572.232250595238,55685.34232793591,41448.53765395505,97133.87998189096,81633.68062770918,0.037640900001861155,1.7825871768211623e-16,1,0
2025-01-20,True,4,1.0,7,1.0,13,9600.0,10800.0,10800.0,77.61492627314816,87.9739474006443,13.255158416005306,24.8406359428604,94621.31376166666,4712.655238690475,6390.225783690478,60181.25556052127,19845.802239882738,80027.057800404,82674.68510261482,0.06755469998461194,0.0,1,0
2025-01-21,True,4,1.0,7,1.0,14,9600.0,10800.0,10800.0,72.38462725694441,82.18990599086861,36.5304693452381,69.4728256871594,94565.37517696648,4450.477120833332,10665.039985476193,60196.24405525775,18139.778179402078,78336.02223465982,82462.91811463666,0.06794050001190044,0.0,1,0
2025-01-22,True,4,1.0,7,1.0,14,9600.0,10800.0,10800.0,17.456171325231484,22.136014137538805,13.73011674933862,25.383954250927996,101113.94854940475,799.8590499999992,8138.376566071431,65829.23034242872,3028.5012029312484,68857.73154535997,85420.0744964797,0.08490159999928437,0.0,1,0
2025-01-23,True,4,1.0,7,1.0,14,9600.0,10800.0,10800.0,79.48195810185183,89.38770605470151,14.05202716600528,28.507884196245495,89516.33171508671,6102.392802380952,1275.9199892857168,56443.001670827834,23302.347849015772,79745.34951984361,75991.94171310162,0.11430069999187253,0.0,1,0
2025-01-24,True,4,1.0,7,1.0,14,9600.0,10800.0,10800.0,241.74790778356478,266.3479368050662,17.402429894179907,38.576393485774744,90763.69784218547,0.0,46160.43068547619,57091.971258444566,0.0,57091.971258444566,77665.82320078318,0.11931529999128543,0.0,1,0
2025-01-25,True,4,1.0,7,1.0,6,9600.0,10800.0,10800.0,241.46543816550923,266.2978949119877,29.016727728174615,56.81586459973441,98109.58793630952,0.0,54793.34580297619,62995.34172968102,0.0,62995.34172968102,92387.20476094227,0.041506400011712685,0.0,1,0
2025-01-26,True,4,1.0,7,1.0,7,9600.0,10800.0,10800.0,157.9338535300926,175.3262692262333,19.411035102513225,36.998944114823566,86450.47604557613,10351.316599603177,4273.012711111113,53512.32459197297,42626.19750804673,96138.5221000197,79016.06956966537,0.06572220000089146,0.0,1,0
2025-01-27,True,4,1.0,7,1.0,14,9600.0,10800.0,10800.0,75.6719003761574,84.69641244648551,19.775141749338633,36.97094694954484,87700.69980086712,5077.660567857143,3844.826810714286,54856.60712003264,20813.846017158925,75670.45313719157,72209.95440820065,0.10184980000485666,0.0,1,0
2025-01-28,True,4,1.0,7,1.0,14,9600.0,10800.0,10800.0,20.212109780092582,24.657720047553937,11.444311425264548,21.210525538467504,98464.66696201499,893.3042791666658,7505.755781349204,63573.56274059064,2824.2345435895795,66397.79728418023,77955.02120981723,0.08947800000896677,0.0,1,0
2025-01-29,True,4,1.0,7,1.0,14,9600.0,10800.0,10800.0,20.31237502893519,24.755673979558736,33.8163037202381,56.83979809664988,97965.93728392856,409.17457499999944,12113.244142261903,63215.017237943626,1262.6417155520826,64477.65895349571,76371.66380001078,0.12456619998556562,0.0,1,0
2025-01-30,True,4,1.0,7,1.0,14,9600.0,10800.0,10800.0,17.260203530092593,23.54083424750967,16.762830340608478,35.092930279914206,96677.42974762639,689.7846875000005,8790.99511309524,62152.49278520583,2933.2123870375026,65085.70517224333,75200.3441192798,0.11124570001265965,0.0,1,0
2025-01-31,True,4,1.0,7,1.0,14,9600.0,10800.0,10800.0,320.19415726273144,350.270053053422,14.48071106150793,26.750097102667116,96330.96359592886,0.0,52757.45028392856,61985.857911578096,0.0,61985.857911578096,75201.81164517126,0.10222189998603426,0.0,1,0
2025-02-01,False,2,1.0,10,0.8,8,9600.0,10800.0,10800.0,188.9121540509259,204.28338617932204,10.927636290977105,20.97821488228699,83436.564185989,0.0,44340.05491932233,51062.51051370372,0.0,51062.51051370372,77462.78998713134,0.05070620001060888,1.8785684366370378e-16,1,0
2025-02-02,False,2,1.0,10,0.8,9,9600.0,10800.0,10800.0,141.52280219907405,159.66328573496386,15.26536869948854,28.41421837205715,81504.12411379509,8426.29965,6855.812480461764,49752.74812109771,36379.02735530833,86131.77547640604,73195.66022206767,0.047844599990639836,0.0,1,0
2025-02-03,False,2,1.0,10,0.8,14,9600.0,10800.0,10800.0,134.63788385416663,152.32117777468056,13.086623853145756,25.59969291337453,72204.12438788936,12547.8833954672,125.46883764814606,42784.48976970461,52909.68838262763,95694.17815233224,54520.21598887358,0.0793728000135161,0.0,1,0
2025-02-04,False,2,1.0,10,0.8,14,9600.0,10800.0,10800.0,26.937415162037034,32.95516227293959,15.312594395640872,30.440472657405664,94774.26689677138,260.7986583333337,9102.138429998471,60696.372647443844,820.2866782708348,61516.65932571468,73665.95484015017,0.2007797000114806,0.0,1,0
2025-02-05,False,2,1.0,10,0.8,14,9600.0,10800.0,10800.0,17.101089409722217,22.085746578936543,14.451597567825088,28.893646647405717,91890.96762694197,764.1633798409339,7188.37069011626,58640.06215077465,2462.9248867198676,61102.98703749452,70542.12128638684,0.08479550000629388,0.0,1,0
2025-02-06,False,2,1.0,10,0.8,14,9600.0,10800.0,10800.0,19.9838407986111,26.228455244305867,10.430365827115306,20.508346093341423,91288.86919615965,794.9970333333329,7094.47567949298,58073.79170961818,2983.428099541665,61057.21980915984,68765.1896994793,0.12315830000443384,2.1161746651121417e-16,1,0
2025-02-07,False,2,1.0,10,0.8,14,9600.0,10800.0,10800.0,173.35030839120367,190.21126499703138,27.46700115493578,55.39397706543795,70127.66135431302,0.0,33912.63639649105,41240.09178390812,0.0,41240.09178390812,52121.437734663166,0.10190450001391582,0.0,1,0
2025-02-08,False,2,1.0,10,0.8,10,9600.0,10800.0,10800.0,161.51945798611112,177.37595085773853,20.401714341912466,37.13600718294801,78270.31898995329,0.0,41976.19359021747,47400.15980086633,0.0,47400.15980086633,72103.70078434472,0.051741500006755814,2.0181925573959428e-16,1,0
2025-02-09,False,2,1.0,10,0.8,11,9600.0,10800.0,10800.0,158.6327903935185,174.48019689466966,23.543648919187863,47.53974759950204,74133.57963257685,11896.957717992296,1822.3451367008688,44543.71430830765,47917.249287837694,92460.96359614535,68445.40965625236,0.054620100010652095,0.0,1,0
2025-02-10,False,2,1.0,10,0.8,14,9600.0,10800.0,10800.0,19.581096585648147,23.89490092430028,34.28678240023975,62.81716526711488,89562.41667244771,718.7871499999992,11241.095926360584,56646.104101794146,2470.192500437497,59116.29660223164,66826.29594760385,0.10149749999982305,0.0,1,0
2025-02-11,False,2,1.0,10,0.8,14,9600.0,10800.0,10800.0,16.965461631944446,21.6023513775208,16.497511065861097,29.676060680896796,87505.53216523712,470.84549166666824,8051.098824545787,55065.986929846884,2039.0888374041708,57105.07576725105,64408.25402036137,0.06833830001414753,2.2593245927403276e-16,1,0
2025-02-12,False,2,1.0,10,0.8,14,9600.0,10800.0,10800.0,16.25061603009259,20.208194341492668,15.579203609220677,28.988213759359596,86318.69730167548,445.02149166666635,6825.025898340027,54243.66700349031,1754.3460547958323,55998.01305828614,63547.57185301872,0.07382829999551177,1.1449623332599126e-16,1,0
2025-02-13,False,2,1.0,10,0.8,14,9600.0,10800.0,10800.0,18.52984606481482,24.721376122341024,34.63563746550792,61.15335388022479,83081.0246971355,855.4553558244455,8047.001036293281,51961.697402969265,2514.3637060990404,54476.06110906831,60359.99078055785,0.1253044999903068,2.496949055119e-07,1,0
2025-02-14,False,2,1.0,10,0.8,14,9600.0,10800.0,10800.0,315.72521076388887,345.09297486713723,18.79863877931397,37.82067128864338,81627.10883794754,0.0,47360.00990546372,50899.72749816712,0.0,50899.72749816712,59457.43285152931,0.11612180000520311,0.0,1,0
2025-02-15,False,2,1.0,10,0.8,12,9600.0,10800.0,10800.0,156.89439785879625,173.9547126446373,27.858825157678705,50.11816226162373,75703.64186845065,0.0,41732.02513399489,45435.976888173594,0.0,45435.976888173594,70409.6595552215,0.059447200008435175,4.1334996704405167e-16,1,0
2025-02-16,False,2,1.0,10,0.8,13,9600.0,10800.0,10800.0,18.55325584490741,22.36950567521441,15.696783760252167,29.607805273908873,96299.2763372499,716.8394083333325,16776.292026845982,61923.75255021353,2776.528192912496,64700.28074312603,84869.03967388939,0.12782629998400807,3.429263553418964e-16,1,0
2025-02-17,False,2,1.0,10,0.8,14,9600.0,10800.0,10800.0,18.696395370370364,23.338484838724582,24.569182476810795,41.1655917520394,80724.9192529034,703.589133748153,5831.555914187657,50095.764395032325,2619.8351390986854,52715.59953413101,57200.51742545513,0.10303359999670647,0.0,1,0
2025-02-18,False,2,1.0,10,0.8,14,9600.0,10800.0,10800.0,18.560962731481474,24.191339914485965,14.684670770600414,28.034825671565464,79269.25989295109,858.5066474201747,3619.6374898676404,49016.71696470235,3230.9248762316465,52247.641840934,56114.50320632932,0.11844680001377128,1.2966269321551703e-16,1,0
2025-02-19,False,2,1.0,10,0.8,14,9600.0,10800.0,10800.0,18.737174305555545,25.283215916680412,17.108702013519228,32.70189653313779,78952.89438342222,1513.572975694705,3171.9608017577584,48758.39027642429,5367.470617505375,54125.86089392966,55954.21966026507,0.0843219000089448,0.0,1,0
2025-02-20,False,2,1.0,10,0.8,14,9600.0,10800.0,10800.0,20.699169907407402,25.97747796204476,19.06376147923557,36.29936697874595,79046.04975282418,1032.4436893684233,4669.467154254982,48873.37034231199,3832.3926732034884,52705.76301551548,56065.129938918944,0.08746589999645948,0.0,1,0
2025-02-21,False,2,1.0,10,0.8,14,9600.0,10800.0,10800.0,157.81281568287034,175.0686643294726,10.913724337850702,19.13184641592697,55843.05092075182,19.049999999999727,26229.68683493981,31631.649247072673,40.72889999999941,31672.37814707267,38535.85683888368,0.0863662000047043,1.8881006447070344e-16,1,0
2025-02-22,False,2,1.0,10,0.8,14,9600.0,10800.0,10800.0,17.964430671296288,22.517754085249447,18.065976867190972,32.87548654779381,50404.8116362361,665.2332583333323,19146.91581291618,26470.945782723848,2220.639302974998,28691.585085698847,47319.79279587339,0.09119280002778396,0.0,1,0
2025-02-23,False,2,1.0,10,0.8,14,9600.0,10800.0,10800.0,18.85138015046296,23.731476043846207,22.99925406230659,40.68392570151527,94569.06748006289,752.1781916666671,18976.867313677438,60696.0430858763,2632.628136570835,63328.671222447134,81937.95868778677,0.11078299998189323,0.0,1,0
2025-02-24,False,2,1.0,10,0.8,14,9600.0,10800.0,10800.0,18.38165480324073,22.516385591283413,24.036852427409784,42.25230592354653,77388.61097974575,585.3502996278473,5339.564036819402,47651.53230106496,2294.7314617198645,49946.26376278482,50343.615510944124,0.12086970001109876,1.4452592529040183e-16,1,0
2025-02-25,False,2,1.0,10,0.8,14,9600.0,10800.0,10800.0,19.015755150462965,23.643030857855493,34.07220675095633,58.89494405808699,75529.0907549167,838.1183383050427,6164.057784888835,46362.29337606496,2997.0023481292483,49359.295724194206,49109.395577635376,0.08231640001758933,0.0,1,0
2025-02-26,False,2,1.0,10,0.8,14,9600.0,10800.0,10800.0,20.629487789351842,27.010189751704782,15.667931583978795,27.031460093397396,73847.29363919658,1716.7111117848335,2407.7830368305004,45215.006578880035,6002.122814591633,51217.12939347167,47908.392309782794,0.1022196999983862,0.0,1,0
2025-02-27,False,2,1.0,10,0.8,14,9600.0,10800.0,10800.0,154.3334449074074,172.60171806570955,23.473194185601656,43.53071553422348,51340.88251791215,19691.426931383532,39.078333333333376,29008.066465781474,86678.2788993979,115686.34536517938,31428.82219684103,0.13695210000150837,0.0,1,0
2025-02-28,False,2,1.0,10,0.8,14,9600.0,10800.0,10800.0,158.64390648148148,175.3945287926772,18.368479146473316,37.00625147145371,51647.893343327916,14.542500000000018,24315.84389787345,29248.071280893713,31.091865000000038,29279.16314589371,37043.16988128706,0.1408536999952048,0.0,1,0
2025-03-01,False,2,1.0,7,0.8,14,9600.0,10800.0,10800.0,32.844930034722225,40.8281665331318,19.41987920178301,38.06290726439933,46608.26161756895,377.64130833333394,19332.12948964963,24157.34919668505,1787.975133525002,25945.324330210053,41024.43196039486,0.09122020000359043,0.0,1,0
2025-03-02,False,2,1.0,7,0.8,14,9600.0,10800.0,10800.0,31.52936140046296,39.18936813960047,36.55450011696602,73.35219113898324,90934.49817929746,441.2418194121113,14299.099598709578,58089.08390399503,2075.4240823075634,60164.50798630259,75949.3553703202,0.07142769999336451,0.0,1,0
2025-03-03,False,2,1.0,7,0.8,14,9600.0,10800.0,10800.0,32.82395943287036,40.37706797853211,51.18600133442529,90.37630098602473,73676.21640091468,4944.545209195096,2321.4780546705615,45046.8497305979,19869.383569368514,64916.23329996642,53172.101701224376,0.10810440001660027,1.3683787891378168e-16,1,0
2025-03-04,False,2,1.0,7,0.8,14,9600.0,10800.0,10800.0,20.334939814814813,25.67308465555148,16.94274675931935,33.275238148081655,77995.62109432372,900.0922683476014,5269.352830512078,48221.02902753347,2643.387423135596,50864.416450669065,56495.99432361418,0.11847639997722581,1.287871414830949e-16,1,0
2025-03-05,False,2,1.0,7,0.8,14,9600.0,10800.0,10800.0,19.801541435185175,24.51808038032922,22.19352521466629,38.40009014057152,75843.34413005071,708.950272661341,5988.279657540379,46447.73427154005,3196.14394239365,49643.8782139337,54691.52199145835,0.11579280000296421,0.0,1,0
2025-03-06,False,2,1.0,7,0.8,14,9600.0,10800.0,10800.0,24.693908449074083,31.420374124041235,13.885882390481804,25.27673688424184,75708.35466197088,570.5613815488493,5924.956519866,46354.780633587536,2462.0389980231625,48816.8196316107,54456.89599143733,0.09517829999094829,0.0,1,0
2025-03-07,False,2,1.0,7,0.8,14,9600.0,10800.0,10800.0,172.56244305555555,188.47708018303197,14.174934078467903,27.28048350232057,53314.570234173814,0.0,28372.353394578335,29948.493915747255,0.0,29948.493915747255,36936.733719426185,0.15357929997844622,1.9698432648246778e-16,1,0
2025-03-08,False,2,1.0,7,0.8,14,9600.0,10800.0,10800.0,169.62929230324073,186.53487456839503,42.45485893114736,68.55875617076673,65924.36382321901,0.0,42506.70858500386,38506.07341116961,0.0,38506.07341116961,51282.18504252016,0.11561420001089573,0.0,1,0
2025-03-09,False,2,1.0,7,0.8,14,9600.0,10800.0,10800.0,22.875450752314805,28.72697405870411,24.334744760560305,50.70977352031225,85325.81952881353,462.3133,17736.274445480198,53797.26710854254,1882.8839789791687,55680.151087521706,66344.63018929317,0.09789389997604303,0.0,1,0
2025-03-10,False,2,1.0,7,0.8,14,9600.0,10800.0,10800.0,23.19132390046295,29.92749564885704,25.598863594734983,45.60334978985669,77032.30856192952,1276.0538029005465,5844.791964421211,47445.437928211286,3745.859660468549,51191.29758867984,55437.36848508072,0.11577999999281019,0.0,1,0
2025-03-11,False,2,1.0,7,0.8,14,9600.0,10800.0,10800.0,19.19040283564814,23.630470215510258,27.568853568581588,54.77430933923507,75480.66902930509,581.4982941802091,7717.1278616218715,45933.96837514413,2143.4354003818585,48077.40377552599,53980.20070826426,0.08931809998466633,0.0,1,0
2025-03-12,False,2,1.0,7,0.8,14,9600.0,10800.0,10800.0,16.846851331018513,21.933579875600113,24.14427708488596,41.34331227594203,72825.85090717716,865.554572956258,6985.615527497301,44314.71302227865,2789.3160015737517,47104.0290238524,52458.65832085812,0.08880490000592545,0.0,1,0
2025-03-13,False,2,1.0,7,0.8,14,9600.0,10800.0,10800.0,17.88516464120371,23.670090261119732,40.743662679191175,78.29247432807658,71476.6541539274,3648.1566939188524,3271.2053020344283,43369.356818202825,13937.957454544636,57307.31427274746,51461.206017362114,0.08390640001744032,0.0,1,0
2025-03-14,False,2,1.0,7,0.8,14,9600.0,10800.0,10800.0,156.72299340277777,171.39028568365978,27.53148881557967,54.759598757347014,51210.20361900471,0.0,31551.04179534332,28819.24221430785,0.0,28819.24221430785,35801.79671496466,0.10664949999772944,0.0,1,0
2025-03-15,False,2,1.0,7,0.8,14,9600.0,10800.0,10800.0,17.596778125,22.574527830769902,30.895999613986888,55.073045192263095,36203.86997194746,1023.2569270875117,12387.940044342686,18975.166428562938,3689.7643217355067,22664.930750298445,28430.505558803343,0.16902989998925477,0.0,1,0
2025-03-16,False,2,1.0,7,0.8,14,9600.0,10800.0,10800.0,16.50414438657408,21.615296207918302,31.73462085832462,67.61317470353153,81005.83098566996,536.9067833333318,13712.891116852568,50524.915498101356,1525.5518352416643,52050.46733334302,61050.486097641995,0.10416249997797422,0.0,1,0
2025-03-17,False,2,1.0,7,0.8,14,9600.0,10800.0,10800.0,20.034028993055554,25.032196494767692,48.51891049892467,80.3220677590487,73386.73005309075,603.5303986796172,11837.34592813419,44574.0809615685,2393.0713137424323,46967.15227531093,52388.41471666865,0.15698329999577254,0.0,1,0
2025-03-18,False,2,1.0,7,0.8,14,9600.0,10800.0,10800.0,17.3440329861111,21.669999988325923,23.038470866885987,42.802062170460424,70373.22841029768,1267.516448959494,6361.816297321731,42482.182642458196,5605.445113269405,48087.627755727604,50247.31132153935,0.09698900001239963,0.0,1,0
2025-03-19,False,2,1.0,7,0.8,14,9600.0,10800.0,10800.0,18.39480978009259,22.9502850210898,26.56026174231131,47.162216332986304,72463.05853968223,420.7026354091139,9051.99092032335,44042.860695853524,1349.91044553062,45392.771141384146,51712.60255841957,0.10446190001675859,0.0,1,0
2025-03-20,False,2,1.0,7,0.8,14,9600.0,10800.0,10800.0,18.888384201388888,23.792995841267544,16.505342708492137,29.96830250945186,68898.69977418505,1023.2310656194634,3550.0206942633354,41618.602123027915,3704.515047523678,45323.117170551595,45228.20334408321,0.08543359997565858,1.608721345579444e-16,1,0
2025-03-21,False,2,1.0,7,0.8,14,9600.0,10800.0,10800.0,155.314493287037,172.4984694768534,34.27964068824667,60.2176779557789,47168.82196590454,0.0,31485.200590698616,26707.057393413823,0.0,26707.057393413823,29623.658027211743,0.1393437999940943,0.0,1,0
2025-03-22,False,2,1.0,7,0.8,14,9600.0,10800.0,10800.0,16.264361805555545,19.99365558606291,25.858074772470736,47.09629033016487,33336.64949977632,383.8479083333327,13785.964341442994,16950.43615176477,1123.6840769416656,18074.120228706437,25228.639263728204,0.1354828999901656,0.0,1,0
2025-03-23,False,2,1.0,7,0.8,14,9600.0,10800.0,10800.0,16.474060127314814,20.685626832718185,32.47883508535381,63.595499575735666,72217.06654194111,729.8997176517707,9837.806454051875,43775.3225661327,2899.7005416343136,46675.02310776702,55010.00455267613,0.18362480000359938,0.0,1,0
2025-03-24,False,2,1.0,7,0.8,14,9600.0,10800.0,10800.0,18.49546666666667,23.452005316377385,17.330955377787284,31.924000000922973,65444.54389468603,1024.501402514776,4361.599530900427,39374.85322696438,3396.1338946545575,42770.987121618935,42754.898494263514,0.1252950000052806,1.701783391009489e-16,1,0
2025-03-25,False,2,1.0,7,0.8,14,9600.0,10800.0,10800.0,20.562273958333332,25.0830441490341,24.11208720480461,46.78530008147021,65485.911305355985,2731.7036310716344,3132.2692707860547,39298.64063890339,10697.002190421701,49995.64282932509,42697.9253174256,0.10468689998378977,0.0,1,0
2025-03-26,False,2,1.0,7,0.8,14,9600.0,10800.0,10800.0,15.209714583333323,19.407754070657646,42.03178781150583,80.78447695095156,67534.51082911316,694.6488717071129,8525.135012680123,40544.35177920422,2371.7914568792144,42916.14323608343,44143.2484665352,0.10652170001412742,0.0,1,0
2025-03-27,False,2,1.0,7,0.8,14,9600.0,10800.0,10800.0,18.002393576388883,22.321924261315218,18.363040542140897,33.13051618168517,64755.28130512129,1290.997881541377,3248.3340055405683,38910.34701468615,4513.152866505088,43423.49988119124,42158.774605815495,0.10554540000157431,0.0,1,0
2025-03-28,False,2,1.0,7,0.8,14,9600.0,10800.0,10800.0,162.75470850694444,179.51865052472104,15.352900070859087,29.477610293652653,43320.5224671542,27.689999999999145,28493.724024523624,24716.374769426613,59.201219999998166,24775.575989426612,27529.693036629873,0.16618349999771453,0.0,1,0
2025-03-29,False,2,1.0,7,0.8,14,9600.0,10800.0,10800.0,15.425295428240743,18.800130083648444,53.64351794858083,90.22753428183219,30761.725405079877,569.7632303402627,19570.43565253321,15492.92949157847,2118.812130248483,17611.741621826954,20754.296101238946,0.14109150000149384,1.752879880553762e-16,1,0
2025-03-30,False,2,1.0,7,0.8,14,9600.0,10800.0,10800.0,19.078686226851858,23.074271015746383,22.46210759042105,41.44686137510359,64326.749097073654,1030.7669918511397,5958.5630555914595,38531.40125224795,3781.08644077028,42312.487693018236,46425.35157510732,0.09889300001668744,0.0,1,0
2025-03-31,False,2,1.0,7,0.8,14,9600.0,10800.0,10800.0,17.665420775462962,21.527365653553403,32.096068528044235,55.242461715966314,64261.078186634375,1928.1602788896862,5161.988021170679,38527.63052161872,7559.949057177659,46087.57957879637,41689.93570789225,0.13526929999352433,0.0,1,0
2025-04-01,False,2,1.0,10,0.8,14,9600.0,10800.0,10800.0,19.382576967592584,24.39084243444331,33.78952836231973,66.97947163198904,64836.63071096045,2922.1257292115097,3431.5224511732426,38690.36009144919,8223.436637180454,46913.79672862965,42219.41297495689,0.1784985999984201,0.0,1,0
2025-04-02,False,2,1.0,10,0.8,14,9600.0,10800.0,10800.0,17.066151504629616,21.632241424918835,33.382638206171464,58.02291121511498,66517.86635380401,2159.750031244744,4170.309517035067,39448.44673862421,9599.273970077218,49047.720708701425,42983.14993086646,0.08813369998824783,0.0,1,0
2025-04-03,False,2,1.0,10,0.8,14,9600.0,10800.0,10800.0,18.240927835648144,24.176368450803615,32.72191521255231,61.58911432531086,65877.94270223641,1054.0377992421586,6996.825994184961,39448.797574768876,3959.839418939314,43408.63699370819,43025.8509076942,0.09327289997600019,0.0,1,0
2025-04-04,False,2,1.0,10,0.8,14,9600.0,10800.0,10800.0,17.381484548611112,21.243859343999443,30.93554518101227,60.30251734951855,29904.147864857034,516.7629857368239,19936.77526726053,14913.341343324431,1775.3060026914704,16688.647346015903,16960.901102225704,0.10701529998914339,0.0,1,0
2025-04-05,False,2,1.0,10,0.8,14,9600.0,10800.0,10800.0,18.842342592592583,23.532260149619994,24.911813750457814,46.07819631787529,29719.14280508829,1035.005395729154,14656.699884150776,14835.632829595512,3420.2849799622927,18255.917809557803,16665.57813753067,0.15218730000196956,4.365859710439965e-16,1,0
2025-04-06,False,2,1.0,10,0.8,14,9600.0,10800.0,10800.0,17.06895665509259,21.423353847970258,19.88556019739335,36.76036920680069,63875.65899345791,892.0736771113363,6212.518534149365,38037.983953501534,3262.052358837526,41300.03631233906,41176.98229642377,0.10299799998756498,0.0,1,0
2025-04-07,False,2,1.0,10,0.8,14,9600.0,10800.0,10800.0,16.76521018518519,22.18230346168669,33.7957380191833,61.321103839301884,63136.12235796256,1191.9625991903838,7016.218669009741,37502.95279991556,4055.6183238458825,41558.571123761445,40805.533082205526,0.13282460000482388,0.0,1,0
2025-04-08,False,2,1.0,10,0.8,14,9600.0,10800.0,10800.0,16.528788888888887,20.30159139009534,37.99009758166787,71.14824135741844,63643.93623172067,1421.1565593806417,6659.1708829876325,37735.74675395097,6068.86683046423,43804.613584415194,40879.72703591252,0.10300659999484196,0.0,1,0
2025-04-09,False,2,1.0,10,0.8,14,9600.0,10800.0,10800.0,18.16290185185185,22.8494292914482,34.92650295486736,62.67944713536406,64088.77419628744,2298.146692967584,3177.641596685474,38262.49511818857,7278.987267603565,45541.48238579214,41825.93333410894,0.1230269999941811,0.0,1,0
2025-04-10,False,2,1.0,10,0.8,14,9600.0,10800.0,10800.0,16.579122453703704,21.20889123908624,32.26812101642767,61.64278486661977,65732.27352150832,858.9902775378591,8011.8519860314755,38913.78166044572,3319.194582049649,42232.976242495366,42548.30145576711,0.11343930001021363,0.0,1,0
2025-04-11,False,2,1.0,10,0.8,14,9600.0,10800.0,10800.0,19.51916765046296,23.911265077692573,34.69855815638016,62.508682540442344,29061.91981131994,893.9361887448615,20585.872500064805,14367.99400819535,3110.9382587366326,17478.93226693198,16614.829565653657,0.12715519999619573,0.0,1,0
2025-04-12,False,2,1.0,10,0.8,14,9600.0,10800.0,10800.0,17.51737199074074,22.273986751254604,28.201044763294323,45.42175881426202,29242.971434775533,399.30053621689495,16562.35998750199,14496.831961902833,1238.8625156580165,15735.69447756085,16454.73218133579,0.3079723999835551,0.0,1,0
2025-04-13,False,2,1.0,10,0.8,14,9600.0,10800.0,10800.0,19.865640509259258,24.18481927874625,21.424263370832495,40.110708800804,62497.855573188215,1232.04525497785,5524.130943914753,36890.693694438945,5213.183244295905,42103.87693873485,39774.755919725525,0.10304630000609905,0.0,1,0
2025-04-14,False,2,1.0,10,0.8,14,9600.0,10800.0,10800.0,19.029334895833326,24.18164130070125,32.93245366021154,54.50070473694976,64451.76113305983,867.6267025090976,8668.437621688743,38043.92953647305,3292.305843134456,41336.235379607504,41574.19577536882,0.17935539997415617,0.0,1,0
2025-04-15,False,2,1.0,10,0.8,14,9600.0,10800.0,10800.0,19.032147453703708,23.16485518521193,36.8122684199213,66.16034134722666,62672.16740742612,457.1995361924897,8896.86583219785,37017.5242746629,1956.8480371458936,38974.372311808795,40437.62763430272,0.08240590000059456,0.0,1,0
2025-04-16,False,2,1.0,10,0.8,14,9600.0,10800.0,10800.0,16.580488310185174,20.84827067197163,32.00598800000492,60.771568329714526,61146.929042060416,2360.1796399607474,3767.421932116489,36460.64378101943,7130.642989564412,43591.28677058384,39833.3261632875,0.08724860000074841,0.0,1,0
2025-04-17,False,2,1.0,10,0.8,14,9600.0,10800.0,10800.0,15.033866145833324,18.349720537417397,26.75288320855106,49.33288636352143,64744.53157225865,374.29964951821916,8142.57883386584,38172.05417056156,1474.6474076080326,39646.701578169595,41599.97662220687,0.08568799999193288,0.0,1,0
2025-04-18,False,2,1.0,10,0.8,14,9600.0,10800.0,10800.0,17.56750509259259,22.523877799712373,22.571112641548574,39.64178305809866,28595.66828303878,546.5445555596121,18734.76232193173,14068.507478868181,1693.5087638050536,15762.016242673235,16449.667716480166,0.09580939999432303,0.0,1,0
2025-04-19,False,2,1.0,10,0.8,14,9600.0,10800.0,10800.0,17.925953125000003,23.014877211808642,25.684417563100126,43.124646138401324,28794.131821617353,546.6809547703981,18502.80019305442,14251.892256938441,1808.6115993453968,16060.503856283838,16130.067287812668,0.20185290000517853,0.0,1,0
2025-04-20,False,2,1.0,10,0.8,14,9600.0,10800.0,10800.0,16.921446469907405,21.727004051443274,24.018600201260636,43.97845771796112,60931.35446498345,808.6121325084171,5773.761698425249,35916.12876418546,2735.734119615048,38651.8628838005,38683.48341188734,0.09528960002353415,0.0,1,0
2025-04-21,False,2,1.0,10,0.8,14,9600.0,10800.0,10800.0,20.03395931712963,24.888497124949158,37.58414287208515,65.31490131063629,60669.88031126688,744.3037059252897,8985.196839111493,35712.02185782042,2501.5135562289743,38213.535414049395,38993.28694675618,0.164517800003523,0.0,1,0
2025-04-22,False,2,1.0,10,0.8,14,9600.0,10800.0,10800.0,18.553381944444432,22.81164258438334,25.510747710655544,49.47587877317327,58237.93214691168,1883.4738115534396,4168.866885224198,34606.28182867975,5851.519777067138,40457.801605746885,37847.88159242364,0.17426780000096187,0.0,1,0
2025-04-23,False,2,1.0,10,0.8,14,9600.0,10800.0,10800.0,19.41100763888889,23.641113764293824,22.668722472856395,39.23734032714314,60960.07340610781,788.5913112793014,6486.2958047241345,35961.92207136711,2457.176263664463,38419.09833503157,39104.06452575376,0.17192819999763742,0.0,1,0
2025-04-24,False,2,1.0,10,0.8,14,9600.0,10800.0,10800.0,16.783579803240748,21.131011136368933,37.05288750537645,68.37502616425023,60171.19436258657,566.1307868009101,9781.13593886895,35491.823051146435,2230.6057764963953,37722.42882764283,38658.02817896735,0.1929791999864392,0.0,1,0
2025-04-25,False,2,1.0,10,0.8,14,9600.0,10800.0,10800.0,18.838371527777777,22.509333192604245,23.186227912338197,41.00316235624466,27399.603950566263,525.4519984887143,21871.364965721645,13157.313811694326,1987.2570936995544,15144.57090539388,15400.880788561919,0.1610291999822948,3.543283196302906e-16,1,0
2025-04-26,False,2,1.0,10,0.8,14,9600.0,10800.0,10800.0,19.14991504629629,23.746140280623976,53.996965807724834,98.33885818139652,28123.095009746394,653.0408833333332,24652.608926413064,13776.040669520837,2411.516853225,16187.557522745836,15616.407696339837,0.09562050001113676,0.0,1,0
2025-04-27,False,2,1.0,10,0.8,14,9600.0,10800.0,10800.0,20.757893749999994,25.372061714929835,17.39102965826681,33.67038327155802,55391.99769633327,1214.4505102284759,4193.141168589527,32937.184266788216,4798.907442912042,37736.09170970026,35933.23667433253,0.11509850001311861,0.0,1,0
2025-04-28,False,2,1.0,10,0.8,14,9600.0,10800.0,10800.0,18.804678414351844,23.087550974862747,51.56895953725003,88.90755213473393,58113.36080616541,4218.487322256532,1956.5397748236064,34174.16356978117,15836.790264519042,50010.95383430021,37475.27830701739,0.0897013999929186,1.9415353115125433e-16,1,0
2025-04-29,False,2,1.0,10,0.8,14,9600.0,10800.0,10800.0,14.028157291666666,17.735081032328686,34.24976839043552,53.32240571865772,59287.368143603686,876.0533690209304,9000.046903158716,34962.10720011084,3308.2962994193845,38270.40349953023,38270.05973210794,0.09296320000430569,1.9012140731201993e-16,1,0
2025-04-30,False,2,1.0,10,0.8,14,9600.0,10800.0,10800.0,17.707478935185172,22.28639310762059,33.49759742865675,54.614513597881356,57405.766060438094,1124.4376695510819,6630.583406290612,34023.75805016674,4247.2863025234865,38271.04435269022,37464.34023428889,0.09014559999923222,1.942102161330516e-16,1,0
2025-05-01,False,2,1.0,10,0.8,14,9600.0,10800.0,10800.0,34.69009571759258,46.025785470484266,33.63651340368239,57.59815011516701,57066.300312768646,4291.70698968346,6746.007047601433,33589.30554538753,19167.856030889983,52757.16157627751,36849.212953355775,0.15904699999373406,1.974521850274911e-16,1,0
2025-05-02,False,2,1.0,10,0.8,14,9600.0,10800.0,10800.0,30.545415798611106,41.73850642402507,61.387181876367976,106.69175023779297,27125.797015138807,5222.800022268341,14004.943620740476,13069.053721410024,22755.37706461057,35824.430786020595,16120.915091393153,0.14806819998193532,6.770047704737317e-16,1,0
2025-05-03,False,2,1.0,10,0.8,14,9600.0,10800.0,10800.0,32.15843825231482,43.60372466085871,38.285704263736115,77.66337311598915,27313.024423319308,3155.243164934518,17547.762604920485,13235.893334467602,14113.730789405126,27349.62412387273,15213.737463671392,0.10354299997561611,0.0,1,0
2025-05-04,False,2,1.0,10,0.8,14,9600.0,10800.0,10800.0,35.04602528935186,45.14596629316019,37.455248277601186,61.35955635744271,57692.2198683165,3684.597834311152,5890.600199954699,34080.5939076749,15500.347020441768,49580.940928116666,37843.26668408403,0.10631909998483025,0.0,1,0
2025-05-05,False,2,1.0,10,0.8,14,9600.0,10800.0,10800.0,31.501066435185173,41.271954928006984,37.766242504386575,61.67825280820115,62592.788110787704,3470.290707236066,7182.4755336946755,36871.58460127659,15527.783520572953,52399.36812184955,41798.03247345801,0.09383860000525601,1.740741653044004e-16,1,0
2025-05-06,False,2,1.0,10,0.8,14,9600.0,10800.0,10800.0,34.48717349537036,44.93239497344048,28.035210148018976,51.86785142098112,62229.3450208881,3108.0258999272746,8560.016028260896,36491.7533144824,13058.259412753228,49550.012727235626,41955.3788220335,0.16082220000680536,0.0,1,0
2025-05-07,False,2,1.0,10,0.8,14,9600.0,10800.0,10800.0,30.37463836805554,42.74025102677675,22.991400383840332,39.598888807880705,60315.19850148583,3209.2291593921545,4489.741050985396,35517.7238162962,14663.371863686192,50181.09567998239,41616.18068155672,0.0965206999971997,0.0,1,0
2025-05-08,False,2,1.0,10,0.8,14,9600.0,10800.0,10800.0,25.25616059027778,34.98283400749869,30.084578488146082,50.418036899937064,64062.02639604607,1836.9369574347857,6097.683205066119,38663.21243946107,7538.771344092387,46201.983783553456,45320.19050422794,0.0972407000081148,3.210912193100622e-16,1,0
2025-05-09,False,2,1.0,10,0.8,14,9600.0,10800.0,10800.0,22.367690567129628,30.043903198608103,24.33149148396611,44.324108024170314,29012.875228389385,1315.2378264668603,17771.628098531015,14678.485500745557,6302.841192578767,20981.326693324325,20278.432235982218,0.2973927999846637,3.5880276786254245e-16,1,0
2025-05-10,False,2,1.0,10,0.8,14,9600.0,10800.0,10800.0,26.114332118055543,32.189296274911186,43.55729693126165,79.36654192204495,28377.6806402258,1838.2743881774,14041.576411736536,14210.80566120299,7630.161007528296,21840.966668731286,17547.55959596325,0.16176849999465048,0.0,1,0
2025-05-11,False,2,1.0,10,0.8,14,9600.0,10800.0,10800.0,26.949464178240735,34.93127691001345,42.44193154718347,76.12920492995589,59216.87671345173,3399.1368347658045,3528.3966665005855,35311.7295436829,15429.080084086445,50740.80962776935,40317.790188931875,0.1314925000187941,0.0,1,0
2025-05-12,False,2,1.0,10,0.8,14,9600.0,10800.0,10800.0,23.85869693287036,30.366205282865355,50.76893558314319,89.12652107887149,64334.031154553,1902.0141003507954,10230.55362611887,38524.96805456276,6692.3247905476055,45217.292845110365,45739.63911941704,0.11009239999111742,1.5907334981781026e-16,1,0
2025-05-13,False,2,1.0,10,0.8,14,9600.0,10800.0,10800.0,21.645269328703698,26.838873623348668,23.15955867224836,38.623144939391324,62886.81479372427,1144.4884534793587,7240.200075337103,37753.72732569107,5385.78508092059,43139.51240661166,45003.31336705724,0.09305339999264106,0.0,1,0
2025-05-14,False,2,1.0,10,0.8,14,9600.0,10800.0,10800.0,21.89112366898148,27.390991603387818,22.38187840137116,38.7661730383163,64656.17822028415,1230.4046921658787,8916.692792386311,38482.00732205526,5180.597465066677,43662.604787121934,45943.507304790546,0.15270890001556836,0.0,1,0
2025-05-15,False,2,1.0,10,0.8,14,9600.0,10800.0,10800.0,23.557369444444426,30.192455031584355,24.21664588197716,42.81417255811482,65646.59899556886,826.4904484800354,9799.761858827605,39741.238839586826,2908.0463447977163,42649.28518438454,47458.451845855496,0.1481529999873601,0.0,1,0
2025-05-16,False,2,1.0,10,0.8,14,9600.0,10800.0,10800.0,22.92893466435185,29.03291552233018,41.418747860018634,64.173344408802,30468.222642381974,895.9180999999991,24595.26284205368,16092.982620050801,3080.257109891663,19173.239729942463,22485.42694334061,0.25224979998893104,1.6179273874846987e-16,1,0
2025-05-17,False,2,1.0,10,0.8,14,9600.0,10800.0,10800.0,25.589526331018515,32.27812215173546,36.494861145244855,62.61018236207915,28522.52218244584,1824.2879887947506,15844.67775457392,14240.94048379965,7590.7034612685575,21831.64394506821,18339.010000853632,0.19236889999592677,0.0,1,0
2025-05-18,False,2,1.0,10,0.8,14,9600.0,10800.0,10800.0,22.110695196759252,28.14363259092782,33.626125189294015,60.94142671945794,64992.0068778906,1526.2097484871583,8879.181579899963,39076.201155127186,4336.685264489231,43412.886419616414,44840.64510668744,0.11456899999757297,0.0,1,0
2025-05-19,False,2,1.0,10,0.8,14,9600.0,10800.0,10800.0,21.95756093749999,30.305215934264957,40.04259996163779,78.25822482603324,63834.87477450985,657.3385549825941,13262.67061636176,38647.33866403543,3145.070656323326,41792.409320358754,46388.688910709,0.11146260000532493,0.0,1,0
2025-05-20,False,2,1.0,10,0.8,14,9600.0,10800.0,10800.0,21.638647164351863,29.762236329042306,27.48693140227884,51.37230397737732,62322.03343439736,2106.917527326984,6169.543886655393,37226.84762076236,9488.591048016828,46715.438668779185,45142.88139742194,0.1285525000130292,0.0,1,0
2025-05-21,False,2,1.0,10,0.8,14,9600.0,10800.0,10800.0,20.232840451388896,25.91120825449511,34.22225474057552,58.74992733283066,65037.61858766946,717.1312376002473,10586.007896834522,39419.57527142367,2560.3590528514897,41979.934324275164,47565.08905993527,0.08693530000164174,0.0,1,0
2025-05-22,False,2,1.0,10,0.8,14,9600.0,10800.0,10800.0,21.696723263888885,29.23052285699296,16.434996120874047,30.050418449296753,62092.16983091435,526.901326275214,8197.351111071897,37795.29647770741,1949.7187088174096,39745.01518652482,45317.2453655415,0.133725100022275,0.0,1,0
2025-05-23,False,2,1.0,10,0.8,14,9600.0,10800.0,10800.0,20.37874675925926,25.458986006145174,19.27700107884122,35.69998518633759,29144.47630883314,697.0010524822451,19367.19514464872,15163.929408807488,2329.4594141624693,17493.38882296996,20960.12775259046,0.12318369999411516,0.0,1,0
2025-05-24,False,2,1.0,10,0.8,14,9600.0,10800.0,10800.0,20.98811869212963,26.654892675684714,50.40678290142128,93.46902270301706,29499.455053613907,762.4317580362679,22446.392449010196,15363.170211520934,2553.61759053771,17916.787802058643,19747.604713829343,0.22310830000787973,0.0,1,0
2025-05-25,False,2,1.0,10,0.8,14,9600.0,10800.0,10800.0,21.19966805555556,25.70050623982766,28.78185154352568,51.40211082774668,61538.11240553655,680.3639207669578,9850.972752493544,36749.292068821334,2958.8951493550853,39708.18721817642,42561.56851593689,0.12712849999661557,0.0,1,0
2025-05-26,False,2,1.0,10,0.8,14,9600.0,10800.0,10800.0,20.47439594907406,25.322999724384534,34.51233224939428,64.36925942356798,60629.65835324529,1980.6160791353623,4451.774191864496,36591.33313530779,6955.437208353865,43546.77034366165,42841.32564714067,0.11714580000261776,3.396700500872124e-16,1,0
2025-05-27,False,2,1.0,10,0.8,14,9600.0,10800.0,10800.0,21.873992534722227,28.391369556498294,22.600445895832983,37.77743429943071,59272.97600398384,1643.974310233902,7954.985072637855,35437.83442925463,6500.075535280637,41937.90996453527,41138.18655419809,0.119268699985696,0.0,1,0
2025-05-28,False,2,1.0,10,0.8,14,9600.0,10800.0,10800.0,20.47106614583332,26.62601354466708,39.63814199194876,66.29708442130978,61774.969631817876,1203.392992767168,7151.952188024756,37378.885183668855,4330.897023975456,41709.78220764431,42637.11102381082,0.10625310000614263,0.0,1,0
2025-05-29,False,2,1.0,10,0.8,14,9600.0,10800.0,10800.0,19.602797569444437,26.031448695299435,23.45137969228203,42.36992048642772,60342.02127358249,1631.8847674573203,4245.06480729017,36229.425247685365,7121.800094964892,43351.22534265026,41124.74597066106,0.1027788000064902,0.0,1,0
2025-05-30,False,2,1.0,10,0.8,14,9600.0,10800.0,10800.0,20.056470254629623,25.30594934965448,33.2057219398605,64.72948794842314,28801.64294842326,843.3465561727027,18995.422904595966,14675.002359714174,3178.428852043019,17853.431211757194,18417.134851752093,0.34011109999846667,0.0,1,0
2025-05-31,False,2,1.0,10,0.8,14,9600.0,10800.0,10800.0,23.605819849537042,30.204129985929626,25.619281681853035,46.79057243331556,28759.38543911392,1073.1487868947797,17379.871293750504,14664.191631888663,3919.6735206149833,18583.865152503648,18995.048014558917,0.24957710001035593,0.0,1,0
2025-06-01,False,2,0.95,10,0.9,14,9600.0,10800.0,10800.0,55.94279036230955,69.75246868074797,87.8695130299942,154.17571722410457,61630.89415876659,13890.61710902437,635.1002561428056,36974.167032366844,54235.100697111906,91209.26772947874,42873.03975510197,0.09882039998774417,0.0,1,0
2025-06-02,False,2,0.95,10,0.9,14,9600.0,10800.0,10800.0,58.10588974747972,71.0373126193076,68.8998216542853,112.76291731808755,60807.66499950094,13002.621144572304,1510.8061115064052,36523.177100637084,52885.17030519318,89408.34740583027,40901.49345616808,0.12317189999157563,1.778897785720386e-16,1,0
2025-06-03,False,2,0.95,10,0.9,14,9600.0,10800.0,10800.0,24.18396944237769,31.121798326263278,42.81973407603507,76.50326666058274,71182.52912737589,3485.9642144108734,2504.944806107436,43779.04681123177,14839.850552038428,58618.8973632702,51018.52153869394,0.08787149999989197,0.0,1,0
2025-06-04,False,2,0.95,10,0.9,14,9600.0,10800.0,10800.0,25.40546333095916,32.523328276273894,31.648664191515095,69.30959019331378,76022.70573428838,2619.706505785625,4843.560842154356,47202.11655458567,8487.073532687627,55689.190087273295,54737.13588671245,0.14611639999202453,0.0,1,0
2025-06-05,False,2,0.95,10,0.9,14,9600.0,10800.0,10800.0,23.34041139601139,30.931404408018523,32.289868422083096,54.23900270735724,78389.73597583947,1510.5567489188502,4481.86000711692,48637.141057176676,5931.228621533957,54568.36967871063,56232.88455184961,0.1284360999998171,0.0,1,0
2025-06-06,False,2,0.95,10,0.9,14,9600.0,10800.0,10800.0,317.7041054872982,345.752974772969,61.647107386225834,101.80382723275332,79223.31942754162,0.0,44072.44251346022,49208.99625014545,0.0,49208.99625014545,56760.12220597627,0.11749720000079833,2.563756853017254e-16,1,0
2025-06-07,False,2,0.95,10,0.9,14,9600.0,10800.0,10800.0,88.22697445533612,102.00125569613313,128.27031567460003,208.35489801587175,29143.089799448935,10598.559600484285,4561.8028999332255,13659.424836324433,46439.55017842016,60098.975014744596,19637.128931763727,0.27443799999309704,3.7052043806741604e-16,1,0
2025-06-08,False,2,0.95,10,0.9,14,9600.0,10800.0,10800.0,313.0306707963468,344.8225197745137,69.43313645962778,125.77549448001365,45027.83535050276,25569.319622401486,2597.7137298067346,24780.317084931943,106057.89822759139,130838.21531252333,34770.444293997,0.13294779998250306,2.0925696412339474e-16,1,0
2025-06-09,False,2,0.95,10,0.9,14,9600.0,10800.0,10800.0,23.411401098053187,30.178574402077434,23.210278060525862,39.960134255724434,81059.85564207664,1341.488670375512,7133.324433353637,50645.78744750012,4936.381032692883,55582.16848019301,58085.587486600634,0.08057079999707639,1.3727043055254806e-07,1,0
2025-06-10,False,2,0.95,10,0.9,14,9600.0,10800.0,10800.0,23.7616918358262,29.101754548067234,23.989483870114718,41.66193054255861,82450.79738479276,847.7015930583406,7306.059451030149,51544.59544495325,2872.2295780657914,54416.825023019046,58863.581157074404,0.07241090000024997,7.416427072047734e-16,1,0
2025-06-11,False,2,0.95,10,0.9,14,9600.0,10800.0,10800.0,21.798072643637244,28.165013051203108,41.222396416268666,77.50541620476297,81880.88185461434,2438.0523411059985,3880.254088376888,51049.78201056529,10803.982314230116,61853.76432479541,58349.5504743405,0.13435649999883026,7.481762126736243e-16,1,0
2025-06-12,False,2,0.95,10,0.9,14,9600.0,10800.0,10800.0,25.569544150073607,34.068304538350674,18.48415609139918,34.25392968451922,84937.94668542652,785.8226932354472,8711.377945328648,53495.60012661392,2742.7495604282694,56238.34968704219,60589.85515584487,0.06772779999300838,8.250477567665085e-07,1,0
2025-06-13,False,2,0.95,10,0.9,14,9600.0,10800.0,10800.0,186.47835816969297,202.9330105416514,32.708694010039686,57.17103384376016,64995.77255205028,37.294290780297615,32682.872275702786,38799.00855077806,79.7351936882763,38878.74374446634,45103.24043889843,0.08800550000160001,3.226356928407483e-16,1,0
2025-06-14,False,2,0.95,10,0.9,14,9600.0,10800.0,10800.0,26.31538448496086,33.27235467482559,30.898897463837656,60.395749035717216,40771.067571435065,1704.1180081984423,13185.43548597295,22559.989655520923,5802.987750268474,28362.977405789396,37439.0299707229,0.143552900000941,0.0,1,0
2025-06-15,False,2,0.95,10,0.9,14,9600.0,10800.0,10800.0,146.69189658713202,165.32615460913954,26.345051548399592,44.01166861729941,67518.97836160412,9136.17895205956,2158.996744163301,40347.75785437263,38505.13803357397,78852.8958879466,56428.531220008736,0.17249890000675805,2.5788222577742647e-16,1,0
2025-06-16,False,2,0.95,10,0.9,14,9600.0,10800.0,10800.0,24.118533623080072,30.924179628072118,17.488959896379892,32.57466387999326,84578.03700797408,672.622243442137,7996.606434749559,53292.30738582047,2085.840999559562,55378.14838538004,60279.85447951056,0.07606540000415407,6.981313651070909e-07,1,0
2025-06-17,False,2,0.95,10,0.9,14,9600.0,10800.0,10800.0,24.531798872493475,31.77098270725843,36.24391611893686,72.69261437911659,84686.54899625393,1474.4695492637245,6919.7790588387015,53279.588802993516,5999.788047092816,59279.37685008633,59915.2803405406,0.07033839999348857,7.286245751830635e-16,1,0
2025-06-18,False,2,0.95,10,0.9,14,9600.0,10800.0,10800.0,21.896403286301183,26.567983041654227,22.21540531103225,39.57467979662718,85453.7676636665,382.8599179890435,10250.722944395198,53872.15445595894,1127.1527407749077,54999.30719673385,60560.2998560204,0.0701534999825526,7.208640939508272e-16,1,0
2025-06-19,False,2,0.95,10,0.9,14,9600.0,10800.0,10800.0,26.89296442305186,33.38583521185375,37.12900748094526,71.98949337793788,84557.09709386204,813.984341394153,12562.236468244748,53107.11849789933,3380.6743775966634,56487.792875495994,59823.92317637487,0.13362659999984317,7.297372583939913e-16,1,0
2025-06-20,False,2,0.95,10,0.9,14,9600.0,10800.0,10800.0,24.741614463950125,30.84745381242356,26.56134809459787,43.02537035723312,40179.42429840342,492.1370973649447,14892.595619993004,22624.516563287634,1461.2921508429192,24085.808714130555,27750.83518425978,0.21089970000321046,2.621887797564498e-16,1,0
2025-06-21,False,2,0.95,10,0.9,14,9600.0,10800.0,10800.0,24.17551296194313,31.10295303296716,39.570033999131496,80.14958892374464,45646.0856103541,546.3466171058619,23975.197200525763,25933.045725897493,1843.8542018215026,27776.899927718994,41834.232182698805,0.24508890000288375,0.0,1,0
2025-06-22,False,2,0.95,10,0.9,14,9600.0,10800.0,10800.0,22.827908195681598,29.811547108998965,33.406972286011346,54.95972822738813,88411.95483866867,652.8676587425255,16889.148064077854,56448.38489619793,2025.9247959779652,58474.3096921759,73561.74481897477,0.07431930000893772,1.97819060221819e-16,1,0
2025-06-23,False,2,0.95,10,0.9,14,9600.0,10800.0,10800.0,25.186286187427232,31.176476490128117,32.91061047245127,55.58926211641908,82548.51337955923,538.79920054637,11624.35991343894,51646.60700552072,1658.7530730731426,53305.36007859386,56108.76425311173,0.07526430001598783,9.155235532885592e-09,1,0
2025-06-24,False,2,0.95,10,0.9,14,9600.0,10800.0,10800.0,24.520190228806346,30.32865127639401,41.341143598308356,80.3206727016155,80776.83286451192,3777.1004494689428,3855.547910663835,50387.18531674544,15598.82771559093,65986.01303233637,54303.39281263995,0.1407933000009507,4.0196149286402426e-16,1,0
2025-06-25,False,2,0.95,10,0.9,14,9600.0,10800.0,10800.0,25.094178249861827,31.224888941117282,29.955037289035218,51.597186080485095,82812.45646663048,974.3641542620663,8841.58252291638,51634.1520575973,3070.267923769138,54704.41998136644,55991.900039270564,0.0970450000022538,6.497330514842637e-16,1,0
2025-06-26,False,2,0.95,10,0.9,14,9600.0,10800.0,10800.0,22.893831822768277,29.08066044530064,31.283137476828173,60.89708891609295,80468.37954876752,798.4690217653501,9353.336878326867,50078.88678578097,3002.717877318083,53081.60466309905,54381.54153991408,0.06409060000441968,4.013838560742051e-16,1,0
2025-06-27,False,2,0.95,10,0.9,14,9600.0,10800.0,10800.0,24.826012689012366,32.363283910744485,27.75592683329732,53.515501626248934,36989.91870045934,538.8190212411009,14086.354909069725,20566.830207622697,1836.6337536981312,22403.463961320827,23222.139195977805,0.13952560001052916,4.699798037196112e-16,1,0
2025-06-28,False,2,0.95,10,0.9,14,9600.0,10800.0,10800.0,23.71864281029582,30.77650829849128,34.460559027684326,61.72923810655964,43876.42787944566,604.4973796921472,19637.34260893605,24711.02907801645,2123.431939458347,26834.461017474798,39267.67617224993,0.17016390000935644,1.8529127066921449e-16,1,0
2025-06-29,False,2,0.95,10,0.9,14,9600.0,10800.0,10800.0,24.015972157115428,30.62187681446846,32.38999299209959,64.83750654241072,87266.86479031292,687.2402497960059,13968.00317344226,55685.33953164294,2033.9950982005676,57719.334629843506,72035.01685506455,0.06670640001539141,2.0201168631147136e-16,1,0
2025-06-30,False,2,0.95,10,0.9,14,9600.0,10800.0,10800.0,26.636811936431084,35.07183761465876,25.55903502491236,47.690487771016215,79630.14241608797,1560.5408055253945,6912.758683974812,49614.00413961387,5524.350200345814,55138.35433995968,54110.17803210222,0.05671850001090206,5.378624043607309e-16,1,0
2025-07-01,False,2,1.0,7,0.95,14,9600.0,10800.0,10800.0,99.60161753472221,106.31934851492882,54.225461115209974,90.66833282321792,80945.39202473454,7656.376243493879,5332.123318850872,50384.52765861577,26408.964067197827,76793.4917258136,54966.145307681894,0.0992950999934692,2.6474323689445844e-16,1,0
2025-07-02,False,2,1.0,7,0.95,14,9600.0,10800.0,10800.0,91.81590648148148,98.76018040706357,81.74367455402411,126.94076707886845,79409.34455990148,6646.5867818155975,8817.880266577746,49071.226478240176,23466.26585379301,72537.49233203319,54908.666321012126,0.06556290001026355,3.975305594737659e-16,1,0
2025-07-03,False,2,1.0,7,0.95,14,9600.0,10800.0,10800.0,50.96233640046299,60.29750824800861,21.98707140160075,36.07578190622071,81518.69172537547,4847.764873649472,2357.544188569913,50748.86318962739,18289.548386219885,69038.41157584728,58072.78096169904,0.08180569999967702,0.0,1,0
2025-07-04,False,2,1.0,7,0.95,14,9600.0,10800.0,10800.0,316.5766157986111,346.4913525286801,40.6662836837438,83.14466621301811,88862.68095925744,0.0,55617.30515464818,56161.79372190691,0.0,56161.79372190691,64077.077582330945,0.16059200000017881,1.135500851273178e-16,1,0
2025-07-05,False,2,1.0,7,0.95,14,9600.0,10800.0,10800.0,94.43005295138889,101.56212752214277,58.87579438745044,105.19089021579165,44603.319585791745,6681.43319016133,19429.482320637184,25262.081393448123,22197.317141758445,47459.398535206565,39343.11880899642,0.1048919000022579,3.6987192853250176e-16,1,0
2025-07-06,False,2,1.0,7,0.95,14,9600.0,10800.0,10800.0,208.6001822337963,221.87465919325064,25.784842183664125,45.21041907268725,71105.52034192457,14469.72822230899,1693.4842568495299,42971.34337790338,57050.83483750961,100022.17821541299,58819.41335505922,0.08952159999171272,0.0,1,0
2025-07-07,False,2,1.0,7,0.95,14,9600.0,10800.0,10800.0,159.71202893518517,176.0996782752223,38.482322291033135,61.95855203684867,64171.85166771878,13071.49486267928,338.5831748141958,39060.87328251012,52894.58748056651,91955.46076307663,46298.612309201235,0.121272799995495,1.5715282275830603e-16,1,0
2025-07-08,False,2,1.0,7,0.95,14,9600.0,10800.0,10800.0,25.447854513888913,32.21733969178392,33.6979531399393,59.149308029145516,86090.19462517946,1364.7523278289511,7620.248471861619,54125.009459346154,5413.772394769126,59538.78185411528,63972.60035023167,0.06796030001714826,0.0,1,0
2025-07-09,False,2,1.0,7,0.95,14,9600.0,10800.0,10800.0,26.98266649305557,33.60079742378306,23.042907536448336,43.43100104680681,85680.01204480624,1055.961334456023,8391.739360799656,54137.74095802515,3624.6271779735175,57762.368135998666,64166.700427182994,0.09551370001281612,0.0,1,0
2025-07-10,False,2,1.0,7,0.95,14,9600.0,10800.0,10800.0,27.89387644675926,36.980476490080335,19.571491057610903,41.567540172169274,85263.5627438748,894.991698431324,9027.334629049903,53826.205433206036,3185.1212935710123,57011.32672677705,63747.4242309375,0.09337479999521747,0.0,1,0
2025-07-11,False,2,1.0,7,0.95,14,9600.0,10800.0,10800.0,163.28958749999998,181.53898479401198,39.99090455131996,72.13954409980404,61826.23863792233,62.74250000000052,25894.805346789697,38146.08193764713,134.1434650000011,38280.225402647135,47378.983799313675,0.174945899983868,0.0,1,0
2025-07-12,False,2,1.0,7,0.95,14,9600.0,10800.0,10800.0,161.39120607638887,178.47858200588988,25.890263202002465,52.014217727579485,80018.27810866144,0.0,44556.34008664731,49677.48061412184,0.0,49677.48061412184,67701.32426733235,0.10551769999437965,4.298856894115003e-16,1,0
2025-07-13,False,2,1.0,7,0.95,14,9600.0,10800.0,10800.0,148.4353706597222,167.2704248242835,59.735725387505596,110.53120551029237,79355.6130806153,6003.25606106747,11755.999646678767,49050.778729256635,24357.933961123996,73408.71269038063,66906.46862182366,0.0734097000095062,2.1749638754092432e-16,1,0
2025-07-14,False,2,1.0,7,0.95,14,9600.0,10800.0,10800.0,27.2501921875,35.912244754184904,26.481997142789957,45.97916528147217,85498.05385766228,627.2883105427613,10057.426142443252,53907.59888069434,2650.831343679629,56558.43022437397,63765.56346122221,0.08197680002194829,0.0,1,0
2025-07-15,False,2,1.0,7,0.95,14,9600.0,10800.0,10800.0,30.58629490740742,39.101668800741564,35.33229923126592,65.79640427645317,82811.38182494568,2351.025365974385,8191.8477534376325,52260.73879366726,6991.777957894488,59252.51675156175,61861.17790825842,0.15313940000487491,0.0,1,0
2025-07-16,False,2,1.0,7,0.95,14,9600.0,10800.0,10800.0,30.61694577546296,37.929823929961614,26.342204292207864,48.393840428137715,84082.40057631621,940.0398106866608,8714.49528759831,52952.53070172704,3246.5197016877564,56199.050403414796,62777.196085108364,0.08888570000999607,0.0,1,0
2025-07-17,False,2,1.0,7,0.95,14,9600.0,10800.0,10800.0,29.514024247685185,36.59976611288359,23.280863668340032,40.458527097331626,83909.51760680627,1289.2006052871018,8271.818703627687,52987.832275112436,4574.284733327593,57562.11700844003,62717.06586894897,0.09098889998858795,0.0,1,0
2025-07-18,False,2,1.0,7,0.95,14,9600.0,10800.0,10800.0,24.19708350694444,30.913080068925513,30.523748344568258,57.69516509165123,45009.33605432953,534.5831449676537,10210.037101104417,26528.97477776696,1937.324336532671,28466.299114299632,34492.840520250014,0.18436369998380542,0.0,1,0
2025-07-19,False,2,1.0,7,0.95,14,9600.0,10800.0,10800.0,25.253626967592588,31.788376988577607,26.447638806258013,44.53545279804888,54593.56210323465,635.5549249999997,24710.035921607243,32561.733904931294,2032.2733185833335,34594.00722351463,51007.37827052378,0.09414189998642541,2.852903976203014e-16,1,0
2025-07-20,False,2,1.0,7,0.95,14,9600.0,10800.0,10800.0,30.02037326388889,36.54297792086902,24.637846003661018,42.19404651009576,98830.29433423778,423.66437499999984,22445.647159237797,64684.59815138286,1246.3854980458336,65930.98364942869,84035.1583050968,0.0672432999999728,3.4632921557748207e-16,1,0
2025-07-21,False,2,1.0,7,0.95,14,9600.0,10800.0,10800.0,31.6516828125,40.029952810216116,25.162440963518335,41.38574793164666,84369.34759307303,610.9558972467887,6850.099169285126,53173.805868928306,2158.250005155046,55332.05587408335,62840.21830456201,0.10395160000189207,0.0,1,0
2025-07-22,False,2,1.0,7,0.95,14,9600.0,10800.0,10800.0,25.693783564814808,32.77440781248897,31.18200326021358,57.13141254957671,83491.15994077818,1420.4101381178289,6895.836377235789,52612.63257630569,5103.3190287584,57715.95160506409,60623.845585578805,0.1004016000078991,0.0,1,0
2025-07-23,False,2,1.0,7,0.95,14,9600.0,10800.0,10800.0,26.338135358796293,32.18682105153521,28.75717596065184,50.338384417688935,83198.62776697634,1155.5737177579333,5904.844895418514,52307.25268658155,4393.344856595295,56700.597543176846,59167.743289969956,0.09401400000206195,0.0,1,0
2025-07-24,False,2,1.0,7,0.95,14,9600.0,10800.0,10800.0,24.96773634259259,32.999051002607736,35.3104577671043,59.15091824710459,84443.2315117942,1356.5318444234977,7949.570908688562,53226.80303918865,5276.137766596612,58502.94080578526,59532.027615968786,0.10554039999260567,0.0,1,0
2025-07-25,False,2,1.0,7,0.95,14,9600.0,10800.0,10800.0,25.35723981481482,31.492487462285307,20.498190107869032,33.9221335857162,44140.49850520204,552.9175355620004,14131.318151674694,25856.30255580548,2081.0893315824906,27937.39188738797,30368.76683579099,0.20508499999414198,0.0,1,0
2025-07-26,False,2,1.0,7,0.95,14,9600.0,10800.0,10800.0,28.157961689814822,35.33765319707246,28.49929831458816,50.20003330806073,52305.89899025336,495.7452944735735,20726.78318653344,31378.277710341546,1511.8356256535756,32890.11333599512,48449.42598895191,0.10058230001595803,0.0,1,0
2025-07-27,False,2,1.0,7,0.95,14,9600.0,10800.0,10800.0,25.374271354166673,32.2405275085351,26.397246154957895,47.67758830322961,94252.34067439329,711.9518577201329,16644.03412106901,60940.829871923284,1869.9764911813754,62810.80636310466,78218.04833975129,0.06600479999906383,1.8604293430025925e-16,1,0
2025-07-28,False,2,1.0,7,0.95,14,9600.0,10800.0,10800.0,30.023803993055544,35.68783940915701,41.26043471159872,70.76690411491086,82320.68187856891,2557.791378491569,2763.650716154396,51619.25713879333,9760.183911840786,61379.441050634116,55247.71524264076,0.12199109999346547,0.0,1,0
2025-07-29,False,2,1.0,7,0.95,14,9600.0,10800.0,10800.0,28.577370081018525,35.56461851956699,34.641784407528384,69.86589637353383,82317.39537390225,2382.3899825450208,4448.838161232974,51604.131428500245,8739.06264446361,60343.19407296385,55023.09330844736,0.15248520000022836,0.0,1,0
2025-07-30,False,2,1.0,7,0.95,14,9600.0,10800.0,10800.0,26.711405324074075,33.843961346814055,33.626226236188415,57.42268401559847,84153.40496019958,1205.4576978855962,7013.5590641079025,52875.80573740644,4937.842269420575,57813.64800682701,56456.38155361257,0.1402273999992758,0.0,1,0
2025-07-31,False,2,1.0,7,0.95,14,9600.0,10800.0,10800.0,29.63961296296298,37.3069634036995,24.785474851989477,44.47278191396255,83941.30248329247,1099.4523248519276,6158.313346414874,52860.27321162992,4450.131928127328,57310.40513975725,56301.07231980323,0.0976533999782987,0.0,1,0
2025-08-01,False,2,1.0,10,0.9,14,9600.0,10800.0,10800.0,26.54285711805555,33.83787695446631,50.41772034386212,81.11861119621446,43439.633571713304,849.939402530111,18984.87997424342,25370.553384465835,2622.3097350594403,27992.863119525275,27588.274324735663,0.23874699999578297,2.6373369818422454e-16,1,0
2025-08-02,False,2,1.0,10,0.9,14,9600.0,10800.0,10800.0,29.648328124999995,38.758594630465545,39.189840536114204,68.7562902711059,48129.172318965364,279.57981666666694,23535.78336317458,28633.636010919887,879.9286894375005,29513.564700357387,39748.845716321935,0.15092630000435747,0.0,1,0
2025-08-03,False,2,1.0,10,0.9,14,9600.0,10800.0,10800.0,28.154114988425924,34.413732406641415,55.81860132070327,93.23604222243175,88161.08089267384,570.9545750000002,21524.539117915032,56558.18027279498,2346.092451029168,58904.27272382415,69799.89919231209,0.11403490000520833,0.0,1,0
2025-08-04,False,2,1.0,10,0.9,14,9600.0,10800.0,10800.0,24.87789768518519,31.089001005607123,67.19527987815923,110.19247167637373,86112.66039640483,368.6115416666659,16811.01055238702,54355.664189534786,999.4622794833319,55355.12646901812,57875.007362605276,0.08618760001263581,0.0,1,0
2025-08-05,False,2,1.0,10,0.9,14,9600.0,10800.0,10800.0,32.89527494212963,40.965635497202335,31.194857534747307,55.37429546845355,81542.56926045702,450.58964982485224,12686.841095575433,51155.61373109772,1144.6658394048031,52300.27957050253,54552.43857051922,0.08597099999315105,0.0,1,0
2025-08-06,False,2,1.0,10,0.9,14,9600.0,10800.0,10800.0,33.805448148148145,42.23877277971747,34.52315699434146,56.42551672596067,82745.19851873285,729.2209808091534,11180.594437704192,52051.00576509089,2358.348019995825,54409.353785086714,55415.37988542354,0.0945722000033129,0.0,1,0
2025-08-07,False,2,1.0,10,0.9,14,9600.0,10800.0,10800.0,28.517797222222214,34.86231841064044,53.27571969588126,94.31359054059608,81756.90229586166,741.3426583253563,14856.56004762603,51340.99359964332,2409.9762226310645,53750.96982227438,54605.532937157186,0.09740959998453036,0.0,1,0
2025-08-08,False,2,1.0,10,0.9,14,9600.0,10800.0,10800.0,26.201330960648157,32.872589778581215,49.93810747482683,87.96262995981424,42566.53473931692,301.25260229714866,23039.28275828073,24759.60394576632,1210.6609666723311,25970.26491243865,26899.818013966877,0.1808829999936279,0.0,1,0
2025-08-09,False,2,1.0,10,0.9,14,9600.0,10800.0,10800.0,26.62729311342592,33.250347468944504,30.00021107682537,48.12953450076369,43840.65859790842,486.67978333333303,21318.096135594245,25714.779535411406,1436.2527701374993,27151.032305548906,35034.61586119712,0.1592260999896098,0.0,1,0
2025-08-10,False,2,1.0,10,0.9,14,9600.0,10800.0,10800.0,26.023696817129622,32.68471371594477,24.597128864643445,44.718278584910685,80184.60551775142,393.3506134374365,11130.659463738422,50756.8196375439,998.1045679894814,51754.92420553338,62905.16645824589,0.11420450001605786,2.3133100264548017e-16,1,0
2025-08-11,False,2,1.0,10,0.9,14,9600.0,10800.0,10800.0,30.504111863425933,37.84748543914294,34.62240407570688,68.21447635031116,79358.47314436534,882.2292731449895,11598.406950531125,49597.184232818916,3394.113959861591,52991.29819268051,52908.723035690025,0.15107710001757368,0.0,1,0
2025-08-12,False,2,1.0,10,0.9,14,9600.0,10800.0,10800.0,24.426355266203707,30.77716926079629,23.362994500751356,39.54100141297555,75945.63710380801,1458.2484459791053,5625.534455050514,47613.340780149985,5965.081475424944,53578.42225557493,50777.85319644003,0.0927508000168018,0.0,1,0
2025-08-13,False,2,1.0,10,0.9,14,9600.0,10800.0,10800.0,27.05292876157406,34.75825722945625,21.636035694565393,42.303353295096905,78346.17592340671,727.3398692079696,8842.511856796356,49275.72808761415,2689.5329367125196,51965.26102432667,52560.502554758044,0.08775320000131615,0.0,1,0
2025-08-14,False,2,1.0,10,0.9,14,9600.0,10800.0,10800.0,29.72316568287037,38.51402488087307,30.186373042231,47.963830340312505,76381.67375069548,1098.5614935331012,7457.218573396173,48049.91262462785,4505.006313102456,52554.918937730305,51343.26492366444,0.08074510001461022,0.0,1,0
2025-08-15,False,2,1.0,10,0.9,14,9600.0,10800.0,10800.0,25.672990972222223,32.35630288035118,24.832042735513497,43.55386741203687,41766.47092931555,567.307427328454,21117.11924436554,24190.031617636312,1924.9765588908995,26115.00817652721,26443.738562020975,0.16703470001812093,0.0,1,0
2025-08-16,False,2,1.0,10,0.9,14,9600.0,10800.0,10800.0,25.41758981481481,32.37611929299455,26.367034725429136,51.6832776239505,42812.683960755305,763.1613707744677,22581.919113994365,25079.88868636045,2952.976190869498,28032.86487722995,34243.93799041956,0.19156690000090748,0.0,1,0
2025-08-17,False,2,1.0,10,0.9,14,9600.0,10800.0,10800.0,29.31008136574075,36.211056597211325,30.061569845743755,50.68923622302265,77600.7033104865,686.1910141564979,11019.735378889964,49145.21144138073,2548.084076480238,51693.29551786097,61050.54255053582,0.09080259999609552,4.767169830250471e-16,1,0
2025-08-18,False,2,1.0,10,0.9,14,9600.0,10800.0,10800.0,29.811278124999994,37.609894359434186,32.4149697780551,56.116199899542345,75564.94974518233,1173.057985808563,8330.221119660426,47458.003225451124,4716.098391417264,52174.101616868385,50678.29947489887,0.08688260000781156,0.0,1,0
2025-08-19,False,2,1.0,10,0.9,14,9600.0,10800.0,10800.0,28.666213715277777,35.6798381473948,19.816472704430787,34.794015136830744,73208.8909036685,1389.0028283074764,6351.732855480733,46233.27610568896,5136.605354366829,51369.88146005579,49346.45154086952,0.0994162000133656,0.0,1,0
2025-08-20,False,2,1.0,10,0.9,14,9600.0,10800.0,10800.0,30.81587737268518,37.06103506290982,44.54811452387197,73.00422796302598,74314.28289265069,3514.9587436732018,3251.450397837454,46752.51187471301,13703.46433978109,60455.976214494105,50031.30840912281,0.10757329998887144,0.0,1,0
2025-08-21,False,2,1.0,10,0.9,14,9600.0,10800.0,10800.0,26.981402256944452,34.45705253006969,27.82695434108304,48.223765147621506,75583.90394401846,1180.0528177157375,6804.715293975201,47554.19622980869,4464.108146354918,52018.30437616361,51443.05997507795,0.08848710000165738,0.0,1,0
2025-08-22,False,2,1.0,10,0.9,14,9600.0,10800.0,10800.0,26.91294068287037,33.642542926007444,28.54091295288397,47.3899606247662,41141.72327545793,1953.1504630651782,17810.971005189782,23652.162787611596,7875.557855434123,31527.72064304572,26154.447848294312,0.37061739998171106,0.0,1,0
2025-08-23,False,2,1.0,10,0.9,14,9600.0,10800.0,10800.0,23.59269317129629,30.61230972952016,34.61375743438865,64.84417949710476,43166.15473988023,738.2187345664527,17309.09365941317,25284.61265235564,2213.7279643161605,27498.3406166718,34551.70713375908,0.12546870001824573,0.0,1,0
2025-08-24,False,2,1.0,10,0.9,14,9600.0,10800.0,10800.0,29.063375752314812,36.44855033597245,40.758323803765215,71.3391934209913,77311.91758623424,1370.214685500365,10883.787793840575,48613.9063036979,5101.434118272495,53715.340421970395,60046.47263058522,0.0884436999913305,0.0,1,0
2025-08-25,False,2,1.0,10,0.9,14,9600.0,10800.0,10800.0,23.71297002314816,30.210807157915248,51.357079574268205,80.9360903775855,73328.03211544357,4051.276973475751,2633.663183768765,46436.19717423023,14886.382650024927,61322.579824255154,50332.97247945007,0.1575279000098817,2.8911297130937577e-16,1,0
2025-08-26,False,2,1.0,10,0.9,14,9600.0,10800.0,10800.0,35.63637621527778,44.04937453026014,36.29807421091074,65.31995137958734,80191.51216559914,586.9853073281013,11045.238234173281,50376.906684969785,2149.7909798429087,52526.697664812695,54571.63453173672,0.09442800001124851,1.333285630275929e-16,1,0
2025-08-27,False,2,1.0,10,0.9,14,9600.0,10800.0,10800.0,25.2170494212963,31.013481132153622,31.28996704732002,49.64126502449603,76211.58780604695,862.5398885209281,5048.555082432547,48093.87079272821,3830.1622849244586,51924.03307765267,52107.57924967422,0.13478520000353456,0.0,1,0
2025-08-28,False,2,1.0,10,0.9,14,9600.0,10800.0,10800.0,31.508760648148154,38.67106451886882,35.274413623278946,73.50934828950689,77669.76515812894,3251.3356536468164,5907.763906978626,49015.1214665679,12891.425596457473,61906.54706302537,53017.49914263041,0.09672960001626052,0.0,1,0
2025-08-29,False,2,1.0,10,0.9,14,9600.0,10800.0,10800.0,27.613400115740735,33.41137017515402,29.139941696184994,45.561849088477096,42548.14989684739,581.3316332351768,16516.08140721426,24780.81412494425,2481.6385283408017,27262.45265328505,27541.79898519398,0.17347120001795702,1.3208936747550262e-16,1,0
2025-08-30,False,2,1.0,10,0.9,14,9600.0,10800.0,10800.0,27.978586979166664,34.70718956209482,31.30636464399901,55.8088966035726,41891.753258926816,1110.9959674988927,20418.07543082269,24295.257723584247,3851.562666786873,28146.82039037112,28677.908331620958,0.12027509999461472,0.0,1,0
2025-08-31,False,2,1.0,10,0.9,14,9600.0,10800.0,10800.0,27.935138888888886,35.560611147648686,31.543272760164225,51.59847608723217,74796.68768353171,1223.7025375110684,5271.81987346597,47372.47006773723,4258.835560679496,51631.305628416725,53088.57646525874,0.12531900001340546,0.0,1,0
2025-09-01,False,4,0.9,10,0.95,14,9600.0,10800.0,10800.0,97.0739993518209,108.32042667153384,32.34907636391237,50.731430846655165,77677.32729127977,133.62641878930458,20054.490724583062,48992.74914326121,311.3583151220306,49304.10745838324,53063.23165090254,0.10891129999072291,2.742372595039515e-16,1,0
2025-09-02,False,4,0.9,10,0.95,14,9600.0,10800.0,10800.0,34.0247487111982,42.4449274780795,29.12450050361728,46.7278807033105,68782.26602047804,126.48110682552552,10816.02351896961,42545.54608119289,410.10462035886997,42955.65070155176,46134.08687988653,0.1106277999933809,0.0,1,0
2025-09-03,False,4,0.9,10,0.95,14,9600.0,10800.0,10800.0,41.766164672025894,49.84740436405106,33.02382432407163,53.82659956853071,70996.70872131508,130.04336012077,11436.587806956139,44231.93360238436,409.89776256714674,44641.831364951504,47947.761567710666,0.09926429999177344,0.0,1,0
2025-09-04,False,4,0.9,10,0.95,14,9600.0,10800.0,10800.0,29.599593696746258,38.397868168230644,35.28539725680654,66.63159639459987,68508.76576244309,362.76021993067377,10829.858428971369,42361.244172704886,1556.3685835323156,43917.6127562372,45919.945373842755,0.09803920000558719,0.0,1,0
2025-09-05,False,4,0.9,10,0.95,14,9600.0,10800.0,10800.0,320.05904364638275,350.69452936673616,24.403719632612667,44.78999184436145,65280.45890679904,0.0,54365.865823291526,40254.7610835294,0.0,40254.7610835294,43506.49256638495,0.09534270002041012,0.0,1,0
2025-09-06,False,4,0.9,10,0.95,14,9600.0,10800.0,10800.0,96.02710381024043,109.85188585444692,51.24893348214539,82.39048579965298,41466.10642053991,227.59751611479152,29918.35080001248,24097.585356843276,942.7991759317622,25040.38453277504,26213.33785703913,0.11267050000606105,0.0,1,0
2025-09-07,False,4,0.9,10,0.95,14,9600.0,10800.0,10800.0,101.16043593395608,114.87245139017986,24.849684585378004,48.908749503921506,75414.4965660026,293.46395995830926,16637.656520798606,47874.876958155815,968.971101174693,48843.84805933051,51241.15360582952,0.095159100019373,2.839888293754443e-16,1,0
2025-09-08,False,4,0.9,10,0.95,14,9600.0,10800.0,10800.0,25.77551039476002,31.98041767791428,38.13939490123509,66.55751026045378,66981.90570675125,1313.5816072098232,4802.396350275344,41365.203020537476,5339.931851713691,46705.13487225117,44330.67032054722,0.10814599998411722,1.6412920358686806e-16,1,0
2025-09-09,False,4,0.9,10,0.95,14,9600.0,10800.0,10800.0,18.764613727917737,23.48225754856264,31.68496906583933,55.89048183741991,65942.37062168078,711.9319643099489,9450.719233634532,40656.017615125165,2849.881813807982,43505.899428933146,43369.61363128744,0.0850223999877926,1.6776625395008014e-16,1,0
2025-09-10,False,4,0.9,10,0.95,14,9600.0,10800.0,10800.0,20.473870534431313,26.20002758608285,47.29352775355856,82.44773408692214,64631.14064526165,3273.746547415177,2548.876185095388,40048.08694758391,13411.872972545363,53459.95992012927,42799.96545126453,0.09043260000180453,1.6999914690277997e-16,1,0
2025-09-11,False,4,0.9,10,0.95,14,9600.0,10800.0,10800.0,71.65378393679474,81.86250627521439,26.345794654251147,51.13891940514524,56448.41121491553,4769.277268629279,3875.4987962917103,34360.39300527239,20716.259828688657,55076.652833961045,37015.76101895805,0.18072480001137592,0.0,1,0
2025-09-12,False,4,0.9,10,0.95,14,9600.0,10800.0,10800.0,256.55237599192986,282.8398792390668,22.17593141701765,36.874327774284914,58217.42655003112,0.0,42775.338228886714,35601.594876049465,0.0,35601.594876049465,39159.42514122449,0.10918739999760874,0.0,1,0
2025-09-13,False,4,0.9,10,0.95,14,9600.0,10800.0,10800.0,37.96506042286889,46.68686597297921,37.89455296271309,60.90014462110919,35838.69306606715,429.11896818199676,24207.377217582485,19825.474682169246,1866.584523524929,21692.059205694175,21813.797030455662,0.09371029998874292,0.0,1,0
2025-09-14,False,4,0.9,10,0.95,14,9600.0,10800.0,10800.0,26.78184888322725,33.72872823596567,46.77986176498015,71.73726184490452,61861.49939095831,4072.203499783671,1768.8066779312826,38073.93551102501,15492.4814580171,53566.41696904211,41313.43415760463,0.11903029997483827,0.0,1,0
2025-09-15,False,4,0.9,10,0.95,14,9600.0,10800.0,10800.0,21.977617431807044,27.274539223064075,38.00533659015071,66.07675996452033,65966.23451747638,1132.9636625762098,7886.321939557503,40757.02849274131,4388.240826880143,45145.26931962145,44460.01725061838,0.10594819998368621,0.0,1,0
2025-09-16,False,4,0.9,10,0.95,14,9600.0,10800.0,10800.0,21.094799226755374,25.629728874372372,23.67325754286746,43.53344311951698,66425.45111207999,2069.1868268279604,4867.300171744034,41258.71434550031,5941.286167906139,47200.00051340645,45316.85386880605,0.08855570000014268,0.0,1,0
2025-09-17,False,4,0.9,10,0.95,14,9600.0,10800.0,10800.0,18.443327496145344,24.001983429296036,32.06298006176808,56.53601974179706,66411.39895310451,1236.8222240795797,3601.5864991352573,41111.20696596215,4467.720595852104,45578.92756181426,45420.36787911365,0.09589910000795498,0.0,1,0
2025-09-18,False,4,0.9,10,0.95,14,9600.0,10800.0,10800.0,19.42076945860338,26.458316201243534,25.07668736797912,44.02172333935986,66644.63359977552,1109.643119785914,4713.92430346076,41272.439229252894,4696.706531169661,45969.14576042256,45330.58214638725,0.10449560001143254,0.0,1,0
2025-09-19,False,4,0.9,10,0.95,14,9600.0,10800.0,10800.0,193.61360988172842,213.4899935686612,32.464033373660584,53.1798800154428,50294.23873836313,0.0,30166.917335926977,30461.663131684938,0.0,30461.663131684938,34215.40339192379,0.1936011000070721,0.0,1,0
2025-09-20,False,4,0.9,10,0.95,14,9600.0,10800.0,10800.0,22.606105559927656,28.996679492033234,57.676141170596935,87.36058527783148,33173.17206416922,1502.251820025179,14976.656817527728,17871.654291639,6104.369126942256,23976.023418581255,20043.204033818824,0.22417370000039227,0.0,1,0
2025-09-21,False,4,0.9,10,0.95,14,9600.0,10800.0,10800.0,19.927497862091272,24.676956846433157,29.779802334455503,54.71702922283454,67196.18445373065,1670.3620546163147,6491.2715836403695,41618.89780111215,5377.868243647639,46996.76604475979,45115.84787504672,0.12751819999539293,0.0,1,0
2025-09-22,False,4,0.9,10,0.95,14,9600.0,10800.0,10800.0,21.602043412413227,26.509676680822782,26.52501187555255,42.243293713433715,66989.23520861793,1755.981655093261,4019.828046484213,41558.42014303268,5793.912316185863,47352.332459218545,45763.786755320376,0.10025740001583472,0.0,1,0
2025-09-23,False,4,0.9,10,0.95,14,9600.0,10800.0,10800.0,19.945238131881982,26.919985847850512,30.97500323337434,52.4829069048281,68401.92530330496,1456.325296230896,3627.7622412020696,42439.80638480126,6124.443605717506,48564.249990518765,46799.829568911286,0.08023420002427883,0.0,1,0
2025-09-24,False,4,0.9,10,0.95,14,9600.0,10800.0,10800.0,20.659773154155218,25.87749638322502,28.58392869551292,48.2696540144595,68762.73096156321,1476.0154185024821,5049.4112618172785,42785.957346748146,4168.664385620363,46954.62173236851,47209.34465567737,0.08048040000721812,0.0,1,0
2025-09-25,False,4,0.9,10,0.95,14,9600.0,10800.0,10800.0,22.149034112035178,29.851755091747854,22.5230800667236,35.834217728223194,69548.22617445161,1089.8355337802195,6213.050263090847,43189.77412489926,4011.886462014223,47201.66058691348,47657.21035201248,0.11741110001457855,0.0,1,0
2025-09-26,False,4,0.9,10,0.95,14,9600.0,10800.0,10800.0,212.92038832472878,232.62664945970602,40.86019224573004,68.57580922617764,54010.88035873635,0.0,32329.59527311907,32519.462583054712,0.0,32519.462583054712,36951.918682802505,0.16807640000479296,1.9690337805299594e-16,1,0
2025-09-27,False,4,0.9,10,0.95,14,9600.0,10800.0,10800.0,25.305456084436827,30.940921861189217,45.63491720530384,78.11667492999923,34479.10060923082,2388.7539663022426,15013.218992199729,18755.836020639093,8722.327390340364,27478.163410979458,21086.920649335854,0.1672919999982696,0.0,1,0
2025-09-28,False,4,0.9,10,0.95,14,9600.0,10800.0,10800.0,20.71928196460499,26.071967164605905,38.99369692107533,60.02023063287655,70609.75127918024,878.7732427324408,3865.4141743236173,43837.74745667778,2988.2909250819234,46826.0383817597,47638.915242600546,0.1047637999872677,0.0,1,0
2025-09-29,False,4,0.9,10,0.95,14,9600.0,10800.0,10800.0,20.887925706430835,26.451678229325218,34.286757697234265,53.91479928761641,69014.1463449377,1231.99247184402,3350.8273202190667,42976.02661773586,4410.135905450706,47386.16252318656,47613.47041339554,0.10316389999934472,0.0,1,0
2025-09-30,False,4,0.9,10,0.95,14,9600.0,10800.0,10800.0,19.56383392142034,24.487230657119667,44.408566361385205,68.06128400733844,70743.32946481061,1609.224307212633,2804.769199229015,44282.373661936916,6469.511056394061,50751.88471833098,48950.34074460321,0.0996551999996882,0.0,1,0
2025-10-01,False,2,1.0,10,0.8,14,9600.0,10800.0,10800.0,33.702646585648154,45.441582227838396,68.8286452822248,123.03389374733932,74076.23310457877,216.85440833333354,20358.883197884912,46391.94961932022,474.72351676666716,46866.67313608689,50865.67124343484,0.1321131000004243,0.0,1,0
2025-10-02,False,2,1.0,10,0.8,14,9600.0,10800.0,10800.0,35.93666585648148,50.18592588826592,26.563620285830943,48.05955198245525,66084.29180179138,479.1304413380825,10726.5805481037,41711.248589062,1356.563243573401,43067.8118326354,44794.92870396813,0.08763170000747778,0.0,1,0
2025-10-03,False,2,1.0,10,0.8,14,9600.0,10800.0,10800.0,36.02041452546296,48.86479611176224,18.403921933176832,35.6785441398805,35110.245480502344,176.03798333333322,23415.796430502338,19186.4298153352,458.18207564166636,19644.611890976867,21628.104510038378,0.11247439999715425,3.364121719869808e-16,1,0
2025-10-04,False,2,1.0,10,0.8,14,9600.0,10800.0,10800.0,34.69511174768518,46.18900694897306,24.176980177415366,42.69260971752791,35922.31922940191,304.3154000000001,19077.318862735247,19853.358823874598,967.9692992333336,20821.32812310793,22553.157752014467,0.197546900017187,0.0,1,0
2025-10-05,False,2,1.0,10,0.8,14,9600.0,10800.0,10800.0,34.076346643518505,44.59377319843678,38.00744220980809,68.93670971994106,74650.48692718467,408.2940916666663,16074.05443250739,46613.2340066453,893.2340039458326,47506.46801059114,50493.86615562064,0.10489240000606515,0.0,1,0
2025-10-06,False,2,1.0,10,0.8,14,9600.0,10800.0,10800.0,33.31538848379629,42.62830265394474,25.649587796870545,45.82056881556213,73935.06714455073,285.8170666666669,12199.540925901227,46363.15040647144,622.4895498791672,46985.639956350606,49532.06669310576,0.08498710001003928,2.9378776618647115e-16,1,0
2025-10-07,False,2,1.0,10,0.8,14,9600.0,10800.0,10800.0,34.4854789351852,47.16996464479839,17.12442346345712,30.625558529812558,70531.9494523293,332.5144911710122,8951.78971412753,44362.52821289614,786.3502601140295,45148.87847301017,47174.20479573715,0.12109030000283383,0.0,1,0
2025-10-08,False,2,1.0,10,0.8,14,9600.0,10800.0,10800.0,20.935077314814812,26.562363496824656,21.43848161079305,42.265479249959895,68847.37167715025,380.1433410383682,8627.368523850011,42535.82134410662,934.4704195395896,43470.29176364621,45223.43973979013,0.1114205000048969,1.6088908000029085e-16,1,0
2025-10-09,False,2,1.0,10,0.8,14,9600.0,10800.0,10800.0,32.47064542824075,43.488627508777114,23.65008036638776,40.46720015990877,68444.45282685655,318.8723972510775,8942.623659648616,42941.831504086935,763.0039618987955,43704.83546598573,45369.72500205496,0.13764190001529641,0.0,1,0
2025-10-10,False,2,1.0,10,0.8,14,9600.0,10800.0,10800.0,21.65631527777777,27.069394392423753,19.985143346573423,36.4758563058388,33771.02431177366,402.333639421579,20776.41370119524,17829.23846036376,930.6420660746899,18759.88052643845,19580.506011571495,0.08375590000650845,3.715919093144759e-16,1,0
2025-10-11,False,2,1.0,10,0.8,14,9600.0,10800.0,10800.0,23.223667997685183,30.844289059915262,23.015627904436883,39.46360545391784,34596.60503724058,298.19566647909426,16735.153787053005,18447.101710890827,763.5258449142227,19210.62755580505,20921.523148676253,0.2417416999815032,0.0,1,0
2025-10-12,False,2,1.0,10,0.8,14,9600.0,10800.0,10800.0,20.353015798611107,25.81985541864826,23.971943066947105,39.90792185330862,68960.91093084677,448.13825654164407,6768.414956686569,42448.07971413022,1366.4565207290325,43814.536234859246,46080.956430225706,0.09767030001967214,0.0,1,0
2025-10-13,False,2,1.0,10,0.8,14,9600.0,10800.0,10800.0,22.282774305555552,27.897660268749636,19.736871573044404,38.59984592846769,69773.97755961295,262.77721887084806,8872.244202835049,43271.33392102738,596.2051516544536,43867.53907268183,45727.6731490539,0.13846459999331273,1.5911497596798154e-16,1,0
2025-10-14,False,2,1.0,10,0.8,14,9600.0,10800.0,10800.0,20.28960590277777,26.081916737021036,25.121583394002357,40.68389033955715,67633.25249761861,757.9086858428607,3531.026672351889,41791.25018508187,2577.3739137598477,44368.62409884172,44125.88219138076,0.0889976000180468,0.0,1,0
2025-10-15,False,2,1.0,10,0.8,14,9600.0,10800.0,10800.0,16.225728703703687,20.0460725525907,26.505217900721,51.60129362666231,67153.71198762466,1699.859785523684,2841.4015730176334,41169.14899562606,6164.20818168747,47333.35717731353,43341.0438344449,0.09225919999880716,0.0,1,0
2025-10-16,False,2,1.0,10,0.8,14,9600.0,10800.0,10800.0,22.672464872685183,29.405363213299545,27.351275603420305,50.10278714121507,70425.39948273008,1374.5443014684906,4663.422196171452,43637.13375697211,4774.273009080896,48411.406766053005,45826.204896312614,0.12561529999948107,0.0,1,0
2025-10-17,False,2,1.0,10,0.8,14,9600.0,10800.0,10800.0,19.251640162037035,24.627478071193934,18.897720544210927,36.81148401944166,34541.13176837877,342.7548397172986,14825.118248318777,18264.716179481762,758.7728343835565,19023.489013865317,19708.893969332566,0.14841989998240024,1.8458564000356797e-16,1,0
2025-10-18,False,2,1.0,10,0.8,14,9600.0,10800.0,10800.0,33.520706770833335,44.25193204956144,27.70962394690163,47.557590767703395,36868.88911018997,251.3455666666665,16971.251277662286,20308.1215173221,553.2078004541663,20861.329317776264,22569.45381054638,0.2428377000032924,0.0,1,0
2025-10-19,False,2,1.0,10,0.8,14,9600.0,10800.0,10800.0,16.90502841435184,20.313549513849217,42.447265092054096,74.91291462514535,69668.8611684336,2089.301138746565,3702.005839960434,42514.54779220221,8497.028269917158,51011.57606211937,45858.58389113541,0.12458709999918938,0.0,1,0
2025-10-20,False,2,1.0,10,0.8,14,9600.0,10800.0,10800.0,20.656107754629623,26.019710179205333,37.67940705453765,64.09623748162612,69640.72637005965,1653.4605878108075,2689.228320595831,43379.124869329185,6352.394662573219,49731.519531902406,45450.27935558967,0.1513091000088025,0.0,1,0
2025-10-21,False,2,1.0,10,0.8,14,9600.0,10800.0,10800.0,22.186789467592593,27.689135810860453,29.837519862720733,53.3094263138845,72459.0141177797,1411.047922871931,3085.062435217742,44965.83508756837,4257.087974083517,49222.92306165188,47100.04077863491,0.08557569998083636,1.544787964914858e-16,1,0
2025-10-22,False,2,1.0,10,0.8,14,9600.0,10800.0,10800.0,17.967881307870357,21.745023814487332,22.058576404714287,42.700052153556236,73418.79555298669,1419.1007065106119,4826.230232476324,45025.107757655336,6225.777095007706,51250.88485266304,47207.874831028246,0.08191049998276867,0.0,1,0
2025-10-23,False,2,1.0,10,0.8,14,9600.0,10800.0,10800.0,18.463975115740727,23.247536491679504,17.96772320204948,35.16840942670486,73167.50297578698,743.0680615968756,6139.377333098972,45115.98765715659,2790.7599976889655,47906.74765484556,47389.764015190114,0.10464499998488463,1.5353437109016246e-16,1,0
2025-10-24,False,2,1.0,10,0.8,14,9600.0,10800.0,10800.0,19.4272802662037,25.22787925870569,16.19491758961756,26.422351438138787,34590.772054275105,488.0219689033816,12605.409973178485,18307.42775726555,1541.952796407478,19849.380553673025,19718.336801881553,0.15455300000030547,0.0,1,0
2025-10-25,False,2,1.0,10,0.8,14,9600.0,10800.0,10800.0,24.20341979166666,29.53549593965884,28.62148979472242,53.171157746595895,35912.43372698584,349.2700548629148,12809.937715182092,19274.612399758615,846.2704378497585,20120.882837608373,21594.063811144126,0.15017280000029132,0.0,1,0
2025-10-26,False,2,1.0,10,0.8,14,9600.0,10800.0,10800.0,17.521161342592592,22.469094957023287,23.270096095459053,40.9796556813379,74453.8647386628,605.7183021219225,6042.137006359584,46081.608714868475,1965.3461447479583,48046.95485961643,49615.2917957682,0.11100989999249578,0.0,1,0
2025-10-27,False,2,1.0,10,0.8,14,9600.0,10800.0,10800.0,15.686450289351834,19.445399466201934,36.86748683814346,66.85145899058038,74085.89809018881,1428.491595993,7505.355405662607,45713.79659301412,5234.068168360247,50947.86476137437,48212.880192491,0.11561859998619184,0.0,1,0
2025-10-28,False,2,1.0,10,0.8,14,9600.0,10800.0,10800.0,17.35790428240741,22.289674072043848,22.584308470615863,38.04489212176641,74387.29643946364,1053.5412797360555,5011.310386005105,45795.29592575383,3832.810524627325,49628.10645038116,48449.4724150651,0.10236190000432543,0.0,1,0
2025-10-29,False,2,1.0,10,0.8,14,9600.0,10800.0,10800.0,15.594403009259262,19.22788266071691,33.767472727085774,57.41598647033036,74238.86413287805,1561.3762412602555,2048.2467855842947,45848.11387772936,5859.177185722396,51707.291063451754,48492.50487241618,0.11984840000513941,0.0,1,0
2025-10-30,False,2,1.0,10,0.8,14,9600.0,10800.0,10800.0,18.33161394675927,22.638703692238725,18.731432773290333,35.70291180326472,76836.8843511742,667.6170161921664,8257.564421819427,47775.14526324796,2368.3755328410707,50143.52079608903,50386.39720612792,0.09280380001291633,0.0,1,0
2025-10-31,False,2,1.0,10,0.8,14,9600.0,10800.0,10800.0,16.710057407407408,21.149111273614174,35.68689498202676,63.172957258760135,34940.16355230269,710.5977024360242,7693.135854738721,18381.93099694091,2543.1262523390687,20925.05724927998,20230.93018283947,0.1346960999944713,0.0,1,0
2025-11-01,False,2,0.95,10,0.8,14,9600.0,10800.0,10800.0,18.131855679878786,23.801487797557378,26.86498853418618,45.009861243597534,34706.89750077341,682.0647121369567,8786.638179635656,18253.217932068415,2100.3719026838207,20353.589834752238,20818.724476963667,0.1150725000188686,0.0,1,0
2025-11-02,False,2,0.95,10,0.8,14,9580.071356481483,10800.0,10780.071356481483,16.523071995519008,21.000056777102753,30.246773125562314,50.68893060646395,76089.01437255366,963.1003091725852,3804.4727542102337,47155.63769718621,3996.1139955213976,51151.75169270761,50966.40982507759,0.10842430000775494,0.0,1,0
2025-11-03,False,2,0.95,10,0.8,14,9553.412945105814,10780.071356481483,10753.412945105814,15.983085606427968,20.878210414218444,39.209598269728936,83.47479301734948,74777.25819987005,2383.4762188465297,3172.9641472618955,46472.51780863781,6756.722678201738,53229.240486839546,49158.959721261584,0.10994600001140498,0.0,1,0
2025-11-04,False,2,0.95,10,0.8,14,9526.754533730164,10753.412945105814,10726.754533730164,20.26036611764007,24.231484176331108,15.163912920840025,31.780425611478684,78798.67098682575,915.0108761469788,7736.859545903785,49029.43915125172,3775.255131279266,52804.69428253098,52061.84838823255,0.11957850001635961,0.0,1,0
2025-11-05,False,2,0.95,10,0.8,14,9500.096122354495,10726.754533730164,10700.096122354495,18.696824356549108,23.67950902386959,21.74862230535581,37.366653795276186,77154.22176240891,882.9475546397522,3931.6616406263042,47974.379986449225,2644.7384879087863,50619.11847435801,51150.72778494472,0.1431731999909971,0.0,1,0
2025-11-06,False,2,0.95,10,0.8,14,9473.437710978827,10700.096122354495,10673.437710978827,18.701954044064756,22.885229623937885,27.485849610104935,50.03522654151188,78203.96900833059,1610.424568047701,4058.890474053594,48660.937477319014,6661.319956870612,55322.257434189625,51919.21996835828,0.08782469999277964,0.0,1,0
2025-11-07,False,2,0.95,10,0.8,14,9446.779299603173,10673.437710978827,10646.779299603173,19.42626751610652,23.069699824617395,20.480367946124733,37.24713816631967,35735.09033162182,833.1500358788142,9252.784413378053,18816.141962516293,2949.406912959385,21765.548875475677,21486.642246161606,0.13452579997829162,0.0,1,0
2025-11-08,False,2,0.95,10,0.8,14,9420.120888227506,10646.779299603173,10620.120888227506,16.54698165874164,21.523811736626474,22.29636317524737,40.83063329087162,35486.002844737115,645.0615889211674,8338.127707258514,18683.145941007348,2489.68342728898,21172.829368296327,21409.79158351039,0.1257986999989953,0.0,1,0
2025-11-09,False,2,0.95,10,0.8,14,9379.290822169622,10620.120888227506,10579.290822169622,18.73078967209476,23.299181686116995,25.90588200917655,46.21609967344668,78278.50710805478,1131.726819251252,3641.501909792116,48936.207353386875,3813.966746214337,52750.17409960121,52535.75517364202,0.08884559999569319,0.0,1,0
2025-11-10,False,2,0.95,10,0.8,14,9338.460756111714,10579.290822169622,10538.460756111714,18.436835111853924,22.662383357297724,35.951226380628974,60.99920559319494,78165.20407567185,2053.270551247919,1967.7274644847819,48557.9746527722,8611.117655931715,57169.09230870392,52255.399499719904,0.09272039998904802,0.0,1,0
2025-11-11,False,2,0.95,10,0.8,14,9297.630690053807,10538.460756111714,10497.630690053807,17.292164178441567,21.283279617275085,11.14337346353321,21.67036474610346,81607.99622988506,633.5079887027242,6307.134220201778,51216.97093788019,1800.3775589232553,53017.348496803446,54993.7559706961,0.09166059998096898,0.0,1,0
2025-11-12,False,2,0.95,10,0.8,14,9256.800623995921,10497.630690053807,10456.800623995921,18.30091009900748,23.401849124859837,13.57864187743788,26.551259566763658,80553.82353272752,728.0340522641945,5964.041545993388,50464.936088817056,3288.5174821289615,53753.45357094602,54177.61055361542,0.08336690001306124,0.0,1,0
2025-11-13,False,2,0.95,10,0.8,14,9215.970557938013,10456.800623995921,10415.970557938013,19.620995314150782,24.04732429036811,24.863504485402533,50.115310573320656,80333.56480912497,1411.6568628243322,4956.631524120041,50457.30862242494,5433.91731547016,55891.2259378951,54120.737119552694,0.16428649998852052,0.0,1,0
2025-11-14,False,2,0.95,10,0.8,14,9175.140491880129,10415.970557938013,10375.140491880129,15.293766331002558,19.17676580237672,16.99705282766264,31.516746840116866,36462.83859113726,501.9837314262269,5479.755381065746,19240.53185424629,1766.2538148774183,21006.785669123707,22452.845808144873,0.13527160001103766,0.0,1,0
2025-11-15,False,2,0.95,10,0.8,14,9134.310425822221,10375.140491880129,10334.310425822221,16.906341912106228,21.302250922550357,30.509918199995948,50.15582466590151,35248.68302183945,929.1340206013631,4038.4770441952833,18510.22682247567,3710.0093069064897,22220.23612938216,21098.320524128583,0.15321719998610206,0.0,1,0
2025-11-16,False,2,0.95,10,0.8,14,9093.480359764313,10334.310425822221,10293.480359764313,19.9140879597327,25.04674577223081,24.148827207714206,49.60862479677284,81131.98476131872,1607.8075163135013,3817.2662340004017,50950.49460568764,5993.36256428611,56943.85716997375,54001.00111209558,0.11974739999277517,0.0,1,0
2025-11-17,False,2,0.95,10,0.8,14,9052.650293706429,10293.480359764313,10252.650293706429,20.15017893609772,24.412462361196617,15.682608956643119,28.29632446772792,82257.99167829243,679.8244860792511,5800.608900589392,51620.15407425302,2129.9891365658714,53750.14321081889,55338.693970898654,0.1258908000017982,0.0,1,0
2025-11-18,False,2,0.95,10,0.8,14,9011.82022764852,10252.650293706429,10211.82022764852,19.150110029793446,23.988805399397265,24.35298989884206,50.89834273299078,82581.12389811277,994.6746681071006,4151.049029345464,51963.050784607425,3079.463374639388,55042.51415924681,55771.02456901681,0.10424909999710508,0.0,1,0
2025-11-19,False,2,0.95,10,0.8,14,8990.490060789003,10211.82022764852,10190.490060789003,18.887292595474158,24.076974489267027,19.763820957180855,37.46782680626132,82891.14618765969,1199.4693797285681,4201.23255674444,51997.47746997323,4314.770607630266,56312.24807760349,55843.10782718901,0.061970200011273846,0.0,1,0
2025-11-20,False,2,0.95,10,0.8,14,8969.159893929473,10190.490060789003,10169.159893929473,17.234814428847464,20.38812620561318,18.5833820930221,35.4994698694394,83782.08602927976,871.544532865269,5233.7889586071,52744.41803006735,3252.9756420148797,55997.393672082224,56614.35104669152,0.058279799995943904,1.2851790190410786e-16,1,0
2025-11-21,False,2,0.95,10,0.8,14,8947.829727069942,10169.159893929473,10147.829727069942,17.824692537266444,22.596512130559695,10.996189635230301,20.937875257993348,37869.94254915179,862.1135950506202,6264.590212838318,19955.54591665287,2560.841271669842,22516.38718832271,23342.95057891864,0.12613719998626038,0.0,1,0
2025-11-22,False,2,0.95,10,0.8,14,8926.499560210423,10147.829727069942,10126.499560210423,17.318088087372296,20.806868768225954,20.70961097790059,34.81578078535601,37529.62176941744,883.1531957112004,4490.8254695826,19695.337367052893,3159.4591197213445,22854.796486774238,22395.51843641865,0.09680669999215752,0.0,1,0
2025-11-23,False,2,0.95,10,0.8,14,8905.169393350894,10126.499560210423,10105.169393350894,16.91828485144527,21.159975342006415,21.787775714366163,38.23662818877694,84271.07570902572,815.1794359028343,5199.168603625347,53291.38607265748,3047.1214848554728,56338.50755751295,56517.14500138933,0.09575149999000132,0.0,1,0
2025-11-24,False,2,0.95,10,0.8,14,8883.839226491375,10105.169393350894,10083.839226491375,17.194117109402978,21.162593921633828,12.864769195122578,25.42391989474278,83146.8560468367,964.1363023783267,5419.147614814644,52216.89207958266,3617.557824873702,55834.44990445636,55952.79513422459,0.05732060002628714,0.0,1,0
2025-11-25,False,2,0.95,10,0.8,14,8862.509059631844,10083.839226491375,10062.509059631844,18.243181764647492,22.506871912383243,18.555094557285372,36.288561549395034,83674.50170387371,978.337897686451,3862.858586069886,52644.884978255475,3360.8806990441994,56005.76567729968,56397.55299374744,0.061188199993921444,0.0,1,0
2025-11-26,False,2,0.95,10,0.8,14,8841.178892772314,10062.509059631844,10041.178892772314,20.2518326282555,24.395146159301333,12.70964062874512,24.67844432543065,85084.48762585272,568.585546963191,4222.40714485528,53654.48191418954,2019.2961047436688,55673.77801893321,57358.51625438072,0.061743600002955645,1.268505200154603e-16,1,0
2025-11-27,False,2,0.95,10,0.8,14,8819.848725912796,10041.178892772314,10019.848725912796,16.506446961063624,22.227876935626195,12.646496522078316,24.321369146431863,85327.14632769002,544.312072232467,5395.932518655298,53738.01016151585,2116.5980587747013,55854.60822029055,57253.41009611621,0.13938259999849834,0.0,1,0
2025-11-28,False,2,0.95,10,0.8,14,8798.518559053264,10019.848725912796,9998.518559053264,19.0616420457676,23.63800722997999,17.99396465839864,32.321118100951836,38522.208129216684,958.909671154,4973.582106271035,20383.321524087864,4193.334662461181,24576.656186549044,23508.072841816775,0.3492296000185888,0.0,1,0
2025-11-29,False,2,0.95,10,0.8,14,8787.062416493332,9998.518559053264,9987.062416493332,18.88503900445401,23.39457603845849,39.582930589843414,77.09341100451928,39951.76282384874,2002.2751700542378,3256.8952111962853,20884.715582212055,5873.692947461615,26758.40852967367,23877.0917856243,0.22190949998912401,0.0,1,0
2025-11-30,False,2,0.95,10,0.8,14,8775.606273933394,9987.062416493332,9975.606273933394,19.42644549496734,24.09877457291568,36.624997483680666,74.4408526988529,86182.5316643895,2077.5140725001056,3345.676198135973,54723.174278743354,7045.25247890158,61768.426757644935,58159.31599283613,0.15003709998563863,0.0,1,0
2025-12-01,False,2,1.0,10,0.8,14,8764.150131373453,9975.606273933394,9964.150131373453,57.64646620370369,69.51540862551076,28.188327476270064,53.71449950364034,83657.90091592888,7783.827627906896,513.4624721985772,52620.724948734955,28805.08816260315,81425.81311133811,56003.45782529307,0.11972300001070835,1.2991979239712865e-16,1,0
2025-12-02,False,2,1.0,10,0.8,14,8926.499560210423,9964.150131373453,10126.499560210423,21.918450231481476,27.3837736370486,35.05928826174244,63.161831883843654,95257.9924353817,1140.9219576620812,2830.453113509844,60777.763628483735,4962.192384889311,65739.95601337304,65412.74272671299,0.08825679999426939,0.0,1,0
2025-12-03,False,2,1.0,10,0.8,14,8905.169393350894,10126.499560210423,10105.169393350894,21.887151215277783,27.39567189737448,18.816780208333334,44.37781666004764,100161.20201602129,274.2811207274745,8419.768088814908,64664.159253470556,845.8491543123391,65510.008407782894,69227.61883354848,0.05105869998806156,0.0,1,0
2025-12-04,False,2,1.0,10,0.8,14,8883.839226491375,10105.169393350894,10083.839226491375,24.129606423611133,29.0337874457735,17.40297397218982,34.74697293453625,98505.48745997567,699.0728630204546,7582.204581110003,63234.54160801304,2871.095304831826,66105.63691284487,67645.2661675561,0.06124320000526495,0.0,1,0
2025-12-05,False,2,1.0,10,0.8,14,8862.509059631844,10083.839226491375,10062.509059631844,24.595145775462957,29.440348424678046,13.314607054168603,32.3118353473147,51725.48896552484,682.9338859818529,7017.033241030274,27422.353446946094,2471.0994277732625,29893.452874719354,31690.541862578433,0.09132829998270608,0.0,1,0
2025-12-06,False,2,1.0,10,0.8,14,8841.178892772314,10062.509059631844,10041.178892772314,24.269119791666657,30.34920406080534,21.403783465885866,39.0639676682503,54556.53312728238,415.7771045408567,7201.13501230292,28841.723553358694,1511.4906478804123,30353.214201239105,32282.595850864513,0.13117730000521988,0.0,1,0
2025-12-07,False,2,1.0,10,0.8,14,8819.848725912796,10041.178892772314,10019.848725912796,22.65982430555555,28.54642304194062,15.690897392921894,29.824900664183424,99797.91411793756,444.68133333333355,7736.947720003692,64220.8685329529,1772.0241601208354,65992.89269307374,67979.34804787918,0.15930259999004193,0.0,1,0
2025-12-08,False,2,1.0,10,0.8,14,8798.518559053264,10019.848725912796,9998.518559053264,21.68788125000001,26.22340315777663,17.080184825102883,33.78226595181557,98804.98365587385,259.2832429653666,6370.990315923862,63735.05734564896,890.943549137711,64626.000894786666,68187.44978855863,0.10044090001611039,0.0,1,0
2025-12-09,False,2,1.0,10,0.8,14,8787.062416493332,9998.518559053264,9987.062416493332,22.72583350694445,27.837074228664264,14.391055661693551,27.94425097520274,98928.16193903229,637.9098419540002,7313.6798949417625,63671.751110052865,2523.8186861201257,66195.56979617299,68106.03209578145,0.10784440001589246,0.0,1,0
2025-12-10,False,2,1.0,10,0.8,14,8775.606273933394,9987.062416493332,9975.606273933394,20.56624328703702,26.925048094324634,19.62281876806863,38.60709556793537,97443.99574225969,709.2408706127192,4901.680526827916,62669.71294059968,2614.7500331726233,65284.46297377231,67139.70106060497,0.08672829999704845,0.0,1,0
2025-12-11,False,2,1.0,10,0.8,14,8764.150131373453,9975.606273933394,9964.150131373453,23.616707118055558,29.58034950816217,14.86930572296878,29.88804003626861,98557.23049693056,333.3869666666671,8071.044524216402,63378.53202144709,1229.3948293958358,64607.92685084293,67859.14189231496,0.08042629997362383,0.0,1,0
2025-12-12,False,2,1.0,10,0.8,14,8752.693988813522,9964.150131373453,9952.693988813522,22.590965625,28.391080313386496,20.799805653606796,48.54060669963412,51113.356271787685,1080.834508870037,4410.687968618668,26843.47533396137,3650.4291981819088,30493.90453214328,30893.67833013194,0.13313159998506308,0.0,1,0
2025-12-13,False,2,1.0,10,0.8,14,8741.237846253583,9952.693988813522,9941.237846253583,19.9465620949074,24.66000597150379,15.564848021642392,34.66054175539695,54897.74207995253,405.347275,7398.573713842657,29064.962947782544,1789.0107860624996,30853.973733845043,32392.60037259012,0.18602769999415614,1.123089460323194e-16,1,0
2025-12-14,False,2,1.0,10,0.8,14,8729.78170369365,9941.237846253583,9929.78170369365,20.810150636574072,26.212766223754052,13.302244971919416,26.7062021528172,99205.79919883315,420.270599747749,5983.41037920304,63801.12276757975,1773.3899121013606,65574.51267968111,67362.72618740877,0.11839469999540597,0.0,1,0
2025-12-15,False,2,1.0,10,0.8,14,8718.325561133712,9929.78170369365,9918.325561133712,20.559930150462964,25.03337164273063,21.16038525810902,45.73841814734307,97836.52668621443,915.717017050255,4418.748117220173,62849.765177444424,3034.036307885513,65883.80148532994,67165.38079786074,0.06358339998405427,0.0,1,0
2025-12-16,False,2,1.0,10,0.8,14,8706.869418573773,9918.325561133712,9906.869418573773,18.823614467592577,24.410524330878207,9.561785815653186,19.379427289737503,99542.11422539638,448.2314142100485,5708.316686895255,64102.36020089089,1496.239073898024,65598.59927478891,68362.49651149628,0.0560710999998264,0.0,1,0
2025-12-17,False,2,1.0,10,0.8,14,8695.41327601384,9906.869418573773,9895.41327601384,22.01757048611111,26.673239338143407,6.701114067172749,14.29143890561543,98659.81733008003,714.6590632392531,6392.963241026884,63259.39289710497,2647.6747299660165,65907.06762707098,67518.05930196216,0.09846460001426749,0.0,1,0
2025-12-18,False,2,1.0,10,0.8,14,8683.957133453901,9895.41327601384,9883.957133453901,23.382370775462952,28.582157861501425,16.72700667609287,37.01367512526305,98056.9543132751,596.371318916049,6470.528741416569,62953.0617668712,1690.1419268967936,64643.203693767995,67368.37186838409,0.08419430002686568,0.0,1,0
2025-12-19,False,2,1.0,10,0.8,14,8676.456451988683,9883.957133453901,9876.456451988683,20.65240844907408,25.08524572976471,13.30534397972478,26.89043096744422,50866.87127048161,1041.8993064163856,4930.792857524146,26401.437650873475,3965.0391751497173,30366.476826023194,30328.085513018115,0.07418349999352358,0.0,1,0
2025-12-20,False,2,1.0,10,0.8,14,8668.955770523458,9876.456451988683,9868.955770523458,18.018350925925922,22.22711108756598,12.964666584304922,26.155345135551066,54026.440017684945,776.7896666666663,7829.133548872125,28594.322681397538,2768.067207641666,31362.389889039205,32142.268644749976,0.08428589999675751,0.0,1,0
2025-12-21,False,2,1.0,10,0.8,14,8661.455089058236,9868.955770523458,9861.455089058236,21.695539583333332,27.169960246410824,9.407097643807209,21.741827493458523,99408.00080255211,773.5580652163555,6275.444424952051,64072.28443196619,2701.783384591673,66774.06781655786,67688.21052971462,0.05525189999025315,0.0,1,0
2025-12-22,False,2,1.0,10,0.8,14,8653.954407593017,9861.455089058236,9853.954407593017,19.724965682870355,24.464925142467365,8.765870515206343,17.907053873011968,96974.68810218145,1204.4742651495123,4455.805563237594,62039.88088254597,4637.145150622413,66677.02603316838,65004.869050461086,0.09635250002611428,0.0,1,0
2025-12-23,False,2,1.0,10,0.8,14,8646.453726127793,9853.954407593017,9846.453726127793,17.804748842592588,22.31700989593094,11.331030623949232,24.06174745293032,96535.65795215523,516.4188313560843,5001.352557509686,61818.52939640256,1587.5359190756603,63406.06531547822,64834.21276741769,0.09729639999568462,0.0,1,0
2025-12-24,False,2,1.0,10,0.8,14,8638.953044662574,9846.453726127793,9838.953044662574,17.81412858796296,22.391528788349103,11.815311260197706,25.07735502583731,95167.02619625343,921.9585405516589,3443.606863550098,60772.67590796908,3887.439272203621,64660.1151801727,63841.48034522212,0.09073140000691637,0.0,1,0
2025-12-25,False,2,1.0,10,0.8,14,8631.45236319735,9838.953044662574,9831.45236319735,21.046116377314817,27.086051642550053,14.845989953976279,34.0014397722785,95669.82594084021,1229.4674538053055,4249.814314942039,61464.02907689155,3731.7865744435767,65195.81565133513,64617.37121553375,0.074502899980871,0.0,1,0
2025-12-26,False,2,1.0,10,0.8,14,8623.951681732127,9831.45236319735,9823.951681732127,18.383229571759255,22.856137728082185,12.60958223410435,28.46233114327622,49801.107497085155,809.0817452769734,3545.786682202988,25910.53250737965,2715.1084171021375,28625.640924481784,28707.86975062052,0.0702789000060875,0.0,1,0
2025-12-27,False,2,1.0,10,0.8,14,8616.451000266909,9823.951681732127,9816.451000266909,22.47513113425926,27.309879200912242,11.099135590216898,22.962572908119622,53426.72795439389,706.9336430506601,6624.372697304101,28195.159609172028,2956.1301948092146,31151.289803981243,31636.177824625098,0.07865670000319369,0.0,1,0
2025-12-28,False,2,1.0,10,0.8,14,8608.950318801686,9816.451000266909,9808.950318801686,23.266688715277773,27.72935914782176,16.021824870416495,32.81288870011357,99380.74742394662,859.3315416666667,8562.491639463557,63939.69966212523,3192.4173088666676,67132.1169709919,67591.41895379267,0.05823850000160746,0.0,1,0
2025-12-29,False,2,1.0,10,0.8,14,8587.221445664749,9808.950318801686,9787.221445664749,20.341561689814814,25.742361359656126,10.654707610714103,21.932788286756825,96358.79886635994,786.6854462573169,4814.074043746942,61533.4835548322,2711.478109582072,64244.96166441427,64805.99621500278,0.08974330002092756,0.0,1,0
2025-12-30,False,2,1.0,10,0.8,14,8565.492572527799,9787.221445664749,9765.492572527799,19.358311979166672,23.85583381761642,16.061049579055634,34.05071918796653,95599.12631316143,754.0382064916087,5306.780288154131,61204.464781037095,2665.470554712446,63869.93533574954,64373.66897970367,0.12402699998347089,0.0,1,0
2025-12-31,False,2,1.0,10,0.8,14,8543.76369939085,9765.492572527799,9743.76369939085,22.535337037037042,28.47149613153722,9.76689073323345,21.725902412278398,95377.14932583085,1321.4274945206694,3258.878836436883,60799.35993470346,5250.499336964519,66049.85927166799,64018.52116875555,0.15651259999140166,0.0,1,0
