date,warmup,forecast_method,k_load,rho_load,k_pv,rho_pv,scenario_count,purchase_strategy,risk_source_dates,risk_source_day_count,purchase_margin_kwh,similar_load_dates,similar_pv_dates,scenario_source_dates,reserve_latest_source_date,reserve_kwh,soc_start_kwh,soc_end_kwh,load_mae_kwh,load_rmse_kwh,pv_mae_kwh,pv_rmse_kwh,planned_grid_kwh,actual_emergency_kwh,actual_surplus_kwh,planned_cost_yuan,emergency_cost_yuan,actual_total_cost_yuan,solver_objective_yuan,primary_optimum_yuan,storage_throughput_kwh,peak_grid_kwh,objective_mode,cost_lock_tolerance,throughput_lock_tolerance,lexicographic_tolerance_relaxed,solver_seconds,mip_gap,mip_node_count,solver_status
2025-01-01,True,similar_day,4,1.0,7,1.0,1,legacy_scenarios,,0,0.0,,,,,0.0,6000.0,1200.0,113.22068668981478,133.3022984116728,140.49898124999996,202.86438614058318,54149.365590550944,36514.41488333333,21.217300000000023,32909.86528886616,146586.90245181666,179496.76774068282,32909.86528886616,32909.8652559563,32207.271655599336,1409.802763499626,lexicographic,3.29098652559563e-05,3.220727162339207e-05,False,0.2325702000016463,0.0,1,0
2025-01-02,True,similar_day,4,1.0,7,1.0,1,legacy_scenarios,,0,0.0,2025-01-01,2025-01-01,2025-01-01,2025-01-01,0.0,1200.0,1200.0,23.174773842592586,30.59957725485432,10.191742013888886,22.31262096676364,121187.55481800545,1078.4512333333328,24345.769549999997,80989.97380738662,3690.905855833331,84680.87966321995,113351.5922729366,113351.592159585,47964.973656613576,1915.6016626657388,lexicographic,0.000113351592159585,4.7964973608648594e-05,False,0.08842510000249604,0.0,1,0
2025-01-03,True,similar_day,4,1.0,7,1.0,2,legacy_scenarios,,0,0.0,2025-01-02,2025-01-02,2025-01-02;2025-01-01,2025-01-02,0.0,1200.0,1200.0,317.8716789351851,348.7040332424474,14.416922685185186,34.59753499876732,122067.11959109809,0.0,71527.18066666667,81754.5938942043,0.0,81754.5938942043,99925.96195176264,99925.96185183665,47964.97673449597,1912.4201794637067,lexicographic,9.992596185183665e-05,4.7964976734494286e-05,False,0.10393050000129733,1.4562697179681322e-16,1,0
2025-01-04,True,similar_day,4,1.0,7,1.0,3,legacy_scenarios,,0,0.0,2025-01-02;2025-01-03,2025-01-02;2025-01-03,2025-01-03;2025-01-02;2025-01-01,2025-01-03,0.0,1200.0,1200.0,160.62484398148146,176.43343098782768,13.496411921296293,34.372197882564734,98237.90548959529,125.69500000000005,48634.08835833332,62151.69617870356,268.7359100000001,62420.432088703565,74327.74660861329,74327.74653428551,47287.77196798675,1678.534834638601,lexicographic,7.432774653428552e-05,4.728777192069897e-05,False,0.13230010000188486,0.0,1,0
2025-01-05,True,similar_day,4,1.0,7,1.0,4,legacy_scenarios,,0,0.0,2025-01-04;2025-01-02;2025-01-03,2025-01-04;2025-01-02;2025-01-03,2025-01-04;2025-01-03;2025-01-02;2025-01-01,2025-01-04,0.0,1200.0,1200.0,212.01386859567904,233.77631031764665,8.594969907407412,17.060329152744558,90014.20848887303,14603.011850000003,8704.845405555552,55605.654769347544,61680.16771044722,117285.82247979476,64810.351417777405,64810.351352967074,46456.64729634028,1603.423387051109,lexicographic,6.481035135296708e-05,4.6456647296334436e-05,False,0.11193909999929019,1.1226536289793353e-16,1,0
2025-01-06,True,similar_day,4,1.0,7,1.0,5,legacy_scenarios,,0,0.0,2025-01-05;2025-01-04;2025-01-02;2025-01-03,2025-01-05;2025-01-04;2025-01-02;2025-01-03,2025-01-03;2025-01-02;2025-01-01;2025-01-05;2025-01-04,2025-01-05,9600.0,1200.0,10800.0,153.12547980324072,169.0588475659639,10.199889641203704,18.703873205654457,105422.1587042349,10192.509579166666,9349.51824162676,64414.39777545165,42773.92441210208,107188.32218755374,85984.62961686037,85984.62953087577,57974.372550591725,1610.9678399960856,lexicographic,8.598462953087577e-05,5.797437249261735e-05,False,0.14415960000042105,0.0,1,0
2025-01-07,True,similar_day,4,1.0,7,1.0,5,legacy_scenarios,,0,0.0,2025-01-06;2025-01-05;2025-01-04;2025-01-03,2025-01-06;2025-01-05;2025-01-04;2025-01-03;2025-01-02,2025-01-06;2025-01-03;2025-01-02;2025-01-01;2025-01-05,2025-01-06,9600.0,10800.0,10800.0,155.2669320601852,173.6515376588082,16.54014543981482,37.71145158073236,94677.62244514885,10384.913862222224,7538.4891462435735,59708.393800744016,43479.53507560959,103187.9288763536,89800.61346252705,89800.61337272651,47223.34022179352,1604.4349832606772,lexicographic,8.980061337272651e-05,4.722334017457018e-05,False,0.203725300001679,3.2409389383494873e-16,1,0
2025-01-08,True,similar_day,4,1.0,7,1.0,5,legacy_scenarios,,0,0.0,2025-01-07;2025-01-06;2025-01-03;2025-01-02,2025-01-07;2025-01-06;2025-01-03;2025-01-02;2025-01-04;2025-01-05,2025-01-07;2025-01-06;2025-01-03;2025-01-02;2025-01-01,2025-01-07,9600.0,10800.0,10800.0,76.57864282407408,86.28541026220604,11.743839756944448,27.510074910574733,106191.48870137743,4869.559020833333,16500.048737702797,68976.30406255917,20180.026293962503,89156.33035652168,95422.15807119702,95422.15797577491,47964.97778311983,1720.6140574250162,lexicographic,9.542215797577491e-05,4.796497778313101e-05,False,0.1921215000002121,1.5250037870723052e-16,1,0
2025-01-09,True,similar_day,4,1.0,7,1.0,6,legacy_scenarios,,0,0.0,2025-01-07;2025-01-06;2025-01-08;2025-01-05,2025-01-07;2025-01-06;2025-01-08;2025-01-05;2025-01-04;2025-01-03;2025-01-02,2025-01-08;2025-01-07;2025-01-06;2025-01-03;2025-01-02;2025-01-01,2025-01-08,9600.0,10800.0,10800.0,18.543603269675916,24.68488685753256,14.302365443121687,28.964994506799798,110957.60126310047,811.0136333333337,15690.802539642862,73250.1270675677,2382.3757356375027,75632.50280320519,102769.40319287457,102769.40309010522,47500.65155065767,1765.0389596080197,lexicographic,0.00010276940309010522,4.750065150315703e-05,False,0.24807549999968614,0.0,1,0
2025-01-10,True,similar_day,4,1.0,7,1.0,7,legacy_scenarios,,0,0.0,2025-01-09;2025-01-08;2025-01-07;2025-01-06,2025-01-09;2025-01-08;2025-01-07;2025-01-06;2025-01-03;2025-01-04;2025-01-02,2025-01-09;2025-01-08;2025-01-07;2025-01-06;2025-01-03;2025-01-02;2025-01-01,2025-01-09,9600.0,10800.0,10800.0,315.2259735243055,343.80741676306536,13.036234490740743,23.581469382985006,110914.96354142716,0.0,60438.61378130952,73204.97834802934,0.0,73204.97834802934,98826.9628069848,98826.96270815782,47495.191098138326,1765.13955425116,lexicographic,9.882696270815783e-05,4.749519105064313e-05,False,0.2628033000000869,0.0,1,0
2025-01-11,True,similar_day,4,1.0,7,1.0,5,legacy_scenarios,,0,0.0,2025-01-10;2025-01-04;2025-01-05;2025-01-09,2025-01-10;2025-01-04;2025-01-05;2025-01-09;2025-01-08;2025-01-07;2025-01-06,2025-01-05;2025-01-04;2025-01-10;2025-01-09;2025-01-08,2025-01-10,9600.0,10800.0,10800.0,160.43242879050925,177.37324896535188,8.88114518849207,17.65386992893256,86571.88040287208,91.34416666666539,36920.6735432886,53747.99910130003,195.2938283333306,53943.29292963336,72096.95806051801,72096.95798842103,46456.645164979534,1531.105624908067,lexicographic,7.209695798842104e-05,4.645664511852289e-05,False,0.127321199997823,0.0,1,0
2025-01-12,True,similar_day,4,1.0,7,1.0,5,legacy_scenarios,,0,0.0,2025-01-11;2025-01-10;2025-01-05;2025-01-04,2025-01-11;2025-01-10;2025-01-05;2025-01-04;2025-01-09;2025-01-06;2025-01-07,2025-01-11;2025-01-05;2025-01-04;2025-01-10;2025-01-09,2025-01-11,9600.0,10800.0,10800.0,231.62261385995367,254.54862271919572,9.330521312830685,18.99400306046369,74393.249241963,21507.63141917243,249.32705396825452,44096.78731806662,86879.49373369594,130976.28105176256,58852.47501051852,58852.47495166607,45589.758026171636,1396.1745896953153,lexicographic,5.885247495166607e-05,4.5589757980581885e-05,False,0.20006450000073528,0.0,1,0
2025-01-13,True,similar_day,4,1.0,7,1.0,8,legacy_scenarios,,0,0.0,2025-01-10;2025-01-12;2025-01-07;2025-01-08,2025-01-10;2025-01-12;2025-01-07;2025-01-08;2025-01-11;2025-01-06;2025-01-09,2025-01-10;2025-01-09;2025-01-08;2025-01-07;2025-01-06;2025-01-03;2025-01-02;2025-01-01,2025-01-12,9600.0,10800.0,10800.0,80.42537786458335,90.09165214394307,18.904435813492082,33.965321589273174,99391.63842203503,5127.986495833333,11369.003986666672,63779.27117681023,20811.176881777083,84590.44805858731,86126.84893829902,86126.84885217213,46456.64092530751,1650.3843955165153,lexicographic,8.612684885217214e-05,4.6456640925313084e-05,False,0.3212885000029928,0.0,1,0
2025-01-14,True,similar_day,4,1.0,7,1.0,9,legacy_scenarios,,0,0.0,2025-01-09;2025-01-13;2025-01-07;2025-01-12,2025-01-09;2025-01-13;2025-01-07;2025-01-12;2025-01-06;2025-01-10;2025-01-11,2025-01-13;2025-01-10;2025-01-09;2025-01-08;2025-01-07;2025-01-06;2025-01-03;2025-01-02;2025-01-01,2025-01-13,9600.0,10800.0,10800.0,18.74131059027778,23.157980450644043,11.960215823412709,23.98416661720409,110797.95019197415,1009.2585916666669,17522.686548571433,73012.09697858267,3293.389235491668,76305.48621407434,95166.01144835207,95166.01135318611,47671.67808495923,1761.2050827966727,lexicographic,9.516601135318612e-05,4.767167803728755e-05,False,0.3892606000008527,0.0,1,0
2025-01-15,True,similar_day,4,1.0,7,1.0,10,legacy_scenarios,,0,0.0,2025-01-14;2025-01-09;2025-01-13;2025-01-10,2025-01-14;2025-01-09;2025-01-13;2025-01-10;2025-01-07;2025-01-12;2025-01-06,2025-01-14;2025-01-13;2025-01-10;2025-01-09;2025-01-08;2025-01-07;2025-01-06;2025-01-03;2025-01-02;2025-01-01,2025-01-14,9600.0,10800.0,10800.0,79.35085726273148,90.22398859570124,9.678541005291002,18.616331272321712,98073.59655296209,5050.389867261903,8176.9794532544665,62752.79251325327,21754.697309396422,84507.48982264969,83924.44003260364,83924.43994867927,46456.641583587,1592.2145038497017,lexicographic,8.392443994867927e-05,4.6456641583597695e-05,False,0.34596160000000964,0.0,1,0
2025-01-16,True,similar_day,4,1.0,7,1.0,11,legacy_scenarios,,0,0.0,2025-01-15;2025-01-10;2025-01-14;2025-01-09,2025-01-15;2025-01-10;2025-01-14;2025-01-09;2025-01-07;2025-01-13;2025-01-08,2025-01-15;2025-01-14;2025-01-13;2025-01-10;2025-01-09;2025-01-08;2025-01-07;2025-01-06;2025-01-03;2025-01-02;2025-01-01,2025-01-15,9600.0,10800.0,10800.0,78.99361782407408,88.4022191100579,15.770518634259266,32.492414400432736,95241.14049891153,5074.959358928571,6365.284366071431,60736.58330975956,21084.58828764375,81821.17159740331,83665.13203091634,83665.13194725117,46456.641661059475,1595.8615395093134,lexicographic,8.366513194725117e-05,4.645664166104684e-05,False,0.26674280000224826,0.0,1,0
2025-01-17,True,similar_day,4,1.0,7,1.0,12,legacy_scenarios,,0,0.0,2025-01-16;2025-01-15;2025-01-10;2025-01-14,2025-01-16;2025-01-15;2025-01-10;2025-01-14;2025-01-09;2025-01-07;2025-01-13,2025-01-16;2025-01-15;2025-01-14;2025-01-13;2025-01-10;2025-01-09;2025-01-08;2025-01-07;2025-01-06;2025-01-03;2025-01-02;2025-01-01,2025-01-16,9600.0,10800.0,10800.0,241.08244337384258,264.7647145378256,11.897375810185197,22.92634785488274,95021.42941385602,0.0,47455.65189678571,60561.85643512991,0.0,60561.85643512991,83389.98195239881,83389.98186900887,46456.641743318905,1590.0665385279465,lexicographic,8.338998186900888e-05,4.645664174331864e-05,False,0.28577579999910085,1.745043577443796e-16,1,0
2025-01-18,True,similar_day,4,1.0,7,1.0,5,legacy_scenarios,,0,0.0,2025-01-12;2025-01-11;2025-01-17;2025-01-16,2025-01-12;2025-01-11;2025-01-17;2025-01-16;2025-01-15;2025-01-14;2025-01-04,2025-01-12;2025-01-11;2025-01-05;2025-01-04;2025-01-17,2025-01-17,9600.0,10800.0,10800.0,159.61433272569445,175.89388512040037,12.71195305886244,22.94699779741692,88888.35157024016,119.59041666666599,40888.768860919314,55416.11096199694,255.68431083333186,55671.79527283028,81667.46865837314,81667.46857670565,46456.64230458272,1600.5657350268184,lexicographic,8.166746857670565e-05,4.645664225812609e-05,False,0.12067749999914668,1.781849674292164e-16,1,0
2025-01-19,True,similar_day,4,1.0,7,1.0,5,legacy_scenarios,,0,0.0,2025-01-18;2025-01-12;2025-01-11;2025-01-17,2025-01-18;2025-01-12;2025-01-11;2025-01-17;2025-01-14;2025-01-16;2025-01-15,2025-01-18;2025-01-12;2025-01-11;2025-01-05;2025-01-04,2025-01-18,9600.0,10800.0,10800.0,233.73216880787035,258.3747073217141,11.925785152116404,22.622458756992767,77459.49798321154,17187.07421170635,1226.1709599001674,46098.193337719305,72848.44226084066,118946.63559855997,72140.62444702066,72140.62437488002,45128.651582712744,1541.6253622811205,lexicographic,7.214062437488003e-05,4.512865153758408e-05,False,0.2604280000014114,4.0343191799249117e-16,1,0
2025-01-20,True,similar_day,4,1.0,7,1.0,13,legacy_scenarios,,0,0.0,2025-01-13;2025-01-14;2025-01-17;2025-01-15,2025-01-13;2025-01-14;2025-01-17;2025-01-15;2025-01-16;2025-01-07;2025-01-09,2025-01-17;2025-01-16;2025-01-15;2025-01-14;2025-01-13;2025-01-10;2025-01-09;2025-01-08;2025-01-07;2025-01-06;2025-01-03;2025-01-02;2025-01-01,2025-01-19,9600.0,10800.0,10800.0,77.61492627314816,87.9739474006443,13.255158416005306,24.8406359428604,94616.00566578656,4710.122792857141,6382.387790238097,60176.61664974874,19835.70791079107,80012.32456053981,81222.60906811914,81222.60898689668,46456.64239112708,1589.7581244092019,lexicographic,8.122260898689668e-05,4.645664239112695e-05,False,0.5317094999991241,1.7916089386779554e-16,1,0
2025-01-21,True,similar_day,4,1.0,7,1.0,14,legacy_scenarios,,0,0.0,2025-01-20;2025-01-14;2025-01-15;2025-01-17,2025-01-20;2025-01-14;2025-01-15;2025-01-17;2025-01-16;2025-01-09;2025-01-07,2025-01-20;2025-01-17;2025-01-16;2025-01-15;2025-01-14;2025-01-13;2025-01-10;2025-01-09;2025-01-08;2025-01-07;2025-01-06;2025-01-03;2025-01-02;2025-01-01,2025-01-20,9600.0,10800.0,10800.0,72.38462725694441,82.18990599086861,36.5304693452381,69.4728256871594,94557.53463862755,4450.477120833331,10657.201992023813,60189.58627855932,18139.778179402078,78329.3644579614,81114.84740762704,81114.84732651213,46439.885274883105,1580.2677759220019,lexicographic,8.111484732651213e-05,4.6439885274892625e-05,False,0.5515218000000459,0.0,1,0
2025-01-22,True,similar_day,4,1.0,7,1.0,14,legacy_scenarios,,0,0.0,2025-01-21;2025-01-20;2025-01-14;2025-01-15,2025-01-21;2025-01-20;2025-01-14;2025-01-15;2025-01-17;2025-01-09;2025-01-16,2025-01-21;2025-01-20;2025-01-17;2025-01-16;2025-01-15;2025-01-14;2025-01-13;2025-01-10;2025-01-09;2025-01-08;2025-01-07;2025-01-06;2025-01-03;2025-01-02,2025-01-21,9600.0,10800.0,10800.0,17.456171325231484,22.136014137538805,13.73011674933862,25.383954250927996,101051.71168090591,799.8590499999991,8076.142334722224,65763.0582381053,3028.5012029312475,68791.55944103654,84055.70436537461,84055.70428131895,46456.64154434639,1675.3932899079005,lexicographic,8.405570428131895e-05,4.645664154434639e-05,False,0.5480683999994653,0.0,1,0
2025-01-23,True,similar_day,4,1.0,7,1.0,14,legacy_scenarios,,0,0.0,2025-01-15;2025-01-21;2025-01-16;2025-01-17,2025-01-15;2025-01-21;2025-01-16;2025-01-17;2025-01-20;2025-01-14;2025-01-09,2025-01-22;2025-01-21;2025-01-20;2025-01-17;2025-01-16;2025-01-15;2025-01-14;2025-01-13;2025-01-10;2025-01-09;2025-01-08;2025-01-07;2025-01-06;2025-01-03,2025-01-22,9600.0,10800.0,10800.0,79.48195810185183,89.38770605470151,14.05202716600528,28.507884196245495,89450.87304550316,6099.509641468254,1210.8025939358681,56377.12666251263,23361.05386733065,79738.18052984329,74627.8686802873,74627.86860565929,45475.340170496616,1544.1393314358663,lexicographic,7.462786860565928e-05,4.5475340125021295e-05,False,0.7802040000024135,0.0,1,0
2025-01-24,True,similar_day,4,1.0,7,1.0,14,legacy_scenarios,,0,0.0,2025-01-23;2025-01-17;2025-01-16;2025-01-20,2025-01-23;2025-01-17;2025-01-16;2025-01-20;2025-01-21;2025-01-10;2025-01-15,2025-01-23;2025-01-22;2025-01-21;2025-01-20;2025-01-17;2025-01-16;2025-01-15;2025-01-14;2025-01-13;2025-01-10;2025-01-09;2025-01-08;2025-01-07;2025-01-06,2025-01-23,9600.0,10800.0,10800.0,241.74790778356478,266.3479368050662,17.402429894179907,38.576393485774744,90692.56493521281,0.0,46092.5222663187,57034.60977143311,0.0,57034.60977143311,76306.47873796365,76306.47866165696,45446.52331157018,1535.9440683425116,lexicographic,7.630647866165697e-05,4.5446523266123666e-05,False,0.7862673000017821,0.0,1,0
2025-01-25,True,similar_day,4,1.0,7,1.0,6,legacy_scenarios,,0,0.0,2025-01-19;2025-01-18;2025-01-22;2025-01-21,2025-01-19;2025-01-18;2025-01-22;2025-01-21;2025-01-12;2025-01-23;2025-01-17,2025-01-19;2025-01-18;2025-01-12;2025-01-11;2025-01-05;2025-01-04,2025-01-24,9600.0,10800.0,10800.0,238.40343926504627,262.9484828503039,29.016727728174615,56.81586459973441,99035.5626920034,0.0,55701.894266468255,63774.37352505754,0.0,63774.37352505754,97250.99864205046,97250.99854479954,46622.675029220816,1745.4807436666374,lexicographic,9.725099854479955e-05,4.6622674982598143e-05,False,0.4411238000029698,0.0,1,0
2025-01-26,True,similar_day,4,1.0,7,1.0,7,legacy_scenarios,,0,0.0,2025-01-25;2025-01-19;2025-01-18;2025-01-22,2025-01-25;2025-01-19;2025-01-18;2025-01-22;2025-01-21;2025-01-20;2025-01-12,2025-01-25;2025-01-19;2025-01-18;2025-01-12;2025-01-11;2025-01-05;2025-01-04,2025-01-25,9600.0,10800.0,10800.0,157.65562161458334,175.02319621012435,16.48676069775131,35.340363716249435,86909.76260026697,10111.58783611111,4456.432235912698,53922.875634292126,41835.41972518641,95758.29535947854,82625.8033894978,82625.8033068721,46354.36832899481,1572.618908047929,lexicographic,8.26258033068721e-05,4.635436828264045e-05,False,0.15523659999962547,1.7611829048512924e-16,1,0
2025-01-27,True,similar_day,4,1.0,7,1.0,14,legacy_scenarios,,0,0.0,2025-01-20;2025-01-21;2025-01-24;2025-01-23,2025-01-20;2025-01-21;2025-01-24;2025-01-23;2025-01-14;2025-01-17;2025-01-13,2025-01-24;2025-01-23;2025-01-22;2025-01-21;2025-01-20;2025-01-17;2025-01-16;2025-01-15;2025-01-14;2025-01-13;2025-01-10;2025-01-09;2025-01-08;2025-01-07,2025-01-26,9600.0,10800.0,10800.0,75.6719003761574,84.69641244648551,19.775141749338633,36.97094694954484,87665.94419889437,5057.995240476191,3794.62718324686,54813.86838196557,20772.59467985208,75586.46306181766,70837.41966309614,70837.4195922587,45101.3463460558,1527.438726699241,lexicographic,7.08374195922587e-05,4.510134630095446e-05,False,0.6777570999984164,0.0,1,0
2025-01-28,True,similar_day,4,1.0,7,1.0,14,legacy_scenarios,,0,0.0,2025-01-22;2025-01-20;2025-01-23;2025-01-21,2025-01-22;2025-01-20;2025-01-23;2025-01-21;2025-01-27;2025-01-14;2025-01-13,2025-01-27;2025-01-24;2025-01-23;2025-01-22;2025-01-21;2025-01-20;2025-01-17;2025-01-16;2025-01-15;2025-01-14;2025-01-13;2025-01-10;2025-01-09;2025-01-08,2025-01-27,9600.0,10800.0,10800.0,20.212109780092582,24.657720047553937,11.444311425264548,21.210525538467504,98361.94120825629,893.3042791666654,7408.583300992062,63486.300654196275,2824.2345435895786,66310.53519778585,76552.90946247126,76552.90938591832,46357.556335648726,1565.4249199683852,lexicographic,7.655290938591833e-05,4.635755633564709e-05,False,0.4724580000001879,0.0,1,0
2025-01-29,True,similar_day,4,1.0,7,1.0,14,legacy_scenarios,,0,0.0,2025-01-23;2025-01-21;2025-01-27;2025-01-22,2025-01-23;2025-01-21;2025-01-27;2025-01-22;2025-01-24;2025-01-15;2025-01-20,2025-01-28;2025-01-27;2025-01-24;2025-01-23;2025-01-22;2025-01-21;2025-01-20;2025-01-17;2025-01-16;2025-01-15;2025-01-14;2025-01-13;2025-01-10;2025-01-09,2025-01-28,9600.0,10800.0,10800.0,20.31237502893519,24.755673979558736,33.8163037202381,56.83979809664988,97842.20202563368,409.17457499999944,11999.831306547618,63112.67763881077,1262.6417155520826,64375.31935436285,74952.80443887434,74952.80436392159,46358.33200945159,1564.550073792644,lexicographic,7.495280436392159e-05,4.635833200944737e-05,False,0.2575567999992927,0.0,1,0
2025-01-30,True,similar_day,4,1.0,7,1.0,14,legacy_scenarios,,0,0.0,2025-01-22;2025-01-29;2025-01-21;2025-01-27,2025-01-22;2025-01-29;2025-01-21;2025-01-27;2025-01-23;2025-01-24;2025-01-17,2025-01-29;2025-01-28;2025-01-27;2025-01-24;2025-01-23;2025-01-22;2025-01-21;2025-01-20;2025-01-17;2025-01-16;2025-01-15;2025-01-14;2025-01-13;2025-01-10,2025-01-29,9600.0,10800.0,10800.0,17.260203530092593,23.54083424750967,16.762830340608478,35.092930279914206,96528.68987645846,689.7846875000005,8653.083229618866,62038.62324583382,2933.2123870375026,64971.83563287132,73778.33982309596,73778.33974931772,45943.597249059756,1539.4618069998162,lexicographic,7.377833974931772e-05,4.594359720311616e-05,False,0.3168394999993325,0.0,1,0
2025-01-31,True,similar_day,4,1.0,7,1.0,14,legacy_scenarios,,0,0.0,2025-01-30;2025-01-29;2025-01-22;2025-01-23,2025-01-30;2025-01-29;2025-01-22;2025-01-23;2025-01-24;2025-01-27;2025-01-21,2025-01-30;2025-01-29;2025-01-28;2025-01-27;2025-01-24;2025-01-23;2025-01-22;2025-01-21;2025-01-20;2025-01-17;2025-01-16;2025-01-15;2025-01-14;2025-01-13,2025-01-30,9600.0,10800.0,10800.0,320.19415726273144,350.270053053422,14.48071106150793,26.750097102667116,96182.22372465688,0.0,52619.538400468206,61872.05983358764,0.0,61872.05983358764,73781.29982088186,73781.29974710058,45710.71429621853,1536.0844665396376,lexicographic,7.378129974710058e-05,4.571071425050782e-05,False,0.32988789999944856,0.0,1,0
2025-02-01,False,calendar_trend,4,1.0,7,1.0,0,calibrated_quantile,2025-01-04;2025-01-05;2025-01-06;2025-01-07;2025-01-08;2025-01-09;2025-01-10;2025-01-11;2025-01-12;2025-01-13;2025-01-14;2025-01-15;2025-01-16;2025-01-17;2025-01-18;2025-01-19;2025-01-20;2025-01-21;2025-01-22;2025-01-23;2025-01-24;2025-01-25;2025-01-26;2025-01-27;2025-01-28;2025-01-29;2025-01-30;2025-01-31,28,23600.68510599206,2025-01-04;2025-01-05;2025-01-06;2025-01-07;2025-01-08;2025-01-09;2025-01-10;2025-01-11;2025-01-12;2025-01-13;2025-01-14;2025-01-15;2025-01-16;2025-01-17;2025-01-18;2025-01-19;2025-01-20;2025-01-21;2025-01-22;2025-01-23;2025-01-24;2025-01-25;2025-01-26;2025-01-27;2025-01-28;2025-01-29;2025-01-30;2025-01-31,2025-01-18;2025-01-19;2025-01-20;2025-01-21;2025-01-22;2025-01-23;2025-01-24;2025-01-25;2025-01-26;2025-01-27;2025-01-28;2025-01-29;2025-01-30;2025-01-31,,2025-01-31,9600.0,10800.0,10800.0,33.071501354996855,38.32793014869407,10.493657839017365,20.724795551149512,66323.95810499243,0.0,27780.899088580336,38292.23549585378,0.0,38292.23549585378,38292.235495853776,38292.235457561546,39675.99147564507,1519.871297840251,lexicographic,3.829223545756155e-05,3.9675991435969084e-05,False,0.09265640000012354,0.0,1,0
2025-02-02,False,calendar_trend,4,1.0,7,1.0,0,calibrated_quantile,2025-01-05;2025-01-06;2025-01-07;2025-01-08;2025-01-09;2025-01-10;2025-01-11;2025-01-12;2025-01-13;2025-01-14;2025-01-15;2025-01-16;2025-01-17;2025-01-18;2025-01-19;2025-01-20;2025-01-21;2025-01-22;2025-01-23;2025-01-24;2025-01-25;2025-01-26;2025-01-27;2025-01-28;2025-01-29;2025-01-30;2025-01-31;2025-02-01,28,23586.00010599206,2025-01-05;2025-01-06;2025-01-07;2025-01-08;2025-01-09;2025-01-10;2025-01-11;2025-01-12;2025-01-13;2025-01-14;2025-01-15;2025-01-16;2025-01-17;2025-01-18;2025-01-19;2025-01-20;2025-01-21;2025-01-22;2025-01-23;2025-01-24;2025-01-25;2025-01-26;2025-01-27;2025-01-28;2025-01-29;2025-01-30;2025-01-31;2025-02-01,2025-01-19;2025-01-20;2025-01-21;2025-01-22;2025-01-23;2025-01-24;2025-01-25;2025-01-26;2025-01-27;2025-01-28;2025-01-29;2025-01-30;2025-01-31;2025-02-01,,2025-02-01,9600.0,10800.0,10800.0,22.133344352358293,27.013918851677808,10.459012263849935,20.3720277303429,109678.51195904671,0.0,26445.56962470595,72746.14606881721,0.0,72746.14606881721,72746.14606881721,72746.14599607106,46456.644924509346,1644.8538914248136,lexicographic,7.274614599607107e-05,4.645664492450935e-05,False,0.06864169999971637,0.0,1,0
2025-02-03,False,calendar_trend,4,1.0,7,1.0,0,calibrated_quantile,2025-01-06;2025-01-07;2025-01-08;2025-01-09;2025-01-10;2025-01-11;2025-01-12;2025-01-13;2025-01-14;2025-01-15;2025-01-16;2025-01-17;2025-01-18;2025-01-19;2025-01-20;2025-01-21;2025-01-22;2025-01-23;2025-01-24;2025-01-25;2025-01-26;2025-01-27;2025-01-28;2025-01-29;2025-01-30;2025-01-31;2025-02-01;2025-02-02,28,20449.248465238095,2025-01-06;2025-01-07;2025-01-08;2025-01-09;2025-01-10;2025-01-11;2025-01-12;2025-01-13;2025-01-14;2025-01-15;2025-01-16;2025-01-17;2025-01-18;2025-01-19;2025-01-20;2025-01-21;2025-01-22;2025-01-23;2025-01-24;2025-01-25;2025-01-26;2025-01-27;2025-01-28;2025-01-29;2025-01-30;2025-01-31;2025-02-01;2025-02-02,2025-01-20;2025-01-21;2025-01-22;2025-01-23;2025-01-24;2025-01-25;2025-01-26;2025-01-27;2025-01-28;2025-01-29;2025-01-30;2025-01-31;2025-02-01;2025-02-02,,2025-02-02,9600.0,10800.0,10800.0,18.65718764706313,23.292614125755797,12.527401165299993,24.4400753607094,105524.46987378113,0.0,20469.631421289563,69338.40992885549,0.0,69338.40992885549,69338.40992885549,69338.4098595171,46087.57228426183,1565.8801602669664,lexicographic,6.93384098595171e-05,4.608757223817424e-05,False,0.07527800000025309,0.0,1,0
2025-02-04,False,calendar_trend,4,1.0,7,1.0,0,calibrated_quantile,2025-01-07;2025-01-08;2025-01-09;2025-01-10;2025-01-11;2025-01-12;2025-01-13;2025-01-14;2025-01-15;2025-01-16;2025-01-17;2025-01-18;2025-01-19;2025-01-20;2025-01-21;2025-01-22;2025-01-23;2025-01-24;2025-01-25;2025-01-26;2025-01-27;2025-01-28;2025-01-29;2025-01-30;2025-01-31;2025-02-01;2025-02-02;2025-02-03,28,17421.911942142855,2025-01-07;2025-01-08;2025-01-09;2025-01-10;2025-01-11;2025-01-12;2025-01-13;2025-01-14;2025-01-15;2025-01-16;2025-01-17;2025-01-18;2025-01-19;2025-01-20;2025-01-21;2025-01-22;2025-01-23;2025-01-24;2025-01-25;2025-01-26;2025-01-27;2025-01-28;2025-01-29;2025-01-30;2025-01-31;2025-02-01;2025-02-02;2025-02-03,2025-01-21;2025-01-22;2025-01-23;2025-01-24;2025-01-25;2025-01-26;2025-01-27;2025-01-28;2025-01-29;2025-01-30;2025-01-31;2025-02-01;2025-02-02;2025-02-03,,2025-02-03,9600.0,10800.0,10800.0,21.38931991217457,27.320586263543092,19.87631451314577,38.96144525982467,101949.85067063486,61.31505491312123,16068.741212108778,66304.8643806718,131.0341725222653,66435.89855319407,66304.8643806718,66304.86431436695,45226.7611569735,1583.258271634806,lexicographic,6.630486431436695e-05,4.522676111174673e-05,False,0.0962948000014876,0.0,1,0
2025-02-05,False,calendar_trend,4,1.0,7,1.0,0,calibrated_quantile,2025-01-08;2025-01-09;2025-01-10;2025-01-11;2025-01-12;2025-01-13;2025-01-14;2025-01-15;2025-01-16;2025-01-17;2025-01-18;2025-01-19;2025-01-20;2025-01-21;2025-01-22;2025-01-23;2025-01-24;2025-01-25;2025-01-26;2025-01-27;2025-01-28;2025-01-29;2025-01-30;2025-01-31;2025-02-01;2025-02-02;2025-02-03;2025-02-04,28,14720.642404157597,2025-01-08;2025-01-09;2025-01-10;2025-01-11;2025-01-12;2025-01-13;2025-01-14;2025-01-15;2025-01-16;2025-01-17;2025-01-18;2025-01-19;2025-01-20;2025-01-21;2025-01-22;2025-01-23;2025-01-24;2025-01-25;2025-01-26;2025-01-27;2025-01-28;2025-01-29;2025-01-30;2025-01-31;2025-02-01;2025-02-02;2025-02-03;2025-02-04,2025-01-22;2025-01-23;2025-01-24;2025-01-25;2025-01-26;2025-01-27;2025-01-28;2025-01-29;2025-01-30;2025-01-31;2025-02-01;2025-02-02;2025-02-03;2025-02-04,,2025-02-04,9600.0,10800.0,10800.0,19.352008254716388,24.682765617858756,16.23143159863173,33.108053745700175,98509.75916424856,32.57667266909061,13075.61515996265,63848.369010226976,76.53635298051258,63924.90536320749,63848.36901022697,63848.36894637857,44947.95571292235,1562.2239767307587,lexicographic,6.384836894637858e-05,4.494795566797439e-05,False,0.14062560000093072,0.0,1,0
2025-02-06,False,calendar_trend,4,1.0,7,1.0,0,calibrated_quantile,2025-01-09;2025-01-10;2025-01-11;2025-01-12;2025-01-13;2025-01-14;2025-01-15;2025-01-16;2025-01-17;2025-01-18;2025-01-19;2025-01-20;2025-01-21;2025-01-22;2025-01-23;2025-01-24;2025-01-25;2025-01-26;2025-01-27;2025-01-28;2025-01-29;2025-01-30;2025-01-31;2025-02-01;2025-02-02;2025-02-03;2025-02-04;2025-02-05,28,14419.162468643732,2025-01-09;2025-01-10;2025-01-11;2025-01-12;2025-01-13;2025-01-14;2025-01-15;2025-01-16;2025-01-17;2025-01-18;2025-01-19;2025-01-20;2025-01-21;2025-01-22;2025-01-23;2025-01-24;2025-01-25;2025-01-26;2025-01-27;2025-01-28;2025-01-29;2025-01-30;2025-01-31;2025-02-01;2025-02-02;2025-02-03;2025-02-04;2025-02-05,2025-01-23;2025-01-24;2025-01-25;2025-01-26;2025-01-27;2025-01-28;2025-01-29;2025-01-30;2025-01-31;2025-02-01;2025-02-02;2025-02-03;2025-02-04;2025-02-05,,2025-02-05,9600.0,10800.0,10800.0,19.318868104144162,24.1760125319647,10.601000311683006,19.69376306276086,98303.12859373767,0.0,13313.777594615585,63705.30629723751,0.0,63705.30629723751,63705.30629723752,63705.30623353218,44947.95655918048,1552.53034856746,lexicographic,6.370530623353219e-05,4.494795651423252e-05,False,0.09347510000225157,2.28425481152577e-16,1,0
2025-02-07,False,calendar_trend,4,1.0,7,1.0,0,calibrated_quantile,2025-01-10;2025-01-11;2025-01-12;2025-01-13;2025-01-14;2025-01-15;2025-01-16;2025-01-17;2025-01-18;2025-01-19;2025-01-20;2025-01-21;2025-01-22;2025-01-23;2025-01-24;2025-01-25;2025-01-26;2025-01-27;2025-01-28;2025-01-29;2025-01-30;2025-01-31;2025-02-01;2025-02-02;2025-02-03;2025-02-04;2025-02-05;2025-02-06,28,14419.162468643732,2025-01-10;2025-01-11;2025-01-12;2025-01-13;2025-01-14;2025-01-15;2025-01-16;2025-01-17;2025-01-18;2025-01-19;2025-01-20;2025-01-21;2025-01-22;2025-01-23;2025-01-24;2025-01-25;2025-01-26;2025-01-27;2025-01-28;2025-01-29;2025-01-30;2025-01-31;2025-02-01;2025-02-02;2025-02-03;2025-02-04;2025-02-05;2025-02-06,2025-01-24;2025-01-25;2025-01-26;2025-01-27;2025-01-28;2025-01-29;2025-01-30;2025-01-31;2025-02-01;2025-02-02;2025-02-03;2025-02-04;2025-02-05;2025-02-06,,2025-02-06,9600.0,10800.0,10800.0,20.165601490131266,25.485948006145097,25.826060653623593,51.39366369789802,53753.04010790255,0.0,17889.076218569786,29437.361226963872,0.0,29437.361226963872,29437.361226963876,29437.361197526523,38660.49706855613,1306.6254995373777,lexicographic,2.9437361197526525e-05,3.866049702989564e-05,False,0.15812739999819314,0.0,1,0
2025-02-08,False,calendar_trend,4,1.0,7,1.0,0,calibrated_quantile,2025-01-11;2025-01-12;2025-01-13;2025-01-14;2025-01-15;2025-01-16;2025-01-17;2025-01-18;2025-01-19;2025-01-20;2025-01-21;2025-01-22;2025-01-23;2025-01-24;2025-01-25;2025-01-26;2025-01-27;2025-01-28;2025-01-29;2025-01-30;2025-01-31;2025-02-01;2025-02-02;2025-02-03;2025-02-04;2025-02-05;2025-02-06;2025-02-07,28,14419.162468643732,2025-01-11;2025-01-12;2025-01-13;2025-01-14;2025-01-15;2025-01-16;2025-01-17;2025-01-18;2025-01-19;2025-01-20;2025-01-21;2025-01-22;2025-01-23;2025-01-24;2025-01-25;2025-01-26;2025-01-27;2025-01-28;2025-01-29;2025-01-30;2025-01-31;2025-02-01;2025-02-02;2025-02-03;2025-02-04;2025-02-05;2025-02-06;2025-02-07,2025-01-25;2025-01-26;2025-01-27;2025-01-28;2025-01-29;2025-01-30;2025-01-31;2025-02-01;2025-02-02;2025-02-03;2025-02-04;2025-02-05;2025-02-06;2025-02-07,,2025-02-07,9600.0,10800.0,10800.0,18.24072219287527,22.695699010789856,19.681528704751145,40.912837308333025,51942.34626673092,0.0,16311.85025229622,28455.353816764087,0.0,28455.353816764087,28455.35381676409,28455.35378830875,38613.332994527125,1448.440783025122,lexicographic,2.845535378830875e-05,3.86133329559138e-05,False,0.17063490000145976,0.0,1,0
2025-02-09,False,calendar_trend,4,1.0,7,1.0,0,calibrated_quantile,2025-01-12;2025-01-13;2025-01-14;2025-01-15;2025-01-16;2025-01-17;2025-01-18;2025-01-19;2025-01-20;2025-01-21;2025-01-22;2025-01-23;2025-01-24;2025-01-25;2025-01-26;2025-01-27;2025-01-28;2025-01-29;2025-01-30;2025-01-31;2025-02-01;2025-02-02;2025-02-03;2025-02-04;2025-02-05;2025-02-06;2025-02-07;2025-02-08,28,14411.15361864373,2025-01-12;2025-01-13;2025-01-14;2025-01-15;2025-01-16;2025-01-17;2025-01-18;2025-01-19;2025-01-20;2025-01-21;2025-01-22;2025-01-23;2025-01-24;2025-01-25;2025-01-26;2025-01-27;2025-01-28;2025-01-29;2025-01-30;2025-01-31;2025-02-01;2025-02-02;2025-02-03;2025-02-04;2025-02-05;2025-02-06;2025-02-07;2025-02-08,2025-01-26;2025-01-27;2025-01-28;2025-01-29;2025-01-30;2025-01-31;2025-02-01;2025-02-02;2025-02-03;2025-02-04;2025-02-05;2025-02-06;2025-02-07;2025-02-08,,2025-02-08,9600.0,10800.0,10800.0,28.269530926356538,33.88627964671594,20.373448041695347,40.37946491915458,94353.48206741654,297.2462049349582,10377.016780011189,60897.80855089703,864.6425497490641,61762.451100646096,60897.80855089703,60897.8084899992,44947.97316562792,1485.318805223193,lexicographic,6.089780848999921e-05,4.494797312067995e-05,False,0.1884396999994351,0.0,1,0
2025-02-10,False,calendar_trend,4,1.0,7,1.0,0,calibrated_quantile,2025-01-13;2025-01-14;2025-01-15;2025-01-16;2025-01-17;2025-01-18;2025-01-19;2025-01-20;2025-01-21;2025-01-22;2025-01-23;2025-01-24;2025-01-25;2025-01-26;2025-01-27;2025-01-28;2025-01-29;2025-01-30;2025-01-31;2025-02-01;2025-02-02;2025-02-03;2025-02-04;2025-02-05;2025-02-06;2025-02-07;2025-02-08;2025-02-09,28,12433.93497339705,2025-01-13;2025-01-14;2025-01-15;2025-01-16;2025-01-17;2025-01-18;2025-01-19;2025-01-20;2025-01-21;2025-01-22;2025-01-23;2025-01-24;2025-01-25;2025-01-26;2025-01-27;2025-01-28;2025-01-29;2025-01-30;2025-01-31;2025-02-01;2025-02-02;2025-02-03;2025-02-04;2025-02-05;2025-02-06;2025-02-07;2025-02-08;2025-02-09,2025-01-27;2025-01-28;2025-01-29;2025-01-30;2025-01-31;2025-02-01;2025-02-02;2025-02-03;2025-02-04;2025-02-05;2025-02-06;2025-02-07;2025-02-08;2025-02-09,,2025-02-09,9600.0,10800.0,10800.0,23.97962707565277,30.115335970435176,30.15202585698214,58.11531330481456,93562.24891303321,12.110574068088908,14529.425961122539,60226.277102074426,26.545350533177533,60252.8224526076,60226.27710207441,60226.27704184813,44947.97713783277,1450.4617142077755,lexicographic,6.022627704184814e-05,4.4947977092884794e-05,False,0.09967110000070534,0.0,1,0
2025-02-11,False,calendar_trend,4,1.0,7,1.0,0,calibrated_quantile,2025-01-14;2025-01-15;2025-01-16;2025-01-17;2025-01-18;2025-01-19;2025-01-20;2025-01-21;2025-01-22;2025-01-23;2025-01-24;2025-01-25;2025-01-26;2025-01-27;2025-01-28;2025-01-29;2025-01-30;2025-01-31;2025-02-01;2025-02-02;2025-02-03;2025-02-04;2025-02-05;2025-02-06;2025-02-07;2025-02-08;2025-02-09;2025-02-10,28,12023.763047399532,2025-01-14;2025-01-15;2025-01-16;2025-01-17;2025-01-18;2025-01-19;2025-01-20;2025-01-21;2025-01-22;2025-01-23;2025-01-24;2025-01-25;2025-01-26;2025-01-27;2025-01-28;2025-01-29;2025-01-30;2025-01-31;2025-02-01;2025-02-02;2025-02-03;2025-02-04;2025-02-05;2025-02-06;2025-02-07;2025-02-08;2025-02-09;2025-02-10,2025-01-28;2025-01-29;2025-01-30;2025-01-31;2025-02-01;2025-02-02;2025-02-03;2025-02-04;2025-02-05;2025-02-06;2025-02-07;2025-02-08;2025-02-09;2025-02-10,,2025-02-10,9600.0,10800.0,10800.0,22.79676129352062,28.168783076615828,15.760283696472381,30.458667890452425,91988.57375450105,0.0,12064.692185453143,58928.83192506812,0.0,58928.83192506812,58928.831925068116,58928.8318661393,44804.97278233358,1458.7967945268792,lexicographic,5.89288318661393e-05,4.480497273752861e-05,False,0.12337580000166781,0.0,1,0
2025-02-12,False,calendar_trend,4,1.0,7,1.0,0,calibrated_quantile,2025-01-15;2025-01-16;2025-01-17;2025-01-18;2025-01-19;2025-01-20;2025-01-21;2025-01-22;2025-01-23;2025-01-24;2025-01-25;2025-01-26;2025-01-27;2025-01-28;2025-01-29;2025-01-30;2025-01-31;2025-02-01;2025-02-02;2025-02-03;2025-02-04;2025-02-05;2025-02-06;2025-02-07;2025-02-08;2025-02-09;2025-02-10;2025-02-11,28,12014.567400355922,2025-01-15;2025-01-16;2025-01-17;2025-01-18;2025-01-19;2025-01-20;2025-01-21;2025-01-22;2025-01-23;2025-01-24;2025-01-25;2025-01-26;2025-01-27;2025-01-28;2025-01-29;2025-01-30;2025-01-31;2025-02-01;2025-02-02;2025-02-03;2025-02-04;2025-02-05;2025-02-06;2025-02-07;2025-02-08;2025-02-09;2025-02-10;2025-02-11,2025-01-29;2025-01-30;2025-01-31;2025-02-01;2025-02-02;2025-02-03;2025-02-04;2025-02-05;2025-02-06;2025-02-07;2025-02-08;2025-02-09;2025-02-10;2025-02-11,,2025-02-11,9600.0,10800.0,10800.0,20.61293697708291,25.99924276266871,15.197550320288636,30.24428976537834,91791.47363062046,4.394291633870381,11826.438717863588,58891.913916953374,18.31101323833788,58910.22493019171,58891.913916953374,58891.91385806147,44799.33925586281,1445.536001933181,lexicographic,5.889191385806147e-05,4.4799339211063477e-05,False,0.1024959000023955,0.0,1,0
2025-02-13,False,calendar_trend,4,1.0,7,1.0,0,calibrated_quantile,2025-01-16;2025-01-17;2025-01-18;2025-01-19;2025-01-20;2025-01-21;2025-01-22;2025-01-23;2025-01-24;2025-01-25;2025-01-26;2025-01-27;2025-01-28;2025-01-29;2025-01-30;2025-01-31;2025-02-01;2025-02-02;2025-02-03;2025-02-04;2025-02-05;2025-02-06;2025-02-07;2025-02-08;2025-02-09;2025-02-10;2025-02-11;2025-02-12,28,11126.35916824693,2025-01-16;2025-01-17;2025-01-18;2025-01-19;2025-01-20;2025-01-21;2025-01-22;2025-01-23;2025-01-24;2025-01-25;2025-01-26;2025-01-27;2025-01-28;2025-01-29;2025-01-30;2025-01-31;2025-02-01;2025-02-02;2025-02-03;2025-02-04;2025-02-05;2025-02-06;2025-02-07;2025-02-08;2025-02-09;2025-02-10;2025-02-11;2025-02-12,2025-01-30;2025-01-31;2025-02-01;2025-02-02;2025-02-03;2025-02-04;2025-02-05;2025-02-06;2025-02-07;2025-02-08;2025-02-09;2025-02-10;2025-02-11;2025-02-12,,2025-02-12,9600.0,10800.0,10800.0,21.94414317119749,26.20948543889598,32.427843538975445,58.695729606330204,90377.88998349092,40.80760090239437,14410.37257945253,57807.95611773795,87.68744508157855,57895.64356281953,57807.956117737966,57807.95605993,44572.164414611456,1468.9200312706478,lexicographic,5.7807956059930006e-05,4.45721643700393e-05,False,0.10954039999705856,0.0,1,0
2025-02-14,False,calendar_trend,4,1.0,7,1.0,0,calibrated_quantile,2025-01-17;2025-01-18;2025-01-19;2025-01-20;2025-01-21;2025-01-22;2025-01-23;2025-01-24;2025-01-25;2025-01-26;2025-01-27;2025-01-28;2025-01-29;2025-01-30;2025-01-31;2025-02-01;2025-02-02;2025-02-03;2025-02-04;2025-02-05;2025-02-06;2025-02-07;2025-02-08;2025-02-09;2025-02-10;2025-02-11;2025-02-12;2025-02-13,28,10113.848332251588,2025-01-17;2025-01-18;2025-01-19;2025-01-20;2025-01-21;2025-01-22;2025-01-23;2025-01-24;2025-01-25;2025-01-26;2025-01-27;2025-01-28;2025-01-29;2025-01-30;2025-01-31;2025-02-01;2025-02-02;2025-02-03;2025-02-04;2025-02-05;2025-02-06;2025-02-07;2025-02-08;2025-02-09;2025-02-10;2025-02-11;2025-02-12;2025-02-13,2025-01-31;2025-02-01;2025-02-02;2025-02-03;2025-02-04;2025-02-05;2025-02-06;2025-02-07;2025-02-08;2025-02-09;2025-02-10;2025-02-11;2025-02-12;2025-02-13,,2025-02-13,9600.0,10800.0,10800.0,18.16674221814877,22.807991585061586,18.71590626759834,39.68676756888508,43171.5809089672,277.8984426937935,9753.735565218863,23363.652657038234,781.0998558001206,24144.752512838353,23363.652657038234,23363.652633674585,37094.9208699663,1289.7701228968558,lexicographic,2.3363652633674587e-05,3.7094920832871374e-05,False,0.1657255999998597,0.0,1,0
2025-02-15,False,calendar_trend,4,1.0,7,1.0,0,calibrated_quantile,2025-01-18;2025-01-19;2025-01-20;2025-01-21;2025-01-22;2025-01-23;2025-01-24;2025-01-25;2025-01-26;2025-01-27;2025-01-28;2025-01-29;2025-01-30;2025-01-31;2025-02-01;2025-02-02;2025-02-03;2025-02-04;2025-02-05;2025-02-06;2025-02-07;2025-02-08;2025-02-09;2025-02-10;2025-02-11;2025-02-12;2025-02-13;2025-02-14,28,10326.220369928336,2025-01-18;2025-01-19;2025-01-20;2025-01-21;2025-01-22;2025-01-23;2025-01-24;2025-01-25;2025-01-26;2025-01-27;2025-01-28;2025-01-29;2025-01-30;2025-01-31;2025-02-01;2025-02-02;2025-02-03;2025-02-04;2025-02-05;2025-02-06;2025-02-07;2025-02-08;2025-02-09;2025-02-10;2025-02-11;2025-02-12;2025-02-13;2025-02-14,2025-02-01;2025-02-02;2025-02-03;2025-02-04;2025-02-05;2025-02-06;2025-02-07;2025-02-08;2025-02-09;2025-02-10;2025-02-11;2025-02-12;2025-02-13;2025-02-14,,2025-02-14,9600.0,10800.0,10800.0,17.637986973972925,21.978471657288527,12.355124916961906,23.940245449486586,42298.92260556444,21.237298725055325,9090.096896922852,22953.9588897839,45.32974522345266,22999.28863500735,22953.9588897839,22953.958866829944,37628.67974912438,1415.699893030178,lexicographic,2.2953958866829946e-05,3.7628679711495706e-05,False,0.18635170000197832,0.0,1,0
2025-02-16,False,calendar_trend,4,1.0,7,1.0,0,calibrated_quantile,2025-01-19;2025-01-20;2025-01-21;2025-01-22;2025-01-23;2025-01-24;2025-01-25;2025-01-26;2025-01-27;2025-01-28;2025-01-29;2025-01-30;2025-01-31;2025-02-01;2025-02-02;2025-02-03;2025-02-04;2025-02-05;2025-02-06;2025-02-07;2025-02-08;2025-02-09;2025-02-10;2025-02-11;2025-02-12;2025-02-13;2025-02-14;2025-02-15,28,10340.024953206714,2025-01-19;2025-01-20;2025-01-21;2025-01-22;2025-01-23;2025-01-24;2025-01-25;2025-01-26;2025-01-27;2025-01-28;2025-01-29;2025-01-30;2025-01-31;2025-02-01;2025-02-02;2025-02-03;2025-02-04;2025-02-05;2025-02-06;2025-02-07;2025-02-08;2025-02-09;2025-02-10;2025-02-11;2025-02-12;2025-02-13;2025-02-14;2025-02-15,2025-02-02;2025-02-03;2025-02-04;2025-02-05;2025-02-06;2025-02-07;2025-02-08;2025-02-09;2025-02-10;2025-02-11;2025-02-12;2025-02-13;2025-02-14;2025-02-15,,2025-02-15,9600.0,10800.0,10800.0,23.852807913826933,29.4240887560387,18.466560391671887,39.44413320214526,86183.28180213342,355.969468960643,6719.573512830564,54538.478522747486,1391.877548940452,55930.35607168794,54538.478522747486,54538.478468209025,42318.73984977349,1446.1194794978342,lexicographic,5.453847846820903e-05,4.231873980745476e-05,False,0.24868500000229687,0.0,1,0
2025-02-17,False,calendar_trend,4,1.0,7,1.0,0,calibrated_quantile,2025-01-20;2025-01-21;2025-01-22;2025-01-23;2025-01-24;2025-01-25;2025-01-26;2025-01-27;2025-01-28;2025-01-29;2025-01-30;2025-01-31;2025-02-01;2025-02-02;2025-02-03;2025-02-04;2025-02-05;2025-02-06;2025-02-07;2025-02-08;2025-02-09;2025-02-10;2025-02-11;2025-02-12;2025-02-13;2025-02-14;2025-02-15;2025-02-16,28,8835.979049466358,2025-01-20;2025-01-21;2025-01-22;2025-01-23;2025-01-24;2025-01-25;2025-01-26;2025-01-27;2025-01-28;2025-01-29;2025-01-30;2025-01-31;2025-02-01;2025-02-02;2025-02-03;2025-02-04;2025-02-05;2025-02-06;2025-02-07;2025-02-08;2025-02-09;2025-02-10;2025-02-11;2025-02-12;2025-02-13;2025-02-14;2025-02-15;2025-02-16,2025-02-03;2025-02-04;2025-02-05;2025-02-06;2025-02-07;2025-02-08;2025-02-09;2025-02-10;2025-02-11;2025-02-12;2025-02-13;2025-02-14;2025-02-15;2025-02-16,,2025-02-16,9600.0,10800.0,10800.0,18.95444959187009,22.79050386688437,17.559999686079493,32.29742378617327,85445.91975659109,47.93052373819535,9901.629853163598,53836.077541385086,107.02659831719612,53943.104139702285,53836.07754138509,53836.07748754901,41995.4033763327,1448.9762057668247,lexicographic,5.3836077487549015e-05,4.199540333433732e-05,False,0.24690240000199992,0.0,1,0
2025-02-18,False,calendar_trend,4,1.0,7,1.0,0,calibrated_quantile,2025-01-21;2025-01-22;2025-01-23;2025-01-24;2025-01-25;2025-01-26;2025-01-27;2025-01-28;2025-01-29;2025-01-30;2025-01-31;2025-02-01;2025-02-02;2025-02-03;2025-02-04;2025-02-05;2025-02-06;2025-02-07;2025-02-08;2025-02-09;2025-02-10;2025-02-11;2025-02-12;2025-02-13;2025-02-14;2025-02-15;2025-02-16;2025-02-17,28,7574.347737434917,2025-01-21;2025-01-22;2025-01-23;2025-01-24;2025-01-25;2025-01-26;2025-01-27;2025-01-28;2025-01-29;2025-01-30;2025-01-31;2025-02-01;2025-02-02;2025-02-03;2025-02-04;2025-02-05;2025-02-06;2025-02-07;2025-02-08;2025-02-09;2025-02-10;2025-02-11;2025-02-12;2025-02-13;2025-02-14;2025-02-15;2025-02-16;2025-02-17,2025-02-04;2025-02-05;2025-02-06;2025-02-07;2025-02-08;2025-02-09;2025-02-10;2025-02-11;2025-02-12;2025-02-13;2025-02-14;2025-02-15;2025-02-16;2025-02-17,,2025-02-17,9600.0,10800.0,10800.0,19.921408654154824,27.04190662727081,12.627631379236753,25.72261869726687,83393.706731599,210.74132281480348,7104.18448753655,52031.25136632007,903.1390701765531,52934.39043649663,52031.251366320066,52031.251314288806,42000.34299060267,1451.6838496646267,lexicographic,5.203125131428881e-05,4.200034294860234e-05,False,0.15256419999786885,0.0,1,0
2025-02-19,False,calendar_trend,4,1.0,7,1.0,0,calibrated_quantile,2025-01-22;2025-01-23;2025-01-24;2025-01-25;2025-01-26;2025-01-27;2025-01-28;2025-01-29;2025-01-30;2025-01-31;2025-02-01;2025-02-02;2025-02-03;2025-02-04;2025-02-05;2025-02-06;2025-02-07;2025-02-08;2025-02-09;2025-02-10;2025-02-11;2025-02-12;2025-02-13;2025-02-14;2025-02-15;2025-02-16;2025-02-17;2025-02-18,28,7044.097139628036,2025-01-22;2025-01-23;2025-01-24;2025-01-25;2025-01-26;2025-01-27;2025-01-28;2025-01-29;2025-01-30;2025-01-31;2025-02-01;2025-02-02;2025-02-03;2025-02-04;2025-02-05;2025-02-06;2025-02-07;2025-02-08;2025-02-09;2025-02-10;2025-02-11;2025-02-12;2025-02-13;2025-02-14;2025-02-15;2025-02-16;2025-02-17;2025-02-18,2025-02-05;2025-02-06;2025-02-07;2025-02-08;2025-02-09;2025-02-10;2025-02-11;2025-02-12;2025-02-13;2025-02-14;2025-02-15;2025-02-16;2025-02-17;2025-02-18,,2025-02-18,9600.0,10800.0,10800.0,22.813514389143393,28.694901586038302,18.49105867655007,35.276963606903855,83081.63626765809,489.61753981520417,6290.26025721653,51735.883539628885,1861.8527752302837,53597.73631485917,51735.883539628885,51735.88348789301,41931.66190595494,1443.1158900769863,lexicographic,5.173588348789301e-05,4.193166186402328e-05,False,0.07562319999851752,0.0,1,0
2025-02-20,False,calendar_trend,4,1.0,7,1.0,0,calibrated_quantile,2025-01-23;2025-01-24;2025-01-25;2025-01-26;2025-01-27;2025-01-28;2025-01-29;2025-01-30;2025-01-31;2025-02-01;2025-02-02;2025-02-03;2025-02-04;2025-02-05;2025-02-06;2025-02-07;2025-02-08;2025-02-09;2025-02-10;2025-02-11;2025-02-12;2025-02-13;2025-02-14;2025-02-15;2025-02-16;2025-02-17;2025-02-18;2025-02-19,28,7185.36963482081,2025-01-23;2025-01-24;2025-01-25;2025-01-26;2025-01-27;2025-01-28;2025-01-29;2025-01-30;2025-01-31;2025-02-01;2025-02-02;2025-02-03;2025-02-04;2025-02-05;2025-02-06;2025-02-07;2025-02-08;2025-02-09;2025-02-10;2025-02-11;2025-02-12;2025-02-13;2025-02-14;2025-02-15;2025-02-16;2025-02-17;2025-02-18;2025-02-19,2025-02-06;2025-02-07;2025-02-08;2025-02-09;2025-02-10;2025-02-11;2025-02-12;2025-02-13;2025-02-14;2025-02-15;2025-02-16;2025-02-17;2025-02-18;2025-02-19,,2025-02-19,9600.0,10800.0,10800.0,20.414550620401602,25.78746182055724,15.675546093858205,29.379001847178383,83800.45264249665,116.46429495396646,8522.117040729521,52315.14376971815,500.9055205139979,52816.04929023215,52315.14376971815,52315.143717403,41931.661872272845,1468.1348465262981,lexicographic,5.2315143717403006e-05,4.193166183034118e-05,False,0.07530170000245562,0.0,1,0
2025-02-21,False,calendar_trend,4,1.0,7,1.0,0,calibrated_quantile,2025-01-24;2025-01-25;2025-01-26;2025-01-27;2025-01-28;2025-01-29;2025-01-30;2025-01-31;2025-02-01;2025-02-02;2025-02-03;2025-02-04;2025-02-05;2025-02-06;2025-02-07;2025-02-08;2025-02-09;2025-02-10;2025-02-11;2025-02-12;2025-02-13;2025-02-14;2025-02-15;2025-02-16;2025-02-17;2025-02-18;2025-02-19;2025-02-20,28,6135.583505603427,2025-01-24;2025-01-25;2025-01-26;2025-01-27;2025-01-28;2025-01-29;2025-01-30;2025-01-31;2025-02-01;2025-02-02;2025-02-03;2025-02-04;2025-02-05;2025-02-06;2025-02-07;2025-02-08;2025-02-09;2025-02-10;2025-02-11;2025-02-12;2025-02-13;2025-02-14;2025-02-15;2025-02-16;2025-02-17;2025-02-18;2025-02-19;2025-02-20,2025-02-07;2025-02-08;2025-02-09;2025-02-10;2025-02-11;2025-02-12;2025-02-13;2025-02-14;2025-02-15;2025-02-16;2025-02-17;2025-02-18;2025-02-19;2025-02-20,,2025-02-20,9600.0,10800.0,10800.0,20.975245412202558,26.001119264359676,10.101139277054735,18.098629399539593,38752.510000894785,77.11364755397224,9216.028281782084,20280.105954929946,361.6416573432321,20641.74761227318,20280.10595492995,20280.10593464984,38613.33333333333,1285.8363052449013,lexicographic,2.0280105934649842e-05,3.861333333333334e-05,False,0.19530619999932242,0.0,1,0
2025-02-22,False,calendar_trend,4,1.0,7,1.0,0,calibrated_quantile,2025-01-25;2025-01-26;2025-01-27;2025-01-28;2025-01-29;2025-01-30;2025-01-31;2025-02-01;2025-02-02;2025-02-03;2025-02-04;2025-02-05;2025-02-06;2025-02-07;2025-02-08;2025-02-09;2025-02-10;2025-02-11;2025-02-12;2025-02-13;2025-02-14;2025-02-15;2025-02-16;2025-02-17;2025-02-18;2025-02-19;2025-02-20;2025-02-21,28,6161.22894153282,2025-01-25;2025-01-26;2025-01-27;2025-01-28;2025-01-29;2025-01-30;2025-01-31;2025-02-01;2025-02-02;2025-02-03;2025-02-04;2025-02-05;2025-02-06;2025-02-07;2025-02-08;2025-02-09;2025-02-10;2025-02-11;2025-02-12;2025-02-13;2025-02-14;2025-02-15;2025-02-16;2025-02-17;2025-02-18;2025-02-19;2025-02-20;2025-02-21,2025-02-08;2025-02-09;2025-02-10;2025-02-11;2025-02-12;2025-02-13;2025-02-14;2025-02-15;2025-02-16;2025-02-17;2025-02-18;2025-02-19;2025-02-20;2025-02-21,,2025-02-21,9600.0,10800.0,10800.0,19.550767441330965,24.390713064957144,17.99587133479086,33.9120887629499,38260.978963471825,306.9669997875576,6669.849746592712,19965.651026069583,1224.0492011440708,21189.700227213652,19965.651026069587,19965.651006103933,38613.333333333336,1424.6461186874021,lexicographic,1.9965651006103933e-05,3.861333333333334e-05,False,0.2264329000026919,0.0,1,0
2025-02-23,False,calendar_trend,4,1.0,7,1.0,0,calibrated_quantile,2025-01-26;2025-01-27;2025-01-28;2025-01-29;2025-01-30;2025-01-31;2025-02-01;2025-02-02;2025-02-03;2025-02-04;2025-02-05;2025-02-06;2025-02-07;2025-02-08;2025-02-09;2025-02-10;2025-02-11;2025-02-12;2025-02-13;2025-02-14;2025-02-15;2025-02-16;2025-02-17;2025-02-18;2025-02-19;2025-02-20;2025-02-21;2025-02-22,28,6350.087224374673,2025-01-26;2025-01-27;2025-01-28;2025-01-29;2025-01-30;2025-01-31;2025-02-01;2025-02-02;2025-02-03;2025-02-04;2025-02-05;2025-02-06;2025-02-07;2025-02-08;2025-02-09;2025-02-10;2025-02-11;2025-02-12;2025-02-13;2025-02-14;2025-02-15;2025-02-16;2025-02-17;2025-02-18;2025-02-19;2025-02-20;2025-02-21;2025-02-22,2025-02-09;2025-02-10;2025-02-11;2025-02-12;2025-02-13;2025-02-14;2025-02-15;2025-02-16;2025-02-17;2025-02-18;2025-02-19;2025-02-20;2025-02-21;2025-02-22,,2025-02-22,9600.0,10800.0,10800.0,22.92330183472039,28.365421368821757,16.170071697674487,32.1916365391418,81808.53101883209,527.2255188210493,6386.615795012971,50756.171542799915,1570.9930570184101,52327.16459981832,50756.171542799915,50756.171492043766,42080.47145971253,1461.950492828004,lexicographic,5.075617149204377e-05,4.208047141763206e-05,False,0.11621290000039153,0.0,1,0
2025-02-24,False,calendar_trend,4,1.0,7,1.0,0,calibrated_quantile,2025-01-27;2025-01-28;2025-01-29;2025-01-30;2025-01-31;2025-02-01;2025-02-02;2025-02-03;2025-02-04;2025-02-05;2025-02-06;2025-02-07;2025-02-08;2025-02-09;2025-02-10;2025-02-11;2025-02-12;2025-02-13;2025-02-14;2025-02-15;2025-02-16;2025-02-17;2025-02-18;2025-02-19;2025-02-20;2025-02-21;2025-02-22;2025-02-23,28,5617.598431254854,2025-01-27;2025-01-28;2025-01-29;2025-01-30;2025-01-31;2025-02-01;2025-02-02;2025-02-03;2025-02-04;2025-02-05;2025-02-06;2025-02-07;2025-02-08;2025-02-09;2025-02-10;2025-02-11;2025-02-12;2025-02-13;2025-02-14;2025-02-15;2025-02-16;2025-02-17;2025-02-18;2025-02-19;2025-02-20;2025-02-21;2025-02-22;2025-02-23,2025-02-10;2025-02-11;2025-02-12;2025-02-13;2025-02-14;2025-02-15;2025-02-16;2025-02-17;2025-02-18;2025-02-19;2025-02-20;2025-02-21;2025-02-22;2025-02-23,,2025-02-23,9600.0,10800.0,10800.0,21.407273536846798,26.58176692440839,22.880290881021907,43.059103641521865,82026.59921007173,146.86725677522833,9556.287313264997,50800.263601446495,699.8843795785976,51500.14798102509,50800.26360144649,50800.263550646225,42050.544325350915,1460.9723635117016,lexicographic,5.0800263550646227e-05,4.2050544283300375e-05,False,0.12566309999965597,0.0,1,0
2025-02-25,False,calendar_trend,4,1.0,7,1.0,0,calibrated_quantile,2025-01-28;2025-01-29;2025-01-30;2025-01-31;2025-02-01;2025-02-02;2025-02-03;2025-02-04;2025-02-05;2025-02-06;2025-02-07;2025-02-08;2025-02-09;2025-02-10;2025-02-11;2025-02-12;2025-02-13;2025-02-14;2025-02-15;2025-02-16;2025-02-17;2025-02-18;2025-02-19;2025-02-20;2025-02-21;2025-02-22;2025-02-23;2025-02-24,28,5147.077543009111,2025-01-28;2025-01-29;2025-01-30;2025-01-31;2025-02-01;2025-02-02;2025-02-03;2025-02-04;2025-02-05;2025-02-06;2025-02-07;2025-02-08;2025-02-09;2025-02-10;2025-02-11;2025-02-12;2025-02-13;2025-02-14;2025-02-15;2025-02-16;2025-02-17;2025-02-18;2025-02-19;2025-02-20;2025-02-21;2025-02-22;2025-02-23;2025-02-24,2025-02-11;2025-02-12;2025-02-13;2025-02-14;2025-02-15;2025-02-16;2025-02-17;2025-02-18;2025-02-19;2025-02-20;2025-02-21;2025-02-22;2025-02-23;2025-02-24,,2025-02-24,9600.0,10800.0,10800.0,20.85706224760963,26.351223749361623,32.889307237278516,62.45031532926532,80876.53585127764,157.93521075751264,10797.292478626394,49983.79165662664,747.9933934160547,50731.7850500427,49983.791656626636,49983.791606642844,42066.832545455356,1440.3901707288646,lexicographic,4.9983791606642845e-05,4.206683250338854e-05,False,0.14081439999790746,0.0,1,0
2025-02-26,False,calendar_trend,4,1.0,7,1.0,0,calibrated_quantile,2025-01-29;2025-01-30;2025-01-31;2025-02-01;2025-02-02;2025-02-03;2025-02-04;2025-02-05;2025-02-06;2025-02-07;2025-02-08;2025-02-09;2025-02-10;2025-02-11;2025-02-12;2025-02-13;2025-02-14;2025-02-15;2025-02-16;2025-02-17;2025-02-18;2025-02-19;2025-02-20;2025-02-21;2025-02-22;2025-02-23;2025-02-24;2025-02-25,28,5116.4661790114005,2025-01-29;2025-01-30;2025-01-31;2025-02-01;2025-02-02;2025-02-03;2025-02-04;2025-02-05;2025-02-06;2025-02-07;2025-02-08;2025-02-09;2025-02-10;2025-02-11;2025-02-12;2025-02-13;2025-02-14;2025-02-15;2025-02-16;2025-02-17;2025-02-18;2025-02-19;2025-02-20;2025-02-21;2025-02-22;2025-02-23;2025-02-24;2025-02-25,2025-02-12;2025-02-13;2025-02-14;2025-02-15;2025-02-16;2025-02-17;2025-02-18;2025-02-19;2025-02-20;2025-02-21;2025-02-22;2025-02-23;2025-02-24;2025-02-25,,2025-02-25,9600.0,10800.0,10800.0,21.534578449844066,26.921916919108842,16.060867556718534,29.37921407276142,79705.51737117096,345.18633706497354,6806.034771321223,49142.89301586263,1423.3198379214855,50566.21285378412,49142.89301586263,49142.89296671971,42199.87281832787,1450.6894497711728,lexicographic,4.914289296671971e-05,4.2199872776128015e-05,False,0.1430430999971577,0.0,1,0
2025-02-27,False,calendar_trend,4,1.0,7,1.0,0,calibrated_quantile,2025-01-30;2025-01-31;2025-02-01;2025-02-02;2025-02-03;2025-02-04;2025-02-05;2025-02-06;2025-02-07;2025-02-08;2025-02-09;2025-02-10;2025-02-11;2025-02-12;2025-02-13;2025-02-14;2025-02-15;2025-02-16;2025-02-17;2025-02-18;2025-02-19;2025-02-20;2025-02-21;2025-02-22;2025-02-23;2025-02-24;2025-02-25;2025-02-26,28,5194.570009188663,2025-01-30;2025-01-31;2025-02-01;2025-02-02;2025-02-03;2025-02-04;2025-02-05;2025-02-06;2025-02-07;2025-02-08;2025-02-09;2025-02-10;2025-02-11;2025-02-12;2025-02-13;2025-02-14;2025-02-15;2025-02-16;2025-02-17;2025-02-18;2025-02-19;2025-02-20;2025-02-21;2025-02-22;2025-02-23;2025-02-24;2025-02-25;2025-02-26,2025-02-13;2025-02-14;2025-02-15;2025-02-16;2025-02-17;2025-02-18;2025-02-19;2025-02-20;2025-02-21;2025-02-22;2025-02-23;2025-02-24;2025-02-25;2025-02-26,,2025-02-26,9600.0,10800.0,10800.0,20.852652785275012,25.735725682005256,21.643400034296267,42.456928154205706,79541.98911068561,202.40674423764847,8360.276467153808,49085.81351443876,1046.0967104079377,50131.9102248467,49085.81351443876,49085.81346535293,42178.09836769856,1442.8102180463509,lexicographic,4.908581346535293e-05,4.217809832552046e-05,False,0.1629003999987617,0.0,1,0
2025-02-28,False,calendar_trend,4,1.0,7,1.0,0,calibrated_quantile,2025-01-31;2025-02-01;2025-02-02;2025-02-03;2025-02-04;2025-02-05;2025-02-06;2025-02-07;2025-02-08;2025-02-09;2025-02-10;2025-02-11;2025-02-12;2025-02-13;2025-02-14;2025-02-15;2025-02-16;2025-02-17;2025-02-18;2025-02-19;2025-02-20;2025-02-21;2025-02-22;2025-02-23;2025-02-24;2025-02-25;2025-02-26;2025-02-27,28,5208.7539374582575,2025-01-31;2025-02-01;2025-02-02;2025-02-03;2025-02-04;2025-02-05;2025-02-06;2025-02-07;2025-02-08;2025-02-09;2025-02-10;2025-02-11;2025-02-12;2025-02-13;2025-02-14;2025-02-15;2025-02-16;2025-02-17;2025-02-18;2025-02-19;2025-02-20;2025-02-21;2025-02-22;2025-02-23;2025-02-24;2025-02-25;2025-02-26;2025-02-27,2025-02-14;2025-02-15;2025-02-16;2025-02-17;2025-02-18;2025-02-19;2025-02-20;2025-02-21;2025-02-22;2025-02-23;2025-02-24;2025-02-25;2025-02-26;2025-02-27,,2025-02-27,9600.0,10800.0,10800.0,19.20218217723767,23.31499946238186,17.73181872927313,39.62438661302822,37215.47420094797,666.0764748540129,10535.623798725657,19291.685161836,1972.0024559665374,21263.687617802538,19291.685161836,19291.685142544316,38613.333273727076,1278.0800450789975,lexicographic,1.9291685142544318e-05,3.861333323511374e-05,False,0.3295579999976326,0.0,1,0
2025-03-01,False,calendar_trend,4,1.0,7,1.0,0,calibrated_quantile,2025-02-01;2025-02-02;2025-02-03;2025-02-04;2025-02-05;2025-02-06;2025-02-07;2025-02-08;2025-02-09;2025-02-10;2025-02-11;2025-02-12;2025-02-13;2025-02-14;2025-02-15;2025-02-16;2025-02-17;2025-02-18;2025-02-19;2025-02-20;2025-02-21;2025-02-22;2025-02-23;2025-02-24;2025-02-25;2025-02-26;2025-02-27;2025-02-28,28,5345.007445614673,2025-02-01;2025-02-02;2025-02-03;2025-02-04;2025-02-05;2025-02-06;2025-02-07;2025-02-08;2025-02-09;2025-02-10;2025-02-11;2025-02-12;2025-02-13;2025-02-14;2025-02-15;2025-02-16;2025-02-17;2025-02-18;2025-02-19;2025-02-20;2025-02-21;2025-02-22;2025-02-23;2025-02-24;2025-02-25;2025-02-26;2025-02-27;2025-02-28,2025-02-15;2025-02-16;2025-02-17;2025-02-18;2025-02-19;2025-02-20;2025-02-21;2025-02-22;2025-02-23;2025-02-24;2025-02-25;2025-02-26;2025-02-27;2025-02-28,,2025-02-28,9600.0,10800.0,10800.0,29.61258287438758,38.55553711295747,34.78879037601807,72.33751232371195,36510.06937074729,863.2846950527576,9661.254805184708,18906.827626622333,2978.3648965541715,21885.192523176505,18906.827626622333,18906.827607715506,38613.333275686484,1424.2134179259883,lexicographic,1.8906827607715508e-05,3.861333323707316e-05,False,0.26877260000037495,0.0,1,0
2025-03-02,False,calendar_trend,4,1.0,7,1.0,0,calibrated_quantile,2025-02-02;2025-02-03;2025-02-04;2025-02-05;2025-02-06;2025-02-07;2025-02-08;2025-02-09;2025-02-10;2025-02-11;2025-02-12;2025-02-13;2025-02-14;2025-02-15;2025-02-16;2025-02-17;2025-02-18;2025-02-19;2025-02-20;2025-02-21;2025-02-22;2025-02-23;2025-02-24;2025-02-25;2025-02-26;2025-02-27;2025-02-28;2025-03-01,28,5622.83434189571,2025-02-02;2025-02-03;2025-02-04;2025-02-05;2025-02-06;2025-02-07;2025-02-08;2025-02-09;2025-02-10;2025-02-11;2025-02-12;2025-02-13;2025-02-14;2025-02-15;2025-02-16;2025-02-17;2025-02-18;2025-02-19;2025-02-20;2025-02-21;2025-02-22;2025-02-23;2025-02-24;2025-02-25;2025-02-26;2025-02-27;2025-02-28;2025-03-01,2025-02-16;2025-02-17;2025-02-18;2025-02-19;2025-02-20;2025-02-21;2025-02-22;2025-02-23;2025-02-24;2025-02-25;2025-02-26;2025-02-27;2025-02-28;2025-03-01,,2025-03-01,9600.0,10800.0,10800.0,22.261243575140536,29.25759176525722,49.624792284907535,99.52645643373745,76567.25008130759,3875.992231996657,3665.934609056629,47048.00517184128,14222.407017422182,61270.41218926346,47048.00517184129,47048.00512479326,42096.79554748177,1447.7089863706901,lexicographic,4.704800512479326e-05,4.2096795505384986e-05,False,0.13563299999805167,0.0,1,0
2025-03-03,False,calendar_trend,4,1.0,7,1.0,0,calibrated_quantile,2025-02-03;2025-02-04;2025-02-05;2025-02-06;2025-02-07;2025-02-08;2025-02-09;2025-02-10;2025-02-11;2025-02-12;2025-02-13;2025-02-14;2025-02-15;2025-02-16;2025-02-17;2025-02-18;2025-02-19;2025-02-20;2025-02-21;2025-02-22;2025-02-23;2025-02-24;2025-02-25;2025-02-26;2025-02-27;2025-02-28;2025-03-01;2025-03-02,28,5968.631000317666,2025-02-03;2025-02-04;2025-02-05;2025-02-06;2025-02-07;2025-02-08;2025-02-09;2025-02-10;2025-02-11;2025-02-12;2025-02-13;2025-02-14;2025-02-15;2025-02-16;2025-02-17;2025-02-18;2025-02-19;2025-02-20;2025-02-21;2025-02-22;2025-02-23;2025-02-24;2025-02-25;2025-02-26;2025-02-27;2025-02-28;2025-03-01;2025-03-02,2025-02-17;2025-02-18;2025-02-19;2025-02-20;2025-02-21;2025-02-22;2025-02-23;2025-02-24;2025-02-25;2025-02-26;2025-02-27;2025-02-28;2025-03-01;2025-03-02,,2025-03-02,9600.0,10800.0,10800.0,22.6613550600929,28.376304631195186,33.63658190538742,60.42202659877052,78464.47954817743,1587.766390070503,3631.848954318787,48371.580836683905,6957.224716160358,55328.805552844264,48371.580836683905,48371.58078831232,41946.75333988656,1452.0964108872604,lexicographic,4.837158078831232e-05,4.1946753297939815e-05,False,0.11257230000046548,0.0,1,0
2025-03-04,False,calendar_trend,4,1.0,7,1.0,0,calibrated_quantile,2025-02-04;2025-02-05;2025-02-06;2025-02-07;2025-02-08;2025-02-09;2025-02-10;2025-02-11;2025-02-12;2025-02-13;2025-02-14;2025-02-15;2025-02-16;2025-02-17;2025-02-18;2025-02-19;2025-02-20;2025-02-21;2025-02-22;2025-02-23;2025-02-24;2025-02-25;2025-02-26;2025-02-27;2025-02-28;2025-03-01;2025-03-02;2025-03-03,28,6215.789959365471,2025-02-04;2025-02-05;2025-02-06;2025-02-07;2025-02-08;2025-02-09;2025-02-10;2025-02-11;2025-02-12;2025-02-13;2025-02-14;2025-02-15;2025-02-16;2025-02-17;2025-02-18;2025-02-19;2025-02-20;2025-02-21;2025-02-22;2025-02-23;2025-02-24;2025-02-25;2025-02-26;2025-02-27;2025-02-28;2025-03-01;2025-03-02;2025-03-03,2025-02-18;2025-02-19;2025-02-20;2025-02-21;2025-02-22;2025-02-23;2025-02-24;2025-02-25;2025-02-26;2025-02-27;2025-02-28;2025-03-01;2025-03-02;2025-03-03,,2025-03-03,9600.0,10800.0,10800.0,16.85649372366484,21.455899820686284,15.258138294737957,30.807775690390667,79385.90723232736,210.04920475201666,5979.246654306966,49100.105709987416,853.306970112986,49953.4126801004,49100.105709987416,49100.105660887304,42080.13603939342,1420.6122185099084,lexicographic,4.910010566088731e-05,4.208013599731329e-05,False,0.1447239000008267,0.0,1,0
2025-03-05,False,calendar_trend,4,1.0,7,1.0,0,calibrated_quantile,2025-02-05;2025-02-06;2025-02-07;2025-02-08;2025-02-09;2025-02-10;2025-02-11;2025-02-12;2025-02-13;2025-02-14;2025-02-15;2025-02-16;2025-02-17;2025-02-18;2025-02-19;2025-02-20;2025-02-21;2025-02-22;2025-02-23;2025-02-24;2025-02-25;2025-02-26;2025-02-27;2025-02-28;2025-03-01;2025-03-02;2025-03-03;2025-03-04,28,6137.704702081419,2025-02-05;2025-02-06;2025-02-07;2025-02-08;2025-02-09;2025-02-10;2025-02-11;2025-02-12;2025-02-13;2025-02-14;2025-02-15;2025-02-16;2025-02-17;2025-02-18;2025-02-19;2025-02-20;2025-02-21;2025-02-22;2025-02-23;2025-02-24;2025-02-25;2025-02-26;2025-02-27;2025-02-28;2025-03-01;2025-03-02;2025-03-03;2025-03-04,2025-02-19;2025-02-20;2025-02-21;2025-02-22;2025-02-23;2025-02-24;2025-02-25;2025-02-26;2025-02-27;2025-02-28;2025-03-01;2025-03-02;2025-03-03;2025-03-04,,2025-03-04,9600.0,10800.0,10800.0,19.679206248427835,24.103808523840726,23.93602838099136,42.501408220053506,79570.38938487739,74.33575906706392,9099.941240294625,49124.039462484725,321.56635707965535,49445.60581956438,49124.039462484725,49124.03941336068,42052.12902862901,1439.8306414511248,lexicographic,4.9124039413360683e-05,4.205212898657688e-05,False,0.23439200000211713,0.0,1,0
2025-03-06,False,calendar_trend,4,1.0,7,1.0,0,calibrated_quantile,2025-02-06;2025-02-07;2025-02-08;2025-02-09;2025-02-10;2025-02-11;2025-02-12;2025-02-13;2025-02-14;2025-02-15;2025-02-16;2025-02-17;2025-02-18;2025-02-19;2025-02-20;2025-02-21;2025-02-22;2025-02-23;2025-02-24;2025-02-25;2025-02-26;2025-02-27;2025-02-28;2025-03-01;2025-03-02;2025-03-03;2025-03-04;2025-03-05,28,6039.918434236619,2025-02-06;2025-02-07;2025-02-08;2025-02-09;2025-02-10;2025-02-11;2025-02-12;2025-02-13;2025-02-14;2025-02-15;2025-02-16;2025-02-17;2025-02-18;2025-02-19;2025-02-20;2025-02-21;2025-02-22;2025-02-23;2025-02-24;2025-02-25;2025-02-26;2025-02-27;2025-02-28;2025-03-01;2025-03-02;2025-03-03;2025-03-04;2025-03-05,2025-02-20;2025-02-21;2025-02-22;2025-02-23;2025-02-24;2025-02-25;2025-02-26;2025-02-27;2025-02-28;2025-03-01;2025-03-02;2025-03-03;2025-03-04;2025-03-05,,2025-03-05,9600.0,10800.0,10800.0,19.838053436122063,24.33480606663001,17.961896832931917,31.17606947543317,78610.35138752245,167.4957474809987,8412.22806681578,48513.6553716925,644.0252501556427,49157.68062184814,48513.6553716925,48513.655323178835,42153.6133267702,1422.2489529737627,lexicographic,4.851365532317884e-05,4.2153613284616594e-05,False,0.234655100000964,0.0,1,0
2025-03-07,False,calendar_trend,4,1.0,7,1.0,0,calibrated_quantile,2025-02-07;2025-02-08;2025-02-09;2025-02-10;2025-02-11;2025-02-12;2025-02-13;2025-02-14;2025-02-15;2025-02-16;2025-02-17;2025-02-18;2025-02-19;2025-02-20;2025-02-21;2025-02-22;2025-02-23;2025-02-24;2025-02-25;2025-02-26;2025-02-27;2025-02-28;2025-03-01;2025-03-02;2025-03-03;2025-03-04;2025-03-05;2025-03-06,28,5996.765993798301,2025-02-07;2025-02-08;2025-02-09;2025-02-10;2025-02-11;2025-02-12;2025-02-13;2025-02-14;2025-02-15;2025-02-16;2025-02-17;2025-02-18;2025-02-19;2025-02-20;2025-02-21;2025-02-22;2025-02-23;2025-02-24;2025-02-25;2025-02-26;2025-02-27;2025-02-28;2025-03-01;2025-03-02;2025-03-03;2025-03-04;2025-03-05;2025-03-06,2025-02-21;2025-02-22;2025-02-23;2025-02-24;2025-02-25;2025-02-26;2025-02-27;2025-02-28;2025-03-01;2025-03-02;2025-03-03;2025-03-04;2025-03-05;2025-03-06,,2025-03-06,9600.0,10800.0,10800.0,19.975198987341553,25.75503636502311,14.820691023065725,32.54084539264572,35179.547915991905,72.05168401645213,10275.980739116147,18325.928688512464,216.29097023215002,18542.219658744612,18325.928688512464,18325.92867018654,38613.333278324055,1294.2340756273898,lexicographic,1.832592867018654e-05,3.8613333239710726e-05,False,0.18931130000055418,0.0,1,0
2025-03-08,False,calendar_trend,4,1.0,7,1.0,0,calibrated_quantile,2025-02-08;2025-02-09;2025-02-10;2025-02-11;2025-02-12;2025-02-13;2025-02-14;2025-02-15;2025-02-16;2025-02-17;2025-02-18;2025-02-19;2025-02-20;2025-02-21;2025-02-22;2025-02-23;2025-02-24;2025-02-25;2025-02-26;2025-02-27;2025-02-28;2025-03-01;2025-03-02;2025-03-03;2025-03-04;2025-03-05;2025-03-06;2025-03-07,28,5964.9648243644715,2025-02-08;2025-02-09;2025-02-10;2025-02-11;2025-02-12;2025-02-13;2025-02-14;2025-02-15;2025-02-16;2025-02-17;2025-02-18;2025-02-19;2025-02-20;2025-02-21;2025-02-22;2025-02-23;2025-02-24;2025-02-25;2025-02-26;2025-02-27;2025-02-28;2025-03-01;2025-03-02;2025-03-03;2025-03-04;2025-03-05;2025-03-06;2025-03-07,2025-02-22;2025-02-23;2025-02-24;2025-02-25;2025-02-26;2025-02-27;2025-02-28;2025-03-01;2025-03-02;2025-03-03;2025-03-04;2025-03-05;2025-03-06;2025-03-07,,2025-03-07,9600.0,10800.0,10800.0,16.0138439077521,19.8658059587557,24.233868457296165,41.89001172601177,34369.56540632754,116.29765312292852,11369.39021503181,17953.506086487414,335.1570219530933,18288.66310844051,17953.50608648741,17953.5060685339,38613.3332801637,1423.4748492082745,lexicographic,1.7953506068533903e-05,3.8613333241550366e-05,False,0.17767780000212952,0.0,1,0
2025-03-09,False,calendar_trend,4,1.0,7,1.0,0,calibrated_quantile,2025-02-09;2025-02-10;2025-02-11;2025-02-12;2025-02-13;2025-02-14;2025-02-15;2025-02-16;2025-02-17;2025-02-18;2025-02-19;2025-02-20;2025-02-21;2025-02-22;2025-02-23;2025-02-24;2025-02-25;2025-02-26;2025-02-27;2025-02-28;2025-03-01;2025-03-02;2025-03-03;2025-03-04;2025-03-05;2025-03-06;2025-03-07;2025-03-08,28,5956.906043140116,2025-02-09;2025-02-10;2025-02-11;2025-02-12;2025-02-13;2025-02-14;2025-02-15;2025-02-16;2025-02-17;2025-02-18;2025-02-19;2025-02-20;2025-02-21;2025-02-22;2025-02-23;2025-02-24;2025-02-25;2025-02-26;2025-02-27;2025-02-28;2025-03-01;2025-03-02;2025-03-03;2025-03-04;2025-03-05;2025-03-06;2025-03-07;2025-03-08,2025-02-23;2025-02-24;2025-02-25;2025-02-26;2025-02-27;2025-02-28;2025-03-01;2025-03-02;2025-03-03;2025-03-04;2025-03-05;2025-03-06;2025-03-07;2025-03-08,,2025-03-08,9600.0,10800.0,10800.0,25.063681345091243,32.295136171024815,29.033803738058616,59.639386607676336,75197.45152117663,410.04067279740775,7894.134518644494,45974.77568363797,1689.2596548046208,47664.03533844259,45974.77568363797,45974.77563766319,41723.668693928856,1432.0444760316132,lexicographic,4.597477563766319e-05,4.172366865220519e-05,False,0.15361920000214013,0.0,1,0
2025-03-10,False,calendar_trend,4,1.0,7,1.0,0,calibrated_quantile,2025-02-10;2025-02-11;2025-02-12;2025-02-13;2025-02-14;2025-02-15;2025-02-16;2025-02-17;2025-02-18;2025-02-19;2025-02-20;2025-02-21;2025-02-22;2025-02-23;2025-02-24;2025-02-25;2025-02-26;2025-02-27;2025-02-28;2025-03-01;2025-03-02;2025-03-03;2025-03-04;2025-03-05;2025-03-06;2025-03-07;2025-03-08;2025-03-09,28,5679.066076591047,2025-02-10;2025-02-11;2025-02-12;2025-02-13;2025-02-14;2025-02-15;2025-02-16;2025-02-17;2025-02-18;2025-02-19;2025-02-20;2025-02-21;2025-02-22;2025-02-23;2025-02-24;2025-02-25;2025-02-26;2025-02-27;2025-02-28;2025-03-01;2025-03-02;2025-03-03;2025-03-04;2025-03-05;2025-03-06;2025-03-07;2025-03-08;2025-03-09,2025-02-24;2025-02-25;2025-02-26;2025-02-27;2025-02-28;2025-03-01;2025-03-02;2025-03-03;2025-03-04;2025-03-05;2025-03-06;2025-03-07;2025-03-08;2025-03-09,,2025-03-09,9600.0,10800.0,10800.0,29.118742440280144,35.33626726553916,20.603450367633357,45.05071201577951,74586.03294157083,1706.7391507699713,3869.5429067684217,45545.21846106952,5595.1230449013165,51140.341505970835,45545.21846106952,45545.218415524294,41736.29211255789,1439.1290649972907,lexicographic,4.55452184155243e-05,4.17362920708216e-05,False,0.1684921000014583,0.0,1,0
2025-03-11,False,calendar_trend,4,1.0,7,1.0,0,calibrated_quantile,2025-02-11;2025-02-12;2025-02-13;2025-02-14;2025-02-15;2025-02-16;2025-02-17;2025-02-18;2025-02-19;2025-02-20;2025-02-21;2025-02-22;2025-02-23;2025-02-24;2025-02-25;2025-02-26;2025-02-27;2025-02-28;2025-03-01;2025-03-02;2025-03-03;2025-03-04;2025-03-05;2025-03-06;2025-03-07;2025-03-08;2025-03-09;2025-03-10,28,5956.169634767746,2025-02-11;2025-02-12;2025-02-13;2025-02-14;2025-02-15;2025-02-16;2025-02-17;2025-02-18;2025-02-19;2025-02-20;2025-02-21;2025-02-22;2025-02-23;2025-02-24;2025-02-25;2025-02-26;2025-02-27;2025-02-28;2025-03-01;2025-03-02;2025-03-03;2025-03-04;2025-03-05;2025-03-06;2025-03-07;2025-03-08;2025-03-09;2025-03-10,2025-02-25;2025-02-26;2025-02-27;2025-02-28;2025-03-01;2025-03-02;2025-03-03;2025-03-04;2025-03-05;2025-03-06;2025-03-07;2025-03-08;2025-03-09;2025-03-10,,2025-03-10,9600.0,10800.0,10800.0,24.351961122653595,29.879442305903826,27.493723980180203,53.245444471812036,75575.51587456165,284.8728956901974,7509.292258663194,46067.92801399625,1062.5826280643407,47130.51064206059,46067.92801399625,46067.92796792832,42031.798199871,1435.4506037034753,lexicographic,4.606792796792833e-05,4.203179815783921e-05,False,0.13715589999992517,0.0,1,0
2025-03-12,False,calendar_trend,4,1.0,7,1.0,0,calibrated_quantile,2025-02-12;2025-02-13;2025-02-14;2025-02-15;2025-02-16;2025-02-17;2025-02-18;2025-02-19;2025-02-20;2025-02-21;2025-02-22;2025-02-23;2025-02-24;2025-02-25;2025-02-26;2025-02-27;2025-02-28;2025-03-01;2025-03-02;2025-03-03;2025-03-04;2025-03-05;2025-03-06;2025-03-07;2025-03-08;2025-03-09;2025-03-10;2025-03-11,28,5971.903829564024,2025-02-12;2025-02-13;2025-02-14;2025-02-15;2025-02-16;2025-02-17;2025-02-18;2025-02-19;2025-02-20;2025-02-21;2025-02-22;2025-02-23;2025-02-24;2025-02-25;2025-02-26;2025-02-27;2025-02-28;2025-03-01;2025-03-02;2025-03-03;2025-03-04;2025-03-05;2025-03-06;2025-03-07;2025-03-08;2025-03-09;2025-03-10;2025-03-11,2025-02-26;2025-02-27;2025-02-28;2025-03-01;2025-03-02;2025-03-03;2025-03-04;2025-03-05;2025-03-06;2025-03-07;2025-03-08;2025-03-09;2025-03-10;2025-03-11,,2025-03-11,9600.0,10800.0,10800.0,22.748126630545173,28.749877356171716,28.55237636179508,51.06214471161851,74541.67566730798,391.4499241732118,8215.244250044143,45409.70391891216,1355.5471616878917,46765.25108060005,45409.70391891214,45409.70387350244,40794.986585093415,1455.2969822602295,lexicographic,4.5409703873502444e-05,4.0794986544298445e-05,False,0.21383179999975255,0.0,1,0
2025-03-13,False,calendar_trend,4,1.0,7,1.0,0,calibrated_quantile,2025-02-13;2025-02-14;2025-02-15;2025-02-16;2025-02-17;2025-02-18;2025-02-19;2025-02-20;2025-02-21;2025-02-22;2025-02-23;2025-02-24;2025-02-25;2025-02-26;2025-02-27;2025-02-28;2025-03-01;2025-03-02;2025-03-03;2025-03-04;2025-03-05;2025-03-06;2025-03-07;2025-03-08;2025-03-09;2025-03-10;2025-03-11;2025-03-12,28,5937.150546868808,2025-02-13;2025-02-14;2025-02-15;2025-02-16;2025-02-17;2025-02-18;2025-02-19;2025-02-20;2025-02-21;2025-02-22;2025-02-23;2025-02-24;2025-02-25;2025-02-26;2025-02-27;2025-02-28;2025-03-01;2025-03-02;2025-03-03;2025-03-04;2025-03-05;2025-03-06;2025-03-07;2025-03-08;2025-03-09;2025-03-10;2025-03-11;2025-03-12,2025-02-27;2025-02-28;2025-03-01;2025-03-02;2025-03-03;2025-03-04;2025-03-05;2025-03-06;2025-03-07;2025-03-08;2025-03-09;2025-03-10;2025-03-11;2025-03-12,,2025-03-12,9600.0,10800.0,10800.0,22.617620046756493,27.966202559383973,33.68724494888846,64.40728971267762,73085.93690726341,2338.2093920307766,3612.041965149728,44396.86105880994,9299.199659010132,53696.06071782007,44396.86105880994,44396.86101441308,40643.895971762075,1456.2242430024583,lexicographic,4.439686101441308e-05,4.064389593111819e-05,False,0.16503600000214647,0.0,1,0
2025-03-14,False,calendar_trend,4,1.0,7,1.0,0,calibrated_quantile,2025-02-14;2025-02-15;2025-02-16;2025-02-17;2025-02-18;2025-02-19;2025-02-20;2025-02-21;2025-02-22;2025-02-23;2025-02-24;2025-02-25;2025-02-26;2025-02-27;2025-02-28;2025-03-01;2025-03-02;2025-03-03;2025-03-04;2025-03-05;2025-03-06;2025-03-07;2025-03-08;2025-03-09;2025-03-10;2025-03-11;2025-03-12;2025-03-13,28,6323.734852957177,2025-02-14;2025-02-15;2025-02-16;2025-02-17;2025-02-18;2025-02-19;2025-02-20;2025-02-21;2025-02-22;2025-02-23;2025-02-24;2025-02-25;2025-02-26;2025-02-27;2025-02-28;2025-03-01;2025-03-02;2025-03-03;2025-03-04;2025-03-05;2025-03-06;2025-03-07;2025-03-08;2025-03-09;2025-03-10;2025-03-11;2025-03-12;2025-03-13,2025-02-28;2025-03-01;2025-03-02;2025-03-03;2025-03-04;2025-03-05;2025-03-06;2025-03-07;2025-03-08;2025-03-09;2025-03-10;2025-03-11;2025-03-12;2025-03-13,,2025-03-13,9600.0,10800.0,10800.0,18.975360369406076,22.234166698211567,24.396266512267836,49.459478468086445,33746.09569994078,204.4352607022099,13867.771649301876,17460.88691013734,872.1708007202908,18333.05771085763,17460.88691013734,17460.88689267645,38613.33328260034,1283.1166744170805,lexicographic,1.7460886892676452e-05,3.8613333243987016e-05,False,0.1387949000018125,0.0,1,0
2025-03-15,False,calendar_trend,4,1.0,7,1.0,0,calibrated_quantile,2025-02-15;2025-02-16;2025-02-17;2025-02-18;2025-02-19;2025-02-20;2025-02-21;2025-02-22;2025-02-23;2025-02-24;2025-02-25;2025-02-26;2025-02-27;2025-02-28;2025-03-01;2025-03-02;2025-03-03;2025-03-04;2025-03-05;2025-03-06;2025-03-07;2025-03-08;2025-03-09;2025-03-10;2025-03-11;2025-03-12;2025-03-13;2025-03-14,28,6279.558382736206,2025-02-15;2025-02-16;2025-02-17;2025-02-18;2025-02-19;2025-02-20;2025-02-21;2025-02-22;2025-02-23;2025-02-24;2025-02-25;2025-02-26;2025-02-27;2025-02-28;2025-03-01;2025-03-02;2025-03-03;2025-03-04;2025-03-05;2025-03-06;2025-03-07;2025-03-08;2025-03-09;2025-03-10;2025-03-11;2025-03-12;2025-03-13;2025-03-14,2025-03-01;2025-03-02;2025-03-03;2025-03-04;2025-03-05;2025-03-06;2025-03-07;2025-03-08;2025-03-09;2025-03-10;2025-03-11;2025-03-12;2025-03-13;2025-03-14,,2025-03-14,9600.0,10800.0,10800.0,18.250679466683923,23.378390566206374,32.729708194503765,65.42600981365958,33360.87684696799,849.3835908717577,9232.801959762726,17320.02862757979,2640.718319391531,19960.74694697132,17320.02862757979,17320.028610259767,38613.333283260145,1399.4322285145317,lexicographic,1.7320028610259768e-05,3.8613333244646834e-05,False,0.14407639999990351,0.0,1,0
2025-03-16,False,calendar_trend,4,1.0,7,1.0,0,calibrated_quantile,2025-02-16;2025-02-17;2025-02-18;2025-02-19;2025-02-20;2025-02-21;2025-02-22;2025-02-23;2025-02-24;2025-02-25;2025-02-26;2025-02-27;2025-02-28;2025-03-01;2025-03-02;2025-03-03;2025-03-04;2025-03-05;2025-03-06;2025-03-07;2025-03-08;2025-03-09;2025-03-10;2025-03-11;2025-03-12;2025-03-13;2025-03-14;2025-03-15,28,6552.415988648183,2025-02-16;2025-02-17;2025-02-18;2025-02-19;2025-02-20;2025-02-21;2025-02-22;2025-02-23;2025-02-24;2025-02-25;2025-02-26;2025-02-27;2025-02-28;2025-03-01;2025-03-02;2025-03-03;2025-03-04;2025-03-05;2025-03-06;2025-03-07;2025-03-08;2025-03-09;2025-03-10;2025-03-11;2025-03-12;2025-03-13;2025-03-14;2025-03-15,2025-03-02;2025-03-03;2025-03-04;2025-03-05;2025-03-06;2025-03-07;2025-03-08;2025-03-09;2025-03-10;2025-03-11;2025-03-12;2025-03-13;2025-03-14;2025-03-15,,2025-03-15,9600.0,10800.0,10800.0,25.784424387701698,32.38313635442051,22.753964938805623,44.89371197218628,72158.84966223637,1012.3307133562535,5607.862646340633,43766.00906452452,4197.2332021592165,47963.24226668374,43766.00906452452,43766.00902075853,40127.421792698864,1444.112174296124,lexicographic,4.376600902075853e-05,4.012742175257144e-05,False,0.1443080999997619,0.0,1,0
2025-03-17,False,calendar_trend,4,1.0,7,1.0,0,calibrated_quantile,2025-02-17;2025-02-18;2025-02-19;2025-02-20;2025-02-21;2025-02-22;2025-02-23;2025-02-24;2025-02-25;2025-02-26;2025-02-27;2025-02-28;2025-03-01;2025-03-02;2025-03-03;2025-03-04;2025-03-05;2025-03-06;2025-03-07;2025-03-08;2025-03-09;2025-03-10;2025-03-11;2025-03-12;2025-03-13;2025-03-14;2025-03-15;2025-03-16,28,6421.38483556631,2025-02-17;2025-02-18;2025-02-19;2025-02-20;2025-02-21;2025-02-22;2025-02-23;2025-02-24;2025-02-25;2025-02-26;2025-02-27;2025-02-28;2025-03-01;2025-03-02;2025-03-03;2025-03-04;2025-03-05;2025-03-06;2025-03-07;2025-03-08;2025-03-09;2025-03-10;2025-03-11;2025-03-12;2025-03-13;2025-03-14;2025-03-15;2025-03-16,2025-03-03;2025-03-04;2025-03-05;2025-03-06;2025-03-07;2025-03-08;2025-03-09;2025-03-10;2025-03-11;2025-03-12;2025-03-13;2025-03-14;2025-03-15;2025-03-16,,2025-03-16,9600.0,10800.0,10800.0,23.711794705065515,30.987163520570185,36.042636313145195,64.52332362071456,72795.02681492377,175.8630660191489,10872.79269481883,44095.36644407318,708.1661046714369,44803.53254874462,44095.36644407318,44095.36639997784,40391.25269763828,1462.2866557829816,lexicographic,4.409536639997784e-05,4.039125265724704e-05,False,0.10837209999954212,0.0,1,0
2025-03-18,False,calendar_trend,4,1.0,7,1.0,0,calibrated_quantile,2025-02-18;2025-02-19;2025-02-20;2025-02-21;2025-02-22;2025-02-23;2025-02-24;2025-02-25;2025-02-26;2025-02-27;2025-02-28;2025-03-01;2025-03-02;2025-03-03;2025-03-04;2025-03-05;2025-03-06;2025-03-07;2025-03-08;2025-03-09;2025-03-10;2025-03-11;2025-03-12;2025-03-13;2025-03-14;2025-03-15;2025-03-16;2025-03-17,28,6408.421873899904,2025-02-18;2025-02-19;2025-02-20;2025-02-21;2025-02-22;2025-02-23;2025-02-24;2025-02-25;2025-02-26;2025-02-27;2025-02-28;2025-03-01;2025-03-02;2025-03-03;2025-03-04;2025-03-05;2025-03-06;2025-03-07;2025-03-08;2025-03-09;2025-03-10;2025-03-11;2025-03-12;2025-03-13;2025-03-14;2025-03-15;2025-03-16;2025-03-17,2025-03-04;2025-03-05;2025-03-06;2025-03-07;2025-03-08;2025-03-09;2025-03-10;2025-03-11;2025-03-12;2025-03-13;2025-03-14;2025-03-15;2025-03-16;2025-03-17,,2025-03-17,9600.0,10800.0,10800.0,21.387982409491954,26.169069630110123,21.148833475785327,41.238672156556504,72197.10893983104,779.5373840773772,7647.655513254511,43677.851012445084,3954.9514287792417,47632.802441224325,43677.851012445084,43677.85096876726,40039.41433482585,1439.1860269052695,lexicographic,4.367785096876726e-05,4.003941429478644e-05,False,0.1945400000004156,0.0,1,0
2025-03-19,False,calendar_trend,4,1.0,7,1.0,0,calibrated_quantile,2025-02-19;2025-02-20;2025-02-21;2025-02-22;2025-02-23;2025-02-24;2025-02-25;2025-02-26;2025-02-27;2025-02-28;2025-03-01;2025-03-02;2025-03-03;2025-03-04;2025-03-05;2025-03-06;2025-03-07;2025-03-08;2025-03-09;2025-03-10;2025-03-11;2025-03-12;2025-03-13;2025-03-14;2025-03-15;2025-03-16;2025-03-17;2025-03-18,28,6414.9292163305045,2025-02-19;2025-02-20;2025-02-21;2025-02-22;2025-02-23;2025-02-24;2025-02-25;2025-02-26;2025-02-27;2025-02-28;2025-03-01;2025-03-02;2025-03-03;2025-03-04;2025-03-05;2025-03-06;2025-03-07;2025-03-08;2025-03-09;2025-03-10;2025-03-11;2025-03-12;2025-03-13;2025-03-14;2025-03-15;2025-03-16;2025-03-17;2025-03-18,2025-03-05;2025-03-06;2025-03-07;2025-03-08;2025-03-09;2025-03-10;2025-03-11;2025-03-12;2025-03-13;2025-03-14;2025-03-15;2025-03-16;2025-03-17;2025-03-18,,2025-03-18,9600.0,10800.0,10800.0,19.249675478856926,23.92278907950958,24.95165756044739,45.30216492525305,72482.55825451772,169.42410318484042,9014.00221999893,43924.84795583925,867.4636825045505,44792.3116383438,43924.84795583925,43924.847911914396,39748.64491970306,1454.019995114377,lexicographic,4.3924847911914396e-05,3.974864487995443e-05,False,0.11658059999899706,0.0,1,0
2025-03-20,False,calendar_trend,4,1.0,7,1.0,0,calibrated_quantile,2025-02-20;2025-02-21;2025-02-22;2025-02-23;2025-02-24;2025-02-25;2025-02-26;2025-02-27;2025-02-28;2025-03-01;2025-03-02;2025-03-03;2025-03-04;2025-03-05;2025-03-06;2025-03-07;2025-03-08;2025-03-09;2025-03-10;2025-03-11;2025-03-12;2025-03-13;2025-03-14;2025-03-15;2025-03-16;2025-03-17;2025-03-18;2025-03-19,28,6299.069200050344,2025-02-20;2025-02-21;2025-02-22;2025-02-23;2025-02-24;2025-02-25;2025-02-26;2025-02-27;2025-02-28;2025-03-01;2025-03-02;2025-03-03;2025-03-04;2025-03-05;2025-03-06;2025-03-07;2025-03-08;2025-03-09;2025-03-10;2025-03-11;2025-03-12;2025-03-13;2025-03-14;2025-03-15;2025-03-16;2025-03-17;2025-03-18;2025-03-19,2025-03-06;2025-03-07;2025-03-08;2025-03-09;2025-03-10;2025-03-11;2025-03-12;2025-03-13;2025-03-14;2025-03-15;2025-03-16;2025-03-17;2025-03-18;2025-03-19,,2025-03-19,9600.0,10800.0,10800.0,20.002082829298942,25.428818180368232,16.172430392914656,30.256594249664076,71384.24897318291,484.5143431481046,5488.317695689027,43290.693477300556,1897.0748529495982,45187.768330250154,43290.69347730055,43290.693434009845,39738.87202734392,1436.8404860384449,lexicographic,4.3290693434009846e-05,3.973887198760505e-05,False,0.1267729999999574,0.0,1,0
2025-03-21,False,calendar_trend,4,1.0,7,1.0,0,calibrated_quantile,2025-02-21;2025-02-22;2025-02-23;2025-02-24;2025-02-25;2025-02-26;2025-02-27;2025-02-28;2025-03-01;2025-03-02;2025-03-03;2025-03-04;2025-03-05;2025-03-06;2025-03-07;2025-03-08;2025-03-09;2025-03-10;2025-03-11;2025-03-12;2025-03-13;2025-03-14;2025-03-15;2025-03-16;2025-03-17;2025-03-18;2025-03-19;2025-03-20,28,6326.251675693388,2025-02-21;2025-02-22;2025-02-23;2025-02-24;2025-02-25;2025-02-26;2025-02-27;2025-02-28;2025-03-01;2025-03-02;2025-03-03;2025-03-04;2025-03-05;2025-03-06;2025-03-07;2025-03-08;2025-03-09;2025-03-10;2025-03-11;2025-03-12;2025-03-13;2025-03-14;2025-03-15;2025-03-16;2025-03-17;2025-03-18;2025-03-19;2025-03-20,2025-03-07;2025-03-08;2025-03-09;2025-03-10;2025-03-11;2025-03-12;2025-03-13;2025-03-14;2025-03-15;2025-03-16;2025-03-17;2025-03-18;2025-03-19;2025-03-20,,2025-03-20,9600.0,10800.0,10800.0,16.748732000140173,21.291864546915942,29.860726092779675,52.807692563366174,33138.30322227692,119.91923206842387,17171.424609418773,16991.493825399848,525.0280787284373,17516.521904128283,16991.493825399844,16991.49380840835,38613.33328500222,1280.5883475755745,lexicographic,1.6991493808408352e-05,3.8613333246388896e-05,False,0.14018229999783216,0.0,1,0
2025-03-22,False,calendar_trend,4,1.0,7,1.0,0,calibrated_quantile,2025-02-22;2025-02-23;2025-02-24;2025-02-25;2025-02-26;2025-02-27;2025-02-28;2025-03-01;2025-03-02;2025-03-03;2025-03-04;2025-03-05;2025-03-06;2025-03-07;2025-03-08;2025-03-09;2025-03-10;2025-03-11;2025-03-12;2025-03-13;2025-03-14;2025-03-15;2025-03-16;2025-03-17;2025-03-18;2025-03-19;2025-03-20;2025-03-21,28,6332.194887036712,2025-02-22;2025-02-23;2025-02-24;2025-02-25;2025-02-26;2025-02-27;2025-02-28;2025-03-01;2025-03-02;2025-03-03;2025-03-04;2025-03-05;2025-03-06;2025-03-07;2025-03-08;2025-03-09;2025-03-10;2025-03-11;2025-03-12;2025-03-13;2025-03-14;2025-03-15;2025-03-16;2025-03-17;2025-03-18;2025-03-19;2025-03-20;2025-03-21,2025-03-08;2025-03-09;2025-03-10;2025-03-11;2025-03-12;2025-03-13;2025-03-14;2025-03-15;2025-03-16;2025-03-17;2025-03-18;2025-03-19;2025-03-20;2025-03-21,,2025-03-21,9600.0,10800.0,10800.0,17.351942670888775,21.61273114503918,18.512901450762627,36.568380347041796,33107.76576449405,330.2125196940899,13503.445222623097,17032.271789290604,1351.768598998274,18384.04038828888,17032.271789290608,17032.271772258333,38613.333284733635,1420.2097864459356,lexicographic,1.7032271772258332e-05,3.8613333246120306e-05,False,0.16010539999842877,0.0,1,0
2025-03-23,False,calendar_trend,4,1.0,7,1.0,0,calibrated_quantile,2025-02-23;2025-02-24;2025-02-25;2025-02-26;2025-02-27;2025-02-28;2025-03-01;2025-03-02;2025-03-03;2025-03-04;2025-03-05;2025-03-06;2025-03-07;2025-03-08;2025-03-09;2025-03-10;2025-03-11;2025-03-12;2025-03-13;2025-03-14;2025-03-15;2025-03-16;2025-03-17;2025-03-18;2025-03-19;2025-03-20;2025-03-21;2025-03-22,28,6351.7618350016855,2025-02-23;2025-02-24;2025-02-25;2025-02-26;2025-02-27;2025-02-28;2025-03-01;2025-03-02;2025-03-03;2025-03-04;2025-03-05;2025-03-06;2025-03-07;2025-03-08;2025-03-09;2025-03-10;2025-03-11;2025-03-12;2025-03-13;2025-03-14;2025-03-15;2025-03-16;2025-03-17;2025-03-18;2025-03-19;2025-03-20;2025-03-21;2025-03-22,2025-03-09;2025-03-10;2025-03-11;2025-03-12;2025-03-13;2025-03-14;2025-03-15;2025-03-16;2025-03-17;2025-03-18;2025-03-19;2025-03-20;2025-03-21;2025-03-22,,2025-03-22,9600.0,10800.0,10800.0,19.70233214336314,24.37452679984644,27.02593149402954,50.60516108808476,69969.67272272376,328.02876492376254,7381.306306368469,42336.60746311095,1237.7136369238265,43574.32110003478,42336.60746311095,42336.60742077432,39502.5361418338,1453.0604492393327,lexicographic,4.2336607420774326e-05,3.9502536102331265e-05,False,0.12335579999853508,0.0,1,0
2025-03-24,False,calendar_trend,4,1.0,7,1.0,0,calibrated_quantile,2025-02-24;2025-02-25;2025-02-26;2025-02-27;2025-02-28;2025-03-01;2025-03-02;2025-03-03;2025-03-04;2025-03-05;2025-03-06;2025-03-07;2025-03-08;2025-03-09;2025-03-10;2025-03-11;2025-03-12;2025-03-13;2025-03-14;2025-03-15;2025-03-16;2025-03-17;2025-03-18;2025-03-19;2025-03-20;2025-03-21;2025-03-22;2025-03-23,28,6360.101897733464,2025-02-24;2025-02-25;2025-02-26;2025-02-27;2025-02-28;2025-03-01;2025-03-02;2025-03-03;2025-03-04;2025-03-05;2025-03-06;2025-03-07;2025-03-08;2025-03-09;2025-03-10;2025-03-11;2025-03-12;2025-03-13;2025-03-14;2025-03-15;2025-03-16;2025-03-17;2025-03-18;2025-03-19;2025-03-20;2025-03-21;2025-03-22;2025-03-23,2025-03-10;2025-03-11;2025-03-12;2025-03-13;2025-03-14;2025-03-15;2025-03-16;2025-03-17;2025-03-18;2025-03-19;2025-03-20;2025-03-21;2025-03-22;2025-03-23,,2025-03-23,9600.0,10800.0,10800.0,18.059982664599048,23.356245137153568,18.88292570017886,36.89156000230932,69704.47579875866,409.27850964191464,8004.843969019591,42238.08796884476,1428.1001430606375,43666.1881119054,42238.08796884476,42238.08792660667,39157.09470234877,1444.6590114782593,lexicographic,4.2238087926606674e-05,3.91570946631917e-05,False,0.13370579999900656,0.0,1,0
2025-03-25,False,calendar_trend,4,1.0,7,1.0,0,calibrated_quantile,2025-02-25;2025-02-26;2025-02-27;2025-02-28;2025-03-01;2025-03-02;2025-03-03;2025-03-04;2025-03-05;2025-03-06;2025-03-07;2025-03-08;2025-03-09;2025-03-10;2025-03-11;2025-03-12;2025-03-13;2025-03-14;2025-03-15;2025-03-16;2025-03-17;2025-03-18;2025-03-19;2025-03-20;2025-03-21;2025-03-22;2025-03-23;2025-03-24,28,6375.298644870495,2025-02-25;2025-02-26;2025-02-27;2025-02-28;2025-03-01;2025-03-02;2025-03-03;2025-03-04;2025-03-05;2025-03-06;2025-03-07;2025-03-08;2025-03-09;2025-03-10;2025-03-11;2025-03-12;2025-03-13;2025-03-14;2025-03-15;2025-03-16;2025-03-17;2025-03-18;2025-03-19;2025-03-20;2025-03-21;2025-03-22;2025-03-23;2025-03-24,2025-03-11;2025-03-12;2025-03-13;2025-03-14;2025-03-15;2025-03-16;2025-03-17;2025-03-18;2025-03-19;2025-03-20;2025-03-21;2025-03-22;2025-03-23;2025-03-24,,2025-03-24,9600.0,10800.0,10800.0,20.271215980273432,25.267018225016216,23.24003620580659,46.89553675346793,69601.59940274752,784.3541181873347,5320.413534214695,42058.3218706071,3167.4316917538313,45225.75356236093,42058.321870607106,42058.32182854876,39204.745467351786,1439.706097555777,lexicographic,4.2058321828548765e-05,3.920474542814705e-05,False,0.13797150000027614,0.0,1,0
2025-03-26,False,calendar_trend,4,1.0,7,1.0,0,calibrated_quantile,2025-02-26;2025-02-27;2025-02-28;2025-03-01;2025-03-02;2025-03-03;2025-03-04;2025-03-05;2025-03-06;2025-03-07;2025-03-08;2025-03-09;2025-03-10;2025-03-11;2025-03-12;2025-03-13;2025-03-14;2025-03-15;2025-03-16;2025-03-17;2025-03-18;2025-03-19;2025-03-20;2025-03-21;2025-03-22;2025-03-23;2025-03-24;2025-03-25,28,6597.507272550391,2025-02-26;2025-02-27;2025-02-28;2025-03-01;2025-03-02;2025-03-03;2025-03-04;2025-03-05;2025-03-06;2025-03-07;2025-03-08;2025-03-09;2025-03-10;2025-03-11;2025-03-12;2025-03-13;2025-03-14;2025-03-15;2025-03-16;2025-03-17;2025-03-18;2025-03-19;2025-03-20;2025-03-21;2025-03-22;2025-03-23;2025-03-24;2025-03-25,2025-03-12;2025-03-13;2025-03-14;2025-03-15;2025-03-16;2025-03-17;2025-03-18;2025-03-19;2025-03-20;2025-03-21;2025-03-22;2025-03-23;2025-03-24;2025-03-25,,2025-03-25,9600.0,10800.0,10800.0,18.956634119709946,24.01274923991405,28.09421810518303,56.57767481930464,70410.76226863125,109.09546195551559,10771.175069849443,42619.3730128732,364.5412325608127,42983.91424543401,42619.3730128732,42619.37297025382,39592.58582772589,1441.608397035283,lexicographic,4.261937297025382e-05,3.959258578813331e-05,False,0.20238349999999627,0.0,1,0
2025-03-27,False,calendar_trend,4,1.0,7,1.0,0,calibrated_quantile,2025-02-27;2025-02-28;2025-03-01;2025-03-02;2025-03-03;2025-03-04;2025-03-05;2025-03-06;2025-03-07;2025-03-08;2025-03-09;2025-03-10;2025-03-11;2025-03-12;2025-03-13;2025-03-14;2025-03-15;2025-03-16;2025-03-17;2025-03-18;2025-03-19;2025-03-20;2025-03-21;2025-03-22;2025-03-23;2025-03-24;2025-03-25;2025-03-26,28,6539.4178541479305,2025-02-27;2025-02-28;2025-03-01;2025-03-02;2025-03-03;2025-03-04;2025-03-05;2025-03-06;2025-03-07;2025-03-08;2025-03-09;2025-03-10;2025-03-11;2025-03-12;2025-03-13;2025-03-14;2025-03-15;2025-03-16;2025-03-17;2025-03-18;2025-03-19;2025-03-20;2025-03-21;2025-03-22;2025-03-23;2025-03-24;2025-03-25;2025-03-26,2025-03-13;2025-03-14;2025-03-15;2025-03-16;2025-03-17;2025-03-18;2025-03-19;2025-03-20;2025-03-21;2025-03-22;2025-03-23;2025-03-24;2025-03-25;2025-03-26,,2025-03-26,9600.0,10800.0,10800.0,20.39303750233857,24.988337060615965,18.50332097006098,34.960375191682985,69009.35753820394,565.4524907616953,6750.557355891875,41832.87691381926,2289.101132334958,44121.97804615422,41832.87691381926,41832.876871986366,39127.086969808035,1443.8465755117213,lexicographic,4.183287687198637e-05,3.9127086930680956e-05,False,0.12117439999929047,0.0,1,0
2025-03-28,False,calendar_trend,4,1.0,7,1.0,0,calibrated_quantile,2025-02-28;2025-03-01;2025-03-02;2025-03-03;2025-03-04;2025-03-05;2025-03-06;2025-03-07;2025-03-08;2025-03-09;2025-03-10;2025-03-11;2025-03-12;2025-03-13;2025-03-14;2025-03-15;2025-03-16;2025-03-17;2025-03-18;2025-03-19;2025-03-20;2025-03-21;2025-03-22;2025-03-23;2025-03-24;2025-03-25;2025-03-26;2025-03-27,28,6665.0697553832915,2025-02-28;2025-03-01;2025-03-02;2025-03-03;2025-03-04;2025-03-05;2025-03-06;2025-03-07;2025-03-08;2025-03-09;2025-03-10;2025-03-11;2025-03-12;2025-03-13;2025-03-14;2025-03-15;2025-03-16;2025-03-17;2025-03-18;2025-03-19;2025-03-20;2025-03-21;2025-03-22;2025-03-23;2025-03-24;2025-03-25;2025-03-26;2025-03-27,2025-03-14;2025-03-15;2025-03-16;2025-03-17;2025-03-18;2025-03-19;2025-03-20;2025-03-21;2025-03-22;2025-03-23;2025-03-24;2025-03-25;2025-03-26;2025-03-27,,2025-03-27,9600.0,10800.0,10800.0,20.12000253968607,24.903008983267245,14.027737211981515,25.639749317763968,32416.520116556436,162.51393375142516,17703.81995030786,16450.11320083345,640.5259601749278,17090.639161008377,16450.113200833446,16450.113184383335,38613.33333333332,1295.4129723631154,lexicographic,1.6450113184383337e-05,3.861333333333333e-05,False,0.14564469999822904,0.0,1,0
2025-03-29,False,calendar_trend,4,1.0,7,1.0,0,calibrated_quantile,2025-03-01;2025-03-02;2025-03-03;2025-03-04;2025-03-05;2025-03-06;2025-03-07;2025-03-08;2025-03-09;2025-03-10;2025-03-11;2025-03-12;2025-03-13;2025-03-14;2025-03-15;2025-03-16;2025-03-17;2025-03-18;2025-03-19;2025-03-20;2025-03-21;2025-03-22;2025-03-23;2025-03-24;2025-03-25;2025-03-26;2025-03-27;2025-03-28,28,6587.65402385417,2025-03-01;2025-03-02;2025-03-03;2025-03-04;2025-03-05;2025-03-06;2025-03-07;2025-03-08;2025-03-09;2025-03-10;2025-03-11;2025-03-12;2025-03-13;2025-03-14;2025-03-15;2025-03-16;2025-03-17;2025-03-18;2025-03-19;2025-03-20;2025-03-21;2025-03-22;2025-03-23;2025-03-24;2025-03-25;2025-03-26;2025-03-27;2025-03-28,2025-03-15;2025-03-16;2025-03-17;2025-03-18;2025-03-19;2025-03-20;2025-03-21;2025-03-22;2025-03-23;2025-03-24;2025-03-25;2025-03-26;2025-03-27;2025-03-28,,2025-03-28,9600.0,10800.0,10800.0,16.594964154894846,20.129766796523146,29.70394640104465,51.273417708058034,32236.26645989833,100.6450375293606,20576.368985502868,16362.913740501484,443.32287785118314,16806.23661835267,16362.913740501484,16362.913724138578,38613.33328816105,1433.3403646135012,lexicographic,1.6362913724138578e-05,3.861333324954773e-05,False,0.12911240000175894,0.0,1,0
2025-03-30,False,calendar_trend,4,1.0,7,1.0,0,calibrated_quantile,2025-03-02;2025-03-03;2025-03-04;2025-03-05;2025-03-06;2025-03-07;2025-03-08;2025-03-09;2025-03-10;2025-03-11;2025-03-12;2025-03-13;2025-03-14;2025-03-15;2025-03-16;2025-03-17;2025-03-18;2025-03-19;2025-03-20;2025-03-21;2025-03-22;2025-03-23;2025-03-24;2025-03-25;2025-03-26;2025-03-27;2025-03-28;2025-03-29,28,6279.0680047819005,2025-03-02;2025-03-03;2025-03-04;2025-03-05;2025-03-06;2025-03-07;2025-03-08;2025-03-09;2025-03-10;2025-03-11;2025-03-12;2025-03-13;2025-03-14;2025-03-15;2025-03-16;2025-03-17;2025-03-18;2025-03-19;2025-03-20;2025-03-21;2025-03-22;2025-03-23;2025-03-24;2025-03-25;2025-03-26;2025-03-27;2025-03-28;2025-03-29,2025-03-16;2025-03-17;2025-03-18;2025-03-19;2025-03-20;2025-03-21;2025-03-22;2025-03-23;2025-03-24;2025-03-25;2025-03-26;2025-03-27;2025-03-28;2025-03-29,,2025-03-29,9600.0,10800.0,10800.0,19.542661390443435,24.626413126298683,18.641560989920986,34.06804639945601,66099.46285074949,545.2706933392288,7228.825198923008,39839.56534774797,2300.257562239571,42139.822909987546,39839.565347747965,39839.56530790841,38774.85498815762,1449.1578815616576,lexicographic,3.983956530790841e-05,3.877485494938277e-05,False,0.13445040000078734,0.0,1,0
2025-03-31,False,calendar_trend,4,1.0,7,1.0,0,calibrated_quantile,2025-03-03;2025-03-04;2025-03-05;2025-03-06;2025-03-07;2025-03-08;2025-03-09;2025-03-10;2025-03-11;2025-03-12;2025-03-13;2025-03-14;2025-03-15;2025-03-16;2025-03-17;2025-03-18;2025-03-19;2025-03-20;2025-03-21;2025-03-22;2025-03-23;2025-03-24;2025-03-25;2025-03-26;2025-03-27;2025-03-28;2025-03-29;2025-03-30,28,5997.56080370356,2025-03-03;2025-03-04;2025-03-05;2025-03-06;2025-03-07;2025-03-08;2025-03-09;2025-03-10;2025-03-11;2025-03-12;2025-03-13;2025-03-14;2025-03-15;2025-03-16;2025-03-17;2025-03-18;2025-03-19;2025-03-20;2025-03-21;2025-03-22;2025-03-23;2025-03-24;2025-03-25;2025-03-26;2025-03-27;2025-03-28;2025-03-29;2025-03-30,2025-03-17;2025-03-18;2025-03-19;2025-03-20;2025-03-21;2025-03-22;2025-03-23;2025-03-24;2025-03-25;2025-03-26;2025-03-27;2025-03-28;2025-03-29;2025-03-30,,2025-03-30,9600.0,10800.0,10800.0,19.19217112236391,23.643980933039185,33.525937869957666,60.0590117975724,65792.35431919718,1722.661427800413,6489.653143522237,39597.669298961395,7253.728741381824,46851.39804034322,39597.6692989614,39597.66925936373,38809.954460300396,1450.385172404036,lexicographic,3.959766925936373e-05,3.880995442149045e-05,False,0.13282510000135517,1.8374711820855132e-16,1,0
2025-04-01,False,calendar_trend,4,1.0,7,1.0,0,calibrated_quantile,2025-03-04;2025-03-05;2025-03-06;2025-03-07;2025-03-08;2025-03-09;2025-03-10;2025-03-11;2025-03-12;2025-03-13;2025-03-14;2025-03-15;2025-03-16;2025-03-17;2025-03-18;2025-03-19;2025-03-20;2025-03-21;2025-03-22;2025-03-23;2025-03-24;2025-03-25;2025-03-26;2025-03-27;2025-03-28;2025-03-29;2025-03-30;2025-03-31,28,6002.701086004343,2025-03-04;2025-03-05;2025-03-06;2025-03-07;2025-03-08;2025-03-09;2025-03-10;2025-03-11;2025-03-12;2025-03-13;2025-03-14;2025-03-15;2025-03-16;2025-03-17;2025-03-18;2025-03-19;2025-03-20;2025-03-21;2025-03-22;2025-03-23;2025-03-24;2025-03-25;2025-03-26;2025-03-27;2025-03-28;2025-03-29;2025-03-30;2025-03-31,2025-03-18;2025-03-19;2025-03-20;2025-03-21;2025-03-22;2025-03-23;2025-03-24;2025-03-25;2025-03-26;2025-03-27;2025-03-28;2025-03-29;2025-03-30;2025-03-31,,2025-03-31,9600.0,10800.0,10800.0,20.88615857934009,26.162497672485326,39.5621617232606,84.80728639162655,65408.075450275464,2683.7550279107736,3798.033097886887,39126.34275360669,7938.654738916192,47064.99749252288,39126.34275360669,39126.34271448034,38914.48427986931,1429.9138757632882,lexicographic,3.912634271448035e-05,3.891448424095484e-05,False,0.13232140000036452,0.0,1,0
2025-04-02,False,calendar_trend,4,1.0,7,1.0,0,calibrated_quantile,2025-03-05;2025-03-06;2025-03-07;2025-03-08;2025-03-09;2025-03-10;2025-03-11;2025-03-12;2025-03-13;2025-03-14;2025-03-15;2025-03-16;2025-03-17;2025-03-18;2025-03-19;2025-03-20;2025-03-21;2025-03-22;2025-03-23;2025-03-24;2025-03-25;2025-03-26;2025-03-27;2025-03-28;2025-03-29;2025-03-30;2025-03-31;2025-04-01,28,6297.604405121438,2025-03-05;2025-03-06;2025-03-07;2025-03-08;2025-03-09;2025-03-10;2025-03-11;2025-03-12;2025-03-13;2025-03-14;2025-03-15;2025-03-16;2025-03-17;2025-03-18;2025-03-19;2025-03-20;2025-03-21;2025-03-22;2025-03-23;2025-03-24;2025-03-25;2025-03-26;2025-03-27;2025-03-28;2025-03-29;2025-03-30;2025-03-31;2025-04-01,2025-03-19;2025-03-20;2025-03-21;2025-03-22;2025-03-23;2025-03-24;2025-03-25;2025-03-26;2025-03-27;2025-03-28;2025-03-29;2025-03-30;2025-03-31;2025-04-01,,2025-04-01,9600.0,10800.0,10800.0,18.38017412984666,22.718597773910975,44.87557388636955,78.25768356543387,66654.91997348637,2151.0303553187823,4283.604216164162,39740.8765029119,9709.686469920529,49450.56297283243,39740.876502911895,39740.876463171044,38934.15468358004,1451.385423367361,lexicographic,3.9740876463171045e-05,3.893415464464589e-05,False,0.12446540000019013,0.0,1,0
2025-04-03,False,calendar_trend,4,1.0,7,1.0,0,calibrated_quantile,2025-03-06;2025-03-07;2025-03-08;2025-03-09;2025-03-10;2025-03-11;2025-03-12;2025-03-13;2025-03-14;2025-03-15;2025-03-16;2025-03-17;2025-03-18;2025-03-19;2025-03-20;2025-03-21;2025-03-22;2025-03-23;2025-03-24;2025-03-25;2025-03-26;2025-03-27;2025-03-28;2025-03-29;2025-03-30;2025-03-31;2025-04-01;2025-04-02,28,6831.454443699498,2025-03-06;2025-03-07;2025-03-08;2025-03-09;2025-03-10;2025-03-11;2025-03-12;2025-03-13;2025-03-14;2025-03-15;2025-03-16;2025-03-17;2025-03-18;2025-03-19;2025-03-20;2025-03-21;2025-03-22;2025-03-23;2025-03-24;2025-03-25;2025-03-26;2025-03-27;2025-03-28;2025-03-29;2025-03-30;2025-03-31;2025-04-01;2025-04-02,2025-03-20;2025-03-21;2025-03-22;2025-03-23;2025-03-24;2025-03-25;2025-03-26;2025-03-27;2025-03-28;2025-03-29;2025-03-30;2025-03-31;2025-04-01;2025-04-02,,2025-04-02,9600.0,10800.0,10800.0,18.466884778584873,23.699937942770504,26.719975829219035,50.110669988680655,68016.36001443515,271.06114347948966,8327.611204070541,40644.84569538326,1222.3874967362667,41867.23319211952,40644.84569538326,40644.8456547384,39022.45386205866,1437.9490477290638,lexicographic,4.06448456547384e-05,3.902245382303622e-05,False,0.1424994000008155,0.0,1,0
2025-04-04,False,calendar_trend,4,1.0,7,1.0,0,calibrated_quantile,2025-03-07;2025-03-08;2025-03-09;2025-03-10;2025-03-11;2025-03-12;2025-03-13;2025-03-14;2025-03-15;2025-03-16;2025-03-17;2025-03-18;2025-03-19;2025-03-20;2025-03-21;2025-03-22;2025-03-23;2025-03-24;2025-03-25;2025-03-26;2025-03-27;2025-03-28;2025-03-29;2025-03-30;2025-03-31;2025-04-01;2025-04-02;2025-04-03,28,6909.918449390832,2025-03-07;2025-03-08;2025-03-09;2025-03-10;2025-03-11;2025-03-12;2025-03-13;2025-03-14;2025-03-15;2025-03-16;2025-03-17;2025-03-18;2025-03-19;2025-03-20;2025-03-21;2025-03-22;2025-03-23;2025-03-24;2025-03-25;2025-03-26;2025-03-27;2025-03-28;2025-03-29;2025-03-30;2025-03-31;2025-04-01;2025-04-02;2025-04-03,2025-03-21;2025-03-22;2025-03-23;2025-03-24;2025-03-25;2025-03-26;2025-03-27;2025-03-28;2025-03-29;2025-03-30;2025-03-31;2025-04-01;2025-04-02;2025-04-03,,2025-04-03,9600.0,10800.0,10800.0,16.05757275106491,19.548527826017885,32.89613916028364,64.16160897152889,31527.923608752448,90.06934426341886,21133.85736968254,15929.156243323208,430.0132552255716,16359.16949854878,15929.15624332321,15929.156227394053,38613.333333333336,1290.2602027935538,lexicographic,1.5929156227394055e-05,3.861333333333334e-05,False,0.14382359999945038,0.0,1,0
2025-04-05,False,calendar_trend,4,1.0,7,1.0,0,calibrated_quantile,2025-03-08;2025-03-09;2025-03-10;2025-03-11;2025-03-12;2025-03-13;2025-03-14;2025-03-15;2025-03-16;2025-03-17;2025-03-18;2025-03-19;2025-03-20;2025-03-21;2025-03-22;2025-03-23;2025-03-24;2025-03-25;2025-03-26;2025-03-27;2025-03-28;2025-03-29;2025-03-30;2025-03-31;2025-04-01;2025-04-02;2025-04-03;2025-04-04,28,6910.8665166665405,2025-03-08;2025-03-09;2025-03-10;2025-03-11;2025-03-12;2025-03-13;2025-03-14;2025-03-15;2025-03-16;2025-03-17;2025-03-18;2025-03-19;2025-03-20;2025-03-21;2025-03-22;2025-03-23;2025-03-24;2025-03-25;2025-03-26;2025-03-27;2025-03-28;2025-03-29;2025-03-30;2025-03-31;2025-04-01;2025-04-02;2025-04-03;2025-04-04,2025-03-22;2025-03-23;2025-03-24;2025-03-25;2025-03-26;2025-03-27;2025-03-28;2025-03-29;2025-03-30;2025-03-31;2025-04-01;2025-04-02;2025-04-03;2025-04-04,,2025-04-04,9600.0,10800.0,10800.0,19.30470498360522,24.29190538685172,23.23904179568423,44.31588316912016,31752.78035109224,983.2037341810708,16638.535773166328,16009.325561212587,4106.822084585358,20116.147645797944,16009.325561212587,16009.32554520326,38613.333289896356,1413.5446070315556,lexicographic,1.600932554520326e-05,3.8613333251283026e-05,False,0.12309839999943506,0.0,1,0
2025-04-06,False,calendar_trend,4,1.0,7,1.0,0,calibrated_quantile,2025-03-09;2025-03-10;2025-03-11;2025-03-12;2025-03-13;2025-03-14;2025-03-15;2025-03-16;2025-03-17;2025-03-18;2025-03-19;2025-03-20;2025-03-21;2025-03-22;2025-03-23;2025-03-24;2025-03-25;2025-03-26;2025-03-27;2025-03-28;2025-03-29;2025-03-30;2025-03-31;2025-04-01;2025-04-02;2025-04-03;2025-04-04;2025-04-05,28,7190.663248746021,2025-03-09;2025-03-10;2025-03-11;2025-03-12;2025-03-13;2025-03-14;2025-03-15;2025-03-16;2025-03-17;2025-03-18;2025-03-19;2025-03-20;2025-03-21;2025-03-22;2025-03-23;2025-03-24;2025-03-25;2025-03-26;2025-03-27;2025-03-28;2025-03-29;2025-03-30;2025-03-31;2025-04-01;2025-04-02;2025-04-03;2025-04-04;2025-04-05,2025-03-23;2025-03-24;2025-03-25;2025-03-26;2025-03-27;2025-03-28;2025-03-29;2025-03-30;2025-03-31;2025-04-01;2025-04-02;2025-04-03;2025-04-04;2025-04-05,,2025-04-05,9600.0,10800.0,10800.0,18.283593098264387,23.644889444865246,14.935854792873677,29.082758772229678,67045.0376413824,125.3063080985059,8661.500952237437,39946.18477373826,515.4679625731097,40461.65273631137,39946.18477373826,39946.18473379207,39046.14622286331,1430.6350873892652,lexicographic,3.994618473379207e-05,3.904614618381718e-05,False,0.13200599999981932,0.0,1,0
2025-04-07,False,calendar_trend,4,1.0,7,1.0,0,calibrated_quantile,2025-03-10;2025-03-11;2025-03-12;2025-03-13;2025-03-14;2025-03-15;2025-03-16;2025-03-17;2025-03-18;2025-03-19;2025-03-20;2025-03-21;2025-03-22;2025-03-23;2025-03-24;2025-03-25;2025-03-26;2025-03-27;2025-03-28;2025-03-29;2025-03-30;2025-03-31;2025-04-01;2025-04-02;2025-04-03;2025-04-04;2025-04-05;2025-04-06,28,7134.905219680683,2025-03-10;2025-03-11;2025-03-12;2025-03-13;2025-03-14;2025-03-15;2025-03-16;2025-03-17;2025-03-18;2025-03-19;2025-03-20;2025-03-21;2025-03-22;2025-03-23;2025-03-24;2025-03-25;2025-03-26;2025-03-27;2025-03-28;2025-03-29;2025-03-30;2025-03-31;2025-04-01;2025-04-02;2025-04-03;2025-04-04;2025-04-05;2025-04-06,2025-03-24;2025-03-25;2025-03-26;2025-03-27;2025-03-28;2025-03-29;2025-03-30;2025-03-31;2025-04-01;2025-04-02;2025-04-03;2025-04-04;2025-04-05;2025-04-06,,2025-04-06,9600.0,10800.0,10800.0,18.3940470863462,23.37197470622083,32.38746174093811,65.44703623529132,66582.05565026836,149.36284357566296,9398.476235260034,39622.12558883137,485.7108675200109,40107.83645635138,39622.12558883137,39622.12554920924,38964.75571159838,1434.314731304908,lexicographic,3.962212554920924e-05,3.896475567263364e-05,False,0.1346400000002177,0.0,1,0
2025-04-08,False,calendar_trend,4,1.0,7,1.0,0,calibrated_quantile,2025-03-11;2025-03-12;2025-03-13;2025-03-14;2025-03-15;2025-03-16;2025-03-17;2025-03-18;2025-03-19;2025-03-20;2025-03-21;2025-03-22;2025-03-23;2025-03-24;2025-03-25;2025-03-26;2025-03-27;2025-03-28;2025-03-29;2025-03-30;2025-03-31;2025-04-01;2025-04-02;2025-04-03;2025-04-04;2025-04-05;2025-04-06;2025-04-07,28,6869.807038858995,2025-03-11;2025-03-12;2025-03-13;2025-03-14;2025-03-15;2025-03-16;2025-03-17;2025-03-18;2025-03-19;2025-03-20;2025-03-21;2025-03-22;2025-03-23;2025-03-24;2025-03-25;2025-03-26;2025-03-27;2025-03-28;2025-03-29;2025-03-30;2025-03-31;2025-04-01;2025-04-02;2025-04-03;2025-04-04;2025-04-05;2025-04-06;2025-04-07,2025-03-25;2025-03-26;2025-03-27;2025-03-28;2025-03-29;2025-03-30;2025-03-31;2025-04-01;2025-04-02;2025-04-03;2025-04-04;2025-04-05;2025-04-06;2025-04-07,,2025-04-07,9600.0,10800.0,10800.0,17.588717333148715,21.89750223970581,25.22114910125471,46.059471578979476,65896.6348026185,585.275253818875,8020.612065328964,39113.164317065624,2634.750796095139,41747.915113160765,39113.164317065624,39113.164277952455,39135.09956705029,1438.678929339871,lexicographic,3.911316427795246e-05,3.91350995279152e-05,False,0.12581280000085826,0.0,1,0
2025-04-09,False,calendar_trend,4,1.0,7,1.0,0,calibrated_quantile,2025-03-12;2025-03-13;2025-03-14;2025-03-15;2025-03-16;2025-03-17;2025-03-18;2025-03-19;2025-03-20;2025-03-21;2025-03-22;2025-03-23;2025-03-24;2025-03-25;2025-03-26;2025-03-27;2025-03-28;2025-03-29;2025-03-30;2025-03-31;2025-04-01;2025-04-02;2025-04-03;2025-04-04;2025-04-05;2025-04-06;2025-04-07;2025-04-08,28,6968.935269761277,2025-03-12;2025-03-13;2025-03-14;2025-03-15;2025-03-16;2025-03-17;2025-03-18;2025-03-19;2025-03-20;2025-03-21;2025-03-22;2025-03-23;2025-03-24;2025-03-25;2025-03-26;2025-03-27;2025-03-28;2025-03-29;2025-03-30;2025-03-31;2025-04-01;2025-04-02;2025-04-03;2025-04-04;2025-04-05;2025-04-06;2025-04-07;2025-04-08,2025-03-26;2025-03-27;2025-03-28;2025-03-29;2025-03-30;2025-03-31;2025-04-01;2025-04-02;2025-04-03;2025-04-04;2025-04-05;2025-04-06;2025-04-07;2025-04-08,,2025-04-08,9600.0,10800.0,10800.0,16.897974366944535,21.158682100501295,33.18113796171306,60.56845514395592,66107.99326409485,1035.1743817650827,3913.459630101972,39372.847111657946,3811.548905657391,43184.39601731534,39372.847111657946,39372.84707228511,39014.0450966065,1439.9098604604658,lexicographic,3.937284707228511e-05,3.901404505759245e-05,False,0.1405739999972866,0.0,1,0
2025-04-10,False,calendar_trend,4,1.0,7,1.0,0,calibrated_quantile,2025-03-13;2025-03-14;2025-03-15;2025-03-16;2025-03-17;2025-03-18;2025-03-19;2025-03-20;2025-03-21;2025-03-22;2025-03-23;2025-03-24;2025-03-25;2025-03-26;2025-03-27;2025-03-28;2025-03-29;2025-03-30;2025-03-31;2025-04-01;2025-04-02;2025-04-03;2025-04-04;2025-04-05;2025-04-06;2025-04-07;2025-04-08;2025-04-09,28,7253.417577446938,2025-03-13;2025-03-14;2025-03-15;2025-03-16;2025-03-17;2025-03-18;2025-03-19;2025-03-20;2025-03-21;2025-03-22;2025-03-23;2025-03-24;2025-03-25;2025-03-26;2025-03-27;2025-03-28;2025-03-29;2025-03-30;2025-03-31;2025-04-01;2025-04-02;2025-04-03;2025-04-04;2025-04-05;2025-04-06;2025-04-07;2025-04-08;2025-04-09,2025-03-27;2025-03-28;2025-03-29;2025-03-30;2025-03-31;2025-04-01;2025-04-02;2025-04-03;2025-04-04;2025-04-05;2025-04-06;2025-04-07;2025-04-08;2025-04-09,,2025-04-09,9600.0,10800.0,10800.0,19.186284361205665,23.229163263958775,27.067205499253014,53.87774173457183,67303.22401486363,428.8534955479723,9145.29578167056,40092.52808849406,1961.5886642160883,42054.11675271015,40092.52808849405,40092.52804840152,39306.94910537537,1463.2223235068707,lexicographic,4.009252804840152e-05,3.930694906606843e-05,False,0.1360275000006368,0.0,1,0
2025-04-11,False,calendar_trend,4,1.0,7,1.0,0,calibrated_quantile,2025-03-14;2025-03-15;2025-03-16;2025-03-17;2025-03-18;2025-03-19;2025-03-20;2025-03-21;2025-03-22;2025-03-23;2025-03-24;2025-03-25;2025-03-26;2025-03-27;2025-03-28;2025-03-29;2025-03-30;2025-03-31;2025-04-01;2025-04-02;2025-04-03;2025-04-04;2025-04-05;2025-04-06;2025-04-07;2025-04-08;2025-04-09;2025-04-10,28,6839.330970696659,2025-03-14;2025-03-15;2025-03-16;2025-03-17;2025-03-18;2025-03-19;2025-03-20;2025-03-21;2025-03-22;2025-03-23;2025-03-24;2025-03-25;2025-03-26;2025-03-27;2025-03-28;2025-03-29;2025-03-30;2025-03-31;2025-04-01;2025-04-02;2025-04-03;2025-04-04;2025-04-05;2025-04-06;2025-04-07;2025-04-08;2025-04-09;2025-04-10,2025-03-28;2025-03-29;2025-03-30;2025-03-31;2025-04-01;2025-04-02;2025-04-03;2025-04-04;2025-04-05;2025-04-06;2025-04-07;2025-04-08;2025-04-09;2025-04-10,,2025-04-10,9600.0,10800.0,10800.0,19.32725067499204,23.547854383109627,33.22894817530504,64.5206425478436,30859.479266145514,223.31965130150053,21712.81542172284,15481.705769022006,921.6405707759666,16403.346339797972,15481.705769022006,15481.705753540298,38613.333292600495,1302.990952504083,lexicographic,1.5481705753540298e-05,3.861333325398717e-05,False,0.12595109999892884,0.0,1,0
2025-04-12,False,calendar_trend,4,1.0,7,1.0,0,calibrated_quantile,2025-03-15;2025-03-16;2025-03-17;2025-03-18;2025-03-19;2025-03-20;2025-03-21;2025-03-22;2025-03-23;2025-03-24;2025-03-25;2025-03-26;2025-03-27;2025-03-28;2025-03-29;2025-03-30;2025-03-31;2025-04-01;2025-04-02;2025-04-03;2025-04-04;2025-04-05;2025-04-06;2025-04-07;2025-04-08;2025-04-09;2025-04-10;2025-04-11,28,6813.7897580249555,2025-03-15;2025-03-16;2025-03-17;2025-03-18;2025-03-19;2025-03-20;2025-03-21;2025-03-22;2025-03-23;2025-03-24;2025-03-25;2025-03-26;2025-03-27;2025-03-28;2025-03-29;2025-03-30;2025-03-31;2025-04-01;2025-04-02;2025-04-03;2025-04-04;2025-04-05;2025-04-06;2025-04-07;2025-04-08;2025-04-09;2025-04-10;2025-04-11,2025-03-29;2025-03-30;2025-03-31;2025-04-01;2025-04-02;2025-04-03;2025-04-04;2025-04-05;2025-04-06;2025-04-07;2025-04-08;2025-04-09;2025-04-10;2025-04-11,,2025-04-11,9600.0,10800.0,10800.0,18.444414773675184,23.827727743104017,27.402559273108878,47.06762217621021,31167.98586000713,260.3971315647161,18349.889112595545,15632.657748571291,870.5267017781229,16503.184450349414,15632.657748571291,15632.657732938633,38613.33329182684,1424.053223795634,lexicographic,1.5632657732938635e-05,3.8613333253213515e-05,False,0.1414493999982369,0.0,1,0
2025-04-13,False,calendar_trend,4,1.0,7,1.0,0,calibrated_quantile,2025-03-16;2025-03-17;2025-03-18;2025-03-19;2025-03-20;2025-03-21;2025-03-22;2025-03-23;2025-03-24;2025-03-25;2025-03-26;2025-03-27;2025-03-28;2025-03-29;2025-03-30;2025-03-31;2025-04-01;2025-04-02;2025-04-03;2025-04-04;2025-04-05;2025-04-06;2025-04-07;2025-04-08;2025-04-09;2025-04-10;2025-04-11;2025-04-12,28,6580.200635622317,2025-03-16;2025-03-17;2025-03-18;2025-03-19;2025-03-20;2025-03-21;2025-03-22;2025-03-23;2025-03-24;2025-03-25;2025-03-26;2025-03-27;2025-03-28;2025-03-29;2025-03-30;2025-03-31;2025-04-01;2025-04-02;2025-04-03;2025-04-04;2025-04-05;2025-04-06;2025-04-07;2025-04-08;2025-04-09;2025-04-10;2025-04-11;2025-04-12,2025-03-30;2025-03-31;2025-04-01;2025-04-02;2025-04-03;2025-04-04;2025-04-05;2025-04-06;2025-04-07;2025-04-08;2025-04-09;2025-04-10;2025-04-11;2025-04-12,,2025-04-12,9600.0,10800.0,10800.0,20.20762072693682,24.470497367508603,18.162095613326912,34.27346838954061,64079.08896227986,359.413379238163,6079.444438161566,38039.998709087406,1494.145052286651,39534.143761374056,38039.998709087406,38039.998671047404,38893.08394864143,1440.978851042591,lexicographic,3.803999867104741e-05,3.889308390974836e-05,False,0.15039969999997993,0.0,1,0
2025-04-14,False,calendar_trend,4,1.0,7,1.0,0,calibrated_quantile,2025-03-17;2025-03-18;2025-03-19;2025-03-20;2025-03-21;2025-03-22;2025-03-23;2025-03-24;2025-03-25;2025-03-26;2025-03-27;2025-03-28;2025-03-29;2025-03-30;2025-03-31;2025-04-01;2025-04-02;2025-04-03;2025-04-04;2025-04-05;2025-04-06;2025-04-07;2025-04-08;2025-04-09;2025-04-10;2025-04-11;2025-04-12;2025-04-13,28,6441.6810089105675,2025-03-17;2025-03-18;2025-03-19;2025-03-20;2025-03-21;2025-03-22;2025-03-23;2025-03-24;2025-03-25;2025-03-26;2025-03-27;2025-03-28;2025-03-29;2025-03-30;2025-03-31;2025-04-01;2025-04-02;2025-04-03;2025-04-04;2025-04-05;2025-04-06;2025-04-07;2025-04-08;2025-04-09;2025-04-10;2025-04-11;2025-04-12;2025-04-13,2025-03-31;2025-04-01;2025-04-02;2025-04-03;2025-04-04;2025-04-05;2025-04-06;2025-04-07;2025-04-08;2025-04-09;2025-04-10;2025-04-11;2025-04-12;2025-04-13,,2025-04-13,9600.0,10800.0,10800.0,19.96606178939511,25.203988890315106,18.01588837604356,32.42158776566645,63420.79438496052,378.5232844318055,7234.185702406494,37687.9371415524,1208.0875999690647,38896.02474152146,37687.93714155241,37687.937103864475,38458.69106444405,1426.9122958181497,lexicographic,3.768793710386448e-05,3.8458691025985365e-05,False,0.14576650000162772,0.0,1,0
2025-04-15,False,calendar_trend,4,1.0,7,1.0,0,calibrated_quantile,2025-03-18;2025-03-19;2025-03-20;2025-03-21;2025-03-22;2025-03-23;2025-03-24;2025-03-25;2025-03-26;2025-03-27;2025-03-28;2025-03-29;2025-03-30;2025-03-31;2025-04-01;2025-04-02;2025-04-03;2025-04-04;2025-04-05;2025-04-06;2025-04-07;2025-04-08;2025-04-09;2025-04-10;2025-04-11;2025-04-12;2025-04-13;2025-04-14,28,6499.404525318511,2025-03-18;2025-03-19;2025-03-20;2025-03-21;2025-03-22;2025-03-23;2025-03-24;2025-03-25;2025-03-26;2025-03-27;2025-03-28;2025-03-29;2025-03-30;2025-03-31;2025-04-01;2025-04-02;2025-04-03;2025-04-04;2025-04-05;2025-04-06;2025-04-07;2025-04-08;2025-04-09;2025-04-10;2025-04-11;2025-04-12;2025-04-13;2025-04-14,2025-04-01;2025-04-02;2025-04-03;2025-04-04;2025-04-05;2025-04-06;2025-04-07;2025-04-08;2025-04-09;2025-04-10;2025-04-11;2025-04-12;2025-04-13;2025-04-14,,2025-04-14,9600.0,10800.0,10800.0,19.237806613357428,23.53794968526873,32.84401933962555,59.7087763002563,63478.43245671368,184.52129511487604,9513.294564887174,37800.54823707245,838.7720277612725,38639.320264833725,37800.54823707245,37800.548199271885,38202.72073700298,1441.1622399620271,lexicographic,3.780054819927189e-05,3.8202720698800265e-05,False,0.1234651999984635,0.0,1,0
2025-04-16,False,calendar_trend,4,1.0,7,1.0,0,calibrated_quantile,2025-03-19;2025-03-20;2025-03-21;2025-03-22;2025-03-23;2025-03-24;2025-03-25;2025-03-26;2025-03-27;2025-03-28;2025-03-29;2025-03-30;2025-03-31;2025-04-01;2025-04-02;2025-04-03;2025-04-04;2025-04-05;2025-04-06;2025-04-07;2025-04-08;2025-04-09;2025-04-10;2025-04-11;2025-04-12;2025-04-13;2025-04-14;2025-04-15,28,6445.499364288709,2025-03-19;2025-03-20;2025-03-21;2025-03-22;2025-03-23;2025-03-24;2025-03-25;2025-03-26;2025-03-27;2025-03-28;2025-03-29;2025-03-30;2025-03-31;2025-04-01;2025-04-02;2025-04-03;2025-04-04;2025-04-05;2025-04-06;2025-04-07;2025-04-08;2025-04-09;2025-04-10;2025-04-11;2025-04-12;2025-04-13;2025-04-14;2025-04-15,2025-04-02;2025-04-03;2025-04-04;2025-04-05;2025-04-06;2025-04-07;2025-04-08;2025-04-09;2025-04-10;2025-04-11;2025-04-12;2025-04-13;2025-04-14;2025-04-15,,2025-04-15,9600.0,10800.0,10800.0,18.441259610415948,22.74409192500074,27.1530139356158,52.160102467504956,62476.91142553455,1047.1440624612524,3897.4108873215046,37293.83098883272,4035.346791502845,41329.177780335565,37293.83098883272,37293.8309515389,36648.23840905525,1425.2584542529944,lexicographic,3.72938309515389e-05,3.664823837240701e-05,False,0.12303279999832739,0.0,1,0
2025-04-17,False,calendar_trend,4,1.0,7,1.0,0,calibrated_quantile,2025-03-20;2025-03-21;2025-03-22;2025-03-23;2025-03-24;2025-03-25;2025-03-26;2025-03-27;2025-03-28;2025-03-29;2025-03-30;2025-03-31;2025-04-01;2025-04-02;2025-04-03;2025-04-04;2025-04-05;2025-04-06;2025-04-07;2025-04-08;2025-04-09;2025-04-10;2025-04-11;2025-04-12;2025-04-13;2025-04-14;2025-04-15;2025-04-16,28,6669.505292232843,2025-03-20;2025-03-21;2025-03-22;2025-03-23;2025-03-24;2025-03-25;2025-03-26;2025-03-27;2025-03-28;2025-03-29;2025-03-30;2025-03-31;2025-04-01;2025-04-02;2025-04-03;2025-04-04;2025-04-05;2025-04-06;2025-04-07;2025-04-08;2025-04-09;2025-04-10;2025-04-11;2025-04-12;2025-04-13;2025-04-14;2025-04-15;2025-04-16,2025-04-03;2025-04-04;2025-04-05;2025-04-06;2025-04-07;2025-04-08;2025-04-09;2025-04-10;2025-04-11;2025-04-12;2025-04-13;2025-04-14;2025-04-15;2025-04-16,,2025-04-16,9600.0,10800.0,10800.0,16.296016572016313,19.97074183071237,17.931063298344352,31.983702330391193,63886.10783460518,140.800774705856,7255.422170636777,37962.644088479356,625.5293737531338,38588.17346223249,37962.644088479356,37962.64405051671,37182.58316052845,1448.6721567423801,lexicographic,3.7962644050516715e-05,3.718258312334588e-05,False,0.10753610000028857,0.0,1,0
2025-04-18,False,calendar_trend,4,1.0,7,1.0,0,calibrated_quantile,2025-03-21;2025-03-22;2025-03-23;2025-03-24;2025-03-25;2025-03-26;2025-03-27;2025-03-28;2025-03-29;2025-03-30;2025-03-31;2025-04-01;2025-04-02;2025-04-03;2025-04-04;2025-04-05;2025-04-06;2025-04-07;2025-04-08;2025-04-09;2025-04-10;2025-04-11;2025-04-12;2025-04-13;2025-04-14;2025-04-15;2025-04-16;2025-04-17,28,6641.528592002278,2025-03-21;2025-03-22;2025-03-23;2025-03-24;2025-03-25;2025-03-26;2025-03-27;2025-03-28;2025-03-29;2025-03-30;2025-03-31;2025-04-01;2025-04-02;2025-04-03;2025-04-04;2025-04-05;2025-04-06;2025-04-07;2025-04-08;2025-04-09;2025-04-10;2025-04-11;2025-04-12;2025-04-13;2025-04-14;2025-04-15;2025-04-16;2025-04-17,2025-04-04;2025-04-05;2025-04-06;2025-04-07;2025-04-08;2025-04-09;2025-04-10;2025-04-11;2025-04-12;2025-04-13;2025-04-14;2025-04-15;2025-04-16;2025-04-17,,2025-04-17,9600.0,10800.0,10800.0,17.156834062400875,21.48835153769531,19.226333956915308,38.04453446043131,30002.764932562437,191.87286679902996,19787.187286686898,14944.055563985043,587.1612710941502,15531.216835079193,14944.055563985043,14944.055549040988,38613.33329530334,1276.5601445186912,lexicographic,1.4944055549040988e-05,3.861333325669001e-05,False,0.1320246000032057,0.0,1,0
2025-04-19,False,calendar_trend,4,1.0,7,1.0,0,calibrated_quantile,2025-03-22;2025-03-23;2025-03-24;2025-03-25;2025-03-26;2025-03-27;2025-03-28;2025-03-29;2025-03-30;2025-03-31;2025-04-01;2025-04-02;2025-04-03;2025-04-04;2025-04-05;2025-04-06;2025-04-07;2025-04-08;2025-04-09;2025-04-10;2025-04-11;2025-04-12;2025-04-13;2025-04-14;2025-04-15;2025-04-16;2025-04-17;2025-04-18,28,6676.568444367467,2025-03-22;2025-03-23;2025-03-24;2025-03-25;2025-03-26;2025-03-27;2025-03-28;2025-03-29;2025-03-30;2025-03-31;2025-04-01;2025-04-02;2025-04-03;2025-04-04;2025-04-05;2025-04-06;2025-04-07;2025-04-08;2025-04-09;2025-04-10;2025-04-11;2025-04-12;2025-04-13;2025-04-14;2025-04-15;2025-04-16;2025-04-17;2025-04-18,2025-04-05;2025-04-06;2025-04-07;2025-04-08;2025-04-09;2025-04-10;2025-04-11;2025-04-12;2025-04-13;2025-04-14;2025-04-15;2025-04-16;2025-04-17;2025-04-18,,2025-04-18,9600.0,10800.0,10800.0,18.882955131075633,23.710772032944302,20.715796836625387,37.65755647917733,29783.140010711697,195.35144651059926,19140.4788777872,14766.324758037501,531.8085228586995,15298.1332808962,14766.324758037503,14766.324743271176,38613.33329619744,1409.1664661513078,lexicographic,1.4766324743271178e-05,3.861333325758412e-05,False,0.143509699999413,0.0,1,0
2025-04-20,False,calendar_trend,4,1.0,7,1.0,0,calibrated_quantile,2025-03-23;2025-03-24;2025-03-25;2025-03-26;2025-03-27;2025-03-28;2025-03-29;2025-03-30;2025-03-31;2025-04-01;2025-04-02;2025-04-03;2025-04-04;2025-04-05;2025-04-06;2025-04-07;2025-04-08;2025-04-09;2025-04-10;2025-04-11;2025-04-12;2025-04-13;2025-04-14;2025-04-15;2025-04-16;2025-04-17;2025-04-18;2025-04-19,28,6708.835593028018,2025-03-23;2025-03-24;2025-03-25;2025-03-26;2025-03-27;2025-03-28;2025-03-29;2025-03-30;2025-03-31;2025-04-01;2025-04-02;2025-04-03;2025-04-04;2025-04-05;2025-04-06;2025-04-07;2025-04-08;2025-04-09;2025-04-10;2025-04-11;2025-04-12;2025-04-13;2025-04-14;2025-04-15;2025-04-16;2025-04-17;2025-04-18;2025-04-19,2025-04-06;2025-04-07;2025-04-08;2025-04-09;2025-04-10;2025-04-11;2025-04-12;2025-04-13;2025-04-14;2025-04-15;2025-04-16;2025-04-17;2025-04-18;2025-04-19,,2025-04-19,9600.0,10800.0,10800.0,16.184187009416164,21.245722689328545,23.885880772184688,43.146140372033244,62319.80412184564,513.0170771919569,6939.929019068171,36827.65300399295,2284.8510942494504,39112.504098242396,36827.65300399295,36827.6529671653,37487.45582584912,1419.7983581461626,lexicographic,3.68276529671653e-05,3.748745578836167e-05,False,0.1312567000022682,1.975677793170937e-16,1,0
2025-04-21,False,calendar_trend,4,1.0,7,1.0,0,calibrated_quantile,2025-03-24;2025-03-25;2025-03-26;2025-03-27;2025-03-28;2025-03-29;2025-03-30;2025-03-31;2025-04-01;2025-04-02;2025-04-03;2025-04-04;2025-04-05;2025-04-06;2025-04-07;2025-04-08;2025-04-09;2025-04-10;2025-04-11;2025-04-12;2025-04-13;2025-04-14;2025-04-15;2025-04-16;2025-04-17;2025-04-18;2025-04-19;2025-04-20,28,6693.311996016071,2025-03-24;2025-03-25;2025-03-26;2025-03-27;2025-03-28;2025-03-29;2025-03-30;2025-03-31;2025-04-01;2025-04-02;2025-04-03;2025-04-04;2025-04-05;2025-04-06;2025-04-07;2025-04-08;2025-04-09;2025-04-10;2025-04-11;2025-04-12;2025-04-13;2025-04-14;2025-04-15;2025-04-16;2025-04-17;2025-04-18;2025-04-19;2025-04-20,2025-04-07;2025-04-08;2025-04-09;2025-04-10;2025-04-11;2025-04-12;2025-04-13;2025-04-14;2025-04-15;2025-04-16;2025-04-17;2025-04-18;2025-04-19;2025-04-20,,2025-04-20,9600.0,10800.0,10800.0,21.32527108137806,26.67517330099658,32.42522081984866,57.77010802328466,62287.83776145706,352.1405912298367,10153.972991306731,36698.50480070023,1271.5184986412542,37970.02329934149,36698.50480070023,36698.50476400173,37810.85215928841,1429.1428184494853,lexicographic,3.669850476400173e-05,3.781085212147757e-05,False,0.11140080000041053,0.0,1,0
2025-04-22,False,calendar_trend,4,1.0,7,1.0,0,calibrated_quantile,2025-03-25;2025-03-26;2025-03-27;2025-03-28;2025-03-29;2025-03-30;2025-03-31;2025-04-01;2025-04-02;2025-04-03;2025-04-04;2025-04-05;2025-04-06;2025-04-07;2025-04-08;2025-04-09;2025-04-10;2025-04-11;2025-04-12;2025-04-13;2025-04-14;2025-04-15;2025-04-16;2025-04-17;2025-04-18;2025-04-19;2025-04-20;2025-04-21,28,6707.7197273226975,2025-03-25;2025-03-26;2025-03-27;2025-03-28;2025-03-29;2025-03-30;2025-03-31;2025-04-01;2025-04-02;2025-04-03;2025-04-04;2025-04-05;2025-04-06;2025-04-07;2025-04-08;2025-04-09;2025-04-10;2025-04-11;2025-04-12;2025-04-13;2025-04-14;2025-04-15;2025-04-16;2025-04-17;2025-04-18;2025-04-19;2025-04-20;2025-04-21,2025-04-08;2025-04-09;2025-04-10;2025-04-11;2025-04-12;2025-04-13;2025-04-14;2025-04-15;2025-04-16;2025-04-17;2025-04-18;2025-04-19;2025-04-20;2025-04-21,,2025-04-21,9600.0,10800.0,10800.0,19.363051760953233,23.423249104039687,24.68255085977833,41.672464217468395,61510.382020802266,543.2851314352121,6008.535106836784,36475.78880360694,1904.3222577481008,38380.11106135504,36475.78880360694,36475.788767131155,37078.3523105716,1434.7454832559697,lexicographic,3.647578876713116e-05,3.707835227349326e-05,False,0.1020399000008183,0.0,1,0
2025-04-23,False,calendar_trend,4,1.0,7,1.0,0,calibrated_quantile,2025-03-26;2025-03-27;2025-03-28;2025-03-29;2025-03-30;2025-03-31;2025-04-01;2025-04-02;2025-04-03;2025-04-04;2025-04-05;2025-04-06;2025-04-07;2025-04-08;2025-04-09;2025-04-10;2025-04-11;2025-04-12;2025-04-13;2025-04-14;2025-04-15;2025-04-16;2025-04-17;2025-04-18;2025-04-19;2025-04-20;2025-04-21;2025-04-22,28,6668.007268916037,2025-03-26;2025-03-27;2025-03-28;2025-03-29;2025-03-30;2025-03-31;2025-04-01;2025-04-02;2025-04-03;2025-04-04;2025-04-05;2025-04-06;2025-04-07;2025-04-08;2025-04-09;2025-04-10;2025-04-11;2025-04-12;2025-04-13;2025-04-14;2025-04-15;2025-04-16;2025-04-17;2025-04-18;2025-04-19;2025-04-20;2025-04-21;2025-04-22,2025-04-09;2025-04-10;2025-04-11;2025-04-12;2025-04-13;2025-04-14;2025-04-15;2025-04-16;2025-04-17;2025-04-18;2025-04-19;2025-04-20;2025-04-21;2025-04-22,,2025-04-22,9600.0,10800.0,10800.0,18.99224232241069,23.787930664709158,22.624405435017703,40.80866157868044,61507.69085475325,183.2043095831213,6403.386853147788,36341.464828291,669.5534888180433,37011.01831710904,36341.464828291,36341.464791949526,37034.42518991933,1437.3935245357088,lexicographic,3.6341464791949526e-05,3.703442515288491e-05,False,0.12190449999980046,0.0,1,0
2025-04-24,False,calendar_trend,4,1.0,7,1.0,0,calibrated_quantile,2025-03-27;2025-03-28;2025-03-29;2025-03-30;2025-03-31;2025-04-01;2025-04-02;2025-04-03;2025-04-04;2025-04-05;2025-04-06;2025-04-07;2025-04-08;2025-04-09;2025-04-10;2025-04-11;2025-04-12;2025-04-13;2025-04-14;2025-04-15;2025-04-16;2025-04-17;2025-04-18;2025-04-19;2025-04-20;2025-04-21;2025-04-22;2025-04-23,28,6770.491674328871,2025-03-27;2025-03-28;2025-03-29;2025-03-30;2025-03-31;2025-04-01;2025-04-02;2025-04-03;2025-04-04;2025-04-05;2025-04-06;2025-04-07;2025-04-08;2025-04-09;2025-04-10;2025-04-11;2025-04-12;2025-04-13;2025-04-14;2025-04-15;2025-04-16;2025-04-17;2025-04-18;2025-04-19;2025-04-20;2025-04-21;2025-04-22;2025-04-23,2025-04-10;2025-04-11;2025-04-12;2025-04-13;2025-04-14;2025-04-15;2025-04-16;2025-04-17;2025-04-18;2025-04-19;2025-04-20;2025-04-21;2025-04-22;2025-04-23,,2025-04-23,9600.0,10800.0,10800.0,16.90147603858899,21.21793556812541,30.112661769967993,58.11994723977387,61918.58430187691,190.93465735358689,11097.548868776761,36502.02233127729,1010.5112846528082,37512.53361593009,36502.02233127729,36502.02229477527,37360.909140638156,1438.0576088117218,lexicographic,3.650202229477527e-05,3.7360909103277265e-05,False,0.11791490000177873,0.0,1,0
2025-04-25,False,calendar_trend,4,1.0,7,1.0,0,calibrated_quantile,2025-03-28;2025-03-29;2025-03-30;2025-03-31;2025-04-01;2025-04-02;2025-04-03;2025-04-04;2025-04-05;2025-04-06;2025-04-07;2025-04-08;2025-04-09;2025-04-10;2025-04-11;2025-04-12;2025-04-13;2025-04-14;2025-04-15;2025-04-16;2025-04-17;2025-04-18;2025-04-19;2025-04-20;2025-04-21;2025-04-22;2025-04-23;2025-04-24,28,6664.7950432548005,2025-03-28;2025-03-29;2025-03-30;2025-03-31;2025-04-01;2025-04-02;2025-04-03;2025-04-04;2025-04-05;2025-04-06;2025-04-07;2025-04-08;2025-04-09;2025-04-10;2025-04-11;2025-04-12;2025-04-13;2025-04-14;2025-04-15;2025-04-16;2025-04-17;2025-04-18;2025-04-19;2025-04-20;2025-04-21;2025-04-22;2025-04-23;2025-04-24,2025-04-11;2025-04-12;2025-04-13;2025-04-14;2025-04-15;2025-04-16;2025-04-17;2025-04-18;2025-04-19;2025-04-20;2025-04-21;2025-04-22;2025-04-23;2025-04-24,,2025-04-24,9600.0,10800.0,10800.0,19.39981781119772,23.651808392351686,22.588948153358917,42.37305210730519,29016.93238640396,105.00810620551096,23068.249512845367,14155.350526925342,441.131080379658,14596.481607305,14155.35052692534,14155.35051276999,38613.33329933167,1296.826590923789,lexicographic,1.415535051276999e-05,3.861333326071835e-05,False,0.13149419999899692,0.0,1,0
2025-04-26,False,calendar_trend,4,1.0,7,1.0,0,calibrated_quantile,2025-03-29;2025-03-30;2025-03-31;2025-04-01;2025-04-02;2025-04-03;2025-04-04;2025-04-05;2025-04-06;2025-04-07;2025-04-08;2025-04-09;2025-04-10;2025-04-11;2025-04-12;2025-04-13;2025-04-14;2025-04-15;2025-04-16;2025-04-17;2025-04-18;2025-04-19;2025-04-20;2025-04-21;2025-04-22;2025-04-23;2025-04-24;2025-04-25,28,6635.871912743227,2025-03-29;2025-03-30;2025-03-31;2025-04-01;2025-04-02;2025-04-03;2025-04-04;2025-04-05;2025-04-06;2025-04-07;2025-04-08;2025-04-09;2025-04-10;2025-04-11;2025-04-12;2025-04-13;2025-04-14;2025-04-15;2025-04-16;2025-04-17;2025-04-18;2025-04-19;2025-04-20;2025-04-21;2025-04-22;2025-04-23;2025-04-24;2025-04-25,2025-04-12;2025-04-13;2025-04-14;2025-04-15;2025-04-16;2025-04-17;2025-04-18;2025-04-19;2025-04-20;2025-04-21;2025-04-22;2025-04-23;2025-04-24;2025-04-25,,2025-04-25,9600.0,10800.0,10800.0,19.454341382045644,24.16005903352967,45.38859394822579,81.82448683972343,28936.379345306188,375.63998718427155,25188.492369386186,14132.901466031983,1408.8140945891319,15541.715560621114,14132.901466031983,14132.90145189908,38613.33329939686,1434.894007167546,lexicographic,1.4132901451899082e-05,3.861333326078354e-05,False,0.13656149999951595,0.0,1,0
2025-04-27,False,calendar_trend,4,1.0,7,1.0,0,calibrated_quantile,2025-03-30;2025-03-31;2025-04-01;2025-04-02;2025-04-03;2025-04-04;2025-04-05;2025-04-06;2025-04-07;2025-04-08;2025-04-09;2025-04-10;2025-04-11;2025-04-12;2025-04-13;2025-04-14;2025-04-15;2025-04-16;2025-04-17;2025-04-18;2025-04-19;2025-04-20;2025-04-21;2025-04-22;2025-04-23;2025-04-24;2025-04-25;2025-04-26,28,6750.285436434391,2025-03-30;2025-03-31;2025-04-01;2025-04-02;2025-04-03;2025-04-04;2025-04-05;2025-04-06;2025-04-07;2025-04-08;2025-04-09;2025-04-10;2025-04-11;2025-04-12;2025-04-13;2025-04-14;2025-04-15;2025-04-16;2025-04-17;2025-04-18;2025-04-19;2025-04-20;2025-04-21;2025-04-22;2025-04-23;2025-04-24;2025-04-25;2025-04-26,2025-04-13;2025-04-14;2025-04-15;2025-04-16;2025-04-17;2025-04-18;2025-04-19;2025-04-20;2025-04-21;2025-04-22;2025-04-23;2025-04-24;2025-04-25;2025-04-26,,2025-04-26,9600.0,10800.0,10800.0,21.222224713639,26.959458513730095,24.31818027894309,42.12692432691019,57839.23646410513,993.3872256041165,6492.175320904684,34248.18551583024,4199.286578458898,38447.47209428914,34248.18551583024,34248.18548158205,35885.41424054178,1434.4533118007141,lexicographic,3.4248185481582053e-05,3.588541420465637e-05,False,0.15601969999988796,0.0,1,0
2025-04-28,False,calendar_trend,4,1.0,7,1.0,0,calibrated_quantile,2025-03-31;2025-04-01;2025-04-02;2025-04-03;2025-04-04;2025-04-05;2025-04-06;2025-04-07;2025-04-08;2025-04-09;2025-04-10;2025-04-11;2025-04-12;2025-04-13;2025-04-14;2025-04-15;2025-04-16;2025-04-17;2025-04-18;2025-04-19;2025-04-20;2025-04-21;2025-04-22;2025-04-23;2025-04-24;2025-04-25;2025-04-26;2025-04-27,28,6863.395203553888,2025-03-31;2025-04-01;2025-04-02;2025-04-03;2025-04-04;2025-04-05;2025-04-06;2025-04-07;2025-04-08;2025-04-09;2025-04-10;2025-04-11;2025-04-12;2025-04-13;2025-04-14;2025-04-15;2025-04-16;2025-04-17;2025-04-18;2025-04-19;2025-04-20;2025-04-21;2025-04-22;2025-04-23;2025-04-24;2025-04-25;2025-04-26;2025-04-27,2025-04-14;2025-04-15;2025-04-16;2025-04-17;2025-04-18;2025-04-19;2025-04-20;2025-04-21;2025-04-22;2025-04-23;2025-04-24;2025-04-25;2025-04-26;2025-04-27,,2025-04-27,9600.0,10800.0,10800.0,18.972641532826337,23.512904702144905,63.16439201503681,113.40320114691397,58460.835707544684,4838.074053363262,2878.6203357627387,34797.7260865054,17800.8674178648,52598.5935043702,34797.7260865054,34797.72605170767,36184.015875506164,1435.817581843683,lexicographic,3.4797726051707673e-05,3.618401587550648e-05,False,0.16627580000204034,0.0,1,0
2025-04-29,False,calendar_trend,4,1.0,7,1.0,0,calibrated_quantile,2025-04-01;2025-04-02;2025-04-03;2025-04-04;2025-04-05;2025-04-06;2025-04-07;2025-04-08;2025-04-09;2025-04-10;2025-04-11;2025-04-12;2025-04-13;2025-04-14;2025-04-15;2025-04-16;2025-04-17;2025-04-18;2025-04-19;2025-04-20;2025-04-21;2025-04-22;2025-04-23;2025-04-24;2025-04-25;2025-04-26;2025-04-27;2025-04-28,28,7292.077909158044,2025-04-01;2025-04-02;2025-04-03;2025-04-04;2025-04-05;2025-04-06;2025-04-07;2025-04-08;2025-04-09;2025-04-10;2025-04-11;2025-04-12;2025-04-13;2025-04-14;2025-04-15;2025-04-16;2025-04-17;2025-04-18;2025-04-19;2025-04-20;2025-04-21;2025-04-22;2025-04-23;2025-04-24;2025-04-25;2025-04-26;2025-04-27;2025-04-28,2025-04-15;2025-04-16;2025-04-17;2025-04-18;2025-04-19;2025-04-20;2025-04-21;2025-04-22;2025-04-23;2025-04-24;2025-04-25;2025-04-26;2025-04-27;2025-04-28,,2025-04-28,9600.0,10800.0,10800.0,16.63713821151829,20.836032756781023,31.719635751613005,53.2339105497971,60495.61790647658,425.61680894829266,9745.208317684464,35967.07837311849,1695.3639578645093,37662.442330983,35967.07837311849,35967.07833715142,35655.215540755205,1455.3321473970645,lexicographic,3.596707833715142e-05,3.565521550509999e-05,False,0.11586539999916567,0.0,1,0
2025-04-30,False,calendar_trend,4,1.0,7,1.0,0,calibrated_quantile,2025-04-02;2025-04-03;2025-04-04;2025-04-05;2025-04-06;2025-04-07;2025-04-08;2025-04-09;2025-04-10;2025-04-11;2025-04-12;2025-04-13;2025-04-14;2025-04-15;2025-04-16;2025-04-17;2025-04-18;2025-04-19;2025-04-20;2025-04-21;2025-04-22;2025-04-23;2025-04-24;2025-04-25;2025-04-26;2025-04-27;2025-04-28;2025-04-29,28,7020.787578199032,2025-04-02;2025-04-03;2025-04-04;2025-04-05;2025-04-06;2025-04-07;2025-04-08;2025-04-09;2025-04-10;2025-04-11;2025-04-12;2025-04-13;2025-04-14;2025-04-15;2025-04-16;2025-04-17;2025-04-18;2025-04-19;2025-04-20;2025-04-21;2025-04-22;2025-04-23;2025-04-24;2025-04-25;2025-04-26;2025-04-27;2025-04-28;2025-04-29,2025-04-16;2025-04-17;2025-04-18;2025-04-19;2025-04-20;2025-04-21;2025-04-22;2025-04-23;2025-04-24;2025-04-25;2025-04-26;2025-04-27;2025-04-28;2025-04-29,,2025-04-29,9600.0,10800.0,10800.0,19.79552687081828,24.323773303337088,36.66674771984765,60.91487235983605,59563.2999563325,884.2848514855903,8507.299831639195,35531.99308301282,3025.803439155423,38557.796522168246,35531.993083012814,35531.99304748081,35089.52253973941,1432.7157563312153,lexicographic,3.553199304748082e-05,3.508952250464991e-05,False,0.13924410000254284,0.0,1,0
2025-05-01,False,calendar_trend,4,1.0,7,1.0,0,calibrated_quantile,2025-04-03;2025-04-04;2025-04-05;2025-04-06;2025-04-07;2025-04-08;2025-04-09;2025-04-10;2025-04-11;2025-04-12;2025-04-13;2025-04-14;2025-04-15;2025-04-16;2025-04-17;2025-04-18;2025-04-19;2025-04-20;2025-04-21;2025-04-22;2025-04-23;2025-04-24;2025-04-25;2025-04-26;2025-04-27;2025-04-28;2025-04-29;2025-04-30,28,6755.070902722217,2025-04-03;2025-04-04;2025-04-05;2025-04-06;2025-04-07;2025-04-08;2025-04-09;2025-04-10;2025-04-11;2025-04-12;2025-04-13;2025-04-14;2025-04-15;2025-04-16;2025-04-17;2025-04-18;2025-04-19;2025-04-20;2025-04-21;2025-04-22;2025-04-23;2025-04-24;2025-04-25;2025-04-26;2025-04-27;2025-04-28;2025-04-29;2025-04-30,2025-04-17;2025-04-18;2025-04-19;2025-04-20;2025-04-21;2025-04-22;2025-04-23;2025-04-24;2025-04-25;2025-04-26;2025-04-27;2025-04-28;2025-04-29;2025-04-30,,2025-04-30,9600.0,10800.0,10800.0,34.97624236280891,46.86796062701144,25.13285605223588,42.61576644318834,58942.64881305683,2426.102838641024,6690.172828726481,35193.62143936108,11431.659614267039,46625.28105362812,35193.62143936107,35193.62140416745,34934.90548199055,1442.7046216587237,lexicographic,3.519362140416745e-05,3.4934905447055645e-05,False,0.14313029999902938,0.0,1,0
2025-05-02,False,calendar_trend,4,1.0,7,1.0,0,calibrated_quantile,2025-04-04;2025-04-05;2025-04-06;2025-04-07;2025-04-08;2025-04-09;2025-04-10;2025-04-11;2025-04-12;2025-04-13;2025-04-14;2025-04-15;2025-04-16;2025-04-17;2025-04-18;2025-04-19;2025-04-20;2025-04-21;2025-04-22;2025-04-23;2025-04-24;2025-04-25;2025-04-26;2025-04-27;2025-04-28;2025-04-29;2025-04-30;2025-05-01,28,6976.86974541848,2025-04-04;2025-04-05;2025-04-06;2025-04-07;2025-04-08;2025-04-09;2025-04-10;2025-04-11;2025-04-12;2025-04-13;2025-04-14;2025-04-15;2025-04-16;2025-04-17;2025-04-18;2025-04-19;2025-04-20;2025-04-21;2025-04-22;2025-04-23;2025-04-24;2025-04-25;2025-04-26;2025-04-27;2025-04-28;2025-04-29;2025-04-30;2025-05-01,2025-04-18;2025-04-19;2025-04-20;2025-04-21;2025-04-22;2025-04-23;2025-04-24;2025-04-25;2025-04-26;2025-04-27;2025-04-28;2025-04-29;2025-04-30;2025-05-01,,2025-05-01,9600.0,10800.0,10800.0,28.141391205595465,36.37852090142164,60.410933142462824,96.16606306054521,29428.933489501942,3522.2306369224316,14607.510713610496,14671.818395424572,15265.732488871905,29937.550884296477,14671.81839542457,14671.818380752753,38613.33329663043,1285.0425582012485,lexicographic,1.4671818380752753e-05,3.86133332580171e-05,False,0.12220019999949727,0.0,1,0
2025-05-03,False,calendar_trend,4,1.0,7,1.0,0,calibrated_quantile,2025-04-05;2025-04-06;2025-04-07;2025-04-08;2025-04-09;2025-04-10;2025-04-11;2025-04-12;2025-04-13;2025-04-14;2025-04-15;2025-04-16;2025-04-17;2025-04-18;2025-04-19;2025-04-20;2025-04-21;2025-04-22;2025-04-23;2025-04-24;2025-04-25;2025-04-26;2025-04-27;2025-04-28;2025-04-29;2025-04-30;2025-05-01;2025-05-02,28,7830.579082014588,2025-04-05;2025-04-06;2025-04-07;2025-04-08;2025-04-09;2025-04-10;2025-04-11;2025-04-12;2025-04-13;2025-04-14;2025-04-15;2025-04-16;2025-04-17;2025-04-18;2025-04-19;2025-04-20;2025-04-21;2025-04-22;2025-04-23;2025-04-24;2025-04-25;2025-04-26;2025-04-27;2025-04-28;2025-04-29;2025-04-30;2025-05-01;2025-05-02,2025-04-19;2025-04-20;2025-04-21;2025-04-22;2025-04-23;2025-04-24;2025-04-25;2025-04-26;2025-04-27;2025-04-28;2025-04-29;2025-04-30;2025-05-01;2025-05-02,,2025-05-02,9600.0,10800.0,10800.0,25.405817762658135,34.12864439765468,18.944284999202846,33.49136702978204,30582.562551805735,816.49550309646,18478.55307592246,15601.172968408795,4251.16933054876,19852.342298957556,15601.172968408791,15601.17295280762,38613.33329185967,1465.959874150254,lexicographic,1.560117295280762e-05,3.8613333253246346e-05,False,0.1316698999980872,0.0,1,0
2025-05-04,False,calendar_trend,4,1.0,7,1.0,0,calibrated_quantile,2025-04-06;2025-04-07;2025-04-08;2025-04-09;2025-04-10;2025-04-11;2025-04-12;2025-04-13;2025-04-14;2025-04-15;2025-04-16;2025-04-17;2025-04-18;2025-04-19;2025-04-20;2025-04-21;2025-04-22;2025-04-23;2025-04-24;2025-04-25;2025-04-26;2025-04-27;2025-04-28;2025-04-29;2025-04-30;2025-05-01;2025-05-02;2025-05-03,28,7845.513005182549,2025-04-06;2025-04-07;2025-04-08;2025-04-09;2025-04-10;2025-04-11;2025-04-12;2025-04-13;2025-04-14;2025-04-15;2025-04-16;2025-04-17;2025-04-18;2025-04-19;2025-04-20;2025-04-21;2025-04-22;2025-04-23;2025-04-24;2025-04-25;2025-04-26;2025-04-27;2025-04-28;2025-04-29;2025-04-30;2025-05-01;2025-05-02;2025-05-03,2025-04-20;2025-04-21;2025-04-22;2025-04-23;2025-04-24;2025-04-25;2025-04-26;2025-04-27;2025-04-28;2025-04-29;2025-04-30;2025-05-01;2025-05-02;2025-05-03,,2025-05-03,9600.0,10800.0,10800.0,25.811560528971327,31.4693643568667,31.505827627686912,50.105460194367865,64594.926346074,446.41999876599584,9534.809146415057,39403.17213066971,1552.360117994345,40955.53224866405,39403.17213066971,39403.172091266526,35932.02345166207,1473.832938643463,lexicographic,3.9403172091266525e-05,3.593202341573005e-05,False,0.1253902000025846,0.0,1,0
2025-05-05,False,calendar_trend,4,1.0,7,1.0,0,calibrated_quantile,2025-04-07;2025-04-08;2025-04-09;2025-04-10;2025-04-11;2025-04-12;2025-04-13;2025-04-14;2025-04-15;2025-04-16;2025-04-17;2025-04-18;2025-04-19;2025-04-20;2025-04-21;2025-04-22;2025-04-23;2025-04-24;2025-04-25;2025-04-26;2025-04-27;2025-04-28;2025-04-29;2025-04-30;2025-05-01;2025-05-02;2025-05-03;2025-05-04,28,7930.290855338017,2025-04-07;2025-04-08;2025-04-09;2025-04-10;2025-04-11;2025-04-12;2025-04-13;2025-04-14;2025-04-15;2025-04-16;2025-04-17;2025-04-18;2025-04-19;2025-04-20;2025-04-21;2025-04-22;2025-04-23;2025-04-24;2025-04-25;2025-04-26;2025-04-27;2025-04-28;2025-04-29;2025-04-30;2025-05-01;2025-05-02;2025-05-03;2025-05-04,2025-04-21;2025-04-22;2025-04-23;2025-04-24;2025-04-25;2025-04-26;2025-04-27;2025-04-28;2025-04-29;2025-04-30;2025-05-01;2025-05-02;2025-05-03;2025-05-04,,2025-05-04,9600.0,10800.0,10800.0,23.346004123773533,29.61717310705466,33.56792051677462,54.42257510695648,66023.16103545061,948.4515844227327,8182.552550720257,40370.932832441336,3884.3275984073885,44255.26043084873,40370.932832441336,40370.9327920704,35371.71798509,1493.6889566005286,lexicographic,4.0370932792070407e-05,3.537171794971829e-05,False,0.15295730000070762,1.8022763188698376e-16,1,0
2025-05-06,False,calendar_trend,4,1.0,7,1.0,0,calibrated_quantile,2025-04-08;2025-04-09;2025-04-10;2025-04-11;2025-04-12;2025-04-13;2025-04-14;2025-04-15;2025-04-16;2025-04-17;2025-04-18;2025-04-19;2025-04-20;2025-04-21;2025-04-22;2025-04-23;2025-04-24;2025-04-25;2025-04-26;2025-04-27;2025-04-28;2025-04-29;2025-04-30;2025-05-01;2025-05-02;2025-05-03;2025-05-04;2025-05-05,28,8051.466159592746,2025-04-08;2025-04-09;2025-04-10;2025-04-11;2025-04-12;2025-04-13;2025-04-14;2025-04-15;2025-04-16;2025-04-17;2025-04-18;2025-04-19;2025-04-20;2025-04-21;2025-04-22;2025-04-23;2025-04-24;2025-04-25;2025-04-26;2025-04-27;2025-04-28;2025-04-29;2025-04-30;2025-05-01;2025-05-02;2025-05-03;2025-05-04;2025-05-05,2025-04-22;2025-04-23;2025-04-24;2025-04-25;2025-04-26;2025-04-27;2025-04-28;2025-04-29;2025-04-30;2025-05-01;2025-05-02;2025-05-03;2025-05-04;2025-05-05,,2025-05-05,9600.0,10800.0,10800.0,24.107518250992467,30.309876547681277,34.846962850465474,61.631520190039154,66526.74812292363,696.6868577705999,10542.105570717842,40877.75189282669,2672.908138270963,43550.66003109765,40877.75189282669,40877.75185194895,36307.14288626636,1489.7558616713964,lexicographic,4.087775185194895e-05,3.630714284995923e-05,False,0.13334100000065519,0.0,1,0
2025-05-07,False,calendar_trend,4,1.0,7,1.0,0,calibrated_quantile,2025-04-09;2025-04-10;2025-04-11;2025-04-12;2025-04-13;2025-04-14;2025-04-15;2025-04-16;2025-04-17;2025-04-18;2025-04-19;2025-04-20;2025-04-21;2025-04-22;2025-04-23;2025-04-24;2025-04-25;2025-04-26;2025-04-27;2025-04-28;2025-04-29;2025-04-30;2025-05-01;2025-05-02;2025-05-03;2025-05-04;2025-05-05;2025-05-06,28,8114.478682693563,2025-04-09;2025-04-10;2025-04-11;2025-04-12;2025-04-13;2025-04-14;2025-04-15;2025-04-16;2025-04-17;2025-04-18;2025-04-19;2025-04-20;2025-04-21;2025-04-22;2025-04-23;2025-04-24;2025-04-25;2025-04-26;2025-04-27;2025-04-28;2025-04-29;2025-04-30;2025-05-01;2025-05-02;2025-05-03;2025-05-04;2025-05-05;2025-05-06,2025-04-23;2025-04-24;2025-04-25;2025-04-26;2025-04-27;2025-04-28;2025-04-29;2025-04-30;2025-05-01;2025-05-02;2025-05-03;2025-05-04;2025-05-05;2025-05-06,,2025-05-06,9600.0,10800.0,10800.0,21.629095568549015,27.215427872905767,16.46242491893746,30.85248452598107,67512.18407170272,121.41783656085946,8656.604658832528,41334.74570247419,448.83433100497854,41783.580033479164,41334.74570247419,41334.745661139445,37239.80974721163,1515.7706950978038,lexicographic,4.133474566113945e-05,3.723980970997183e-05,False,0.15587600000071689,0.0,1,0
2025-05-08,False,calendar_trend,4,1.0,7,1.0,0,calibrated_quantile,2025-04-10;2025-04-11;2025-04-12;2025-04-13;2025-04-14;2025-04-15;2025-04-16;2025-04-17;2025-04-18;2025-04-19;2025-04-20;2025-04-21;2025-04-22;2025-04-23;2025-04-24;2025-04-25;2025-04-26;2025-04-27;2025-04-28;2025-04-29;2025-04-30;2025-05-01;2025-05-02;2025-05-03;2025-05-04;2025-05-05;2025-05-06;2025-05-07,28,7909.306953501342,2025-04-10;2025-04-11;2025-04-12;2025-04-13;2025-04-14;2025-04-15;2025-04-16;2025-04-17;2025-04-18;2025-04-19;2025-04-20;2025-04-21;2025-04-22;2025-04-23;2025-04-24;2025-04-25;2025-04-26;2025-04-27;2025-04-28;2025-04-29;2025-04-30;2025-05-01;2025-05-02;2025-05-03;2025-05-04;2025-05-05;2025-05-06;2025-05-07,2025-04-24;2025-04-25;2025-04-26;2025-04-27;2025-04-28;2025-04-29;2025-04-30;2025-05-01;2025-05-02;2025-05-03;2025-05-04;2025-05-05;2025-05-06;2025-05-07,,2025-05-07,9600.0,10800.0,10800.0,27.741619085513616,38.07760532885485,27.097640822204408,46.539747717164914,68603.64418069596,453.65892584800866,9216.653289912745,42549.170596304015,1775.0355832830114,44324.206179587025,42549.170596304015,42549.17055375486,38239.940653171085,1522.040352091089,lexicographic,4.2549170553754864e-05,3.823994061493115e-05,False,0.1222873000006075,0.0,1,0
2025-05-09,False,calendar_trend,4,1.0,7,1.0,0,calibrated_quantile,2025-04-11;2025-04-12;2025-04-13;2025-04-14;2025-04-15;2025-04-16;2025-04-17;2025-04-18;2025-04-19;2025-04-20;2025-04-21;2025-04-22;2025-04-23;2025-04-24;2025-04-25;2025-04-26;2025-04-27;2025-04-28;2025-04-29;2025-04-30;2025-05-01;2025-05-02;2025-05-03;2025-05-04;2025-05-05;2025-05-06;2025-05-07;2025-05-08,28,7953.383083512662,2025-04-11;2025-04-12;2025-04-13;2025-04-14;2025-04-15;2025-04-16;2025-04-17;2025-04-18;2025-04-19;2025-04-20;2025-04-21;2025-04-22;2025-04-23;2025-04-24;2025-04-25;2025-04-26;2025-04-27;2025-04-28;2025-04-29;2025-04-30;2025-05-01;2025-05-02;2025-05-03;2025-05-04;2025-05-05;2025-05-06;2025-05-07;2025-05-08,2025-04-25;2025-04-26;2025-04-27;2025-04-28;2025-04-29;2025-04-30;2025-05-01;2025-05-02;2025-05-03;2025-05-04;2025-05-05;2025-05-06;2025-05-07;2025-05-08,,2025-05-08,9600.0,10800.0,10800.0,21.058629097304635,27.58613298476539,19.68362127149786,37.82536483640738,32692.224225715978,98.0554884586532,20237.5605308413,17428.802049375303,278.3267214973088,17707.128770872612,17428.802049375307,17428.8020319465,38613.33333333333,1353.0359582319247,lexicographic,1.7428802031946502e-05,3.861333333333333e-05,False,0.14289610000196262,0.0,1,0
2025-05-10,False,calendar_trend,4,1.0,7,1.0,0,calibrated_quantile,2025-04-12;2025-04-13;2025-04-14;2025-04-15;2025-04-16;2025-04-17;2025-04-18;2025-04-19;2025-04-20;2025-04-21;2025-04-22;2025-04-23;2025-04-24;2025-04-25;2025-04-26;2025-04-27;2025-04-28;2025-04-29;2025-04-30;2025-05-01;2025-05-02;2025-05-03;2025-05-04;2025-05-05;2025-05-06;2025-05-07;2025-05-08;2025-05-09,28,7996.853941095979,2025-04-12;2025-04-13;2025-04-14;2025-04-15;2025-04-16;2025-04-17;2025-04-18;2025-04-19;2025-04-20;2025-04-21;2025-04-22;2025-04-23;2025-04-24;2025-04-25;2025-04-26;2025-04-27;2025-04-28;2025-04-29;2025-04-30;2025-05-01;2025-05-02;2025-05-03;2025-05-04;2025-05-05;2025-05-06;2025-05-07;2025-05-08;2025-05-09,2025-04-26;2025-04-27;2025-04-28;2025-04-29;2025-04-30;2025-05-01;2025-05-02;2025-05-03;2025-05-04;2025-05-05;2025-05-06;2025-05-07;2025-05-08;2025-05-09,,2025-05-09,9600.0,10800.0,10800.0,22.066732380711986,26.224549553739873,29.019519571268102,53.48116514881389,32579.941139530187,441.3429391013472,16846.905461964867,17382.580756306572,1856.9613655355934,19239.542121842165,17382.580756306572,17382.580738923993,38613.33333333333,1467.2716511522121,lexicographic,1.7382580738923995e-05,3.861333333333333e-05,False,0.17250290000083623,0.0,1,0
2025-05-11,False,calendar_trend,4,1.0,7,1.0,0,calibrated_quantile,2025-04-13;2025-04-14;2025-04-15;2025-04-16;2025-04-17;2025-04-18;2025-04-19;2025-04-20;2025-04-21;2025-04-22;2025-04-23;2025-04-24;2025-04-25;2025-04-26;2025-04-27;2025-04-28;2025-04-29;2025-04-30;2025-05-01;2025-05-02;2025-05-03;2025-05-04;2025-05-05;2025-05-06;2025-05-07;2025-05-08;2025-05-09;2025-05-10,28,8084.149346577449,2025-04-13;2025-04-14;2025-04-15;2025-04-16;2025-04-17;2025-04-18;2025-04-19;2025-04-20;2025-04-21;2025-04-22;2025-04-23;2025-04-24;2025-04-25;2025-04-26;2025-04-27;2025-04-28;2025-04-29;2025-04-30;2025-05-01;2025-05-02;2025-05-03;2025-05-04;2025-05-05;2025-05-06;2025-05-07;2025-05-08;2025-05-09;2025-05-10,2025-04-27;2025-04-28;2025-04-29;2025-04-30;2025-05-01;2025-05-02;2025-05-03;2025-05-04;2025-05-05;2025-05-06;2025-05-07;2025-05-08;2025-05-09;2025-05-10,,2025-05-10,9600.0,10800.0,10800.0,26.962148727972416,35.530450907162624,25.393950161613343,41.202544974251126,68888.2222455118,221.6682320890376,9572.879361442052,42359.042007447075,616.7227693399363,42975.76477678701,42359.04200744707,42359.041965088036,38609.51041796902,1539.3083185293424,lexicographic,4.235904196508804e-05,3.860951037935951e-05,False,0.15059760000076494,0.0,1,0
2025-05-12,False,calendar_trend,4,1.0,7,1.0,0,calibrated_quantile,2025-04-14;2025-04-15;2025-04-16;2025-04-17;2025-04-18;2025-04-19;2025-04-20;2025-04-21;2025-04-22;2025-04-23;2025-04-24;2025-04-25;2025-04-26;2025-04-27;2025-04-28;2025-04-29;2025-04-30;2025-05-01;2025-05-02;2025-05-03;2025-05-04;2025-05-05;2025-05-06;2025-05-07;2025-05-08;2025-05-09;2025-05-10;2025-05-11,28,8133.237607987456,2025-04-14;2025-04-15;2025-04-16;2025-04-17;2025-04-18;2025-04-19;2025-04-20;2025-04-21;2025-04-22;2025-04-23;2025-04-24;2025-04-25;2025-04-26;2025-04-27;2025-04-28;2025-04-29;2025-04-30;2025-05-01;2025-05-02;2025-05-03;2025-05-04;2025-05-05;2025-05-06;2025-05-07;2025-05-08;2025-05-09;2025-05-10;2025-05-11,2025-04-28;2025-04-29;2025-04-30;2025-05-01;2025-05-02;2025-05-03;2025-05-04;2025-05-05;2025-05-06;2025-05-07;2025-05-08;2025-05-09;2025-05-10;2025-05-11,,2025-05-11,9600.0,10800.0,10800.0,29.006626767402516,37.99467972453063,49.2814653639636,83.96289584572547,69755.3722237859,577.2310755557869,14335.921291642117,42851.090989116754,1447.7131161140014,44298.80410523075,42851.090989116754,42851.09094626567,38729.110850541576,1524.591971952531,lexicographic,4.2851090946265676e-05,3.872911081181247e-05,False,0.1496506999974372,1.6979632148239393e-16,1,0
2025-05-13,False,calendar_trend,4,1.0,7,1.0,0,calibrated_quantile,2025-04-15;2025-04-16;2025-04-17;2025-04-18;2025-04-19;2025-04-20;2025-04-21;2025-04-22;2025-04-23;2025-04-24;2025-04-25;2025-04-26;2025-04-27;2025-04-28;2025-04-29;2025-04-30;2025-05-01;2025-05-02;2025-05-03;2025-05-04;2025-05-05;2025-05-06;2025-05-07;2025-05-08;2025-05-09;2025-05-10;2025-05-11;2025-05-12,28,8183.277928570493,2025-04-15;2025-04-16;2025-04-17;2025-04-18;2025-04-19;2025-04-20;2025-04-21;2025-04-22;2025-04-23;2025-04-24;2025-04-25;2025-04-26;2025-04-27;2025-04-28;2025-04-29;2025-04-30;2025-05-01;2025-05-02;2025-05-03;2025-05-04;2025-05-05;2025-05-06;2025-05-07;2025-05-08;2025-05-09;2025-05-10;2025-05-11;2025-05-12,2025-04-29;2025-04-30;2025-05-01;2025-05-02;2025-05-03;2025-05-04;2025-05-05;2025-05-06;2025-05-07;2025-05-08;2025-05-09;2025-05-10;2025-05-11;2025-05-12,,2025-05-12,9600.0,10800.0,10800.0,27.851927899524284,36.185881564368366,17.77015351923565,29.046051721747084,68991.65474546739,86.62150964528846,11975.76810210627,42263.825172138684,251.8093610059917,42515.63453314468,42263.82517213869,42263.82512987486,37850.86657513123,1534.884618552478,lexicographic,4.226382512987486e-05,3.785086653728037e-05,False,0.13682110000081593,0.0,1,0
2025-05-14,False,calendar_trend,4,1.0,7,1.0,0,calibrated_quantile,2025-04-16;2025-04-17;2025-04-18;2025-04-19;2025-04-20;2025-04-21;2025-04-22;2025-04-23;2025-04-24;2025-04-25;2025-04-26;2025-04-27;2025-04-28;2025-04-29;2025-04-30;2025-05-01;2025-05-02;2025-05-03;2025-05-04;2025-05-05;2025-05-06;2025-05-07;2025-05-08;2025-05-09;2025-05-10;2025-05-11;2025-05-12;2025-05-13,28,8112.422586813683,2025-04-16;2025-04-17;2025-04-18;2025-04-19;2025-04-20;2025-04-21;2025-04-22;2025-04-23;2025-04-24;2025-04-25;2025-04-26;2025-04-27;2025-04-28;2025-04-29;2025-04-30;2025-05-01;2025-05-02;2025-05-03;2025-05-04;2025-05-05;2025-05-06;2025-05-07;2025-05-08;2025-05-09;2025-05-10;2025-05-11;2025-05-12;2025-05-13,2025-04-30;2025-05-01;2025-05-02;2025-05-03;2025-05-04;2025-05-05;2025-05-06;2025-05-07;2025-05-08;2025-05-09;2025-05-10;2025-05-11;2025-05-12;2025-05-13,,2025-05-13,9600.0,10800.0,10800.0,22.489263262430374,30.54888715235809,23.19077046028068,42.19321779878606,68370.29291287593,176.9960915061393,11595.088514233516,41754.64570862398,509.3370370128055,42263.982745636786,41754.64570862398,41754.64566686932,37515.12415439761,1504.6969716171902,lexicographic,4.175464566686932e-05,3.7515124116882485e-05,False,0.1216019999992568,1.7425504391135605e-16,1,0
2025-05-15,False,calendar_trend,4,1.0,7,1.0,0,calibrated_quantile,2025-04-17;2025-04-18;2025-04-19;2025-04-20;2025-04-21;2025-04-22;2025-04-23;2025-04-24;2025-04-25;2025-04-26;2025-04-27;2025-04-28;2025-04-29;2025-04-30;2025-05-01;2025-05-02;2025-05-03;2025-05-04;2025-05-05;2025-05-06;2025-05-07;2025-05-08;2025-05-09;2025-05-10;2025-05-11;2025-05-12;2025-05-13;2025-05-14,28,7961.2022893908525,2025-04-17;2025-04-18;2025-04-19;2025-04-20;2025-04-21;2025-04-22;2025-04-23;2025-04-24;2025-04-25;2025-04-26;2025-04-27;2025-04-28;2025-04-29;2025-04-30;2025-05-01;2025-05-02;2025-05-03;2025-05-04;2025-05-05;2025-05-06;2025-05-07;2025-05-08;2025-05-09;2025-05-10;2025-05-11;2025-05-12;2025-05-13;2025-05-14,2025-05-01;2025-05-02;2025-05-03;2025-05-04;2025-05-05;2025-05-06;2025-05-07;2025-05-08;2025-05-09;2025-05-10;2025-05-11;2025-05-12;2025-05-13;2025-05-14,,2025-05-14,9600.0,10800.0,10800.0,28.4417928624056,39.337038469069626,26.78695994578652,47.552038300467906,67332.8312792602,303.2314107774347,11030.345369960429,41423.39746180873,1178.03868582716,42601.43614763589,41423.39746180874,41423.397420385336,36587.33082371787,1502.1032465808182,lexicographic,4.142339742038534e-05,3.6587330787130537e-05,False,0.14356339999721968,0.0,1,0
2025-05-16,False,calendar_trend,4,1.0,7,1.0,0,calibrated_quantile,2025-04-18;2025-04-19;2025-04-20;2025-04-21;2025-04-22;2025-04-23;2025-04-24;2025-04-25;2025-04-26;2025-04-27;2025-04-28;2025-04-29;2025-04-30;2025-05-01;2025-05-02;2025-05-03;2025-05-04;2025-05-05;2025-05-06;2025-05-07;2025-05-08;2025-05-09;2025-05-10;2025-05-11;2025-05-12;2025-05-13;2025-05-14;2025-05-15,28,8039.029128069238,2025-04-18;2025-04-19;2025-04-20;2025-04-21;2025-04-22;2025-04-23;2025-04-24;2025-04-25;2025-04-26;2025-04-27;2025-04-28;2025-04-29;2025-04-30;2025-05-01;2025-05-02;2025-05-03;2025-05-04;2025-05-05;2025-05-06;2025-05-07;2025-05-08;2025-05-09;2025-05-10;2025-05-11;2025-05-12;2025-05-13;2025-05-14;2025-05-15,2025-05-02;2025-05-03;2025-05-04;2025-05-05;2025-05-06;2025-05-07;2025-05-08;2025-05-09;2025-05-10;2025-05-11;2025-05-12;2025-05-13;2025-05-14;2025-05-15,,2025-05-15,9600.0,10800.0,10800.0,21.891990337974292,28.067364045902856,35.554424267517845,62.41258961465017,31255.550193621362,213.50154845295168,24700.211880211027,16435.86924755839,676.638869176751,17112.508116735138,16435.869247558392,16435.869231122524,38613.333287574846,1327.335632899079,lexicographic,1.6435869231122526e-05,3.8613333248961525e-05,False,0.13852649999898858,0.0,1,0
2025-05-17,False,calendar_trend,4,1.0,7,1.0,0,calibrated_quantile,2025-04-19;2025-04-20;2025-04-21;2025-04-22;2025-04-23;2025-04-24;2025-04-25;2025-04-26;2025-04-27;2025-04-28;2025-04-29;2025-04-30;2025-05-01;2025-05-02;2025-05-03;2025-05-04;2025-05-05;2025-05-06;2025-05-07;2025-05-08;2025-05-09;2025-05-10;2025-05-11;2025-05-12;2025-05-13;2025-05-14;2025-05-15;2025-05-16,28,8007.261939817006,2025-04-19;2025-04-20;2025-04-21;2025-04-22;2025-04-23;2025-04-24;2025-04-25;2025-04-26;2025-04-27;2025-04-28;2025-04-29;2025-04-30;2025-05-01;2025-05-02;2025-05-03;2025-05-04;2025-05-05;2025-05-06;2025-05-07;2025-05-08;2025-05-09;2025-05-10;2025-05-11;2025-05-12;2025-05-13;2025-05-14;2025-05-15;2025-05-16,2025-05-03;2025-05-04;2025-05-05;2025-05-06;2025-05-07;2025-05-08;2025-05-09;2025-05-10;2025-05-11;2025-05-12;2025-05-13;2025-05-14;2025-05-15;2025-05-16,,2025-05-16,9600.0,10800.0,10800.0,21.53677248565161,27.61015963374216,33.318820823547384,62.539724104608545,31227.177407930365,1017.7022910458197,17742.747287056383,16331.003716319452,4526.533140916882,20857.536857236333,16331.00371631945,16331.00369998845,38613.33328811315,1456.6252221712657,lexicographic,1.6331003699988453e-05,3.861333324949982e-05,False,0.12622490000285325,1.1138258474261093e-16,1,0
2025-05-18,False,calendar_trend,4,1.0,7,1.0,0,calibrated_quantile,2025-04-20;2025-04-21;2025-04-22;2025-04-23;2025-04-24;2025-04-25;2025-04-26;2025-04-27;2025-04-28;2025-04-29;2025-04-30;2025-05-01;2025-05-02;2025-05-03;2025-05-04;2025-05-05;2025-05-06;2025-05-07;2025-05-08;2025-05-09;2025-05-10;2025-05-11;2025-05-12;2025-05-13;2025-05-14;2025-05-15;2025-05-16;2025-05-17,28,8208.198809271791,2025-04-20;2025-04-21;2025-04-22;2025-04-23;2025-04-24;2025-04-25;2025-04-26;2025-04-27;2025-04-28;2025-04-29;2025-04-30;2025-05-01;2025-05-02;2025-05-03;2025-05-04;2025-05-05;2025-05-06;2025-05-07;2025-05-08;2025-05-09;2025-05-10;2025-05-11;2025-05-12;2025-05-13;2025-05-14;2025-05-15;2025-05-16;2025-05-17,2025-05-04;2025-05-05;2025-05-06;2025-05-07;2025-05-08;2025-05-09;2025-05-10;2025-05-11;2025-05-12;2025-05-13;2025-05-14;2025-05-15;2025-05-16;2025-05-17,,2025-05-17,9600.0,10800.0,10800.0,22.568178849900036,28.390603339626747,30.007449130251505,53.88434627530538,65331.59039170267,636.8529039698319,8642.881985955646,39729.24233517578,2067.8230615122015,41797.06539668798,39729.24233517578,39729.242295446544,34765.272155723855,1491.7584337855092,lexicographic,3.972924229544655e-05,3.476527212095859e-05,False,0.12516909999976633,0.0,1,0
2025-05-19,False,calendar_trend,4,1.0,7,1.0,0,calibrated_quantile,2025-04-21;2025-04-22;2025-04-23;2025-04-24;2025-04-25;2025-04-26;2025-04-27;2025-04-28;2025-04-29;2025-04-30;2025-05-01;2025-05-02;2025-05-03;2025-05-04;2025-05-05;2025-05-06;2025-05-07;2025-05-08;2025-05-09;2025-05-10;2025-05-11;2025-05-12;2025-05-13;2025-05-14;2025-05-15;2025-05-16;2025-05-17;2025-05-18,28,8286.37070070912,2025-04-21;2025-04-22;2025-04-23;2025-04-24;2025-04-25;2025-04-26;2025-04-27;2025-04-28;2025-04-29;2025-04-30;2025-05-01;2025-05-02;2025-05-03;2025-05-04;2025-05-05;2025-05-06;2025-05-07;2025-05-08;2025-05-09;2025-05-10;2025-05-11;2025-05-12;2025-05-13;2025-05-14;2025-05-15;2025-05-16;2025-05-17;2025-05-18,2025-05-05;2025-05-06;2025-05-07;2025-05-08;2025-05-09;2025-05-10;2025-05-11;2025-05-12;2025-05-13;2025-05-14;2025-05-15;2025-05-16;2025-05-17;2025-05-18,,2025-05-18,9600.0,10800.0,10800.0,21.854624617232034,29.119868847390105,43.794429452896146,87.81056020448314,65535.61542751841,108.56254075268131,14475.522626821967,39466.015563256966,681.1225432750572,40147.138106532024,39466.015563256966,39466.01552379095,34803.81164485756,1482.6537997460587,lexicographic,3.946601552379095e-05,3.480381161005376e-05,False,0.1402181000012206,0.0,1,0
2025-05-20,False,calendar_trend,4,1.0,7,1.0,0,calibrated_quantile,2025-04-22;2025-04-23;2025-04-24;2025-04-25;2025-04-26;2025-04-27;2025-04-28;2025-04-29;2025-04-30;2025-05-01;2025-05-02;2025-05-03;2025-05-04;2025-05-05;2025-05-06;2025-05-07;2025-05-08;2025-05-09;2025-05-10;2025-05-11;2025-05-12;2025-05-13;2025-05-14;2025-05-15;2025-05-16;2025-05-17;2025-05-18;2025-05-19,28,8244.893000854136,2025-04-22;2025-04-23;2025-04-24;2025-04-25;2025-04-26;2025-04-27;2025-04-28;2025-04-29;2025-04-30;2025-05-01;2025-05-02;2025-05-03;2025-05-04;2025-05-05;2025-05-06;2025-05-07;2025-05-08;2025-05-09;2025-05-10;2025-05-11;2025-05-12;2025-05-13;2025-05-14;2025-05-15;2025-05-16;2025-05-17;2025-05-18;2025-05-19,2025-05-06;2025-05-07;2025-05-08;2025-05-09;2025-05-10;2025-05-11;2025-05-12;2025-05-13;2025-05-14;2025-05-15;2025-05-16;2025-05-17;2025-05-18;2025-05-19,,2025-05-19,9600.0,10800.0,10800.0,21.168441870747362,27.467276432582928,26.333871210814763,49.71116029412478,63442.952065548554,496.44363993400964,5806.941168618302,38234.71405340031,2371.4758620736748,40606.18991547399,38234.71405340031,38234.714015165606,34342.93733451397,1475.2950187087815,lexicographic,3.823471401516561e-05,3.4342937300171055e-05,False,0.13459539999894332,0.0,1,0
2025-05-21,False,calendar_trend,4,1.0,7,1.0,0,calibrated_quantile,2025-04-23;2025-04-24;2025-04-25;2025-04-26;2025-04-27;2025-04-28;2025-04-29;2025-04-30;2025-05-01;2025-05-02;2025-05-03;2025-05-04;2025-05-05;2025-05-06;2025-05-07;2025-05-08;2025-05-09;2025-05-10;2025-05-11;2025-05-12;2025-05-13;2025-05-14;2025-05-15;2025-05-16;2025-05-17;2025-05-18;2025-05-19;2025-05-20,28,8352.32849885577,2025-04-23;2025-04-24;2025-04-25;2025-04-26;2025-04-27;2025-04-28;2025-04-29;2025-04-30;2025-05-01;2025-05-02;2025-05-03;2025-05-04;2025-05-05;2025-05-06;2025-05-07;2025-05-08;2025-05-09;2025-05-10;2025-05-11;2025-05-12;2025-05-13;2025-05-14;2025-05-15;2025-05-16;2025-05-17;2025-05-18;2025-05-19;2025-05-20,2025-05-07;2025-05-08;2025-05-09;2025-05-10;2025-05-11;2025-05-12;2025-05-13;2025-05-14;2025-05-15;2025-05-16;2025-05-17;2025-05-18;2025-05-19;2025-05-20,,2025-05-20,9600.0,10800.0,10800.0,21.00858147607219,27.881774867340052,40.16303798745207,68.98560705135768,63630.9160061122,810.7857189917959,9478.509854750211,38251.26639513011,3195.374367096526,41446.640762226634,38251.2663951301,38251.26635687882,34300.22959214221,1488.5182786789555,lexicographic,3.8251266356878824e-05,3.430022955784198e-05,False,0.16184419999990496,0.0,1,0
2025-05-22,False,calendar_trend,4,1.0,7,1.0,0,calibrated_quantile,2025-04-24;2025-04-25;2025-04-26;2025-04-27;2025-04-28;2025-04-29;2025-04-30;2025-05-01;2025-05-02;2025-05-03;2025-05-04;2025-05-05;2025-05-06;2025-05-07;2025-05-08;2025-05-09;2025-05-10;2025-05-11;2025-05-12;2025-05-13;2025-05-14;2025-05-15;2025-05-16;2025-05-17;2025-05-18;2025-05-19;2025-05-20;2025-05-21,28,8514.346732391205,2025-04-24;2025-04-25;2025-04-26;2025-04-27;2025-04-28;2025-04-29;2025-04-30;2025-05-01;2025-05-02;2025-05-03;2025-05-04;2025-05-05;2025-05-06;2025-05-07;2025-05-08;2025-05-09;2025-05-10;2025-05-11;2025-05-12;2025-05-13;2025-05-14;2025-05-15;2025-05-16;2025-05-17;2025-05-18;2025-05-19;2025-05-20;2025-05-21,2025-05-08;2025-05-09;2025-05-10;2025-05-11;2025-05-12;2025-05-13;2025-05-14;2025-05-15;2025-05-16;2025-05-17;2025-05-18;2025-05-19;2025-05-20;2025-05-21,,2025-05-21,9600.0,10800.0,10800.0,20.994051234448676,27.485124037176647,15.108422489581471,28.35941407784426,63065.137925078096,100.42289621873401,8781.350419490645,38353.91140692498,377.9863783287899,38731.897785253765,38353.91140692498,38353.911368571054,33985.88973211862,1511.3737724796433,lexicographic,3.8353911368571055e-05,3.3985889698132754e-05,False,0.14097229999970295,0.0,1,0
2025-05-23,False,calendar_trend,4,1.0,7,1.0,0,calibrated_quantile,2025-04-25;2025-04-26;2025-04-27;2025-04-28;2025-04-29;2025-04-30;2025-05-01;2025-05-02;2025-05-03;2025-05-04;2025-05-05;2025-05-06;2025-05-07;2025-05-08;2025-05-09;2025-05-10;2025-05-11;2025-05-12;2025-05-13;2025-05-14;2025-05-15;2025-05-16;2025-05-17;2025-05-18;2025-05-19;2025-05-20;2025-05-21;2025-05-22,28,8514.087471842431,2025-04-25;2025-04-26;2025-04-27;2025-04-28;2025-04-29;2025-04-30;2025-05-01;2025-05-02;2025-05-03;2025-05-04;2025-05-05;2025-05-06;2025-05-07;2025-05-08;2025-05-09;2025-05-10;2025-05-11;2025-05-12;2025-05-13;2025-05-14;2025-05-15;2025-05-16;2025-05-17;2025-05-18;2025-05-19;2025-05-20;2025-05-21;2025-05-22,2025-05-09;2025-05-10;2025-05-11;2025-05-12;2025-05-13;2025-05-14;2025-05-15;2025-05-16;2025-05-17;2025-05-18;2025-05-19;2025-05-20;2025-05-21;2025-05-22,,2025-05-22,9600.0,10800.0,10800.0,18.85609355099787,24.267084282330355,17.767531325475318,32.96277031870544,30141.653428960082,209.35142997395104,19876.7226466208,15582.951689113313,766.9053514483369,16349.85704056165,15582.951689113313,15582.951673530359,38613.33329186117,1319.4055982347538,lexicographic,1.558295167353036e-05,3.861333325324785e-05,False,0.13932449999992969,0.0,1,0
2025-05-24,False,calendar_trend,4,1.0,7,1.0,0,calibrated_quantile,2025-04-26;2025-04-27;2025-04-28;2025-04-29;2025-04-30;2025-05-01;2025-05-02;2025-05-03;2025-05-04;2025-05-05;2025-05-06;2025-05-07;2025-05-08;2025-05-09;2025-05-10;2025-05-11;2025-05-12;2025-05-13;2025-05-14;2025-05-15;2025-05-16;2025-05-17;2025-05-18;2025-05-19;2025-05-20;2025-05-21;2025-05-22;2025-05-23,28,8615.66380784265,2025-04-26;2025-04-27;2025-04-28;2025-04-29;2025-04-30;2025-05-01;2025-05-02;2025-05-03;2025-05-04;2025-05-05;2025-05-06;2025-05-07;2025-05-08;2025-05-09;2025-05-10;2025-05-11;2025-05-12;2025-05-13;2025-05-14;2025-05-15;2025-05-16;2025-05-17;2025-05-18;2025-05-19;2025-05-20;2025-05-21;2025-05-22;2025-05-23,2025-05-10;2025-05-11;2025-05-12;2025-05-13;2025-05-14;2025-05-15;2025-05-16;2025-05-17;2025-05-18;2025-05-19;2025-05-20;2025-05-21;2025-05-22;2025-05-23,,2025-05-23,9600.0,10800.0,10800.0,19.726025494688365,24.875985357651185,31.0099838072729,51.65843951380241,30399.345415520263,192.83979796070298,22784.35050123425,15706.273492074979,872.0601170537483,16578.333609128727,15706.273492074979,15706.273476368706,38613.33329122741,1455.3360123762977,lexicographic,1.5706273476368706e-05,3.8613333252614073e-05,False,0.24118000000089523,0.0,1,0
2025-05-25,False,calendar_trend,4,1.0,7,1.0,0,calibrated_quantile,2025-04-27;2025-04-28;2025-04-29;2025-04-30;2025-05-01;2025-05-02;2025-05-03;2025-05-04;2025-05-05;2025-05-06;2025-05-07;2025-05-08;2025-05-09;2025-05-10;2025-05-11;2025-05-12;2025-05-13;2025-05-14;2025-05-15;2025-05-16;2025-05-17;2025-05-18;2025-05-19;2025-05-20;2025-05-21;2025-05-22;2025-05-23;2025-05-24,28,8701.388998086753,2025-04-27;2025-04-28;2025-04-29;2025-04-30;2025-05-01;2025-05-02;2025-05-03;2025-05-04;2025-05-05;2025-05-06;2025-05-07;2025-05-08;2025-05-09;2025-05-10;2025-05-11;2025-05-12;2025-05-13;2025-05-14;2025-05-15;2025-05-16;2025-05-17;2025-05-18;2025-05-19;2025-05-20;2025-05-21;2025-05-22;2025-05-23;2025-05-24,2025-05-11;2025-05-12;2025-05-13;2025-05-14;2025-05-15;2025-05-16;2025-05-17;2025-05-18;2025-05-19;2025-05-20;2025-05-21;2025-05-22;2025-05-23;2025-05-24,,2025-05-24,9600.0,10800.0,10800.0,26.093505531480567,32.69871561917475,21.34993946923431,40.33062236994685,62068.972632584504,374.6272455928085,10245.158990341546,37344.692408336174,1845.2544883633816,39189.946896699556,37344.692408336174,37344.692370991484,34803.73460604951,1472.8497244405232,lexicographic,3.7344692370991486e-05,3.480373457124578e-05,False,0.11582580000322196,0.0,1,0
2025-05-26,False,calendar_trend,4,1.0,7,1.0,0,calibrated_quantile,2025-04-28;2025-04-29;2025-04-30;2025-05-01;2025-05-02;2025-05-03;2025-05-04;2025-05-05;2025-05-06;2025-05-07;2025-05-08;2025-05-09;2025-05-10;2025-05-11;2025-05-12;2025-05-13;2025-05-14;2025-05-15;2025-05-16;2025-05-17;2025-05-18;2025-05-19;2025-05-20;2025-05-21;2025-05-22;2025-05-23;2025-05-24;2025-05-25,28,8632.154456981536,2025-04-28;2025-04-29;2025-04-30;2025-05-01;2025-05-02;2025-05-03;2025-05-04;2025-05-05;2025-05-06;2025-05-07;2025-05-08;2025-05-09;2025-05-10;2025-05-11;2025-05-12;2025-05-13;2025-05-14;2025-05-15;2025-05-16;2025-05-17;2025-05-18;2025-05-19;2025-05-20;2025-05-21;2025-05-22;2025-05-23;2025-05-24;2025-05-25,2025-05-12;2025-05-13;2025-05-14;2025-05-15;2025-05-16;2025-05-17;2025-05-18;2025-05-19;2025-05-20;2025-05-21;2025-05-22;2025-05-23;2025-05-24;2025-05-25,,2025-05-25,9600.0,10800.0,10800.0,23.265300681259866,29.882591861787823,41.87634658712969,79.55235596288404,61619.552278316776,1972.3973936128896,5356.349875558668,37039.34903134435,7175.832090540943,44215.18112188529,37039.34903134435,37039.348994305,34825.98943121848,1455.9046068281746,lexicographic,3.7039348994305e-05,3.4825989396392485e-05,False,0.2404714000003878,0.0,1,0
2025-05-27,False,calendar_trend,4,1.0,7,1.0,0,calibrated_quantile,2025-04-29;2025-04-30;2025-05-01;2025-05-02;2025-05-03;2025-05-04;2025-05-05;2025-05-06;2025-05-07;2025-05-08;2025-05-09;2025-05-10;2025-05-11;2025-05-12;2025-05-13;2025-05-14;2025-05-15;2025-05-16;2025-05-17;2025-05-18;2025-05-19;2025-05-20;2025-05-21;2025-05-22;2025-05-23;2025-05-24;2025-05-25;2025-05-26,28,8363.58236591025,2025-04-29;2025-04-30;2025-05-01;2025-05-02;2025-05-03;2025-05-04;2025-05-05;2025-05-06;2025-05-07;2025-05-08;2025-05-09;2025-05-10;2025-05-11;2025-05-12;2025-05-13;2025-05-14;2025-05-15;2025-05-16;2025-05-17;2025-05-18;2025-05-19;2025-05-20;2025-05-21;2025-05-22;2025-05-23;2025-05-24;2025-05-25;2025-05-26,2025-05-13;2025-05-14;2025-05-15;2025-05-16;2025-05-17;2025-05-18;2025-05-19;2025-05-20;2025-05-21;2025-05-22;2025-05-23;2025-05-24;2025-05-25;2025-05-26,,2025-05-26,9600.0,10800.0,10800.0,21.475668197670423,26.241046419716334,22.072773076180773,38.99803750483202,62127.318284990775,221.72961444436396,9299.010443859286,37350.6609832997,758.2650626552678,38108.92604595497,37350.6609832997,37350.660945949036,34863.173587327954,1501.3880877286188,lexicographic,3.735066094594904e-05,3.486317355246479e-05,False,0.13389010000173585,0.0,1,0
2025-05-28,False,calendar_trend,4,1.0,7,1.0,0,calibrated_quantile,2025-04-30;2025-05-01;2025-05-02;2025-05-03;2025-05-04;2025-05-05;2025-05-06;2025-05-07;2025-05-08;2025-05-09;2025-05-10;2025-05-11;2025-05-12;2025-05-13;2025-05-14;2025-05-15;2025-05-16;2025-05-17;2025-05-18;2025-05-19;2025-05-20;2025-05-21;2025-05-22;2025-05-23;2025-05-24;2025-05-25;2025-05-26;2025-05-27,28,8372.490804351193,2025-04-30;2025-05-01;2025-05-02;2025-05-03;2025-05-04;2025-05-05;2025-05-06;2025-05-07;2025-05-08;2025-05-09;2025-05-10;2025-05-11;2025-05-12;2025-05-13;2025-05-14;2025-05-15;2025-05-16;2025-05-17;2025-05-18;2025-05-19;2025-05-20;2025-05-21;2025-05-22;2025-05-23;2025-05-24;2025-05-25;2025-05-26;2025-05-27,2025-05-14;2025-05-15;2025-05-16;2025-05-17;2025-05-18;2025-05-19;2025-05-20;2025-05-21;2025-05-22;2025-05-23;2025-05-24;2025-05-25;2025-05-26;2025-05-27,,2025-05-27,9555.277909656086,10800.0,10755.277909656086,21.977022199078018,28.05218292202858,41.04388931686013,68.60795319936906,61856.91057707704,1163.0510864657772,7164.207133841417,37182.9160162516,3989.7481603892775,41172.66417664087,37182.9160162516,37182.91597906868,34546.283370413585,1485.7157289733523,lexicographic,3.718291597906869e-05,3.4546283335867325e-05,False,0.3203389000009338,0.0,1,0
2025-05-29,False,calendar_trend,4,1.0,7,1.0,0,calibrated_quantile,2025-05-01;2025-05-02;2025-05-03;2025-05-04;2025-05-05;2025-05-06;2025-05-07;2025-05-08;2025-05-09;2025-05-10;2025-05-11;2025-05-12;2025-05-13;2025-05-14;2025-05-15;2025-05-16;2025-05-17;2025-05-18;2025-05-19;2025-05-20;2025-05-21;2025-05-22;2025-05-23;2025-05-24;2025-05-25;2025-05-26;2025-05-27;2025-05-28,28,8493.120460679773,2025-05-01;2025-05-02;2025-05-03;2025-05-04;2025-05-05;2025-05-06;2025-05-07;2025-05-08;2025-05-09;2025-05-10;2025-05-11;2025-05-12;2025-05-13;2025-05-14;2025-05-15;2025-05-16;2025-05-17;2025-05-18;2025-05-19;2025-05-20;2025-05-21;2025-05-22;2025-05-23;2025-05-24;2025-05-25;2025-05-26;2025-05-27;2025-05-28,2025-05-15;2025-05-16;2025-05-17;2025-05-18;2025-05-19;2025-05-20;2025-05-21;2025-05-22;2025-05-23;2025-05-24;2025-05-25;2025-05-26;2025-05-27;2025-05-28,,2025-05-28,9503.38528029101,10755.277909656086,10703.38528029101,23.57851666236373,31.073282470042923,25.4624449328945,47.68032137606391,62554.184346797374,878.6628952097783,5680.160513130518,37806.412631463434,3803.3549459328306,41609.76757739626,37806.412631463434,37806.41259365702,35191.82198486237,1501.1960851292433,lexicographic,3.7806412593657024e-05,3.5191821949670553e-05,False,0.30045629999949597,0.0,1,0
2025-05-30,False,calendar_trend,4,1.0,7,1.0,0,calibrated_quantile,2025-05-02;2025-05-03;2025-05-04;2025-05-05;2025-05-06;2025-05-07;2025-05-08;2025-05-09;2025-05-10;2025-05-11;2025-05-12;2025-05-13;2025-05-14;2025-05-15;2025-05-16;2025-05-17;2025-05-18;2025-05-19;2025-05-20;2025-05-21;2025-05-22;2025-05-23;2025-05-24;2025-05-25;2025-05-26;2025-05-27;2025-05-28;2025-05-29,28,8557.676657221087,2025-05-02;2025-05-03;2025-05-04;2025-05-05;2025-05-06;2025-05-07;2025-05-08;2025-05-09;2025-05-10;2025-05-11;2025-05-12;2025-05-13;2025-05-14;2025-05-15;2025-05-16;2025-05-17;2025-05-18;2025-05-19;2025-05-20;2025-05-21;2025-05-22;2025-05-23;2025-05-24;2025-05-25;2025-05-26;2025-05-27;2025-05-28;2025-05-29,2025-05-16;2025-05-17;2025-05-18;2025-05-19;2025-05-20;2025-05-21;2025-05-22;2025-05-23;2025-05-24;2025-05-25;2025-05-26;2025-05-27;2025-05-28;2025-05-29,,2025-05-29,9451.492650925933,10703.38528029101,10651.492650925933,20.21292800504459,25.333020100817727,35.788178476108584,65.10815607679147,30707.16922846801,787.6867636031659,20923.34431459208,16048.597637676365,3030.076997794681,19078.674635471045,16048.597637676363,16048.597621627763,38361.371875934914,1314.459756918528,lexicographic,1.6048597621627765e-05,3.836137183757354e-05,False,0.3430791999999201,0.0,1,0
2025-05-31,False,calendar_trend,4,1.0,7,1.0,0,calibrated_quantile,2025-05-03;2025-05-04;2025-05-05;2025-05-06;2025-05-07;2025-05-08;2025-05-09;2025-05-10;2025-05-11;2025-05-12;2025-05-13;2025-05-14;2025-05-15;2025-05-16;2025-05-17;2025-05-18;2025-05-19;2025-05-20;2025-05-21;2025-05-22;2025-05-23;2025-05-24;2025-05-25;2025-05-26;2025-05-27;2025-05-28;2025-05-29;2025-05-30,28,8066.481315652476,2025-05-03;2025-05-04;2025-05-05;2025-05-06;2025-05-07;2025-05-08;2025-05-09;2025-05-10;2025-05-11;2025-05-12;2025-05-13;2025-05-14;2025-05-15;2025-05-16;2025-05-17;2025-05-18;2025-05-19;2025-05-20;2025-05-21;2025-05-22;2025-05-23;2025-05-24;2025-05-25;2025-05-26;2025-05-27;2025-05-28;2025-05-29;2025-05-30,2025-05-17;2025-05-18;2025-05-19;2025-05-20;2025-05-21;2025-05-22;2025-05-23;2025-05-24;2025-05-25;2025-05-26;2025-05-27;2025-05-28;2025-05-29;2025-05-30,,2025-05-30,9399.60002156084,10651.492650925933,10599.60002156084,23.873324003493376,30.757514872767633,29.54190576794051,56.0933761907972,30963.887576352412,842.4216509186516,19452.80437721851,16243.760477179087,3210.9973834887364,19454.75786066782,16243.760477179088,16243.760460935326,38257.01003132784,1432.661642274797,lexicographic,1.6243760460935325e-05,3.8257009993070834e-05,False,0.48715140000058454,0.0,1,0
2025-06-01,False,calendar_trend,4,1.0,7,1.0,0,calibrated_quantile,2025-05-04;2025-05-05;2025-05-06;2025-05-07;2025-05-08;2025-05-09;2025-05-10;2025-05-11;2025-05-12;2025-05-13;2025-05-14;2025-05-15;2025-05-16;2025-05-17;2025-05-18;2025-05-19;2025-05-20;2025-05-21;2025-05-22;2025-05-23;2025-05-24;2025-05-25;2025-05-26;2025-05-27;2025-05-28;2025-05-29;2025-05-30;2025-05-31,28,8084.845570874661,2025-05-04;2025-05-05;2025-05-06;2025-05-07;2025-05-08;2025-05-09;2025-05-10;2025-05-11;2025-05-12;2025-05-13;2025-05-14;2025-05-15;2025-05-16;2025-05-17;2025-05-18;2025-05-19;2025-05-20;2025-05-21;2025-05-22;2025-05-23;2025-05-24;2025-05-25;2025-05-26;2025-05-27;2025-05-28;2025-05-29;2025-05-30;2025-05-31,2025-05-18;2025-05-19;2025-05-20;2025-05-21;2025-05-22;2025-05-23;2025-05-24;2025-05-25;2025-05-26;2025-05-27;2025-05-28;2025-05-29;2025-05-30;2025-05-31,,2025-05-31,9347.707392195762,10599.60002156084,10547.707392195762,61.93206236784626,77.47704753836669,74.53968043249104,138.03620574913572,64224.510820215335,11892.547189812616,1112.2618776929228,38626.65598645179,45702.91725609045,84329.57324254225,38626.65598645179,38626.65594782513,36500.800680966015,1465.038026130192,lexicographic,3.862665594782513e-05,3.6500800644465216e-05,False,0.2864034000012907,0.0,1,0
2025-06-02,False,calendar_trend,4,1.0,7,1.0,0,calibrated_quantile,2025-05-05;2025-05-06;2025-05-07;2025-05-08;2025-05-09;2025-05-10;2025-05-11;2025-05-12;2025-05-13;2025-05-14;2025-05-15;2025-05-16;2025-05-17;2025-05-18;2025-05-19;2025-05-20;2025-05-21;2025-05-22;2025-05-23;2025-05-24;2025-05-25;2025-05-26;2025-05-27;2025-05-28;2025-05-29;2025-05-30;2025-05-31;2025-06-01,28,8913.84773484287,2025-05-05;2025-05-06;2025-05-07;2025-05-08;2025-05-09;2025-05-10;2025-05-11;2025-05-12;2025-05-13;2025-05-14;2025-05-15;2025-05-16;2025-05-17;2025-05-18;2025-05-19;2025-05-20;2025-05-21;2025-05-22;2025-05-23;2025-05-24;2025-05-25;2025-05-26;2025-05-27;2025-05-28;2025-05-29;2025-05-30;2025-05-31;2025-06-01,2025-05-19;2025-05-20;2025-05-21;2025-05-22;2025-05-23;2025-05-24;2025-05-25;2025-05-26;2025-05-27;2025-05-28;2025-05-29;2025-05-30;2025-05-31;2025-06-01,,2025-06-01,9600.0,10547.707392195762,10800.0,49.987952762549156,61.049904350839775,54.97109100248338,87.76219500501652,70358.63172784453,6435.506057753906,3827.2092326495285,42437.75409879449,26544.23769028097,68981.99178907546,42437.754098794496,42437.75405635672,38821.855275209935,1486.3307390721707,lexicographic,4.2437754056356724e-05,3.8821855236388077e-05,False,0.26933359999748063,0.0,1,0
2025-06-03,False,calendar_trend,4,1.0,7,1.0,0,calibrated_quantile,2025-05-06;2025-05-07;2025-05-08;2025-05-09;2025-05-10;2025-05-11;2025-05-12;2025-05-13;2025-05-14;2025-05-15;2025-05-16;2025-05-17;2025-05-18;2025-05-19;2025-05-20;2025-05-21;2025-05-22;2025-05-23;2025-05-24;2025-05-25;2025-05-26;2025-05-27;2025-05-28;2025-05-29;2025-05-30;2025-05-31;2025-06-01;2025-06-02,28,9571.984987322481,2025-05-06;2025-05-07;2025-05-08;2025-05-09;2025-05-10;2025-05-11;2025-05-12;2025-05-13;2025-05-14;2025-05-15;2025-05-16;2025-05-17;2025-05-18;2025-05-19;2025-05-20;2025-05-21;2025-05-22;2025-05-23;2025-05-24;2025-05-25;2025-05-26;2025-05-27;2025-05-28;2025-05-29;2025-05-30;2025-05-31;2025-06-01;2025-06-02,2025-05-20;2025-05-21;2025-05-22;2025-05-23;2025-05-24;2025-05-25;2025-05-26;2025-05-27;2025-05-28;2025-05-29;2025-05-30;2025-05-31;2025-06-01;2025-06-02,,2025-06-02,9600.0,10800.0,10800.0,37.97231681061336,48.93765168526848,28.40897174136232,48.488390097333976,74379.94031263645,1797.1305442623136,3849.111022435465,45615.006360472704,7844.976997460239,53459.98335793294,45615.006360472704,45615.00631485768,39396.964905501314,1519.1242629092922,lexicographic,4.5615006314857684e-05,3.939696486610435e-05,False,0.30001330000231974,0.0,1,0
2025-06-04,False,calendar_trend,4,1.0,7,1.0,0,calibrated_quantile,2025-05-07;2025-05-08;2025-05-09;2025-05-10;2025-05-11;2025-05-12;2025-05-13;2025-05-14;2025-05-15;2025-05-16;2025-05-17;2025-05-18;2025-05-19;2025-05-20;2025-05-21;2025-05-22;2025-05-23;2025-05-24;2025-05-25;2025-05-26;2025-05-27;2025-05-28;2025-05-29;2025-05-30;2025-05-31;2025-06-01;2025-06-02;2025-06-03,28,9920.855151903064,2025-05-07;2025-05-08;2025-05-09;2025-05-10;2025-05-11;2025-05-12;2025-05-13;2025-05-14;2025-05-15;2025-05-16;2025-05-17;2025-05-18;2025-05-19;2025-05-20;2025-05-21;2025-05-22;2025-05-23;2025-05-24;2025-05-25;2025-05-26;2025-05-27;2025-05-28;2025-05-29;2025-05-30;2025-05-31;2025-06-01;2025-06-02;2025-06-03,2025-05-21;2025-05-22;2025-05-23;2025-05-24;2025-05-25;2025-05-26;2025-05-27;2025-05-28;2025-05-29;2025-05-30;2025-05-31;2025-06-01;2025-06-02;2025-06-03,,2025-06-03,9600.0,10800.0,10800.0,32.78942643504754,42.05780268455005,25.16848664667971,56.344922944218766,78229.71973082388,1366.4671132287174,5700.338660803467,48440.257369305735,4195.40018501901,52635.657554324745,48440.25736930574,48440.2573208655,40492.43754481192,1574.017679267119,lexicographic,4.8440257320865506e-05,4.049243750431948e-05,False,0.17267420000280254,0.0,1,0
2025-06-05,False,calendar_trend,4,1.0,7,1.0,0,calibrated_quantile,2025-05-08;2025-05-09;2025-05-10;2025-05-11;2025-05-12;2025-05-13;2025-05-14;2025-05-15;2025-05-16;2025-05-17;2025-05-18;2025-05-19;2025-05-20;2025-05-21;2025-05-22;2025-05-23;2025-05-24;2025-05-25;2025-05-26;2025-05-27;2025-05-28;2025-05-29;2025-05-30;2025-05-31;2025-06-01;2025-06-02;2025-06-03;2025-06-04,28,10381.43142048543,2025-05-08;2025-05-09;2025-05-10;2025-05-11;2025-05-12;2025-05-13;2025-05-14;2025-05-15;2025-05-16;2025-05-17;2025-05-18;2025-05-19;2025-05-20;2025-05-21;2025-05-22;2025-05-23;2025-05-24;2025-05-25;2025-05-26;2025-05-27;2025-05-28;2025-05-29;2025-05-30;2025-05-31;2025-06-01;2025-06-02;2025-06-03;2025-06-04,2025-05-22;2025-05-23;2025-05-24;2025-05-25;2025-05-26;2025-05-27;2025-05-28;2025-05-29;2025-05-30;2025-05-31;2025-06-01;2025-06-02;2025-06-03;2025-06-04,,2025-06-04,9600.0,10800.0,10800.0,26.119232835528297,32.296498630956734,28.225181961962967,50.40403676413983,81149.85631730023,723.0143868197017,6444.339850579483,50674.68755184933,2456.373468685316,53131.061020534646,50674.68755184935,50674.68750117465,40765.132814429286,1568.7099216480794,lexicographic,5.067468750117466e-05,4.076513277366415e-05,False,0.20719630000166944,1.435816967596449e-16,1,0
2025-06-06,False,calendar_trend,4,1.0,7,1.0,0,calibrated_quantile,2025-05-09;2025-05-10;2025-05-11;2025-05-12;2025-05-13;2025-05-14;2025-05-15;2025-05-16;2025-05-17;2025-05-18;2025-05-19;2025-05-20;2025-05-21;2025-05-22;2025-05-23;2025-05-24;2025-05-25;2025-05-26;2025-05-27;2025-05-28;2025-05-29;2025-05-30;2025-05-31;2025-06-01;2025-06-02;2025-06-03;2025-06-04;2025-06-05,28,10511.552086530815,2025-05-09;2025-05-10;2025-05-11;2025-05-12;2025-05-13;2025-05-14;2025-05-15;2025-05-16;2025-05-17;2025-05-18;2025-05-19;2025-05-20;2025-05-21;2025-05-22;2025-05-23;2025-05-24;2025-05-25;2025-05-26;2025-05-27;2025-05-28;2025-05-29;2025-05-30;2025-05-31;2025-06-01;2025-06-02;2025-06-03;2025-06-04;2025-06-05,2025-05-23;2025-05-24;2025-05-25;2025-05-26;2025-05-27;2025-05-28;2025-05-29;2025-05-30;2025-05-31;2025-06-01;2025-06-02;2025-06-03;2025-06-04;2025-06-05,,2025-06-05,9600.0,10800.0,10800.0,31.84299577331398,39.75852556819373,45.954961407282454,79.31407052279603,37681.361936792986,2358.1514566369415,5131.184660096598,21150.288197915335,9807.49735453146,30957.785552446796,21150.28819791534,21150.288176765047,38613.33333333333,1429.5398957473333,lexicographic,2.115028817676505e-05,3.861333333333334e-05,False,0.3259355999980471,0.0,1,0
2025-06-07,False,calendar_trend,4,1.0,7,1.0,0,calibrated_quantile,2025-05-10;2025-05-11;2025-05-12;2025-05-13;2025-05-14;2025-05-15;2025-05-16;2025-05-17;2025-05-18;2025-05-19;2025-05-20;2025-05-21;2025-05-22;2025-05-23;2025-05-24;2025-05-25;2025-05-26;2025-05-27;2025-05-28;2025-05-29;2025-05-30;2025-05-31;2025-06-01;2025-06-02;2025-06-03;2025-06-04;2025-06-05;2025-06-06,28,11173.043267612233,2025-05-10;2025-05-11;2025-05-12;2025-05-13;2025-05-14;2025-05-15;2025-05-16;2025-05-17;2025-05-18;2025-05-19;2025-05-20;2025-05-21;2025-05-22;2025-05-23;2025-05-24;2025-05-25;2025-05-26;2025-05-27;2025-05-28;2025-05-29;2025-05-30;2025-05-31;2025-06-01;2025-06-02;2025-06-03;2025-06-04;2025-06-05;2025-06-06,2025-05-24;2025-05-25;2025-05-26;2025-05-27;2025-05-28;2025-05-29;2025-05-30;2025-05-31;2025-06-01;2025-06-02;2025-06-03;2025-06-04;2025-06-05;2025-06-06,,2025-06-06,9600.0,10800.0,10800.0,27.727353074927287,35.843507619257,30.69348249834014,58.37510377749572,40790.43026358319,912.5869986235119,6597.085576655472,23435.30149109123,4079.371844996983,27514.673336088214,23435.30149109124,23435.301467655936,37909.197469374005,1633.8108149947257,lexicographic,2.343530146765594e-05,3.7909197431464805e-05,False,0.19530270000177552,0.0,1,0
2025-06-08,False,calendar_trend,4,1.0,7,1.0,0,calibrated_quantile,2025-05-11;2025-05-12;2025-05-13;2025-05-14;2025-05-15;2025-05-16;2025-05-17;2025-05-18;2025-05-19;2025-05-20;2025-05-21;2025-05-22;2025-05-23;2025-05-24;2025-05-25;2025-05-26;2025-05-27;2025-05-28;2025-05-29;2025-05-30;2025-05-31;2025-06-01;2025-06-02;2025-06-03;2025-06-04;2025-06-05;2025-06-06;2025-06-07,28,11407.95122991954,2025-05-11;2025-05-12;2025-05-13;2025-05-14;2025-05-15;2025-05-16;2025-05-17;2025-05-18;2025-05-19;2025-05-20;2025-05-21;2025-05-22;2025-05-23;2025-05-24;2025-05-25;2025-05-26;2025-05-27;2025-05-28;2025-05-29;2025-05-30;2025-05-31;2025-06-01;2025-06-02;2025-06-03;2025-06-04;2025-06-05;2025-06-06;2025-06-07,2025-05-25;2025-05-26;2025-05-27;2025-05-28;2025-05-29;2025-05-30;2025-05-31;2025-06-01;2025-06-02;2025-06-03;2025-06-04;2025-06-05;2025-06-06;2025-06-07,,2025-06-07,9600.0,10800.0,10800.0,46.21118438699661,58.79555588824543,65.97809237738831,110.9620298798942,96544.027256162,0.0,26633.256356059923,62280.96334760895,0.0,62280.96334760895,62280.963347608944,62280.963285328,45019.91692904246,1679.4424791254912,lexicographic,6.2280963285328e-05,4.501991688402254e-05,False,0.2958349000000453,0.0,1,0
2025-06-09,False,calendar_trend,4,1.0,7,1.0,0,calibrated_quantile,2025-05-12;2025-05-13;2025-05-14;2025-05-15;2025-05-16;2025-05-17;2025-05-18;2025-05-19;2025-05-20;2025-05-21;2025-05-22;2025-05-23;2025-05-24;2025-05-25;2025-05-26;2025-05-27;2025-05-28;2025-05-29;2025-05-30;2025-05-31;2025-06-01;2025-06-02;2025-06-03;2025-06-04;2025-06-05;2025-06-06;2025-06-07;2025-06-08,28,11357.034839301745,2025-05-12;2025-05-13;2025-05-14;2025-05-15;2025-05-16;2025-05-17;2025-05-18;2025-05-19;2025-05-20;2025-05-21;2025-05-22;2025-05-23;2025-05-24;2025-05-25;2025-05-26;2025-05-27;2025-05-28;2025-05-29;2025-05-30;2025-05-31;2025-06-01;2025-06-02;2025-06-03;2025-06-04;2025-06-05;2025-06-06;2025-06-07;2025-06-08,2025-05-26;2025-05-27;2025-05-28;2025-05-29;2025-05-30;2025-05-31;2025-06-01;2025-06-02;2025-06-03;2025-06-04;2025-06-05;2025-06-06;2025-06-07;2025-06-08,,2025-06-08,9600.0,10800.0,10800.0,46.577995004090695,59.12734724262329,30.579842019648122,53.4647076717581,94594.0407326783,109.35602226807714,19141.678881085827,60878.76202389627,239.35784730911615,61118.11987120539,60878.76202389627,60878.761963017525,44097.36475975935,1673.9383979534057,lexicographic,6.087876196301753e-05,4.409736471566198e-05,False,0.10987899999963702,0.0,1,0
2025-06-10,False,calendar_trend,4,1.0,7,1.0,0,calibrated_quantile,2025-05-13;2025-05-14;2025-05-15;2025-05-16;2025-05-17;2025-05-18;2025-05-19;2025-05-20;2025-05-21;2025-05-22;2025-05-23;2025-05-24;2025-05-25;2025-05-26;2025-05-27;2025-05-28;2025-05-29;2025-05-30;2025-05-31;2025-06-01;2025-06-02;2025-06-03;2025-06-04;2025-06-05;2025-06-06;2025-06-07;2025-06-08;2025-06-09,28,11272.349788545223,2025-05-13;2025-05-14;2025-05-15;2025-05-16;2025-05-17;2025-05-18;2025-05-19;2025-05-20;2025-05-21;2025-05-22;2025-05-23;2025-05-24;2025-05-25;2025-05-26;2025-05-27;2025-05-28;2025-05-29;2025-05-30;2025-05-31;2025-06-01;2025-06-02;2025-06-03;2025-06-04;2025-06-05;2025-06-06;2025-06-07;2025-06-08;2025-06-09,2025-05-27;2025-05-28;2025-05-29;2025-05-30;2025-05-31;2025-06-01;2025-06-02;2025-06-03;2025-06-04;2025-06-05;2025-06-06;2025-06-07;2025-06-08;2025-06-09,,2025-06-09,9600.0,10800.0,10800.0,51.82268987038013,64.09989220762792,23.92727057564855,40.86829457049993,95175.74949139345,43.78748667611467,18930.444592580938,61375.5533570464,117.0932080813144,61492.64656512772,61375.5533570464,61375.553295670856,44494.0692389531,1673.2756379632756,lexicographic,6.137555329567086e-05,4.449406919445903e-05,False,0.1672084999991057,0.0,1,0
2025-06-11,False,calendar_trend,4,1.0,7,1.0,0,calibrated_quantile,2025-05-14;2025-05-15;2025-05-16;2025-05-17;2025-05-18;2025-05-19;2025-05-20;2025-05-21;2025-05-22;2025-05-23;2025-05-24;2025-05-25;2025-05-26;2025-05-27;2025-05-28;2025-05-29;2025-05-30;2025-05-31;2025-06-01;2025-06-02;2025-06-03;2025-06-04;2025-06-05;2025-06-06;2025-06-07;2025-06-08;2025-06-09;2025-06-10,28,11277.113738985714,2025-05-14;2025-05-15;2025-05-16;2025-05-17;2025-05-18;2025-05-19;2025-05-20;2025-05-21;2025-05-22;2025-05-23;2025-05-24;2025-05-25;2025-05-26;2025-05-27;2025-05-28;2025-05-29;2025-05-30;2025-05-31;2025-06-01;2025-06-02;2025-06-03;2025-06-04;2025-06-05;2025-06-06;2025-06-07;2025-06-08;2025-06-09;2025-06-10,2025-05-28;2025-05-29;2025-05-30;2025-05-31;2025-06-01;2025-06-02;2025-06-03;2025-06-04;2025-06-05;2025-06-06;2025-06-07;2025-06-08;2025-06-09;2025-06-10,,2025-06-10,9600.0,10800.0,10800.0,41.03886311293229,51.90612572761732,26.66756403426263,54.63897672381183,94720.37143494544,736.9879509900395,14749.565961443646,60716.939972828164,3589.744794748578,64306.68476757674,60716.939972828164,60716.93991211124,44043.464553492464,1678.5763993941146,lexicographic,6.071693991211124e-05,4.404346450944899e-05,False,0.13027810000130557,0.0,1,0
2025-06-12,False,calendar_trend,4,1.0,7,1.0,0,calibrated_quantile,2025-05-15;2025-05-16;2025-05-17;2025-05-18;2025-05-19;2025-05-20;2025-05-21;2025-05-22;2025-05-23;2025-05-24;2025-05-25;2025-05-26;2025-05-27;2025-05-28;2025-05-29;2025-05-30;2025-05-31;2025-06-01;2025-06-02;2025-06-03;2025-06-04;2025-06-05;2025-06-06;2025-06-07;2025-06-08;2025-06-09;2025-06-10;2025-06-11,28,11428.195090932932,2025-05-15;2025-05-16;2025-05-17;2025-05-18;2025-05-19;2025-05-20;2025-05-21;2025-05-22;2025-05-23;2025-05-24;2025-05-25;2025-05-26;2025-05-27;2025-05-28;2025-05-29;2025-05-30;2025-05-31;2025-06-01;2025-06-02;2025-06-03;2025-06-04;2025-06-05;2025-06-06;2025-06-07;2025-06-08;2025-06-09;2025-06-10;2025-06-11,2025-05-29;2025-05-30;2025-05-31;2025-06-01;2025-06-02;2025-06-03;2025-06-04;2025-06-05;2025-06-06;2025-06-07;2025-06-08;2025-06-09;2025-06-10;2025-06-11,,2025-06-11,9600.0,10800.0,10800.0,41.83702077523368,51.682643980158886,19.43991085884727,34.412325962180894,95061.51843814415,32.09025138986884,17922.921880873073,61139.956245092166,69.86831694335986,61209.82456203552,61139.95624509217,61139.95618395221,44947.97173338418,1669.8556251538544,lexicographic,6.11399561839522e-05,4.494797168843621e-05,False,0.1148853999984567,2.3800990606837214e-16,1,0
2025-06-13,False,calendar_trend,4,1.0,7,1.0,0,calibrated_quantile,2025-05-16;2025-05-17;2025-05-18;2025-05-19;2025-05-20;2025-05-21;2025-05-22;2025-05-23;2025-05-24;2025-05-25;2025-05-26;2025-05-27;2025-05-28;2025-05-29;2025-05-30;2025-05-31;2025-06-01;2025-06-02;2025-06-03;2025-06-04;2025-06-05;2025-06-06;2025-06-07;2025-06-08;2025-06-09;2025-06-10;2025-06-11;2025-06-12,28,11373.563176134026,2025-05-16;2025-05-17;2025-05-18;2025-05-19;2025-05-20;2025-05-21;2025-05-22;2025-05-23;2025-05-24;2025-05-25;2025-05-26;2025-05-27;2025-05-28;2025-05-29;2025-05-30;2025-05-31;2025-06-01;2025-06-02;2025-06-03;2025-06-04;2025-06-05;2025-06-06;2025-06-07;2025-06-08;2025-06-09;2025-06-10;2025-06-11;2025-06-12,2025-05-30;2025-05-31;2025-06-01;2025-06-02;2025-06-03;2025-06-04;2025-06-05;2025-06-06;2025-06-07;2025-06-08;2025-06-09;2025-06-10;2025-06-11;2025-06-12,,2025-06-12,9600.0,10800.0,10800.0,22.955880006127128,30.061370352927486,32.96009654434545,58.93767148883976,44491.041218850354,275.49710262388925,12894.23455270105,25710.111879011052,1437.3804335023785,27147.49231251343,25710.111879011052,25710.11185330094,33599.221181470886,1460.175726412162,lexicographic,2.571011185330094e-05,3.359922114787166e-05,False,0.19775920000029146,0.0,1,0
2025-06-14,False,calendar_trend,4,1.0,7,1.0,0,calibrated_quantile,2025-05-17;2025-05-18;2025-05-19;2025-05-20;2025-05-21;2025-05-22;2025-05-23;2025-05-24;2025-05-25;2025-05-26;2025-05-27;2025-05-28;2025-05-29;2025-05-30;2025-05-31;2025-06-01;2025-06-02;2025-06-03;2025-06-04;2025-06-05;2025-06-06;2025-06-07;2025-06-08;2025-06-09;2025-06-10;2025-06-11;2025-06-12;2025-06-13,28,11459.569717767143,2025-05-17;2025-05-18;2025-05-19;2025-05-20;2025-05-21;2025-05-22;2025-05-23;2025-05-24;2025-05-25;2025-05-26;2025-05-27;2025-05-28;2025-05-29;2025-05-30;2025-05-31;2025-06-01;2025-06-02;2025-06-03;2025-06-04;2025-06-05;2025-06-06;2025-06-07;2025-06-08;2025-06-09;2025-06-10;2025-06-11;2025-06-12;2025-06-13,2025-05-31;2025-06-01;2025-06-02;2025-06-03;2025-06-04;2025-06-05;2025-06-06;2025-06-07;2025-06-08;2025-06-09;2025-06-10;2025-06-11;2025-06-12;2025-06-13,,2025-06-13,9600.0,10800.0,10800.0,20.97958338839901,28.42535065372669,30.61106497296708,52.42186007458685,44686.22203159967,15.54826986489661,14941.024700719547,25962.62087826167,32.97010624851326,25995.590984510185,25962.62087826167,25962.620852299042,33984.206104465695,1651.5144949808964,lexicographic,2.5962620852299045e-05,3.398420607048149e-05,False,0.22506080000312068,0.0,1,0
2025-06-15,False,calendar_trend,4,1.0,7,1.0,0,calibrated_quantile,2025-05-18;2025-05-19;2025-05-20;2025-05-21;2025-05-22;2025-05-23;2025-05-24;2025-05-25;2025-05-26;2025-05-27;2025-05-28;2025-05-29;2025-05-30;2025-05-31;2025-06-01;2025-06-02;2025-06-03;2025-06-04;2025-06-05;2025-06-06;2025-06-07;2025-06-08;2025-06-09;2025-06-10;2025-06-11;2025-06-12;2025-06-13;2025-06-14,28,11261.626205100269,2025-05-18;2025-05-19;2025-05-20;2025-05-21;2025-05-22;2025-05-23;2025-05-24;2025-05-25;2025-05-26;2025-05-27;2025-05-28;2025-05-29;2025-05-30;2025-05-31;2025-06-01;2025-06-02;2025-06-03;2025-06-04;2025-06-05;2025-06-06;2025-06-07;2025-06-08;2025-06-09;2025-06-10;2025-06-11;2025-06-12;2025-06-13;2025-06-14,2025-06-01;2025-06-02;2025-06-03;2025-06-04;2025-06-05;2025-06-06;2025-06-07;2025-06-08;2025-06-09;2025-06-10;2025-06-11;2025-06-12;2025-06-13;2025-06-14,,2025-06-14,9600.0,10800.0,10800.0,51.27761503332657,64.77699259888958,27.418237572785173,45.687272202261504,95259.84508725734,0.0,19914.57553107344,61385.51194684952,0.0,61385.51194684952,61385.51194684951,61385.51188546399,44947.97028083975,1668.5788783002256,lexicographic,6.1385511885464e-05,4.494797023589177e-05,False,0.09471259999918402,1.18528906751796e-16,1,0
2025-06-16,False,calendar_trend,4,1.0,7,1.0,0,calibrated_quantile,2025-05-19;2025-05-20;2025-05-21;2025-05-22;2025-05-23;2025-05-24;2025-05-25;2025-05-26;2025-05-27;2025-05-28;2025-05-29;2025-05-30;2025-05-31;2025-06-01;2025-06-02;2025-06-03;2025-06-04;2025-06-05;2025-06-06;2025-06-07;2025-06-08;2025-06-09;2025-06-10;2025-06-11;2025-06-12;2025-06-13;2025-06-14;2025-06-15,28,11066.146811900264,2025-05-19;2025-05-20;2025-05-21;2025-05-22;2025-05-23;2025-05-24;2025-05-25;2025-05-26;2025-05-27;2025-05-28;2025-05-29;2025-05-30;2025-05-31;2025-06-01;2025-06-02;2025-06-03;2025-06-04;2025-06-05;2025-06-06;2025-06-07;2025-06-08;2025-06-09;2025-06-10;2025-06-11;2025-06-12;2025-06-13;2025-06-14;2025-06-15,2025-06-02;2025-06-03;2025-06-04;2025-06-05;2025-06-06;2025-06-07;2025-06-08;2025-06-09;2025-06-10;2025-06-11;2025-06-12;2025-06-13;2025-06-14;2025-06-15,,2025-06-15,9600.0,10800.0,10800.0,42.60692019435501,55.883114955239556,21.290474127113313,40.51950754700898,93206.47060126823,117.69267975250091,15921.863946001646,59807.09766151494,377.2464351583224,60184.34409667327,59807.09766151494,59807.097601707836,44852.24314851509,1664.6331070794067,lexicographic,5.980709760170784e-05,4.485224310366284e-05,False,0.09352669999861973,0.0,1,0
2025-06-17,False,calendar_trend,4,1.0,7,1.0,0,calibrated_quantile,2025-05-20;2025-05-21;2025-05-22;2025-05-23;2025-05-24;2025-05-25;2025-05-26;2025-05-27;2025-05-28;2025-05-29;2025-05-30;2025-05-31;2025-06-01;2025-06-02;2025-06-03;2025-06-04;2025-06-05;2025-06-06;2025-06-07;2025-06-08;2025-06-09;2025-06-10;2025-06-11;2025-06-12;2025-06-13;2025-06-14;2025-06-15;2025-06-16,28,11085.624509156125,2025-05-20;2025-05-21;2025-05-22;2025-05-23;2025-05-24;2025-05-25;2025-05-26;2025-05-27;2025-05-28;2025-05-29;2025-05-30;2025-05-31;2025-06-01;2025-06-02;2025-06-03;2025-06-04;2025-06-05;2025-06-06;2025-06-07;2025-06-08;2025-06-09;2025-06-10;2025-06-11;2025-06-12;2025-06-13;2025-06-14;2025-06-15;2025-06-16,2025-06-03;2025-06-04;2025-06-05;2025-06-06;2025-06-07;2025-06-08;2025-06-09;2025-06-10;2025-06-11;2025-06-12;2025-06-13;2025-06-14;2025-06-15;2025-06-16,,2025-06-16,9600.0,10800.0,10800.0,35.97704647589272,45.9523030527796,28.52433712114848,59.195408559009906,91947.08701431451,314.51273993092843,12906.291730960871,58834.818793184895,1184.676186888951,60019.49498007385,58834.818793184895,58834.81873435006,44947.98536830755,1643.209935270474,lexicographic,5.8834818734350064e-05,4.494798532335956e-05,False,0.13132330000007642,0.0,1,0
2025-06-18,False,calendar_trend,4,1.0,7,1.0,0,calibrated_quantile,2025-05-21;2025-05-22;2025-05-23;2025-05-24;2025-05-25;2025-05-26;2025-05-27;2025-05-28;2025-05-29;2025-05-30;2025-05-31;2025-06-01;2025-06-02;2025-06-03;2025-06-04;2025-06-05;2025-06-06;2025-06-07;2025-06-08;2025-06-09;2025-06-10;2025-06-11;2025-06-12;2025-06-13;2025-06-14;2025-06-15;2025-06-16;2025-06-17,28,11089.445479979817,2025-05-21;2025-05-22;2025-05-23;2025-05-24;2025-05-25;2025-05-26;2025-05-27;2025-05-28;2025-05-29;2025-05-30;2025-05-31;2025-06-01;2025-06-02;2025-06-03;2025-06-04;2025-06-05;2025-06-06;2025-06-07;2025-06-08;2025-06-09;2025-06-10;2025-06-11;2025-06-12;2025-06-13;2025-06-14;2025-06-15;2025-06-16;2025-06-17,2025-06-04;2025-06-05;2025-06-06;2025-06-07;2025-06-08;2025-06-09;2025-06-10;2025-06-11;2025-06-12;2025-06-13;2025-06-14;2025-06-15;2025-06-16;2025-06-17,,2025-06-17,9600.0,10800.0,10800.0,28.93331135506775,37.89542949198674,20.79752454807944,37.581837131803276,91185.71443130978,23.090380476575586,15564.62605410963,58053.151401076895,57.34585520247906,58110.49725627938,58053.15140107689,58053.15134302375,44924.08432839413,1655.1817908637452,lexicographic,5.805315134302375e-05,4.492408428347004e-05,False,0.13081799999781651,1.2533268988605522e-16,1,0
2025-06-19,False,calendar_trend,4,1.0,7,1.0,0,calibrated_quantile,2025-05-22;2025-05-23;2025-05-24;2025-05-25;2025-05-26;2025-05-27;2025-05-28;2025-05-29;2025-05-30;2025-05-31;2025-06-01;2025-06-02;2025-06-03;2025-06-04;2025-06-05;2025-06-06;2025-06-07;2025-06-08;2025-06-09;2025-06-10;2025-06-11;2025-06-12;2025-06-13;2025-06-14;2025-06-15;2025-06-16;2025-06-17;2025-06-18,28,10896.223717483328,2025-05-22;2025-05-23;2025-05-24;2025-05-25;2025-05-26;2025-05-27;2025-05-28;2025-05-29;2025-05-30;2025-05-31;2025-06-01;2025-06-02;2025-06-03;2025-06-04;2025-06-05;2025-06-06;2025-06-07;2025-06-08;2025-06-09;2025-06-10;2025-06-11;2025-06-12;2025-06-13;2025-06-14;2025-06-15;2025-06-16;2025-06-17;2025-06-18,2025-06-05;2025-06-06;2025-06-07;2025-06-08;2025-06-09;2025-06-10;2025-06-11;2025-06-12;2025-06-13;2025-06-14;2025-06-15;2025-06-16;2025-06-17;2025-06-18,,2025-06-18,9600.0,10800.0,10800.0,26.617595905610642,33.08174016829551,38.30846285407237,77.54030401022169,88802.57887758415,112.58002121077932,16021.936510617092,56445.466192337546,287.44574086374166,56732.911933201285,56445.466192337546,56445.46613589207,44142.262740009995,1614.5062728567682,lexicographic,5.644546613589208e-05,4.414226269586773e-05,False,0.09978589999809628,1.2890242763992077e-16,1,0
2025-06-20,False,calendar_trend,4,1.0,7,1.0,0,calibrated_quantile,2025-05-23;2025-05-24;2025-05-25;2025-05-26;2025-05-27;2025-05-28;2025-05-29;2025-05-30;2025-05-31;2025-06-01;2025-06-02;2025-06-03;2025-06-04;2025-06-05;2025-06-06;2025-06-07;2025-06-08;2025-06-09;2025-06-10;2025-06-11;2025-06-12;2025-06-13;2025-06-14;2025-06-15;2025-06-16;2025-06-17;2025-06-18;2025-06-19,28,10926.523396019456,2025-05-23;2025-05-24;2025-05-25;2025-05-26;2025-05-27;2025-05-28;2025-05-29;2025-05-30;2025-05-31;2025-06-01;2025-06-02;2025-06-03;2025-06-04;2025-06-05;2025-06-06;2025-06-07;2025-06-08;2025-06-09;2025-06-10;2025-06-11;2025-06-12;2025-06-13;2025-06-14;2025-06-15;2025-06-16;2025-06-17;2025-06-18;2025-06-19,2025-06-06;2025-06-07;2025-06-08;2025-06-09;2025-06-10;2025-06-11;2025-06-12;2025-06-13;2025-06-14;2025-06-15;2025-06-16;2025-06-17;2025-06-18;2025-06-19,,2025-06-19,9600.0,10800.0,10800.0,22.98512027358063,28.99053493438596,24.18309506095589,40.75837144093335,39247.859469665236,125.11025453962878,13078.26865604283,22497.856555148846,268.3217821925406,22766.178337341385,22497.856555148843,22497.85653265099,37096.61892038574,1421.9712917569063,lexicographic,2.249785653265099e-05,3.709661888328913e-05,False,0.2669854000014311,0.0,1,0
2025-06-21,False,calendar_trend,4,1.0,7,1.0,0,calibrated_quantile,2025-05-24;2025-05-25;2025-05-26;2025-05-27;2025-05-28;2025-05-29;2025-05-30;2025-05-31;2025-06-01;2025-06-02;2025-06-03;2025-06-04;2025-06-05;2025-06-06;2025-06-07;2025-06-08;2025-06-09;2025-06-10;2025-06-11;2025-06-12;2025-06-13;2025-06-14;2025-06-15;2025-06-16;2025-06-17;2025-06-18;2025-06-19;2025-06-20,28,10966.810548559362,2025-05-24;2025-05-25;2025-05-26;2025-05-27;2025-05-28;2025-05-29;2025-05-30;2025-05-31;2025-06-01;2025-06-02;2025-06-03;2025-06-04;2025-06-05;2025-06-06;2025-06-07;2025-06-08;2025-06-09;2025-06-10;2025-06-11;2025-06-12;2025-06-13;2025-06-14;2025-06-15;2025-06-16;2025-06-17;2025-06-18;2025-06-19;2025-06-20,2025-06-07;2025-06-08;2025-06-09;2025-06-10;2025-06-11;2025-06-12;2025-06-13;2025-06-14;2025-06-15;2025-06-16;2025-06-17;2025-06-18;2025-06-19;2025-06-20,,2025-06-20,9600.0,10800.0,10800.0,27.596777927911074,35.984534779252975,46.70763397375288,89.10361058617069,38672.08226237979,333.9696751669961,15671.161703123853,22097.72892476561,1216.1618841066563,23313.890808872267,22097.728924765608,22097.72890266788,38106.69052792371,1588.5744622278617,lexicographic,2.209772890266788e-05,3.810669048981702e-05,False,0.20557760000156122,0.0,1,0
2025-06-22,False,calendar_trend,4,1.0,7,1.0,0,calibrated_quantile,2025-05-25;2025-05-26;2025-05-27;2025-05-28;2025-05-29;2025-05-30;2025-05-31;2025-06-01;2025-06-02;2025-06-03;2025-06-04;2025-06-05;2025-06-06;2025-06-07;2025-06-08;2025-06-09;2025-06-10;2025-06-11;2025-06-12;2025-06-13;2025-06-14;2025-06-15;2025-06-16;2025-06-17;2025-06-18;2025-06-19;2025-06-20;2025-06-21,28,10914.173889335427,2025-05-25;2025-05-26;2025-05-27;2025-05-28;2025-05-29;2025-05-30;2025-05-31;2025-06-01;2025-06-02;2025-06-03;2025-06-04;2025-06-05;2025-06-06;2025-06-07;2025-06-08;2025-06-09;2025-06-10;2025-06-11;2025-06-12;2025-06-13;2025-06-14;2025-06-15;2025-06-16;2025-06-17;2025-06-18;2025-06-19;2025-06-20;2025-06-21,2025-06-08;2025-06-09;2025-06-10;2025-06-11;2025-06-12;2025-06-13;2025-06-14;2025-06-15;2025-06-16;2025-06-17;2025-06-18;2025-06-19;2025-06-20;2025-06-21,,2025-06-21,9600.0,10800.0,10800.0,22.430403752277314,28.347562559357588,32.44454475970651,54.28424395610692,85300.59686250603,94.29525110036835,13473.547434593333,53725.165874534054,316.56876180091183,54041.734636334964,53725.165874534054,53725.16582080884,42525.50777901932,1602.0155969420434,lexicographic,5.3725165820808844e-05,4.252550773649381e-05,False,0.10848659999828669,4.85604322681858e-07,1,0
2025-06-23,False,calendar_trend,4,1.0,7,1.0,0,calibrated_quantile,2025-05-26;2025-05-27;2025-05-28;2025-05-29;2025-05-30;2025-05-31;2025-06-01;2025-06-02;2025-06-03;2025-06-04;2025-06-05;2025-06-06;2025-06-07;2025-06-08;2025-06-09;2025-06-10;2025-06-11;2025-06-12;2025-06-13;2025-06-14;2025-06-15;2025-06-16;2025-06-17;2025-06-18;2025-06-19;2025-06-20;2025-06-21;2025-06-22,28,10891.448904625846,2025-05-26;2025-05-27;2025-05-28;2025-05-29;2025-05-30;2025-05-31;2025-06-01;2025-06-02;2025-06-03;2025-06-04;2025-06-05;2025-06-06;2025-06-07;2025-06-08;2025-06-09;2025-06-10;2025-06-11;2025-06-12;2025-06-13;2025-06-14;2025-06-15;2025-06-16;2025-06-17;2025-06-18;2025-06-19;2025-06-20;2025-06-21;2025-06-22,2025-06-09;2025-06-10;2025-06-11;2025-06-12;2025-06-13;2025-06-14;2025-06-15;2025-06-16;2025-06-17;2025-06-18;2025-06-19;2025-06-20;2025-06-21;2025-06-22,,2025-06-22,9600.0,10800.0,10800.0,25.403593553822006,31.98757540083302,21.01653330182696,37.438295219351595,82592.56018934364,136.0319389580392,11265.640497947275,51520.79511397908,331.2962436255138,51852.09135760459,51520.79511397908,51520.79506245826,41931.65679442887,1608.6148567001137,lexicographic,5.152079506245826e-05,4.193165675249721e-05,False,0.11999070000092615,1.947857203799545e-07,1,0
2025-06-24,False,calendar_trend,4,1.0,7,1.0,0,calibrated_quantile,2025-05-27;2025-05-28;2025-05-29;2025-05-30;2025-05-31;2025-06-01;2025-06-02;2025-06-03;2025-06-04;2025-06-05;2025-06-06;2025-06-07;2025-06-08;2025-06-09;2025-06-10;2025-06-11;2025-06-12;2025-06-13;2025-06-14;2025-06-15;2025-06-16;2025-06-17;2025-06-18;2025-06-19;2025-06-20;2025-06-21;2025-06-22;2025-06-23,28,10592.279028746016,2025-05-27;2025-05-28;2025-05-29;2025-05-30;2025-05-31;2025-06-01;2025-06-02;2025-06-03;2025-06-04;2025-06-05;2025-06-06;2025-06-07;2025-06-08;2025-06-09;2025-06-10;2025-06-11;2025-06-12;2025-06-13;2025-06-14;2025-06-15;2025-06-16;2025-06-17;2025-06-18;2025-06-19;2025-06-20;2025-06-21;2025-06-22;2025-06-23,2025-06-10;2025-06-11;2025-06-12;2025-06-13;2025-06-14;2025-06-15;2025-06-16;2025-06-17;2025-06-18;2025-06-19;2025-06-20;2025-06-21;2025-06-22;2025-06-23,,2025-06-23,9600.0,10800.0,10800.0,29.152138731934443,36.769137126507346,61.20806181943903,104.42580551195901,80310.6208192623,3847.1397074979177,3457.8310416975755,49898.215113980084,15806.769675727417,65704.9847897075,49898.215113980084,49898.21506408188,42212.41260770212,1574.6652233389968,lexicographic,4.989821506408188e-05,4.22124125654897e-05,False,0.2593183000026329,0.0,1,0
2025-06-25,False,calendar_trend,4,1.0,7,1.0,0,calibrated_quantile,2025-05-28;2025-05-29;2025-05-30;2025-05-31;2025-06-01;2025-06-02;2025-06-03;2025-06-04;2025-06-05;2025-06-06;2025-06-07;2025-06-08;2025-06-09;2025-06-10;2025-06-11;2025-06-12;2025-06-13;2025-06-14;2025-06-15;2025-06-16;2025-06-17;2025-06-18;2025-06-19;2025-06-20;2025-06-21;2025-06-22;2025-06-23;2025-06-24,28,11393.706097425194,2025-05-28;2025-05-29;2025-05-30;2025-05-31;2025-06-01;2025-06-02;2025-06-03;2025-06-04;2025-06-05;2025-06-06;2025-06-07;2025-06-08;2025-06-09;2025-06-10;2025-06-11;2025-06-12;2025-06-13;2025-06-14;2025-06-15;2025-06-16;2025-06-17;2025-06-18;2025-06-19;2025-06-20;2025-06-21;2025-06-22;2025-06-23;2025-06-24,2025-06-11;2025-06-12;2025-06-13;2025-06-14;2025-06-15;2025-06-16;2025-06-17;2025-06-18;2025-06-19;2025-06-20;2025-06-21;2025-06-22;2025-06-23;2025-06-24,,2025-06-24,9600.0,10800.0,10800.0,28.91570762022334,36.94414330329217,30.3284020808882,60.24044992372713,82145.8006094624,1008.9356976354835,8282.339334540591,51019.83637223544,3633.171119968811,54653.007492204255,51019.83637223544,51019.83632121558,42248.97814032653,1591.5995352195841,lexicographic,5.101983632121558e-05,4.224897809807755e-05,False,0.3190198000011151,0.0,1,0
2025-06-26,False,calendar_trend,4,1.0,7,1.0,0,calibrated_quantile,2025-05-29;2025-05-30;2025-05-31;2025-06-01;2025-06-02;2025-06-03;2025-06-04;2025-06-05;2025-06-06;2025-06-07;2025-06-08;2025-06-09;2025-06-10;2025-06-11;2025-06-12;2025-06-13;2025-06-14;2025-06-15;2025-06-16;2025-06-17;2025-06-18;2025-06-19;2025-06-20;2025-06-21;2025-06-22;2025-06-23;2025-06-24;2025-06-25,28,11434.064238467014,2025-05-29;2025-05-30;2025-05-31;2025-06-01;2025-06-02;2025-06-03;2025-06-04;2025-06-05;2025-06-06;2025-06-07;2025-06-08;2025-06-09;2025-06-10;2025-06-11;2025-06-12;2025-06-13;2025-06-14;2025-06-15;2025-06-16;2025-06-17;2025-06-18;2025-06-19;2025-06-20;2025-06-21;2025-06-22;2025-06-23;2025-06-24;2025-06-25,2025-06-12;2025-06-13;2025-06-14;2025-06-15;2025-06-16;2025-06-17;2025-06-18;2025-06-19;2025-06-20;2025-06-21;2025-06-22;2025-06-23;2025-06-24;2025-06-25,,2025-06-25,9600.0,10800.0,10800.0,29.028537159510115,37.95828013402429,29.1553844681109,53.13537663167902,82343.0316165897,348.2688122282981,10593.518724676886,51359.727942843034,1617.7754144521248,52977.50335729516,51359.727942843034,51359.7278914833,43348.52708506348,1550.891225223145,lexicographic,5.13597278914833e-05,4.3348527041714943e-05,False,0.15779739999925368,0.0,1,0
2025-06-27,False,calendar_trend,4,1.0,7,1.0,0,calibrated_quantile,2025-05-30;2025-05-31;2025-06-01;2025-06-02;2025-06-03;2025-06-04;2025-06-05;2025-06-06;2025-06-07;2025-06-08;2025-06-09;2025-06-10;2025-06-11;2025-06-12;2025-06-13;2025-06-14;2025-06-15;2025-06-16;2025-06-17;2025-06-18;2025-06-19;2025-06-20;2025-06-21;2025-06-22;2025-06-23;2025-06-24;2025-06-25;2025-06-26,28,11373.897438838807,2025-05-30;2025-05-31;2025-06-01;2025-06-02;2025-06-03;2025-06-04;2025-06-05;2025-06-06;2025-06-07;2025-06-08;2025-06-09;2025-06-10;2025-06-11;2025-06-12;2025-06-13;2025-06-14;2025-06-15;2025-06-16;2025-06-17;2025-06-18;2025-06-19;2025-06-20;2025-06-21;2025-06-22;2025-06-23;2025-06-24;2025-06-25;2025-06-26,2025-06-13;2025-06-14;2025-06-15;2025-06-16;2025-06-17;2025-06-18;2025-06-19;2025-06-20;2025-06-21;2025-06-22;2025-06-23;2025-06-24;2025-06-25;2025-06-26,,2025-06-26,9600.0,10800.0,10800.0,25.900544670494885,32.739821729113864,23.929337261071275,46.07316919397558,36262.75009954456,187.57764323537788,12625.34854969316,20351.223289331778,712.777641086474,21064.000930418253,20351.223289331774,20351.22326898055,38613.33326747574,1400.7259360378011,lexicographic,2.035122326898055e-05,3.861333322886241e-05,False,0.4347957999998471,0.0,1,0
2025-06-28,False,calendar_trend,4,1.0,7,1.0,0,calibrated_quantile,2025-05-31;2025-06-01;2025-06-02;2025-06-03;2025-06-04;2025-06-05;2025-06-06;2025-06-07;2025-06-08;2025-06-09;2025-06-10;2025-06-11;2025-06-12;2025-06-13;2025-06-14;2025-06-15;2025-06-16;2025-06-17;2025-06-18;2025-06-19;2025-06-20;2025-06-21;2025-06-22;2025-06-23;2025-06-24;2025-06-25;2025-06-26;2025-06-27,28,11306.618118281935,2025-05-31;2025-06-01;2025-06-02;2025-06-03;2025-06-04;2025-06-05;2025-06-06;2025-06-07;2025-06-08;2025-06-09;2025-06-10;2025-06-11;2025-06-12;2025-06-13;2025-06-14;2025-06-15;2025-06-16;2025-06-17;2025-06-18;2025-06-19;2025-06-20;2025-06-21;2025-06-22;2025-06-23;2025-06-24;2025-06-25;2025-06-26;2025-06-27,2025-06-14;2025-06-15;2025-06-16;2025-06-17;2025-06-18;2025-06-19;2025-06-20;2025-06-21;2025-06-22;2025-06-23;2025-06-24;2025-06-25;2025-06-26;2025-06-27,,2025-06-27,9600.0,10800.0,10800.0,24.614765922305853,31.9132056390868,28.875655507144124,55.15356546478299,36737.72254391887,310.8601074599999,11218.323201378873,20504.049561339987,1061.4966173726775,21565.546178712666,20504.049561339983,20504.049540835935,38613.333333333336,1543.107986134317,lexicographic,2.0504049540835937e-05,3.861333333333334e-05,False,0.4074996999988798,0.0,1,0
2025-06-29,False,calendar_trend,4,1.0,7,1.0,0,calibrated_quantile,2025-06-01;2025-06-02;2025-06-03;2025-06-04;2025-06-05;2025-06-06;2025-06-07;2025-06-08;2025-06-09;2025-06-10;2025-06-11;2025-06-12;2025-06-13;2025-06-14;2025-06-15;2025-06-16;2025-06-17;2025-06-18;2025-06-19;2025-06-20;2025-06-21;2025-06-22;2025-06-23;2025-06-24;2025-06-25;2025-06-26;2025-06-27;2025-06-28,28,11316.470003708157,2025-06-01;2025-06-02;2025-06-03;2025-06-04;2025-06-05;2025-06-06;2025-06-07;2025-06-08;2025-06-09;2025-06-10;2025-06-11;2025-06-12;2025-06-13;2025-06-14;2025-06-15;2025-06-16;2025-06-17;2025-06-18;2025-06-19;2025-06-20;2025-06-21;2025-06-22;2025-06-23;2025-06-24;2025-06-25;2025-06-26;2025-06-27;2025-06-28,2025-06-15;2025-06-16;2025-06-17;2025-06-18;2025-06-19;2025-06-20;2025-06-21;2025-06-22;2025-06-23;2025-06-24;2025-06-25;2025-06-26;2025-06-27;2025-06-28,,2025-06-28,9600.0,10800.0,10800.0,25.361286364594687,32.56480274975061,29.232171584570224,59.278354623496305,81804.75685580859,964.5013820559749,9041.310354902482,51081.53629464987,2685.5345888318016,53767.070883481676,51081.53629464987,51081.53624356833,42489.07696225285,1590.8427534178077,lexicographic,5.108153624356833e-05,4.248907691976377e-05,False,0.13148309999814956,0.0,1,0
2025-06-30,False,calendar_trend,4,1.0,7,1.0,0,calibrated_quantile,2025-06-02;2025-06-03;2025-06-04;2025-06-05;2025-06-06;2025-06-07;2025-06-08;2025-06-09;2025-06-10;2025-06-11;2025-06-12;2025-06-13;2025-06-14;2025-06-15;2025-06-16;2025-06-17;2025-06-18;2025-06-19;2025-06-20;2025-06-21;2025-06-22;2025-06-23;2025-06-24;2025-06-25;2025-06-26;2025-06-27;2025-06-28;2025-06-29,28,10207.6245630674,2025-06-02;2025-06-03;2025-06-04;2025-06-05;2025-06-06;2025-06-07;2025-06-08;2025-06-09;2025-06-10;2025-06-11;2025-06-12;2025-06-13;2025-06-14;2025-06-15;2025-06-16;2025-06-17;2025-06-18;2025-06-19;2025-06-20;2025-06-21;2025-06-22;2025-06-23;2025-06-24;2025-06-25;2025-06-26;2025-06-27;2025-06-28;2025-06-29,2025-06-16;2025-06-17;2025-06-18;2025-06-19;2025-06-20;2025-06-21;2025-06-22;2025-06-23;2025-06-24;2025-06-25;2025-06-26;2025-06-27;2025-06-28;2025-06-29,,2025-06-29,9600.0,10800.0,10800.0,26.184978849023917,34.392703812328456,29.994797906690437,52.54446782410912,81335.47239002108,839.3699586801245,7924.131153607848,50676.009823065906,3308.1311312359767,53984.14095430188,50676.009823065906,50676.00977238989,41658.83817518758,1568.925537926505,lexicographic,5.067600977238989e-05,4.165883813352874e-05,False,0.20150550000107614,0.0,1,0
2025-07-01,False,calendar_trend,4,1.0,7,1.0,0,calibrated_quantile,2025-06-03;2025-06-04;2025-06-05;2025-06-06;2025-06-07;2025-06-08;2025-06-09;2025-06-10;2025-06-11;2025-06-12;2025-06-13;2025-06-14;2025-06-15;2025-06-16;2025-06-17;2025-06-18;2025-06-19;2025-06-20;2025-06-21;2025-06-22;2025-06-23;2025-06-24;2025-06-25;2025-06-26;2025-06-27;2025-06-28;2025-06-29;2025-06-30,28,9442.597665070727,2025-06-03;2025-06-04;2025-06-05;2025-06-06;2025-06-07;2025-06-08;2025-06-09;2025-06-10;2025-06-11;2025-06-12;2025-06-13;2025-06-14;2025-06-15;2025-06-16;2025-06-17;2025-06-18;2025-06-19;2025-06-20;2025-06-21;2025-06-22;2025-06-23;2025-06-24;2025-06-25;2025-06-26;2025-06-27;2025-06-28;2025-06-29;2025-06-30,2025-06-17;2025-06-18;2025-06-19;2025-06-20;2025-06-21;2025-06-22;2025-06-23;2025-06-24;2025-06-25;2025-06-26;2025-06-27;2025-06-28;2025-06-29;2025-06-30,,2025-06-30,9600.0,10800.0,10800.0,113.47681417135838,120.25138430033162,35.35499621029814,58.109619313626325,81120.18052988323,5888.193949351075,3788.9277845627953,50391.460566539674,20961.76059289482,71353.2211594345,50391.46056653968,50391.46051614819,41467.125352748044,1613.0967387880646,lexicographic,5.039146051614819e-05,4.146712531128092e-05,False,0.13076789999831817,0.0,1,0
2025-07-02,False,calendar_trend,4,1.0,7,1.0,0,calibrated_quantile,2025-06-04;2025-06-05;2025-06-06;2025-06-07;2025-06-08;2025-06-09;2025-06-10;2025-06-11;2025-06-12;2025-06-13;2025-06-14;2025-06-15;2025-06-16;2025-06-17;2025-06-18;2025-06-19;2025-06-20;2025-06-21;2025-06-22;2025-06-23;2025-06-24;2025-06-25;2025-06-26;2025-06-27;2025-06-28;2025-06-29;2025-06-30;2025-07-01,28,9568.532158256245,2025-06-04;2025-06-05;2025-06-06;2025-06-07;2025-06-08;2025-06-09;2025-06-10;2025-06-11;2025-06-12;2025-06-13;2025-06-14;2025-06-15;2025-06-16;2025-06-17;2025-06-18;2025-06-19;2025-06-20;2025-06-21;2025-06-22;2025-06-23;2025-06-24;2025-06-25;2025-06-26;2025-06-27;2025-06-28;2025-06-29;2025-06-30;2025-07-01,2025-06-18;2025-06-19;2025-06-20;2025-06-21;2025-06-22;2025-06-23;2025-06-24;2025-06-25;2025-06-26;2025-06-27;2025-06-28;2025-06-29;2025-06-30;2025-07-01,,2025-07-01,9600.0,10800.0,10800.0,84.60312070371994,92.76523099047532,68.2739395352549,107.59844041332289,84487.42522782025,3672.433943694689,10857.242570405873,52695.91771951731,13295.221577829248,65991.13929734656,52695.91771951731,52695.917666821384,41895.31012810926,1638.3276030775523,lexicographic,5.2695917666821387e-05,4.189531008621394e-05,False,0.20245019999856595,0.0,1,0
2025-07-03,False,calendar_trend,4,1.0,7,1.0,0,calibrated_quantile,2025-06-05;2025-06-06;2025-06-07;2025-06-08;2025-06-09;2025-06-10;2025-06-11;2025-06-12;2025-06-13;2025-06-14;2025-06-15;2025-06-16;2025-06-17;2025-06-18;2025-06-19;2025-06-20;2025-06-21;2025-06-22;2025-06-23;2025-06-24;2025-06-25;2025-06-26;2025-06-27;2025-06-28;2025-06-29;2025-06-30;2025-07-01;2025-07-02,28,9562.229831093655,2025-06-05;2025-06-06;2025-06-07;2025-06-08;2025-06-09;2025-06-10;2025-06-11;2025-06-12;2025-06-13;2025-06-14;2025-06-15;2025-06-16;2025-06-17;2025-06-18;2025-06-19;2025-06-20;2025-06-21;2025-06-22;2025-06-23;2025-06-24;2025-06-25;2025-06-26;2025-06-27;2025-06-28;2025-06-29;2025-06-30;2025-07-01;2025-07-02,2025-06-19;2025-06-20;2025-06-21;2025-06-22;2025-06-23;2025-06-24;2025-06-25;2025-06-26;2025-06-27;2025-06-28;2025-06-29;2025-06-30;2025-07-01;2025-07-02,,2025-07-02,9600.0,10800.0,10800.0,64.39105134807298,74.44553160515513,19.118414679154323,33.519681483151444,85715.18433071236,2708.8603850597297,4376.479569910743,53857.70271910896,10576.226755778118,64433.929474887074,53857.70271910896,53857.70266525122,40840.708656187984,1617.0973405497073,lexicographic,5.385770266525122e-05,4.084070861534727e-05,False,0.1853142999971169,0.0,1,0
2025-07-04,False,calendar_trend,4,1.0,7,1.0,0,calibrated_quantile,2025-06-06;2025-06-07;2025-06-08;2025-06-09;2025-06-10;2025-06-11;2025-06-12;2025-06-13;2025-06-14;2025-06-15;2025-06-16;2025-06-17;2025-06-18;2025-06-19;2025-06-20;2025-06-21;2025-06-22;2025-06-23;2025-06-24;2025-06-25;2025-06-26;2025-06-27;2025-06-28;2025-06-29;2025-06-30;2025-07-01;2025-07-02;2025-07-03,28,9914.545567998674,2025-06-06;2025-06-07;2025-06-08;2025-06-09;2025-06-10;2025-06-11;2025-06-12;2025-06-13;2025-06-14;2025-06-15;2025-06-16;2025-06-17;2025-06-18;2025-06-19;2025-06-20;2025-06-21;2025-06-22;2025-06-23;2025-06-24;2025-06-25;2025-06-26;2025-06-27;2025-06-28;2025-06-29;2025-06-30;2025-07-01;2025-07-02;2025-07-03,2025-06-20;2025-06-21;2025-06-22;2025-06-23;2025-06-24;2025-06-25;2025-06-26;2025-06-27;2025-06-28;2025-06-29;2025-06-30;2025-07-01;2025-07-02;2025-07-03,,2025-07-03,9600.0,10800.0,10800.0,63.27221314983222,69.5827149766742,41.82386454281658,84.81542529282711,42566.0512379323,1604.873567395729,11236.72400532802,24685.08372329124,5997.954553167655,30683.038276458898,24685.083723291238,24685.08369860615,38613.333333333336,1477.8161666512988,lexicographic,2.4685083698606153e-05,3.861333333333333e-05,False,0.2678550000018731,0.0,1,0
2025-07-05,False,calendar_trend,4,1.0,7,1.0,0,calibrated_quantile,2025-06-07;2025-06-08;2025-06-09;2025-06-10;2025-06-11;2025-06-12;2025-06-13;2025-06-14;2025-06-15;2025-06-16;2025-06-17;2025-06-18;2025-06-19;2025-06-20;2025-06-21;2025-06-22;2025-06-23;2025-06-24;2025-06-25;2025-06-26;2025-06-27;2025-06-28;2025-06-29;2025-06-30;2025-07-01;2025-07-02;2025-07-03;2025-07-04,28,9807.442551304293,2025-06-07;2025-06-08;2025-06-09;2025-06-10;2025-06-11;2025-06-12;2025-06-13;2025-06-14;2025-06-15;2025-06-16;2025-06-17;2025-06-18;2025-06-19;2025-06-20;2025-06-21;2025-06-22;2025-06-23;2025-06-24;2025-06-25;2025-06-26;2025-06-27;2025-06-28;2025-06-29;2025-06-30;2025-07-01;2025-07-02;2025-07-03;2025-07-04,2025-06-21;2025-06-22;2025-06-23;2025-06-24;2025-06-25;2025-06-26;2025-06-27;2025-06-28;2025-06-29;2025-06-30;2025-07-01;2025-07-02;2025-07-03;2025-07-04,,2025-07-04,9600.0,10800.0,10800.0,41.69474110904834,51.06614160441958,32.9918097307199,62.538969739214025,45342.930877459585,728.4608027863808,13227.978380245968,26366.732284143272,2973.571946896091,29340.304231039365,26366.732284143272,26366.73225777654,38613.33333333333,1680.168052652105,lexicographic,2.636673225777654e-05,3.861333333333334e-05,False,0.22907610000038403,0.0,1,0
2025-07-06,False,calendar_trend,4,1.0,7,1.0,0,calibrated_quantile,2025-06-08;2025-06-09;2025-06-10;2025-06-11;2025-06-12;2025-06-13;2025-06-14;2025-06-15;2025-06-16;2025-06-17;2025-06-18;2025-06-19;2025-06-20;2025-06-21;2025-06-22;2025-06-23;2025-06-24;2025-06-25;2025-06-26;2025-06-27;2025-06-28;2025-06-29;2025-06-30;2025-07-01;2025-07-02;2025-07-03;2025-07-04;2025-07-05,28,9468.79370104362,2025-06-08;2025-06-09;2025-06-10;2025-06-11;2025-06-12;2025-06-13;2025-06-14;2025-06-15;2025-06-16;2025-06-17;2025-06-18;2025-06-19;2025-06-20;2025-06-21;2025-06-22;2025-06-23;2025-06-24;2025-06-25;2025-06-26;2025-06-27;2025-06-28;2025-06-29;2025-06-30;2025-07-01;2025-07-02;2025-07-03;2025-07-04;2025-07-05,2025-06-22;2025-06-23;2025-06-24;2025-06-25;2025-06-26;2025-06-27;2025-06-28;2025-06-29;2025-06-30;2025-07-01;2025-07-02;2025-07-03;2025-07-04;2025-07-05,,2025-07-05,9600.0,10800.0,10800.0,34.90036629891396,44.91792526438344,38.129337501133904,67.55639387296328,92473.96971027154,1121.5917600421794,9546.900306918891,58963.19266319708,5102.729571419034,64065.92223461611,58963.19266319708,58963.19260423392,40531.42158023496,1714.1053948436706,lexicographic,5.8963192604233924e-05,4.0531421539703536e-05,False,0.11138150000260794,0.0,1,0
2025-07-07,False,calendar_trend,4,1.0,7,1.0,0,calibrated_quantile,2025-06-09;2025-06-10;2025-06-11;2025-06-12;2025-06-13;2025-06-14;2025-06-15;2025-06-16;2025-06-17;2025-06-18;2025-06-19;2025-06-20;2025-06-21;2025-06-22;2025-06-23;2025-06-24;2025-06-25;2025-06-26;2025-06-27;2025-06-28;2025-06-29;2025-06-30;2025-07-01;2025-07-02;2025-07-03;2025-07-04;2025-07-05;2025-07-06,28,9747.43039407326,2025-06-09;2025-06-10;2025-06-11;2025-06-12;2025-06-13;2025-06-14;2025-06-15;2025-06-16;2025-06-17;2025-06-18;2025-06-19;2025-06-20;2025-06-21;2025-06-22;2025-06-23;2025-06-24;2025-06-25;2025-06-26;2025-06-27;2025-06-28;2025-06-29;2025-06-30;2025-07-01;2025-07-02;2025-07-03;2025-07-04;2025-07-05;2025-07-06,2025-06-23;2025-06-24;2025-06-25;2025-06-26;2025-06-27;2025-06-28;2025-06-29;2025-06-30;2025-07-01;2025-07-02;2025-07-03;2025-07-04;2025-07-05;2025-07-06,,2025-07-06,9600.0,10800.0,10800.0,36.97922211975268,46.3531110690438,28.467102693839983,46.682554774020794,94621.87807612702,11.716543777648894,16868.480951703965,60639.33248103641,24.59302538928503,60663.925506425694,60639.3324810364,60639.332420397084,41493.115430403246,1762.4734051541086,lexicographic,6.063933242039709e-05,4.149311538891013e-05,False,0.22508109999762382,0.0,1,0
2025-07-08,False,calendar_trend,4,1.0,7,1.0,0,calibrated_quantile,2025-06-10;2025-06-11;2025-06-12;2025-06-13;2025-06-14;2025-06-15;2025-06-16;2025-06-17;2025-06-18;2025-06-19;2025-06-20;2025-06-21;2025-06-22;2025-06-23;2025-06-24;2025-06-25;2025-06-26;2025-06-27;2025-06-28;2025-06-29;2025-06-30;2025-07-01;2025-07-02;2025-07-03;2025-07-04;2025-07-05;2025-07-06;2025-07-07,28,9735.11701529408,2025-06-10;2025-06-11;2025-06-12;2025-06-13;2025-06-14;2025-06-15;2025-06-16;2025-06-17;2025-06-18;2025-06-19;2025-06-20;2025-06-21;2025-06-22;2025-06-23;2025-06-24;2025-06-25;2025-06-26;2025-06-27;2025-06-28;2025-06-29;2025-06-30;2025-07-01;2025-07-02;2025-07-03;2025-07-04;2025-07-05;2025-07-06;2025-07-07,2025-06-24;2025-06-25;2025-06-26;2025-06-27;2025-06-28;2025-06-29;2025-06-30;2025-07-01;2025-07-02;2025-07-03;2025-07-04;2025-07-05;2025-07-06;2025-07-07,,2025-07-07,9600.0,10800.0,10800.0,69.75731623376538,78.0099855536401,32.85751008532775,53.701953937134505,98267.4298729671,17.162486628910813,18381.53050714748,63152.65159755438,61.54355836698089,63214.19515592136,63152.65159755439,63152.65153440172,41264.90238297469,1802.1253003763632,lexicographic,6.315265153440171e-05,4.126490234170977e-05,False,0.13801640000019688,1.1521222684086239e-16,1,0
2025-07-09,False,calendar_trend,4,1.0,7,1.0,0,calibrated_quantile,2025-06-11;2025-06-12;2025-06-13;2025-06-14;2025-06-15;2025-06-16;2025-06-17;2025-06-18;2025-06-19;2025-06-20;2025-06-21;2025-06-22;2025-06-23;2025-06-24;2025-06-25;2025-06-26;2025-06-27;2025-06-28;2025-06-29;2025-06-30;2025-07-01;2025-07-02;2025-07-03;2025-07-04;2025-07-05;2025-07-06;2025-07-07;2025-07-08,28,9716.801409872955,2025-06-11;2025-06-12;2025-06-13;2025-06-14;2025-06-15;2025-06-16;2025-06-17;2025-06-18;2025-06-19;2025-06-20;2025-06-21;2025-06-22;2025-06-23;2025-06-24;2025-06-25;2025-06-26;2025-06-27;2025-06-28;2025-06-29;2025-06-30;2025-07-01;2025-07-02;2025-07-03;2025-07-04;2025-07-05;2025-07-06;2025-07-07;2025-07-08,2025-06-25;2025-06-26;2025-06-27;2025-06-28;2025-06-29;2025-06-30;2025-07-01;2025-07-02;2025-07-03;2025-07-04;2025-07-05;2025-07-06;2025-07-07;2025-07-08,,2025-07-08,9600.0,10800.0,10800.0,71.41518003927338,79.77853594863618,27.24733244366333,47.23726174712238,97869.56601727515,26.982222228666103,19490.107469909424,63029.90015506946,85.52791478343201,63115.42806985289,63029.90015506946,63029.900092039534,41417.713225258834,1795.4878820593008,lexicographic,6.302990009203954e-05,4.141771318384112e-05,False,0.24151870000059716,1.1543660395397572e-16,1,0
2025-07-10,False,calendar_trend,4,1.0,7,1.0,0,calibrated_quantile,2025-06-12;2025-06-13;2025-06-14;2025-06-15;2025-06-16;2025-06-17;2025-06-18;2025-06-19;2025-06-20;2025-06-21;2025-06-22;2025-06-23;2025-06-24;2025-06-25;2025-06-26;2025-06-27;2025-06-28;2025-06-29;2025-06-30;2025-07-01;2025-07-02;2025-07-03;2025-07-04;2025-07-05;2025-07-06;2025-07-07;2025-07-08;2025-07-09,28,9568.1141682715,2025-06-12;2025-06-13;2025-06-14;2025-06-15;2025-06-16;2025-06-17;2025-06-18;2025-06-19;2025-06-20;2025-06-21;2025-06-22;2025-06-23;2025-06-24;2025-06-25;2025-06-26;2025-06-27;2025-06-28;2025-06-29;2025-06-30;2025-07-01;2025-07-02;2025-07-03;2025-07-04;2025-07-05;2025-07-06;2025-07-07;2025-07-08;2025-07-09,2025-06-26;2025-06-27;2025-06-28;2025-06-29;2025-06-30;2025-07-01;2025-07-02;2025-07-03;2025-07-04;2025-07-05;2025-07-06;2025-07-07;2025-07-08;2025-07-09,,2025-07-09,9600.0,10800.0,10800.0,70.21864598342961,79.97478242958402,19.501129090399353,37.62836402487842,97023.6828846469,0.0,19778.059477934727,62536.764548387175,0.0,62536.764548387175,62536.764548387175,62536.76448585043,41839.579170082776,1813.1187227844493,lexicographic,6.253676448585044e-05,4.1839579128243195e-05,False,0.21048260000316077,0.0,1,0
2025-07-11,False,calendar_trend,4,1.0,7,1.0,0,calibrated_quantile,2025-06-13;2025-06-14;2025-06-15;2025-06-16;2025-06-17;2025-06-18;2025-06-19;2025-06-20;2025-06-21;2025-06-22;2025-06-23;2025-06-24;2025-06-25;2025-06-26;2025-06-27;2025-06-28;2025-06-29;2025-06-30;2025-07-01;2025-07-02;2025-07-03;2025-07-04;2025-07-05;2025-07-06;2025-07-07;2025-07-08;2025-07-09;2025-07-10,28,9555.151840167819,2025-06-13;2025-06-14;2025-06-15;2025-06-16;2025-06-17;2025-06-18;2025-06-19;2025-06-20;2025-06-21;2025-06-22;2025-06-23;2025-06-24;2025-06-25;2025-06-26;2025-06-27;2025-06-28;2025-06-29;2025-06-30;2025-07-01;2025-07-02;2025-07-03;2025-07-04;2025-07-05;2025-07-06;2025-07-07;2025-07-08;2025-07-09;2025-07-10,2025-06-27;2025-06-28;2025-06-29;2025-06-30;2025-07-01;2025-07-02;2025-07-03;2025-07-04;2025-07-05;2025-07-06;2025-07-07;2025-07-08;2025-07-09;2025-07-10,,2025-07-10,9600.0,10800.0,10800.0,26.822871590218732,32.797601797400844,48.67963747363225,88.99633205147309,49549.76340954503,1446.23879131411,14423.891717525808,29778.84646654058,4267.377616175557,34046.22408271614,29778.84646654058,29778.846436761727,38613.33333333333,1577.6536447922117,lexicographic,2.977884643676173e-05,3.861333333333334e-05,False,0.20643249999920954,0.0,1,0
2025-07-12,False,calendar_trend,4,1.0,7,1.0,0,calibrated_quantile,2025-06-14;2025-06-15;2025-06-16;2025-06-17;2025-06-18;2025-06-19;2025-06-20;2025-06-21;2025-06-22;2025-06-23;2025-06-24;2025-06-25;2025-06-26;2025-06-27;2025-06-28;2025-06-29;2025-06-30;2025-07-01;2025-07-02;2025-07-03;2025-07-04;2025-07-05;2025-07-06;2025-07-07;2025-07-08;2025-07-09;2025-07-10;2025-07-11,28,9969.154353424285,2025-06-14;2025-06-15;2025-06-16;2025-06-17;2025-06-18;2025-06-19;2025-06-20;2025-06-21;2025-06-22;2025-06-23;2025-06-24;2025-06-25;2025-06-26;2025-06-27;2025-06-28;2025-06-29;2025-06-30;2025-07-01;2025-07-02;2025-07-03;2025-07-04;2025-07-05;2025-07-06;2025-07-07;2025-07-08;2025-07-09;2025-07-10;2025-07-11,2025-06-28;2025-06-29;2025-06-30;2025-07-01;2025-07-02;2025-07-03;2025-07-04;2025-07-05;2025-07-06;2025-07-07;2025-07-08;2025-07-09;2025-07-10;2025-07-11,,2025-07-11,9600.0,10800.0,10800.0,30.467433090571514,37.99622466154355,26.156331737983837,44.0692821837428,50407.820396892086,283.6664815183715,15553.910211743792,30042.6478906177,853.315310471682,30895.96320108938,30042.647890617696,30042.647860575056,38613.33333333333,1696.127816414974,lexicographic,3.0042647860575057e-05,3.861333333333333e-05,False,0.2679100000023027,0.0,1,0
2025-07-13,False,calendar_trend,4,1.0,7,1.0,0,calibrated_quantile,2025-06-15;2025-06-16;2025-06-17;2025-06-18;2025-06-19;2025-06-20;2025-06-21;2025-06-22;2025-06-23;2025-06-24;2025-06-25;2025-06-26;2025-06-27;2025-06-28;2025-06-29;2025-06-30;2025-07-01;2025-07-02;2025-07-03;2025-07-04;2025-07-05;2025-07-06;2025-07-07;2025-07-08;2025-07-09;2025-07-10;2025-07-11;2025-07-12,28,10123.306539745096,2025-06-15;2025-06-16;2025-06-17;2025-06-18;2025-06-19;2025-06-20;2025-06-21;2025-06-22;2025-06-23;2025-06-24;2025-06-25;2025-06-26;2025-06-27;2025-06-28;2025-06-29;2025-06-30;2025-07-01;2025-07-02;2025-07-03;2025-07-04;2025-07-05;2025-07-06;2025-07-07;2025-07-08;2025-07-09;2025-07-10;2025-07-11;2025-07-12,2025-06-29;2025-06-30;2025-07-01;2025-07-02;2025-07-03;2025-07-04;2025-07-05;2025-07-06;2025-07-07;2025-07-08;2025-07-09;2025-07-10;2025-07-11;2025-07-12,,2025-07-12,9600.0,10800.0,10800.0,66.92376286045219,75.33684722712451,31.12263132901785,57.22666160728633,97146.87378425256,0.0,23579.486119682093,62528.39382646083,0.0,62528.39382646083,62528.39382646084,62528.393763932436,40959.9881519607,1777.9111074763523,lexicographic,6.252839376393244e-05,4.0959988111000715e-05,False,0.15145639999900595,0.0,1,0
2025-07-14,False,calendar_trend,4,1.0,7,1.0,0,calibrated_quantile,2025-06-16;2025-06-17;2025-06-18;2025-06-19;2025-06-20;2025-06-21;2025-06-22;2025-06-23;2025-06-24;2025-06-25;2025-06-26;2025-06-27;2025-06-28;2025-06-29;2025-06-30;2025-07-01;2025-07-02;2025-07-03;2025-07-04;2025-07-05;2025-07-06;2025-07-07;2025-07-08;2025-07-09;2025-07-10;2025-07-11;2025-07-12;2025-07-13,28,10090.17377426215,2025-06-16;2025-06-17;2025-06-18;2025-06-19;2025-06-20;2025-06-21;2025-06-22;2025-06-23;2025-06-24;2025-06-25;2025-06-26;2025-06-27;2025-06-28;2025-06-29;2025-06-30;2025-07-01;2025-07-02;2025-07-03;2025-07-04;2025-07-05;2025-07-06;2025-07-07;2025-07-08;2025-07-09;2025-07-10;2025-07-11;2025-07-12;2025-07-13,2025-06-30;2025-07-01;2025-07-02;2025-07-03;2025-07-04;2025-07-05;2025-07-06;2025-07-07;2025-07-08;2025-07-09;2025-07-10;2025-07-11;2025-07-12;2025-07-13,,2025-07-13,9600.0,10800.0,10800.0,52.38504834354288,61.04955311556827,22.317048461524248,41.51321149267941,95227.08808879211,0.0,19156.338902049385,61218.10638398683,0.0,61218.10638398683,61218.10638398683,61218.10632276871,40611.35076756666,1754.0368722665708,lexicographic,6.121810632276871e-05,4.061135072695531e-05,False,0.1539903000011691,1.188530330523683e-16,1,0
2025-07-15,False,calendar_trend,4,1.0,7,1.0,0,calibrated_quantile,2025-06-17;2025-06-18;2025-06-19;2025-06-20;2025-06-21;2025-06-22;2025-06-23;2025-06-24;2025-06-25;2025-06-26;2025-06-27;2025-06-28;2025-06-29;2025-06-30;2025-07-01;2025-07-02;2025-07-03;2025-07-04;2025-07-05;2025-07-06;2025-07-07;2025-07-08;2025-07-09;2025-07-10;2025-07-11;2025-07-12;2025-07-13;2025-07-14,28,9994.116658969935,2025-06-17;2025-06-18;2025-06-19;2025-06-20;2025-06-21;2025-06-22;2025-06-23;2025-06-24;2025-06-25;2025-06-26;2025-06-27;2025-06-28;2025-06-29;2025-06-30;2025-07-01;2025-07-02;2025-07-03;2025-07-04;2025-07-05;2025-07-06;2025-07-07;2025-07-08;2025-07-09;2025-07-10;2025-07-11;2025-07-12;2025-07-13;2025-07-14,2025-07-01;2025-07-02;2025-07-03;2025-07-04;2025-07-05;2025-07-06;2025-07-07;2025-07-08;2025-07-09;2025-07-10;2025-07-11;2025-07-12;2025-07-13;2025-07-14,,2025-07-14,9600.0,10800.0,10800.0,83.133889975664,91.79443473049464,38.11676586061103,74.72147903848474,98230.18498853507,346.4954926723037,21550.35614463667,63490.220658427155,777.3829092008531,64267.60356762801,63490.22065842716,63490.22059493693,40746.66049136658,1792.6284593603013,lexicographic,6.349022059493693e-05,4.074666045061993e-05,False,0.20354329999827314,0.0,1,0
2025-07-16,False,calendar_trend,4,1.0,7,1.0,0,calibrated_quantile,2025-06-18;2025-06-19;2025-06-20;2025-06-21;2025-06-22;2025-06-23;2025-06-24;2025-06-25;2025-06-26;2025-06-27;2025-06-28;2025-06-29;2025-06-30;2025-07-01;2025-07-02;2025-07-03;2025-07-04;2025-07-05;2025-07-06;2025-07-07;2025-07-08;2025-07-09;2025-07-10;2025-07-11;2025-07-12;2025-07-13;2025-07-14;2025-07-15,28,10044.60215487635,2025-06-18;2025-06-19;2025-06-20;2025-06-21;2025-06-22;2025-06-23;2025-06-24;2025-06-25;2025-06-26;2025-06-27;2025-06-28;2025-06-29;2025-06-30;2025-07-01;2025-07-02;2025-07-03;2025-07-04;2025-07-05;2025-07-06;2025-07-07;2025-07-08;2025-07-09;2025-07-10;2025-07-11;2025-07-12;2025-07-13;2025-07-14;2025-07-15,2025-07-02;2025-07-03;2025-07-04;2025-07-05;2025-07-06;2025-07-07;2025-07-08;2025-07-09;2025-07-10;2025-07-11;2025-07-12;2025-07-13;2025-07-14;2025-07-15,,2025-07-15,9600.0,10800.0,10800.0,54.4533412159317,64.35333123732157,22.169097063469653,39.53421620539754,94766.91524288701,66.681707596494,18449.56947617284,60713.905748024175,276.9403157562673,60990.846063780446,60713.90574802417,60713.90568731028,40481.73686667875,1751.4662987976794,lexicographic,6.0713905687310284e-05,4.0481736826197015e-05,False,0.10916350000115926,0.0,1,0
2025-07-17,False,calendar_trend,4,1.0,7,1.0,0,calibrated_quantile,2025-06-19;2025-06-20;2025-06-21;2025-06-22;2025-06-23;2025-06-24;2025-06-25;2025-06-26;2025-06-27;2025-06-28;2025-06-29;2025-06-30;2025-07-01;2025-07-02;2025-07-03;2025-07-04;2025-07-05;2025-07-06;2025-07-07;2025-07-08;2025-07-09;2025-07-10;2025-07-11;2025-07-12;2025-07-13;2025-07-14;2025-07-15;2025-07-16,28,10066.098654877891,2025-06-19;2025-06-20;2025-06-21;2025-06-22;2025-06-23;2025-06-24;2025-06-25;2025-06-26;2025-06-27;2025-06-28;2025-06-29;2025-06-30;2025-07-01;2025-07-02;2025-07-03;2025-07-04;2025-07-05;2025-07-06;2025-07-07;2025-07-08;2025-07-09;2025-07-10;2025-07-11;2025-07-12;2025-07-13;2025-07-14;2025-07-15;2025-07-16,2025-07-03;2025-07-04;2025-07-05;2025-07-06;2025-07-07;2025-07-08;2025-07-09;2025-07-10;2025-07-11;2025-07-12;2025-07-13;2025-07-14;2025-07-15;2025-07-16,,2025-07-16,9555.277909656086,10800.0,10755.277909656086,48.19988437622236,58.25782721233106,26.285293625024995,47.031956040692464,91793.15776063083,430.5884410823493,15356.229625885167,58653.699725693274,2056.9120457339227,60710.6117714272,58653.699725693274,58653.699667039575,39930.27202211088,1764.2740907824482,lexicographic,5.865369966703958e-05,3.9930271982180605e-05,False,0.13575529999798164,2.480988464661897e-16,1,0
2025-07-18,False,calendar_trend,4,1.0,7,1.0,0,calibrated_quantile,2025-06-20;2025-06-21;2025-06-22;2025-06-23;2025-06-24;2025-06-25;2025-06-26;2025-06-27;2025-06-28;2025-06-29;2025-06-30;2025-07-01;2025-07-02;2025-07-03;2025-07-04;2025-07-05;2025-07-06;2025-07-07;2025-07-08;2025-07-09;2025-07-10;2025-07-11;2025-07-12;2025-07-13;2025-07-14;2025-07-15;2025-07-16;2025-07-17,28,10105.737628525443,2025-06-20;2025-06-21;2025-06-22;2025-06-23;2025-06-24;2025-06-25;2025-06-26;2025-06-27;2025-06-28;2025-06-29;2025-06-30;2025-07-01;2025-07-02;2025-07-03;2025-07-04;2025-07-05;2025-07-06;2025-07-07;2025-07-08;2025-07-09;2025-07-10;2025-07-11;2025-07-12;2025-07-13;2025-07-14;2025-07-15;2025-07-16;2025-07-17,2025-07-04;2025-07-05;2025-07-06;2025-07-07;2025-07-08;2025-07-09;2025-07-10;2025-07-11;2025-07-12;2025-07-13;2025-07-14;2025-07-15;2025-07-16;2025-07-17,,2025-07-17,9503.38528029101,10755.277909656086,10703.38528029101,21.34849429819868,27.184175620085476,39.683652394755505,71.0796772795453,47408.60779831693,553.6702616953672,12701.796445088794,28263.162374200307,1973.5585266785602,30236.720900878867,28263.162374200307,28263.162345937148,38465.73365720366,1556.9754564007317,lexicographic,2.826316234593715e-05,3.846573361873793e-05,False,0.2160452999996778,0.0,1,0
2025-07-19,False,calendar_trend,4,1.0,7,1.0,0,calibrated_quantile,2025-06-21;2025-06-22;2025-06-23;2025-06-24;2025-06-25;2025-06-26;2025-06-27;2025-06-28;2025-06-29;2025-06-30;2025-07-01;2025-07-02;2025-07-03;2025-07-04;2025-07-05;2025-07-06;2025-07-07;2025-07-08;2025-07-09;2025-07-10;2025-07-11;2025-07-12;2025-07-13;2025-07-14;2025-07-15;2025-07-16;2025-07-17;2025-07-18,28,10698.151982364854,2025-06-21;2025-06-22;2025-06-23;2025-06-24;2025-06-25;2025-06-26;2025-06-27;2025-06-28;2025-06-29;2025-06-30;2025-07-01;2025-07-02;2025-07-03;2025-07-04;2025-07-05;2025-07-06;2025-07-07;2025-07-08;2025-07-09;2025-07-10;2025-07-11;2025-07-12;2025-07-13;2025-07-14;2025-07-15;2025-07-16;2025-07-17;2025-07-18,2025-07-05;2025-07-06;2025-07-07;2025-07-08;2025-07-09;2025-07-10;2025-07-11;2025-07-12;2025-07-13;2025-07-14;2025-07-15;2025-07-16;2025-07-17;2025-07-18,,2025-07-18,9451.492650925933,10703.38528029101,10651.492650925933,28.78844705440043,35.545845186971285,21.516285926518037,38.619115711652746,46836.64386974615,101.77535503476179,15780.32177019431,27671.943947803673,256.799106042652,27928.743053846323,27671.943947803677,27671.94392013173,38361.37181662571,1606.7887295618289,lexicographic,2.767194392013173e-05,3.836137177826433e-05,False,0.20098800000050687,0.0,1,0
2025-07-20,False,calendar_trend,4,1.0,7,1.0,0,calibrated_quantile,2025-06-22;2025-06-23;2025-06-24;2025-06-25;2025-06-26;2025-06-27;2025-06-28;2025-06-29;2025-06-30;2025-07-01;2025-07-02;2025-07-03;2025-07-04;2025-07-05;2025-07-06;2025-07-07;2025-07-08;2025-07-09;2025-07-10;2025-07-11;2025-07-12;2025-07-13;2025-07-14;2025-07-15;2025-07-16;2025-07-17;2025-07-18;2025-07-19,28,10706.340569476564,2025-06-22;2025-06-23;2025-06-24;2025-06-25;2025-06-26;2025-06-27;2025-06-28;2025-06-29;2025-06-30;2025-07-01;2025-07-02;2025-07-03;2025-07-04;2025-07-05;2025-07-06;2025-07-07;2025-07-08;2025-07-09;2025-07-10;2025-07-11;2025-07-12;2025-07-13;2025-07-14;2025-07-15;2025-07-16;2025-07-17;2025-07-18;2025-07-19,2025-07-06;2025-07-07;2025-07-08;2025-07-09;2025-07-10;2025-07-11;2025-07-12;2025-07-13;2025-07-14;2025-07-15;2025-07-16;2025-07-17;2025-07-18;2025-07-19,,2025-07-19,9399.60002156084,10651.492650925933,10599.60002156084,27.998043815051144,35.249835307346686,19.09388997489883,32.45592736139374,87582.5287410449,154.00441515324056,11466.33443839228,55474.221035616356,603.2320491971767,56077.45308481353,55474.221035616356,55474.22098014214,40313.71494694277,1723.9902000501575,lexicographic,5.547422098014214e-05,4.031371490662905e-05,False,0.16752900000210502,0.0,1,0
2025-07-21,False,calendar_trend,4,1.0,7,1.0,0,calibrated_quantile,2025-06-23;2025-06-24;2025-06-25;2025-06-26;2025-06-27;2025-06-28;2025-06-29;2025-06-30;2025-07-01;2025-07-02;2025-07-03;2025-07-04;2025-07-05;2025-07-06;2025-07-07;2025-07-08;2025-07-09;2025-07-10;2025-07-11;2025-07-12;2025-07-13;2025-07-14;2025-07-15;2025-07-16;2025-07-17;2025-07-18;2025-07-19;2025-07-20,28,10673.155872762696,2025-06-23;2025-06-24;2025-06-25;2025-06-26;2025-06-27;2025-06-28;2025-06-29;2025-06-30;2025-07-01;2025-07-02;2025-07-03;2025-07-04;2025-07-05;2025-07-06;2025-07-07;2025-07-08;2025-07-09;2025-07-10;2025-07-11;2025-07-12;2025-07-13;2025-07-14;2025-07-15;2025-07-16;2025-07-17;2025-07-18;2025-07-19;2025-07-20,2025-07-07;2025-07-08;2025-07-09;2025-07-10;2025-07-11;2025-07-12;2025-07-13;2025-07-14;2025-07-15;2025-07-16;2025-07-17;2025-07-18;2025-07-19;2025-07-20,,2025-07-20,9347.707392195762,10599.60002156084,10547.707392195762,30.608638417276982,38.117490821510735,25.732840236095235,44.408590393932805,86740.98236618568,519.2861529702943,9105.73843050681,54825.032972507164,1741.2711837619408,56566.30415626911,54825.032972507164,54825.032917682125,40166.63089374803,1707.4772494172244,lexicographic,5.482503291768213e-05,4.0166630853581384e-05,False,0.18153070000334992,0.0,1,0
2025-07-22,False,calendar_trend,4,1.0,7,1.0,0,calibrated_quantile,2025-06-24;2025-06-25;2025-06-26;2025-06-27;2025-06-28;2025-06-29;2025-06-30;2025-07-01;2025-07-02;2025-07-03;2025-07-04;2025-07-05;2025-07-06;2025-07-07;2025-07-08;2025-07-09;2025-07-10;2025-07-11;2025-07-12;2025-07-13;2025-07-14;2025-07-15;2025-07-16;2025-07-17;2025-07-18;2025-07-19;2025-07-20;2025-07-21,28,10786.759976472054,2025-06-24;2025-06-25;2025-06-26;2025-06-27;2025-06-28;2025-06-29;2025-06-30;2025-07-01;2025-07-02;2025-07-03;2025-07-04;2025-07-05;2025-07-06;2025-07-07;2025-07-08;2025-07-09;2025-07-10;2025-07-11;2025-07-12;2025-07-13;2025-07-14;2025-07-15;2025-07-16;2025-07-17;2025-07-18;2025-07-19;2025-07-20;2025-07-21,2025-07-08;2025-07-09;2025-07-10;2025-07-11;2025-07-12;2025-07-13;2025-07-14;2025-07-15;2025-07-16;2025-07-17;2025-07-18;2025-07-19;2025-07-20;2025-07-21,,2025-07-21,9290.115613669817,10547.707392195762,10490.115613669817,31.62034513949657,39.78530039098672,30.330564787121958,60.196401189011674,89026.38723876652,589.8852651105017,11689.62218916393,56402.56223612827,2515.4180549276866,58917.98029105596,56402.56223612827,56402.56217972569,39903.63428847758,1694.0800087126886,lexicographic,5.640256217972569e-05,3.990363424857393e-05,False,0.20427220000055968,3.87001441051493e-16,1,0
2025-07-23,False,calendar_trend,4,1.0,7,1.0,0,calibrated_quantile,2025-06-25;2025-06-26;2025-06-27;2025-06-28;2025-06-29;2025-06-30;2025-07-01;2025-07-02;2025-07-03;2025-07-04;2025-07-05;2025-07-06;2025-07-07;2025-07-08;2025-07-09;2025-07-10;2025-07-11;2025-07-12;2025-07-13;2025-07-14;2025-07-15;2025-07-16;2025-07-17;2025-07-18;2025-07-19;2025-07-20;2025-07-21;2025-07-22,28,9984.434835295455,2025-06-25;2025-06-26;2025-06-27;2025-06-28;2025-06-29;2025-06-30;2025-07-01;2025-07-02;2025-07-03;2025-07-04;2025-07-05;2025-07-06;2025-07-07;2025-07-08;2025-07-09;2025-07-10;2025-07-11;2025-07-12;2025-07-13;2025-07-14;2025-07-15;2025-07-16;2025-07-17;2025-07-18;2025-07-19;2025-07-20;2025-07-21;2025-07-22,2025-07-09;2025-07-10;2025-07-11;2025-07-12;2025-07-13;2025-07-14;2025-07-15;2025-07-16;2025-07-17;2025-07-18;2025-07-19;2025-07-20;2025-07-21;2025-07-22,,2025-07-22,9232.523835143871,10490.115613669817,10432.523835143871,27.741890392258206,34.40814476502167,27.74243242635903,47.29737537113821,85861.42278297091,668.0939235468021,8169.323040560161,54078.531295332396,2924.96694721938,57003.498242551774,54078.5312953324,54078.53124125387,40019.291871385394,1698.0546515162177,lexicographic,5.4078531241253874e-05,4.001929183136609e-05,False,0.21962530000018887,0.0,1,0
2025-07-24,False,calendar_trend,4,1.0,7,1.0,0,calibrated_quantile,2025-06-26;2025-06-27;2025-06-28;2025-06-29;2025-06-30;2025-07-01;2025-07-02;2025-07-03;2025-07-04;2025-07-05;2025-07-06;2025-07-07;2025-07-08;2025-07-09;2025-07-10;2025-07-11;2025-07-12;2025-07-13;2025-07-14;2025-07-15;2025-07-16;2025-07-17;2025-07-18;2025-07-19;2025-07-20;2025-07-21;2025-07-22;2025-07-23,28,9908.573593419553,2025-06-26;2025-06-27;2025-06-28;2025-06-29;2025-06-30;2025-07-01;2025-07-02;2025-07-03;2025-07-04;2025-07-05;2025-07-06;2025-07-07;2025-07-08;2025-07-09;2025-07-10;2025-07-11;2025-07-12;2025-07-13;2025-07-14;2025-07-15;2025-07-16;2025-07-17;2025-07-18;2025-07-19;2025-07-20;2025-07-21;2025-07-22;2025-07-23,2025-07-10;2025-07-11;2025-07-12;2025-07-13;2025-07-14;2025-07-15;2025-07-16;2025-07-17;2025-07-18;2025-07-19;2025-07-20;2025-07-21;2025-07-22;2025-07-23,,2025-07-23,9174.932056617925,10432.523835143871,10374.932056617925,32.93804565392257,39.575207249573964,30.771118386702614,51.67070159456701,84204.2814281783,1214.642775978552,7615.012694344466,53051.25926147628,4781.248484716274,57832.507746192554,53051.25926147629,53051.259208425014,40436.47744266906,1695.8595783325304,lexicographic,5.305125920842502e-05,4.043647740223258e-05,False,0.22038009999960195,0.0,1,0
2025-07-25,False,calendar_trend,4,1.0,7,1.0,0,calibrated_quantile,2025-06-27;2025-06-28;2025-06-29;2025-06-30;2025-07-01;2025-07-02;2025-07-03;2025-07-04;2025-07-05;2025-07-06;2025-07-07;2025-07-08;2025-07-09;2025-07-10;2025-07-11;2025-07-12;2025-07-13;2025-07-14;2025-07-15;2025-07-16;2025-07-17;2025-07-18;2025-07-19;2025-07-20;2025-07-21;2025-07-22;2025-07-23;2025-07-24,28,10090.332928237585,2025-06-27;2025-06-28;2025-06-29;2025-06-30;2025-07-01;2025-07-02;2025-07-03;2025-07-04;2025-07-05;2025-07-06;2025-07-07;2025-07-08;2025-07-09;2025-07-10;2025-07-11;2025-07-12;2025-07-13;2025-07-14;2025-07-15;2025-07-16;2025-07-17;2025-07-18;2025-07-19;2025-07-20;2025-07-21;2025-07-22;2025-07-23;2025-07-24,2025-07-11;2025-07-12;2025-07-13;2025-07-14;2025-07-15;2025-07-16;2025-07-17;2025-07-18;2025-07-19;2025-07-20;2025-07-21;2025-07-22;2025-07-23;2025-07-24,,2025-07-24,9117.340278091962,10374.932056617925,10317.340278091962,29.913822884834318,36.24951952274829,21.262168006761012,38.00338305796941,44277.98704205747,370.08357532489106,14243.145158269039,26026.84380965123,1547.7277179027242,27574.571527553955,26026.84380965123,26026.843783624387,37694.483508816746,1503.3034994235231,lexicographic,2.6026843783624387e-05,3.769448347112227e-05,False,0.21440390000134357,0.0,1,0
2025-07-26,False,calendar_trend,4,1.0,7,1.0,0,calibrated_quantile,2025-06-28;2025-06-29;2025-06-30;2025-07-01;2025-07-02;2025-07-03;2025-07-04;2025-07-05;2025-07-06;2025-07-07;2025-07-08;2025-07-09;2025-07-10;2025-07-11;2025-07-12;2025-07-13;2025-07-14;2025-07-15;2025-07-16;2025-07-17;2025-07-18;2025-07-19;2025-07-20;2025-07-21;2025-07-22;2025-07-23;2025-07-24;2025-07-25,28,10270.264688552958,2025-06-28;2025-06-29;2025-06-30;2025-07-01;2025-07-02;2025-07-03;2025-07-04;2025-07-05;2025-07-06;2025-07-07;2025-07-08;2025-07-09;2025-07-10;2025-07-11;2025-07-12;2025-07-13;2025-07-14;2025-07-15;2025-07-16;2025-07-17;2025-07-18;2025-07-19;2025-07-20;2025-07-21;2025-07-22;2025-07-23;2025-07-24;2025-07-25,2025-07-12;2025-07-13;2025-07-14;2025-07-15;2025-07-16;2025-07-17;2025-07-18;2025-07-19;2025-07-20;2025-07-21;2025-07-22;2025-07-23;2025-07-24;2025-07-25,,2025-07-25,9059.748499566016,10317.340278091962,10259.748499566016,36.059311361637555,44.21325267027334,23.33075787670866,43.216125542918206,44183.326484309044,792.063500828235,12618.85079031721,25888.522924617548,2434.3368034979208,28322.85972811547,25888.52292461755,25888.52289872903,37578.6600437071,1639.2281633180125,lexicographic,2.588852289872903e-05,3.757866000612845e-05,False,0.2898167999992438,0.0,1,0
2025-07-27,False,calendar_trend,4,1.0,7,1.0,0,calibrated_quantile,2025-06-29;2025-06-30;2025-07-01;2025-07-02;2025-07-03;2025-07-04;2025-07-05;2025-07-06;2025-07-07;2025-07-08;2025-07-09;2025-07-10;2025-07-11;2025-07-12;2025-07-13;2025-07-14;2025-07-15;2025-07-16;2025-07-17;2025-07-18;2025-07-19;2025-07-20;2025-07-21;2025-07-22;2025-07-23;2025-07-24;2025-07-25;2025-07-26,28,10381.268689769107,2025-06-29;2025-06-30;2025-07-01;2025-07-02;2025-07-03;2025-07-04;2025-07-05;2025-07-06;2025-07-07;2025-07-08;2025-07-09;2025-07-10;2025-07-11;2025-07-12;2025-07-13;2025-07-14;2025-07-15;2025-07-16;2025-07-17;2025-07-18;2025-07-19;2025-07-20;2025-07-21;2025-07-22;2025-07-23;2025-07-24;2025-07-25;2025-07-26,2025-07-13;2025-07-14;2025-07-15;2025-07-16;2025-07-17;2025-07-18;2025-07-19;2025-07-20;2025-07-21;2025-07-22;2025-07-23;2025-07-24;2025-07-25;2025-07-26,,2025-07-26,9002.156721040072,10259.748499566016,10202.156721040072,42.5666614392327,50.835966538185836,26.438168755386144,47.7192166463743,82428.56497903666,1730.2506629149134,6401.6647561521895,51508.73170800654,7215.2135529064,58723.94526091294,51508.731708006526,51508.73165649778,39336.393508650566,1647.8841748102068,lexicographic,5.150873165649779e-05,3.933639346931417e-05,False,0.15608620000057272,0.0,1,0
2025-07-28,False,calendar_trend,4,1.0,7,1.0,0,calibrated_quantile,2025-06-30;2025-07-01;2025-07-02;2025-07-03;2025-07-04;2025-07-05;2025-07-06;2025-07-07;2025-07-08;2025-07-09;2025-07-10;2025-07-11;2025-07-12;2025-07-13;2025-07-14;2025-07-15;2025-07-16;2025-07-17;2025-07-18;2025-07-19;2025-07-20;2025-07-21;2025-07-22;2025-07-23;2025-07-24;2025-07-25;2025-07-26;2025-07-27,28,10528.311901276218,2025-06-30;2025-07-01;2025-07-02;2025-07-03;2025-07-04;2025-07-05;2025-07-06;2025-07-07;2025-07-08;2025-07-09;2025-07-10;2025-07-11;2025-07-12;2025-07-13;2025-07-14;2025-07-15;2025-07-16;2025-07-17;2025-07-18;2025-07-19;2025-07-20;2025-07-21;2025-07-22;2025-07-23;2025-07-24;2025-07-25;2025-07-26;2025-07-27,2025-07-14;2025-07-15;2025-07-16;2025-07-17;2025-07-18;2025-07-19;2025-07-20;2025-07-21;2025-07-22;2025-07-23;2025-07-24;2025-07-25;2025-07-26;2025-07-27,,2025-07-27,8944.564942514126,10202.156721040072,10144.564942514126,42.80225376752649,51.39953542116855,33.12510665611894,65.23279451257947,83315.84428282495,2591.8519142431705,3777.847993853883,52074.48286132644,10001.397880446913,62075.880741773355,52074.48286132644,52074.48280925197,40317.698193848206,1671.3851233666326,lexicographic,5.207448280925197e-05,4.0317698153530505e-05,False,0.10974569999962114,0.0,1,0
2025-07-29,False,calendar_trend,4,1.0,7,1.0,0,calibrated_quantile,2025-07-01;2025-07-02;2025-07-03;2025-07-04;2025-07-05;2025-07-06;2025-07-07;2025-07-08;2025-07-09;2025-07-10;2025-07-11;2025-07-12;2025-07-13;2025-07-14;2025-07-15;2025-07-16;2025-07-17;2025-07-18;2025-07-19;2025-07-20;2025-07-21;2025-07-22;2025-07-23;2025-07-24;2025-07-25;2025-07-26;2025-07-27;2025-07-28,28,10971.604703543064,2025-07-01;2025-07-02;2025-07-03;2025-07-04;2025-07-05;2025-07-06;2025-07-07;2025-07-08;2025-07-09;2025-07-10;2025-07-11;2025-07-12;2025-07-13;2025-07-14;2025-07-15;2025-07-16;2025-07-17;2025-07-18;2025-07-19;2025-07-20;2025-07-21;2025-07-22;2025-07-23;2025-07-24;2025-07-25;2025-07-26;2025-07-27;2025-07-28,2025-07-15;2025-07-16;2025-07-17;2025-07-18;2025-07-19;2025-07-20;2025-07-21;2025-07-22;2025-07-23;2025-07-24;2025-07-25;2025-07-26;2025-07-27;2025-07-28,,2025-07-28,9451.492650925933,10144.564942514126,10651.492650925933,30.490603223474377,37.17598666995518,26.654088455037463,52.95462719777636,89811.76095388581,633.0075492189791,9551.46910011088,56599.371008929316,2478.193150316188,59077.56415924551,56599.371008929316,56599.37095232996,41152.98355146173,1702.0347495149695,lexicographic,5.659937095232997e-05,4.115298351030873e-05,False,0.13101710000046296,0.0,1,0
2025-07-30,False,calendar_trend,4,1.0,7,1.0,0,calibrated_quantile,2025-07-02;2025-07-03;2025-07-04;2025-07-05;2025-07-06;2025-07-07;2025-07-08;2025-07-09;2025-07-10;2025-07-11;2025-07-12;2025-07-13;2025-07-14;2025-07-15;2025-07-16;2025-07-17;2025-07-18;2025-07-19;2025-07-20;2025-07-21;2025-07-22;2025-07-23;2025-07-24;2025-07-25;2025-07-26;2025-07-27;2025-07-28;2025-07-29,28,10503.374716039145,2025-07-02;2025-07-03;2025-07-04;2025-07-05;2025-07-06;2025-07-07;2025-07-08;2025-07-09;2025-07-10;2025-07-11;2025-07-12;2025-07-13;2025-07-14;2025-07-15;2025-07-16;2025-07-17;2025-07-18;2025-07-19;2025-07-20;2025-07-21;2025-07-22;2025-07-23;2025-07-24;2025-07-25;2025-07-26;2025-07-27;2025-07-28;2025-07-29,2025-07-16;2025-07-17;2025-07-18;2025-07-19;2025-07-20;2025-07-21;2025-07-22;2025-07-23;2025-07-24;2025-07-25;2025-07-26;2025-07-27;2025-07-28;2025-07-29,,2025-07-29,9399.60002156084,10651.492650925933,10599.60002156084,27.012000602332925,33.57270554300518,28.312523179537834,55.75766069412063,89326.61697374072,255.71890367083807,11287.570415193519,56388.60069563693,1041.6654065880803,57430.26610222501,56388.60069563694,56388.60063924834,40421.27573143068,1673.1423813603087,lexicographic,5.638860063924834e-05,4.04212756910094e-05,False,0.16635840000162716,0.0,1,0
2025-07-31,False,calendar_trend,4,1.0,7,1.0,0,calibrated_quantile,2025-07-03;2025-07-04;2025-07-05;2025-07-06;2025-07-07;2025-07-08;2025-07-09;2025-07-10;2025-07-11;2025-07-12;2025-07-13;2025-07-14;2025-07-15;2025-07-16;2025-07-17;2025-07-18;2025-07-19;2025-07-20;2025-07-21;2025-07-22;2025-07-23;2025-07-24;2025-07-25;2025-07-26;2025-07-27;2025-07-28;2025-07-29;2025-07-30,28,10036.525730684632,2025-07-03;2025-07-04;2025-07-05;2025-07-06;2025-07-07;2025-07-08;2025-07-09;2025-07-10;2025-07-11;2025-07-12;2025-07-13;2025-07-14;2025-07-15;2025-07-16;2025-07-17;2025-07-18;2025-07-19;2025-07-20;2025-07-21;2025-07-22;2025-07-23;2025-07-24;2025-07-25;2025-07-26;2025-07-27;2025-07-28;2025-07-29;2025-07-30,2025-07-17;2025-07-18;2025-07-19;2025-07-20;2025-07-21;2025-07-22;2025-07-23;2025-07-24;2025-07-25;2025-07-26;2025-07-27;2025-07-28;2025-07-29;2025-07-30,,2025-07-30,9347.707392195762,10599.60002156084,10547.707392195762,30.538300708912086,37.58812177123229,20.12062212825252,37.444938638441435,88513.66508093737,271.2060451316325,9904.200735333136,55821.33511481538,1061.4866963908303,56882.82181120621,55821.335114815374,55821.33505899405,40365.667881170564,1669.149840236007,lexicographic,5.582133505899406e-05,4.036566784080489e-05,False,0.07969690000027185,0.0,1,0
2025-08-01,False,calendar_trend,4,1.0,7,1.0,0,calibrated_quantile,2025-07-04;2025-07-05;2025-07-06;2025-07-07;2025-07-08;2025-07-09;2025-07-10;2025-07-11;2025-07-12;2025-07-13;2025-07-14;2025-07-15;2025-07-16;2025-07-17;2025-07-18;2025-07-19;2025-07-20;2025-07-21;2025-07-22;2025-07-23;2025-07-24;2025-07-25;2025-07-26;2025-07-27;2025-07-28;2025-07-29;2025-07-30;2025-07-31,28,9642.007546445544,2025-07-04;2025-07-05;2025-07-06;2025-07-07;2025-07-08;2025-07-09;2025-07-10;2025-07-11;2025-07-12;2025-07-13;2025-07-14;2025-07-15;2025-07-16;2025-07-17;2025-07-18;2025-07-19;2025-07-20;2025-07-21;2025-07-22;2025-07-23;2025-07-24;2025-07-25;2025-07-26;2025-07-27;2025-07-28;2025-07-29;2025-07-30;2025-07-31,2025-07-18;2025-07-19;2025-07-20;2025-07-21;2025-07-22;2025-07-23;2025-07-24;2025-07-25;2025-07-26;2025-07-27;2025-07-28;2025-07-29;2025-07-30;2025-07-31,,2025-07-31,9290.115613669817,10547.707392195762,10490.115613669817,24.01593924972247,30.807636341205612,58.69333088976084,93.92165313215038,46098.45981720189,131.48649138414845,21042.505946373545,27210.414262682374,310.42565309570574,27520.83991577808,27210.414262682367,27210.414235471955,38041.954001498205,1505.6619652341194,lexicographic,2.7210414235471955e-05,3.8041954001498205e-05,False,0.17620549999992363,0.0,1,0
2025-08-02,False,calendar_trend,4,1.0,7,1.0,0,calibrated_quantile,2025-07-05;2025-07-06;2025-07-07;2025-07-08;2025-07-09;2025-07-10;2025-07-11;2025-07-12;2025-07-13;2025-07-14;2025-07-15;2025-07-16;2025-07-17;2025-07-18;2025-07-19;2025-07-20;2025-07-21;2025-07-22;2025-07-23;2025-07-24;2025-07-25;2025-07-26;2025-07-27;2025-07-28;2025-07-29;2025-07-30;2025-07-31;2025-08-01,28,9179.66065920801,2025-07-05;2025-07-06;2025-07-07;2025-07-08;2025-07-09;2025-07-10;2025-07-11;2025-07-12;2025-07-13;2025-07-14;2025-07-15;2025-07-16;2025-07-17;2025-07-18;2025-07-19;2025-07-20;2025-07-21;2025-07-22;2025-07-23;2025-07-24;2025-07-25;2025-07-26;2025-07-27;2025-07-28;2025-07-29;2025-07-30;2025-07-31;2025-08-01,2025-07-19;2025-07-20;2025-07-21;2025-07-22;2025-07-23;2025-07-24;2025-07-25;2025-07-26;2025-07-27;2025-07-28;2025-07-29;2025-07-30;2025-07-31;2025-08-01,,2025-08-01,9232.523835143871,10490.115613669817,10432.523835143871,25.223374547792805,32.103802773813236,43.706117609492054,79.01647610370776,45676.56801628156,31.874455912861684,20857.495118193423,27002.180147880765,147.14096223171637,27149.32111011248,27002.180147880765,27002.180120878584,37926.13043555362,1641.1340478121895,lexicographic,2.7002180120878587e-05,3.792613039762749e-05,False,0.1953551000005973,0.0,1,0
2025-08-03,False,calendar_trend,4,1.0,7,1.0,0,calibrated_quantile,2025-07-06;2025-07-07;2025-07-08;2025-07-09;2025-07-10;2025-07-11;2025-07-12;2025-07-13;2025-07-14;2025-07-15;2025-07-16;2025-07-17;2025-07-18;2025-07-19;2025-07-20;2025-07-21;2025-07-22;2025-07-23;2025-07-24;2025-07-25;2025-07-26;2025-07-27;2025-07-28;2025-07-29;2025-07-30;2025-07-31;2025-08-01;2025-08-02,28,8910.141496859427,2025-07-06;2025-07-07;2025-07-08;2025-07-09;2025-07-10;2025-07-11;2025-07-12;2025-07-13;2025-07-14;2025-07-15;2025-07-16;2025-07-17;2025-07-18;2025-07-19;2025-07-20;2025-07-21;2025-07-22;2025-07-23;2025-07-24;2025-07-25;2025-07-26;2025-07-27;2025-07-28;2025-07-29;2025-07-30;2025-07-31;2025-08-01;2025-08-02,2025-07-20;2025-07-21;2025-07-22;2025-07-23;2025-07-24;2025-07-25;2025-07-26;2025-07-27;2025-07-28;2025-07-29;2025-07-30;2025-07-31;2025-08-01;2025-08-02,,2025-08-02,9174.932056617925,10432.523835143871,10374.932056617925,31.316905698476653,38.881493159352964,63.435224940441735,103.94554808551462,83239.40111651085,708.0840321485542,16974.099135028875,52315.125971552334,2611.361522511641,54926.48749406397,52315.125971552334,52315.125919237216,39926.50061149811,1643.4619719711768,lexicographic,5.231512591923722e-05,3.9926500571571597e-05,False,0.1605091999990691,0.0,1,0
2025-08-04,False,calendar_trend,4,1.0,7,1.0,0,calibrated_quantile,2025-07-07;2025-07-08;2025-07-09;2025-07-10;2025-07-11;2025-07-12;2025-07-13;2025-07-14;2025-07-15;2025-07-16;2025-07-17;2025-07-18;2025-07-19;2025-07-20;2025-07-21;2025-07-22;2025-07-23;2025-07-24;2025-07-25;2025-07-26;2025-07-27;2025-07-28;2025-07-29;2025-07-30;2025-07-31;2025-08-01;2025-08-02;2025-08-03,28,8823.497994517755,2025-07-07;2025-07-08;2025-07-09;2025-07-10;2025-07-11;2025-07-12;2025-07-13;2025-07-14;2025-07-15;2025-07-16;2025-07-17;2025-07-18;2025-07-19;2025-07-20;2025-07-21;2025-07-22;2025-07-23;2025-07-24;2025-07-25;2025-07-26;2025-07-27;2025-07-28;2025-07-29;2025-07-30;2025-07-31;2025-08-01;2025-08-02;2025-08-03,2025-07-21;2025-07-22;2025-07-23;2025-07-24;2025-07-25;2025-07-26;2025-07-27;2025-07-28;2025-07-29;2025-07-30;2025-07-31;2025-08-01;2025-08-02;2025-08-03,,2025-08-03,9117.340278091962,10374.932056617925,10317.340278091962,30.813755761059912,38.95104099934915,31.61518839229838,56.343016176173556,81489.71828478843,221.87222311734615,12210.358003512149,51161.81470024424,675.849274180039,51837.66397442428,51161.81470024426,51161.814649082415,39466.107018241324,1656.9095840799787,lexicographic,5.116181464908242e-05,3.946610697877521e-05,False,0.12834850000217557,0.0,1,0
2025-08-05,False,calendar_trend,4,1.0,7,1.0,0,calibrated_quantile,2025-07-08;2025-07-09;2025-07-10;2025-07-11;2025-07-12;2025-07-13;2025-07-14;2025-07-15;2025-07-16;2025-07-17;2025-07-18;2025-07-19;2025-07-20;2025-07-21;2025-07-22;2025-07-23;2025-07-24;2025-07-25;2025-07-26;2025-07-27;2025-07-28;2025-07-29;2025-07-30;2025-07-31;2025-08-01;2025-08-02;2025-08-03;2025-08-04,28,8889.747925179381,2025-07-08;2025-07-09;2025-07-10;2025-07-11;2025-07-12;2025-07-13;2025-07-14;2025-07-15;2025-07-16;2025-07-17;2025-07-18;2025-07-19;2025-07-20;2025-07-21;2025-07-22;2025-07-23;2025-07-24;2025-07-25;2025-07-26;2025-07-27;2025-07-28;2025-07-29;2025-07-30;2025-07-31;2025-08-01;2025-08-02;2025-08-03;2025-08-04,2025-07-22;2025-07-23;2025-07-24;2025-07-25;2025-07-26;2025-07-27;2025-07-28;2025-07-29;2025-07-30;2025-07-31;2025-08-01;2025-08-02;2025-08-03;2025-08-04,,2025-08-04,9059.748499566016,10317.340278091962,10259.748499566016,31.56219033430471,40.064149964327186,20.37244439953487,33.524024452875196,80138.22952957486,287.34400844207585,11237.63603032138,50397.73103354123,1036.5051308946972,51434.23616443593,50397.731033541226,50397.7309831435,38990.27091022281,1645.9187163868041,lexicographic,5.03977309831435e-05,3.8990270910223126e-05,False,0.175332900002104,0.0,1,0
2025-08-06,False,calendar_trend,4,1.0,7,1.0,0,calibrated_quantile,2025-07-09;2025-07-10;2025-07-11;2025-07-12;2025-07-13;2025-07-14;2025-07-15;2025-07-16;2025-07-17;2025-07-18;2025-07-19;2025-07-20;2025-07-21;2025-07-22;2025-07-23;2025-07-24;2025-07-25;2025-07-26;2025-07-27;2025-07-28;2025-07-29;2025-07-30;2025-07-31;2025-08-01;2025-08-02;2025-08-03;2025-08-04;2025-08-05,28,9008.34674091489,2025-07-09;2025-07-10;2025-07-11;2025-07-12;2025-07-13;2025-07-14;2025-07-15;2025-07-16;2025-07-17;2025-07-18;2025-07-19;2025-07-20;2025-07-21;2025-07-22;2025-07-23;2025-07-24;2025-07-25;2025-07-26;2025-07-27;2025-07-28;2025-07-29;2025-07-30;2025-07-31;2025-08-01;2025-08-02;2025-08-03;2025-08-04;2025-08-05,2025-07-23;2025-07-24;2025-07-25;2025-07-26;2025-07-27;2025-07-28;2025-07-29;2025-07-30;2025-07-31;2025-08-01;2025-08-02;2025-08-03;2025-08-04;2025-08-05,,2025-08-05,9002.156721040072,10259.748499566016,10202.156721040072,31.670628759721613,39.147428480547255,34.95537545981356,67.17290833637021,78949.18846015286,1991.1652512260348,8904.035293423496,49656.69233599772,8236.950273379687,57893.642609377406,49656.69233599773,49656.69228634105,37907.04665883839,1667.6911407806185,lexicographic,4.965669228634105e-05,3.790704662093134e-05,False,0.2060243999985687,0.0,1,0
2025-08-07,False,calendar_trend,4,1.0,7,1.0,0,calibrated_quantile,2025-07-10;2025-07-11;2025-07-12;2025-07-13;2025-07-14;2025-07-15;2025-07-16;2025-07-17;2025-07-18;2025-07-19;2025-07-20;2025-07-21;2025-07-22;2025-07-23;2025-07-24;2025-07-25;2025-07-26;2025-07-27;2025-07-28;2025-07-29;2025-07-30;2025-07-31;2025-08-01;2025-08-02;2025-08-03;2025-08-04;2025-08-05;2025-08-06,28,9265.913595927945,2025-07-10;2025-07-11;2025-07-12;2025-07-13;2025-07-14;2025-07-15;2025-07-16;2025-07-17;2025-07-18;2025-07-19;2025-07-20;2025-07-21;2025-07-22;2025-07-23;2025-07-24;2025-07-25;2025-07-26;2025-07-27;2025-07-28;2025-07-29;2025-07-30;2025-07-31;2025-08-01;2025-08-02;2025-08-03;2025-08-04;2025-08-05;2025-08-06,2025-07-24;2025-07-25;2025-07-26;2025-07-27;2025-07-28;2025-07-29;2025-07-30;2025-07-31;2025-08-01;2025-08-02;2025-08-03;2025-08-04;2025-08-05;2025-08-06,,2025-08-06,8944.564942514126,10202.156721040072,10144.564942514126,30.4280778831865,38.29190374332666,18.676441383910106,35.21957684559087,78195.07237601539,300.431589519054,11250.286131777337,49356.81211249575,1022.7060349809668,50379.518147476716,49356.81211249574,49356.81206313894,37290.82198919506,1655.2720840852458,lexicographic,4.935681206313894e-05,3.7290821951904235e-05,False,0.16363609999825712,0.0,1,0
2025-08-08,False,calendar_trend,4,1.0,7,1.0,0,calibrated_quantile,2025-07-11;2025-07-12;2025-07-13;2025-07-14;2025-07-15;2025-07-16;2025-07-17;2025-07-18;2025-07-19;2025-07-20;2025-07-21;2025-07-22;2025-07-23;2025-07-24;2025-07-25;2025-07-26;2025-07-27;2025-07-28;2025-07-29;2025-07-30;2025-07-31;2025-08-01;2025-08-02;2025-08-03;2025-08-04;2025-08-05;2025-08-06;2025-08-07,28,9388.499915096927,2025-07-11;2025-07-12;2025-07-13;2025-07-14;2025-07-15;2025-07-16;2025-07-17;2025-07-18;2025-07-19;2025-07-20;2025-07-21;2025-07-22;2025-07-23;2025-07-24;2025-07-25;2025-07-26;2025-07-27;2025-07-28;2025-07-29;2025-07-30;2025-07-31;2025-08-01;2025-08-02;2025-08-03;2025-08-04;2025-08-05;2025-08-06;2025-08-07,2025-07-25;2025-07-26;2025-07-27;2025-07-28;2025-07-29;2025-07-30;2025-07-31;2025-08-01;2025-08-02;2025-08-03;2025-08-04;2025-08-05;2025-08-06;2025-08-07,,2025-08-07,8886.97316398818,10144.564942514126,10086.97316398818,22.561959111596316,28.896417463321107,29.969133742279098,50.81831497844725,44368.301588387316,49.073798752299666,24791.23130211106,25947.12938774602,209.72082365356238,26156.850211399582,25947.12938774602,25947.129361798885,37231.189646044164,1498.1726509243817,lexicographic,2.5947129361798885e-05,3.723118960881298e-05,False,0.28536259999964386,0.0,1,0
2025-08-09,False,calendar_trend,4,1.0,7,1.0,0,calibrated_quantile,2025-07-12;2025-07-13;2025-07-14;2025-07-15;2025-07-16;2025-07-17;2025-07-18;2025-07-19;2025-07-20;2025-07-21;2025-07-22;2025-07-23;2025-07-24;2025-07-25;2025-07-26;2025-07-27;2025-07-28;2025-07-29;2025-07-30;2025-07-31;2025-08-01;2025-08-02;2025-08-03;2025-08-04;2025-08-05;2025-08-06;2025-08-07;2025-08-08,28,8740.780521455305,2025-07-12;2025-07-13;2025-07-14;2025-07-15;2025-07-16;2025-07-17;2025-07-18;2025-07-19;2025-07-20;2025-07-21;2025-07-22;2025-07-23;2025-07-24;2025-07-25;2025-07-26;2025-07-27;2025-07-28;2025-07-29;2025-07-30;2025-07-31;2025-08-01;2025-08-02;2025-08-03;2025-08-04;2025-08-05;2025-08-06;2025-08-07;2025-08-08,2025-07-26;2025-07-27;2025-07-28;2025-07-29;2025-07-30;2025-07-31;2025-08-01;2025-08-02;2025-08-03;2025-08-04;2025-08-05;2025-08-06;2025-08-07;2025-08-08,,2025-08-08,8829.381385462217,10086.97316398818,10029.381385462217,25.81482333869549,32.32109279066081,31.111568920665654,59.147542965628624,44101.6125173243,762.0739590594654,22102.94290568963,25867.494818451196,2815.8196686609604,28683.314487112155,25867.4948184512,25867.49479258371,37115.3661805427,1528.1523757519892,lexicographic,2.5867494792583714e-05,3.7115366143427324e-05,False,0.19116120000035153,0.0,1,0
2025-08-10,False,calendar_trend,4,1.0,7,1.0,0,calibrated_quantile,2025-07-13;2025-07-14;2025-07-15;2025-07-16;2025-07-17;2025-07-18;2025-07-19;2025-07-20;2025-07-21;2025-07-22;2025-07-23;2025-07-24;2025-07-25;2025-07-26;2025-07-27;2025-07-28;2025-07-29;2025-07-30;2025-07-31;2025-08-01;2025-08-02;2025-08-03;2025-08-04;2025-08-05;2025-08-06;2025-08-07;2025-08-08;2025-08-09,28,8823.474823179948,2025-07-13;2025-07-14;2025-07-15;2025-07-16;2025-07-17;2025-07-18;2025-07-19;2025-07-20;2025-07-21;2025-07-22;2025-07-23;2025-07-24;2025-07-25;2025-07-26;2025-07-27;2025-07-28;2025-07-29;2025-07-30;2025-07-31;2025-08-01;2025-08-02;2025-08-03;2025-08-04;2025-08-05;2025-08-06;2025-08-07;2025-08-08;2025-08-09,2025-07-27;2025-07-28;2025-07-29;2025-07-30;2025-07-31;2025-08-01;2025-08-02;2025-08-03;2025-08-04;2025-08-05;2025-08-06;2025-08-07;2025-08-08;2025-08-09,,2025-08-09,8771.78960693627,10029.381385462217,9971.78960693627,25.926083939080705,32.97263264667256,33.75897278862164,65.08674891346519,73220.14830758233,1800.0669256842202,5912.433189401372,46627.03819044162,6580.017166594782,53207.0553570364,46627.03819044161,46627.038143814585,36775.73800127732,1675.5573468535429,lexicographic,4.662703814381459e-05,3.6775737964501586e-05,False,0.3936448999993445,0.0,1,0
2025-08-11,False,calendar_trend,4,1.0,7,1.0,0,calibrated_quantile,2025-07-14;2025-07-15;2025-07-16;2025-07-17;2025-07-18;2025-07-19;2025-07-20;2025-07-21;2025-07-22;2025-07-23;2025-07-24;2025-07-25;2025-07-26;2025-07-27;2025-07-28;2025-07-29;2025-07-30;2025-07-31;2025-08-01;2025-08-02;2025-08-03;2025-08-04;2025-08-05;2025-08-06;2025-08-07;2025-08-08;2025-08-09;2025-08-10,28,9304.627047324091,2025-07-14;2025-07-15;2025-07-16;2025-07-17;2025-07-18;2025-07-19;2025-07-20;2025-07-21;2025-07-22;2025-07-23;2025-07-24;2025-07-25;2025-07-26;2025-07-27;2025-07-28;2025-07-29;2025-07-30;2025-07-31;2025-08-01;2025-08-02;2025-08-03;2025-08-04;2025-08-05;2025-08-06;2025-08-07;2025-08-08;2025-08-09;2025-08-10,2025-07-28;2025-07-29;2025-07-30;2025-07-31;2025-08-01;2025-08-02;2025-08-03;2025-08-04;2025-08-05;2025-08-06;2025-08-07;2025-08-08;2025-08-09;2025-08-10,,2025-08-10,8730.166702814795,9971.78960693627,9930.166702814795,28.36810791098375,36.762434506082236,25.785313072800122,49.34564511280499,74425.26665795907,1093.4166644283919,7223.940910117255,47314.18903784583,5264.513937066914,52578.70297491274,47314.189037845834,47314.18899053164,35960.718212075764,1681.014802951697,lexicographic,4.731418899053165e-05,3.596071821207532e-05,False,0.5222291999998561,1.5377961177014924e-16,1,0
2025-08-12,False,calendar_trend,4,1.0,7,1.0,0,calibrated_quantile,2025-07-15;2025-07-16;2025-07-17;2025-07-18;2025-07-19;2025-07-20;2025-07-21;2025-07-22;2025-07-23;2025-07-24;2025-07-25;2025-07-26;2025-07-27;2025-07-28;2025-07-29;2025-07-30;2025-07-31;2025-08-01;2025-08-02;2025-08-03;2025-08-04;2025-08-05;2025-08-06;2025-08-07;2025-08-08;2025-08-09;2025-08-10;2025-08-11,28,9618.399626678198,2025-07-15;2025-07-16;2025-07-17;2025-07-18;2025-07-19;2025-07-20;2025-07-21;2025-07-22;2025-07-23;2025-07-24;2025-07-25;2025-07-26;2025-07-27;2025-07-28;2025-07-29;2025-07-30;2025-07-31;2025-08-01;2025-08-02;2025-08-03;2025-08-04;2025-08-05;2025-08-06;2025-08-07;2025-08-08;2025-08-09;2025-08-10;2025-08-11,2025-07-29;2025-07-30;2025-07-31;2025-08-01;2025-08-02;2025-08-03;2025-08-04;2025-08-05;2025-08-06;2025-08-07;2025-08-08;2025-08-09;2025-08-10;2025-08-11,,2025-08-11,8688.543798693318,9930.166702814795,9888.543798693318,26.966739167369695,34.02607454205578,44.96436612699475,77.34737778585894,74829.30151978444,2343.5499113637266,5645.290454696229,47450.91663279507,9821.133833464126,57272.0504662592,47450.91663279508,47450.916585344174,36280.118885771866,1670.992256791094,lexicographic,4.745091658534418e-05,3.628011884949175e-05,False,0.346246400000382,0.0,1,0
2025-08-13,False,calendar_trend,4,1.0,7,1.0,0,calibrated_quantile,2025-07-16;2025-07-17;2025-07-18;2025-07-19;2025-07-20;2025-07-21;2025-07-22;2025-07-23;2025-07-24;2025-07-25;2025-07-26;2025-07-27;2025-07-28;2025-07-29;2025-07-30;2025-07-31;2025-08-01;2025-08-02;2025-08-03;2025-08-04;2025-08-05;2025-08-06;2025-08-07;2025-08-08;2025-08-09;2025-08-10;2025-08-11;2025-08-12,28,10028.827961073166,2025-07-16;2025-07-17;2025-07-18;2025-07-19;2025-07-20;2025-07-21;2025-07-22;2025-07-23;2025-07-24;2025-07-25;2025-07-26;2025-07-27;2025-07-28;2025-07-29;2025-07-30;2025-07-31;2025-08-01;2025-08-02;2025-08-03;2025-08-04;2025-08-05;2025-08-06;2025-08-07;2025-08-08;2025-08-09;2025-08-10;2025-08-11;2025-08-12,2025-07-30;2025-07-31;2025-08-01;2025-08-02;2025-08-03;2025-08-04;2025-08-05;2025-08-06;2025-08-07;2025-08-08;2025-08-09;2025-08-10;2025-08-11;2025-08-12,,2025-08-12,8646.92089457184,9888.543798693318,9846.92089457184,26.083983274211462,33.846413825107504,26.149237364457242,51.458067756478464,77076.78009173548,1047.9728911724815,8205.810679052973,48785.29464877829,4355.118581519355,53140.41323029764,48785.29464877829,48785.29459999298,36574.91575208507,1703.2236728662588,lexicographic,4.878529459999298e-05,3.657491571551016e-05,False,0.26968780000242987,0.0,1,0
2025-08-14,False,calendar_trend,4,1.0,7,1.0,0,calibrated_quantile,2025-07-17;2025-07-18;2025-07-19;2025-07-20;2025-07-21;2025-07-22;2025-07-23;2025-07-24;2025-07-25;2025-07-26;2025-07-27;2025-07-28;2025-07-29;2025-07-30;2025-07-31;2025-08-01;2025-08-02;2025-08-03;2025-08-04;2025-08-05;2025-08-06;2025-08-07;2025-08-08;2025-08-09;2025-08-10;2025-08-11;2025-08-12;2025-08-13,28,10264.869452445859,2025-07-17;2025-07-18;2025-07-19;2025-07-20;2025-07-21;2025-07-22;2025-07-23;2025-07-24;2025-07-25;2025-07-26;2025-07-27;2025-07-28;2025-07-29;2025-07-30;2025-07-31;2025-08-01;2025-08-02;2025-08-03;2025-08-04;2025-08-05;2025-08-06;2025-08-07;2025-08-08;2025-08-09;2025-08-10;2025-08-11;2025-08-12;2025-08-13,2025-07-31;2025-08-01;2025-08-02;2025-08-03;2025-08-04;2025-08-05;2025-08-06;2025-08-07;2025-08-08;2025-08-09;2025-08-10;2025-08-11;2025-08-12;2025-08-13,,2025-08-13,8605.297990450352,9846.92089457184,9805.297990450352,28.775018738315858,36.563451433263545,26.0119598077661,45.21084573389278,77806.74257318344,620.3384080052549,8654.696437102655,49098.56287246068,2952.808703228306,52051.37157568899,49098.56287246068,49098.56282336212,37033.424065163665,1691.7003062041292,lexicographic,4.909856282336212e-05,3.703342402813024e-05,False,0.4724012999977276,0.0,1,0
2025-08-15,False,calendar_trend,4,1.0,7,1.0,0,calibrated_quantile,2025-07-18;2025-07-19;2025-07-20;2025-07-21;2025-07-22;2025-07-23;2025-07-24;2025-07-25;2025-07-26;2025-07-27;2025-07-28;2025-07-29;2025-07-30;2025-07-31;2025-08-01;2025-08-02;2025-08-03;2025-08-04;2025-08-05;2025-08-06;2025-08-07;2025-08-08;2025-08-09;2025-08-10;2025-08-11;2025-08-12;2025-08-13;2025-08-14,28,10311.829169913994,2025-07-18;2025-07-19;2025-07-20;2025-07-21;2025-07-22;2025-07-23;2025-07-24;2025-07-25;2025-07-26;2025-07-27;2025-07-28;2025-07-29;2025-07-30;2025-07-31;2025-08-01;2025-08-02;2025-08-03;2025-08-04;2025-08-05;2025-08-06;2025-08-07;2025-08-08;2025-08-09;2025-08-10;2025-08-11;2025-08-12;2025-08-13;2025-08-14,2025-08-01;2025-08-02;2025-08-03;2025-08-04;2025-08-05;2025-08-06;2025-08-07;2025-08-08;2025-08-09;2025-08-10;2025-08-11;2025-08-12;2025-08-13;2025-08-14,,2025-08-14,8563.675086328876,9805.297990450352,9763.675086328876,28.097815287784695,34.20835415466818,23.085789436462793,43.78077249773207,44410.52452048108,125.23543509072448,23578.940066835694,26180.427502447226,401.19311017122027,26581.620612618448,26180.427502447223,26180.427476266803,36566.629301040346,1511.643950350791,lexicographic,2.6180427476266804e-05,3.656662926447373e-05,False,0.3525335999984236,0.0,1,0
2025-08-16,False,calendar_trend,4,1.0,7,1.0,0,calibrated_quantile,2025-07-19;2025-07-20;2025-07-21;2025-07-22;2025-07-23;2025-07-24;2025-07-25;2025-07-26;2025-07-27;2025-07-28;2025-07-29;2025-07-30;2025-07-31;2025-08-01;2025-08-02;2025-08-03;2025-08-04;2025-08-05;2025-08-06;2025-08-07;2025-08-08;2025-08-09;2025-08-10;2025-08-11;2025-08-12;2025-08-13;2025-08-14;2025-08-15,28,9861.987203156967,2025-07-19;2025-07-20;2025-07-21;2025-07-22;2025-07-23;2025-07-24;2025-07-25;2025-07-26;2025-07-27;2025-07-28;2025-07-29;2025-07-30;2025-07-31;2025-08-01;2025-08-02;2025-08-03;2025-08-04;2025-08-05;2025-08-06;2025-08-07;2025-08-08;2025-08-09;2025-08-10;2025-08-11;2025-08-12;2025-08-13;2025-08-14;2025-08-15,2025-08-02;2025-08-03;2025-08-04;2025-08-05;2025-08-06;2025-08-07;2025-08-08;2025-08-09;2025-08-10;2025-08-11;2025-08-12;2025-08-13;2025-08-14;2025-08-15,,2025-08-15,8522.052182207399,9763.675086328876,9722.052182207399,26.039249456302784,32.38310923006849,26.65259493420344,53.2216352162856,44492.69253870784,111.70632292257864,23886.81253687374,26241.31315043734,540.233848290673,26781.546998728016,26241.313150437338,26241.31312419602,36482.92111348198,1543.3976979638958,lexicographic,2.6241313124196024e-05,3.6482921113481985e-05,False,0.40314130000115256,0.0,1,0
2025-08-17,False,calendar_trend,4,1.0,7,1.0,0,calibrated_quantile,2025-07-20;2025-07-21;2025-07-22;2025-07-23;2025-07-24;2025-07-25;2025-07-26;2025-07-27;2025-07-28;2025-07-29;2025-07-30;2025-07-31;2025-08-01;2025-08-02;2025-08-03;2025-08-04;2025-08-05;2025-08-06;2025-08-07;2025-08-08;2025-08-09;2025-08-10;2025-08-11;2025-08-12;2025-08-13;2025-08-14;2025-08-15;2025-08-16,28,9847.180814527299,2025-07-20;2025-07-21;2025-07-22;2025-07-23;2025-07-24;2025-07-25;2025-07-26;2025-07-27;2025-07-28;2025-07-29;2025-07-30;2025-07-31;2025-08-01;2025-08-02;2025-08-03;2025-08-04;2025-08-05;2025-08-06;2025-08-07;2025-08-08;2025-08-09;2025-08-10;2025-08-11;2025-08-12;2025-08-13;2025-08-14;2025-08-15;2025-08-16,2025-08-03;2025-08-04;2025-08-05;2025-08-06;2025-08-07;2025-08-08;2025-08-09;2025-08-10;2025-08-11;2025-08-12;2025-08-13;2025-08-14;2025-08-15;2025-08-16,,2025-08-16,8480.429278085921,9722.052182207399,9680.429278085921,29.119265376308842,35.405820861500665,22.286425535699774,41.7802390662205,77236.18264223979,184.22996110076463,10403.413219329123,48846.710564380104,885.7221592340366,49732.43272361414,48846.7105643801,48846.710515533385,37085.93508585628,1661.753971441453,lexicographic,4.8846710515533385e-05,3.7085935048770354e-05,False,0.3041053999986616,1.4895491502687069e-16,1,0
2025-08-18,False,calendar_trend,4,1.0,7,1.0,0,calibrated_quantile,2025-07-21;2025-07-22;2025-07-23;2025-07-24;2025-07-25;2025-07-26;2025-07-27;2025-07-28;2025-07-29;2025-07-30;2025-07-31;2025-08-01;2025-08-02;2025-08-03;2025-08-04;2025-08-05;2025-08-06;2025-08-07;2025-08-08;2025-08-09;2025-08-10;2025-08-11;2025-08-12;2025-08-13;2025-08-14;2025-08-15;2025-08-16;2025-08-17,28,9865.815974678859,2025-07-21;2025-07-22;2025-07-23;2025-07-24;2025-07-25;2025-07-26;2025-07-27;2025-07-28;2025-07-29;2025-07-30;2025-07-31;2025-08-01;2025-08-02;2025-08-03;2025-08-04;2025-08-05;2025-08-06;2025-08-07;2025-08-08;2025-08-09;2025-08-10;2025-08-11;2025-08-12;2025-08-13;2025-08-14;2025-08-15;2025-08-16;2025-08-17,2025-08-04;2025-08-05;2025-08-06;2025-08-07;2025-08-08;2025-08-09;2025-08-10;2025-08-11;2025-08-12;2025-08-13;2025-08-14;2025-08-15;2025-08-16;2025-08-17,,2025-08-17,8438.806373964444,9680.429278085921,9638.806373964444,29.733251198566766,37.74843610753171,20.76792594604606,40.236751931701335,77157.89832576923,541.5788277863887,9402.094593603462,48770.05479114898,2416.3947681863656,51186.44955933534,48770.05479114898,48770.05474237891,37578.0757619231,1647.3155629649104,lexicographic,4.877005474237891e-05,3.757807572434503e-05,False,0.3311649999996007,1.4918903931147236e-16,1,0
2025-08-19,False,calendar_trend,4,1.0,7,1.0,0,calibrated_quantile,2025-07-22;2025-07-23;2025-07-24;2025-07-25;2025-07-26;2025-07-27;2025-07-28;2025-07-29;2025-07-30;2025-07-31;2025-08-01;2025-08-02;2025-08-03;2025-08-04;2025-08-05;2025-08-06;2025-08-07;2025-08-08;2025-08-09;2025-08-10;2025-08-11;2025-08-12;2025-08-13;2025-08-14;2025-08-15;2025-08-16;2025-08-17;2025-08-18,28,9824.288562989484,2025-07-22;2025-07-23;2025-07-24;2025-07-25;2025-07-26;2025-07-27;2025-07-28;2025-07-29;2025-07-30;2025-07-31;2025-08-01;2025-08-02;2025-08-03;2025-08-04;2025-08-05;2025-08-06;2025-08-07;2025-08-08;2025-08-09;2025-08-10;2025-08-11;2025-08-12;2025-08-13;2025-08-14;2025-08-15;2025-08-16;2025-08-17;2025-08-18,2025-08-05;2025-08-06;2025-08-07;2025-08-08;2025-08-09;2025-08-10;2025-08-11;2025-08-12;2025-08-13;2025-08-14;2025-08-15;2025-08-16;2025-08-17;2025-08-18,,2025-08-18,8397.183469842956,9638.806373964444,9597.183469842956,28.760847641689338,35.74575146627133,25.276504888870065,43.75007591722923,77092.05200586544,383.25369025296584,9226.616799067659,48823.615113163825,1496.9624215699082,50320.57753473373,48823.615113163825,48823.61506434021,37842.54442410821,1649.4854679589707,lexicographic,4.882361506434021e-05,3.7842544386265655e-05,False,0.29500199999893084,0.0,1,0
2025-08-20,False,calendar_trend,4,1.0,7,1.0,0,calibrated_quantile,2025-07-23;2025-07-24;2025-07-25;2025-07-26;2025-07-27;2025-07-28;2025-07-29;2025-07-30;2025-07-31;2025-08-01;2025-08-02;2025-08-03;2025-08-04;2025-08-05;2025-08-06;2025-08-07;2025-08-08;2025-08-09;2025-08-10;2025-08-11;2025-08-12;2025-08-13;2025-08-14;2025-08-15;2025-08-16;2025-08-17;2025-08-18;2025-08-19,28,9837.242006272072,2025-07-23;2025-07-24;2025-07-25;2025-07-26;2025-07-27;2025-07-28;2025-07-29;2025-07-30;2025-07-31;2025-08-01;2025-08-02;2025-08-03;2025-08-04;2025-08-05;2025-08-06;2025-08-07;2025-08-08;2025-08-09;2025-08-10;2025-08-11;2025-08-12;2025-08-13;2025-08-14;2025-08-15;2025-08-16;2025-08-17;2025-08-18;2025-08-19,2025-08-06;2025-08-07;2025-08-08;2025-08-09;2025-08-10;2025-08-11;2025-08-12;2025-08-13;2025-08-14;2025-08-15;2025-08-16;2025-08-17;2025-08-18;2025-08-19,,2025-08-19,8355.56056572148,9597.183469842956,9555.56056572148,27.895526627778327,33.51086747543925,52.50405903414614,91.88185282343676,77390.76607401039,2278.5402398765855,5098.7826087343465,48990.80231810204,9184.727699039446,58175.530017141486,48990.80231810204,48990.80226911124,37735.885805675,1649.327505204515,lexicographic,4.899080226911124e-05,3.773588576793912e-05,False,0.3073582000033639,0.0,1,0
2025-08-21,False,calendar_trend,4,1.0,7,1.0,0,calibrated_quantile,2025-07-24;2025-07-25;2025-07-26;2025-07-27;2025-07-28;2025-07-29;2025-07-30;2025-07-31;2025-08-01;2025-08-02;2025-08-03;2025-08-04;2025-08-05;2025-08-06;2025-08-07;2025-08-08;2025-08-09;2025-08-10;2025-08-11;2025-08-12;2025-08-13;2025-08-14;2025-08-15;2025-08-16;2025-08-17;2025-08-18;2025-08-19;2025-08-20,28,10284.009435399736,2025-07-24;2025-07-25;2025-07-26;2025-07-27;2025-07-28;2025-07-29;2025-07-30;2025-07-31;2025-08-01;2025-08-02;2025-08-03;2025-08-04;2025-08-05;2025-08-06;2025-08-07;2025-08-08;2025-08-09;2025-08-10;2025-08-11;2025-08-12;2025-08-13;2025-08-14;2025-08-15;2025-08-16;2025-08-17;2025-08-18;2025-08-19;2025-08-20,2025-08-07;2025-08-08;2025-08-09;2025-08-10;2025-08-11;2025-08-12;2025-08-13;2025-08-14;2025-08-15;2025-08-16;2025-08-17;2025-08-18;2025-08-19;2025-08-20,,2025-08-20,8300.15966715087,9555.56056572148,9500.15966715087,25.148827792098658,32.10268204551136,23.229359049499994,41.7175130651075,79588.0713470492,253.32204424827808,9913.764003199558,50274.26177493646,1260.4028354056204,51534.66461034208,50274.26177493646,50274.261724662196,39422.80713184746,1652.622434423012,lexicographic,5.02742617246622e-05,3.9422807092424654e-05,False,0.31987150000350084,0.0,1,0
2025-08-22,False,calendar_trend,4,1.0,7,1.0,0,calibrated_quantile,2025-07-25;2025-07-26;2025-07-27;2025-07-28;2025-07-29;2025-07-30;2025-07-31;2025-08-01;2025-08-02;2025-08-03;2025-08-04;2025-08-05;2025-08-06;2025-08-07;2025-08-08;2025-08-09;2025-08-10;2025-08-11;2025-08-12;2025-08-13;2025-08-14;2025-08-15;2025-08-16;2025-08-17;2025-08-18;2025-08-19;2025-08-20;2025-08-21,28,9947.886056019735,2025-07-25;2025-07-26;2025-07-27;2025-07-28;2025-07-29;2025-07-30;2025-07-31;2025-08-01;2025-08-02;2025-08-03;2025-08-04;2025-08-05;2025-08-06;2025-08-07;2025-08-08;2025-08-09;2025-08-10;2025-08-11;2025-08-12;2025-08-13;2025-08-14;2025-08-15;2025-08-16;2025-08-17;2025-08-18;2025-08-19;2025-08-20;2025-08-21,2025-08-08;2025-08-09;2025-08-10;2025-08-11;2025-08-12;2025-08-13;2025-08-14;2025-08-15;2025-08-16;2025-08-17;2025-08-18;2025-08-19;2025-08-20;2025-08-21,,2025-08-21,8244.758768580263,9500.15966715087,9444.758768580263,27.169568878838916,34.31477320188044,26.687103014154133,46.0391282528346,44506.628840322825,586.5441589445581,20145.23756712658,26205.04686306438,2171.8459460928225,28376.8928091572,26205.046863064377,26205.04683685934,35937.65334527348,1491.899118217268,lexicographic,2.620504683685934e-05,3.5937653309335834e-05,False,0.31439289999980247,0.0,1,0
2025-08-23,False,calendar_trend,4,1.0,7,1.0,0,calibrated_quantile,2025-07-26;2025-07-27;2025-07-28;2025-07-29;2025-07-30;2025-07-31;2025-08-01;2025-08-02;2025-08-03;2025-08-04;2025-08-05;2025-08-06;2025-08-07;2025-08-08;2025-08-09;2025-08-10;2025-08-11;2025-08-12;2025-08-13;2025-08-14;2025-08-15;2025-08-16;2025-08-17;2025-08-18;2025-08-19;2025-08-20;2025-08-21;2025-08-22,28,9931.164758688834,2025-07-26;2025-07-27;2025-07-28;2025-07-29;2025-07-30;2025-07-31;2025-08-01;2025-08-02;2025-08-03;2025-08-04;2025-08-05;2025-08-06;2025-08-07;2025-08-08;2025-08-09;2025-08-10;2025-08-11;2025-08-12;2025-08-13;2025-08-14;2025-08-15;2025-08-16;2025-08-17;2025-08-18;2025-08-19;2025-08-20;2025-08-21;2025-08-22,2025-08-09;2025-08-10;2025-08-11;2025-08-12;2025-08-13;2025-08-14;2025-08-15;2025-08-16;2025-08-17;2025-08-18;2025-08-19;2025-08-20;2025-08-21;2025-08-22,,2025-08-22,8189.357870009653,9444.758768580263,9389.357870009653,23.780756237045207,30.89436406297804,25.798616413044673,49.775549595126414,44590.062501452594,114.38210670968543,18468.76817137093,26361.5180412512,338.9103166241247,26700.428357875327,26361.5180412512,26361.51801488969,35826.23598168124,1471.6392954818232,lexicographic,2.636151801488969e-05,3.582623594585501e-05,False,0.4438079000028665,0.0,1,0
2025-08-24,False,calendar_trend,4,1.0,7,1.0,0,calibrated_quantile,2025-07-27;2025-07-28;2025-07-29;2025-07-30;2025-07-31;2025-08-01;2025-08-02;2025-08-03;2025-08-04;2025-08-05;2025-08-06;2025-08-07;2025-08-08;2025-08-09;2025-08-10;2025-08-11;2025-08-12;2025-08-13;2025-08-14;2025-08-15;2025-08-16;2025-08-17;2025-08-18;2025-08-19;2025-08-20;2025-08-21;2025-08-22;2025-08-23,28,9905.980072798337,2025-07-27;2025-07-28;2025-07-29;2025-07-30;2025-07-31;2025-08-01;2025-08-02;2025-08-03;2025-08-04;2025-08-05;2025-08-06;2025-08-07;2025-08-08;2025-08-09;2025-08-10;2025-08-11;2025-08-12;2025-08-13;2025-08-14;2025-08-15;2025-08-16;2025-08-17;2025-08-18;2025-08-19;2025-08-20;2025-08-21;2025-08-22;2025-08-23,2025-08-10;2025-08-11;2025-08-12;2025-08-13;2025-08-14;2025-08-15;2025-08-16;2025-08-17;2025-08-18;2025-08-19;2025-08-20;2025-08-21;2025-08-22;2025-08-23,,2025-08-23,8133.956971439028,9389.357870009653,9333.956971439027,29.194193777703237,36.51845326790407,33.577245149391764,64.77934955006963,79938.76245999392,111.24005473005815,12202.18846418105,50512.19441395425,424.93476637369315,50937.12918032794,50512.19441395425,50512.19436344205,39718.25307408668,1636.0540221309425,lexicographic,5.0512194363442055e-05,3.971825303436842e-05,False,0.24486440000328002,1.4404358602661228e-16,1,0
2025-08-25,False,calendar_trend,4,1.0,7,1.0,0,calibrated_quantile,2025-07-28;2025-07-29;2025-07-30;2025-07-31;2025-08-01;2025-08-02;2025-08-03;2025-08-04;2025-08-05;2025-08-06;2025-08-07;2025-08-08;2025-08-09;2025-08-10;2025-08-11;2025-08-12;2025-08-13;2025-08-14;2025-08-15;2025-08-16;2025-08-17;2025-08-18;2025-08-19;2025-08-20;2025-08-21;2025-08-22;2025-08-23;2025-08-24,28,9556.425629127785,2025-07-28;2025-07-29;2025-07-30;2025-07-31;2025-08-01;2025-08-02;2025-08-03;2025-08-04;2025-08-05;2025-08-06;2025-08-07;2025-08-08;2025-08-09;2025-08-10;2025-08-11;2025-08-12;2025-08-13;2025-08-14;2025-08-15;2025-08-16;2025-08-17;2025-08-18;2025-08-19;2025-08-20;2025-08-21;2025-08-22;2025-08-23;2025-08-24,2025-08-11;2025-08-12;2025-08-13;2025-08-14;2025-08-15;2025-08-16;2025-08-17;2025-08-18;2025-08-19;2025-08-20;2025-08-21;2025-08-22;2025-08-23;2025-08-24,,2025-08-24,8078.5560728684195,9333.956971439027,9278.55607286842,23.551567587269027,29.31976740415123,39.93830465319675,70.42505436326104,79847.87442226912,1407.800762153485,6311.577504171009,50502.15496143192,5021.558260919858,55523.713222351784,50502.15496143192,50502.15491092977,40259.21536060965,1648.1175248018435,lexicographic,5.050215491092977e-05,4.025921532035043e-05,False,0.3153591000009328,1.4407222081940803e-16,1,0
2025-08-26,False,calendar_trend,4,1.0,7,1.0,0,calibrated_quantile,2025-07-29;2025-07-30;2025-07-31;2025-08-01;2025-08-02;2025-08-03;2025-08-04;2025-08-05;2025-08-06;2025-08-07;2025-08-08;2025-08-09;2025-08-10;2025-08-11;2025-08-12;2025-08-13;2025-08-14;2025-08-15;2025-08-16;2025-08-17;2025-08-18;2025-08-19;2025-08-20;2025-08-21;2025-08-22;2025-08-23;2025-08-24;2025-08-25,28,9216.816809335825,2025-07-29;2025-07-30;2025-07-31;2025-08-01;2025-08-02;2025-08-03;2025-08-04;2025-08-05;2025-08-06;2025-08-07;2025-08-08;2025-08-09;2025-08-10;2025-08-11;2025-08-12;2025-08-13;2025-08-14;2025-08-15;2025-08-16;2025-08-17;2025-08-18;2025-08-19;2025-08-20;2025-08-21;2025-08-22;2025-08-23;2025-08-24;2025-08-25,2025-08-12;2025-08-13;2025-08-14;2025-08-15;2025-08-16;2025-08-17;2025-08-18;2025-08-19;2025-08-20;2025-08-21;2025-08-22;2025-08-23;2025-08-24;2025-08-25,,2025-08-25,8023.155174297811,9278.55607286842,9223.155174297812,31.584223707423185,39.589056611443894,21.253214804985703,42.675142642136564,80363.38419717546,261.30859573173467,10911.316648537519,50830.23007151043,954.4324474158408,51784.66251892627,50830.230071510436,50830.23002068018,40388.26928896254,1641.078165964847,lexicographic,5.083023002068018e-05,4.038826924857427e-05,False,0.3983808000011777,1.4314233107391438e-16,1,0
2025-08-27,False,calendar_trend,4,1.0,7,1.0,0,calibrated_quantile,2025-07-30;2025-07-31;2025-08-01;2025-08-02;2025-08-03;2025-08-04;2025-08-05;2025-08-06;2025-08-07;2025-08-08;2025-08-09;2025-08-10;2025-08-11;2025-08-12;2025-08-13;2025-08-14;2025-08-15;2025-08-16;2025-08-17;2025-08-18;2025-08-19;2025-08-20;2025-08-21;2025-08-22;2025-08-23;2025-08-24;2025-08-25;2025-08-26,28,8982.606629174148,2025-07-30;2025-07-31;2025-08-01;2025-08-02;2025-08-03;2025-08-04;2025-08-05;2025-08-06;2025-08-07;2025-08-08;2025-08-09;2025-08-10;2025-08-11;2025-08-12;2025-08-13;2025-08-14;2025-08-15;2025-08-16;2025-08-17;2025-08-18;2025-08-19;2025-08-20;2025-08-21;2025-08-22;2025-08-23;2025-08-24;2025-08-25;2025-08-26,2025-08-13;2025-08-14;2025-08-15;2025-08-16;2025-08-17;2025-08-18;2025-08-19;2025-08-20;2025-08-21;2025-08-22;2025-08-23;2025-08-24;2025-08-25;2025-08-26,,2025-08-26,7967.754275727202,9223.155174297812,9167.754275727202,27.080873875547475,34.10851775936202,23.989320982234215,41.473193693658956,80445.17506413661,301.2565180050946,8643.889828933257,50983.636074857044,1484.818160244475,52468.45423510152,50983.636074857044,50983.636023873405,40424.80390561968,1621.2218492524557,lexicographic,5.098363602387341e-05,4.0424803865194866e-05,False,0.3723786000009568,0.0,1,0
2025-08-28,False,calendar_trend,4,1.0,7,1.0,0,calibrated_quantile,2025-07-31;2025-08-01;2025-08-02;2025-08-03;2025-08-04;2025-08-05;2025-08-06;2025-08-07;2025-08-08;2025-08-09;2025-08-10;2025-08-11;2025-08-12;2025-08-13;2025-08-14;2025-08-15;2025-08-16;2025-08-17;2025-08-18;2025-08-19;2025-08-20;2025-08-21;2025-08-22;2025-08-23;2025-08-24;2025-08-25;2025-08-26;2025-08-27,28,8989.705129639784,2025-07-31;2025-08-01;2025-08-02;2025-08-03;2025-08-04;2025-08-05;2025-08-06;2025-08-07;2025-08-08;2025-08-09;2025-08-10;2025-08-11;2025-08-12;2025-08-13;2025-08-14;2025-08-15;2025-08-16;2025-08-17;2025-08-18;2025-08-19;2025-08-20;2025-08-21;2025-08-22;2025-08-23;2025-08-24;2025-08-25;2025-08-26;2025-08-27,2025-08-14;2025-08-15;2025-08-16;2025-08-17;2025-08-18;2025-08-19;2025-08-20;2025-08-21;2025-08-22;2025-08-23;2025-08-24;2025-08-25;2025-08-26;2025-08-27,,2025-08-27,7912.353377156593,9167.754275727202,9112.353377156593,29.855798853203787,35.83890935110124,40.16627917947278,78.81141867705725,80818.33577735335,2157.348935566513,7962.069693997448,51338.598114893015,8091.304201667172,59429.90231656018,51338.598114893015,51338.59806355442,40971.87306233338,1628.8648712996694,lexicographic,5.1338598063554425e-05,4.09718730213615e-05,False,0.24620080000022426,0.0,1,0
2025-08-29,False,calendar_trend,4,1.0,7,1.0,0,calibrated_quantile,2025-08-01;2025-08-02;2025-08-03;2025-08-04;2025-08-05;2025-08-06;2025-08-07;2025-08-08;2025-08-09;2025-08-10;2025-08-11;2025-08-12;2025-08-13;2025-08-14;2025-08-15;2025-08-16;2025-08-17;2025-08-18;2025-08-19;2025-08-20;2025-08-21;2025-08-22;2025-08-23;2025-08-24;2025-08-25;2025-08-26;2025-08-27;2025-08-28,28,9216.375786465573,2025-08-01;2025-08-02;2025-08-03;2025-08-04;2025-08-05;2025-08-06;2025-08-07;2025-08-08;2025-08-09;2025-08-10;2025-08-11;2025-08-12;2025-08-13;2025-08-14;2025-08-15;2025-08-16;2025-08-17;2025-08-18;2025-08-19;2025-08-20;2025-08-21;2025-08-22;2025-08-23;2025-08-24;2025-08-25;2025-08-26;2025-08-27;2025-08-28,2025-08-15;2025-08-16;2025-08-17;2025-08-18;2025-08-19;2025-08-20;2025-08-21;2025-08-22;2025-08-23;2025-08-24;2025-08-25;2025-08-26;2025-08-27;2025-08-28,,2025-08-28,7856.952478585968,9112.353377156593,9056.952478585968,26.041693853787397,32.146976254651506,22.613325473164476,38.546921274340995,44664.833519480155,232.06598752007744,18706.183341908636,26578.71747742492,951.910415379226,27530.627892804147,26578.71747742492,26578.717450846198,35157.73180391011,1473.9243923918061,lexicographic,2.65787174508462e-05,3.515773176875238e-05,False,0.302990399999544,0.0,1,0
2025-08-30,False,calendar_trend,4,1.0,7,1.0,0,calibrated_quantile,2025-08-02;2025-08-03;2025-08-04;2025-08-05;2025-08-06;2025-08-07;2025-08-08;2025-08-09;2025-08-10;2025-08-11;2025-08-12;2025-08-13;2025-08-14;2025-08-15;2025-08-16;2025-08-17;2025-08-18;2025-08-19;2025-08-20;2025-08-21;2025-08-22;2025-08-23;2025-08-24;2025-08-25;2025-08-26;2025-08-27;2025-08-28;2025-08-29,28,9296.603991190928,2025-08-02;2025-08-03;2025-08-04;2025-08-05;2025-08-06;2025-08-07;2025-08-08;2025-08-09;2025-08-10;2025-08-11;2025-08-12;2025-08-13;2025-08-14;2025-08-15;2025-08-16;2025-08-17;2025-08-18;2025-08-19;2025-08-20;2025-08-21;2025-08-22;2025-08-23;2025-08-24;2025-08-25;2025-08-26;2025-08-27;2025-08-28;2025-08-29,2025-08-16;2025-08-17;2025-08-18;2025-08-19;2025-08-20;2025-08-21;2025-08-22;2025-08-23;2025-08-24;2025-08-25;2025-08-26;2025-08-27;2025-08-28;2025-08-29,,2025-08-29,7801.551580015359,9056.952478585968,9001.551580015359,27.33081144843497,33.2468369013644,42.30399402292531,80.70499797847074,44425.64747214492,213.94567366457238,22503.07324253931,26372.2626384802,497.5550865628797,26869.817725043078,26372.262638480206,26372.262612107945,35046.31444217256,1463.7763446654458,lexicographic,2.6372262612107947e-05,3.504631440712625e-05,False,0.38930709999840474,0.0,1,0
2025-08-31,False,calendar_trend,4,1.0,7,1.0,0,calibrated_quantile,2025-08-03;2025-08-04;2025-08-05;2025-08-06;2025-08-07;2025-08-08;2025-08-09;2025-08-10;2025-08-11;2025-08-12;2025-08-13;2025-08-14;2025-08-15;2025-08-16;2025-08-17;2025-08-18;2025-08-19;2025-08-20;2025-08-21;2025-08-22;2025-08-23;2025-08-24;2025-08-25;2025-08-26;2025-08-27;2025-08-28;2025-08-29;2025-08-30,28,9338.749777721987,2025-08-03;2025-08-04;2025-08-05;2025-08-06;2025-08-07;2025-08-08;2025-08-09;2025-08-10;2025-08-11;2025-08-12;2025-08-13;2025-08-14;2025-08-15;2025-08-16;2025-08-17;2025-08-18;2025-08-19;2025-08-20;2025-08-21;2025-08-22;2025-08-23;2025-08-24;2025-08-25;2025-08-26;2025-08-27;2025-08-28;2025-08-29;2025-08-30,2025-08-17;2025-08-18;2025-08-19;2025-08-20;2025-08-21;2025-08-22;2025-08-23;2025-08-24;2025-08-25;2025-08-26;2025-08-27;2025-08-28;2025-08-29;2025-08-30,,2025-08-30,7732.543154969261,9001.551580015359,8932.543154969262,27.907235115951565,34.264401104143346,20.514819028983183,35.78918082829443,80876.58336680656,168.36695156947135,10232.463156856382,51299.77546212565,565.762474640106,51865.53793676576,51299.77546212565,51299.77541082587,40339.10077158011,1651.9801162738004,lexicographic,5.129977541082587e-05,4.0339100731241004e-05,False,0.3480859999981476,0.0,1,0
2025-09-01,False,calendar_trend,4,1.0,7,1.0,0,calibrated_quantile,2025-08-04;2025-08-05;2025-08-06;2025-08-07;2025-08-08;2025-08-09;2025-08-10;2025-08-11;2025-08-12;2025-08-13;2025-08-14;2025-08-15;2025-08-16;2025-08-17;2025-08-18;2025-08-19;2025-08-20;2025-08-21;2025-08-22;2025-08-23;2025-08-24;2025-08-25;2025-08-26;2025-08-27;2025-08-28;2025-08-29;2025-08-30;2025-08-31,28,9293.293612048428,2025-08-04;2025-08-05;2025-08-06;2025-08-07;2025-08-08;2025-08-09;2025-08-10;2025-08-11;2025-08-12;2025-08-13;2025-08-14;2025-08-15;2025-08-16;2025-08-17;2025-08-18;2025-08-19;2025-08-20;2025-08-21;2025-08-22;2025-08-23;2025-08-24;2025-08-25;2025-08-26;2025-08-27;2025-08-28;2025-08-29;2025-08-30;2025-08-31,2025-08-18;2025-08-19;2025-08-20;2025-08-21;2025-08-22;2025-08-23;2025-08-24;2025-08-25;2025-08-26;2025-08-27;2025-08-28;2025-08-29;2025-08-30;2025-08-31,,2025-08-31,7663.5347299231635,8932.543154969262,8863.534729923163,89.16072842718046,101.44969812512205,27.72986178256025,49.14756349986915,80844.82182924048,9.431858293207824,23150.675022922995,51198.65183398481,46.77730120516421,51245.429135189974,51198.65183398481,51198.65178278615,39992.15285628956,1641.4433697938819,lexicographic,5.1198651782786156e-05,3.999215281629742e-05,False,0.3455424999992829,0.0,1,0
2025-09-02,False,calendar_trend,4,1.0,7,1.0,0,calibrated_quantile,2025-08-05;2025-08-06;2025-08-07;2025-08-08;2025-08-09;2025-08-10;2025-08-11;2025-08-12;2025-08-13;2025-08-14;2025-08-15;2025-08-16;2025-08-17;2025-08-18;2025-08-19;2025-08-20;2025-08-21;2025-08-22;2025-08-23;2025-08-24;2025-08-25;2025-08-26;2025-08-27;2025-08-28;2025-08-29;2025-08-30;2025-08-31;2025-09-01,28,9230.131614888574,2025-08-05;2025-08-06;2025-08-07;2025-08-08;2025-08-09;2025-08-10;2025-08-11;2025-08-12;2025-08-13;2025-08-14;2025-08-15;2025-08-16;2025-08-17;2025-08-18;2025-08-19;2025-08-20;2025-08-21;2025-08-22;2025-08-23;2025-08-24;2025-08-25;2025-08-26;2025-08-27;2025-08-28;2025-08-29;2025-08-30;2025-08-31;2025-09-01,2025-08-19;2025-08-20;2025-08-21;2025-08-22;2025-08-23;2025-08-24;2025-08-25;2025-08-26;2025-08-27;2025-08-28;2025-08-29;2025-08-30;2025-08-31;2025-09-01,,2025-09-01,7594.526304877066,8863.534729923163,8794.526304877065,62.173260290868335,71.79160786026597,25.443112221164558,41.71840941816962,76475.97128944748,16.904869687676182,18378.759071315617,48011.37857284137,84.36144202102554,48095.7400148624,48011.37857284137,48011.37852483,39295.94213440189,1626.7986781352602,lexicographic,4.801137852483e-05,3.9295942095105956e-05,False,0.327253199997358,0.0,1,0
2025-09-03,False,calendar_trend,4,1.0,7,1.0,0,calibrated_quantile,2025-08-06;2025-08-07;2025-08-08;2025-08-09;2025-08-10;2025-08-11;2025-08-12;2025-08-13;2025-08-14;2025-08-15;2025-08-16;2025-08-17;2025-08-18;2025-08-19;2025-08-20;2025-08-21;2025-08-22;2025-08-23;2025-08-24;2025-08-25;2025-08-26;2025-08-27;2025-08-28;2025-08-29;2025-08-30;2025-08-31;2025-09-01;2025-09-02,28,9210.05083534146,2025-08-06;2025-08-07;2025-08-08;2025-08-09;2025-08-10;2025-08-11;2025-08-12;2025-08-13;2025-08-14;2025-08-15;2025-08-16;2025-08-17;2025-08-18;2025-08-19;2025-08-20;2025-08-21;2025-08-22;2025-08-23;2025-08-24;2025-08-25;2025-08-26;2025-08-27;2025-08-28;2025-08-29;2025-08-30;2025-08-31;2025-09-01;2025-09-02,2025-08-20;2025-08-21;2025-08-22;2025-08-23;2025-08-24;2025-08-25;2025-08-26;2025-08-27;2025-08-28;2025-08-29;2025-08-30;2025-08-31;2025-09-01;2025-09-02,,2025-09-02,7525.517879830949,8794.526304877065,8725.51787983095,44.12539658726033,52.10648430321904,26.697675236527903,45.23318401758142,73126.07733254854,18.961103131254504,13585.646692927316,45695.499109158816,63.5734996845142,45759.07260884333,45695.499109158816,45695.499063463314,38870.2420892893,1561.793225869631,lexicographic,4.5695499063463314e-05,3.887024205041906e-05,False,0.33759529999952065,1.592270084210778e-16,1,0
2025-09-04,False,calendar_trend,4,1.0,7,1.0,0,calibrated_quantile,2025-08-07;2025-08-08;2025-08-09;2025-08-10;2025-08-11;2025-08-12;2025-08-13;2025-08-14;2025-08-15;2025-08-16;2025-08-17;2025-08-18;2025-08-19;2025-08-20;2025-08-21;2025-08-22;2025-08-23;2025-08-24;2025-08-25;2025-08-26;2025-08-27;2025-08-28;2025-08-29;2025-08-30;2025-08-31;2025-09-01;2025-09-02;2025-09-03,28,8948.09515255996,2025-08-07;2025-08-08;2025-08-09;2025-08-10;2025-08-11;2025-08-12;2025-08-13;2025-08-14;2025-08-15;2025-08-16;2025-08-17;2025-08-18;2025-08-19;2025-08-20;2025-08-21;2025-08-22;2025-08-23;2025-08-24;2025-08-25;2025-08-26;2025-08-27;2025-08-28;2025-08-29;2025-08-30;2025-08-31;2025-09-01;2025-09-02;2025-09-03,2025-08-21;2025-08-22;2025-08-23;2025-08-24;2025-08-25;2025-08-26;2025-08-27;2025-08-28;2025-08-29;2025-08-30;2025-08-31;2025-09-01;2025-09-02;2025-09-03,,2025-09-03,7456.50945478485,8725.51787983095,8656.50945478485,34.60648393635558,42.075268697613716,28.793791047658985,55.892731266579545,71426.38863367759,70.13256196424612,13528.46255754925,44433.549810061544,270.86014051644224,44704.40995057799,44433.54981006155,44433.549765628,39163.82976068708,1552.4408111929192,lexicographic,4.4433549765628e-05,3.916382972152325e-05,False,0.22021089999907417,0.0,1,0
2025-09-05,False,calendar_trend,4,1.0,7,1.0,0,calibrated_quantile,2025-08-08;2025-08-09;2025-08-10;2025-08-11;2025-08-12;2025-08-13;2025-08-14;2025-08-15;2025-08-16;2025-08-17;2025-08-18;2025-08-19;2025-08-20;2025-08-21;2025-08-22;2025-08-23;2025-08-24;2025-08-25;2025-08-26;2025-08-27;2025-08-28;2025-08-29;2025-08-30;2025-08-31;2025-09-01;2025-09-02;2025-09-03;2025-09-04,28,8832.097172335449,2025-08-08;2025-08-09;2025-08-10;2025-08-11;2025-08-12;2025-08-13;2025-08-14;2025-08-15;2025-08-16;2025-08-17;2025-08-18;2025-08-19;2025-08-20;2025-08-21;2025-08-22;2025-08-23;2025-08-24;2025-08-25;2025-08-26;2025-08-27;2025-08-28;2025-08-29;2025-08-30;2025-08-31;2025-09-01;2025-09-02;2025-09-03;2025-09-04,2025-08-22;2025-08-23;2025-08-24;2025-08-25;2025-08-26;2025-08-27;2025-08-28;2025-08-29;2025-08-30;2025-08-31;2025-09-01;2025-09-02;2025-09-03;2025-09-04,,2025-09-04,7387.501029738753,8656.50945478485,8587.501029738753,43.59816131451723,50.6273222495072,20.58627007123605,41.19859275720008,38252.768502818624,12.293321666271595,27916.657522970432,21892.4082232544,29.8182889812486,21922.226512235648,21892.408223254402,21892.40820136198,34225.85965346053,1386.136564491009,lexicographic,2.189240820136198e-05,3.4225859653460537e-05,False,0.2731461000003037,0.0,1,0
2025-09-06,False,calendar_trend,4,1.0,7,1.0,0,calibrated_quantile,2025-08-09;2025-08-10;2025-08-11;2025-08-12;2025-08-13;2025-08-14;2025-08-15;2025-08-16;2025-08-17;2025-08-18;2025-08-19;2025-08-20;2025-08-21;2025-08-22;2025-08-23;2025-08-24;2025-08-25;2025-08-26;2025-08-27;2025-08-28;2025-08-29;2025-08-30;2025-08-31;2025-09-01;2025-09-02;2025-09-03;2025-09-04;2025-09-05,28,8772.862654162946,2025-08-09;2025-08-10;2025-08-11;2025-08-12;2025-08-13;2025-08-14;2025-08-15;2025-08-16;2025-08-17;2025-08-18;2025-08-19;2025-08-20;2025-08-21;2025-08-22;2025-08-23;2025-08-24;2025-08-25;2025-08-26;2025-08-27;2025-08-28;2025-08-29;2025-08-30;2025-08-31;2025-09-01;2025-09-02;2025-09-03;2025-09-04;2025-09-05,2025-08-23;2025-08-24;2025-08-25;2025-08-26;2025-08-27;2025-08-28;2025-08-29;2025-08-30;2025-08-31;2025-09-01;2025-09-02;2025-09-03;2025-09-04;2025-09-05,,2025-09-05,7318.492604692656,8587.501029738753,8518.492604692656,28.316450547095567,35.63958955141807,40.57763203379482,70.79147791081637,36516.57235866028,72.49127886093976,25358.4057554434,20624.89362441023,190.7757571476181,20815.669381557847,20624.89362441023,20624.893603785327,34087.07597180963,1379.8075604311107,lexicographic,2.062489360378533e-05,3.4087075937722555e-05,False,0.2885317000000214,0.0,1,0
2025-09-07,False,calendar_trend,4,1.0,7,1.0,0,calibrated_quantile,2025-08-10;2025-08-11;2025-08-12;2025-08-13;2025-08-14;2025-08-15;2025-08-16;2025-08-17;2025-08-18;2025-08-19;2025-08-20;2025-08-21;2025-08-22;2025-08-23;2025-08-24;2025-08-25;2025-08-26;2025-08-27;2025-08-28;2025-08-29;2025-08-30;2025-08-31;2025-09-01;2025-09-02;2025-09-03;2025-09-04;2025-09-05;2025-09-06,28,8751.130504661878,2025-08-10;2025-08-11;2025-08-12;2025-08-13;2025-08-14;2025-08-15;2025-08-16;2025-08-17;2025-08-18;2025-08-19;2025-08-20;2025-08-21;2025-08-22;2025-08-23;2025-08-24;2025-08-25;2025-08-26;2025-08-27;2025-08-28;2025-08-29;2025-08-30;2025-08-31;2025-09-01;2025-09-02;2025-09-03;2025-09-04;2025-09-05;2025-09-06,2025-08-24;2025-08-25;2025-08-26;2025-08-27;2025-08-28;2025-08-29;2025-08-30;2025-08-31;2025-09-01;2025-09-02;2025-09-03;2025-09-04;2025-09-05;2025-09-06,,2025-09-06,7249.484179646557,8518.492604692656,8449.484179646557,38.56143525277536,46.536032079611005,17.716416164797295,40.2071038447936,61365.22985103832,1791.3004761217956,4352.082444386444,37608.8498757972,7127.722969734461,44736.57284553166,37608.8498757972,37608.84983818836,37267.818351245616,1478.119217733256,lexicographic,3.7608849838188364e-05,3.72678183139778e-05,False,0.43955210000058287,0.0,1,0
2025-09-08,False,calendar_trend,4,1.0,7,1.0,0,calibrated_quantile,2025-08-11;2025-08-12;2025-08-13;2025-08-14;2025-08-15;2025-08-16;2025-08-17;2025-08-18;2025-08-19;2025-08-20;2025-08-21;2025-08-22;2025-08-23;2025-08-24;2025-08-25;2025-08-26;2025-08-27;2025-08-28;2025-08-29;2025-08-30;2025-08-31;2025-09-01;2025-09-02;2025-09-03;2025-09-04;2025-09-05;2025-09-06;2025-09-07,28,8810.181911213585,2025-08-11;2025-08-12;2025-08-13;2025-08-14;2025-08-15;2025-08-16;2025-08-17;2025-08-18;2025-08-19;2025-08-20;2025-08-21;2025-08-22;2025-08-23;2025-08-24;2025-08-25;2025-08-26;2025-08-27;2025-08-28;2025-08-29;2025-08-30;2025-08-31;2025-09-01;2025-09-02;2025-09-03;2025-09-04;2025-09-05;2025-09-06;2025-09-07,2025-08-25;2025-08-26;2025-08-27;2025-08-28;2025-08-29;2025-08-30;2025-08-31;2025-09-01;2025-09-02;2025-09-03;2025-09-04;2025-09-05;2025-09-06;2025-09-07,,2025-09-07,7180.47575460044,8449.484179646557,8380.47575460044,57.39458978081661,67.7902964195105,42.00828120173193,80.53424350207543,58422.56284224636,6843.540874287466,1979.0383355252982,35393.569201876,28577.376796791905,63970.94599866791,35393.569201876,35393.569166482426,37725.38236513281,1441.3453792529192,lexicographic,3.539356916648243e-05,3.7725382365132905e-05,False,0.6574001000008138,0.0,1,0
2025-09-09,False,calendar_trend,4,1.0,7,1.0,0,calibrated_quantile,2025-08-12;2025-08-13;2025-08-14;2025-08-15;2025-08-16;2025-08-17;2025-08-18;2025-08-19;2025-08-20;2025-08-21;2025-08-22;2025-08-23;2025-08-24;2025-08-25;2025-08-26;2025-08-27;2025-08-28;2025-08-29;2025-08-30;2025-08-31;2025-09-01;2025-09-02;2025-09-03;2025-09-04;2025-09-05;2025-09-06;2025-09-07;2025-09-08,28,9260.954087719461,2025-08-12;2025-08-13;2025-08-14;2025-08-15;2025-08-16;2025-08-17;2025-08-18;2025-08-19;2025-08-20;2025-08-21;2025-08-22;2025-08-23;2025-08-24;2025-08-25;2025-08-26;2025-08-27;2025-08-28;2025-08-29;2025-08-30;2025-08-31;2025-09-01;2025-09-02;2025-09-03;2025-09-04;2025-09-05;2025-09-06;2025-09-07;2025-09-08,2025-08-26;2025-08-27;2025-08-28;2025-08-29;2025-08-30;2025-08-31;2025-09-01;2025-09-02;2025-09-03;2025-09-04;2025-09-05;2025-09-06;2025-09-07;2025-09-08,,2025-09-08,7801.551580015359,8380.47575460044,9001.551580015359,53.17681394385361,63.013688766301556,32.356746097313234,58.44720109761503,61701.8449327006,3176.203850003436,7149.024339053976,37330.75725745906,13092.246829979793,50423.00408743885,37330.75725745906,37330.757220128326,38186.67228733209,1440.9323500079884,lexicographic,3.7330757220128326e-05,3.818667228733209e-05,False,0.3532898999983445,0.0,1,0
2025-09-10,False,calendar_trend,4,1.0,7,1.0,0,calibrated_quantile,2025-08-13;2025-08-14;2025-08-15;2025-08-16;2025-08-17;2025-08-18;2025-08-19;2025-08-20;2025-08-21;2025-08-22;2025-08-23;2025-08-24;2025-08-25;2025-08-26;2025-08-27;2025-08-28;2025-08-29;2025-08-30;2025-08-31;2025-09-01;2025-09-02;2025-09-03;2025-09-04;2025-09-05;2025-09-06;2025-09-07;2025-09-08;2025-09-09,28,9421.879843980492,2025-08-13;2025-08-14;2025-08-15;2025-08-16;2025-08-17;2025-08-18;2025-08-19;2025-08-20;2025-08-21;2025-08-22;2025-08-23;2025-08-24;2025-08-25;2025-08-26;2025-08-27;2025-08-28;2025-08-29;2025-08-30;2025-08-31;2025-09-01;2025-09-02;2025-09-03;2025-09-04;2025-09-05;2025-09-06;2025-09-07;2025-09-08;2025-09-09,2025-08-27;2025-08-28;2025-08-29;2025-08-30;2025-08-31;2025-09-01;2025-09-02;2025-09-03;2025-09-04;2025-09-05;2025-09-06;2025-09-07;2025-09-08;2025-09-09,,2025-09-09,7732.543154969261,9001.551580015359,8932.543154969262,50.88272170760258,59.34693168302966,46.97650985248182,81.5715947264598,60763.733059901395,5218.050450728391,857.7404705042862,37274.71851107608,22222.6358137493,59497.35432482538,37274.71851107608,37274.718473801375,36930.39742742187,1450.916480291344,lexicographic,3.727471847380138e-05,3.6930397390491486e-05,False,0.570475799999258,0.0,1,0
2025-09-11,False,calendar_trend,4,1.0,7,1.0,0,calibrated_quantile,2025-08-14;2025-08-15;2025-08-16;2025-08-17;2025-08-18;2025-08-19;2025-08-20;2025-08-21;2025-08-22;2025-08-23;2025-08-24;2025-08-25;2025-08-26;2025-08-27;2025-08-28;2025-08-29;2025-08-30;2025-08-31;2025-09-01;2025-09-02;2025-09-03;2025-09-04;2025-09-05;2025-09-06;2025-09-07;2025-09-08;2025-09-09;2025-09-10,28,10097.203381805968,2025-08-14;2025-08-15;2025-08-16;2025-08-17;2025-08-18;2025-08-19;2025-08-20;2025-08-21;2025-08-22;2025-08-23;2025-08-24;2025-08-25;2025-08-26;2025-08-27;2025-08-28;2025-08-29;2025-08-30;2025-08-31;2025-09-01;2025-09-02;2025-09-03;2025-09-04;2025-09-05;2025-09-06;2025-09-07;2025-09-08;2025-09-09;2025-09-10,2025-08-28;2025-08-29;2025-08-30;2025-08-31;2025-09-01;2025-09-02;2025-09-03;2025-09-04;2025-09-05;2025-09-06;2025-09-07;2025-09-08;2025-09-09;2025-09-10,,2025-09-10,8244.758768580263,8932.543154969262,9444.758768580263,42.7458707353776,51.124635790143834,25.66665562792801,55.69195466872876,64699.88340358107,1330.8684352062182,7855.652440869613,39470.485546782926,5757.246637779562,45227.73218456249,39470.48554678292,39470.48550731245,39721.19230472561,1470.2883435239178,lexicographic,3.9470485507312454e-05,3.972119226500443e-05,False,0.27230169999893405,0.0,1,0
2025-09-12,False,calendar_trend,4,1.0,7,1.0,0,calibrated_quantile,2025-08-15;2025-08-16;2025-08-17;2025-08-18;2025-08-19;2025-08-20;2025-08-21;2025-08-22;2025-08-23;2025-08-24;2025-08-25;2025-08-26;2025-08-27;2025-08-28;2025-08-29;2025-08-30;2025-08-31;2025-09-01;2025-09-02;2025-09-03;2025-09-04;2025-09-05;2025-09-06;2025-09-07;2025-09-08;2025-09-09;2025-09-10;2025-09-11,28,10264.481553754671,2025-08-15;2025-08-16;2025-08-17;2025-08-18;2025-08-19;2025-08-20;2025-08-21;2025-08-22;2025-08-23;2025-08-24;2025-08-25;2025-08-26;2025-08-27;2025-08-28;2025-08-29;2025-08-30;2025-08-31;2025-09-01;2025-09-02;2025-09-03;2025-09-04;2025-09-05;2025-09-06;2025-09-07;2025-09-08;2025-09-09;2025-09-10;2025-09-11,2025-08-29;2025-08-30;2025-08-31;2025-09-01;2025-09-02;2025-09-03;2025-09-04;2025-09-05;2025-09-06;2025-09-07;2025-09-08;2025-09-09;2025-09-10;2025-09-11,,2025-09-11,8189.357870009653,9444.758768580263,9389.357870009653,20.9608513019111,25.44303760990485,20.431059431066057,38.85926171318648,35734.958466913566,159.03020185021796,20636.662171586402,19979.745248386884,475.98451073410536,20455.72975912099,19979.745248386884,19979.74522840714,35826.23608062185,1332.660329981762,lexicographic,1.997974522840714e-05,3.5826236080621854e-05,False,0.4670131999992009,0.0,1,0
2025-09-13,False,calendar_trend,4,1.0,7,1.0,0,calibrated_quantile,2025-08-16;2025-08-17;2025-08-18;2025-08-19;2025-08-20;2025-08-21;2025-08-22;2025-08-23;2025-08-24;2025-08-25;2025-08-26;2025-08-27;2025-08-28;2025-08-29;2025-08-30;2025-08-31;2025-09-01;2025-09-02;2025-09-03;2025-09-04;2025-09-05;2025-09-06;2025-09-07;2025-09-08;2025-09-09;2025-09-10;2025-09-11;2025-09-12,28,10318.268668414905,2025-08-16;2025-08-17;2025-08-18;2025-08-19;2025-08-20;2025-08-21;2025-08-22;2025-08-23;2025-08-24;2025-08-25;2025-08-26;2025-08-27;2025-08-28;2025-08-29;2025-08-30;2025-08-31;2025-09-01;2025-09-02;2025-09-03;2025-09-04;2025-09-05;2025-09-06;2025-09-07;2025-09-08;2025-09-09;2025-09-10;2025-09-11;2025-09-12,2025-08-30;2025-08-31;2025-09-01;2025-09-02;2025-09-03;2025-09-04;2025-09-05;2025-09-06;2025-09-07;2025-09-08;2025-09-09;2025-09-10;2025-09-11;2025-09-12,,2025-09-12,8133.956971439028,9389.357870009653,9333.956971439027,19.95423127023952,25.1689921173966,31.50585338858335,61.47128881441063,36094.521090218346,54.16035364074065,24447.605408602187,20128.663129458364,184.95438958669135,20313.617519045056,20128.663129458364,20128.663109329715,35714.81871794094,1321.9315543842633,lexicographic,2.0128663109329715e-05,3.571481871794094e-05,False,0.4539608999984921,0.0,1,0
2025-09-14,False,calendar_trend,4,1.0,7,1.0,0,calibrated_quantile,2025-08-17;2025-08-18;2025-08-19;2025-08-20;2025-08-21;2025-08-22;2025-08-23;2025-08-24;2025-08-25;2025-08-26;2025-08-27;2025-08-28;2025-08-29;2025-08-30;2025-08-31;2025-09-01;2025-09-02;2025-09-03;2025-09-04;2025-09-05;2025-09-06;2025-09-07;2025-09-08;2025-09-09;2025-09-10;2025-09-11;2025-09-12;2025-09-13,28,10307.968899774105,2025-08-17;2025-08-18;2025-08-19;2025-08-20;2025-08-21;2025-08-22;2025-08-23;2025-08-24;2025-08-25;2025-08-26;2025-08-27;2025-08-28;2025-08-29;2025-08-30;2025-08-31;2025-09-01;2025-09-02;2025-09-03;2025-09-04;2025-09-05;2025-09-06;2025-09-07;2025-09-08;2025-09-09;2025-09-10;2025-09-11;2025-09-12;2025-09-13,2025-08-31;2025-09-01;2025-09-02;2025-09-03;2025-09-04;2025-09-05;2025-09-06;2025-09-07;2025-09-08;2025-09-09;2025-09-10;2025-09-11;2025-09-12;2025-09-13,,2025-09-13,8078.5560728684195,9333.956971439027,9278.55607286842,52.5147679354267,62.384486064694144,29.181278831581082,59.32489621204467,63608.372707056165,3005.7947898041257,2492.5253678174104,39143.3284965667,10945.855448059003,50089.1839446257,39143.3284965667,39143.328457423384,38842.71617628792,1449.4577749265513,lexicographic,3.9143328457423384e-05,3.8842716137445214e-05,False,0.2562498000006599,0.0,1,0
2025-09-15,False,calendar_trend,4,1.0,7,1.0,0,calibrated_quantile,2025-08-18;2025-08-19;2025-08-20;2025-08-21;2025-08-22;2025-08-23;2025-08-24;2025-08-25;2025-08-26;2025-08-27;2025-08-28;2025-08-29;2025-08-30;2025-08-31;2025-09-01;2025-09-02;2025-09-03;2025-09-04;2025-09-05;2025-09-06;2025-09-07;2025-09-08;2025-09-09;2025-09-10;2025-09-11;2025-09-12;2025-09-13;2025-09-14,28,11000.090710660388,2025-08-18;2025-08-19;2025-08-20;2025-08-21;2025-08-22;2025-08-23;2025-08-24;2025-08-25;2025-08-26;2025-08-27;2025-08-28;2025-08-29;2025-08-30;2025-08-31;2025-09-01;2025-09-02;2025-09-03;2025-09-04;2025-09-05;2025-09-06;2025-09-07;2025-09-08;2025-09-09;2025-09-10;2025-09-11;2025-09-12;2025-09-13;2025-09-14,2025-09-01;2025-09-02;2025-09-03;2025-09-04;2025-09-05;2025-09-06;2025-09-07;2025-09-08;2025-09-09;2025-09-10;2025-09-11;2025-09-12;2025-09-13;2025-09-14,,2025-09-14,8522.052182207399,9278.55607286842,9722.052182207399,53.99798780865254,61.53357257897751,26.78169622490132,50.72607548125553,65101.20443985717,1688.6954523497702,7155.973867470077,39713.855516379765,7282.509820365812,46996.36533674558,39713.85551637976,39713.85547666591,39304.14558752757,1469.4841743203929,lexicographic,3.971385547666591e-05,3.930414554822344e-05,False,0.3821448999988206,0.0,1,0
2025-09-16,False,calendar_trend,4,1.0,7,1.0,0,calibrated_quantile,2025-08-19;2025-08-20;2025-08-21;2025-08-22;2025-08-23;2025-08-24;2025-08-25;2025-08-26;2025-08-27;2025-08-28;2025-08-29;2025-08-30;2025-08-31;2025-09-01;2025-09-02;2025-09-03;2025-09-04;2025-09-05;2025-09-06;2025-09-07;2025-09-08;2025-09-09;2025-09-10;2025-09-11;2025-09-12;2025-09-13;2025-09-14;2025-09-15,28,11349.100819218998,2025-08-19;2025-08-20;2025-08-21;2025-08-22;2025-08-23;2025-08-24;2025-08-25;2025-08-26;2025-08-27;2025-08-28;2025-08-29;2025-08-30;2025-08-31;2025-09-01;2025-09-02;2025-09-03;2025-09-04;2025-09-05;2025-09-06;2025-09-07;2025-09-08;2025-09-09;2025-09-10;2025-09-11;2025-09-12;2025-09-13;2025-09-14;2025-09-15,2025-09-02;2025-09-03;2025-09-04;2025-09-05;2025-09-06;2025-09-07;2025-09-08;2025-09-09;2025-09-10;2025-09-11;2025-09-12;2025-09-13;2025-09-14;2025-09-15,,2025-09-15,8480.429278085921,9722.052182207399,9680.429278085921,49.95502684519986,58.62154275594619,23.351876731280306,49.532944851754145,66391.07394793269,1937.5666705552308,4791.6545977956375,41037.72148209344,6417.712332764573,47455.433814858014,41037.72148209344,41037.72144105572,38930.32765809661,1479.931258427221,lexicographic,4.1037721441055727e-05,3.893032761916629e-05,False,0.2531579000024067,0.0,1,0
2025-09-17,False,calendar_trend,4,1.0,7,1.0,0,calibrated_quantile,2025-08-20;2025-08-21;2025-08-22;2025-08-23;2025-08-24;2025-08-25;2025-08-26;2025-08-27;2025-08-28;2025-08-29;2025-08-30;2025-08-31;2025-09-01;2025-09-02;2025-09-03;2025-09-04;2025-09-05;2025-09-06;2025-09-07;2025-09-08;2025-09-09;2025-09-10;2025-09-11;2025-09-12;2025-09-13;2025-09-14;2025-09-15;2025-09-16,28,11736.146456183207,2025-08-20;2025-08-21;2025-08-22;2025-08-23;2025-08-24;2025-08-25;2025-08-26;2025-08-27;2025-08-28;2025-08-29;2025-08-30;2025-08-31;2025-09-01;2025-09-02;2025-09-03;2025-09-04;2025-09-05;2025-09-06;2025-09-07;2025-09-08;2025-09-09;2025-09-10;2025-09-11;2025-09-12;2025-09-13;2025-09-14;2025-09-15;2025-09-16,2025-09-03;2025-09-04;2025-09-05;2025-09-06;2025-09-07;2025-09-08;2025-09-09;2025-09-10;2025-09-11;2025-09-12;2025-09-13;2025-09-14;2025-09-15;2025-09-16,,2025-09-16,8886.97316398818,9680.429278085921,10086.97316398818,33.41203276947715,40.833774712059906,25.264168808447966,52.14498598551999,69682.94397729485,701.2436705073112,5857.91709140715,43124.15326371031,2698.388249951947,45822.541513662254,43124.15326371031,43124.15322058616,39647.13899184691,1489.7934908684065,lexicographic,4.3124153220586164e-05,3.964713895219978e-05,False,0.2595175000024028,0.0,1,0
2025-09-18,False,calendar_trend,4,1.0,7,1.0,0,calibrated_quantile,2025-08-21;2025-08-22;2025-08-23;2025-08-24;2025-08-25;2025-08-26;2025-08-27;2025-08-28;2025-08-29;2025-08-30;2025-08-31;2025-09-01;2025-09-02;2025-09-03;2025-09-04;2025-09-05;2025-09-06;2025-09-07;2025-09-08;2025-09-09;2025-09-10;2025-09-11;2025-09-12;2025-09-13;2025-09-14;2025-09-15;2025-09-16;2025-09-17,28,11540.692082210207,2025-08-21;2025-08-22;2025-08-23;2025-08-24;2025-08-25;2025-08-26;2025-08-27;2025-08-28;2025-08-29;2025-08-30;2025-08-31;2025-09-01;2025-09-02;2025-09-03;2025-09-04;2025-09-05;2025-09-06;2025-09-07;2025-09-08;2025-09-09;2025-09-10;2025-09-11;2025-09-12;2025-09-13;2025-09-14;2025-09-15;2025-09-16;2025-09-17,2025-09-04;2025-09-05;2025-09-06;2025-09-07;2025-09-08;2025-09-09;2025-09-10;2025-09-11;2025-09-12;2025-09-13;2025-09-14;2025-09-15;2025-09-16;2025-09-17,,2025-09-17,8829.381385462217,10086.97316398818,10029.381385462217,24.40213763485996,30.932501402132154,14.347833302503565,29.212111092751822,71645.94046456576,128.80396173427096,8752.83015263006,44670.67564152496,620.8255111015128,45291.50115262647,44670.67564152496,44670.6755968543,39278.302713277444,1493.3779367134262,lexicographic,4.46706755968543e-05,3.9278302673999144e-05,False,0.18074239999987185,0.0,1,0
2025-09-19,False,calendar_trend,4,1.0,7,1.0,0,calibrated_quantile,2025-08-22;2025-08-23;2025-08-24;2025-08-25;2025-08-26;2025-08-27;2025-08-28;2025-08-29;2025-08-30;2025-08-31;2025-09-01;2025-09-02;2025-09-03;2025-09-04;2025-09-05;2025-09-06;2025-09-07;2025-09-08;2025-09-09;2025-09-10;2025-09-11;2025-09-12;2025-09-13;2025-09-14;2025-09-15;2025-09-16;2025-09-17;2025-09-18,28,11520.87033704683,2025-08-22;2025-08-23;2025-08-24;2025-08-25;2025-08-26;2025-08-27;2025-08-28;2025-08-29;2025-08-30;2025-08-31;2025-09-01;2025-09-02;2025-09-03;2025-09-04;2025-09-05;2025-09-06;2025-09-07;2025-09-08;2025-09-09;2025-09-10;2025-09-11;2025-09-12;2025-09-13;2025-09-14;2025-09-15;2025-09-16;2025-09-17;2025-09-18,2025-09-05;2025-09-06;2025-09-07;2025-09-08;2025-09-09;2025-09-10;2025-09-11;2025-09-12;2025-09-13;2025-09-14;2025-09-15;2025-09-16;2025-09-17;2025-09-18,,2025-09-18,8771.78960693627,10029.381385462217,9971.78960693627,24.136295734124324,30.531167014330762,23.912967595921344,47.77459467068387,39657.9577569173,85.61800324721906,19815.56713548929,22774.599345522074,193.2175104140918,22967.816855936166,22774.599345522074,22774.599322747476,36999.542730748435,1380.999639725462,lexicographic,2.2774599322747476e-05,3.6999542693748903e-05,False,0.24359560000084457,0.0,1,0
2025-09-20,False,calendar_trend,4,1.0,7,1.0,0,calibrated_quantile,2025-08-23;2025-08-24;2025-08-25;2025-08-26;2025-08-27;2025-08-28;2025-08-29;2025-08-30;2025-08-31;2025-09-01;2025-09-02;2025-09-03;2025-09-04;2025-09-05;2025-09-06;2025-09-07;2025-09-08;2025-09-09;2025-09-10;2025-09-11;2025-09-12;2025-09-13;2025-09-14;2025-09-15;2025-09-16;2025-09-17;2025-09-18;2025-09-19,28,11549.37064625322,2025-08-23;2025-08-24;2025-08-25;2025-08-26;2025-08-27;2025-08-28;2025-08-29;2025-08-30;2025-08-31;2025-09-01;2025-09-02;2025-09-03;2025-09-04;2025-09-05;2025-09-06;2025-09-07;2025-09-08;2025-09-09;2025-09-10;2025-09-11;2025-09-12;2025-09-13;2025-09-14;2025-09-15;2025-09-16;2025-09-17;2025-09-18;2025-09-19,2025-09-06;2025-09-07;2025-09-08;2025-09-09;2025-09-10;2025-09-11;2025-09-12;2025-09-13;2025-09-14;2025-09-15;2025-09-16;2025-09-17;2025-09-18;2025-09-19,,2025-09-19,8730.166702814795,9971.78960693627,9930.166702814795,24.666722323356037,34.4744166316818,21.252386641359692,40.316386081961795,40128.50626107896,0.0,20650.831290460963,23037.096241778738,0.0,23037.096241778738,23037.096241778734,23037.096218741644,36901.46245738899,1394.7576209059928,lexicographic,2.3037096218741646e-05,3.690146242048753e-05,False,0.2818477000000712,0.0,1,0
2025-09-21,False,calendar_trend,4,1.0,7,1.0,0,calibrated_quantile,2025-08-24;2025-08-25;2025-08-26;2025-08-27;2025-08-28;2025-08-29;2025-08-30;2025-08-31;2025-09-01;2025-09-02;2025-09-03;2025-09-04;2025-09-05;2025-09-06;2025-09-07;2025-09-08;2025-09-09;2025-09-10;2025-09-11;2025-09-12;2025-09-13;2025-09-14;2025-09-15;2025-09-16;2025-09-17;2025-09-18;2025-09-19;2025-09-20,28,11470.266086937867,2025-08-24;2025-08-25;2025-08-26;2025-08-27;2025-08-28;2025-08-29;2025-08-30;2025-08-31;2025-09-01;2025-09-02;2025-09-03;2025-09-04;2025-09-05;2025-09-06;2025-09-07;2025-09-08;2025-09-09;2025-09-10;2025-09-11;2025-09-12;2025-09-13;2025-09-14;2025-09-15;2025-09-16;2025-09-17;2025-09-18;2025-09-19;2025-09-20,2025-09-07;2025-09-08;2025-09-09;2025-09-10;2025-09-11;2025-09-12;2025-09-13;2025-09-14;2025-09-15;2025-09-16;2025-09-17;2025-09-18;2025-09-19;2025-09-20,,2025-09-20,8688.543798693318,9930.166702814795,9888.543798693318,23.498613006225234,29.568369696634097,27.980623323581757,53.874319217341004,75619.27772559843,28.423023021942473,13254.645953167199,47540.2273907272,66.4918152277799,47606.719205954985,47540.2273907272,47540.22734318697,39505.252959766345,1524.6424074356455,lexicographic,4.754022734318697e-05,3.9505252920261105e-05,False,0.28355370000281255,0.0,1,0
2025-09-22,False,calendar_trend,4,1.0,7,1.0,0,calibrated_quantile,2025-08-25;2025-08-26;2025-08-27;2025-08-28;2025-08-29;2025-08-30;2025-08-31;2025-09-01;2025-09-02;2025-09-03;2025-09-04;2025-09-05;2025-09-06;2025-09-07;2025-09-08;2025-09-09;2025-09-10;2025-09-11;2025-09-12;2025-09-13;2025-09-14;2025-09-15;2025-09-16;2025-09-17;2025-09-18;2025-09-19;2025-09-20;2025-09-21,28,11462.025666803962,2025-08-25;2025-08-26;2025-08-27;2025-08-28;2025-08-29;2025-08-30;2025-08-31;2025-09-01;2025-09-02;2025-09-03;2025-09-04;2025-09-05;2025-09-06;2025-09-07;2025-09-08;2025-09-09;2025-09-10;2025-09-11;2025-09-12;2025-09-13;2025-09-14;2025-09-15;2025-09-16;2025-09-17;2025-09-18;2025-09-19;2025-09-20;2025-09-21,2025-09-08;2025-09-09;2025-09-10;2025-09-11;2025-09-12;2025-09-13;2025-09-14;2025-09-15;2025-09-16;2025-09-17;2025-09-18;2025-09-19;2025-09-20;2025-09-21,,2025-09-21,8646.92089457184,9888.543798693318,9846.92089457184,27.105188773829337,34.03502410042513,12.954231825009519,22.10392021862675,74087.40908676395,221.2901123084343,9628.901017524026,46263.73479649435,896.7201883791402,47160.45498487349,46263.73479649435,46263.73475023064,39126.210248357114,1512.274111048799,lexicographic,4.626373475023064e-05,3.91262102092309e-05,False,0.20988869999928284,0.0,1,0
2025-09-23,False,calendar_trend,4,1.0,7,1.0,0,calibrated_quantile,2025-08-26;2025-08-27;2025-08-28;2025-08-29;2025-08-30;2025-08-31;2025-09-01;2025-09-02;2025-09-03;2025-09-04;2025-09-05;2025-09-06;2025-09-07;2025-09-08;2025-09-09;2025-09-10;2025-09-11;2025-09-12;2025-09-13;2025-09-14;2025-09-15;2025-09-16;2025-09-17;2025-09-18;2025-09-19;2025-09-20;2025-09-21;2025-09-22,28,11178.048728663689,2025-08-26;2025-08-27;2025-08-28;2025-08-29;2025-08-30;2025-08-31;2025-09-01;2025-09-02;2025-09-03;2025-09-04;2025-09-05;2025-09-06;2025-09-07;2025-09-08;2025-09-09;2025-09-10;2025-09-11;2025-09-12;2025-09-13;2025-09-14;2025-09-15;2025-09-16;2025-09-17;2025-09-18;2025-09-19;2025-09-20;2025-09-21;2025-09-22,2025-09-09;2025-09-10;2025-09-11;2025-09-12;2025-09-13;2025-09-14;2025-09-15;2025-09-16;2025-09-17;2025-09-18;2025-09-19;2025-09-20;2025-09-21;2025-09-22,,2025-09-22,8605.297990450352,9846.92089457184,9805.297990450352,22.317326882700822,28.294125376074508,19.811696702469476,38.91254125263139,76603.85833036757,78.38413978935864,10452.022103503987,48115.50871188551,299.6393682710034,48415.14808015651,48115.50871188551,48115.508663770015,39581.82044856403,1535.681507821294,lexicographic,4.8115508663770016e-05,3.9581820408982204e-05,False,0.23601119999875664,0.0,1,0
2025-09-24,False,calendar_trend,4,1.0,7,1.0,0,calibrated_quantile,2025-08-27;2025-08-28;2025-08-29;2025-08-30;2025-08-31;2025-09-01;2025-09-02;2025-09-03;2025-09-04;2025-09-05;2025-09-06;2025-09-07;2025-09-08;2025-09-09;2025-09-10;2025-09-11;2025-09-12;2025-09-13;2025-09-14;2025-09-15;2025-09-16;2025-09-17;2025-09-18;2025-09-19;2025-09-20;2025-09-21;2025-09-22;2025-09-23,28,11161.431357437114,2025-08-27;2025-08-28;2025-08-29;2025-08-30;2025-08-31;2025-09-01;2025-09-02;2025-09-03;2025-09-04;2025-09-05;2025-09-06;2025-09-07;2025-09-08;2025-09-09;2025-09-10;2025-09-11;2025-09-12;2025-09-13;2025-09-14;2025-09-15;2025-09-16;2025-09-17;2025-09-18;2025-09-19;2025-09-20;2025-09-21;2025-09-22;2025-09-23,2025-09-10;2025-09-11;2025-09-12;2025-09-13;2025-09-14;2025-09-15;2025-09-16;2025-09-17;2025-09-18;2025-09-19;2025-09-20;2025-09-21;2025-09-22;2025-09-23,,2025-09-23,8563.675086328876,9805.297990450352,9763.675086328876,24.876299532704348,31.442160924449787,17.724472628941864,30.829660707083125,78034.33834908443,15.97016831931409,12833.85220950629,49237.62346438601,63.240567732947916,49300.86403211895,49237.62346438601,49237.62341514837,39959.314282700216,1546.0177018328588,lexicographic,4.923762341514838e-05,3.99593142427409e-05,False,0.2038538000015251,0.0,1,0
2025-09-25,False,calendar_trend,4,1.0,7,1.0,0,calibrated_quantile,2025-08-28;2025-08-29;2025-08-30;2025-08-31;2025-09-01;2025-09-02;2025-09-03;2025-09-04;2025-09-05;2025-09-06;2025-09-07;2025-09-08;2025-09-09;2025-09-10;2025-09-11;2025-09-12;2025-09-13;2025-09-14;2025-09-15;2025-09-16;2025-09-17;2025-09-18;2025-09-19;2025-09-20;2025-09-21;2025-09-22;2025-09-23;2025-09-24,28,11119.063004542997,2025-08-28;2025-08-29;2025-08-30;2025-08-31;2025-09-01;2025-09-02;2025-09-03;2025-09-04;2025-09-05;2025-09-06;2025-09-07;2025-09-08;2025-09-09;2025-09-10;2025-09-11;2025-09-12;2025-09-13;2025-09-14;2025-09-15;2025-09-16;2025-09-17;2025-09-18;2025-09-19;2025-09-20;2025-09-21;2025-09-22;2025-09-23;2025-09-24,2025-09-11;2025-09-12;2025-09-13;2025-09-14;2025-09-15;2025-09-16;2025-09-17;2025-09-18;2025-09-19;2025-09-20;2025-09-21;2025-09-22;2025-09-23;2025-09-24,,2025-09-24,8522.052182207399,9763.675086328876,9722.052182207399,32.76209636468967,40.93447586999121,16.755691975541534,31.14628325256521,79985.45237609337,21.069402889882667,15506.555026407459,50773.80120115448,44.97264046845456,50818.77384162293,50773.80120115448,50773.80115038065,40066.83442410961,1541.6632645078662,lexicographic,5.077380115038065e-05,4.0066834384042774e-05,False,0.3083197999985714,0.0,1,0
2025-09-26,False,calendar_trend,4,1.0,7,1.0,0,calibrated_quantile,2025-08-29;2025-08-30;2025-08-31;2025-09-01;2025-09-02;2025-09-03;2025-09-04;2025-09-05;2025-09-06;2025-09-07;2025-09-08;2025-09-09;2025-09-10;2025-09-11;2025-09-12;2025-09-13;2025-09-14;2025-09-15;2025-09-16;2025-09-17;2025-09-18;2025-09-19;2025-09-20;2025-09-21;2025-09-22;2025-09-23;2025-09-24;2025-09-25,28,10926.360046600868,2025-08-29;2025-08-30;2025-08-31;2025-09-01;2025-09-02;2025-09-03;2025-09-04;2025-09-05;2025-09-06;2025-09-07;2025-09-08;2025-09-09;2025-09-10;2025-09-11;2025-09-12;2025-09-13;2025-09-14;2025-09-15;2025-09-16;2025-09-17;2025-09-18;2025-09-19;2025-09-20;2025-09-21;2025-09-22;2025-09-23;2025-09-24;2025-09-25,2025-09-12;2025-09-13;2025-09-14;2025-09-15;2025-09-16;2025-09-17;2025-09-18;2025-09-19;2025-09-20;2025-09-21;2025-09-22;2025-09-23;2025-09-24;2025-09-25,,2025-09-25,8480.429278085921,9722.052182207399,9680.429278085921,35.20697424547736,42.80364610804789,21.20629183118316,46.225343114847725,41590.073786227964,0.0,20116.311385674708,24175.841566400744,0.0,24175.841566400744,24175.841566400744,24175.841542224898,36399.212828526564,1406.9083613726698,lexicographic,2.41758415422249e-05,3.639921282852657e-05,False,0.3435782999986259,0.0,1,0
2025-09-27,False,calendar_trend,4,1.0,7,1.0,0,calibrated_quantile,2025-08-30;2025-08-31;2025-09-01;2025-09-02;2025-09-03;2025-09-04;2025-09-05;2025-09-06;2025-09-07;2025-09-08;2025-09-09;2025-09-10;2025-09-11;2025-09-12;2025-09-13;2025-09-14;2025-09-15;2025-09-16;2025-09-17;2025-09-18;2025-09-19;2025-09-20;2025-09-21;2025-09-22;2025-09-23;2025-09-24;2025-09-25;2025-09-26,28,10928.665480079106,2025-08-30;2025-08-31;2025-09-01;2025-09-02;2025-09-03;2025-09-04;2025-09-05;2025-09-06;2025-09-07;2025-09-08;2025-09-09;2025-09-10;2025-09-11;2025-09-12;2025-09-13;2025-09-14;2025-09-15;2025-09-16;2025-09-17;2025-09-18;2025-09-19;2025-09-20;2025-09-21;2025-09-22;2025-09-23;2025-09-24;2025-09-25;2025-09-26,2025-09-13;2025-09-14;2025-09-15;2025-09-16;2025-09-17;2025-09-18;2025-09-19;2025-09-20;2025-09-21;2025-09-22;2025-09-23;2025-09-24;2025-09-25;2025-09-26,,2025-09-26,8438.806373964444,9680.429278085921,9638.806373964444,28.4654918952288,35.068460430702046,34.23092532050086,58.61619754193309,41539.10443750452,39.37110510133505,20006.441449589365,24101.527991835545,167.4117979217093,24268.939789757253,24101.527991835545,24101.527967734004,36315.50454357116,1416.7591711347209,lexicographic,2.4101527967734004e-05,3.631550454357116e-05,False,0.31969049999679555,0.0,1,0
2025-09-28,False,calendar_trend,4,1.0,7,1.0,0,calibrated_quantile,2025-08-31;2025-09-01;2025-09-02;2025-09-03;2025-09-04;2025-09-05;2025-09-06;2025-09-07;2025-09-08;2025-09-09;2025-09-10;2025-09-11;2025-09-12;2025-09-13;2025-09-14;2025-09-15;2025-09-16;2025-09-17;2025-09-18;2025-09-19;2025-09-20;2025-09-21;2025-09-22;2025-09-23;2025-09-24;2025-09-25;2025-09-26;2025-09-27,28,10925.330880270343,2025-08-31;2025-09-01;2025-09-02;2025-09-03;2025-09-04;2025-09-05;2025-09-06;2025-09-07;2025-09-08;2025-09-09;2025-09-10;2025-09-11;2025-09-12;2025-09-13;2025-09-14;2025-09-15;2025-09-16;2025-09-17;2025-09-18;2025-09-19;2025-09-20;2025-09-21;2025-09-22;2025-09-23;2025-09-24;2025-09-25;2025-09-26;2025-09-27,2025-09-14;2025-09-15;2025-09-16;2025-09-17;2025-09-18;2025-09-19;2025-09-20;2025-09-21;2025-09-22;2025-09-23;2025-09-24;2025-09-25;2025-09-26;2025-09-27,,2025-09-27,8397.183469842956,9638.806373964444,9597.183469842956,31.797981110194314,39.36106835846024,18.32316886037114,34.607117257741145,80436.0737527977,0.0,12727.020351146804,50949.45301955184,0.0,50949.45301955184,50949.45301955183,50949.45296860237,40608.94259336917,1561.3391243421213,lexicographic,5.094945296860237e-05,4.060894255276021e-05,False,0.2527536000015971,0.0,1,0
2025-09-29,False,calendar_trend,4,1.0,7,1.0,0,calibrated_quantile,2025-09-01;2025-09-02;2025-09-03;2025-09-04;2025-09-05;2025-09-06;2025-09-07;2025-09-08;2025-09-09;2025-09-10;2025-09-11;2025-09-12;2025-09-13;2025-09-14;2025-09-15;2025-09-16;2025-09-17;2025-09-18;2025-09-19;2025-09-20;2025-09-21;2025-09-22;2025-09-23;2025-09-24;2025-09-25;2025-09-26;2025-09-27;2025-09-28,28,10887.748343695635,2025-09-01;2025-09-02;2025-09-03;2025-09-04;2025-09-05;2025-09-06;2025-09-07;2025-09-08;2025-09-09;2025-09-10;2025-09-11;2025-09-12;2025-09-13;2025-09-14;2025-09-15;2025-09-16;2025-09-17;2025-09-18;2025-09-19;2025-09-20;2025-09-21;2025-09-22;2025-09-23;2025-09-24;2025-09-25;2025-09-26;2025-09-27;2025-09-28,2025-09-15;2025-09-16;2025-09-17;2025-09-18;2025-09-19;2025-09-20;2025-09-21;2025-09-22;2025-09-23;2025-09-24;2025-09-25;2025-09-26;2025-09-27;2025-09-28,,2025-09-28,8355.56056572148,9597.183469842956,9555.56056572148,25.16925716019926,30.904117117496053,10.751648228816332,22.667429365105196,78316.52175439453,46.35413499092306,11421.599874905867,49190.384764077695,150.9218151179275,49341.306579195625,49190.384764077695,49190.38471488732,40227.510619088,1512.401528072111,lexicographic,4.919038471488732e-05,4.022751057886049e-05,False,0.24851300000227639,0.0,1,0
2025-09-30,False,calendar_trend,4,1.0,7,1.0,0,calibrated_quantile,2025-09-02;2025-09-03;2025-09-04;2025-09-05;2025-09-06;2025-09-07;2025-09-08;2025-09-09;2025-09-10;2025-09-11;2025-09-12;2025-09-13;2025-09-14;2025-09-15;2025-09-16;2025-09-17;2025-09-18;2025-09-19;2025-09-20;2025-09-21;2025-09-22;2025-09-23;2025-09-24;2025-09-25;2025-09-26;2025-09-27;2025-09-28;2025-09-29,28,10914.756836185868,2025-09-02;2025-09-03;2025-09-04;2025-09-05;2025-09-06;2025-09-07;2025-09-08;2025-09-09;2025-09-10;2025-09-11;2025-09-12;2025-09-13;2025-09-14;2025-09-15;2025-09-16;2025-09-17;2025-09-18;2025-09-19;2025-09-20;2025-09-21;2025-09-22;2025-09-23;2025-09-24;2025-09-25;2025-09-26;2025-09-27;2025-09-28;2025-09-29,2025-09-16;2025-09-17;2025-09-18;2025-09-19;2025-09-20;2025-09-21;2025-09-22;2025-09-23;2025-09-24;2025-09-25;2025-09-26;2025-09-27;2025-09-28;2025-09-29,,2025-09-29,8300.15966715087,9555.56056572148,9500.15966715087,22.246758624018767,27.875597815196418,25.06588825838622,46.234366223810134,78443.94420705675,115.90307974495818,8958.67731091251,49518.55190603825,518.9672276244794,50037.51913366273,49518.55190603824,49518.55185651956,40335.27866378615,1530.9586180547121,lexicographic,4.9518551856519564e-05,4.0335278663785826e-05,False,0.23734020000119926,0.0,1,0
2025-10-01,False,calendar_trend,4,1.0,7,1.0,0,calibrated_quantile,2025-09-03;2025-09-04;2025-09-05;2025-09-06;2025-09-07;2025-09-08;2025-09-09;2025-09-10;2025-09-11;2025-09-12;2025-09-13;2025-09-14;2025-09-15;2025-09-16;2025-09-17;2025-09-18;2025-09-19;2025-09-20;2025-09-21;2025-09-22;2025-09-23;2025-09-24;2025-09-25;2025-09-26;2025-09-27;2025-09-28;2025-09-29;2025-09-30,28,11016.75287894773,2025-09-03;2025-09-04;2025-09-05;2025-09-06;2025-09-07;2025-09-08;2025-09-09;2025-09-10;2025-09-11;2025-09-12;2025-09-13;2025-09-14;2025-09-15;2025-09-16;2025-09-17;2025-09-18;2025-09-19;2025-09-20;2025-09-21;2025-09-22;2025-09-23;2025-09-24;2025-09-25;2025-09-26;2025-09-27;2025-09-28;2025-09-29;2025-09-30,2025-09-17;2025-09-18;2025-09-19;2025-09-20;2025-09-21;2025-09-22;2025-09-23;2025-09-24;2025-09-25;2025-09-26;2025-09-27;2025-09-28;2025-09-29;2025-09-30,,2025-09-30,8244.758768580263,9500.15966715087,9444.758768580263,33.580644149003284,44.36817524488599,73.33436616853866,130.37869075617797,78989.83722902602,18.76536653885887,25134.87599510498,49766.117867139685,40.94602978779005,49807.06389692747,49766.117867139685,49766.11781737356,40651.646257506225,1524.314863616074,lexicographic,4.9766117817373564e-05,4.065164621685457e-05,False,0.23751000000265776,0.0,1,0
2025-10-02,False,calendar_trend,4,1.0,7,1.0,0,calibrated_quantile,2025-09-04;2025-09-05;2025-09-06;2025-09-07;2025-09-08;2025-09-09;2025-09-10;2025-09-11;2025-09-12;2025-09-13;2025-09-14;2025-09-15;2025-09-16;2025-09-17;2025-09-18;2025-09-19;2025-09-20;2025-09-21;2025-09-22;2025-09-23;2025-09-24;2025-09-25;2025-09-26;2025-09-27;2025-09-28;2025-09-29;2025-09-30;2025-10-01,28,11014.529334354444,2025-09-04;2025-09-05;2025-09-06;2025-09-07;2025-09-08;2025-09-09;2025-09-10;2025-09-11;2025-09-12;2025-09-13;2025-09-14;2025-09-15;2025-09-16;2025-09-17;2025-09-18;2025-09-19;2025-09-20;2025-09-21;2025-09-22;2025-09-23;2025-09-24;2025-09-25;2025-09-26;2025-09-27;2025-09-28;2025-09-29;2025-09-30;2025-10-01,2025-09-18;2025-09-19;2025-09-20;2025-09-21;2025-09-22;2025-09-23;2025-09-24;2025-09-25;2025-09-26;2025-09-27;2025-09-28;2025-09-29;2025-09-30;2025-10-01,,2025-10-01,8189.357870009653,9444.758768580263,9389.357870009653,26.52881675908924,36.41769120575011,43.6779868367523,76.78080560337439,75447.83833484029,11.825914803329301,19548.43463168703,47395.665962326835,53.46191243943586,47449.12787476627,47395.665962326835,47395.66591493117,40349.10413032562,1551.083266158686,lexicographic,4.739566591493117e-05,4.0349104089976516e-05,False,0.18979810000018915,0.0,1,0
2025-10-03,False,calendar_trend,4,1.0,7,1.0,0,calibrated_quantile,2025-09-05;2025-09-06;2025-09-07;2025-09-08;2025-09-09;2025-09-10;2025-09-11;2025-09-12;2025-09-13;2025-09-14;2025-09-15;2025-09-16;2025-09-17;2025-09-18;2025-09-19;2025-09-20;2025-09-21;2025-09-22;2025-09-23;2025-09-24;2025-09-25;2025-09-26;2025-09-27;2025-09-28;2025-09-29;2025-09-30;2025-10-01;2025-10-02,28,10999.627627179449,2025-09-05;2025-09-06;2025-09-07;2025-09-08;2025-09-09;2025-09-10;2025-09-11;2025-09-12;2025-09-13;2025-09-14;2025-09-15;2025-09-16;2025-09-17;2025-09-18;2025-09-19;2025-09-20;2025-09-21;2025-09-22;2025-09-23;2025-09-24;2025-09-25;2025-09-26;2025-09-27;2025-09-28;2025-09-29;2025-09-30;2025-10-01;2025-10-02,2025-09-19;2025-09-20;2025-09-21;2025-09-22;2025-09-23;2025-09-24;2025-09-25;2025-09-26;2025-09-27;2025-09-28;2025-09-29;2025-09-30;2025-10-01;2025-10-02,,2025-10-02,8133.956971439028,9389.357870009653,9333.956971439027,25.018241687128725,32.70873924496526,21.058964553292114,40.94326097979451,37705.236324914404,0.0,26194.10808052191,21053.381672220006,0.0,21053.381672220006,21053.381672220003,21053.381651166626,35714.81864619756,1344.7249844185767,lexicographic,2.1053381651166626e-05,3.571481861048274e-05,False,0.2508918999992602,0.0,1,0
2025-10-04,False,calendar_trend,4,1.0,7,1.0,0,calibrated_quantile,2025-09-06;2025-09-07;2025-09-08;2025-09-09;2025-09-10;2025-09-11;2025-09-12;2025-09-13;2025-09-14;2025-09-15;2025-09-16;2025-09-17;2025-09-18;2025-09-19;2025-09-20;2025-09-21;2025-09-22;2025-09-23;2025-09-24;2025-09-25;2025-09-26;2025-09-27;2025-09-28;2025-09-29;2025-09-30;2025-10-01;2025-10-02;2025-10-03,28,10968.38901704159,2025-09-06;2025-09-07;2025-09-08;2025-09-09;2025-09-10;2025-09-11;2025-09-12;2025-09-13;2025-09-14;2025-09-15;2025-09-16;2025-09-17;2025-09-18;2025-09-19;2025-09-20;2025-09-21;2025-09-22;2025-09-23;2025-09-24;2025-09-25;2025-09-26;2025-09-27;2025-09-28;2025-09-29;2025-09-30;2025-10-01;2025-10-02;2025-10-03,2025-09-20;2025-09-21;2025-09-22;2025-09-23;2025-09-24;2025-09-25;2025-09-26;2025-09-27;2025-09-28;2025-09-29;2025-09-30;2025-10-01;2025-10-02;2025-10-03,,2025-10-03,8078.5560728684195,9333.956971439027,9278.55607286842,21.571032972552178,27.126255910340145,19.586333907443557,34.87536760237478,37162.78021449426,86.40743795583899,20470.926419727242,20563.435044883692,367.5835379182577,20931.01858280195,20563.43504488369,20563.435024320264,35603.40128590599,1325.1187366581503,lexicographic,2.0563435024320267e-05,3.560340125030258e-05,False,0.22998329999973066,0.0,1,0
2025-10-05,False,calendar_trend,4,1.0,7,1.0,0,calibrated_quantile,2025-09-07;2025-09-08;2025-09-09;2025-09-10;2025-09-11;2025-09-12;2025-09-13;2025-09-14;2025-09-15;2025-09-16;2025-09-17;2025-09-18;2025-09-19;2025-09-20;2025-09-21;2025-09-22;2025-09-23;2025-09-24;2025-09-25;2025-09-26;2025-09-27;2025-09-28;2025-09-29;2025-09-30;2025-10-01;2025-10-02;2025-10-03;2025-10-04,28,10842.897080614892,2025-09-07;2025-09-08;2025-09-09;2025-09-10;2025-09-11;2025-09-12;2025-09-13;2025-09-14;2025-09-15;2025-09-16;2025-09-17;2025-09-18;2025-09-19;2025-09-20;2025-09-21;2025-09-22;2025-09-23;2025-09-24;2025-09-25;2025-09-26;2025-09-27;2025-09-28;2025-09-29;2025-09-30;2025-10-01;2025-10-02;2025-10-03;2025-10-04,2025-09-21;2025-09-22;2025-09-23;2025-09-24;2025-09-25;2025-09-26;2025-09-27;2025-09-28;2025-09-29;2025-09-30;2025-10-01;2025-10-02;2025-10-03;2025-10-04,,2025-10-04,8023.155174297811,9278.55607286842,9223.155174297812,25.569286016107394,30.46152785384433,15.17214501720952,28.01411884169631,70161.96314957531,38.51140734989474,11345.827620114414,43134.33322931775,86.23311858076994,43220.56634789852,43134.33322931775,43134.3331861834,39760.752854673454,1498.900585564323,lexicographic,4.313433318618341e-05,3.9760752814912715e-05,False,0.17890640000041458,0.0,1,0
2025-10-06,False,calendar_trend,4,1.0,7,1.0,0,calibrated_quantile,2025-09-08;2025-09-09;2025-09-10;2025-09-11;2025-09-12;2025-09-13;2025-09-14;2025-09-15;2025-09-16;2025-09-17;2025-09-18;2025-09-19;2025-09-20;2025-09-21;2025-09-22;2025-09-23;2025-09-24;2025-09-25;2025-09-26;2025-09-27;2025-09-28;2025-09-29;2025-09-30;2025-10-01;2025-10-02;2025-10-03;2025-10-04;2025-10-05,28,10467.056113046167,2025-09-08;2025-09-09;2025-09-10;2025-09-11;2025-09-12;2025-09-13;2025-09-14;2025-09-15;2025-09-16;2025-09-17;2025-09-18;2025-09-19;2025-09-20;2025-09-21;2025-09-22;2025-09-23;2025-09-24;2025-09-25;2025-09-26;2025-09-27;2025-09-28;2025-09-29;2025-09-30;2025-10-01;2025-10-02;2025-10-03;2025-10-04;2025-10-05,2025-09-22;2025-09-23;2025-09-24;2025-09-25;2025-09-26;2025-09-27;2025-09-28;2025-09-29;2025-09-30;2025-10-01;2025-10-02;2025-10-03;2025-10-04;2025-10-05,,2025-10-05,7967.754275727202,9223.155174297812,9167.754275727202,22.215999997876015,27.826252205175216,17.01811654752034,35.71979120168504,69239.13414353065,210.40473269160157,7633.3916499074185,42494.29578673681,647.5428926964657,43141.83867943328,42494.29578673681,42494.29574424252,39421.1597608262,1471.5272215334376,lexicographic,4.249429574424252e-05,3.942115972140505e-05,False,0.18426109999927576,0.0,1,0
2025-10-07,False,calendar_trend,4,1.0,7,1.0,0,calibrated_quantile,2025-09-09;2025-09-10;2025-09-11;2025-09-12;2025-09-13;2025-09-14;2025-09-15;2025-09-16;2025-09-17;2025-09-18;2025-09-19;2025-09-20;2025-09-21;2025-09-22;2025-09-23;2025-09-24;2025-09-25;2025-09-26;2025-09-27;2025-09-28;2025-09-29;2025-09-30;2025-10-01;2025-10-02;2025-10-03;2025-10-04;2025-10-05;2025-10-06,28,9736.552123806261,2025-09-09;2025-09-10;2025-09-11;2025-09-12;2025-09-13;2025-09-14;2025-09-15;2025-09-16;2025-09-17;2025-09-18;2025-09-19;2025-09-20;2025-09-21;2025-09-22;2025-09-23;2025-09-24;2025-09-25;2025-09-26;2025-09-27;2025-09-28;2025-09-29;2025-09-30;2025-10-01;2025-10-02;2025-10-03;2025-10-04;2025-10-05;2025-10-06,2025-09-23;2025-09-24;2025-09-25;2025-09-26;2025-09-27;2025-09-28;2025-09-29;2025-09-30;2025-10-01;2025-10-02;2025-10-03;2025-10-04;2025-10-05;2025-10-06,,2025-10-06,7912.353377156593,9167.754275727202,9112.353377156593,18.81227577024218,23.241404678945855,21.44557121982727,38.62345723128617,68423.02604258838,170.39619150934038,6753.038367160213,41946.819566047925,863.4660218891211,42810.28558793705,41946.819566047925,41946.8195241011,39285.72308728414,1474.1550312496902,lexicographic,4.19468195241011e-05,3.9285723047998415e-05,False,0.18809690000125556,0.0,1,0
2025-10-08,False,calendar_trend,4,1.0,7,1.0,0,calibrated_quantile,2025-09-10;2025-09-11;2025-09-12;2025-09-13;2025-09-14;2025-09-15;2025-09-16;2025-09-17;2025-09-18;2025-09-19;2025-09-20;2025-09-21;2025-09-22;2025-09-23;2025-09-24;2025-09-25;2025-09-26;2025-09-27;2025-09-28;2025-09-29;2025-09-30;2025-10-01;2025-10-02;2025-10-03;2025-10-04;2025-10-05;2025-10-06;2025-10-07,28,9167.63112693919,2025-09-10;2025-09-11;2025-09-12;2025-09-13;2025-09-14;2025-09-15;2025-09-16;2025-09-17;2025-09-18;2025-09-19;2025-09-20;2025-09-21;2025-09-22;2025-09-23;2025-09-24;2025-09-25;2025-09-26;2025-09-27;2025-09-28;2025-09-29;2025-09-30;2025-10-01;2025-10-02;2025-10-03;2025-10-04;2025-10-05;2025-10-06;2025-10-07,2025-09-24;2025-09-25;2025-09-26;2025-09-27;2025-09-28;2025-09-29;2025-09-30;2025-10-01;2025-10-02;2025-10-03;2025-10-04;2025-10-05;2025-10-06;2025-10-07,,2025-10-07,7856.952478585968,9112.353377156593,9056.952478585968,25.446867304940742,33.16576023769469,22.027684746290642,45.198916378462414,66833.43189169781,617.8130313020216,6939.203328911677,40452.86988709034,2293.6483434470047,42746.518230537346,40452.86988709033,40452.86984663748,38949.682874000064,1444.8276254997631,lexicographic,4.045286984663748e-05,3.8949682835050374e-05,False,0.20617850000053295,0.0,1,0
2025-10-09,False,calendar_trend,4,1.0,7,1.0,0,calibrated_quantile,2025-09-11;2025-09-12;2025-09-13;2025-09-14;2025-09-15;2025-09-16;2025-09-17;2025-09-18;2025-09-19;2025-09-20;2025-09-21;2025-09-22;2025-09-23;2025-09-24;2025-09-25;2025-09-26;2025-09-27;2025-09-28;2025-09-29;2025-09-30;2025-10-01;2025-10-02;2025-10-03;2025-10-04;2025-10-05;2025-10-06;2025-10-07;2025-10-08,28,8614.117486887339,2025-09-11;2025-09-12;2025-09-13;2025-09-14;2025-09-15;2025-09-16;2025-09-17;2025-09-18;2025-09-19;2025-09-20;2025-09-21;2025-09-22;2025-09-23;2025-09-24;2025-09-25;2025-09-26;2025-09-27;2025-09-28;2025-09-29;2025-09-30;2025-10-01;2025-10-02;2025-10-03;2025-10-04;2025-10-05;2025-10-06;2025-10-07;2025-10-08,2025-09-25;2025-09-26;2025-09-27;2025-09-28;2025-09-29;2025-09-30;2025-10-01;2025-10-02;2025-10-03;2025-10-04;2025-10-05;2025-10-06;2025-10-07;2025-10-08,,2025-10-08,7801.551580015359,9056.952478585968,9001.551580015359,25.134539549141728,31.851183228916177,18.772345488178985,33.958429222319076,65966.953027354,245.93744675623225,6448.861398911479,40101.66020268071,1154.5721047789689,41256.23230745968,40101.660202680694,40101.66016257904,38668.670508965966,1442.6253800370976,lexicographic,4.010166016257904e-05,3.866867047029728e-05,False,0.2559019000000262,0.0,1,0
2025-10-10,False,calendar_trend,4,1.0,7,1.0,0,calibrated_quantile,2025-09-12;2025-09-13;2025-09-14;2025-09-15;2025-09-16;2025-09-17;2025-09-18;2025-09-19;2025-09-20;2025-09-21;2025-09-22;2025-09-23;2025-09-24;2025-09-25;2025-09-26;2025-09-27;2025-09-28;2025-09-29;2025-09-30;2025-10-01;2025-10-02;2025-10-03;2025-10-04;2025-10-05;2025-10-06;2025-10-07;2025-10-08;2025-10-09,28,8415.457297026058,2025-09-12;2025-09-13;2025-09-14;2025-09-15;2025-09-16;2025-09-17;2025-09-18;2025-09-19;2025-09-20;2025-09-21;2025-09-22;2025-09-23;2025-09-24;2025-09-25;2025-09-26;2025-09-27;2025-09-28;2025-09-29;2025-09-30;2025-10-01;2025-10-02;2025-10-03;2025-10-04;2025-10-05;2025-10-06;2025-10-07;2025-10-08;2025-10-09,2025-09-26;2025-09-27;2025-09-28;2025-09-29;2025-09-30;2025-10-01;2025-10-02;2025-10-03;2025-10-04;2025-10-05;2025-10-06;2025-10-07;2025-10-08;2025-10-09,,2025-10-09,7752.448981489755,9001.551580015359,8952.448981489755,18.244716201276756,23.184176878527623,21.592774874240376,40.57456949647128,34257.24024538009,118.85827053783419,21413.385158970726,18141.294077306768,419.04630931678054,18560.34038662355,18141.294077306768,18141.29405916547,34941.89523291504,1285.1516724928774,lexicographic,1.814129405916547e-05,3.4941895197973146e-05,False,0.2792730999972264,0.0,1,0
2025-10-11,False,calendar_trend,4,1.0,7,1.0,0,calibrated_quantile,2025-09-13;2025-09-14;2025-09-15;2025-09-16;2025-09-17;2025-09-18;2025-09-19;2025-09-20;2025-09-21;2025-09-22;2025-09-23;2025-09-24;2025-09-25;2025-09-26;2025-09-27;2025-09-28;2025-09-29;2025-09-30;2025-10-01;2025-10-02;2025-10-03;2025-10-04;2025-10-05;2025-10-06;2025-10-07;2025-10-08;2025-10-09;2025-10-10,28,8376.715143590744,2025-09-13;2025-09-14;2025-09-15;2025-09-16;2025-09-17;2025-09-18;2025-09-19;2025-09-20;2025-09-21;2025-09-22;2025-09-23;2025-09-24;2025-09-25;2025-09-26;2025-09-27;2025-09-28;2025-09-29;2025-09-30;2025-10-01;2025-10-02;2025-10-03;2025-10-04;2025-10-05;2025-10-06;2025-10-07;2025-10-08;2025-10-09;2025-10-10,2025-09-27;2025-09-28;2025-09-29;2025-09-30;2025-10-01;2025-10-02;2025-10-03;2025-10-04;2025-10-05;2025-10-06;2025-10-07;2025-10-08;2025-10-09;2025-10-10,,2025-10-10,7703.346382964153,8952.448981489755,8903.346382964153,17.727396360834835,22.87427057072894,33.44119031044402,57.86461699042136,34823.970386555055,328.29832304494664,17437.218790340383,18535.542217919767,1085.8887552139302,19621.430973133698,18535.542217919763,18535.54219938422,34843.14444932979,1282.1242301199336,lexicographic,1.853554219938422e-05,3.484314441448665e-05,False,0.24874199999976554,0.0,1,0
2025-10-12,False,calendar_trend,4,1.0,7,1.0,0,calibrated_quantile,2025-09-14;2025-09-15;2025-09-16;2025-09-17;2025-09-18;2025-09-19;2025-09-20;2025-09-21;2025-09-22;2025-09-23;2025-09-24;2025-09-25;2025-09-26;2025-09-27;2025-09-28;2025-09-29;2025-09-30;2025-10-01;2025-10-02;2025-10-03;2025-10-04;2025-10-05;2025-10-06;2025-10-07;2025-10-08;2025-10-09;2025-10-10;2025-10-11,28,8594.131010618516,2025-09-14;2025-09-15;2025-09-16;2025-09-17;2025-09-18;2025-09-19;2025-09-20;2025-09-21;2025-09-22;2025-09-23;2025-09-24;2025-09-25;2025-09-26;2025-09-27;2025-09-28;2025-09-29;2025-09-30;2025-10-01;2025-10-02;2025-10-03;2025-10-04;2025-10-05;2025-10-06;2025-10-07;2025-10-08;2025-10-09;2025-10-10;2025-10-11,2025-09-28;2025-09-29;2025-09-30;2025-10-01;2025-10-02;2025-10-03;2025-10-04;2025-10-05;2025-10-06;2025-10-07;2025-10-08;2025-10-09;2025-10-10;2025-10-11,,2025-10-11,7654.2437844385495,8903.346382964153,8854.24378443855,25.787476323364867,33.56835144857846,22.90754337988454,47.641964410307146,66550.29056045643,1252.5511056332218,5277.756446976472,40626.20097890334,5532.391783039464,46158.592761942804,40626.20097890333,40626.20093827714,38666.9399689875,1443.0184386799756,lexicographic,4.0626200938277146e-05,3.866693993032056e-05,False,0.28814259999853675,0.0,1,0
2025-10-13,False,calendar_trend,4,1.0,7,1.0,0,calibrated_quantile,2025-09-15;2025-09-16;2025-09-17;2025-09-18;2025-09-19;2025-09-20;2025-09-21;2025-09-22;2025-09-23;2025-09-24;2025-09-25;2025-09-26;2025-09-27;2025-09-28;2025-09-29;2025-09-30;2025-10-01;2025-10-02;2025-10-03;2025-10-04;2025-10-05;2025-10-06;2025-10-07;2025-10-08;2025-10-09;2025-10-10;2025-10-11;2025-10-12,28,8145.48224519397,2025-09-15;2025-09-16;2025-09-17;2025-09-18;2025-09-19;2025-09-20;2025-09-21;2025-09-22;2025-09-23;2025-09-24;2025-09-25;2025-09-26;2025-09-27;2025-09-28;2025-09-29;2025-09-30;2025-10-01;2025-10-02;2025-10-03;2025-10-04;2025-10-05;2025-10-06;2025-10-07;2025-10-08;2025-10-09;2025-10-10;2025-10-11;2025-10-12,2025-09-29;2025-09-30;2025-10-01;2025-10-02;2025-10-03;2025-10-04;2025-10-05;2025-10-06;2025-10-07;2025-10-08;2025-10-09;2025-10-10;2025-10-11;2025-10-12,,2025-10-12,7605.141185912933,8854.24378443855,8805.141185912933,21.891435492707007,28.425834255926013,19.041365991528377,38.309279285645815,67914.66600845291,369.7659823877048,7244.011956724806,41625.668656806134,1467.6164788567996,43093.28513566293,41625.66865680613,41625.66861518045,38694.52340050385,1462.2825383166994,lexicographic,4.1625668615180456e-05,3.8694523361809314e-05,False,0.43721650000225054,0.0,1,0
2025-10-14,False,calendar_trend,4,1.0,7,1.0,0,calibrated_quantile,2025-09-16;2025-09-17;2025-09-18;2025-09-19;2025-09-20;2025-09-21;2025-09-22;2025-09-23;2025-09-24;2025-09-25;2025-09-26;2025-09-27;2025-09-28;2025-09-29;2025-09-30;2025-10-01;2025-10-02;2025-10-03;2025-10-04;2025-10-05;2025-10-06;2025-10-07;2025-10-08;2025-10-09;2025-10-10;2025-10-11;2025-10-12;2025-10-13,28,7815.844166480028,2025-09-16;2025-09-17;2025-09-18;2025-09-19;2025-09-20;2025-09-21;2025-09-22;2025-09-23;2025-09-24;2025-09-25;2025-09-26;2025-09-27;2025-09-28;2025-09-29;2025-09-30;2025-10-01;2025-10-02;2025-10-03;2025-10-04;2025-10-05;2025-10-06;2025-10-07;2025-10-08;2025-10-09;2025-10-10;2025-10-11;2025-10-12;2025-10-13,2025-09-30;2025-10-01;2025-10-02;2025-10-03;2025-10-04;2025-10-05;2025-10-06;2025-10-07;2025-10-08;2025-10-09;2025-10-10;2025-10-11;2025-10-12;2025-10-13,,2025-10-13,7556.038587387329,8805.141185912933,8756.03858738733,19.98209234017425,25.175980788826806,21.210688132531118,37.05323460024986,68346.58950579492,614.661119099234,4170.276213122508,41970.577987600365,2644.0041594163836,44614.58214701675,41970.577987600365,41970.577945629826,38733.77557799701,1445.546018188269,lexicographic,4.197057794562983e-05,3.873377553926325e-05,False,0.18777729999783332,0.0,1,0
2025-10-15,False,calendar_trend,4,1.0,7,1.0,0,calibrated_quantile,2025-09-17;2025-09-18;2025-09-19;2025-09-20;2025-09-21;2025-09-22;2025-09-23;2025-09-24;2025-09-25;2025-09-26;2025-09-27;2025-09-28;2025-09-29;2025-09-30;2025-10-01;2025-10-02;2025-10-03;2025-10-04;2025-10-05;2025-10-06;2025-10-07;2025-10-08;2025-10-09;2025-10-10;2025-10-11;2025-10-12;2025-10-13;2025-10-14,28,7544.022033453068,2025-09-17;2025-09-18;2025-09-19;2025-09-20;2025-09-21;2025-09-22;2025-09-23;2025-09-24;2025-09-25;2025-09-26;2025-09-27;2025-09-28;2025-09-29;2025-09-30;2025-10-01;2025-10-02;2025-10-03;2025-10-04;2025-10-05;2025-10-06;2025-10-07;2025-10-08;2025-10-09;2025-10-10;2025-10-11;2025-10-12;2025-10-13;2025-10-14,2025-10-01;2025-10-02;2025-10-03;2025-10-04;2025-10-05;2025-10-06;2025-10-07;2025-10-08;2025-10-09;2025-10-10;2025-10-11;2025-10-12;2025-10-13;2025-10-14,,2025-10-14,7506.93598886174,8756.03858738733,8706.93598886174,23.57191478875939,29.47026285924674,21.907254793247546,45.828343678579266,69045.42522868284,1211.340367435677,4312.163227457407,42185.25826169176,5137.367429357449,47322.62569104921,42185.25826169175,42185.2582195065,38804.59030590873,1438.4318811413264,lexicographic,4.21852582195065e-05,3.880459026710416e-05,False,0.20626790000096662,0.0,1,0
2025-10-16,False,calendar_trend,4,1.0,7,1.0,0,calibrated_quantile,2025-09-18;2025-09-19;2025-09-20;2025-09-21;2025-09-22;2025-09-23;2025-09-24;2025-09-25;2025-09-26;2025-09-27;2025-09-28;2025-09-29;2025-09-30;2025-10-01;2025-10-02;2025-10-03;2025-10-04;2025-10-05;2025-10-06;2025-10-07;2025-10-08;2025-10-09;2025-10-10;2025-10-11;2025-10-12;2025-10-13;2025-10-14;2025-10-15,28,7411.411225865976,2025-09-18;2025-09-19;2025-09-20;2025-09-21;2025-09-22;2025-09-23;2025-09-24;2025-09-25;2025-09-26;2025-09-27;2025-09-28;2025-09-29;2025-09-30;2025-10-01;2025-10-02;2025-10-03;2025-10-04;2025-10-05;2025-10-06;2025-10-07;2025-10-08;2025-10-09;2025-10-10;2025-10-11;2025-10-12;2025-10-13;2025-10-14;2025-10-15,2025-10-02;2025-10-03;2025-10-04;2025-10-05;2025-10-06;2025-10-07;2025-10-08;2025-10-09;2025-10-10;2025-10-11;2025-10-12;2025-10-13;2025-10-14;2025-10-15,,2025-10-15,7457.833390336123,8706.93598886174,8657.833390336124,20.81758072944621,26.871190352806213,24.368497080220088,49.36325550284289,69920.17679051365,1484.3942168533395,4382.894805454791,42989.96949780972,6074.161636115216,49064.13113392494,42989.96949780971,42989.96945481976,39096.32928056423,1436.619793867827,lexicographic,4.2989969454819764e-05,3.90963292414679e-05,False,0.15090710000004037,0.0,1,0
2025-10-17,False,calendar_trend,4,1.0,7,1.0,0,calibrated_quantile,2025-09-19;2025-09-20;2025-09-21;2025-09-22;2025-09-23;2025-09-24;2025-09-25;2025-09-26;2025-09-27;2025-09-28;2025-09-29;2025-09-30;2025-10-01;2025-10-02;2025-10-03;2025-10-04;2025-10-05;2025-10-06;2025-10-07;2025-10-08;2025-10-09;2025-10-10;2025-10-11;2025-10-12;2025-10-13;2025-10-14;2025-10-15;2025-10-16,28,7514.147772385683,2025-09-19;2025-09-20;2025-09-21;2025-09-22;2025-09-23;2025-09-24;2025-09-25;2025-09-26;2025-09-27;2025-09-28;2025-09-29;2025-09-30;2025-10-01;2025-10-02;2025-10-03;2025-10-04;2025-10-05;2025-10-06;2025-10-07;2025-10-08;2025-10-09;2025-10-10;2025-10-11;2025-10-12;2025-10-13;2025-10-14;2025-10-15;2025-10-16,2025-10-03;2025-10-04;2025-10-05;2025-10-06;2025-10-07;2025-10-08;2025-10-09;2025-10-10;2025-10-11;2025-10-12;2025-10-13;2025-10-14;2025-10-15;2025-10-16,,2025-10-16,7408.730791810505,8657.833390336124,8608.730791810505,16.470129666295392,20.93911502013717,14.689705348442638,27.97989114138615,35013.7927436967,127.19913110356975,15590.252847189919,18788.117886935263,352.4902676637715,19140.608154599035,18788.117886935266,18788.117868147143,34250.63975870627,1304.035773380916,lexicographic,1.8788117868147145e-05,3.425063972445563e-05,False,0.15529809999861754,0.0,1,0
2025-10-18,False,calendar_trend,4,1.0,7,1.0,0,calibrated_quantile,2025-09-20;2025-09-21;2025-09-22;2025-09-23;2025-09-24;2025-09-25;2025-09-26;2025-09-27;2025-09-28;2025-09-29;2025-09-30;2025-10-01;2025-10-02;2025-10-03;2025-10-04;2025-10-05;2025-10-06;2025-10-07;2025-10-08;2025-10-09;2025-10-10;2025-10-11;2025-10-12;2025-10-13;2025-10-14;2025-10-15;2025-10-16;2025-10-17,28,7439.430278409501,2025-09-20;2025-09-21;2025-09-22;2025-09-23;2025-09-24;2025-09-25;2025-09-26;2025-09-27;2025-09-28;2025-09-29;2025-09-30;2025-10-01;2025-10-02;2025-10-03;2025-10-04;2025-10-05;2025-10-06;2025-10-07;2025-10-08;2025-10-09;2025-10-10;2025-10-11;2025-10-12;2025-10-13;2025-10-14;2025-10-15;2025-10-16;2025-10-17,2025-10-04;2025-10-05;2025-10-06;2025-10-07;2025-10-08;2025-10-09;2025-10-10;2025-10-11;2025-10-12;2025-10-13;2025-10-14;2025-10-15;2025-10-16;2025-10-17,,2025-10-17,7359.628193284916,8608.730791810505,8559.628193284916,18.198698436368627,22.827719735865607,15.72920772434335,28.96797232687205,35671.28653303703,158.1046248026857,16216.624277930376,19332.962176556,358.7460657515213,19691.708242307523,19332.962176556,19332.962157223035,34151.889038501584,1272.202493262837,lexicographic,1.9332962157223036e-05,3.415188903850159e-05,False,0.2695512999998755,0.0,1,0
2025-10-19,False,calendar_trend,4,1.0,7,1.0,0,calibrated_quantile,2025-09-21;2025-09-22;2025-09-23;2025-09-24;2025-09-25;2025-09-26;2025-09-27;2025-09-28;2025-09-29;2025-09-30;2025-10-01;2025-10-02;2025-10-03;2025-10-04;2025-10-05;2025-10-06;2025-10-07;2025-10-08;2025-10-09;2025-10-10;2025-10-11;2025-10-12;2025-10-13;2025-10-14;2025-10-15;2025-10-16;2025-10-17;2025-10-18,28,7353.260047675042,2025-09-21;2025-09-22;2025-09-23;2025-09-24;2025-09-25;2025-09-26;2025-09-27;2025-09-28;2025-09-29;2025-09-30;2025-10-01;2025-10-02;2025-10-03;2025-10-04;2025-10-05;2025-10-06;2025-10-07;2025-10-08;2025-10-09;2025-10-10;2025-10-11;2025-10-12;2025-10-13;2025-10-14;2025-10-15;2025-10-16;2025-10-17;2025-10-18,2025-10-05;2025-10-06;2025-10-07;2025-10-08;2025-10-09;2025-10-10;2025-10-11;2025-10-12;2025-10-13;2025-10-14;2025-10-15;2025-10-16;2025-10-17;2025-10-18,,2025-10-18,7310.5255947593,8559.628193284916,8510.5255947593,20.305849869233068,25.137474549470294,17.88750852226989,34.08992181657219,72610.71616729088,650.5886553569783,5170.737678008833,44778.68975731605,2415.762185554958,47194.45194287101,44778.68975731606,44778.689712537365,40521.860125312836,1448.8237664212713,lexicographic,4.4778689712537365e-05,4.052186008479097e-05,False,0.15039419999811798,0.0,1,0
2025-10-20,False,calendar_trend,4,1.0,7,1.0,0,calibrated_quantile,2025-09-22;2025-09-23;2025-09-24;2025-09-25;2025-09-26;2025-09-27;2025-09-28;2025-09-29;2025-09-30;2025-10-01;2025-10-02;2025-10-03;2025-10-04;2025-10-05;2025-10-06;2025-10-07;2025-10-08;2025-10-09;2025-10-10;2025-10-11;2025-10-12;2025-10-13;2025-10-14;2025-10-15;2025-10-16;2025-10-17;2025-10-18;2025-10-19,28,7431.8780063057475,2025-09-22;2025-09-23;2025-09-24;2025-09-25;2025-09-26;2025-09-27;2025-09-28;2025-09-29;2025-09-30;2025-10-01;2025-10-02;2025-10-03;2025-10-04;2025-10-05;2025-10-06;2025-10-07;2025-10-08;2025-10-09;2025-10-10;2025-10-11;2025-10-12;2025-10-13;2025-10-14;2025-10-15;2025-10-16;2025-10-17;2025-10-18;2025-10-19,2025-10-06;2025-10-07;2025-10-08;2025-10-09;2025-10-10;2025-10-11;2025-10-12;2025-10-13;2025-10-14;2025-10-15;2025-10-16;2025-10-17;2025-10-18;2025-10-19,,2025-10-19,7290.619768238811,8510.5255947593,8490.619768238812,15.408447945854366,19.774637331676402,22.445594185819843,46.08805087556572,74616.11643831762,805.0238300631015,6687.735025487139,46383.12054962649,3948.274969865266,50331.39551949175,46383.12054962649,46383.12050324337,41081.462598461185,1467.3139622916976,lexicographic,4.6383120503243376e-05,4.108146255737972e-05,False,0.321432000000641,0.0,1,0
2025-10-21,False,calendar_trend,4,1.0,7,1.0,0,calibrated_quantile,2025-09-23;2025-09-24;2025-09-25;2025-09-26;2025-09-27;2025-09-28;2025-09-29;2025-09-30;2025-10-01;2025-10-02;2025-10-03;2025-10-04;2025-10-05;2025-10-06;2025-10-07;2025-10-08;2025-10-09;2025-10-10;2025-10-11;2025-10-12;2025-10-13;2025-10-14;2025-10-15;2025-10-16;2025-10-17;2025-10-18;2025-10-19;2025-10-20,28,7462.964165665695,2025-09-23;2025-09-24;2025-09-25;2025-09-26;2025-09-27;2025-09-28;2025-09-29;2025-09-30;2025-10-01;2025-10-02;2025-10-03;2025-10-04;2025-10-05;2025-10-06;2025-10-07;2025-10-08;2025-10-09;2025-10-10;2025-10-11;2025-10-12;2025-10-13;2025-10-14;2025-10-15;2025-10-16;2025-10-17;2025-10-18;2025-10-19;2025-10-20,2025-10-07;2025-10-08;2025-10-09;2025-10-10;2025-10-11;2025-10-12;2025-10-13;2025-10-14;2025-10-15;2025-10-16;2025-10-17;2025-10-18;2025-10-19;2025-10-20,,2025-10-20,7270.71394171831,8490.619768238812,8470.71394171831,18.28334553897142,23.76838800122416,24.548116453828094,44.41653947188973,75912.62298430242,585.8103150141857,5651.243808260348,47325.55355576663,1945.6184511451588,49271.17200691179,47325.55355576663,47325.55350844107,41957.7432792038,1466.5825714194325,lexicographic,4.732555350844108e-05,4.195774323724608e-05,False,0.25965960000030464,0.0,1,0
2025-10-22,False,calendar_trend,4,1.0,7,1.0,0,calibrated_quantile,2025-09-24;2025-09-25;2025-09-26;2025-09-27;2025-09-28;2025-09-29;2025-09-30;2025-10-01;2025-10-02;2025-10-03;2025-10-04;2025-10-05;2025-10-06;2025-10-07;2025-10-08;2025-10-09;2025-10-10;2025-10-11;2025-10-12;2025-10-13;2025-10-14;2025-10-15;2025-10-16;2025-10-17;2025-10-18;2025-10-19;2025-10-20;2025-10-21,28,7504.817160055464,2025-09-24;2025-09-25;2025-09-26;2025-09-27;2025-09-28;2025-09-29;2025-09-30;2025-10-01;2025-10-02;2025-10-03;2025-10-04;2025-10-05;2025-10-06;2025-10-07;2025-10-08;2025-10-09;2025-10-10;2025-10-11;2025-10-12;2025-10-13;2025-10-14;2025-10-15;2025-10-16;2025-10-17;2025-10-18;2025-10-19;2025-10-20;2025-10-21,2025-10-08;2025-10-09;2025-10-10;2025-10-11;2025-10-12;2025-10-13;2025-10-14;2025-10-15;2025-10-16;2025-10-17;2025-10-18;2025-10-19;2025-10-20;2025-10-21,,2025-10-21,7250.8081151978095,8470.71394171831,8450.80811519781,17.374383941190203,21.783006039925734,25.115456643408578,48.6903832533233,76560.39444145757,709.2539573565954,7274.895594543259,47429.29360123539,3413.57847319878,50842.87207443417,47429.29360123539,47429.2935538061,42484.05282351179,1461.9839881037306,lexicographic,4.74292935538061e-05,4.2484052823509085e-05,False,0.331644599998981,0.0,1,0
2025-10-23,False,calendar_trend,4,1.0,7,1.0,0,calibrated_quantile,2025-09-25;2025-09-26;2025-09-27;2025-09-28;2025-09-29;2025-09-30;2025-10-01;2025-10-02;2025-10-03;2025-10-04;2025-10-05;2025-10-06;2025-10-07;2025-10-08;2025-10-09;2025-10-10;2025-10-11;2025-10-12;2025-10-13;2025-10-14;2025-10-15;2025-10-16;2025-10-17;2025-10-18;2025-10-19;2025-10-20;2025-10-21;2025-10-22,28,7608.155375686836,2025-09-25;2025-09-26;2025-09-27;2025-09-28;2025-09-29;2025-09-30;2025-10-01;2025-10-02;2025-10-03;2025-10-04;2025-10-05;2025-10-06;2025-10-07;2025-10-08;2025-10-09;2025-10-10;2025-10-11;2025-10-12;2025-10-13;2025-10-14;2025-10-15;2025-10-16;2025-10-17;2025-10-18;2025-10-19;2025-10-20;2025-10-21;2025-10-22,2025-10-09;2025-10-10;2025-10-11;2025-10-12;2025-10-13;2025-10-14;2025-10-15;2025-10-16;2025-10-17;2025-10-18;2025-10-19;2025-10-20;2025-10-21;2025-10-22,,2025-10-22,7230.902288677321,8450.80811519781,8430.90228867732,19.490389950398715,24.83378010194922,20.066115411359984,40.320520151935256,77912.2256695951,48.04863281286379,10147.081519477926,48706.43446066334,123.66099352022965,48830.09545418357,48706.43446066334,48706.43441195692,42425.36733950999,1458.6673859320078,lexicographic,4.8706434411956925e-05,4.242536729708462e-05,False,0.1436543999989226,1.4938390999110486e-16,1,0
2025-10-24,False,calendar_trend,4,1.0,7,1.0,0,calibrated_quantile,2025-09-26;2025-09-27;2025-09-28;2025-09-29;2025-09-30;2025-10-01;2025-10-02;2025-10-03;2025-10-04;2025-10-05;2025-10-06;2025-10-07;2025-10-08;2025-10-09;2025-10-10;2025-10-11;2025-10-12;2025-10-13;2025-10-14;2025-10-15;2025-10-16;2025-10-17;2025-10-18;2025-10-19;2025-10-20;2025-10-21;2025-10-22;2025-10-23,28,7598.897052119359,2025-09-26;2025-09-27;2025-09-28;2025-09-29;2025-09-30;2025-10-01;2025-10-02;2025-10-03;2025-10-04;2025-10-05;2025-10-06;2025-10-07;2025-10-08;2025-10-09;2025-10-10;2025-10-11;2025-10-12;2025-10-13;2025-10-14;2025-10-15;2025-10-16;2025-10-17;2025-10-18;2025-10-19;2025-10-20;2025-10-21;2025-10-22;2025-10-23,2025-10-10;2025-10-11;2025-10-12;2025-10-13;2025-10-14;2025-10-15;2025-10-16;2025-10-17;2025-10-18;2025-10-19;2025-10-20;2025-10-21;2025-10-22;2025-10-23,,2025-10-23,7210.996462156821,8430.90228867732,8410.996462156822,16.804729429723928,21.10582490830221,17.471760232265922,33.87314039502264,36219.75220862726,113.8198860402974,14382.448486807987,19701.0307279978,379.6129232013885,20080.64365119919,19701.0307279978,19701.030708296777,33826.696951558144,1304.6805209352867,lexicographic,1.970103070829678e-05,3.3826696917731455e-05,False,0.17537870000160183,0.0,1,0
2025-10-25,False,calendar_trend,4,1.0,7,1.0,0,calibrated_quantile,2025-09-27;2025-09-28;2025-09-29;2025-09-30;2025-10-01;2025-10-02;2025-10-03;2025-10-04;2025-10-05;2025-10-06;2025-10-07;2025-10-08;2025-10-09;2025-10-10;2025-10-11;2025-10-12;2025-10-13;2025-10-14;2025-10-15;2025-10-16;2025-10-17;2025-10-18;2025-10-19;2025-10-20;2025-10-21;2025-10-22;2025-10-23;2025-10-24,28,7506.4996250329805,2025-09-27;2025-09-28;2025-09-29;2025-09-30;2025-10-01;2025-10-02;2025-10-03;2025-10-04;2025-10-05;2025-10-06;2025-10-07;2025-10-08;2025-10-09;2025-10-10;2025-10-11;2025-10-12;2025-10-13;2025-10-14;2025-10-15;2025-10-16;2025-10-17;2025-10-18;2025-10-19;2025-10-20;2025-10-21;2025-10-22;2025-10-23;2025-10-24,2025-10-11;2025-10-12;2025-10-13;2025-10-14;2025-10-15;2025-10-16;2025-10-17;2025-10-18;2025-10-19;2025-10-20;2025-10-21;2025-10-22;2025-10-23;2025-10-24,,2025-10-24,7191.090635636332,8410.996462156822,8391.090635636332,19.19538755217671,24.214351691337885,13.152635166819817,25.26006687678311,37207.813275679786,65.82312704581767,14348.333119733186,20405.148531168434,141.28119180356686,20546.429722972,20405.14853116843,20405.148510763283,33786.664119051755,1292.659055784815,lexicographic,2.0405148510763283e-05,3.378666408526508e-05,False,0.2044924000001629,1.782872986772312e-16,1,0
2025-10-26,False,calendar_trend,4,1.0,7,1.0,0,calibrated_quantile,2025-09-28;2025-09-29;2025-09-30;2025-10-01;2025-10-02;2025-10-03;2025-10-04;2025-10-05;2025-10-06;2025-10-07;2025-10-08;2025-10-09;2025-10-10;2025-10-11;2025-10-12;2025-10-13;2025-10-14;2025-10-15;2025-10-16;2025-10-17;2025-10-18;2025-10-19;2025-10-20;2025-10-21;2025-10-22;2025-10-23;2025-10-24;2025-10-25,28,7440.347459455135,2025-09-28;2025-09-29;2025-09-30;2025-10-01;2025-10-02;2025-10-03;2025-10-04;2025-10-05;2025-10-06;2025-10-07;2025-10-08;2025-10-09;2025-10-10;2025-10-11;2025-10-12;2025-10-13;2025-10-14;2025-10-15;2025-10-16;2025-10-17;2025-10-18;2025-10-19;2025-10-20;2025-10-21;2025-10-22;2025-10-23;2025-10-24;2025-10-25,2025-10-12;2025-10-13;2025-10-14;2025-10-15;2025-10-16;2025-10-17;2025-10-18;2025-10-19;2025-10-20;2025-10-21;2025-10-22;2025-10-23;2025-10-24;2025-10-25,,2025-10-25,7171.184809115832,8391.090635636332,8371.184809115832,21.74180038504508,26.570451837385736,13.122868608896987,26.978244826459385,78337.59615461603,82.98960561733759,9400.141831022434,49144.13371121202,225.95579522585876,49370.089506437886,49144.13371121202,49144.13366206789,42829.627628642236,1476.0391633313604,lexicographic,4.9144133662067894e-05,4.2829627628640384e-05,False,0.3140858000006119,0.0,1,0
2025-10-27,False,calendar_trend,4,1.0,7,1.0,0,calibrated_quantile,2025-09-29;2025-09-30;2025-10-01;2025-10-02;2025-10-03;2025-10-04;2025-10-05;2025-10-06;2025-10-07;2025-10-08;2025-10-09;2025-10-10;2025-10-11;2025-10-12;2025-10-13;2025-10-14;2025-10-15;2025-10-16;2025-10-17;2025-10-18;2025-10-19;2025-10-20;2025-10-21;2025-10-22;2025-10-23;2025-10-24;2025-10-25;2025-10-26,28,7423.6232067591245,2025-09-29;2025-09-30;2025-10-01;2025-10-02;2025-10-03;2025-10-04;2025-10-05;2025-10-06;2025-10-07;2025-10-08;2025-10-09;2025-10-10;2025-10-11;2025-10-12;2025-10-13;2025-10-14;2025-10-15;2025-10-16;2025-10-17;2025-10-18;2025-10-19;2025-10-20;2025-10-21;2025-10-22;2025-10-23;2025-10-24;2025-10-25;2025-10-26,2025-10-13;2025-10-14;2025-10-15;2025-10-16;2025-10-17;2025-10-18;2025-10-19;2025-10-20;2025-10-21;2025-10-22;2025-10-23;2025-10-24;2025-10-25;2025-10-26,,2025-10-26,7151.278982595331,8371.184809115832,8351.278982595331,19.76288180435282,25.217633606118774,30.120392118548565,60.99639949095385,78835.32862411258,91.82857411902046,10925.218491568983,49560.47497664274,369.19440590363627,49929.66938254638,49560.47497664274,49560.474927241754,42574.56173752399,1507.110558265892,lexicographic,4.956047492724176e-05,4.257456169494944e-05,False,0.36342209999929764,0.0,1,0
2025-10-28,False,calendar_trend,4,1.0,7,1.0,0,calibrated_quantile,2025-09-30;2025-10-01;2025-10-02;2025-10-03;2025-10-04;2025-10-05;2025-10-06;2025-10-07;2025-10-08;2025-10-09;2025-10-10;2025-10-11;2025-10-12;2025-10-13;2025-10-14;2025-10-15;2025-10-16;2025-10-17;2025-10-18;2025-10-19;2025-10-20;2025-10-21;2025-10-22;2025-10-23;2025-10-24;2025-10-25;2025-10-26;2025-10-27,28,7364.683084875268,2025-09-30;2025-10-01;2025-10-02;2025-10-03;2025-10-04;2025-10-05;2025-10-06;2025-10-07;2025-10-08;2025-10-09;2025-10-10;2025-10-11;2025-10-12;2025-10-13;2025-10-14;2025-10-15;2025-10-16;2025-10-17;2025-10-18;2025-10-19;2025-10-20;2025-10-21;2025-10-22;2025-10-23;2025-10-24;2025-10-25;2025-10-26;2025-10-27,2025-10-14;2025-10-15;2025-10-16;2025-10-17;2025-10-18;2025-10-19;2025-10-20;2025-10-21;2025-10-22;2025-10-23;2025-10-24;2025-10-25;2025-10-26;2025-10-27,,2025-10-27,7131.373156074843,8351.278982595331,8331.373156074842,21.63395124363434,26.621843136603538,13.851498735441362,28.634576794515674,77900.54516406183,183.08885427742098,7653.450316806935,48847.21422835821,627.3131645061897,49474.527392864395,48847.21422835821,48847.21417951099,42654.63005531761,1497.23923559778,lexicographic,4.8847214179510995e-05,4.265463005531846e-05,False,0.20969130000230507,0.0,1,0
2025-10-29,False,calendar_trend,4,1.0,7,1.0,0,calibrated_quantile,2025-10-01;2025-10-02;2025-10-03;2025-10-04;2025-10-05;2025-10-06;2025-10-07;2025-10-08;2025-10-09;2025-10-10;2025-10-11;2025-10-12;2025-10-13;2025-10-14;2025-10-15;2025-10-16;2025-10-17;2025-10-18;2025-10-19;2025-10-20;2025-10-21;2025-10-22;2025-10-23;2025-10-24;2025-10-25;2025-10-26;2025-10-27;2025-10-28,28,7183.7769410634455,2025-10-01;2025-10-02;2025-10-03;2025-10-04;2025-10-05;2025-10-06;2025-10-07;2025-10-08;2025-10-09;2025-10-10;2025-10-11;2025-10-12;2025-10-13;2025-10-14;2025-10-15;2025-10-16;2025-10-17;2025-10-18;2025-10-19;2025-10-20;2025-10-21;2025-10-22;2025-10-23;2025-10-24;2025-10-25;2025-10-26;2025-10-27;2025-10-28,2025-10-15;2025-10-16;2025-10-17;2025-10-18;2025-10-19;2025-10-20;2025-10-21;2025-10-22;2025-10-23;2025-10-24;2025-10-25;2025-10-26;2025-10-27;2025-10-28,,2025-10-28,7111.4673295543425,8331.373156074842,8311.467329554343,15.488525565451855,19.729185780843864,27.760734038606273,57.670374127433526,76609.91210475488,1374.3741782673087,4244.32531159205,47771.828475508926,4594.416558600317,52366.24503410924,47771.828475508926,47771.82842773706,42368.28967381829,1458.2754127605294,lexicographic,4.777182842773707e-05,4.2368289631450006e-05,False,0.1505713000005926,0.0,1,0
2025-10-30,False,calendar_trend,4,1.0,7,1.0,0,calibrated_quantile,2025-10-02;2025-10-03;2025-10-04;2025-10-05;2025-10-06;2025-10-07;2025-10-08;2025-10-09;2025-10-10;2025-10-11;2025-10-12;2025-10-13;2025-10-14;2025-10-15;2025-10-16;2025-10-17;2025-10-18;2025-10-19;2025-10-20;2025-10-21;2025-10-22;2025-10-23;2025-10-24;2025-10-25;2025-10-26;2025-10-27;2025-10-28;2025-10-29,28,7367.3502361853025,2025-10-02;2025-10-03;2025-10-04;2025-10-05;2025-10-06;2025-10-07;2025-10-08;2025-10-09;2025-10-10;2025-10-11;2025-10-12;2025-10-13;2025-10-14;2025-10-15;2025-10-16;2025-10-17;2025-10-18;2025-10-19;2025-10-20;2025-10-21;2025-10-22;2025-10-23;2025-10-24;2025-10-25;2025-10-26;2025-10-27;2025-10-28;2025-10-29,2025-10-16;2025-10-17;2025-10-18;2025-10-19;2025-10-20;2025-10-21;2025-10-22;2025-10-23;2025-10-24;2025-10-25;2025-10-26;2025-10-27;2025-10-28;2025-10-29,,2025-10-29,7088.137100643053,8311.467329554343,8288.137100643053,20.507221374189825,25.302874473377088,14.58850825757532,30.810845113525797,77910.66895216641,176.13575550540872,8871.907401789307,48769.1819651175,525.0565165291387,49294.238481646644,48769.181965117496,48769.181916348316,42394.78204835621,1472.3028737584882,lexicographic,4.876918191634832e-05,4.239478200596143e-05,False,0.31271319999723346,0.0,1,0
2025-10-31,False,calendar_trend,4,1.0,7,1.0,0,calibrated_quantile,2025-10-03;2025-10-04;2025-10-05;2025-10-06;2025-10-07;2025-10-08;2025-10-09;2025-10-10;2025-10-11;2025-10-12;2025-10-13;2025-10-14;2025-10-15;2025-10-16;2025-10-17;2025-10-18;2025-10-19;2025-10-20;2025-10-21;2025-10-22;2025-10-23;2025-10-24;2025-10-25;2025-10-26;2025-10-27;2025-10-28;2025-10-29;2025-10-30,28,7399.127375305184,2025-10-03;2025-10-04;2025-10-05;2025-10-06;2025-10-07;2025-10-08;2025-10-09;2025-10-10;2025-10-11;2025-10-12;2025-10-13;2025-10-14;2025-10-15;2025-10-16;2025-10-17;2025-10-18;2025-10-19;2025-10-20;2025-10-21;2025-10-22;2025-10-23;2025-10-24;2025-10-25;2025-10-26;2025-10-27;2025-10-28;2025-10-29;2025-10-30,2025-10-17;2025-10-18;2025-10-19;2025-10-20;2025-10-21;2025-10-22;2025-10-23;2025-10-24;2025-10-25;2025-10-26;2025-10-27;2025-10-28;2025-10-29;2025-10-30,,2025-10-30,7064.806871731749,8288.137100643053,8264.80687173175,15.730215784316833,20.012051167118674,24.623898439826128,49.07525887439133,36513.15593895814,371.6178555807623,9483.353038749043,19753.13741906981,921.7426671511084,20674.88008622092,19753.13741906981,19753.13739931668,33535.775470280685,1284.8292748821195,lexicographic,1.975313739931668e-05,3.3535775470280685e-05,False,0.2548562000010861,0.0,1,0
2025-11-01,False,calendar_trend,4,1.0,7,1.0,0,calibrated_quantile,2025-10-04;2025-10-05;2025-10-06;2025-10-07;2025-10-08;2025-10-09;2025-10-10;2025-10-11;2025-10-12;2025-10-13;2025-10-14;2025-10-15;2025-10-16;2025-10-17;2025-10-18;2025-10-19;2025-10-20;2025-10-21;2025-10-22;2025-10-23;2025-10-24;2025-10-25;2025-10-26;2025-10-27;2025-10-28;2025-10-29;2025-10-30;2025-10-31,28,7544.357028669034,2025-10-04;2025-10-05;2025-10-06;2025-10-07;2025-10-08;2025-10-09;2025-10-10;2025-10-11;2025-10-12;2025-10-13;2025-10-14;2025-10-15;2025-10-16;2025-10-17;2025-10-18;2025-10-19;2025-10-20;2025-10-21;2025-10-22;2025-10-23;2025-10-24;2025-10-25;2025-10-26;2025-10-27;2025-10-28;2025-10-29;2025-10-30;2025-10-31,2025-10-18;2025-10-19;2025-10-20;2025-10-21;2025-10-22;2025-10-23;2025-10-24;2025-10-25;2025-10-26;2025-10-27;2025-10-28;2025-10-29;2025-10-30;2025-10-31,,2025-10-31,7041.476642820447,8264.80687173175,8241.476642820446,17.51926359022805,22.68615067985649,10.325388138510286,21.600435757284544,36826.070884017,161.7221078219876,10951.551139930396,19935.530267356025,363.8392375775794,20299.369504933606,19935.530267356025,19935.530247420505,33488.8557876924,1271.3316549907038,lexicographic,1.9935530247420507e-05,3.34888557876924e-05,False,0.28062340000178665,0.0,1,0
2025-11-02,False,calendar_trend,4,1.0,7,1.0,0,calibrated_quantile,2025-10-05;2025-10-06;2025-10-07;2025-10-08;2025-10-09;2025-10-10;2025-10-11;2025-10-12;2025-10-13;2025-10-14;2025-10-15;2025-10-16;2025-10-17;2025-10-18;2025-10-19;2025-10-20;2025-10-21;2025-10-22;2025-10-23;2025-10-24;2025-10-25;2025-10-26;2025-10-27;2025-10-28;2025-10-29;2025-10-30;2025-10-31;2025-11-01,28,7515.976903682617,2025-10-05;2025-10-06;2025-10-07;2025-10-08;2025-10-09;2025-10-10;2025-10-11;2025-10-12;2025-10-13;2025-10-14;2025-10-15;2025-10-16;2025-10-17;2025-10-18;2025-10-19;2025-10-20;2025-10-21;2025-10-22;2025-10-23;2025-10-24;2025-10-25;2025-10-26;2025-10-27;2025-10-28;2025-10-29;2025-10-30;2025-10-31;2025-11-01,2025-10-19;2025-10-20;2025-10-21;2025-10-22;2025-10-23;2025-10-24;2025-10-25;2025-10-26;2025-10-27;2025-10-28;2025-10-29;2025-10-30;2025-10-31;2025-11-01,,2025-11-01,7018.146413909157,8241.476642820446,8218.146413909157,19.79443428190524,25.11673762444173,13.910073702138696,26.701532461925648,79062.92820017069,258.97187359082574,6086.506026198818,49416.25303435546,925.5240467154374,50341.7770810709,49416.25303435546,49416.25298493921,42508.43536208141,1445.7587660717654,lexicographic,4.9416252984939213e-05,4.250843531957297e-05,False,0.1896718999996665,0.0,1,0
2025-11-03,False,calendar_trend,4,1.0,7,1.0,0,calibrated_quantile,2025-10-06;2025-10-07;2025-10-08;2025-10-09;2025-10-10;2025-10-11;2025-10-12;2025-10-13;2025-10-14;2025-10-15;2025-10-16;2025-10-17;2025-10-18;2025-10-19;2025-10-20;2025-10-21;2025-10-22;2025-10-23;2025-10-24;2025-10-25;2025-10-26;2025-10-27;2025-10-28;2025-10-29;2025-10-30;2025-10-31;2025-11-01;2025-11-02,28,7501.1942601422215,2025-10-06;2025-10-07;2025-10-08;2025-10-09;2025-10-10;2025-10-11;2025-10-12;2025-10-13;2025-10-14;2025-10-15;2025-10-16;2025-10-17;2025-10-18;2025-10-19;2025-10-20;2025-10-21;2025-10-22;2025-10-23;2025-10-24;2025-10-25;2025-10-26;2025-10-27;2025-10-28;2025-10-29;2025-10-30;2025-10-31;2025-11-01;2025-11-02,2025-10-20;2025-10-21;2025-10-22;2025-10-23;2025-10-24;2025-10-25;2025-10-26;2025-10-27;2025-10-28;2025-10-29;2025-10-30;2025-10-31;2025-11-01;2025-11-02,,2025-11-02,6994.816184997854,8218.146413909157,8194.816184997853,18.65159763248483,23.336909072121752,20.27995326850559,41.033464729898164,80080.78906693404,345.06958944156673,6470.204096157092,50286.31839764077,1027.7141766828593,51314.032574323624,50286.31839764076,50286.31834735446,42620.028174750194,1475.8524627739018,lexicographic,5.0286318347354465e-05,4.262002813213017e-05,False,0.12051559999963501,0.0,1,0
2025-11-04,False,calendar_trend,4,1.0,7,1.0,0,calibrated_quantile,2025-10-07;2025-10-08;2025-10-09;2025-10-10;2025-10-11;2025-10-12;2025-10-13;2025-10-14;2025-10-15;2025-10-16;2025-10-17;2025-10-18;2025-10-19;2025-10-20;2025-10-21;2025-10-22;2025-10-23;2025-10-24;2025-10-25;2025-10-26;2025-10-27;2025-10-28;2025-10-29;2025-10-30;2025-10-31;2025-11-01;2025-11-02;2025-11-03,28,7479.0177312322485,2025-10-07;2025-10-08;2025-10-09;2025-10-10;2025-10-11;2025-10-12;2025-10-13;2025-10-14;2025-10-15;2025-10-16;2025-10-17;2025-10-18;2025-10-19;2025-10-20;2025-10-21;2025-10-22;2025-10-23;2025-10-24;2025-10-25;2025-10-26;2025-10-27;2025-10-28;2025-10-29;2025-10-30;2025-10-31;2025-11-01;2025-11-02;2025-11-03,2025-10-21;2025-10-22;2025-10-23;2025-10-24;2025-10-25;2025-10-26;2025-10-27;2025-10-28;2025-10-29;2025-10-30;2025-10-31;2025-11-01;2025-11-02;2025-11-03,,2025-11-03,6971.485956086564,8194.816184997853,8171.485956086564,24.121854662367564,29.178148142441515,16.89740315176348,35.5700287504804,80460.01509221576,161.13357010858488,8632.07830071852,50374.517292828525,581.554432052808,50956.07172488133,50374.517292828525,50374.517242454014,42222.53361165021,1458.2596340882908,lexicographic,5.0374517242454016e-05,4.222253356942767e-05,False,0.1590637000008428,0.0,1,0
2025-11-05,False,calendar_trend,4,1.0,7,1.0,0,calibrated_quantile,2025-10-08;2025-10-09;2025-10-10;2025-10-11;2025-10-12;2025-10-13;2025-10-14;2025-10-15;2025-10-16;2025-10-17;2025-10-18;2025-10-19;2025-10-20;2025-10-21;2025-10-22;2025-10-23;2025-10-24;2025-10-25;2025-10-26;2025-10-27;2025-10-28;2025-10-29;2025-10-30;2025-10-31;2025-11-01;2025-11-02;2025-11-03;2025-11-04,28,7410.6474053993925,2025-10-08;2025-10-09;2025-10-10;2025-10-11;2025-10-12;2025-10-13;2025-10-14;2025-10-15;2025-10-16;2025-10-17;2025-10-18;2025-10-19;2025-10-20;2025-10-21;2025-10-22;2025-10-23;2025-10-24;2025-10-25;2025-10-26;2025-10-27;2025-10-28;2025-10-29;2025-10-30;2025-10-31;2025-11-01;2025-11-02;2025-11-03;2025-11-04,2025-10-22;2025-10-23;2025-10-24;2025-10-25;2025-10-26;2025-10-27;2025-10-28;2025-10-29;2025-10-30;2025-10-31;2025-11-01;2025-11-02;2025-11-03;2025-11-04,,2025-11-04,6948.155727175262,8171.485956086564,8148.155727175262,18.600564933766794,23.077278140563063,10.67731608444197,21.205499668517213,80512.45109112441,200.187173306139,6632.314670577688,50580.97407138791,520.6933361891088,51101.66740757701,50580.97407138791,50580.97402080696,42158.7568223545,1443.3249153023087,lexicographic,5.058097402080697e-05,4.215875678019575e-05,False,0.2545203000008769,0.0,1,0
2025-11-06,False,calendar_trend,4,1.0,7,1.0,0,calibrated_quantile,2025-10-09;2025-10-10;2025-10-11;2025-10-12;2025-10-13;2025-10-14;2025-10-15;2025-10-16;2025-10-17;2025-10-18;2025-10-19;2025-10-20;2025-10-21;2025-10-22;2025-10-23;2025-10-24;2025-10-25;2025-10-26;2025-10-27;2025-10-28;2025-10-29;2025-10-30;2025-10-31;2025-11-01;2025-11-02;2025-11-03;2025-11-04;2025-11-05,28,7202.775307609563,2025-10-09;2025-10-10;2025-10-11;2025-10-12;2025-10-13;2025-10-14;2025-10-15;2025-10-16;2025-10-17;2025-10-18;2025-10-19;2025-10-20;2025-10-21;2025-10-22;2025-10-23;2025-10-24;2025-10-25;2025-10-26;2025-10-27;2025-10-28;2025-10-29;2025-10-30;2025-10-31;2025-11-01;2025-11-02;2025-11-03;2025-11-04;2025-11-05,2025-10-23;2025-10-24;2025-10-25;2025-10-26;2025-10-27;2025-10-28;2025-10-29;2025-10-30;2025-10-31;2025-11-01;2025-11-02;2025-11-03;2025-11-04;2025-11-05,,2025-11-05,6924.825498263958,8148.155727175262,8124.825498263958,17.66327331549356,23.50641138456953,22.27941925061238,40.198476804369584,80807.53863126622,671.9053256327574,5700.6661655394855,50761.695450238214,3001.2997696771818,53762.99521991539,50761.695450238214,50761.6953994765,42224.3904152686,1443.6956980065786,lexicographic,5.0761695399476505e-05,4.222439037304422e-05,False,0.1504488999999012,0.0,1,0
2025-11-07,False,calendar_trend,4,1.0,7,1.0,0,calibrated_quantile,2025-10-10;2025-10-11;2025-10-12;2025-10-13;2025-10-14;2025-10-15;2025-10-16;2025-10-17;2025-10-18;2025-10-19;2025-10-20;2025-10-21;2025-10-22;2025-10-23;2025-10-24;2025-10-25;2025-10-26;2025-10-27;2025-10-28;2025-10-29;2025-10-30;2025-10-31;2025-11-01;2025-11-02;2025-11-03;2025-11-04;2025-11-05;2025-11-06,28,7234.0313952894685,2025-10-10;2025-10-11;2025-10-12;2025-10-13;2025-10-14;2025-10-15;2025-10-16;2025-10-17;2025-10-18;2025-10-19;2025-10-20;2025-10-21;2025-10-22;2025-10-23;2025-10-24;2025-10-25;2025-10-26;2025-10-27;2025-10-28;2025-10-29;2025-10-30;2025-10-31;2025-11-01;2025-11-02;2025-11-03;2025-11-04;2025-11-05;2025-11-06,2025-10-24;2025-10-25;2025-10-26;2025-10-27;2025-10-28;2025-10-29;2025-10-30;2025-10-31;2025-11-01;2025-11-02;2025-11-03;2025-11-04;2025-11-05;2025-11-06,,2025-11-06,6901.495269352668,8124.825498263958,8101.495269352668,17.147483241503735,20.73965100984859,25.9624083322326,46.287366146322114,37155.59919167463,113.74935033520316,10488.234963388873,20045.348293495972,509.30196834273966,20554.650261838713,20045.348293495972,20045.348273450614,33207.33769216275,1283.1264731355345,lexicographic,2.0045348273450615e-05,3.320733769216275e-05,False,0.26567150000119,0.0,1,0
2025-11-08,False,calendar_trend,4,1.0,7,1.0,0,calibrated_quantile,2025-10-11;2025-10-12;2025-10-13;2025-10-14;2025-10-15;2025-10-16;2025-10-17;2025-10-18;2025-10-19;2025-10-20;2025-10-21;2025-10-22;2025-10-23;2025-10-24;2025-10-25;2025-10-26;2025-10-27;2025-10-28;2025-10-29;2025-10-30;2025-10-31;2025-11-01;2025-11-02;2025-11-03;2025-11-04;2025-11-05;2025-11-06;2025-11-07,28,7199.078669959481,2025-10-11;2025-10-12;2025-10-13;2025-10-14;2025-10-15;2025-10-16;2025-10-17;2025-10-18;2025-10-19;2025-10-20;2025-10-21;2025-10-22;2025-10-23;2025-10-24;2025-10-25;2025-10-26;2025-10-27;2025-10-28;2025-10-29;2025-10-30;2025-10-31;2025-11-01;2025-11-02;2025-11-03;2025-11-04;2025-11-05;2025-11-06;2025-11-07,2025-10-25;2025-10-26;2025-10-27;2025-10-28;2025-10-29;2025-10-30;2025-10-31;2025-11-01;2025-11-02;2025-11-03;2025-11-04;2025-11-05;2025-11-06;2025-11-07,,2025-11-07,6878.165040441366,8101.495269352668,8078.165040441366,16.84650936681992,21.1059736439722,10.470371995930293,19.984345515347936,37199.80656972692,83.3219182390938,10029.609700108615,19953.589598862945,213.9822854560873,20167.571884319033,19953.58959886295,19953.589578909363,33204.09772138017,1269.2741773279272,lexicographic,1.9953589578909365e-05,3.320409772138018e-05,False,0.24028370000087307,1.823220224463773e-16,1,0
2025-11-09,False,calendar_trend,4,1.0,7,1.0,0,calibrated_quantile,2025-10-12;2025-10-13;2025-10-14;2025-10-15;2025-10-16;2025-10-17;2025-10-18;2025-10-19;2025-10-20;2025-10-21;2025-10-22;2025-10-23;2025-10-24;2025-10-25;2025-10-26;2025-10-27;2025-10-28;2025-10-29;2025-10-30;2025-10-31;2025-11-01;2025-11-02;2025-11-03;2025-11-04;2025-11-05;2025-11-06;2025-11-07;2025-11-08,28,6978.16665411408,2025-10-12;2025-10-13;2025-10-14;2025-10-15;2025-10-16;2025-10-17;2025-10-18;2025-10-19;2025-10-20;2025-10-21;2025-10-22;2025-10-23;2025-10-24;2025-10-25;2025-10-26;2025-10-27;2025-10-28;2025-10-29;2025-10-30;2025-10-31;2025-11-01;2025-11-02;2025-11-03;2025-11-04;2025-11-05;2025-11-06;2025-11-07;2025-11-08,2025-10-26;2025-10-27;2025-10-28;2025-10-29;2025-10-30;2025-10-31;2025-11-01;2025-11-02;2025-11-03;2025-11-04;2025-11-05;2025-11-06;2025-11-07;2025-11-08,,2025-11-08,6838.463914295724,8078.165040441366,8038.463914295724,21.142112795891286,26.876701800257386,17.317742319137988,35.30243413911853,81629.76475684512,477.2027673872666,6391.505542820439,51338.595013458864,1797.7313431252046,53136.32635658407,51338.59501345886,51338.59496212027,41993.20585044453,1443.470652604719,lexicographic,5.133859496212027e-05,4.199320580845134e-05,False,0.1682258999971964,0.0,1,0
2025-11-10,False,calendar_trend,4,1.0,7,1.0,0,calibrated_quantile,2025-10-13;2025-10-14;2025-10-15;2025-10-16;2025-10-17;2025-10-18;2025-10-19;2025-10-20;2025-10-21;2025-10-22;2025-10-23;2025-10-24;2025-10-25;2025-10-26;2025-10-27;2025-10-28;2025-10-29;2025-10-30;2025-10-31;2025-11-01;2025-11-02;2025-11-03;2025-11-04;2025-11-05;2025-11-06;2025-11-07;2025-11-08;2025-11-09,28,6784.948654391805,2025-10-13;2025-10-14;2025-10-15;2025-10-16;2025-10-17;2025-10-18;2025-10-19;2025-10-20;2025-10-21;2025-10-22;2025-10-23;2025-10-24;2025-10-25;2025-10-26;2025-10-27;2025-10-28;2025-10-29;2025-10-30;2025-10-31;2025-11-01;2025-11-02;2025-11-03;2025-11-04;2025-11-05;2025-11-06;2025-11-07;2025-11-08;2025-11-09,2025-10-27;2025-10-28;2025-10-29;2025-10-30;2025-10-31;2025-11-01;2025-11-02;2025-11-03;2025-11-04;2025-11-05;2025-11-06;2025-11-07;2025-11-08;2025-11-09,,2025-11-09,6798.762788150059,8038.463914295724,7998.762788150059,20.864178873443947,25.057356254129722,20.192722245505326,35.734220152003736,82243.45392519316,488.311646429759,4497.468033041845,51770.12490731184,1803.095194230656,53573.220101542494,51770.12490731183,51770.12485554171,42061.88716259972,1445.881965276587,lexicographic,5.177012485554171e-05,4.2061887120537826e-05,False,0.2516902999996091,0.0,1,0
2025-11-11,False,calendar_trend,4,1.0,7,1.0,0,calibrated_quantile,2025-10-14;2025-10-15;2025-10-16;2025-10-17;2025-10-18;2025-10-19;2025-10-20;2025-10-21;2025-10-22;2025-10-23;2025-10-24;2025-10-25;2025-10-26;2025-10-27;2025-10-28;2025-10-29;2025-10-30;2025-10-31;2025-11-01;2025-11-02;2025-11-03;2025-11-04;2025-11-05;2025-11-06;2025-11-07;2025-11-08;2025-11-09;2025-11-10,28,6789.172727562389,2025-10-14;2025-10-15;2025-10-16;2025-10-17;2025-10-18;2025-10-19;2025-10-20;2025-10-21;2025-10-22;2025-10-23;2025-10-24;2025-10-25;2025-10-26;2025-10-27;2025-10-28;2025-10-29;2025-10-30;2025-10-31;2025-11-01;2025-11-02;2025-11-03;2025-11-04;2025-11-05;2025-11-06;2025-11-07;2025-11-08;2025-11-09;2025-11-10,2025-10-28;2025-10-29;2025-10-30;2025-10-31;2025-11-01;2025-11-02;2025-11-03;2025-11-04;2025-11-05;2025-11-06;2025-11-07;2025-11-08;2025-11-09;2025-11-10,,2025-11-10,6759.061662004395,7998.762788150059,7959.061662004395,15.859410983053657,19.711903499187944,10.652390419407075,21.418101862120984,82771.89188688857,82.40035152840383,6901.129049028451,52120.50203340283,179.6064226440078,52300.10845604684,52120.50203340283,52120.50198128232,42236.11475362503,1446.121399858158,lexicographic,5.212050198128233e-05,4.223611471138892e-05,False,0.2893579999981739,0.0,1,0
2025-11-12,False,calendar_trend,4,1.0,7,1.0,0,calibrated_quantile,2025-10-15;2025-10-16;2025-10-17;2025-10-18;2025-10-19;2025-10-20;2025-10-21;2025-10-22;2025-10-23;2025-10-24;2025-10-25;2025-10-26;2025-10-27;2025-10-28;2025-10-29;2025-10-30;2025-10-31;2025-11-01;2025-11-02;2025-11-03;2025-11-04;2025-11-05;2025-11-06;2025-11-07;2025-11-08;2025-11-09;2025-11-10;2025-11-11,28,6488.108823578691,2025-10-15;2025-10-16;2025-10-17;2025-10-18;2025-10-19;2025-10-20;2025-10-21;2025-10-22;2025-10-23;2025-10-24;2025-10-25;2025-10-26;2025-10-27;2025-10-28;2025-10-29;2025-10-30;2025-10-31;2025-11-01;2025-11-02;2025-11-03;2025-11-04;2025-11-05;2025-11-06;2025-11-07;2025-11-08;2025-11-09;2025-11-10;2025-11-11,2025-10-29;2025-10-30;2025-10-31;2025-11-01;2025-11-02;2025-11-03;2025-11-04;2025-11-05;2025-11-06;2025-11-07;2025-11-08;2025-11-09;2025-11-10;2025-11-11,,2025-11-11,6719.360535858752,7959.061662004395,7919.360535858752,19.425545572856095,24.355347836723602,14.549753517242854,29.631499319531983,82559.59531103019,126.19174126415103,7360.12529114927,52017.86717427087,557.9296422089903,52575.79681647986,52017.86717427087,52017.867122253025,42003.01045913027,1439.1381373752392,lexicographic,5.201786712225303e-05,4.200301041712727e-05,False,0.1264697000005981,0.0,1,0
2025-11-13,False,calendar_trend,4,1.0,7,1.0,0,calibrated_quantile,2025-10-16;2025-10-17;2025-10-18;2025-10-19;2025-10-20;2025-10-21;2025-10-22;2025-10-23;2025-10-24;2025-10-25;2025-10-26;2025-10-27;2025-10-28;2025-10-29;2025-10-30;2025-10-31;2025-11-01;2025-11-02;2025-11-03;2025-11-04;2025-11-05;2025-11-06;2025-11-07;2025-11-08;2025-11-09;2025-11-10;2025-11-11;2025-11-12,28,6243.672580606475,2025-10-16;2025-10-17;2025-10-18;2025-10-19;2025-10-20;2025-10-21;2025-10-22;2025-10-23;2025-10-24;2025-10-25;2025-10-26;2025-10-27;2025-10-28;2025-10-29;2025-10-30;2025-10-31;2025-11-01;2025-11-02;2025-11-03;2025-11-04;2025-11-05;2025-11-06;2025-11-07;2025-11-08;2025-11-09;2025-11-10;2025-11-11;2025-11-12,2025-10-30;2025-10-31;2025-11-01;2025-11-02;2025-11-03;2025-11-04;2025-11-05;2025-11-06;2025-11-07;2025-11-08;2025-11-09;2025-11-10;2025-11-11;2025-11-12,,2025-11-12,6679.659409713087,7919.360535858752,7879.659409713087,17.250307248978572,21.930227014345707,21.685341377851195,42.689967365420664,82375.39613201517,429.2305873212757,6005.973380155612,51965.63911033524,1272.3992236120123,53238.038333947254,51965.63911033524,51965.63905836961,42318.40783059399,1438.6207999301769,lexicographic,5.196563905836961e-05,4.231840778827558e-05,False,0.13984569999956875,0.0,1,0
2025-11-14,False,calendar_trend,4,1.0,7,1.0,0,calibrated_quantile,2025-10-17;2025-10-18;2025-10-19;2025-10-20;2025-10-21;2025-10-22;2025-10-23;2025-10-24;2025-10-25;2025-10-26;2025-10-27;2025-10-28;2025-10-29;2025-10-30;2025-10-31;2025-11-01;2025-11-02;2025-11-03;2025-11-04;2025-11-05;2025-11-06;2025-11-07;2025-11-08;2025-11-09;2025-11-10;2025-11-11;2025-11-12;2025-11-13,28,6130.912571159644,2025-10-17;2025-10-18;2025-10-19;2025-10-20;2025-10-21;2025-10-22;2025-10-23;2025-10-24;2025-10-25;2025-10-26;2025-10-27;2025-10-28;2025-10-29;2025-10-30;2025-10-31;2025-11-01;2025-11-02;2025-11-03;2025-11-04;2025-11-05;2025-11-06;2025-11-07;2025-11-08;2025-11-09;2025-11-10;2025-11-11;2025-11-12;2025-11-13,2025-10-31;2025-11-01;2025-11-02;2025-11-03;2025-11-04;2025-11-05;2025-11-06;2025-11-07;2025-11-08;2025-11-09;2025-11-10;2025-11-11;2025-11-12;2025-11-13,,2025-11-13,6639.958283567445,7879.659409713087,7839.958283567445,15.631625874399768,19.76266362592792,16.06750007533501,31.399778092700398,37344.26672493544,165.28482916426617,6393.876314689572,19993.741629073007,543.2648760281444,20537.00650510115,19993.741629073003,19993.74160907926,33882.26377576057,1268.551989839032,lexicographic,1.999374160907926e-05,3.3882263741878304e-05,False,0.2193831999975373,0.0,1,0
2025-11-15,False,calendar_trend,4,1.0,7,1.0,0,calibrated_quantile,2025-10-18;2025-10-19;2025-10-20;2025-10-21;2025-10-22;2025-10-23;2025-10-24;2025-10-25;2025-10-26;2025-10-27;2025-10-28;2025-10-29;2025-10-30;2025-10-31;2025-11-01;2025-11-02;2025-11-03;2025-11-04;2025-11-05;2025-11-06;2025-11-07;2025-11-08;2025-11-09;2025-11-10;2025-11-11;2025-11-12;2025-11-13;2025-11-14,28,6097.259444159137,2025-10-18;2025-10-19;2025-10-20;2025-10-21;2025-10-22;2025-10-23;2025-10-24;2025-10-25;2025-10-26;2025-10-27;2025-10-28;2025-10-29;2025-10-30;2025-10-31;2025-11-01;2025-11-02;2025-11-03;2025-11-04;2025-11-05;2025-11-06;2025-11-07;2025-11-08;2025-11-09;2025-11-10;2025-11-11;2025-11-12;2025-11-13;2025-11-14,2025-11-01;2025-11-02;2025-11-03;2025-11-04;2025-11-05;2025-11-06;2025-11-07;2025-11-08;2025-11-09;2025-11-10;2025-11-11;2025-11-12;2025-11-13;2025-11-14,,2025-11-14,6600.25715742178,7839.958283567445,7800.25715742178,16.725698582111413,21.119087453965747,8.540166706117866,18.47923039671019,37261.1023574416,288.66152330483254,5849.016579989515,19888.574052936965,1070.105969936903,20958.68002287387,19888.57405293696,19888.574033048393,33612.101696134574,1266.115927203663,lexicographic,1.9888574033048393e-05,3.3612101696149565e-05,False,0.22737929999857442,0.0,1,0
2025-11-16,False,calendar_trend,4,1.0,7,1.0,0,calibrated_quantile,2025-10-19;2025-10-20;2025-10-21;2025-10-22;2025-10-23;2025-10-24;2025-10-25;2025-10-26;2025-10-27;2025-10-28;2025-10-29;2025-10-30;2025-10-31;2025-11-01;2025-11-02;2025-11-03;2025-11-04;2025-11-05;2025-11-06;2025-11-07;2025-11-08;2025-11-09;2025-11-10;2025-11-11;2025-11-12;2025-11-13;2025-11-14;2025-11-15,28,6123.471620618744,2025-10-19;2025-10-20;2025-10-21;2025-10-22;2025-10-23;2025-10-24;2025-10-25;2025-10-26;2025-10-27;2025-10-28;2025-10-29;2025-10-30;2025-10-31;2025-11-01;2025-11-02;2025-11-03;2025-11-04;2025-11-05;2025-11-06;2025-11-07;2025-11-08;2025-11-09;2025-11-10;2025-11-11;2025-11-12;2025-11-13;2025-11-14;2025-11-15,2025-11-02;2025-11-03;2025-11-04;2025-11-05;2025-11-06;2025-11-07;2025-11-08;2025-11-09;2025-11-10;2025-11-11;2025-11-12;2025-11-13;2025-11-14;2025-11-15,,2025-11-15,6560.556031276115,7800.25715742178,7760.556031276115,22.284804456361897,27.79518347897304,14.384391001650808,31.803339687078427,83789.42516097789,548.5788604341642,5424.827862027765,52887.68748404658,2121.4033908410347,55009.09087488762,52887.68748404658,52887.6874311589,43040.97653533914,1447.1113696543007,lexicographic,5.28876874311589e-05,4.304097649229817e-05,False,0.07879379999940284,0.0,1,0
2025-11-17,False,calendar_trend,4,1.0,7,1.0,0,calibrated_quantile,2025-10-20;2025-10-21;2025-10-22;2025-10-23;2025-10-24;2025-10-25;2025-10-26;2025-10-27;2025-10-28;2025-10-29;2025-10-30;2025-10-31;2025-11-01;2025-11-02;2025-11-03;2025-11-04;2025-11-05;2025-11-06;2025-11-07;2025-11-08;2025-11-09;2025-11-10;2025-11-11;2025-11-12;2025-11-13;2025-11-14;2025-11-15;2025-11-16,28,6078.435638976781,2025-10-20;2025-10-21;2025-10-22;2025-10-23;2025-10-24;2025-10-25;2025-10-26;2025-10-27;2025-10-28;2025-10-29;2025-10-30;2025-10-31;2025-11-01;2025-11-02;2025-11-03;2025-11-04;2025-11-05;2025-11-06;2025-11-07;2025-11-08;2025-11-09;2025-11-10;2025-11-11;2025-11-12;2025-11-13;2025-11-14;2025-11-15;2025-11-16,2025-11-03;2025-11-04;2025-11-05;2025-11-06;2025-11-07;2025-11-08;2025-11-09;2025-11-10;2025-11-11;2025-11-12;2025-11-13;2025-11-14;2025-11-15;2025-11-16,,2025-11-16,6520.8549051304735,7760.556031276115,7720.8549051304735,19.80031289482021,24.55116444633293,11.80232257393517,22.822770770817883,84967.00681640895,113.3470358153391,7797.381429720774,53698.73139701501,317.9178288655369,54016.64922588055,53698.73139701501,53698.731343316285,44075.404044527386,1442.7669404905328,lexicographic,5.369873134331629e-05,4.407540400045198e-05,False,0.2657839999992575,0.0,1,0
2025-11-18,False,calendar_trend,4,1.0,7,1.0,0,calibrated_quantile,2025-10-21;2025-10-22;2025-10-23;2025-10-24;2025-10-25;2025-10-26;2025-10-27;2025-10-28;2025-10-29;2025-10-30;2025-10-31;2025-11-01;2025-11-02;2025-11-03;2025-11-04;2025-11-05;2025-11-06;2025-11-07;2025-11-08;2025-11-09;2025-11-10;2025-11-11;2025-11-12;2025-11-13;2025-11-14;2025-11-15;2025-11-16;2025-11-17,28,5943.49065900484,2025-10-21;2025-10-22;2025-10-23;2025-10-24;2025-10-25;2025-10-26;2025-10-27;2025-10-28;2025-10-29;2025-10-30;2025-10-31;2025-11-01;2025-11-02;2025-11-03;2025-11-04;2025-11-05;2025-11-06;2025-11-07;2025-11-08;2025-11-09;2025-11-10;2025-11-11;2025-11-12;2025-11-13;2025-11-14;2025-11-15;2025-11-16;2025-11-17,2025-11-04;2025-11-05;2025-11-06;2025-11-07;2025-11-08;2025-11-09;2025-11-10;2025-11-11;2025-11-12;2025-11-13;2025-11-14;2025-11-15;2025-11-16;2025-11-17,,2025-11-17,6481.153778984809,7720.8549051304735,7681.153778984809,19.65971633989148,25.842718106177788,15.249039395768875,32.68404436558465,84459.14957070429,398.7822263309363,5437.1872080619205,53297.57754015389,1205.2231473739912,54502.80068752788,53297.57754015389,53297.57748685633,43532.16270931873,1449.367721104238,lexicographic,5.329757748685634e-05,4.353216270934096e-05,False,0.37678199999936623,0.0,1,0
2025-11-19,False,calendar_trend,4,1.0,7,1.0,0,calibrated_quantile,2025-10-22;2025-10-23;2025-10-24;2025-10-25;2025-10-26;2025-10-27;2025-10-28;2025-10-29;2025-10-30;2025-10-31;2025-11-01;2025-11-02;2025-11-03;2025-11-04;2025-11-05;2025-11-06;2025-11-07;2025-11-08;2025-11-09;2025-11-10;2025-11-11;2025-11-12;2025-11-13;2025-11-14;2025-11-15;2025-11-16;2025-11-17;2025-11-18,28,5721.638159655948,2025-10-22;2025-10-23;2025-10-24;2025-10-25;2025-10-26;2025-10-27;2025-10-28;2025-10-29;2025-10-30;2025-10-31;2025-11-01;2025-11-02;2025-11-03;2025-11-04;2025-11-05;2025-11-06;2025-11-07;2025-11-08;2025-11-09;2025-11-10;2025-11-11;2025-11-12;2025-11-13;2025-11-14;2025-11-15;2025-11-16;2025-11-17;2025-11-18,2025-11-05;2025-11-06;2025-11-07;2025-11-08;2025-11-09;2025-11-10;2025-11-11;2025-11-12;2025-11-13;2025-11-14;2025-11-15;2025-11-16;2025-11-17;2025-11-18,,2025-11-18,6467.466689589869,7681.153778984809,7667.466689589869,18.49624152702085,23.550253358549675,12.906033821327014,25.769765163656245,84573.60112669025,357.9057162707253,5018.4041935617015,53369.3243757422,1266.732785793822,54636.057161536024,53369.32437574221,53369.324322372864,43424.78189643999,1426.8997338382117,lexicographic,5.336932432237287e-05,4.3424781853015215e-05,False,0.2710542999993777,2.7112593737472258e-08,1,0
2025-11-20,False,calendar_trend,4,1.0,7,1.0,0,calibrated_quantile,2025-10-23;2025-10-24;2025-10-25;2025-10-26;2025-10-27;2025-10-28;2025-10-29;2025-10-30;2025-10-31;2025-11-01;2025-11-02;2025-11-03;2025-11-04;2025-11-05;2025-11-06;2025-11-07;2025-11-08;2025-11-09;2025-11-10;2025-11-11;2025-11-12;2025-11-13;2025-11-14;2025-11-15;2025-11-16;2025-11-17;2025-11-18;2025-11-19,28,5665.0530229675205,2025-10-23;2025-10-24;2025-10-25;2025-10-26;2025-10-27;2025-10-28;2025-10-29;2025-10-30;2025-10-31;2025-11-01;2025-11-02;2025-11-03;2025-11-04;2025-11-05;2025-11-06;2025-11-07;2025-11-08;2025-11-09;2025-11-10;2025-11-11;2025-11-12;2025-11-13;2025-11-14;2025-11-15;2025-11-16;2025-11-17;2025-11-18;2025-11-19,2025-11-06;2025-11-07;2025-11-08;2025-11-09;2025-11-10;2025-11-11;2025-11-12;2025-11-13;2025-11-14;2025-11-15;2025-11-16;2025-11-17;2025-11-18;2025-11-19,,2025-11-19,6453.779600194922,7667.466689589869,7653.779600194922,17.914750520276552,22.94030471055782,12.175955575110994,24.928895856508394,84777.46850844954,238.08139598450137,5677.682828697285,53489.99441791531,890.8689437139485,54380.86336162926,53489.9944179153,53489.99436442531,43424.7818297953,1433.7135079828088,lexicographic,5.348999436442531e-05,4.342478182979495e-05,False,0.22147770000083256,6.71631669064748e-08,1,0
2025-11-21,False,calendar_trend,4,1.0,7,1.0,0,calibrated_quantile,2025-10-24;2025-10-25;2025-10-26;2025-10-27;2025-10-28;2025-10-29;2025-10-30;2025-10-31;2025-11-01;2025-11-02;2025-11-03;2025-11-04;2025-11-05;2025-11-06;2025-11-07;2025-11-08;2025-11-09;2025-11-10;2025-11-11;2025-11-12;2025-11-13;2025-11-14;2025-11-15;2025-11-16;2025-11-17;2025-11-18;2025-11-19;2025-11-20,28,5697.991291558118,2025-10-24;2025-10-25;2025-10-26;2025-10-27;2025-10-28;2025-10-29;2025-10-30;2025-10-31;2025-11-01;2025-11-02;2025-11-03;2025-11-04;2025-11-05;2025-11-06;2025-11-07;2025-11-08;2025-11-09;2025-11-10;2025-11-11;2025-11-12;2025-11-13;2025-11-14;2025-11-15;2025-11-16;2025-11-17;2025-11-18;2025-11-19;2025-11-20,2025-11-07;2025-11-08;2025-11-09;2025-11-10;2025-11-11;2025-11-12;2025-11-13;2025-11-14;2025-11-15;2025-11-16;2025-11-17;2025-11-18;2025-11-19;2025-11-20,,2025-11-20,6440.092510799974,7653.779600194922,7640.092510799974,16.421915130271834,20.86042533325814,10.339581698190727,21.275944175575226,38789.16378285937,160.92983935156883,6519.3229701820965,20745.016556236595,408.1013734449674,21153.11792968156,20745.016556236595,20745.016535491577,34104.19200219185,1314.4910394070691,lexicographic,2.074501653549158e-05,3.410419200219185e-05,False,0.504612000000634,0.0,1,0
2025-11-22,False,calendar_trend,4,1.0,7,1.0,0,calibrated_quantile,2025-10-25;2025-10-26;2025-10-27;2025-10-28;2025-10-29;2025-10-30;2025-10-31;2025-11-01;2025-11-02;2025-11-03;2025-11-04;2025-11-05;2025-11-06;2025-11-07;2025-11-08;2025-11-09;2025-11-10;2025-11-11;2025-11-12;2025-11-13;2025-11-14;2025-11-15;2025-11-16;2025-11-17;2025-11-18;2025-11-19;2025-11-20;2025-11-21,28,5704.559072702685,2025-10-25;2025-10-26;2025-10-27;2025-10-28;2025-10-29;2025-10-30;2025-10-31;2025-11-01;2025-11-02;2025-11-03;2025-11-04;2025-11-05;2025-11-06;2025-11-07;2025-11-08;2025-11-09;2025-11-10;2025-11-11;2025-11-12;2025-11-13;2025-11-14;2025-11-15;2025-11-16;2025-11-17;2025-11-18;2025-11-19;2025-11-20;2025-11-21,2025-11-08;2025-11-09;2025-11-10;2025-11-11;2025-11-12;2025-11-13;2025-11-14;2025-11-15;2025-11-16;2025-11-17;2025-11-18;2025-11-19;2025-11-20;2025-11-21,,2025-11-21,6426.405421405035,7640.092510799974,7626.405421405035,18.44555265164845,21.669605270139016,10.596550817636551,22.008371786030455,38934.97369129233,204.9904585982873,5346.79953513845,20660.78261351567,797.4958322677652,21458.278445783435,20660.782613515672,20660.782592854877,34170.38604620518,1315.6343541501587,lexicographic,2.0660782592854878e-05,3.417038604620518e-05,False,0.42663010000251234,0.0,1,0
2025-11-23,False,calendar_trend,4,1.0,7,1.0,0,calibrated_quantile,2025-10-26;2025-10-27;2025-10-28;2025-10-29;2025-10-30;2025-10-31;2025-11-01;2025-11-02;2025-11-03;2025-11-04;2025-11-05;2025-11-06;2025-11-07;2025-11-08;2025-11-09;2025-11-10;2025-11-11;2025-11-12;2025-11-13;2025-11-14;2025-11-15;2025-11-16;2025-11-17;2025-11-18;2025-11-19;2025-11-20;2025-11-21;2025-11-22,28,5758.885203414085,2025-10-26;2025-10-27;2025-10-28;2025-10-29;2025-10-30;2025-10-31;2025-11-01;2025-11-02;2025-11-03;2025-11-04;2025-11-05;2025-11-06;2025-11-07;2025-11-08;2025-11-09;2025-11-10;2025-11-11;2025-11-12;2025-11-13;2025-11-14;2025-11-15;2025-11-16;2025-11-17;2025-11-18;2025-11-19;2025-11-20;2025-11-21;2025-11-22,2025-11-09;2025-11-10;2025-11-11;2025-11-12;2025-11-13;2025-11-14;2025-11-15;2025-11-16;2025-11-17;2025-11-18;2025-11-19;2025-11-20;2025-11-21;2025-11-22,,2025-11-22,6412.718332010087,7626.405421405035,7612.718332010087,17.98745106765255,22.451912554773948,22.80549826762936,41.35063559356387,85662.64424803137,505.5193309548026,6339.876924750226,53934.312066095416,2264.086134224617,56198.398200320036,53934.31206609541,53934.31201216112,43914.42806444557,1422.8378672188594,lexicographic,5.3934312012161126e-05,4.391442802053114e-05,False,0.18230820000098902,0.0,1,0
2025-11-24,False,calendar_trend,4,1.0,7,1.0,0,calibrated_quantile,2025-10-27;2025-10-28;2025-10-29;2025-10-30;2025-10-31;2025-11-01;2025-11-02;2025-11-03;2025-11-04;2025-11-05;2025-11-06;2025-11-07;2025-11-08;2025-11-09;2025-11-10;2025-11-11;2025-11-12;2025-11-13;2025-11-14;2025-11-15;2025-11-16;2025-11-17;2025-11-18;2025-11-19;2025-11-20;2025-11-21;2025-11-22;2025-11-23,28,5890.43868720979,2025-10-27;2025-10-28;2025-10-29;2025-10-30;2025-10-31;2025-11-01;2025-11-02;2025-11-03;2025-11-04;2025-11-05;2025-11-06;2025-11-07;2025-11-08;2025-11-09;2025-11-10;2025-11-11;2025-11-12;2025-11-13;2025-11-14;2025-11-15;2025-11-16;2025-11-17;2025-11-18;2025-11-19;2025-11-20;2025-11-21;2025-11-22;2025-11-23,2025-11-10;2025-11-11;2025-11-12;2025-11-13;2025-11-14;2025-11-15;2025-11-16;2025-11-17;2025-11-18;2025-11-19;2025-11-20;2025-11-21;2025-11-22;2025-11-23,,2025-11-23,6399.031242615148,7612.718332010087,7599.031242615148,17.59969101449204,21.16340401992987,17.46356530877942,37.02865619922746,86192.5278101859,208.13620866470745,7605.600253843873,54313.10242322651,784.0193889437035,55097.12181217022,54313.10242322652,54313.10236891339,44266.23199248997,1446.4590343308355,lexicographic,5.431310236891339e-05,4.426623194822373e-05,False,0.3095178000003216,0.0,1,0
2025-11-25,False,calendar_trend,4,1.0,7,1.0,0,calibrated_quantile,2025-10-28;2025-10-29;2025-10-30;2025-10-31;2025-11-01;2025-11-02;2025-11-03;2025-11-04;2025-11-05;2025-11-06;2025-11-07;2025-11-08;2025-11-09;2025-11-10;2025-11-11;2025-11-12;2025-11-13;2025-11-14;2025-11-15;2025-11-16;2025-11-17;2025-11-18;2025-11-19;2025-11-20;2025-11-21;2025-11-22;2025-11-23;2025-11-24,28,5926.298338895365,2025-10-28;2025-10-29;2025-10-30;2025-10-31;2025-11-01;2025-11-02;2025-11-03;2025-11-04;2025-11-05;2025-11-06;2025-11-07;2025-11-08;2025-11-09;2025-11-10;2025-11-11;2025-11-12;2025-11-13;2025-11-14;2025-11-15;2025-11-16;2025-11-17;2025-11-18;2025-11-19;2025-11-20;2025-11-21;2025-11-22;2025-11-23;2025-11-24,2025-11-11;2025-11-12;2025-11-13;2025-11-14;2025-11-15;2025-11-16;2025-11-17;2025-11-18;2025-11-19;2025-11-20;2025-11-21;2025-11-22;2025-11-23;2025-11-24,,2025-11-24,6385.3441532202,7599.031242615148,7585.3441532202,19.830326249492188,25.18607981529142,9.863435952598161,19.122492289425843,86033.03381856896,227.73767577756774,5444.708357966334,54214.213280456606,929.089834455254,55143.30311491186,54214.2132804566,54214.21322624238,44402.292595223225,1466.7574410382954,lexicographic,5.421421322624238e-05,4.440229259523688e-05,False,0.30042230000253767,0.0,1,0
2025-11-26,False,calendar_trend,4,1.0,7,1.0,0,calibrated_quantile,2025-10-29;2025-10-30;2025-10-31;2025-11-01;2025-11-02;2025-11-03;2025-11-04;2025-11-05;2025-11-06;2025-11-07;2025-11-08;2025-11-09;2025-11-10;2025-11-11;2025-11-12;2025-11-13;2025-11-14;2025-11-15;2025-11-16;2025-11-17;2025-11-18;2025-11-19;2025-11-20;2025-11-21;2025-11-22;2025-11-23;2025-11-24;2025-11-25,28,5923.090475116214,2025-10-29;2025-10-30;2025-10-31;2025-11-01;2025-11-02;2025-11-03;2025-11-04;2025-11-05;2025-11-06;2025-11-07;2025-11-08;2025-11-09;2025-11-10;2025-11-11;2025-11-12;2025-11-13;2025-11-14;2025-11-15;2025-11-16;2025-11-17;2025-11-18;2025-11-19;2025-11-20;2025-11-21;2025-11-22;2025-11-23;2025-11-24;2025-11-25,2025-11-12;2025-11-13;2025-11-14;2025-11-15;2025-11-16;2025-11-17;2025-11-18;2025-11-19;2025-11-20;2025-11-21;2025-11-22;2025-11-23;2025-11-24;2025-11-25,,2025-11-25,6371.657063825252,7585.3441532202,7571.657063825252,19.81773961972087,25.111240677300774,10.897566158402364,23.02612863849744,86332.89206871766,195.58841549330208,5142.585777362212,54436.036162316595,795.563750732002,55231.599913048594,54436.03616231659,54436.03610788055,44219.62695512539,1446.0915794984535,lexicographic,5.443603610788055e-05,4.4219626910905774e-05,False,0.09914080000089598,0.0,1,0
2025-11-27,False,calendar_trend,4,1.0,7,1.0,0,calibrated_quantile,2025-10-30;2025-10-31;2025-11-01;2025-11-02;2025-11-03;2025-11-04;2025-11-05;2025-11-06;2025-11-07;2025-11-08;2025-11-09;2025-11-10;2025-11-11;2025-11-12;2025-11-13;2025-11-14;2025-11-15;2025-11-16;2025-11-17;2025-11-18;2025-11-19;2025-11-20;2025-11-21;2025-11-22;2025-11-23;2025-11-24;2025-11-25;2025-11-26,28,5665.346159837431,2025-10-30;2025-10-31;2025-11-01;2025-11-02;2025-11-03;2025-11-04;2025-11-05;2025-11-06;2025-11-07;2025-11-08;2025-11-09;2025-11-10;2025-11-11;2025-11-12;2025-11-13;2025-11-14;2025-11-15;2025-11-16;2025-11-17;2025-11-18;2025-11-19;2025-11-20;2025-11-21;2025-11-22;2025-11-23;2025-11-24;2025-11-25;2025-11-26,2025-11-13;2025-11-14;2025-11-15;2025-11-16;2025-11-17;2025-11-18;2025-11-19;2025-11-20;2025-11-21;2025-11-22;2025-11-23;2025-11-24;2025-11-25;2025-11-26,,2025-11-26,6357.9699744303125,7571.657063825252,7557.9699744303125,17.474321505572828,22.382397322316187,14.358825185102198,27.50869543850983,86077.81255432485,320.8914614487645,5990.9474158547955,54364.49385853717,1297.3124546542401,55661.80631319141,54364.49385853717,54364.49380417268,44206.63347068751,1469.2483943905545,lexicographic,5.436449380417268e-05,4.420663342648089e-05,False,0.19387900000219815,0.0,1,0
2025-11-28,False,calendar_trend,4,1.0,7,1.0,0,calibrated_quantile,2025-10-31;2025-11-01;2025-11-02;2025-11-03;2025-11-04;2025-11-05;2025-11-06;2025-11-07;2025-11-08;2025-11-09;2025-11-10;2025-11-11;2025-11-12;2025-11-13;2025-11-14;2025-11-15;2025-11-16;2025-11-17;2025-11-18;2025-11-19;2025-11-20;2025-11-21;2025-11-22;2025-11-23;2025-11-24;2025-11-25;2025-11-26;2025-11-27,28,5662.3629670933815,2025-10-31;2025-11-01;2025-11-02;2025-11-03;2025-11-04;2025-11-05;2025-11-06;2025-11-07;2025-11-08;2025-11-09;2025-11-10;2025-11-11;2025-11-12;2025-11-13;2025-11-14;2025-11-15;2025-11-16;2025-11-17;2025-11-18;2025-11-19;2025-11-20;2025-11-21;2025-11-22;2025-11-23;2025-11-24;2025-11-25;2025-11-26;2025-11-27,2025-11-14;2025-11-15;2025-11-16;2025-11-17;2025-11-18;2025-11-19;2025-11-20;2025-11-21;2025-11-22;2025-11-23;2025-11-24;2025-11-25;2025-11-26;2025-11-27,,2025-11-27,6344.282885035365,7557.9699744303125,7544.282885035365,17.373896545025985,21.269406843453684,9.67004402462634,18.93962523379972,39621.27523363895,192.0698366144717,5232.47336947675,21076.16002807224,856.1096629442619,21932.269691016503,21076.16002807224,21076.16000699608,34992.48823061412,1324.6994113534104,lexicographic,2.1076160006996083e-05,3.499248823061412e-05,False,0.439596200001688,0.0,1,0
2025-11-29,False,calendar_trend,4,1.0,7,1.0,0,calibrated_quantile,2025-11-01;2025-11-02;2025-11-03;2025-11-04;2025-11-05;2025-11-06;2025-11-07;2025-11-08;2025-11-09;2025-11-10;2025-11-11;2025-11-12;2025-11-13;2025-11-14;2025-11-15;2025-11-16;2025-11-17;2025-11-18;2025-11-19;2025-11-20;2025-11-21;2025-11-22;2025-11-23;2025-11-24;2025-11-25;2025-11-26;2025-11-27;2025-11-28,28,5559.928312246704,2025-11-01;2025-11-02;2025-11-03;2025-11-04;2025-11-05;2025-11-06;2025-11-07;2025-11-08;2025-11-09;2025-11-10;2025-11-11;2025-11-12;2025-11-13;2025-11-14;2025-11-15;2025-11-16;2025-11-17;2025-11-18;2025-11-19;2025-11-20;2025-11-21;2025-11-22;2025-11-23;2025-11-24;2025-11-25;2025-11-26;2025-11-27;2025-11-28,2025-11-15;2025-11-16;2025-11-17;2025-11-18;2025-11-19;2025-11-20;2025-11-21;2025-11-22;2025-11-23;2025-11-24;2025-11-25;2025-11-26;2025-11-27;2025-11-28,,2025-11-28,6335.533243389904,7544.282885035365,7535.533243389904,18.9458163141129,23.60563826435222,28.79638217766132,59.958823639981446,40165.58741984042,1706.2706878166325,3260.1728893624854,21294.325592893183,5702.893518804127,26997.21911169731,21294.325592893183,21294.32557159884,35161.02588986841,1308.2103481773106,lexicographic,2.129432557159884e-05,3.516102585470739e-05,False,0.5196657000014966,0.0,1,0
2025-11-30,False,calendar_trend,4,1.0,7,1.0,0,calibrated_quantile,2025-11-02;2025-11-03;2025-11-04;2025-11-05;2025-11-06;2025-11-07;2025-11-08;2025-11-09;2025-11-10;2025-11-11;2025-11-12;2025-11-13;2025-11-14;2025-11-15;2025-11-16;2025-11-17;2025-11-18;2025-11-19;2025-11-20;2025-11-21;2025-11-22;2025-11-23;2025-11-24;2025-11-25;2025-11-26;2025-11-27;2025-11-28;2025-11-29,28,5772.119323672536,2025-11-02;2025-11-03;2025-11-04;2025-11-05;2025-11-06;2025-11-07;2025-11-08;2025-11-09;2025-11-10;2025-11-11;2025-11-12;2025-11-13;2025-11-14;2025-11-15;2025-11-16;2025-11-17;2025-11-18;2025-11-19;2025-11-20;2025-11-21;2025-11-22;2025-11-23;2025-11-24;2025-11-25;2025-11-26;2025-11-27;2025-11-28;2025-11-29,2025-11-16;2025-11-17;2025-11-18;2025-11-19;2025-11-20;2025-11-21;2025-11-22;2025-11-23;2025-11-24;2025-11-25;2025-11-26;2025-11-27;2025-11-28;2025-11-29,,2025-11-29,6326.783601744438,7535.533243389904,7526.783601744438,20.82580697327221,25.57591523803365,17.127333804655482,33.0856535792453,87721.07192211968,439.3307095154023,3236.1480472281332,55467.310274072704,1847.522010691753,57314.83228476446,55467.3102740727,55467.310218605424,44660.585587219895,1452.449417931206,lexicographic,5.5467310218605425e-05,4.4660585542559314e-05,False,0.19788509999852977,0.0,1,0
2025-12-01,False,calendar_trend,4,1.0,7,1.0,0,calibrated_quantile,2025-11-03;2025-11-04;2025-11-05;2025-11-06;2025-11-07;2025-11-08;2025-11-09;2025-11-10;2025-11-11;2025-11-12;2025-11-13;2025-11-14;2025-11-15;2025-11-16;2025-11-17;2025-11-18;2025-11-19;2025-11-20;2025-11-21;2025-11-22;2025-11-23;2025-11-24;2025-11-25;2025-11-26;2025-11-27;2025-11-28;2025-11-29;2025-11-30,28,5865.908376219206,2025-11-03;2025-11-04;2025-11-05;2025-11-06;2025-11-07;2025-11-08;2025-11-09;2025-11-10;2025-11-11;2025-11-12;2025-11-13;2025-11-14;2025-11-15;2025-11-16;2025-11-17;2025-11-18;2025-11-19;2025-11-20;2025-11-21;2025-11-22;2025-11-23;2025-11-24;2025-11-25;2025-11-26;2025-11-27;2025-11-28;2025-11-29;2025-11-30,2025-11-17;2025-11-18;2025-11-19;2025-11-20;2025-11-21;2025-11-22;2025-11-23;2025-11-24;2025-11-25;2025-11-26;2025-11-27;2025-11-28;2025-11-29;2025-11-30,,2025-11-30,6318.033960098972,7526.783601744438,7518.033960098972,55.236659730294235,67.13443874209662,14.234602626949673,32.13766841458241,89010.66299729253,3958.0465822505557,1961.2053203387495,56341.71809696137,14405.058769195392,70746.77686615675,56341.71809696138,56341.71804061967,44938.27824625464,1479.782762436331,lexicographic,5.6341718040619674e-05,4.493827824626011e-05,False,0.2133389000009629,0.0,1,0
2025-12-02,False,calendar_trend,4,1.0,7,1.0,0,calibrated_quantile,2025-11-04;2025-11-05;2025-11-06;2025-11-07;2025-11-08;2025-11-09;2025-11-10;2025-11-11;2025-11-12;2025-11-13;2025-11-14;2025-11-15;2025-11-16;2025-11-17;2025-11-18;2025-11-19;2025-11-20;2025-11-21;2025-11-22;2025-11-23;2025-11-24;2025-11-25;2025-11-26;2025-11-27;2025-11-28;2025-11-29;2025-11-30;2025-12-01,28,6083.270703014998,2025-11-04;2025-11-05;2025-11-06;2025-11-07;2025-11-08;2025-11-09;2025-11-10;2025-11-11;2025-11-12;2025-11-13;2025-11-14;2025-11-15;2025-11-16;2025-11-17;2025-11-18;2025-11-19;2025-11-20;2025-11-21;2025-11-22;2025-11-23;2025-11-24;2025-11-25;2025-11-26;2025-11-27;2025-11-28;2025-11-29;2025-11-30;2025-12-01,2025-11-18;2025-11-19;2025-11-20;2025-11-21;2025-11-22;2025-11-23;2025-11-24;2025-11-25;2025-11-26;2025-11-27;2025-11-28;2025-11-29;2025-11-30;2025-12-01,,2025-12-01,6426.405421405035,7518.033960098972,7626.405421405035,45.95018945771506,54.0941491501376,16.2792425442495,33.95546075167738,91329.94701030962,3385.5848087438776,1221.0272387729797,58077.559553227824,12871.760091676679,70949.3196449045,58077.55955322782,58077.55949515024,45239.729739246584,1496.6478456904572,lexicographic,5.807755949515025e-05,4.523972973924652e-05,False,0.280858400001307,0.0,1,0
2025-12-03,False,calendar_trend,4,1.0,7,1.0,0,calibrated_quantile,2025-11-05;2025-11-06;2025-11-07;2025-11-08;2025-11-09;2025-11-10;2025-11-11;2025-11-12;2025-11-13;2025-11-14;2025-11-15;2025-11-16;2025-11-17;2025-11-18;2025-11-19;2025-11-20;2025-11-21;2025-11-22;2025-11-23;2025-11-24;2025-11-25;2025-11-26;2025-11-27;2025-11-28;2025-11-29;2025-11-30;2025-12-01;2025-12-02,28,6559.547499181689,2025-11-05;2025-11-06;2025-11-07;2025-11-08;2025-11-09;2025-11-10;2025-11-11;2025-11-12;2025-11-13;2025-11-14;2025-11-15;2025-11-16;2025-11-17;2025-11-18;2025-11-19;2025-11-20;2025-11-21;2025-11-22;2025-11-23;2025-11-24;2025-11-25;2025-11-26;2025-11-27;2025-11-28;2025-11-29;2025-11-30;2025-12-01;2025-12-02,2025-11-19;2025-11-20;2025-11-21;2025-11-22;2025-11-23;2025-11-24;2025-11-25;2025-11-26;2025-11-27;2025-11-28;2025-11-29;2025-11-30;2025-12-01;2025-12-02,,2025-12-02,6679.659409713087,7626.405421405035,7879.659409713087,30.260583191422963,37.7485067825698,13.775252922050624,29.164830157650425,94709.97285679792,1061.62198514677,3537.4906878183165,60505.85028473492,3213.22322488181,63719.073509616734,60505.85028473493,60505.85022422907,45912.08649656616,1509.9506976863718,lexicographic,6.050585022422907e-05,4.591208645065408e-05,False,0.14875709999978426,0.0,1,0
2025-12-04,False,calendar_trend,4,1.0,7,1.0,0,calibrated_quantile,2025-11-06;2025-11-07;2025-11-08;2025-11-09;2025-11-10;2025-11-11;2025-11-12;2025-11-13;2025-11-14;2025-11-15;2025-11-16;2025-11-17;2025-11-18;2025-11-19;2025-11-20;2025-11-21;2025-11-22;2025-11-23;2025-11-24;2025-11-25;2025-11-26;2025-11-27;2025-11-28;2025-11-29;2025-11-30;2025-12-01;2025-12-02;2025-12-03,28,6753.648981639064,2025-11-06;2025-11-07;2025-11-08;2025-11-09;2025-11-10;2025-11-11;2025-11-12;2025-11-13;2025-11-14;2025-11-15;2025-11-16;2025-11-17;2025-11-18;2025-11-19;2025-11-20;2025-11-21;2025-11-22;2025-11-23;2025-11-24;2025-11-25;2025-11-26;2025-11-27;2025-11-28;2025-11-29;2025-11-30;2025-12-01;2025-12-02;2025-12-03,2025-11-20;2025-11-21;2025-11-22;2025-11-23;2025-11-24;2025-11-25;2025-11-26;2025-11-27;2025-11-28;2025-11-29;2025-11-30;2025-12-01;2025-12-02;2025-12-03,,2025-12-03,6639.958283567445,7879.659409713087,7839.958283567445,28.743038088071305,36.54653048233628,12.57040965798213,27.51697358979042,96417.02714481234,803.1297495331621,5673.0925272708455,61848.00676930969,3074.3872366604883,64922.394005970185,61848.00676930969,61848.00670746165,45872.42470509095,1541.0115617879737,lexicographic,6.184800670746166e-05,4.5872424659218526e-05,False,0.19804950000252575,0.0,1,0
2025-12-05,False,calendar_trend,4,1.0,7,1.0,0,calibrated_quantile,2025-11-07;2025-11-08;2025-11-09;2025-11-10;2025-11-11;2025-11-12;2025-11-13;2025-11-14;2025-11-15;2025-11-16;2025-11-17;2025-11-18;2025-11-19;2025-11-20;2025-11-21;2025-11-22;2025-11-23;2025-11-24;2025-11-25;2025-11-26;2025-11-27;2025-11-28;2025-11-29;2025-11-30;2025-12-01;2025-12-02;2025-12-03;2025-12-04,28,6732.26743348442,2025-11-07;2025-11-08;2025-11-09;2025-11-10;2025-11-11;2025-11-12;2025-11-13;2025-11-14;2025-11-15;2025-11-16;2025-11-17;2025-11-18;2025-11-19;2025-11-20;2025-11-21;2025-11-22;2025-11-23;2025-11-24;2025-11-25;2025-11-26;2025-11-27;2025-11-28;2025-11-29;2025-11-30;2025-12-01;2025-12-02;2025-12-03;2025-12-04,2025-11-21;2025-11-22;2025-11-23;2025-11-24;2025-11-25;2025-11-26;2025-11-27;2025-11-28;2025-11-29;2025-11-30;2025-12-01;2025-12-02;2025-12-03;2025-12-04,,2025-12-04,6600.25715742178,7839.958283567445,7800.25715742178,28.614333156865126,35.55842038737757,11.387423503018674,22.90854556608473,49411.920187920805,567.591350952888,4656.223607001035,25923.173386654737,2091.952698406332,28015.126085061067,25923.173386654737,25923.173360731562,38592.45829957044,1382.9022384542375,lexicographic,2.5923173360731565e-05,3.8592458260977985e-05,False,0.14713670000128332,0.0,1,0
2025-12-06,False,calendar_trend,4,1.0,7,1.0,0,calibrated_quantile,2025-11-08;2025-11-09;2025-11-10;2025-11-11;2025-11-12;2025-11-13;2025-11-14;2025-11-15;2025-11-16;2025-11-17;2025-11-18;2025-11-19;2025-11-20;2025-11-21;2025-11-22;2025-11-23;2025-11-24;2025-11-25;2025-11-26;2025-11-27;2025-11-28;2025-11-29;2025-11-30;2025-12-01;2025-12-02;2025-12-03;2025-12-04;2025-12-05,28,6811.300464898787,2025-11-08;2025-11-09;2025-11-10;2025-11-11;2025-11-12;2025-11-13;2025-11-14;2025-11-15;2025-11-16;2025-11-17;2025-11-18;2025-11-19;2025-11-20;2025-11-21;2025-11-22;2025-11-23;2025-11-24;2025-11-25;2025-11-26;2025-11-27;2025-11-28;2025-11-29;2025-11-30;2025-12-01;2025-12-02;2025-12-03;2025-12-04;2025-12-05,2025-11-22;2025-11-23;2025-11-24;2025-11-25;2025-11-26;2025-11-27;2025-11-28;2025-11-29;2025-11-30;2025-12-01;2025-12-02;2025-12-03;2025-12-04;2025-12-05,,2025-12-05,6560.556031276115,7800.25715742178,7760.556031276115,23.75043559718704,29.27980971178253,14.75479037566994,32.79378084581694,51297.90450952931,970.8065927142584,4546.40335669334,26895.15555874678,3199.147584649429,30094.30314339621,26895.155558746774,26895.15553185162,39030.82772811284,1386.330929157487,lexicographic,2.689515553185162e-05,3.903082768908202e-05,False,0.1664904999997816,0.0,1,0
2025-12-07,False,calendar_trend,4,1.0,7,1.0,0,calibrated_quantile,2025-11-09;2025-11-10;2025-11-11;2025-11-12;2025-11-13;2025-11-14;2025-11-15;2025-11-16;2025-11-17;2025-11-18;2025-11-19;2025-11-20;2025-11-21;2025-11-22;2025-11-23;2025-11-24;2025-11-25;2025-11-26;2025-11-27;2025-11-28;2025-11-29;2025-11-30;2025-12-01;2025-12-02;2025-12-03;2025-12-04;2025-12-05;2025-12-06,28,7016.651444709203,2025-11-09;2025-11-10;2025-11-11;2025-11-12;2025-11-13;2025-11-14;2025-11-15;2025-11-16;2025-11-17;2025-11-18;2025-11-19;2025-11-20;2025-11-21;2025-11-22;2025-11-23;2025-11-24;2025-11-25;2025-11-26;2025-11-27;2025-11-28;2025-11-29;2025-11-30;2025-12-01;2025-12-02;2025-12-03;2025-12-04;2025-12-05;2025-12-06,2025-11-23;2025-11-24;2025-11-25;2025-11-26;2025-11-27;2025-11-28;2025-11-29;2025-11-30;2025-12-01;2025-12-02;2025-12-03;2025-12-04;2025-12-05;2025-12-06,,2025-12-06,6520.8549051304735,7760.556031276115,7720.8549051304735,29.117073058718265,36.049877080163085,10.829413264342861,21.78818170588071,103048.29270706236,156.915901101617,10719.975144894212,66648.27878156662,748.3805269061297,67396.65930847275,66648.27878156662,66648.27871491833,46412.53438463388,1610.29084925387,lexicographic,6.664827871491834e-05,4.6412534384634276e-05,False,0.33830419999867445,0.0,1,0
2025-12-08,False,calendar_trend,4,1.0,7,1.0,0,calibrated_quantile,2025-11-10;2025-11-11;2025-11-12;2025-11-13;2025-11-14;2025-11-15;2025-11-16;2025-11-17;2025-11-18;2025-11-19;2025-11-20;2025-11-21;2025-11-22;2025-11-23;2025-11-24;2025-11-25;2025-11-26;2025-11-27;2025-11-28;2025-11-29;2025-11-30;2025-12-01;2025-12-02;2025-12-03;2025-12-04;2025-12-05;2025-12-06;2025-12-07,28,6990.740148888387,2025-11-10;2025-11-11;2025-11-12;2025-11-13;2025-11-14;2025-11-15;2025-11-16;2025-11-17;2025-11-18;2025-11-19;2025-11-20;2025-11-21;2025-11-22;2025-11-23;2025-11-24;2025-11-25;2025-11-26;2025-11-27;2025-11-28;2025-11-29;2025-11-30;2025-12-01;2025-12-02;2025-12-03;2025-12-04;2025-12-05;2025-12-06;2025-12-07,2025-11-24;2025-11-25;2025-11-26;2025-11-27;2025-11-28;2025-11-29;2025-11-30;2025-12-01;2025-12-02;2025-12-03;2025-12-04;2025-12-05;2025-12-06;2025-12-07,,2025-12-07,6481.153778984809,7720.8549051304735,7681.153778984809,44.67491694280463,52.8020494890194,12.227069161807023,25.158377082604638,105788.80317801863,67.45612666081145,13176.496031038456,68597.93759779769,427.18063649632825,69025.11823429402,68597.93759779769,68597.93752919974,46412.53384834596,1656.6241475994238,lexicographic,6.859793752919975e-05,4.6412533801933424e-05,False,0.48109479999766336,0.0,1,0
2025-12-09,False,calendar_trend,4,1.0,7,1.0,0,calibrated_quantile,2025-11-11;2025-11-12;2025-11-13;2025-11-14;2025-11-15;2025-11-16;2025-11-17;2025-11-18;2025-11-19;2025-11-20;2025-11-21;2025-11-22;2025-11-23;2025-11-24;2025-11-25;2025-11-26;2025-11-27;2025-11-28;2025-11-29;2025-11-30;2025-12-01;2025-12-02;2025-12-03;2025-12-04;2025-12-05;2025-12-06;2025-12-07;2025-12-08,28,6833.543626819217,2025-11-11;2025-11-12;2025-11-13;2025-11-14;2025-11-15;2025-11-16;2025-11-17;2025-11-18;2025-11-19;2025-11-20;2025-11-21;2025-11-22;2025-11-23;2025-11-24;2025-11-25;2025-11-26;2025-11-27;2025-11-28;2025-11-29;2025-11-30;2025-12-01;2025-12-02;2025-12-03;2025-12-04;2025-12-05;2025-12-06;2025-12-07;2025-12-08,2025-11-25;2025-11-26;2025-11-27;2025-11-28;2025-11-29;2025-11-30;2025-12-01;2025-12-02;2025-12-03;2025-12-04;2025-12-05;2025-12-06;2025-12-07;2025-12-08,,2025-12-08,6467.466689589869,7681.153778984809,7667.466689589869,43.13195339028784,51.507480907154935,13.794111556109323,29.29698438978646,105200.01496458772,62.597836116318625,13012.701882086198,68133.49482608124,349.15854212206136,68482.6533682033,68133.49482608124,68133.49475794774,46441.4384260135,1648.2569922229554,lexicographic,6.813349475794775e-05,4.644143842601459e-05,False,0.32013540000116336,0.0,1,0
2025-12-10,False,calendar_trend,4,1.0,7,1.0,0,calibrated_quantile,2025-11-12;2025-11-13;2025-11-14;2025-11-15;2025-11-16;2025-11-17;2025-11-18;2025-11-19;2025-11-20;2025-11-21;2025-11-22;2025-11-23;2025-11-24;2025-11-25;2025-11-26;2025-11-27;2025-11-28;2025-11-29;2025-11-30;2025-12-01;2025-12-02;2025-12-03;2025-12-04;2025-12-05;2025-12-06;2025-12-07;2025-12-08;2025-12-09,28,6815.231658528992,2025-11-12;2025-11-13;2025-11-14;2025-11-15;2025-11-16;2025-11-17;2025-11-18;2025-11-19;2025-11-20;2025-11-21;2025-11-22;2025-11-23;2025-11-24;2025-11-25;2025-11-26;2025-11-27;2025-11-28;2025-11-29;2025-11-30;2025-12-01;2025-12-02;2025-12-03;2025-12-04;2025-12-05;2025-12-06;2025-12-07;2025-12-08;2025-12-09,2025-11-26;2025-11-27;2025-11-28;2025-11-29;2025-11-30;2025-12-01;2025-12-02;2025-12-03;2025-12-04;2025-12-05;2025-12-06;2025-12-07;2025-12-08;2025-12-09,,2025-12-09,6453.779600194922,7667.466689589869,7653.779600194922,38.643260752308606,48.531929424884574,12.028115055687326,24.437893897448212,104460.23145685307,34.427025419123424,11245.583349806391,67692.10489888198,139.60865892903718,67831.71355781102,67692.10489888198,67692.10483118986,46441.43855793334,1640.8247856976245,lexicographic,6.769210483118987e-05,4.6441438557933856e-05,False,0.3008669999981066,0.0,1,0
2025-12-11,False,calendar_trend,4,1.0,7,1.0,0,calibrated_quantile,2025-11-13;2025-11-14;2025-11-15;2025-11-16;2025-11-17;2025-11-18;2025-11-19;2025-11-20;2025-11-21;2025-11-22;2025-11-23;2025-11-24;2025-11-25;2025-11-26;2025-11-27;2025-11-28;2025-11-29;2025-11-30;2025-12-01;2025-12-02;2025-12-03;2025-12-04;2025-12-05;2025-12-06;2025-12-07;2025-12-08;2025-12-09;2025-12-10,28,6785.108988134762,2025-11-13;2025-11-14;2025-11-15;2025-11-16;2025-11-17;2025-11-18;2025-11-19;2025-11-20;2025-11-21;2025-11-22;2025-11-23;2025-11-24;2025-11-25;2025-11-26;2025-11-27;2025-11-28;2025-11-29;2025-11-30;2025-12-01;2025-12-02;2025-12-03;2025-12-04;2025-12-05;2025-12-06;2025-12-07;2025-12-08;2025-12-09;2025-12-10,2025-11-27;2025-11-28;2025-11-29;2025-11-30;2025-12-01;2025-12-02;2025-12-03;2025-12-04;2025-12-05;2025-12-06;2025-12-07;2025-12-08;2025-12-09;2025-12-10,,2025-12-10,6440.092510799974,7653.779600194922,7640.092510799974,39.992453395661926,48.84983455648324,15.896589632866725,33.86866226776858,104180.91931464316,87.92352021300053,13446.13146433308,67541.52902074764,275.1671447636996,67816.69616551134,67541.52902074762,67541.52895320609,46441.43860293517,1627.9493437058632,lexicographic,6.754152895320609e-05,4.644143860293278e-05,False,0.37800099999731174,0.0,1,0
2025-12-12,False,calendar_trend,4,1.0,7,1.0,0,calibrated_quantile,2025-11-14;2025-11-15;2025-11-16;2025-11-17;2025-11-18;2025-11-19;2025-11-20;2025-11-21;2025-11-22;2025-11-23;2025-11-24;2025-11-25;2025-11-26;2025-11-27;2025-11-28;2025-11-29;2025-11-30;2025-12-01;2025-12-02;2025-12-03;2025-12-04;2025-12-05;2025-12-06;2025-12-07;2025-12-08;2025-12-09;2025-12-10;2025-12-11,28,6675.167134885187,2025-11-14;2025-11-15;2025-11-16;2025-11-17;2025-11-18;2025-11-19;2025-11-20;2025-11-21;2025-11-22;2025-11-23;2025-11-24;2025-11-25;2025-11-26;2025-11-27;2025-11-28;2025-11-29;2025-11-30;2025-12-01;2025-12-02;2025-12-03;2025-12-04;2025-12-05;2025-12-06;2025-12-07;2025-12-08;2025-12-09;2025-12-10;2025-12-11,2025-11-28;2025-11-29;2025-11-30;2025-12-01;2025-12-02;2025-12-03;2025-12-04;2025-12-05;2025-12-06;2025-12-07;2025-12-08;2025-12-09;2025-12-10;2025-12-11,,2025-12-11,6426.405421405035,7640.092510799974,7626.405421405035,20.766960994238747,25.113928431374998,18.11687369662245,38.21466104170857,53272.64328074213,475.38180925760855,5936.794840814288,28140.98512435618,1519.9779720707465,29660.963096426924,28140.985124356182,28140.98509621519,39157.23740580649,1418.5530875188322,lexicographic,2.8140985096215194e-05,3.915723736664924e-05,False,0.18533560000287252,0.0,1,0
2025-12-13,False,calendar_trend,4,1.0,7,1.0,0,calibrated_quantile,2025-11-15;2025-11-16;2025-11-17;2025-11-18;2025-11-19;2025-11-20;2025-11-21;2025-11-22;2025-11-23;2025-11-24;2025-11-25;2025-11-26;2025-11-27;2025-11-28;2025-11-29;2025-11-30;2025-12-01;2025-12-02;2025-12-03;2025-12-04;2025-12-05;2025-12-06;2025-12-07;2025-12-08;2025-12-09;2025-12-10;2025-12-11;2025-12-12,28,6783.067858107795,2025-11-15;2025-11-16;2025-11-17;2025-11-18;2025-11-19;2025-11-20;2025-11-21;2025-11-22;2025-11-23;2025-11-24;2025-11-25;2025-11-26;2025-11-27;2025-11-28;2025-11-29;2025-11-30;2025-12-01;2025-12-02;2025-12-03;2025-12-04;2025-12-05;2025-12-06;2025-12-07;2025-12-08;2025-12-09;2025-12-10;2025-12-11;2025-12-12,2025-11-29;2025-11-30;2025-12-01;2025-12-02;2025-12-03;2025-12-04;2025-12-05;2025-12-06;2025-12-07;2025-12-08;2025-12-09;2025-12-10;2025-12-11;2025-12-12,,2025-12-12,6412.718332010087,7626.405421405035,7612.718332010087,18.720735168852844,22.722049366850108,13.444467655468534,26.7500719050721,54147.31099534944,119.20421968102266,6374.747102630423,28569.51965219166,585.8531506269514,29155.37280281861,28569.51965219166,28569.519623622135,39123.11379221924,1404.3556296707325,lexicographic,2.8569519623622136e-05,3.912311375309613e-05,False,0.24016320000009728,0.0,1,0
2025-12-14,False,calendar_trend,4,1.0,7,1.0,0,calibrated_quantile,2025-11-16;2025-11-17;2025-11-18;2025-11-19;2025-11-20;2025-11-21;2025-11-22;2025-11-23;2025-11-24;2025-11-25;2025-11-26;2025-11-27;2025-11-28;2025-11-29;2025-11-30;2025-12-01;2025-12-02;2025-12-03;2025-12-04;2025-12-05;2025-12-06;2025-12-07;2025-12-08;2025-12-09;2025-12-10;2025-12-11;2025-12-12;2025-12-13,28,6757.3616225901305,2025-11-16;2025-11-17;2025-11-18;2025-11-19;2025-11-20;2025-11-21;2025-11-22;2025-11-23;2025-11-24;2025-11-25;2025-11-26;2025-11-27;2025-11-28;2025-11-29;2025-11-30;2025-12-01;2025-12-02;2025-12-03;2025-12-04;2025-12-05;2025-12-06;2025-12-07;2025-12-08;2025-12-09;2025-12-10;2025-12-11;2025-12-12;2025-12-13,2025-11-30;2025-12-01;2025-12-02;2025-12-03;2025-12-04;2025-12-05;2025-12-06;2025-12-07;2025-12-08;2025-12-09;2025-12-10;2025-12-11;2025-12-12;2025-12-13,,2025-12-13,6399.031242615148,7612.718332010087,7599.031242615148,31.936791503521995,40.16283130061567,6.995799400375249,15.711216072319266,103874.23014110485,75.39236922462942,10309.444024336932,67203.89112000792,460.180322089509,67664.07144209743,67203.8911200079,67203.89105280404,46441.438750302186,1615.1813670041342,lexicographic,6.720389105280405e-05,4.644143870386073e-05,False,0.10467500000231666,0.0,1,0
2025-12-15,False,calendar_trend,4,1.0,7,1.0,0,calibrated_quantile,2025-11-17;2025-11-18;2025-11-19;2025-11-20;2025-11-21;2025-11-22;2025-11-23;2025-11-24;2025-11-25;2025-11-26;2025-11-27;2025-11-28;2025-11-29;2025-11-30;2025-12-01;2025-12-02;2025-12-03;2025-12-04;2025-12-05;2025-12-06;2025-12-07;2025-12-08;2025-12-09;2025-12-10;2025-12-11;2025-12-12;2025-12-13;2025-12-14,28,6603.073718199797,2025-11-17;2025-11-18;2025-11-19;2025-11-20;2025-11-21;2025-11-22;2025-11-23;2025-11-24;2025-11-25;2025-11-26;2025-11-27;2025-11-28;2025-11-29;2025-11-30;2025-12-01;2025-12-02;2025-12-03;2025-12-04;2025-12-05;2025-12-06;2025-12-07;2025-12-08;2025-12-09;2025-12-10;2025-12-11;2025-12-12;2025-12-13;2025-12-14,2025-12-01;2025-12-02;2025-12-03;2025-12-04;2025-12-05;2025-12-06;2025-12-07;2025-12-08;2025-12-09;2025-12-10;2025-12-11;2025-12-12;2025-12-13;2025-12-14,,2025-12-14,6385.3441532202,7599.031242615148,7585.3441532202,40.93519541883999,50.53193459812132,11.092518924846868,23.73004206811533,105086.47064077936,87.71370649561545,10843.169718371419,67961.04590742894,431.7195783671449,68392.76548579609,67961.04590742895,67961.0458394679,46441.438523998295,1629.9673641285012,lexicographic,6.79610458394679e-05,4.6441438477556847e-05,False,0.22722000000067055,0.0,1,0
2025-12-16,False,calendar_trend,4,1.0,7,1.0,0,calibrated_quantile,2025-11-18;2025-11-19;2025-11-20;2025-11-21;2025-11-22;2025-11-23;2025-11-24;2025-11-25;2025-11-26;2025-11-27;2025-11-28;2025-11-29;2025-11-30;2025-12-01;2025-12-02;2025-12-03;2025-12-04;2025-12-05;2025-12-06;2025-12-07;2025-12-08;2025-12-09;2025-12-10;2025-12-11;2025-12-12;2025-12-13;2025-12-14;2025-12-15,28,6606.026839375313,2025-11-18;2025-11-19;2025-11-20;2025-11-21;2025-11-22;2025-11-23;2025-11-24;2025-11-25;2025-11-26;2025-11-27;2025-11-28;2025-11-29;2025-11-30;2025-12-01;2025-12-02;2025-12-03;2025-12-04;2025-12-05;2025-12-06;2025-12-07;2025-12-08;2025-12-09;2025-12-10;2025-12-11;2025-12-12;2025-12-13;2025-12-14;2025-12-15,2025-12-02;2025-12-03;2025-12-04;2025-12-05;2025-12-06;2025-12-07;2025-12-08;2025-12-09;2025-12-10;2025-12-11;2025-12-12;2025-12-13;2025-12-14;2025-12-15,,2025-12-15,6371.657063825252,7585.3441532202,7571.657063825252,30.331589393265777,37.17804702010529,9.301632985810373,19.016965242942792,104171.76758197098,76.13758397514376,9968.357152253888,67383.4269513762,248.6007471933783,67632.02769856958,67383.4269513762,67383.42688399275,46441.43869663442,1623.6113881842607,lexicographic,6.738342688399276e-05,4.644143865019296e-05,False,0.21318569999857573,0.0,1,0
2025-12-17,False,calendar_trend,4,1.0,7,1.0,0,calibrated_quantile,2025-11-19;2025-11-20;2025-11-21;2025-11-22;2025-11-23;2025-11-24;2025-11-25;2025-11-26;2025-11-27;2025-11-28;2025-11-29;2025-11-30;2025-12-01;2025-12-02;2025-12-03;2025-12-04;2025-12-05;2025-12-06;2025-12-07;2025-12-08;2025-12-09;2025-12-10;2025-12-11;2025-12-12;2025-12-13;2025-12-14;2025-12-15;2025-12-16,28,6510.804154820944,2025-11-19;2025-11-20;2025-11-21;2025-11-22;2025-11-23;2025-11-24;2025-11-25;2025-11-26;2025-11-27;2025-11-28;2025-11-29;2025-11-30;2025-12-01;2025-12-02;2025-12-03;2025-12-04;2025-12-05;2025-12-06;2025-12-07;2025-12-08;2025-12-09;2025-12-10;2025-12-11;2025-12-12;2025-12-13;2025-12-14;2025-12-15;2025-12-16,2025-12-03;2025-12-04;2025-12-05;2025-12-06;2025-12-07;2025-12-08;2025-12-09;2025-12-10;2025-12-11;2025-12-12;2025-12-13;2025-12-14;2025-12-15;2025-12-16,,2025-12-16,6357.9699744303125,7571.657063825252,7557.9699744303125,27.463093108208774,33.824402203740256,9.746636132287058,21.13535565158591,103096.8113486748,147.38471794458513,10190.892291668311,66493.34809071162,702.4013051059857,67195.7493958176,66493.34809071162,66493.34802421827,46441.43896266154,1591.8028074047565,lexicographic,6.649334802421828e-05,4.644143891622009e-05,False,0.29068819999884,2.1884768417837434e-16,1,0
2025-12-18,False,calendar_trend,4,1.0,7,1.0,0,calibrated_quantile,2025-11-20;2025-11-21;2025-11-22;2025-11-23;2025-11-24;2025-11-25;2025-11-26;2025-11-27;2025-11-28;2025-11-29;2025-11-30;2025-12-01;2025-12-02;2025-12-03;2025-12-04;2025-12-05;2025-12-06;2025-12-07;2025-12-08;2025-12-09;2025-12-10;2025-12-11;2025-12-12;2025-12-13;2025-12-14;2025-12-15;2025-12-16;2025-12-17,28,6435.384844994947,2025-11-20;2025-11-21;2025-11-22;2025-11-23;2025-11-24;2025-11-25;2025-11-26;2025-11-27;2025-11-28;2025-11-29;2025-11-30;2025-12-01;2025-12-02;2025-12-03;2025-12-04;2025-12-05;2025-12-06;2025-12-07;2025-12-08;2025-12-09;2025-12-10;2025-12-11;2025-12-12;2025-12-13;2025-12-14;2025-12-15;2025-12-16;2025-12-17,2025-12-04;2025-12-05;2025-12-06;2025-12-07;2025-12-08;2025-12-09;2025-12-10;2025-12-11;2025-12-12;2025-12-13;2025-12-14;2025-12-15;2025-12-16;2025-12-17,,2025-12-17,6344.282885035365,7557.9699744303125,7544.282885035365,22.126465368783638,27.262451234808008,18.308659399858932,44.05818827722291,101694.12704154605,73.47303014367616,9543.210289231443,65613.02284475617,188.61235941667366,65801.63520417284,65613.02284475618,65613.02277914315,46409.67924996698,1578.903510475397,lexicographic,6.561302277914315e-05,4.640967924996573e-05,False,0.27517420000003767,0.0,1,0
2025-12-19,False,calendar_trend,4,1.0,7,1.0,0,calibrated_quantile,2025-11-21;2025-11-22;2025-11-23;2025-11-24;2025-11-25;2025-11-26;2025-11-27;2025-11-28;2025-11-29;2025-11-30;2025-12-01;2025-12-02;2025-12-03;2025-12-04;2025-12-05;2025-12-06;2025-12-07;2025-12-08;2025-12-09;2025-12-10;2025-12-11;2025-12-12;2025-12-13;2025-12-14;2025-12-15;2025-12-16;2025-12-17;2025-12-18,28,6421.559666414403,2025-11-21;2025-11-22;2025-11-23;2025-11-24;2025-11-25;2025-11-26;2025-11-27;2025-11-28;2025-11-29;2025-11-30;2025-12-01;2025-12-02;2025-12-03;2025-12-04;2025-12-05;2025-12-06;2025-12-07;2025-12-08;2025-12-09;2025-12-10;2025-12-11;2025-12-12;2025-12-13;2025-12-14;2025-12-15;2025-12-16;2025-12-17;2025-12-18,2025-12-05;2025-12-06;2025-12-07;2025-12-08;2025-12-09;2025-12-10;2025-12-11;2025-12-12;2025-12-13;2025-12-14;2025-12-15;2025-12-16;2025-12-17;2025-12-18,,2025-12-18,6335.533243389904,7544.282885035365,7535.533243389904,19.610382779672314,24.28533262317354,13.614614695289264,28.167200358687637,52625.00624652805,273.25081902052864,5916.355193353327,27700.267747647016,1244.8990883539454,28945.16683600096,27700.267747647013,27700.267719946758,38888.43942439593,1421.0259424146725,lexicographic,2.770026771994676e-05,3.8888439385507495e-05,False,0.20607420000305865,0.0,1,0
2025-12-20,False,calendar_trend,4,1.0,7,1.0,0,calibrated_quantile,2025-11-22;2025-11-23;2025-11-24;2025-11-25;2025-11-26;2025-11-27;2025-11-28;2025-11-29;2025-11-30;2025-12-01;2025-12-02;2025-12-03;2025-12-04;2025-12-05;2025-12-06;2025-12-07;2025-12-08;2025-12-09;2025-12-10;2025-12-11;2025-12-12;2025-12-13;2025-12-14;2025-12-15;2025-12-16;2025-12-17;2025-12-18;2025-12-19,28,6475.849386180886,2025-11-22;2025-11-23;2025-11-24;2025-11-25;2025-11-26;2025-11-27;2025-11-28;2025-11-29;2025-11-30;2025-12-01;2025-12-02;2025-12-03;2025-12-04;2025-12-05;2025-12-06;2025-12-07;2025-12-08;2025-12-09;2025-12-10;2025-12-11;2025-12-12;2025-12-13;2025-12-14;2025-12-15;2025-12-16;2025-12-17;2025-12-18;2025-12-19,2025-12-06;2025-12-07;2025-12-08;2025-12-09;2025-12-10;2025-12-11;2025-12-12;2025-12-13;2025-12-14;2025-12-15;2025-12-16;2025-12-17;2025-12-18;2025-12-19,,2025-12-19,6326.783601744438,7535.533243389904,7526.783601744438,17.889538190297234,22.005767466842908,10.943249261736293,21.878475087396797,52669.36992850948,82.48498412870777,5814.789159456828,27720.201225767683,271.4222655275386,27991.62349129522,27720.201225767687,27720.201198047478,38957.05681957946,1391.5015236067838,lexicographic,2.772020119804748e-05,3.895705678062241e-05,False,0.1917052999997395,0.0,1,0
2025-12-21,False,calendar_trend,4,1.0,7,1.0,0,calibrated_quantile,2025-11-23;2025-11-24;2025-11-25;2025-11-26;2025-11-27;2025-11-28;2025-11-29;2025-11-30;2025-12-01;2025-12-02;2025-12-03;2025-12-04;2025-12-05;2025-12-06;2025-12-07;2025-12-08;2025-12-09;2025-12-10;2025-12-11;2025-12-12;2025-12-13;2025-12-14;2025-12-15;2025-12-16;2025-12-17;2025-12-18;2025-12-19;2025-12-20,28,6475.817638189653,2025-11-23;2025-11-24;2025-11-25;2025-11-26;2025-11-27;2025-11-28;2025-11-29;2025-11-30;2025-12-01;2025-12-02;2025-12-03;2025-12-04;2025-12-05;2025-12-06;2025-12-07;2025-12-08;2025-12-09;2025-12-10;2025-12-11;2025-12-12;2025-12-13;2025-12-14;2025-12-15;2025-12-16;2025-12-17;2025-12-18;2025-12-19;2025-12-20,2025-12-07;2025-12-08;2025-12-09;2025-12-10;2025-12-11;2025-12-12;2025-12-13;2025-12-14;2025-12-15;2025-12-16;2025-12-17;2025-12-18;2025-12-19;2025-12-20,,2025-12-20,6318.033960098972,7526.783601744438,7518.033960098972,25.474713916534693,33.199162863905904,14.652263557517026,28.414659130170023,99543.33687280683,657.7877437461785,6313.474524801287,64131.42171474674,2270.1230466815446,66401.54476142829,64131.42171474675,64131.42165061534,46284.26759139892,1584.8088630210832,lexicographic,6.413142165061534e-05,4.628426754511465e-05,False,0.2096997000007832,0.0,1,0
2025-12-22,False,calendar_trend,4,1.0,7,1.0,0,calibrated_quantile,2025-11-24;2025-11-25;2025-11-26;2025-11-27;2025-11-28;2025-11-29;2025-11-30;2025-12-01;2025-12-02;2025-12-03;2025-12-04;2025-12-05;2025-12-06;2025-12-07;2025-12-08;2025-12-09;2025-12-10;2025-12-11;2025-12-12;2025-12-13;2025-12-14;2025-12-15;2025-12-16;2025-12-17;2025-12-18;2025-12-19;2025-12-20;2025-12-21,28,6424.7812155241645,2025-11-24;2025-11-25;2025-11-26;2025-11-27;2025-11-28;2025-11-29;2025-11-30;2025-12-01;2025-12-02;2025-12-03;2025-12-04;2025-12-05;2025-12-06;2025-12-07;2025-12-08;2025-12-09;2025-12-10;2025-12-11;2025-12-12;2025-12-13;2025-12-14;2025-12-15;2025-12-16;2025-12-17;2025-12-18;2025-12-19;2025-12-20;2025-12-21,2025-12-08;2025-12-09;2025-12-10;2025-12-11;2025-12-12;2025-12-13;2025-12-14;2025-12-15;2025-12-16;2025-12-17;2025-12-18;2025-12-19;2025-12-20;2025-12-21,,2025-12-21,6309.28431845351,7518.033960098972,7509.28431845351,21.303186355556633,26.551518842085375,6.768014149636355,13.937304737678131,100843.92030297445,162.66625623879236,7227.339300596728,64925.04254203788,566.0308176994872,65491.07335973737,64925.04254203788,64925.04247711283,46207.59932749689,1582.1278476356879,lexicographic,6.492504247711283e-05,4.620759928128929e-05,False,0.21987979999903473,0.0,1,0
2025-12-23,False,calendar_trend,4,1.0,7,1.0,0,calibrated_quantile,2025-11-25;2025-11-26;2025-11-27;2025-11-28;2025-11-29;2025-11-30;2025-12-01;2025-12-02;2025-12-03;2025-12-04;2025-12-05;2025-12-06;2025-12-07;2025-12-08;2025-12-09;2025-12-10;2025-12-11;2025-12-12;2025-12-13;2025-12-14;2025-12-15;2025-12-16;2025-12-17;2025-12-18;2025-12-19;2025-12-20;2025-12-21;2025-12-22,28,6387.257496300248,2025-11-25;2025-11-26;2025-11-27;2025-11-28;2025-11-29;2025-11-30;2025-12-01;2025-12-02;2025-12-03;2025-12-04;2025-12-05;2025-12-06;2025-12-07;2025-12-08;2025-12-09;2025-12-10;2025-12-11;2025-12-12;2025-12-13;2025-12-14;2025-12-15;2025-12-16;2025-12-17;2025-12-18;2025-12-19;2025-12-20;2025-12-21;2025-12-22,2025-12-09;2025-12-10;2025-12-11;2025-12-12;2025-12-13;2025-12-14;2025-12-15;2025-12-16;2025-12-17;2025-12-18;2025-12-19;2025-12-20;2025-12-21;2025-12-22,,2025-12-22,6300.5346768080435,7509.28431845351,7500.5346768080435,19.176795064448527,23.234112188161976,9.87047503000126,20.363562594115013,99897.33150853739,66.43683542600371,7843.942323719655,64334.829433983476,262.02570341207456,64596.85513739555,64334.82943398347,64334.829369648636,46397.29982247205,1593.2159893373462,lexicographic,6.433482936964864e-05,4.6397299776074755e-05,False,0.25561110000126064,0.0,1,0
2025-12-24,False,calendar_trend,4,1.0,7,1.0,0,calibrated_quantile,2025-11-26;2025-11-27;2025-11-28;2025-11-29;2025-11-30;2025-12-01;2025-12-02;2025-12-03;2025-12-04;2025-12-05;2025-12-06;2025-12-07;2025-12-08;2025-12-09;2025-12-10;2025-12-11;2025-12-12;2025-12-13;2025-12-14;2025-12-15;2025-12-16;2025-12-17;2025-12-18;2025-12-19;2025-12-20;2025-12-21;2025-12-22;2025-12-23,28,6357.968535206114,2025-11-26;2025-11-27;2025-11-28;2025-11-29;2025-11-30;2025-12-01;2025-12-02;2025-12-03;2025-12-04;2025-12-05;2025-12-06;2025-12-07;2025-12-08;2025-12-09;2025-12-10;2025-12-11;2025-12-12;2025-12-13;2025-12-14;2025-12-15;2025-12-16;2025-12-17;2025-12-18;2025-12-19;2025-12-20;2025-12-21;2025-12-22;2025-12-23,2025-12-10;2025-12-11;2025-12-12;2025-12-13;2025-12-14;2025-12-15;2025-12-16;2025-12-17;2025-12-18;2025-12-19;2025-12-20;2025-12-21;2025-12-22;2025-12-23,,2025-12-23,6291.785035162583,7500.5346768080435,7491.785035162583,18.705705124186277,23.370798606258944,12.547668793637436,26.50819821975061,98166.56268228157,282.800352463633,5735.475363932168,62963.23807515259,1060.9527857062772,64024.19086085887,62963.2380751526,62963.238012189366,46374.387768246095,1551.709446318216,lexicographic,6.296323801218937e-05,4.6374387721871705e-05,False,0.1774065999998129,0.0,1,0
2025-12-25,False,calendar_trend,4,1.0,7,1.0,0,calibrated_quantile,2025-11-27;2025-11-28;2025-11-29;2025-11-30;2025-12-01;2025-12-02;2025-12-03;2025-12-04;2025-12-05;2025-12-06;2025-12-07;2025-12-08;2025-12-09;2025-12-10;2025-12-11;2025-12-12;2025-12-13;2025-12-14;2025-12-15;2025-12-16;2025-12-17;2025-12-18;2025-12-19;2025-12-20;2025-12-21;2025-12-22;2025-12-23;2025-12-24,28,6391.57973000555,2025-11-27;2025-11-28;2025-11-29;2025-11-30;2025-12-01;2025-12-02;2025-12-03;2025-12-04;2025-12-05;2025-12-06;2025-12-07;2025-12-08;2025-12-09;2025-12-10;2025-12-11;2025-12-12;2025-12-13;2025-12-14;2025-12-15;2025-12-16;2025-12-17;2025-12-18;2025-12-19;2025-12-20;2025-12-21;2025-12-22;2025-12-23;2025-12-24,2025-12-11;2025-12-12;2025-12-13;2025-12-14;2025-12-15;2025-12-16;2025-12-17;2025-12-18;2025-12-19;2025-12-20;2025-12-21;2025-12-22;2025-12-23;2025-12-24,,2025-12-24,6283.035393517116,7491.785035162583,7483.035393517116,24.42007523887201,30.750905599431537,10.131823949781811,22.43137224003949,97278.96338835894,610.5541357978004,5231.3302618329435,62565.825709166325,1698.8462488139196,64264.671957980245,62565.825709166325,62565.82564660052,46244.92870755051,1543.698498506375,lexicographic,6.256582564660052e-05,4.624492870754949e-05,False,0.21781449999980396,0.0,1,0
2025-12-26,False,calendar_trend,4,1.0,7,1.0,0,calibrated_quantile,2025-11-28;2025-11-29;2025-11-30;2025-12-01;2025-12-02;2025-12-03;2025-12-04;2025-12-05;2025-12-06;2025-12-07;2025-12-08;2025-12-09;2025-12-10;2025-12-11;2025-12-12;2025-12-13;2025-12-14;2025-12-15;2025-12-16;2025-12-17;2025-12-18;2025-12-19;2025-12-20;2025-12-21;2025-12-22;2025-12-23;2025-12-24;2025-12-25,28,6524.840215820193,2025-11-28;2025-11-29;2025-11-30;2025-12-01;2025-12-02;2025-12-03;2025-12-04;2025-12-05;2025-12-06;2025-12-07;2025-12-08;2025-12-09;2025-12-10;2025-12-11;2025-12-12;2025-12-13;2025-12-14;2025-12-15;2025-12-16;2025-12-17;2025-12-18;2025-12-19;2025-12-20;2025-12-21;2025-12-22;2025-12-23;2025-12-24;2025-12-25,2025-12-12;2025-12-13;2025-12-14;2025-12-15;2025-12-16;2025-12-17;2025-12-18;2025-12-19;2025-12-20;2025-12-21;2025-12-22;2025-12-23;2025-12-24;2025-12-25,,2025-12-25,6274.28575187165,7483.035393517116,7474.28575187165,23.932368154739624,29.110457949690467,13.418212731669401,30.05464277278231,50737.18736656448,352.02618890273857,4005.3605428317824,26751.7786136277,1153.7584938472842,27905.537107474982,26751.7786136277,26751.778586875917,38914.351071045596,1362.0033862242708,lexicographic,2.675177858687592e-05,3.8914351032131254e-05,False,0.18100090000007185,0.0,1,0
2025-12-27,False,calendar_trend,4,1.0,7,1.0,0,calibrated_quantile,2025-11-29;2025-11-30;2025-12-01;2025-12-02;2025-12-03;2025-12-04;2025-12-05;2025-12-06;2025-12-07;2025-12-08;2025-12-09;2025-12-10;2025-12-11;2025-12-12;2025-12-13;2025-12-14;2025-12-15;2025-12-16;2025-12-17;2025-12-18;2025-12-19;2025-12-20;2025-12-21;2025-12-22;2025-12-23;2025-12-24;2025-12-25;2025-12-26,28,6666.5205001627855,2025-11-29;2025-11-30;2025-12-01;2025-12-02;2025-12-03;2025-12-04;2025-12-05;2025-12-06;2025-12-07;2025-12-08;2025-12-09;2025-12-10;2025-12-11;2025-12-12;2025-12-13;2025-12-14;2025-12-15;2025-12-16;2025-12-17;2025-12-18;2025-12-19;2025-12-20;2025-12-21;2025-12-22;2025-12-23;2025-12-24;2025-12-25;2025-12-26,2025-12-13;2025-12-14;2025-12-15;2025-12-16;2025-12-17;2025-12-18;2025-12-19;2025-12-20;2025-12-21;2025-12-22;2025-12-23;2025-12-24;2025-12-25;2025-12-26,,2025-12-26,6265.536110226189,7474.28575187165,7465.536110226189,24.080754840983026,29.194607000790146,11.271772201380953,23.31378204459308,51227.03436919928,469.3309527092195,4255.239803335497,26852.867837081336,1980.9729610263798,28833.840798107714,26852.867837081332,26852.867810228465,39162.853331117454,1374.1247481081516,lexicographic,2.6852867810228466e-05,3.916285329195461e-05,False,0.17187949999788543,0.0,1,0
2025-12-28,False,calendar_trend,4,1.0,7,1.0,0,calibrated_quantile,2025-11-30;2025-12-01;2025-12-02;2025-12-03;2025-12-04;2025-12-05;2025-12-06;2025-12-07;2025-12-08;2025-12-09;2025-12-10;2025-12-11;2025-12-12;2025-12-13;2025-12-14;2025-12-15;2025-12-16;2025-12-17;2025-12-18;2025-12-19;2025-12-20;2025-12-21;2025-12-22;2025-12-23;2025-12-24;2025-12-25;2025-12-26;2025-12-27,28,6526.008456549092,2025-11-30;2025-12-01;2025-12-02;2025-12-03;2025-12-04;2025-12-05;2025-12-06;2025-12-07;2025-12-08;2025-12-09;2025-12-10;2025-12-11;2025-12-12;2025-12-13;2025-12-14;2025-12-15;2025-12-16;2025-12-17;2025-12-18;2025-12-19;2025-12-20;2025-12-21;2025-12-22;2025-12-23;2025-12-24;2025-12-25;2025-12-26;2025-12-27,2025-12-14;2025-12-15;2025-12-16;2025-12-17;2025-12-18;2025-12-19;2025-12-20;2025-12-21;2025-12-22;2025-12-23;2025-12-24;2025-12-25;2025-12-26;2025-12-27,,2025-12-27,6256.786468580723,7465.536110226189,7456.786468580723,24.177633128065757,30.21016660407838,12.042206718309956,27.713978764169774,97263.52995152486,343.83364467988116,5940.110303305258,62474.40059154037,1097.057089977287,63571.457681517655,62474.40059154037,62474.40052906597,46361.71956636805,1560.1058370050864,lexicographic,6.247440052906598e-05,4.6361719520006326e-05,False,0.25352579999889713,1.1646302409573845e-16,1,0
2025-12-29,False,calendar_trend,4,1.0,7,1.0,0,calibrated_quantile,2025-12-01;2025-12-02;2025-12-03;2025-12-04;2025-12-05;2025-12-06;2025-12-07;2025-12-08;2025-12-09;2025-12-10;2025-12-11;2025-12-12;2025-12-13;2025-12-14;2025-12-15;2025-12-16;2025-12-17;2025-12-18;2025-12-19;2025-12-20;2025-12-21;2025-12-22;2025-12-23;2025-12-24;2025-12-25;2025-12-26;2025-12-27;2025-12-28,28,6477.114735414965,2025-12-01;2025-12-02;2025-12-03;2025-12-04;2025-12-05;2025-12-06;2025-12-07;2025-12-08;2025-12-09;2025-12-10;2025-12-11;2025-12-12;2025-12-13;2025-12-14;2025-12-15;2025-12-16;2025-12-17;2025-12-18;2025-12-19;2025-12-20;2025-12-21;2025-12-22;2025-12-23;2025-12-24;2025-12-25;2025-12-26;2025-12-27;2025-12-28,2025-12-15;2025-12-16;2025-12-17;2025-12-18;2025-12-19;2025-12-20;2025-12-21;2025-12-22;2025-12-23;2025-12-24;2025-12-25;2025-12-26;2025-12-27;2025-12-28,,2025-12-28,6251.883777759132,7456.786468580723,7451.883777759132,21.354048458907958,26.70831355047249,11.301593741549915,23.31482329393537,99207.9265812489,190.98130166497884,7039.556979568888,63700.798403254055,760.2204484802947,64461.01885173435,63700.798403254055,63700.79833955328,46111.75282035069,1602.9066561730028,lexicographic,6.370079833955328e-05,4.611175277423893e-05,False,0.2690418000020145,0.0,1,0
2025-12-30,False,calendar_trend,4,1.0,7,1.0,0,calibrated_quantile,2025-12-02;2025-12-03;2025-12-04;2025-12-05;2025-12-06;2025-12-07;2025-12-08;2025-12-09;2025-12-10;2025-12-11;2025-12-12;2025-12-13;2025-12-14;2025-12-15;2025-12-16;2025-12-17;2025-12-18;2025-12-19;2025-12-20;2025-12-21;2025-12-22;2025-12-23;2025-12-24;2025-12-25;2025-12-26;2025-12-27;2025-12-28;2025-12-29,28,5952.53542583785,2025-12-02;2025-12-03;2025-12-04;2025-12-05;2025-12-06;2025-12-07;2025-12-08;2025-12-09;2025-12-10;2025-12-11;2025-12-12;2025-12-13;2025-12-14;2025-12-15;2025-12-16;2025-12-17;2025-12-18;2025-12-19;2025-12-20;2025-12-21;2025-12-22;2025-12-23;2025-12-24;2025-12-25;2025-12-26;2025-12-27;2025-12-28;2025-12-29,2025-12-16;2025-12-17;2025-12-18;2025-12-19;2025-12-20;2025-12-21;2025-12-22;2025-12-23;2025-12-24;2025-12-25;2025-12-26;2025-12-27;2025-12-28;2025-12-29,,2025-12-29,6246.981086937538,7451.883777759132,7446.981086937538,19.18500922006823,23.856421649413054,17.491334607440038,36.48535032160787,98697.2973433687,173.92342423232287,7803.106681258902,63355.85606573667,674.9589510161468,64030.815016752815,63355.85606573667,63355.85600238083,46189.171756621756,1588.1997774496651,lexicographic,6.335585600238084e-05,4.618917171043258e-05,False,0.5212742000003345,0.0,1,0
2025-12-31,False,calendar_trend,4,1.0,7,1.0,0,calibrated_quantile,2025-12-03;2025-12-04;2025-12-05;2025-12-06;2025-12-07;2025-12-08;2025-12-09;2025-12-10;2025-12-11;2025-12-12;2025-12-13;2025-12-14;2025-12-15;2025-12-16;2025-12-17;2025-12-18;2025-12-19;2025-12-20;2025-12-21;2025-12-22;2025-12-23;2025-12-24;2025-12-25;2025-12-26;2025-12-27;2025-12-28;2025-12-29;2025-12-30,28,5394.175639980442,2025-12-03;2025-12-04;2025-12-05;2025-12-06;2025-12-07;2025-12-08;2025-12-09;2025-12-10;2025-12-11;2025-12-12;2025-12-13;2025-12-14;2025-12-15;2025-12-16;2025-12-17;2025-12-18;2025-12-19;2025-12-20;2025-12-21;2025-12-22;2025-12-23;2025-12-24;2025-12-25;2025-12-26;2025-12-27;2025-12-28;2025-12-29;2025-12-30,2025-12-17;2025-12-18;2025-12-19;2025-12-20;2025-12-21;2025-12-22;2025-12-23;2025-12-24;2025-12-25;2025-12-26;2025-12-27;2025-12-28;2025-12-29;2025-12-30,,2025-12-30,6242.078396115943,7446.981086937538,7442.078396115943,22.200387618623395,27.869871980118763,10.568749646906,22.036949185863364,97447.82739519043,524.1086282088157,4540.238550902095,62267.60050640604,2083.492920871591,64351.09342727763,62267.60050640603,62267.600444138414,45632.482944028394,1576.6504789638052,lexicographic,6.226760044413841e-05,4.5632482944027515e-05,False,0.23735120000128518,0.0,1,0
