date,warmup,forecast_method,k_load,rho_load,k_pv,rho_pv,scenario_count,purchase_strategy,risk_source_dates,risk_source_day_count,purchase_margin_kwh,similar_load_dates,similar_pv_dates,scenario_source_dates,reserve_latest_source_date,reserve_kwh,soc_start_kwh,soc_end_kwh,load_mae_kwh,load_rmse_kwh,pv_mae_kwh,pv_rmse_kwh,planned_grid_kwh,actual_emergency_kwh,actual_surplus_kwh,planned_cost_yuan,emergency_cost_yuan,actual_total_cost_yuan,solver_objective_yuan,primary_optimum_yuan,storage_throughput_kwh,peak_grid_kwh,objective_mode,cost_lock_tolerance,throughput_lock_tolerance,lexicographic_tolerance_relaxed,solver_seconds,mip_gap,mip_node_count,solver_status
2025-01-01,True,similar_day,4,1.0,7,1.0,1,legacy_scenarios,,0,0.0,,,,,0.0,6000.0,1200.0,113.22068668981478,133.3022984116728,140.49898124999996,202.86438614058318,54149.365590550944,36514.41488333333,21.217300000000023,32909.86528886616,146586.90245181666,179496.76774068282,32909.86528886616,32909.8652559563,32207.271655599336,1409.802763499626,lexicographic,3.29098652559563e-05,3.220727162339207e-05,False,0.1866967999994813,0.0,1,0
2025-01-02,True,similar_day,4,1.0,7,1.0,1,legacy_scenarios,,0,0.0,2025-01-01,2025-01-01,2025-01-01,2025-01-01,0.0,1200.0,1200.0,23.174773842592586,30.59957725485432,10.191742013888886,22.31262096676364,121187.55481800545,1078.4512333333328,24345.769549999997,80989.97380738662,3690.905855833331,84680.87966321995,113351.5922729366,113351.592159585,47964.973656613576,1915.6016626657388,lexicographic,0.000113351592159585,4.7964973608648594e-05,False,0.07475200000044424,0.0,1,0
2025-01-03,True,similar_day,4,1.0,7,1.0,2,legacy_scenarios,,0,0.0,2025-01-02,2025-01-02,2025-01-02;2025-01-01,2025-01-02,0.0,1200.0,1200.0,317.8716789351851,348.7040332424474,14.416922685185186,34.59753499876732,122067.11959109809,0.0,71527.18066666667,81754.5938942043,0.0,81754.5938942043,99925.96195176264,99925.96185183665,47964.97673449597,1912.4201794637067,lexicographic,9.992596185183665e-05,4.7964976734494286e-05,False,0.09153870000227471,1.4562697179681322e-16,1,0
2025-01-04,True,similar_day,4,1.0,7,1.0,3,legacy_scenarios,,0,0.0,2025-01-02;2025-01-03,2025-01-02;2025-01-03,2025-01-03;2025-01-02;2025-01-01,2025-01-03,0.0,1200.0,1200.0,160.62484398148146,176.43343098782768,13.496411921296293,34.372197882564734,98237.90548959529,125.69500000000005,48634.08835833332,62151.69617870356,268.7359100000001,62420.432088703565,74327.74660861329,74327.74653428551,47287.77196798675,1678.534834638601,lexicographic,7.432774653428552e-05,4.728777192069897e-05,False,0.12218070000017178,0.0,1,0
2025-01-05,True,similar_day,4,1.0,7,1.0,4,legacy_scenarios,,0,0.0,2025-01-04;2025-01-02;2025-01-03,2025-01-04;2025-01-02;2025-01-03,2025-01-04;2025-01-03;2025-01-02;2025-01-01,2025-01-04,0.0,1200.0,1200.0,212.01386859567904,233.77631031764665,8.594969907407412,17.060329152744558,90014.20848887303,14603.011850000003,8704.845405555552,55605.654769347544,61680.16771044722,117285.82247979476,64810.351417777405,64810.351352967074,46456.64729634028,1603.423387051109,lexicographic,6.481035135296708e-05,4.6456647296334436e-05,False,0.10008809999999357,1.1226536289793353e-16,1,0
2025-01-06,True,similar_day,4,1.0,7,1.0,5,legacy_scenarios,,0,0.0,2025-01-05;2025-01-04;2025-01-02;2025-01-03,2025-01-05;2025-01-04;2025-01-02;2025-01-03,2025-01-03;2025-01-02;2025-01-01;2025-01-05;2025-01-04,2025-01-05,9600.0,1200.0,10800.0,153.12547980324072,169.0588475659639,10.199889641203704,18.703873205654457,105422.1587042349,10192.509579166666,9349.51824162676,64414.39777545165,42773.92441210208,107188.32218755374,85984.62961686037,85984.62953087577,57974.372550591725,1610.9678399960856,lexicographic,8.598462953087577e-05,5.797437249261735e-05,False,0.1368542999989586,0.0,1,0
2025-01-07,True,similar_day,4,1.0,7,1.0,5,legacy_scenarios,,0,0.0,2025-01-06;2025-01-05;2025-01-04;2025-01-03,2025-01-06;2025-01-05;2025-01-04;2025-01-03;2025-01-02,2025-01-06;2025-01-03;2025-01-02;2025-01-01;2025-01-05,2025-01-06,9600.0,10800.0,10800.0,155.2669320601852,173.6515376588082,16.54014543981482,37.71145158073236,94677.62244514885,10384.913862222224,7538.4891462435735,59708.393800744016,43479.53507560959,103187.9288763536,89800.61346252705,89800.61337272651,47223.34022179352,1604.4349832606772,lexicographic,8.980061337272651e-05,4.722334017457018e-05,False,0.19388969999999972,3.2409389383494873e-16,1,0
2025-01-08,True,similar_day,4,1.0,7,1.0,5,legacy_scenarios,,0,0.0,2025-01-07;2025-01-06;2025-01-03;2025-01-02,2025-01-07;2025-01-06;2025-01-03;2025-01-02;2025-01-04;2025-01-05,2025-01-07;2025-01-06;2025-01-03;2025-01-02;2025-01-01,2025-01-07,9600.0,10800.0,10800.0,76.57864282407408,86.28541026220604,11.743839756944448,27.510074910574733,106191.48870137743,4869.559020833333,16500.048737702797,68976.30406255917,20180.026293962503,89156.33035652168,95422.15807119702,95422.15797577491,47964.97778311983,1720.6140574250162,lexicographic,9.542215797577491e-05,4.796497778313101e-05,False,0.18715680000241264,1.5250037870723052e-16,1,0
2025-01-09,True,similar_day,4,1.0,7,1.0,6,legacy_scenarios,,0,0.0,2025-01-07;2025-01-06;2025-01-08;2025-01-05,2025-01-07;2025-01-06;2025-01-08;2025-01-05;2025-01-04;2025-01-03;2025-01-02,2025-01-08;2025-01-07;2025-01-06;2025-01-03;2025-01-02;2025-01-01,2025-01-08,9600.0,10800.0,10800.0,18.543603269675916,24.68488685753256,14.302365443121687,28.964994506799798,110957.60126310047,811.0136333333337,15690.802539642862,73250.1270675677,2382.3757356375027,75632.50280320519,102769.40319287457,102769.40309010522,47500.65155065767,1765.0389596080197,lexicographic,0.00010276940309010522,4.750065150315703e-05,False,0.21198100000037812,0.0,1,0
2025-01-10,True,similar_day,4,1.0,7,1.0,7,legacy_scenarios,,0,0.0,2025-01-09;2025-01-08;2025-01-07;2025-01-06,2025-01-09;2025-01-08;2025-01-07;2025-01-06;2025-01-03;2025-01-04;2025-01-02,2025-01-09;2025-01-08;2025-01-07;2025-01-06;2025-01-03;2025-01-02;2025-01-01,2025-01-09,9600.0,10800.0,10800.0,315.2259735243055,343.80741676306536,13.036234490740743,23.581469382985006,110914.96354142716,0.0,60438.61378130952,73204.97834802934,0.0,73204.97834802934,98826.9628069848,98826.96270815782,47495.191098138326,1765.13955425116,lexicographic,9.882696270815783e-05,4.749519105064313e-05,False,0.2336734999989858,0.0,1,0
2025-01-11,True,similar_day,4,1.0,7,1.0,5,legacy_scenarios,,0,0.0,2025-01-10;2025-01-04;2025-01-05;2025-01-09,2025-01-10;2025-01-04;2025-01-05;2025-01-09;2025-01-08;2025-01-07;2025-01-06,2025-01-05;2025-01-04;2025-01-10;2025-01-09;2025-01-08,2025-01-10,9600.0,10800.0,10800.0,160.43242879050925,177.37324896535188,8.88114518849207,17.65386992893256,86571.88040287208,91.34416666666539,36920.6735432886,53747.99910130003,195.2938283333306,53943.29292963336,72096.95806051801,72096.95798842103,46456.645164979534,1531.105624908067,lexicographic,7.209695798842104e-05,4.645664511852289e-05,False,0.11105469999893103,0.0,1,0
2025-01-12,True,similar_day,4,1.0,7,1.0,5,legacy_scenarios,,0,0.0,2025-01-11;2025-01-10;2025-01-05;2025-01-04,2025-01-11;2025-01-10;2025-01-05;2025-01-04;2025-01-09;2025-01-06;2025-01-07,2025-01-11;2025-01-05;2025-01-04;2025-01-10;2025-01-09,2025-01-11,9600.0,10800.0,10800.0,231.62261385995367,254.54862271919572,9.330521312830685,18.99400306046369,74393.249241963,21507.63141917243,249.32705396825452,44096.78731806662,86879.49373369594,130976.28105176256,58852.47501051852,58852.47495166607,45589.758026171636,1396.1745896953153,lexicographic,5.885247495166607e-05,4.5589757980581885e-05,False,0.17063269999925978,0.0,1,0
2025-01-13,True,similar_day,4,1.0,7,1.0,8,legacy_scenarios,,0,0.0,2025-01-10;2025-01-12;2025-01-07;2025-01-08,2025-01-10;2025-01-12;2025-01-07;2025-01-08;2025-01-11;2025-01-06;2025-01-09,2025-01-10;2025-01-09;2025-01-08;2025-01-07;2025-01-06;2025-01-03;2025-01-02;2025-01-01,2025-01-12,9600.0,10800.0,10800.0,80.42537786458335,90.09165214394307,18.904435813492082,33.965321589273174,99391.63842203503,5127.986495833333,11369.003986666672,63779.27117681023,20811.176881777083,84590.44805858731,86126.84893829902,86126.84885217213,46456.64092530751,1650.3843955165153,lexicographic,8.612684885217214e-05,4.6456640925313084e-05,False,0.25270199999795295,0.0,1,0
2025-01-14,True,similar_day,4,1.0,7,1.0,9,legacy_scenarios,,0,0.0,2025-01-09;2025-01-13;2025-01-07;2025-01-12,2025-01-09;2025-01-13;2025-01-07;2025-01-12;2025-01-06;2025-01-10;2025-01-11,2025-01-13;2025-01-10;2025-01-09;2025-01-08;2025-01-07;2025-01-06;2025-01-03;2025-01-02;2025-01-01,2025-01-13,9600.0,10800.0,10800.0,18.74131059027778,23.157980450644043,11.960215823412709,23.98416661720409,110797.95019197415,1009.2585916666669,17522.686548571433,73012.09697858267,3293.389235491668,76305.48621407434,95166.01144835207,95166.01135318611,47671.67808495923,1761.2050827966727,lexicographic,9.516601135318612e-05,4.767167803728755e-05,False,0.3343767000005755,0.0,1,0
2025-01-15,True,similar_day,4,1.0,7,1.0,10,legacy_scenarios,,0,0.0,2025-01-14;2025-01-09;2025-01-13;2025-01-10,2025-01-14;2025-01-09;2025-01-13;2025-01-10;2025-01-07;2025-01-12;2025-01-06,2025-01-14;2025-01-13;2025-01-10;2025-01-09;2025-01-08;2025-01-07;2025-01-06;2025-01-03;2025-01-02;2025-01-01,2025-01-14,9600.0,10800.0,10800.0,79.35085726273148,90.22398859570124,9.678541005291002,18.616331272321712,98073.59655296209,5050.389867261903,8176.9794532544665,62752.79251325327,21754.697309396422,84507.48982264969,83924.44003260364,83924.43994867927,46456.641583587,1592.2145038497017,lexicographic,8.392443994867927e-05,4.6456641583597695e-05,False,0.3117164000032062,0.0,1,0
2025-01-16,True,similar_day,4,1.0,7,1.0,11,legacy_scenarios,,0,0.0,2025-01-15;2025-01-10;2025-01-14;2025-01-09,2025-01-15;2025-01-10;2025-01-14;2025-01-09;2025-01-07;2025-01-13;2025-01-08,2025-01-15;2025-01-14;2025-01-13;2025-01-10;2025-01-09;2025-01-08;2025-01-07;2025-01-06;2025-01-03;2025-01-02;2025-01-01,2025-01-15,9600.0,10800.0,10800.0,78.99361782407408,88.4022191100579,15.770518634259266,32.492414400432736,95241.14049891153,5074.959358928571,6365.284366071431,60736.58330975956,21084.58828764375,81821.17159740331,83665.13203091634,83665.13194725117,46456.641661059475,1595.8615395093134,lexicographic,8.366513194725117e-05,4.645664166104684e-05,False,0.24862380000195117,0.0,1,0
2025-01-17,True,similar_day,4,1.0,7,1.0,12,legacy_scenarios,,0,0.0,2025-01-16;2025-01-15;2025-01-10;2025-01-14,2025-01-16;2025-01-15;2025-01-10;2025-01-14;2025-01-09;2025-01-07;2025-01-13,2025-01-16;2025-01-15;2025-01-14;2025-01-13;2025-01-10;2025-01-09;2025-01-08;2025-01-07;2025-01-06;2025-01-03;2025-01-02;2025-01-01,2025-01-16,9600.0,10800.0,10800.0,241.08244337384258,264.7647145378256,11.897375810185197,22.92634785488274,95021.42941385602,0.0,47455.65189678571,60561.85643512991,0.0,60561.85643512991,83389.98195239881,83389.98186900887,46456.641743318905,1590.0665385279465,lexicographic,8.338998186900888e-05,4.645664174331864e-05,False,0.27217599999858066,1.745043577443796e-16,1,0
2025-01-18,True,similar_day,4,1.0,7,1.0,5,legacy_scenarios,,0,0.0,2025-01-12;2025-01-11;2025-01-17;2025-01-16,2025-01-12;2025-01-11;2025-01-17;2025-01-16;2025-01-15;2025-01-14;2025-01-04,2025-01-12;2025-01-11;2025-01-05;2025-01-04;2025-01-17,2025-01-17,9600.0,10800.0,10800.0,159.61433272569445,175.89388512040037,12.71195305886244,22.94699779741692,88888.35157024016,119.59041666666599,40888.768860919314,55416.11096199694,255.68431083333186,55671.79527283028,81667.46865837314,81667.46857670565,46456.64230458272,1600.5657350268184,lexicographic,8.166746857670565e-05,4.645664225812609e-05,False,0.118799100000615,1.781849674292164e-16,1,0
2025-01-19,True,similar_day,4,1.0,7,1.0,5,legacy_scenarios,,0,0.0,2025-01-18;2025-01-12;2025-01-11;2025-01-17,2025-01-18;2025-01-12;2025-01-11;2025-01-17;2025-01-14;2025-01-16;2025-01-15,2025-01-18;2025-01-12;2025-01-11;2025-01-05;2025-01-04,2025-01-18,9600.0,10800.0,10800.0,233.73216880787035,258.3747073217141,11.925785152116404,22.622458756992767,77459.49798321154,17187.07421170635,1226.1709599001674,46098.193337719305,72848.44226084066,118946.63559855997,72140.62444702066,72140.62437488002,45128.651582712744,1541.6253622811205,lexicographic,7.214062437488003e-05,4.512865153758408e-05,False,0.2450059999973746,4.0343191799249117e-16,1,0
2025-01-20,True,similar_day,4,1.0,7,1.0,13,legacy_scenarios,,0,0.0,2025-01-13;2025-01-14;2025-01-17;2025-01-15,2025-01-13;2025-01-14;2025-01-17;2025-01-15;2025-01-16;2025-01-07;2025-01-09,2025-01-17;2025-01-16;2025-01-15;2025-01-14;2025-01-13;2025-01-10;2025-01-09;2025-01-08;2025-01-07;2025-01-06;2025-01-03;2025-01-02;2025-01-01,2025-01-19,9600.0,10800.0,10800.0,77.61492627314816,87.9739474006443,13.255158416005306,24.8406359428604,94616.00566578656,4710.122792857141,6382.387790238097,60176.61664974874,19835.70791079107,80012.32456053981,81222.60906811914,81222.60898689668,46456.64239112708,1589.7581244092019,lexicographic,8.122260898689668e-05,4.645664239112695e-05,False,0.47874880000017583,1.7916089386779554e-16,1,0
2025-01-21,True,similar_day,4,1.0,7,1.0,14,legacy_scenarios,,0,0.0,2025-01-20;2025-01-14;2025-01-15;2025-01-17,2025-01-20;2025-01-14;2025-01-15;2025-01-17;2025-01-16;2025-01-09;2025-01-07,2025-01-20;2025-01-17;2025-01-16;2025-01-15;2025-01-14;2025-01-13;2025-01-10;2025-01-09;2025-01-08;2025-01-07;2025-01-06;2025-01-03;2025-01-02;2025-01-01,2025-01-20,9600.0,10800.0,10800.0,72.38462725694441,82.18990599086861,36.5304693452381,69.4728256871594,94557.53463862755,4450.477120833331,10657.201992023813,60189.58627855932,18139.778179402078,78329.3644579614,81114.84740762704,81114.84732651213,46439.885274883105,1580.2677759220019,lexicographic,8.111484732651213e-05,4.6439885274892625e-05,False,0.506287500000326,0.0,1,0
2025-01-22,True,similar_day,4,1.0,7,1.0,14,legacy_scenarios,,0,0.0,2025-01-21;2025-01-20;2025-01-14;2025-01-15,2025-01-21;2025-01-20;2025-01-14;2025-01-15;2025-01-17;2025-01-09;2025-01-16,2025-01-21;2025-01-20;2025-01-17;2025-01-16;2025-01-15;2025-01-14;2025-01-13;2025-01-10;2025-01-09;2025-01-08;2025-01-07;2025-01-06;2025-01-03;2025-01-02,2025-01-21,9600.0,10800.0,10800.0,17.456171325231484,22.136014137538805,13.73011674933862,25.383954250927996,101051.71168090591,799.8590499999991,8076.142334722224,65763.0582381053,3028.5012029312475,68791.55944103654,84055.70436537461,84055.70428131895,46456.64154434639,1675.3932899079005,lexicographic,8.405570428131895e-05,4.645664154434639e-05,False,0.5104036000011547,0.0,1,0
2025-01-23,True,similar_day,4,1.0,7,1.0,14,legacy_scenarios,,0,0.0,2025-01-15;2025-01-21;2025-01-16;2025-01-17,2025-01-15;2025-01-21;2025-01-16;2025-01-17;2025-01-20;2025-01-14;2025-01-09,2025-01-22;2025-01-21;2025-01-20;2025-01-17;2025-01-16;2025-01-15;2025-01-14;2025-01-13;2025-01-10;2025-01-09;2025-01-08;2025-01-07;2025-01-06;2025-01-03,2025-01-22,9600.0,10800.0,10800.0,79.48195810185183,89.38770605470151,14.05202716600528,28.507884196245495,89450.87304550316,6099.509641468254,1210.8025939358681,56377.12666251263,23361.05386733065,79738.18052984329,74627.8686802873,74627.86860565929,45475.340170496616,1544.1393314358663,lexicographic,7.462786860565928e-05,4.5475340125021295e-05,False,0.7413143999983731,0.0,1,0
2025-01-24,True,similar_day,4,1.0,7,1.0,14,legacy_scenarios,,0,0.0,2025-01-23;2025-01-17;2025-01-16;2025-01-20,2025-01-23;2025-01-17;2025-01-16;2025-01-20;2025-01-21;2025-01-10;2025-01-15,2025-01-23;2025-01-22;2025-01-21;2025-01-20;2025-01-17;2025-01-16;2025-01-15;2025-01-14;2025-01-13;2025-01-10;2025-01-09;2025-01-08;2025-01-07;2025-01-06,2025-01-23,9600.0,10800.0,10800.0,241.74790778356478,266.3479368050662,17.402429894179907,38.576393485774744,90692.56493521281,0.0,46092.5222663187,57034.60977143311,0.0,57034.60977143311,76306.47873796365,76306.47866165696,45446.52331157018,1535.9440683425116,lexicographic,7.630647866165697e-05,4.5446523266123666e-05,False,0.7253646999997727,0.0,1,0
2025-01-25,True,similar_day,4,1.0,7,1.0,6,legacy_scenarios,,0,0.0,2025-01-19;2025-01-18;2025-01-22;2025-01-21,2025-01-19;2025-01-18;2025-01-22;2025-01-21;2025-01-12;2025-01-23;2025-01-17,2025-01-19;2025-01-18;2025-01-12;2025-01-11;2025-01-05;2025-01-04,2025-01-24,9600.0,10800.0,10800.0,238.40343926504627,262.9484828503039,29.016727728174615,56.81586459973441,99035.5626920034,0.0,55701.894266468255,63774.37352505754,0.0,63774.37352505754,97250.99864205046,97250.99854479954,46622.675029220816,1745.4807436666374,lexicographic,9.725099854479955e-05,4.6622674982598143e-05,False,0.4440574000000197,0.0,1,0
2025-01-26,True,similar_day,4,1.0,7,1.0,7,legacy_scenarios,,0,0.0,2025-01-25;2025-01-19;2025-01-18;2025-01-22,2025-01-25;2025-01-19;2025-01-18;2025-01-22;2025-01-21;2025-01-20;2025-01-12,2025-01-25;2025-01-19;2025-01-18;2025-01-12;2025-01-11;2025-01-05;2025-01-04,2025-01-25,9600.0,10800.0,10800.0,157.65562161458334,175.02319621012435,16.48676069775131,35.340363716249435,86909.76260026697,10111.58783611111,4456.432235912698,53922.875634292126,41835.41972518641,95758.29535947854,82625.8033894978,82625.8033068721,46354.36832899481,1572.618908047929,lexicographic,8.26258033068721e-05,4.635436828264045e-05,False,0.15788890000112588,1.7611829048512924e-16,1,0
2025-01-27,True,similar_day,4,1.0,7,1.0,14,legacy_scenarios,,0,0.0,2025-01-20;2025-01-21;2025-01-24;2025-01-23,2025-01-20;2025-01-21;2025-01-24;2025-01-23;2025-01-14;2025-01-17;2025-01-13,2025-01-24;2025-01-23;2025-01-22;2025-01-21;2025-01-20;2025-01-17;2025-01-16;2025-01-15;2025-01-14;2025-01-13;2025-01-10;2025-01-09;2025-01-08;2025-01-07,2025-01-26,9600.0,10800.0,10800.0,75.6719003761574,84.69641244648551,19.775141749338633,36.97094694954484,87665.94419889437,5057.995240476191,3794.62718324686,54813.86838196557,20772.59467985208,75586.46306181766,70837.41966309614,70837.4195922587,45101.3463460558,1527.438726699241,lexicographic,7.08374195922587e-05,4.510134630095446e-05,False,0.6907059000004665,0.0,1,0
2025-01-28,True,similar_day,4,1.0,7,1.0,14,legacy_scenarios,,0,0.0,2025-01-22;2025-01-20;2025-01-23;2025-01-21,2025-01-22;2025-01-20;2025-01-23;2025-01-21;2025-01-27;2025-01-14;2025-01-13,2025-01-27;2025-01-24;2025-01-23;2025-01-22;2025-01-21;2025-01-20;2025-01-17;2025-01-16;2025-01-15;2025-01-14;2025-01-13;2025-01-10;2025-01-09;2025-01-08,2025-01-27,9600.0,10800.0,10800.0,20.212109780092582,24.657720047553937,11.444311425264548,21.210525538467504,98361.94120825629,893.3042791666654,7408.583300992062,63486.300654196275,2824.2345435895786,66310.53519778585,76552.90946247126,76552.90938591832,46357.556335648726,1565.4249199683852,lexicographic,7.655290938591833e-05,4.635755633564709e-05,False,0.5416234999975131,0.0,1,0
2025-01-29,True,similar_day,4,1.0,7,1.0,14,legacy_scenarios,,0,0.0,2025-01-23;2025-01-21;2025-01-27;2025-01-22,2025-01-23;2025-01-21;2025-01-27;2025-01-22;2025-01-24;2025-01-15;2025-01-20,2025-01-28;2025-01-27;2025-01-24;2025-01-23;2025-01-22;2025-01-21;2025-01-20;2025-01-17;2025-01-16;2025-01-15;2025-01-14;2025-01-13;2025-01-10;2025-01-09,2025-01-28,9600.0,10800.0,10800.0,20.31237502893519,24.755673979558736,33.8163037202381,56.83979809664988,97842.20202563368,409.17457499999944,11999.831306547618,63112.67763881077,1262.6417155520826,64375.31935436285,74952.80443887434,74952.80436392159,46358.33200945159,1564.550073792644,lexicographic,7.495280436392159e-05,4.635833200944737e-05,False,0.43182639999940875,0.0,1,0
2025-01-30,True,similar_day,4,1.0,7,1.0,14,legacy_scenarios,,0,0.0,2025-01-22;2025-01-29;2025-01-21;2025-01-27,2025-01-22;2025-01-29;2025-01-21;2025-01-27;2025-01-23;2025-01-24;2025-01-17,2025-01-29;2025-01-28;2025-01-27;2025-01-24;2025-01-23;2025-01-22;2025-01-21;2025-01-20;2025-01-17;2025-01-16;2025-01-15;2025-01-14;2025-01-13;2025-01-10,2025-01-29,9600.0,10800.0,10800.0,17.260203530092593,23.54083424750967,16.762830340608478,35.092930279914206,96528.68987645846,689.7846875000005,8653.083229618866,62038.62324583382,2933.2123870375026,64971.83563287132,73778.33982309596,73778.33974931772,45943.597249059756,1539.4618069998162,lexicographic,7.377833974931772e-05,4.594359720311616e-05,False,0.379998100001103,0.0,1,0
2025-01-31,True,similar_day,4,1.0,7,1.0,14,legacy_scenarios,,0,0.0,2025-01-30;2025-01-29;2025-01-22;2025-01-23,2025-01-30;2025-01-29;2025-01-22;2025-01-23;2025-01-24;2025-01-27;2025-01-21,2025-01-30;2025-01-29;2025-01-28;2025-01-27;2025-01-24;2025-01-23;2025-01-22;2025-01-21;2025-01-20;2025-01-17;2025-01-16;2025-01-15;2025-01-14;2025-01-13,2025-01-30,9600.0,10800.0,10800.0,320.19415726273144,350.270053053422,14.48071106150793,26.750097102667116,96182.22372465688,0.0,52619.538400468206,61872.05983358764,0.0,61872.05983358764,73781.29982088186,73781.29974710058,45710.71429621853,1536.0844665396376,lexicographic,7.378129974710058e-05,4.571071425050782e-05,False,0.36112479999792413,0.0,1,0
2025-02-01,False,calendar_trend,4,1.0,7,1.0,0,calibrated_quantile,2025-01-04;2025-01-05;2025-01-06;2025-01-07;2025-01-08;2025-01-09;2025-01-10;2025-01-11;2025-01-12;2025-01-13;2025-01-14;2025-01-15;2025-01-16;2025-01-17;2025-01-18;2025-01-19;2025-01-20;2025-01-21;2025-01-22;2025-01-23;2025-01-24;2025-01-25;2025-01-26;2025-01-27;2025-01-28;2025-01-29;2025-01-30;2025-01-31,28,23600.68510599206,2025-01-04;2025-01-05;2025-01-06;2025-01-07;2025-01-08;2025-01-09;2025-01-10;2025-01-11;2025-01-12;2025-01-13;2025-01-14;2025-01-15;2025-01-16;2025-01-17;2025-01-18;2025-01-19;2025-01-20;2025-01-21;2025-01-22;2025-01-23;2025-01-24;2025-01-25;2025-01-26;2025-01-27;2025-01-28;2025-01-29;2025-01-30;2025-01-31,2025-01-18;2025-01-19;2025-01-20;2025-01-21;2025-01-22;2025-01-23;2025-01-24;2025-01-25;2025-01-26;2025-01-27;2025-01-28;2025-01-29;2025-01-30;2025-01-31,,2025-01-31,9600.0,10800.0,10800.0,33.071501354996855,38.32793014869407,10.493657839017365,20.724795551149512,66323.95810499243,0.0,27780.899088580336,38292.23549585378,0.0,38292.23549585378,38292.235495853776,38292.235457561546,39675.99147564507,1519.871297840251,lexicographic,3.829223545756155e-05,3.9675991435969084e-05,False,0.10781210000277497,0.0,1,0
2025-02-02,False,calendar_trend,4,1.0,7,1.0,0,calibrated_quantile,2025-01-05;2025-01-06;2025-01-07;2025-01-08;2025-01-09;2025-01-10;2025-01-11;2025-01-12;2025-01-13;2025-01-14;2025-01-15;2025-01-16;2025-01-17;2025-01-18;2025-01-19;2025-01-20;2025-01-21;2025-01-22;2025-01-23;2025-01-24;2025-01-25;2025-01-26;2025-01-27;2025-01-28;2025-01-29;2025-01-30;2025-01-31;2025-02-01,28,23586.00010599206,2025-01-05;2025-01-06;2025-01-07;2025-01-08;2025-01-09;2025-01-10;2025-01-11;2025-01-12;2025-01-13;2025-01-14;2025-01-15;2025-01-16;2025-01-17;2025-01-18;2025-01-19;2025-01-20;2025-01-21;2025-01-22;2025-01-23;2025-01-24;2025-01-25;2025-01-26;2025-01-27;2025-01-28;2025-01-29;2025-01-30;2025-01-31;2025-02-01,2025-01-19;2025-01-20;2025-01-21;2025-01-22;2025-01-23;2025-01-24;2025-01-25;2025-01-26;2025-01-27;2025-01-28;2025-01-29;2025-01-30;2025-01-31;2025-02-01,,2025-02-01,9600.0,10800.0,10800.0,22.133344352358293,27.013918851677808,10.459012263849935,20.3720277303429,109678.51195904671,0.0,26445.56962470595,72746.14606881721,0.0,72746.14606881721,72746.14606881721,72746.14599607106,46456.644924509346,1644.8538914248136,lexicographic,7.274614599607107e-05,4.645664492450935e-05,False,0.09140689999912865,0.0,1,0
2025-02-03,False,calendar_trend,4,1.0,7,1.0,0,calibrated_quantile,2025-01-06;2025-01-07;2025-01-08;2025-01-09;2025-01-10;2025-01-11;2025-01-12;2025-01-13;2025-01-14;2025-01-15;2025-01-16;2025-01-17;2025-01-18;2025-01-19;2025-01-20;2025-01-21;2025-01-22;2025-01-23;2025-01-24;2025-01-25;2025-01-26;2025-01-27;2025-01-28;2025-01-29;2025-01-30;2025-01-31;2025-02-01;2025-02-02,28,20449.248465238095,2025-01-06;2025-01-07;2025-01-08;2025-01-09;2025-01-10;2025-01-11;2025-01-12;2025-01-13;2025-01-14;2025-01-15;2025-01-16;2025-01-17;2025-01-18;2025-01-19;2025-01-20;2025-01-21;2025-01-22;2025-01-23;2025-01-24;2025-01-25;2025-01-26;2025-01-27;2025-01-28;2025-01-29;2025-01-30;2025-01-31;2025-02-01;2025-02-02,2025-01-20;2025-01-21;2025-01-22;2025-01-23;2025-01-24;2025-01-25;2025-01-26;2025-01-27;2025-01-28;2025-01-29;2025-01-30;2025-01-31;2025-02-01;2025-02-02,,2025-02-02,9600.0,10800.0,10800.0,18.65718764706313,23.292614125755797,12.527401165299993,24.4400753607094,105524.46987378113,0.0,20469.631421289563,69338.40992885549,0.0,69338.40992885549,69338.40992885549,69338.4098595171,46087.57228426183,1565.8801602669664,lexicographic,6.93384098595171e-05,4.608757223817424e-05,False,0.08987949999936973,0.0,1,0
2025-02-04,False,calendar_trend,4,1.0,7,1.0,0,calibrated_quantile,2025-01-07;2025-01-08;2025-01-09;2025-01-10;2025-01-11;2025-01-12;2025-01-13;2025-01-14;2025-01-15;2025-01-16;2025-01-17;2025-01-18;2025-01-19;2025-01-20;2025-01-21;2025-01-22;2025-01-23;2025-01-24;2025-01-25;2025-01-26;2025-01-27;2025-01-28;2025-01-29;2025-01-30;2025-01-31;2025-02-01;2025-02-02;2025-02-03,28,17421.911942142855,2025-01-07;2025-01-08;2025-01-09;2025-01-10;2025-01-11;2025-01-12;2025-01-13;2025-01-14;2025-01-15;2025-01-16;2025-01-17;2025-01-18;2025-01-19;2025-01-20;2025-01-21;2025-01-22;2025-01-23;2025-01-24;2025-01-25;2025-01-26;2025-01-27;2025-01-28;2025-01-29;2025-01-30;2025-01-31;2025-02-01;2025-02-02;2025-02-03,2025-01-21;2025-01-22;2025-01-23;2025-01-24;2025-01-25;2025-01-26;2025-01-27;2025-01-28;2025-01-29;2025-01-30;2025-01-31;2025-02-01;2025-02-02;2025-02-03,,2025-02-03,9600.0,10800.0,10800.0,21.38931991217457,27.320586263543092,19.87631451314577,38.96144525982467,101949.85067063486,61.31505491312123,16068.741212108778,66304.8643806718,131.0341725222653,66435.89855319407,66304.8643806718,66304.86431436695,45226.7611569735,1583.258271634806,lexicographic,6.630486431436695e-05,4.522676111174673e-05,False,0.100259199996799,0.0,1,0
2025-02-05,False,calendar_trend,4,1.0,7,1.0,0,calibrated_quantile,2025-01-08;2025-01-09;2025-01-10;2025-01-11;2025-01-12;2025-01-13;2025-01-14;2025-01-15;2025-01-16;2025-01-17;2025-01-18;2025-01-19;2025-01-20;2025-01-21;2025-01-22;2025-01-23;2025-01-24;2025-01-25;2025-01-26;2025-01-27;2025-01-28;2025-01-29;2025-01-30;2025-01-31;2025-02-01;2025-02-02;2025-02-03;2025-02-04,28,14720.642404157597,2025-01-08;2025-01-09;2025-01-10;2025-01-11;2025-01-12;2025-01-13;2025-01-14;2025-01-15;2025-01-16;2025-01-17;2025-01-18;2025-01-19;2025-01-20;2025-01-21;2025-01-22;2025-01-23;2025-01-24;2025-01-25;2025-01-26;2025-01-27;2025-01-28;2025-01-29;2025-01-30;2025-01-31;2025-02-01;2025-02-02;2025-02-03;2025-02-04,2025-01-22;2025-01-23;2025-01-24;2025-01-25;2025-01-26;2025-01-27;2025-01-28;2025-01-29;2025-01-30;2025-01-31;2025-02-01;2025-02-02;2025-02-03;2025-02-04,,2025-02-04,9600.0,10800.0,10800.0,19.352008254716388,24.682765617858756,16.23143159863173,33.108053745700175,98509.75916424856,32.57667266909061,13075.61515996265,63848.369010226976,76.53635298051258,63924.90536320749,63848.36901022697,63848.36894637857,44947.95571292235,1562.2239767307587,lexicographic,6.384836894637858e-05,4.494795566797439e-05,False,0.13152389999959269,0.0,1,0
2025-02-06,False,calendar_trend,4,1.0,7,1.0,0,calibrated_quantile,2025-01-09;2025-01-10;2025-01-11;2025-01-12;2025-01-13;2025-01-14;2025-01-15;2025-01-16;2025-01-17;2025-01-18;2025-01-19;2025-01-20;2025-01-21;2025-01-22;2025-01-23;2025-01-24;2025-01-25;2025-01-26;2025-01-27;2025-01-28;2025-01-29;2025-01-30;2025-01-31;2025-02-01;2025-02-02;2025-02-03;2025-02-04;2025-02-05,28,14419.162468643732,2025-01-09;2025-01-10;2025-01-11;2025-01-12;2025-01-13;2025-01-14;2025-01-15;2025-01-16;2025-01-17;2025-01-18;2025-01-19;2025-01-20;2025-01-21;2025-01-22;2025-01-23;2025-01-24;2025-01-25;2025-01-26;2025-01-27;2025-01-28;2025-01-29;2025-01-30;2025-01-31;2025-02-01;2025-02-02;2025-02-03;2025-02-04;2025-02-05,2025-01-23;2025-01-24;2025-01-25;2025-01-26;2025-01-27;2025-01-28;2025-01-29;2025-01-30;2025-01-31;2025-02-01;2025-02-02;2025-02-03;2025-02-04;2025-02-05,,2025-02-05,9600.0,10800.0,10800.0,19.318868104144162,24.1760125319647,10.601000311683006,19.69376306276086,98303.12859373767,0.0,13313.777594615585,63705.30629723751,0.0,63705.30629723751,63705.30629723752,63705.30623353218,44947.95655918048,1552.53034856746,lexicographic,6.370530623353219e-05,4.494795651423252e-05,False,0.0974214000016218,2.28425481152577e-16,1,0
2025-02-07,False,calendar_trend,4,1.0,7,1.0,0,calibrated_quantile,2025-01-10;2025-01-11;2025-01-12;2025-01-13;2025-01-14;2025-01-15;2025-01-16;2025-01-17;2025-01-18;2025-01-19;2025-01-20;2025-01-21;2025-01-22;2025-01-23;2025-01-24;2025-01-25;2025-01-26;2025-01-27;2025-01-28;2025-01-29;2025-01-30;2025-01-31;2025-02-01;2025-02-02;2025-02-03;2025-02-04;2025-02-05;2025-02-06,28,14419.162468643732,2025-01-10;2025-01-11;2025-01-12;2025-01-13;2025-01-14;2025-01-15;2025-01-16;2025-01-17;2025-01-18;2025-01-19;2025-01-20;2025-01-21;2025-01-22;2025-01-23;2025-01-24;2025-01-25;2025-01-26;2025-01-27;2025-01-28;2025-01-29;2025-01-30;2025-01-31;2025-02-01;2025-02-02;2025-02-03;2025-02-04;2025-02-05;2025-02-06,2025-01-24;2025-01-25;2025-01-26;2025-01-27;2025-01-28;2025-01-29;2025-01-30;2025-01-31;2025-02-01;2025-02-02;2025-02-03;2025-02-04;2025-02-05;2025-02-06,,2025-02-06,9600.0,10800.0,10800.0,20.165601490131266,25.485948006145097,25.826060653623593,51.39366369789802,53753.04010790255,0.0,17889.076218569786,29437.361226963872,0.0,29437.361226963872,29437.361226963876,29437.361197526523,38660.49706855613,1306.6254995373777,lexicographic,2.9437361197526525e-05,3.866049702989564e-05,False,0.15004849999968428,0.0,1,0
2025-02-08,False,calendar_trend,4,1.0,7,1.0,0,calibrated_quantile,2025-01-11;2025-01-12;2025-01-13;2025-01-14;2025-01-15;2025-01-16;2025-01-17;2025-01-18;2025-01-19;2025-01-20;2025-01-21;2025-01-22;2025-01-23;2025-01-24;2025-01-25;2025-01-26;2025-01-27;2025-01-28;2025-01-29;2025-01-30;2025-01-31;2025-02-01;2025-02-02;2025-02-03;2025-02-04;2025-02-05;2025-02-06;2025-02-07,28,14419.162468643732,2025-01-11;2025-01-12;2025-01-13;2025-01-14;2025-01-15;2025-01-16;2025-01-17;2025-01-18;2025-01-19;2025-01-20;2025-01-21;2025-01-22;2025-01-23;2025-01-24;2025-01-25;2025-01-26;2025-01-27;2025-01-28;2025-01-29;2025-01-30;2025-01-31;2025-02-01;2025-02-02;2025-02-03;2025-02-04;2025-02-05;2025-02-06;2025-02-07,2025-01-25;2025-01-26;2025-01-27;2025-01-28;2025-01-29;2025-01-30;2025-01-31;2025-02-01;2025-02-02;2025-02-03;2025-02-04;2025-02-05;2025-02-06;2025-02-07,,2025-02-07,9600.0,10800.0,10800.0,18.24072219287527,22.695699010789856,19.681528704751145,40.912837308333025,51942.34626673092,0.0,16311.85025229622,28455.353816764087,0.0,28455.353816764087,28455.35381676409,28455.35378830875,38613.332994527125,1448.440783025122,lexicographic,2.845535378830875e-05,3.86133329559138e-05,False,0.17041650000101072,0.0,1,0
2025-02-09,False,calendar_trend,4,1.0,7,1.0,0,calibrated_quantile,2025-01-12;2025-01-13;2025-01-14;2025-01-15;2025-01-16;2025-01-17;2025-01-18;2025-01-19;2025-01-20;2025-01-21;2025-01-22;2025-01-23;2025-01-24;2025-01-25;2025-01-26;2025-01-27;2025-01-28;2025-01-29;2025-01-30;2025-01-31;2025-02-01;2025-02-02;2025-02-03;2025-02-04;2025-02-05;2025-02-06;2025-02-07;2025-02-08,28,14411.15361864373,2025-01-12;2025-01-13;2025-01-14;2025-01-15;2025-01-16;2025-01-17;2025-01-18;2025-01-19;2025-01-20;2025-01-21;2025-01-22;2025-01-23;2025-01-24;2025-01-25;2025-01-26;2025-01-27;2025-01-28;2025-01-29;2025-01-30;2025-01-31;2025-02-01;2025-02-02;2025-02-03;2025-02-04;2025-02-05;2025-02-06;2025-02-07;2025-02-08,2025-01-26;2025-01-27;2025-01-28;2025-01-29;2025-01-30;2025-01-31;2025-02-01;2025-02-02;2025-02-03;2025-02-04;2025-02-05;2025-02-06;2025-02-07;2025-02-08,,2025-02-08,9600.0,10800.0,10800.0,28.269530926356538,33.88627964671594,20.373448041695347,40.37946491915458,94353.48206741654,297.2462049349582,10377.016780011189,60897.80855089703,864.6425497490641,61762.451100646096,60897.80855089703,60897.8084899992,44947.97316562792,1485.318805223193,lexicographic,6.089780848999921e-05,4.494797312067995e-05,False,0.08620890000020154,0.0,1,0
2025-02-10,False,calendar_trend,4,1.0,7,1.0,0,calibrated_quantile,2025-01-13;2025-01-14;2025-01-15;2025-01-16;2025-01-17;2025-01-18;2025-01-19;2025-01-20;2025-01-21;2025-01-22;2025-01-23;2025-01-24;2025-01-25;2025-01-26;2025-01-27;2025-01-28;2025-01-29;2025-01-30;2025-01-31;2025-02-01;2025-02-02;2025-02-03;2025-02-04;2025-02-05;2025-02-06;2025-02-07;2025-02-08;2025-02-09,28,12433.93497339705,2025-01-13;2025-01-14;2025-01-15;2025-01-16;2025-01-17;2025-01-18;2025-01-19;2025-01-20;2025-01-21;2025-01-22;2025-01-23;2025-01-24;2025-01-25;2025-01-26;2025-01-27;2025-01-28;2025-01-29;2025-01-30;2025-01-31;2025-02-01;2025-02-02;2025-02-03;2025-02-04;2025-02-05;2025-02-06;2025-02-07;2025-02-08;2025-02-09,2025-01-27;2025-01-28;2025-01-29;2025-01-30;2025-01-31;2025-02-01;2025-02-02;2025-02-03;2025-02-04;2025-02-05;2025-02-06;2025-02-07;2025-02-08;2025-02-09,,2025-02-09,9600.0,10800.0,10800.0,23.97962707565277,30.115335970435176,30.15202585698214,58.11531330481456,93562.24891303321,12.110574068088908,14529.425961122539,60226.277102074426,26.545350533177533,60252.8224526076,60226.27710207441,60226.27704184813,44947.97713783277,1450.4617142077755,lexicographic,6.022627704184814e-05,4.4947977092884794e-05,False,0.09281750000081956,0.0,1,0
2025-02-11,False,calendar_trend,4,1.0,7,1.0,0,calibrated_quantile,2025-01-14;2025-01-15;2025-01-16;2025-01-17;2025-01-18;2025-01-19;2025-01-20;2025-01-21;2025-01-22;2025-01-23;2025-01-24;2025-01-25;2025-01-26;2025-01-27;2025-01-28;2025-01-29;2025-01-30;2025-01-31;2025-02-01;2025-02-02;2025-02-03;2025-02-04;2025-02-05;2025-02-06;2025-02-07;2025-02-08;2025-02-09;2025-02-10,28,12023.763047399532,2025-01-14;2025-01-15;2025-01-16;2025-01-17;2025-01-18;2025-01-19;2025-01-20;2025-01-21;2025-01-22;2025-01-23;2025-01-24;2025-01-25;2025-01-26;2025-01-27;2025-01-28;2025-01-29;2025-01-30;2025-01-31;2025-02-01;2025-02-02;2025-02-03;2025-02-04;2025-02-05;2025-02-06;2025-02-07;2025-02-08;2025-02-09;2025-02-10,2025-01-28;2025-01-29;2025-01-30;2025-01-31;2025-02-01;2025-02-02;2025-02-03;2025-02-04;2025-02-05;2025-02-06;2025-02-07;2025-02-08;2025-02-09;2025-02-10,,2025-02-10,9600.0,10800.0,10800.0,22.79676129352062,28.168783076615828,15.760283696472381,30.458667890452425,91988.57375450105,0.0,12064.692185453143,58928.83192506812,0.0,58928.83192506812,58928.831925068116,58928.8318661393,44804.97278233358,1458.7967945268792,lexicographic,5.89288318661393e-05,4.480497273752861e-05,False,0.09428529999786406,0.0,1,0
2025-02-12,False,calendar_trend,4,1.0,7,1.0,0,calibrated_quantile,2025-01-15;2025-01-16;2025-01-17;2025-01-18;2025-01-19;2025-01-20;2025-01-21;2025-01-22;2025-01-23;2025-01-24;2025-01-25;2025-01-26;2025-01-27;2025-01-28;2025-01-29;2025-01-30;2025-01-31;2025-02-01;2025-02-02;2025-02-03;2025-02-04;2025-02-05;2025-02-06;2025-02-07;2025-02-08;2025-02-09;2025-02-10;2025-02-11,28,12014.567400355922,2025-01-15;2025-01-16;2025-01-17;2025-01-18;2025-01-19;2025-01-20;2025-01-21;2025-01-22;2025-01-23;2025-01-24;2025-01-25;2025-01-26;2025-01-27;2025-01-28;2025-01-29;2025-01-30;2025-01-31;2025-02-01;2025-02-02;2025-02-03;2025-02-04;2025-02-05;2025-02-06;2025-02-07;2025-02-08;2025-02-09;2025-02-10;2025-02-11,2025-01-29;2025-01-30;2025-01-31;2025-02-01;2025-02-02;2025-02-03;2025-02-04;2025-02-05;2025-02-06;2025-02-07;2025-02-08;2025-02-09;2025-02-10;2025-02-11,,2025-02-11,9600.0,10800.0,10800.0,20.61293697708291,25.99924276266871,15.197550320288636,30.24428976537834,91791.47363062046,4.394291633870381,11826.438717863588,58891.913916953374,18.31101323833788,58910.22493019171,58891.913916953374,58891.91385806147,44799.33925586281,1445.536001933181,lexicographic,5.889191385806147e-05,4.4799339211063477e-05,False,0.08999150000090594,0.0,1,0
2025-02-13,False,calendar_trend,4,1.0,7,1.0,0,calibrated_quantile,2025-01-16;2025-01-17;2025-01-18;2025-01-19;2025-01-20;2025-01-21;2025-01-22;2025-01-23;2025-01-24;2025-01-25;2025-01-26;2025-01-27;2025-01-28;2025-01-29;2025-01-30;2025-01-31;2025-02-01;2025-02-02;2025-02-03;2025-02-04;2025-02-05;2025-02-06;2025-02-07;2025-02-08;2025-02-09;2025-02-10;2025-02-11;2025-02-12,28,11126.35916824693,2025-01-16;2025-01-17;2025-01-18;2025-01-19;2025-01-20;2025-01-21;2025-01-22;2025-01-23;2025-01-24;2025-01-25;2025-01-26;2025-01-27;2025-01-28;2025-01-29;2025-01-30;2025-01-31;2025-02-01;2025-02-02;2025-02-03;2025-02-04;2025-02-05;2025-02-06;2025-02-07;2025-02-08;2025-02-09;2025-02-10;2025-02-11;2025-02-12,2025-01-30;2025-01-31;2025-02-01;2025-02-02;2025-02-03;2025-02-04;2025-02-05;2025-02-06;2025-02-07;2025-02-08;2025-02-09;2025-02-10;2025-02-11;2025-02-12,,2025-02-12,9600.0,10800.0,10800.0,21.94414317119749,26.20948543889598,32.427843538975445,58.695729606330204,90377.88998349092,40.80760090239437,14410.37257945253,57807.95611773795,87.68744508157855,57895.64356281953,57807.956117737966,57807.95605993,44572.164414611456,1468.9200312706478,lexicographic,5.7807956059930006e-05,4.45721643700393e-05,False,0.09849889999895822,0.0,1,0
2025-02-14,False,calendar_trend,4,1.0,7,1.0,0,calibrated_quantile,2025-01-17;2025-01-18;2025-01-19;2025-01-20;2025-01-21;2025-01-22;2025-01-23;2025-01-24;2025-01-25;2025-01-26;2025-01-27;2025-01-28;2025-01-29;2025-01-30;2025-01-31;2025-02-01;2025-02-02;2025-02-03;2025-02-04;2025-02-05;2025-02-06;2025-02-07;2025-02-08;2025-02-09;2025-02-10;2025-02-11;2025-02-12;2025-02-13,28,10113.848332251588,2025-01-17;2025-01-18;2025-01-19;2025-01-20;2025-01-21;2025-01-22;2025-01-23;2025-01-24;2025-01-25;2025-01-26;2025-01-27;2025-01-28;2025-01-29;2025-01-30;2025-01-31;2025-02-01;2025-02-02;2025-02-03;2025-02-04;2025-02-05;2025-02-06;2025-02-07;2025-02-08;2025-02-09;2025-02-10;2025-02-11;2025-02-12;2025-02-13,2025-01-31;2025-02-01;2025-02-02;2025-02-03;2025-02-04;2025-02-05;2025-02-06;2025-02-07;2025-02-08;2025-02-09;2025-02-10;2025-02-11;2025-02-12;2025-02-13,,2025-02-13,9600.0,10800.0,10800.0,18.16674221814877,22.807991585061586,18.71590626759834,39.68676756888508,43171.5809089672,277.8984426937935,9753.735565218863,23363.652657038234,781.0998558001206,24144.752512838353,23363.652657038234,23363.652633674585,37094.9208699663,1289.7701228968558,lexicographic,2.3363652633674587e-05,3.7094920832871374e-05,False,0.19228470000234665,0.0,1,0
2025-02-15,False,calendar_trend,4,1.0,7,1.0,0,calibrated_quantile,2025-01-18;2025-01-19;2025-01-20;2025-01-21;2025-01-22;2025-01-23;2025-01-24;2025-01-25;2025-01-26;2025-01-27;2025-01-28;2025-01-29;2025-01-30;2025-01-31;2025-02-01;2025-02-02;2025-02-03;2025-02-04;2025-02-05;2025-02-06;2025-02-07;2025-02-08;2025-02-09;2025-02-10;2025-02-11;2025-02-12;2025-02-13;2025-02-14,28,10326.220369928336,2025-01-18;2025-01-19;2025-01-20;2025-01-21;2025-01-22;2025-01-23;2025-01-24;2025-01-25;2025-01-26;2025-01-27;2025-01-28;2025-01-29;2025-01-30;2025-01-31;2025-02-01;2025-02-02;2025-02-03;2025-02-04;2025-02-05;2025-02-06;2025-02-07;2025-02-08;2025-02-09;2025-02-10;2025-02-11;2025-02-12;2025-02-13;2025-02-14,2025-02-01;2025-02-02;2025-02-03;2025-02-04;2025-02-05;2025-02-06;2025-02-07;2025-02-08;2025-02-09;2025-02-10;2025-02-11;2025-02-12;2025-02-13;2025-02-14,,2025-02-14,9600.0,10800.0,10800.0,17.637986973972925,21.978471657288527,12.355124916961906,23.940245449486586,42298.92260556444,21.237298725055325,9090.096896922852,22953.9588897839,45.32974522345266,22999.28863500735,22953.9588897839,22953.958866829944,37628.67974912438,1415.699893030178,lexicographic,2.2953958866829946e-05,3.7628679711495706e-05,False,0.17024040000251262,0.0,1,0
2025-02-16,False,calendar_trend,4,1.0,7,1.0,0,calibrated_quantile,2025-01-19;2025-01-20;2025-01-21;2025-01-22;2025-01-23;2025-01-24;2025-01-25;2025-01-26;2025-01-27;2025-01-28;2025-01-29;2025-01-30;2025-01-31;2025-02-01;2025-02-02;2025-02-03;2025-02-04;2025-02-05;2025-02-06;2025-02-07;2025-02-08;2025-02-09;2025-02-10;2025-02-11;2025-02-12;2025-02-13;2025-02-14;2025-02-15,28,10340.024953206714,2025-01-19;2025-01-20;2025-01-21;2025-01-22;2025-01-23;2025-01-24;2025-01-25;2025-01-26;2025-01-27;2025-01-28;2025-01-29;2025-01-30;2025-01-31;2025-02-01;2025-02-02;2025-02-03;2025-02-04;2025-02-05;2025-02-06;2025-02-07;2025-02-08;2025-02-09;2025-02-10;2025-02-11;2025-02-12;2025-02-13;2025-02-14;2025-02-15,2025-02-02;2025-02-03;2025-02-04;2025-02-05;2025-02-06;2025-02-07;2025-02-08;2025-02-09;2025-02-10;2025-02-11;2025-02-12;2025-02-13;2025-02-14;2025-02-15,,2025-02-15,9600.0,10800.0,10800.0,23.852807913826933,29.4240887560387,18.466560391671887,39.44413320214526,86183.28180213342,355.969468960643,6719.573512830564,54538.478522747486,1391.877548940452,55930.35607168794,54538.478522747486,54538.478468209025,42318.73984977349,1446.1194794978342,lexicographic,5.453847846820903e-05,4.231873980745476e-05,False,0.2597812000021804,0.0,1,0
2025-02-17,False,calendar_trend,4,1.0,7,1.0,0,calibrated_quantile,2025-01-20;2025-01-21;2025-01-22;2025-01-23;2025-01-24;2025-01-25;2025-01-26;2025-01-27;2025-01-28;2025-01-29;2025-01-30;2025-01-31;2025-02-01;2025-02-02;2025-02-03;2025-02-04;2025-02-05;2025-02-06;2025-02-07;2025-02-08;2025-02-09;2025-02-10;2025-02-11;2025-02-12;2025-02-13;2025-02-14;2025-02-15;2025-02-16,28,8835.979049466358,2025-01-20;2025-01-21;2025-01-22;2025-01-23;2025-01-24;2025-01-25;2025-01-26;2025-01-27;2025-01-28;2025-01-29;2025-01-30;2025-01-31;2025-02-01;2025-02-02;2025-02-03;2025-02-04;2025-02-05;2025-02-06;2025-02-07;2025-02-08;2025-02-09;2025-02-10;2025-02-11;2025-02-12;2025-02-13;2025-02-14;2025-02-15;2025-02-16,2025-02-03;2025-02-04;2025-02-05;2025-02-06;2025-02-07;2025-02-08;2025-02-09;2025-02-10;2025-02-11;2025-02-12;2025-02-13;2025-02-14;2025-02-15;2025-02-16,,2025-02-16,9600.0,10800.0,10800.0,18.95444959187009,22.79050386688437,17.559999686079493,32.29742378617327,85445.91975659109,47.93052373819535,9901.629853163598,53836.077541385086,107.02659831719612,53943.104139702285,53836.07754138509,53836.07748754901,41995.4033763327,1448.9762057668247,lexicographic,5.3836077487549015e-05,4.199540333433732e-05,False,0.2974066999995557,0.0,1,0
2025-02-18,False,calendar_trend,4,1.0,7,1.0,0,calibrated_quantile,2025-01-21;2025-01-22;2025-01-23;2025-01-24;2025-01-25;2025-01-26;2025-01-27;2025-01-28;2025-01-29;2025-01-30;2025-01-31;2025-02-01;2025-02-02;2025-02-03;2025-02-04;2025-02-05;2025-02-06;2025-02-07;2025-02-08;2025-02-09;2025-02-10;2025-02-11;2025-02-12;2025-02-13;2025-02-14;2025-02-15;2025-02-16;2025-02-17,28,7574.347737434917,2025-01-21;2025-01-22;2025-01-23;2025-01-24;2025-01-25;2025-01-26;2025-01-27;2025-01-28;2025-01-29;2025-01-30;2025-01-31;2025-02-01;2025-02-02;2025-02-03;2025-02-04;2025-02-05;2025-02-06;2025-02-07;2025-02-08;2025-02-09;2025-02-10;2025-02-11;2025-02-12;2025-02-13;2025-02-14;2025-02-15;2025-02-16;2025-02-17,2025-02-04;2025-02-05;2025-02-06;2025-02-07;2025-02-08;2025-02-09;2025-02-10;2025-02-11;2025-02-12;2025-02-13;2025-02-14;2025-02-15;2025-02-16;2025-02-17,,2025-02-17,9600.0,10800.0,10800.0,19.921408654154824,27.04190662727081,12.627631379236753,25.72261869726687,83393.706731599,210.74132281480348,7104.18448753655,52031.25136632007,903.1390701765531,52934.39043649663,52031.251366320066,52031.251314288806,42000.34299060267,1451.6838496646267,lexicographic,5.203125131428881e-05,4.200034294860234e-05,False,0.17138470000281814,0.0,1,0
2025-02-19,False,calendar_trend,4,1.0,7,1.0,0,calibrated_quantile,2025-01-22;2025-01-23;2025-01-24;2025-01-25;2025-01-26;2025-01-27;2025-01-28;2025-01-29;2025-01-30;2025-01-31;2025-02-01;2025-02-02;2025-02-03;2025-02-04;2025-02-05;2025-02-06;2025-02-07;2025-02-08;2025-02-09;2025-02-10;2025-02-11;2025-02-12;2025-02-13;2025-02-14;2025-02-15;2025-02-16;2025-02-17;2025-02-18,28,7044.097139628036,2025-01-22;2025-01-23;2025-01-24;2025-01-25;2025-01-26;2025-01-27;2025-01-28;2025-01-29;2025-01-30;2025-01-31;2025-02-01;2025-02-02;2025-02-03;2025-02-04;2025-02-05;2025-02-06;2025-02-07;2025-02-08;2025-02-09;2025-02-10;2025-02-11;2025-02-12;2025-02-13;2025-02-14;2025-02-15;2025-02-16;2025-02-17;2025-02-18,2025-02-05;2025-02-06;2025-02-07;2025-02-08;2025-02-09;2025-02-10;2025-02-11;2025-02-12;2025-02-13;2025-02-14;2025-02-15;2025-02-16;2025-02-17;2025-02-18,,2025-02-18,9600.0,10800.0,10800.0,22.813514389143393,28.694901586038302,18.49105867655007,35.276963606903855,83081.63626765809,489.61753981520417,6290.26025721653,51735.883539628885,1861.8527752302837,53597.73631485917,51735.883539628885,51735.88348789301,41931.66190595494,1443.1158900769863,lexicographic,5.173588348789301e-05,4.193166186402328e-05,False,0.09854020000057062,0.0,1,0
2025-02-20,False,calendar_trend,4,1.0,7,1.0,0,calibrated_quantile,2025-01-23;2025-01-24;2025-01-25;2025-01-26;2025-01-27;2025-01-28;2025-01-29;2025-01-30;2025-01-31;2025-02-01;2025-02-02;2025-02-03;2025-02-04;2025-02-05;2025-02-06;2025-02-07;2025-02-08;2025-02-09;2025-02-10;2025-02-11;2025-02-12;2025-02-13;2025-02-14;2025-02-15;2025-02-16;2025-02-17;2025-02-18;2025-02-19,28,7185.36963482081,2025-01-23;2025-01-24;2025-01-25;2025-01-26;2025-01-27;2025-01-28;2025-01-29;2025-01-30;2025-01-31;2025-02-01;2025-02-02;2025-02-03;2025-02-04;2025-02-05;2025-02-06;2025-02-07;2025-02-08;2025-02-09;2025-02-10;2025-02-11;2025-02-12;2025-02-13;2025-02-14;2025-02-15;2025-02-16;2025-02-17;2025-02-18;2025-02-19,2025-02-06;2025-02-07;2025-02-08;2025-02-09;2025-02-10;2025-02-11;2025-02-12;2025-02-13;2025-02-14;2025-02-15;2025-02-16;2025-02-17;2025-02-18;2025-02-19,,2025-02-19,9600.0,10800.0,10800.0,20.414550620401602,25.78746182055724,15.675546093858205,29.379001847178383,83800.45264249665,116.46429495396646,8522.117040729521,52315.14376971815,500.9055205139979,52816.04929023215,52315.14376971815,52315.143717403,41931.661872272845,1468.1348465262981,lexicographic,5.2315143717403006e-05,4.193166183034118e-05,False,0.08694069999910425,0.0,1,0
2025-02-21,False,calendar_trend,4,1.0,7,1.0,0,calibrated_quantile,2025-01-24;2025-01-25;2025-01-26;2025-01-27;2025-01-28;2025-01-29;2025-01-30;2025-01-31;2025-02-01;2025-02-02;2025-02-03;2025-02-04;2025-02-05;2025-02-06;2025-02-07;2025-02-08;2025-02-09;2025-02-10;2025-02-11;2025-02-12;2025-02-13;2025-02-14;2025-02-15;2025-02-16;2025-02-17;2025-02-18;2025-02-19;2025-02-20,28,6135.583505603427,2025-01-24;2025-01-25;2025-01-26;2025-01-27;2025-01-28;2025-01-29;2025-01-30;2025-01-31;2025-02-01;2025-02-02;2025-02-03;2025-02-04;2025-02-05;2025-02-06;2025-02-07;2025-02-08;2025-02-09;2025-02-10;2025-02-11;2025-02-12;2025-02-13;2025-02-14;2025-02-15;2025-02-16;2025-02-17;2025-02-18;2025-02-19;2025-02-20,2025-02-07;2025-02-08;2025-02-09;2025-02-10;2025-02-11;2025-02-12;2025-02-13;2025-02-14;2025-02-15;2025-02-16;2025-02-17;2025-02-18;2025-02-19;2025-02-20,,2025-02-20,9600.0,10800.0,10800.0,20.975245412202558,26.001119264359676,10.101139277054735,18.098629399539593,38752.510000894785,77.11364755397224,9216.028281782084,20280.105954929946,361.6416573432321,20641.74761227318,20280.10595492995,20280.10593464984,38613.33333333333,1285.8363052449013,lexicographic,2.0280105934649842e-05,3.861333333333334e-05,False,0.20934499999930267,0.0,1,0
2025-02-22,False,calendar_trend,4,1.0,7,1.0,0,calibrated_quantile,2025-01-25;2025-01-26;2025-01-27;2025-01-28;2025-01-29;2025-01-30;2025-01-31;2025-02-01;2025-02-02;2025-02-03;2025-02-04;2025-02-05;2025-02-06;2025-02-07;2025-02-08;2025-02-09;2025-02-10;2025-02-11;2025-02-12;2025-02-13;2025-02-14;2025-02-15;2025-02-16;2025-02-17;2025-02-18;2025-02-19;2025-02-20;2025-02-21,28,6161.22894153282,2025-01-25;2025-01-26;2025-01-27;2025-01-28;2025-01-29;2025-01-30;2025-01-31;2025-02-01;2025-02-02;2025-02-03;2025-02-04;2025-02-05;2025-02-06;2025-02-07;2025-02-08;2025-02-09;2025-02-10;2025-02-11;2025-02-12;2025-02-13;2025-02-14;2025-02-15;2025-02-16;2025-02-17;2025-02-18;2025-02-19;2025-02-20;2025-02-21,2025-02-08;2025-02-09;2025-02-10;2025-02-11;2025-02-12;2025-02-13;2025-02-14;2025-02-15;2025-02-16;2025-02-17;2025-02-18;2025-02-19;2025-02-20;2025-02-21,,2025-02-21,9600.0,10800.0,10800.0,19.550767441330965,24.390713064957144,17.99587133479086,33.9120887629499,38260.978963471825,306.9669997875576,6669.849746592712,19965.651026069583,1224.0492011440708,21189.700227213652,19965.651026069587,19965.651006103933,38613.333333333336,1424.6461186874021,lexicographic,1.9965651006103933e-05,3.861333333333334e-05,False,0.24756080000224756,0.0,1,0
2025-02-23,False,calendar_trend,4,1.0,7,1.0,0,calibrated_quantile,2025-01-26;2025-01-27;2025-01-28;2025-01-29;2025-01-30;2025-01-31;2025-02-01;2025-02-02;2025-02-03;2025-02-04;2025-02-05;2025-02-06;2025-02-07;2025-02-08;2025-02-09;2025-02-10;2025-02-11;2025-02-12;2025-02-13;2025-02-14;2025-02-15;2025-02-16;2025-02-17;2025-02-18;2025-02-19;2025-02-20;2025-02-21;2025-02-22,28,6350.087224374673,2025-01-26;2025-01-27;2025-01-28;2025-01-29;2025-01-30;2025-01-31;2025-02-01;2025-02-02;2025-02-03;2025-02-04;2025-02-05;2025-02-06;2025-02-07;2025-02-08;2025-02-09;2025-02-10;2025-02-11;2025-02-12;2025-02-13;2025-02-14;2025-02-15;2025-02-16;2025-02-17;2025-02-18;2025-02-19;2025-02-20;2025-02-21;2025-02-22,2025-02-09;2025-02-10;2025-02-11;2025-02-12;2025-02-13;2025-02-14;2025-02-15;2025-02-16;2025-02-17;2025-02-18;2025-02-19;2025-02-20;2025-02-21;2025-02-22,,2025-02-22,9600.0,10800.0,10800.0,22.92330183472039,28.365421368821757,16.170071697674487,32.1916365391418,81808.53101883209,527.2255188210493,6386.615795012971,50756.171542799915,1570.9930570184101,52327.16459981832,50756.171542799915,50756.171492043766,42080.47145971253,1461.950492828004,lexicographic,5.075617149204377e-05,4.208047141763206e-05,False,0.13852530000076513,0.0,1,0
2025-02-24,False,calendar_trend,4,1.0,7,1.0,0,calibrated_quantile,2025-01-27;2025-01-28;2025-01-29;2025-01-30;2025-01-31;2025-02-01;2025-02-02;2025-02-03;2025-02-04;2025-02-05;2025-02-06;2025-02-07;2025-02-08;2025-02-09;2025-02-10;2025-02-11;2025-02-12;2025-02-13;2025-02-14;2025-02-15;2025-02-16;2025-02-17;2025-02-18;2025-02-19;2025-02-20;2025-02-21;2025-02-22;2025-02-23,28,5617.598431254854,2025-01-27;2025-01-28;2025-01-29;2025-01-30;2025-01-31;2025-02-01;2025-02-02;2025-02-03;2025-02-04;2025-02-05;2025-02-06;2025-02-07;2025-02-08;2025-02-09;2025-02-10;2025-02-11;2025-02-12;2025-02-13;2025-02-14;2025-02-15;2025-02-16;2025-02-17;2025-02-18;2025-02-19;2025-02-20;2025-02-21;2025-02-22;2025-02-23,2025-02-10;2025-02-11;2025-02-12;2025-02-13;2025-02-14;2025-02-15;2025-02-16;2025-02-17;2025-02-18;2025-02-19;2025-02-20;2025-02-21;2025-02-22;2025-02-23,,2025-02-23,9600.0,10800.0,10800.0,21.407273536846798,26.58176692440839,22.880290881021907,43.059103641521865,82026.59921007173,146.86725677522833,9556.287313264997,50800.263601446495,699.8843795785976,51500.14798102509,50800.26360144649,50800.263550646225,42050.544325350915,1460.9723635117016,lexicographic,5.0800263550646227e-05,4.2050544283300375e-05,False,0.1362029000010807,0.0,1,0
2025-02-25,False,calendar_trend,4,1.0,7,1.0,0,calibrated_quantile,2025-01-28;2025-01-29;2025-01-30;2025-01-31;2025-02-01;2025-02-02;2025-02-03;2025-02-04;2025-02-05;2025-02-06;2025-02-07;2025-02-08;2025-02-09;2025-02-10;2025-02-11;2025-02-12;2025-02-13;2025-02-14;2025-02-15;2025-02-16;2025-02-17;2025-02-18;2025-02-19;2025-02-20;2025-02-21;2025-02-22;2025-02-23;2025-02-24,28,5147.077543009111,2025-01-28;2025-01-29;2025-01-30;2025-01-31;2025-02-01;2025-02-02;2025-02-03;2025-02-04;2025-02-05;2025-02-06;2025-02-07;2025-02-08;2025-02-09;2025-02-10;2025-02-11;2025-02-12;2025-02-13;2025-02-14;2025-02-15;2025-02-16;2025-02-17;2025-02-18;2025-02-19;2025-02-20;2025-02-21;2025-02-22;2025-02-23;2025-02-24,2025-02-11;2025-02-12;2025-02-13;2025-02-14;2025-02-15;2025-02-16;2025-02-17;2025-02-18;2025-02-19;2025-02-20;2025-02-21;2025-02-22;2025-02-23;2025-02-24,,2025-02-24,9600.0,10800.0,10800.0,20.85706224760963,26.351223749361623,32.889307237278516,62.45031532926532,80876.53585127764,157.93521075751264,10797.292478626394,49983.79165662664,747.9933934160547,50731.7850500427,49983.791656626636,49983.791606642844,42066.832545455356,1440.3901707288646,lexicographic,4.9983791606642845e-05,4.206683250338854e-05,False,0.13297700000111945,0.0,1,0
2025-02-26,False,calendar_trend,4,1.0,7,1.0,0,calibrated_quantile,2025-01-29;2025-01-30;2025-01-31;2025-02-01;2025-02-02;2025-02-03;2025-02-04;2025-02-05;2025-02-06;2025-02-07;2025-02-08;2025-02-09;2025-02-10;2025-02-11;2025-02-12;2025-02-13;2025-02-14;2025-02-15;2025-02-16;2025-02-17;2025-02-18;2025-02-19;2025-02-20;2025-02-21;2025-02-22;2025-02-23;2025-02-24;2025-02-25,28,5116.4661790114005,2025-01-29;2025-01-30;2025-01-31;2025-02-01;2025-02-02;2025-02-03;2025-02-04;2025-02-05;2025-02-06;2025-02-07;2025-02-08;2025-02-09;2025-02-10;2025-02-11;2025-02-12;2025-02-13;2025-02-14;2025-02-15;2025-02-16;2025-02-17;2025-02-18;2025-02-19;2025-02-20;2025-02-21;2025-02-22;2025-02-23;2025-02-24;2025-02-25,2025-02-12;2025-02-13;2025-02-14;2025-02-15;2025-02-16;2025-02-17;2025-02-18;2025-02-19;2025-02-20;2025-02-21;2025-02-22;2025-02-23;2025-02-24;2025-02-25,,2025-02-25,9600.0,10800.0,10800.0,21.534578449844066,26.921916919108842,16.060867556718534,29.37921407276142,79705.51737117096,345.18633706497354,6806.034771321223,49142.89301586263,1423.3198379214855,50566.21285378412,49142.89301586263,49142.89296671971,42199.87281832787,1450.6894497711728,lexicographic,4.914289296671971e-05,4.2199872776128015e-05,False,0.12839330000133486,0.0,1,0
2025-02-27,False,calendar_trend,4,1.0,7,1.0,0,calibrated_quantile,2025-01-30;2025-01-31;2025-02-01;2025-02-02;2025-02-03;2025-02-04;2025-02-05;2025-02-06;2025-02-07;2025-02-08;2025-02-09;2025-02-10;2025-02-11;2025-02-12;2025-02-13;2025-02-14;2025-02-15;2025-02-16;2025-02-17;2025-02-18;2025-02-19;2025-02-20;2025-02-21;2025-02-22;2025-02-23;2025-02-24;2025-02-25;2025-02-26,28,5194.570009188663,2025-01-30;2025-01-31;2025-02-01;2025-02-02;2025-02-03;2025-02-04;2025-02-05;2025-02-06;2025-02-07;2025-02-08;2025-02-09;2025-02-10;2025-02-11;2025-02-12;2025-02-13;2025-02-14;2025-02-15;2025-02-16;2025-02-17;2025-02-18;2025-02-19;2025-02-20;2025-02-21;2025-02-22;2025-02-23;2025-02-24;2025-02-25;2025-02-26,2025-02-13;2025-02-14;2025-02-15;2025-02-16;2025-02-17;2025-02-18;2025-02-19;2025-02-20;2025-02-21;2025-02-22;2025-02-23;2025-02-24;2025-02-25;2025-02-26,,2025-02-26,9600.0,10800.0,10800.0,20.852652785275012,25.735725682005256,21.643400034296267,42.456928154205706,79541.98911068561,202.40674423764847,8360.276467153808,49085.81351443876,1046.0967104079377,50131.9102248467,49085.81351443876,49085.81346535293,42178.09836769856,1442.8102180463509,lexicographic,4.908581346535293e-05,4.217809832552046e-05,False,0.13977950000116834,0.0,1,0
2025-02-28,False,calendar_trend,4,1.0,7,1.0,0,calibrated_quantile,2025-01-31;2025-02-01;2025-02-02;2025-02-03;2025-02-04;2025-02-05;2025-02-06;2025-02-07;2025-02-08;2025-02-09;2025-02-10;2025-02-11;2025-02-12;2025-02-13;2025-02-14;2025-02-15;2025-02-16;2025-02-17;2025-02-18;2025-02-19;2025-02-20;2025-02-21;2025-02-22;2025-02-23;2025-02-24;2025-02-25;2025-02-26;2025-02-27,28,5208.7539374582575,2025-01-31;2025-02-01;2025-02-02;2025-02-03;2025-02-04;2025-02-05;2025-02-06;2025-02-07;2025-02-08;2025-02-09;2025-02-10;2025-02-11;2025-02-12;2025-02-13;2025-02-14;2025-02-15;2025-02-16;2025-02-17;2025-02-18;2025-02-19;2025-02-20;2025-02-21;2025-02-22;2025-02-23;2025-02-24;2025-02-25;2025-02-26;2025-02-27,2025-02-14;2025-02-15;2025-02-16;2025-02-17;2025-02-18;2025-02-19;2025-02-20;2025-02-21;2025-02-22;2025-02-23;2025-02-24;2025-02-25;2025-02-26;2025-02-27,,2025-02-27,9600.0,10800.0,10800.0,19.20218217723767,23.31499946238186,17.73181872927313,39.62438661302822,37215.47420094797,666.0764748540129,10535.623798725657,19291.685161836,1972.0024559665374,21263.687617802538,19291.685161836,19291.685142544316,38613.333273727076,1278.0800450789975,lexicographic,1.9291685142544318e-05,3.861333323511374e-05,False,0.3131095999997342,0.0,1,0
2025-03-01,False,calendar_trend,4,1.0,7,1.0,0,calibrated_quantile,2025-02-01;2025-02-02;2025-02-03;2025-02-04;2025-02-05;2025-02-06;2025-02-07;2025-02-08;2025-02-09;2025-02-10;2025-02-11;2025-02-12;2025-02-13;2025-02-14;2025-02-15;2025-02-16;2025-02-17;2025-02-18;2025-02-19;2025-02-20;2025-02-21;2025-02-22;2025-02-23;2025-02-24;2025-02-25;2025-02-26;2025-02-27;2025-02-28,28,5345.007445614673,2025-02-01;2025-02-02;2025-02-03;2025-02-04;2025-02-05;2025-02-06;2025-02-07;2025-02-08;2025-02-09;2025-02-10;2025-02-11;2025-02-12;2025-02-13;2025-02-14;2025-02-15;2025-02-16;2025-02-17;2025-02-18;2025-02-19;2025-02-20;2025-02-21;2025-02-22;2025-02-23;2025-02-24;2025-02-25;2025-02-26;2025-02-27;2025-02-28,2025-02-15;2025-02-16;2025-02-17;2025-02-18;2025-02-19;2025-02-20;2025-02-21;2025-02-22;2025-02-23;2025-02-24;2025-02-25;2025-02-26;2025-02-27;2025-02-28,,2025-02-28,9600.0,10800.0,10800.0,29.61258287438758,38.55553711295747,34.78879037601807,72.33751232371195,36510.06937074729,863.2846950527576,9661.254805184708,18906.827626622333,2978.3648965541715,21885.192523176505,18906.827626622333,18906.827607715506,38613.333275686484,1424.2134179259883,lexicographic,1.8906827607715508e-05,3.861333323707316e-05,False,0.29209780000019236,0.0,1,0
2025-03-02,False,calendar_trend,4,1.0,7,1.0,0,calibrated_quantile,2025-02-02;2025-02-03;2025-02-04;2025-02-05;2025-02-06;2025-02-07;2025-02-08;2025-02-09;2025-02-10;2025-02-11;2025-02-12;2025-02-13;2025-02-14;2025-02-15;2025-02-16;2025-02-17;2025-02-18;2025-02-19;2025-02-20;2025-02-21;2025-02-22;2025-02-23;2025-02-24;2025-02-25;2025-02-26;2025-02-27;2025-02-28;2025-03-01,28,5622.83434189571,2025-02-02;2025-02-03;2025-02-04;2025-02-05;2025-02-06;2025-02-07;2025-02-08;2025-02-09;2025-02-10;2025-02-11;2025-02-12;2025-02-13;2025-02-14;2025-02-15;2025-02-16;2025-02-17;2025-02-18;2025-02-19;2025-02-20;2025-02-21;2025-02-22;2025-02-23;2025-02-24;2025-02-25;2025-02-26;2025-02-27;2025-02-28;2025-03-01,2025-02-16;2025-02-17;2025-02-18;2025-02-19;2025-02-20;2025-02-21;2025-02-22;2025-02-23;2025-02-24;2025-02-25;2025-02-26;2025-02-27;2025-02-28;2025-03-01,,2025-03-01,9600.0,10800.0,10800.0,22.261243575140536,29.25759176525722,49.624792284907535,99.52645643373745,76567.25008130759,3875.992231996657,3665.934609056629,47048.00517184128,14222.407017422182,61270.41218926346,47048.00517184129,47048.00512479326,42096.79554748177,1447.7089863706901,lexicographic,4.704800512479326e-05,4.2096795505384986e-05,False,0.14652669999850332,0.0,1,0
2025-03-03,False,calendar_trend,4,1.0,7,1.0,0,calibrated_quantile,2025-02-03;2025-02-04;2025-02-05;2025-02-06;2025-02-07;2025-02-08;2025-02-09;2025-02-10;2025-02-11;2025-02-12;2025-02-13;2025-02-14;2025-02-15;2025-02-16;2025-02-17;2025-02-18;2025-02-19;2025-02-20;2025-02-21;2025-02-22;2025-02-23;2025-02-24;2025-02-25;2025-02-26;2025-02-27;2025-02-28;2025-03-01;2025-03-02,28,5968.631000317666,2025-02-03;2025-02-04;2025-02-05;2025-02-06;2025-02-07;2025-02-08;2025-02-09;2025-02-10;2025-02-11;2025-02-12;2025-02-13;2025-02-14;2025-02-15;2025-02-16;2025-02-17;2025-02-18;2025-02-19;2025-02-20;2025-02-21;2025-02-22;2025-02-23;2025-02-24;2025-02-25;2025-02-26;2025-02-27;2025-02-28;2025-03-01;2025-03-02,2025-02-17;2025-02-18;2025-02-19;2025-02-20;2025-02-21;2025-02-22;2025-02-23;2025-02-24;2025-02-25;2025-02-26;2025-02-27;2025-02-28;2025-03-01;2025-03-02,,2025-03-02,9600.0,10800.0,10800.0,22.6613550600929,28.376304631195186,33.63658190538742,60.42202659877052,78464.47954817743,1587.766390070503,3631.848954318787,48371.580836683905,6957.224716160358,55328.805552844264,48371.580836683905,48371.58078831232,41946.75333988656,1452.0964108872604,lexicographic,4.837158078831232e-05,4.1946753297939815e-05,False,0.11959960000240244,0.0,1,0
2025-03-04,False,calendar_trend,4,1.0,7,1.0,0,calibrated_quantile,2025-02-04;2025-02-05;2025-02-06;2025-02-07;2025-02-08;2025-02-09;2025-02-10;2025-02-11;2025-02-12;2025-02-13;2025-02-14;2025-02-15;2025-02-16;2025-02-17;2025-02-18;2025-02-19;2025-02-20;2025-02-21;2025-02-22;2025-02-23;2025-02-24;2025-02-25;2025-02-26;2025-02-27;2025-02-28;2025-03-01;2025-03-02;2025-03-03,28,6215.789959365471,2025-02-04;2025-02-05;2025-02-06;2025-02-07;2025-02-08;2025-02-09;2025-02-10;2025-02-11;2025-02-12;2025-02-13;2025-02-14;2025-02-15;2025-02-16;2025-02-17;2025-02-18;2025-02-19;2025-02-20;2025-02-21;2025-02-22;2025-02-23;2025-02-24;2025-02-25;2025-02-26;2025-02-27;2025-02-28;2025-03-01;2025-03-02;2025-03-03,2025-02-18;2025-02-19;2025-02-20;2025-02-21;2025-02-22;2025-02-23;2025-02-24;2025-02-25;2025-02-26;2025-02-27;2025-02-28;2025-03-01;2025-03-02;2025-03-03,,2025-03-03,9600.0,10800.0,10800.0,16.85649372366484,21.455899820686284,15.258138294737957,30.807775690390667,79385.90723232736,210.04920475201666,5979.246654306966,49100.105709987416,853.306970112986,49953.4126801004,49100.105709987416,49100.105660887304,42080.13603939342,1420.6122185099084,lexicographic,4.910010566088731e-05,4.208013599731329e-05,False,0.16902789999949164,0.0,1,0
2025-03-05,False,calendar_trend,4,1.0,7,1.0,0,calibrated_quantile,2025-02-05;2025-02-06;2025-02-07;2025-02-08;2025-02-09;2025-02-10;2025-02-11;2025-02-12;2025-02-13;2025-02-14;2025-02-15;2025-02-16;2025-02-17;2025-02-18;2025-02-19;2025-02-20;2025-02-21;2025-02-22;2025-02-23;2025-02-24;2025-02-25;2025-02-26;2025-02-27;2025-02-28;2025-03-01;2025-03-02;2025-03-03;2025-03-04,28,6137.704702081419,2025-02-05;2025-02-06;2025-02-07;2025-02-08;2025-02-09;2025-02-10;2025-02-11;2025-02-12;2025-02-13;2025-02-14;2025-02-15;2025-02-16;2025-02-17;2025-02-18;2025-02-19;2025-02-20;2025-02-21;2025-02-22;2025-02-23;2025-02-24;2025-02-25;2025-02-26;2025-02-27;2025-02-28;2025-03-01;2025-03-02;2025-03-03;2025-03-04,2025-02-19;2025-02-20;2025-02-21;2025-02-22;2025-02-23;2025-02-24;2025-02-25;2025-02-26;2025-02-27;2025-02-28;2025-03-01;2025-03-02;2025-03-03;2025-03-04,,2025-03-04,9600.0,10800.0,10800.0,19.679206248427835,24.103808523840726,23.93602838099136,42.501408220053506,79570.38938487739,74.33575906706392,9099.941240294625,49124.039462484725,321.56635707965535,49445.60581956438,49124.039462484725,49124.03941336068,42052.12902862901,1439.8306414511248,lexicographic,4.9124039413360683e-05,4.205212898657688e-05,False,0.2748271000018576,0.0,1,0
2025-03-06,False,calendar_trend,4,1.0,7,1.0,0,calibrated_quantile,2025-02-06;2025-02-07;2025-02-08;2025-02-09;2025-02-10;2025-02-11;2025-02-12;2025-02-13;2025-02-14;2025-02-15;2025-02-16;2025-02-17;2025-02-18;2025-02-19;2025-02-20;2025-02-21;2025-02-22;2025-02-23;2025-02-24;2025-02-25;2025-02-26;2025-02-27;2025-02-28;2025-03-01;2025-03-02;2025-03-03;2025-03-04;2025-03-05,28,6039.918434236619,2025-02-06;2025-02-07;2025-02-08;2025-02-09;2025-02-10;2025-02-11;2025-02-12;2025-02-13;2025-02-14;2025-02-15;2025-02-16;2025-02-17;2025-02-18;2025-02-19;2025-02-20;2025-02-21;2025-02-22;2025-02-23;2025-02-24;2025-02-25;2025-02-26;2025-02-27;2025-02-28;2025-03-01;2025-03-02;2025-03-03;2025-03-04;2025-03-05,2025-02-20;2025-02-21;2025-02-22;2025-02-23;2025-02-24;2025-02-25;2025-02-26;2025-02-27;2025-02-28;2025-03-01;2025-03-02;2025-03-03;2025-03-04;2025-03-05,,2025-03-05,9600.0,10800.0,10800.0,19.838053436122063,24.33480606663001,17.961896832931917,31.17606947543317,78610.35138752245,167.4957474809987,8412.22806681578,48513.6553716925,644.0252501556427,49157.68062184814,48513.6553716925,48513.655323178835,42153.6133267702,1422.2489529737627,lexicographic,4.851365532317884e-05,4.2153613284616594e-05,False,0.2684494999994058,0.0,1,0
2025-03-07,False,calendar_trend,4,1.0,7,1.0,0,calibrated_quantile,2025-02-07;2025-02-08;2025-02-09;2025-02-10;2025-02-11;2025-02-12;2025-02-13;2025-02-14;2025-02-15;2025-02-16;2025-02-17;2025-02-18;2025-02-19;2025-02-20;2025-02-21;2025-02-22;2025-02-23;2025-02-24;2025-02-25;2025-02-26;2025-02-27;2025-02-28;2025-03-01;2025-03-02;2025-03-03;2025-03-04;2025-03-05;2025-03-06,28,5996.765993798301,2025-02-07;2025-02-08;2025-02-09;2025-02-10;2025-02-11;2025-02-12;2025-02-13;2025-02-14;2025-02-15;2025-02-16;2025-02-17;2025-02-18;2025-02-19;2025-02-20;2025-02-21;2025-02-22;2025-02-23;2025-02-24;2025-02-25;2025-02-26;2025-02-27;2025-02-28;2025-03-01;2025-03-02;2025-03-03;2025-03-04;2025-03-05;2025-03-06,2025-02-21;2025-02-22;2025-02-23;2025-02-24;2025-02-25;2025-02-26;2025-02-27;2025-02-28;2025-03-01;2025-03-02;2025-03-03;2025-03-04;2025-03-05;2025-03-06,,2025-03-06,9600.0,10800.0,10800.0,19.975198987341553,25.75503636502311,14.820691023065725,32.54084539264572,35179.547915991905,72.05168401645213,10275.980739116147,18325.928688512464,216.29097023215002,18542.219658744612,18325.928688512464,18325.92867018654,38613.333278324055,1294.2340756273898,lexicographic,1.832592867018654e-05,3.8613333239710726e-05,False,0.2089248000011139,0.0,1,0
2025-03-08,False,calendar_trend,4,1.0,7,1.0,0,calibrated_quantile,2025-02-08;2025-02-09;2025-02-10;2025-02-11;2025-02-12;2025-02-13;2025-02-14;2025-02-15;2025-02-16;2025-02-17;2025-02-18;2025-02-19;2025-02-20;2025-02-21;2025-02-22;2025-02-23;2025-02-24;2025-02-25;2025-02-26;2025-02-27;2025-02-28;2025-03-01;2025-03-02;2025-03-03;2025-03-04;2025-03-05;2025-03-06;2025-03-07,28,5964.9648243644715,2025-02-08;2025-02-09;2025-02-10;2025-02-11;2025-02-12;2025-02-13;2025-02-14;2025-02-15;2025-02-16;2025-02-17;2025-02-18;2025-02-19;2025-02-20;2025-02-21;2025-02-22;2025-02-23;2025-02-24;2025-02-25;2025-02-26;2025-02-27;2025-02-28;2025-03-01;2025-03-02;2025-03-03;2025-03-04;2025-03-05;2025-03-06;2025-03-07,2025-02-22;2025-02-23;2025-02-24;2025-02-25;2025-02-26;2025-02-27;2025-02-28;2025-03-01;2025-03-02;2025-03-03;2025-03-04;2025-03-05;2025-03-06;2025-03-07,,2025-03-07,9600.0,10800.0,10800.0,16.0138439077521,19.8658059587557,24.233868457296165,41.89001172601177,34369.56540632754,116.29765312292852,11369.39021503181,17953.506086487414,335.1570219530933,18288.66310844051,17953.50608648741,17953.5060685339,38613.3332801637,1423.4748492082745,lexicographic,1.7953506068533903e-05,3.8613333241550366e-05,False,0.15655600000172853,0.0,1,0
2025-03-09,False,calendar_trend,4,1.0,7,1.0,0,calibrated_quantile,2025-02-09;2025-02-10;2025-02-11;2025-02-12;2025-02-13;2025-02-14;2025-02-15;2025-02-16;2025-02-17;2025-02-18;2025-02-19;2025-02-20;2025-02-21;2025-02-22;2025-02-23;2025-02-24;2025-02-25;2025-02-26;2025-02-27;2025-02-28;2025-03-01;2025-03-02;2025-03-03;2025-03-04;2025-03-05;2025-03-06;2025-03-07;2025-03-08,28,5956.906043140116,2025-02-09;2025-02-10;2025-02-11;2025-02-12;2025-02-13;2025-02-14;2025-02-15;2025-02-16;2025-02-17;2025-02-18;2025-02-19;2025-02-20;2025-02-21;2025-02-22;2025-02-23;2025-02-24;2025-02-25;2025-02-26;2025-02-27;2025-02-28;2025-03-01;2025-03-02;2025-03-03;2025-03-04;2025-03-05;2025-03-06;2025-03-07;2025-03-08,2025-02-23;2025-02-24;2025-02-25;2025-02-26;2025-02-27;2025-02-28;2025-03-01;2025-03-02;2025-03-03;2025-03-04;2025-03-05;2025-03-06;2025-03-07;2025-03-08,,2025-03-08,9600.0,10800.0,10800.0,25.063681345091243,32.295136171024815,29.033803738058616,59.639386607676336,75197.45152117663,410.04067279740775,7894.134518644494,45974.77568363797,1689.2596548046208,47664.03533844259,45974.77568363797,45974.77563766319,41723.668693928856,1432.0444760316132,lexicographic,4.597477563766319e-05,4.172366865220519e-05,False,0.13780340000084834,0.0,1,0
2025-03-10,False,calendar_trend,4,1.0,7,1.0,0,calibrated_quantile,2025-02-10;2025-02-11;2025-02-12;2025-02-13;2025-02-14;2025-02-15;2025-02-16;2025-02-17;2025-02-18;2025-02-19;2025-02-20;2025-02-21;2025-02-22;2025-02-23;2025-02-24;2025-02-25;2025-02-26;2025-02-27;2025-02-28;2025-03-01;2025-03-02;2025-03-03;2025-03-04;2025-03-05;2025-03-06;2025-03-07;2025-03-08;2025-03-09,28,5679.066076591047,2025-02-10;2025-02-11;2025-02-12;2025-02-13;2025-02-14;2025-02-15;2025-02-16;2025-02-17;2025-02-18;2025-02-19;2025-02-20;2025-02-21;2025-02-22;2025-02-23;2025-02-24;2025-02-25;2025-02-26;2025-02-27;2025-02-28;2025-03-01;2025-03-02;2025-03-03;2025-03-04;2025-03-05;2025-03-06;2025-03-07;2025-03-08;2025-03-09,2025-02-24;2025-02-25;2025-02-26;2025-02-27;2025-02-28;2025-03-01;2025-03-02;2025-03-03;2025-03-04;2025-03-05;2025-03-06;2025-03-07;2025-03-08;2025-03-09,,2025-03-09,9600.0,10800.0,10800.0,29.118742440280144,35.33626726553916,20.603450367633357,45.05071201577951,74586.03294157083,1706.7391507699713,3869.5429067684217,45545.21846106952,5595.1230449013165,51140.341505970835,45545.21846106952,45545.218415524294,41736.29211255789,1439.1290649972907,lexicographic,4.55452184155243e-05,4.17362920708216e-05,False,0.15295550000155345,0.0,1,0
2025-03-11,False,calendar_trend,4,1.0,7,1.0,0,calibrated_quantile,2025-02-11;2025-02-12;2025-02-13;2025-02-14;2025-02-15;2025-02-16;2025-02-17;2025-02-18;2025-02-19;2025-02-20;2025-02-21;2025-02-22;2025-02-23;2025-02-24;2025-02-25;2025-02-26;2025-02-27;2025-02-28;2025-03-01;2025-03-02;2025-03-03;2025-03-04;2025-03-05;2025-03-06;2025-03-07;2025-03-08;2025-03-09;2025-03-10,28,5956.169634767746,2025-02-11;2025-02-12;2025-02-13;2025-02-14;2025-02-15;2025-02-16;2025-02-17;2025-02-18;2025-02-19;2025-02-20;2025-02-21;2025-02-22;2025-02-23;2025-02-24;2025-02-25;2025-02-26;2025-02-27;2025-02-28;2025-03-01;2025-03-02;2025-03-03;2025-03-04;2025-03-05;2025-03-06;2025-03-07;2025-03-08;2025-03-09;2025-03-10,2025-02-25;2025-02-26;2025-02-27;2025-02-28;2025-03-01;2025-03-02;2025-03-03;2025-03-04;2025-03-05;2025-03-06;2025-03-07;2025-03-08;2025-03-09;2025-03-10,,2025-03-10,9600.0,10800.0,10800.0,24.351961122653595,29.879442305903826,27.493723980180203,53.245444471812036,75575.51587456165,284.8728956901974,7509.292258663194,46067.92801399625,1062.5826280643407,47130.51064206059,46067.92801399625,46067.92796792832,42031.798199871,1435.4506037034753,lexicographic,4.606792796792833e-05,4.203179815783921e-05,False,0.12660150000010617,0.0,1,0
2025-03-12,False,calendar_trend,4,1.0,7,1.0,0,calibrated_quantile,2025-02-12;2025-02-13;2025-02-14;2025-02-15;2025-02-16;2025-02-17;2025-02-18;2025-02-19;2025-02-20;2025-02-21;2025-02-22;2025-02-23;2025-02-24;2025-02-25;2025-02-26;2025-02-27;2025-02-28;2025-03-01;2025-03-02;2025-03-03;2025-03-04;2025-03-05;2025-03-06;2025-03-07;2025-03-08;2025-03-09;2025-03-10;2025-03-11,28,5971.903829564024,2025-02-12;2025-02-13;2025-02-14;2025-02-15;2025-02-16;2025-02-17;2025-02-18;2025-02-19;2025-02-20;2025-02-21;2025-02-22;2025-02-23;2025-02-24;2025-02-25;2025-02-26;2025-02-27;2025-02-28;2025-03-01;2025-03-02;2025-03-03;2025-03-04;2025-03-05;2025-03-06;2025-03-07;2025-03-08;2025-03-09;2025-03-10;2025-03-11,2025-02-26;2025-02-27;2025-02-28;2025-03-01;2025-03-02;2025-03-03;2025-03-04;2025-03-05;2025-03-06;2025-03-07;2025-03-08;2025-03-09;2025-03-10;2025-03-11,,2025-03-11,9600.0,10800.0,10800.0,22.748126630545173,28.749877356171716,28.55237636179508,51.06214471161851,74541.67566730798,391.4499241732118,8215.244250044143,45409.70391891216,1355.5471616878917,46765.25108060005,45409.70391891214,45409.70387350244,40794.986585093415,1455.2969822602295,lexicographic,4.5409703873502444e-05,4.0794986544298445e-05,False,0.19883760000084294,0.0,1,0
2025-03-13,False,calendar_trend,4,1.0,7,1.0,0,calibrated_quantile,2025-02-13;2025-02-14;2025-02-15;2025-02-16;2025-02-17;2025-02-18;2025-02-19;2025-02-20;2025-02-21;2025-02-22;2025-02-23;2025-02-24;2025-02-25;2025-02-26;2025-02-27;2025-02-28;2025-03-01;2025-03-02;2025-03-03;2025-03-04;2025-03-05;2025-03-06;2025-03-07;2025-03-08;2025-03-09;2025-03-10;2025-03-11;2025-03-12,28,5937.150546868808,2025-02-13;2025-02-14;2025-02-15;2025-02-16;2025-02-17;2025-02-18;2025-02-19;2025-02-20;2025-02-21;2025-02-22;2025-02-23;2025-02-24;2025-02-25;2025-02-26;2025-02-27;2025-02-28;2025-03-01;2025-03-02;2025-03-03;2025-03-04;2025-03-05;2025-03-06;2025-03-07;2025-03-08;2025-03-09;2025-03-10;2025-03-11;2025-03-12,2025-02-27;2025-02-28;2025-03-01;2025-03-02;2025-03-03;2025-03-04;2025-03-05;2025-03-06;2025-03-07;2025-03-08;2025-03-09;2025-03-10;2025-03-11;2025-03-12,,2025-03-12,9600.0,10800.0,10800.0,22.617620046756493,27.966202559383973,33.68724494888846,64.40728971267762,73085.93690726341,2338.2093920307766,3612.041965149728,44396.86105880994,9299.199659010132,53696.06071782007,44396.86105880994,44396.86101441308,40643.895971762075,1456.2242430024583,lexicographic,4.439686101441308e-05,4.064389593111819e-05,False,0.1640927999978885,0.0,1,0
2025-03-14,False,calendar_trend,4,1.0,7,1.0,0,calibrated_quantile,2025-02-14;2025-02-15;2025-02-16;2025-02-17;2025-02-18;2025-02-19;2025-02-20;2025-02-21;2025-02-22;2025-02-23;2025-02-24;2025-02-25;2025-02-26;2025-02-27;2025-02-28;2025-03-01;2025-03-02;2025-03-03;2025-03-04;2025-03-05;2025-03-06;2025-03-07;2025-03-08;2025-03-09;2025-03-10;2025-03-11;2025-03-12;2025-03-13,28,6323.734852957177,2025-02-14;2025-02-15;2025-02-16;2025-02-17;2025-02-18;2025-02-19;2025-02-20;2025-02-21;2025-02-22;2025-02-23;2025-02-24;2025-02-25;2025-02-26;2025-02-27;2025-02-28;2025-03-01;2025-03-02;2025-03-03;2025-03-04;2025-03-05;2025-03-06;2025-03-07;2025-03-08;2025-03-09;2025-03-10;2025-03-11;2025-03-12;2025-03-13,2025-02-28;2025-03-01;2025-03-02;2025-03-03;2025-03-04;2025-03-05;2025-03-06;2025-03-07;2025-03-08;2025-03-09;2025-03-10;2025-03-11;2025-03-12;2025-03-13,,2025-03-13,9600.0,10800.0,10800.0,18.975360369406076,22.234166698211567,24.396266512267836,49.459478468086445,33746.09569994078,204.4352607022099,13867.771649301876,17460.88691013734,872.1708007202908,18333.05771085763,17460.88691013734,17460.88689267645,38613.33328260034,1283.1166744170805,lexicographic,1.7460886892676452e-05,3.8613333243987016e-05,False,0.13248060000114492,0.0,1,0
2025-03-15,False,calendar_trend,4,1.0,7,1.0,0,calibrated_quantile,2025-02-15;2025-02-16;2025-02-17;2025-02-18;2025-02-19;2025-02-20;2025-02-21;2025-02-22;2025-02-23;2025-02-24;2025-02-25;2025-02-26;2025-02-27;2025-02-28;2025-03-01;2025-03-02;2025-03-03;2025-03-04;2025-03-05;2025-03-06;2025-03-07;2025-03-08;2025-03-09;2025-03-10;2025-03-11;2025-03-12;2025-03-13;2025-03-14,28,6279.558382736206,2025-02-15;2025-02-16;2025-02-17;2025-02-18;2025-02-19;2025-02-20;2025-02-21;2025-02-22;2025-02-23;2025-02-24;2025-02-25;2025-02-26;2025-02-27;2025-02-28;2025-03-01;2025-03-02;2025-03-03;2025-03-04;2025-03-05;2025-03-06;2025-03-07;2025-03-08;2025-03-09;2025-03-10;2025-03-11;2025-03-12;2025-03-13;2025-03-14,2025-03-01;2025-03-02;2025-03-03;2025-03-04;2025-03-05;2025-03-06;2025-03-07;2025-03-08;2025-03-09;2025-03-10;2025-03-11;2025-03-12;2025-03-13;2025-03-14,,2025-03-14,9600.0,10800.0,10800.0,18.250679466683923,23.378390566206374,32.729708194503765,65.42600981365958,33360.87684696799,849.3835908717577,9232.801959762726,17320.02862757979,2640.718319391531,19960.74694697132,17320.02862757979,17320.028610259767,38613.333283260145,1399.4322285145317,lexicographic,1.7320028610259768e-05,3.8613333244646834e-05,False,0.13703220000024885,0.0,1,0
2025-03-16,False,calendar_trend,4,1.0,7,1.0,0,calibrated_quantile,2025-02-16;2025-02-17;2025-02-18;2025-02-19;2025-02-20;2025-02-21;2025-02-22;2025-02-23;2025-02-24;2025-02-25;2025-02-26;2025-02-27;2025-02-28;2025-03-01;2025-03-02;2025-03-03;2025-03-04;2025-03-05;2025-03-06;2025-03-07;2025-03-08;2025-03-09;2025-03-10;2025-03-11;2025-03-12;2025-03-13;2025-03-14;2025-03-15,28,6552.415988648183,2025-02-16;2025-02-17;2025-02-18;2025-02-19;2025-02-20;2025-02-21;2025-02-22;2025-02-23;2025-02-24;2025-02-25;2025-02-26;2025-02-27;2025-02-28;2025-03-01;2025-03-02;2025-03-03;2025-03-04;2025-03-05;2025-03-06;2025-03-07;2025-03-08;2025-03-09;2025-03-10;2025-03-11;2025-03-12;2025-03-13;2025-03-14;2025-03-15,2025-03-02;2025-03-03;2025-03-04;2025-03-05;2025-03-06;2025-03-07;2025-03-08;2025-03-09;2025-03-10;2025-03-11;2025-03-12;2025-03-13;2025-03-14;2025-03-15,,2025-03-15,9600.0,10800.0,10800.0,25.784424387701698,32.38313635442051,22.753964938805623,44.89371197218628,72158.84966223637,1012.3307133562535,5607.862646340633,43766.00906452452,4197.2332021592165,47963.24226668374,43766.00906452452,43766.00902075853,40127.421792698864,1444.112174296124,lexicographic,4.376600902075853e-05,4.012742175257144e-05,False,0.1382592999980261,0.0,1,0
2025-03-17,False,calendar_trend,4,1.0,7,1.0,0,calibrated_quantile,2025-02-17;2025-02-18;2025-02-19;2025-02-20;2025-02-21;2025-02-22;2025-02-23;2025-02-24;2025-02-25;2025-02-26;2025-02-27;2025-02-28;2025-03-01;2025-03-02;2025-03-03;2025-03-04;2025-03-05;2025-03-06;2025-03-07;2025-03-08;2025-03-09;2025-03-10;2025-03-11;2025-03-12;2025-03-13;2025-03-14;2025-03-15;2025-03-16,28,6421.38483556631,2025-02-17;2025-02-18;2025-02-19;2025-02-20;2025-02-21;2025-02-22;2025-02-23;2025-02-24;2025-02-25;2025-02-26;2025-02-27;2025-02-28;2025-03-01;2025-03-02;2025-03-03;2025-03-04;2025-03-05;2025-03-06;2025-03-07;2025-03-08;2025-03-09;2025-03-10;2025-03-11;2025-03-12;2025-03-13;2025-03-14;2025-03-15;2025-03-16,2025-03-03;2025-03-04;2025-03-05;2025-03-06;2025-03-07;2025-03-08;2025-03-09;2025-03-10;2025-03-11;2025-03-12;2025-03-13;2025-03-14;2025-03-15;2025-03-16,,2025-03-16,9600.0,10800.0,10800.0,23.711794705065515,30.987163520570185,36.042636313145195,64.52332362071456,72795.02681492377,175.8630660191489,10872.79269481883,44095.36644407318,708.1661046714369,44803.53254874462,44095.36644407318,44095.36639997784,40391.25269763828,1462.2866557829816,lexicographic,4.409536639997784e-05,4.039125265724704e-05,False,0.10212659999888274,0.0,1,0
2025-03-18,False,calendar_trend,4,1.0,7,1.0,0,calibrated_quantile,2025-02-18;2025-02-19;2025-02-20;2025-02-21;2025-02-22;2025-02-23;2025-02-24;2025-02-25;2025-02-26;2025-02-27;2025-02-28;2025-03-01;2025-03-02;2025-03-03;2025-03-04;2025-03-05;2025-03-06;2025-03-07;2025-03-08;2025-03-09;2025-03-10;2025-03-11;2025-03-12;2025-03-13;2025-03-14;2025-03-15;2025-03-16;2025-03-17,28,6408.421873899904,2025-02-18;2025-02-19;2025-02-20;2025-02-21;2025-02-22;2025-02-23;2025-02-24;2025-02-25;2025-02-26;2025-02-27;2025-02-28;2025-03-01;2025-03-02;2025-03-03;2025-03-04;2025-03-05;2025-03-06;2025-03-07;2025-03-08;2025-03-09;2025-03-10;2025-03-11;2025-03-12;2025-03-13;2025-03-14;2025-03-15;2025-03-16;2025-03-17,2025-03-04;2025-03-05;2025-03-06;2025-03-07;2025-03-08;2025-03-09;2025-03-10;2025-03-11;2025-03-12;2025-03-13;2025-03-14;2025-03-15;2025-03-16;2025-03-17,,2025-03-17,9600.0,10800.0,10800.0,21.387982409491954,26.169069630110123,21.148833475785327,41.238672156556504,72197.10893983104,779.5373840773772,7647.655513254511,43677.851012445084,3954.9514287792417,47632.802441224325,43677.851012445084,43677.85096876726,40039.41433482585,1439.1860269052695,lexicographic,4.367785096876726e-05,4.003941429478644e-05,False,0.17616009999983362,0.0,1,0
2025-03-19,False,calendar_trend,4,1.0,7,1.0,0,calibrated_quantile,2025-02-19;2025-02-20;2025-02-21;2025-02-22;2025-02-23;2025-02-24;2025-02-25;2025-02-26;2025-02-27;2025-02-28;2025-03-01;2025-03-02;2025-03-03;2025-03-04;2025-03-05;2025-03-06;2025-03-07;2025-03-08;2025-03-09;2025-03-10;2025-03-11;2025-03-12;2025-03-13;2025-03-14;2025-03-15;2025-03-16;2025-03-17;2025-03-18,28,6414.9292163305045,2025-02-19;2025-02-20;2025-02-21;2025-02-22;2025-02-23;2025-02-24;2025-02-25;2025-02-26;2025-02-27;2025-02-28;2025-03-01;2025-03-02;2025-03-03;2025-03-04;2025-03-05;2025-03-06;2025-03-07;2025-03-08;2025-03-09;2025-03-10;2025-03-11;2025-03-12;2025-03-13;2025-03-14;2025-03-15;2025-03-16;2025-03-17;2025-03-18,2025-03-05;2025-03-06;2025-03-07;2025-03-08;2025-03-09;2025-03-10;2025-03-11;2025-03-12;2025-03-13;2025-03-14;2025-03-15;2025-03-16;2025-03-17;2025-03-18,,2025-03-18,9600.0,10800.0,10800.0,19.249675478856926,23.92278907950958,24.95165756044739,45.30216492525305,72482.55825451772,169.42410318484042,9014.00221999893,43924.84795583925,867.4636825045505,44792.3116383438,43924.84795583925,43924.847911914396,39748.64491970306,1454.019995114377,lexicographic,4.3924847911914396e-05,3.974864487995443e-05,False,0.10682449999876553,0.0,1,0
2025-03-20,False,calendar_trend,4,1.0,7,1.0,0,calibrated_quantile,2025-02-20;2025-02-21;2025-02-22;2025-02-23;2025-02-24;2025-02-25;2025-02-26;2025-02-27;2025-02-28;2025-03-01;2025-03-02;2025-03-03;2025-03-04;2025-03-05;2025-03-06;2025-03-07;2025-03-08;2025-03-09;2025-03-10;2025-03-11;2025-03-12;2025-03-13;2025-03-14;2025-03-15;2025-03-16;2025-03-17;2025-03-18;2025-03-19,28,6299.069200050344,2025-02-20;2025-02-21;2025-02-22;2025-02-23;2025-02-24;2025-02-25;2025-02-26;2025-02-27;2025-02-28;2025-03-01;2025-03-02;2025-03-03;2025-03-04;2025-03-05;2025-03-06;2025-03-07;2025-03-08;2025-03-09;2025-03-10;2025-03-11;2025-03-12;2025-03-13;2025-03-14;2025-03-15;2025-03-16;2025-03-17;2025-03-18;2025-03-19,2025-03-06;2025-03-07;2025-03-08;2025-03-09;2025-03-10;2025-03-11;2025-03-12;2025-03-13;2025-03-14;2025-03-15;2025-03-16;2025-03-17;2025-03-18;2025-03-19,,2025-03-19,9600.0,10800.0,10800.0,20.002082829298942,25.428818180368232,16.172430392914656,30.256594249664076,71384.24897318291,484.5143431481046,5488.317695689027,43290.693477300556,1897.0748529495982,45187.768330250154,43290.69347730055,43290.693434009845,39738.87202734392,1436.8404860384449,lexicographic,4.3290693434009846e-05,3.973887198760505e-05,False,0.11788589999923715,0.0,1,0
2025-03-21,False,calendar_trend,4,1.0,7,1.0,0,calibrated_quantile,2025-02-21;2025-02-22;2025-02-23;2025-02-24;2025-02-25;2025-02-26;2025-02-27;2025-02-28;2025-03-01;2025-03-02;2025-03-03;2025-03-04;2025-03-05;2025-03-06;2025-03-07;2025-03-08;2025-03-09;2025-03-10;2025-03-11;2025-03-12;2025-03-13;2025-03-14;2025-03-15;2025-03-16;2025-03-17;2025-03-18;2025-03-19;2025-03-20,28,6326.251675693388,2025-02-21;2025-02-22;2025-02-23;2025-02-24;2025-02-25;2025-02-26;2025-02-27;2025-02-28;2025-03-01;2025-03-02;2025-03-03;2025-03-04;2025-03-05;2025-03-06;2025-03-07;2025-03-08;2025-03-09;2025-03-10;2025-03-11;2025-03-12;2025-03-13;2025-03-14;2025-03-15;2025-03-16;2025-03-17;2025-03-18;2025-03-19;2025-03-20,2025-03-07;2025-03-08;2025-03-09;2025-03-10;2025-03-11;2025-03-12;2025-03-13;2025-03-14;2025-03-15;2025-03-16;2025-03-17;2025-03-18;2025-03-19;2025-03-20,,2025-03-20,9600.0,10800.0,10800.0,16.748732000140173,21.291864546915942,29.860726092779675,52.807692563366174,33138.30322227692,119.91923206842387,17171.424609418773,16991.493825399848,525.0280787284373,17516.521904128283,16991.493825399844,16991.49380840835,38613.33328500222,1280.5883475755745,lexicographic,1.6991493808408352e-05,3.8613333246388896e-05,False,0.12190249999912339,0.0,1,0
2025-03-22,False,calendar_trend,4,1.0,7,1.0,0,calibrated_quantile,2025-02-22;2025-02-23;2025-02-24;2025-02-25;2025-02-26;2025-02-27;2025-02-28;2025-03-01;2025-03-02;2025-03-03;2025-03-04;2025-03-05;2025-03-06;2025-03-07;2025-03-08;2025-03-09;2025-03-10;2025-03-11;2025-03-12;2025-03-13;2025-03-14;2025-03-15;2025-03-16;2025-03-17;2025-03-18;2025-03-19;2025-03-20;2025-03-21,28,6332.194887036712,2025-02-22;2025-02-23;2025-02-24;2025-02-25;2025-02-26;2025-02-27;2025-02-28;2025-03-01;2025-03-02;2025-03-03;2025-03-04;2025-03-05;2025-03-06;2025-03-07;2025-03-08;2025-03-09;2025-03-10;2025-03-11;2025-03-12;2025-03-13;2025-03-14;2025-03-15;2025-03-16;2025-03-17;2025-03-18;2025-03-19;2025-03-20;2025-03-21,2025-03-08;2025-03-09;2025-03-10;2025-03-11;2025-03-12;2025-03-13;2025-03-14;2025-03-15;2025-03-16;2025-03-17;2025-03-18;2025-03-19;2025-03-20;2025-03-21,,2025-03-21,9600.0,10800.0,10800.0,17.351942670888775,21.61273114503918,18.512901450762627,36.568380347041796,33107.76576449405,330.2125196940899,13503.445222623097,17032.271789290604,1351.768598998274,18384.04038828888,17032.271789290608,17032.271772258333,38613.333284733635,1420.2097864459356,lexicographic,1.7032271772258332e-05,3.8613333246120306e-05,False,0.1428194000000076,0.0,1,0
2025-03-23,False,calendar_trend,4,1.0,7,1.0,0,calibrated_quantile,2025-02-23;2025-02-24;2025-02-25;2025-02-26;2025-02-27;2025-02-28;2025-03-01;2025-03-02;2025-03-03;2025-03-04;2025-03-05;2025-03-06;2025-03-07;2025-03-08;2025-03-09;2025-03-10;2025-03-11;2025-03-12;2025-03-13;2025-03-14;2025-03-15;2025-03-16;2025-03-17;2025-03-18;2025-03-19;2025-03-20;2025-03-21;2025-03-22,28,6351.7618350016855,2025-02-23;2025-02-24;2025-02-25;2025-02-26;2025-02-27;2025-02-28;2025-03-01;2025-03-02;2025-03-03;2025-03-04;2025-03-05;2025-03-06;2025-03-07;2025-03-08;2025-03-09;2025-03-10;2025-03-11;2025-03-12;2025-03-13;2025-03-14;2025-03-15;2025-03-16;2025-03-17;2025-03-18;2025-03-19;2025-03-20;2025-03-21;2025-03-22,2025-03-09;2025-03-10;2025-03-11;2025-03-12;2025-03-13;2025-03-14;2025-03-15;2025-03-16;2025-03-17;2025-03-18;2025-03-19;2025-03-20;2025-03-21;2025-03-22,,2025-03-22,9600.0,10800.0,10800.0,19.70233214336314,24.37452679984644,27.02593149402954,50.60516108808476,69969.67272272376,328.02876492376254,7381.306306368469,42336.60746311095,1237.7136369238265,43574.32110003478,42336.60746311095,42336.60742077432,39502.5361418338,1453.0604492393327,lexicographic,4.2336607420774326e-05,3.9502536102331265e-05,False,0.11422550000133924,0.0,1,0
2025-03-24,False,calendar_trend,4,1.0,7,1.0,0,calibrated_quantile,2025-02-24;2025-02-25;2025-02-26;2025-02-27;2025-02-28;2025-03-01;2025-03-02;2025-03-03;2025-03-04;2025-03-05;2025-03-06;2025-03-07;2025-03-08;2025-03-09;2025-03-10;2025-03-11;2025-03-12;2025-03-13;2025-03-14;2025-03-15;2025-03-16;2025-03-17;2025-03-18;2025-03-19;2025-03-20;2025-03-21;2025-03-22;2025-03-23,28,6360.101897733464,2025-02-24;2025-02-25;2025-02-26;2025-02-27;2025-02-28;2025-03-01;2025-03-02;2025-03-03;2025-03-04;2025-03-05;2025-03-06;2025-03-07;2025-03-08;2025-03-09;2025-03-10;2025-03-11;2025-03-12;2025-03-13;2025-03-14;2025-03-15;2025-03-16;2025-03-17;2025-03-18;2025-03-19;2025-03-20;2025-03-21;2025-03-22;2025-03-23,2025-03-10;2025-03-11;2025-03-12;2025-03-13;2025-03-14;2025-03-15;2025-03-16;2025-03-17;2025-03-18;2025-03-19;2025-03-20;2025-03-21;2025-03-22;2025-03-23,,2025-03-23,9600.0,10800.0,10800.0,18.059982664599048,23.356245137153568,18.88292570017886,36.89156000230932,69704.47579875866,409.27850964191464,8004.843969019591,42238.08796884476,1428.1001430606375,43666.1881119054,42238.08796884476,42238.08792660667,39157.09470234877,1444.6590114782593,lexicographic,4.2238087926606674e-05,3.91570946631917e-05,False,0.12647770000330638,0.0,1,0
2025-03-25,False,calendar_trend,4,1.0,7,1.0,0,calibrated_quantile,2025-02-25;2025-02-26;2025-02-27;2025-02-28;2025-03-01;2025-03-02;2025-03-03;2025-03-04;2025-03-05;2025-03-06;2025-03-07;2025-03-08;2025-03-09;2025-03-10;2025-03-11;2025-03-12;2025-03-13;2025-03-14;2025-03-15;2025-03-16;2025-03-17;2025-03-18;2025-03-19;2025-03-20;2025-03-21;2025-03-22;2025-03-23;2025-03-24,28,6375.298644870495,2025-02-25;2025-02-26;2025-02-27;2025-02-28;2025-03-01;2025-03-02;2025-03-03;2025-03-04;2025-03-05;2025-03-06;2025-03-07;2025-03-08;2025-03-09;2025-03-10;2025-03-11;2025-03-12;2025-03-13;2025-03-14;2025-03-15;2025-03-16;2025-03-17;2025-03-18;2025-03-19;2025-03-20;2025-03-21;2025-03-22;2025-03-23;2025-03-24,2025-03-11;2025-03-12;2025-03-13;2025-03-14;2025-03-15;2025-03-16;2025-03-17;2025-03-18;2025-03-19;2025-03-20;2025-03-21;2025-03-22;2025-03-23;2025-03-24,,2025-03-24,9600.0,10800.0,10800.0,20.271215980273432,25.267018225016216,23.24003620580659,46.89553675346793,69601.59940274752,784.3541181873347,5320.413534214695,42058.3218706071,3167.4316917538313,45225.75356236093,42058.321870607106,42058.32182854876,39204.745467351786,1439.706097555777,lexicographic,4.2058321828548765e-05,3.920474542814705e-05,False,0.12962329999936628,0.0,1,0
2025-03-26,False,calendar_trend,4,1.0,7,1.0,0,calibrated_quantile,2025-02-26;2025-02-27;2025-02-28;2025-03-01;2025-03-02;2025-03-03;2025-03-04;2025-03-05;2025-03-06;2025-03-07;2025-03-08;2025-03-09;2025-03-10;2025-03-11;2025-03-12;2025-03-13;2025-03-14;2025-03-15;2025-03-16;2025-03-17;2025-03-18;2025-03-19;2025-03-20;2025-03-21;2025-03-22;2025-03-23;2025-03-24;2025-03-25,28,6597.507272550391,2025-02-26;2025-02-27;2025-02-28;2025-03-01;2025-03-02;2025-03-03;2025-03-04;2025-03-05;2025-03-06;2025-03-07;2025-03-08;2025-03-09;2025-03-10;2025-03-11;2025-03-12;2025-03-13;2025-03-14;2025-03-15;2025-03-16;2025-03-17;2025-03-18;2025-03-19;2025-03-20;2025-03-21;2025-03-22;2025-03-23;2025-03-24;2025-03-25,2025-03-12;2025-03-13;2025-03-14;2025-03-15;2025-03-16;2025-03-17;2025-03-18;2025-03-19;2025-03-20;2025-03-21;2025-03-22;2025-03-23;2025-03-24;2025-03-25,,2025-03-25,9600.0,10800.0,10800.0,18.956634119709946,24.01274923991405,28.09421810518303,56.57767481930464,70410.76226863125,109.09546195551559,10771.175069849443,42619.3730128732,364.5412325608127,42983.91424543401,42619.3730128732,42619.37297025382,39592.58582772589,1441.608397035283,lexicographic,4.261937297025382e-05,3.959258578813331e-05,False,0.18839369999841438,0.0,1,0
2025-03-27,False,calendar_trend,4,1.0,7,1.0,0,calibrated_quantile,2025-02-27;2025-02-28;2025-03-01;2025-03-02;2025-03-03;2025-03-04;2025-03-05;2025-03-06;2025-03-07;2025-03-08;2025-03-09;2025-03-10;2025-03-11;2025-03-12;2025-03-13;2025-03-14;2025-03-15;2025-03-16;2025-03-17;2025-03-18;2025-03-19;2025-03-20;2025-03-21;2025-03-22;2025-03-23;2025-03-24;2025-03-25;2025-03-26,28,6539.4178541479305,2025-02-27;2025-02-28;2025-03-01;2025-03-02;2025-03-03;2025-03-04;2025-03-05;2025-03-06;2025-03-07;2025-03-08;2025-03-09;2025-03-10;2025-03-11;2025-03-12;2025-03-13;2025-03-14;2025-03-15;2025-03-16;2025-03-17;2025-03-18;2025-03-19;2025-03-20;2025-03-21;2025-03-22;2025-03-23;2025-03-24;2025-03-25;2025-03-26,2025-03-13;2025-03-14;2025-03-15;2025-03-16;2025-03-17;2025-03-18;2025-03-19;2025-03-20;2025-03-21;2025-03-22;2025-03-23;2025-03-24;2025-03-25;2025-03-26,,2025-03-26,9600.0,10800.0,10800.0,20.39303750233857,24.988337060615965,18.50332097006098,34.960375191682985,69009.35753820394,565.4524907616953,6750.557355891875,41832.87691381926,2289.101132334958,44121.97804615422,41832.87691381926,41832.876871986366,39127.086969808035,1443.8465755117213,lexicographic,4.183287687198637e-05,3.9127086930680956e-05,False,0.11973379999835743,0.0,1,0
2025-03-28,False,calendar_trend,4,1.0,7,1.0,0,calibrated_quantile,2025-02-28;2025-03-01;2025-03-02;2025-03-03;2025-03-04;2025-03-05;2025-03-06;2025-03-07;2025-03-08;2025-03-09;2025-03-10;2025-03-11;2025-03-12;2025-03-13;2025-03-14;2025-03-15;2025-03-16;2025-03-17;2025-03-18;2025-03-19;2025-03-20;2025-03-21;2025-03-22;2025-03-23;2025-03-24;2025-03-25;2025-03-26;2025-03-27,28,6665.0697553832915,2025-02-28;2025-03-01;2025-03-02;2025-03-03;2025-03-04;2025-03-05;2025-03-06;2025-03-07;2025-03-08;2025-03-09;2025-03-10;2025-03-11;2025-03-12;2025-03-13;2025-03-14;2025-03-15;2025-03-16;2025-03-17;2025-03-18;2025-03-19;2025-03-20;2025-03-21;2025-03-22;2025-03-23;2025-03-24;2025-03-25;2025-03-26;2025-03-27,2025-03-14;2025-03-15;2025-03-16;2025-03-17;2025-03-18;2025-03-19;2025-03-20;2025-03-21;2025-03-22;2025-03-23;2025-03-24;2025-03-25;2025-03-26;2025-03-27,,2025-03-27,9600.0,10800.0,10800.0,20.12000253968607,24.903008983267245,14.027737211981515,25.639749317763968,32416.520116556436,162.51393375142516,17703.81995030786,16450.11320083345,640.5259601749278,17090.639161008377,16450.113200833446,16450.113184383335,38613.33333333332,1295.4129723631154,lexicographic,1.6450113184383337e-05,3.861333333333333e-05,False,0.13103060000139521,0.0,1,0
2025-03-29,False,calendar_trend,4,1.0,7,1.0,0,calibrated_quantile,2025-03-01;2025-03-02;2025-03-03;2025-03-04;2025-03-05;2025-03-06;2025-03-07;2025-03-08;2025-03-09;2025-03-10;2025-03-11;2025-03-12;2025-03-13;2025-03-14;2025-03-15;2025-03-16;2025-03-17;2025-03-18;2025-03-19;2025-03-20;2025-03-21;2025-03-22;2025-03-23;2025-03-24;2025-03-25;2025-03-26;2025-03-27;2025-03-28,28,6587.65402385417,2025-03-01;2025-03-02;2025-03-03;2025-03-04;2025-03-05;2025-03-06;2025-03-07;2025-03-08;2025-03-09;2025-03-10;2025-03-11;2025-03-12;2025-03-13;2025-03-14;2025-03-15;2025-03-16;2025-03-17;2025-03-18;2025-03-19;2025-03-20;2025-03-21;2025-03-22;2025-03-23;2025-03-24;2025-03-25;2025-03-26;2025-03-27;2025-03-28,2025-03-15;2025-03-16;2025-03-17;2025-03-18;2025-03-19;2025-03-20;2025-03-21;2025-03-22;2025-03-23;2025-03-24;2025-03-25;2025-03-26;2025-03-27;2025-03-28,,2025-03-28,9600.0,10800.0,10800.0,16.594964154894846,20.129766796523146,29.70394640104465,51.273417708058034,32236.26645989833,100.6450375293606,20576.368985502868,16362.913740501484,443.32287785118314,16806.23661835267,16362.913740501484,16362.913724138578,38613.33328816105,1433.3403646135012,lexicographic,1.6362913724138578e-05,3.861333324954773e-05,False,0.11505649999890011,0.0,1,0
2025-03-30,False,calendar_trend,4,1.0,7,1.0,0,calibrated_quantile,2025-03-02;2025-03-03;2025-03-04;2025-03-05;2025-03-06;2025-03-07;2025-03-08;2025-03-09;2025-03-10;2025-03-11;2025-03-12;2025-03-13;2025-03-14;2025-03-15;2025-03-16;2025-03-17;2025-03-18;2025-03-19;2025-03-20;2025-03-21;2025-03-22;2025-03-23;2025-03-24;2025-03-25;2025-03-26;2025-03-27;2025-03-28;2025-03-29,28,6279.0680047819005,2025-03-02;2025-03-03;2025-03-04;2025-03-05;2025-03-06;2025-03-07;2025-03-08;2025-03-09;2025-03-10;2025-03-11;2025-03-12;2025-03-13;2025-03-14;2025-03-15;2025-03-16;2025-03-17;2025-03-18;2025-03-19;2025-03-20;2025-03-21;2025-03-22;2025-03-23;2025-03-24;2025-03-25;2025-03-26;2025-03-27;2025-03-28;2025-03-29,2025-03-16;2025-03-17;2025-03-18;2025-03-19;2025-03-20;2025-03-21;2025-03-22;2025-03-23;2025-03-24;2025-03-25;2025-03-26;2025-03-27;2025-03-28;2025-03-29,,2025-03-29,9600.0,10800.0,10800.0,19.542661390443435,24.626413126298683,18.641560989920986,34.06804639945601,66099.46285074949,545.2706933392288,7228.825198923008,39839.56534774797,2300.257562239571,42139.822909987546,39839.565347747965,39839.56530790841,38774.85498815762,1449.1578815616576,lexicographic,3.983956530790841e-05,3.877485494938277e-05,False,0.14677039999878616,0.0,1,0
2025-03-31,False,calendar_trend,4,1.0,7,1.0,0,calibrated_quantile,2025-03-03;2025-03-04;2025-03-05;2025-03-06;2025-03-07;2025-03-08;2025-03-09;2025-03-10;2025-03-11;2025-03-12;2025-03-13;2025-03-14;2025-03-15;2025-03-16;2025-03-17;2025-03-18;2025-03-19;2025-03-20;2025-03-21;2025-03-22;2025-03-23;2025-03-24;2025-03-25;2025-03-26;2025-03-27;2025-03-28;2025-03-29;2025-03-30,28,5997.56080370356,2025-03-03;2025-03-04;2025-03-05;2025-03-06;2025-03-07;2025-03-08;2025-03-09;2025-03-10;2025-03-11;2025-03-12;2025-03-13;2025-03-14;2025-03-15;2025-03-16;2025-03-17;2025-03-18;2025-03-19;2025-03-20;2025-03-21;2025-03-22;2025-03-23;2025-03-24;2025-03-25;2025-03-26;2025-03-27;2025-03-28;2025-03-29;2025-03-30,2025-03-17;2025-03-18;2025-03-19;2025-03-20;2025-03-21;2025-03-22;2025-03-23;2025-03-24;2025-03-25;2025-03-26;2025-03-27;2025-03-28;2025-03-29;2025-03-30,,2025-03-30,9600.0,10800.0,10800.0,19.19217112236391,23.643980933039185,33.525937869957666,60.0590117975724,65792.35431919718,1722.661427800413,6489.653143522237,39597.669298961395,7253.728741381824,46851.39804034322,39597.6692989614,39597.66925936373,38809.954460300396,1450.385172404036,lexicographic,3.959766925936373e-05,3.880995442149045e-05,False,0.13236219999816967,1.8374711820855132e-16,1,0
2025-04-01,False,calendar_trend,4,1.0,7,1.0,0,calibrated_quantile,2025-03-04;2025-03-05;2025-03-06;2025-03-07;2025-03-08;2025-03-09;2025-03-10;2025-03-11;2025-03-12;2025-03-13;2025-03-14;2025-03-15;2025-03-16;2025-03-17;2025-03-18;2025-03-19;2025-03-20;2025-03-21;2025-03-22;2025-03-23;2025-03-24;2025-03-25;2025-03-26;2025-03-27;2025-03-28;2025-03-29;2025-03-30;2025-03-31,28,6002.701086004343,2025-03-04;2025-03-05;2025-03-06;2025-03-07;2025-03-08;2025-03-09;2025-03-10;2025-03-11;2025-03-12;2025-03-13;2025-03-14;2025-03-15;2025-03-16;2025-03-17;2025-03-18;2025-03-19;2025-03-20;2025-03-21;2025-03-22;2025-03-23;2025-03-24;2025-03-25;2025-03-26;2025-03-27;2025-03-28;2025-03-29;2025-03-30;2025-03-31,2025-03-18;2025-03-19;2025-03-20;2025-03-21;2025-03-22;2025-03-23;2025-03-24;2025-03-25;2025-03-26;2025-03-27;2025-03-28;2025-03-29;2025-03-30;2025-03-31,,2025-03-31,9600.0,10800.0,10800.0,20.88615857934009,26.162497672485326,39.5621617232606,84.80728639162655,65408.075450275464,2683.7550279107736,3798.033097886887,39126.34275360669,7938.654738916192,47064.99749252288,39126.34275360669,39126.34271448034,38914.48427986931,1429.9138757632882,lexicographic,3.912634271448035e-05,3.891448424095484e-05,False,0.1413685000006808,0.0,1,0
2025-04-02,False,calendar_trend,4,1.0,7,1.0,0,calibrated_quantile,2025-03-05;2025-03-06;2025-03-07;2025-03-08;2025-03-09;2025-03-10;2025-03-11;2025-03-12;2025-03-13;2025-03-14;2025-03-15;2025-03-16;2025-03-17;2025-03-18;2025-03-19;2025-03-20;2025-03-21;2025-03-22;2025-03-23;2025-03-24;2025-03-25;2025-03-26;2025-03-27;2025-03-28;2025-03-29;2025-03-30;2025-03-31;2025-04-01,28,6297.604405121438,2025-03-05;2025-03-06;2025-03-07;2025-03-08;2025-03-09;2025-03-10;2025-03-11;2025-03-12;2025-03-13;2025-03-14;2025-03-15;2025-03-16;2025-03-17;2025-03-18;2025-03-19;2025-03-20;2025-03-21;2025-03-22;2025-03-23;2025-03-24;2025-03-25;2025-03-26;2025-03-27;2025-03-28;2025-03-29;2025-03-30;2025-03-31;2025-04-01,2025-03-19;2025-03-20;2025-03-21;2025-03-22;2025-03-23;2025-03-24;2025-03-25;2025-03-26;2025-03-27;2025-03-28;2025-03-29;2025-03-30;2025-03-31;2025-04-01,,2025-04-01,9600.0,10800.0,10800.0,18.38017412984666,22.718597773910975,44.87557388636955,78.25768356543387,66654.91997348637,2151.0303553187823,4283.604216164162,39740.8765029119,9709.686469920529,49450.56297283243,39740.876502911895,39740.876463171044,38934.15468358004,1451.385423367361,lexicographic,3.9740876463171045e-05,3.893415464464589e-05,False,0.13062429999990854,0.0,1,0
2025-04-03,False,calendar_trend,4,1.0,7,1.0,0,calibrated_quantile,2025-03-06;2025-03-07;2025-03-08;2025-03-09;2025-03-10;2025-03-11;2025-03-12;2025-03-13;2025-03-14;2025-03-15;2025-03-16;2025-03-17;2025-03-18;2025-03-19;2025-03-20;2025-03-21;2025-03-22;2025-03-23;2025-03-24;2025-03-25;2025-03-26;2025-03-27;2025-03-28;2025-03-29;2025-03-30;2025-03-31;2025-04-01;2025-04-02,28,6831.454443699498,2025-03-06;2025-03-07;2025-03-08;2025-03-09;2025-03-10;2025-03-11;2025-03-12;2025-03-13;2025-03-14;2025-03-15;2025-03-16;2025-03-17;2025-03-18;2025-03-19;2025-03-20;2025-03-21;2025-03-22;2025-03-23;2025-03-24;2025-03-25;2025-03-26;2025-03-27;2025-03-28;2025-03-29;2025-03-30;2025-03-31;2025-04-01;2025-04-02,2025-03-20;2025-03-21;2025-03-22;2025-03-23;2025-03-24;2025-03-25;2025-03-26;2025-03-27;2025-03-28;2025-03-29;2025-03-30;2025-03-31;2025-04-01;2025-04-02,,2025-04-02,9600.0,10800.0,10800.0,18.466884778584873,23.699937942770504,26.719975829219035,50.110669988680655,68016.36001443515,271.06114347948966,8327.611204070541,40644.84569538326,1222.3874967362667,41867.23319211952,40644.84569538326,40644.8456547384,39022.45386205866,1437.9490477290638,lexicographic,4.06448456547384e-05,3.902245382303622e-05,False,0.1582288999998127,0.0,1,0
2025-04-04,False,calendar_trend,4,1.0,7,1.0,0,calibrated_quantile,2025-03-07;2025-03-08;2025-03-09;2025-03-10;2025-03-11;2025-03-12;2025-03-13;2025-03-14;2025-03-15;2025-03-16;2025-03-17;2025-03-18;2025-03-19;2025-03-20;2025-03-21;2025-03-22;2025-03-23;2025-03-24;2025-03-25;2025-03-26;2025-03-27;2025-03-28;2025-03-29;2025-03-30;2025-03-31;2025-04-01;2025-04-02;2025-04-03,28,6909.918449390832,2025-03-07;2025-03-08;2025-03-09;2025-03-10;2025-03-11;2025-03-12;2025-03-13;2025-03-14;2025-03-15;2025-03-16;2025-03-17;2025-03-18;2025-03-19;2025-03-20;2025-03-21;2025-03-22;2025-03-23;2025-03-24;2025-03-25;2025-03-26;2025-03-27;2025-03-28;2025-03-29;2025-03-30;2025-03-31;2025-04-01;2025-04-02;2025-04-03,2025-03-21;2025-03-22;2025-03-23;2025-03-24;2025-03-25;2025-03-26;2025-03-27;2025-03-28;2025-03-29;2025-03-30;2025-03-31;2025-04-01;2025-04-02;2025-04-03,,2025-04-03,9600.0,10800.0,10800.0,16.05757275106491,19.548527826017885,32.89613916028364,64.16160897152889,31527.923608752448,90.06934426341886,21133.85736968254,15929.156243323208,430.0132552255716,16359.16949854878,15929.15624332321,15929.156227394053,38613.333333333336,1290.2602027935538,lexicographic,1.5929156227394055e-05,3.861333333333334e-05,False,0.14596339999843622,0.0,1,0
2025-04-05,False,calendar_trend,4,1.0,7,1.0,0,calibrated_quantile,2025-03-08;2025-03-09;2025-03-10;2025-03-11;2025-03-12;2025-03-13;2025-03-14;2025-03-15;2025-03-16;2025-03-17;2025-03-18;2025-03-19;2025-03-20;2025-03-21;2025-03-22;2025-03-23;2025-03-24;2025-03-25;2025-03-26;2025-03-27;2025-03-28;2025-03-29;2025-03-30;2025-03-31;2025-04-01;2025-04-02;2025-04-03;2025-04-04,28,6910.8665166665405,2025-03-08;2025-03-09;2025-03-10;2025-03-11;2025-03-12;2025-03-13;2025-03-14;2025-03-15;2025-03-16;2025-03-17;2025-03-18;2025-03-19;2025-03-20;2025-03-21;2025-03-22;2025-03-23;2025-03-24;2025-03-25;2025-03-26;2025-03-27;2025-03-28;2025-03-29;2025-03-30;2025-03-31;2025-04-01;2025-04-02;2025-04-03;2025-04-04,2025-03-22;2025-03-23;2025-03-24;2025-03-25;2025-03-26;2025-03-27;2025-03-28;2025-03-29;2025-03-30;2025-03-31;2025-04-01;2025-04-02;2025-04-03;2025-04-04,,2025-04-04,9600.0,10800.0,10800.0,19.30470498360522,24.29190538685172,23.23904179568423,44.31588316912016,31752.78035109224,983.2037341810708,16638.535773166328,16009.325561212587,4106.822084585358,20116.147645797944,16009.325561212587,16009.32554520326,38613.333289896356,1413.5446070315556,lexicographic,1.600932554520326e-05,3.8613333251283026e-05,False,0.12860779999755323,0.0,1,0
2025-04-06,False,calendar_trend,4,1.0,7,1.0,0,calibrated_quantile,2025-03-09;2025-03-10;2025-03-11;2025-03-12;2025-03-13;2025-03-14;2025-03-15;2025-03-16;2025-03-17;2025-03-18;2025-03-19;2025-03-20;2025-03-21;2025-03-22;2025-03-23;2025-03-24;2025-03-25;2025-03-26;2025-03-27;2025-03-28;2025-03-29;2025-03-30;2025-03-31;2025-04-01;2025-04-02;2025-04-03;2025-04-04;2025-04-05,28,7190.663248746021,2025-03-09;2025-03-10;2025-03-11;2025-03-12;2025-03-13;2025-03-14;2025-03-15;2025-03-16;2025-03-17;2025-03-18;2025-03-19;2025-03-20;2025-03-21;2025-03-22;2025-03-23;2025-03-24;2025-03-25;2025-03-26;2025-03-27;2025-03-28;2025-03-29;2025-03-30;2025-03-31;2025-04-01;2025-04-02;2025-04-03;2025-04-04;2025-04-05,2025-03-23;2025-03-24;2025-03-25;2025-03-26;2025-03-27;2025-03-28;2025-03-29;2025-03-30;2025-03-31;2025-04-01;2025-04-02;2025-04-03;2025-04-04;2025-04-05,,2025-04-05,9600.0,10800.0,10800.0,18.283593098264387,23.644889444865246,14.935854792873677,29.082758772229678,67045.0376413824,125.3063080985059,8661.500952237437,39946.18477373826,515.4679625731097,40461.65273631137,39946.18477373826,39946.18473379207,39046.14622286331,1430.6350873892652,lexicographic,3.994618473379207e-05,3.904614618381718e-05,False,0.13822330000039074,0.0,1,0
2025-04-07,False,calendar_trend,4,1.0,7,1.0,0,calibrated_quantile,2025-03-10;2025-03-11;2025-03-12;2025-03-13;2025-03-14;2025-03-15;2025-03-16;2025-03-17;2025-03-18;2025-03-19;2025-03-20;2025-03-21;2025-03-22;2025-03-23;2025-03-24;2025-03-25;2025-03-26;2025-03-27;2025-03-28;2025-03-29;2025-03-30;2025-03-31;2025-04-01;2025-04-02;2025-04-03;2025-04-04;2025-04-05;2025-04-06,28,7134.905219680683,2025-03-10;2025-03-11;2025-03-12;2025-03-13;2025-03-14;2025-03-15;2025-03-16;2025-03-17;2025-03-18;2025-03-19;2025-03-20;2025-03-21;2025-03-22;2025-03-23;2025-03-24;2025-03-25;2025-03-26;2025-03-27;2025-03-28;2025-03-29;2025-03-30;2025-03-31;2025-04-01;2025-04-02;2025-04-03;2025-04-04;2025-04-05;2025-04-06,2025-03-24;2025-03-25;2025-03-26;2025-03-27;2025-03-28;2025-03-29;2025-03-30;2025-03-31;2025-04-01;2025-04-02;2025-04-03;2025-04-04;2025-04-05;2025-04-06,,2025-04-06,9600.0,10800.0,10800.0,18.3940470863462,23.37197470622083,32.38746174093811,65.44703623529132,66582.05565026836,149.36284357566296,9398.476235260034,39622.12558883137,485.7108675200109,40107.83645635138,39622.12558883137,39622.12554920924,38964.75571159838,1434.314731304908,lexicographic,3.962212554920924e-05,3.896475567263364e-05,False,0.13639490000059595,0.0,1,0
2025-04-08,False,calendar_trend,4,1.0,7,1.0,0,calibrated_quantile,2025-03-11;2025-03-12;2025-03-13;2025-03-14;2025-03-15;2025-03-16;2025-03-17;2025-03-18;2025-03-19;2025-03-20;2025-03-21;2025-03-22;2025-03-23;2025-03-24;2025-03-25;2025-03-26;2025-03-27;2025-03-28;2025-03-29;2025-03-30;2025-03-31;2025-04-01;2025-04-02;2025-04-03;2025-04-04;2025-04-05;2025-04-06;2025-04-07,28,6869.807038858995,2025-03-11;2025-03-12;2025-03-13;2025-03-14;2025-03-15;2025-03-16;2025-03-17;2025-03-18;2025-03-19;2025-03-20;2025-03-21;2025-03-22;2025-03-23;2025-03-24;2025-03-25;2025-03-26;2025-03-27;2025-03-28;2025-03-29;2025-03-30;2025-03-31;2025-04-01;2025-04-02;2025-04-03;2025-04-04;2025-04-05;2025-04-06;2025-04-07,2025-03-25;2025-03-26;2025-03-27;2025-03-28;2025-03-29;2025-03-30;2025-03-31;2025-04-01;2025-04-02;2025-04-03;2025-04-04;2025-04-05;2025-04-06;2025-04-07,,2025-04-07,9600.0,10800.0,10800.0,17.588717333148715,21.89750223970581,25.22114910125471,46.059471578979476,65896.6348026185,585.275253818875,8020.612065328964,39113.164317065624,2634.750796095139,41747.915113160765,39113.164317065624,39113.164277952455,39135.09956705029,1438.678929339871,lexicographic,3.911316427795246e-05,3.91350995279152e-05,False,0.12853130000075907,0.0,1,0
2025-04-09,False,calendar_trend,4,1.0,7,1.0,0,calibrated_quantile,2025-03-12;2025-03-13;2025-03-14;2025-03-15;2025-03-16;2025-03-17;2025-03-18;2025-03-19;2025-03-20;2025-03-21;2025-03-22;2025-03-23;2025-03-24;2025-03-25;2025-03-26;2025-03-27;2025-03-28;2025-03-29;2025-03-30;2025-03-31;2025-04-01;2025-04-02;2025-04-03;2025-04-04;2025-04-05;2025-04-06;2025-04-07;2025-04-08,28,6968.935269761277,2025-03-12;2025-03-13;2025-03-14;2025-03-15;2025-03-16;2025-03-17;2025-03-18;2025-03-19;2025-03-20;2025-03-21;2025-03-22;2025-03-23;2025-03-24;2025-03-25;2025-03-26;2025-03-27;2025-03-28;2025-03-29;2025-03-30;2025-03-31;2025-04-01;2025-04-02;2025-04-03;2025-04-04;2025-04-05;2025-04-06;2025-04-07;2025-04-08,2025-03-26;2025-03-27;2025-03-28;2025-03-29;2025-03-30;2025-03-31;2025-04-01;2025-04-02;2025-04-03;2025-04-04;2025-04-05;2025-04-06;2025-04-07;2025-04-08,,2025-04-08,9600.0,10800.0,10800.0,16.897974366944535,21.158682100501295,33.18113796171306,60.56845514395592,66107.99326409485,1035.1743817650827,3913.459630101972,39372.847111657946,3811.548905657391,43184.39601731534,39372.847111657946,39372.84707228511,39014.0450966065,1439.9098604604658,lexicographic,3.937284707228511e-05,3.901404505759245e-05,False,0.1427296000001661,0.0,1,0
2025-04-10,False,calendar_trend,4,1.0,7,1.0,0,calibrated_quantile,2025-03-13;2025-03-14;2025-03-15;2025-03-16;2025-03-17;2025-03-18;2025-03-19;2025-03-20;2025-03-21;2025-03-22;2025-03-23;2025-03-24;2025-03-25;2025-03-26;2025-03-27;2025-03-28;2025-03-29;2025-03-30;2025-03-31;2025-04-01;2025-04-02;2025-04-03;2025-04-04;2025-04-05;2025-04-06;2025-04-07;2025-04-08;2025-04-09,28,7253.417577446938,2025-03-13;2025-03-14;2025-03-15;2025-03-16;2025-03-17;2025-03-18;2025-03-19;2025-03-20;2025-03-21;2025-03-22;2025-03-23;2025-03-24;2025-03-25;2025-03-26;2025-03-27;2025-03-28;2025-03-29;2025-03-30;2025-03-31;2025-04-01;2025-04-02;2025-04-03;2025-04-04;2025-04-05;2025-04-06;2025-04-07;2025-04-08;2025-04-09,2025-03-27;2025-03-28;2025-03-29;2025-03-30;2025-03-31;2025-04-01;2025-04-02;2025-04-03;2025-04-04;2025-04-05;2025-04-06;2025-04-07;2025-04-08;2025-04-09,,2025-04-09,9600.0,10800.0,10800.0,19.186284361205665,23.229163263958775,27.067205499253014,53.87774173457183,67303.22401486363,428.8534955479723,9145.29578167056,40092.52808849406,1961.5886642160883,42054.11675271015,40092.52808849405,40092.52804840152,39306.94910537537,1463.2223235068707,lexicographic,4.009252804840152e-05,3.930694906606843e-05,False,0.1303674000009778,0.0,1,0
2025-04-11,False,calendar_trend,4,1.0,7,1.0,0,calibrated_quantile,2025-03-14;2025-03-15;2025-03-16;2025-03-17;2025-03-18;2025-03-19;2025-03-20;2025-03-21;2025-03-22;2025-03-23;2025-03-24;2025-03-25;2025-03-26;2025-03-27;2025-03-28;2025-03-29;2025-03-30;2025-03-31;2025-04-01;2025-04-02;2025-04-03;2025-04-04;2025-04-05;2025-04-06;2025-04-07;2025-04-08;2025-04-09;2025-04-10,28,6839.330970696659,2025-03-14;2025-03-15;2025-03-16;2025-03-17;2025-03-18;2025-03-19;2025-03-20;2025-03-21;2025-03-22;2025-03-23;2025-03-24;2025-03-25;2025-03-26;2025-03-27;2025-03-28;2025-03-29;2025-03-30;2025-03-31;2025-04-01;2025-04-02;2025-04-03;2025-04-04;2025-04-05;2025-04-06;2025-04-07;2025-04-08;2025-04-09;2025-04-10,2025-03-28;2025-03-29;2025-03-30;2025-03-31;2025-04-01;2025-04-02;2025-04-03;2025-04-04;2025-04-05;2025-04-06;2025-04-07;2025-04-08;2025-04-09;2025-04-10,,2025-04-10,9600.0,10800.0,10800.0,19.32725067499204,23.547854383109627,33.22894817530504,64.5206425478436,30859.479266145514,223.31965130150053,21712.81542172284,15481.705769022006,921.6405707759666,16403.346339797972,15481.705769022006,15481.705753540298,38613.333292600495,1302.990952504083,lexicographic,1.5481705753540298e-05,3.861333325398717e-05,False,0.11418599999888102,0.0,1,0
2025-04-12,False,calendar_trend,4,1.0,7,1.0,0,calibrated_quantile,2025-03-15;2025-03-16;2025-03-17;2025-03-18;2025-03-19;2025-03-20;2025-03-21;2025-03-22;2025-03-23;2025-03-24;2025-03-25;2025-03-26;2025-03-27;2025-03-28;2025-03-29;2025-03-30;2025-03-31;2025-04-01;2025-04-02;2025-04-03;2025-04-04;2025-04-05;2025-04-06;2025-04-07;2025-04-08;2025-04-09;2025-04-10;2025-04-11,28,6813.7897580249555,2025-03-15;2025-03-16;2025-03-17;2025-03-18;2025-03-19;2025-03-20;2025-03-21;2025-03-22;2025-03-23;2025-03-24;2025-03-25;2025-03-26;2025-03-27;2025-03-28;2025-03-29;2025-03-30;2025-03-31;2025-04-01;2025-04-02;2025-04-03;2025-04-04;2025-04-05;2025-04-06;2025-04-07;2025-04-08;2025-04-09;2025-04-10;2025-04-11,2025-03-29;2025-03-30;2025-03-31;2025-04-01;2025-04-02;2025-04-03;2025-04-04;2025-04-05;2025-04-06;2025-04-07;2025-04-08;2025-04-09;2025-04-10;2025-04-11,,2025-04-11,9600.0,10800.0,10800.0,18.444414773675184,23.827727743104017,27.402559273108878,47.06762217621021,31167.98586000713,260.3971315647161,18349.889112595545,15632.657748571291,870.5267017781229,16503.184450349414,15632.657748571291,15632.657732938633,38613.33329182684,1424.053223795634,lexicographic,1.5632657732938635e-05,3.8613333253213515e-05,False,0.1381638999991992,0.0,1,0
2025-04-13,False,calendar_trend,4,1.0,7,1.0,0,calibrated_quantile,2025-03-16;2025-03-17;2025-03-18;2025-03-19;2025-03-20;2025-03-21;2025-03-22;2025-03-23;2025-03-24;2025-03-25;2025-03-26;2025-03-27;2025-03-28;2025-03-29;2025-03-30;2025-03-31;2025-04-01;2025-04-02;2025-04-03;2025-04-04;2025-04-05;2025-04-06;2025-04-07;2025-04-08;2025-04-09;2025-04-10;2025-04-11;2025-04-12,28,6580.200635622317,2025-03-16;2025-03-17;2025-03-18;2025-03-19;2025-03-20;2025-03-21;2025-03-22;2025-03-23;2025-03-24;2025-03-25;2025-03-26;2025-03-27;2025-03-28;2025-03-29;2025-03-30;2025-03-31;2025-04-01;2025-04-02;2025-04-03;2025-04-04;2025-04-05;2025-04-06;2025-04-07;2025-04-08;2025-04-09;2025-04-10;2025-04-11;2025-04-12,2025-03-30;2025-03-31;2025-04-01;2025-04-02;2025-04-03;2025-04-04;2025-04-05;2025-04-06;2025-04-07;2025-04-08;2025-04-09;2025-04-10;2025-04-11;2025-04-12,,2025-04-12,9600.0,10800.0,10800.0,20.20762072693682,24.470497367508603,18.162095613326912,34.27346838954061,64079.08896227986,359.413379238163,6079.444438161566,38039.998709087406,1494.145052286651,39534.143761374056,38039.998709087406,38039.998671047404,38893.08394864143,1440.978851042591,lexicographic,3.803999867104741e-05,3.889308390974836e-05,False,0.13544489999912912,0.0,1,0
2025-04-14,False,calendar_trend,4,1.0,7,1.0,0,calibrated_quantile,2025-03-17;2025-03-18;2025-03-19;2025-03-20;2025-03-21;2025-03-22;2025-03-23;2025-03-24;2025-03-25;2025-03-26;2025-03-27;2025-03-28;2025-03-29;2025-03-30;2025-03-31;2025-04-01;2025-04-02;2025-04-03;2025-04-04;2025-04-05;2025-04-06;2025-04-07;2025-04-08;2025-04-09;2025-04-10;2025-04-11;2025-04-12;2025-04-13,28,6441.6810089105675,2025-03-17;2025-03-18;2025-03-19;2025-03-20;2025-03-21;2025-03-22;2025-03-23;2025-03-24;2025-03-25;2025-03-26;2025-03-27;2025-03-28;2025-03-29;2025-03-30;2025-03-31;2025-04-01;2025-04-02;2025-04-03;2025-04-04;2025-04-05;2025-04-06;2025-04-07;2025-04-08;2025-04-09;2025-04-10;2025-04-11;2025-04-12;2025-04-13,2025-03-31;2025-04-01;2025-04-02;2025-04-03;2025-04-04;2025-04-05;2025-04-06;2025-04-07;2025-04-08;2025-04-09;2025-04-10;2025-04-11;2025-04-12;2025-04-13,,2025-04-13,9600.0,10800.0,10800.0,19.96606178939511,25.203988890315106,18.01588837604356,32.42158776566645,63420.79438496052,378.5232844318055,7234.185702406494,37687.9371415524,1208.0875999690647,38896.02474152146,37687.93714155241,37687.937103864475,38458.69106444405,1426.9122958181497,lexicographic,3.768793710386448e-05,3.8458691025985365e-05,False,0.22609319999901345,0.0,1,0
2025-04-15,False,calendar_trend,4,1.0,7,1.0,0,calibrated_quantile,2025-03-18;2025-03-19;2025-03-20;2025-03-21;2025-03-22;2025-03-23;2025-03-24;2025-03-25;2025-03-26;2025-03-27;2025-03-28;2025-03-29;2025-03-30;2025-03-31;2025-04-01;2025-04-02;2025-04-03;2025-04-04;2025-04-05;2025-04-06;2025-04-07;2025-04-08;2025-04-09;2025-04-10;2025-04-11;2025-04-12;2025-04-13;2025-04-14,28,6499.404525318511,2025-03-18;2025-03-19;2025-03-20;2025-03-21;2025-03-22;2025-03-23;2025-03-24;2025-03-25;2025-03-26;2025-03-27;2025-03-28;2025-03-29;2025-03-30;2025-03-31;2025-04-01;2025-04-02;2025-04-03;2025-04-04;2025-04-05;2025-04-06;2025-04-07;2025-04-08;2025-04-09;2025-04-10;2025-04-11;2025-04-12;2025-04-13;2025-04-14,2025-04-01;2025-04-02;2025-04-03;2025-04-04;2025-04-05;2025-04-06;2025-04-07;2025-04-08;2025-04-09;2025-04-10;2025-04-11;2025-04-12;2025-04-13;2025-04-14,,2025-04-14,9600.0,10800.0,10800.0,19.237806613357428,23.53794968526873,32.84401933962555,59.7087763002563,63478.43245671368,184.52129511487604,9513.294564887174,37800.54823707245,838.7720277612725,38639.320264833725,37800.54823707245,37800.548199271885,38202.72073700298,1441.1622399620271,lexicographic,3.780054819927189e-05,3.8202720698800265e-05,False,0.12683620000098017,0.0,1,0
2025-04-16,False,calendar_trend,4,1.0,7,1.0,0,calibrated_quantile,2025-03-19;2025-03-20;2025-03-21;2025-03-22;2025-03-23;2025-03-24;2025-03-25;2025-03-26;2025-03-27;2025-03-28;2025-03-29;2025-03-30;2025-03-31;2025-04-01;2025-04-02;2025-04-03;2025-04-04;2025-04-05;2025-04-06;2025-04-07;2025-04-08;2025-04-09;2025-04-10;2025-04-11;2025-04-12;2025-04-13;2025-04-14;2025-04-15,28,6445.499364288709,2025-03-19;2025-03-20;2025-03-21;2025-03-22;2025-03-23;2025-03-24;2025-03-25;2025-03-26;2025-03-27;2025-03-28;2025-03-29;2025-03-30;2025-03-31;2025-04-01;2025-04-02;2025-04-03;2025-04-04;2025-04-05;2025-04-06;2025-04-07;2025-04-08;2025-04-09;2025-04-10;2025-04-11;2025-04-12;2025-04-13;2025-04-14;2025-04-15,2025-04-02;2025-04-03;2025-04-04;2025-04-05;2025-04-06;2025-04-07;2025-04-08;2025-04-09;2025-04-10;2025-04-11;2025-04-12;2025-04-13;2025-04-14;2025-04-15,,2025-04-15,9600.0,10800.0,10800.0,18.441259610415948,22.74409192500074,27.1530139356158,52.160102467504956,62476.91142553455,1047.1440624612524,3897.4108873215046,37293.83098883272,4035.346791502845,41329.177780335565,37293.83098883272,37293.8309515389,36648.23840905525,1425.2584542529944,lexicographic,3.72938309515389e-05,3.664823837240701e-05,False,0.12362020000000484,0.0,1,0
2025-04-17,False,calendar_trend,4,1.0,7,1.0,0,calibrated_quantile,2025-03-20;2025-03-21;2025-03-22;2025-03-23;2025-03-24;2025-03-25;2025-03-26;2025-03-27;2025-03-28;2025-03-29;2025-03-30;2025-03-31;2025-04-01;2025-04-02;2025-04-03;2025-04-04;2025-04-05;2025-04-06;2025-04-07;2025-04-08;2025-04-09;2025-04-10;2025-04-11;2025-04-12;2025-04-13;2025-04-14;2025-04-15;2025-04-16,28,6669.505292232843,2025-03-20;2025-03-21;2025-03-22;2025-03-23;2025-03-24;2025-03-25;2025-03-26;2025-03-27;2025-03-28;2025-03-29;2025-03-30;2025-03-31;2025-04-01;2025-04-02;2025-04-03;2025-04-04;2025-04-05;2025-04-06;2025-04-07;2025-04-08;2025-04-09;2025-04-10;2025-04-11;2025-04-12;2025-04-13;2025-04-14;2025-04-15;2025-04-16,2025-04-03;2025-04-04;2025-04-05;2025-04-06;2025-04-07;2025-04-08;2025-04-09;2025-04-10;2025-04-11;2025-04-12;2025-04-13;2025-04-14;2025-04-15;2025-04-16,,2025-04-16,9600.0,10800.0,10800.0,16.296016572016313,19.97074183071237,17.931063298344352,31.983702330391193,63886.10783460518,140.800774705856,7255.422170636777,37962.644088479356,625.5293737531338,38588.17346223249,37962.644088479356,37962.64405051671,37182.58316052845,1448.6721567423801,lexicographic,3.7962644050516715e-05,3.718258312334588e-05,False,0.1083866000008129,0.0,1,0
2025-04-18,False,calendar_trend,4,1.0,7,1.0,0,calibrated_quantile,2025-03-21;2025-03-22;2025-03-23;2025-03-24;2025-03-25;2025-03-26;2025-03-27;2025-03-28;2025-03-29;2025-03-30;2025-03-31;2025-04-01;2025-04-02;2025-04-03;2025-04-04;2025-04-05;2025-04-06;2025-04-07;2025-04-08;2025-04-09;2025-04-10;2025-04-11;2025-04-12;2025-04-13;2025-04-14;2025-04-15;2025-04-16;2025-04-17,28,6641.528592002278,2025-03-21;2025-03-22;2025-03-23;2025-03-24;2025-03-25;2025-03-26;2025-03-27;2025-03-28;2025-03-29;2025-03-30;2025-03-31;2025-04-01;2025-04-02;2025-04-03;2025-04-04;2025-04-05;2025-04-06;2025-04-07;2025-04-08;2025-04-09;2025-04-10;2025-04-11;2025-04-12;2025-04-13;2025-04-14;2025-04-15;2025-04-16;2025-04-17,2025-04-04;2025-04-05;2025-04-06;2025-04-07;2025-04-08;2025-04-09;2025-04-10;2025-04-11;2025-04-12;2025-04-13;2025-04-14;2025-04-15;2025-04-16;2025-04-17,,2025-04-17,9600.0,10800.0,10800.0,17.156834062400875,21.48835153769531,19.226333956915308,38.04453446043131,30002.764932562437,191.87286679902996,19787.187286686898,14944.055563985043,587.1612710941502,15531.216835079193,14944.055563985043,14944.055549040988,38613.33329530334,1276.5601445186912,lexicographic,1.4944055549040988e-05,3.861333325669001e-05,False,0.12276779999956489,0.0,1,0
2025-04-19,False,calendar_trend,4,1.0,7,1.0,0,calibrated_quantile,2025-03-22;2025-03-23;2025-03-24;2025-03-25;2025-03-26;2025-03-27;2025-03-28;2025-03-29;2025-03-30;2025-03-31;2025-04-01;2025-04-02;2025-04-03;2025-04-04;2025-04-05;2025-04-06;2025-04-07;2025-04-08;2025-04-09;2025-04-10;2025-04-11;2025-04-12;2025-04-13;2025-04-14;2025-04-15;2025-04-16;2025-04-17;2025-04-18,28,6676.568444367467,2025-03-22;2025-03-23;2025-03-24;2025-03-25;2025-03-26;2025-03-27;2025-03-28;2025-03-29;2025-03-30;2025-03-31;2025-04-01;2025-04-02;2025-04-03;2025-04-04;2025-04-05;2025-04-06;2025-04-07;2025-04-08;2025-04-09;2025-04-10;2025-04-11;2025-04-12;2025-04-13;2025-04-14;2025-04-15;2025-04-16;2025-04-17;2025-04-18,2025-04-05;2025-04-06;2025-04-07;2025-04-08;2025-04-09;2025-04-10;2025-04-11;2025-04-12;2025-04-13;2025-04-14;2025-04-15;2025-04-16;2025-04-17;2025-04-18,,2025-04-18,9600.0,10800.0,10800.0,18.882955131075633,23.710772032944302,20.715796836625387,37.65755647917733,29783.140010711697,195.35144651059926,19140.4788777872,14766.324758037501,531.8085228586995,15298.1332808962,14766.324758037503,14766.324743271176,38613.33329619744,1409.1664661513078,lexicographic,1.4766324743271178e-05,3.861333325758412e-05,False,0.13248460000249906,0.0,1,0
2025-04-20,False,calendar_trend,4,1.0,7,1.0,0,calibrated_quantile,2025-03-23;2025-03-24;2025-03-25;2025-03-26;2025-03-27;2025-03-28;2025-03-29;2025-03-30;2025-03-31;2025-04-01;2025-04-02;2025-04-03;2025-04-04;2025-04-05;2025-04-06;2025-04-07;2025-04-08;2025-04-09;2025-04-10;2025-04-11;2025-04-12;2025-04-13;2025-04-14;2025-04-15;2025-04-16;2025-04-17;2025-04-18;2025-04-19,28,6708.835593028018,2025-03-23;2025-03-24;2025-03-25;2025-03-26;2025-03-27;2025-03-28;2025-03-29;2025-03-30;2025-03-31;2025-04-01;2025-04-02;2025-04-03;2025-04-04;2025-04-05;2025-04-06;2025-04-07;2025-04-08;2025-04-09;2025-04-10;2025-04-11;2025-04-12;2025-04-13;2025-04-14;2025-04-15;2025-04-16;2025-04-17;2025-04-18;2025-04-19,2025-04-06;2025-04-07;2025-04-08;2025-04-09;2025-04-10;2025-04-11;2025-04-12;2025-04-13;2025-04-14;2025-04-15;2025-04-16;2025-04-17;2025-04-18;2025-04-19,,2025-04-19,9600.0,10800.0,10800.0,16.184187009416164,21.245722689328545,23.885880772184688,43.146140372033244,62319.80412184564,513.0170771919569,6939.929019068171,36827.65300399295,2284.8510942494504,39112.504098242396,36827.65300399295,36827.6529671653,37487.45582584912,1419.7983581461626,lexicographic,3.68276529671653e-05,3.748745578836167e-05,False,0.11382790000061505,1.975677793170937e-16,1,0
2025-04-21,False,calendar_trend,4,1.0,7,1.0,0,calibrated_quantile,2025-03-24;2025-03-25;2025-03-26;2025-03-27;2025-03-28;2025-03-29;2025-03-30;2025-03-31;2025-04-01;2025-04-02;2025-04-03;2025-04-04;2025-04-05;2025-04-06;2025-04-07;2025-04-08;2025-04-09;2025-04-10;2025-04-11;2025-04-12;2025-04-13;2025-04-14;2025-04-15;2025-04-16;2025-04-17;2025-04-18;2025-04-19;2025-04-20,28,6693.311996016071,2025-03-24;2025-03-25;2025-03-26;2025-03-27;2025-03-28;2025-03-29;2025-03-30;2025-03-31;2025-04-01;2025-04-02;2025-04-03;2025-04-04;2025-04-05;2025-04-06;2025-04-07;2025-04-08;2025-04-09;2025-04-10;2025-04-11;2025-04-12;2025-04-13;2025-04-14;2025-04-15;2025-04-16;2025-04-17;2025-04-18;2025-04-19;2025-04-20,2025-04-07;2025-04-08;2025-04-09;2025-04-10;2025-04-11;2025-04-12;2025-04-13;2025-04-14;2025-04-15;2025-04-16;2025-04-17;2025-04-18;2025-04-19;2025-04-20,,2025-04-20,9600.0,10800.0,10800.0,21.32527108137806,26.67517330099658,32.42522081984866,57.77010802328466,62287.83776145706,352.1405912298367,10153.972991306731,36698.50480070023,1271.5184986412542,37970.02329934149,36698.50480070023,36698.50476400173,37810.85215928841,1429.1428184494853,lexicographic,3.669850476400173e-05,3.781085212147757e-05,False,0.1069106999966607,0.0,1,0
2025-04-22,False,calendar_trend,4,1.0,7,1.0,0,calibrated_quantile,2025-03-25;2025-03-26;2025-03-27;2025-03-28;2025-03-29;2025-03-30;2025-03-31;2025-04-01;2025-04-02;2025-04-03;2025-04-04;2025-04-05;2025-04-06;2025-04-07;2025-04-08;2025-04-09;2025-04-10;2025-04-11;2025-04-12;2025-04-13;2025-04-14;2025-04-15;2025-04-16;2025-04-17;2025-04-18;2025-04-19;2025-04-20;2025-04-21,28,6707.7197273226975,2025-03-25;2025-03-26;2025-03-27;2025-03-28;2025-03-29;2025-03-30;2025-03-31;2025-04-01;2025-04-02;2025-04-03;2025-04-04;2025-04-05;2025-04-06;2025-04-07;2025-04-08;2025-04-09;2025-04-10;2025-04-11;2025-04-12;2025-04-13;2025-04-14;2025-04-15;2025-04-16;2025-04-17;2025-04-18;2025-04-19;2025-04-20;2025-04-21,2025-04-08;2025-04-09;2025-04-10;2025-04-11;2025-04-12;2025-04-13;2025-04-14;2025-04-15;2025-04-16;2025-04-17;2025-04-18;2025-04-19;2025-04-20;2025-04-21,,2025-04-21,9600.0,10800.0,10800.0,19.363051760953233,23.423249104039687,24.68255085977833,41.672464217468395,61510.382020802266,543.2851314352121,6008.535106836784,36475.78880360694,1904.3222577481008,38380.11106135504,36475.78880360694,36475.788767131155,37078.3523105716,1434.7454832559697,lexicographic,3.647578876713116e-05,3.707835227349326e-05,False,0.09326750000036554,0.0,1,0
2025-04-23,False,calendar_trend,4,1.0,7,1.0,0,calibrated_quantile,2025-03-26;2025-03-27;2025-03-28;2025-03-29;2025-03-30;2025-03-31;2025-04-01;2025-04-02;2025-04-03;2025-04-04;2025-04-05;2025-04-06;2025-04-07;2025-04-08;2025-04-09;2025-04-10;2025-04-11;2025-04-12;2025-04-13;2025-04-14;2025-04-15;2025-04-16;2025-04-17;2025-04-18;2025-04-19;2025-04-20;2025-04-21;2025-04-22,28,6668.007268916037,2025-03-26;2025-03-27;2025-03-28;2025-03-29;2025-03-30;2025-03-31;2025-04-01;2025-04-02;2025-04-03;2025-04-04;2025-04-05;2025-04-06;2025-04-07;2025-04-08;2025-04-09;2025-04-10;2025-04-11;2025-04-12;2025-04-13;2025-04-14;2025-04-15;2025-04-16;2025-04-17;2025-04-18;2025-04-19;2025-04-20;2025-04-21;2025-04-22,2025-04-09;2025-04-10;2025-04-11;2025-04-12;2025-04-13;2025-04-14;2025-04-15;2025-04-16;2025-04-17;2025-04-18;2025-04-19;2025-04-20;2025-04-21;2025-04-22,,2025-04-22,9600.0,10800.0,10800.0,18.99224232241069,23.787930664709158,22.624405435017703,40.80866157868044,61507.69085475325,183.2043095831213,6403.386853147788,36341.464828291,669.5534888180433,37011.01831710904,36341.464828291,36341.464791949526,37034.42518991933,1437.3935245357088,lexicographic,3.6341464791949526e-05,3.703442515288491e-05,False,0.11764390000098501,0.0,1,0
2025-04-24,False,calendar_trend,4,1.0,7,1.0,0,calibrated_quantile,2025-03-27;2025-03-28;2025-03-29;2025-03-30;2025-03-31;2025-04-01;2025-04-02;2025-04-03;2025-04-04;2025-04-05;2025-04-06;2025-04-07;2025-04-08;2025-04-09;2025-04-10;2025-04-11;2025-04-12;2025-04-13;2025-04-14;2025-04-15;2025-04-16;2025-04-17;2025-04-18;2025-04-19;2025-04-20;2025-04-21;2025-04-22;2025-04-23,28,6770.491674328871,2025-03-27;2025-03-28;2025-03-29;2025-03-30;2025-03-31;2025-04-01;2025-04-02;2025-04-03;2025-04-04;2025-04-05;2025-04-06;2025-04-07;2025-04-08;2025-04-09;2025-04-10;2025-04-11;2025-04-12;2025-04-13;2025-04-14;2025-04-15;2025-04-16;2025-04-17;2025-04-18;2025-04-19;2025-04-20;2025-04-21;2025-04-22;2025-04-23,2025-04-10;2025-04-11;2025-04-12;2025-04-13;2025-04-14;2025-04-15;2025-04-16;2025-04-17;2025-04-18;2025-04-19;2025-04-20;2025-04-21;2025-04-22;2025-04-23,,2025-04-23,9600.0,10800.0,10800.0,16.90147603858899,21.21793556812541,30.112661769967993,58.11994723977387,61918.58430187691,190.93465735358689,11097.548868776761,36502.02233127729,1010.5112846528082,37512.53361593009,36502.02233127729,36502.02229477527,37360.909140638156,1438.0576088117218,lexicographic,3.650202229477527e-05,3.7360909103277265e-05,False,0.108350700000301,0.0,1,0
2025-04-25,False,calendar_trend,4,1.0,7,1.0,0,calibrated_quantile,2025-03-28;2025-03-29;2025-03-30;2025-03-31;2025-04-01;2025-04-02;2025-04-03;2025-04-04;2025-04-05;2025-04-06;2025-04-07;2025-04-08;2025-04-09;2025-04-10;2025-04-11;2025-04-12;2025-04-13;2025-04-14;2025-04-15;2025-04-16;2025-04-17;2025-04-18;2025-04-19;2025-04-20;2025-04-21;2025-04-22;2025-04-23;2025-04-24,28,6664.7950432548005,2025-03-28;2025-03-29;2025-03-30;2025-03-31;2025-04-01;2025-04-02;2025-04-03;2025-04-04;2025-04-05;2025-04-06;2025-04-07;2025-04-08;2025-04-09;2025-04-10;2025-04-11;2025-04-12;2025-04-13;2025-04-14;2025-04-15;2025-04-16;2025-04-17;2025-04-18;2025-04-19;2025-04-20;2025-04-21;2025-04-22;2025-04-23;2025-04-24,2025-04-11;2025-04-12;2025-04-13;2025-04-14;2025-04-15;2025-04-16;2025-04-17;2025-04-18;2025-04-19;2025-04-20;2025-04-21;2025-04-22;2025-04-23;2025-04-24,,2025-04-24,9600.0,10800.0,10800.0,19.39981781119772,23.651808392351686,22.588948153358917,42.37305210730519,29016.93238640396,105.00810620551096,23068.249512845367,14155.350526925342,441.131080379658,14596.481607305,14155.35052692534,14155.35051276999,38613.33329933167,1296.826590923789,lexicographic,1.415535051276999e-05,3.861333326071835e-05,False,0.1256991999980528,0.0,1,0
2025-04-26,False,calendar_trend,4,1.0,7,1.0,0,calibrated_quantile,2025-03-29;2025-03-30;2025-03-31;2025-04-01;2025-04-02;2025-04-03;2025-04-04;2025-04-05;2025-04-06;2025-04-07;2025-04-08;2025-04-09;2025-04-10;2025-04-11;2025-04-12;2025-04-13;2025-04-14;2025-04-15;2025-04-16;2025-04-17;2025-04-18;2025-04-19;2025-04-20;2025-04-21;2025-04-22;2025-04-23;2025-04-24;2025-04-25,28,6635.871912743227,2025-03-29;2025-03-30;2025-03-31;2025-04-01;2025-04-02;2025-04-03;2025-04-04;2025-04-05;2025-04-06;2025-04-07;2025-04-08;2025-04-09;2025-04-10;2025-04-11;2025-04-12;2025-04-13;2025-04-14;2025-04-15;2025-04-16;2025-04-17;2025-04-18;2025-04-19;2025-04-20;2025-04-21;2025-04-22;2025-04-23;2025-04-24;2025-04-25,2025-04-12;2025-04-13;2025-04-14;2025-04-15;2025-04-16;2025-04-17;2025-04-18;2025-04-19;2025-04-20;2025-04-21;2025-04-22;2025-04-23;2025-04-24;2025-04-25,,2025-04-25,9600.0,10800.0,10800.0,19.454341382045644,24.16005903352967,45.38859394822579,81.82448683972343,28936.379345306188,375.63998718427155,25188.492369386186,14132.901466031983,1408.8140945891319,15541.715560621114,14132.901466031983,14132.90145189908,38613.33329939686,1434.894007167546,lexicographic,1.4132901451899082e-05,3.861333326078354e-05,False,0.12207320000015898,0.0,1,0
2025-04-27,False,calendar_trend,4,1.0,7,1.0,0,calibrated_quantile,2025-03-30;2025-03-31;2025-04-01;2025-04-02;2025-04-03;2025-04-04;2025-04-05;2025-04-06;2025-04-07;2025-04-08;2025-04-09;2025-04-10;2025-04-11;2025-04-12;2025-04-13;2025-04-14;2025-04-15;2025-04-16;2025-04-17;2025-04-18;2025-04-19;2025-04-20;2025-04-21;2025-04-22;2025-04-23;2025-04-24;2025-04-25;2025-04-26,28,6750.285436434391,2025-03-30;2025-03-31;2025-04-01;2025-04-02;2025-04-03;2025-04-04;2025-04-05;2025-04-06;2025-04-07;2025-04-08;2025-04-09;2025-04-10;2025-04-11;2025-04-12;2025-04-13;2025-04-14;2025-04-15;2025-04-16;2025-04-17;2025-04-18;2025-04-19;2025-04-20;2025-04-21;2025-04-22;2025-04-23;2025-04-24;2025-04-25;2025-04-26,2025-04-13;2025-04-14;2025-04-15;2025-04-16;2025-04-17;2025-04-18;2025-04-19;2025-04-20;2025-04-21;2025-04-22;2025-04-23;2025-04-24;2025-04-25;2025-04-26,,2025-04-26,9600.0,10800.0,10800.0,21.222224713639,26.959458513730095,24.31818027894309,42.12692432691019,57839.23646410513,993.3872256041165,6492.175320904684,34248.18551583024,4199.286578458898,38447.47209428914,34248.18551583024,34248.18548158205,35885.41424054178,1434.4533118007141,lexicographic,3.4248185481582053e-05,3.588541420465637e-05,False,0.13838630000100238,0.0,1,0
2025-04-28,False,calendar_trend,4,1.0,7,1.0,0,calibrated_quantile,2025-03-31;2025-04-01;2025-04-02;2025-04-03;2025-04-04;2025-04-05;2025-04-06;2025-04-07;2025-04-08;2025-04-09;2025-04-10;2025-04-11;2025-04-12;2025-04-13;2025-04-14;2025-04-15;2025-04-16;2025-04-17;2025-04-18;2025-04-19;2025-04-20;2025-04-21;2025-04-22;2025-04-23;2025-04-24;2025-04-25;2025-04-26;2025-04-27,28,6863.395203553888,2025-03-31;2025-04-01;2025-04-02;2025-04-03;2025-04-04;2025-04-05;2025-04-06;2025-04-07;2025-04-08;2025-04-09;2025-04-10;2025-04-11;2025-04-12;2025-04-13;2025-04-14;2025-04-15;2025-04-16;2025-04-17;2025-04-18;2025-04-19;2025-04-20;2025-04-21;2025-04-22;2025-04-23;2025-04-24;2025-04-25;2025-04-26;2025-04-27,2025-04-14;2025-04-15;2025-04-16;2025-04-17;2025-04-18;2025-04-19;2025-04-20;2025-04-21;2025-04-22;2025-04-23;2025-04-24;2025-04-25;2025-04-26;2025-04-27,,2025-04-27,9600.0,10800.0,10800.0,18.972641532826337,23.512904702144905,63.16439201503681,113.40320114691397,58460.835707544684,4838.074053363262,2878.6203357627387,34797.7260865054,17800.8674178648,52598.5935043702,34797.7260865054,34797.72605170767,36184.015875506164,1435.817581843683,lexicographic,3.4797726051707673e-05,3.618401587550648e-05,False,0.15702980000060052,0.0,1,0
2025-04-29,False,calendar_trend,4,1.0,7,1.0,0,calibrated_quantile,2025-04-01;2025-04-02;2025-04-03;2025-04-04;2025-04-05;2025-04-06;2025-04-07;2025-04-08;2025-04-09;2025-04-10;2025-04-11;2025-04-12;2025-04-13;2025-04-14;2025-04-15;2025-04-16;2025-04-17;2025-04-18;2025-04-19;2025-04-20;2025-04-21;2025-04-22;2025-04-23;2025-04-24;2025-04-25;2025-04-26;2025-04-27;2025-04-28,28,7292.077909158044,2025-04-01;2025-04-02;2025-04-03;2025-04-04;2025-04-05;2025-04-06;2025-04-07;2025-04-08;2025-04-09;2025-04-10;2025-04-11;2025-04-12;2025-04-13;2025-04-14;2025-04-15;2025-04-16;2025-04-17;2025-04-18;2025-04-19;2025-04-20;2025-04-21;2025-04-22;2025-04-23;2025-04-24;2025-04-25;2025-04-26;2025-04-27;2025-04-28,2025-04-15;2025-04-16;2025-04-17;2025-04-18;2025-04-19;2025-04-20;2025-04-21;2025-04-22;2025-04-23;2025-04-24;2025-04-25;2025-04-26;2025-04-27;2025-04-28,,2025-04-28,9600.0,10800.0,10800.0,16.63713821151829,20.836032756781023,31.719635751613005,53.2339105497971,60495.61790647658,425.61680894829266,9745.208317684464,35967.07837311849,1695.3639578645093,37662.442330983,35967.07837311849,35967.07833715142,35655.215540755205,1455.3321473970645,lexicographic,3.596707833715142e-05,3.565521550509999e-05,False,0.10247879999951692,0.0,1,0
2025-04-30,False,calendar_trend,4,1.0,7,1.0,0,calibrated_quantile,2025-04-02;2025-04-03;2025-04-04;2025-04-05;2025-04-06;2025-04-07;2025-04-08;2025-04-09;2025-04-10;2025-04-11;2025-04-12;2025-04-13;2025-04-14;2025-04-15;2025-04-16;2025-04-17;2025-04-18;2025-04-19;2025-04-20;2025-04-21;2025-04-22;2025-04-23;2025-04-24;2025-04-25;2025-04-26;2025-04-27;2025-04-28;2025-04-29,28,7020.787578199032,2025-04-02;2025-04-03;2025-04-04;2025-04-05;2025-04-06;2025-04-07;2025-04-08;2025-04-09;2025-04-10;2025-04-11;2025-04-12;2025-04-13;2025-04-14;2025-04-15;2025-04-16;2025-04-17;2025-04-18;2025-04-19;2025-04-20;2025-04-21;2025-04-22;2025-04-23;2025-04-24;2025-04-25;2025-04-26;2025-04-27;2025-04-28;2025-04-29,2025-04-16;2025-04-17;2025-04-18;2025-04-19;2025-04-20;2025-04-21;2025-04-22;2025-04-23;2025-04-24;2025-04-25;2025-04-26;2025-04-27;2025-04-28;2025-04-29,,2025-04-29,9600.0,10800.0,10800.0,19.79552687081828,24.323773303337088,36.66674771984765,60.91487235983605,59563.2999563325,884.2848514855903,8507.299831639195,35531.99308301282,3025.803439155423,38557.796522168246,35531.993083012814,35531.99304748081,35089.52253973941,1432.7157563312153,lexicographic,3.553199304748082e-05,3.508952250464991e-05,False,0.12161829999968177,0.0,1,0
2025-05-01,False,calendar_trend,4,1.0,7,1.0,0,calibrated_quantile,2025-04-03;2025-04-04;2025-04-05;2025-04-06;2025-04-07;2025-04-08;2025-04-09;2025-04-10;2025-04-11;2025-04-12;2025-04-13;2025-04-14;2025-04-15;2025-04-16;2025-04-17;2025-04-18;2025-04-19;2025-04-20;2025-04-21;2025-04-22;2025-04-23;2025-04-24;2025-04-25;2025-04-26;2025-04-27;2025-04-28;2025-04-29;2025-04-30,28,6755.070902722217,2025-04-03;2025-04-04;2025-04-05;2025-04-06;2025-04-07;2025-04-08;2025-04-09;2025-04-10;2025-04-11;2025-04-12;2025-04-13;2025-04-14;2025-04-15;2025-04-16;2025-04-17;2025-04-18;2025-04-19;2025-04-20;2025-04-21;2025-04-22;2025-04-23;2025-04-24;2025-04-25;2025-04-26;2025-04-27;2025-04-28;2025-04-29;2025-04-30,2025-04-17;2025-04-18;2025-04-19;2025-04-20;2025-04-21;2025-04-22;2025-04-23;2025-04-24;2025-04-25;2025-04-26;2025-04-27;2025-04-28;2025-04-29;2025-04-30,,2025-04-30,9600.0,10800.0,10800.0,34.97624236280891,46.86796062701144,25.13285605223588,42.61576644318834,58942.64881305683,2426.102838641024,6690.172828726481,35193.62143936108,11431.659614267039,46625.28105362812,35193.62143936107,35193.62140416745,34934.90548199055,1442.7046216587237,lexicographic,3.519362140416745e-05,3.4934905447055645e-05,False,0.13725029999841354,0.0,1,0
2025-05-02,False,calendar_trend,4,1.0,7,1.0,0,calibrated_quantile,2025-04-04;2025-04-05;2025-04-06;2025-04-07;2025-04-08;2025-04-09;2025-04-10;2025-04-11;2025-04-12;2025-04-13;2025-04-14;2025-04-15;2025-04-16;2025-04-17;2025-04-18;2025-04-19;2025-04-20;2025-04-21;2025-04-22;2025-04-23;2025-04-24;2025-04-25;2025-04-26;2025-04-27;2025-04-28;2025-04-29;2025-04-30;2025-05-01,28,6976.86974541848,2025-04-04;2025-04-05;2025-04-06;2025-04-07;2025-04-08;2025-04-09;2025-04-10;2025-04-11;2025-04-12;2025-04-13;2025-04-14;2025-04-15;2025-04-16;2025-04-17;2025-04-18;2025-04-19;2025-04-20;2025-04-21;2025-04-22;2025-04-23;2025-04-24;2025-04-25;2025-04-26;2025-04-27;2025-04-28;2025-04-29;2025-04-30;2025-05-01,2025-04-18;2025-04-19;2025-04-20;2025-04-21;2025-04-22;2025-04-23;2025-04-24;2025-04-25;2025-04-26;2025-04-27;2025-04-28;2025-04-29;2025-04-30;2025-05-01,,2025-05-01,9600.0,10800.0,10800.0,28.141391205595465,36.37852090142164,60.410933142462824,96.16606306054521,29428.933489501942,3522.2306369224316,14607.510713610496,14671.818395424572,15265.732488871905,29937.550884296477,14671.81839542457,14671.818380752753,38613.33329663043,1285.0425582012485,lexicographic,1.4671818380752753e-05,3.86133332580171e-05,False,0.10887870000078692,0.0,1,0
2025-05-03,False,calendar_trend,4,1.0,7,1.0,0,calibrated_quantile,2025-04-05;2025-04-06;2025-04-07;2025-04-08;2025-04-09;2025-04-10;2025-04-11;2025-04-12;2025-04-13;2025-04-14;2025-04-15;2025-04-16;2025-04-17;2025-04-18;2025-04-19;2025-04-20;2025-04-21;2025-04-22;2025-04-23;2025-04-24;2025-04-25;2025-04-26;2025-04-27;2025-04-28;2025-04-29;2025-04-30;2025-05-01;2025-05-02,28,7830.579082014588,2025-04-05;2025-04-06;2025-04-07;2025-04-08;2025-04-09;2025-04-10;2025-04-11;2025-04-12;2025-04-13;2025-04-14;2025-04-15;2025-04-16;2025-04-17;2025-04-18;2025-04-19;2025-04-20;2025-04-21;2025-04-22;2025-04-23;2025-04-24;2025-04-25;2025-04-26;2025-04-27;2025-04-28;2025-04-29;2025-04-30;2025-05-01;2025-05-02,2025-04-19;2025-04-20;2025-04-21;2025-04-22;2025-04-23;2025-04-24;2025-04-25;2025-04-26;2025-04-27;2025-04-28;2025-04-29;2025-04-30;2025-05-01;2025-05-02,,2025-05-02,9600.0,10800.0,10800.0,25.405817762658135,34.12864439765468,18.944284999202846,33.49136702978204,30582.562551805735,816.49550309646,18478.55307592246,15601.172968408795,4251.16933054876,19852.342298957556,15601.172968408791,15601.17295280762,38613.33329185967,1465.959874150254,lexicographic,1.560117295280762e-05,3.8613333253246346e-05,False,0.12333839999701013,0.0,1,0
2025-05-04,False,calendar_trend,4,1.0,7,1.0,0,calibrated_quantile,2025-04-06;2025-04-07;2025-04-08;2025-04-09;2025-04-10;2025-04-11;2025-04-12;2025-04-13;2025-04-14;2025-04-15;2025-04-16;2025-04-17;2025-04-18;2025-04-19;2025-04-20;2025-04-21;2025-04-22;2025-04-23;2025-04-24;2025-04-25;2025-04-26;2025-04-27;2025-04-28;2025-04-29;2025-04-30;2025-05-01;2025-05-02;2025-05-03,28,7845.513005182549,2025-04-06;2025-04-07;2025-04-08;2025-04-09;2025-04-10;2025-04-11;2025-04-12;2025-04-13;2025-04-14;2025-04-15;2025-04-16;2025-04-17;2025-04-18;2025-04-19;2025-04-20;2025-04-21;2025-04-22;2025-04-23;2025-04-24;2025-04-25;2025-04-26;2025-04-27;2025-04-28;2025-04-29;2025-04-30;2025-05-01;2025-05-02;2025-05-03,2025-04-20;2025-04-21;2025-04-22;2025-04-23;2025-04-24;2025-04-25;2025-04-26;2025-04-27;2025-04-28;2025-04-29;2025-04-30;2025-05-01;2025-05-02;2025-05-03,,2025-05-03,9600.0,10800.0,10800.0,25.811560528971327,31.4693643568667,31.505827627686912,50.105460194367865,64594.926346074,446.41999876599584,9534.809146415057,39403.17213066971,1552.360117994345,40955.53224866405,39403.17213066971,39403.172091266526,35932.02345166207,1473.832938643463,lexicographic,3.9403172091266525e-05,3.593202341573005e-05,False,0.1249089000011736,0.0,1,0
2025-05-05,False,calendar_trend,4,1.0,7,1.0,0,calibrated_quantile,2025-04-07;2025-04-08;2025-04-09;2025-04-10;2025-04-11;2025-04-12;2025-04-13;2025-04-14;2025-04-15;2025-04-16;2025-04-17;2025-04-18;2025-04-19;2025-04-20;2025-04-21;2025-04-22;2025-04-23;2025-04-24;2025-04-25;2025-04-26;2025-04-27;2025-04-28;2025-04-29;2025-04-30;2025-05-01;2025-05-02;2025-05-03;2025-05-04,28,7930.290855338017,2025-04-07;2025-04-08;2025-04-09;2025-04-10;2025-04-11;2025-04-12;2025-04-13;2025-04-14;2025-04-15;2025-04-16;2025-04-17;2025-04-18;2025-04-19;2025-04-20;2025-04-21;2025-04-22;2025-04-23;2025-04-24;2025-04-25;2025-04-26;2025-04-27;2025-04-28;2025-04-29;2025-04-30;2025-05-01;2025-05-02;2025-05-03;2025-05-04,2025-04-21;2025-04-22;2025-04-23;2025-04-24;2025-04-25;2025-04-26;2025-04-27;2025-04-28;2025-04-29;2025-04-30;2025-05-01;2025-05-02;2025-05-03;2025-05-04,,2025-05-04,9600.0,10800.0,10800.0,23.346004123773533,29.61717310705466,33.56792051677462,54.42257510695648,66023.16103545061,948.4515844227327,8182.552550720257,40370.932832441336,3884.3275984073885,44255.26043084873,40370.932832441336,40370.9327920704,35371.71798509,1493.6889566005286,lexicographic,4.0370932792070407e-05,3.537171794971829e-05,False,0.15308680000089225,1.8022763188698376e-16,1,0
2025-05-06,False,calendar_trend,4,1.0,7,1.0,0,calibrated_quantile,2025-04-08;2025-04-09;2025-04-10;2025-04-11;2025-04-12;2025-04-13;2025-04-14;2025-04-15;2025-04-16;2025-04-17;2025-04-18;2025-04-19;2025-04-20;2025-04-21;2025-04-22;2025-04-23;2025-04-24;2025-04-25;2025-04-26;2025-04-27;2025-04-28;2025-04-29;2025-04-30;2025-05-01;2025-05-02;2025-05-03;2025-05-04;2025-05-05,28,8051.466159592746,2025-04-08;2025-04-09;2025-04-10;2025-04-11;2025-04-12;2025-04-13;2025-04-14;2025-04-15;2025-04-16;2025-04-17;2025-04-18;2025-04-19;2025-04-20;2025-04-21;2025-04-22;2025-04-23;2025-04-24;2025-04-25;2025-04-26;2025-04-27;2025-04-28;2025-04-29;2025-04-30;2025-05-01;2025-05-02;2025-05-03;2025-05-04;2025-05-05,2025-04-22;2025-04-23;2025-04-24;2025-04-25;2025-04-26;2025-04-27;2025-04-28;2025-04-29;2025-04-30;2025-05-01;2025-05-02;2025-05-03;2025-05-04;2025-05-05,,2025-05-05,9600.0,10800.0,10800.0,24.107518250992467,30.309876547681277,34.846962850465474,61.631520190039154,66526.74812292363,696.6868577705999,10542.105570717842,40877.75189282669,2672.908138270963,43550.66003109765,40877.75189282669,40877.75185194895,36307.14288626636,1489.7558616713964,lexicographic,4.087775185194895e-05,3.630714284995923e-05,False,0.12693769999896176,0.0,1,0
2025-05-07,False,calendar_trend,4,1.0,7,1.0,0,calibrated_quantile,2025-04-09;2025-04-10;2025-04-11;2025-04-12;2025-04-13;2025-04-14;2025-04-15;2025-04-16;2025-04-17;2025-04-18;2025-04-19;2025-04-20;2025-04-21;2025-04-22;2025-04-23;2025-04-24;2025-04-25;2025-04-26;2025-04-27;2025-04-28;2025-04-29;2025-04-30;2025-05-01;2025-05-02;2025-05-03;2025-05-04;2025-05-05;2025-05-06,28,8114.478682693563,2025-04-09;2025-04-10;2025-04-11;2025-04-12;2025-04-13;2025-04-14;2025-04-15;2025-04-16;2025-04-17;2025-04-18;2025-04-19;2025-04-20;2025-04-21;2025-04-22;2025-04-23;2025-04-24;2025-04-25;2025-04-26;2025-04-27;2025-04-28;2025-04-29;2025-04-30;2025-05-01;2025-05-02;2025-05-03;2025-05-04;2025-05-05;2025-05-06,2025-04-23;2025-04-24;2025-04-25;2025-04-26;2025-04-27;2025-04-28;2025-04-29;2025-04-30;2025-05-01;2025-05-02;2025-05-03;2025-05-04;2025-05-05;2025-05-06,,2025-05-06,9600.0,10800.0,10800.0,21.629095568549015,27.215427872905767,16.46242491893746,30.85248452598107,67512.18407170272,121.41783656085946,8656.604658832528,41334.74570247419,448.83433100497854,41783.580033479164,41334.74570247419,41334.745661139445,37239.80974721163,1515.7706950978038,lexicographic,4.133474566113945e-05,3.723980970997183e-05,False,0.15142529999866383,0.0,1,0
2025-05-08,False,calendar_trend,4,1.0,7,1.0,0,calibrated_quantile,2025-04-10;2025-04-11;2025-04-12;2025-04-13;2025-04-14;2025-04-15;2025-04-16;2025-04-17;2025-04-18;2025-04-19;2025-04-20;2025-04-21;2025-04-22;2025-04-23;2025-04-24;2025-04-25;2025-04-26;2025-04-27;2025-04-28;2025-04-29;2025-04-30;2025-05-01;2025-05-02;2025-05-03;2025-05-04;2025-05-05;2025-05-06;2025-05-07,28,7909.306953501342,2025-04-10;2025-04-11;2025-04-12;2025-04-13;2025-04-14;2025-04-15;2025-04-16;2025-04-17;2025-04-18;2025-04-19;2025-04-20;2025-04-21;2025-04-22;2025-04-23;2025-04-24;2025-04-25;2025-04-26;2025-04-27;2025-04-28;2025-04-29;2025-04-30;2025-05-01;2025-05-02;2025-05-03;2025-05-04;2025-05-05;2025-05-06;2025-05-07,2025-04-24;2025-04-25;2025-04-26;2025-04-27;2025-04-28;2025-04-29;2025-04-30;2025-05-01;2025-05-02;2025-05-03;2025-05-04;2025-05-05;2025-05-06;2025-05-07,,2025-05-07,9600.0,10800.0,10800.0,27.741619085513616,38.07760532885485,27.097640822204408,46.539747717164914,68603.64418069596,453.65892584800866,9216.653289912745,42549.170596304015,1775.0355832830114,44324.206179587025,42549.170596304015,42549.17055375486,38239.940653171085,1522.040352091089,lexicographic,4.2549170553754864e-05,3.823994061493115e-05,False,0.11862979999932577,0.0,1,0
2025-05-09,False,calendar_trend,4,1.0,7,1.0,0,calibrated_quantile,2025-04-11;2025-04-12;2025-04-13;2025-04-14;2025-04-15;2025-04-16;2025-04-17;2025-04-18;2025-04-19;2025-04-20;2025-04-21;2025-04-22;2025-04-23;2025-04-24;2025-04-25;2025-04-26;2025-04-27;2025-04-28;2025-04-29;2025-04-30;2025-05-01;2025-05-02;2025-05-03;2025-05-04;2025-05-05;2025-05-06;2025-05-07;2025-05-08,28,7953.383083512662,2025-04-11;2025-04-12;2025-04-13;2025-04-14;2025-04-15;2025-04-16;2025-04-17;2025-04-18;2025-04-19;2025-04-20;2025-04-21;2025-04-22;2025-04-23;2025-04-24;2025-04-25;2025-04-26;2025-04-27;2025-04-28;2025-04-29;2025-04-30;2025-05-01;2025-05-02;2025-05-03;2025-05-04;2025-05-05;2025-05-06;2025-05-07;2025-05-08,2025-04-25;2025-04-26;2025-04-27;2025-04-28;2025-04-29;2025-04-30;2025-05-01;2025-05-02;2025-05-03;2025-05-04;2025-05-05;2025-05-06;2025-05-07;2025-05-08,,2025-05-08,9600.0,10800.0,10800.0,21.058629097304635,27.58613298476539,19.68362127149786,37.82536483640738,32692.224225715978,98.0554884586532,20237.5605308413,17428.802049375303,278.3267214973088,17707.128770872612,17428.802049375307,17428.8020319465,38613.33333333333,1353.0359582319247,lexicographic,1.7428802031946502e-05,3.861333333333333e-05,False,0.14202040000236593,0.0,1,0
2025-05-10,False,calendar_trend,4,1.0,7,1.0,0,calibrated_quantile,2025-04-12;2025-04-13;2025-04-14;2025-04-15;2025-04-16;2025-04-17;2025-04-18;2025-04-19;2025-04-20;2025-04-21;2025-04-22;2025-04-23;2025-04-24;2025-04-25;2025-04-26;2025-04-27;2025-04-28;2025-04-29;2025-04-30;2025-05-01;2025-05-02;2025-05-03;2025-05-04;2025-05-05;2025-05-06;2025-05-07;2025-05-08;2025-05-09,28,7996.853941095979,2025-04-12;2025-04-13;2025-04-14;2025-04-15;2025-04-16;2025-04-17;2025-04-18;2025-04-19;2025-04-20;2025-04-21;2025-04-22;2025-04-23;2025-04-24;2025-04-25;2025-04-26;2025-04-27;2025-04-28;2025-04-29;2025-04-30;2025-05-01;2025-05-02;2025-05-03;2025-05-04;2025-05-05;2025-05-06;2025-05-07;2025-05-08;2025-05-09,2025-04-26;2025-04-27;2025-04-28;2025-04-29;2025-04-30;2025-05-01;2025-05-02;2025-05-03;2025-05-04;2025-05-05;2025-05-06;2025-05-07;2025-05-08;2025-05-09,,2025-05-09,9600.0,10800.0,10800.0,22.066732380711986,26.224549553739873,29.019519571268102,53.48116514881389,32579.941139530187,441.3429391013472,16846.905461964867,17382.580756306572,1856.9613655355934,19239.542121842165,17382.580756306572,17382.580738923993,38613.33333333333,1467.2716511522121,lexicographic,1.7382580738923995e-05,3.861333333333333e-05,False,0.15250580000065384,0.0,1,0
2025-05-11,False,calendar_trend,4,1.0,7,1.0,0,calibrated_quantile,2025-04-13;2025-04-14;2025-04-15;2025-04-16;2025-04-17;2025-04-18;2025-04-19;2025-04-20;2025-04-21;2025-04-22;2025-04-23;2025-04-24;2025-04-25;2025-04-26;2025-04-27;2025-04-28;2025-04-29;2025-04-30;2025-05-01;2025-05-02;2025-05-03;2025-05-04;2025-05-05;2025-05-06;2025-05-07;2025-05-08;2025-05-09;2025-05-10,28,8084.149346577449,2025-04-13;2025-04-14;2025-04-15;2025-04-16;2025-04-17;2025-04-18;2025-04-19;2025-04-20;2025-04-21;2025-04-22;2025-04-23;2025-04-24;2025-04-25;2025-04-26;2025-04-27;2025-04-28;2025-04-29;2025-04-30;2025-05-01;2025-05-02;2025-05-03;2025-05-04;2025-05-05;2025-05-06;2025-05-07;2025-05-08;2025-05-09;2025-05-10,2025-04-27;2025-04-28;2025-04-29;2025-04-30;2025-05-01;2025-05-02;2025-05-03;2025-05-04;2025-05-05;2025-05-06;2025-05-07;2025-05-08;2025-05-09;2025-05-10,,2025-05-10,9600.0,10800.0,10800.0,26.962148727972416,35.530450907162624,25.393950161613343,41.202544974251126,68888.2222455118,221.6682320890376,9572.879361442052,42359.042007447075,616.7227693399363,42975.76477678701,42359.04200744707,42359.041965088036,38609.51041796902,1539.3083185293424,lexicographic,4.235904196508804e-05,3.860951037935951e-05,False,0.1493034000013722,0.0,1,0
2025-05-12,False,calendar_trend,4,1.0,7,1.0,0,calibrated_quantile,2025-04-14;2025-04-15;2025-04-16;2025-04-17;2025-04-18;2025-04-19;2025-04-20;2025-04-21;2025-04-22;2025-04-23;2025-04-24;2025-04-25;2025-04-26;2025-04-27;2025-04-28;2025-04-29;2025-04-30;2025-05-01;2025-05-02;2025-05-03;2025-05-04;2025-05-05;2025-05-06;2025-05-07;2025-05-08;2025-05-09;2025-05-10;2025-05-11,28,8133.237607987456,2025-04-14;2025-04-15;2025-04-16;2025-04-17;2025-04-18;2025-04-19;2025-04-20;2025-04-21;2025-04-22;2025-04-23;2025-04-24;2025-04-25;2025-04-26;2025-04-27;2025-04-28;2025-04-29;2025-04-30;2025-05-01;2025-05-02;2025-05-03;2025-05-04;2025-05-05;2025-05-06;2025-05-07;2025-05-08;2025-05-09;2025-05-10;2025-05-11,2025-04-28;2025-04-29;2025-04-30;2025-05-01;2025-05-02;2025-05-03;2025-05-04;2025-05-05;2025-05-06;2025-05-07;2025-05-08;2025-05-09;2025-05-10;2025-05-11,,2025-05-11,9600.0,10800.0,10800.0,29.006626767402516,37.99467972453063,49.2814653639636,83.96289584572547,69755.3722237859,577.2310755557869,14335.921291642117,42851.090989116754,1447.7131161140014,44298.80410523075,42851.090989116754,42851.09094626567,38729.110850541576,1524.591971952531,lexicographic,4.2851090946265676e-05,3.872911081181247e-05,False,0.13415570000142907,1.6979632148239393e-16,1,0
2025-05-13,False,calendar_trend,4,1.0,7,1.0,0,calibrated_quantile,2025-04-15;2025-04-16;2025-04-17;2025-04-18;2025-04-19;2025-04-20;2025-04-21;2025-04-22;2025-04-23;2025-04-24;2025-04-25;2025-04-26;2025-04-27;2025-04-28;2025-04-29;2025-04-30;2025-05-01;2025-05-02;2025-05-03;2025-05-04;2025-05-05;2025-05-06;2025-05-07;2025-05-08;2025-05-09;2025-05-10;2025-05-11;2025-05-12,28,8183.277928570493,2025-04-15;2025-04-16;2025-04-17;2025-04-18;2025-04-19;2025-04-20;2025-04-21;2025-04-22;2025-04-23;2025-04-24;2025-04-25;2025-04-26;2025-04-27;2025-04-28;2025-04-29;2025-04-30;2025-05-01;2025-05-02;2025-05-03;2025-05-04;2025-05-05;2025-05-06;2025-05-07;2025-05-08;2025-05-09;2025-05-10;2025-05-11;2025-05-12,2025-04-29;2025-04-30;2025-05-01;2025-05-02;2025-05-03;2025-05-04;2025-05-05;2025-05-06;2025-05-07;2025-05-08;2025-05-09;2025-05-10;2025-05-11;2025-05-12,,2025-05-12,9600.0,10800.0,10800.0,27.851927899524284,36.185881564368366,17.77015351923565,29.046051721747084,68991.65474546739,86.62150964528846,11975.76810210627,42263.825172138684,251.8093610059917,42515.63453314468,42263.82517213869,42263.82512987486,37850.86657513123,1534.884618552478,lexicographic,4.226382512987486e-05,3.785086653728037e-05,False,0.13150420000238228,0.0,1,0
2025-05-14,False,calendar_trend,4,1.0,7,1.0,0,calibrated_quantile,2025-04-16;2025-04-17;2025-04-18;2025-04-19;2025-04-20;2025-04-21;2025-04-22;2025-04-23;2025-04-24;2025-04-25;2025-04-26;2025-04-27;2025-04-28;2025-04-29;2025-04-30;2025-05-01;2025-05-02;2025-05-03;2025-05-04;2025-05-05;2025-05-06;2025-05-07;2025-05-08;2025-05-09;2025-05-10;2025-05-11;2025-05-12;2025-05-13,28,8112.422586813683,2025-04-16;2025-04-17;2025-04-18;2025-04-19;2025-04-20;2025-04-21;2025-04-22;2025-04-23;2025-04-24;2025-04-25;2025-04-26;2025-04-27;2025-04-28;2025-04-29;2025-04-30;2025-05-01;2025-05-02;2025-05-03;2025-05-04;2025-05-05;2025-05-06;2025-05-07;2025-05-08;2025-05-09;2025-05-10;2025-05-11;2025-05-12;2025-05-13,2025-04-30;2025-05-01;2025-05-02;2025-05-03;2025-05-04;2025-05-05;2025-05-06;2025-05-07;2025-05-08;2025-05-09;2025-05-10;2025-05-11;2025-05-12;2025-05-13,,2025-05-13,9600.0,10800.0,10800.0,22.489263262430374,30.54888715235809,23.19077046028068,42.19321779878606,68370.29291287593,176.9960915061393,11595.088514233516,41754.64570862398,509.3370370128055,42263.982745636786,41754.64570862398,41754.64566686932,37515.12415439761,1504.6969716171902,lexicographic,4.175464566686932e-05,3.7515124116882485e-05,False,0.12436620000153198,1.7425504391135605e-16,1,0
2025-05-15,False,calendar_trend,4,1.0,7,1.0,0,calibrated_quantile,2025-04-17;2025-04-18;2025-04-19;2025-04-20;2025-04-21;2025-04-22;2025-04-23;2025-04-24;2025-04-25;2025-04-26;2025-04-27;2025-04-28;2025-04-29;2025-04-30;2025-05-01;2025-05-02;2025-05-03;2025-05-04;2025-05-05;2025-05-06;2025-05-07;2025-05-08;2025-05-09;2025-05-10;2025-05-11;2025-05-12;2025-05-13;2025-05-14,28,7961.2022893908525,2025-04-17;2025-04-18;2025-04-19;2025-04-20;2025-04-21;2025-04-22;2025-04-23;2025-04-24;2025-04-25;2025-04-26;2025-04-27;2025-04-28;2025-04-29;2025-04-30;2025-05-01;2025-05-02;2025-05-03;2025-05-04;2025-05-05;2025-05-06;2025-05-07;2025-05-08;2025-05-09;2025-05-10;2025-05-11;2025-05-12;2025-05-13;2025-05-14,2025-05-01;2025-05-02;2025-05-03;2025-05-04;2025-05-05;2025-05-06;2025-05-07;2025-05-08;2025-05-09;2025-05-10;2025-05-11;2025-05-12;2025-05-13;2025-05-14,,2025-05-14,9600.0,10800.0,10800.0,28.4417928624056,39.337038469069626,26.78695994578652,47.552038300467906,67332.8312792602,303.2314107774347,11030.345369960429,41423.39746180873,1178.03868582716,42601.43614763589,41423.39746180874,41423.397420385336,36587.33082371787,1502.1032465808182,lexicographic,4.142339742038534e-05,3.6587330787130537e-05,False,0.14233819999935804,0.0,1,0
2025-05-16,False,calendar_trend,4,1.0,7,1.0,0,calibrated_quantile,2025-04-18;2025-04-19;2025-04-20;2025-04-21;2025-04-22;2025-04-23;2025-04-24;2025-04-25;2025-04-26;2025-04-27;2025-04-28;2025-04-29;2025-04-30;2025-05-01;2025-05-02;2025-05-03;2025-05-04;2025-05-05;2025-05-06;2025-05-07;2025-05-08;2025-05-09;2025-05-10;2025-05-11;2025-05-12;2025-05-13;2025-05-14;2025-05-15,28,8039.029128069238,2025-04-18;2025-04-19;2025-04-20;2025-04-21;2025-04-22;2025-04-23;2025-04-24;2025-04-25;2025-04-26;2025-04-27;2025-04-28;2025-04-29;2025-04-30;2025-05-01;2025-05-02;2025-05-03;2025-05-04;2025-05-05;2025-05-06;2025-05-07;2025-05-08;2025-05-09;2025-05-10;2025-05-11;2025-05-12;2025-05-13;2025-05-14;2025-05-15,2025-05-02;2025-05-03;2025-05-04;2025-05-05;2025-05-06;2025-05-07;2025-05-08;2025-05-09;2025-05-10;2025-05-11;2025-05-12;2025-05-13;2025-05-14;2025-05-15,,2025-05-15,9600.0,10800.0,10800.0,21.891990337974292,28.067364045902856,35.554424267517845,62.41258961465017,31255.550193621362,213.50154845295168,24700.211880211027,16435.86924755839,676.638869176751,17112.508116735138,16435.869247558392,16435.869231122524,38613.333287574846,1327.335632899079,lexicographic,1.6435869231122526e-05,3.8613333248961525e-05,False,0.122869200000423,0.0,1,0
2025-05-17,False,calendar_trend,4,1.0,7,1.0,0,calibrated_quantile,2025-04-19;2025-04-20;2025-04-21;2025-04-22;2025-04-23;2025-04-24;2025-04-25;2025-04-26;2025-04-27;2025-04-28;2025-04-29;2025-04-30;2025-05-01;2025-05-02;2025-05-03;2025-05-04;2025-05-05;2025-05-06;2025-05-07;2025-05-08;2025-05-09;2025-05-10;2025-05-11;2025-05-12;2025-05-13;2025-05-14;2025-05-15;2025-05-16,28,8007.261939817006,2025-04-19;2025-04-20;2025-04-21;2025-04-22;2025-04-23;2025-04-24;2025-04-25;2025-04-26;2025-04-27;2025-04-28;2025-04-29;2025-04-30;2025-05-01;2025-05-02;2025-05-03;2025-05-04;2025-05-05;2025-05-06;2025-05-07;2025-05-08;2025-05-09;2025-05-10;2025-05-11;2025-05-12;2025-05-13;2025-05-14;2025-05-15;2025-05-16,2025-05-03;2025-05-04;2025-05-05;2025-05-06;2025-05-07;2025-05-08;2025-05-09;2025-05-10;2025-05-11;2025-05-12;2025-05-13;2025-05-14;2025-05-15;2025-05-16,,2025-05-16,9600.0,10800.0,10800.0,21.53677248565161,27.61015963374216,33.318820823547384,62.539724104608545,31227.177407930365,1017.7022910458197,17742.747287056383,16331.003716319452,4526.533140916882,20857.536857236333,16331.00371631945,16331.00369998845,38613.33328811315,1456.6252221712657,lexicographic,1.6331003699988453e-05,3.861333324949982e-05,False,0.12162229999739793,1.1138258474261093e-16,1,0
2025-05-18,False,calendar_trend,4,1.0,7,1.0,0,calibrated_quantile,2025-04-20;2025-04-21;2025-04-22;2025-04-23;2025-04-24;2025-04-25;2025-04-26;2025-04-27;2025-04-28;2025-04-29;2025-04-30;2025-05-01;2025-05-02;2025-05-03;2025-05-04;2025-05-05;2025-05-06;2025-05-07;2025-05-08;2025-05-09;2025-05-10;2025-05-11;2025-05-12;2025-05-13;2025-05-14;2025-05-15;2025-05-16;2025-05-17,28,8208.198809271791,2025-04-20;2025-04-21;2025-04-22;2025-04-23;2025-04-24;2025-04-25;2025-04-26;2025-04-27;2025-04-28;2025-04-29;2025-04-30;2025-05-01;2025-05-02;2025-05-03;2025-05-04;2025-05-05;2025-05-06;2025-05-07;2025-05-08;2025-05-09;2025-05-10;2025-05-11;2025-05-12;2025-05-13;2025-05-14;2025-05-15;2025-05-16;2025-05-17,2025-05-04;2025-05-05;2025-05-06;2025-05-07;2025-05-08;2025-05-09;2025-05-10;2025-05-11;2025-05-12;2025-05-13;2025-05-14;2025-05-15;2025-05-16;2025-05-17,,2025-05-17,9600.0,10800.0,10800.0,22.568178849900036,28.390603339626747,30.007449130251505,53.88434627530538,65331.59039170267,636.8529039698319,8642.881985955646,39729.24233517578,2067.8230615122015,41797.06539668798,39729.24233517578,39729.242295446544,34765.272155723855,1491.7584337855092,lexicographic,3.972924229544655e-05,3.476527212095859e-05,False,0.1285009999992326,0.0,1,0
2025-05-19,False,calendar_trend,4,1.0,7,1.0,0,calibrated_quantile,2025-04-21;2025-04-22;2025-04-23;2025-04-24;2025-04-25;2025-04-26;2025-04-27;2025-04-28;2025-04-29;2025-04-30;2025-05-01;2025-05-02;2025-05-03;2025-05-04;2025-05-05;2025-05-06;2025-05-07;2025-05-08;2025-05-09;2025-05-10;2025-05-11;2025-05-12;2025-05-13;2025-05-14;2025-05-15;2025-05-16;2025-05-17;2025-05-18,28,8286.37070070912,2025-04-21;2025-04-22;2025-04-23;2025-04-24;2025-04-25;2025-04-26;2025-04-27;2025-04-28;2025-04-29;2025-04-30;2025-05-01;2025-05-02;2025-05-03;2025-05-04;2025-05-05;2025-05-06;2025-05-07;2025-05-08;2025-05-09;2025-05-10;2025-05-11;2025-05-12;2025-05-13;2025-05-14;2025-05-15;2025-05-16;2025-05-17;2025-05-18,2025-05-05;2025-05-06;2025-05-07;2025-05-08;2025-05-09;2025-05-10;2025-05-11;2025-05-12;2025-05-13;2025-05-14;2025-05-15;2025-05-16;2025-05-17;2025-05-18,,2025-05-18,9600.0,10800.0,10800.0,21.854624617232034,29.119868847390105,43.794429452896146,87.81056020448314,65535.61542751841,108.56254075268131,14475.522626821967,39466.015563256966,681.1225432750572,40147.138106532024,39466.015563256966,39466.01552379095,34803.81164485756,1482.6537997460587,lexicographic,3.946601552379095e-05,3.480381161005376e-05,False,0.1291520999984641,0.0,1,0
2025-05-20,False,calendar_trend,4,1.0,7,1.0,0,calibrated_quantile,2025-04-22;2025-04-23;2025-04-24;2025-04-25;2025-04-26;2025-04-27;2025-04-28;2025-04-29;2025-04-30;2025-05-01;2025-05-02;2025-05-03;2025-05-04;2025-05-05;2025-05-06;2025-05-07;2025-05-08;2025-05-09;2025-05-10;2025-05-11;2025-05-12;2025-05-13;2025-05-14;2025-05-15;2025-05-16;2025-05-17;2025-05-18;2025-05-19,28,8244.893000854136,2025-04-22;2025-04-23;2025-04-24;2025-04-25;2025-04-26;2025-04-27;2025-04-28;2025-04-29;2025-04-30;2025-05-01;2025-05-02;2025-05-03;2025-05-04;2025-05-05;2025-05-06;2025-05-07;2025-05-08;2025-05-09;2025-05-10;2025-05-11;2025-05-12;2025-05-13;2025-05-14;2025-05-15;2025-05-16;2025-05-17;2025-05-18;2025-05-19,2025-05-06;2025-05-07;2025-05-08;2025-05-09;2025-05-10;2025-05-11;2025-05-12;2025-05-13;2025-05-14;2025-05-15;2025-05-16;2025-05-17;2025-05-18;2025-05-19,,2025-05-19,9600.0,10800.0,10800.0,21.168441870747362,27.467276432582928,26.333871210814763,49.71116029412478,63442.952065548554,496.44363993400964,5806.941168618302,38234.71405340031,2371.4758620736748,40606.18991547399,38234.71405340031,38234.714015165606,34342.93733451397,1475.2950187087815,lexicographic,3.823471401516561e-05,3.4342937300171055e-05,False,0.13081509999756236,0.0,1,0
2025-05-21,False,calendar_trend,4,1.0,7,1.0,0,calibrated_quantile,2025-04-23;2025-04-24;2025-04-25;2025-04-26;2025-04-27;2025-04-28;2025-04-29;2025-04-30;2025-05-01;2025-05-02;2025-05-03;2025-05-04;2025-05-05;2025-05-06;2025-05-07;2025-05-08;2025-05-09;2025-05-10;2025-05-11;2025-05-12;2025-05-13;2025-05-14;2025-05-15;2025-05-16;2025-05-17;2025-05-18;2025-05-19;2025-05-20,28,8352.32849885577,2025-04-23;2025-04-24;2025-04-25;2025-04-26;2025-04-27;2025-04-28;2025-04-29;2025-04-30;2025-05-01;2025-05-02;2025-05-03;2025-05-04;2025-05-05;2025-05-06;2025-05-07;2025-05-08;2025-05-09;2025-05-10;2025-05-11;2025-05-12;2025-05-13;2025-05-14;2025-05-15;2025-05-16;2025-05-17;2025-05-18;2025-05-19;2025-05-20,2025-05-07;2025-05-08;2025-05-09;2025-05-10;2025-05-11;2025-05-12;2025-05-13;2025-05-14;2025-05-15;2025-05-16;2025-05-17;2025-05-18;2025-05-19;2025-05-20,,2025-05-20,9600.0,10800.0,10800.0,21.00858147607219,27.881774867340052,40.16303798745207,68.98560705135768,63630.9160061122,810.7857189917959,9478.509854750211,38251.26639513011,3195.374367096526,41446.640762226634,38251.2663951301,38251.26635687882,34300.22959214221,1488.5182786789555,lexicographic,3.8251266356878824e-05,3.430022955784198e-05,False,0.15318069999921136,0.0,1,0
2025-05-22,False,calendar_trend,4,1.0,7,1.0,0,calibrated_quantile,2025-04-24;2025-04-25;2025-04-26;2025-04-27;2025-04-28;2025-04-29;2025-04-30;2025-05-01;2025-05-02;2025-05-03;2025-05-04;2025-05-05;2025-05-06;2025-05-07;2025-05-08;2025-05-09;2025-05-10;2025-05-11;2025-05-12;2025-05-13;2025-05-14;2025-05-15;2025-05-16;2025-05-17;2025-05-18;2025-05-19;2025-05-20;2025-05-21,28,8514.346732391205,2025-04-24;2025-04-25;2025-04-26;2025-04-27;2025-04-28;2025-04-29;2025-04-30;2025-05-01;2025-05-02;2025-05-03;2025-05-04;2025-05-05;2025-05-06;2025-05-07;2025-05-08;2025-05-09;2025-05-10;2025-05-11;2025-05-12;2025-05-13;2025-05-14;2025-05-15;2025-05-16;2025-05-17;2025-05-18;2025-05-19;2025-05-20;2025-05-21,2025-05-08;2025-05-09;2025-05-10;2025-05-11;2025-05-12;2025-05-13;2025-05-14;2025-05-15;2025-05-16;2025-05-17;2025-05-18;2025-05-19;2025-05-20;2025-05-21,,2025-05-21,9600.0,10800.0,10800.0,20.994051234448676,27.485124037176647,15.108422489581471,28.35941407784426,63065.137925078096,100.42289621873401,8781.350419490645,38353.91140692498,377.9863783287899,38731.897785253765,38353.91140692498,38353.911368571054,33985.88973211862,1511.3737724796433,lexicographic,3.8353911368571055e-05,3.3985889698132754e-05,False,0.1326314999969327,0.0,1,0
2025-05-23,False,calendar_trend,4,1.0,7,1.0,0,calibrated_quantile,2025-04-25;2025-04-26;2025-04-27;2025-04-28;2025-04-29;2025-04-30;2025-05-01;2025-05-02;2025-05-03;2025-05-04;2025-05-05;2025-05-06;2025-05-07;2025-05-08;2025-05-09;2025-05-10;2025-05-11;2025-05-12;2025-05-13;2025-05-14;2025-05-15;2025-05-16;2025-05-17;2025-05-18;2025-05-19;2025-05-20;2025-05-21;2025-05-22,28,8514.087471842431,2025-04-25;2025-04-26;2025-04-27;2025-04-28;2025-04-29;2025-04-30;2025-05-01;2025-05-02;2025-05-03;2025-05-04;2025-05-05;2025-05-06;2025-05-07;2025-05-08;2025-05-09;2025-05-10;2025-05-11;2025-05-12;2025-05-13;2025-05-14;2025-05-15;2025-05-16;2025-05-17;2025-05-18;2025-05-19;2025-05-20;2025-05-21;2025-05-22,2025-05-09;2025-05-10;2025-05-11;2025-05-12;2025-05-13;2025-05-14;2025-05-15;2025-05-16;2025-05-17;2025-05-18;2025-05-19;2025-05-20;2025-05-21;2025-05-22,,2025-05-22,9600.0,10800.0,10800.0,18.85609355099787,24.267084282330355,17.767531325475318,32.96277031870544,30141.653428960082,209.35142997395104,19876.7226466208,15582.951689113313,766.9053514483369,16349.85704056165,15582.951689113313,15582.951673530359,38613.33329186117,1319.4055982347538,lexicographic,1.558295167353036e-05,3.861333325324785e-05,False,0.13266029999795137,0.0,1,0
2025-05-24,False,calendar_trend,4,1.0,7,1.0,0,calibrated_quantile,2025-04-26;2025-04-27;2025-04-28;2025-04-29;2025-04-30;2025-05-01;2025-05-02;2025-05-03;2025-05-04;2025-05-05;2025-05-06;2025-05-07;2025-05-08;2025-05-09;2025-05-10;2025-05-11;2025-05-12;2025-05-13;2025-05-14;2025-05-15;2025-05-16;2025-05-17;2025-05-18;2025-05-19;2025-05-20;2025-05-21;2025-05-22;2025-05-23,28,8615.66380784265,2025-04-26;2025-04-27;2025-04-28;2025-04-29;2025-04-30;2025-05-01;2025-05-02;2025-05-03;2025-05-04;2025-05-05;2025-05-06;2025-05-07;2025-05-08;2025-05-09;2025-05-10;2025-05-11;2025-05-12;2025-05-13;2025-05-14;2025-05-15;2025-05-16;2025-05-17;2025-05-18;2025-05-19;2025-05-20;2025-05-21;2025-05-22;2025-05-23,2025-05-10;2025-05-11;2025-05-12;2025-05-13;2025-05-14;2025-05-15;2025-05-16;2025-05-17;2025-05-18;2025-05-19;2025-05-20;2025-05-21;2025-05-22;2025-05-23,,2025-05-23,9600.0,10800.0,10800.0,19.726025494688365,24.875985357651185,31.0099838072729,51.65843951380241,30399.345415520263,192.83979796070298,22784.35050123425,15706.273492074979,872.0601170537483,16578.333609128727,15706.273492074979,15706.273476368706,38613.33329122741,1455.3360123762977,lexicographic,1.5706273476368706e-05,3.8613333252614073e-05,False,0.21556390000114334,0.0,1,0
2025-05-25,False,calendar_trend,4,1.0,7,1.0,0,calibrated_quantile,2025-04-27;2025-04-28;2025-04-29;2025-04-30;2025-05-01;2025-05-02;2025-05-03;2025-05-04;2025-05-05;2025-05-06;2025-05-07;2025-05-08;2025-05-09;2025-05-10;2025-05-11;2025-05-12;2025-05-13;2025-05-14;2025-05-15;2025-05-16;2025-05-17;2025-05-18;2025-05-19;2025-05-20;2025-05-21;2025-05-22;2025-05-23;2025-05-24,28,8701.388998086753,2025-04-27;2025-04-28;2025-04-29;2025-04-30;2025-05-01;2025-05-02;2025-05-03;2025-05-04;2025-05-05;2025-05-06;2025-05-07;2025-05-08;2025-05-09;2025-05-10;2025-05-11;2025-05-12;2025-05-13;2025-05-14;2025-05-15;2025-05-16;2025-05-17;2025-05-18;2025-05-19;2025-05-20;2025-05-21;2025-05-22;2025-05-23;2025-05-24,2025-05-11;2025-05-12;2025-05-13;2025-05-14;2025-05-15;2025-05-16;2025-05-17;2025-05-18;2025-05-19;2025-05-20;2025-05-21;2025-05-22;2025-05-23;2025-05-24,,2025-05-24,9600.0,10800.0,10800.0,26.093505531480567,32.69871561917475,21.34993946923431,40.33062236994685,62068.972632584504,374.6272455928085,10245.158990341546,37344.692408336174,1845.2544883633816,39189.946896699556,37344.692408336174,37344.692370991484,34803.73460604951,1472.8497244405232,lexicographic,3.7344692370991486e-05,3.480373457124578e-05,False,0.10144260000015493,0.0,1,0
2025-05-26,False,calendar_trend,4,1.0,7,1.0,0,calibrated_quantile,2025-04-28;2025-04-29;2025-04-30;2025-05-01;2025-05-02;2025-05-03;2025-05-04;2025-05-05;2025-05-06;2025-05-07;2025-05-08;2025-05-09;2025-05-10;2025-05-11;2025-05-12;2025-05-13;2025-05-14;2025-05-15;2025-05-16;2025-05-17;2025-05-18;2025-05-19;2025-05-20;2025-05-21;2025-05-22;2025-05-23;2025-05-24;2025-05-25,28,8632.154456981536,2025-04-28;2025-04-29;2025-04-30;2025-05-01;2025-05-02;2025-05-03;2025-05-04;2025-05-05;2025-05-06;2025-05-07;2025-05-08;2025-05-09;2025-05-10;2025-05-11;2025-05-12;2025-05-13;2025-05-14;2025-05-15;2025-05-16;2025-05-17;2025-05-18;2025-05-19;2025-05-20;2025-05-21;2025-05-22;2025-05-23;2025-05-24;2025-05-25,2025-05-12;2025-05-13;2025-05-14;2025-05-15;2025-05-16;2025-05-17;2025-05-18;2025-05-19;2025-05-20;2025-05-21;2025-05-22;2025-05-23;2025-05-24;2025-05-25,,2025-05-25,9600.0,10800.0,10800.0,23.265300681259866,29.882591861787823,41.87634658712969,79.55235596288404,61619.552278316776,1972.3973936128896,5356.349875558668,37039.34903134435,7175.832090540943,44215.18112188529,37039.34903134435,37039.348994305,34825.98943121848,1455.9046068281746,lexicographic,3.7039348994305e-05,3.4825989396392485e-05,False,0.11487479999777861,0.0,1,0
2025-05-27,False,calendar_trend,4,1.0,7,1.0,0,calibrated_quantile,2025-04-29;2025-04-30;2025-05-01;2025-05-02;2025-05-03;2025-05-04;2025-05-05;2025-05-06;2025-05-07;2025-05-08;2025-05-09;2025-05-10;2025-05-11;2025-05-12;2025-05-13;2025-05-14;2025-05-15;2025-05-16;2025-05-17;2025-05-18;2025-05-19;2025-05-20;2025-05-21;2025-05-22;2025-05-23;2025-05-24;2025-05-25;2025-05-26,28,8363.58236591025,2025-04-29;2025-04-30;2025-05-01;2025-05-02;2025-05-03;2025-05-04;2025-05-05;2025-05-06;2025-05-07;2025-05-08;2025-05-09;2025-05-10;2025-05-11;2025-05-12;2025-05-13;2025-05-14;2025-05-15;2025-05-16;2025-05-17;2025-05-18;2025-05-19;2025-05-20;2025-05-21;2025-05-22;2025-05-23;2025-05-24;2025-05-25;2025-05-26,2025-05-13;2025-05-14;2025-05-15;2025-05-16;2025-05-17;2025-05-18;2025-05-19;2025-05-20;2025-05-21;2025-05-22;2025-05-23;2025-05-24;2025-05-25;2025-05-26,,2025-05-26,9600.0,10800.0,10800.0,21.475668197670423,26.241046419716334,22.072773076180773,38.99803750483202,62127.318284990775,221.72961444436396,9299.010443859286,37350.6609832997,758.2650626552678,38108.92604595497,37350.6609832997,37350.660945949036,34863.173587327954,1501.3880877286188,lexicographic,3.735066094594904e-05,3.486317355246479e-05,False,0.10177160000239382,0.0,1,0
2025-05-28,False,calendar_trend,4,1.0,7,1.0,0,calibrated_quantile,2025-04-30;2025-05-01;2025-05-02;2025-05-03;2025-05-04;2025-05-05;2025-05-06;2025-05-07;2025-05-08;2025-05-09;2025-05-10;2025-05-11;2025-05-12;2025-05-13;2025-05-14;2025-05-15;2025-05-16;2025-05-17;2025-05-18;2025-05-19;2025-05-20;2025-05-21;2025-05-22;2025-05-23;2025-05-24;2025-05-25;2025-05-26;2025-05-27,28,8372.490804351193,2025-04-30;2025-05-01;2025-05-02;2025-05-03;2025-05-04;2025-05-05;2025-05-06;2025-05-07;2025-05-08;2025-05-09;2025-05-10;2025-05-11;2025-05-12;2025-05-13;2025-05-14;2025-05-15;2025-05-16;2025-05-17;2025-05-18;2025-05-19;2025-05-20;2025-05-21;2025-05-22;2025-05-23;2025-05-24;2025-05-25;2025-05-26;2025-05-27,2025-05-14;2025-05-15;2025-05-16;2025-05-17;2025-05-18;2025-05-19;2025-05-20;2025-05-21;2025-05-22;2025-05-23;2025-05-24;2025-05-25;2025-05-26;2025-05-27,,2025-05-27,9600.0,10800.0,10800.0,21.977022199078018,28.05218292202858,41.04388931686013,68.60795319936906,61906.60178853096,1163.0510864657772,7164.207133841417,37204.621137453556,3989.748160389278,41194.36929784284,37204.621137453556,37204.62110024893,34595.97458153232,1485.7157287107466,lexicographic,3.720462110024893e-05,3.459597454693635e-05,False,0.16746910000074422,0.0,1,0
2025-05-29,False,calendar_trend,4,1.0,7,1.0,0,calibrated_quantile,2025-05-01;2025-05-02;2025-05-03;2025-05-04;2025-05-05;2025-05-06;2025-05-07;2025-05-08;2025-05-09;2025-05-10;2025-05-11;2025-05-12;2025-05-13;2025-05-14;2025-05-15;2025-05-16;2025-05-17;2025-05-18;2025-05-19;2025-05-20;2025-05-21;2025-05-22;2025-05-23;2025-05-24;2025-05-25;2025-05-26;2025-05-27;2025-05-28,28,8493.120460679773,2025-05-01;2025-05-02;2025-05-03;2025-05-04;2025-05-05;2025-05-06;2025-05-07;2025-05-08;2025-05-09;2025-05-10;2025-05-11;2025-05-12;2025-05-13;2025-05-14;2025-05-15;2025-05-16;2025-05-17;2025-05-18;2025-05-19;2025-05-20;2025-05-21;2025-05-22;2025-05-23;2025-05-24;2025-05-25;2025-05-26;2025-05-27;2025-05-28,2025-05-15;2025-05-16;2025-05-17;2025-05-18;2025-05-19;2025-05-20;2025-05-21;2025-05-22;2025-05-23;2025-05-24;2025-05-25;2025-05-26;2025-05-27;2025-05-28,,2025-05-28,9577.975268783071,10800.0,10777.975268783071,23.57851666236373,31.073282470042923,25.4624449328945,47.68032137606391,62587.370900262395,878.6628952097783,5680.160513130518,37824.16329240188,3803.3549459328306,41627.518238334706,37824.16329240188,37824.163254577725,35225.00853804669,1501.1960850361772,lexicographic,3.7824163254577726e-05,3.522500850282169e-05,False,0.18153890000030515,0.0,1,0
2025-05-30,False,calendar_trend,4,1.0,7,1.0,0,calibrated_quantile,2025-05-02;2025-05-03;2025-05-04;2025-05-05;2025-05-06;2025-05-07;2025-05-08;2025-05-09;2025-05-10;2025-05-11;2025-05-12;2025-05-13;2025-05-14;2025-05-15;2025-05-16;2025-05-17;2025-05-18;2025-05-19;2025-05-20;2025-05-21;2025-05-22;2025-05-23;2025-05-24;2025-05-25;2025-05-26;2025-05-27;2025-05-28;2025-05-29,28,8557.676657221087,2025-05-02;2025-05-03;2025-05-04;2025-05-05;2025-05-06;2025-05-07;2025-05-08;2025-05-09;2025-05-10;2025-05-11;2025-05-12;2025-05-13;2025-05-14;2025-05-15;2025-05-16;2025-05-17;2025-05-18;2025-05-19;2025-05-20;2025-05-21;2025-05-22;2025-05-23;2025-05-24;2025-05-25;2025-05-26;2025-05-27;2025-05-28;2025-05-29,2025-05-16;2025-05-17;2025-05-18;2025-05-19;2025-05-20;2025-05-21;2025-05-22;2025-05-23;2025-05-24;2025-05-25;2025-05-26;2025-05-27;2025-05-28;2025-05-29,,2025-05-29,9525.357141931221,10777.975268783071,10725.357141931221,20.21292800504459,25.333020100817727,35.788178476108584,65.10815607679147,30722.10989544615,787.6867636031659,20923.344314528444,16055.224417526022,3030.076997794681,19085.301415320704,16055.22441752602,16055.224401470794,38510.574522365496,1314.4597546999041,lexicographic,1.6055224401470795e-05,3.8510574483854926e-05,False,0.12277159999939613,0.0,1,0
2025-05-31,False,calendar_trend,4,1.0,7,1.0,0,calibrated_quantile,2025-05-03;2025-05-04;2025-05-05;2025-05-06;2025-05-07;2025-05-08;2025-05-09;2025-05-10;2025-05-11;2025-05-12;2025-05-13;2025-05-14;2025-05-15;2025-05-16;2025-05-17;2025-05-18;2025-05-19;2025-05-20;2025-05-21;2025-05-22;2025-05-23;2025-05-24;2025-05-25;2025-05-26;2025-05-27;2025-05-28;2025-05-29;2025-05-30,28,8066.481315652476,2025-05-03;2025-05-04;2025-05-05;2025-05-06;2025-05-07;2025-05-08;2025-05-09;2025-05-10;2025-05-11;2025-05-12;2025-05-13;2025-05-14;2025-05-15;2025-05-16;2025-05-17;2025-05-18;2025-05-19;2025-05-20;2025-05-21;2025-05-22;2025-05-23;2025-05-24;2025-05-25;2025-05-26;2025-05-27;2025-05-28;2025-05-29;2025-05-30,2025-05-17;2025-05-18;2025-05-19;2025-05-20;2025-05-21;2025-05-22;2025-05-23;2025-05-24;2025-05-25;2025-05-26;2025-05-27;2025-05-28;2025-05-29;2025-05-30,,2025-05-30,9472.739015079356,10725.357141931221,10672.739015079356,23.873324003493376,30.757514872767633,29.54190576794051,56.0933761907972,30978.675082750513,842.4216509186518,19452.804377155488,16250.319377065493,3210.997383488737,19461.31676055423,16250.31937706549,16250.319360815169,38404.753621700576,1432.6616391464916,lexicographic,1.625031936081517e-05,3.840475358329583e-05,False,0.23912170000039623,0.0,1,0
2025-06-01,False,calendar_trend,4,1.0,7,1.0,0,calibrated_quantile,2025-05-04;2025-05-05;2025-05-06;2025-05-07;2025-05-08;2025-05-09;2025-05-10;2025-05-11;2025-05-12;2025-05-13;2025-05-14;2025-05-15;2025-05-16;2025-05-17;2025-05-18;2025-05-19;2025-05-20;2025-05-21;2025-05-22;2025-05-23;2025-05-24;2025-05-25;2025-05-26;2025-05-27;2025-05-28;2025-05-29;2025-05-30;2025-05-31,28,8084.845570874661,2025-05-04;2025-05-05;2025-05-06;2025-05-07;2025-05-08;2025-05-09;2025-05-10;2025-05-11;2025-05-12;2025-05-13;2025-05-14;2025-05-15;2025-05-16;2025-05-17;2025-05-18;2025-05-19;2025-05-20;2025-05-21;2025-05-22;2025-05-23;2025-05-24;2025-05-25;2025-05-26;2025-05-27;2025-05-28;2025-05-29;2025-05-30;2025-05-31,2025-05-18;2025-05-19;2025-05-20;2025-05-21;2025-05-22;2025-05-23;2025-05-24;2025-05-25;2025-05-26;2025-05-27;2025-05-28;2025-05-29;2025-05-30;2025-05-31,,2025-05-31,9420.120888227506,10672.739015079356,10620.120888227506,61.93206236784626,77.47704753836669,74.53968043249104,138.03620574913572,64223.70471188422,11892.547189812616,1112.2618776929228,38631.62677176035,45702.91725609045,84334.54402785079,38631.626771760355,38631.62673312872,36499.99457252853,1465.038026133707,lexicographic,3.863162673312872e-05,3.649999453602855e-05,False,0.1590370999983861,0.0,1,0
2025-06-02,False,calendar_trend,4,1.0,7,1.0,0,calibrated_quantile,2025-05-05;2025-05-06;2025-05-07;2025-05-08;2025-05-09;2025-05-10;2025-05-11;2025-05-12;2025-05-13;2025-05-14;2025-05-15;2025-05-16;2025-05-17;2025-05-18;2025-05-19;2025-05-20;2025-05-21;2025-05-22;2025-05-23;2025-05-24;2025-05-25;2025-05-26;2025-05-27;2025-05-28;2025-05-29;2025-05-30;2025-05-31;2025-06-01,28,8913.84773484287,2025-05-05;2025-05-06;2025-05-07;2025-05-08;2025-05-09;2025-05-10;2025-05-11;2025-05-12;2025-05-13;2025-05-14;2025-05-15;2025-05-16;2025-05-17;2025-05-18;2025-05-19;2025-05-20;2025-05-21;2025-05-22;2025-05-23;2025-05-24;2025-05-25;2025-05-26;2025-05-27;2025-05-28;2025-05-29;2025-05-30;2025-05-31;2025-06-01,2025-05-19;2025-05-20;2025-05-21;2025-05-22;2025-05-23;2025-05-24;2025-05-25;2025-05-26;2025-05-27;2025-05-28;2025-05-29;2025-05-30;2025-05-31;2025-06-01,,2025-06-01,9600.0,10620.120888227506,10800.0,49.987952762549156,61.049904350839775,54.97109100248338,87.76219500501652,70278.17228791217,6435.506057753907,3827.2092326495285,42407.87950867953,26544.23769028097,68952.1171989605,42407.87950867953,42407.87946627163,38741.395836155,1486.33073911671,lexicographic,4.2407879466271634e-05,3.874139579741361e-05,False,0.15220090000002529,0.0,1,0
2025-06-03,False,calendar_trend,4,1.0,7,1.0,0,calibrated_quantile,2025-05-06;2025-05-07;2025-05-08;2025-05-09;2025-05-10;2025-05-11;2025-05-12;2025-05-13;2025-05-14;2025-05-15;2025-05-16;2025-05-17;2025-05-18;2025-05-19;2025-05-20;2025-05-21;2025-05-22;2025-05-23;2025-05-24;2025-05-25;2025-05-26;2025-05-27;2025-05-28;2025-05-29;2025-05-30;2025-05-31;2025-06-01;2025-06-02,28,9571.984987322481,2025-05-06;2025-05-07;2025-05-08;2025-05-09;2025-05-10;2025-05-11;2025-05-12;2025-05-13;2025-05-14;2025-05-15;2025-05-16;2025-05-17;2025-05-18;2025-05-19;2025-05-20;2025-05-21;2025-05-22;2025-05-23;2025-05-24;2025-05-25;2025-05-26;2025-05-27;2025-05-28;2025-05-29;2025-05-30;2025-05-31;2025-06-01;2025-06-02,2025-05-20;2025-05-21;2025-05-22;2025-05-23;2025-05-24;2025-05-25;2025-05-26;2025-05-27;2025-05-28;2025-05-29;2025-05-30;2025-05-31;2025-06-01;2025-06-02,,2025-06-02,9600.0,10800.0,10800.0,37.97231681061336,48.93765168526848,28.40897174136232,48.488390097333976,74379.94031263645,1797.1305442623136,3849.111022435465,45615.006360472704,7844.976997460239,53459.98335793294,45615.006360472704,45615.00631485768,39396.964905501314,1519.1242629092922,lexicographic,4.5615006314857684e-05,3.939696486610435e-05,False,0.18408500000077765,0.0,1,0
2025-06-04,False,calendar_trend,4,1.0,7,1.0,0,calibrated_quantile,2025-05-07;2025-05-08;2025-05-09;2025-05-10;2025-05-11;2025-05-12;2025-05-13;2025-05-14;2025-05-15;2025-05-16;2025-05-17;2025-05-18;2025-05-19;2025-05-20;2025-05-21;2025-05-22;2025-05-23;2025-05-24;2025-05-25;2025-05-26;2025-05-27;2025-05-28;2025-05-29;2025-05-30;2025-05-31;2025-06-01;2025-06-02;2025-06-03,28,9920.855151903064,2025-05-07;2025-05-08;2025-05-09;2025-05-10;2025-05-11;2025-05-12;2025-05-13;2025-05-14;2025-05-15;2025-05-16;2025-05-17;2025-05-18;2025-05-19;2025-05-20;2025-05-21;2025-05-22;2025-05-23;2025-05-24;2025-05-25;2025-05-26;2025-05-27;2025-05-28;2025-05-29;2025-05-30;2025-05-31;2025-06-01;2025-06-02;2025-06-03,2025-05-21;2025-05-22;2025-05-23;2025-05-24;2025-05-25;2025-05-26;2025-05-27;2025-05-28;2025-05-29;2025-05-30;2025-05-31;2025-06-01;2025-06-02;2025-06-03,,2025-06-03,9600.0,10800.0,10800.0,32.78942643504754,42.05780268455005,25.16848664667971,56.344922944218766,78229.71973082388,1366.4671132287174,5700.338660803467,48440.257369305735,4195.40018501901,52635.657554324745,48440.25736930574,48440.2573208655,40492.43754481192,1574.017679267119,lexicographic,4.8440257320865506e-05,4.049243750431948e-05,False,0.12120429999777116,0.0,1,0
2025-06-05,False,calendar_trend,4,1.0,7,1.0,0,calibrated_quantile,2025-05-08;2025-05-09;2025-05-10;2025-05-11;2025-05-12;2025-05-13;2025-05-14;2025-05-15;2025-05-16;2025-05-17;2025-05-18;2025-05-19;2025-05-20;2025-05-21;2025-05-22;2025-05-23;2025-05-24;2025-05-25;2025-05-26;2025-05-27;2025-05-28;2025-05-29;2025-05-30;2025-05-31;2025-06-01;2025-06-02;2025-06-03;2025-06-04,28,10381.43142048543,2025-05-08;2025-05-09;2025-05-10;2025-05-11;2025-05-12;2025-05-13;2025-05-14;2025-05-15;2025-05-16;2025-05-17;2025-05-18;2025-05-19;2025-05-20;2025-05-21;2025-05-22;2025-05-23;2025-05-24;2025-05-25;2025-05-26;2025-05-27;2025-05-28;2025-05-29;2025-05-30;2025-05-31;2025-06-01;2025-06-02;2025-06-03;2025-06-04,2025-05-22;2025-05-23;2025-05-24;2025-05-25;2025-05-26;2025-05-27;2025-05-28;2025-05-29;2025-05-30;2025-05-31;2025-06-01;2025-06-02;2025-06-03;2025-06-04,,2025-06-04,9600.0,10800.0,10800.0,26.119232835528297,32.296498630956734,28.225181961962967,50.40403676413983,81149.85631730023,723.0143868197017,6444.339850579483,50674.68755184933,2456.373468685316,53131.061020534646,50674.68755184935,50674.68750117465,40765.132814429286,1568.7099216480794,lexicographic,5.067468750117466e-05,4.076513277366415e-05,False,0.11608820000037667,1.435816967596449e-16,1,0
2025-06-06,False,calendar_trend,4,1.0,7,1.0,0,calibrated_quantile,2025-05-09;2025-05-10;2025-05-11;2025-05-12;2025-05-13;2025-05-14;2025-05-15;2025-05-16;2025-05-17;2025-05-18;2025-05-19;2025-05-20;2025-05-21;2025-05-22;2025-05-23;2025-05-24;2025-05-25;2025-05-26;2025-05-27;2025-05-28;2025-05-29;2025-05-30;2025-05-31;2025-06-01;2025-06-02;2025-06-03;2025-06-04;2025-06-05,28,10511.552086530815,2025-05-09;2025-05-10;2025-05-11;2025-05-12;2025-05-13;2025-05-14;2025-05-15;2025-05-16;2025-05-17;2025-05-18;2025-05-19;2025-05-20;2025-05-21;2025-05-22;2025-05-23;2025-05-24;2025-05-25;2025-05-26;2025-05-27;2025-05-28;2025-05-29;2025-05-30;2025-05-31;2025-06-01;2025-06-02;2025-06-03;2025-06-04;2025-06-05,2025-05-23;2025-05-24;2025-05-25;2025-05-26;2025-05-27;2025-05-28;2025-05-29;2025-05-30;2025-05-31;2025-06-01;2025-06-02;2025-06-03;2025-06-04;2025-06-05,,2025-06-05,9600.0,10800.0,10800.0,31.84299577331398,39.75852556819373,45.954961407282454,79.31407052279603,37681.361936792986,2358.1514566369415,5131.184660096598,21150.288197915335,9807.49735453146,30957.785552446796,21150.28819791534,21150.288176765047,38613.33333333333,1429.5398957473333,lexicographic,2.115028817676505e-05,3.861333333333334e-05,False,0.2431289000014658,0.0,1,0
2025-06-07,False,calendar_trend,4,1.0,7,1.0,0,calibrated_quantile,2025-05-10;2025-05-11;2025-05-12;2025-05-13;2025-05-14;2025-05-15;2025-05-16;2025-05-17;2025-05-18;2025-05-19;2025-05-20;2025-05-21;2025-05-22;2025-05-23;2025-05-24;2025-05-25;2025-05-26;2025-05-27;2025-05-28;2025-05-29;2025-05-30;2025-05-31;2025-06-01;2025-06-02;2025-06-03;2025-06-04;2025-06-05;2025-06-06,28,11173.043267612233,2025-05-10;2025-05-11;2025-05-12;2025-05-13;2025-05-14;2025-05-15;2025-05-16;2025-05-17;2025-05-18;2025-05-19;2025-05-20;2025-05-21;2025-05-22;2025-05-23;2025-05-24;2025-05-25;2025-05-26;2025-05-27;2025-05-28;2025-05-29;2025-05-30;2025-05-31;2025-06-01;2025-06-02;2025-06-03;2025-06-04;2025-06-05;2025-06-06,2025-05-24;2025-05-25;2025-05-26;2025-05-27;2025-05-28;2025-05-29;2025-05-30;2025-05-31;2025-06-01;2025-06-02;2025-06-03;2025-06-04;2025-06-05;2025-06-06,,2025-06-06,9600.0,10800.0,10800.0,27.727353074927287,35.843507619257,30.69348249834014,58.37510377749572,40790.43026358319,912.5869986235119,6597.085576655472,23435.30149109123,4079.371844996983,27514.673336088214,23435.30149109124,23435.301467655936,37909.197469374005,1633.8108149947257,lexicographic,2.343530146765594e-05,3.7909197431464805e-05,False,0.14513779999833787,0.0,1,0
2025-06-08,False,calendar_trend,4,1.0,7,1.0,0,calibrated_quantile,2025-05-11;2025-05-12;2025-05-13;2025-05-14;2025-05-15;2025-05-16;2025-05-17;2025-05-18;2025-05-19;2025-05-20;2025-05-21;2025-05-22;2025-05-23;2025-05-24;2025-05-25;2025-05-26;2025-05-27;2025-05-28;2025-05-29;2025-05-30;2025-05-31;2025-06-01;2025-06-02;2025-06-03;2025-06-04;2025-06-05;2025-06-06;2025-06-07,28,11407.95122991954,2025-05-11;2025-05-12;2025-05-13;2025-05-14;2025-05-15;2025-05-16;2025-05-17;2025-05-18;2025-05-19;2025-05-20;2025-05-21;2025-05-22;2025-05-23;2025-05-24;2025-05-25;2025-05-26;2025-05-27;2025-05-28;2025-05-29;2025-05-30;2025-05-31;2025-06-01;2025-06-02;2025-06-03;2025-06-04;2025-06-05;2025-06-06;2025-06-07,2025-05-25;2025-05-26;2025-05-27;2025-05-28;2025-05-29;2025-05-30;2025-05-31;2025-06-01;2025-06-02;2025-06-03;2025-06-04;2025-06-05;2025-06-06;2025-06-07,,2025-06-07,9600.0,10800.0,10800.0,46.21118438699661,58.79555588824543,65.97809237738831,110.9620298798942,96544.027256162,0.0,26633.256356059923,62280.96334760895,0.0,62280.96334760895,62280.963347608944,62280.963285328,45019.91692904246,1679.4424791254912,lexicographic,6.2280963285328e-05,4.501991688402254e-05,False,0.2183169000018097,0.0,1,0
2025-06-09,False,calendar_trend,4,1.0,7,1.0,0,calibrated_quantile,2025-05-12;2025-05-13;2025-05-14;2025-05-15;2025-05-16;2025-05-17;2025-05-18;2025-05-19;2025-05-20;2025-05-21;2025-05-22;2025-05-23;2025-05-24;2025-05-25;2025-05-26;2025-05-27;2025-05-28;2025-05-29;2025-05-30;2025-05-31;2025-06-01;2025-06-02;2025-06-03;2025-06-04;2025-06-05;2025-06-06;2025-06-07;2025-06-08,28,11357.034839301745,2025-05-12;2025-05-13;2025-05-14;2025-05-15;2025-05-16;2025-05-17;2025-05-18;2025-05-19;2025-05-20;2025-05-21;2025-05-22;2025-05-23;2025-05-24;2025-05-25;2025-05-26;2025-05-27;2025-05-28;2025-05-29;2025-05-30;2025-05-31;2025-06-01;2025-06-02;2025-06-03;2025-06-04;2025-06-05;2025-06-06;2025-06-07;2025-06-08,2025-05-26;2025-05-27;2025-05-28;2025-05-29;2025-05-30;2025-05-31;2025-06-01;2025-06-02;2025-06-03;2025-06-04;2025-06-05;2025-06-06;2025-06-07;2025-06-08,,2025-06-08,9600.0,10800.0,10800.0,46.577995004090695,59.12734724262329,30.579842019648122,53.4647076717581,94594.0407326783,109.35602226807714,19141.678881085827,60878.76202389627,239.35784730911615,61118.11987120539,60878.76202389627,60878.761963017525,44097.36475975935,1673.9383979534057,lexicographic,6.087876196301753e-05,4.409736471566198e-05,False,0.0685087999991083,0.0,1,0
2025-06-10,False,calendar_trend,4,1.0,7,1.0,0,calibrated_quantile,2025-05-13;2025-05-14;2025-05-15;2025-05-16;2025-05-17;2025-05-18;2025-05-19;2025-05-20;2025-05-21;2025-05-22;2025-05-23;2025-05-24;2025-05-25;2025-05-26;2025-05-27;2025-05-28;2025-05-29;2025-05-30;2025-05-31;2025-06-01;2025-06-02;2025-06-03;2025-06-04;2025-06-05;2025-06-06;2025-06-07;2025-06-08;2025-06-09,28,11272.349788545223,2025-05-13;2025-05-14;2025-05-15;2025-05-16;2025-05-17;2025-05-18;2025-05-19;2025-05-20;2025-05-21;2025-05-22;2025-05-23;2025-05-24;2025-05-25;2025-05-26;2025-05-27;2025-05-28;2025-05-29;2025-05-30;2025-05-31;2025-06-01;2025-06-02;2025-06-03;2025-06-04;2025-06-05;2025-06-06;2025-06-07;2025-06-08;2025-06-09,2025-05-27;2025-05-28;2025-05-29;2025-05-30;2025-05-31;2025-06-01;2025-06-02;2025-06-03;2025-06-04;2025-06-05;2025-06-06;2025-06-07;2025-06-08;2025-06-09,,2025-06-09,9600.0,10800.0,10800.0,51.82268987038013,64.09989220762792,23.92727057564855,40.86829457049993,95175.74949139345,43.78748667611467,18930.444592580938,61375.5533570464,117.0932080813144,61492.64656512772,61375.5533570464,61375.553295670856,44494.0692389531,1673.2756379632756,lexicographic,6.137555329567086e-05,4.449406919445903e-05,False,0.09673299999849405,0.0,1,0
2025-06-11,False,calendar_trend,4,1.0,7,1.0,0,calibrated_quantile,2025-05-14;2025-05-15;2025-05-16;2025-05-17;2025-05-18;2025-05-19;2025-05-20;2025-05-21;2025-05-22;2025-05-23;2025-05-24;2025-05-25;2025-05-26;2025-05-27;2025-05-28;2025-05-29;2025-05-30;2025-05-31;2025-06-01;2025-06-02;2025-06-03;2025-06-04;2025-06-05;2025-06-06;2025-06-07;2025-06-08;2025-06-09;2025-06-10,28,11277.113738985714,2025-05-14;2025-05-15;2025-05-16;2025-05-17;2025-05-18;2025-05-19;2025-05-20;2025-05-21;2025-05-22;2025-05-23;2025-05-24;2025-05-25;2025-05-26;2025-05-27;2025-05-28;2025-05-29;2025-05-30;2025-05-31;2025-06-01;2025-06-02;2025-06-03;2025-06-04;2025-06-05;2025-06-06;2025-06-07;2025-06-08;2025-06-09;2025-06-10,2025-05-28;2025-05-29;2025-05-30;2025-05-31;2025-06-01;2025-06-02;2025-06-03;2025-06-04;2025-06-05;2025-06-06;2025-06-07;2025-06-08;2025-06-09;2025-06-10,,2025-06-10,9600.0,10800.0,10800.0,41.03886311293229,51.90612572761732,26.66756403426263,54.63897672381183,94720.37143494544,736.9879509900395,14749.565961443646,60716.939972828164,3589.744794748578,64306.68476757674,60716.939972828164,60716.93991211124,44043.464553492464,1678.5763993941146,lexicographic,6.071693991211124e-05,4.404346450944899e-05,False,0.08040679999976419,0.0,1,0
2025-06-12,False,calendar_trend,4,1.0,7,1.0,0,calibrated_quantile,2025-05-15;2025-05-16;2025-05-17;2025-05-18;2025-05-19;2025-05-20;2025-05-21;2025-05-22;2025-05-23;2025-05-24;2025-05-25;2025-05-26;2025-05-27;2025-05-28;2025-05-29;2025-05-30;2025-05-31;2025-06-01;2025-06-02;2025-06-03;2025-06-04;2025-06-05;2025-06-06;2025-06-07;2025-06-08;2025-06-09;2025-06-10;2025-06-11,28,11428.195090932932,2025-05-15;2025-05-16;2025-05-17;2025-05-18;2025-05-19;2025-05-20;2025-05-21;2025-05-22;2025-05-23;2025-05-24;2025-05-25;2025-05-26;2025-05-27;2025-05-28;2025-05-29;2025-05-30;2025-05-31;2025-06-01;2025-06-02;2025-06-03;2025-06-04;2025-06-05;2025-06-06;2025-06-07;2025-06-08;2025-06-09;2025-06-10;2025-06-11,2025-05-29;2025-05-30;2025-05-31;2025-06-01;2025-06-02;2025-06-03;2025-06-04;2025-06-05;2025-06-06;2025-06-07;2025-06-08;2025-06-09;2025-06-10;2025-06-11,,2025-06-11,9600.0,10800.0,10800.0,41.83702077523368,51.682643980158886,19.43991085884727,34.412325962180894,95061.51843814415,32.09025138986884,17922.921880873073,61139.956245092166,69.86831694335986,61209.82456203552,61139.95624509217,61139.95618395221,44947.97173338418,1669.8556251538544,lexicographic,6.11399561839522e-05,4.494797168843621e-05,False,0.07825629999933881,2.3800990606837214e-16,1,0
2025-06-13,False,calendar_trend,4,1.0,7,1.0,0,calibrated_quantile,2025-05-16;2025-05-17;2025-05-18;2025-05-19;2025-05-20;2025-05-21;2025-05-22;2025-05-23;2025-05-24;2025-05-25;2025-05-26;2025-05-27;2025-05-28;2025-05-29;2025-05-30;2025-05-31;2025-06-01;2025-06-02;2025-06-03;2025-06-04;2025-06-05;2025-06-06;2025-06-07;2025-06-08;2025-06-09;2025-06-10;2025-06-11;2025-06-12,28,11373.563176134026,2025-05-16;2025-05-17;2025-05-18;2025-05-19;2025-05-20;2025-05-21;2025-05-22;2025-05-23;2025-05-24;2025-05-25;2025-05-26;2025-05-27;2025-05-28;2025-05-29;2025-05-30;2025-05-31;2025-06-01;2025-06-02;2025-06-03;2025-06-04;2025-06-05;2025-06-06;2025-06-07;2025-06-08;2025-06-09;2025-06-10;2025-06-11;2025-06-12,2025-05-30;2025-05-31;2025-06-01;2025-06-02;2025-06-03;2025-06-04;2025-06-05;2025-06-06;2025-06-07;2025-06-08;2025-06-09;2025-06-10;2025-06-11;2025-06-12,,2025-06-12,9600.0,10800.0,10800.0,22.955880006127128,30.061370352927486,32.96009654434545,58.93767148883976,44491.041218850354,275.49710262388925,12894.23455270105,25710.111879011052,1437.3804335023785,27147.49231251343,25710.111879011052,25710.11185330094,33599.221181470886,1460.175726412162,lexicographic,2.571011185330094e-05,3.359922114787166e-05,False,0.1349714000025415,0.0,1,0
2025-06-14,False,calendar_trend,4,1.0,7,1.0,0,calibrated_quantile,2025-05-17;2025-05-18;2025-05-19;2025-05-20;2025-05-21;2025-05-22;2025-05-23;2025-05-24;2025-05-25;2025-05-26;2025-05-27;2025-05-28;2025-05-29;2025-05-30;2025-05-31;2025-06-01;2025-06-02;2025-06-03;2025-06-04;2025-06-05;2025-06-06;2025-06-07;2025-06-08;2025-06-09;2025-06-10;2025-06-11;2025-06-12;2025-06-13,28,11459.569717767143,2025-05-17;2025-05-18;2025-05-19;2025-05-20;2025-05-21;2025-05-22;2025-05-23;2025-05-24;2025-05-25;2025-05-26;2025-05-27;2025-05-28;2025-05-29;2025-05-30;2025-05-31;2025-06-01;2025-06-02;2025-06-03;2025-06-04;2025-06-05;2025-06-06;2025-06-07;2025-06-08;2025-06-09;2025-06-10;2025-06-11;2025-06-12;2025-06-13,2025-05-31;2025-06-01;2025-06-02;2025-06-03;2025-06-04;2025-06-05;2025-06-06;2025-06-07;2025-06-08;2025-06-09;2025-06-10;2025-06-11;2025-06-12;2025-06-13,,2025-06-13,9600.0,10800.0,10800.0,20.97958338839901,28.42535065372669,30.61106497296708,52.42186007458685,44686.22203159967,15.54826986489661,14941.024700719547,25962.62087826167,32.97010624851326,25995.590984510185,25962.62087826167,25962.620852299042,33984.206104465695,1651.5144949808964,lexicographic,2.5962620852299045e-05,3.398420607048149e-05,False,0.14389260000098147,0.0,1,0
2025-06-15,False,calendar_trend,4,1.0,7,1.0,0,calibrated_quantile,2025-05-18;2025-05-19;2025-05-20;2025-05-21;2025-05-22;2025-05-23;2025-05-24;2025-05-25;2025-05-26;2025-05-27;2025-05-28;2025-05-29;2025-05-30;2025-05-31;2025-06-01;2025-06-02;2025-06-03;2025-06-04;2025-06-05;2025-06-06;2025-06-07;2025-06-08;2025-06-09;2025-06-10;2025-06-11;2025-06-12;2025-06-13;2025-06-14,28,11261.626205100269,2025-05-18;2025-05-19;2025-05-20;2025-05-21;2025-05-22;2025-05-23;2025-05-24;2025-05-25;2025-05-26;2025-05-27;2025-05-28;2025-05-29;2025-05-30;2025-05-31;2025-06-01;2025-06-02;2025-06-03;2025-06-04;2025-06-05;2025-06-06;2025-06-07;2025-06-08;2025-06-09;2025-06-10;2025-06-11;2025-06-12;2025-06-13;2025-06-14,2025-06-01;2025-06-02;2025-06-03;2025-06-04;2025-06-05;2025-06-06;2025-06-07;2025-06-08;2025-06-09;2025-06-10;2025-06-11;2025-06-12;2025-06-13;2025-06-14,,2025-06-14,9600.0,10800.0,10800.0,51.27761503332657,64.77699259888958,27.418237572785173,45.687272202261504,95259.84508725734,0.0,19914.57553107344,61385.51194684952,0.0,61385.51194684952,61385.51194684951,61385.51188546399,44947.97028083975,1668.5788783002256,lexicographic,6.1385511885464e-05,4.494797023589177e-05,False,0.06877069999973173,1.18528906751796e-16,1,0
2025-06-16,False,calendar_trend,4,1.0,7,1.0,0,calibrated_quantile,2025-05-19;2025-05-20;2025-05-21;2025-05-22;2025-05-23;2025-05-24;2025-05-25;2025-05-26;2025-05-27;2025-05-28;2025-05-29;2025-05-30;2025-05-31;2025-06-01;2025-06-02;2025-06-03;2025-06-04;2025-06-05;2025-06-06;2025-06-07;2025-06-08;2025-06-09;2025-06-10;2025-06-11;2025-06-12;2025-06-13;2025-06-14;2025-06-15,28,11066.146811900264,2025-05-19;2025-05-20;2025-05-21;2025-05-22;2025-05-23;2025-05-24;2025-05-25;2025-05-26;2025-05-27;2025-05-28;2025-05-29;2025-05-30;2025-05-31;2025-06-01;2025-06-02;2025-06-03;2025-06-04;2025-06-05;2025-06-06;2025-06-07;2025-06-08;2025-06-09;2025-06-10;2025-06-11;2025-06-12;2025-06-13;2025-06-14;2025-06-15,2025-06-02;2025-06-03;2025-06-04;2025-06-05;2025-06-06;2025-06-07;2025-06-08;2025-06-09;2025-06-10;2025-06-11;2025-06-12;2025-06-13;2025-06-14;2025-06-15,,2025-06-15,9600.0,10800.0,10800.0,42.60692019435501,55.883114955239556,21.290474127113313,40.51950754700898,93206.47060126823,117.69267975250091,15921.863946001646,59807.09766151494,377.2464351583224,60184.34409667327,59807.09766151494,59807.097601707836,44852.24314851509,1664.6331070794067,lexicographic,5.980709760170784e-05,4.485224310366284e-05,False,0.06658059999972465,0.0,1,0
2025-06-17,False,calendar_trend,4,1.0,7,1.0,0,calibrated_quantile,2025-05-20;2025-05-21;2025-05-22;2025-05-23;2025-05-24;2025-05-25;2025-05-26;2025-05-27;2025-05-28;2025-05-29;2025-05-30;2025-05-31;2025-06-01;2025-06-02;2025-06-03;2025-06-04;2025-06-05;2025-06-06;2025-06-07;2025-06-08;2025-06-09;2025-06-10;2025-06-11;2025-06-12;2025-06-13;2025-06-14;2025-06-15;2025-06-16,28,11085.624509156125,2025-05-20;2025-05-21;2025-05-22;2025-05-23;2025-05-24;2025-05-25;2025-05-26;2025-05-27;2025-05-28;2025-05-29;2025-05-30;2025-05-31;2025-06-01;2025-06-02;2025-06-03;2025-06-04;2025-06-05;2025-06-06;2025-06-07;2025-06-08;2025-06-09;2025-06-10;2025-06-11;2025-06-12;2025-06-13;2025-06-14;2025-06-15;2025-06-16,2025-06-03;2025-06-04;2025-06-05;2025-06-06;2025-06-07;2025-06-08;2025-06-09;2025-06-10;2025-06-11;2025-06-12;2025-06-13;2025-06-14;2025-06-15;2025-06-16,,2025-06-16,9600.0,10800.0,10800.0,35.97704647589272,45.9523030527796,28.52433712114848,59.195408559009906,91947.08701431451,314.51273993092843,12906.291730960871,58834.818793184895,1184.676186888951,60019.49498007385,58834.818793184895,58834.81873435006,44947.98536830755,1643.209935270474,lexicographic,5.8834818734350064e-05,4.494798532335956e-05,False,0.07933929999853717,0.0,1,0
2025-06-18,False,calendar_trend,4,1.0,7,1.0,0,calibrated_quantile,2025-05-21;2025-05-22;2025-05-23;2025-05-24;2025-05-25;2025-05-26;2025-05-27;2025-05-28;2025-05-29;2025-05-30;2025-05-31;2025-06-01;2025-06-02;2025-06-03;2025-06-04;2025-06-05;2025-06-06;2025-06-07;2025-06-08;2025-06-09;2025-06-10;2025-06-11;2025-06-12;2025-06-13;2025-06-14;2025-06-15;2025-06-16;2025-06-17,28,11089.445479979817,2025-05-21;2025-05-22;2025-05-23;2025-05-24;2025-05-25;2025-05-26;2025-05-27;2025-05-28;2025-05-29;2025-05-30;2025-05-31;2025-06-01;2025-06-02;2025-06-03;2025-06-04;2025-06-05;2025-06-06;2025-06-07;2025-06-08;2025-06-09;2025-06-10;2025-06-11;2025-06-12;2025-06-13;2025-06-14;2025-06-15;2025-06-16;2025-06-17,2025-06-04;2025-06-05;2025-06-06;2025-06-07;2025-06-08;2025-06-09;2025-06-10;2025-06-11;2025-06-12;2025-06-13;2025-06-14;2025-06-15;2025-06-16;2025-06-17,,2025-06-17,9600.0,10800.0,10800.0,28.93331135506775,37.89542949198674,20.79752454807944,37.581837131803276,91185.71443130978,23.090380476575586,15564.62605410963,58053.151401076895,57.34585520247906,58110.49725627938,58053.15140107689,58053.15134302375,44924.08432839413,1655.1817908637452,lexicographic,5.805315134302375e-05,4.492408428347004e-05,False,0.0698722999986785,1.2533268988605522e-16,1,0
2025-06-19,False,calendar_trend,4,1.0,7,1.0,0,calibrated_quantile,2025-05-22;2025-05-23;2025-05-24;2025-05-25;2025-05-26;2025-05-27;2025-05-28;2025-05-29;2025-05-30;2025-05-31;2025-06-01;2025-06-02;2025-06-03;2025-06-04;2025-06-05;2025-06-06;2025-06-07;2025-06-08;2025-06-09;2025-06-10;2025-06-11;2025-06-12;2025-06-13;2025-06-14;2025-06-15;2025-06-16;2025-06-17;2025-06-18,28,10896.223717483328,2025-05-22;2025-05-23;2025-05-24;2025-05-25;2025-05-26;2025-05-27;2025-05-28;2025-05-29;2025-05-30;2025-05-31;2025-06-01;2025-06-02;2025-06-03;2025-06-04;2025-06-05;2025-06-06;2025-06-07;2025-06-08;2025-06-09;2025-06-10;2025-06-11;2025-06-12;2025-06-13;2025-06-14;2025-06-15;2025-06-16;2025-06-17;2025-06-18,2025-06-05;2025-06-06;2025-06-07;2025-06-08;2025-06-09;2025-06-10;2025-06-11;2025-06-12;2025-06-13;2025-06-14;2025-06-15;2025-06-16;2025-06-17;2025-06-18,,2025-06-18,9600.0,10800.0,10800.0,26.617595905610642,33.08174016829551,38.30846285407237,77.54030401022169,88802.57887758415,112.58002121077932,16021.936510617092,56445.466192337546,287.44574086374166,56732.911933201285,56445.466192337546,56445.46613589207,44142.262740009995,1614.5062728567682,lexicographic,5.644546613589208e-05,4.414226269586773e-05,False,0.06972360000145272,1.2890242763992077e-16,1,0
2025-06-20,False,calendar_trend,4,1.0,7,1.0,0,calibrated_quantile,2025-05-23;2025-05-24;2025-05-25;2025-05-26;2025-05-27;2025-05-28;2025-05-29;2025-05-30;2025-05-31;2025-06-01;2025-06-02;2025-06-03;2025-06-04;2025-06-05;2025-06-06;2025-06-07;2025-06-08;2025-06-09;2025-06-10;2025-06-11;2025-06-12;2025-06-13;2025-06-14;2025-06-15;2025-06-16;2025-06-17;2025-06-18;2025-06-19,28,10926.523396019456,2025-05-23;2025-05-24;2025-05-25;2025-05-26;2025-05-27;2025-05-28;2025-05-29;2025-05-30;2025-05-31;2025-06-01;2025-06-02;2025-06-03;2025-06-04;2025-06-05;2025-06-06;2025-06-07;2025-06-08;2025-06-09;2025-06-10;2025-06-11;2025-06-12;2025-06-13;2025-06-14;2025-06-15;2025-06-16;2025-06-17;2025-06-18;2025-06-19,2025-06-06;2025-06-07;2025-06-08;2025-06-09;2025-06-10;2025-06-11;2025-06-12;2025-06-13;2025-06-14;2025-06-15;2025-06-16;2025-06-17;2025-06-18;2025-06-19,,2025-06-19,9600.0,10800.0,10800.0,22.98512027358063,28.99053493438596,24.18309506095589,40.75837144093335,39247.859469665236,125.11025453962878,13078.26865604283,22497.856555148846,268.3217821925406,22766.178337341385,22497.856555148843,22497.85653265099,37096.61892038574,1421.9712917569063,lexicographic,2.249785653265099e-05,3.709661888328913e-05,False,0.1391339000001608,0.0,1,0
2025-06-21,False,calendar_trend,4,1.0,7,1.0,0,calibrated_quantile,2025-05-24;2025-05-25;2025-05-26;2025-05-27;2025-05-28;2025-05-29;2025-05-30;2025-05-31;2025-06-01;2025-06-02;2025-06-03;2025-06-04;2025-06-05;2025-06-06;2025-06-07;2025-06-08;2025-06-09;2025-06-10;2025-06-11;2025-06-12;2025-06-13;2025-06-14;2025-06-15;2025-06-16;2025-06-17;2025-06-18;2025-06-19;2025-06-20,28,10966.810548559362,2025-05-24;2025-05-25;2025-05-26;2025-05-27;2025-05-28;2025-05-29;2025-05-30;2025-05-31;2025-06-01;2025-06-02;2025-06-03;2025-06-04;2025-06-05;2025-06-06;2025-06-07;2025-06-08;2025-06-09;2025-06-10;2025-06-11;2025-06-12;2025-06-13;2025-06-14;2025-06-15;2025-06-16;2025-06-17;2025-06-18;2025-06-19;2025-06-20,2025-06-07;2025-06-08;2025-06-09;2025-06-10;2025-06-11;2025-06-12;2025-06-13;2025-06-14;2025-06-15;2025-06-16;2025-06-17;2025-06-18;2025-06-19;2025-06-20,,2025-06-20,9600.0,10800.0,10800.0,27.596777927911074,35.984534779252975,46.70763397375288,89.10361058617069,38672.08226237979,333.9696751669961,15671.161703123853,22097.72892476561,1216.1618841066563,23313.890808872267,22097.728924765608,22097.72890266788,38106.69052792371,1588.5744622278617,lexicographic,2.209772890266788e-05,3.810669048981702e-05,False,0.14661550000164425,0.0,1,0
2025-06-22,False,calendar_trend,4,1.0,7,1.0,0,calibrated_quantile,2025-05-25;2025-05-26;2025-05-27;2025-05-28;2025-05-29;2025-05-30;2025-05-31;2025-06-01;2025-06-02;2025-06-03;2025-06-04;2025-06-05;2025-06-06;2025-06-07;2025-06-08;2025-06-09;2025-06-10;2025-06-11;2025-06-12;2025-06-13;2025-06-14;2025-06-15;2025-06-16;2025-06-17;2025-06-18;2025-06-19;2025-06-20;2025-06-21,28,10914.173889335427,2025-05-25;2025-05-26;2025-05-27;2025-05-28;2025-05-29;2025-05-30;2025-05-31;2025-06-01;2025-06-02;2025-06-03;2025-06-04;2025-06-05;2025-06-06;2025-06-07;2025-06-08;2025-06-09;2025-06-10;2025-06-11;2025-06-12;2025-06-13;2025-06-14;2025-06-15;2025-06-16;2025-06-17;2025-06-18;2025-06-19;2025-06-20;2025-06-21,2025-06-08;2025-06-09;2025-06-10;2025-06-11;2025-06-12;2025-06-13;2025-06-14;2025-06-15;2025-06-16;2025-06-17;2025-06-18;2025-06-19;2025-06-20;2025-06-21,,2025-06-21,9600.0,10800.0,10800.0,22.430403752277314,28.347562559357588,32.44454475970651,54.28424395610692,85300.59686250603,94.29525110036835,13473.547434593333,53725.165874534054,316.56876180091183,54041.734636334964,53725.165874534054,53725.16582080884,42525.50777901932,1602.0155969420434,lexicographic,5.3725165820808844e-05,4.252550773649381e-05,False,0.06754279999950086,4.85604322681858e-07,1,0
2025-06-23,False,calendar_trend,4,1.0,7,1.0,0,calibrated_quantile,2025-05-26;2025-05-27;2025-05-28;2025-05-29;2025-05-30;2025-05-31;2025-06-01;2025-06-02;2025-06-03;2025-06-04;2025-06-05;2025-06-06;2025-06-07;2025-06-08;2025-06-09;2025-06-10;2025-06-11;2025-06-12;2025-06-13;2025-06-14;2025-06-15;2025-06-16;2025-06-17;2025-06-18;2025-06-19;2025-06-20;2025-06-21;2025-06-22,28,10891.448904625846,2025-05-26;2025-05-27;2025-05-28;2025-05-29;2025-05-30;2025-05-31;2025-06-01;2025-06-02;2025-06-03;2025-06-04;2025-06-05;2025-06-06;2025-06-07;2025-06-08;2025-06-09;2025-06-10;2025-06-11;2025-06-12;2025-06-13;2025-06-14;2025-06-15;2025-06-16;2025-06-17;2025-06-18;2025-06-19;2025-06-20;2025-06-21;2025-06-22,2025-06-09;2025-06-10;2025-06-11;2025-06-12;2025-06-13;2025-06-14;2025-06-15;2025-06-16;2025-06-17;2025-06-18;2025-06-19;2025-06-20;2025-06-21;2025-06-22,,2025-06-22,9600.0,10800.0,10800.0,25.403593553822006,31.98757540083302,21.01653330182696,37.438295219351595,82592.56018934364,136.0319389580392,11265.640497947275,51520.79511397908,331.2962436255138,51852.09135760459,51520.79511397908,51520.79506245826,41931.65679442887,1608.6148567001137,lexicographic,5.152079506245826e-05,4.193165675249721e-05,False,0.08152020000125049,1.947857203799545e-07,1,0
2025-06-24,False,calendar_trend,4,1.0,7,1.0,0,calibrated_quantile,2025-05-27;2025-05-28;2025-05-29;2025-05-30;2025-05-31;2025-06-01;2025-06-02;2025-06-03;2025-06-04;2025-06-05;2025-06-06;2025-06-07;2025-06-08;2025-06-09;2025-06-10;2025-06-11;2025-06-12;2025-06-13;2025-06-14;2025-06-15;2025-06-16;2025-06-17;2025-06-18;2025-06-19;2025-06-20;2025-06-21;2025-06-22;2025-06-23,28,10592.279028746016,2025-05-27;2025-05-28;2025-05-29;2025-05-30;2025-05-31;2025-06-01;2025-06-02;2025-06-03;2025-06-04;2025-06-05;2025-06-06;2025-06-07;2025-06-08;2025-06-09;2025-06-10;2025-06-11;2025-06-12;2025-06-13;2025-06-14;2025-06-15;2025-06-16;2025-06-17;2025-06-18;2025-06-19;2025-06-20;2025-06-21;2025-06-22;2025-06-23,2025-06-10;2025-06-11;2025-06-12;2025-06-13;2025-06-14;2025-06-15;2025-06-16;2025-06-17;2025-06-18;2025-06-19;2025-06-20;2025-06-21;2025-06-22;2025-06-23,,2025-06-23,9600.0,10800.0,10800.0,29.152138731934443,36.769137126507346,61.20806181943903,104.42580551195901,80310.6208192623,3847.1397074979177,3457.8310416975755,49898.215113980084,15806.769675727417,65704.9847897075,49898.215113980084,49898.21506408188,42212.41260770212,1574.6652233389968,lexicographic,4.989821506408188e-05,4.22124125654897e-05,False,0.12160829999993439,0.0,1,0
2025-06-25,False,calendar_trend,4,1.0,7,1.0,0,calibrated_quantile,2025-05-28;2025-05-29;2025-05-30;2025-05-31;2025-06-01;2025-06-02;2025-06-03;2025-06-04;2025-06-05;2025-06-06;2025-06-07;2025-06-08;2025-06-09;2025-06-10;2025-06-11;2025-06-12;2025-06-13;2025-06-14;2025-06-15;2025-06-16;2025-06-17;2025-06-18;2025-06-19;2025-06-20;2025-06-21;2025-06-22;2025-06-23;2025-06-24,28,11393.706097425194,2025-05-28;2025-05-29;2025-05-30;2025-05-31;2025-06-01;2025-06-02;2025-06-03;2025-06-04;2025-06-05;2025-06-06;2025-06-07;2025-06-08;2025-06-09;2025-06-10;2025-06-11;2025-06-12;2025-06-13;2025-06-14;2025-06-15;2025-06-16;2025-06-17;2025-06-18;2025-06-19;2025-06-20;2025-06-21;2025-06-22;2025-06-23;2025-06-24,2025-06-11;2025-06-12;2025-06-13;2025-06-14;2025-06-15;2025-06-16;2025-06-17;2025-06-18;2025-06-19;2025-06-20;2025-06-21;2025-06-22;2025-06-23;2025-06-24,,2025-06-24,9600.0,10800.0,10800.0,28.91570762022334,36.94414330329217,30.3284020808882,60.24044992372713,82145.8006094624,1008.9356976354835,8282.339334540591,51019.83637223544,3633.171119968811,54653.007492204255,51019.83637223544,51019.83632121558,42248.97814032653,1591.5995352195841,lexicographic,5.101983632121558e-05,4.224897809807755e-05,False,0.18222600000081002,0.0,1,0
2025-06-26,False,calendar_trend,4,1.0,7,1.0,0,calibrated_quantile,2025-05-29;2025-05-30;2025-05-31;2025-06-01;2025-06-02;2025-06-03;2025-06-04;2025-06-05;2025-06-06;2025-06-07;2025-06-08;2025-06-09;2025-06-10;2025-06-11;2025-06-12;2025-06-13;2025-06-14;2025-06-15;2025-06-16;2025-06-17;2025-06-18;2025-06-19;2025-06-20;2025-06-21;2025-06-22;2025-06-23;2025-06-24;2025-06-25,28,11434.064238467014,2025-05-29;2025-05-30;2025-05-31;2025-06-01;2025-06-02;2025-06-03;2025-06-04;2025-06-05;2025-06-06;2025-06-07;2025-06-08;2025-06-09;2025-06-10;2025-06-11;2025-06-12;2025-06-13;2025-06-14;2025-06-15;2025-06-16;2025-06-17;2025-06-18;2025-06-19;2025-06-20;2025-06-21;2025-06-22;2025-06-23;2025-06-24;2025-06-25,2025-06-12;2025-06-13;2025-06-14;2025-06-15;2025-06-16;2025-06-17;2025-06-18;2025-06-19;2025-06-20;2025-06-21;2025-06-22;2025-06-23;2025-06-24;2025-06-25,,2025-06-25,9600.0,10800.0,10800.0,29.028537159510115,37.95828013402429,29.1553844681109,53.13537663167902,82343.0316165897,348.2688122282981,10593.518724676886,51359.727942843034,1617.7754144521248,52977.50335729516,51359.727942843034,51359.7278914833,43348.52708506348,1550.891225223145,lexicographic,5.13597278914833e-05,4.3348527041714943e-05,False,0.107728799997858,0.0,1,0
2025-06-27,False,calendar_trend,4,1.0,7,1.0,0,calibrated_quantile,2025-05-30;2025-05-31;2025-06-01;2025-06-02;2025-06-03;2025-06-04;2025-06-05;2025-06-06;2025-06-07;2025-06-08;2025-06-09;2025-06-10;2025-06-11;2025-06-12;2025-06-13;2025-06-14;2025-06-15;2025-06-16;2025-06-17;2025-06-18;2025-06-19;2025-06-20;2025-06-21;2025-06-22;2025-06-23;2025-06-24;2025-06-25;2025-06-26,28,11373.897438838807,2025-05-30;2025-05-31;2025-06-01;2025-06-02;2025-06-03;2025-06-04;2025-06-05;2025-06-06;2025-06-07;2025-06-08;2025-06-09;2025-06-10;2025-06-11;2025-06-12;2025-06-13;2025-06-14;2025-06-15;2025-06-16;2025-06-17;2025-06-18;2025-06-19;2025-06-20;2025-06-21;2025-06-22;2025-06-23;2025-06-24;2025-06-25;2025-06-26,2025-06-13;2025-06-14;2025-06-15;2025-06-16;2025-06-17;2025-06-18;2025-06-19;2025-06-20;2025-06-21;2025-06-22;2025-06-23;2025-06-24;2025-06-25;2025-06-26,,2025-06-26,9600.0,10800.0,10800.0,25.900544670494885,32.739821729113864,23.929337261071275,46.07316919397558,36262.75009954456,187.57764323537788,12625.34854969316,20351.223289331778,712.777641086474,21064.000930418253,20351.223289331774,20351.22326898055,38613.33326747574,1400.7259360378011,lexicographic,2.035122326898055e-05,3.861333322886241e-05,False,0.2606860999985656,0.0,1,0
2025-06-28,False,calendar_trend,4,1.0,7,1.0,0,calibrated_quantile,2025-05-31;2025-06-01;2025-06-02;2025-06-03;2025-06-04;2025-06-05;2025-06-06;2025-06-07;2025-06-08;2025-06-09;2025-06-10;2025-06-11;2025-06-12;2025-06-13;2025-06-14;2025-06-15;2025-06-16;2025-06-17;2025-06-18;2025-06-19;2025-06-20;2025-06-21;2025-06-22;2025-06-23;2025-06-24;2025-06-25;2025-06-26;2025-06-27,28,11306.618118281935,2025-05-31;2025-06-01;2025-06-02;2025-06-03;2025-06-04;2025-06-05;2025-06-06;2025-06-07;2025-06-08;2025-06-09;2025-06-10;2025-06-11;2025-06-12;2025-06-13;2025-06-14;2025-06-15;2025-06-16;2025-06-17;2025-06-18;2025-06-19;2025-06-20;2025-06-21;2025-06-22;2025-06-23;2025-06-24;2025-06-25;2025-06-26;2025-06-27,2025-06-14;2025-06-15;2025-06-16;2025-06-17;2025-06-18;2025-06-19;2025-06-20;2025-06-21;2025-06-22;2025-06-23;2025-06-24;2025-06-25;2025-06-26;2025-06-27,,2025-06-27,9600.0,10800.0,10800.0,24.614765922305853,31.9132056390868,28.875655507144124,55.15356546478299,36737.72254391887,310.8601074599999,11218.323201378873,20504.049561339987,1061.4966173726775,21565.546178712666,20504.049561339983,20504.049540835935,38613.333333333336,1543.107986134317,lexicographic,2.0504049540835937e-05,3.861333333333334e-05,False,0.3163306999995257,0.0,1,0
2025-06-29,False,calendar_trend,4,1.0,7,1.0,0,calibrated_quantile,2025-06-01;2025-06-02;2025-06-03;2025-06-04;2025-06-05;2025-06-06;2025-06-07;2025-06-08;2025-06-09;2025-06-10;2025-06-11;2025-06-12;2025-06-13;2025-06-14;2025-06-15;2025-06-16;2025-06-17;2025-06-18;2025-06-19;2025-06-20;2025-06-21;2025-06-22;2025-06-23;2025-06-24;2025-06-25;2025-06-26;2025-06-27;2025-06-28,28,11316.470003708157,2025-06-01;2025-06-02;2025-06-03;2025-06-04;2025-06-05;2025-06-06;2025-06-07;2025-06-08;2025-06-09;2025-06-10;2025-06-11;2025-06-12;2025-06-13;2025-06-14;2025-06-15;2025-06-16;2025-06-17;2025-06-18;2025-06-19;2025-06-20;2025-06-21;2025-06-22;2025-06-23;2025-06-24;2025-06-25;2025-06-26;2025-06-27;2025-06-28,2025-06-15;2025-06-16;2025-06-17;2025-06-18;2025-06-19;2025-06-20;2025-06-21;2025-06-22;2025-06-23;2025-06-24;2025-06-25;2025-06-26;2025-06-27;2025-06-28,,2025-06-28,9600.0,10800.0,10800.0,25.361286364594687,32.56480274975061,29.232171584570224,59.278354623496305,81804.75685580859,964.5013820559749,9041.310354902482,51081.53629464987,2685.5345888318016,53767.070883481676,51081.53629464987,51081.53624356833,42489.07696225285,1590.8427534178077,lexicographic,5.108153624356833e-05,4.248907691976377e-05,False,0.10781679999854532,0.0,1,0
2025-06-30,False,calendar_trend,4,1.0,7,1.0,0,calibrated_quantile,2025-06-02;2025-06-03;2025-06-04;2025-06-05;2025-06-06;2025-06-07;2025-06-08;2025-06-09;2025-06-10;2025-06-11;2025-06-12;2025-06-13;2025-06-14;2025-06-15;2025-06-16;2025-06-17;2025-06-18;2025-06-19;2025-06-20;2025-06-21;2025-06-22;2025-06-23;2025-06-24;2025-06-25;2025-06-26;2025-06-27;2025-06-28;2025-06-29,28,10207.6245630674,2025-06-02;2025-06-03;2025-06-04;2025-06-05;2025-06-06;2025-06-07;2025-06-08;2025-06-09;2025-06-10;2025-06-11;2025-06-12;2025-06-13;2025-06-14;2025-06-15;2025-06-16;2025-06-17;2025-06-18;2025-06-19;2025-06-20;2025-06-21;2025-06-22;2025-06-23;2025-06-24;2025-06-25;2025-06-26;2025-06-27;2025-06-28;2025-06-29,2025-06-16;2025-06-17;2025-06-18;2025-06-19;2025-06-20;2025-06-21;2025-06-22;2025-06-23;2025-06-24;2025-06-25;2025-06-26;2025-06-27;2025-06-28;2025-06-29,,2025-06-29,9600.0,10800.0,10800.0,26.184978849023917,34.392703812328456,29.994797906690437,52.54446782410912,81335.47239002108,839.3699586801245,7924.131153607848,50676.009823065906,3308.1311312359767,53984.14095430188,50676.009823065906,50676.00977238989,41658.83817518758,1568.925537926505,lexicographic,5.067600977238989e-05,4.165883813352874e-05,False,0.18525120000049355,0.0,1,0
2025-07-01,False,calendar_trend,4,1.0,7,1.0,0,calibrated_quantile,2025-06-03;2025-06-04;2025-06-05;2025-06-06;2025-06-07;2025-06-08;2025-06-09;2025-06-10;2025-06-11;2025-06-12;2025-06-13;2025-06-14;2025-06-15;2025-06-16;2025-06-17;2025-06-18;2025-06-19;2025-06-20;2025-06-21;2025-06-22;2025-06-23;2025-06-24;2025-06-25;2025-06-26;2025-06-27;2025-06-28;2025-06-29;2025-06-30,28,9442.597665070727,2025-06-03;2025-06-04;2025-06-05;2025-06-06;2025-06-07;2025-06-08;2025-06-09;2025-06-10;2025-06-11;2025-06-12;2025-06-13;2025-06-14;2025-06-15;2025-06-16;2025-06-17;2025-06-18;2025-06-19;2025-06-20;2025-06-21;2025-06-22;2025-06-23;2025-06-24;2025-06-25;2025-06-26;2025-06-27;2025-06-28;2025-06-29;2025-06-30,2025-06-17;2025-06-18;2025-06-19;2025-06-20;2025-06-21;2025-06-22;2025-06-23;2025-06-24;2025-06-25;2025-06-26;2025-06-27;2025-06-28;2025-06-29;2025-06-30,,2025-06-30,9600.0,10800.0,10800.0,113.47681417135838,120.25138430033162,35.35499621029814,58.109619313626325,81120.18052988323,5888.193949351075,3788.9277845627953,50391.460566539674,20961.76059289482,71353.2211594345,50391.46056653968,50391.46051614819,41467.125352748044,1613.0967387880646,lexicographic,5.039146051614819e-05,4.146712531128092e-05,False,0.1249418000006699,0.0,1,0
2025-07-02,False,calendar_trend,4,1.0,7,1.0,0,calibrated_quantile,2025-06-04;2025-06-05;2025-06-06;2025-06-07;2025-06-08;2025-06-09;2025-06-10;2025-06-11;2025-06-12;2025-06-13;2025-06-14;2025-06-15;2025-06-16;2025-06-17;2025-06-18;2025-06-19;2025-06-20;2025-06-21;2025-06-22;2025-06-23;2025-06-24;2025-06-25;2025-06-26;2025-06-27;2025-06-28;2025-06-29;2025-06-30;2025-07-01,28,9568.532158256245,2025-06-04;2025-06-05;2025-06-06;2025-06-07;2025-06-08;2025-06-09;2025-06-10;2025-06-11;2025-06-12;2025-06-13;2025-06-14;2025-06-15;2025-06-16;2025-06-17;2025-06-18;2025-06-19;2025-06-20;2025-06-21;2025-06-22;2025-06-23;2025-06-24;2025-06-25;2025-06-26;2025-06-27;2025-06-28;2025-06-29;2025-06-30;2025-07-01,2025-06-18;2025-06-19;2025-06-20;2025-06-21;2025-06-22;2025-06-23;2025-06-24;2025-06-25;2025-06-26;2025-06-27;2025-06-28;2025-06-29;2025-06-30;2025-07-01,,2025-07-01,9600.0,10800.0,10800.0,84.60312070371994,92.76523099047532,68.2739395352549,107.59844041332289,84487.42522782025,3672.433943694689,10857.242570405873,52695.91771951731,13295.221577829248,65991.13929734656,52695.91771951731,52695.917666821384,41895.31012810926,1638.3276030775523,lexicographic,5.2695917666821387e-05,4.189531008621394e-05,False,0.16551350000008824,0.0,1,0
2025-07-03,False,calendar_trend,4,1.0,7,1.0,0,calibrated_quantile,2025-06-05;2025-06-06;2025-06-07;2025-06-08;2025-06-09;2025-06-10;2025-06-11;2025-06-12;2025-06-13;2025-06-14;2025-06-15;2025-06-16;2025-06-17;2025-06-18;2025-06-19;2025-06-20;2025-06-21;2025-06-22;2025-06-23;2025-06-24;2025-06-25;2025-06-26;2025-06-27;2025-06-28;2025-06-29;2025-06-30;2025-07-01;2025-07-02,28,9562.229831093655,2025-06-05;2025-06-06;2025-06-07;2025-06-08;2025-06-09;2025-06-10;2025-06-11;2025-06-12;2025-06-13;2025-06-14;2025-06-15;2025-06-16;2025-06-17;2025-06-18;2025-06-19;2025-06-20;2025-06-21;2025-06-22;2025-06-23;2025-06-24;2025-06-25;2025-06-26;2025-06-27;2025-06-28;2025-06-29;2025-06-30;2025-07-01;2025-07-02,2025-06-19;2025-06-20;2025-06-21;2025-06-22;2025-06-23;2025-06-24;2025-06-25;2025-06-26;2025-06-27;2025-06-28;2025-06-29;2025-06-30;2025-07-01;2025-07-02,,2025-07-02,9600.0,10800.0,10800.0,64.39105134807298,74.44553160515513,19.118414679154323,33.519681483151444,85715.18433071236,2708.8603850597297,4376.479569910743,53857.70271910896,10576.226755778118,64433.929474887074,53857.70271910896,53857.70266525122,40840.708656187984,1617.0973405497073,lexicographic,5.385770266525122e-05,4.084070861534727e-05,False,0.18581840000115335,0.0,1,0
2025-07-04,False,calendar_trend,4,1.0,7,1.0,0,calibrated_quantile,2025-06-06;2025-06-07;2025-06-08;2025-06-09;2025-06-10;2025-06-11;2025-06-12;2025-06-13;2025-06-14;2025-06-15;2025-06-16;2025-06-17;2025-06-18;2025-06-19;2025-06-20;2025-06-21;2025-06-22;2025-06-23;2025-06-24;2025-06-25;2025-06-26;2025-06-27;2025-06-28;2025-06-29;2025-06-30;2025-07-01;2025-07-02;2025-07-03,28,9914.545567998674,2025-06-06;2025-06-07;2025-06-08;2025-06-09;2025-06-10;2025-06-11;2025-06-12;2025-06-13;2025-06-14;2025-06-15;2025-06-16;2025-06-17;2025-06-18;2025-06-19;2025-06-20;2025-06-21;2025-06-22;2025-06-23;2025-06-24;2025-06-25;2025-06-26;2025-06-27;2025-06-28;2025-06-29;2025-06-30;2025-07-01;2025-07-02;2025-07-03,2025-06-20;2025-06-21;2025-06-22;2025-06-23;2025-06-24;2025-06-25;2025-06-26;2025-06-27;2025-06-28;2025-06-29;2025-06-30;2025-07-01;2025-07-02;2025-07-03,,2025-07-03,9600.0,10800.0,10800.0,63.27221314983222,69.5827149766742,41.82386454281658,84.81542529282711,42566.0512379323,1604.873567395729,11236.72400532802,24685.08372329124,5997.954553167655,30683.038276458898,24685.083723291238,24685.08369860615,38613.333333333336,1477.8161666512988,lexicographic,2.4685083698606153e-05,3.861333333333333e-05,False,0.25430670000059763,0.0,1,0
2025-07-05,False,calendar_trend,4,1.0,7,1.0,0,calibrated_quantile,2025-06-07;2025-06-08;2025-06-09;2025-06-10;2025-06-11;2025-06-12;2025-06-13;2025-06-14;2025-06-15;2025-06-16;2025-06-17;2025-06-18;2025-06-19;2025-06-20;2025-06-21;2025-06-22;2025-06-23;2025-06-24;2025-06-25;2025-06-26;2025-06-27;2025-06-28;2025-06-29;2025-06-30;2025-07-01;2025-07-02;2025-07-03;2025-07-04,28,9807.442551304293,2025-06-07;2025-06-08;2025-06-09;2025-06-10;2025-06-11;2025-06-12;2025-06-13;2025-06-14;2025-06-15;2025-06-16;2025-06-17;2025-06-18;2025-06-19;2025-06-20;2025-06-21;2025-06-22;2025-06-23;2025-06-24;2025-06-25;2025-06-26;2025-06-27;2025-06-28;2025-06-29;2025-06-30;2025-07-01;2025-07-02;2025-07-03;2025-07-04,2025-06-21;2025-06-22;2025-06-23;2025-06-24;2025-06-25;2025-06-26;2025-06-27;2025-06-28;2025-06-29;2025-06-30;2025-07-01;2025-07-02;2025-07-03;2025-07-04,,2025-07-04,9600.0,10800.0,10800.0,41.69474110904834,51.06614160441958,32.9918097307199,62.538969739214025,45342.930877459585,728.4608027863808,13227.978380245968,26366.732284143272,2973.571946896091,29340.304231039365,26366.732284143272,26366.73225777654,38613.33333333333,1680.168052652105,lexicographic,2.636673225777654e-05,3.861333333333334e-05,False,0.18794740000157617,0.0,1,0
2025-07-06,False,calendar_trend,4,1.0,7,1.0,0,calibrated_quantile,2025-06-08;2025-06-09;2025-06-10;2025-06-11;2025-06-12;2025-06-13;2025-06-14;2025-06-15;2025-06-16;2025-06-17;2025-06-18;2025-06-19;2025-06-20;2025-06-21;2025-06-22;2025-06-23;2025-06-24;2025-06-25;2025-06-26;2025-06-27;2025-06-28;2025-06-29;2025-06-30;2025-07-01;2025-07-02;2025-07-03;2025-07-04;2025-07-05,28,9468.79370104362,2025-06-08;2025-06-09;2025-06-10;2025-06-11;2025-06-12;2025-06-13;2025-06-14;2025-06-15;2025-06-16;2025-06-17;2025-06-18;2025-06-19;2025-06-20;2025-06-21;2025-06-22;2025-06-23;2025-06-24;2025-06-25;2025-06-26;2025-06-27;2025-06-28;2025-06-29;2025-06-30;2025-07-01;2025-07-02;2025-07-03;2025-07-04;2025-07-05,2025-06-22;2025-06-23;2025-06-24;2025-06-25;2025-06-26;2025-06-27;2025-06-28;2025-06-29;2025-06-30;2025-07-01;2025-07-02;2025-07-03;2025-07-04;2025-07-05,,2025-07-05,9600.0,10800.0,10800.0,34.90036629891396,44.91792526438344,38.129337501133904,67.55639387296328,92473.96971027154,1121.5917600421794,9546.900306918891,58963.19266319708,5102.729571419034,64065.92223461611,58963.19266319708,58963.19260423392,40531.42158023496,1714.1053948436706,lexicographic,5.8963192604233924e-05,4.0531421539703536e-05,False,0.10701609999887296,0.0,1,0
2025-07-07,False,calendar_trend,4,1.0,7,1.0,0,calibrated_quantile,2025-06-09;2025-06-10;2025-06-11;2025-06-12;2025-06-13;2025-06-14;2025-06-15;2025-06-16;2025-06-17;2025-06-18;2025-06-19;2025-06-20;2025-06-21;2025-06-22;2025-06-23;2025-06-24;2025-06-25;2025-06-26;2025-06-27;2025-06-28;2025-06-29;2025-06-30;2025-07-01;2025-07-02;2025-07-03;2025-07-04;2025-07-05;2025-07-06,28,9747.43039407326,2025-06-09;2025-06-10;2025-06-11;2025-06-12;2025-06-13;2025-06-14;2025-06-15;2025-06-16;2025-06-17;2025-06-18;2025-06-19;2025-06-20;2025-06-21;2025-06-22;2025-06-23;2025-06-24;2025-06-25;2025-06-26;2025-06-27;2025-06-28;2025-06-29;2025-06-30;2025-07-01;2025-07-02;2025-07-03;2025-07-04;2025-07-05;2025-07-06,2025-06-23;2025-06-24;2025-06-25;2025-06-26;2025-06-27;2025-06-28;2025-06-29;2025-06-30;2025-07-01;2025-07-02;2025-07-03;2025-07-04;2025-07-05;2025-07-06,,2025-07-06,9600.0,10800.0,10800.0,36.97922211975268,46.3531110690438,28.467102693839983,46.682554774020794,94621.87807612702,11.716543777648894,16868.480951703965,60639.33248103641,24.59302538928503,60663.925506425694,60639.3324810364,60639.332420397084,41493.115430403246,1762.4734051541086,lexicographic,6.063933242039709e-05,4.149311538891013e-05,False,0.11835659999997006,0.0,1,0
2025-07-08,False,calendar_trend,4,1.0,7,1.0,0,calibrated_quantile,2025-06-10;2025-06-11;2025-06-12;2025-06-13;2025-06-14;2025-06-15;2025-06-16;2025-06-17;2025-06-18;2025-06-19;2025-06-20;2025-06-21;2025-06-22;2025-06-23;2025-06-24;2025-06-25;2025-06-26;2025-06-27;2025-06-28;2025-06-29;2025-06-30;2025-07-01;2025-07-02;2025-07-03;2025-07-04;2025-07-05;2025-07-06;2025-07-07,28,9735.11701529408,2025-06-10;2025-06-11;2025-06-12;2025-06-13;2025-06-14;2025-06-15;2025-06-16;2025-06-17;2025-06-18;2025-06-19;2025-06-20;2025-06-21;2025-06-22;2025-06-23;2025-06-24;2025-06-25;2025-06-26;2025-06-27;2025-06-28;2025-06-29;2025-06-30;2025-07-01;2025-07-02;2025-07-03;2025-07-04;2025-07-05;2025-07-06;2025-07-07,2025-06-24;2025-06-25;2025-06-26;2025-06-27;2025-06-28;2025-06-29;2025-06-30;2025-07-01;2025-07-02;2025-07-03;2025-07-04;2025-07-05;2025-07-06;2025-07-07,,2025-07-07,9600.0,10800.0,10800.0,69.75731623376538,78.0099855536401,32.85751008532775,53.701953937134505,98267.4298729671,17.162486628910813,18381.53050714748,63152.65159755438,61.54355836698089,63214.19515592136,63152.65159755439,63152.65153440172,41264.90238297469,1802.1253003763632,lexicographic,6.315265153440171e-05,4.126490234170977e-05,False,0.13063440000041737,1.1521222684086239e-16,1,0
2025-07-09,False,calendar_trend,4,1.0,7,1.0,0,calibrated_quantile,2025-06-11;2025-06-12;2025-06-13;2025-06-14;2025-06-15;2025-06-16;2025-06-17;2025-06-18;2025-06-19;2025-06-20;2025-06-21;2025-06-22;2025-06-23;2025-06-24;2025-06-25;2025-06-26;2025-06-27;2025-06-28;2025-06-29;2025-06-30;2025-07-01;2025-07-02;2025-07-03;2025-07-04;2025-07-05;2025-07-06;2025-07-07;2025-07-08,28,9716.801409872955,2025-06-11;2025-06-12;2025-06-13;2025-06-14;2025-06-15;2025-06-16;2025-06-17;2025-06-18;2025-06-19;2025-06-20;2025-06-21;2025-06-22;2025-06-23;2025-06-24;2025-06-25;2025-06-26;2025-06-27;2025-06-28;2025-06-29;2025-06-30;2025-07-01;2025-07-02;2025-07-03;2025-07-04;2025-07-05;2025-07-06;2025-07-07;2025-07-08,2025-06-25;2025-06-26;2025-06-27;2025-06-28;2025-06-29;2025-06-30;2025-07-01;2025-07-02;2025-07-03;2025-07-04;2025-07-05;2025-07-06;2025-07-07;2025-07-08,,2025-07-08,9600.0,10800.0,10800.0,71.41518003927338,79.77853594863618,27.24733244366333,47.23726174712238,97869.56601727515,26.982222228666103,19490.107469909424,63029.90015506946,85.52791478343201,63115.42806985289,63029.90015506946,63029.900092039534,41417.713225258834,1795.4878820593008,lexicographic,6.302990009203954e-05,4.141771318384112e-05,False,0.17962299999999232,1.1543660395397572e-16,1,0
2025-07-10,False,calendar_trend,4,1.0,7,1.0,0,calibrated_quantile,2025-06-12;2025-06-13;2025-06-14;2025-06-15;2025-06-16;2025-06-17;2025-06-18;2025-06-19;2025-06-20;2025-06-21;2025-06-22;2025-06-23;2025-06-24;2025-06-25;2025-06-26;2025-06-27;2025-06-28;2025-06-29;2025-06-30;2025-07-01;2025-07-02;2025-07-03;2025-07-04;2025-07-05;2025-07-06;2025-07-07;2025-07-08;2025-07-09,28,9568.1141682715,2025-06-12;2025-06-13;2025-06-14;2025-06-15;2025-06-16;2025-06-17;2025-06-18;2025-06-19;2025-06-20;2025-06-21;2025-06-22;2025-06-23;2025-06-24;2025-06-25;2025-06-26;2025-06-27;2025-06-28;2025-06-29;2025-06-30;2025-07-01;2025-07-02;2025-07-03;2025-07-04;2025-07-05;2025-07-06;2025-07-07;2025-07-08;2025-07-09,2025-06-26;2025-06-27;2025-06-28;2025-06-29;2025-06-30;2025-07-01;2025-07-02;2025-07-03;2025-07-04;2025-07-05;2025-07-06;2025-07-07;2025-07-08;2025-07-09,,2025-07-09,9600.0,10800.0,10800.0,70.21864598342961,79.97478242958402,19.501129090399353,37.62836402487842,97023.6828846469,0.0,19778.059477934727,62536.764548387175,0.0,62536.764548387175,62536.764548387175,62536.76448585043,41839.579170082776,1813.1187227844493,lexicographic,6.253676448585044e-05,4.1839579128243195e-05,False,0.18988830000307644,0.0,1,0
2025-07-11,False,calendar_trend,4,1.0,7,1.0,0,calibrated_quantile,2025-06-13;2025-06-14;2025-06-15;2025-06-16;2025-06-17;2025-06-18;2025-06-19;2025-06-20;2025-06-21;2025-06-22;2025-06-23;2025-06-24;2025-06-25;2025-06-26;2025-06-27;2025-06-28;2025-06-29;2025-06-30;2025-07-01;2025-07-02;2025-07-03;2025-07-04;2025-07-05;2025-07-06;2025-07-07;2025-07-08;2025-07-09;2025-07-10,28,9555.151840167819,2025-06-13;2025-06-14;2025-06-15;2025-06-16;2025-06-17;2025-06-18;2025-06-19;2025-06-20;2025-06-21;2025-06-22;2025-06-23;2025-06-24;2025-06-25;2025-06-26;2025-06-27;2025-06-28;2025-06-29;2025-06-30;2025-07-01;2025-07-02;2025-07-03;2025-07-04;2025-07-05;2025-07-06;2025-07-07;2025-07-08;2025-07-09;2025-07-10,2025-06-27;2025-06-28;2025-06-29;2025-06-30;2025-07-01;2025-07-02;2025-07-03;2025-07-04;2025-07-05;2025-07-06;2025-07-07;2025-07-08;2025-07-09;2025-07-10,,2025-07-10,9600.0,10800.0,10800.0,26.822871590218732,32.797601797400844,48.67963747363225,88.99633205147309,49549.76340954503,1446.23879131411,14423.891717525808,29778.84646654058,4267.377616175557,34046.22408271614,29778.84646654058,29778.846436761727,38613.33333333333,1577.6536447922117,lexicographic,2.977884643676173e-05,3.861333333333334e-05,False,0.1788818999993964,0.0,1,0
2025-07-12,False,calendar_trend,4,1.0,7,1.0,0,calibrated_quantile,2025-06-14;2025-06-15;2025-06-16;2025-06-17;2025-06-18;2025-06-19;2025-06-20;2025-06-21;2025-06-22;2025-06-23;2025-06-24;2025-06-25;2025-06-26;2025-06-27;2025-06-28;2025-06-29;2025-06-30;2025-07-01;2025-07-02;2025-07-03;2025-07-04;2025-07-05;2025-07-06;2025-07-07;2025-07-08;2025-07-09;2025-07-10;2025-07-11,28,9969.154353424285,2025-06-14;2025-06-15;2025-06-16;2025-06-17;2025-06-18;2025-06-19;2025-06-20;2025-06-21;2025-06-22;2025-06-23;2025-06-24;2025-06-25;2025-06-26;2025-06-27;2025-06-28;2025-06-29;2025-06-30;2025-07-01;2025-07-02;2025-07-03;2025-07-04;2025-07-05;2025-07-06;2025-07-07;2025-07-08;2025-07-09;2025-07-10;2025-07-11,2025-06-28;2025-06-29;2025-06-30;2025-07-01;2025-07-02;2025-07-03;2025-07-04;2025-07-05;2025-07-06;2025-07-07;2025-07-08;2025-07-09;2025-07-10;2025-07-11,,2025-07-11,9600.0,10800.0,10800.0,30.467433090571514,37.99622466154355,26.156331737983837,44.0692821837428,50407.820396892086,283.6664815183715,15553.910211743792,30042.6478906177,853.315310471682,30895.96320108938,30042.647890617696,30042.647860575056,38613.33333333333,1696.127816414974,lexicographic,3.0042647860575057e-05,3.861333333333333e-05,False,0.25343290000091656,0.0,1,0
2025-07-13,False,calendar_trend,4,1.0,7,1.0,0,calibrated_quantile,2025-06-15;2025-06-16;2025-06-17;2025-06-18;2025-06-19;2025-06-20;2025-06-21;2025-06-22;2025-06-23;2025-06-24;2025-06-25;2025-06-26;2025-06-27;2025-06-28;2025-06-29;2025-06-30;2025-07-01;2025-07-02;2025-07-03;2025-07-04;2025-07-05;2025-07-06;2025-07-07;2025-07-08;2025-07-09;2025-07-10;2025-07-11;2025-07-12,28,10123.306539745096,2025-06-15;2025-06-16;2025-06-17;2025-06-18;2025-06-19;2025-06-20;2025-06-21;2025-06-22;2025-06-23;2025-06-24;2025-06-25;2025-06-26;2025-06-27;2025-06-28;2025-06-29;2025-06-30;2025-07-01;2025-07-02;2025-07-03;2025-07-04;2025-07-05;2025-07-06;2025-07-07;2025-07-08;2025-07-09;2025-07-10;2025-07-11;2025-07-12,2025-06-29;2025-06-30;2025-07-01;2025-07-02;2025-07-03;2025-07-04;2025-07-05;2025-07-06;2025-07-07;2025-07-08;2025-07-09;2025-07-10;2025-07-11;2025-07-12,,2025-07-12,9600.0,10800.0,10800.0,66.92376286045219,75.33684722712451,31.12263132901785,57.22666160728633,97146.87378425256,0.0,23579.486119682093,62528.39382646083,0.0,62528.39382646083,62528.39382646084,62528.393763932436,40959.9881519607,1777.9111074763523,lexicographic,6.252839376393244e-05,4.0959988111000715e-05,False,0.15379819999725441,0.0,1,0
2025-07-14,False,calendar_trend,4,1.0,7,1.0,0,calibrated_quantile,2025-06-16;2025-06-17;2025-06-18;2025-06-19;2025-06-20;2025-06-21;2025-06-22;2025-06-23;2025-06-24;2025-06-25;2025-06-26;2025-06-27;2025-06-28;2025-06-29;2025-06-30;2025-07-01;2025-07-02;2025-07-03;2025-07-04;2025-07-05;2025-07-06;2025-07-07;2025-07-08;2025-07-09;2025-07-10;2025-07-11;2025-07-12;2025-07-13,28,10090.17377426215,2025-06-16;2025-06-17;2025-06-18;2025-06-19;2025-06-20;2025-06-21;2025-06-22;2025-06-23;2025-06-24;2025-06-25;2025-06-26;2025-06-27;2025-06-28;2025-06-29;2025-06-30;2025-07-01;2025-07-02;2025-07-03;2025-07-04;2025-07-05;2025-07-06;2025-07-07;2025-07-08;2025-07-09;2025-07-10;2025-07-11;2025-07-12;2025-07-13,2025-06-30;2025-07-01;2025-07-02;2025-07-03;2025-07-04;2025-07-05;2025-07-06;2025-07-07;2025-07-08;2025-07-09;2025-07-10;2025-07-11;2025-07-12;2025-07-13,,2025-07-13,9600.0,10800.0,10800.0,52.38504834354288,61.04955311556827,22.317048461524248,41.51321149267941,95227.08808879211,0.0,19156.338902049385,61218.10638398683,0.0,61218.10638398683,61218.10638398683,61218.10632276871,40611.35076756666,1754.0368722665708,lexicographic,6.121810632276871e-05,4.061135072695531e-05,False,0.14648850000230595,1.188530330523683e-16,1,0
2025-07-15,False,calendar_trend,4,1.0,7,1.0,0,calibrated_quantile,2025-06-17;2025-06-18;2025-06-19;2025-06-20;2025-06-21;2025-06-22;2025-06-23;2025-06-24;2025-06-25;2025-06-26;2025-06-27;2025-06-28;2025-06-29;2025-06-30;2025-07-01;2025-07-02;2025-07-03;2025-07-04;2025-07-05;2025-07-06;2025-07-07;2025-07-08;2025-07-09;2025-07-10;2025-07-11;2025-07-12;2025-07-13;2025-07-14,28,9994.116658969935,2025-06-17;2025-06-18;2025-06-19;2025-06-20;2025-06-21;2025-06-22;2025-06-23;2025-06-24;2025-06-25;2025-06-26;2025-06-27;2025-06-28;2025-06-29;2025-06-30;2025-07-01;2025-07-02;2025-07-03;2025-07-04;2025-07-05;2025-07-06;2025-07-07;2025-07-08;2025-07-09;2025-07-10;2025-07-11;2025-07-12;2025-07-13;2025-07-14,2025-07-01;2025-07-02;2025-07-03;2025-07-04;2025-07-05;2025-07-06;2025-07-07;2025-07-08;2025-07-09;2025-07-10;2025-07-11;2025-07-12;2025-07-13;2025-07-14,,2025-07-14,9600.0,10800.0,10800.0,83.133889975664,91.79443473049464,38.11676586061103,74.72147903848474,98230.18498853507,346.4954926723037,21550.35614463667,63490.220658427155,777.3829092008531,64267.60356762801,63490.22065842716,63490.22059493693,40746.66049136658,1792.6284593603013,lexicographic,6.349022059493693e-05,4.074666045061993e-05,False,0.21654639999906067,0.0,1,0
2025-07-16,False,calendar_trend,4,1.0,7,1.0,0,calibrated_quantile,2025-06-18;2025-06-19;2025-06-20;2025-06-21;2025-06-22;2025-06-23;2025-06-24;2025-06-25;2025-06-26;2025-06-27;2025-06-28;2025-06-29;2025-06-30;2025-07-01;2025-07-02;2025-07-03;2025-07-04;2025-07-05;2025-07-06;2025-07-07;2025-07-08;2025-07-09;2025-07-10;2025-07-11;2025-07-12;2025-07-13;2025-07-14;2025-07-15,28,10044.60215487635,2025-06-18;2025-06-19;2025-06-20;2025-06-21;2025-06-22;2025-06-23;2025-06-24;2025-06-25;2025-06-26;2025-06-27;2025-06-28;2025-06-29;2025-06-30;2025-07-01;2025-07-02;2025-07-03;2025-07-04;2025-07-05;2025-07-06;2025-07-07;2025-07-08;2025-07-09;2025-07-10;2025-07-11;2025-07-12;2025-07-13;2025-07-14;2025-07-15,2025-07-02;2025-07-03;2025-07-04;2025-07-05;2025-07-06;2025-07-07;2025-07-08;2025-07-09;2025-07-10;2025-07-11;2025-07-12;2025-07-13;2025-07-14;2025-07-15,,2025-07-15,9600.0,10800.0,10800.0,54.4533412159317,64.35333123732157,22.169097063469653,39.53421620539754,94766.91524288701,66.681707596494,18449.56947617284,60713.905748024175,276.9403157562673,60990.846063780446,60713.90574802417,60713.90568731028,40481.73686667875,1751.4662987976794,lexicographic,6.0713905687310284e-05,4.0481736826197015e-05,False,0.1133360999992874,0.0,1,0
2025-07-17,False,calendar_trend,4,1.0,7,1.0,0,calibrated_quantile,2025-06-19;2025-06-20;2025-06-21;2025-06-22;2025-06-23;2025-06-24;2025-06-25;2025-06-26;2025-06-27;2025-06-28;2025-06-29;2025-06-30;2025-07-01;2025-07-02;2025-07-03;2025-07-04;2025-07-05;2025-07-06;2025-07-07;2025-07-08;2025-07-09;2025-07-10;2025-07-11;2025-07-12;2025-07-13;2025-07-14;2025-07-15;2025-07-16,28,10066.098654877891,2025-06-19;2025-06-20;2025-06-21;2025-06-22;2025-06-23;2025-06-24;2025-06-25;2025-06-26;2025-06-27;2025-06-28;2025-06-29;2025-06-30;2025-07-01;2025-07-02;2025-07-03;2025-07-04;2025-07-05;2025-07-06;2025-07-07;2025-07-08;2025-07-09;2025-07-10;2025-07-11;2025-07-12;2025-07-13;2025-07-14;2025-07-15;2025-07-16,2025-07-03;2025-07-04;2025-07-05;2025-07-06;2025-07-07;2025-07-08;2025-07-09;2025-07-10;2025-07-11;2025-07-12;2025-07-13;2025-07-14;2025-07-15;2025-07-16,,2025-07-16,9600.0,10800.0,10800.0,48.19988437622236,58.25782721233106,26.285293625024995,47.031956040692464,91842.84897198534,430.5884410823493,15356.229625885167,58675.40484689523,2056.9120457339227,60732.316892629155,58675.40484689524,58675.40478821982,39979.96323228264,1764.2740907330658,lexicographic,5.8675404788219826e-05,3.9979963192302675e-05,False,0.14096459999927902,2.480070700984481e-16,1,0
2025-07-18,False,calendar_trend,4,1.0,7,1.0,0,calibrated_quantile,2025-06-20;2025-06-21;2025-06-22;2025-06-23;2025-06-24;2025-06-25;2025-06-26;2025-06-27;2025-06-28;2025-06-29;2025-06-30;2025-07-01;2025-07-02;2025-07-03;2025-07-04;2025-07-05;2025-07-06;2025-07-07;2025-07-08;2025-07-09;2025-07-10;2025-07-11;2025-07-12;2025-07-13;2025-07-14;2025-07-15;2025-07-16;2025-07-17,28,10105.737628525443,2025-06-20;2025-06-21;2025-06-22;2025-06-23;2025-06-24;2025-06-25;2025-06-26;2025-06-27;2025-06-28;2025-06-29;2025-06-30;2025-07-01;2025-07-02;2025-07-03;2025-07-04;2025-07-05;2025-07-06;2025-07-07;2025-07-08;2025-07-09;2025-07-10;2025-07-11;2025-07-12;2025-07-13;2025-07-14;2025-07-15;2025-07-16;2025-07-17,2025-07-04;2025-07-05;2025-07-06;2025-07-07;2025-07-08;2025-07-09;2025-07-10;2025-07-11;2025-07-12;2025-07-13;2025-07-14;2025-07-15;2025-07-16;2025-07-17,,2025-07-17,9600.0,10800.0,10800.0,21.34849429819868,27.184175620085476,39.683652394755505,71.0796772795453,47475.70755802255,553.6702616953672,12701.796386384587,28292.48766999159,1973.5585266785602,30266.04619667015,28292.48766999159,28292.487641699103,38613.33333333333,1556.973870116348,lexicographic,2.8292487641699105e-05,3.861333333333333e-05,False,0.2155367000013939,0.0,1,0
2025-07-19,False,calendar_trend,4,1.0,7,1.0,0,calibrated_quantile,2025-06-21;2025-06-22;2025-06-23;2025-06-24;2025-06-25;2025-06-26;2025-06-27;2025-06-28;2025-06-29;2025-06-30;2025-07-01;2025-07-02;2025-07-03;2025-07-04;2025-07-05;2025-07-06;2025-07-07;2025-07-08;2025-07-09;2025-07-10;2025-07-11;2025-07-12;2025-07-13;2025-07-14;2025-07-15;2025-07-16;2025-07-17;2025-07-18,28,10698.151982364854,2025-06-21;2025-06-22;2025-06-23;2025-06-24;2025-06-25;2025-06-26;2025-06-27;2025-06-28;2025-06-29;2025-06-30;2025-07-01;2025-07-02;2025-07-03;2025-07-04;2025-07-05;2025-07-06;2025-07-07;2025-07-08;2025-07-09;2025-07-10;2025-07-11;2025-07-12;2025-07-13;2025-07-14;2025-07-15;2025-07-16;2025-07-17;2025-07-18,2025-07-05;2025-07-06;2025-07-07;2025-07-08;2025-07-09;2025-07-10;2025-07-11;2025-07-12;2025-07-13;2025-07-14;2025-07-15;2025-07-16;2025-07-17;2025-07-18,,2025-07-18,9600.0,10800.0,10800.0,28.78844705440043,35.545845186971285,21.516285926518037,38.619115711652746,46914.69878761134,101.77535503476315,15780.321770151637,27706.073117275515,256.7991060426549,27962.87222331817,27706.07311727552,27706.07308956944,38613.33323007889,1606.7887242126162,lexicographic,2.770607308956944e-05,3.861333319146556e-05,False,0.16774149999764632,0.0,1,0
2025-07-20,False,calendar_trend,4,1.0,7,1.0,0,calibrated_quantile,2025-06-22;2025-06-23;2025-06-24;2025-06-25;2025-06-26;2025-06-27;2025-06-28;2025-06-29;2025-06-30;2025-07-01;2025-07-02;2025-07-03;2025-07-04;2025-07-05;2025-07-06;2025-07-07;2025-07-08;2025-07-09;2025-07-10;2025-07-11;2025-07-12;2025-07-13;2025-07-14;2025-07-15;2025-07-16;2025-07-17;2025-07-18;2025-07-19,28,10706.340569476564,2025-06-22;2025-06-23;2025-06-24;2025-06-25;2025-06-26;2025-06-27;2025-06-28;2025-06-29;2025-06-30;2025-07-01;2025-07-02;2025-07-03;2025-07-04;2025-07-05;2025-07-06;2025-07-07;2025-07-08;2025-07-09;2025-07-10;2025-07-11;2025-07-12;2025-07-13;2025-07-14;2025-07-15;2025-07-16;2025-07-17;2025-07-18;2025-07-19,2025-07-06;2025-07-07;2025-07-08;2025-07-09;2025-07-10;2025-07-11;2025-07-12;2025-07-13;2025-07-14;2025-07-15;2025-07-16;2025-07-17;2025-07-18;2025-07-19,,2025-07-19,9600.0,10800.0,10800.0,27.998043815051144,35.249835307346686,19.09388997489883,32.45592736139374,87640.18721804491,154.00441515324056,11466.334438392281,55510.214293286816,603.2320491971767,56113.44634248399,55510.214293286816,55510.21423777661,40371.373423326135,1723.990199833153,lexicographic,5.551021423777661e-05,4.037137338295477e-05,False,0.1411069999994652,0.0,1,0
2025-07-21,False,calendar_trend,4,1.0,7,1.0,0,calibrated_quantile,2025-06-23;2025-06-24;2025-06-25;2025-06-26;2025-06-27;2025-06-28;2025-06-29;2025-06-30;2025-07-01;2025-07-02;2025-07-03;2025-07-04;2025-07-05;2025-07-06;2025-07-07;2025-07-08;2025-07-09;2025-07-10;2025-07-11;2025-07-12;2025-07-13;2025-07-14;2025-07-15;2025-07-16;2025-07-17;2025-07-18;2025-07-19;2025-07-20,28,10673.155872762696,2025-06-23;2025-06-24;2025-06-25;2025-06-26;2025-06-27;2025-06-28;2025-06-29;2025-06-30;2025-07-01;2025-07-02;2025-07-03;2025-07-04;2025-07-05;2025-07-06;2025-07-07;2025-07-08;2025-07-09;2025-07-10;2025-07-11;2025-07-12;2025-07-13;2025-07-14;2025-07-15;2025-07-16;2025-07-17;2025-07-18;2025-07-19;2025-07-20,2025-07-07;2025-07-08;2025-07-09;2025-07-10;2025-07-11;2025-07-12;2025-07-13;2025-07-14;2025-07-15;2025-07-16;2025-07-17;2025-07-18;2025-07-19;2025-07-20,,2025-07-20,9600.0,10800.0,10800.0,30.608638417276982,38.117490821510735,25.732840236095235,44.408590393932805,86798.640843004,519.2861529702943,9105.738430506812,54864.802860429634,1741.2711837619408,56606.07404419158,54864.80286042963,54864.802805564825,40224.28936840083,1707.4772493630624,lexicographic,5.4864802805564825e-05,4.0224289328176536e-05,False,0.17127439999967464,2.6523225245039757e-16,1,0
2025-07-22,False,calendar_trend,4,1.0,7,1.0,0,calibrated_quantile,2025-06-24;2025-06-25;2025-06-26;2025-06-27;2025-06-28;2025-06-29;2025-06-30;2025-07-01;2025-07-02;2025-07-03;2025-07-04;2025-07-05;2025-07-06;2025-07-07;2025-07-08;2025-07-09;2025-07-10;2025-07-11;2025-07-12;2025-07-13;2025-07-14;2025-07-15;2025-07-16;2025-07-17;2025-07-18;2025-07-19;2025-07-20;2025-07-21,28,10786.759976472054,2025-06-24;2025-06-25;2025-06-26;2025-06-27;2025-06-28;2025-06-29;2025-06-30;2025-07-01;2025-07-02;2025-07-03;2025-07-04;2025-07-05;2025-07-06;2025-07-07;2025-07-08;2025-07-09;2025-07-10;2025-07-11;2025-07-12;2025-07-13;2025-07-14;2025-07-15;2025-07-16;2025-07-17;2025-07-18;2025-07-19;2025-07-20;2025-07-21,2025-07-08;2025-07-09;2025-07-10;2025-07-11;2025-07-12;2025-07-13;2025-07-14;2025-07-15;2025-07-16;2025-07-17;2025-07-18;2025-07-19;2025-07-20;2025-07-21,,2025-07-21,9600.0,10800.0,10800.0,31.62034513949657,39.78530039098672,30.330564787121958,60.196401189011674,89090.37810224583,589.8852651105017,11689.622189163929,56448.874741364925,2515.4180549276866,58964.29279629261,56448.874741364925,56448.87468491604,39967.62513874522,1694.08000869684,lexicographic,5.644887468491604e-05,3.9967625098777596e-05,False,0.1879246000025887,3.8668393239702623e-16,1,0
2025-07-23,False,calendar_trend,4,1.0,7,1.0,0,calibrated_quantile,2025-06-25;2025-06-26;2025-06-27;2025-06-28;2025-06-29;2025-06-30;2025-07-01;2025-07-02;2025-07-03;2025-07-04;2025-07-05;2025-07-06;2025-07-07;2025-07-08;2025-07-09;2025-07-10;2025-07-11;2025-07-12;2025-07-13;2025-07-14;2025-07-15;2025-07-16;2025-07-17;2025-07-18;2025-07-19;2025-07-20;2025-07-21;2025-07-22,28,9984.434835295455,2025-06-25;2025-06-26;2025-06-27;2025-06-28;2025-06-29;2025-06-30;2025-07-01;2025-07-02;2025-07-03;2025-07-04;2025-07-05;2025-07-06;2025-07-07;2025-07-08;2025-07-09;2025-07-10;2025-07-11;2025-07-12;2025-07-13;2025-07-14;2025-07-15;2025-07-16;2025-07-17;2025-07-18;2025-07-19;2025-07-20;2025-07-21;2025-07-22,2025-07-09;2025-07-10;2025-07-11;2025-07-12;2025-07-13;2025-07-14;2025-07-15;2025-07-16;2025-07-17;2025-07-18;2025-07-19;2025-07-20;2025-07-21;2025-07-22,,2025-07-22,9600.0,10800.0,10800.0,27.741890392258206,34.40814476502167,27.74243242635903,47.29737537113821,85925.41364767164,668.0939235468023,8169.323040560161,54129.03520223264,2924.9669472193805,57054.00214945202,54129.03520223264,54129.035148103605,40083.28273328855,1698.0546514362986,lexicographic,5.412903514810361e-05,4.008328269320527e-05,False,0.14650189999883878,0.0,1,0
2025-07-24,False,calendar_trend,4,1.0,7,1.0,0,calibrated_quantile,2025-06-26;2025-06-27;2025-06-28;2025-06-29;2025-06-30;2025-07-01;2025-07-02;2025-07-03;2025-07-04;2025-07-05;2025-07-06;2025-07-07;2025-07-08;2025-07-09;2025-07-10;2025-07-11;2025-07-12;2025-07-13;2025-07-14;2025-07-15;2025-07-16;2025-07-17;2025-07-18;2025-07-19;2025-07-20;2025-07-21;2025-07-22;2025-07-23,28,9908.573593419553,2025-06-26;2025-06-27;2025-06-28;2025-06-29;2025-06-30;2025-07-01;2025-07-02;2025-07-03;2025-07-04;2025-07-05;2025-07-06;2025-07-07;2025-07-08;2025-07-09;2025-07-10;2025-07-11;2025-07-12;2025-07-13;2025-07-14;2025-07-15;2025-07-16;2025-07-17;2025-07-18;2025-07-19;2025-07-20;2025-07-21;2025-07-22;2025-07-23,2025-07-10;2025-07-11;2025-07-12;2025-07-13;2025-07-14;2025-07-15;2025-07-16;2025-07-17;2025-07-18;2025-07-19;2025-07-20;2025-07-21;2025-07-22;2025-07-23,,2025-07-23,9600.0,10800.0,10800.0,32.93804565392257,39.575207249573964,30.771118386702614,51.67070159456701,84268.2722928513,1214.6427759785524,7615.012694344466,53105.95457004011,4781.248484716274,57887.20305475638,53105.95457004011,53105.954516934136,40500.46830430801,1695.8595782528405,lexicographic,5.310595451693414e-05,4.050046826380753e-05,False,0.17563810000137892,1.3700832007196688e-16,1,0
2025-07-25,False,calendar_trend,4,1.0,7,1.0,0,calibrated_quantile,2025-06-27;2025-06-28;2025-06-29;2025-06-30;2025-07-01;2025-07-02;2025-07-03;2025-07-04;2025-07-05;2025-07-06;2025-07-07;2025-07-08;2025-07-09;2025-07-10;2025-07-11;2025-07-12;2025-07-13;2025-07-14;2025-07-15;2025-07-16;2025-07-17;2025-07-18;2025-07-19;2025-07-20;2025-07-21;2025-07-22;2025-07-23;2025-07-24,28,10090.332928237585,2025-06-27;2025-06-28;2025-06-29;2025-06-30;2025-07-01;2025-07-02;2025-07-03;2025-07-04;2025-07-05;2025-07-06;2025-07-07;2025-07-08;2025-07-09;2025-07-10;2025-07-11;2025-07-12;2025-07-13;2025-07-14;2025-07-15;2025-07-16;2025-07-17;2025-07-18;2025-07-19;2025-07-20;2025-07-21;2025-07-22;2025-07-23;2025-07-24,2025-07-11;2025-07-12;2025-07-13;2025-07-14;2025-07-15;2025-07-16;2025-07-17;2025-07-18;2025-07-19;2025-07-20;2025-07-21;2025-07-22;2025-07-23;2025-07-24,,2025-07-24,9600.0,10800.0,10800.0,29.913822884834318,36.24951952274829,21.262168006761012,38.00338305796941,44431.71447270943,298.9393714439053,14172.000954138673,26094.20791259315,1208.0497164729577,27302.257629066105,26094.20791259315,26094.207886498938,38613.333238209816,1503.3034862519962,lexicographic,2.609420788649894e-05,3.8613333199596486e-05,False,0.20247859999653883,0.0,1,0
2025-07-26,False,calendar_trend,4,1.0,7,1.0,0,calibrated_quantile,2025-06-28;2025-06-29;2025-06-30;2025-07-01;2025-07-02;2025-07-03;2025-07-04;2025-07-05;2025-07-06;2025-07-07;2025-07-08;2025-07-09;2025-07-10;2025-07-11;2025-07-12;2025-07-13;2025-07-14;2025-07-15;2025-07-16;2025-07-17;2025-07-18;2025-07-19;2025-07-20;2025-07-21;2025-07-22;2025-07-23;2025-07-24;2025-07-25,28,10270.264688552958,2025-06-28;2025-06-29;2025-06-30;2025-07-01;2025-07-02;2025-07-03;2025-07-04;2025-07-05;2025-07-06;2025-07-07;2025-07-08;2025-07-09;2025-07-10;2025-07-11;2025-07-12;2025-07-13;2025-07-14;2025-07-15;2025-07-16;2025-07-17;2025-07-18;2025-07-19;2025-07-20;2025-07-21;2025-07-22;2025-07-23;2025-07-24;2025-07-25,2025-07-12;2025-07-13;2025-07-14;2025-07-15;2025-07-16;2025-07-17;2025-07-18;2025-07-19;2025-07-20;2025-07-21;2025-07-22;2025-07-23;2025-07-24;2025-07-25,,2025-07-25,9596.531933022134,10800.0,10796.531933022134,36.059311361637555,44.21325267027334,23.33075787670866,43.216125542918206,44345.35872925936,792.063500828235,12618.850737840781,25959.513134690125,2434.3368034979208,28393.849938188047,25959.51313469013,25959.513108730625,38609.47992558015,1639.2261393437414,lexicographic,2.5959513108730628e-05,3.860947992558014e-05,False,0.25281250000261934,0.0,1,0
2025-07-27,False,calendar_trend,4,1.0,7,1.0,0,calibrated_quantile,2025-06-29;2025-06-30;2025-07-01;2025-07-02;2025-07-03;2025-07-04;2025-07-05;2025-07-06;2025-07-07;2025-07-08;2025-07-09;2025-07-10;2025-07-11;2025-07-12;2025-07-13;2025-07-14;2025-07-15;2025-07-16;2025-07-17;2025-07-18;2025-07-19;2025-07-20;2025-07-21;2025-07-22;2025-07-23;2025-07-24;2025-07-25;2025-07-26,28,10381.268689769107,2025-06-29;2025-06-30;2025-07-01;2025-07-02;2025-07-03;2025-07-04;2025-07-05;2025-07-06;2025-07-07;2025-07-08;2025-07-09;2025-07-10;2025-07-11;2025-07-12;2025-07-13;2025-07-14;2025-07-15;2025-07-16;2025-07-17;2025-07-18;2025-07-19;2025-07-20;2025-07-21;2025-07-22;2025-07-23;2025-07-24;2025-07-25;2025-07-26,2025-07-13;2025-07-14;2025-07-15;2025-07-16;2025-07-17;2025-07-18;2025-07-19;2025-07-20;2025-07-21;2025-07-22;2025-07-23;2025-07-24;2025-07-25;2025-07-26,,2025-07-26,9561.24972406321,10796.531933022134,10761.24972406321,42.5666614392327,50.835966538185836,26.438168755386144,47.7192166463743,82453.3533893385,1730.2506629149134,6401.6647561521895,51558.625191254476,7215.2135529064,58773.83874416088,51558.62519125447,51558.62513969584,39361.181916154135,1647.884174789032,lexicographic,5.1558625139695845e-05,3.936118187679295e-05,False,0.15104400000200258,0.0,1,0
2025-07-28,False,calendar_trend,4,1.0,7,1.0,0,calibrated_quantile,2025-06-30;2025-07-01;2025-07-02;2025-07-03;2025-07-04;2025-07-05;2025-07-06;2025-07-07;2025-07-08;2025-07-09;2025-07-10;2025-07-11;2025-07-12;2025-07-13;2025-07-14;2025-07-15;2025-07-16;2025-07-17;2025-07-18;2025-07-19;2025-07-20;2025-07-21;2025-07-22;2025-07-23;2025-07-24;2025-07-25;2025-07-26;2025-07-27,28,10528.311901276218,2025-06-30;2025-07-01;2025-07-02;2025-07-03;2025-07-04;2025-07-05;2025-07-06;2025-07-07;2025-07-08;2025-07-09;2025-07-10;2025-07-11;2025-07-12;2025-07-13;2025-07-14;2025-07-15;2025-07-16;2025-07-17;2025-07-18;2025-07-19;2025-07-20;2025-07-21;2025-07-22;2025-07-23;2025-07-24;2025-07-25;2025-07-26;2025-07-27,2025-07-14;2025-07-15;2025-07-16;2025-07-17;2025-07-18;2025-07-19;2025-07-20;2025-07-21;2025-07-22;2025-07-23;2025-07-24;2025-07-25;2025-07-26;2025-07-27,,2025-07-27,9525.967515104288,10761.24972406321,10725.967515104288,42.80225376752649,51.39953542116855,33.12510665611894,65.23279451257947,83340.63269311975,2591.8519142431705,3777.8479938538835,52125.4333159952,10001.397880446913,62126.831196442115,52125.4333159952,52125.433263869774,40342.48660128468,1684.4502994436832,lexicographic,5.2125433263869775e-05,4.034248656094219e-05,False,0.17822960000194144,1.395855565813912e-16,1,0
2025-07-29,False,calendar_trend,4,1.0,7,1.0,0,calibrated_quantile,2025-07-01;2025-07-02;2025-07-03;2025-07-04;2025-07-05;2025-07-06;2025-07-07;2025-07-08;2025-07-09;2025-07-10;2025-07-11;2025-07-12;2025-07-13;2025-07-14;2025-07-15;2025-07-16;2025-07-17;2025-07-18;2025-07-19;2025-07-20;2025-07-21;2025-07-22;2025-07-23;2025-07-24;2025-07-25;2025-07-26;2025-07-27;2025-07-28,28,10971.604703543064,2025-07-01;2025-07-02;2025-07-03;2025-07-04;2025-07-05;2025-07-06;2025-07-07;2025-07-08;2025-07-09;2025-07-10;2025-07-11;2025-07-12;2025-07-13;2025-07-14;2025-07-15;2025-07-16;2025-07-17;2025-07-18;2025-07-19;2025-07-20;2025-07-21;2025-07-22;2025-07-23;2025-07-24;2025-07-25;2025-07-26;2025-07-27;2025-07-28,2025-07-15;2025-07-16;2025-07-17;2025-07-18;2025-07-19;2025-07-20;2025-07-21;2025-07-22;2025-07-23;2025-07-24;2025-07-25;2025-07-26;2025-07-27;2025-07-28,,2025-07-28,9600.0,10725.967515104288,10800.0,30.490603223474377,37.17598666995518,26.654088455037463,52.95462719777636,89330.76626442865,633.0075492189791,9551.46910011088,56431.585714175795,2478.193150316188,58909.778864491986,56431.58571417579,56431.58565774421,40671.988890469685,1702.0347497103753,lexicographic,5.6431585657744214e-05,4.067198884979769e-05,False,0.1409721999989415,0.0,1,0
2025-07-30,False,calendar_trend,4,1.0,7,1.0,0,calibrated_quantile,2025-07-02;2025-07-03;2025-07-04;2025-07-05;2025-07-06;2025-07-07;2025-07-08;2025-07-09;2025-07-10;2025-07-11;2025-07-12;2025-07-13;2025-07-14;2025-07-15;2025-07-16;2025-07-17;2025-07-18;2025-07-19;2025-07-20;2025-07-21;2025-07-22;2025-07-23;2025-07-24;2025-07-25;2025-07-26;2025-07-27;2025-07-28;2025-07-29,28,10503.374716039145,2025-07-02;2025-07-03;2025-07-04;2025-07-05;2025-07-06;2025-07-07;2025-07-08;2025-07-09;2025-07-10;2025-07-11;2025-07-12;2025-07-13;2025-07-14;2025-07-15;2025-07-16;2025-07-17;2025-07-18;2025-07-19;2025-07-20;2025-07-21;2025-07-22;2025-07-23;2025-07-24;2025-07-25;2025-07-26;2025-07-27;2025-07-28;2025-07-29,2025-07-16;2025-07-17;2025-07-18;2025-07-19;2025-07-20;2025-07-21;2025-07-22;2025-07-23;2025-07-24;2025-07-25;2025-07-26;2025-07-27;2025-07-28;2025-07-29,,2025-07-29,9600.0,10800.0,10800.0,27.012000602332925,33.57270554300518,28.312523179537834,55.75766069412063,89384.27545009178,255.71890367083807,11287.570415193519,56424.5939533074,1041.6654065880803,57466.25935989548,56424.5939533074,56424.59389688281,40478.93420163193,1673.1423813433764,lexicographic,5.642459389688282e-05,4.0478934161153015e-05,False,0.15554279999923892,0.0,1,0
2025-07-31,False,calendar_trend,4,1.0,7,1.0,0,calibrated_quantile,2025-07-03;2025-07-04;2025-07-05;2025-07-06;2025-07-07;2025-07-08;2025-07-09;2025-07-10;2025-07-11;2025-07-12;2025-07-13;2025-07-14;2025-07-15;2025-07-16;2025-07-17;2025-07-18;2025-07-19;2025-07-20;2025-07-21;2025-07-22;2025-07-23;2025-07-24;2025-07-25;2025-07-26;2025-07-27;2025-07-28;2025-07-29;2025-07-30,28,10036.525730684632,2025-07-03;2025-07-04;2025-07-05;2025-07-06;2025-07-07;2025-07-08;2025-07-09;2025-07-10;2025-07-11;2025-07-12;2025-07-13;2025-07-14;2025-07-15;2025-07-16;2025-07-17;2025-07-18;2025-07-19;2025-07-20;2025-07-21;2025-07-22;2025-07-23;2025-07-24;2025-07-25;2025-07-26;2025-07-27;2025-07-28;2025-07-29;2025-07-30,2025-07-17;2025-07-18;2025-07-19;2025-07-20;2025-07-21;2025-07-22;2025-07-23;2025-07-24;2025-07-25;2025-07-26;2025-07-27;2025-07-28;2025-07-29;2025-07-30,,2025-07-30,9600.0,10800.0,10800.0,30.538300708912086,37.58812177123229,20.12062212825252,37.444938638441435,88571.323557491,271.2060451316325,9904.200735333136,55861.10500273786,1061.4866963908303,56922.59169912869,55861.10500273786,55861.10494687675,40423.326353301825,1669.1498401973163,lexicographic,5.5861104946876756e-05,4.0423326312878495e-05,False,0.06772479999926873,0.0,1,0
2025-08-01,False,calendar_trend,4,1.0,7,1.0,0,calibrated_quantile,2025-07-04;2025-07-05;2025-07-06;2025-07-07;2025-07-08;2025-07-09;2025-07-10;2025-07-11;2025-07-12;2025-07-13;2025-07-14;2025-07-15;2025-07-16;2025-07-17;2025-07-18;2025-07-19;2025-07-20;2025-07-21;2025-07-22;2025-07-23;2025-07-24;2025-07-25;2025-07-26;2025-07-27;2025-07-28;2025-07-29;2025-07-30;2025-07-31,28,9642.007546445544,2025-07-04;2025-07-05;2025-07-06;2025-07-07;2025-07-08;2025-07-09;2025-07-10;2025-07-11;2025-07-12;2025-07-13;2025-07-14;2025-07-15;2025-07-16;2025-07-17;2025-07-18;2025-07-19;2025-07-20;2025-07-21;2025-07-22;2025-07-23;2025-07-24;2025-07-25;2025-07-26;2025-07-27;2025-07-28;2025-07-29;2025-07-30;2025-07-31,2025-07-18;2025-07-19;2025-07-20;2025-07-21;2025-07-22;2025-07-23;2025-07-24;2025-07-25;2025-07-26;2025-07-27;2025-07-28;2025-07-29;2025-07-30;2025-07-31,,2025-07-31,9600.0,10800.0,10800.0,24.01593924972247,30.807636341205612,58.69333088976084,93.92165313215038,46215.71245498939,131.48649138414845,21042.50594637354,27261.652921253888,310.42565309570574,27572.078574349594,27261.652921253884,27261.652893992235,38613.33333333333,1505.6619596655291,lexicographic,2.7261652893992236e-05,3.861333333333333e-05,False,0.17004409999935888,0.0,1,0
2025-08-02,False,calendar_trend,4,1.0,7,1.0,0,calibrated_quantile,2025-07-05;2025-07-06;2025-07-07;2025-07-08;2025-07-09;2025-07-10;2025-07-11;2025-07-12;2025-07-13;2025-07-14;2025-07-15;2025-07-16;2025-07-17;2025-07-18;2025-07-19;2025-07-20;2025-07-21;2025-07-22;2025-07-23;2025-07-24;2025-07-25;2025-07-26;2025-07-27;2025-07-28;2025-07-29;2025-07-30;2025-07-31;2025-08-01,28,9179.66065920801,2025-07-05;2025-07-06;2025-07-07;2025-07-08;2025-07-09;2025-07-10;2025-07-11;2025-07-12;2025-07-13;2025-07-14;2025-07-15;2025-07-16;2025-07-17;2025-07-18;2025-07-19;2025-07-20;2025-07-21;2025-07-22;2025-07-23;2025-07-24;2025-07-25;2025-07-26;2025-07-27;2025-07-28;2025-07-29;2025-07-30;2025-07-31;2025-08-01,2025-07-19;2025-07-20;2025-07-21;2025-07-22;2025-07-23;2025-07-24;2025-07-25;2025-07-26;2025-07-27;2025-07-28;2025-07-29;2025-07-30;2025-07-31;2025-08-01,,2025-08-01,9600.0,10800.0,10800.0,25.223374547792805,32.103802773813236,43.706117609492054,79.01647610370776,45805.97887356467,31.874455912862366,20857.495062810878,27058.787390815058,147.14096223171785,27205.928353046776,27058.78739081506,27058.787363756273,38613.33333333333,1641.1319122789337,lexicographic,2.7058787363756277e-05,3.861333333333334e-05,False,0.18262829999730457,0.0,1,0
2025-08-03,False,calendar_trend,4,1.0,7,1.0,0,calibrated_quantile,2025-07-06;2025-07-07;2025-07-08;2025-07-09;2025-07-10;2025-07-11;2025-07-12;2025-07-13;2025-07-14;2025-07-15;2025-07-16;2025-07-17;2025-07-18;2025-07-19;2025-07-20;2025-07-21;2025-07-22;2025-07-23;2025-07-24;2025-07-25;2025-07-26;2025-07-27;2025-07-28;2025-07-29;2025-07-30;2025-07-31;2025-08-01;2025-08-02,28,8910.141496859427,2025-07-06;2025-07-07;2025-07-08;2025-07-09;2025-07-10;2025-07-11;2025-07-12;2025-07-13;2025-07-14;2025-07-15;2025-07-16;2025-07-17;2025-07-18;2025-07-19;2025-07-20;2025-07-21;2025-07-22;2025-07-23;2025-07-24;2025-07-25;2025-07-26;2025-07-27;2025-07-28;2025-07-29;2025-07-30;2025-07-31;2025-08-01;2025-08-02,2025-07-20;2025-07-21;2025-07-22;2025-07-23;2025-07-24;2025-07-25;2025-07-26;2025-07-27;2025-07-28;2025-07-29;2025-07-30;2025-07-31;2025-08-01;2025-08-02,,2025-08-02,9600.0,10800.0,10800.0,31.316905698476653,38.881493159352964,63.435224940441735,103.94554808551462,83303.39198141235,708.0840321485543,16974.09913502887,52369.82128011616,2611.361522511641,54981.182802627794,52369.82128011616,52369.82122774634,39990.49147531396,1643.4619716729703,lexicographic,5.236982122774634e-05,3.999049143532346e-05,False,0.16863409999859869,0.0,1,0
2025-08-04,False,calendar_trend,4,1.0,7,1.0,0,calibrated_quantile,2025-07-07;2025-07-08;2025-07-09;2025-07-10;2025-07-11;2025-07-12;2025-07-13;2025-07-14;2025-07-15;2025-07-16;2025-07-17;2025-07-18;2025-07-19;2025-07-20;2025-07-21;2025-07-22;2025-07-23;2025-07-24;2025-07-25;2025-07-26;2025-07-27;2025-07-28;2025-07-29;2025-07-30;2025-07-31;2025-08-01;2025-08-02;2025-08-03,28,8823.497994517755,2025-07-07;2025-07-08;2025-07-09;2025-07-10;2025-07-11;2025-07-12;2025-07-13;2025-07-14;2025-07-15;2025-07-16;2025-07-17;2025-07-18;2025-07-19;2025-07-20;2025-07-21;2025-07-22;2025-07-23;2025-07-24;2025-07-25;2025-07-26;2025-07-27;2025-07-28;2025-07-29;2025-07-30;2025-07-31;2025-08-01;2025-08-02;2025-08-03,2025-07-21;2025-07-22;2025-07-23;2025-07-24;2025-07-25;2025-07-26;2025-07-27;2025-07-28;2025-07-29;2025-07-30;2025-07-31;2025-08-01;2025-08-02;2025-08-03,,2025-08-03,9600.0,10800.0,10800.0,30.813755761059912,38.95104099934915,31.61518839229838,56.343016176173556,81553.70914960443,221.87222311734615,12210.358003512149,51220.70141047165,675.849274180039,51896.55068465169,51220.70141047166,51220.70135925093,39530.09788124262,1656.9095839741085,lexicographic,5.122070135925094e-05,3.953009784171252e-05,False,0.11955049999960465,0.0,1,0
2025-08-05,False,calendar_trend,4,1.0,7,1.0,0,calibrated_quantile,2025-07-08;2025-07-09;2025-07-10;2025-07-11;2025-07-12;2025-07-13;2025-07-14;2025-07-15;2025-07-16;2025-07-17;2025-07-18;2025-07-19;2025-07-20;2025-07-21;2025-07-22;2025-07-23;2025-07-24;2025-07-25;2025-07-26;2025-07-27;2025-07-28;2025-07-29;2025-07-30;2025-07-31;2025-08-01;2025-08-02;2025-08-03;2025-08-04,28,8889.747925179381,2025-07-08;2025-07-09;2025-07-10;2025-07-11;2025-07-12;2025-07-13;2025-07-14;2025-07-15;2025-07-16;2025-07-17;2025-07-18;2025-07-19;2025-07-20;2025-07-21;2025-07-22;2025-07-23;2025-07-24;2025-07-25;2025-07-26;2025-07-27;2025-07-28;2025-07-29;2025-07-30;2025-07-31;2025-08-01;2025-08-02;2025-08-03;2025-08-04,2025-07-22;2025-07-23;2025-07-24;2025-07-25;2025-07-26;2025-07-27;2025-07-28;2025-07-29;2025-07-30;2025-07-31;2025-08-01;2025-08-02;2025-08-03;2025-08-04,,2025-08-04,9596.531933022134,10800.0,10796.531933022134,31.56219033430471,40.064149964327186,20.37244439953487,33.524024452875196,80198.36699074261,287.34400844207585,11237.636030321382,50459.125976923926,1036.5051308946972,51495.631107818626,50459.125976923926,50459.12592646481,39050.408404575865,1645.9185843137902,lexicographic,5.045912592646481e-05,3.905040836552545e-05,False,0.11724529999992228,0.0,1,0
2025-08-06,False,calendar_trend,4,1.0,7,1.0,0,calibrated_quantile,2025-07-09;2025-07-10;2025-07-11;2025-07-12;2025-07-13;2025-07-14;2025-07-15;2025-07-16;2025-07-17;2025-07-18;2025-07-19;2025-07-20;2025-07-21;2025-07-22;2025-07-23;2025-07-24;2025-07-25;2025-07-26;2025-07-27;2025-07-28;2025-07-29;2025-07-30;2025-07-31;2025-08-01;2025-08-02;2025-08-03;2025-08-04;2025-08-05,28,9008.34674091489,2025-07-09;2025-07-10;2025-07-11;2025-07-12;2025-07-13;2025-07-14;2025-07-15;2025-07-16;2025-07-17;2025-07-18;2025-07-19;2025-07-20;2025-07-21;2025-07-22;2025-07-23;2025-07-24;2025-07-25;2025-07-26;2025-07-27;2025-07-28;2025-07-29;2025-07-30;2025-07-31;2025-08-01;2025-08-02;2025-08-03;2025-08-04;2025-08-05,2025-07-23;2025-07-24;2025-07-25;2025-07-26;2025-07-27;2025-07-28;2025-07-29;2025-07-30;2025-07-31;2025-08-01;2025-08-02;2025-08-03;2025-08-04;2025-08-05,,2025-08-05,9561.24972406321,10796.531933022134,10761.24972406321,31.670628759721613,39.147428480547255,34.95537545981356,67.17290833637021,78973.97687062237,1991.1652512260343,8904.035293423496,49706.585819245665,8236.950273379687,57943.53609262535,49706.58581924567,49706.5857695391,37931.83506793937,1667.6911407339962,lexicographic,4.9706585769539104e-05,3.7931835030007535e-05,False,0.1585683000012068,0.0,1,0
2025-08-07,False,calendar_trend,4,1.0,7,1.0,0,calibrated_quantile,2025-07-10;2025-07-11;2025-07-12;2025-07-13;2025-07-14;2025-07-15;2025-07-16;2025-07-17;2025-07-18;2025-07-19;2025-07-20;2025-07-21;2025-07-22;2025-07-23;2025-07-24;2025-07-25;2025-07-26;2025-07-27;2025-07-28;2025-07-29;2025-07-30;2025-07-31;2025-08-01;2025-08-02;2025-08-03;2025-08-04;2025-08-05;2025-08-06,28,9265.913595927945,2025-07-10;2025-07-11;2025-07-12;2025-07-13;2025-07-14;2025-07-15;2025-07-16;2025-07-17;2025-07-18;2025-07-19;2025-07-20;2025-07-21;2025-07-22;2025-07-23;2025-07-24;2025-07-25;2025-07-26;2025-07-27;2025-07-28;2025-07-29;2025-07-30;2025-07-31;2025-08-01;2025-08-02;2025-08-03;2025-08-04;2025-08-05;2025-08-06,2025-07-24;2025-07-25;2025-07-26;2025-07-27;2025-07-28;2025-07-29;2025-07-30;2025-07-31;2025-08-01;2025-08-02;2025-08-03;2025-08-04;2025-08-05;2025-08-06,,2025-08-06,9525.967515104288,10761.24972406321,10725.967515104288,30.4280778831865,38.29190374332666,18.676441383910106,35.21957684559087,78219.86078652085,300.43158951905394,11250.286131777337,49407.76256716449,1022.7060349809666,50430.46860214546,49407.762567164486,49407.76251775674,37315.610398638426,1655.2721721110524,lexicographic,4.9407762517756744e-05,3.7315610361322815e-05,False,0.15334179999990738,0.0,1,0
2025-08-08,False,calendar_trend,4,1.0,7,1.0,0,calibrated_quantile,2025-07-11;2025-07-12;2025-07-13;2025-07-14;2025-07-15;2025-07-16;2025-07-17;2025-07-18;2025-07-19;2025-07-20;2025-07-21;2025-07-22;2025-07-23;2025-07-24;2025-07-25;2025-07-26;2025-07-27;2025-07-28;2025-07-29;2025-07-30;2025-07-31;2025-08-01;2025-08-02;2025-08-03;2025-08-04;2025-08-05;2025-08-06;2025-08-07,28,9388.499915096927,2025-07-11;2025-07-12;2025-07-13;2025-07-14;2025-07-15;2025-07-16;2025-07-17;2025-07-18;2025-07-19;2025-07-20;2025-07-21;2025-07-22;2025-07-23;2025-07-24;2025-07-25;2025-07-26;2025-07-27;2025-07-28;2025-07-29;2025-07-30;2025-07-31;2025-08-01;2025-08-02;2025-08-03;2025-08-04;2025-08-05;2025-08-06;2025-08-07,2025-07-25;2025-07-26;2025-07-27;2025-07-28;2025-07-29;2025-07-30;2025-07-31;2025-08-01;2025-08-02;2025-08-03;2025-08-04;2025-08-05;2025-08-06;2025-08-07,,2025-08-07,9490.685306145364,10725.967515104288,10690.685306145364,22.561959111596316,28.896417463321107,29.969133742279098,50.81831497844725,44515.83054177163,49.073798752299666,24791.231301681335,26010.596461877238,209.72082365356238,26220.3172855308,26010.596461877234,26010.59643586663,38425.24323121666,1498.172825410414,lexicographic,2.6010596435866634e-05,3.842524319279142e-05,False,0.203794500001095,0.0,1,0
2025-08-09,False,calendar_trend,4,1.0,7,1.0,0,calibrated_quantile,2025-07-12;2025-07-13;2025-07-14;2025-07-15;2025-07-16;2025-07-17;2025-07-18;2025-07-19;2025-07-20;2025-07-21;2025-07-22;2025-07-23;2025-07-24;2025-07-25;2025-07-26;2025-07-27;2025-07-28;2025-07-29;2025-07-30;2025-07-31;2025-08-01;2025-08-02;2025-08-03;2025-08-04;2025-08-05;2025-08-06;2025-08-07;2025-08-08,28,8740.780521455305,2025-07-12;2025-07-13;2025-07-14;2025-07-15;2025-07-16;2025-07-17;2025-07-18;2025-07-19;2025-07-20;2025-07-21;2025-07-22;2025-07-23;2025-07-24;2025-07-25;2025-07-26;2025-07-27;2025-07-28;2025-07-29;2025-07-30;2025-07-31;2025-08-01;2025-08-02;2025-08-03;2025-08-04;2025-08-05;2025-08-06;2025-08-07;2025-08-08,2025-07-26;2025-07-27;2025-07-28;2025-07-29;2025-07-30;2025-07-31;2025-08-01;2025-08-02;2025-08-03;2025-08-04;2025-08-05;2025-08-06;2025-08-07;2025-08-08,,2025-08-08,9455.40309718643,10690.685306145364,10655.40309718643,25.81482333869549,32.32109279066081,31.111568920665654,59.147542965628624,44253.8512687254,762.0739590594654,22102.942905256285,25932.466187562408,2815.8196686609604,28748.285856223367,25932.466187562408,25932.46616162995,38354.28678896214,1668.7741183909134,lexicographic,2.593246616162995e-05,3.8354286750607856e-05,False,0.10439110000152141,0.0,1,0
2025-08-10,False,calendar_trend,4,1.0,7,1.0,0,calibrated_quantile,2025-07-13;2025-07-14;2025-07-15;2025-07-16;2025-07-17;2025-07-18;2025-07-19;2025-07-20;2025-07-21;2025-07-22;2025-07-23;2025-07-24;2025-07-25;2025-07-26;2025-07-27;2025-07-28;2025-07-29;2025-07-30;2025-07-31;2025-08-01;2025-08-02;2025-08-03;2025-08-04;2025-08-05;2025-08-06;2025-08-07;2025-08-08;2025-08-09,28,8823.474823179948,2025-07-13;2025-07-14;2025-07-15;2025-07-16;2025-07-17;2025-07-18;2025-07-19;2025-07-20;2025-07-21;2025-07-22;2025-07-23;2025-07-24;2025-07-25;2025-07-26;2025-07-27;2025-07-28;2025-07-29;2025-07-30;2025-07-31;2025-08-01;2025-08-02;2025-08-03;2025-08-04;2025-08-05;2025-08-06;2025-08-07;2025-08-08;2025-08-09,2025-07-27;2025-07-28;2025-07-29;2025-07-30;2025-07-31;2025-08-01;2025-08-02;2025-08-03;2025-08-04;2025-08-05;2025-08-06;2025-08-07;2025-08-08;2025-08-09,,2025-08-09,9420.120888227506,10655.40309718643,10620.120888227506,25.926083939080705,32.97263264667256,33.75897278862164,65.08674891346519,73244.93671682992,1800.0669256842202,5912.433189401372,46679.87463071136,6580.017166594782,53259.89179730615,46679.87463071136,46679.87458403149,36800.52639873779,1675.5573570657962,lexicographic,4.667987458403149e-05,3.6800526361937265e-05,False,0.21057989999826532,0.0,1,0
2025-08-11,False,calendar_trend,4,1.0,7,1.0,0,calibrated_quantile,2025-07-14;2025-07-15;2025-07-16;2025-07-17;2025-07-18;2025-07-19;2025-07-20;2025-07-21;2025-07-22;2025-07-23;2025-07-24;2025-07-25;2025-07-26;2025-07-27;2025-07-28;2025-07-29;2025-07-30;2025-07-31;2025-08-01;2025-08-02;2025-08-03;2025-08-04;2025-08-05;2025-08-06;2025-08-07;2025-08-08;2025-08-09;2025-08-10,28,9304.627047324091,2025-07-14;2025-07-15;2025-07-16;2025-07-17;2025-07-18;2025-07-19;2025-07-20;2025-07-21;2025-07-22;2025-07-23;2025-07-24;2025-07-25;2025-07-26;2025-07-27;2025-07-28;2025-07-29;2025-07-30;2025-07-31;2025-08-01;2025-08-02;2025-08-03;2025-08-04;2025-08-05;2025-08-06;2025-08-07;2025-08-08;2025-08-09;2025-08-10,2025-07-28;2025-07-29;2025-07-30;2025-07-31;2025-08-01;2025-08-02;2025-08-03;2025-08-04;2025-08-05;2025-08-06;2025-08-07;2025-08-08;2025-08-09;2025-08-10,,2025-08-10,9362.130295284818,10620.120888227506,10562.130295284818,28.36810791098375,36.762434506082236,25.785313072800122,49.34564511280499,74407.08033621163,1093.4166644283919,7223.940910117255,47346.04796365811,5264.513937066914,52610.56190072502,47346.04796365811,47346.04791631206,35942.531883209085,1681.014802951697,lexicographic,4.734604791631206e-05,3.5942531883205416e-05,False,0.2654483000005712,1.536761342159807e-16,1,0
2025-08-12,False,calendar_trend,4,1.0,7,1.0,0,calibrated_quantile,2025-07-15;2025-07-16;2025-07-17;2025-07-18;2025-07-19;2025-07-20;2025-07-21;2025-07-22;2025-07-23;2025-07-24;2025-07-25;2025-07-26;2025-07-27;2025-07-28;2025-07-29;2025-07-30;2025-07-31;2025-08-01;2025-08-02;2025-08-03;2025-08-04;2025-08-05;2025-08-06;2025-08-07;2025-08-08;2025-08-09;2025-08-10;2025-08-11,28,9618.399626678198,2025-07-15;2025-07-16;2025-07-17;2025-07-18;2025-07-19;2025-07-20;2025-07-21;2025-07-22;2025-07-23;2025-07-24;2025-07-25;2025-07-26;2025-07-27;2025-07-28;2025-07-29;2025-07-30;2025-07-31;2025-08-01;2025-08-02;2025-08-03;2025-08-04;2025-08-05;2025-08-06;2025-08-07;2025-08-08;2025-08-09;2025-08-10;2025-08-11,2025-07-29;2025-07-30;2025-07-31;2025-08-01;2025-08-02;2025-08-03;2025-08-04;2025-08-05;2025-08-06;2025-08-07;2025-08-08;2025-08-09;2025-08-10;2025-08-11,,2025-08-11,9304.139702342127,10562.130295284818,10504.139702342127,26.966739167369695,34.02607454205578,44.96436612699475,77.34737778585894,74811.11519881306,2343.5499113637266,5645.290454696229,47478.698499897764,9821.133833464126,57299.83233336189,47478.69849989777,47478.69845241907,36261.93256429813,1670.9923856511496,lexicographic,4.747869845241907e-05,3.62619325280362e-05,False,0.14660510000248905,0.0,1,0
2025-08-13,False,calendar_trend,4,1.0,7,1.0,0,calibrated_quantile,2025-07-16;2025-07-17;2025-07-18;2025-07-19;2025-07-20;2025-07-21;2025-07-22;2025-07-23;2025-07-24;2025-07-25;2025-07-26;2025-07-27;2025-07-28;2025-07-29;2025-07-30;2025-07-31;2025-08-01;2025-08-02;2025-08-03;2025-08-04;2025-08-05;2025-08-06;2025-08-07;2025-08-08;2025-08-09;2025-08-10;2025-08-11;2025-08-12,28,10028.827961073166,2025-07-16;2025-07-17;2025-07-18;2025-07-19;2025-07-20;2025-07-21;2025-07-22;2025-07-23;2025-07-24;2025-07-25;2025-07-26;2025-07-27;2025-07-28;2025-07-29;2025-07-30;2025-07-31;2025-08-01;2025-08-02;2025-08-03;2025-08-04;2025-08-05;2025-08-06;2025-08-07;2025-08-08;2025-08-09;2025-08-10;2025-08-11;2025-08-12,2025-07-30;2025-07-31;2025-08-01;2025-08-02;2025-08-03;2025-08-04;2025-08-05;2025-08-06;2025-08-07;2025-08-08;2025-08-09;2025-08-10;2025-08-11;2025-08-12,,2025-08-12,9246.149109399437,10504.139702342127,10446.149109399437,26.083983274211462,33.846413825107504,26.149237364457242,51.458067756478464,77058.59377076502,1047.9728911724815,8205.810679052973,48808.99945717137,4355.118581519355,53164.11803869072,48808.99945717137,48808.99940836235,36556.72943062018,1703.2237855215924,lexicographic,4.880899940836235e-05,3.6556729394063445e-05,False,0.14480009999897447,0.0,1,0
2025-08-14,False,calendar_trend,4,1.0,7,1.0,0,calibrated_quantile,2025-07-17;2025-07-18;2025-07-19;2025-07-20;2025-07-21;2025-07-22;2025-07-23;2025-07-24;2025-07-25;2025-07-26;2025-07-27;2025-07-28;2025-07-29;2025-07-30;2025-07-31;2025-08-01;2025-08-02;2025-08-03;2025-08-04;2025-08-05;2025-08-06;2025-08-07;2025-08-08;2025-08-09;2025-08-10;2025-08-11;2025-08-12;2025-08-13,28,10264.869452445859,2025-07-17;2025-07-18;2025-07-19;2025-07-20;2025-07-21;2025-07-22;2025-07-23;2025-07-24;2025-07-25;2025-07-26;2025-07-27;2025-07-28;2025-07-29;2025-07-30;2025-07-31;2025-08-01;2025-08-02;2025-08-03;2025-08-04;2025-08-05;2025-08-06;2025-08-07;2025-08-08;2025-08-09;2025-08-10;2025-08-11;2025-08-12;2025-08-13,2025-07-31;2025-08-01;2025-08-02;2025-08-03;2025-08-04;2025-08-05;2025-08-06;2025-08-07;2025-08-08;2025-08-09;2025-08-10;2025-08-11;2025-08-12;2025-08-13,,2025-08-13,9188.158516456731,10446.149109399437,10388.158516456731,28.775018738315858,36.563451433263545,26.0119598077661,45.21084573389278,77788.55625220491,620.3384080052549,8654.696437102653,49118.19062214416,2952.808703228306,52070.99932537247,49118.19062214416,49118.19057302597,37015.23774362185,1691.7003113696974,lexicographic,4.9118190573025974e-05,3.701523770660661e-05,False,0.168289499997627,0.0,1,0
2025-08-15,False,calendar_trend,4,1.0,7,1.0,0,calibrated_quantile,2025-07-18;2025-07-19;2025-07-20;2025-07-21;2025-07-22;2025-07-23;2025-07-24;2025-07-25;2025-07-26;2025-07-27;2025-07-28;2025-07-29;2025-07-30;2025-07-31;2025-08-01;2025-08-02;2025-08-03;2025-08-04;2025-08-05;2025-08-06;2025-08-07;2025-08-08;2025-08-09;2025-08-10;2025-08-11;2025-08-12;2025-08-13;2025-08-14,28,10311.829169913994,2025-07-18;2025-07-19;2025-07-20;2025-07-21;2025-07-22;2025-07-23;2025-07-24;2025-07-25;2025-07-26;2025-07-27;2025-07-28;2025-07-29;2025-07-30;2025-07-31;2025-08-01;2025-08-02;2025-08-03;2025-08-04;2025-08-05;2025-08-06;2025-08-07;2025-08-08;2025-08-09;2025-08-10;2025-08-11;2025-08-12;2025-08-13;2025-08-14,2025-08-01;2025-08-02;2025-08-03;2025-08-04;2025-08-05;2025-08-06;2025-08-07;2025-08-08;2025-08-09;2025-08-10;2025-08-11;2025-08-12;2025-08-13;2025-08-14,,2025-08-14,9130.167923514042,10388.158516456731,10330.167923514042,28.097815287784695,34.20835415466818,23.085789436462793,43.78077249773207,44515.38653245634,125.23543509072425,23578.940066366198,26221.85395179236,401.1931101712198,26623.04706196358,26221.853951792356,26221.85392557051,37720.640261057175,1511.6452203667923,lexicographic,2.622185392557051e-05,3.772064022333655e-05,False,0.17257949999839184,0.0,1,0
2025-08-16,False,calendar_trend,4,1.0,7,1.0,0,calibrated_quantile,2025-07-19;2025-07-20;2025-07-21;2025-07-22;2025-07-23;2025-07-24;2025-07-25;2025-07-26;2025-07-27;2025-07-28;2025-07-29;2025-07-30;2025-07-31;2025-08-01;2025-08-02;2025-08-03;2025-08-04;2025-08-05;2025-08-06;2025-08-07;2025-08-08;2025-08-09;2025-08-10;2025-08-11;2025-08-12;2025-08-13;2025-08-14;2025-08-15,28,9861.987203156967,2025-07-19;2025-07-20;2025-07-21;2025-07-22;2025-07-23;2025-07-24;2025-07-25;2025-07-26;2025-07-27;2025-07-28;2025-07-29;2025-07-30;2025-07-31;2025-08-01;2025-08-02;2025-08-03;2025-08-04;2025-08-05;2025-08-06;2025-08-07;2025-08-08;2025-08-09;2025-08-10;2025-08-11;2025-08-12;2025-08-13;2025-08-14;2025-08-15,2025-08-02;2025-08-03;2025-08-04;2025-08-05;2025-08-06;2025-08-07;2025-08-08;2025-08-09;2025-08-10;2025-08-11;2025-08-12;2025-08-13;2025-08-14;2025-08-15,,2025-08-15,9072.177330571352,10330.167923514042,10272.177330571352,26.039249456302784,32.38310923006849,26.65259493420344,53.2216352162856,44594.099193483504,111.70632292257864,23886.81259044594,26280.79109513524,540.233848290673,26821.024943425913,26280.79109513523,26280.79106885444,37604.01473483177,1663.692038622673,lexicographic,2.628079106885444e-05,3.760401469722775e-05,False,0.191407899998012,0.0,1,0
2025-08-17,False,calendar_trend,4,1.0,7,1.0,0,calibrated_quantile,2025-07-20;2025-07-21;2025-07-22;2025-07-23;2025-07-24;2025-07-25;2025-07-26;2025-07-27;2025-07-28;2025-07-29;2025-07-30;2025-07-31;2025-08-01;2025-08-02;2025-08-03;2025-08-04;2025-08-05;2025-08-06;2025-08-07;2025-08-08;2025-08-09;2025-08-10;2025-08-11;2025-08-12;2025-08-13;2025-08-14;2025-08-15;2025-08-16,28,9847.180814527299,2025-07-20;2025-07-21;2025-07-22;2025-07-23;2025-07-24;2025-07-25;2025-07-26;2025-07-27;2025-07-28;2025-07-29;2025-07-30;2025-07-31;2025-08-01;2025-08-02;2025-08-03;2025-08-04;2025-08-05;2025-08-06;2025-08-07;2025-08-08;2025-08-09;2025-08-10;2025-08-11;2025-08-12;2025-08-13;2025-08-14;2025-08-15;2025-08-16,2025-08-03;2025-08-04;2025-08-05;2025-08-06;2025-08-07;2025-08-08;2025-08-09;2025-08-10;2025-08-11;2025-08-12;2025-08-13;2025-08-14;2025-08-15;2025-08-16,,2025-08-16,9014.186737628663,10272.177330571352,10214.186737628663,29.119265376308842,35.405820861500665,22.286425535699774,41.7802390662205,77217.99632130696,184.22996110076463,10403.413219329123,48854.107137934785,885.7221592340366,49739.82929716882,48854.107137934785,48854.107089080666,37067.74876474974,1661.7540796966325,lexicographic,4.885410708908067e-05,3.706774872768199e-05,False,0.11670280000180355,1.4893236306451022e-16,1,0
2025-08-18,False,calendar_trend,4,1.0,7,1.0,0,calibrated_quantile,2025-07-21;2025-07-22;2025-07-23;2025-07-24;2025-07-25;2025-07-26;2025-07-27;2025-07-28;2025-07-29;2025-07-30;2025-07-31;2025-08-01;2025-08-02;2025-08-03;2025-08-04;2025-08-05;2025-08-06;2025-08-07;2025-08-08;2025-08-09;2025-08-10;2025-08-11;2025-08-12;2025-08-13;2025-08-14;2025-08-15;2025-08-16;2025-08-17,28,9865.815974678859,2025-07-21;2025-07-22;2025-07-23;2025-07-24;2025-07-25;2025-07-26;2025-07-27;2025-07-28;2025-07-29;2025-07-30;2025-07-31;2025-08-01;2025-08-02;2025-08-03;2025-08-04;2025-08-05;2025-08-06;2025-08-07;2025-08-08;2025-08-09;2025-08-10;2025-08-11;2025-08-12;2025-08-13;2025-08-14;2025-08-15;2025-08-16;2025-08-17,2025-08-04;2025-08-05;2025-08-06;2025-08-07;2025-08-08;2025-08-09;2025-08-10;2025-08-11;2025-08-12;2025-08-13;2025-08-14;2025-08-15;2025-08-16;2025-08-17,,2025-08-17,8956.196144685973,10214.186737628663,10156.196144685973,29.733251198566766,37.74843610753171,20.76792594604606,40.236751931701335,77139.71200484545,541.5788277863887,9402.094593603462,48773.82207873772,2416.3947681863656,51190.216846924086,48773.82207873772,48773.822029963885,37559.88944090284,1647.3155630793183,lexicographic,4.877382202996389e-05,3.755988940334296e-05,False,0.1384096999972826,0.0,1,0
2025-08-19,False,calendar_trend,4,1.0,7,1.0,0,calibrated_quantile,2025-07-22;2025-07-23;2025-07-24;2025-07-25;2025-07-26;2025-07-27;2025-07-28;2025-07-29;2025-07-30;2025-07-31;2025-08-01;2025-08-02;2025-08-03;2025-08-04;2025-08-05;2025-08-06;2025-08-07;2025-08-08;2025-08-09;2025-08-10;2025-08-11;2025-08-12;2025-08-13;2025-08-14;2025-08-15;2025-08-16;2025-08-17;2025-08-18,28,9824.288562989484,2025-07-22;2025-07-23;2025-07-24;2025-07-25;2025-07-26;2025-07-27;2025-07-28;2025-07-29;2025-07-30;2025-07-31;2025-08-01;2025-08-02;2025-08-03;2025-08-04;2025-08-05;2025-08-06;2025-08-07;2025-08-08;2025-08-09;2025-08-10;2025-08-11;2025-08-12;2025-08-13;2025-08-14;2025-08-15;2025-08-16;2025-08-17;2025-08-18,2025-08-05;2025-08-06;2025-08-07;2025-08-08;2025-08-09;2025-08-10;2025-08-11;2025-08-12;2025-08-13;2025-08-14;2025-08-15;2025-08-16;2025-08-17;2025-08-18,,2025-08-18,8898.205551743267,10156.196144685973,10098.205551743267,28.760847641689338,35.74575146627133,25.276504888870065,43.75007591722923,77073.86568495037,383.25369025296584,9226.616799067659,48823.89813477142,1496.9624215699082,50320.86055634133,48823.898134771414,48823.89808594752,37824.35810317085,1649.4854680728017,lexicographic,4.8823898085947525e-05,3.78243580653465e-05,False,0.11932330000126967,0.0,1,0
2025-08-20,False,calendar_trend,4,1.0,7,1.0,0,calibrated_quantile,2025-07-23;2025-07-24;2025-07-25;2025-07-26;2025-07-27;2025-07-28;2025-07-29;2025-07-30;2025-07-31;2025-08-01;2025-08-02;2025-08-03;2025-08-04;2025-08-05;2025-08-06;2025-08-07;2025-08-08;2025-08-09;2025-08-10;2025-08-11;2025-08-12;2025-08-13;2025-08-14;2025-08-15;2025-08-16;2025-08-17;2025-08-18;2025-08-19,28,9837.242006272072,2025-07-23;2025-07-24;2025-07-25;2025-07-26;2025-07-27;2025-07-28;2025-07-29;2025-07-30;2025-07-31;2025-08-01;2025-08-02;2025-08-03;2025-08-04;2025-08-05;2025-08-06;2025-08-07;2025-08-08;2025-08-09;2025-08-10;2025-08-11;2025-08-12;2025-08-13;2025-08-14;2025-08-15;2025-08-16;2025-08-17;2025-08-18;2025-08-19,2025-08-06;2025-08-07;2025-08-08;2025-08-09;2025-08-10;2025-08-11;2025-08-12;2025-08-13;2025-08-14;2025-08-15;2025-08-16;2025-08-17;2025-08-18;2025-08-19,,2025-08-19,8840.214958800578,10098.205551743267,10040.214958800578,27.895526627778327,33.51086747543925,52.50405903414614,91.88185282343676,77372.57974981632,2278.540239876585,5098.782605446651,48987.601073728474,9184.727699039444,58172.32877276792,48987.60107372848,48987.60102474089,37717.699484820565,1649.3272684573365,lexicographic,4.89876010247409e-05,3.771769944710287e-05,False,0.14823880000039935,0.0,1,0
2025-08-21,False,calendar_trend,4,1.0,7,1.0,0,calibrated_quantile,2025-07-24;2025-07-25;2025-07-26;2025-07-27;2025-07-28;2025-07-29;2025-07-30;2025-07-31;2025-08-01;2025-08-02;2025-08-03;2025-08-04;2025-08-05;2025-08-06;2025-08-07;2025-08-08;2025-08-09;2025-08-10;2025-08-11;2025-08-12;2025-08-13;2025-08-14;2025-08-15;2025-08-16;2025-08-17;2025-08-18;2025-08-19;2025-08-20,28,10284.009435399736,2025-07-24;2025-07-25;2025-07-26;2025-07-27;2025-07-28;2025-07-29;2025-07-30;2025-07-31;2025-08-01;2025-08-02;2025-08-03;2025-08-04;2025-08-05;2025-08-06;2025-08-07;2025-08-08;2025-08-09;2025-08-10;2025-08-11;2025-08-12;2025-08-13;2025-08-14;2025-08-15;2025-08-16;2025-08-17;2025-08-18;2025-08-19;2025-08-20,2025-08-07;2025-08-08;2025-08-09;2025-08-10;2025-08-11;2025-08-12;2025-08-13;2025-08-14;2025-08-15;2025-08-16;2025-08-17;2025-08-18;2025-08-19;2025-08-20,,2025-08-20,9258.816963833853,10040.214958800578,10458.816963833853,25.148827792098658,32.10268204551136,23.229359049499994,41.7175130651075,80114.74123524838,253.32204424827808,9913.763998888702,50503.78087101802,1260.4028354056204,51764.18370642364,50503.780871018025,50503.780820514236,39949.47702109035,1652.6222963634186,lexicographic,5.050378082051424e-05,3.994947698114087e-05,False,0.1408860999981698,0.0,1,0
2025-08-22,False,calendar_trend,4,1.0,7,1.0,0,calibrated_quantile,2025-07-25;2025-07-26;2025-07-27;2025-07-28;2025-07-29;2025-07-30;2025-07-31;2025-08-01;2025-08-02;2025-08-03;2025-08-04;2025-08-05;2025-08-06;2025-08-07;2025-08-08;2025-08-09;2025-08-10;2025-08-11;2025-08-12;2025-08-13;2025-08-14;2025-08-15;2025-08-16;2025-08-17;2025-08-18;2025-08-19;2025-08-20;2025-08-21,28,9947.886056019735,2025-07-25;2025-07-26;2025-07-27;2025-07-28;2025-07-29;2025-07-30;2025-07-31;2025-08-01;2025-08-02;2025-08-03;2025-08-04;2025-08-05;2025-08-06;2025-08-07;2025-08-08;2025-08-09;2025-08-10;2025-08-11;2025-08-12;2025-08-13;2025-08-14;2025-08-15;2025-08-16;2025-08-17;2025-08-18;2025-08-19;2025-08-20;2025-08-21,2025-08-08;2025-08-09;2025-08-10;2025-08-11;2025-08-12;2025-08-13;2025-08-14;2025-08-15;2025-08-16;2025-08-17;2025-08-18;2025-08-19;2025-08-20;2025-08-21,,2025-08-21,9212.305629941271,10458.816963833853,10412.305629941271,27.169568878838916,34.31477320188044,26.687103014154133,46.0391282528346,44718.88934086905,586.5441589445581,20145.237566363623,26289.896613170247,2171.8459460928225,28461.742559263068,26289.89661317025,26289.896586880357,37875.49698184802,1491.9006207401349,lexicographic,2.628989658688036e-05,3.7875496943972516e-05,False,0.15426039999874774,0.0,1,0
2025-08-23,False,calendar_trend,4,1.0,7,1.0,0,calibrated_quantile,2025-07-26;2025-07-27;2025-07-28;2025-07-29;2025-07-30;2025-07-31;2025-08-01;2025-08-02;2025-08-03;2025-08-04;2025-08-05;2025-08-06;2025-08-07;2025-08-08;2025-08-09;2025-08-10;2025-08-11;2025-08-12;2025-08-13;2025-08-14;2025-08-15;2025-08-16;2025-08-17;2025-08-18;2025-08-19;2025-08-20;2025-08-21;2025-08-22,28,9931.164758688834,2025-07-26;2025-07-27;2025-07-28;2025-07-29;2025-07-30;2025-07-31;2025-08-01;2025-08-02;2025-08-03;2025-08-04;2025-08-05;2025-08-06;2025-08-07;2025-08-08;2025-08-09;2025-08-10;2025-08-11;2025-08-12;2025-08-13;2025-08-14;2025-08-15;2025-08-16;2025-08-17;2025-08-18;2025-08-19;2025-08-20;2025-08-21;2025-08-22,2025-08-09;2025-08-10;2025-08-11;2025-08-12;2025-08-13;2025-08-14;2025-08-15;2025-08-16;2025-08-17;2025-08-18;2025-08-19;2025-08-20;2025-08-21;2025-08-22,,2025-08-22,9165.794296048685,10412.305629941271,10365.794296048685,23.780756237045207,30.89436406297804,25.798616413044673,49.775549595126414,44804.1996878682,129.62766146239107,18484.01372535193,26446.627164548314,414.52064542016825,26861.147809968483,26446.627164548314,26446.627138101692,37781.957520568525,1630.6182614525403,lexicographic,2.6446627138101694e-05,3.778195748278657e-05,False,0.20792699999947217,0.0,1,0
2025-08-24,False,calendar_trend,4,1.0,7,1.0,0,calibrated_quantile,2025-07-27;2025-07-28;2025-07-29;2025-07-30;2025-07-31;2025-08-01;2025-08-02;2025-08-03;2025-08-04;2025-08-05;2025-08-06;2025-08-07;2025-08-08;2025-08-09;2025-08-10;2025-08-11;2025-08-12;2025-08-13;2025-08-14;2025-08-15;2025-08-16;2025-08-17;2025-08-18;2025-08-19;2025-08-20;2025-08-21;2025-08-22;2025-08-23,28,9905.980072798337,2025-07-27;2025-07-28;2025-07-29;2025-07-30;2025-07-31;2025-08-01;2025-08-02;2025-08-03;2025-08-04;2025-08-05;2025-08-06;2025-08-07;2025-08-08;2025-08-09;2025-08-10;2025-08-11;2025-08-12;2025-08-13;2025-08-14;2025-08-15;2025-08-16;2025-08-17;2025-08-18;2025-08-19;2025-08-20;2025-08-21;2025-08-22;2025-08-23,2025-08-10;2025-08-11;2025-08-12;2025-08-13;2025-08-14;2025-08-15;2025-08-16;2025-08-17;2025-08-18;2025-08-19;2025-08-20;2025-08-21;2025-08-22;2025-08-23,,2025-08-23,9119.282962156089,10365.794296048685,10319.282962156089,29.194193777703237,36.51845326790407,33.577245149391764,64.77934955006963,79948.63975398916,111.24005473005815,12202.18846418105,50539.60304627541,424.93476637369315,50964.537812649105,50539.60304627542,50539.602995735826,39728.13036730236,1636.0542912537176,lexicographic,5.053960299573583e-05,3.972813032757422e-05,False,0.11761850000038976,2.8793093664773426e-16,1,0
2025-08-25,False,calendar_trend,4,1.0,7,1.0,0,calibrated_quantile,2025-07-28;2025-07-29;2025-07-30;2025-07-31;2025-08-01;2025-08-02;2025-08-03;2025-08-04;2025-08-05;2025-08-06;2025-08-07;2025-08-08;2025-08-09;2025-08-10;2025-08-11;2025-08-12;2025-08-13;2025-08-14;2025-08-15;2025-08-16;2025-08-17;2025-08-18;2025-08-19;2025-08-20;2025-08-21;2025-08-22;2025-08-23;2025-08-24,28,9556.425629127785,2025-07-28;2025-07-29;2025-07-30;2025-07-31;2025-08-01;2025-08-02;2025-08-03;2025-08-04;2025-08-05;2025-08-06;2025-08-07;2025-08-08;2025-08-09;2025-08-10;2025-08-11;2025-08-12;2025-08-13;2025-08-14;2025-08-15;2025-08-16;2025-08-17;2025-08-18;2025-08-19;2025-08-20;2025-08-21;2025-08-22;2025-08-23;2025-08-24,2025-08-11;2025-08-12;2025-08-13;2025-08-14;2025-08-15;2025-08-16;2025-08-17;2025-08-18;2025-08-19;2025-08-20;2025-08-21;2025-08-22;2025-08-23;2025-08-24,,2025-08-24,9072.771628263506,10319.282962156089,10272.771628263506,23.551567587269027,29.31976740415123,39.93830465319675,70.42505436326104,79857.75171378239,1407.800762153485,6311.577501678106,50526.338649268015,5021.558260919858,55547.896910187876,50526.33864926801,50526.33859874167,40269.09265392919,1648.1174269111534,lexicographic,5.052633859874167e-05,4.026909261366009e-05,False,0.21748529999968014,0.0,1,0
2025-08-26,False,calendar_trend,4,1.0,7,1.0,0,calibrated_quantile,2025-07-29;2025-07-30;2025-07-31;2025-08-01;2025-08-02;2025-08-03;2025-08-04;2025-08-05;2025-08-06;2025-08-07;2025-08-08;2025-08-09;2025-08-10;2025-08-11;2025-08-12;2025-08-13;2025-08-14;2025-08-15;2025-08-16;2025-08-17;2025-08-18;2025-08-19;2025-08-20;2025-08-21;2025-08-22;2025-08-23;2025-08-24;2025-08-25,28,9216.816809335825,2025-07-29;2025-07-30;2025-07-31;2025-08-01;2025-08-02;2025-08-03;2025-08-04;2025-08-05;2025-08-06;2025-08-07;2025-08-08;2025-08-09;2025-08-10;2025-08-11;2025-08-12;2025-08-13;2025-08-14;2025-08-15;2025-08-16;2025-08-17;2025-08-18;2025-08-19;2025-08-20;2025-08-21;2025-08-22;2025-08-23;2025-08-24;2025-08-25,2025-08-12;2025-08-13;2025-08-14;2025-08-15;2025-08-16;2025-08-17;2025-08-18;2025-08-19;2025-08-20;2025-08-21;2025-08-22;2025-08-23;2025-08-24;2025-08-25,,2025-08-25,9026.260294370923,10272.771628263506,10226.260294370923,31.584223707423185,39.589056611443894,21.253214804985703,42.675142642136564,80373.26149112609,261.30859573173467,10911.316648537519,50851.1816668857,954.4324474158408,51805.61411430154,50851.18166688571,50851.181616034504,40398.14658175308,1641.0783244910099,lexicographic,5.0851181616034506e-05,4.039814654135493e-05,False,0.13046860000031302,0.0,1,0
2025-08-27,False,calendar_trend,4,1.0,7,1.0,0,calibrated_quantile,2025-07-30;2025-07-31;2025-08-01;2025-08-02;2025-08-03;2025-08-04;2025-08-05;2025-08-06;2025-08-07;2025-08-08;2025-08-09;2025-08-10;2025-08-11;2025-08-12;2025-08-13;2025-08-14;2025-08-15;2025-08-16;2025-08-17;2025-08-18;2025-08-19;2025-08-20;2025-08-21;2025-08-22;2025-08-23;2025-08-24;2025-08-25;2025-08-26,28,8982.606629174148,2025-07-30;2025-07-31;2025-08-01;2025-08-02;2025-08-03;2025-08-04;2025-08-05;2025-08-06;2025-08-07;2025-08-08;2025-08-09;2025-08-10;2025-08-11;2025-08-12;2025-08-13;2025-08-14;2025-08-15;2025-08-16;2025-08-17;2025-08-18;2025-08-19;2025-08-20;2025-08-21;2025-08-22;2025-08-23;2025-08-24;2025-08-25;2025-08-26,2025-08-13;2025-08-14;2025-08-15;2025-08-16;2025-08-17;2025-08-18;2025-08-19;2025-08-20;2025-08-21;2025-08-22;2025-08-23;2025-08-24;2025-08-25;2025-08-26,,2025-08-26,8979.74896047834,10226.260294370923,10179.74896047834,27.080873875547475,34.10851775936202,23.989320982234215,41.473193693658956,80455.05235810719,301.2565180050946,8643.88982893326,51001.55126940744,1484.818160244475,52486.36942965192,51001.55126940744,51001.55121840589,40434.68119860014,1621.221857043607,lexicographic,5.1001551218405896e-05,4.0434681158165455e-05,False,0.12139709999974002,0.0,1,0
2025-08-28,False,calendar_trend,4,1.0,7,1.0,0,calibrated_quantile,2025-07-31;2025-08-01;2025-08-02;2025-08-03;2025-08-04;2025-08-05;2025-08-06;2025-08-07;2025-08-08;2025-08-09;2025-08-10;2025-08-11;2025-08-12;2025-08-13;2025-08-14;2025-08-15;2025-08-16;2025-08-17;2025-08-18;2025-08-19;2025-08-20;2025-08-21;2025-08-22;2025-08-23;2025-08-24;2025-08-25;2025-08-26;2025-08-27,28,8989.705129639784,2025-07-31;2025-08-01;2025-08-02;2025-08-03;2025-08-04;2025-08-05;2025-08-06;2025-08-07;2025-08-08;2025-08-09;2025-08-10;2025-08-11;2025-08-12;2025-08-13;2025-08-14;2025-08-15;2025-08-16;2025-08-17;2025-08-18;2025-08-19;2025-08-20;2025-08-21;2025-08-22;2025-08-23;2025-08-24;2025-08-25;2025-08-26;2025-08-27,2025-08-14;2025-08-15;2025-08-16;2025-08-17;2025-08-18;2025-08-19;2025-08-20;2025-08-21;2025-08-22;2025-08-23;2025-08-24;2025-08-25;2025-08-26;2025-08-27,,2025-08-27,8933.237626585757,10179.74896047834,10133.237626585757,29.855798853203787,35.83890935110124,40.16627917947278,78.81141867705725,80828.21307138455,2157.348935566513,7962.069693997447,51353.7453471835,8091.304201667172,59445.04954885067,51353.7453471835,51353.74529582975,40981.75035589154,1628.864885144159,lexicographic,5.135374529582975e-05,4.0981750314909785e-05,False,0.1221590000022843,0.0,1,0
2025-08-29,False,calendar_trend,4,1.0,7,1.0,0,calibrated_quantile,2025-08-01;2025-08-02;2025-08-03;2025-08-04;2025-08-05;2025-08-06;2025-08-07;2025-08-08;2025-08-09;2025-08-10;2025-08-11;2025-08-12;2025-08-13;2025-08-14;2025-08-15;2025-08-16;2025-08-17;2025-08-18;2025-08-19;2025-08-20;2025-08-21;2025-08-22;2025-08-23;2025-08-24;2025-08-25;2025-08-26;2025-08-27;2025-08-28,28,9216.375786465573,2025-08-01;2025-08-02;2025-08-03;2025-08-04;2025-08-05;2025-08-06;2025-08-07;2025-08-08;2025-08-09;2025-08-10;2025-08-11;2025-08-12;2025-08-13;2025-08-14;2025-08-15;2025-08-16;2025-08-17;2025-08-18;2025-08-19;2025-08-20;2025-08-21;2025-08-22;2025-08-23;2025-08-24;2025-08-25;2025-08-26;2025-08-27;2025-08-28,2025-08-15;2025-08-16;2025-08-17;2025-08-18;2025-08-19;2025-08-20;2025-08-21;2025-08-22;2025-08-23;2025-08-24;2025-08-25;2025-08-26;2025-08-27;2025-08-28,,2025-08-28,8886.72629269316,10133.237626585757,10086.72629269316,26.041693853787397,32.146976254651506,22.613325473164476,38.546921274340995,44890.2308210979,232.06598752007744,18706.18334106694,26666.02074710994,951.910415379226,27617.931162489163,26666.02074710994,26666.020720443914,37220.720756705596,1473.924549628513,lexicographic,2.6666020720443917e-05,3.722072071948488e-05,False,0.17275439999866649,0.0,1,0
2025-08-30,False,calendar_trend,4,1.0,7,1.0,0,calibrated_quantile,2025-08-02;2025-08-03;2025-08-04;2025-08-05;2025-08-06;2025-08-07;2025-08-08;2025-08-09;2025-08-10;2025-08-11;2025-08-12;2025-08-13;2025-08-14;2025-08-15;2025-08-16;2025-08-17;2025-08-18;2025-08-19;2025-08-20;2025-08-21;2025-08-22;2025-08-23;2025-08-24;2025-08-25;2025-08-26;2025-08-27;2025-08-28;2025-08-29,28,9296.603991190928,2025-08-02;2025-08-03;2025-08-04;2025-08-05;2025-08-06;2025-08-07;2025-08-08;2025-08-09;2025-08-10;2025-08-11;2025-08-12;2025-08-13;2025-08-14;2025-08-15;2025-08-16;2025-08-17;2025-08-18;2025-08-19;2025-08-20;2025-08-21;2025-08-22;2025-08-23;2025-08-24;2025-08-25;2025-08-26;2025-08-27;2025-08-28;2025-08-29,2025-08-16;2025-08-17;2025-08-18;2025-08-19;2025-08-20;2025-08-21;2025-08-22;2025-08-23;2025-08-24;2025-08-25;2025-08-26;2025-08-27;2025-08-28;2025-08-29,,2025-08-29,8840.214958800578,10086.72629269316,10040.214958800578,27.33081144843497,33.2468369013644,42.30399402292531,80.70499797847074,44652.921459632315,213.94567366457238,22503.07324168919,26460.221708731067,497.5550865628797,26957.776795293947,26460.221708731064,26460.221682270847,37127.18129728022,1482.7292844745177,lexicographic,2.6460221682270848e-05,3.7127181260153045e-05,False,0.16765790000135894,0.0,1,0
2025-08-31,False,calendar_trend,4,1.0,7,1.0,0,calibrated_quantile,2025-08-03;2025-08-04;2025-08-05;2025-08-06;2025-08-07;2025-08-08;2025-08-09;2025-08-10;2025-08-11;2025-08-12;2025-08-13;2025-08-14;2025-08-15;2025-08-16;2025-08-17;2025-08-18;2025-08-19;2025-08-20;2025-08-21;2025-08-22;2025-08-23;2025-08-24;2025-08-25;2025-08-26;2025-08-27;2025-08-28;2025-08-29;2025-08-30,28,9338.749777721987,2025-08-03;2025-08-04;2025-08-05;2025-08-06;2025-08-07;2025-08-08;2025-08-09;2025-08-10;2025-08-11;2025-08-12;2025-08-13;2025-08-14;2025-08-15;2025-08-16;2025-08-17;2025-08-18;2025-08-19;2025-08-20;2025-08-21;2025-08-22;2025-08-23;2025-08-24;2025-08-25;2025-08-26;2025-08-27;2025-08-28;2025-08-29;2025-08-30,2025-08-17;2025-08-18;2025-08-19;2025-08-20;2025-08-21;2025-08-22;2025-08-23;2025-08-24;2025-08-25;2025-08-26;2025-08-27;2025-08-28;2025-08-29;2025-08-30,,2025-08-30,8798.534745543948,10040.214958800578,9998.534745543948,27.907235115951565,34.264401104143346,20.514819028983183,35.78918082829443,80906.9480445166,168.36695356845772,10232.463156856382,51315.95005868282,565.7624842042563,51881.71254288708,51315.95005868282,51315.95000736686,40369.46545080275,1651.9799132937753,lexicographic,5.131595000736687e-05,4.036946541043328e-05,False,0.22747439999875496,0.0,1,0
2025-09-01,False,calendar_trend,4,1.0,7,1.0,0,calibrated_quantile,2025-08-04;2025-08-05;2025-08-06;2025-08-07;2025-08-08;2025-08-09;2025-08-10;2025-08-11;2025-08-12;2025-08-13;2025-08-14;2025-08-15;2025-08-16;2025-08-17;2025-08-18;2025-08-19;2025-08-20;2025-08-21;2025-08-22;2025-08-23;2025-08-24;2025-08-25;2025-08-26;2025-08-27;2025-08-28;2025-08-29;2025-08-30;2025-08-31,28,9293.293612048428,2025-08-04;2025-08-05;2025-08-06;2025-08-07;2025-08-08;2025-08-09;2025-08-10;2025-08-11;2025-08-12;2025-08-13;2025-08-14;2025-08-15;2025-08-16;2025-08-17;2025-08-18;2025-08-19;2025-08-20;2025-08-21;2025-08-22;2025-08-23;2025-08-24;2025-08-25;2025-08-26;2025-08-27;2025-08-28;2025-08-29;2025-08-30;2025-08-31,2025-08-18;2025-08-19;2025-08-20;2025-08-21;2025-08-22;2025-08-23;2025-08-24;2025-08-25;2025-08-26;2025-08-27;2025-08-28;2025-08-29;2025-08-30;2025-08-31,,2025-08-31,8756.854532287318,9998.534745543948,9956.854532287318,89.16072842718046,101.44969812512205,27.72986178256025,49.14756349986915,80875.18650696754,9.431858293207824,23150.67502094119,51214.85922022704,46.77730120516421,51261.6365214322,51214.85922022704,51214.85916901217,40022.51753551056,1641.4430567607626,lexicographic,5.1214859169012175e-05,4.0022517495488035e-05,False,0.24089729999832343,0.0,1,0
2025-09-02,False,calendar_trend,4,1.0,7,1.0,0,calibrated_quantile,2025-08-05;2025-08-06;2025-08-07;2025-08-08;2025-08-09;2025-08-10;2025-08-11;2025-08-12;2025-08-13;2025-08-14;2025-08-15;2025-08-16;2025-08-17;2025-08-18;2025-08-19;2025-08-20;2025-08-21;2025-08-22;2025-08-23;2025-08-24;2025-08-25;2025-08-26;2025-08-27;2025-08-28;2025-08-29;2025-08-30;2025-08-31;2025-09-01,28,9230.131614888574,2025-08-05;2025-08-06;2025-08-07;2025-08-08;2025-08-09;2025-08-10;2025-08-11;2025-08-12;2025-08-13;2025-08-14;2025-08-15;2025-08-16;2025-08-17;2025-08-18;2025-08-19;2025-08-20;2025-08-21;2025-08-22;2025-08-23;2025-08-24;2025-08-25;2025-08-26;2025-08-27;2025-08-28;2025-08-29;2025-08-30;2025-08-31;2025-09-01,2025-08-19;2025-08-20;2025-08-21;2025-08-22;2025-08-23;2025-08-24;2025-08-25;2025-08-26;2025-08-27;2025-08-28;2025-08-29;2025-08-30;2025-08-31;2025-09-01,,2025-09-01,8715.174319030688,9956.854532287318,9915.174319030688,62.173260290868335,71.79160786026597,25.443112221164558,41.71840941816962,76506.33596672869,16.904869687676182,18378.759068882366,48027.61874876864,84.36144202102554,48111.98019078967,48027.61874876864,48027.618700741026,39326.30681367631,1626.7984596251672,lexicographic,4.802761870074103e-05,3.9326306774350005e-05,False,0.23266349999903468,0.0,1,0
2025-09-03,False,calendar_trend,4,1.0,7,1.0,0,calibrated_quantile,2025-08-06;2025-08-07;2025-08-08;2025-08-09;2025-08-10;2025-08-11;2025-08-12;2025-08-13;2025-08-14;2025-08-15;2025-08-16;2025-08-17;2025-08-18;2025-08-19;2025-08-20;2025-08-21;2025-08-22;2025-08-23;2025-08-24;2025-08-25;2025-08-26;2025-08-27;2025-08-28;2025-08-29;2025-08-30;2025-08-31;2025-09-01;2025-09-02,28,9210.05083534146,2025-08-06;2025-08-07;2025-08-08;2025-08-09;2025-08-10;2025-08-11;2025-08-12;2025-08-13;2025-08-14;2025-08-15;2025-08-16;2025-08-17;2025-08-18;2025-08-19;2025-08-20;2025-08-21;2025-08-22;2025-08-23;2025-08-24;2025-08-25;2025-08-26;2025-08-27;2025-08-28;2025-08-29;2025-08-30;2025-08-31;2025-09-01;2025-09-02,2025-08-20;2025-08-21;2025-08-22;2025-08-23;2025-08-24;2025-08-25;2025-08-26;2025-08-27;2025-08-28;2025-08-29;2025-08-30;2025-08-31;2025-09-01;2025-09-02,,2025-09-02,8673.494105774047,9915.174319030688,9873.494105774047,44.12539658726033,52.10648430321904,26.697675236527903,45.23318401758142,73156.44200977187,18.961103131254504,13585.646690434558,45711.772074771114,63.5734996845142,45775.34557445563,45711.772074771114,45711.77202905935,38900.60676857914,1561.793002817632,lexicographic,4.571177202905935e-05,3.8900606729678526e-05,False,0.1581012999995437,1.5917032508733286e-16,1,0
2025-09-04,False,calendar_trend,4,1.0,7,1.0,0,calibrated_quantile,2025-08-07;2025-08-08;2025-08-09;2025-08-10;2025-08-11;2025-08-12;2025-08-13;2025-08-14;2025-08-15;2025-08-16;2025-08-17;2025-08-18;2025-08-19;2025-08-20;2025-08-21;2025-08-22;2025-08-23;2025-08-24;2025-08-25;2025-08-26;2025-08-27;2025-08-28;2025-08-29;2025-08-30;2025-08-31;2025-09-01;2025-09-02;2025-09-03,28,8948.09515255996,2025-08-07;2025-08-08;2025-08-09;2025-08-10;2025-08-11;2025-08-12;2025-08-13;2025-08-14;2025-08-15;2025-08-16;2025-08-17;2025-08-18;2025-08-19;2025-08-20;2025-08-21;2025-08-22;2025-08-23;2025-08-24;2025-08-25;2025-08-26;2025-08-27;2025-08-28;2025-08-29;2025-08-30;2025-08-31;2025-09-01;2025-09-02;2025-09-03,2025-08-21;2025-08-22;2025-08-23;2025-08-24;2025-08-25;2025-08-26;2025-08-27;2025-08-28;2025-08-29;2025-08-30;2025-08-31;2025-09-01;2025-09-02;2025-09-03,,2025-09-03,8631.813892517417,9873.494105774047,9831.813892517417,34.60648393635558,42.075268697613716,28.793791047658985,55.892731266579545,71456.75331339223,70.13256196424618,13528.46255754925,44449.744422854346,270.86014051644236,44720.60456337079,44449.744422854346,44449.744378404605,39194.19443996326,1552.4416063083413,lexicographic,4.4449744378404606e-05,3.9194194400769074e-05,False,0.15462229999684496,0.0,1,0
2025-09-05,False,calendar_trend,4,1.0,7,1.0,0,calibrated_quantile,2025-08-08;2025-08-09;2025-08-10;2025-08-11;2025-08-12;2025-08-13;2025-08-14;2025-08-15;2025-08-16;2025-08-17;2025-08-18;2025-08-19;2025-08-20;2025-08-21;2025-08-22;2025-08-23;2025-08-24;2025-08-25;2025-08-26;2025-08-27;2025-08-28;2025-08-29;2025-08-30;2025-08-31;2025-09-01;2025-09-02;2025-09-03;2025-09-04,28,8832.097172335449,2025-08-08;2025-08-09;2025-08-10;2025-08-11;2025-08-12;2025-08-13;2025-08-14;2025-08-15;2025-08-16;2025-08-17;2025-08-18;2025-08-19;2025-08-20;2025-08-21;2025-08-22;2025-08-23;2025-08-24;2025-08-25;2025-08-26;2025-08-27;2025-08-28;2025-08-29;2025-08-30;2025-08-31;2025-09-01;2025-09-02;2025-09-03;2025-09-04,2025-08-22;2025-08-23;2025-08-24;2025-08-25;2025-08-26;2025-08-27;2025-08-28;2025-08-29;2025-08-30;2025-08-31;2025-09-01;2025-09-02;2025-09-03;2025-09-04,,2025-09-04,8590.133679260787,9831.813892517417,9790.133679260787,43.59816131451723,50.6273222495072,20.58627007123605,41.19859275720008,38531.2530423193,5.783394486374846,27910.147637754802,22000.481557103652,16.430623735790938,22016.912180839445,22000.481557103652,22000.481535103158,36619.89207093345,1386.1369556571121,lexicographic,2.200048153510316e-05,3.661989203431356e-05,False,0.17276549999951385,0.0,1,0
2025-09-06,False,calendar_trend,4,1.0,7,1.0,0,calibrated_quantile,2025-08-09;2025-08-10;2025-08-11;2025-08-12;2025-08-13;2025-08-14;2025-08-15;2025-08-16;2025-08-17;2025-08-18;2025-08-19;2025-08-20;2025-08-21;2025-08-22;2025-08-23;2025-08-24;2025-08-25;2025-08-26;2025-08-27;2025-08-28;2025-08-29;2025-08-30;2025-08-31;2025-09-01;2025-09-02;2025-09-03;2025-09-04;2025-09-05,28,8772.862654162946,2025-08-09;2025-08-10;2025-08-11;2025-08-12;2025-08-13;2025-08-14;2025-08-15;2025-08-16;2025-08-17;2025-08-18;2025-08-19;2025-08-20;2025-08-21;2025-08-22;2025-08-23;2025-08-24;2025-08-25;2025-08-26;2025-08-27;2025-08-28;2025-08-29;2025-08-30;2025-08-31;2025-09-01;2025-09-02;2025-09-03;2025-09-04;2025-09-05,2025-08-23;2025-08-24;2025-08-25;2025-08-26;2025-08-27;2025-08-28;2025-08-29;2025-08-30;2025-08-31;2025-09-01;2025-09-02;2025-09-03;2025-09-04;2025-09-05,,2025-09-05,8548.453466004157,9790.133679260787,9748.453466004157,28.316450547095567,35.63958955141807,40.57763203379482,70.79147791081637,36800.82615255784,72.49127886093976,25358.40575449574,20735.27901216875,190.7757571476181,20926.054769316368,20735.279012168747,20735.278991433464,36536.06853732973,1379.807979477168,lexicographic,2.0735278991433465e-05,3.653606850079367e-05,False,0.22336689999792725,0.0,1,0
2025-09-07,False,calendar_trend,4,1.0,7,1.0,0,calibrated_quantile,2025-08-10;2025-08-11;2025-08-12;2025-08-13;2025-08-14;2025-08-15;2025-08-16;2025-08-17;2025-08-18;2025-08-19;2025-08-20;2025-08-21;2025-08-22;2025-08-23;2025-08-24;2025-08-25;2025-08-26;2025-08-27;2025-08-28;2025-08-29;2025-08-30;2025-08-31;2025-09-01;2025-09-02;2025-09-03;2025-09-04;2025-09-05;2025-09-06,28,8751.130504661878,2025-08-10;2025-08-11;2025-08-12;2025-08-13;2025-08-14;2025-08-15;2025-08-16;2025-08-17;2025-08-18;2025-08-19;2025-08-20;2025-08-21;2025-08-22;2025-08-23;2025-08-24;2025-08-25;2025-08-26;2025-08-27;2025-08-28;2025-08-29;2025-08-30;2025-08-31;2025-09-01;2025-09-02;2025-09-03;2025-09-04;2025-09-05;2025-09-06,2025-08-24;2025-08-25;2025-08-26;2025-08-27;2025-08-28;2025-08-29;2025-08-30;2025-08-31;2025-09-01;2025-09-02;2025-09-03;2025-09-04;2025-09-05;2025-09-06,,2025-09-06,8506.77325274753,9748.453466004157,9706.77325274753,38.56143525277536,46.536032079611005,17.716416164797295,40.2071038447936,61395.59454368986,1791.3004761217956,4352.082444386444,37624.540275796804,7127.722969734461,44752.26324553126,37624.54027579681,37624.54023817227,37298.18315376272,1478.1380500379207,lexicographic,3.762454023817227e-05,3.729818315376273e-05,False,0.22337060000063502,0.0,1,0
2025-09-08,False,calendar_trend,4,1.0,7,1.0,0,calibrated_quantile,2025-08-11;2025-08-12;2025-08-13;2025-08-14;2025-08-15;2025-08-16;2025-08-17;2025-08-18;2025-08-19;2025-08-20;2025-08-21;2025-08-22;2025-08-23;2025-08-24;2025-08-25;2025-08-26;2025-08-27;2025-08-28;2025-08-29;2025-08-30;2025-08-31;2025-09-01;2025-09-02;2025-09-03;2025-09-04;2025-09-05;2025-09-06;2025-09-07,28,8810.181911213585,2025-08-11;2025-08-12;2025-08-13;2025-08-14;2025-08-15;2025-08-16;2025-08-17;2025-08-18;2025-08-19;2025-08-20;2025-08-21;2025-08-22;2025-08-23;2025-08-24;2025-08-25;2025-08-26;2025-08-27;2025-08-28;2025-08-29;2025-08-30;2025-08-31;2025-09-01;2025-09-02;2025-09-03;2025-09-04;2025-09-05;2025-09-06;2025-09-07,2025-08-25;2025-08-26;2025-08-27;2025-08-28;2025-08-29;2025-08-30;2025-08-31;2025-09-01;2025-09-02;2025-09-03;2025-09-04;2025-09-05;2025-09-06;2025-09-07,,2025-09-07,8465.093039490886,9706.77325274753,9665.093039490886,57.39458978081661,67.7902964195105,42.00828120173193,80.53424350207543,58452.92752201244,6843.54087428754,1979.0383355253,35408.955017037864,28577.37679679206,63986.33181382992,35408.955017037864,35408.9549816289,37755.74704489898,1441.345439977621,lexicographic,3.54089549816289e-05,3.775574704489897e-05,False,0.22576619999745162,0.0,1,0
2025-09-09,False,calendar_trend,4,1.0,7,1.0,0,calibrated_quantile,2025-08-12;2025-08-13;2025-08-14;2025-08-15;2025-08-16;2025-08-17;2025-08-18;2025-08-19;2025-08-20;2025-08-21;2025-08-22;2025-08-23;2025-08-24;2025-08-25;2025-08-26;2025-08-27;2025-08-28;2025-08-29;2025-08-30;2025-08-31;2025-09-01;2025-09-02;2025-09-03;2025-09-04;2025-09-05;2025-09-06;2025-09-07;2025-09-08,28,9260.954087719461,2025-08-12;2025-08-13;2025-08-14;2025-08-15;2025-08-16;2025-08-17;2025-08-18;2025-08-19;2025-08-20;2025-08-21;2025-08-22;2025-08-23;2025-08-24;2025-08-25;2025-08-26;2025-08-27;2025-08-28;2025-08-29;2025-08-30;2025-08-31;2025-09-01;2025-09-02;2025-09-03;2025-09-04;2025-09-05;2025-09-06;2025-09-07;2025-09-08,2025-08-26;2025-08-27;2025-08-28;2025-08-29;2025-08-30;2025-08-31;2025-09-01;2025-09-02;2025-09-03;2025-09-04;2025-09-05;2025-09-06;2025-09-07;2025-09-08,,2025-09-08,8840.214958800578,9665.093039490886,10040.214958800578,53.17681394385361,63.013688766301556,32.356746097313234,58.44720109761503,61428.56274243753,3176.203850003436,7149.0243390539745,37217.375413938586,13092.246829979793,50309.62224391838,37217.375413938586,37217.375376721226,37913.38948003327,1440.9332095697996,lexicographic,3.721737537672123e-05,3.791338944211989e-05,False,0.1691132000014477,0.0,1,0
2025-09-10,False,calendar_trend,4,1.0,7,1.0,0,calibrated_quantile,2025-08-13;2025-08-14;2025-08-15;2025-08-16;2025-08-17;2025-08-18;2025-08-19;2025-08-20;2025-08-21;2025-08-22;2025-08-23;2025-08-24;2025-08-25;2025-08-26;2025-08-27;2025-08-28;2025-08-29;2025-08-30;2025-08-31;2025-09-01;2025-09-02;2025-09-03;2025-09-04;2025-09-05;2025-09-06;2025-09-07;2025-09-08;2025-09-09,28,9421.879843980492,2025-08-13;2025-08-14;2025-08-15;2025-08-16;2025-08-17;2025-08-18;2025-08-19;2025-08-20;2025-08-21;2025-08-22;2025-08-23;2025-08-24;2025-08-25;2025-08-26;2025-08-27;2025-08-28;2025-08-29;2025-08-30;2025-08-31;2025-09-01;2025-09-02;2025-09-03;2025-09-04;2025-09-05;2025-09-06;2025-09-07;2025-09-08;2025-09-09,2025-08-27;2025-08-28;2025-08-29;2025-08-30;2025-08-31;2025-09-01;2025-09-02;2025-09-03;2025-09-04;2025-09-05;2025-09-06;2025-09-07;2025-09-08;2025-09-09,,2025-09-09,8814.639955878787,10040.214958800578,10014.639955878787,50.88272170760258,59.34693168302966,46.97650985248182,81.5715947264598,60811.992432414576,5218.050450728391,857.7404705042861,37298.544872017774,22222.6358137493,59521.180685767074,37298.54487201778,37298.54483471924,36978.656924396084,1450.9163429102816,lexicographic,3.7298544834719246e-05,3.69786569243961e-05,False,0.2843673999996099,0.0,1,0
2025-09-11,False,calendar_trend,4,1.0,7,1.0,0,calibrated_quantile,2025-08-14;2025-08-15;2025-08-16;2025-08-17;2025-08-18;2025-08-19;2025-08-20;2025-08-21;2025-08-22;2025-08-23;2025-08-24;2025-08-25;2025-08-26;2025-08-27;2025-08-28;2025-08-29;2025-08-30;2025-08-31;2025-09-01;2025-09-02;2025-09-03;2025-09-04;2025-09-05;2025-09-06;2025-09-07;2025-09-08;2025-09-09;2025-09-10,28,10097.203381805968,2025-08-14;2025-08-15;2025-08-16;2025-08-17;2025-08-18;2025-08-19;2025-08-20;2025-08-21;2025-08-22;2025-08-23;2025-08-24;2025-08-25;2025-08-26;2025-08-27;2025-08-28;2025-08-29;2025-08-30;2025-08-31;2025-09-01;2025-09-02;2025-09-03;2025-09-04;2025-09-05;2025-09-06;2025-09-07;2025-09-08;2025-09-09;2025-09-10,2025-08-28;2025-08-29;2025-08-30;2025-08-31;2025-09-01;2025-09-02;2025-09-03;2025-09-04;2025-09-05;2025-09-06;2025-09-07;2025-09-08;2025-09-09;2025-09-10,,2025-09-10,9212.305629941271,10014.639955878787,10412.305629941271,42.7458707353776,51.124635790143834,25.66665562792801,55.69195466872876,64572.60569565643,1330.8684352062182,7855.652443408767,39421.833657909956,5757.246637779563,45179.08029568952,39421.833657909956,39421.83361848813,39593.91459550381,1470.288718654722,lexicographic,3.942183361848813e-05,3.959391455590991e-05,False,0.19548249999934342,0.0,1,0
2025-09-12,False,calendar_trend,4,1.0,7,1.0,0,calibrated_quantile,2025-08-15;2025-08-16;2025-08-17;2025-08-18;2025-08-19;2025-08-20;2025-08-21;2025-08-22;2025-08-23;2025-08-24;2025-08-25;2025-08-26;2025-08-27;2025-08-28;2025-08-29;2025-08-30;2025-08-31;2025-09-01;2025-09-02;2025-09-03;2025-09-04;2025-09-05;2025-09-06;2025-09-07;2025-09-08;2025-09-09;2025-09-10;2025-09-11,28,10264.481553754671,2025-08-15;2025-08-16;2025-08-17;2025-08-18;2025-08-19;2025-08-20;2025-08-21;2025-08-22;2025-08-23;2025-08-24;2025-08-25;2025-08-26;2025-08-27;2025-08-28;2025-08-29;2025-08-30;2025-08-31;2025-09-01;2025-09-02;2025-09-03;2025-09-04;2025-09-05;2025-09-06;2025-09-07;2025-09-08;2025-09-09;2025-09-10;2025-09-11,2025-08-29;2025-08-30;2025-08-31;2025-09-01;2025-09-02;2025-09-03;2025-09-04;2025-09-05;2025-09-06;2025-09-07;2025-09-08;2025-09-09;2025-09-10;2025-09-11,,2025-09-11,9165.794296048685,10412.305629941271,10365.794296048685,20.9608513019111,25.44303760990485,20.431059431066057,38.85926171318648,35949.0956830247,159.03020185021762,20636.662207475856,20064.977613849653,475.9845107341041,20540.962124583755,20064.977613849653,20064.977593784675,37781.957553152446,1332.6608149269648,lexicographic,2.0064977593784677e-05,3.7781957515370496e-05,False,0.3125924000014493,0.0,1,0
2025-09-13,False,calendar_trend,4,1.0,7,1.0,0,calibrated_quantile,2025-08-16;2025-08-17;2025-08-18;2025-08-19;2025-08-20;2025-08-21;2025-08-22;2025-08-23;2025-08-24;2025-08-25;2025-08-26;2025-08-27;2025-08-28;2025-08-29;2025-08-30;2025-08-31;2025-09-01;2025-09-02;2025-09-03;2025-09-04;2025-09-05;2025-09-06;2025-09-07;2025-09-08;2025-09-09;2025-09-10;2025-09-11;2025-09-12,28,10318.268668414905,2025-08-16;2025-08-17;2025-08-18;2025-08-19;2025-08-20;2025-08-21;2025-08-22;2025-08-23;2025-08-24;2025-08-25;2025-08-26;2025-08-27;2025-08-28;2025-08-29;2025-08-30;2025-08-31;2025-09-01;2025-09-02;2025-09-03;2025-09-04;2025-09-05;2025-09-06;2025-09-07;2025-09-08;2025-09-09;2025-09-10;2025-09-11;2025-09-12,2025-08-30;2025-08-31;2025-09-01;2025-09-02;2025-09-03;2025-09-04;2025-09-05;2025-09-06;2025-09-07;2025-09-08;2025-09-09;2025-09-10;2025-09-11;2025-09-12,,2025-09-12,9119.282962156089,10365.794296048685,10319.282962156089,19.95423127023952,25.1689921173966,31.50585338858335,61.47128881441063,36310.53499255753,54.16035364074065,24447.605444925663,20214.02955943545,184.95438958669135,20398.983949022142,20214.029559435447,20214.029539221432,37688.418091982865,1437.0881277033131,lexicographic,2.0214029539221434e-05,3.768841805429445e-05,False,0.31967619999704766,0.0,1,0
2025-09-14,False,calendar_trend,4,1.0,7,1.0,0,calibrated_quantile,2025-08-17;2025-08-18;2025-08-19;2025-08-20;2025-08-21;2025-08-22;2025-08-23;2025-08-24;2025-08-25;2025-08-26;2025-08-27;2025-08-28;2025-08-29;2025-08-30;2025-08-31;2025-09-01;2025-09-02;2025-09-03;2025-09-04;2025-09-05;2025-09-06;2025-09-07;2025-09-08;2025-09-09;2025-09-10;2025-09-11;2025-09-12;2025-09-13,28,10307.968899774105,2025-08-17;2025-08-18;2025-08-19;2025-08-20;2025-08-21;2025-08-22;2025-08-23;2025-08-24;2025-08-25;2025-08-26;2025-08-27;2025-08-28;2025-08-29;2025-08-30;2025-08-31;2025-09-01;2025-09-02;2025-09-03;2025-09-04;2025-09-05;2025-09-06;2025-09-07;2025-09-08;2025-09-09;2025-09-10;2025-09-11;2025-09-12;2025-09-13,2025-08-31;2025-09-01;2025-09-02;2025-09-03;2025-09-04;2025-09-05;2025-09-06;2025-09-07;2025-09-08;2025-09-09;2025-09-10;2025-09-11;2025-09-12;2025-09-13,,2025-09-13,9072.771628263506,10319.282962156089,10272.771628263506,52.5147679354267,62.384486064694144,29.181278831581082,59.32489621204467,63618.25000109768,3005.794789804126,2492.5253678174104,39167.51218440278,10945.855448059003,50113.367632461785,39167.51218440279,39167.51214523528,38852.5934699443,1449.4583182701558,lexicographic,3.9167512145235285e-05,3.8852593431091715e-05,False,0.19781820000207517,0.0,1,0
2025-09-15,False,calendar_trend,4,1.0,7,1.0,0,calibrated_quantile,2025-08-18;2025-08-19;2025-08-20;2025-08-21;2025-08-22;2025-08-23;2025-08-24;2025-08-25;2025-08-26;2025-08-27;2025-08-28;2025-08-29;2025-08-30;2025-08-31;2025-09-01;2025-09-02;2025-09-03;2025-09-04;2025-09-05;2025-09-06;2025-09-07;2025-09-08;2025-09-09;2025-09-10;2025-09-11;2025-09-12;2025-09-13;2025-09-14,28,11000.090710660388,2025-08-18;2025-08-19;2025-08-20;2025-08-21;2025-08-22;2025-08-23;2025-08-24;2025-08-25;2025-08-26;2025-08-27;2025-08-28;2025-08-29;2025-08-30;2025-08-31;2025-09-01;2025-09-02;2025-09-03;2025-09-04;2025-09-05;2025-09-06;2025-09-07;2025-09-08;2025-09-09;2025-09-10;2025-09-11;2025-09-12;2025-09-13;2025-09-14,2025-09-01;2025-09-02;2025-09-03;2025-09-04;2025-09-05;2025-09-06;2025-09-07;2025-09-08;2025-09-09;2025-09-10;2025-09-11;2025-09-12;2025-09-13;2025-09-14,,2025-09-14,9351.245333926863,10272.771628263506,10551.245333926863,53.99798780865254,61.53357257897751,26.78169622490132,50.72607548125553,64917.846157456705,1688.6954523497698,7155.973867470077,39655.62769735224,7282.509820365811,46938.13751771805,39655.62769735224,39655.62765769661,39120.78682685013,1469.488751140389,lexicographic,3.9655627657696615e-05,3.912078678772937e-05,False,0.22075349999795435,0.0,1,0
2025-09-16,False,calendar_trend,4,1.0,7,1.0,0,calibrated_quantile,2025-08-19;2025-08-20;2025-08-21;2025-08-22;2025-08-23;2025-08-24;2025-08-25;2025-08-26;2025-08-27;2025-08-28;2025-08-29;2025-08-30;2025-08-31;2025-09-01;2025-09-02;2025-09-03;2025-09-04;2025-09-05;2025-09-06;2025-09-07;2025-09-08;2025-09-09;2025-09-10;2025-09-11;2025-09-12;2025-09-13;2025-09-14;2025-09-15,28,11349.100819218998,2025-08-19;2025-08-20;2025-08-21;2025-08-22;2025-08-23;2025-08-24;2025-08-25;2025-08-26;2025-08-27;2025-08-28;2025-08-29;2025-08-30;2025-08-31;2025-09-01;2025-09-02;2025-09-03;2025-09-04;2025-09-05;2025-09-06;2025-09-07;2025-09-08;2025-09-09;2025-09-10;2025-09-11;2025-09-12;2025-09-13;2025-09-14;2025-09-15,2025-09-02;2025-09-03;2025-09-04;2025-09-05;2025-09-06;2025-09-07;2025-09-08;2025-09-09;2025-09-10;2025-09-11;2025-09-12;2025-09-13;2025-09-14;2025-09-15,,2025-09-15,9339.766074876758,10551.245333926863,10539.766074876758,49.95502684519986,58.62154275594619,23.351876731280306,49.532944851754145,66424.56688680834,1937.5666705552308,4791.6545977956375,41088.00150553996,6417.712332764573,47505.71383830454,41088.00150553997,41088.00146445197,38963.82059618326,1479.9317010299656,lexicographic,4.108800146445197e-05,3.8963820557219434e-05,False,0.2772960000002058,0.0,1,0
2025-09-17,False,calendar_trend,4,1.0,7,1.0,0,calibrated_quantile,2025-08-20;2025-08-21;2025-08-22;2025-08-23;2025-08-24;2025-08-25;2025-08-26;2025-08-27;2025-08-28;2025-08-29;2025-08-30;2025-08-31;2025-09-01;2025-09-02;2025-09-03;2025-09-04;2025-09-05;2025-09-06;2025-09-07;2025-09-08;2025-09-09;2025-09-10;2025-09-11;2025-09-12;2025-09-13;2025-09-14;2025-09-15;2025-09-16,28,11736.146456183207,2025-08-20;2025-08-21;2025-08-22;2025-08-23;2025-08-24;2025-08-25;2025-08-26;2025-08-27;2025-08-28;2025-08-29;2025-08-30;2025-08-31;2025-09-01;2025-09-02;2025-09-03;2025-09-04;2025-09-05;2025-09-06;2025-09-07;2025-09-08;2025-09-09;2025-09-10;2025-09-11;2025-09-12;2025-09-13;2025-09-14;2025-09-15;2025-09-16,2025-09-03;2025-09-04;2025-09-05;2025-09-06;2025-09-07;2025-09-08;2025-09-09;2025-09-10;2025-09-11;2025-09-12;2025-09-13;2025-09-14;2025-09-15;2025-09-16,,2025-09-16,9490.685306145364,10539.766074876758,10690.685306145364,33.41203276947715,40.833774712059906,25.264168808447966,52.14498598551999,69398.9165833891,701.2436705073112,5857.917091407149,43039.62959890212,2698.388249951947,45738.01784885406,43039.62959890212,43039.62955586248,39363.111599063544,1489.793884357579,lexicographic,4.303962955586248e-05,3.9363111559700445e-05,False,0.26407109999854583,0.0,1,0
2025-09-18,False,calendar_trend,4,1.0,7,1.0,0,calibrated_quantile,2025-08-21;2025-08-22;2025-08-23;2025-08-24;2025-08-25;2025-08-26;2025-08-27;2025-08-28;2025-08-29;2025-08-30;2025-08-31;2025-09-01;2025-09-02;2025-09-03;2025-09-04;2025-09-05;2025-09-06;2025-09-07;2025-09-08;2025-09-09;2025-09-10;2025-09-11;2025-09-12;2025-09-13;2025-09-14;2025-09-15;2025-09-16;2025-09-17,28,11540.692082210207,2025-08-21;2025-08-22;2025-08-23;2025-08-24;2025-08-25;2025-08-26;2025-08-27;2025-08-28;2025-08-29;2025-08-30;2025-08-31;2025-09-01;2025-09-02;2025-09-03;2025-09-04;2025-09-05;2025-09-06;2025-09-07;2025-09-08;2025-09-09;2025-09-10;2025-09-11;2025-09-12;2025-09-13;2025-09-14;2025-09-15;2025-09-16;2025-09-17,2025-09-04;2025-09-05;2025-09-06;2025-09-07;2025-09-08;2025-09-09;2025-09-10;2025-09-11;2025-09-12;2025-09-13;2025-09-14;2025-09-15;2025-09-16;2025-09-17,,2025-09-17,9455.40309718643,10690.685306145364,10655.40309718643,24.40213763485996,30.932501402132154,14.347833302503565,29.212111092751822,71670.7288750971,128.80396173427096,8752.83015263006,44723.69594607179,620.8255111015128,45344.5214571733,44723.6959460718,44723.69590134811,39303.09112296736,1493.3779460414921,lexicographic,4.4723695901348115e-05,3.9303091083664265e-05,False,0.21544649999850662,0.0,1,0
2025-09-19,False,calendar_trend,4,1.0,7,1.0,0,calibrated_quantile,2025-08-22;2025-08-23;2025-08-24;2025-08-25;2025-08-26;2025-08-27;2025-08-28;2025-08-29;2025-08-30;2025-08-31;2025-09-01;2025-09-02;2025-09-03;2025-09-04;2025-09-05;2025-09-06;2025-09-07;2025-09-08;2025-09-09;2025-09-10;2025-09-11;2025-09-12;2025-09-13;2025-09-14;2025-09-15;2025-09-16;2025-09-17;2025-09-18,28,11520.87033704683,2025-08-22;2025-08-23;2025-08-24;2025-08-25;2025-08-26;2025-08-27;2025-08-28;2025-08-29;2025-08-30;2025-08-31;2025-09-01;2025-09-02;2025-09-03;2025-09-04;2025-09-05;2025-09-06;2025-09-07;2025-09-08;2025-09-09;2025-09-10;2025-09-11;2025-09-12;2025-09-13;2025-09-14;2025-09-15;2025-09-16;2025-09-17;2025-09-18,2025-09-05;2025-09-06;2025-09-07;2025-09-08;2025-09-09;2025-09-10;2025-09-11;2025-09-12;2025-09-13;2025-09-14;2025-09-15;2025-09-16;2025-09-17;2025-09-18,,2025-09-18,9420.120888227506,10655.40309718643,10620.120888227506,24.136295734124324,30.531167014330762,23.912967595921344,47.77459467068387,39814.90630631363,69.97453138526652,19799.923663163798,22840.68354682284,156.75257750388042,22997.43612432672,22840.68354682284,22840.683523982152,38283.330362462846,1381.0001275000518,lexicographic,2.2840683523982154e-05,3.828333032417951e-05,False,0.17269019999730517,0.0,1,0
2025-09-20,False,calendar_trend,4,1.0,7,1.0,0,calibrated_quantile,2025-08-23;2025-08-24;2025-08-25;2025-08-26;2025-08-27;2025-08-28;2025-08-29;2025-08-30;2025-08-31;2025-09-01;2025-09-02;2025-09-03;2025-09-04;2025-09-05;2025-09-06;2025-09-07;2025-09-08;2025-09-09;2025-09-10;2025-09-11;2025-09-12;2025-09-13;2025-09-14;2025-09-15;2025-09-16;2025-09-17;2025-09-18;2025-09-19,28,11549.37064625322,2025-08-23;2025-08-24;2025-08-25;2025-08-26;2025-08-27;2025-08-28;2025-08-29;2025-08-30;2025-08-31;2025-09-01;2025-09-02;2025-09-03;2025-09-04;2025-09-05;2025-09-06;2025-09-07;2025-09-08;2025-09-09;2025-09-10;2025-09-11;2025-09-12;2025-09-13;2025-09-14;2025-09-15;2025-09-16;2025-09-17;2025-09-18;2025-09-19,2025-09-06;2025-09-07;2025-09-08;2025-09-09;2025-09-10;2025-09-11;2025-09-12;2025-09-13;2025-09-14;2025-09-15;2025-09-16;2025-09-17;2025-09-18;2025-09-19,,2025-09-19,9408.6416291774,10620.120888227506,10608.6416291774,24.666722323356037,34.4744166316818,21.252386641359692,40.316386081961795,40298.86910101815,0.0,20650.83124578135,23108.633645591035,0.0,23108.633645591035,23108.633645591035,23108.633622482404,38238.82172071298,1501.201704548442,lexicographic,2.3108633622482407e-05,3.823882172071299e-05,False,0.19432149999920512,0.0,1,0
2025-09-21,False,calendar_trend,4,1.0,7,1.0,0,calibrated_quantile,2025-08-24;2025-08-25;2025-08-26;2025-08-27;2025-08-28;2025-08-29;2025-08-30;2025-08-31;2025-09-01;2025-09-02;2025-09-03;2025-09-04;2025-09-05;2025-09-06;2025-09-07;2025-09-08;2025-09-09;2025-09-10;2025-09-11;2025-09-12;2025-09-13;2025-09-14;2025-09-15;2025-09-16;2025-09-17;2025-09-18;2025-09-19;2025-09-20,28,11470.266086937867,2025-08-24;2025-08-25;2025-08-26;2025-08-27;2025-08-28;2025-08-29;2025-08-30;2025-08-31;2025-09-01;2025-09-02;2025-09-03;2025-09-04;2025-09-05;2025-09-06;2025-09-07;2025-09-08;2025-09-09;2025-09-10;2025-09-11;2025-09-12;2025-09-13;2025-09-14;2025-09-15;2025-09-16;2025-09-17;2025-09-18;2025-09-19;2025-09-20,2025-09-07;2025-09-08;2025-09-09;2025-09-10;2025-09-11;2025-09-12;2025-09-13;2025-09-14;2025-09-15;2025-09-16;2025-09-17;2025-09-18;2025-09-19;2025-09-20,,2025-09-20,9397.162370127295,10608.6416291774,10597.162370127295,23.498613006225234,29.568369696634097,27.980623323581757,53.874319217341004,75652.77066284756,28.423023021942473,13254.645951547243,47593.967750093885,66.4918152277799,47660.45956532167,47593.967750093885,47593.96770249991,39538.74589779018,1524.6422796369632,lexicographic,4.7593967702499916e-05,3.953874585825142e-05,False,0.17821720000210917,0.0,1,0
2025-09-22,False,calendar_trend,4,1.0,7,1.0,0,calibrated_quantile,2025-08-25;2025-08-26;2025-08-27;2025-08-28;2025-08-29;2025-08-30;2025-08-31;2025-09-01;2025-09-02;2025-09-03;2025-09-04;2025-09-05;2025-09-06;2025-09-07;2025-09-08;2025-09-09;2025-09-10;2025-09-11;2025-09-12;2025-09-13;2025-09-14;2025-09-15;2025-09-16;2025-09-17;2025-09-18;2025-09-19;2025-09-20;2025-09-21,28,11462.025666803962,2025-08-25;2025-08-26;2025-08-27;2025-08-28;2025-08-29;2025-08-30;2025-08-31;2025-09-01;2025-09-02;2025-09-03;2025-09-04;2025-09-05;2025-09-06;2025-09-07;2025-09-08;2025-09-09;2025-09-10;2025-09-11;2025-09-12;2025-09-13;2025-09-14;2025-09-15;2025-09-16;2025-09-17;2025-09-18;2025-09-19;2025-09-20;2025-09-21,2025-09-08;2025-09-09;2025-09-10;2025-09-11;2025-09-12;2025-09-13;2025-09-14;2025-09-15;2025-09-16;2025-09-17;2025-09-18;2025-09-19;2025-09-20;2025-09-21,,2025-09-21,9385.683111077185,10597.162370127295,10585.683111077185,27.105188773829337,34.03502410042513,12.954231825009519,22.10392021862675,74120.9020256343,221.2901123084343,9628.901017524026,46316.783088676995,896.7201883791402,47213.50327705614,46316.783088676995,46316.78304236024,39159.70318639347,1512.2742316996034,lexicographic,4.631678304236024e-05,3.915970314723376e-05,False,0.16164600000047358,0.0,1,0
2025-09-23,False,calendar_trend,4,1.0,7,1.0,0,calibrated_quantile,2025-08-26;2025-08-27;2025-08-28;2025-08-29;2025-08-30;2025-08-31;2025-09-01;2025-09-02;2025-09-03;2025-09-04;2025-09-05;2025-09-06;2025-09-07;2025-09-08;2025-09-09;2025-09-10;2025-09-11;2025-09-12;2025-09-13;2025-09-14;2025-09-15;2025-09-16;2025-09-17;2025-09-18;2025-09-19;2025-09-20;2025-09-21;2025-09-22,28,11178.048728663689,2025-08-26;2025-08-27;2025-08-28;2025-08-29;2025-08-30;2025-08-31;2025-09-01;2025-09-02;2025-09-03;2025-09-04;2025-09-05;2025-09-06;2025-09-07;2025-09-08;2025-09-09;2025-09-10;2025-09-11;2025-09-12;2025-09-13;2025-09-14;2025-09-15;2025-09-16;2025-09-17;2025-09-18;2025-09-19;2025-09-20;2025-09-21;2025-09-22,2025-09-09;2025-09-10;2025-09-11;2025-09-12;2025-09-13;2025-09-14;2025-09-15;2025-09-16;2025-09-17;2025-09-18;2025-09-19;2025-09-20;2025-09-21;2025-09-22,,2025-09-22,9374.203852027078,10585.683111077185,10574.203852027078,22.317326882700822,28.294125376074508,19.811696702469476,38.91254125263139,76637.35126923927,78.38413978935861,10452.022103503987,48167.86493688413,299.63936827100326,48467.50430515513,48167.86493688413,48167.864888716285,39615.31338661296,1535.6819578336858,lexicographic,4.816786488871629e-05,3.961531334699764e-05,False,0.15514019999682205,0.0,1,0
2025-09-24,False,calendar_trend,4,1.0,7,1.0,0,calibrated_quantile,2025-08-27;2025-08-28;2025-08-29;2025-08-30;2025-08-31;2025-09-01;2025-09-02;2025-09-03;2025-09-04;2025-09-05;2025-09-06;2025-09-07;2025-09-08;2025-09-09;2025-09-10;2025-09-11;2025-09-12;2025-09-13;2025-09-14;2025-09-15;2025-09-16;2025-09-17;2025-09-18;2025-09-19;2025-09-20;2025-09-21;2025-09-22;2025-09-23,28,11161.431357437114,2025-08-27;2025-08-28;2025-08-29;2025-08-30;2025-08-31;2025-09-01;2025-09-02;2025-09-03;2025-09-04;2025-09-05;2025-09-06;2025-09-07;2025-09-08;2025-09-09;2025-09-10;2025-09-11;2025-09-12;2025-09-13;2025-09-14;2025-09-15;2025-09-16;2025-09-17;2025-09-18;2025-09-19;2025-09-20;2025-09-21;2025-09-22;2025-09-23,2025-09-10;2025-09-11;2025-09-12;2025-09-13;2025-09-14;2025-09-15;2025-09-16;2025-09-17;2025-09-18;2025-09-19;2025-09-20;2025-09-21;2025-09-22;2025-09-23,,2025-09-23,9362.724592976972,10574.203852027078,10562.724592976972,24.876299532704348,31.442160924449787,17.724472628941864,30.829660707083125,78067.83128795742,15.97016831931409,12833.85220950629,49289.28762220061,63.240567732947916,49352.52818993355,49289.2876222006,49289.2875729113,39992.80722076162,1546.0180970794515,lexicographic,4.92892875729113e-05,3.99928071807688e-05,False,0.1260684000008041,0.0,1,0
2025-09-25,False,calendar_trend,4,1.0,7,1.0,0,calibrated_quantile,2025-08-28;2025-08-29;2025-08-30;2025-08-31;2025-09-01;2025-09-02;2025-09-03;2025-09-04;2025-09-05;2025-09-06;2025-09-07;2025-09-08;2025-09-09;2025-09-10;2025-09-11;2025-09-12;2025-09-13;2025-09-14;2025-09-15;2025-09-16;2025-09-17;2025-09-18;2025-09-19;2025-09-20;2025-09-21;2025-09-22;2025-09-23;2025-09-24,28,11119.063004542997,2025-08-28;2025-08-29;2025-08-30;2025-08-31;2025-09-01;2025-09-02;2025-09-03;2025-09-04;2025-09-05;2025-09-06;2025-09-07;2025-09-08;2025-09-09;2025-09-10;2025-09-11;2025-09-12;2025-09-13;2025-09-14;2025-09-15;2025-09-16;2025-09-17;2025-09-18;2025-09-19;2025-09-20;2025-09-21;2025-09-22;2025-09-23;2025-09-24,2025-09-11;2025-09-12;2025-09-13;2025-09-14;2025-09-15;2025-09-16;2025-09-17;2025-09-18;2025-09-19;2025-09-20;2025-09-21;2025-09-22;2025-09-23;2025-09-24,,2025-09-24,9351.245333926863,10562.724592976972,10551.245333926863,32.76209636468967,40.93447586999121,16.755691975541534,31.14628325256521,80018.94531439264,21.069402889882667,15506.555026407459,50824.77329178504,44.97264046845456,50869.74593225349,50824.77329178504,50824.77324096023,40100.32735670562,1541.6633281399727,lexicographic,5.0824773240960234e-05,4.0100327316605276e-05,False,0.22909789999903296,0.0,1,0
2025-09-26,False,calendar_trend,4,1.0,7,1.0,0,calibrated_quantile,2025-08-29;2025-08-30;2025-08-31;2025-09-01;2025-09-02;2025-09-03;2025-09-04;2025-09-05;2025-09-06;2025-09-07;2025-09-08;2025-09-09;2025-09-10;2025-09-11;2025-09-12;2025-09-13;2025-09-14;2025-09-15;2025-09-16;2025-09-17;2025-09-18;2025-09-19;2025-09-20;2025-09-21;2025-09-22;2025-09-23;2025-09-24;2025-09-25,28,10926.360046600868,2025-08-29;2025-08-30;2025-08-31;2025-09-01;2025-09-02;2025-09-03;2025-09-04;2025-09-05;2025-09-06;2025-09-07;2025-09-08;2025-09-09;2025-09-10;2025-09-11;2025-09-12;2025-09-13;2025-09-14;2025-09-15;2025-09-16;2025-09-17;2025-09-18;2025-09-19;2025-09-20;2025-09-21;2025-09-22;2025-09-23;2025-09-24;2025-09-25,2025-09-12;2025-09-13;2025-09-14;2025-09-15;2025-09-16;2025-09-17;2025-09-18;2025-09-19;2025-09-20;2025-09-21;2025-09-22;2025-09-23;2025-09-24;2025-09-25,,2025-09-25,9339.766074876758,10551.245333926863,10539.766074876758,35.20697424547736,42.80364610804789,21.20629183118316,46.225343114847725,41798.61865123576,0.0,20116.311433149258,24261.14675314827,0.0,24261.14675314827,24261.14675314827,24261.146728887128,38100.30524224608,1406.9106380870735,lexicographic,2.426114672888713e-05,3.810030520414578e-05,False,0.17099159999997937,0.0,1,0
2025-09-27,False,calendar_trend,4,1.0,7,1.0,0,calibrated_quantile,2025-08-30;2025-08-31;2025-09-01;2025-09-02;2025-09-03;2025-09-04;2025-09-05;2025-09-06;2025-09-07;2025-09-08;2025-09-09;2025-09-10;2025-09-11;2025-09-12;2025-09-13;2025-09-14;2025-09-15;2025-09-16;2025-09-17;2025-09-18;2025-09-19;2025-09-20;2025-09-21;2025-09-22;2025-09-23;2025-09-24;2025-09-25;2025-09-26,28,10928.665480079106,2025-08-30;2025-08-31;2025-09-01;2025-09-02;2025-09-03;2025-09-04;2025-09-05;2025-09-06;2025-09-07;2025-09-08;2025-09-09;2025-09-10;2025-09-11;2025-09-12;2025-09-13;2025-09-14;2025-09-15;2025-09-16;2025-09-17;2025-09-18;2025-09-19;2025-09-20;2025-09-21;2025-09-22;2025-09-23;2025-09-24;2025-09-25;2025-09-26,2025-09-13;2025-09-14;2025-09-15;2025-09-16;2025-09-17;2025-09-18;2025-09-19;2025-09-20;2025-09-21;2025-09-22;2025-09-23;2025-09-24;2025-09-25;2025-09-26,,2025-09-26,9328.286815826652,10539.766074876758,10528.286815826652,28.4654918952288,35.068460430702046,34.23092532050086,58.61619754193309,41754.012960762164,52.04752105521368,20019.11791282752,24189.25813491674,209.8397621193411,24399.09789703608,24189.258134916745,24189.258110727485,38077.21917716747,1489.6929350470132,lexicographic,2.418925811072749e-05,3.8077219139090264e-05,False,0.1582791000000725,0.0,1,0
2025-09-28,False,calendar_trend,4,1.0,7,1.0,0,calibrated_quantile,2025-08-31;2025-09-01;2025-09-02;2025-09-03;2025-09-04;2025-09-05;2025-09-06;2025-09-07;2025-09-08;2025-09-09;2025-09-10;2025-09-11;2025-09-12;2025-09-13;2025-09-14;2025-09-15;2025-09-16;2025-09-17;2025-09-18;2025-09-19;2025-09-20;2025-09-21;2025-09-22;2025-09-23;2025-09-24;2025-09-25;2025-09-26;2025-09-27,28,10925.330880270343,2025-08-31;2025-09-01;2025-09-02;2025-09-03;2025-09-04;2025-09-05;2025-09-06;2025-09-07;2025-09-08;2025-09-09;2025-09-10;2025-09-11;2025-09-12;2025-09-13;2025-09-14;2025-09-15;2025-09-16;2025-09-17;2025-09-18;2025-09-19;2025-09-20;2025-09-21;2025-09-22;2025-09-23;2025-09-24;2025-09-25;2025-09-26;2025-09-27,2025-09-14;2025-09-15;2025-09-16;2025-09-17;2025-09-18;2025-09-19;2025-09-20;2025-09-21;2025-09-22;2025-09-23;2025-09-24;2025-09-25;2025-09-26;2025-09-27,,2025-09-27,9316.807556776543,10528.286815826652,10516.807556776543,31.797981110194314,39.36106835846024,18.32316886037114,34.607117257741145,80469.5666881103,0.0,12727.020347590867,50998.348908630316,0.0,50998.348908630316,50998.348908630316,50998.34885763194,40642.43553138791,1561.338987710145,lexicographic,5.0998348857631946e-05,4.064243549074547e-05,False,0.14608170000065002,1.426704545767774e-16,1,0
2025-09-29,False,calendar_trend,4,1.0,7,1.0,0,calibrated_quantile,2025-09-01;2025-09-02;2025-09-03;2025-09-04;2025-09-05;2025-09-06;2025-09-07;2025-09-08;2025-09-09;2025-09-10;2025-09-11;2025-09-12;2025-09-13;2025-09-14;2025-09-15;2025-09-16;2025-09-17;2025-09-18;2025-09-19;2025-09-20;2025-09-21;2025-09-22;2025-09-23;2025-09-24;2025-09-25;2025-09-26;2025-09-27;2025-09-28,28,10887.748343695635,2025-09-01;2025-09-02;2025-09-03;2025-09-04;2025-09-05;2025-09-06;2025-09-07;2025-09-08;2025-09-09;2025-09-10;2025-09-11;2025-09-12;2025-09-13;2025-09-14;2025-09-15;2025-09-16;2025-09-17;2025-09-18;2025-09-19;2025-09-20;2025-09-21;2025-09-22;2025-09-23;2025-09-24;2025-09-25;2025-09-26;2025-09-27;2025-09-28,2025-09-15;2025-09-16;2025-09-17;2025-09-18;2025-09-19;2025-09-20;2025-09-21;2025-09-22;2025-09-23;2025-09-24;2025-09-25;2025-09-26;2025-09-27;2025-09-28,,2025-09-28,9305.328297726435,10516.807556776543,10505.328297726435,25.16925716019926,30.904117117496053,10.751648228816332,22.667429365105196,78350.01468974203,46.354134990922944,11421.599871383329,49238.58858597211,150.92181511792725,49389.51040109004,49238.58858597212,49238.58853673354,40261.00355712122,1512.4013715741207,lexicographic,4.923858853673355e-05,4.026100351686022e-05,False,0.15452450000157114,0.0,1,0
2025-09-30,False,calendar_trend,4,1.0,7,1.0,0,calibrated_quantile,2025-09-02;2025-09-03;2025-09-04;2025-09-05;2025-09-06;2025-09-07;2025-09-08;2025-09-09;2025-09-10;2025-09-11;2025-09-12;2025-09-13;2025-09-14;2025-09-15;2025-09-16;2025-09-17;2025-09-18;2025-09-19;2025-09-20;2025-09-21;2025-09-22;2025-09-23;2025-09-24;2025-09-25;2025-09-26;2025-09-27;2025-09-28;2025-09-29,28,10914.756836185868,2025-09-02;2025-09-03;2025-09-04;2025-09-05;2025-09-06;2025-09-07;2025-09-08;2025-09-09;2025-09-10;2025-09-11;2025-09-12;2025-09-13;2025-09-14;2025-09-15;2025-09-16;2025-09-17;2025-09-18;2025-09-19;2025-09-20;2025-09-21;2025-09-22;2025-09-23;2025-09-24;2025-09-25;2025-09-26;2025-09-27;2025-09-28;2025-09-29,2025-09-16;2025-09-17;2025-09-18;2025-09-19;2025-09-20;2025-09-21;2025-09-22;2025-09-23;2025-09-24;2025-09-25;2025-09-26;2025-09-27;2025-09-28;2025-09-29,,2025-09-29,9258.816963833853,10505.328297726435,10458.816963833853,22.246758624018767,27.875597815196418,25.06588825838622,46.234366223810134,78453.82150530009,115.90307974495818,8958.67731091251,49555.607505332795,518.9672276244794,50074.57473295728,49555.60750533279,49555.60745577718,40345.155997473004,1530.9584612288456,lexicographic,4.955560745577718e-05,4.034515595712785e-05,False,0.13850800000000163,0.0,1,0
2025-10-01,False,calendar_trend,4,1.0,7,1.0,0,calibrated_quantile,2025-09-03;2025-09-04;2025-09-05;2025-09-06;2025-09-07;2025-09-08;2025-09-09;2025-09-10;2025-09-11;2025-09-12;2025-09-13;2025-09-14;2025-09-15;2025-09-16;2025-09-17;2025-09-18;2025-09-19;2025-09-20;2025-09-21;2025-09-22;2025-09-23;2025-09-24;2025-09-25;2025-09-26;2025-09-27;2025-09-28;2025-09-29;2025-09-30,28,11016.75287894773,2025-09-03;2025-09-04;2025-09-05;2025-09-06;2025-09-07;2025-09-08;2025-09-09;2025-09-10;2025-09-11;2025-09-12;2025-09-13;2025-09-14;2025-09-15;2025-09-16;2025-09-17;2025-09-18;2025-09-19;2025-09-20;2025-09-21;2025-09-22;2025-09-23;2025-09-24;2025-09-25;2025-09-26;2025-09-27;2025-09-28;2025-09-29;2025-09-30,2025-09-17;2025-09-18;2025-09-19;2025-09-20;2025-09-21;2025-09-22;2025-09-23;2025-09-24;2025-09-25;2025-09-26;2025-09-27;2025-09-28;2025-09-29;2025-09-30,,2025-09-30,9212.305629941271,10458.816963833853,10412.305629941271,33.580644149003284,44.36817524488599,73.33436616853866,130.37869075617797,78999.71452266729,18.76536653885887,25134.87599510498,49799.976388431045,40.94602978779005,49840.92241821883,49799.976388431045,49799.97633863106,40661.52354734953,1524.3149340527202,lexicographic,4.979997633863106e-05,4.066152350668801e-05,False,0.20993280000038794,0.0,1,0
2025-10-02,False,calendar_trend,4,1.0,7,1.0,0,calibrated_quantile,2025-09-04;2025-09-05;2025-09-06;2025-09-07;2025-09-08;2025-09-09;2025-09-10;2025-09-11;2025-09-12;2025-09-13;2025-09-14;2025-09-15;2025-09-16;2025-09-17;2025-09-18;2025-09-19;2025-09-20;2025-09-21;2025-09-22;2025-09-23;2025-09-24;2025-09-25;2025-09-26;2025-09-27;2025-09-28;2025-09-29;2025-09-30;2025-10-01,28,11014.529334354444,2025-09-04;2025-09-05;2025-09-06;2025-09-07;2025-09-08;2025-09-09;2025-09-10;2025-09-11;2025-09-12;2025-09-13;2025-09-14;2025-09-15;2025-09-16;2025-09-17;2025-09-18;2025-09-19;2025-09-20;2025-09-21;2025-09-22;2025-09-23;2025-09-24;2025-09-25;2025-09-26;2025-09-27;2025-09-28;2025-09-29;2025-09-30;2025-10-01,2025-09-18;2025-09-19;2025-09-20;2025-09-21;2025-09-22;2025-09-23;2025-09-24;2025-09-25;2025-09-26;2025-09-27;2025-09-28;2025-09-29;2025-09-30;2025-10-01,,2025-10-01,9165.794296048685,10412.305629941271,10365.794296048685,26.52881675908924,36.41769120575011,43.6779868367523,76.78080560337439,75457.71562886341,11.825914803329301,19548.43463168703,47426.29953913309,53.46191243943586,47479.76145157253,47426.29953913309,47426.2994917068,40358.98142380675,1551.0837568792883,lexicographic,4.74262994917068e-05,4.035898138344776e-05,False,0.1498269999974582,0.0,1,0
2025-10-03,False,calendar_trend,4,1.0,7,1.0,0,calibrated_quantile,2025-09-05;2025-09-06;2025-09-07;2025-09-08;2025-09-09;2025-09-10;2025-09-11;2025-09-12;2025-09-13;2025-09-14;2025-09-15;2025-09-16;2025-09-17;2025-09-18;2025-09-19;2025-09-20;2025-09-21;2025-09-22;2025-09-23;2025-09-24;2025-09-25;2025-09-26;2025-09-27;2025-09-28;2025-09-29;2025-09-30;2025-10-01;2025-10-02,28,10999.627627179449,2025-09-05;2025-09-06;2025-09-07;2025-09-08;2025-09-09;2025-09-10;2025-09-11;2025-09-12;2025-09-13;2025-09-14;2025-09-15;2025-09-16;2025-09-17;2025-09-18;2025-09-19;2025-09-20;2025-09-21;2025-09-22;2025-09-23;2025-09-24;2025-09-25;2025-09-26;2025-09-27;2025-09-28;2025-09-29;2025-09-30;2025-10-01;2025-10-02,2025-09-19;2025-09-20;2025-09-21;2025-09-22;2025-09-23;2025-09-24;2025-09-25;2025-09-26;2025-09-27;2025-09-28;2025-09-29;2025-09-30;2025-10-01;2025-10-02,,2025-10-02,9119.282962156089,10365.794296048685,10319.282962156089,25.018241687128725,32.70873924496526,21.058964553292114,40.94326097979451,37921.25019721945,0.0,26194.10807976621,21138.211524042665,0.0,21138.211524042665,21138.211524042665,21138.211502904458,37688.418087352795,1344.7255092964883,lexicographic,2.113821150290446e-05,3.768841804966437e-05,False,0.1727221000001009,0.0,1,0
2025-10-04,False,calendar_trend,4,1.0,7,1.0,0,calibrated_quantile,2025-09-06;2025-09-07;2025-09-08;2025-09-09;2025-09-10;2025-09-11;2025-09-12;2025-09-13;2025-09-14;2025-09-15;2025-09-16;2025-09-17;2025-09-18;2025-09-19;2025-09-20;2025-09-21;2025-09-22;2025-09-23;2025-09-24;2025-09-25;2025-09-26;2025-09-27;2025-09-28;2025-09-29;2025-09-30;2025-10-01;2025-10-02;2025-10-03,28,10968.38901704159,2025-09-06;2025-09-07;2025-09-08;2025-09-09;2025-09-10;2025-09-11;2025-09-12;2025-09-13;2025-09-14;2025-09-15;2025-09-16;2025-09-17;2025-09-18;2025-09-19;2025-09-20;2025-09-21;2025-09-22;2025-09-23;2025-09-24;2025-09-25;2025-09-26;2025-09-27;2025-09-28;2025-09-29;2025-09-30;2025-10-01;2025-10-02;2025-10-03,2025-09-20;2025-09-21;2025-09-22;2025-09-23;2025-09-24;2025-09-25;2025-09-26;2025-09-27;2025-09-28;2025-09-29;2025-09-30;2025-10-01;2025-10-02;2025-10-03,,2025-10-03,9072.771628263506,10319.282962156089,10272.771628263506,21.571032972552178,27.126255910340145,19.586333907443557,34.87536760237478,37380.67077266656,96.6422836560672,20481.161264660397,20648.525644611556,406.13820167101744,21054.663846282572,20648.525644611553,20648.525623963036,37594.87862937873,1468.5288466556797,lexicographic,2.064852562396304e-05,3.759487859178384e-05,False,0.12341039999955683,0.0,1,0
2025-10-05,False,calendar_trend,4,1.0,7,1.0,0,calibrated_quantile,2025-09-07;2025-09-08;2025-09-09;2025-09-10;2025-09-11;2025-09-12;2025-09-13;2025-09-14;2025-09-15;2025-09-16;2025-09-17;2025-09-18;2025-09-19;2025-09-20;2025-09-21;2025-09-22;2025-09-23;2025-09-24;2025-09-25;2025-09-26;2025-09-27;2025-09-28;2025-09-29;2025-09-30;2025-10-01;2025-10-02;2025-10-03;2025-10-04,28,10842.897080614892,2025-09-07;2025-09-08;2025-09-09;2025-09-10;2025-09-11;2025-09-12;2025-09-13;2025-09-14;2025-09-15;2025-09-16;2025-09-17;2025-09-18;2025-09-19;2025-09-20;2025-09-21;2025-09-22;2025-09-23;2025-09-24;2025-09-25;2025-09-26;2025-09-27;2025-09-28;2025-09-29;2025-09-30;2025-10-01;2025-10-02;2025-10-03;2025-10-04,2025-09-21;2025-09-22;2025-09-23;2025-09-24;2025-09-25;2025-09-26;2025-09-27;2025-09-28;2025-09-29;2025-09-30;2025-10-01;2025-10-02;2025-10-03;2025-10-04,,2025-10-04,9026.260294370923,10272.771628263506,10226.260294370923,25.569286016107394,30.46152785384433,15.17214501720952,28.01411884169631,70171.840443623,38.51140734989474,11345.827620114414,43155.28482469302,86.23311858076994,43241.51794327379,43155.28482469302,43155.284781537724,39770.63014838869,1498.9011196026477,lexicographic,4.315528478153773e-05,3.977063010861806e-05,False,0.14019089999783318,1.6859945777246163e-16,1,0
2025-10-06,False,calendar_trend,4,1.0,7,1.0,0,calibrated_quantile,2025-09-08;2025-09-09;2025-09-10;2025-09-11;2025-09-12;2025-09-13;2025-09-14;2025-09-15;2025-09-16;2025-09-17;2025-09-18;2025-09-19;2025-09-20;2025-09-21;2025-09-22;2025-09-23;2025-09-24;2025-09-25;2025-09-26;2025-09-27;2025-09-28;2025-09-29;2025-09-30;2025-10-01;2025-10-02;2025-10-03;2025-10-04;2025-10-05,28,10467.056113046167,2025-09-08;2025-09-09;2025-09-10;2025-09-11;2025-09-12;2025-09-13;2025-09-14;2025-09-15;2025-09-16;2025-09-17;2025-09-18;2025-09-19;2025-09-20;2025-09-21;2025-09-22;2025-09-23;2025-09-24;2025-09-25;2025-09-26;2025-09-27;2025-09-28;2025-09-29;2025-09-30;2025-10-01;2025-10-02;2025-10-03;2025-10-04;2025-10-05,2025-09-22;2025-09-23;2025-09-24;2025-09-25;2025-09-26;2025-09-27;2025-09-28;2025-09-29;2025-09-30;2025-10-01;2025-10-02;2025-10-03;2025-10-04;2025-10-05,,2025-10-05,8979.74896047834,10226.260294370923,10179.74896047834,22.215999997876015,27.826252205175216,17.01811654752034,35.71979120168504,69249.01143758418,210.40473269160157,7633.3916499074185,42512.21098128721,647.5428926964657,43159.753873983675,42512.21098128721,42512.210938775,39431.03705459679,1474.6770731790734,lexicographic,4.251221093877501e-05,3.943103701516576e-05,False,0.1435103000003437,0.0,1,0
2025-10-07,False,calendar_trend,4,1.0,7,1.0,0,calibrated_quantile,2025-09-09;2025-09-10;2025-09-11;2025-09-12;2025-09-13;2025-09-14;2025-09-15;2025-09-16;2025-09-17;2025-09-18;2025-09-19;2025-09-20;2025-09-21;2025-09-22;2025-09-23;2025-09-24;2025-09-25;2025-09-26;2025-09-27;2025-09-28;2025-09-29;2025-09-30;2025-10-01;2025-10-02;2025-10-03;2025-10-04;2025-10-05;2025-10-06,28,9736.552123806261,2025-09-09;2025-09-10;2025-09-11;2025-09-12;2025-09-13;2025-09-14;2025-09-15;2025-09-16;2025-09-17;2025-09-18;2025-09-19;2025-09-20;2025-09-21;2025-09-22;2025-09-23;2025-09-24;2025-09-25;2025-09-26;2025-09-27;2025-09-28;2025-09-29;2025-09-30;2025-10-01;2025-10-02;2025-10-03;2025-10-04;2025-10-05;2025-10-06,2025-09-23;2025-09-24;2025-09-25;2025-09-26;2025-09-27;2025-09-28;2025-09-29;2025-09-30;2025-10-01;2025-10-02;2025-10-03;2025-10-04;2025-10-05;2025-10-06,,2025-10-06,8933.237626585757,10179.74896047834,10133.237626585757,18.81227577024218,23.241404678945855,21.44557121982727,38.62345723128617,68432.90333664717,170.39619150934038,6753.038367160213,41961.966798338406,863.4660218891211,42825.43282022753,41961.96679833841,41961.96675637643,39295.600381104974,1474.1551278131576,lexicographic,4.196196675637643e-05,3.929560034180938e-05,False,0.15408820000084233,0.0,1,0
2025-10-08,False,calendar_trend,4,1.0,7,1.0,0,calibrated_quantile,2025-09-10;2025-09-11;2025-09-12;2025-09-13;2025-09-14;2025-09-15;2025-09-16;2025-09-17;2025-09-18;2025-09-19;2025-09-20;2025-09-21;2025-09-22;2025-09-23;2025-09-24;2025-09-25;2025-09-26;2025-09-27;2025-09-28;2025-09-29;2025-09-30;2025-10-01;2025-10-02;2025-10-03;2025-10-04;2025-10-05;2025-10-06;2025-10-07,28,9167.63112693919,2025-09-10;2025-09-11;2025-09-12;2025-09-13;2025-09-14;2025-09-15;2025-09-16;2025-09-17;2025-09-18;2025-09-19;2025-09-20;2025-09-21;2025-09-22;2025-09-23;2025-09-24;2025-09-25;2025-09-26;2025-09-27;2025-09-28;2025-09-29;2025-09-30;2025-10-01;2025-10-02;2025-10-03;2025-10-04;2025-10-05;2025-10-06;2025-10-07,2025-09-24;2025-09-25;2025-09-26;2025-09-27;2025-09-28;2025-09-29;2025-09-30;2025-10-01;2025-10-02;2025-10-03;2025-10-04;2025-10-05;2025-10-06;2025-10-07,,2025-10-07,8886.72629269316,10133.237626585757,10086.72629269316,25.446867304940742,33.16576023769469,22.027684746290642,45.198916378462414,66843.30918410036,617.81303296355,6939.203328911679,40465.24915712088,2293.6483546473673,42758.89751176825,40465.249157120896,40465.24911665565,38959.5601678713,1457.297729353626,lexicographic,4.0465249116655655e-05,3.895956012891174e-05,False,0.16364470000189613,0.0,1,0
2025-10-09,False,calendar_trend,4,1.0,7,1.0,0,calibrated_quantile,2025-09-11;2025-09-12;2025-09-13;2025-09-14;2025-09-15;2025-09-16;2025-09-17;2025-09-18;2025-09-19;2025-09-20;2025-09-21;2025-09-22;2025-09-23;2025-09-24;2025-09-25;2025-09-26;2025-09-27;2025-09-28;2025-09-29;2025-09-30;2025-10-01;2025-10-02;2025-10-03;2025-10-04;2025-10-05;2025-10-06;2025-10-07;2025-10-08,28,8614.117486887339,2025-09-11;2025-09-12;2025-09-13;2025-09-14;2025-09-15;2025-09-16;2025-09-17;2025-09-18;2025-09-19;2025-09-20;2025-09-21;2025-09-22;2025-09-23;2025-09-24;2025-09-25;2025-09-26;2025-09-27;2025-09-28;2025-09-29;2025-09-30;2025-10-01;2025-10-02;2025-10-03;2025-10-04;2025-10-05;2025-10-06;2025-10-07;2025-10-08,2025-09-25;2025-09-26;2025-09-27;2025-09-28;2025-09-29;2025-09-30;2025-10-01;2025-10-02;2025-10-03;2025-10-04;2025-10-05;2025-10-06;2025-10-07;2025-10-08,,2025-10-08,8840.214958800578,10086.72629269316,10040.214958800578,25.134539549141728,31.851183228916177,18.772345488178985,33.958429222319076,65976.83032142336,245.93744675623202,6448.861398911478,40111.27151045133,1154.5721047789687,41265.843615230304,40111.27151045133,40111.27147034006,38678.54780288749,1442.6254750829735,lexicographic,4.0111271470340066e-05,3.867854776420895e-05,False,0.1641525000013644,0.0,1,0
2025-10-10,False,calendar_trend,4,1.0,7,1.0,0,calibrated_quantile,2025-09-12;2025-09-13;2025-09-14;2025-09-15;2025-09-16;2025-09-17;2025-09-18;2025-09-19;2025-09-20;2025-09-21;2025-09-22;2025-09-23;2025-09-24;2025-09-25;2025-09-26;2025-09-27;2025-09-28;2025-09-29;2025-09-30;2025-10-01;2025-10-02;2025-10-03;2025-10-04;2025-10-05;2025-10-06;2025-10-07;2025-10-08;2025-10-09,28,8415.457297026058,2025-09-12;2025-09-13;2025-09-14;2025-09-15;2025-09-16;2025-09-17;2025-09-18;2025-09-19;2025-09-20;2025-09-21;2025-09-22;2025-09-23;2025-09-24;2025-09-25;2025-09-26;2025-09-27;2025-09-28;2025-09-29;2025-09-30;2025-10-01;2025-10-02;2025-10-03;2025-10-04;2025-10-05;2025-10-06;2025-10-07;2025-10-08;2025-10-09,2025-09-26;2025-09-27;2025-09-28;2025-09-29;2025-09-30;2025-10-01;2025-10-02;2025-10-03;2025-10-04;2025-10-05;2025-10-06;2025-10-07;2025-10-08;2025-10-09,,2025-10-09,8814.639955878787,10040.214958800578,10014.639955878787,18.244716201276756,23.184176878527623,21.592774874240376,40.57456949647128,34502.65539765153,118.8582705378343,21413.385158245466,18236.338284743222,419.0463093167808,18655.384594060004,18236.338284743222,18236.338266506886,37056.90446890005,1285.1518714947556,lexicographic,1.8236338266506886e-05,3.705690443184315e-05,False,0.2283358999993652,0.0,1,0
2025-10-11,False,calendar_trend,4,1.0,7,1.0,0,calibrated_quantile,2025-09-13;2025-09-14;2025-09-15;2025-09-16;2025-09-17;2025-09-18;2025-09-19;2025-09-20;2025-09-21;2025-09-22;2025-09-23;2025-09-24;2025-09-25;2025-09-26;2025-09-27;2025-09-28;2025-09-29;2025-09-30;2025-10-01;2025-10-02;2025-10-03;2025-10-04;2025-10-05;2025-10-06;2025-10-07;2025-10-08;2025-10-09;2025-10-10,28,8376.715143590744,2025-09-13;2025-09-14;2025-09-15;2025-09-16;2025-09-17;2025-09-18;2025-09-19;2025-09-20;2025-09-21;2025-09-22;2025-09-23;2025-09-24;2025-09-25;2025-09-26;2025-09-27;2025-09-28;2025-09-29;2025-09-30;2025-10-01;2025-10-02;2025-10-03;2025-10-04;2025-10-05;2025-10-06;2025-10-07;2025-10-08;2025-10-09;2025-10-10,2025-09-27;2025-09-28;2025-09-29;2025-09-30;2025-10-01;2025-10-02;2025-10-03;2025-10-04;2025-10-05;2025-10-06;2025-10-07;2025-10-08;2025-10-09;2025-10-10,,2025-10-10,8789.064952956995,10014.639955878787,9989.064952956995,17.727396360834835,22.87427057072894,33.44119031044402,57.86461699042136,35074.35247566193,358.26088613706656,17467.181352689644,18632.262473176343,1184.765213417926,19817.02768659427,18632.262473176346,18632.26245454408,37005.47029428321,1329.2153246904563,lexicographic,1.8632262454544084e-05,3.7005470257277734e-05,False,0.1492212000011932,0.0,1,0
2025-10-12,False,calendar_trend,4,1.0,7,1.0,0,calibrated_quantile,2025-09-14;2025-09-15;2025-09-16;2025-09-17;2025-09-18;2025-09-19;2025-09-20;2025-09-21;2025-09-22;2025-09-23;2025-09-24;2025-09-25;2025-09-26;2025-09-27;2025-09-28;2025-09-29;2025-09-30;2025-10-01;2025-10-02;2025-10-03;2025-10-04;2025-10-05;2025-10-06;2025-10-07;2025-10-08;2025-10-09;2025-10-10;2025-10-11,28,8594.131010618516,2025-09-14;2025-09-15;2025-09-16;2025-09-17;2025-09-18;2025-09-19;2025-09-20;2025-09-21;2025-09-22;2025-09-23;2025-09-24;2025-09-25;2025-09-26;2025-09-27;2025-09-28;2025-09-29;2025-09-30;2025-10-01;2025-10-02;2025-10-03;2025-10-04;2025-10-05;2025-10-06;2025-10-07;2025-10-08;2025-10-09;2025-10-10;2025-10-11,2025-09-28;2025-09-29;2025-09-30;2025-10-01;2025-10-02;2025-10-03;2025-10-04;2025-10-05;2025-10-06;2025-10-07;2025-10-08;2025-10-09;2025-10-10;2025-10-11,,2025-10-11,8763.489950035204,9989.064952956995,9963.489950035204,25.787476323364867,33.56835144857846,22.90754337988454,47.641964410307146,66576.43239082211,1252.5511056332236,5277.756446976473,40640.65570475587,5532.39178303947,46173.04748779534,40640.655704755874,40640.65566411523,38693.082289382284,1443.0131011252706,lexicographic,4.064065566411523e-05,3.869308225068921e-05,False,0.2887324000002991,0.0,1,0
2025-10-13,False,calendar_trend,4,1.0,7,1.0,0,calibrated_quantile,2025-09-15;2025-09-16;2025-09-17;2025-09-18;2025-09-19;2025-09-20;2025-09-21;2025-09-22;2025-09-23;2025-09-24;2025-09-25;2025-09-26;2025-09-27;2025-09-28;2025-09-29;2025-09-30;2025-10-01;2025-10-02;2025-10-03;2025-10-04;2025-10-05;2025-10-06;2025-10-07;2025-10-08;2025-10-09;2025-10-10;2025-10-11;2025-10-12,28,8145.48224519397,2025-09-15;2025-09-16;2025-09-17;2025-09-18;2025-09-19;2025-09-20;2025-09-21;2025-09-22;2025-09-23;2025-09-24;2025-09-25;2025-09-26;2025-09-27;2025-09-28;2025-09-29;2025-09-30;2025-10-01;2025-10-02;2025-10-03;2025-10-04;2025-10-05;2025-10-06;2025-10-07;2025-10-08;2025-10-09;2025-10-10;2025-10-11;2025-10-12,2025-09-29;2025-09-30;2025-10-01;2025-10-02;2025-10-03;2025-10-04;2025-10-05;2025-10-06;2025-10-07;2025-10-08;2025-10-09;2025-10-10;2025-10-11;2025-10-12,,2025-10-12,8737.914947113406,9963.489950035204,9937.914947113406,21.891435492707007,28.425834255926013,19.041365991528377,38.309279285645815,67940.80778134163,369.7659823877048,7244.011956724804,41640.160775400436,1467.6164788567996,43107.777254257235,41640.160775400436,41640.16073376027,38720.66517335494,1462.283113046752,lexicographic,4.1640160733760274e-05,3.8720665134634045e-05,False,0.30395409999982803,0.0,1,0
2025-10-14,False,calendar_trend,4,1.0,7,1.0,0,calibrated_quantile,2025-09-16;2025-09-17;2025-09-18;2025-09-19;2025-09-20;2025-09-21;2025-09-22;2025-09-23;2025-09-24;2025-09-25;2025-09-26;2025-09-27;2025-09-28;2025-09-29;2025-09-30;2025-10-01;2025-10-02;2025-10-03;2025-10-04;2025-10-05;2025-10-06;2025-10-07;2025-10-08;2025-10-09;2025-10-10;2025-10-11;2025-10-12;2025-10-13,28,7815.844166480028,2025-09-16;2025-09-17;2025-09-18;2025-09-19;2025-09-20;2025-09-21;2025-09-22;2025-09-23;2025-09-24;2025-09-25;2025-09-26;2025-09-27;2025-09-28;2025-09-29;2025-09-30;2025-10-01;2025-10-02;2025-10-03;2025-10-04;2025-10-05;2025-10-06;2025-10-07;2025-10-08;2025-10-09;2025-10-10;2025-10-11;2025-10-12;2025-10-13,2025-09-30;2025-10-01;2025-10-02;2025-10-03;2025-10-04;2025-10-05;2025-10-06;2025-10-07;2025-10-08;2025-10-09;2025-10-10;2025-10-11;2025-10-12;2025-10-13,,2025-10-13,8712.339944191614,9937.914947113406,9912.339944191614,19.98209234017425,25.175980788826806,21.210688132531118,37.05323460024986,68372.731278663,614.6611190992339,4170.276213122508,41985.10749893644,2644.004159416383,44629.11165835283,41985.10749893644,41985.10745695136,38759.91735065168,1435.0264158804912,lexicographic,4.198510745695136e-05,3.8759917311891776e-05,False,0.15527250000013737,0.0,1,0
2025-10-15,False,calendar_trend,4,1.0,7,1.0,0,calibrated_quantile,2025-09-17;2025-09-18;2025-09-19;2025-09-20;2025-09-21;2025-09-22;2025-09-23;2025-09-24;2025-09-25;2025-09-26;2025-09-27;2025-09-28;2025-09-29;2025-09-30;2025-10-01;2025-10-02;2025-10-03;2025-10-04;2025-10-05;2025-10-06;2025-10-07;2025-10-08;2025-10-09;2025-10-10;2025-10-11;2025-10-12;2025-10-13;2025-10-14,28,7544.022033453068,2025-09-17;2025-09-18;2025-09-19;2025-09-20;2025-09-21;2025-09-22;2025-09-23;2025-09-24;2025-09-25;2025-09-26;2025-09-27;2025-09-28;2025-09-29;2025-09-30;2025-10-01;2025-10-02;2025-10-03;2025-10-04;2025-10-05;2025-10-06;2025-10-07;2025-10-08;2025-10-09;2025-10-10;2025-10-11;2025-10-12;2025-10-13;2025-10-14,2025-10-01;2025-10-02;2025-10-03;2025-10-04;2025-10-05;2025-10-06;2025-10-07;2025-10-08;2025-10-09;2025-10-10;2025-10-11;2025-10-12;2025-10-13;2025-10-14,,2025-10-14,8686.76494126983,9912.339944191614,9886.76494126983,23.57191478875939,29.47026285924674,21.907254793247546,45.828343678579266,69071.56700155087,1211.340367435677,4312.163227457406,42199.825165769566,5137.367429357449,47337.19259512702,42199.825165769566,42199.825123569746,38830.73207856294,1438.431880889399,lexicographic,4.219982512356975e-05,3.8830732039732217e-05,False,0.1214739000024565,0.0,1,0
2025-10-16,False,calendar_trend,4,1.0,7,1.0,0,calibrated_quantile,2025-09-18;2025-09-19;2025-09-20;2025-09-21;2025-09-22;2025-09-23;2025-09-24;2025-09-25;2025-09-26;2025-09-27;2025-09-28;2025-09-29;2025-09-30;2025-10-01;2025-10-02;2025-10-03;2025-10-04;2025-10-05;2025-10-06;2025-10-07;2025-10-08;2025-10-09;2025-10-10;2025-10-11;2025-10-12;2025-10-13;2025-10-14;2025-10-15,28,7411.411225865976,2025-09-18;2025-09-19;2025-09-20;2025-09-21;2025-09-22;2025-09-23;2025-09-24;2025-09-25;2025-09-26;2025-09-27;2025-09-28;2025-09-29;2025-09-30;2025-10-01;2025-10-02;2025-10-03;2025-10-04;2025-10-05;2025-10-06;2025-10-07;2025-10-08;2025-10-09;2025-10-10;2025-10-11;2025-10-12;2025-10-13;2025-10-14;2025-10-15,2025-10-02;2025-10-03;2025-10-04;2025-10-05;2025-10-06;2025-10-07;2025-10-08;2025-10-09;2025-10-10;2025-10-11;2025-10-12;2025-10-13;2025-10-14;2025-10-15,,2025-10-15,8661.189938348032,9886.76494126983,9861.189938348032,20.81758072944621,26.871190352806213,24.368497080220088,49.36325550284289,69946.31856338182,1484.3942168533395,4382.894805454791,43004.46603551561,6074.161636115216,49078.62767163083,43004.46603551561,43004.465992511155,39122.47105321956,1436.619793614278,lexicographic,4.3004465992511156e-05,3.912247101409709e-05,False,0.14671760000055656,0.0,1,0
2025-10-17,False,calendar_trend,4,1.0,7,1.0,0,calibrated_quantile,2025-09-19;2025-09-20;2025-09-21;2025-09-22;2025-09-23;2025-09-24;2025-09-25;2025-09-26;2025-09-27;2025-09-28;2025-09-29;2025-09-30;2025-10-01;2025-10-02;2025-10-03;2025-10-04;2025-10-05;2025-10-06;2025-10-07;2025-10-08;2025-10-09;2025-10-10;2025-10-11;2025-10-12;2025-10-13;2025-10-14;2025-10-15;2025-10-16,28,7514.147772385683,2025-09-19;2025-09-20;2025-09-21;2025-09-22;2025-09-23;2025-09-24;2025-09-25;2025-09-26;2025-09-27;2025-09-28;2025-09-29;2025-09-30;2025-10-01;2025-10-02;2025-10-03;2025-10-04;2025-10-05;2025-10-06;2025-10-07;2025-10-08;2025-10-09;2025-10-10;2025-10-11;2025-10-12;2025-10-13;2025-10-14;2025-10-15;2025-10-16,2025-10-03;2025-10-04;2025-10-05;2025-10-06;2025-10-07;2025-10-08;2025-10-09;2025-10-10;2025-10-11;2025-10-12;2025-10-13;2025-10-14;2025-10-15;2025-10-16,,2025-10-16,8635.614935426234,9861.189938348032,9835.614935426234,16.470129666295392,20.93911502013717,14.689705348442638,27.97989114138615,35293.976427082234,159.11374932023756,15622.167431553222,18894.88469811631,512.0952733653271,19406.97997148164,18894.88469811631,18894.884679221428,36696.86531720905,1304.0346982587992,lexicographic,1.889488467922143e-05,3.669686531720904e-05,False,0.1790313999990758,0.0,1,0
2025-10-18,False,calendar_trend,4,1.0,7,1.0,0,calibrated_quantile,2025-09-20;2025-09-21;2025-09-22;2025-09-23;2025-09-24;2025-09-25;2025-09-26;2025-09-27;2025-09-28;2025-09-29;2025-09-30;2025-10-01;2025-10-02;2025-10-03;2025-10-04;2025-10-05;2025-10-06;2025-10-07;2025-10-08;2025-10-09;2025-10-10;2025-10-11;2025-10-12;2025-10-13;2025-10-14;2025-10-15;2025-10-16;2025-10-17,28,7439.430278409501,2025-09-20;2025-09-21;2025-09-22;2025-09-23;2025-09-24;2025-09-25;2025-09-26;2025-09-27;2025-09-28;2025-09-29;2025-09-30;2025-10-01;2025-10-02;2025-10-03;2025-10-04;2025-10-05;2025-10-06;2025-10-07;2025-10-08;2025-10-09;2025-10-10;2025-10-11;2025-10-12;2025-10-13;2025-10-14;2025-10-15;2025-10-16;2025-10-17,2025-10-04;2025-10-05;2025-10-06;2025-10-07;2025-10-08;2025-10-09;2025-10-10;2025-10-11;2025-10-12;2025-10-13;2025-10-14;2025-10-15;2025-10-16;2025-10-17,,2025-10-17,8610.03993250445,9835.614935426234,9810.03993250445,18.198698436368627,22.827719735865607,15.72920772434335,28.96797232687205,35956.4372087011,158.1046248026857,16216.624312507702,19441.364893792812,358.7460657515213,19800.110959544334,19441.36489379281,19441.36487435144,36645.43108208137,1341.0061362996603,lexicographic,1.944136487435144e-05,3.6645431045435936e-05,False,0.24846489999981713,0.0,1,0
2025-10-19,False,calendar_trend,4,1.0,7,1.0,0,calibrated_quantile,2025-09-21;2025-09-22;2025-09-23;2025-09-24;2025-09-25;2025-09-26;2025-09-27;2025-09-28;2025-09-29;2025-09-30;2025-10-01;2025-10-02;2025-10-03;2025-10-04;2025-10-05;2025-10-06;2025-10-07;2025-10-08;2025-10-09;2025-10-10;2025-10-11;2025-10-12;2025-10-13;2025-10-14;2025-10-15;2025-10-16;2025-10-17;2025-10-18,28,7353.260047675042,2025-09-21;2025-09-22;2025-09-23;2025-09-24;2025-09-25;2025-09-26;2025-09-27;2025-09-28;2025-09-29;2025-09-30;2025-10-01;2025-10-02;2025-10-03;2025-10-04;2025-10-05;2025-10-06;2025-10-07;2025-10-08;2025-10-09;2025-10-10;2025-10-11;2025-10-12;2025-10-13;2025-10-14;2025-10-15;2025-10-16;2025-10-17;2025-10-18,2025-10-05;2025-10-06;2025-10-07;2025-10-08;2025-10-09;2025-10-10;2025-10-11;2025-10-12;2025-10-13;2025-10-14;2025-10-15;2025-10-16;2025-10-17;2025-10-18,,2025-10-18,8584.464929582651,9810.03993250445,9784.464929582651,20.305849869233068,25.137474549470294,17.88750852226989,34.08992181657219,72636.85794015674,650.5886553569783,5170.737678008833,44792.92201999149,2415.762185554958,47208.68420554645,44792.9220199915,44792.92197519857,40548.0018979461,1448.8237661843527,lexicographic,4.479292197519857e-05,4.05480018573981e-05,False,0.13862390000213054,0.0,1,0
2025-10-20,False,calendar_trend,4,1.0,7,1.0,0,calibrated_quantile,2025-09-22;2025-09-23;2025-09-24;2025-09-25;2025-09-26;2025-09-27;2025-09-28;2025-09-29;2025-09-30;2025-10-01;2025-10-02;2025-10-03;2025-10-04;2025-10-05;2025-10-06;2025-10-07;2025-10-08;2025-10-09;2025-10-10;2025-10-11;2025-10-12;2025-10-13;2025-10-14;2025-10-15;2025-10-16;2025-10-17;2025-10-18;2025-10-19,28,7431.8780063057475,2025-09-22;2025-09-23;2025-09-24;2025-09-25;2025-09-26;2025-09-27;2025-09-28;2025-09-29;2025-09-30;2025-10-01;2025-10-02;2025-10-03;2025-10-04;2025-10-05;2025-10-06;2025-10-07;2025-10-08;2025-10-09;2025-10-10;2025-10-11;2025-10-12;2025-10-13;2025-10-14;2025-10-15;2025-10-16;2025-10-17;2025-10-18;2025-10-19,2025-10-06;2025-10-07;2025-10-08;2025-10-09;2025-10-10;2025-10-11;2025-10-12;2025-10-13;2025-10-14;2025-10-15;2025-10-16;2025-10-17;2025-10-18;2025-10-19,,2025-10-19,8568.359719247817,9784.464929582651,9768.359719247817,15.408447945854366,19.774637331676402,22.445594185819843,46.08805087556572,74620.33934271138,805.0238325279925,6687.735025487139,46387.89094096174,3948.2749821613747,50336.16592312312,46387.89094096175,46387.89089457385,41085.68550519779,1467.313712170082,lexicographic,4.638789089457385e-05,4.108568546411211e-05,False,0.16471159999855445,0.0,1,0
2025-10-21,False,calendar_trend,4,1.0,7,1.0,0,calibrated_quantile,2025-09-23;2025-09-24;2025-09-25;2025-09-26;2025-09-27;2025-09-28;2025-09-29;2025-09-30;2025-10-01;2025-10-02;2025-10-03;2025-10-04;2025-10-05;2025-10-06;2025-10-07;2025-10-08;2025-10-09;2025-10-10;2025-10-11;2025-10-12;2025-10-13;2025-10-14;2025-10-15;2025-10-16;2025-10-17;2025-10-18;2025-10-19;2025-10-20,28,7462.964165665695,2025-09-23;2025-09-24;2025-09-25;2025-09-26;2025-09-27;2025-09-28;2025-09-29;2025-09-30;2025-10-01;2025-10-02;2025-10-03;2025-10-04;2025-10-05;2025-10-06;2025-10-07;2025-10-08;2025-10-09;2025-10-10;2025-10-11;2025-10-12;2025-10-13;2025-10-14;2025-10-15;2025-10-16;2025-10-17;2025-10-18;2025-10-19;2025-10-20,2025-10-07;2025-10-08;2025-10-09;2025-10-10;2025-10-11;2025-10-12;2025-10-13;2025-10-14;2025-10-15;2025-10-16;2025-10-17;2025-10-18;2025-10-19;2025-10-20,,2025-10-20,8552.254508912974,9768.359719247817,9752.254508912974,18.28334553897142,23.76838800122416,24.548116453828094,44.41653947188973,75916.84589104379,585.8103150141857,5651.243808260348,47330.222026670956,1945.6184511451588,49275.84047781611,47330.22202667096,47330.22197934074,41961.966184823264,1466.582588056845,lexicographic,4.733022197934075e-05,4.196196614286131e-05,False,0.2399757999992289,0.0,1,0
2025-10-22,False,calendar_trend,4,1.0,7,1.0,0,calibrated_quantile,2025-09-24;2025-09-25;2025-09-26;2025-09-27;2025-09-28;2025-09-29;2025-09-30;2025-10-01;2025-10-02;2025-10-03;2025-10-04;2025-10-05;2025-10-06;2025-10-07;2025-10-08;2025-10-09;2025-10-10;2025-10-11;2025-10-12;2025-10-13;2025-10-14;2025-10-15;2025-10-16;2025-10-17;2025-10-18;2025-10-19;2025-10-20;2025-10-21,28,7504.817160055464,2025-09-24;2025-09-25;2025-09-26;2025-09-27;2025-09-28;2025-09-29;2025-09-30;2025-10-01;2025-10-02;2025-10-03;2025-10-04;2025-10-05;2025-10-06;2025-10-07;2025-10-08;2025-10-09;2025-10-10;2025-10-11;2025-10-12;2025-10-13;2025-10-14;2025-10-15;2025-10-16;2025-10-17;2025-10-18;2025-10-19;2025-10-20;2025-10-21,2025-10-08;2025-10-09;2025-10-10;2025-10-11;2025-10-12;2025-10-13;2025-10-14;2025-10-15;2025-10-16;2025-10-17;2025-10-18;2025-10-19;2025-10-20;2025-10-21,,2025-10-21,8536.149298578131,9752.254508912974,9736.149298578131,17.374383941190203,21.783006039925734,25.115456643408578,48.6903832533233,76564.61735266115,709.2539573565947,7274.895594543263,47433.86015170884,3413.578473198777,50847.43862490762,47433.86015170884,47433.86010427495,42488.27577163977,1461.9839851467623,lexicographic,4.743386010427495e-05,4.248827572915149e-05,False,0.30347299999993993,0.0,1,0
2025-10-23,False,calendar_trend,4,1.0,7,1.0,0,calibrated_quantile,2025-09-25;2025-09-26;2025-09-27;2025-09-28;2025-09-29;2025-09-30;2025-10-01;2025-10-02;2025-10-03;2025-10-04;2025-10-05;2025-10-06;2025-10-07;2025-10-08;2025-10-09;2025-10-10;2025-10-11;2025-10-12;2025-10-13;2025-10-14;2025-10-15;2025-10-16;2025-10-17;2025-10-18;2025-10-19;2025-10-20;2025-10-21;2025-10-22,28,7608.155375686836,2025-09-25;2025-09-26;2025-09-27;2025-09-28;2025-09-29;2025-09-30;2025-10-01;2025-10-02;2025-10-03;2025-10-04;2025-10-05;2025-10-06;2025-10-07;2025-10-08;2025-10-09;2025-10-10;2025-10-11;2025-10-12;2025-10-13;2025-10-14;2025-10-15;2025-10-16;2025-10-17;2025-10-18;2025-10-19;2025-10-20;2025-10-21;2025-10-22,2025-10-09;2025-10-10;2025-10-11;2025-10-12;2025-10-13;2025-10-14;2025-10-15;2025-10-16;2025-10-17;2025-10-18;2025-10-19;2025-10-20;2025-10-21;2025-10-22,,2025-10-22,8520.044088243298,9736.149298578131,9720.044088243298,19.490389950398715,24.83378010194922,20.066115411359984,40.320520151935256,77916.44857634342,48.04863281286379,10147.081519477926,48710.89909070585,123.66099352022965,48834.560084226076,48710.89909070585,48710.89904199496,42429.590245195934,1458.6673858026827,lexicographic,4.8710899041994964e-05,4.242959020276635e-05,False,0.1023179000003438,0.0,1,0
2025-10-24,False,calendar_trend,4,1.0,7,1.0,0,calibrated_quantile,2025-09-26;2025-09-27;2025-09-28;2025-09-29;2025-09-30;2025-10-01;2025-10-02;2025-10-03;2025-10-04;2025-10-05;2025-10-06;2025-10-07;2025-10-08;2025-10-09;2025-10-10;2025-10-11;2025-10-12;2025-10-13;2025-10-14;2025-10-15;2025-10-16;2025-10-17;2025-10-18;2025-10-19;2025-10-20;2025-10-21;2025-10-22;2025-10-23,28,7598.897052119359,2025-09-26;2025-09-27;2025-09-28;2025-09-29;2025-09-30;2025-10-01;2025-10-02;2025-10-03;2025-10-04;2025-10-05;2025-10-06;2025-10-07;2025-10-08;2025-10-09;2025-10-10;2025-10-11;2025-10-12;2025-10-13;2025-10-14;2025-10-15;2025-10-16;2025-10-17;2025-10-18;2025-10-19;2025-10-20;2025-10-21;2025-10-22;2025-10-23,2025-10-10;2025-10-11;2025-10-12;2025-10-13;2025-10-14;2025-10-15;2025-10-16;2025-10-17;2025-10-18;2025-10-19;2025-10-20;2025-10-21;2025-10-22;2025-10-23,,2025-10-23,8503.938877908455,9720.044088243298,9703.938877908455,16.804729429723928,21.10582490830221,17.471760232265922,33.87314039502264,36496.1272435594,113.8198860402974,14382.448450231488,19804.179695213905,379.6129232013885,20183.792618415293,19804.179695213905,19804.179675409734,36423.52732153947,1304.679363831959,lexicographic,1.9804179675409735e-05,3.642352732153948e-05,False,0.22721199999796227,0.0,1,0
2025-10-25,False,calendar_trend,4,1.0,7,1.0,0,calibrated_quantile,2025-09-27;2025-09-28;2025-09-29;2025-09-30;2025-10-01;2025-10-02;2025-10-03;2025-10-04;2025-10-05;2025-10-06;2025-10-07;2025-10-08;2025-10-09;2025-10-10;2025-10-11;2025-10-12;2025-10-13;2025-10-14;2025-10-15;2025-10-16;2025-10-17;2025-10-18;2025-10-19;2025-10-20;2025-10-21;2025-10-22;2025-10-23;2025-10-24,28,7506.4996250329805,2025-09-27;2025-09-28;2025-09-29;2025-09-30;2025-10-01;2025-10-02;2025-10-03;2025-10-04;2025-10-05;2025-10-06;2025-10-07;2025-10-08;2025-10-09;2025-10-10;2025-10-11;2025-10-12;2025-10-13;2025-10-14;2025-10-15;2025-10-16;2025-10-17;2025-10-18;2025-10-19;2025-10-20;2025-10-21;2025-10-22;2025-10-23;2025-10-24,2025-10-11;2025-10-12;2025-10-13;2025-10-14;2025-10-15;2025-10-16;2025-10-17;2025-10-18;2025-10-19;2025-10-20;2025-10-21;2025-10-22;2025-10-23;2025-10-24,,2025-10-24,8487.833667573621,9703.938877908455,9687.833667573621,19.19538755217671,24.214351691337885,13.152635166819817,25.26006687678311,37484.99066129995,65.82312704581767,14348.333081159348,20508.305719258205,141.28119180356686,20649.58691106177,20508.305719258213,20508.305698749904,36391.13795408829,1363.3621941665258,lexicographic,2.0508305698749904e-05,3.639113795408831e-05,False,0.19736899999770685,0.0,1,0
2025-10-26,False,calendar_trend,4,1.0,7,1.0,0,calibrated_quantile,2025-09-28;2025-09-29;2025-09-30;2025-10-01;2025-10-02;2025-10-03;2025-10-04;2025-10-05;2025-10-06;2025-10-07;2025-10-08;2025-10-09;2025-10-10;2025-10-11;2025-10-12;2025-10-13;2025-10-14;2025-10-15;2025-10-16;2025-10-17;2025-10-18;2025-10-19;2025-10-20;2025-10-21;2025-10-22;2025-10-23;2025-10-24;2025-10-25,28,7440.347459455135,2025-09-28;2025-09-29;2025-09-30;2025-10-01;2025-10-02;2025-10-03;2025-10-04;2025-10-05;2025-10-06;2025-10-07;2025-10-08;2025-10-09;2025-10-10;2025-10-11;2025-10-12;2025-10-13;2025-10-14;2025-10-15;2025-10-16;2025-10-17;2025-10-18;2025-10-19;2025-10-20;2025-10-21;2025-10-22;2025-10-23;2025-10-24;2025-10-25,2025-10-12;2025-10-13;2025-10-14;2025-10-15;2025-10-16;2025-10-17;2025-10-18;2025-10-19;2025-10-20;2025-10-21;2025-10-22;2025-10-23;2025-10-24;2025-10-25,,2025-10-25,8471.728457238776,9687.833667573621,9671.728457238776,21.74180038504508,26.570451837385736,13.122868608896987,26.978244826459385,78341.81906586868,82.98960561733759,9400.141831022434,49148.29257996178,225.95579522585876,49374.24837518764,49148.29257996179,49148.292530813495,42833.850577237594,1476.0391603149546,lexicographic,4.9148292530813495e-05,4.283385053440375e-05,False,0.13987330000236398,0.0,1,0
2025-10-27,False,calendar_trend,4,1.0,7,1.0,0,calibrated_quantile,2025-09-29;2025-09-30;2025-10-01;2025-10-02;2025-10-03;2025-10-04;2025-10-05;2025-10-06;2025-10-07;2025-10-08;2025-10-09;2025-10-10;2025-10-11;2025-10-12;2025-10-13;2025-10-14;2025-10-15;2025-10-16;2025-10-17;2025-10-18;2025-10-19;2025-10-20;2025-10-21;2025-10-22;2025-10-23;2025-10-24;2025-10-25;2025-10-26,28,7423.6232067591245,2025-09-29;2025-09-30;2025-10-01;2025-10-02;2025-10-03;2025-10-04;2025-10-05;2025-10-06;2025-10-07;2025-10-08;2025-10-09;2025-10-10;2025-10-11;2025-10-12;2025-10-13;2025-10-14;2025-10-15;2025-10-16;2025-10-17;2025-10-18;2025-10-19;2025-10-20;2025-10-21;2025-10-22;2025-10-23;2025-10-24;2025-10-25;2025-10-26,2025-10-13;2025-10-14;2025-10-15;2025-10-16;2025-10-17;2025-10-18;2025-10-19;2025-10-20;2025-10-21;2025-10-22;2025-10-23;2025-10-24;2025-10-25;2025-10-26,,2025-10-26,8455.623246903933,9671.728457238776,9655.623246903933,19.76288180435282,25.217633606118774,30.120392118548565,60.99639949095385,78839.55153087252,91.82857411902046,10925.218491568983,49564.53192496157,369.19440590363627,49933.72633086521,49564.53192496157,49564.531875556546,42578.784643320396,1507.110558265892,lexicographic,4.9564531875556546e-05,4.257878460074162e-05,False,0.21012849999897298,0.0,1,0
2025-10-28,False,calendar_trend,4,1.0,7,1.0,0,calibrated_quantile,2025-09-30;2025-10-01;2025-10-02;2025-10-03;2025-10-04;2025-10-05;2025-10-06;2025-10-07;2025-10-08;2025-10-09;2025-10-10;2025-10-11;2025-10-12;2025-10-13;2025-10-14;2025-10-15;2025-10-16;2025-10-17;2025-10-18;2025-10-19;2025-10-20;2025-10-21;2025-10-22;2025-10-23;2025-10-24;2025-10-25;2025-10-26;2025-10-27,28,7364.683084875268,2025-09-30;2025-10-01;2025-10-02;2025-10-03;2025-10-04;2025-10-05;2025-10-06;2025-10-07;2025-10-08;2025-10-09;2025-10-10;2025-10-11;2025-10-12;2025-10-13;2025-10-14;2025-10-15;2025-10-16;2025-10-17;2025-10-18;2025-10-19;2025-10-20;2025-10-21;2025-10-22;2025-10-23;2025-10-24;2025-10-25;2025-10-26;2025-10-27,2025-10-14;2025-10-15;2025-10-16;2025-10-17;2025-10-18;2025-10-19;2025-10-20;2025-10-21;2025-10-22;2025-10-23;2025-10-24;2025-10-25;2025-10-26;2025-10-27,,2025-10-27,8439.5180365691,9655.623246903933,9639.5180365691,21.63395124363434,26.621843136603538,13.851498735441362,28.634576794515674,77904.76807530051,183.08885427742098,7653.450316806936,48851.16925624614,627.3131645061897,49478.48242075233,48851.16925624615,48851.16920739497,42658.85300378006,1497.2392326296092,lexicographic,4.885116920739497e-05,4.265885296112122e-05,False,0.15731940000114264,0.0,1,0
2025-10-29,False,calendar_trend,4,1.0,7,1.0,0,calibrated_quantile,2025-10-01;2025-10-02;2025-10-03;2025-10-04;2025-10-05;2025-10-06;2025-10-07;2025-10-08;2025-10-09;2025-10-10;2025-10-11;2025-10-12;2025-10-13;2025-10-14;2025-10-15;2025-10-16;2025-10-17;2025-10-18;2025-10-19;2025-10-20;2025-10-21;2025-10-22;2025-10-23;2025-10-24;2025-10-25;2025-10-26;2025-10-27;2025-10-28,28,7183.7769410634455,2025-10-01;2025-10-02;2025-10-03;2025-10-04;2025-10-05;2025-10-06;2025-10-07;2025-10-08;2025-10-09;2025-10-10;2025-10-11;2025-10-12;2025-10-13;2025-10-14;2025-10-15;2025-10-16;2025-10-17;2025-10-18;2025-10-19;2025-10-20;2025-10-21;2025-10-22;2025-10-23;2025-10-24;2025-10-25;2025-10-26;2025-10-27;2025-10-28,2025-10-15;2025-10-16;2025-10-17;2025-10-18;2025-10-19;2025-10-20;2025-10-21;2025-10-22;2025-10-23;2025-10-24;2025-10-25;2025-10-26;2025-10-27;2025-10-28,,2025-10-28,8423.412826234256,9639.5180365691,9623.412826234256,15.488525565451855,19.729185780843864,27.760734038606273,57.670374127433526,76614.13501151907,1374.3741782673087,4244.325311592049,47775.681582965946,4594.416558600317,52370.09814156626,47775.681582965946,47775.68153519023,42372.51257965523,1458.2754126329176,lexicographic,4.777568153519024e-05,4.2372512537282716e-05,False,0.17271469999832334,0.0,1,0
2025-10-30,False,calendar_trend,4,1.0,7,1.0,0,calibrated_quantile,2025-10-02;2025-10-03;2025-10-04;2025-10-05;2025-10-06;2025-10-07;2025-10-08;2025-10-09;2025-10-10;2025-10-11;2025-10-12;2025-10-13;2025-10-14;2025-10-15;2025-10-16;2025-10-17;2025-10-18;2025-10-19;2025-10-20;2025-10-21;2025-10-22;2025-10-23;2025-10-24;2025-10-25;2025-10-26;2025-10-27;2025-10-28;2025-10-29,28,7367.3502361853025,2025-10-02;2025-10-03;2025-10-04;2025-10-05;2025-10-06;2025-10-07;2025-10-08;2025-10-09;2025-10-10;2025-10-11;2025-10-12;2025-10-13;2025-10-14;2025-10-15;2025-10-16;2025-10-17;2025-10-18;2025-10-19;2025-10-20;2025-10-21;2025-10-22;2025-10-23;2025-10-24;2025-10-25;2025-10-26;2025-10-27;2025-10-28;2025-10-29,2025-10-16;2025-10-17;2025-10-18;2025-10-19;2025-10-20;2025-10-21;2025-10-22;2025-10-23;2025-10-24;2025-10-25;2025-10-26;2025-10-27;2025-10-28;2025-10-29,,2025-10-29,8414.692850862051,9623.412826234256,9614.692850862051,20.507221374189825,25.302874473377088,14.58850825757532,30.810845113525797,77926.90256696264,176.13575550540872,8871.907401789307,48778.0582772661,525.0565165291387,49303.11479379524,48778.05827726609,48778.05822848804,42411.01566104479,1472.30287362871,lexicographic,4.877805822848804e-05,4.2411015618633764e-05,False,0.1759686999976111,0.0,1,0
2025-10-31,False,calendar_trend,4,1.0,7,1.0,0,calibrated_quantile,2025-10-03;2025-10-04;2025-10-05;2025-10-06;2025-10-07;2025-10-08;2025-10-09;2025-10-10;2025-10-11;2025-10-12;2025-10-13;2025-10-14;2025-10-15;2025-10-16;2025-10-17;2025-10-18;2025-10-19;2025-10-20;2025-10-21;2025-10-22;2025-10-23;2025-10-24;2025-10-25;2025-10-26;2025-10-27;2025-10-28;2025-10-29;2025-10-30,28,7399.127375305184,2025-10-03;2025-10-04;2025-10-05;2025-10-06;2025-10-07;2025-10-08;2025-10-09;2025-10-10;2025-10-11;2025-10-12;2025-10-13;2025-10-14;2025-10-15;2025-10-16;2025-10-17;2025-10-18;2025-10-19;2025-10-20;2025-10-21;2025-10-22;2025-10-23;2025-10-24;2025-10-25;2025-10-26;2025-10-27;2025-10-28;2025-10-29;2025-10-30,2025-10-17;2025-10-18;2025-10-19;2025-10-20;2025-10-21;2025-10-22;2025-10-23;2025-10-24;2025-10-25;2025-10-26;2025-10-27;2025-10-28;2025-10-29;2025-10-30,,2025-10-30,8405.972875489839,9614.692850862051,9605.972875489839,15.730215784316833,20.012051167118674,24.623898439826128,49.07525887439133,36809.440212381145,371.61785558076224,9483.353038749043,19862.977158178164,921.7426671511084,20784.719825329274,19862.977158178168,19862.977138315196,36219.86009409789,1285.0075898139933,lexicographic,1.9862977138315198e-05,3.621986009409789e-05,False,0.23968049999893992,0.0,1,0
2025-11-01,False,calendar_trend,4,1.0,7,1.0,0,calibrated_quantile,2025-10-04;2025-10-05;2025-10-06;2025-10-07;2025-10-08;2025-10-09;2025-10-10;2025-10-11;2025-10-12;2025-10-13;2025-10-14;2025-10-15;2025-10-16;2025-10-17;2025-10-18;2025-10-19;2025-10-20;2025-10-21;2025-10-22;2025-10-23;2025-10-24;2025-10-25;2025-10-26;2025-10-27;2025-10-28;2025-10-29;2025-10-30;2025-10-31,28,7544.357028669034,2025-10-04;2025-10-05;2025-10-06;2025-10-07;2025-10-08;2025-10-09;2025-10-10;2025-10-11;2025-10-12;2025-10-13;2025-10-14;2025-10-15;2025-10-16;2025-10-17;2025-10-18;2025-10-19;2025-10-20;2025-10-21;2025-10-22;2025-10-23;2025-10-24;2025-10-25;2025-10-26;2025-10-27;2025-10-28;2025-10-29;2025-10-30;2025-10-31,2025-10-18;2025-10-19;2025-10-20;2025-10-21;2025-10-22;2025-10-23;2025-10-24;2025-10-25;2025-10-26;2025-10-27;2025-10-28;2025-10-29;2025-10-30;2025-10-31,,2025-10-31,8397.252900117626,9605.972875489839,9597.252900117626,17.51926359022805,22.68615067985649,10.325388138510286,21.600435757284544,37125.43954429825,161.7221078219876,10951.5511399304,20046.192415057983,363.8392375775794,20410.031652635564,20046.192415057983,20046.1923950118,36202.323254738214,1342.446115511737,lexicographic,2.0046192395011802e-05,3.6202323254738213e-05,False,0.2934233000014501,0.0,1,0
2025-11-02,False,calendar_trend,4,1.0,7,1.0,0,calibrated_quantile,2025-10-05;2025-10-06;2025-10-07;2025-10-08;2025-10-09;2025-10-10;2025-10-11;2025-10-12;2025-10-13;2025-10-14;2025-10-15;2025-10-16;2025-10-17;2025-10-18;2025-10-19;2025-10-20;2025-10-21;2025-10-22;2025-10-23;2025-10-24;2025-10-25;2025-10-26;2025-10-27;2025-10-28;2025-10-29;2025-10-30;2025-10-31;2025-11-01,28,7515.976903682617,2025-10-05;2025-10-06;2025-10-07;2025-10-08;2025-10-09;2025-10-10;2025-10-11;2025-10-12;2025-10-13;2025-10-14;2025-10-15;2025-10-16;2025-10-17;2025-10-18;2025-10-19;2025-10-20;2025-10-21;2025-10-22;2025-10-23;2025-10-24;2025-10-25;2025-10-26;2025-10-27;2025-10-28;2025-10-29;2025-10-30;2025-10-31;2025-11-01,2025-10-19;2025-10-20;2025-10-21;2025-10-22;2025-10-23;2025-10-24;2025-10-25;2025-10-26;2025-10-27;2025-10-28;2025-10-29;2025-10-30;2025-10-31;2025-11-01,,2025-11-01,8388.532924745421,9597.252900117626,9588.532924745421,19.79443428190524,25.11673762444173,13.910073702138696,26.701532461925648,79079.16181497408,258.97187359082574,6086.506026198818,49424.87592848926,925.5240467154374,50350.399975204695,49424.875928489244,49424.87587906438,42524.66897483823,1445.758765941412,lexicographic,4.942487587906438e-05,4.2524668932313555e-05,False,0.16313399999853573,0.0,1,0
2025-11-03,False,calendar_trend,4,1.0,7,1.0,0,calibrated_quantile,2025-10-06;2025-10-07;2025-10-08;2025-10-09;2025-10-10;2025-10-11;2025-10-12;2025-10-13;2025-10-14;2025-10-15;2025-10-16;2025-10-17;2025-10-18;2025-10-19;2025-10-20;2025-10-21;2025-10-22;2025-10-23;2025-10-24;2025-10-25;2025-10-26;2025-10-27;2025-10-28;2025-10-29;2025-10-30;2025-10-31;2025-11-01;2025-11-02,28,7501.1942601422215,2025-10-06;2025-10-07;2025-10-08;2025-10-09;2025-10-10;2025-10-11;2025-10-12;2025-10-13;2025-10-14;2025-10-15;2025-10-16;2025-10-17;2025-10-18;2025-10-19;2025-10-20;2025-10-21;2025-10-22;2025-10-23;2025-10-24;2025-10-25;2025-10-26;2025-10-27;2025-10-28;2025-10-29;2025-10-30;2025-10-31;2025-11-01;2025-11-02,2025-10-20;2025-10-21;2025-10-22;2025-10-23;2025-10-24;2025-10-25;2025-10-26;2025-10-27;2025-10-28;2025-10-29;2025-10-30;2025-10-31;2025-11-01;2025-11-02,,2025-11-02,8379.812949373209,9588.532924745421,9579.812949373209,18.65159763248483,23.336909072121752,20.27995326850559,41.033464729898164,80097.02268180669,345.0695894415665,6470.204096157091,50294.856819102955,1027.7141766828586,51322.57099578581,50294.85681910295,50294.85676880812,42636.261788166594,1475.8524625926188,lexicographic,5.029485676880812e-05,4.263626174553034e-05,False,0.13793640000221785,0.0,1,0
2025-11-04,False,calendar_trend,4,1.0,7,1.0,0,calibrated_quantile,2025-10-07;2025-10-08;2025-10-09;2025-10-10;2025-10-11;2025-10-12;2025-10-13;2025-10-14;2025-10-15;2025-10-16;2025-10-17;2025-10-18;2025-10-19;2025-10-20;2025-10-21;2025-10-22;2025-10-23;2025-10-24;2025-10-25;2025-10-26;2025-10-27;2025-10-28;2025-10-29;2025-10-30;2025-10-31;2025-11-01;2025-11-02;2025-11-03,28,7479.0177312322485,2025-10-07;2025-10-08;2025-10-09;2025-10-10;2025-10-11;2025-10-12;2025-10-13;2025-10-14;2025-10-15;2025-10-16;2025-10-17;2025-10-18;2025-10-19;2025-10-20;2025-10-21;2025-10-22;2025-10-23;2025-10-24;2025-10-25;2025-10-26;2025-10-27;2025-10-28;2025-10-29;2025-10-30;2025-10-31;2025-11-01;2025-11-02;2025-11-03,2025-10-21;2025-10-22;2025-10-23;2025-10-24;2025-10-25;2025-10-26;2025-10-27;2025-10-28;2025-10-29;2025-10-30;2025-10-31;2025-11-01;2025-11-02;2025-11-03,,2025-11-03,8371.092974001001,9579.812949373209,9571.092974001001,24.121854662367564,29.178148142441515,16.89740315176348,35.5700287504804,80476.24870708998,161.133570108585,8632.07830071852,50382.9712416191,581.5544320528082,50964.52567367191,50382.9712416191,50382.97119123614,42238.7672250817,1458.2596339087918,lexicographic,5.038297119123614e-05,4.223876718284293e-05,False,0.17311569999947096,0.0,1,0
2025-11-05,False,calendar_trend,4,1.0,7,1.0,0,calibrated_quantile,2025-10-08;2025-10-09;2025-10-10;2025-10-11;2025-10-12;2025-10-13;2025-10-14;2025-10-15;2025-10-16;2025-10-17;2025-10-18;2025-10-19;2025-10-20;2025-10-21;2025-10-22;2025-10-23;2025-10-24;2025-10-25;2025-10-26;2025-10-27;2025-10-28;2025-10-29;2025-10-30;2025-10-31;2025-11-01;2025-11-02;2025-11-03;2025-11-04,28,7410.6474053993925,2025-10-08;2025-10-09;2025-10-10;2025-10-11;2025-10-12;2025-10-13;2025-10-14;2025-10-15;2025-10-16;2025-10-17;2025-10-18;2025-10-19;2025-10-20;2025-10-21;2025-10-22;2025-10-23;2025-10-24;2025-10-25;2025-10-26;2025-10-27;2025-10-28;2025-10-29;2025-10-30;2025-10-31;2025-11-01;2025-11-02;2025-11-03;2025-11-04,2025-10-22;2025-10-23;2025-10-24;2025-10-25;2025-10-26;2025-10-27;2025-10-28;2025-10-29;2025-10-30;2025-10-31;2025-11-01;2025-11-02;2025-11-03;2025-11-04,,2025-11-04,8362.37299862879,9571.092974001001,9562.37299862879,18.600564933766794,23.077278140563063,10.67731608444197,21.205499668517213,80528.68470157393,200.187173306139,6632.314670577687,50589.343547506876,520.6933361891088,51110.03688369598,50589.34354750688,50589.34349691757,42174.99039363497,1443.3249192421738,lexicographic,5.0589343496917575e-05,4.217499039363518e-05,False,0.20480639999732375,0.0,1,0
2025-11-06,False,calendar_trend,4,1.0,7,1.0,0,calibrated_quantile,2025-10-09;2025-10-10;2025-10-11;2025-10-12;2025-10-13;2025-10-14;2025-10-15;2025-10-16;2025-10-17;2025-10-18;2025-10-19;2025-10-20;2025-10-21;2025-10-22;2025-10-23;2025-10-24;2025-10-25;2025-10-26;2025-10-27;2025-10-28;2025-10-29;2025-10-30;2025-10-31;2025-11-01;2025-11-02;2025-11-03;2025-11-04;2025-11-05,28,7202.775307609563,2025-10-09;2025-10-10;2025-10-11;2025-10-12;2025-10-13;2025-10-14;2025-10-15;2025-10-16;2025-10-17;2025-10-18;2025-10-19;2025-10-20;2025-10-21;2025-10-22;2025-10-23;2025-10-24;2025-10-25;2025-10-26;2025-10-27;2025-10-28;2025-10-29;2025-10-30;2025-10-31;2025-11-01;2025-11-02;2025-11-03;2025-11-04;2025-11-05,2025-10-23;2025-10-24;2025-10-25;2025-10-26;2025-10-27;2025-10-28;2025-10-29;2025-10-30;2025-10-31;2025-11-01;2025-11-02;2025-11-03;2025-11-04;2025-11-05,,2025-11-05,8353.65302325658,9562.37299862879,9553.65302325658,17.66327331549356,23.50641138456953,22.27941925061238,40.198476804369584,80823.77224614396,671.9053256327571,5700.666165539486,50769.980453685595,3001.2997696771818,53771.28022336277,50769.980453685595,50769.98040291559,42240.62402873366,1443.695697826833,lexicographic,5.07699804029156e-05,4.224062398649305e-05,False,0.1590003000019351,0.0,1,0
2025-11-07,False,calendar_trend,4,1.0,7,1.0,0,calibrated_quantile,2025-10-10;2025-10-11;2025-10-12;2025-10-13;2025-10-14;2025-10-15;2025-10-16;2025-10-17;2025-10-18;2025-10-19;2025-10-20;2025-10-21;2025-10-22;2025-10-23;2025-10-24;2025-10-25;2025-10-26;2025-10-27;2025-10-28;2025-10-29;2025-10-30;2025-10-31;2025-11-01;2025-11-02;2025-11-03;2025-11-04;2025-11-05;2025-11-06,28,7234.0313952894685,2025-10-10;2025-10-11;2025-10-12;2025-10-13;2025-10-14;2025-10-15;2025-10-16;2025-10-17;2025-10-18;2025-10-19;2025-10-20;2025-10-21;2025-10-22;2025-10-23;2025-10-24;2025-10-25;2025-10-26;2025-10-27;2025-10-28;2025-10-29;2025-10-30;2025-10-31;2025-11-01;2025-11-02;2025-11-03;2025-11-04;2025-11-05;2025-11-06,2025-10-24;2025-10-25;2025-10-26;2025-10-27;2025-10-28;2025-10-29;2025-10-30;2025-10-31;2025-11-01;2025-11-02;2025-11-03;2025-11-04;2025-11-05;2025-11-06,,2025-11-06,8344.933047884373,9553.65302325658,9544.933047884373,17.147483241503735,20.73965100984859,25.9624083322326,46.287366146322114,37473.47417310538,113.74935033520259,10488.234963388873,20160.606212103223,509.3019683427367,20669.90818044596,20160.606212103223,20160.60619194261,36097.10221858023,1284.0820413489132,lexicographic,2.016060619194261e-05,3.609710221858023e-05,False,0.2595792000029178,0.0,1,0
2025-11-08,False,calendar_trend,4,1.0,7,1.0,0,calibrated_quantile,2025-10-11;2025-10-12;2025-10-13;2025-10-14;2025-10-15;2025-10-16;2025-10-17;2025-10-18;2025-10-19;2025-10-20;2025-10-21;2025-10-22;2025-10-23;2025-10-24;2025-10-25;2025-10-26;2025-10-27;2025-10-28;2025-10-29;2025-10-30;2025-10-31;2025-11-01;2025-11-02;2025-11-03;2025-11-04;2025-11-05;2025-11-06;2025-11-07,28,7199.078669959481,2025-10-11;2025-10-12;2025-10-13;2025-10-14;2025-10-15;2025-10-16;2025-10-17;2025-10-18;2025-10-19;2025-10-20;2025-10-21;2025-10-22;2025-10-23;2025-10-24;2025-10-25;2025-10-26;2025-10-27;2025-10-28;2025-10-29;2025-10-30;2025-10-31;2025-11-01;2025-11-02;2025-11-03;2025-11-04;2025-11-05;2025-11-06;2025-11-07,2025-10-25;2025-10-26;2025-10-27;2025-10-28;2025-10-29;2025-10-30;2025-10-31;2025-11-01;2025-11-02;2025-11-03;2025-11-04;2025-11-05;2025-11-06;2025-11-07,,2025-11-07,8336.21307251216,9544.933047884373,9536.21307251216,16.84650936681992,21.1059736439722,10.470371995930293,19.984345515347936,37516.18077489821,83.3219182390938,10029.609700108615,20069.04954337742,213.9822854560873,20283.031828833507,20069.04954337742,20069.04952330838,36079.565379220556,1331.4515848612252,lexicographic,2.006904952330838e-05,3.607956537922056e-05,False,0.20803690000320785,0.0,1,0
2025-11-09,False,calendar_trend,4,1.0,7,1.0,0,calibrated_quantile,2025-10-12;2025-10-13;2025-10-14;2025-10-15;2025-10-16;2025-10-17;2025-10-18;2025-10-19;2025-10-20;2025-10-21;2025-10-22;2025-10-23;2025-10-24;2025-10-25;2025-10-26;2025-10-27;2025-10-28;2025-10-29;2025-10-30;2025-10-31;2025-11-01;2025-11-02;2025-11-03;2025-11-04;2025-11-05;2025-11-06;2025-11-07;2025-11-08,28,6978.16665411408,2025-10-12;2025-10-13;2025-10-14;2025-10-15;2025-10-16;2025-10-17;2025-10-18;2025-10-19;2025-10-20;2025-10-21;2025-10-22;2025-10-23;2025-10-24;2025-10-25;2025-10-26;2025-10-27;2025-10-28;2025-10-29;2025-10-30;2025-10-31;2025-11-01;2025-11-02;2025-11-03;2025-11-04;2025-11-05;2025-11-06;2025-11-07;2025-11-08,2025-10-26;2025-10-27;2025-10-28;2025-10-29;2025-10-30;2025-10-31;2025-11-01;2025-11-02;2025-11-03;2025-11-04;2025-11-05;2025-11-06;2025-11-07;2025-11-08,,2025-11-08,8330.574270639348,9536.21307251216,9530.574270639348,21.142112795891286,26.876701800257386,17.317742319137988,35.30243413911853,81667.61178365184,477.2027673872667,6391.505542820438,51355.81756216005,1797.7313431252048,53153.54890528526,51355.81756216005,51355.817510804234,42031.05287586059,1429.8348721259063,lexicographic,5.1355817510804236e-05,4.203105283382953e-05,False,0.16947559999971418,0.0,1,0
2025-11-10,False,calendar_trend,4,1.0,7,1.0,0,calibrated_quantile,2025-10-13;2025-10-14;2025-10-15;2025-10-16;2025-10-17;2025-10-18;2025-10-19;2025-10-20;2025-10-21;2025-10-22;2025-10-23;2025-10-24;2025-10-25;2025-10-26;2025-10-27;2025-10-28;2025-10-29;2025-10-30;2025-10-31;2025-11-01;2025-11-02;2025-11-03;2025-11-04;2025-11-05;2025-11-06;2025-11-07;2025-11-08;2025-11-09,28,6784.948654391805,2025-10-13;2025-10-14;2025-10-15;2025-10-16;2025-10-17;2025-10-18;2025-10-19;2025-10-20;2025-10-21;2025-10-22;2025-10-23;2025-10-24;2025-10-25;2025-10-26;2025-10-27;2025-10-28;2025-10-29;2025-10-30;2025-10-31;2025-11-01;2025-11-02;2025-11-03;2025-11-04;2025-11-05;2025-11-06;2025-11-07;2025-11-08;2025-11-09,2025-10-27;2025-10-28;2025-10-29;2025-10-30;2025-10-31;2025-11-01;2025-11-02;2025-11-03;2025-11-04;2025-11-05;2025-11-06;2025-11-07;2025-11-08;2025-11-09,,2025-11-09,8324.935468766533,9530.574270639348,9524.935468766533,20.864178873443947,25.057356254129722,20.192722245505326,35.734220152003736,82281.30095182161,488.311646429759,4497.468033041845,51787.23539751212,1803.095194230656,53590.33059174278,51787.23539751212,51787.23534572489,42099.73418631755,1445.8819650953426,lexicographic,5.1787235345724893e-05,4.209973414421783e-05,False,0.20553500000096392,0.0,1,0
2025-11-11,False,calendar_trend,4,1.0,7,1.0,0,calibrated_quantile,2025-10-14;2025-10-15;2025-10-16;2025-10-17;2025-10-18;2025-10-19;2025-10-20;2025-10-21;2025-10-22;2025-10-23;2025-10-24;2025-10-25;2025-10-26;2025-10-27;2025-10-28;2025-10-29;2025-10-30;2025-10-31;2025-11-01;2025-11-02;2025-11-03;2025-11-04;2025-11-05;2025-11-06;2025-11-07;2025-11-08;2025-11-09;2025-11-10,28,6789.172727562389,2025-10-14;2025-10-15;2025-10-16;2025-10-17;2025-10-18;2025-10-19;2025-10-20;2025-10-21;2025-10-22;2025-10-23;2025-10-24;2025-10-25;2025-10-26;2025-10-27;2025-10-28;2025-10-29;2025-10-30;2025-10-31;2025-11-01;2025-11-02;2025-11-03;2025-11-04;2025-11-05;2025-11-06;2025-11-07;2025-11-08;2025-11-09;2025-11-10,2025-10-28;2025-10-29;2025-10-30;2025-10-31;2025-11-01;2025-11-02;2025-11-03;2025-11-04;2025-11-05;2025-11-06;2025-11-07;2025-11-08;2025-11-09;2025-11-10,,2025-11-10,8319.296666893719,9524.935468766533,9519.296666893719,15.859410983053657,19.711903499187944,10.652390419407075,21.418101862120984,82809.73891351884,82.40035152840395,6901.129049028451,52137.50046510223,179.60642264400803,52317.10688774624,52137.50046510223,52137.50041296471,42273.961777360135,1446.1213996763358,lexicographic,5.213750041296471e-05,4.2273961735086175e-05,False,0.14358240000001388,0.0,1,0
2025-11-12,False,calendar_trend,4,1.0,7,1.0,0,calibrated_quantile,2025-10-15;2025-10-16;2025-10-17;2025-10-18;2025-10-19;2025-10-20;2025-10-21;2025-10-22;2025-10-23;2025-10-24;2025-10-25;2025-10-26;2025-10-27;2025-10-28;2025-10-29;2025-10-30;2025-10-31;2025-11-01;2025-11-02;2025-11-03;2025-11-04;2025-11-05;2025-11-06;2025-11-07;2025-11-08;2025-11-09;2025-11-10;2025-11-11,28,6488.108823578691,2025-10-15;2025-10-16;2025-10-17;2025-10-18;2025-10-19;2025-10-20;2025-10-21;2025-10-22;2025-10-23;2025-10-24;2025-10-25;2025-10-26;2025-10-27;2025-10-28;2025-10-29;2025-10-30;2025-10-31;2025-11-01;2025-11-02;2025-11-03;2025-11-04;2025-11-05;2025-11-06;2025-11-07;2025-11-08;2025-11-09;2025-11-10;2025-11-11,2025-10-29;2025-10-30;2025-10-31;2025-11-01;2025-11-02;2025-11-03;2025-11-04;2025-11-05;2025-11-06;2025-11-07;2025-11-08;2025-11-09;2025-11-10;2025-11-11,,2025-11-11,8313.657865020905,9519.296666893719,9513.657865020905,19.425545572856095,24.355347836723602,14.549753517242854,29.631499319531983,82597.44233766283,126.19174126415132,7360.12529114927,52034.72971677499,557.929642208991,52592.65935898398,52034.729716774986,52034.72966474028,42040.85748288796,1439.1381371949751,lexicographic,5.203472966474029e-05,4.204085744084711e-05,False,0.17767900000035297,0.0,1,0
2025-11-13,False,calendar_trend,4,1.0,7,1.0,0,calibrated_quantile,2025-10-16;2025-10-17;2025-10-18;2025-10-19;2025-10-20;2025-10-21;2025-10-22;2025-10-23;2025-10-24;2025-10-25;2025-10-26;2025-10-27;2025-10-28;2025-10-29;2025-10-30;2025-10-31;2025-11-01;2025-11-02;2025-11-03;2025-11-04;2025-11-05;2025-11-06;2025-11-07;2025-11-08;2025-11-09;2025-11-10;2025-11-11;2025-11-12,28,6243.672580606475,2025-10-16;2025-10-17;2025-10-18;2025-10-19;2025-10-20;2025-10-21;2025-10-22;2025-10-23;2025-10-24;2025-10-25;2025-10-26;2025-10-27;2025-10-28;2025-10-29;2025-10-30;2025-10-31;2025-11-01;2025-11-02;2025-11-03;2025-11-04;2025-11-05;2025-11-06;2025-11-07;2025-11-08;2025-11-09;2025-11-10;2025-11-11;2025-11-12,2025-10-30;2025-10-31;2025-11-01;2025-11-02;2025-11-03;2025-11-04;2025-11-05;2025-11-06;2025-11-07;2025-11-08;2025-11-09;2025-11-10;2025-11-11;2025-11-12,,2025-11-12,8308.019063148091,9513.657865020905,9508.019063148091,17.250307248978572,21.930227014345707,21.685341377851195,42.689967365420664,82413.24315865118,429.23058732127595,6005.973380155611,51982.35871568478,1272.399223612013,53254.75793929679,51982.35871568478,51982.35866370242,42356.25485438375,1438.6207997480521,lexicographic,5.198235866370242e-05,4.235625481202749e-05,False,0.2068617999975686,0.0,1,0
2025-11-14,False,calendar_trend,4,1.0,7,1.0,0,calibrated_quantile,2025-10-17;2025-10-18;2025-10-19;2025-10-20;2025-10-21;2025-10-22;2025-10-23;2025-10-24;2025-10-25;2025-10-26;2025-10-27;2025-10-28;2025-10-29;2025-10-30;2025-10-31;2025-11-01;2025-11-02;2025-11-03;2025-11-04;2025-11-05;2025-11-06;2025-11-07;2025-11-08;2025-11-09;2025-11-10;2025-11-11;2025-11-12;2025-11-13,28,6130.912571159644,2025-10-17;2025-10-18;2025-10-19;2025-10-20;2025-10-21;2025-10-22;2025-10-23;2025-10-24;2025-10-25;2025-10-26;2025-10-27;2025-10-28;2025-10-29;2025-10-30;2025-10-31;2025-11-01;2025-11-02;2025-11-03;2025-11-04;2025-11-05;2025-11-06;2025-11-07;2025-11-08;2025-11-09;2025-11-10;2025-11-11;2025-11-12;2025-11-13,2025-10-31;2025-11-01;2025-11-02;2025-11-03;2025-11-04;2025-11-05;2025-11-06;2025-11-07;2025-11-08;2025-11-09;2025-11-10;2025-11-11;2025-11-12;2025-11-13,,2025-11-13,8302.380261275279,9508.019063148091,9502.380261275279,15.631625874399768,19.76266362592792,16.06750007533501,31.399778092700398,37601.36325233122,119.9835235636067,6348.575009088913,20122.928211141236,392.7655458190876,20515.693756960325,20122.928211141236,20122.92819101831,36008.750780472474,1268.5510910431399,lexicographic,2.012292819101831e-05,3.6008750780472485e-05,False,0.24392740000257618,0.0,1,0
2025-11-15,False,calendar_trend,4,1.0,7,1.0,0,calibrated_quantile,2025-10-18;2025-10-19;2025-10-20;2025-10-21;2025-10-22;2025-10-23;2025-10-24;2025-10-25;2025-10-26;2025-10-27;2025-10-28;2025-10-29;2025-10-30;2025-10-31;2025-11-01;2025-11-02;2025-11-03;2025-11-04;2025-11-05;2025-11-06;2025-11-07;2025-11-08;2025-11-09;2025-11-10;2025-11-11;2025-11-12;2025-11-13;2025-11-14,28,6097.259444159137,2025-10-18;2025-10-19;2025-10-20;2025-10-21;2025-10-22;2025-10-23;2025-10-24;2025-10-25;2025-10-26;2025-10-27;2025-10-28;2025-10-29;2025-10-30;2025-10-31;2025-11-01;2025-11-02;2025-11-03;2025-11-04;2025-11-05;2025-11-06;2025-11-07;2025-11-08;2025-11-09;2025-11-10;2025-11-11;2025-11-12;2025-11-13;2025-11-14,2025-11-01;2025-11-02;2025-11-03;2025-11-04;2025-11-05;2025-11-06;2025-11-07;2025-11-08;2025-11-09;2025-11-10;2025-11-11;2025-11-12;2025-11-13;2025-11-14,,2025-11-14,8296.741459402461,9502.380261275279,9496.741459402461,16.725698582111413,21.119087453965747,8.540166706117866,18.47923039671019,37545.36802642855,288.661523304832,5849.016579989515,20021.85447499419,1070.1059699369018,21091.960444931094,20021.85447499419,20021.854454972337,35997.41052337271,1304.9174085873256,lexicographic,2.002185445497234e-05,3.599741052337271e-05,False,0.2314693999978772,0.0,1,0
2025-11-16,False,calendar_trend,4,1.0,7,1.0,0,calibrated_quantile,2025-10-19;2025-10-20;2025-10-21;2025-10-22;2025-10-23;2025-10-24;2025-10-25;2025-10-26;2025-10-27;2025-10-28;2025-10-29;2025-10-30;2025-10-31;2025-11-01;2025-11-02;2025-11-03;2025-11-04;2025-11-05;2025-11-06;2025-11-07;2025-11-08;2025-11-09;2025-11-10;2025-11-11;2025-11-12;2025-11-13;2025-11-14;2025-11-15,28,6123.471620618744,2025-10-19;2025-10-20;2025-10-21;2025-10-22;2025-10-23;2025-10-24;2025-10-25;2025-10-26;2025-10-27;2025-10-28;2025-10-29;2025-10-30;2025-10-31;2025-11-01;2025-11-02;2025-11-03;2025-11-04;2025-11-05;2025-11-06;2025-11-07;2025-11-08;2025-11-09;2025-11-10;2025-11-11;2025-11-12;2025-11-13;2025-11-14;2025-11-15,2025-11-02;2025-11-03;2025-11-04;2025-11-05;2025-11-06;2025-11-07;2025-11-08;2025-11-09;2025-11-10;2025-11-11;2025-11-12;2025-11-13;2025-11-14;2025-11-15,,2025-11-15,8291.102657529646,9496.741459402461,9491.102657529646,22.284804456361897,27.79518347897304,14.384391001650808,31.803339687078427,83827.27218762241,548.5788604341643,5424.827862027765,52903.978277932314,2121.403390841035,55025.38166877335,52903.978277932314,52903.97822502833,43078.823559209995,1415.2229671204273,lexicographic,5.2903978225028336e-05,4.307882351613118e-05,False,0.19672450000143726,0.0,1,0
2025-11-17,False,calendar_trend,4,1.0,7,1.0,0,calibrated_quantile,2025-10-20;2025-10-21;2025-10-22;2025-10-23;2025-10-24;2025-10-25;2025-10-26;2025-10-27;2025-10-28;2025-10-29;2025-10-30;2025-10-31;2025-11-01;2025-11-02;2025-11-03;2025-11-04;2025-11-05;2025-11-06;2025-11-07;2025-11-08;2025-11-09;2025-11-10;2025-11-11;2025-11-12;2025-11-13;2025-11-14;2025-11-15;2025-11-16,28,6078.435638976781,2025-10-20;2025-10-21;2025-10-22;2025-10-23;2025-10-24;2025-10-25;2025-10-26;2025-10-27;2025-10-28;2025-10-29;2025-10-30;2025-10-31;2025-11-01;2025-11-02;2025-11-03;2025-11-04;2025-11-05;2025-11-06;2025-11-07;2025-11-08;2025-11-09;2025-11-10;2025-11-11;2025-11-12;2025-11-13;2025-11-14;2025-11-15;2025-11-16,2025-11-03;2025-11-04;2025-11-05;2025-11-06;2025-11-07;2025-11-08;2025-11-09;2025-11-10;2025-11-11;2025-11-12;2025-11-13;2025-11-14;2025-11-15;2025-11-16,,2025-11-16,8285.463855656833,9491.102657529646,9485.463855656833,19.80031289482021,24.55116444633293,11.80232257393517,22.822770770817883,85004.85383335524,113.3470358153391,7797.381429720775,53714.870488419736,317.9178288655369,54032.788317285274,53714.870488419736,53714.87043470486,44113.25097600996,1442.7669404839498,lexicographic,5.3714870434704865e-05,4.4113250931896704e-05,False,0.13650219999908586,0.0,1,0
2025-11-18,False,calendar_trend,4,1.0,7,1.0,0,calibrated_quantile,2025-10-21;2025-10-22;2025-10-23;2025-10-24;2025-10-25;2025-10-26;2025-10-27;2025-10-28;2025-10-29;2025-10-30;2025-10-31;2025-11-01;2025-11-02;2025-11-03;2025-11-04;2025-11-05;2025-11-06;2025-11-07;2025-11-08;2025-11-09;2025-11-10;2025-11-11;2025-11-12;2025-11-13;2025-11-14;2025-11-15;2025-11-16;2025-11-17,28,5943.49065900484,2025-10-21;2025-10-22;2025-10-23;2025-10-24;2025-10-25;2025-10-26;2025-10-27;2025-10-28;2025-10-29;2025-10-30;2025-10-31;2025-11-01;2025-11-02;2025-11-03;2025-11-04;2025-11-05;2025-11-06;2025-11-07;2025-11-08;2025-11-09;2025-11-10;2025-11-11;2025-11-12;2025-11-13;2025-11-14;2025-11-15;2025-11-16;2025-11-17,2025-11-04;2025-11-05;2025-11-06;2025-11-07;2025-11-08;2025-11-09;2025-11-10;2025-11-11;2025-11-12;2025-11-13;2025-11-14;2025-11-15;2025-11-16;2025-11-17,,2025-11-17,8279.82505378402,9485.463855656833,9479.82505378402,19.65971633989148,25.842718106177788,15.249039395768875,32.68404436558465,84496.99658774683,398.78222633093606,5437.1872080619205,53313.564871931536,1205.2231473739907,54518.788019305524,53313.564871931536,53313.56481861798,43570.00964171802,1449.3677211041136,lexicographic,5.3313564818617986e-05,4.357000964170489e-05,False,0.22850190000099246,0.0,1,0
2025-11-19,False,calendar_trend,4,1.0,7,1.0,0,calibrated_quantile,2025-10-22;2025-10-23;2025-10-24;2025-10-25;2025-10-26;2025-10-27;2025-10-28;2025-10-29;2025-10-30;2025-10-31;2025-11-01;2025-11-02;2025-11-03;2025-11-04;2025-11-05;2025-11-06;2025-11-07;2025-11-08;2025-11-09;2025-11-10;2025-11-11;2025-11-12;2025-11-13;2025-11-14;2025-11-15;2025-11-16;2025-11-17;2025-11-18,28,5721.638159655948,2025-10-22;2025-10-23;2025-10-24;2025-10-25;2025-10-26;2025-10-27;2025-10-28;2025-10-29;2025-10-30;2025-10-31;2025-11-01;2025-11-02;2025-11-03;2025-11-04;2025-11-05;2025-11-06;2025-11-07;2025-11-08;2025-11-09;2025-11-10;2025-11-11;2025-11-12;2025-11-13;2025-11-14;2025-11-15;2025-11-16;2025-11-17;2025-11-18,2025-11-05;2025-11-06;2025-11-07;2025-11-08;2025-11-09;2025-11-10;2025-11-11;2025-11-12;2025-11-13;2025-11-14;2025-11-15;2025-11-16;2025-11-17;2025-11-18,,2025-11-18,8244.726543375567,9479.82505378402,9444.726543375567,18.49624152702085,23.550253358549675,12.906033821327014,25.769765163656245,84549.81065910525,357.9057162707254,5018.404193561702,53358.9078505026,1266.7327857938221,54625.64063629642,53358.907850502605,53358.907797143685,43400.99143062676,1426.8997679837817,lexicographic,5.335890779714369e-05,4.3400991387225776e-05,False,0.10965629999918747,2.7117886692375423e-08,1,0
2025-11-20,False,calendar_trend,4,1.0,7,1.0,0,calibrated_quantile,2025-10-23;2025-10-24;2025-10-25;2025-10-26;2025-10-27;2025-10-28;2025-10-29;2025-10-30;2025-10-31;2025-11-01;2025-11-02;2025-11-03;2025-11-04;2025-11-05;2025-11-06;2025-11-07;2025-11-08;2025-11-09;2025-11-10;2025-11-11;2025-11-12;2025-11-13;2025-11-14;2025-11-15;2025-11-16;2025-11-17;2025-11-18;2025-11-19,28,5665.0530229675205,2025-10-23;2025-10-24;2025-10-25;2025-10-26;2025-10-27;2025-10-28;2025-10-29;2025-10-30;2025-10-31;2025-11-01;2025-11-02;2025-11-03;2025-11-04;2025-11-05;2025-11-06;2025-11-07;2025-11-08;2025-11-09;2025-11-10;2025-11-11;2025-11-12;2025-11-13;2025-11-14;2025-11-15;2025-11-16;2025-11-17;2025-11-18;2025-11-19,2025-11-06;2025-11-07;2025-11-08;2025-11-09;2025-11-10;2025-11-11;2025-11-12;2025-11-13;2025-11-14;2025-11-15;2025-11-16;2025-11-17;2025-11-18;2025-11-19,,2025-11-19,8209.628032967095,9444.726543375567,9409.628032967095,17.914750520276552,22.94030471055782,12.175955575110994,24.928895856508394,84753.67804542574,238.08139598450126,5677.682828697287,53479.43087334752,890.8689437139483,54370.29981706147,53479.43087334752,53479.430819868074,43400.99140743361,1453.311623417773,lexicographic,5.3479430819868076e-05,4.340099136403262e-05,False,0.1128906999983883,6.717643333611599e-08,1,0
2025-11-21,False,calendar_trend,4,1.0,7,1.0,0,calibrated_quantile,2025-10-24;2025-10-25;2025-10-26;2025-10-27;2025-10-28;2025-10-29;2025-10-30;2025-10-31;2025-11-01;2025-11-02;2025-11-03;2025-11-04;2025-11-05;2025-11-06;2025-11-07;2025-11-08;2025-11-09;2025-11-10;2025-11-11;2025-11-12;2025-11-13;2025-11-14;2025-11-15;2025-11-16;2025-11-17;2025-11-18;2025-11-19;2025-11-20,28,5697.991291558118,2025-10-24;2025-10-25;2025-10-26;2025-10-27;2025-10-28;2025-10-29;2025-10-30;2025-10-31;2025-11-01;2025-11-02;2025-11-03;2025-11-04;2025-11-05;2025-11-06;2025-11-07;2025-11-08;2025-11-09;2025-11-10;2025-11-11;2025-11-12;2025-11-13;2025-11-14;2025-11-15;2025-11-16;2025-11-17;2025-11-18;2025-11-19;2025-11-20,2025-11-07;2025-11-08;2025-11-09;2025-11-10;2025-11-11;2025-11-12;2025-11-13;2025-11-14;2025-11-15;2025-11-16;2025-11-17;2025-11-18;2025-11-19;2025-11-20,,2025-11-20,8174.529522558623,9409.628032967095,9374.529522558623,16.421915130271834,20.86042533325814,10.339581698190727,21.275944175575226,38798.29517144991,160.92983935156911,6519.3230090240495,20798.39070986965,408.1013734449683,21206.49208331462,20798.390709869647,20798.390689071257,34394.0251646617,1266.9775224215753,lexicographic,2.0798390689071257e-05,3.439402513026768e-05,False,0.2320940999998129,0.0,1,0
2025-11-22,False,calendar_trend,4,1.0,7,1.0,0,calibrated_quantile,2025-10-25;2025-10-26;2025-10-27;2025-10-28;2025-10-29;2025-10-30;2025-10-31;2025-11-01;2025-11-02;2025-11-03;2025-11-04;2025-11-05;2025-11-06;2025-11-07;2025-11-08;2025-11-09;2025-11-10;2025-11-11;2025-11-12;2025-11-13;2025-11-14;2025-11-15;2025-11-16;2025-11-17;2025-11-18;2025-11-19;2025-11-20;2025-11-21,28,5704.559072702685,2025-10-25;2025-10-26;2025-10-27;2025-10-28;2025-10-29;2025-10-30;2025-10-31;2025-11-01;2025-11-02;2025-11-03;2025-11-04;2025-11-05;2025-11-06;2025-11-07;2025-11-08;2025-11-09;2025-11-10;2025-11-11;2025-11-12;2025-11-13;2025-11-14;2025-11-15;2025-11-16;2025-11-17;2025-11-18;2025-11-19;2025-11-20;2025-11-21,2025-11-08;2025-11-09;2025-11-10;2025-11-11;2025-11-12;2025-11-13;2025-11-14;2025-11-15;2025-11-16;2025-11-17;2025-11-18;2025-11-19;2025-11-20;2025-11-21,,2025-11-21,8139.431012150171,9374.529522558623,9339.431012150171,18.44555265164845,21.669605270139016,10.596550817636551,22.008371786030455,38912.114792401095,204.99045859828786,5346.799573847136,20703.088570792726,797.4958322677674,21500.584403060493,20703.088570792726,20703.088550089644,34155.46962919709,1275.5906632449296,lexicographic,2.0703088550089646e-05,3.4155469595041625e-05,False,0.27567809999891324,0.0,1,0
2025-11-23,False,calendar_trend,4,1.0,7,1.0,0,calibrated_quantile,2025-10-26;2025-10-27;2025-10-28;2025-10-29;2025-10-30;2025-10-31;2025-11-01;2025-11-02;2025-11-03;2025-11-04;2025-11-05;2025-11-06;2025-11-07;2025-11-08;2025-11-09;2025-11-10;2025-11-11;2025-11-12;2025-11-13;2025-11-14;2025-11-15;2025-11-16;2025-11-17;2025-11-18;2025-11-19;2025-11-20;2025-11-21;2025-11-22,28,5758.885203414085,2025-10-26;2025-10-27;2025-10-28;2025-10-29;2025-10-30;2025-10-31;2025-11-01;2025-11-02;2025-11-03;2025-11-04;2025-11-05;2025-11-06;2025-11-07;2025-11-08;2025-11-09;2025-11-10;2025-11-11;2025-11-12;2025-11-13;2025-11-14;2025-11-15;2025-11-16;2025-11-17;2025-11-18;2025-11-19;2025-11-20;2025-11-21;2025-11-22,2025-11-09;2025-11-10;2025-11-11;2025-11-12;2025-11-13;2025-11-14;2025-11-15;2025-11-16;2025-11-17;2025-11-18;2025-11-19;2025-11-20;2025-11-21;2025-11-22,,2025-11-22,8104.332501741699,9339.431012150171,9304.3325017417,17.98745106765255,22.451912554773948,22.80549826762936,41.35063559356387,85638.85378707704,505.5193309548025,6339.876924750228,53923.307463543,2264.086134224617,56187.393597767616,53923.30746354301,53923.30740961972,43890.63766179814,1422.0336662570892,lexicographic,5.3923307409619724e-05,4.3890637617907503e-05,False,0.07041110000136541,0.0,1,0
2025-11-24,False,calendar_trend,4,1.0,7,1.0,0,calibrated_quantile,2025-10-27;2025-10-28;2025-10-29;2025-10-30;2025-10-31;2025-11-01;2025-11-02;2025-11-03;2025-11-04;2025-11-05;2025-11-06;2025-11-07;2025-11-08;2025-11-09;2025-11-10;2025-11-11;2025-11-12;2025-11-13;2025-11-14;2025-11-15;2025-11-16;2025-11-17;2025-11-18;2025-11-19;2025-11-20;2025-11-21;2025-11-22;2025-11-23,28,5890.43868720979,2025-10-27;2025-10-28;2025-10-29;2025-10-30;2025-10-31;2025-11-01;2025-11-02;2025-11-03;2025-11-04;2025-11-05;2025-11-06;2025-11-07;2025-11-08;2025-11-09;2025-11-10;2025-11-11;2025-11-12;2025-11-13;2025-11-14;2025-11-15;2025-11-16;2025-11-17;2025-11-18;2025-11-19;2025-11-20;2025-11-21;2025-11-22;2025-11-23,2025-11-10;2025-11-11;2025-11-12;2025-11-13;2025-11-14;2025-11-15;2025-11-16;2025-11-17;2025-11-18;2025-11-19;2025-11-20;2025-11-21;2025-11-22;2025-11-23,,2025-11-23,8069.233991333248,9304.3325017417,9269.233991333247,17.59969101449204,21.16340401992987,17.46356530877942,37.02865619922746,86168.73734932243,208.13620866470734,7605.600253843873,54301.95080134592,784.0193889437032,55085.97019028962,54301.95080134591,54301.95074704394,44242.441590708026,1446.4590343242794,lexicographic,5.4301950747043946e-05,4.4242441546465577e-05,False,0.10872670000026119,0.0,1,0
2025-11-25,False,calendar_trend,4,1.0,7,1.0,0,calibrated_quantile,2025-10-28;2025-10-29;2025-10-30;2025-10-31;2025-11-01;2025-11-02;2025-11-03;2025-11-04;2025-11-05;2025-11-06;2025-11-07;2025-11-08;2025-11-09;2025-11-10;2025-11-11;2025-11-12;2025-11-13;2025-11-14;2025-11-15;2025-11-16;2025-11-17;2025-11-18;2025-11-19;2025-11-20;2025-11-21;2025-11-22;2025-11-23;2025-11-24,28,5926.298338895365,2025-10-28;2025-10-29;2025-10-30;2025-10-31;2025-11-01;2025-11-02;2025-11-03;2025-11-04;2025-11-05;2025-11-06;2025-11-07;2025-11-08;2025-11-09;2025-11-10;2025-11-11;2025-11-12;2025-11-13;2025-11-14;2025-11-15;2025-11-16;2025-11-17;2025-11-18;2025-11-19;2025-11-20;2025-11-21;2025-11-22;2025-11-23;2025-11-24,2025-11-11;2025-11-12;2025-11-13;2025-11-14;2025-11-15;2025-11-16;2025-11-17;2025-11-18;2025-11-19;2025-11-20;2025-11-21;2025-11-22;2025-11-23;2025-11-24,,2025-11-24,8034.135480924775,9269.233991333247,9234.135480924775,19.830326249492188,25.18607981529142,9.863435952598161,19.122492289425843,86009.24335779138,227.73767577756774,5444.708357966334,54202.92489458402,929.089834455254,55132.01472903928,54202.92489458402,54202.9248403811,44378.50219425954,1466.7574410382954,lexicographic,5.4202924840381104e-05,4.43785021941419e-05,False,0.3082725999993272,0.0,1,0
2025-11-26,False,calendar_trend,4,1.0,7,1.0,0,calibrated_quantile,2025-10-29;2025-10-30;2025-10-31;2025-11-01;2025-11-02;2025-11-03;2025-11-04;2025-11-05;2025-11-06;2025-11-07;2025-11-08;2025-11-09;2025-11-10;2025-11-11;2025-11-12;2025-11-13;2025-11-14;2025-11-15;2025-11-16;2025-11-17;2025-11-18;2025-11-19;2025-11-20;2025-11-21;2025-11-22;2025-11-23;2025-11-24;2025-11-25,28,5923.090475116214,2025-10-29;2025-10-30;2025-10-31;2025-11-01;2025-11-02;2025-11-03;2025-11-04;2025-11-05;2025-11-06;2025-11-07;2025-11-08;2025-11-09;2025-11-10;2025-11-11;2025-11-12;2025-11-13;2025-11-14;2025-11-15;2025-11-16;2025-11-17;2025-11-18;2025-11-19;2025-11-20;2025-11-21;2025-11-22;2025-11-23;2025-11-24;2025-11-25,2025-11-12;2025-11-13;2025-11-14;2025-11-15;2025-11-16;2025-11-17;2025-11-18;2025-11-19;2025-11-20;2025-11-21;2025-11-22;2025-11-23;2025-11-24;2025-11-25,,2025-11-25,7999.036970516303,9234.135480924775,9199.036970516303,19.81773961972087,25.111240677300774,10.897566158402364,23.02612863849744,86309.1016080126,195.58841549330208,5142.585777362212,54424.61245661931,795.563750732002,55220.17620735131,54424.61245661931,54424.61240219469,44195.83655485269,1446.091579492827,lexicographic,5.442461240219469e-05,4.419583651065686e-05,False,0.2533825999998953,0.0,1,0
2025-11-27,False,calendar_trend,4,1.0,7,1.0,0,calibrated_quantile,2025-10-30;2025-10-31;2025-11-01;2025-11-02;2025-11-03;2025-11-04;2025-11-05;2025-11-06;2025-11-07;2025-11-08;2025-11-09;2025-11-10;2025-11-11;2025-11-12;2025-11-13;2025-11-14;2025-11-15;2025-11-16;2025-11-17;2025-11-18;2025-11-19;2025-11-20;2025-11-21;2025-11-22;2025-11-23;2025-11-24;2025-11-25;2025-11-26,28,5665.346159837431,2025-10-30;2025-10-31;2025-11-01;2025-11-02;2025-11-03;2025-11-04;2025-11-05;2025-11-06;2025-11-07;2025-11-08;2025-11-09;2025-11-10;2025-11-11;2025-11-12;2025-11-13;2025-11-14;2025-11-15;2025-11-16;2025-11-17;2025-11-18;2025-11-19;2025-11-20;2025-11-21;2025-11-22;2025-11-23;2025-11-24;2025-11-25;2025-11-26,2025-11-13;2025-11-14;2025-11-15;2025-11-16;2025-11-17;2025-11-18;2025-11-19;2025-11-20;2025-11-21;2025-11-22;2025-11-23;2025-11-24;2025-11-25;2025-11-26,,2025-11-26,7963.938460107852,9199.036970516303,9163.938460107853,17.474321505572828,22.382397322316187,14.358825185102198,27.50869543850983,86054.02209370492,320.8914614487645,5990.9474158547955,54352.93483301517,1297.31245465424,55650.24728766941,54352.93483301517,54352.934778662246,44182.843071225696,1469.2484691261984,lexicographic,5.435293477866225e-05,4.418284302704285e-05,False,0.2177817000010691,0.0,1,0
2025-11-28,False,calendar_trend,4,1.0,7,1.0,0,calibrated_quantile,2025-10-31;2025-11-01;2025-11-02;2025-11-03;2025-11-04;2025-11-05;2025-11-06;2025-11-07;2025-11-08;2025-11-09;2025-11-10;2025-11-11;2025-11-12;2025-11-13;2025-11-14;2025-11-15;2025-11-16;2025-11-17;2025-11-18;2025-11-19;2025-11-20;2025-11-21;2025-11-22;2025-11-23;2025-11-24;2025-11-25;2025-11-26;2025-11-27,28,5662.3629670933815,2025-10-31;2025-11-01;2025-11-02;2025-11-03;2025-11-04;2025-11-05;2025-11-06;2025-11-07;2025-11-08;2025-11-09;2025-11-10;2025-11-11;2025-11-12;2025-11-13;2025-11-14;2025-11-15;2025-11-16;2025-11-17;2025-11-18;2025-11-19;2025-11-20;2025-11-21;2025-11-22;2025-11-23;2025-11-24;2025-11-25;2025-11-26;2025-11-27,2025-11-14;2025-11-15;2025-11-16;2025-11-17;2025-11-18;2025-11-19;2025-11-20;2025-11-21;2025-11-22;2025-11-23;2025-11-24;2025-11-25;2025-11-26;2025-11-27,,2025-11-27,7928.83994969938,9163.938460107853,9128.83994969938,17.373896545025985,21.269406843453684,9.67004402462634,18.93962523379972,39597.48472553466,192.06983661447182,5232.473369476747,21076.293132102237,856.1096629442621,21932.4027950465,21076.293132102233,21076.29311102595,34968.6973788014,1281.348984083369,lexicographic,2.107629311102595e-05,3.49686973438327e-05,False,0.20762959999774466,0.0,1,0
2025-11-29,False,calendar_trend,4,1.0,7,1.0,0,calibrated_quantile,2025-11-01;2025-11-02;2025-11-03;2025-11-04;2025-11-05;2025-11-06;2025-11-07;2025-11-08;2025-11-09;2025-11-10;2025-11-11;2025-11-12;2025-11-13;2025-11-14;2025-11-15;2025-11-16;2025-11-17;2025-11-18;2025-11-19;2025-11-20;2025-11-21;2025-11-22;2025-11-23;2025-11-24;2025-11-25;2025-11-26;2025-11-27;2025-11-28,28,5559.928312246704,2025-11-01;2025-11-02;2025-11-03;2025-11-04;2025-11-05;2025-11-06;2025-11-07;2025-11-08;2025-11-09;2025-11-10;2025-11-11;2025-11-12;2025-11-13;2025-11-14;2025-11-15;2025-11-16;2025-11-17;2025-11-18;2025-11-19;2025-11-20;2025-11-21;2025-11-22;2025-11-23;2025-11-24;2025-11-25;2025-11-26;2025-11-27;2025-11-28,2025-11-15;2025-11-16;2025-11-17;2025-11-18;2025-11-19;2025-11-20;2025-11-21;2025-11-22;2025-11-23;2025-11-24;2025-11-25;2025-11-26;2025-11-27;2025-11-28,,2025-11-28,7915.088702559679,9128.83994969938,9115.088702559678,18.9458163141129,23.60563826435222,28.79638217766132,59.958823639981446,40160.03011367059,1706.2706878166325,3260.1728877493915,21293.692774855022,5702.893518804127,26996.58629365915,21293.692774855022,21293.692753561318,35155.46888272078,1308.2103233898085,lexicographic,2.129369275356132e-05,3.515546884756531e-05,False,0.20289520000005723,0.0,1,0
2025-11-30,False,calendar_trend,4,1.0,7,1.0,0,calibrated_quantile,2025-11-02;2025-11-03;2025-11-04;2025-11-05;2025-11-06;2025-11-07;2025-11-08;2025-11-09;2025-11-10;2025-11-11;2025-11-12;2025-11-13;2025-11-14;2025-11-15;2025-11-16;2025-11-17;2025-11-18;2025-11-19;2025-11-20;2025-11-21;2025-11-22;2025-11-23;2025-11-24;2025-11-25;2025-11-26;2025-11-27;2025-11-28;2025-11-29,28,5772.119323672536,2025-11-02;2025-11-03;2025-11-04;2025-11-05;2025-11-06;2025-11-07;2025-11-08;2025-11-09;2025-11-10;2025-11-11;2025-11-12;2025-11-13;2025-11-14;2025-11-15;2025-11-16;2025-11-17;2025-11-18;2025-11-19;2025-11-20;2025-11-21;2025-11-22;2025-11-23;2025-11-24;2025-11-25;2025-11-26;2025-11-27;2025-11-28;2025-11-29,2025-11-16;2025-11-17;2025-11-18;2025-11-19;2025-11-20;2025-11-21;2025-11-22;2025-11-23;2025-11-24;2025-11-25;2025-11-26;2025-11-27;2025-11-28;2025-11-29,,2025-11-29,7901.337455419972,9115.088702559678,9101.337455419973,20.82580697327221,25.57591523803365,17.127333804655482,33.0856535792453,87715.51458521972,439.3307095154024,3236.148047228134,55463.22012864031,1847.5220106917534,57310.74213933206,55463.22012864031,55463.22007317712,44655.02827196034,1452.4494179313,lexicographic,5.5463220073177124e-05,4.465502822730532e-05,False,0.19382970000151545,0.0,1,0
2025-12-01,False,calendar_trend,4,1.0,7,1.0,0,calibrated_quantile,2025-11-03;2025-11-04;2025-11-05;2025-11-06;2025-11-07;2025-11-08;2025-11-09;2025-11-10;2025-11-11;2025-11-12;2025-11-13;2025-11-14;2025-11-15;2025-11-16;2025-11-17;2025-11-18;2025-11-19;2025-11-20;2025-11-21;2025-11-22;2025-11-23;2025-11-24;2025-11-25;2025-11-26;2025-11-27;2025-11-28;2025-11-29;2025-11-30,28,5865.908376219206,2025-11-03;2025-11-04;2025-11-05;2025-11-06;2025-11-07;2025-11-08;2025-11-09;2025-11-10;2025-11-11;2025-11-12;2025-11-13;2025-11-14;2025-11-15;2025-11-16;2025-11-17;2025-11-18;2025-11-19;2025-11-20;2025-11-21;2025-11-22;2025-11-23;2025-11-24;2025-11-25;2025-11-26;2025-11-27;2025-11-28;2025-11-29;2025-11-30,2025-11-17;2025-11-18;2025-11-19;2025-11-20;2025-11-21;2025-11-22;2025-11-23;2025-11-24;2025-11-25;2025-11-26;2025-11-27;2025-11-28;2025-11-29;2025-11-30,,2025-11-30,7887.586208280264,9101.337455419973,9087.586208280263,55.236659730294235,67.13443874209662,14.234602626949673,32.13766841458241,89005.10566042867,3958.046582250556,1961.2053203387495,56337.56364398076,14405.058769195392,70742.62241317614,56337.56364398076,56337.5635876432,44932.72093133918,1479.782775984726,lexicographic,5.63375635876432e-05,4.493272093133919e-05,False,0.15609780000158935,0.0,1,0
2025-12-02,False,calendar_trend,4,1.0,7,1.0,0,calibrated_quantile,2025-11-04;2025-11-05;2025-11-06;2025-11-07;2025-11-08;2025-11-09;2025-11-10;2025-11-11;2025-11-12;2025-11-13;2025-11-14;2025-11-15;2025-11-16;2025-11-17;2025-11-18;2025-11-19;2025-11-20;2025-11-21;2025-11-22;2025-11-23;2025-11-24;2025-11-25;2025-11-26;2025-11-27;2025-11-28;2025-11-29;2025-11-30;2025-12-01,28,6083.270703014998,2025-11-04;2025-11-05;2025-11-06;2025-11-07;2025-11-08;2025-11-09;2025-11-10;2025-11-11;2025-11-12;2025-11-13;2025-11-14;2025-11-15;2025-11-16;2025-11-17;2025-11-18;2025-11-19;2025-11-20;2025-11-21;2025-11-22;2025-11-23;2025-11-24;2025-11-25;2025-11-26;2025-11-27;2025-11-28;2025-11-29;2025-11-30;2025-12-01,2025-11-18;2025-11-19;2025-11-20;2025-11-21;2025-11-22;2025-11-23;2025-11-24;2025-11-25;2025-11-26;2025-11-27;2025-11-28;2025-11-29;2025-11-30;2025-12-01,,2025-12-01,8139.431012150171,9087.586208280263,9339.431012150171,45.95018945771506,54.0941491501376,16.2792425442495,33.95546075167738,91489.36183821666,3385.584808743877,1221.0272387729797,58144.190807908075,12871.760091676675,71015.95089958474,58144.19080790807,58144.19074976389,45399.144589638476,1496.6478456904572,lexicographic,5.8144190749763896e-05,4.5399144544400534e-05,False,0.20022550000066985,0.0,1,0
2025-12-03,False,calendar_trend,4,1.0,7,1.0,0,calibrated_quantile,2025-11-05;2025-11-06;2025-11-07;2025-11-08;2025-11-09;2025-11-10;2025-11-11;2025-11-12;2025-11-13;2025-11-14;2025-11-15;2025-11-16;2025-11-17;2025-11-18;2025-11-19;2025-11-20;2025-11-21;2025-11-22;2025-11-23;2025-11-24;2025-11-25;2025-11-26;2025-11-27;2025-11-28;2025-11-29;2025-11-30;2025-12-01;2025-12-02,28,6559.547499181689,2025-11-05;2025-11-06;2025-11-07;2025-11-08;2025-11-09;2025-11-10;2025-11-11;2025-11-12;2025-11-13;2025-11-14;2025-11-15;2025-11-16;2025-11-17;2025-11-18;2025-11-19;2025-11-20;2025-11-21;2025-11-22;2025-11-23;2025-11-24;2025-11-25;2025-11-26;2025-11-27;2025-11-28;2025-11-29;2025-11-30;2025-12-01;2025-12-02,2025-11-19;2025-11-20;2025-11-21;2025-11-22;2025-11-23;2025-11-24;2025-11-25;2025-11-26;2025-11-27;2025-11-28;2025-11-29;2025-11-30;2025-12-01;2025-12-02,,2025-12-02,8308.019063148091,9339.431012150171,9508.019063148091,30.260583191422963,37.7485067825698,13.775252922050624,29.164830157650425,94615.89959436908,1061.62198514677,3537.4906878183165,60465.749936436085,3213.22322488181,63678.973161317896,60465.749936436085,60465.74987597034,45818.01324478745,1509.9506976911734,lexicographic,6.0465749875970344e-05,4.581801319896944e-05,False,0.2007898000010755,0.0,1,0
2025-12-04,False,calendar_trend,4,1.0,7,1.0,0,calibrated_quantile,2025-11-06;2025-11-07;2025-11-08;2025-11-09;2025-11-10;2025-11-11;2025-11-12;2025-11-13;2025-11-14;2025-11-15;2025-11-16;2025-11-17;2025-11-18;2025-11-19;2025-11-20;2025-11-21;2025-11-22;2025-11-23;2025-11-24;2025-11-25;2025-11-26;2025-11-27;2025-11-28;2025-11-29;2025-11-30;2025-12-01;2025-12-02;2025-12-03,28,6753.648981639064,2025-11-06;2025-11-07;2025-11-08;2025-11-09;2025-11-10;2025-11-11;2025-11-12;2025-11-13;2025-11-14;2025-11-15;2025-11-16;2025-11-17;2025-11-18;2025-11-19;2025-11-20;2025-11-21;2025-11-22;2025-11-23;2025-11-24;2025-11-25;2025-11-26;2025-11-27;2025-11-28;2025-11-29;2025-11-30;2025-12-01;2025-12-02;2025-12-03,2025-11-20;2025-11-21;2025-11-22;2025-11-23;2025-11-24;2025-11-25;2025-11-26;2025-11-27;2025-11-28;2025-11-29;2025-11-30;2025-12-01;2025-12-02;2025-12-03,,2025-12-03,8302.380261275279,9508.019063148091,9502.380261275279,28.743038088071305,36.54653048233628,12.57040965798213,27.51697358979042,96454.87417126604,803.1297495331619,5673.092527270845,61864.58343750462,3074.3872366604874,64938.9706741651,61864.58343750461,61864.583375639995,45910.27172714412,1541.011561785957,lexicographic,6.186458337564e-05,4.5910271681233845e-05,False,0.14204880000033882,0.0,1,0
2025-12-05,False,calendar_trend,4,1.0,7,1.0,0,calibrated_quantile,2025-11-07;2025-11-08;2025-11-09;2025-11-10;2025-11-11;2025-11-12;2025-11-13;2025-11-14;2025-11-15;2025-11-16;2025-11-17;2025-11-18;2025-11-19;2025-11-20;2025-11-21;2025-11-22;2025-11-23;2025-11-24;2025-11-25;2025-11-26;2025-11-27;2025-11-28;2025-11-29;2025-11-30;2025-12-01;2025-12-02;2025-12-03;2025-12-04,28,6732.26743348442,2025-11-07;2025-11-08;2025-11-09;2025-11-10;2025-11-11;2025-11-12;2025-11-13;2025-11-14;2025-11-15;2025-11-16;2025-11-17;2025-11-18;2025-11-19;2025-11-20;2025-11-21;2025-11-22;2025-11-23;2025-11-24;2025-11-25;2025-11-26;2025-11-27;2025-11-28;2025-11-29;2025-11-30;2025-12-01;2025-12-02;2025-12-03;2025-12-04,2025-11-21;2025-11-22;2025-11-23;2025-11-24;2025-11-25;2025-11-26;2025-11-27;2025-11-28;2025-11-29;2025-11-30;2025-12-01;2025-12-02;2025-12-03;2025-12-04,,2025-12-04,8296.741459402461,9502.380261275279,9496.741459402461,28.614333156865126,35.55842038737757,11.387423503018674,22.90854556608473,49449.76721484088,567.5913509528879,4656.223607001034,25939.607117695057,2091.9526984063314,28031.559816101388,25939.607117695054,25939.607091755453,38630.30532606632,1382.9022374260564,lexicographic,2.5939607091755454e-05,3.863030528743602e-05,False,0.15099209999971208,0.0,1,0
2025-12-06,False,calendar_trend,4,1.0,7,1.0,0,calibrated_quantile,2025-11-08;2025-11-09;2025-11-10;2025-11-11;2025-11-12;2025-11-13;2025-11-14;2025-11-15;2025-11-16;2025-11-17;2025-11-18;2025-11-19;2025-11-20;2025-11-21;2025-11-22;2025-11-23;2025-11-24;2025-11-25;2025-11-26;2025-11-27;2025-11-28;2025-11-29;2025-11-30;2025-12-01;2025-12-02;2025-12-03;2025-12-04;2025-12-05,28,6811.300464898787,2025-11-08;2025-11-09;2025-11-10;2025-11-11;2025-11-12;2025-11-13;2025-11-14;2025-11-15;2025-11-16;2025-11-17;2025-11-18;2025-11-19;2025-11-20;2025-11-21;2025-11-22;2025-11-23;2025-11-24;2025-11-25;2025-11-26;2025-11-27;2025-11-28;2025-11-29;2025-11-30;2025-12-01;2025-12-02;2025-12-03;2025-12-04;2025-12-05,2025-11-22;2025-11-23;2025-11-24;2025-11-25;2025-11-26;2025-11-27;2025-11-28;2025-11-29;2025-11-30;2025-12-01;2025-12-02;2025-12-03;2025-12-04;2025-12-05,,2025-12-05,8291.102657529646,9496.741459402461,9491.102657529646,23.75043559718704,29.27980971178253,14.75479037566994,32.79378084581694,51335.75153644815,970.806592714258,4546.40335669334,26911.446352632498,3199.1475846494286,30110.593937281927,26911.446352632498,26911.446325721052,39068.67475459693,1386.3309281499924,lexicographic,2.6911446325721055e-05,3.906867471552825e-05,False,0.16311239999777172,0.0,1,0
2025-12-07,False,calendar_trend,4,1.0,7,1.0,0,calibrated_quantile,2025-11-09;2025-11-10;2025-11-11;2025-11-12;2025-11-13;2025-11-14;2025-11-15;2025-11-16;2025-11-17;2025-11-18;2025-11-19;2025-11-20;2025-11-21;2025-11-22;2025-11-23;2025-11-24;2025-11-25;2025-11-26;2025-11-27;2025-11-28;2025-11-29;2025-11-30;2025-12-01;2025-12-02;2025-12-03;2025-12-04;2025-12-05;2025-12-06,28,7016.651444709203,2025-11-09;2025-11-10;2025-11-11;2025-11-12;2025-11-13;2025-11-14;2025-11-15;2025-11-16;2025-11-17;2025-11-18;2025-11-19;2025-11-20;2025-11-21;2025-11-22;2025-11-23;2025-11-24;2025-11-25;2025-11-26;2025-11-27;2025-11-28;2025-11-29;2025-11-30;2025-12-01;2025-12-02;2025-12-03;2025-12-04;2025-12-05;2025-12-06,2025-11-23;2025-11-24;2025-11-25;2025-11-26;2025-11-27;2025-11-28;2025-11-29;2025-11-30;2025-12-01;2025-12-02;2025-12-03;2025-12-04;2025-12-05;2025-12-06,,2025-12-06,8285.463855656833,9491.102657529646,9485.463855656833,29.117073058718265,36.049877080163085,10.829413264342861,21.78818170588071,103086.13973840179,156.915901101617,10719.975144894212,66664.41787297133,748.3805269061297,67412.79839987746,66664.41787297133,66664.41780630691,46450.38145323015,1610.2908467811694,lexicographic,6.666441780630691e-05,4.645038140677975e-05,False,0.1358923000007053,0.0,1,0
2025-12-08,False,calendar_trend,4,1.0,7,1.0,0,calibrated_quantile,2025-11-10;2025-11-11;2025-11-12;2025-11-13;2025-11-14;2025-11-15;2025-11-16;2025-11-17;2025-11-18;2025-11-19;2025-11-20;2025-11-21;2025-11-22;2025-11-23;2025-11-24;2025-11-25;2025-11-26;2025-11-27;2025-11-28;2025-11-29;2025-11-30;2025-12-01;2025-12-02;2025-12-03;2025-12-04;2025-12-05;2025-12-06;2025-12-07,28,6990.740148888387,2025-11-10;2025-11-11;2025-11-12;2025-11-13;2025-11-14;2025-11-15;2025-11-16;2025-11-17;2025-11-18;2025-11-19;2025-11-20;2025-11-21;2025-11-22;2025-11-23;2025-11-24;2025-11-25;2025-11-26;2025-11-27;2025-11-28;2025-11-29;2025-11-30;2025-12-01;2025-12-02;2025-12-03;2025-12-04;2025-12-05;2025-12-06;2025-12-07,2025-11-24;2025-11-25;2025-11-26;2025-11-27;2025-11-28;2025-11-29;2025-11-30;2025-12-01;2025-12-02;2025-12-03;2025-12-04;2025-12-05;2025-12-06;2025-12-07,,2025-12-07,8279.82505378402,9485.463855656833,9479.82505378402,44.67491694280463,52.8020494890194,12.227069161807023,25.158377082604638,105826.65020433266,67.45612666081145,13176.496030880593,68613.92492957533,427.18063649632825,69041.10556607165,68613.92492957533,68613.9248609614,46450.38087057215,1656.6241451266242,lexicographic,6.86139248609614e-05,4.645038082412176e-05,False,0.1382549999980256,0.0,1,0
2025-12-09,False,calendar_trend,4,1.0,7,1.0,0,calibrated_quantile,2025-11-11;2025-11-12;2025-11-13;2025-11-14;2025-11-15;2025-11-16;2025-11-17;2025-11-18;2025-11-19;2025-11-20;2025-11-21;2025-11-22;2025-11-23;2025-11-24;2025-11-25;2025-11-26;2025-11-27;2025-11-28;2025-11-29;2025-11-30;2025-12-01;2025-12-02;2025-12-03;2025-12-04;2025-12-05;2025-12-06;2025-12-07;2025-12-08,28,6833.543626819217,2025-11-11;2025-11-12;2025-11-13;2025-11-14;2025-11-15;2025-11-16;2025-11-17;2025-11-18;2025-11-19;2025-11-20;2025-11-21;2025-11-22;2025-11-23;2025-11-24;2025-11-25;2025-11-26;2025-11-27;2025-11-28;2025-11-29;2025-11-30;2025-12-01;2025-12-02;2025-12-03;2025-12-04;2025-12-05;2025-12-06;2025-12-07;2025-12-08,2025-11-25;2025-11-26;2025-11-27;2025-11-28;2025-11-29;2025-11-30;2025-12-01;2025-12-02;2025-12-03;2025-12-04;2025-12-05;2025-12-06;2025-12-07;2025-12-08,,2025-12-08,8244.726543375567,9479.82505378402,9444.726543375567,43.13195339028784,51.507480907154935,13.794111556109323,29.29698438978646,105176.22450199467,62.597836116318625,13012.701882086198,68123.07830084163,349.15854212206136,68472.2368429637,68123.07830084165,68123.07823271856,46417.648007755,1648.2569897518538,lexicographic,6.812307823271856e-05,4.641764796133735e-05,False,0.0773153000009188,2.1361212097103637e-16,1,0
2025-12-10,False,calendar_trend,4,1.0,7,1.0,0,calibrated_quantile,2025-11-12;2025-11-13;2025-11-14;2025-11-15;2025-11-16;2025-11-17;2025-11-18;2025-11-19;2025-11-20;2025-11-21;2025-11-22;2025-11-23;2025-11-24;2025-11-25;2025-11-26;2025-11-27;2025-11-28;2025-11-29;2025-11-30;2025-12-01;2025-12-02;2025-12-03;2025-12-04;2025-12-05;2025-12-06;2025-12-07;2025-12-08;2025-12-09,28,6815.231658528992,2025-11-12;2025-11-13;2025-11-14;2025-11-15;2025-11-16;2025-11-17;2025-11-18;2025-11-19;2025-11-20;2025-11-21;2025-11-22;2025-11-23;2025-11-24;2025-11-25;2025-11-26;2025-11-27;2025-11-28;2025-11-29;2025-11-30;2025-12-01;2025-12-02;2025-12-03;2025-12-04;2025-12-05;2025-12-06;2025-12-07;2025-12-08;2025-12-09,2025-11-26;2025-11-27;2025-11-28;2025-11-29;2025-11-30;2025-12-01;2025-12-02;2025-12-03;2025-12-04;2025-12-05;2025-12-06;2025-12-07;2025-12-08;2025-12-09,,2025-12-09,8209.628032967095,9444.726543375567,9409.628032967095,38.643260752308606,48.531929424884574,12.028115055687326,24.437893897448212,104436.44099426398,34.427025419123424,11245.583349806391,67681.54135431418,139.60865892903718,67821.15001324321,67681.54135431418,67681.54128663262,46417.648139712874,1640.824783226665,lexicographic,6.768154128663263e-05,4.641764809329523e-05,False,0.06717460000072606,0.0,1,0
2025-12-11,False,calendar_trend,4,1.0,7,1.0,0,calibrated_quantile,2025-11-13;2025-11-14;2025-11-15;2025-11-16;2025-11-17;2025-11-18;2025-11-19;2025-11-20;2025-11-21;2025-11-22;2025-11-23;2025-11-24;2025-11-25;2025-11-26;2025-11-27;2025-11-28;2025-11-29;2025-11-30;2025-12-01;2025-12-02;2025-12-03;2025-12-04;2025-12-05;2025-12-06;2025-12-07;2025-12-08;2025-12-09;2025-12-10,28,6785.108988134762,2025-11-13;2025-11-14;2025-11-15;2025-11-16;2025-11-17;2025-11-18;2025-11-19;2025-11-20;2025-11-21;2025-11-22;2025-11-23;2025-11-24;2025-11-25;2025-11-26;2025-11-27;2025-11-28;2025-11-29;2025-11-30;2025-12-01;2025-12-02;2025-12-03;2025-12-04;2025-12-05;2025-12-06;2025-12-07;2025-12-08;2025-12-09;2025-12-10,2025-11-27;2025-11-28;2025-11-29;2025-11-30;2025-12-01;2025-12-02;2025-12-03;2025-12-04;2025-12-05;2025-12-06;2025-12-07;2025-12-08;2025-12-09;2025-12-10,,2025-12-10,8174.529522558623,9409.628032967095,9374.529522558623,39.992453395661926,48.84983455648324,15.896589632866725,33.86866226776858,104157.12884718683,87.92352021300053,13446.13146433308,67530.81845685162,275.1671447636996,67805.98560161532,67530.81845685162,67530.81838932079,46417.6481383478,1627.949345476821,lexicographic,6.753081838932079e-05,4.641764813834781e-05,False,0.07812320000084583,0.0,1,0
2025-12-12,False,calendar_trend,4,1.0,7,1.0,0,calibrated_quantile,2025-11-14;2025-11-15;2025-11-16;2025-11-17;2025-11-18;2025-11-19;2025-11-20;2025-11-21;2025-11-22;2025-11-23;2025-11-24;2025-11-25;2025-11-26;2025-11-27;2025-11-28;2025-11-29;2025-11-30;2025-12-01;2025-12-02;2025-12-03;2025-12-04;2025-12-05;2025-12-06;2025-12-07;2025-12-08;2025-12-09;2025-12-10;2025-12-11,28,6675.167134885187,2025-11-14;2025-11-15;2025-11-16;2025-11-17;2025-11-18;2025-11-19;2025-11-20;2025-11-21;2025-11-22;2025-11-23;2025-11-24;2025-11-25;2025-11-26;2025-11-27;2025-11-28;2025-11-29;2025-11-30;2025-12-01;2025-12-02;2025-12-03;2025-12-04;2025-12-05;2025-12-06;2025-12-07;2025-12-08;2025-12-09;2025-12-10;2025-12-11,2025-11-28;2025-11-29;2025-11-30;2025-12-01;2025-12-02;2025-12-03;2025-12-04;2025-12-05;2025-12-06;2025-12-07;2025-12-08;2025-12-09;2025-12-10;2025-12-11,,2025-12-11,8139.431012150171,9374.529522558623,9339.431012150171,20.766960994238747,25.113928431374998,18.11687369662245,38.21466104170857,53248.85281296758,475.3818092576086,5936.794840814288,28130.127541131988,1519.9779720707465,29650.105513202732,28130.12754113199,28130.12751300185,39133.44693818745,1418.5530856588941,lexicographic,2.8130127513001853e-05,3.9133446899054e-05,False,0.13967539999794099,0.0,1,0
2025-12-13,False,calendar_trend,4,1.0,7,1.0,0,calibrated_quantile,2025-11-15;2025-11-16;2025-11-17;2025-11-18;2025-11-19;2025-11-20;2025-11-21;2025-11-22;2025-11-23;2025-11-24;2025-11-25;2025-11-26;2025-11-27;2025-11-28;2025-11-29;2025-11-30;2025-12-01;2025-12-02;2025-12-03;2025-12-04;2025-12-05;2025-12-06;2025-12-07;2025-12-08;2025-12-09;2025-12-10;2025-12-11;2025-12-12,28,6783.067858107795,2025-11-15;2025-11-16;2025-11-17;2025-11-18;2025-11-19;2025-11-20;2025-11-21;2025-11-22;2025-11-23;2025-11-24;2025-11-25;2025-11-26;2025-11-27;2025-11-28;2025-11-29;2025-11-30;2025-12-01;2025-12-02;2025-12-03;2025-12-04;2025-12-05;2025-12-06;2025-12-07;2025-12-08;2025-12-09;2025-12-10;2025-12-11;2025-12-12,2025-11-29;2025-11-30;2025-12-01;2025-12-02;2025-12-03;2025-12-04;2025-12-05;2025-12-06;2025-12-07;2025-12-08;2025-12-09;2025-12-10;2025-12-11;2025-12-12,,2025-12-12,8104.332501741699,9339.431012150171,9304.3325017417,18.720735168852844,22.722049366850108,13.444467655468534,26.7500719050721,54123.52047400248,119.20421968102278,6374.747102630423,28558.51504963926,585.8531506269517,29144.36820026621,28558.515049639256,28558.51502108074,39099.32281425256,1404.3560200405022,lexicographic,2.855851502108074e-05,3.909932277515326e-05,False,0.14975279999998747,0.0,1,0
2025-12-14,False,calendar_trend,4,1.0,7,1.0,0,calibrated_quantile,2025-11-16;2025-11-17;2025-11-18;2025-11-19;2025-11-20;2025-11-21;2025-11-22;2025-11-23;2025-11-24;2025-11-25;2025-11-26;2025-11-27;2025-11-28;2025-11-29;2025-11-30;2025-12-01;2025-12-02;2025-12-03;2025-12-04;2025-12-05;2025-12-06;2025-12-07;2025-12-08;2025-12-09;2025-12-10;2025-12-11;2025-12-12;2025-12-13,28,6757.3616225901305,2025-11-16;2025-11-17;2025-11-18;2025-11-19;2025-11-20;2025-11-21;2025-11-22;2025-11-23;2025-11-24;2025-11-25;2025-11-26;2025-11-27;2025-11-28;2025-11-29;2025-11-30;2025-12-01;2025-12-02;2025-12-03;2025-12-04;2025-12-05;2025-12-06;2025-12-07;2025-12-08;2025-12-09;2025-12-10;2025-12-11;2025-12-12;2025-12-13,2025-11-30;2025-12-01;2025-12-02;2025-12-03;2025-12-04;2025-12-05;2025-12-06;2025-12-07;2025-12-08;2025-12-09;2025-12-10;2025-12-11;2025-12-12;2025-12-13,,2025-12-13,8069.233991333248,9304.3325017417,9269.233991333247,31.936791503521995,40.16283130061567,6.995799400375249,15.711216072319266,103850.4396736593,75.39236922462942,10309.444024336932,67192.73949812731,460.180322089509,67652.91982021682,67192.73949812732,67192.7394309346,46417.64828581744,1615.1813670054667,lexicographic,6.71927394309346e-05,4.641764823939978e-05,False,0.07360190000326838,0.0,1,0
2025-12-15,False,calendar_trend,4,1.0,7,1.0,0,calibrated_quantile,2025-11-17;2025-11-18;2025-11-19;2025-11-20;2025-11-21;2025-11-22;2025-11-23;2025-11-24;2025-11-25;2025-11-26;2025-11-27;2025-11-28;2025-11-29;2025-11-30;2025-12-01;2025-12-02;2025-12-03;2025-12-04;2025-12-05;2025-12-06;2025-12-07;2025-12-08;2025-12-09;2025-12-10;2025-12-11;2025-12-12;2025-12-13;2025-12-14,28,6603.073718199797,2025-11-17;2025-11-18;2025-11-19;2025-11-20;2025-11-21;2025-11-22;2025-11-23;2025-11-24;2025-11-25;2025-11-26;2025-11-27;2025-11-28;2025-11-29;2025-11-30;2025-12-01;2025-12-02;2025-12-03;2025-12-04;2025-12-05;2025-12-06;2025-12-07;2025-12-08;2025-12-09;2025-12-10;2025-12-11;2025-12-12;2025-12-13;2025-12-14,2025-12-01;2025-12-02;2025-12-03;2025-12-04;2025-12-05;2025-12-06;2025-12-07;2025-12-08;2025-12-09;2025-12-10;2025-12-11;2025-12-12;2025-12-13;2025-12-14,,2025-12-14,8034.135480924775,9269.233991333247,9234.135480924775,40.93519541883999,50.53193459812132,11.092518924846868,23.73004206811533,105062.68016846551,87.71370649561659,10843.16971837142,67949.75752155638,431.719578367153,68381.47709992353,67949.75752155637,67949.75745360662,46417.64801313666,1629.9673666008243,lexicographic,6.794975745360663e-05,4.64176480131398e-05,False,0.25688889999946696,0.0,1,0
2025-12-16,False,calendar_trend,4,1.0,7,1.0,0,calibrated_quantile,2025-11-18;2025-11-19;2025-11-20;2025-11-21;2025-11-22;2025-11-23;2025-11-24;2025-11-25;2025-11-26;2025-11-27;2025-11-28;2025-11-29;2025-11-30;2025-12-01;2025-12-02;2025-12-03;2025-12-04;2025-12-05;2025-12-06;2025-12-07;2025-12-08;2025-12-09;2025-12-10;2025-12-11;2025-12-12;2025-12-13;2025-12-14;2025-12-15,28,6606.026839375313,2025-11-18;2025-11-19;2025-11-20;2025-11-21;2025-11-22;2025-11-23;2025-11-24;2025-11-25;2025-11-26;2025-11-27;2025-11-28;2025-11-29;2025-11-30;2025-12-01;2025-12-02;2025-12-03;2025-12-04;2025-12-05;2025-12-06;2025-12-07;2025-12-08;2025-12-09;2025-12-10;2025-12-11;2025-12-12;2025-12-13;2025-12-14;2025-12-15,2025-12-02;2025-12-03;2025-12-04;2025-12-05;2025-12-06;2025-12-07;2025-12-08;2025-12-09;2025-12-10;2025-12-11;2025-12-12;2025-12-13;2025-12-14;2025-12-15,,2025-12-15,7999.036970516303,9234.135480924775,9199.036970516303,30.331589393265777,37.17804702010529,9.301632985810373,19.016965242942792,104147.97711453467,76.13758397514364,9968.357152253888,67372.00324567892,248.60074719337808,67620.6039928723,67372.00324567892,67372.0031783069,46417.64823223772,1623.6113881850874,lexicographic,6.73720031783069e-05,4.641764818582006e-05,False,0.31273699999655946,0.0,1,0
2025-12-17,False,calendar_trend,4,1.0,7,1.0,0,calibrated_quantile,2025-11-19;2025-11-20;2025-11-21;2025-11-22;2025-11-23;2025-11-24;2025-11-25;2025-11-26;2025-11-27;2025-11-28;2025-11-29;2025-11-30;2025-12-01;2025-12-02;2025-12-03;2025-12-04;2025-12-05;2025-12-06;2025-12-07;2025-12-08;2025-12-09;2025-12-10;2025-12-11;2025-12-12;2025-12-13;2025-12-14;2025-12-15;2025-12-16,28,6510.804154820944,2025-11-19;2025-11-20;2025-11-21;2025-11-22;2025-11-23;2025-11-24;2025-11-25;2025-11-26;2025-11-27;2025-11-28;2025-11-29;2025-11-30;2025-12-01;2025-12-02;2025-12-03;2025-12-04;2025-12-05;2025-12-06;2025-12-07;2025-12-08;2025-12-09;2025-12-10;2025-12-11;2025-12-12;2025-12-13;2025-12-14;2025-12-15;2025-12-16,2025-12-03;2025-12-04;2025-12-05;2025-12-06;2025-12-07;2025-12-08;2025-12-09;2025-12-10;2025-12-11;2025-12-12;2025-12-13;2025-12-14;2025-12-15;2025-12-16,,2025-12-16,7963.938460107852,9199.036970516303,9163.938460107853,27.463093108208774,33.824402203740256,9.746636132287058,21.13535565158591,103073.02087636926,147.38471794458525,10190.89229166831,66481.78906518963,702.4013051059859,67184.19037029562,66481.78906518963,66481.78899870784,46417.64845187878,1591.802809877005,lexicographic,6.648178899870784e-05,4.6417648451880814e-05,False,0.27289500000188127,0.0,1,0
2025-12-18,False,calendar_trend,4,1.0,7,1.0,0,calibrated_quantile,2025-11-20;2025-11-21;2025-11-22;2025-11-23;2025-11-24;2025-11-25;2025-11-26;2025-11-27;2025-11-28;2025-11-29;2025-11-30;2025-12-01;2025-12-02;2025-12-03;2025-12-04;2025-12-05;2025-12-06;2025-12-07;2025-12-08;2025-12-09;2025-12-10;2025-12-11;2025-12-12;2025-12-13;2025-12-14;2025-12-15;2025-12-16;2025-12-17,28,6435.384844994947,2025-11-20;2025-11-21;2025-11-22;2025-11-23;2025-11-24;2025-11-25;2025-11-26;2025-11-27;2025-11-28;2025-11-29;2025-11-30;2025-12-01;2025-12-02;2025-12-03;2025-12-04;2025-12-05;2025-12-06;2025-12-07;2025-12-08;2025-12-09;2025-12-10;2025-12-11;2025-12-12;2025-12-13;2025-12-14;2025-12-15;2025-12-16;2025-12-17,2025-12-04;2025-12-05;2025-12-06;2025-12-07;2025-12-08;2025-12-09;2025-12-10;2025-12-11;2025-12-12;2025-12-13;2025-12-14;2025-12-15;2025-12-16;2025-12-17,,2025-12-17,7928.83994969938,9163.938460107853,9128.83994969938,22.126465368783638,27.262451234808008,18.308659399858932,44.05818827722291,101670.33657412014,73.47303014367604,9543.210289231443,65601.32849940946,188.61235941667343,65789.94085882613,65601.32849940946,65601.32843380813,46385.8887856694,1578.903512406457,lexicographic,6.560132843380813e-05,4.638588878566798e-05,False,0.1928133000001253,0.0,1,0
2025-12-19,False,calendar_trend,4,1.0,7,1.0,0,calibrated_quantile,2025-11-21;2025-11-22;2025-11-23;2025-11-24;2025-11-25;2025-11-26;2025-11-27;2025-11-28;2025-11-29;2025-11-30;2025-12-01;2025-12-02;2025-12-03;2025-12-04;2025-12-05;2025-12-06;2025-12-07;2025-12-08;2025-12-09;2025-12-10;2025-12-11;2025-12-12;2025-12-13;2025-12-14;2025-12-15;2025-12-16;2025-12-17;2025-12-18,28,6421.559666414403,2025-11-21;2025-11-22;2025-11-23;2025-11-24;2025-11-25;2025-11-26;2025-11-27;2025-11-28;2025-11-29;2025-11-30;2025-12-01;2025-12-02;2025-12-03;2025-12-04;2025-12-05;2025-12-06;2025-12-07;2025-12-08;2025-12-09;2025-12-10;2025-12-11;2025-12-12;2025-12-13;2025-12-14;2025-12-15;2025-12-16;2025-12-17;2025-12-18,2025-12-05;2025-12-06;2025-12-07;2025-12-08;2025-12-09;2025-12-10;2025-12-11;2025-12-12;2025-12-13;2025-12-14;2025-12-15;2025-12-16;2025-12-17;2025-12-18,,2025-12-18,7915.088702559679,9128.83994969938,9115.088702559678,19.610382779672314,24.28533262317354,13.614614695289264,28.167200358687637,52619.44890709711,273.2508190205286,5916.355193353327,27696.241909762866,1244.8990883539452,28941.14099811681,27696.241909762866,27696.24188206663,38882.88208502566,1421.0259407739886,lexicographic,2.7696241882066633e-05,3.8882882046142775e-05,False,0.14447329999893554,0.0,1,0
2025-12-20,False,calendar_trend,4,1.0,7,1.0,0,calibrated_quantile,2025-11-22;2025-11-23;2025-11-24;2025-11-25;2025-11-26;2025-11-27;2025-11-28;2025-11-29;2025-11-30;2025-12-01;2025-12-02;2025-12-03;2025-12-04;2025-12-05;2025-12-06;2025-12-07;2025-12-08;2025-12-09;2025-12-10;2025-12-11;2025-12-12;2025-12-13;2025-12-14;2025-12-15;2025-12-16;2025-12-17;2025-12-18;2025-12-19,28,6475.849386180886,2025-11-22;2025-11-23;2025-11-24;2025-11-25;2025-11-26;2025-11-27;2025-11-28;2025-11-29;2025-11-30;2025-12-01;2025-12-02;2025-12-03;2025-12-04;2025-12-05;2025-12-06;2025-12-07;2025-12-08;2025-12-09;2025-12-10;2025-12-11;2025-12-12;2025-12-13;2025-12-14;2025-12-15;2025-12-16;2025-12-17;2025-12-18;2025-12-19,2025-12-06;2025-12-07;2025-12-08;2025-12-09;2025-12-10;2025-12-11;2025-12-12;2025-12-13;2025-12-14;2025-12-15;2025-12-16;2025-12-17;2025-12-18;2025-12-19,,2025-12-19,7901.337455419972,9115.088702559678,9101.337455419973,17.889538190297234,22.005767466842908,10.943249261736293,21.878475087396797,52663.81258907865,82.48498412870777,5814.789159456828,27716.111080335293,271.4222655275386,27987.53334586283,27716.111080335293,27716.111052619177,38951.4994802102,1391.5015219634047,lexicographic,2.7716111052619178e-05,3.8951499441258716e-05,False,0.16096839999954682,0.0,1,0
2025-12-21,False,calendar_trend,4,1.0,7,1.0,0,calibrated_quantile,2025-11-23;2025-11-24;2025-11-25;2025-11-26;2025-11-27;2025-11-28;2025-11-29;2025-11-30;2025-12-01;2025-12-02;2025-12-03;2025-12-04;2025-12-05;2025-12-06;2025-12-07;2025-12-08;2025-12-09;2025-12-10;2025-12-11;2025-12-12;2025-12-13;2025-12-14;2025-12-15;2025-12-16;2025-12-17;2025-12-18;2025-12-19;2025-12-20,28,6475.817638189653,2025-11-23;2025-11-24;2025-11-25;2025-11-26;2025-11-27;2025-11-28;2025-11-29;2025-11-30;2025-12-01;2025-12-02;2025-12-03;2025-12-04;2025-12-05;2025-12-06;2025-12-07;2025-12-08;2025-12-09;2025-12-10;2025-12-11;2025-12-12;2025-12-13;2025-12-14;2025-12-15;2025-12-16;2025-12-17;2025-12-18;2025-12-19;2025-12-20,2025-12-07;2025-12-08;2025-12-09;2025-12-10;2025-12-11;2025-12-12;2025-12-13;2025-12-14;2025-12-15;2025-12-16;2025-12-17;2025-12-18;2025-12-19;2025-12-20,,2025-12-20,7887.586208280264,9101.337455419973,9087.586208280263,25.474713916534693,33.199162863905904,14.652263557517026,28.414659130170023,99537.7795334983,657.7877437461785,6313.474524801286,64127.26726176613,2270.1230466815446,66397.39030844768,64127.26726176612,64127.26719763887,46278.710253194666,1584.8088630213274,lexicographic,6.412726719763887e-05,4.6278710206915955e-05,False,0.14696729999923264,0.0,1,0
2025-12-22,False,calendar_trend,4,1.0,7,1.0,0,calibrated_quantile,2025-11-24;2025-11-25;2025-11-26;2025-11-27;2025-11-28;2025-11-29;2025-11-30;2025-12-01;2025-12-02;2025-12-03;2025-12-04;2025-12-05;2025-12-06;2025-12-07;2025-12-08;2025-12-09;2025-12-10;2025-12-11;2025-12-12;2025-12-13;2025-12-14;2025-12-15;2025-12-16;2025-12-17;2025-12-18;2025-12-19;2025-12-20;2025-12-21,28,6424.7812155241645,2025-11-24;2025-11-25;2025-11-26;2025-11-27;2025-11-28;2025-11-29;2025-11-30;2025-12-01;2025-12-02;2025-12-03;2025-12-04;2025-12-05;2025-12-06;2025-12-07;2025-12-08;2025-12-09;2025-12-10;2025-12-11;2025-12-12;2025-12-13;2025-12-14;2025-12-15;2025-12-16;2025-12-17;2025-12-18;2025-12-19;2025-12-20;2025-12-21,2025-12-08;2025-12-09;2025-12-10;2025-12-11;2025-12-12;2025-12-13;2025-12-14;2025-12-15;2025-12-16;2025-12-17;2025-12-18;2025-12-19;2025-12-20;2025-12-21,,2025-12-21,7873.834961140564,9087.586208280263,9073.834961140565,21.303186355556633,26.551518842085375,6.768014149636355,13.937304737678131,100838.36296366832,162.66625623879236,7227.339300596727,64920.82378150901,566.0308176994872,65486.8545992085,64920.82378150901,64920.82371658818,46202.04198931545,1582.1278476358352,lexicographic,6.492082371658818e-05,4.620204194311341e-05,False,0.17171980000057374,0.0,1,0
2025-12-23,False,calendar_trend,4,1.0,7,1.0,0,calibrated_quantile,2025-11-25;2025-11-26;2025-11-27;2025-11-28;2025-11-29;2025-11-30;2025-12-01;2025-12-02;2025-12-03;2025-12-04;2025-12-05;2025-12-06;2025-12-07;2025-12-08;2025-12-09;2025-12-10;2025-12-11;2025-12-12;2025-12-13;2025-12-14;2025-12-15;2025-12-16;2025-12-17;2025-12-18;2025-12-19;2025-12-20;2025-12-21;2025-12-22,28,6387.257496300248,2025-11-25;2025-11-26;2025-11-27;2025-11-28;2025-11-29;2025-11-30;2025-12-01;2025-12-02;2025-12-03;2025-12-04;2025-12-05;2025-12-06;2025-12-07;2025-12-08;2025-12-09;2025-12-10;2025-12-11;2025-12-12;2025-12-13;2025-12-14;2025-12-15;2025-12-16;2025-12-17;2025-12-18;2025-12-19;2025-12-20;2025-12-21;2025-12-22,2025-12-09;2025-12-10;2025-12-11;2025-12-12;2025-12-13;2025-12-14;2025-12-15;2025-12-16;2025-12-17;2025-12-18;2025-12-19;2025-12-20;2025-12-21;2025-12-22,,2025-12-22,7860.083714000856,9073.834961140565,9060.083714000855,19.176795064448527,23.234112188161976,9.87047503000126,20.363562594115013,99891.77416923344,66.43683542600371,7843.942323719655,64330.546365906346,262.02570341207456,64592.57206931842,64330.54636590635,64330.54630157581,46391.74248431149,1593.2159893377348,lexicographic,6.433054630157581e-05,4.639174243791975e-05,False,0.17540229999940493,0.0,1,0
2025-12-24,False,calendar_trend,4,1.0,7,1.0,0,calibrated_quantile,2025-11-26;2025-11-27;2025-11-28;2025-11-29;2025-11-30;2025-12-01;2025-12-02;2025-12-03;2025-12-04;2025-12-05;2025-12-06;2025-12-07;2025-12-08;2025-12-09;2025-12-10;2025-12-11;2025-12-12;2025-12-13;2025-12-14;2025-12-15;2025-12-16;2025-12-17;2025-12-18;2025-12-19;2025-12-20;2025-12-21;2025-12-22;2025-12-23,28,6357.968535206114,2025-11-26;2025-11-27;2025-11-28;2025-11-29;2025-11-30;2025-12-01;2025-12-02;2025-12-03;2025-12-04;2025-12-05;2025-12-06;2025-12-07;2025-12-08;2025-12-09;2025-12-10;2025-12-11;2025-12-12;2025-12-13;2025-12-14;2025-12-15;2025-12-16;2025-12-17;2025-12-18;2025-12-19;2025-12-20;2025-12-21;2025-12-22;2025-12-23,2025-12-10;2025-12-11;2025-12-12;2025-12-13;2025-12-14;2025-12-15;2025-12-16;2025-12-17;2025-12-18;2025-12-19;2025-12-20;2025-12-21;2025-12-22;2025-12-23,,2025-12-23,7846.332466861155,9060.083714000855,9046.332466861155,18.705705124186277,23.370798606258944,12.547668793637436,26.50819821975061,98161.00534297897,282.8003524636331,5735.475363932168,62958.89069952726,1060.9527857062776,64019.84348523354,62958.890699527255,62958.89063656837,46368.830430098285,1551.7094463185595,lexicographic,6.295889063656838e-05,4.636883038372944e-05,False,0.14786150000145426,0.0,1,0
2025-12-25,False,calendar_trend,4,1.0,7,1.0,0,calibrated_quantile,2025-11-27;2025-11-28;2025-11-29;2025-11-30;2025-12-01;2025-12-02;2025-12-03;2025-12-04;2025-12-05;2025-12-06;2025-12-07;2025-12-08;2025-12-09;2025-12-10;2025-12-11;2025-12-12;2025-12-13;2025-12-14;2025-12-15;2025-12-16;2025-12-17;2025-12-18;2025-12-19;2025-12-20;2025-12-21;2025-12-22;2025-12-23;2025-12-24,28,6391.57973000555,2025-11-27;2025-11-28;2025-11-29;2025-11-30;2025-12-01;2025-12-02;2025-12-03;2025-12-04;2025-12-05;2025-12-06;2025-12-07;2025-12-08;2025-12-09;2025-12-10;2025-12-11;2025-12-12;2025-12-13;2025-12-14;2025-12-15;2025-12-16;2025-12-17;2025-12-18;2025-12-19;2025-12-20;2025-12-21;2025-12-22;2025-12-23;2025-12-24,2025-12-11;2025-12-12;2025-12-13;2025-12-14;2025-12-15;2025-12-16;2025-12-17;2025-12-18;2025-12-19;2025-12-20;2025-12-21;2025-12-22;2025-12-23;2025-12-24,,2025-12-24,7832.581219721447,9046.332466861155,9032.581219721447,24.42007523887201,30.750905599431537,10.131823949781811,22.43137224003949,97273.4060539128,610.5541357978004,5231.330261832942,62561.41402599275,1698.8462488139196,64260.26027480667,62561.414025992744,62561.41396343135,46239.37141566685,1543.6984960449058,lexicographic,6.256141396343135e-05,4.6239371369427474e-05,False,0.1902650000010908,0.0,1,0
2025-12-26,False,calendar_trend,4,1.0,7,1.0,0,calibrated_quantile,2025-11-28;2025-11-29;2025-11-30;2025-12-01;2025-12-02;2025-12-03;2025-12-04;2025-12-05;2025-12-06;2025-12-07;2025-12-08;2025-12-09;2025-12-10;2025-12-11;2025-12-12;2025-12-13;2025-12-14;2025-12-15;2025-12-16;2025-12-17;2025-12-18;2025-12-19;2025-12-20;2025-12-21;2025-12-22;2025-12-23;2025-12-24;2025-12-25,28,6524.840215820193,2025-11-28;2025-11-29;2025-11-30;2025-12-01;2025-12-02;2025-12-03;2025-12-04;2025-12-05;2025-12-06;2025-12-07;2025-12-08;2025-12-09;2025-12-10;2025-12-11;2025-12-12;2025-12-13;2025-12-14;2025-12-15;2025-12-16;2025-12-17;2025-12-18;2025-12-19;2025-12-20;2025-12-21;2025-12-22;2025-12-23;2025-12-24;2025-12-25,2025-12-12;2025-12-13;2025-12-14;2025-12-15;2025-12-16;2025-12-17;2025-12-18;2025-12-19;2025-12-20;2025-12-21;2025-12-22;2025-12-23;2025-12-24;2025-12-25,,2025-12-25,7818.82997258174,9032.581219721447,9018.82997258174,23.932368154739624,29.110457949690467,13.418212731669401,30.05464277278231,50731.63002714096,352.0261889027388,4005.360542831782,26747.302622905867,1153.7584938472846,27901.061116753153,26747.302622905867,26747.302596158566,38908.79373174583,1362.00338529472,lexicographic,2.674730259615857e-05,3.890879369283704e-05,False,0.15453049999996438,0.0,1,0
2025-12-27,False,calendar_trend,4,1.0,7,1.0,0,calibrated_quantile,2025-11-29;2025-11-30;2025-12-01;2025-12-02;2025-12-03;2025-12-04;2025-12-05;2025-12-06;2025-12-07;2025-12-08;2025-12-09;2025-12-10;2025-12-11;2025-12-12;2025-12-13;2025-12-14;2025-12-15;2025-12-16;2025-12-17;2025-12-18;2025-12-19;2025-12-20;2025-12-21;2025-12-22;2025-12-23;2025-12-24;2025-12-25;2025-12-26,28,6666.5205001627855,2025-11-29;2025-11-30;2025-12-01;2025-12-02;2025-12-03;2025-12-04;2025-12-05;2025-12-06;2025-12-07;2025-12-08;2025-12-09;2025-12-10;2025-12-11;2025-12-12;2025-12-13;2025-12-14;2025-12-15;2025-12-16;2025-12-17;2025-12-18;2025-12-19;2025-12-20;2025-12-21;2025-12-22;2025-12-23;2025-12-24;2025-12-25;2025-12-26,2025-12-13;2025-12-14;2025-12-15;2025-12-16;2025-12-17;2025-12-18;2025-12-19;2025-12-20;2025-12-21;2025-12-22;2025-12-23;2025-12-24;2025-12-25;2025-12-26,,2025-12-26,7805.078725442039,9018.82997258174,9005.07872544204,24.080754840983026,29.194607000790146,11.271772201380953,23.31378204459308,51221.47702977598,469.3309527092195,4255.239803335497,26848.327538811267,1980.9729610263798,28829.300499837645,26848.327538811267,26848.32751196294,39157.29599181985,1374.124747172553,lexicographic,2.684832751196294e-05,3.915729595266255e-05,False,0.14215250000052038,0.0,1,0
2025-12-28,False,calendar_trend,4,1.0,7,1.0,0,calibrated_quantile,2025-11-30;2025-12-01;2025-12-02;2025-12-03;2025-12-04;2025-12-05;2025-12-06;2025-12-07;2025-12-08;2025-12-09;2025-12-10;2025-12-11;2025-12-12;2025-12-13;2025-12-14;2025-12-15;2025-12-16;2025-12-17;2025-12-18;2025-12-19;2025-12-20;2025-12-21;2025-12-22;2025-12-23;2025-12-24;2025-12-25;2025-12-26;2025-12-27,28,6526.008456549092,2025-11-30;2025-12-01;2025-12-02;2025-12-03;2025-12-04;2025-12-05;2025-12-06;2025-12-07;2025-12-08;2025-12-09;2025-12-10;2025-12-11;2025-12-12;2025-12-13;2025-12-14;2025-12-15;2025-12-16;2025-12-17;2025-12-18;2025-12-19;2025-12-20;2025-12-21;2025-12-22;2025-12-23;2025-12-24;2025-12-25;2025-12-26;2025-12-27,2025-12-14;2025-12-15;2025-12-16;2025-12-17;2025-12-18;2025-12-19;2025-12-20;2025-12-21;2025-12-22;2025-12-23;2025-12-24;2025-12-25;2025-12-26;2025-12-27,,2025-12-27,7791.327478302332,9005.07872544204,8991.327478302332,24.177633128065757,30.21016660407838,12.042206718309956,27.713978764169774,97257.9726122311,343.83364467988116,5940.110303305257,62469.795985722056,1097.057089977287,63566.85307569934,62469.795985722056,62469.79592325226,46356.16222830437,1560.1058370053759,lexicographic,6.246979592325226e-05,4.63561621819482e-05,False,0.1407340000005206,0.0,1,0
2025-12-29,False,calendar_trend,4,1.0,7,1.0,0,calibrated_quantile,2025-12-01;2025-12-02;2025-12-03;2025-12-04;2025-12-05;2025-12-06;2025-12-07;2025-12-08;2025-12-09;2025-12-10;2025-12-11;2025-12-12;2025-12-13;2025-12-14;2025-12-15;2025-12-16;2025-12-17;2025-12-18;2025-12-19;2025-12-20;2025-12-21;2025-12-22;2025-12-23;2025-12-24;2025-12-25;2025-12-26;2025-12-27;2025-12-28,28,6477.114735414965,2025-12-01;2025-12-02;2025-12-03;2025-12-04;2025-12-05;2025-12-06;2025-12-07;2025-12-08;2025-12-09;2025-12-10;2025-12-11;2025-12-12;2025-12-13;2025-12-14;2025-12-15;2025-12-16;2025-12-17;2025-12-18;2025-12-19;2025-12-20;2025-12-21;2025-12-22;2025-12-23;2025-12-24;2025-12-25;2025-12-26;2025-12-27;2025-12-28,2025-12-15;2025-12-16;2025-12-17;2025-12-18;2025-12-19;2025-12-20;2025-12-21;2025-12-22;2025-12-23;2025-12-24;2025-12-25;2025-12-26;2025-12-27;2025-12-28,,2025-12-28,7771.301828670549,8991.327478302332,8971.301828670548,21.354048458907958,26.70831355047249,11.301593741549915,23.31482329393537,99191.12329397709,190.98130166497884,7039.556979568888,63691.3391686063,760.2204484802947,64451.55961708659,63691.3391686063,63691.33910491499,46094.94953559483,1602.9066561739878,lexicographic,6.369133910491499e-05,4.6094949489499865e-05,False,0.1259113999985857,0.0,1,0
2025-12-30,False,calendar_trend,4,1.0,7,1.0,0,calibrated_quantile,2025-12-02;2025-12-03;2025-12-04;2025-12-05;2025-12-06;2025-12-07;2025-12-08;2025-12-09;2025-12-10;2025-12-11;2025-12-12;2025-12-13;2025-12-14;2025-12-15;2025-12-16;2025-12-17;2025-12-18;2025-12-19;2025-12-20;2025-12-21;2025-12-22;2025-12-23;2025-12-24;2025-12-25;2025-12-26;2025-12-27;2025-12-28;2025-12-29,28,5952.53542583785,2025-12-02;2025-12-03;2025-12-04;2025-12-05;2025-12-06;2025-12-07;2025-12-08;2025-12-09;2025-12-10;2025-12-11;2025-12-12;2025-12-13;2025-12-14;2025-12-15;2025-12-16;2025-12-17;2025-12-18;2025-12-19;2025-12-20;2025-12-21;2025-12-22;2025-12-23;2025-12-24;2025-12-25;2025-12-26;2025-12-27;2025-12-28;2025-12-29,2025-12-16;2025-12-17;2025-12-18;2025-12-19;2025-12-20;2025-12-21;2025-12-22;2025-12-23;2025-12-24;2025-12-25;2025-12-26;2025-12-27;2025-12-28;2025-12-29,,2025-12-29,7751.276179038754,8971.301828670548,8951.276179038754,19.18500922006823,23.856421649413054,17.491334607440038,36.48535032160787,98680.49405609854,173.92342423232287,7803.1066812589015,63346.32931212595,674.9589510161468,64021.288263142094,63346.32931212595,63346.32924877963,46172.36847188158,1588.199777450704,lexicographic,6.334632924877963e-05,4.6172368425709216e-05,False,0.17376769999827957,0.0,1,0
2025-12-31,False,calendar_trend,4,1.0,7,1.0,0,calibrated_quantile,2025-12-03;2025-12-04;2025-12-05;2025-12-06;2025-12-07;2025-12-08;2025-12-09;2025-12-10;2025-12-11;2025-12-12;2025-12-13;2025-12-14;2025-12-15;2025-12-16;2025-12-17;2025-12-18;2025-12-19;2025-12-20;2025-12-21;2025-12-22;2025-12-23;2025-12-24;2025-12-25;2025-12-26;2025-12-27;2025-12-28;2025-12-29;2025-12-30,28,5394.175639980442,2025-12-03;2025-12-04;2025-12-05;2025-12-06;2025-12-07;2025-12-08;2025-12-09;2025-12-10;2025-12-11;2025-12-12;2025-12-13;2025-12-14;2025-12-15;2025-12-16;2025-12-17;2025-12-18;2025-12-19;2025-12-20;2025-12-21;2025-12-22;2025-12-23;2025-12-24;2025-12-25;2025-12-26;2025-12-27;2025-12-28;2025-12-29;2025-12-30,2025-12-17;2025-12-18;2025-12-19;2025-12-20;2025-12-21;2025-12-22;2025-12-23;2025-12-24;2025-12-25;2025-12-26;2025-12-27;2025-12-28;2025-12-29;2025-12-30,,2025-12-30,7731.25052940696,8951.276179038754,8931.25052940696,22.200387618623395,27.869871980118763,10.568749646906,22.036949185863364,97431.02411271274,524.1086282088157,4540.238550902097,62258.00623383233,2083.492920871591,64341.499154703924,62258.00623383233,62258.00617157431,45615.679704942864,1576.6504765354366,lexicographic,6.22580061715743e-05,4.561567965932719e-05,False,0.166450699998677,0.0,1,0
