date,warmup,k_load,rho_load,k_pv,rho_pv,scenario_count,similar_load_dates,similar_pv_dates,scenario_source_dates,reserve_latest_source_date,reserve_kwh,soc_start_kwh,soc_end_kwh,load_mae_kwh,load_rmse_kwh,pv_mae_kwh,pv_rmse_kwh,planned_grid_kwh,actual_emergency_kwh,actual_surplus_kwh,planned_cost_yuan,emergency_cost_yuan,actual_total_cost_yuan,solver_objective_yuan,primary_optimum_yuan,storage_throughput_kwh,peak_grid_kwh,objective_mode,solver_seconds,mip_gap,mip_node_count,solver_status
2025-01-01,True,4,1.0,7,1.0,1,,,,,0.0,6000.0,1200.0,113.22068668981478,133.3022984116728,140.49898124999996,202.86438614058318,54149.365590550944,36514.41488333333,21.217300000000023,32909.86528886616,146586.90245181666,179496.76774068282,32909.86528886616,32909.8652559563,32207.271655599336,1409.802763499626,lexicographic,0.2122185000043828,0.0,1,0
2025-01-02,True,4,1.0,7,1.0,1,2025-01-01,2025-01-01,2025-01-01,2025-01-01,0.0,1200.0,1200.0,23.174773842592586,30.59957725485432,10.191742013888886,22.31262096676364,121187.55481800545,1078.4512333333328,24345.769549999997,80989.97380738662,3690.905855833331,84680.87966321995,113351.5922729366,113351.592159585,47964.973656613576,1915.6016626657388,lexicographic,0.08064830000512302,0.0,1,0
2025-01-03,True,4,1.0,7,1.0,2,2025-01-02,2025-01-02,2025-01-02;2025-01-01,2025-01-02,0.0,1200.0,1200.0,317.8716789351851,348.7040332424474,14.416922685185186,34.59753499876732,122067.11959109809,0.0,71527.18066666667,81754.5938942043,0.0,81754.5938942043,99925.96195176264,99925.96185183665,47964.97673449597,1912.4201794637067,lexicographic,0.10025809999206103,1.4562697179681322e-16,1,0
2025-01-04,True,4,1.0,7,1.0,3,2025-01-02;2025-01-03,2025-01-02;2025-01-03,2025-01-03;2025-01-02;2025-01-01,2025-01-03,0.0,1200.0,1200.0,160.62484398148146,176.43343098782768,13.496411921296293,34.372197882564734,98237.90548959529,125.69500000000005,48634.08835833332,62151.69617870356,268.7359100000001,62420.432088703565,74327.74660861329,74327.74653428551,47287.77196798675,1678.534834638601,lexicographic,0.13138030000845902,0.0,1,0
2025-01-05,True,4,1.0,7,1.0,4,2025-01-04;2025-01-02;2025-01-03,2025-01-04;2025-01-02;2025-01-03,2025-01-04;2025-01-03;2025-01-02;2025-01-01,2025-01-04,0.0,1200.0,1200.0,212.01386859567904,233.77631031764665,8.594969907407412,17.060329152744558,90014.20848887303,14603.011850000003,8704.845405555552,55605.654769347544,61680.16771044722,117285.82247979476,64810.351417777405,64810.351352967074,46456.64729634028,1603.423387051109,lexicographic,0.11628049999126233,1.1226536289793353e-16,1,0
2025-01-06,True,4,1.0,7,1.0,5,2025-01-05;2025-01-04;2025-01-02;2025-01-03,2025-01-05;2025-01-04;2025-01-02;2025-01-03,2025-01-03;2025-01-02;2025-01-01;2025-01-05;2025-01-04,2025-01-05,9600.0,1200.0,10800.0,153.12547980324072,169.0588475659639,10.199889641203704,18.703873205654457,105422.1587042349,10192.509579166666,9349.51824162676,64414.39777545165,42773.92441210208,107188.32218755374,85984.62961686037,85984.62953087577,57974.372550591725,1610.9678399960856,lexicographic,0.1389564999844879,0.0,1,0
2025-01-07,True,4,1.0,7,1.0,5,2025-01-06;2025-01-05;2025-01-04;2025-01-03,2025-01-06;2025-01-05;2025-01-04;2025-01-03;2025-01-02,2025-01-06;2025-01-03;2025-01-02;2025-01-01;2025-01-05,2025-01-06,9600.0,10800.0,10800.0,155.2669320601852,173.6515376588082,16.54014543981482,37.71145158073236,94677.62244514885,10384.913862222224,7538.4891462435735,59708.393800744016,43479.53507560959,103187.9288763536,89800.61346252705,89800.61337272651,47223.34022179352,1604.4349832606772,lexicographic,0.1982070000085514,3.2409389383494873e-16,1,0
2025-01-08,True,4,1.0,7,1.0,5,2025-01-07;2025-01-06;2025-01-03;2025-01-02,2025-01-07;2025-01-06;2025-01-03;2025-01-02;2025-01-04;2025-01-05,2025-01-07;2025-01-06;2025-01-03;2025-01-02;2025-01-01,2025-01-07,9600.0,10800.0,10800.0,76.57864282407408,86.28541026220604,11.743839756944448,27.510074910574733,106191.48870137743,4869.559020833333,16500.048737702797,68976.30406255917,20180.026293962503,89156.33035652168,95422.15807119702,95422.15797577491,47964.97778311983,1720.6140574250162,lexicographic,0.18739950002054684,1.5250037870723052e-16,1,0
2025-01-09,True,4,1.0,7,1.0,6,2025-01-07;2025-01-06;2025-01-08;2025-01-05,2025-01-07;2025-01-06;2025-01-08;2025-01-05;2025-01-04;2025-01-03;2025-01-02,2025-01-08;2025-01-07;2025-01-06;2025-01-03;2025-01-02;2025-01-01,2025-01-08,9600.0,10800.0,10800.0,18.543603269675916,24.68488685753256,14.302365443121687,28.964994506799798,110957.60126310047,811.0136333333337,15690.802539642862,73250.1270675677,2382.3757356375027,75632.50280320519,102769.40319287457,102769.40309010522,47500.65155065767,1765.0389596080197,lexicographic,0.23554659998626448,0.0,1,0
2025-01-10,True,4,1.0,7,1.0,7,2025-01-09;2025-01-08;2025-01-07;2025-01-06,2025-01-09;2025-01-08;2025-01-07;2025-01-06;2025-01-03;2025-01-04;2025-01-02,2025-01-09;2025-01-08;2025-01-07;2025-01-06;2025-01-03;2025-01-02;2025-01-01,2025-01-09,9600.0,10800.0,10800.0,315.2259735243055,343.80741676306536,13.036234490740743,23.581469382985006,110914.96354142716,0.0,60438.61378130952,73204.97834802934,0.0,73204.97834802934,98826.9628069848,98826.96270815782,47495.191098138326,1765.13955425116,lexicographic,0.24734299999545328,0.0,1,0
2025-01-11,True,4,1.0,7,1.0,5,2025-01-10;2025-01-04;2025-01-05;2025-01-09,2025-01-10;2025-01-04;2025-01-05;2025-01-09;2025-01-08;2025-01-07;2025-01-06,2025-01-05;2025-01-04;2025-01-10;2025-01-09;2025-01-08,2025-01-10,9600.0,10800.0,10800.0,160.43242879050925,177.37324896535188,8.88114518849207,17.65386992893256,86571.88040287208,91.34416666666539,36920.6735432886,53747.99910130003,195.2938283333306,53943.29292963336,72096.95806051801,72096.95798842103,46456.645164979534,1531.105624908067,lexicographic,0.12834409999777563,0.0,1,0
2025-01-12,True,4,1.0,7,1.0,5,2025-01-11;2025-01-10;2025-01-05;2025-01-04,2025-01-11;2025-01-10;2025-01-05;2025-01-04;2025-01-09;2025-01-06;2025-01-07,2025-01-11;2025-01-05;2025-01-04;2025-01-10;2025-01-09,2025-01-11,9600.0,10800.0,10800.0,231.62261385995367,254.54862271919572,9.330521312830685,18.99400306046369,74393.249241963,21507.63141917243,249.32705396825452,44096.78731806662,86879.49373369594,130976.28105176256,58852.47501051852,58852.47495166607,45589.758026171636,1396.1745896953153,lexicographic,0.18740120000438765,0.0,1,0
2025-01-13,True,4,1.0,7,1.0,8,2025-01-10;2025-01-12;2025-01-07;2025-01-08,2025-01-10;2025-01-12;2025-01-07;2025-01-08;2025-01-11;2025-01-06;2025-01-09,2025-01-10;2025-01-09;2025-01-08;2025-01-07;2025-01-06;2025-01-03;2025-01-02;2025-01-01,2025-01-12,9600.0,10800.0,10800.0,80.42537786458335,90.09165214394307,18.904435813492082,33.965321589273174,99391.63842203503,5127.986495833333,11369.003986666672,63779.27117681023,20811.176881777083,84590.44805858731,86126.84893829902,86126.84885217213,46456.64092530751,1650.3843955165153,lexicographic,0.2644280999957118,0.0,1,0
2025-01-14,True,4,1.0,7,1.0,9,2025-01-09;2025-01-13;2025-01-07;2025-01-12,2025-01-09;2025-01-13;2025-01-07;2025-01-12;2025-01-06;2025-01-10;2025-01-11,2025-01-13;2025-01-10;2025-01-09;2025-01-08;2025-01-07;2025-01-06;2025-01-03;2025-01-02;2025-01-01,2025-01-13,9600.0,10800.0,10800.0,18.74131059027778,23.157980450644043,11.960215823412709,23.98416661720409,110797.95019197415,1009.2585916666669,17522.686548571433,73012.09697858267,3293.389235491668,76305.48621407434,95166.01144835207,95166.01135318611,47671.67808495923,1761.2050827966727,lexicographic,0.37491440001758747,0.0,1,0
2025-01-15,True,4,1.0,7,1.0,10,2025-01-14;2025-01-09;2025-01-13;2025-01-10,2025-01-14;2025-01-09;2025-01-13;2025-01-10;2025-01-07;2025-01-12;2025-01-06,2025-01-14;2025-01-13;2025-01-10;2025-01-09;2025-01-08;2025-01-07;2025-01-06;2025-01-03;2025-01-02;2025-01-01,2025-01-14,9600.0,10800.0,10800.0,79.35085726273148,90.22398859570124,9.678541005291002,18.616331272321712,98073.59655296209,5050.389867261903,8176.9794532544665,62752.79251325327,21754.697309396422,84507.48982264969,83924.44003260364,83924.43994867927,46456.641583587,1592.2145038497017,lexicographic,0.36162169999442995,0.0,1,0
2025-01-16,True,4,1.0,7,1.0,11,2025-01-15;2025-01-10;2025-01-14;2025-01-09,2025-01-15;2025-01-10;2025-01-14;2025-01-09;2025-01-07;2025-01-13;2025-01-08,2025-01-15;2025-01-14;2025-01-13;2025-01-10;2025-01-09;2025-01-08;2025-01-07;2025-01-06;2025-01-03;2025-01-02;2025-01-01,2025-01-15,9600.0,10800.0,10800.0,78.99361782407408,88.4022191100579,15.770518634259266,32.492414400432736,95241.14049891153,5074.959358928571,6365.284366071431,60736.58330975956,21084.58828764375,81821.17159740331,83665.13203091634,83665.13194725117,46456.641661059475,1595.8615395093134,lexicographic,0.27321919999667443,0.0,1,0
2025-01-17,True,4,1.0,7,1.0,12,2025-01-16;2025-01-15;2025-01-10;2025-01-14,2025-01-16;2025-01-15;2025-01-10;2025-01-14;2025-01-09;2025-01-07;2025-01-13,2025-01-16;2025-01-15;2025-01-14;2025-01-13;2025-01-10;2025-01-09;2025-01-08;2025-01-07;2025-01-06;2025-01-03;2025-01-02;2025-01-01,2025-01-16,9600.0,10800.0,10800.0,241.08244337384258,264.7647145378256,11.897375810185197,22.92634785488274,95021.42941385602,0.0,47455.65189678571,60561.85643512991,0.0,60561.85643512991,83389.98195239881,83389.98186900887,46456.641743318905,1590.0665385279465,lexicographic,0.2959399000101257,1.745043577443796e-16,1,0
2025-01-18,True,4,1.0,7,1.0,5,2025-01-12;2025-01-11;2025-01-17;2025-01-16,2025-01-12;2025-01-11;2025-01-17;2025-01-16;2025-01-15;2025-01-14;2025-01-04,2025-01-12;2025-01-11;2025-01-05;2025-01-04;2025-01-17,2025-01-17,9600.0,10800.0,10800.0,159.61433272569445,175.89388512040037,12.71195305886244,22.94699779741692,88888.35157024016,119.59041666666599,40888.768860919314,55416.11096199694,255.68431083333186,55671.79527283028,81667.46865837314,81667.46857670565,46456.64230458272,1600.5657350268184,lexicographic,0.14318319997983053,1.781849674292164e-16,1,0
2025-01-19,True,4,1.0,7,1.0,5,2025-01-18;2025-01-12;2025-01-11;2025-01-17,2025-01-18;2025-01-12;2025-01-11;2025-01-17;2025-01-14;2025-01-16;2025-01-15,2025-01-18;2025-01-12;2025-01-11;2025-01-05;2025-01-04,2025-01-18,9600.0,10800.0,10800.0,233.73216880787035,258.3747073217141,11.925785152116404,22.622458756992767,77459.49798321154,17187.07421170635,1226.1709599001674,46098.193337719305,72848.44226084066,118946.63559855997,72140.62444702066,72140.62437488002,45128.651582712744,1541.6253622811205,lexicographic,0.2810495999874547,4.0343191799249117e-16,1,0
2025-01-20,True,4,1.0,7,1.0,13,2025-01-13;2025-01-14;2025-01-17;2025-01-15,2025-01-13;2025-01-14;2025-01-17;2025-01-15;2025-01-16;2025-01-07;2025-01-09,2025-01-17;2025-01-16;2025-01-15;2025-01-14;2025-01-13;2025-01-10;2025-01-09;2025-01-08;2025-01-07;2025-01-06;2025-01-03;2025-01-02;2025-01-01,2025-01-19,9600.0,10800.0,10800.0,77.61492627314816,87.9739474006443,13.255158416005306,24.8406359428604,94616.00566578656,4710.122792857141,6382.387790238097,60176.61664974874,19835.70791079107,80012.32456053981,81222.60906811914,81222.60898689668,46456.64239112708,1589.7581244092019,lexicographic,0.5190407000191044,1.7916089386779554e-16,1,0
2025-01-21,True,4,1.0,7,1.0,14,2025-01-20;2025-01-14;2025-01-15;2025-01-17,2025-01-20;2025-01-14;2025-01-15;2025-01-17;2025-01-16;2025-01-09;2025-01-07,2025-01-20;2025-01-17;2025-01-16;2025-01-15;2025-01-14;2025-01-13;2025-01-10;2025-01-09;2025-01-08;2025-01-07;2025-01-06;2025-01-03;2025-01-02;2025-01-01,2025-01-20,9600.0,10800.0,10800.0,72.38462725694441,82.18990599086861,36.5304693452381,69.4728256871594,94557.53463862755,4450.477120833331,10657.201992023813,60189.58627855932,18139.778179402078,78329.3644579614,81114.84740762704,81114.84732651213,46439.885274883105,1580.2677759220019,lexicographic,0.5603971999953501,0.0,1,0
2025-01-22,True,4,1.0,7,1.0,14,2025-01-21;2025-01-20;2025-01-14;2025-01-15,2025-01-21;2025-01-20;2025-01-14;2025-01-15;2025-01-17;2025-01-09;2025-01-16,2025-01-21;2025-01-20;2025-01-17;2025-01-16;2025-01-15;2025-01-14;2025-01-13;2025-01-10;2025-01-09;2025-01-08;2025-01-07;2025-01-06;2025-01-03;2025-01-02,2025-01-21,9600.0,10800.0,10800.0,17.456171325231484,22.136014137538805,13.73011674933862,25.383954250927996,101051.71168090591,799.8590499999991,8076.142334722224,65763.0582381053,3028.5012029312475,68791.55944103654,84055.70436537461,84055.70428131895,46456.64154434639,1675.3932899079005,lexicographic,0.5585130999970715,0.0,1,0
2025-01-23,True,4,1.0,7,1.0,14,2025-01-15;2025-01-21;2025-01-16;2025-01-17,2025-01-15;2025-01-21;2025-01-16;2025-01-17;2025-01-20;2025-01-14;2025-01-09,2025-01-22;2025-01-21;2025-01-20;2025-01-17;2025-01-16;2025-01-15;2025-01-14;2025-01-13;2025-01-10;2025-01-09;2025-01-08;2025-01-07;2025-01-06;2025-01-03,2025-01-22,9600.0,10800.0,10800.0,79.48195810185183,89.38770605470151,14.05202716600528,28.507884196245495,89450.87304550316,6099.509641468254,1210.8025939358681,56377.12666251263,23361.05386733065,79738.18052984329,74627.8686802873,74627.86860565929,45475.340170496616,1544.1393314358663,lexicographic,0.782053500006441,0.0,1,0
2025-01-24,True,4,1.0,7,1.0,14,2025-01-23;2025-01-17;2025-01-16;2025-01-20,2025-01-23;2025-01-17;2025-01-16;2025-01-20;2025-01-21;2025-01-10;2025-01-15,2025-01-23;2025-01-22;2025-01-21;2025-01-20;2025-01-17;2025-01-16;2025-01-15;2025-01-14;2025-01-13;2025-01-10;2025-01-09;2025-01-08;2025-01-07;2025-01-06,2025-01-23,9600.0,10800.0,10800.0,241.74790778356478,266.3479368050662,17.402429894179907,38.576393485774744,90692.56493521281,0.0,46092.5222663187,57034.60977143311,0.0,57034.60977143311,76306.47873796365,76306.47866165696,45446.52331157018,1535.9440683425116,lexicographic,0.8082742000115104,0.0,1,0
2025-01-25,True,4,1.0,7,1.0,6,2025-01-19;2025-01-18;2025-01-22;2025-01-21,2025-01-19;2025-01-18;2025-01-22;2025-01-21;2025-01-12;2025-01-23;2025-01-17,2025-01-19;2025-01-18;2025-01-12;2025-01-11;2025-01-05;2025-01-04,2025-01-24,9600.0,10800.0,10800.0,238.40343926504627,262.9484828503039,29.016727728174615,56.81586459973441,99035.5626920034,0.0,55701.894266468255,63774.37352505754,0.0,63774.37352505754,97250.99864205046,97250.99854479954,46622.675029220816,1745.4807436666374,lexicographic,0.45684389999951236,0.0,1,0
2025-01-26,True,4,1.0,7,1.0,7,2025-01-25;2025-01-19;2025-01-18;2025-01-22,2025-01-25;2025-01-19;2025-01-18;2025-01-22;2025-01-21;2025-01-20;2025-01-12,2025-01-25;2025-01-19;2025-01-18;2025-01-12;2025-01-11;2025-01-05;2025-01-04,2025-01-25,9600.0,10800.0,10800.0,157.65562161458334,175.02319621012435,16.48676069775131,35.340363716249435,86909.76260026697,10111.58783611111,4456.432235912698,53922.875634292126,41835.41972518641,95758.29535947854,82625.8033894978,82625.8033068721,46354.36832899481,1572.618908047929,lexicographic,0.17294449999462813,1.7611829048512924e-16,1,0
2025-01-27,True,4,1.0,7,1.0,14,2025-01-20;2025-01-21;2025-01-24;2025-01-23,2025-01-20;2025-01-21;2025-01-24;2025-01-23;2025-01-14;2025-01-17;2025-01-13,2025-01-24;2025-01-23;2025-01-22;2025-01-21;2025-01-20;2025-01-17;2025-01-16;2025-01-15;2025-01-14;2025-01-13;2025-01-10;2025-01-09;2025-01-08;2025-01-07,2025-01-26,9600.0,10800.0,10800.0,75.6719003761574,84.69641244648551,19.775141749338633,36.97094694954484,87665.94419889437,5057.995240476191,3794.62718324686,54813.86838196557,20772.59467985208,75586.46306181766,70837.41966309614,70837.4195922587,45101.3463460558,1527.438726699241,lexicographic,0.6759460000030231,0.0,1,0
2025-01-28,True,4,1.0,7,1.0,14,2025-01-22;2025-01-20;2025-01-23;2025-01-21,2025-01-22;2025-01-20;2025-01-23;2025-01-21;2025-01-27;2025-01-14;2025-01-13,2025-01-27;2025-01-24;2025-01-23;2025-01-22;2025-01-21;2025-01-20;2025-01-17;2025-01-16;2025-01-15;2025-01-14;2025-01-13;2025-01-10;2025-01-09;2025-01-08,2025-01-27,9600.0,10800.0,10800.0,20.212109780092582,24.657720047553937,11.444311425264548,21.210525538467504,98361.94120825629,893.3042791666654,7408.583300992062,63486.300654196275,2824.2345435895786,66310.53519778585,76552.90946247126,76552.90938591832,46357.556335648726,1565.4249199683852,lexicographic,0.496769299992593,0.0,1,0
2025-01-29,True,4,1.0,7,1.0,14,2025-01-23;2025-01-21;2025-01-27;2025-01-22,2025-01-23;2025-01-21;2025-01-27;2025-01-22;2025-01-24;2025-01-15;2025-01-20,2025-01-28;2025-01-27;2025-01-24;2025-01-23;2025-01-22;2025-01-21;2025-01-20;2025-01-17;2025-01-16;2025-01-15;2025-01-14;2025-01-13;2025-01-10;2025-01-09,2025-01-28,9600.0,10800.0,10800.0,20.31237502893519,24.755673979558736,33.8163037202381,56.83979809664988,97842.20202563368,409.17457499999944,11999.831306547618,63112.67763881077,1262.6417155520826,64375.31935436285,74952.80443887434,74952.80436392159,46358.33200945159,1564.550073792644,lexicographic,0.2822924999927636,0.0,1,0
2025-01-30,True,4,1.0,7,1.0,14,2025-01-22;2025-01-29;2025-01-21;2025-01-27,2025-01-22;2025-01-29;2025-01-21;2025-01-27;2025-01-23;2025-01-24;2025-01-17,2025-01-29;2025-01-28;2025-01-27;2025-01-24;2025-01-23;2025-01-22;2025-01-21;2025-01-20;2025-01-17;2025-01-16;2025-01-15;2025-01-14;2025-01-13;2025-01-10,2025-01-29,9600.0,10800.0,10800.0,17.260203530092593,23.54083424750967,16.762830340608478,35.092930279914206,96528.68987645846,689.7846875000005,8653.083229618866,62038.62324583382,2933.2123870375026,64971.83563287132,73778.33982309596,73778.33974931772,45943.597249059756,1539.4618069998162,lexicographic,0.3173994999960996,0.0,1,0
2025-01-31,True,4,1.0,7,1.0,14,2025-01-30;2025-01-29;2025-01-22;2025-01-23,2025-01-30;2025-01-29;2025-01-22;2025-01-23;2025-01-24;2025-01-27;2025-01-21,2025-01-30;2025-01-29;2025-01-28;2025-01-27;2025-01-24;2025-01-23;2025-01-22;2025-01-21;2025-01-20;2025-01-17;2025-01-16;2025-01-15;2025-01-14;2025-01-13,2025-01-30,9600.0,10800.0,10800.0,320.19415726273144,350.270053053422,14.48071106150793,26.750097102667116,96182.22372465688,0.0,52619.538400468206,61872.05983358764,0.0,61872.05983358764,73781.29982088186,73781.29974710058,45710.71429621853,1536.0844665396376,lexicographic,0.3029579999856651,0.0,1,0
2025-02-01,False,2,1.0,10,0.8,8,2025-01-25;2025-01-26,2025-01-25;2025-01-26;2025-01-18;2025-01-19;2025-01-31;2025-01-30;2025-01-27;2025-01-28;2025-01-29;2025-01-12,2025-01-26;2025-01-25;2025-01-19;2025-01-18;2025-01-12;2025-01-11;2025-01-05;2025-01-04,2025-01-31,9600.0,10800.0,10800.0,188.9121540509259,204.28338617932204,10.927636290977105,20.97821488228699,84626.02634130482,0.0,45492.71618104709,52055.401186705676,0.0,52055.401186705676,81505.51646357324,81505.51638206761,45298.91026701653,1562.9409525511855,lexicographic,0.3586617000109982,0.0,1,0
2025-02-02,False,2,1.0,10,0.8,9,2025-01-26;2025-02-01,2025-01-26;2025-02-01;2025-01-25;2025-01-19;2025-01-18;2025-01-31;2025-01-28;2025-01-27;2025-01-30;2025-01-12,2025-02-01;2025-01-26;2025-01-25;2025-01-19;2025-01-18;2025-01-12;2025-01-11;2025-01-05;2025-01-04,2025-02-01,9600.0,10800.0,10800.0,141.52280219907405,159.66328573496386,15.26536869948854,28.41421837205715,82697.53036558097,8426.29965,8005.28887153319,50743.259637315685,36379.02735530833,87122.28699262402,76905.12719490558,76905.12711800053,45366.823059086804,1535.4585389550716,lexicographic,0.36828159997821786,0.0,1,0
2025-02-03,False,2,1.0,10,0.8,14,2025-01-28;2025-01-31,2025-01-28;2025-01-31;2025-01-22;2025-01-30;2025-01-20;2025-01-27;2025-01-29;2025-01-21;2025-01-24;2025-01-13,2025-01-31;2025-01-30;2025-01-29;2025-01-28;2025-01-27;2025-01-24;2025-01-23;2025-01-22;2025-01-21;2025-01-20;2025-01-17;2025-01-16;2025-01-15;2025-01-14,2025-02-02,9600.0,10800.0,10800.0,134.63788385416663,152.32117777468056,13.086623853145756,25.59969291337453,72020.60801108045,12716.163366895773,109.61969062433639,42642.634940063544,53616.795637216914,96259.43057728047,53084.37528675363,53084.37523366929,42013.29310056266,1403.2321643209184,lexicographic,0.4137065000250004,0.0,1,0
2025-02-04,False,2,1.0,10,0.8,14,2025-02-03;2025-01-28,2025-02-03;2025-01-28;2025-01-31;2025-01-22;2025-01-29;2025-01-27;2025-01-30;2025-01-21;2025-01-20;2025-01-23,2025-02-03;2025-01-31;2025-01-30;2025-01-29;2025-01-28;2025-01-27;2025-01-24;2025-01-23;2025-01-22;2025-01-21;2025-01-20;2025-01-17;2025-01-16;2025-01-15,2025-02-03,9600.0,10800.0,10800.0,26.937415162037034,32.95516227293959,15.312594395640872,30.440472657405664,94698.05172361946,260.7986583333337,9024.366479402073,60648.18280392077,820.2866782708348,61468.469482191605,73630.65126472611,73630.65119109546,45151.11639008843,1508.730310963919,lexicographic,0.6534392999892589,0.0,1,0
2025-02-05,False,2,1.0,10,0.8,14,2025-02-04;2025-02-03,2025-02-04;2025-02-03;2025-01-28;2025-01-31;2025-01-29;2025-01-22;2025-01-30;2025-01-23;2025-01-21;2025-01-27,2025-02-04;2025-02-03;2025-01-31;2025-01-30;2025-01-29;2025-01-28;2025-01-27;2025-01-24;2025-01-23;2025-01-22;2025-01-21;2025-01-20;2025-01-17;2025-01-16,2025-02-04,9600.0,10800.0,10800.0,17.101089409722217,22.085746578936543,14.451597567825088,28.893646647405717,91890.92383086056,764.1633798409339,7188.370689961646,58640.06222120247,2462.9248867198676,61102.98710792234,70542.12135692895,70542.12128638684,44947.91611950414,1513.706779417563,lexicographic,0.47058739999192767,0.0,1,0
2025-02-06,False,2,1.0,10,0.8,14,2025-02-05;2025-02-04,2025-02-05;2025-02-04;2025-02-03;2025-01-31;2025-01-28;2025-01-29;2025-01-30;2025-01-22;2025-01-23;2025-01-24,2025-02-05;2025-02-04;2025-02-03;2025-01-31;2025-01-30;2025-01-29;2025-01-28;2025-01-27;2025-01-24;2025-01-23;2025-01-22;2025-01-21;2025-01-20;2025-01-17,2025-02-05,9600.0,10800.0,10800.0,19.9838407986111,26.228455244305867,10.430365827115306,20.508346093341423,91288.82650337959,794.9970333333329,7094.4756793390625,58073.79177826959,2983.428099541665,61057.21987781125,68765.18976824448,68765.1896994793,44947.92662989487,1492.3311972943084,lexicographic,0.5399365999910515,2.1161746651121417e-16,1,0
2025-02-07,False,2,1.0,10,0.8,14,2025-02-06;2025-01-31,2025-02-06;2025-01-31;2025-01-30;2025-02-04;2025-02-05;2025-02-03;2025-01-29;2025-01-28;2025-01-24;2025-01-23,2025-02-06;2025-02-05;2025-02-04;2025-02-03;2025-01-31;2025-01-30;2025-01-29;2025-01-28;2025-01-27;2025-01-24;2025-01-23;2025-01-22;2025-01-21;2025-01-20,2025-02-06,9600.0,10800.0,10800.0,173.35030839120367,190.21126499703138,27.46700115493578,55.39397706543795,70127.65989389787,0.0,33912.63639649105,41240.09183602958,0.0,41240.09183602958,52121.43778678462,52121.437734663166,42004.80175599831,1374.6700571075899,lexicographic,0.5655954999965616,0.0,1,0
2025-02-08,False,2,1.0,10,0.8,10,2025-02-02;2025-02-01,2025-02-02;2025-02-01;2025-01-25;2025-01-26;2025-01-18;2025-01-19;2025-01-12;2025-01-11;2025-01-05;2025-01-04,2025-02-02;2025-02-01;2025-01-26;2025-01-25;2025-01-19;2025-01-18;2025-01-12;2025-01-11;2025-01-05;2025-01-04,2025-02-07,9600.0,10800.0,10800.0,161.51945798611112,177.37595085773853,20.401714341912466,37.13600718294801,79094.2191754969,0.0,42798.72362157656,48135.43876449242,0.0,48135.43876449242,75530.89553099914,75530.89545546826,44948.328607521806,1445.2161728898218,lexicographic,0.2506668000132777,9.901030775150633e-07,1,0
2025-02-09,False,2,1.0,10,0.8,11,2025-02-02;2025-02-08,2025-02-02;2025-02-08;2025-01-26;2025-02-01;2025-01-25;2025-01-19;2025-01-12;2025-01-05;2025-01-18;2025-01-11,2025-02-08;2025-02-02;2025-02-01;2025-01-26;2025-01-25;2025-01-19;2025-01-18;2025-01-12;2025-01-11;2025-01-05;2025-01-04,2025-02-08,9600.0,10800.0,10800.0,158.6327903935185,174.48019689466966,23.543648919187863,47.53974759950204,76675.57866049558,10685.845395562312,3087.6771358214773,46375.72988338,43559.97938431075,89935.70926769075,71671.43002719272,71671.42995552134,44948.31066295403,1434.1034477451835,lexicographic,0.24770649999845773,0.0,1,0
2025-02-10,False,2,1.0,10,0.8,14,2025-02-03;2025-02-04,2025-02-03;2025-02-04;2025-02-05;2025-02-06;2025-01-28;2025-02-07;2025-01-27;2025-01-31;2025-01-20;2025-01-29,2025-02-07;2025-02-06;2025-02-05;2025-02-04;2025-02-03;2025-01-31;2025-01-30;2025-01-29;2025-01-28;2025-01-27;2025-01-24;2025-01-23;2025-01-22;2025-01-21,2025-02-09,9600.0,10800.0,10800.0,19.581096585648147,23.89490092430028,34.28678240023975,62.81716526711488,89562.37518356043,718.7871499999992,11241.0959262068,56646.104168506754,2470.192500437497,59116.296668944255,66826.29601443012,66826.29594760385,44901.61142882511,1510.3051012462818,lexicographic,0.7143252000096254,0.0,1,0
2025-02-11,False,2,1.0,10,0.8,14,2025-02-04;2025-02-03,2025-02-04;2025-02-03;2025-02-05;2025-02-10;2025-02-06;2025-01-28;2025-02-07;2025-01-22;2025-01-31;2025-01-30,2025-02-10;2025-02-07;2025-02-06;2025-02-05;2025-02-04;2025-02-03;2025-01-31;2025-01-30;2025-01-29;2025-01-28;2025-01-27;2025-01-24;2025-01-23;2025-01-22,2025-02-10,9600.0,10800.0,10800.0,16.965461631944446,21.6023513775208,16.497511065861097,29.676060680896796,87505.49217787778,470.84549166666824,8051.098824545787,55065.98699425513,2039.0888374041708,57105.0758316593,64408.25408476961,64408.25402036137,44817.90262165395,1451.664927747237,lexicographic,0.6813203999772668,2.2593245927403276e-16,1,0
2025-02-12,False,2,1.0,10,0.8,14,2025-02-11;2025-02-05,2025-02-11;2025-02-05;2025-02-04;2025-02-06;2025-02-03;2025-02-07;2025-02-10;2025-01-28;2025-01-31;2025-01-30,2025-02-11;2025-02-10;2025-02-07;2025-02-06;2025-02-05;2025-02-04;2025-02-03;2025-01-31;2025-01-30;2025-01-29;2025-01-28;2025-01-27;2025-01-24;2025-01-23,2025-02-11,9600.0,10800.0,10800.0,16.25061603009259,20.208194341492668,15.579203609220677,28.988213759359596,86318.65784870338,445.02149166666635,6825.025898340027,54243.667067037895,1754.3460547958323,55998.01312183373,63547.57191656632,63547.57185301872,44506.15962495275,1417.1496881501726,lexicographic,0.9360613000171725,1.1449623332599126e-16,1,0
2025-02-13,False,2,1.0,10,0.8,14,2025-02-12;2025-02-11,2025-02-12;2025-02-11;2025-02-06;2025-02-05;2025-02-07;2025-02-04;2025-02-03;2025-01-31;2025-02-10;2025-01-28,2025-02-12;2025-02-11;2025-02-10;2025-02-07;2025-02-06;2025-02-05;2025-02-04;2025-02-03;2025-01-31;2025-01-30;2025-01-29;2025-01-28;2025-01-27;2025-01-24,2025-02-12,9600.0,10800.0,10800.0,18.52984606481482,24.721376122341024,34.63563746550792,61.15335388022479,83081.02348243122,855.4553558244455,8047.001036293281,51961.69746332927,2514.3637060990404,54476.061169428314,60359.99084091785,60359.99078055785,43439.98842834345,1417.798745159519,lexicographic,0.5115978000103496,2.496949055119e-07,1,0
2025-02-14,False,2,1.0,10,0.8,14,2025-02-13;2025-02-12,2025-02-13;2025-02-12;2025-02-11;2025-02-03;2025-02-06;2025-02-05;2025-02-07;2025-02-04;2025-02-10;2025-01-31,2025-02-13;2025-02-12;2025-02-11;2025-02-10;2025-02-07;2025-02-06;2025-02-05;2025-02-04;2025-02-03;2025-01-31;2025-01-30;2025-01-29;2025-01-28;2025-01-27,2025-02-13,9600.0,10800.0,10800.0,315.72521076388887,345.09297486713723,18.79863877931397,37.82067128864338,81627.10764138082,0.0,47360.00990546372,50899.72755762453,0.0,50899.72755762453,59457.432910986725,59457.43285152931,42537.81902022784,1412.74511677354,lexicographic,0.7464701999851968,0.0,1,0
2025-02-15,False,2,1.0,10,0.8,12,2025-02-08;2025-02-09,2025-02-08;2025-02-09;2025-02-02;2025-02-01;2025-01-25;2025-01-26;2025-01-18;2025-01-19;2025-01-11;2025-01-12,2025-02-09;2025-02-08;2025-02-02;2025-02-01;2025-01-26;2025-01-25;2025-01-19;2025-01-18;2025-01-12;2025-01-11;2025-01-05;2025-01-04,2025-02-14,9600.0,10800.0,10800.0,156.89439785879625,173.9547126446373,27.858825157678705,50.11816226162373,77705.21674752302,0.0,43706.8378213569,47040.89126758148,0.0,47040.89126758148,73298.1299824267,73298.12990912863,44947.89981768784,1421.5024842704197,lexicographic,0.2767238999949768,1.9853051157522832e-16,1,0
2025-02-16,False,2,1.0,10,0.8,13,2025-02-09;2025-02-02,2025-02-09;2025-02-02;2025-02-15;2025-02-08;2025-01-26;2025-02-01;2025-01-25;2025-01-19;2025-01-12;2025-01-05,2025-02-15;2025-02-09;2025-02-08;2025-02-02;2025-02-01;2025-01-26;2025-01-25;2025-01-19;2025-01-18;2025-01-12;2025-01-11;2025-01-05;2025-01-04,2025-02-15,9600.0,10800.0,10800.0,18.55325584490741,22.36950567521441,15.696783760252167,29.607805273908873,98487.86620671526,716.8394083333326,18950.66260137106,63817.46087618636,2776.528192912496,66593.98906909885,87747.89660923072,87747.89652148282,46456.64044082297,1661.7208348232498,lexicographic,0.5859010999847669,1.6583776711734838e-16,1,0
2025-02-17,False,2,1.0,10,0.8,14,2025-02-10;2025-02-11,2025-02-10;2025-02-11;2025-02-03;2025-02-04;2025-02-12;2025-02-14;2025-02-13;2025-02-05;2025-01-28;2025-02-07,2025-02-14;2025-02-13;2025-02-12;2025-02-11;2025-02-10;2025-02-07;2025-02-06;2025-02-05;2025-02-04;2025-02-03;2025-01-31;2025-01-30;2025-01-29;2025-01-28,2025-02-16,9600.0,10800.0,10800.0,18.696395370370364,23.338484838724582,24.569182476810795,41.1655917520394,80724.91810187395,703.589133748153,5831.555914187657,50095.76445223279,2619.8351390986854,52715.59959133148,57200.5174826556,57200.51742545513,42040.47136910364,1420.9984746000773,lexicographic,0.9491915999969933,0.0,1,0
2025-02-18,False,2,1.0,10,0.8,14,2025-02-11;2025-02-17,2025-02-11;2025-02-17;2025-02-12;2025-02-14;2025-02-13;2025-02-04;2025-02-03;2025-02-10;2025-02-05;2025-02-06,2025-02-17;2025-02-14;2025-02-13;2025-02-12;2025-02-11;2025-02-10;2025-02-07;2025-02-06;2025-02-05;2025-02-04;2025-02-03;2025-01-31;2025-01-30;2025-01-29,2025-02-17,9600.0,10800.0,10800.0,18.560962731481474,24.191339914485965,14.684670770600414,28.034825671565464,79269.2593505552,858.5066474201744,3619.637489867641,49016.71702081683,3230.924876231646,52247.64189704848,56114.5032624438,56114.50320632932,42075.266904429925,1413.991089589883,lexicographic,0.6829274999909103,1.2966269321551703e-16,1,0
2025-02-19,False,2,1.0,10,0.8,14,2025-02-12;2025-02-13,2025-02-12;2025-02-13;2025-02-11;2025-02-18;2025-02-14;2025-02-17;2025-02-05;2025-02-04;2025-02-06;2025-02-07,2025-02-18;2025-02-17;2025-02-14;2025-02-13;2025-02-12;2025-02-11;2025-02-10;2025-02-07;2025-02-06;2025-02-05;2025-02-04;2025-02-03;2025-01-31;2025-01-30,2025-02-18,9600.0,10800.0,10800.0,18.737174305555545,25.283215916680412,17.108702013519228,32.70189653313779,78952.89384258664,1513.5729756947053,3171.9608017577584,48758.390332378505,5367.470617505376,54125.86094988388,55954.2197162193,55954.21966026507,42060.38592670708,1409.5706812676071,lexicographic,0.6804909999773372,0.0,1,0
2025-02-20,False,2,1.0,10,0.8,14,2025-02-13;2025-02-19,2025-02-13;2025-02-19;2025-02-14;2025-02-12;2025-02-18;2025-02-11;2025-02-05;2025-02-17;2025-02-06;2025-02-04,2025-02-19;2025-02-18;2025-02-17;2025-02-14;2025-02-13;2025-02-12;2025-02-11;2025-02-10;2025-02-07;2025-02-06;2025-02-05;2025-02-04;2025-02-03;2025-01-31,2025-02-19,9600.0,10800.0,10800.0,20.699169907407402,25.97747796204476,19.06376147923557,36.29936697874595,79046.04921090844,1032.4436893684233,4669.467154254982,48873.37039837713,3832.3926732034884,52705.763071580615,56065.12999498408,56065.129938918944,42067.18180508577,1428.3459145958068,lexicographic,0.5282696000067517,0.0,1,0
2025-02-21,False,2,1.0,10,0.8,14,2025-02-14;2025-02-20,2025-02-14;2025-02-20;2025-02-13;2025-02-19;2025-02-12;2025-02-18;2025-02-11;2025-02-17;2025-02-07;2025-02-06,2025-02-20;2025-02-19;2025-02-18;2025-02-17;2025-02-14;2025-02-13;2025-02-12;2025-02-11;2025-02-10;2025-02-07;2025-02-06;2025-02-05;2025-02-04;2025-02-03,2025-02-20,9600.0,10800.0,10800.0,157.81281568287034,175.0686643294726,10.913724337850702,19.13184641592697,55843.05085120539,19.049999999999727,26229.68683493981,31631.649285608495,40.72889999999941,31672.378185608493,38535.8568774195,38535.85683888368,38792.605732144184,1323.976555703299,lexicographic,0.5753620000032242,1.8881006447070344e-16,1,0
2025-02-22,False,2,1.0,10,0.8,14,2025-02-15;2025-02-08,2025-02-15;2025-02-08;2025-02-16;2025-02-09;2025-02-02;2025-02-01;2025-01-25;2025-01-26;2025-01-18;2025-01-19,2025-02-16;2025-02-15;2025-02-09;2025-02-08;2025-02-02;2025-02-01;2025-01-26;2025-01-25;2025-01-19;2025-01-18;2025-01-12;2025-01-11;2025-01-05;2025-01-04,2025-02-21,9600.0,10800.0,10800.0,17.964430671296288,22.517754085249447,18.065976867190972,32.87548654779381,52150.95805278542,665.233258333333,20888.00758652897,27702.514113634985,2220.6393029749993,29923.153416609985,49785.70215940228,49785.702109616635,38899.95643512724,1374.726462839455,lexicographic,0.7437196999962907,4.3843657752360977e-16,1,0
2025-02-23,False,2,1.0,10,0.8,14,2025-02-16;2025-02-09,2025-02-16;2025-02-09;2025-02-02;2025-02-22;2025-02-15;2025-02-08;2025-01-26;2025-02-01;2025-01-25;2025-01-19,2025-02-22;2025-02-16;2025-02-15;2025-02-09;2025-02-08;2025-02-02;2025-02-01;2025-01-26;2025-01-25;2025-01-19;2025-01-18;2025-01-12;2025-01-11;2025-01-05,2025-02-22,9600.0,10800.0,10800.0,18.85138015046296,23.731476043846207,22.99925406230659,40.68392570151527,96822.34224082784,752.1781916666669,21198.629831002396,62624.60171193878,2632.6281365708346,65257.22984850962,84734.76354622486,84734.76346149022,46145.82537824947,1525.898910448209,lexicographic,0.8205767999752425,0.0,1,0
2025-02-24,False,2,1.0,10,0.8,14,2025-02-17;2025-02-18,2025-02-17;2025-02-18;2025-02-11;2025-02-21;2025-02-03;2025-02-19;2025-02-10;2025-02-12;2025-02-14;2025-02-04,2025-02-21;2025-02-20;2025-02-19;2025-02-18;2025-02-17;2025-02-14;2025-02-13;2025-02-12;2025-02-11;2025-02-10;2025-02-07;2025-02-06;2025-02-05;2025-02-04,2025-02-23,9600.0,10800.0,10800.0,18.38165480324073,22.516385591283413,24.036852427409784,42.25230592354653,77388.60957357475,585.3502996278473,5339.564036819402,47651.53235140859,2294.7314617198645,49946.263813128455,50343.61556128776,50343.615510944124,42214.55588256278,1412.263322649143,lexicographic,0.7671581999748014,1.4452592529040183e-16,1,0
2025-02-25,False,2,1.0,10,0.8,14,2025-02-18;2025-02-24,2025-02-18;2025-02-24;2025-02-19;2025-02-11;2025-02-17;2025-02-20;2025-02-12;2025-02-21;2025-02-14;2025-02-13,2025-02-24;2025-02-21;2025-02-20;2025-02-19;2025-02-18;2025-02-17;2025-02-14;2025-02-13;2025-02-12;2025-02-11;2025-02-10;2025-02-07;2025-02-06;2025-02-05,2025-02-24,9600.0,10800.0,10800.0,19.015755150462965,23.643030857855493,34.07220675095633,58.89494405808699,75529.08938327966,838.1183383050429,6164.057784888835,46362.29342517436,2997.0023481292483,49359.2957733036,49109.39562674478,49109.395577635376,41742.66491097996,1412.7574894326385,lexicographic,0.7703024999937043,0.0,1,0
2025-02-26,False,2,1.0,10,0.8,14,2025-02-25;2025-02-20,2025-02-25;2025-02-20;2025-02-19;2025-02-18;2025-02-21;2025-02-14;2025-02-13;2025-02-11;2025-02-12;2025-02-24,2025-02-25;2025-02-24;2025-02-21;2025-02-20;2025-02-19;2025-02-18;2025-02-17;2025-02-14;2025-02-13;2025-02-12;2025-02-11;2025-02-10;2025-02-07;2025-02-06,2025-02-25,9600.0,10800.0,10800.0,20.629487789351842,27.010189751704782,15.667931583978795,27.031460093397396,73847.29228494168,1716.7111117848333,2407.7830368305004,45215.00662678844,6002.122814591633,51217.12944138007,47908.392357691206,47908.392309782794,41357.28374251815,1409.7062630394184,lexicographic,1.4222781999851577,0.0,1,0
2025-02-27,False,2,1.0,10,0.8,14,2025-02-20;2025-02-21,2025-02-20;2025-02-21;2025-02-19;2025-02-26;2025-02-13;2025-02-14;2025-02-25;2025-02-12;2025-02-18;2025-02-11,2025-02-26;2025-02-25;2025-02-24;2025-02-21;2025-02-20;2025-02-19;2025-02-18;2025-02-17;2025-02-14;2025-02-13;2025-02-12;2025-02-11;2025-02-10;2025-02-07,2025-02-26,9600.0,10800.0,10800.0,154.3334449074074,172.60171806570955,23.473194185601656,43.53071553422348,51340.866666013695,19691.439771421276,39.078333333333376,29008.059075668498,86678.33085019063,115686.38992585913,31428.82222826987,31428.82219684103,38454.34456012618,1335.9838048267939,lexicographic,0.8816202000016347,0.0,1,0
2025-02-28,False,2,1.0,10,0.8,14,2025-02-21;2025-02-27,2025-02-21;2025-02-27;2025-02-14;2025-02-20;2025-02-26;2025-02-25;2025-02-13;2025-02-19;2025-02-18;2025-02-24,2025-02-27;2025-02-26;2025-02-25;2025-02-24;2025-02-21;2025-02-20;2025-02-19;2025-02-18;2025-02-17;2025-02-14;2025-02-13;2025-02-12;2025-02-11;2025-02-10,2025-02-27,9600.0,10800.0,10800.0,158.64390648148148,175.3945287926772,18.368479146473316,37.00625147145371,51647.89327139089,14.542500000000018,24315.84389787345,29248.071317936934,31.091865000000038,29279.163182936933,37043.169918330284,37043.16988128706,38619.668239823965,1325.8368519838104,lexicographic,0.8493505999795161,0.0,1,0
2025-03-01,False,2,1.0,7,0.8,14,2025-02-22;2025-02-15,2025-02-22;2025-02-15;2025-02-08;2025-02-23;2025-02-16;2025-02-09;2025-02-02,2025-02-23;2025-02-22;2025-02-16;2025-02-15;2025-02-09;2025-02-08;2025-02-02;2025-02-01;2025-01-26;2025-01-25;2025-01-19;2025-01-18;2025-01-12;2025-01-11,2025-02-28,9600.0,10800.0,10800.0,32.844930034722225,40.8281665331318,19.41987920178301,38.06290726439933,48519.515588618015,377.64130833333394,21185.057808667698,25208.95110993337,1787.975133525002,26996.926243458372,43846.45880134571,43846.458757499255,38613.331634000344,1398.9682274438874,lexicographic,0.8261151000042446,0.0,1,0
2025-03-02,False,2,1.0,7,0.8,14,2025-02-23;2025-02-16,2025-02-23;2025-02-16;2025-02-09;2025-02-22;2025-03-01;2025-02-15;2025-02-02,2025-03-01;2025-02-23;2025-02-22;2025-02-16;2025-02-15;2025-02-09;2025-02-08;2025-02-02;2025-02-01;2025-01-26;2025-01-25;2025-01-19;2025-01-18;2025-01-12,2025-03-01,9600.0,10800.0,10800.0,31.52936140046296,39.18936813960047,36.55450011696602,73.35219113898324,93148.00758286795,435.92191666666605,16507.289620093463,59792.39119308084,2048.103721758329,61840.49491483917,79222.9375319843,79222.93745276144,44948.32837432538,1469.6335911458912,lexicographic,0.5101817999966443,9.269166254457332e-08,1,0
2025-03-03,False,2,1.0,7,0.8,14,2025-02-17;2025-02-18,2025-02-17;2025-02-18;2025-02-25;2025-02-24;2025-02-10;2025-02-03;2025-02-11,2025-02-28;2025-02-27;2025-02-26;2025-02-25;2025-02-24;2025-02-21;2025-02-20;2025-02-19;2025-02-18;2025-02-17;2025-02-14;2025-02-13;2025-02-12;2025-02-11,2025-03-02,9600.0,10800.0,10800.0,32.82395943287036,40.37706797853211,51.18600133442529,90.37630098602473,73676.21489733018,4944.545209195096,2321.4780546705615,45046.84978377003,19869.383569368514,64916.23335313854,53172.101754396506,53172.101701224376,40792.97425012478,1412.263323131279,lexicographic,1.1380677999986801,1.3683787891378168e-16,1,0
2025-03-04,False,2,1.0,7,0.8,14,2025-03-03;2025-02-18,2025-03-03;2025-02-18;2025-02-25;2025-02-17;2025-02-24;2025-02-19;2025-02-11,2025-03-03;2025-02-28;2025-02-27;2025-02-26;2025-02-25;2025-02-24;2025-02-21;2025-02-20;2025-02-19;2025-02-18;2025-02-17;2025-02-14;2025-02-13;2025-02-12,2025-03-03,9600.0,10800.0,10800.0,20.334939814814813,25.67308465555148,16.94274675931935,33.275238148081655,77995.61995753727,900.0922683476009,5269.352830512078,48221.02908402945,2643.387423135595,50864.41650716504,56495.994380110176,56495.99432361418,42172.06129627076,1400.9198578847022,lexicographic,0.9739051999931689,1.287871414830949e-16,1,0
2025-03-05,False,2,1.0,7,0.8,14,2025-03-04;2025-02-25,2025-03-04;2025-02-25;2025-02-19;2025-02-18;2025-02-20;2025-02-26;2025-02-27,2025-03-04;2025-03-03;2025-02-28;2025-02-27;2025-02-26;2025-02-25;2025-02-24;2025-02-21;2025-02-20;2025-02-19;2025-02-18;2025-02-17;2025-02-14;2025-02-13,2025-03-04,9600.0,10800.0,10800.0,19.801541435185175,24.51808038032922,22.19352521466629,38.40009014057152,75843.3426020557,708.950272661341,5988.279657540379,46447.73432623163,3196.14394239365,49643.87826862528,54691.52204614993,54691.52199145835,42235.31354170035,1423.1541559749103,lexicographic,0.7366897000174504,0.0,1,0
2025-03-06,False,2,1.0,7,0.8,14,2025-03-05;2025-02-20,2025-03-05;2025-02-20;2025-02-28;2025-02-26;2025-03-04;2025-02-27;2025-02-14,2025-03-05;2025-03-04;2025-03-03;2025-02-28;2025-02-27;2025-02-26;2025-02-25;2025-02-24;2025-02-21;2025-02-20;2025-02-19;2025-02-18;2025-02-17;2025-02-14,2025-03-05,9600.0,10800.0,10800.0,24.693908449074083,31.420374124041235,13.885882390481804,25.27673688424184,75708.35314052814,570.5613815488493,5924.956519866001,46354.78068804454,2462.0389980231625,48816.819686067705,54456.89604589433,54456.89599143733,42042.52632983457,1397.7335952076749,lexicographic,0.49631859999499284,0.0,1,0
2025-03-07,False,2,1.0,7,0.8,14,2025-03-06;2025-02-28,2025-03-06;2025-02-28;2025-02-21;2025-02-14;2025-03-05;2025-02-27;2025-02-20,2025-03-06;2025-03-05;2025-03-04;2025-03-03;2025-02-28;2025-02-27;2025-02-26;2025-02-25;2025-02-24;2025-02-21;2025-02-20;2025-02-19;2025-02-18;2025-02-17,2025-03-06,9600.0,10800.0,10800.0,172.56244305555555,188.47708018303197,14.174934078467903,27.28048350232057,53314.56411236953,0.0,28372.34843591686,29948.490850687045,0.0,29948.490850687045,36936.73375636292,36936.733719426185,38295.12399497897,1337.0596060669022,lexicographic,0.7308997999934945,1.9698432648246778e-16,1,0
2025-03-08,False,2,1.0,7,0.8,14,2025-03-02;2025-02-22,2025-03-02;2025-02-22;2025-03-01;2025-02-15;2025-02-23;2025-02-16;2025-02-08,2025-03-02;2025-03-01;2025-02-23;2025-02-22;2025-02-16;2025-02-15;2025-02-09;2025-02-08;2025-02-02;2025-02-01;2025-01-26;2025-01-25;2025-01-19;2025-01-18,2025-03-07,9600.0,10800.0,10800.0,169.62929230324073,186.53487456839503,42.45485893114736,68.55875617076673,67034.26330631267,0.0,43569.45867461291,39204.92674643646,0.0,39204.92674643646,54870.73836357333,54870.73830870264,41931.6518853151,1408.9316497982436,lexicographic,0.2750745000084862,0.0,1,0
2025-03-09,False,2,1.0,7,0.8,14,2025-03-02;2025-02-23,2025-03-02;2025-02-23;2025-03-08;2025-02-16;2025-02-09;2025-03-01;2025-02-22,2025-03-08;2025-03-02;2025-03-01;2025-02-23;2025-02-22;2025-02-16;2025-02-15;2025-02-09;2025-02-08;2025-02-02;2025-02-01;2025-01-26;2025-01-25;2025-01-19,2025-03-08,9600.0,10800.0,10800.0,22.875450752314805,28.72697405870411,24.334744760560305,50.70977352031225,86388.52619672142,462.3133,18799.024535089262,54514.620976347025,1882.8839789791687,56397.50495532619,69939.43469118726,69939.43462124786,44947.91968449585,1414.8683328193756,lexicographic,0.32715599998482503,0.0,1,0
2025-03-10,False,2,1.0,7,0.8,14,2025-02-25;2025-03-03,2025-02-25;2025-03-03;2025-02-24;2025-03-04;2025-02-18;2025-03-07;2025-02-28,2025-03-07;2025-03-06;2025-03-05;2025-03-04;2025-03-03;2025-02-28;2025-02-27;2025-02-26;2025-02-25;2025-02-24;2025-02-21;2025-02-20;2025-02-19;2025-02-18,2025-03-09,9600.0,10800.0,10800.0,23.19132390046295,29.92749564885704,25.598863594734983,45.60334978985669,77032.30744652236,1276.053802900546,5844.791964421211,47445.43798364872,3745.859660468548,51191.297644117265,55437.36854051815,55437.36848508072,42120.58463870041,1412.895232897803,lexicographic,0.9218452000059187,0.0,1,0
2025-03-11,False,2,1.0,7,0.8,14,2025-03-04;2025-03-05,2025-03-04;2025-03-05;2025-03-03;2025-02-25;2025-02-18;2025-03-06;2025-03-10,2025-03-10;2025-03-07;2025-03-06;2025-03-05;2025-03-04;2025-03-03;2025-02-28;2025-02-27;2025-02-26;2025-02-25;2025-02-24;2025-02-21;2025-02-20;2025-02-19,2025-03-10,9600.0,10800.0,10800.0,19.19040283564814,23.630470215510258,27.568853568581588,54.77430933923507,75480.66752121315,581.4982941802089,7717.1278616218715,45933.96842912436,2143.435400381858,48077.40382950622,53980.20076224449,53980.20070826426,41974.082464875784,1416.536092125737,lexicographic,0.6815145000000484,0.0,1,0
2025-03-12,False,2,1.0,7,0.8,14,2025-03-06;2025-03-05,2025-03-06;2025-03-05;2025-03-11;2025-02-26;2025-03-04;2025-03-07;2025-02-25,2025-03-11;2025-03-10;2025-03-07;2025-03-06;2025-03-05;2025-03-04;2025-03-03;2025-02-28;2025-02-27;2025-02-26;2025-02-25;2025-02-24;2025-02-21;2025-02-20,2025-03-11,9600.0,10800.0,10800.0,16.846851331018513,21.933579875600113,24.14427708488596,41.34331227594203,72825.85021937937,865.554572956258,6985.6155274973,44314.713074737374,2789.3160015737512,47104.029076311126,52458.658373316845,52458.65832085812,40679.793644863414,1407.450365550074,lexicographic,0.48845979999168776,0.0,1,0
2025-03-13,False,2,1.0,7,0.8,14,2025-03-06;2025-03-12,2025-03-06;2025-03-12;2025-03-07;2025-03-05;2025-02-26;2025-02-28;2025-02-27,2025-03-12;2025-03-11;2025-03-10;2025-03-07;2025-03-06;2025-03-05;2025-03-04;2025-03-03;2025-02-28;2025-02-27;2025-02-26;2025-02-25;2025-02-24;2025-02-21,2025-03-12,9600.0,10800.0,10800.0,17.88516464120371,23.670090261119732,40.743662679191175,78.29247432807658,71476.65242890353,3648.1566939188524,3271.2053020344283,43369.356869664094,13937.957454544636,57307.31432420873,51461.206068823376,51461.206017362114,41039.23318662906,1423.6094482399185,lexicographic,0.49063960000057705,0.0,1,0
2025-03-14,False,2,1.0,7,0.8,14,2025-03-07;2025-03-06,2025-03-07;2025-03-06;2025-03-13;2025-03-05;2025-03-12;2025-03-11;2025-02-28,2025-03-13;2025-03-12;2025-03-11;2025-03-10;2025-03-07;2025-03-06;2025-03-05;2025-03-04;2025-03-03;2025-02-28;2025-02-27;2025-02-26;2025-02-25;2025-02-24,2025-03-13,9600.0,10800.0,10800.0,156.72299340277777,171.39028568365978,27.53148881557967,54.759598757347014,51210.18555638139,0.0,31551.027164618434,28819.233793550688,0.0,28819.233793550688,35801.79675076647,35801.79671496466,34577.97715398742,1325.802755377953,lexicographic,0.9183524000109173,0.0,1,0
2025-03-15,False,2,1.0,7,0.8,14,2025-03-08;2025-03-01,2025-03-08;2025-03-01;2025-02-22;2025-03-09;2025-03-02;2025-02-15;2025-02-23,2025-03-09;2025-03-08;2025-03-02;2025-03-01;2025-02-23;2025-02-22;2025-02-16;2025-02-15;2025-02-09;2025-02-08;2025-02-02;2025-02-01;2025-01-26;2025-01-25,2025-03-14,9600.0,10800.0,10800.0,17.596778125,22.574527830769902,30.895999613986888,55.073045192263095,36525.28125294419,1023.2569270875122,12765.441559780265,19125.687272426916,3689.7643217355076,22815.451594162423,28595.98062703845,28595.98059844246,36761.780848184615,1370.942496384525,lexicographic,1.0287335999892093,0.0,1,0
2025-03-16,False,2,1.0,7,0.8,14,2025-03-09;2025-03-02,2025-03-09;2025-03-02;2025-02-23;2025-02-16;2025-03-08;2025-02-09;2025-03-15,2025-03-15;2025-03-09;2025-03-08;2025-03-02;2025-03-01;2025-02-23;2025-02-22;2025-02-16;2025-02-15;2025-02-09;2025-02-08;2025-02-02;2025-02-01;2025-01-26,2025-03-15,9600.0,10800.0,10800.0,16.50414438657408,21.615296207918302,31.73462085832462,67.61317470353153,81170.88834618338,536.9067833333318,13876.948681415652,50647.84680110332,1525.5518352416643,52173.39863634498,61341.36478601137,61341.364724670064,42675.98485120841,1411.4663243414607,lexicographic,0.3571136000100523,0.0,1,0
2025-03-17,False,2,1.0,7,0.8,14,2025-03-10;2025-03-11,2025-03-10;2025-03-11;2025-02-25;2025-03-03;2025-03-12;2025-03-04;2025-02-24,2025-03-14;2025-03-13;2025-03-12;2025-03-11;2025-03-10;2025-03-07;2025-03-06;2025-03-05;2025-03-04;2025-03-03;2025-02-28;2025-02-27;2025-02-26;2025-02-25,2025-03-16,9600.0,10800.0,10800.0,20.034028993055554,25.032196494767692,48.51891049892467,80.3220677590487,73386.7285717408,603.5303986796172,11837.34592813419,44574.08101395704,2393.0713137424323,46967.15232769947,52388.41476905719,52388.41471666865,40913.4458537092,1414.3904583444541,lexicographic,0.7427669999888167,0.0,1,0
2025-03-18,False,2,1.0,7,0.8,14,2025-03-17;2025-03-10,2025-03-17;2025-03-10;2025-03-12;2025-03-13;2025-02-26;2025-02-25;2025-03-11,2025-03-17;2025-03-14;2025-03-13;2025-03-12;2025-03-11;2025-03-10;2025-03-07;2025-03-06;2025-03-05;2025-03-04;2025-03-03;2025-02-28;2025-02-27;2025-02-26,2025-03-17,9600.0,10800.0,10800.0,17.3440329861111,21.669999988325923,23.038470866885987,42.802062170460424,70373.22672591015,1267.516448959494,6361.816297321731,42482.1826927056,5605.445113269405,48087.627805975004,50247.31137178675,50247.31132153935,39562.48949839506,1416.7358249831568,lexicographic,0.8716616999881808,0.0,1,0
2025-03-19,False,2,1.0,7,0.8,14,2025-03-12;2025-03-13,2025-03-12;2025-03-13;2025-03-05;2025-03-06;2025-03-18;2025-02-26;2025-03-11,2025-03-18;2025-03-17;2025-03-14;2025-03-13;2025-03-12;2025-03-11;2025-03-10;2025-03-07;2025-03-06;2025-03-05;2025-03-04;2025-03-03;2025-02-28;2025-02-27,2025-03-18,9600.0,10800.0,10800.0,18.39480978009259,22.9502850210898,26.56026174231131,47.162216332986304,72463.05707756907,420.7026354091138,9051.99092032335,44042.86074756623,1349.9104455306194,45392.77119309685,51712.602610132264,51712.60255841957,41594.73684318558,1411.7786748734004,lexicographic,0.5236475999990944,0.0,1,0
2025-03-20,False,2,1.0,7,0.8,14,2025-03-13;2025-03-19,2025-03-13;2025-03-19;2025-03-06;2025-03-12;2025-03-18;2025-03-07;2025-02-26,2025-03-19;2025-03-18;2025-03-17;2025-03-14;2025-03-13;2025-03-12;2025-03-11;2025-03-10;2025-03-07;2025-03-06;2025-03-05;2025-03-04;2025-03-03;2025-02-28,2025-03-19,9600.0,10800.0,10800.0,18.888384201388888,23.792995841267544,16.505342708492137,29.96830250945186,68898.70029619063,1023.2310656194634,3550.0213387146605,41618.602565192145,3704.515047523677,45323.117612715825,45228.20338931146,45228.20334408321,39657.55922966337,1407.521167151535,lexicographic,0.6611890000058338,1.608721345579444e-16,1,0
2025-03-21,False,2,1.0,7,0.8,14,2025-03-07;2025-03-13,2025-03-07;2025-03-13;2025-03-20;2025-03-14;2025-03-06;2025-02-28;2025-03-19,2025-03-20;2025-03-19;2025-03-18;2025-03-17;2025-03-14;2025-03-13;2025-03-12;2025-03-11;2025-03-10;2025-03-07;2025-03-06;2025-03-05;2025-03-04;2025-03-03,2025-03-20,9600.0,10800.0,10800.0,155.314493287037,172.4984694768534,34.27964068824667,60.2176779557789,47168.82167560789,0.0,31485.200590698616,26707.05742303747,0.0,26707.05742303747,29623.658056835386,29623.658027211743,34772.54415010067,1331.0222962613327,lexicographic,0.9179577000031713,0.0,1,0
2025-03-22,False,2,1.0,7,0.8,14,2025-03-15;2025-03-08,2025-03-15;2025-03-08;2025-03-01;2025-03-09;2025-02-22;2025-03-16;2025-03-02,2025-03-16;2025-03-15;2025-03-09;2025-03-08;2025-03-02;2025-03-01;2025-02-23;2025-02-22;2025-02-16;2025-02-15;2025-02-09;2025-02-08;2025-02-02;2025-02-01,2025-03-21,9600.0,10800.0,10800.0,16.264361805555545,19.99365558606291,25.858074772470736,47.09629033016487,33336.65292458848,383.84790833333454,13785.96856960615,16950.43764990426,1123.6840769416694,18074.12172684593,25228.63928895686,25228.639263728204,38613.325680358015,1390.450819566584,lexicographic,0.684523400006583,0.0,1,0
2025-03-23,False,2,1.0,7,0.8,14,2025-03-09;2025-03-16,2025-03-09;2025-03-16;2025-03-02;2025-02-23;2025-03-15;2025-03-22;2025-02-16,2025-03-22;2025-03-16;2025-03-15;2025-03-09;2025-03-08;2025-03-02;2025-03-01;2025-02-23;2025-02-22;2025-02-16;2025-02-15;2025-02-09;2025-02-08;2025-02-02,2025-03-22,9600.0,10800.0,10800.0,16.474060127314814,20.685626832718185,32.47883508535381,63.595499575735666,72217.06498629686,729.8997176517717,9837.806454051875,43775.32262114265,2899.7005416343154,46675.02316277697,55010.004607686074,55010.00455267613,41338.85800603406,1413.3816500340763,lexicographic,0.812730300007388,0.0,1,0
2025-03-24,False,2,1.0,7,0.8,14,2025-03-17;2025-03-10,2025-03-17;2025-03-10;2025-03-18;2025-03-11;2025-03-21;2025-03-19;2025-03-03,2025-03-21;2025-03-20;2025-03-19;2025-03-18;2025-03-17;2025-03-14;2025-03-13;2025-03-12;2025-03-11;2025-03-10;2025-03-07;2025-03-06;2025-03-05;2025-03-04,2025-03-23,9600.0,10800.0,10800.0,18.49546666666667,23.452005316377385,17.330955377787284,31.924000000922973,65444.54381711627,1024.5014025147755,4361.599530900427,39374.85326971932,3396.133894654556,42770.98716437388,42754.89853701845,42754.898494263514,39143.14197773201,1416.7356880057307,lexicographic,0.8349700000253506,1.701783391009489e-16,1,0
2025-03-25,False,2,1.0,7,0.8,14,2025-03-18;2025-03-24,2025-03-18;2025-03-24;2025-03-17;2025-03-19;2025-03-10;2025-03-12;2025-03-20,2025-03-24;2025-03-21;2025-03-20;2025-03-19;2025-03-18;2025-03-17;2025-03-14;2025-03-13;2025-03-12;2025-03-11;2025-03-10;2025-03-07;2025-03-06;2025-03-05,2025-03-24,9600.0,10800.0,10800.0,20.562273958333332,25.0830441490341,24.11208720480461,46.78530008147021,65485.91122792131,2731.7036310716344,3132.269270786055,39298.64068160136,10697.002190421701,49995.64287202306,42697.925360123576,42697.9253174256,39393.41988151478,1436.1265185129153,lexicographic,0.6616608999902382,0.0,1,0
2025-03-26,False,2,1.0,7,0.8,14,2025-03-19;2025-03-12,2025-03-19;2025-03-12;2025-03-13;2025-03-20;2025-03-25;2025-03-18;2025-03-06,2025-03-25;2025-03-24;2025-03-21;2025-03-20;2025-03-19;2025-03-18;2025-03-17;2025-03-14;2025-03-13;2025-03-12;2025-03-11;2025-03-10;2025-03-07;2025-03-06,2025-03-25,9600.0,10800.0,10800.0,15.209714583333323,19.407754070657646,42.03178781150583,80.78447695095156,67534.51074889358,694.6488717071131,8525.135012680123,40544.35182334752,2371.7914568792153,42916.14328022674,44143.2485106785,44143.2484665352,39167.15911405043,1409.7871805395298,lexicographic,0.7872378999891225,0.0,1,0
2025-03-27,False,2,1.0,7,0.8,14,2025-03-20;2025-03-13,2025-03-20;2025-03-13;2025-03-26;2025-03-21;2025-03-19;2025-03-12;2025-03-06,2025-03-26;2025-03-25;2025-03-24;2025-03-21;2025-03-20;2025-03-19;2025-03-18;2025-03-17;2025-03-14;2025-03-13;2025-03-12;2025-03-11;2025-03-10;2025-03-07,2025-03-26,9600.0,10800.0,10800.0,18.002393576388883,22.321924261315218,18.363040542140897,33.13051618168517,64755.28121739713,1290.997881541377,3248.3340055405683,38910.347056845014,4513.152866505088,43423.4999233501,42158.77464797435,42158.774605815495,38876.47265815937,1422.8191619213994,lexicographic,0.7409721000003628,0.0,1,0
2025-03-28,False,2,1.0,7,0.8,14,2025-03-21;2025-03-27,2025-03-21;2025-03-27;2025-03-20;2025-03-13;2025-02-28;2025-03-07;2025-03-26,2025-03-27;2025-03-26;2025-03-25;2025-03-24;2025-03-21;2025-03-20;2025-03-19;2025-03-18;2025-03-17;2025-03-14;2025-03-13;2025-03-12;2025-03-11;2025-03-10,2025-03-27,9600.0,10800.0,10800.0,162.75470850694444,179.51865052472104,15.352900070859087,29.477610293652653,43320.53755916965,27.689999999999145,28493.742656641472,24716.38139938032,59.201219999998166,24775.58261938032,27529.69306415953,27529.693036629873,38415.86045215448,1335.5741645503285,lexicographic,0.772859700024128,0.0,1,0
2025-03-29,False,2,1.0,7,0.8,14,2025-03-22;2025-03-15,2025-03-22;2025-03-15;2025-03-08;2025-03-23;2025-03-01;2025-02-22;2025-03-09,2025-03-23;2025-03-22;2025-03-16;2025-03-15;2025-03-09;2025-03-08;2025-03-02;2025-03-01;2025-02-23;2025-02-22;2025-02-16;2025-02-15;2025-02-09;2025-02-08,2025-03-28,9600.0,10800.0,10800.0,15.425295428240743,18.800130083648444,53.64351794858083,90.22753428183219,30761.725405079877,569.7632303402625,19570.435678969174,15492.929494337903,2118.8121302484824,17611.741624586386,20754.29612199322,20754.296101238946,38618.195943909974,1412.2622000616757,lexicographic,0.7537731000047643,1.752879880553762e-16,1,0
2025-03-30,False,2,1.0,7,0.8,14,2025-03-23;2025-03-09,2025-03-23;2025-03-09;2025-03-16;2025-03-29;2025-03-22;2025-03-15;2025-03-02,2025-03-29;2025-03-23;2025-03-22;2025-03-16;2025-03-15;2025-03-09;2025-03-08;2025-03-02;2025-03-01;2025-02-23;2025-02-22;2025-02-16;2025-02-15;2025-02-09,2025-03-29,9600.0,10800.0,10800.0,19.078686226851858,23.074271015746383,22.46210759042105,41.44686137510359,64326.748987357045,1030.7669918511397,5958.56305559146,38531.40129867327,3781.08644077028,42312.48773944355,46425.35162153264,46425.35157510732,38613.33228813829,1412.326562640878,lexicographic,0.9446302999858744,0.0,1,0
2025-03-31,False,2,1.0,7,0.8,14,2025-03-24;2025-03-17,2025-03-24;2025-03-17;2025-03-25;2025-03-10;2025-03-18;2025-03-28;2025-03-26,2025-03-28;2025-03-27;2025-03-26;2025-03-25;2025-03-24;2025-03-21;2025-03-20;2025-03-19;2025-03-18;2025-03-17;2025-03-14;2025-03-13;2025-03-12;2025-03-11,2025-03-30,9600.0,10800.0,10800.0,17.665420775462962,21.527365653553403,32.096068528044235,55.242461715966314,64261.07811106599,1928.1602788896862,5161.988021170679,38527.63056330872,7559.949057177659,46087.57962048637,41689.93574958225,41689.93570789225,38827.937908776425,1421.981405048486,lexicographic,0.9646726000064518,0.0,1,0
2025-04-01,False,2,1.0,10,0.8,14,2025-03-25;2025-03-18,2025-03-25;2025-03-18;2025-03-24;2025-03-31;2025-03-26;2025-03-17;2025-03-19;2025-03-12;2025-03-10;2025-03-27,2025-03-31;2025-03-28;2025-03-27;2025-03-26;2025-03-25;2025-03-24;2025-03-21;2025-03-20;2025-03-19;2025-03-18;2025-03-17;2025-03-14;2025-03-13;2025-03-12,2025-03-31,9600.0,10800.0,10800.0,19.382576967592584,24.39084243444331,33.78952836231973,66.97947163198904,64836.6455178097,2922.1257292115097,3431.5407312340412,38690.37140985473,8223.436637180454,46913.808047035185,42219.41301717635,42219.41297495689,39232.978886358556,1399.6525127622485,lexicographic,0.8853412999887951,0.0,1,0
2025-04-02,False,2,1.0,10,0.8,14,2025-03-26;2025-03-19,2025-03-26;2025-03-19;2025-03-12;2025-03-13;2025-04-01;2025-03-20;2025-03-05;2025-03-25;2025-03-06;2025-03-27,2025-04-01;2025-03-31;2025-03-28;2025-03-27;2025-03-26;2025-03-25;2025-03-24;2025-03-21;2025-03-20;2025-03-19;2025-03-18;2025-03-17;2025-03-14;2025-03-13,2025-04-01,9600.0,10800.0,10800.0,17.066151504629616,21.632241424918835,33.382638206171464,58.02291121511498,66517.86635380401,2159.7520588165303,4170.312020210112,39448.4467389891,9599.285077115463,49047.73181610456,42983.14997384968,42983.14993086646,38790.881559278336,1406.5541270048598,lexicographic,0.7837008999777026,0.0,1,0
2025-04-03,False,2,1.0,10,0.8,14,2025-04-02;2025-03-20,2025-04-02;2025-03-20;2025-03-13;2025-03-27;2025-03-26;2025-03-19;2025-03-21;2025-03-06;2025-03-12;2025-03-28,2025-04-02;2025-04-01;2025-03-31;2025-03-28;2025-03-27;2025-03-26;2025-03-25;2025-03-24;2025-03-21;2025-03-20;2025-03-19;2025-03-18;2025-03-17;2025-03-14,2025-04-02,9600.0,10800.0,10800.0,18.240927835648144,24.176368450803615,32.72191521255231,61.58911432531086,65877.94262411166,1054.037799242159,6996.825994184961,39448.79761779477,3959.8394189393152,43408.637036734086,43025.850950720094,43025.8509076942,38787.57754804719,1418.8149168256914,lexicographic,0.7808955000073183,0.0,1,0
2025-04-04,False,2,1.0,10,0.8,14,2025-03-28;2025-03-21,2025-03-28;2025-03-21;2025-03-27;2025-03-20;2025-04-03;2025-03-13;2025-03-07;2025-02-28;2025-03-26;2025-03-25,2025-04-03;2025-04-02;2025-04-01;2025-03-31;2025-03-28;2025-03-27;2025-03-26;2025-03-25;2025-03-24;2025-03-21;2025-03-20;2025-03-19;2025-03-18;2025-03-17,2025-04-03,9600.0,10800.0,10800.0,17.381484548611112,21.243859343999443,30.93554518101227,60.30251734951855,29904.14788647821,516.7629857368239,19936.77529395334,14913.341360285343,1775.3060026914704,16688.647362976815,16960.901119186612,16960.901102225704,38613.33328501935,1270.1611576073165,lexicographic,0.6116068999981508,0.0,1,0
2025-04-05,False,2,1.0,10,0.8,14,2025-03-29;2025-03-22,2025-03-29;2025-03-22;2025-03-15;2025-03-08;2025-03-30;2025-03-23;2025-03-01;2025-03-09;2025-02-22;2025-03-16,2025-03-30;2025-03-29;2025-03-23;2025-03-22;2025-03-16;2025-03-15;2025-03-09;2025-03-08;2025-03-02;2025-03-01;2025-02-23;2025-02-22;2025-02-16;2025-02-15,2025-04-04,9600.0,10800.0,10800.0,18.842342592592583,23.532260149619994,24.911813750457814,46.07819631787529,29719.142826058385,1035.0053957291543,14656.69991003979,14835.632846261076,3420.2849799622936,18255.91782622337,16665.578154196235,16665.57813753067,38613.33328647422,1408.63334830852,lexicographic,0.6908475999953225,4.365859710439965e-16,1,0
2025-04-06,False,2,1.0,10,0.8,14,2025-03-30;2025-03-23,2025-03-30;2025-03-23;2025-03-09;2025-03-16;2025-03-02;2025-04-05;2025-03-29;2025-03-22;2025-03-15;2025-02-23,2025-04-05;2025-03-30;2025-03-29;2025-03-23;2025-03-22;2025-03-16;2025-03-15;2025-03-09;2025-03-08;2025-03-02;2025-03-01;2025-02-23;2025-02-22;2025-02-16,2025-04-05,9600.0,10800.0,10800.0,17.06895665509259,21.423353847970258,19.88556019739335,36.76036920680069,63875.65683387961,892.0736771113363,6212.516784890945,38037.98272684097,3262.052358837526,41300.0350856785,41176.982337600726,41176.98229642377,39487.888429338636,1409.4374552363224,lexicographic,0.6710166999837384,0.0,1,0
2025-04-07,False,2,1.0,10,0.8,14,2025-03-31;2025-03-24,2025-03-31;2025-03-24;2025-03-17;2025-03-25;2025-04-01;2025-03-10;2025-03-18;2025-04-04;2025-03-28;2025-03-26,2025-04-04;2025-04-03;2025-04-02;2025-04-01;2025-03-31;2025-03-28;2025-03-27;2025-03-26;2025-03-25;2025-03-24;2025-03-21;2025-03-20;2025-03-19;2025-03-18,2025-04-06,9600.0,10800.0,10800.0,16.76521018518519,22.18230346168669,33.7957380191833,61.321103839301884,63136.122284077035,1191.962599190384,7016.218669009741,37502.95284072112,4055.6183238458825,41558.571164567,40805.533123011075,40805.533082205526,38763.97865775302,1415.0070387471271,lexicographic,1.185486200003652,0.0,1,0
2025-04-08,False,2,1.0,10,0.8,14,2025-03-25;2025-03-18,2025-03-25;2025-03-18;2025-04-01;2025-04-07;2025-03-31;2025-03-24;2025-03-26;2025-03-17;2025-03-27;2025-03-19,2025-04-07;2025-04-04;2025-04-03;2025-04-02;2025-04-01;2025-03-31;2025-03-28;2025-03-27;2025-03-26;2025-03-25;2025-03-24;2025-03-21;2025-03-20;2025-03-19,2025-04-07,9600.0,10800.0,10800.0,16.528788888888887,20.30159139009534,37.99009758166787,71.14824135741844,63643.92654948511,1421.1644019914374,6659.1708829876325,37735.74188871745,6068.901173256904,43804.643061974355,40879.727076792245,40879.72703591252,38607.55198841204,1399.6525096468486,lexicographic,0.7372822999896016,0.0,1,0
2025-04-09,False,2,1.0,10,0.8,14,2025-03-27;2025-04-08,2025-03-27;2025-04-08;2025-03-26;2025-04-01;2025-03-20;2025-03-25;2025-03-19;2025-03-18;2025-04-03;2025-04-02,2025-04-08;2025-04-07;2025-04-04;2025-04-03;2025-04-02;2025-04-01;2025-03-31;2025-03-28;2025-03-27;2025-03-26;2025-03-25;2025-03-24;2025-03-21;2025-03-20,2025-04-08,9600.0,10800.0,10800.0,18.16290185185185,22.8494292914482,34.92650295486736,62.67944713536406,64088.77409786362,2298.146692967584,3177.6415966854747,38262.49516001452,7278.987267603565,45541.48242761809,41825.93337593488,41825.93333410894,38819.43369072171,1424.6808614319507,lexicographic,1.0289347000070848,0.0,1,0
2025-04-10,False,2,1.0,10,0.8,14,2025-04-03;2025-03-27,2025-04-03;2025-03-27;2025-03-20;2025-03-13;2025-03-26;2025-04-02;2025-04-09;2025-04-04;2025-03-21;2025-03-19,2025-04-09;2025-04-08;2025-04-07;2025-04-04;2025-04-03;2025-04-02;2025-04-01;2025-03-31;2025-03-28;2025-03-27;2025-03-26;2025-03-25;2025-03-24;2025-03-21,2025-04-09,9600.0,10800.0,10800.0,16.579122453703704,21.20889123908624,32.26812101642767,61.64278486661977,65732.30736821226,858.9902775378591,8011.8937720857175,38913.80864306017,3319.194582049649,42233.00322510982,42548.30149831545,42548.30145576711,39236.66532806626,1430.6859149421089,lexicographic,1.0778280000085942,0.0,1,0
2025-04-11,False,2,1.0,10,0.8,14,2025-04-04;2025-03-28,2025-04-04;2025-03-28;2025-03-27;2025-03-21;2025-04-10;2025-03-20;2025-04-09;2025-04-03;2025-03-13;2025-04-08,2025-04-10;2025-04-09;2025-04-08;2025-04-07;2025-04-04;2025-04-03;2025-04-02;2025-04-01;2025-03-31;2025-03-28;2025-03-27;2025-03-26;2025-03-25;2025-03-24,2025-04-10,9600.0,10800.0,10800.0,19.51916765046296,23.911265077692573,34.69855815638016,62.508682540442344,29061.91981131994,893.936188744861,20585.872500064805,14367.994024810185,3110.9382587366317,17478.932283546816,16614.82958226849,16614.829565653657,38613.33333333333,1259.3831940398304,lexicographic,0.7711858999973629,0.0,1,0
2025-04-12,False,2,1.0,10,0.8,14,2025-04-05;2025-03-29,2025-04-05;2025-03-29;2025-03-22;2025-03-15;2025-03-08;2025-03-30;2025-04-06;2025-03-23;2025-03-01;2025-02-22,2025-04-06;2025-04-05;2025-03-30;2025-03-29;2025-03-23;2025-03-22;2025-03-16;2025-03-15;2025-03-09;2025-03-08;2025-03-02;2025-03-01;2025-02-23;2025-02-22,2025-04-11,9600.0,10800.0,10800.0,17.51737199074074,22.273986751254604,28.201044763294323,45.42175881426202,29242.971587700456,429.96587594846346,16593.02548015848,14496.832112855027,1315.6326350412464,15812.464747896272,16454.73219779051,16454.73218133579,38626.84260325103,1393.4433333333363,lexicographic,0.8962228000164032,0.0,1,0
2025-04-13,False,2,1.0,10,0.8,14,2025-04-06;2025-03-30,2025-04-06;2025-03-30;2025-03-23;2025-03-09;2025-03-16;2025-03-02;2025-04-05;2025-03-29;2025-04-12;2025-03-22,2025-04-12;2025-04-06;2025-04-05;2025-03-30;2025-03-29;2025-03-23;2025-03-22;2025-03-16;2025-03-15;2025-03-09;2025-03-08;2025-03-02;2025-03-01;2025-02-23,2025-04-12,9600.0,10800.0,10800.0,19.865640509259258,24.18481927874625,21.424263370832495,40.110708800804,62497.84897892118,1232.0505963341504,5524.130943914752,36890.69039281379,5213.206634095146,42103.89702690893,39774.75595950026,39774.755919725525,37432.80193627958,1414.5221736183998,lexicographic,0.7057193000218831,0.0,1,0
2025-04-14,False,2,1.0,10,0.8,14,2025-04-07;2025-03-31,2025-04-07;2025-03-31;2025-03-24;2025-03-17;2025-04-01;2025-04-08;2025-03-25;2025-03-10;2025-03-18;2025-04-09,2025-04-11;2025-04-10;2025-04-09;2025-04-08;2025-04-07;2025-04-04;2025-04-03;2025-04-02;2025-04-01;2025-03-31;2025-03-28;2025-03-27;2025-03-26;2025-03-25,2025-04-13,9600.0,10800.0,10800.0,19.029334895833326,24.18164130070125,32.93245366021154,54.50070473694976,64451.7599753503,867.6267025090976,8668.436683944026,38043.9288794274,3292.305843134456,41336.23472256186,41574.19581694298,41574.19577536882,39276.220689404436,1422.5124483173825,lexicographic,0.8092882999917492,0.0,1,0
2025-04-15,False,2,1.0,10,0.8,14,2025-04-08;2025-04-01,2025-04-08;2025-04-01;2025-03-25;2025-04-09;2025-03-18;2025-04-14;2025-04-07;2025-03-31;2025-03-24;2025-03-26,2025-04-14;2025-04-11;2025-04-10;2025-04-09;2025-04-08;2025-04-07;2025-04-04;2025-04-03;2025-04-02;2025-04-01;2025-03-31;2025-03-28;2025-03-27;2025-03-26,2025-04-14,9600.0,10800.0,10800.0,19.032147453703708,23.16485518521193,36.8122684199213,66.16034134722666,62672.15783034761,457.1995361924897,8896.858074764265,37017.5194622717,1956.8480371458936,38974.367499417596,40437.62767474032,40437.62763430272,38991.881735689174,1412.6749901367511,lexicographic,0.8995046000054572,0.0,1,0
2025-04-16,False,2,1.0,10,0.8,14,2025-04-09;2025-04-15,2025-04-09;2025-04-15;2025-04-08;2025-03-27;2025-04-10;2025-04-01;2025-03-20;2025-03-26;2025-03-25;2025-03-18,2025-04-15;2025-04-14;2025-04-11;2025-04-10;2025-04-09;2025-04-08;2025-04-07;2025-04-04;2025-04-03;2025-04-02;2025-04-01;2025-03-31;2025-03-28;2025-03-27,2025-04-15,9600.0,10800.0,10800.0,16.580488310185174,20.84827067197163,32.00598800000492,60.771568329714526,61146.92243821048,2360.1796399607474,3767.416582998041,36460.64047459708,7130.642989564412,43591.28346416149,39833.326203120814,39833.3261632875,37725.10166717625,1405.0383254523315,lexicographic,1.014869100006763,0.0,1,0
2025-04-17,False,2,1.0,10,0.8,14,2025-04-10;2025-03-27,2025-04-10;2025-03-27;2025-04-03;2025-03-20;2025-04-09;2025-04-16;2025-04-04;2025-03-26;2025-03-13;2025-04-02,2025-04-16;2025-04-15;2025-04-14;2025-04-11;2025-04-10;2025-04-09;2025-04-08;2025-04-07;2025-04-04;2025-04-03;2025-04-02;2025-04-01;2025-03-31;2025-03-28,2025-04-16,9600.0,10800.0,10800.0,15.033866145833324,18.349720537417397,26.75288320855106,49.33288636352143,64744.53142127684,374.2996495182194,8142.57883386584,38172.054212161485,1474.647407608033,39646.70161976952,41599.976663806796,41599.97662220687,39133.24681758905,1412.8714639182313,lexicographic,0.9799272999807727,0.0,1,0
2025-04-18,False,2,1.0,10,0.8,14,2025-04-04;2025-04-11,2025-04-04;2025-04-11;2025-03-28;2025-04-17;2025-03-21;2025-04-10;2025-03-27;2025-04-03;2025-03-20;2025-04-09,2025-04-17;2025-04-16;2025-04-15;2025-04-14;2025-04-11;2025-04-10;2025-04-09;2025-04-08;2025-04-07;2025-04-04;2025-04-03;2025-04-02;2025-04-01;2025-03-31,2025-04-17,9600.0,10800.0,10800.0,17.56750509259259,22.523877799712373,22.571112641548574,39.64178305809866,28595.668303522,546.5445555596121,18734.762347219657,14068.50749531784,1693.5087638050536,15762.016259122893,16449.667732929825,16449.667716480166,38613.333287562185,1254.1670572254216,lexicographic,0.7823639000125695,0.0,1,0
2025-04-19,False,2,1.0,10,0.8,14,2025-04-05;2025-04-12,2025-04-05;2025-04-12;2025-03-29;2025-03-22;2025-03-15;2025-03-08;2025-04-13;2025-04-06;2025-03-30;2025-03-01,2025-04-13;2025-04-12;2025-04-06;2025-04-05;2025-03-30;2025-03-29;2025-03-23;2025-03-22;2025-03-16;2025-03-15;2025-03-09;2025-03-08;2025-03-02;2025-03-01,2025-04-18,9600.0,10800.0,10800.0,17.925953125000003,23.014877211808642,25.684417563100126,43.124646138401324,28794.13200106816,546.6809547703987,18502.800372505226,14251.892434074329,1808.6115993453982,16060.504033419727,16130.067303942731,16130.067287812668,38613.33333333333,1394.6208333333361,lexicographic,1.102127299993299,0.0,1,0
2025-04-20,False,2,1.0,10,0.8,14,2025-04-13;2025-04-06,2025-04-13;2025-04-06;2025-03-30;2025-03-23;2025-03-09;2025-03-16;2025-04-19;2025-04-05;2025-04-12;2025-03-02,2025-04-19;2025-04-13;2025-04-12;2025-04-06;2025-04-05;2025-03-30;2025-03-29;2025-03-23;2025-03-22;2025-03-16;2025-03-15;2025-03-09;2025-03-08;2025-03-02,2025-04-19,9600.0,10800.0,10800.0,16.921446469907405,21.727004051443274,24.018600201260636,43.97845771796112,60931.348052622474,808.6173265208062,5773.761698425249,35916.12555364317,2735.7568641953003,38651.88241783847,38683.483450570806,38683.48341188734,38185.84433298062,1413.076073422641,lexicographic,0.8334129999857396,0.0,1,0
2025-04-21,False,2,1.0,10,0.8,14,2025-04-14;2025-04-07,2025-04-14;2025-04-07;2025-03-31;2025-03-24;2025-04-15;2025-04-08;2025-03-17;2025-04-01;2025-03-25;2025-03-10,2025-04-18;2025-04-17;2025-04-16;2025-04-15;2025-04-14;2025-04-11;2025-04-10;2025-04-09;2025-04-08;2025-04-07;2025-04-04;2025-04-03;2025-04-02;2025-04-01,2025-04-20,9600.0,10800.0,10800.0,20.03395931712963,24.888497124949158,37.58414287208515,65.31490131063629,60669.87352674656,744.3037059252897,8985.191343650029,35712.018583050434,2501.5135562289743,38213.53213927941,38993.28698574945,38993.28694675618,37267.66665945359,1408.5290907835788,lexicographic,0.9443420000025071,0.0,1,0
2025-04-22,False,2,1.0,10,0.8,14,2025-04-08;2025-04-15,2025-04-08;2025-04-15;2025-04-16;2025-04-09;2025-04-21;2025-03-25;2025-04-07;2025-03-18;2025-04-01;2025-03-31,2025-04-21;2025-04-18;2025-04-17;2025-04-16;2025-04-15;2025-04-14;2025-04-11;2025-04-10;2025-04-09;2025-04-08;2025-04-07;2025-04-04;2025-04-03;2025-04-02,2025-04-21,9600.0,10800.0,10800.0,18.553381944444432,22.81164258438334,25.510747710655544,49.47587877317327,58237.913051803844,1883.4892785907878,4168.866885224198,34606.272926580066,5851.582356700249,40457.85528328032,37847.88163027154,37847.88159242364,36196.24785574647,1416.193330311536,lexicographic,1.1085301999992225,0.0,1,0
2025-04-23,False,2,1.0,10,0.8,14,2025-04-09;2025-04-16,2025-04-09;2025-04-16;2025-04-17;2025-04-15;2025-04-10;2025-03-26;2025-03-27;2025-04-08;2025-04-02;2025-04-22,2025-04-22;2025-04-21;2025-04-18;2025-04-17;2025-04-16;2025-04-15;2025-04-14;2025-04-11;2025-04-10;2025-04-09;2025-04-08;2025-04-07;2025-04-04;2025-04-03,2025-04-22,9600.0,10800.0,10800.0,19.41100763888889,23.641113764293824,22.668722472856395,39.23734032714314,60960.062804475965,788.5913112793014,6486.287217402342,35961.91699856111,2457.176263664463,38419.09326222557,39104.06456485775,39104.06452575376,36794.920151853396,1419.611002486701,lexicographic,0.8184505999961402,0.0,1,0
2025-04-24,False,2,1.0,10,0.8,14,2025-04-17;2025-04-10,2025-04-17;2025-04-10;2025-04-23;2025-03-27;2025-04-09;2025-04-16;2025-04-18;2025-04-03;2025-03-20;2025-04-04,2025-04-23;2025-04-22;2025-04-21;2025-04-18;2025-04-17;2025-04-16;2025-04-15;2025-04-14;2025-04-11;2025-04-10;2025-04-09;2025-04-08;2025-04-07;2025-04-04,2025-04-23,9600.0,10800.0,10800.0,16.783579803240748,21.131011136368933,37.05288750537645,68.37502616425023,60171.18388212402,566.1307868009101,9781.127449694295,35491.81803632001,2230.6057764963953,37722.4238128164,38658.028217625324,38658.02817896735,36829.50389372358,1402.6577858151982,lexicographic,0.9764907000062522,0.0,1,0
2025-04-25,False,2,1.0,10,0.8,14,2025-04-18;2025-04-11,2025-04-18;2025-04-11;2025-04-04;2025-04-24;2025-03-28;2025-04-17;2025-03-27;2025-04-10;2025-03-21;2025-04-23,2025-04-24;2025-04-23;2025-04-22;2025-04-21;2025-04-18;2025-04-17;2025-04-16;2025-04-15;2025-04-14;2025-04-11;2025-04-10;2025-04-09;2025-04-08;2025-04-07,2025-04-24,9600.0,10800.0,10800.0,18.838371527777777,22.509333192604245,23.186227912338197,41.00316235624466,27399.60395056626,525.4519984887158,21871.364965721645,13157.313827095204,1987.2570936995594,15144.570920794764,15400.880803962797,15400.880788561919,38613.33333333333,1255.1018218062152,lexicographic,0.9461528999963775,3.543283196302906e-16,1,0
2025-04-26,False,2,1.0,10,0.8,14,2025-04-12;2025-04-05,2025-04-12;2025-04-05;2025-04-19;2025-03-29;2025-03-22;2025-03-15;2025-03-08;2025-04-20;2025-04-13;2025-03-30,2025-04-20;2025-04-19;2025-04-13;2025-04-12;2025-04-06;2025-04-05;2025-03-30;2025-03-29;2025-03-23;2025-03-22;2025-03-16;2025-03-15;2025-03-09;2025-03-08,2025-04-25,9600.0,10800.0,10800.0,19.14991504629629,23.746140280623976,53.996965807724834,98.33885818139652,28123.095028341428,653.0408833333332,24652.6089493699,13776.040685137243,2411.516853225,16187.557538362242,15616.407711956244,15616.407696339837,38613.33329178146,1394.6200157259045,lexicographic,0.5643388999742456,0.0,1,0
2025-04-27,False,2,1.0,10,0.8,14,2025-04-20;2025-03-30,2025-04-20;2025-03-30;2025-04-06;2025-04-13;2025-03-23;2025-04-12;2025-04-26;2025-04-05;2025-03-29;2025-04-19,2025-04-26;2025-04-20;2025-04-19;2025-04-13;2025-04-12;2025-04-06;2025-04-05;2025-03-30;2025-03-29;2025-03-23;2025-03-22;2025-03-16;2025-03-15;2025-03-09,2025-04-26,9600.0,10800.0,10800.0,20.757893749999994,25.372061714929835,17.39102965826681,33.67038327155802,55391.99572436247,1214.4521075248197,4193.141168589527,32937.18339317529,4798.913809735268,37736.09720291056,35933.23671026579,35933.23667433253,36579.4853617664,1423.0899603769049,lexicographic,1.281343700014986,0.0,1,0
2025-04-28,False,2,1.0,10,0.8,14,2025-04-21;2025-04-07,2025-04-21;2025-04-07;2025-04-22;2025-03-31;2025-04-14;2025-04-08;2025-04-15;2025-03-24;2025-03-25;2025-03-17,2025-04-25;2025-04-24;2025-04-23;2025-04-22;2025-04-21;2025-04-18;2025-04-17;2025-04-16;2025-04-15;2025-04-14;2025-04-11;2025-04-10;2025-04-09;2025-04-08,2025-04-27,9600.0,10800.0,10800.0,18.804678414351844,23.087550974862747,51.56895953725003,88.90755213473393,58113.34189899767,4218.487322256532,1956.5244600177402,34174.15475529868,15836.790264519042,50010.94501981772,37475.27834449269,37475.27830701739,35755.47776142799,1417.0607302537965,lexicographic,0.8464416000060737,1.9415353115125433e-16,1,0
2025-04-29,False,2,1.0,10,0.8,14,2025-04-15;2025-04-01,2025-04-15;2025-04-01;2025-03-25;2025-04-08;2025-04-23;2025-04-14;2025-04-21;2025-03-18;2025-04-22;2025-04-09,2025-04-28;2025-04-25;2025-04-24;2025-04-23;2025-04-22;2025-04-21;2025-04-18;2025-04-17;2025-04-16;2025-04-15;2025-04-14;2025-04-11;2025-04-10;2025-04-09,2025-04-28,9600.0,10800.0,10800.0,14.028157291666666,17.735081032328686,34.24976839043552,53.32240571865772,59287.3488349011,876.0533690209302,9000.031263109619,34962.09819843255,3308.296299419383,38270.39449785193,38270.05977037802,38270.05973210794,35534.65566159897,1403.0933303669672,lexicographic,1.009921899996698,1.9012140731201993e-16,1,0
2025-04-30,False,2,1.0,10,0.8,14,2025-04-23;2025-04-16,2025-04-23;2025-04-16;2025-04-09;2025-04-24;2025-04-17;2025-04-15;2025-04-22;2025-04-08;2025-04-29;2025-03-27,2025-04-29;2025-04-28;2025-04-25;2025-04-24;2025-04-23;2025-04-22;2025-04-21;2025-04-18;2025-04-17;2025-04-16;2025-04-15;2025-04-14;2025-04-11;2025-04-10,2025-04-29,9600.0,10800.0,10800.0,17.707478935185172,22.28639310762059,33.49759742865675,54.614513597881356,57405.75997508667,1124.442598685735,6630.583406290612,34023.755280841,4247.30595005421,38271.061230895204,37464.340271753244,37464.34023428889,34702.12720425638,1409.6066538750001,lexicographic,1.6118285999982618,1.942102161330516e-16,1,0
2025-05-01,False,2,1.0,10,0.8,14,2025-04-24;2025-04-17,2025-04-24;2025-04-17;2025-04-30;2025-04-23;2025-04-10;2025-04-16;2025-03-27;2025-04-25;2025-04-09;2025-04-18,2025-04-30;2025-04-29;2025-04-28;2025-04-25;2025-04-24;2025-04-23;2025-04-22;2025-04-21;2025-04-18;2025-04-17;2025-04-16;2025-04-15;2025-04-14;2025-04-11,2025-04-30,9600.0,10800.0,10800.0,34.69009571759258,46.025785470484266,33.63651340368239,57.59815011516701,57066.28172099934,4291.7220490166,6746.007047601433,33589.29687794221,19167.91696095187,52757.21383889408,36849.21299020501,36849.212953355775,34300.6233661592,1404.5327887350136,lexicographic,1.520414400001755,1.974521850274911e-16,1,0
2025-05-02,False,2,1.0,10,0.8,14,2025-04-25;2025-04-18,2025-04-25;2025-04-18;2025-04-11;2025-04-04;2025-04-24;2025-05-01;2025-03-28;2025-04-17;2025-03-27;2025-04-10,2025-05-01;2025-04-30;2025-04-29;2025-04-28;2025-04-25;2025-04-24;2025-04-23;2025-04-22;2025-04-21;2025-04-18;2025-04-17;2025-04-16;2025-04-15;2025-04-14,2025-05-01,9600.0,10800.0,10800.0,30.545415798611106,41.73850642402507,61.387181876367976,106.69175023779297,27125.797034892832,5222.800022268341,14004.943645128158,13069.053737530932,22755.37706461057,35824.430802141505,16120.915107514058,16120.915091393153,38613.33328919163,1244.6471648349457,lexicographic,0.7832065999973565,6.770047704737317e-16,1,0
2025-05-03,False,2,1.0,10,0.8,14,2025-04-19;2025-04-26,2025-04-19;2025-04-26;2025-04-12;2025-03-29;2025-04-05;2025-03-22;2025-03-15;2025-03-08;2025-03-01;2025-02-22,2025-04-27;2025-04-26;2025-04-20;2025-04-19;2025-04-13;2025-04-12;2025-04-06;2025-04-05;2025-03-30;2025-03-29;2025-03-23;2025-03-22;2025-03-16;2025-03-15,2025-05-02,9600.0,10800.0,10800.0,32.15843825231482,43.60372466085871,38.285704263736115,77.66337311598915,27313.024441029513,3155.243164934518,17547.76262678494,13235.893349681337,14113.730789405126,27349.624139086463,15213.73747888513,15213.737463671392,38613.333293758675,1397.9941833328066,lexicographic,0.7523749999818392,0.0,1,0
2025-05-04,False,2,1.0,10,0.8,14,2025-04-20;2025-04-13,2025-04-20;2025-04-13;2025-04-06;2025-03-30;2025-04-27;2025-03-23;2025-03-09;2025-03-16;2025-04-26;2025-05-03,2025-05-03;2025-04-27;2025-04-26;2025-04-20;2025-04-19;2025-04-13;2025-04-12;2025-04-06;2025-04-05;2025-03-30;2025-03-29;2025-03-23;2025-03-22;2025-03-16,2025-05-03,9600.0,10800.0,10800.0,35.04602528935186,45.14596629316019,37.455248277601186,61.35955635744271,57692.20077530326,3684.597834311152,5890.584734613971,34080.585006551235,15500.347020441768,49580.932026993,37843.266721927306,37843.26668408403,35738.41705482871,1399.6444293018667,lexicographic,1.0716031000192743,0.0,1,0
2025-05-05,False,2,1.0,10,0.8,14,2025-04-21;2025-04-14,2025-04-21;2025-04-14;2025-04-07;2025-03-31;2025-04-28;2025-04-15;2025-04-29;2025-03-24;2025-04-22;2025-04-08,2025-05-02;2025-05-01;2025-04-30;2025-04-29;2025-04-28;2025-04-25;2025-04-24;2025-04-23;2025-04-22;2025-04-21;2025-04-18;2025-04-17;2025-04-16;2025-04-15,2025-05-04,9600.0,10800.0,10800.0,31.501066435185173,41.271954928006984,37.766242504386575,61.67825280820115,62592.78083621801,3470.2965996375237,7182.4755336946755,36871.58108995651,15527.808392399507,52399.38948235602,41798.032515256025,41798.03247345801,36243.77439426922,1402.1034548397934,lexicographic,0.912534200004302,1.740741653044004e-16,1,0
2025-05-06,False,2,1.0,10,0.8,14,2025-04-22;2025-04-29,2025-04-22;2025-04-29;2025-04-15;2025-04-08;2025-04-23;2025-04-30;2025-05-05;2025-03-25;2025-04-28;2025-04-21,2025-05-05;2025-05-02;2025-05-01;2025-04-30;2025-04-29;2025-04-28;2025-04-25;2025-04-24;2025-04-23;2025-04-22;2025-04-21;2025-04-18;2025-04-17;2025-04-16,2025-05-05,9600.0,10800.0,10800.0,34.48717349537036,44.93239497344048,28.035210148018976,51.86785142098112,62229.33508256472,3108.0258999272755,8560.007978218964,36491.74832056152,13058.259412753228,49550.00773331475,41955.37886398885,41955.3788220335,37221.89396877645,1409.9874905845954,lexicographic,1.0332935000187717,0.0,1,0
2025-05-07,False,2,1.0,10,0.8,14,2025-04-30;2025-04-23,2025-04-30;2025-04-23;2025-04-16;2025-04-09;2025-04-24;2025-05-01;2025-05-06;2025-04-22;2025-04-17;2025-04-15,2025-05-06;2025-05-05;2025-05-02;2025-05-01;2025-04-30;2025-04-29;2025-04-28;2025-04-25;2025-04-24;2025-04-23;2025-04-22;2025-04-21;2025-04-18;2025-04-17,2025-05-06,9600.0,10800.0,10800.0,30.37463836805554,42.74025102677675,22.991400383840332,39.598888807880705,60315.191601157,3209.2291593921545,4489.735461719044,35517.720361427084,14663.371863686192,50181.09222511327,41616.18072317294,41616.18068155672,37789.36432306584,1438.8708196891694,lexicographic,1.5808411999896634,0.0,1,0
2025-05-08,False,2,1.0,10,0.8,14,2025-04-24;2025-05-01,2025-04-24;2025-05-01;2025-05-07;2025-04-17;2025-05-02;2025-04-23;2025-04-30;2025-04-10;2025-03-27;2025-04-25,2025-05-07;2025-05-06;2025-05-05;2025-05-02;2025-05-01;2025-04-30;2025-04-29;2025-04-28;2025-04-25;2025-04-24;2025-04-23;2025-04-22;2025-04-21;2025-04-18,2025-05-07,9600.0,10800.0,10800.0,25.25616059027778,34.98283400749869,30.084578488146082,50.418036899937064,64062.01887974639,1836.9369574347857,6097.677116863371,38663.2086761756,7538.771344092386,46201.98002026798,45320.19054954816,45320.19050422794,37864.87915671166,1439.5299915013047,lexicographic,1.075999499997124,3.210912193100622e-16,1,0
2025-05-09,False,2,1.0,10,0.8,14,2025-05-02;2025-04-18,2025-05-02;2025-04-18;2025-04-25;2025-05-08;2025-04-04;2025-05-01;2025-04-24;2025-04-17;2025-04-11;2025-03-28,2025-05-08;2025-05-07;2025-05-06;2025-05-05;2025-05-02;2025-05-01;2025-04-30;2025-04-29;2025-04-28;2025-04-25;2025-04-24;2025-04-23;2025-04-22;2025-04-21,2025-05-08,9600.0,10800.0,10800.0,22.367690567129628,30.043903198608103,24.33149148396611,44.324108024170314,29012.875228389385,1315.2378264668614,17771.62970464239,14678.485500796654,6302.841192578769,20981.326693375424,20278.43225626066,20278.432235982218,38649.191975721464,1272.7940624086364,lexicographic,1.2265072999871336,3.5880276786254245e-16,1,0
2025-05-10,False,2,1.0,10,0.8,14,2025-05-03;2025-04-26,2025-05-03;2025-04-26;2025-04-19;2025-04-12;2025-04-05;2025-03-29;2025-03-22;2025-03-15;2025-03-08;2025-05-04,2025-05-04;2025-05-03;2025-04-27;2025-04-26;2025-04-20;2025-04-19;2025-04-13;2025-04-12;2025-04-06;2025-04-05;2025-03-30;2025-03-29;2025-03-23;2025-03-22,2025-05-09,9600.0,10800.0,10800.0,26.114332118055543,32.189296274911186,43.55729693126165,79.36654192204495,28377.68066330359,1835.8798372629096,14039.18188931314,14210.80567875056,7620.7947216262655,21831.600400376825,17547.559613510817,17547.55959596325,38613.33328176444,1410.2483499985156,lexicographic,0.9200404000002891,0.0,1,0
2025-05-11,False,2,1.0,10,0.8,14,2025-05-04;2025-04-20,2025-05-04;2025-04-20;2025-04-13;2025-04-06;2025-03-30;2025-03-23;2025-04-27;2025-03-09;2025-03-16;2025-03-02,2025-05-10;2025-05-04;2025-05-03;2025-04-27;2025-04-26;2025-04-20;2025-04-19;2025-04-13;2025-04-12;2025-04-06;2025-04-05;2025-03-30;2025-03-29;2025-03-23,2025-05-10,9600.0,10800.0,10800.0,26.949464178240735,34.93127691001345,42.44193154718347,76.12920492995589,59216.85636990047,3399.1368347658045,3528.380188224063,35311.72005955686,15429.080084086445,50740.800143643304,40317.790229249666,40317.790188931875,34328.40220487943,1421.663330971463,lexicographic,1.3648287999967579,0.0,1,0
2025-05-12,False,2,1.0,10,0.8,14,2025-05-05;2025-04-21,2025-05-05;2025-04-21;2025-04-14;2025-04-07;2025-05-06;2025-04-28;2025-03-31;2025-04-29;2025-03-24;2025-04-15,2025-05-09;2025-05-08;2025-05-07;2025-05-06;2025-05-05;2025-05-02;2025-05-01;2025-04-30;2025-04-29;2025-04-28;2025-04-25;2025-04-24;2025-04-23;2025-04-22,2025-05-11,9600.0,10800.0,10800.0,23.85869693287036,30.366205282865355,50.76893558314319,89.12652107887149,64334.02336868139,1902.014100350795,10230.547319562866,38524.96363075616,6692.324790547605,45217.28842130376,45739.63916515677,45739.63911941704,38813.01999055865,1435.2621067738328,lexicographic,1.0337252000172157,1.5907334981781026e-16,1,0
2025-05-13,False,2,1.0,10,0.8,14,2025-05-06;2025-04-15,2025-05-06;2025-04-15;2025-04-29;2025-05-07;2025-04-22;2025-05-05;2025-05-12;2025-04-30;2025-04-23;2025-04-08,2025-05-12;2025-05-09;2025-05-08;2025-05-07;2025-05-06;2025-05-05;2025-05-02;2025-05-01;2025-04-30;2025-04-29;2025-04-28;2025-04-25;2025-04-24;2025-04-23,2025-05-12,9600.0,10800.0,10800.0,21.645269328703698,26.838873623348668,23.15955867224836,38.623144939391324,62886.802588558974,1144.4884534793587,7240.190189153211,37753.72148559044,5385.78508092059,43139.50656651103,45003.31341206065,45003.31336705724,34884.30229502852,1451.8624955370647,lexicographic,1.0988623000157531,0.0,1,0
2025-05-14,False,2,1.0,10,0.8,14,2025-05-07;2025-04-23,2025-05-07;2025-04-23;2025-04-30;2025-05-08;2025-05-13;2025-05-01;2025-04-24;2025-05-06;2025-04-09;2025-04-16,2025-05-13;2025-05-12;2025-05-09;2025-05-08;2025-05-07;2025-05-06;2025-05-05;2025-05-02;2025-05-01;2025-04-30;2025-04-29;2025-04-28;2025-04-25;2025-04-24,2025-05-13,9600.0,10800.0,10800.0,21.89112366898148,27.390991603387818,22.38187840137116,38.7661730383163,64656.16733552863,1230.404692165879,8916.68397573434,38482.0018525533,5180.597465066677,43662.59931761998,45943.50735073416,45943.507304790546,37683.62145376096,1433.9483238017456,lexicographic,1.2122532999783289,0.0,1,0
2025-05-15,False,2,1.0,10,0.8,14,2025-05-08;2025-05-01,2025-05-08;2025-05-01;2025-04-24;2025-05-14;2025-05-07;2025-04-17;2025-05-09;2025-04-23;2025-05-02;2025-04-30,2025-05-14;2025-05-13;2025-05-12;2025-05-09;2025-05-08;2025-05-07;2025-05-06;2025-05-05;2025-05-02;2025-05-01;2025-04-30;2025-04-29;2025-04-28;2025-04-25,2025-05-14,9600.0,10800.0,10800.0,23.557369444444426,30.192455031584355,24.21664588197716,42.81417255811482,65646.58775096835,826.4904484800354,9799.752750701191,39741.23318926174,2908.0463447977163,42649.27953405945,47458.45189331405,47458.451845855496,37231.38720736352,1467.9533431763348,lexicographic,0.9393899999849964,0.0,1,0
2025-05-16,False,2,1.0,10,0.8,14,2025-05-02;2025-05-09,2025-05-02;2025-05-09;2025-04-25;2025-04-18;2025-05-08;2025-05-15;2025-04-11;2025-04-04;2025-05-01;2025-04-24,2025-05-15;2025-05-14;2025-05-13;2025-05-12;2025-05-09;2025-05-08;2025-05-07;2025-05-06;2025-05-05;2025-05-02;2025-05-01;2025-04-30;2025-04-29;2025-04-28,2025-05-15,9600.0,10800.0,10800.0,22.92893466435185,29.03291552233018,41.418747860018634,64.173344408802,30468.22292043828,895.9180999999991,24595.263185333086,16092.982845340783,3080.2571098916637,19173.239955232446,22485.42696582603,22485.42694334061,38613.69503266875,1282.6042903643079,lexicographic,1.1272219000093173,1.6179273874846987e-16,1,0
2025-05-17,False,2,1.0,10,0.8,14,2025-05-10;2025-04-26,2025-05-10;2025-04-26;2025-04-12;2025-04-19;2025-04-05;2025-05-03;2025-03-29;2025-03-22;2025-03-15;2025-05-04,2025-05-11;2025-05-10;2025-05-04;2025-05-03;2025-04-27;2025-04-26;2025-04-20;2025-04-19;2025-04-13;2025-04-12;2025-04-06;2025-04-05;2025-03-30;2025-03-29,2025-05-16,9600.0,10800.0,10800.0,25.589526331018515,32.27812215173546,36.494861145244855,62.61018236207915,28522.522182445835,1824.287988794753,15844.677754573924,14240.94050213867,7590.703461268564,21831.643963407234,18339.010019192654,18339.010000853632,38613.33333333333,1404.5788399614285,lexicographic,1.1228284999961033,0.0,1,0
2025-05-18,False,2,1.0,10,0.8,14,2025-05-11;2025-05-04,2025-05-11;2025-05-04;2025-04-20;2025-04-13;2025-04-06;2025-03-30;2025-04-27;2025-03-23;2025-03-09;2025-03-16,2025-05-17;2025-05-11;2025-05-10;2025-05-04;2025-05-03;2025-04-27;2025-04-26;2025-04-20;2025-04-19;2025-04-13;2025-04-12;2025-04-06;2025-04-05;2025-03-30,2025-05-17,9600.0,10800.0,10800.0,22.110695196759252,28.14363259092782,33.626125189294015,60.94142671945794,64991.999441285654,1526.2097484871583,8879.175556249951,39076.197431744506,4336.685264489231,43412.88269623373,44840.64515152812,44840.64510668744,37751.50850355995,1446.8249921116408,lexicographic,1.02222700000857,0.0,1,0
2025-05-19,False,2,1.0,10,0.8,14,2025-05-12;2025-05-05,2025-05-12;2025-05-05;2025-05-13;2025-04-21;2025-04-14;2025-05-06;2025-04-07;2025-04-29;2025-03-31;2025-04-28,2025-05-16;2025-05-15;2025-05-14;2025-05-13;2025-05-12;2025-05-09;2025-05-08;2025-05-07;2025-05-06;2025-05-05;2025-05-02;2025-05-01;2025-04-30;2025-04-29,2025-05-18,9600.0,10800.0,10800.0,21.95756093749999,30.305215934264957,40.04259996163779,78.25822482603324,63834.86219331066,657.3385549825941,13262.660425590417,38647.3326440036,3145.070656323326,41792.40330032693,46388.68895709778,46388.688910709,35383.82120311659,1447.9399951358882,lexicographic,1.465281299984781,0.0,1,0
2025-05-20,False,2,1.0,10,0.8,14,2025-05-13;2025-04-22,2025-05-13;2025-04-22;2025-05-06;2025-05-07;2025-04-30;2025-04-15;2025-05-14;2025-05-12;2025-04-08;2025-05-05,2025-05-19;2025-05-16;2025-05-15;2025-05-14;2025-05-13;2025-05-12;2025-05-09;2025-05-08;2025-05-07;2025-05-06;2025-05-05;2025-05-02;2025-05-01;2025-04-30,2025-05-19,9600.0,10800.0,10800.0,21.638647164351863,29.762236329042306,27.48693140227884,51.37230397737732,62322.02557568736,2106.917527326984,6169.537521100294,37226.84382747559,9488.591048016828,46715.434875492414,45142.88144256488,45142.88139742194,35552.31307946187,1422.470132874304,lexicographic,1.1549264999921434,0.0,1,0
2025-05-21,False,2,1.0,10,0.8,14,2025-05-14;2025-05-07,2025-05-14;2025-05-07;2025-05-15;2025-05-08;2025-04-23;2025-05-13;2025-04-30;2025-05-01;2025-04-24;2025-04-29,2025-05-20;2025-05-19;2025-05-16;2025-05-15;2025-05-14;2025-05-13;2025-05-12;2025-05-09;2025-05-08;2025-05-07;2025-05-06;2025-05-05;2025-05-02;2025-05-01,2025-05-20,9600.0,10800.0,10800.0,20.232840451388896,25.91120825449511,34.22225474057552,58.74992733283066,65037.61069712475,717.1312376002473,10586.0015054933,39419.571320748364,2560.3590528514897,41979.930373599855,47565.08910750042,47565.08905993527,36258.35007408438,1454.4391590923406,lexicographic,1.1481689999927767,0.0,1,0
2025-05-22,False,2,1.0,10,0.8,14,2025-05-15;2025-05-08,2025-05-15;2025-05-08;2025-05-01;2025-05-14;2025-05-21;2025-05-07;2025-04-24;2025-05-16;2025-05-02;2025-04-17,2025-05-21;2025-05-20;2025-05-19;2025-05-16;2025-05-15;2025-05-14;2025-05-13;2025-05-12;2025-05-09;2025-05-08;2025-05-07;2025-05-06;2025-05-05;2025-05-02,2025-05-21,9600.0,10800.0,10800.0,21.696723263888885,29.23052285699296,16.434996120874047,30.050418449296753,62092.14696237136,526.9013262752138,8197.332587552079,37795.28581643023,1949.7187088174092,39745.00452524764,45317.245410858784,45317.2453655415,34343.177056917746,1462.5974976373466,lexicographic,0.9876604999881238,0.0,1,0
2025-05-23,False,2,1.0,10,0.8,14,2025-05-16;2025-05-09,2025-05-16;2025-05-09;2025-05-02;2025-04-25;2025-05-15;2025-05-22;2025-04-18;2025-05-08;2025-04-24;2025-05-01,2025-05-22;2025-05-21;2025-05-20;2025-05-19;2025-05-16;2025-05-15;2025-05-14;2025-05-13;2025-05-12;2025-05-09;2025-05-08;2025-05-07;2025-05-06;2025-05-05,2025-05-22,9600.0,10800.0,10800.0,20.37874675925926,25.458986006145174,19.27700107884122,35.69998518633759,29144.476339904093,697.0010524822453,19367.19518300792,15163.929429767626,2329.4594141624702,17493.388843930097,20960.127773550597,20960.12775259046,38613.33326390317,1293.3752840931593,lexicographic,1.0068482000206131,0.0,1,0
2025-05-24,False,2,1.0,10,0.8,14,2025-05-17;2025-05-10,2025-05-17;2025-05-10;2025-05-03;2025-04-26;2025-04-19;2025-04-12;2025-04-05;2025-03-29;2025-03-22;2025-03-15,2025-05-18;2025-05-17;2025-05-11;2025-05-10;2025-05-04;2025-05-03;2025-04-27;2025-04-26;2025-04-20;2025-04-19;2025-04-13;2025-04-12;2025-04-06;2025-04-05,2025-05-23,9600.0,10800.0,10800.0,20.98811869212963,26.654892675684714,50.40678290142128,93.46902270301706,29499.4550536139,762.4317580362679,22446.394012968965,15363.170211572078,2553.61759053771,17916.78780210979,19747.604733576958,19747.604713829343,38686.286640945575,1428.7608277740965,lexicographic,1.1807119000004604,0.0,1,0
2025-05-25,False,2,1.0,10,0.8,14,2025-05-18;2025-05-04,2025-05-18;2025-05-04;2025-05-11;2025-04-20;2025-04-27;2025-04-13;2025-04-06;2025-03-30;2025-05-17;2025-05-24,2025-05-24;2025-05-18;2025-05-17;2025-05-11;2025-05-10;2025-05-04;2025-05-03;2025-04-27;2025-04-26;2025-04-20;2025-04-19;2025-04-13;2025-04-12;2025-04-06,2025-05-24,9600.0,10800.0,10800.0,21.19966805555556,25.70050623982766,28.78185154352568,51.40211082774668,61538.100864483844,680.363920766958,9850.963404240852,36749.28654650165,2958.895149355086,39708.181695856736,42561.56855849849,42561.56851593689,36414.25825155096,1452.9107942160065,lexicographic,1.0308394000167027,0.0,1,0
2025-05-26,False,2,1.0,10,0.8,14,2025-05-12;2025-05-19,2025-05-12;2025-05-19;2025-05-05;2025-05-20;2025-04-28;2025-05-13;2025-04-21;2025-05-06;2025-04-22;2025-04-14,2025-05-23;2025-05-22;2025-05-21;2025-05-20;2025-05-19;2025-05-16;2025-05-15;2025-05-14;2025-05-13;2025-05-12;2025-05-09;2025-05-08;2025-05-07;2025-05-06,2025-05-25,9600.0,10800.0,10800.0,20.47439594907406,25.322999724384534,34.51233224939428,64.36925942356798,60629.63673500567,1980.6335899094565,4451.774191864496,36591.32305692175,6955.508056945851,43546.8311138676,42841.325689982055,42841.32564714067,34091.47558590335,1437.691664147997,lexicographic,1.0990787000046112,3.396700500872124e-16,1,0
2025-05-27,False,2,1.0,10,0.8,14,2025-05-13;2025-04-29,2025-05-13;2025-04-29;2025-05-21;2025-05-14;2025-05-06;2025-05-19;2025-05-12;2025-05-20;2025-04-15;2025-05-05,2025-05-26;2025-05-23;2025-05-22;2025-05-21;2025-05-20;2025-05-19;2025-05-16;2025-05-15;2025-05-14;2025-05-13;2025-05-12;2025-05-09;2025-05-08;2025-05-07,2025-05-26,9600.0,10800.0,10800.0,21.873992534722227,28.391369556498294,22.600445895832983,37.77743429943071,59272.955245897436,1643.974310233902,7954.968258587873,35437.824751871995,6500.075535280637,41937.90028715263,41138.18659533633,41138.18655419809,34024.13229238788,1410.5355562874977,lexicographic,0.9487072000047192,0.0,1,0
2025-05-28,False,2,1.0,10,0.8,14,2025-05-07;2025-05-14,2025-05-07;2025-05-14;2025-05-21;2025-05-22;2025-05-20;2025-04-30;2025-05-15;2025-05-08;2025-05-13;2025-04-23,2025-05-27;2025-05-26;2025-05-23;2025-05-22;2025-05-21;2025-05-20;2025-05-19;2025-05-16;2025-05-15;2025-05-14;2025-05-13;2025-05-12;2025-05-09;2025-05-08,2025-05-27,9600.0,10800.0,10800.0,20.47106614583332,26.62601354466708,39.63814199194876,66.29708442130978,61774.9481165798,1203.4104201100204,7151.952188024756,37378.87515330187,4330.967535004636,41709.84268830651,42637.11106644801,42637.11102381082,33843.020368861886,1454.439164338341,lexicographic,0.9855049999896437,0.0,1,0
2025-05-29,False,2,1.0,10,0.8,14,2025-05-22;2025-05-15,2025-05-22;2025-05-15;2025-05-08;2025-05-28;2025-05-21;2025-05-14;2025-05-01;2025-05-16;2025-05-07;2025-05-23,2025-05-28;2025-05-27;2025-05-26;2025-05-23;2025-05-22;2025-05-21;2025-05-20;2025-05-19;2025-05-16;2025-05-15;2025-05-14;2025-05-13;2025-05-12;2025-05-09,2025-05-28,9600.0,10800.0,10800.0,19.602797569444437,26.031448695299435,23.45137969228203,42.36992048642772,60342.000522532835,1631.8847674573203,4245.047998939954,36229.41557358373,7121.800094964892,43351.21566854862,41124.74601178586,41124.74597066106,34473.01032526772,1460.7774977816534,lexicographic,1.202161100023659,0.0,1,0
2025-05-30,False,2,1.0,10,0.8,14,2025-05-16;2025-05-23,2025-05-16;2025-05-23;2025-05-09;2025-05-29;2025-05-02;2025-05-22;2025-05-15;2025-05-08;2025-04-25;2025-04-18,2025-05-29;2025-05-28;2025-05-27;2025-05-26;2025-05-23;2025-05-22;2025-05-21;2025-05-20;2025-05-19;2025-05-16;2025-05-15;2025-05-14;2025-05-13;2025-05-12,2025-05-29,9600.0,10800.0,10800.0,20.056470254629623,25.30594934965448,33.2057219398605,64.72948794842314,28801.64297350101,843.3465561727045,18995.42293555615,14675.002378131325,3178.4288520430273,17853.431230174352,18417.134870169244,18417.134851752093,38613.333277295395,1304.746926462056,lexicographic,1.092760500003351,0.0,1,0
2025-05-31,False,2,1.0,10,0.8,14,2025-05-17;2025-05-24,2025-05-17;2025-05-24;2025-05-10;2025-04-26;2025-04-12;2025-04-05;2025-05-03;2025-04-19;2025-03-29;2025-03-22,2025-05-25;2025-05-24;2025-05-18;2025-05-17;2025-05-11;2025-05-10;2025-05-04;2025-05-03;2025-04-27;2025-04-26;2025-04-20;2025-04-19;2025-04-13;2025-04-12,2025-05-30,9600.0,10800.0,10800.0,23.605819849537042,30.204129985929626,25.619281681853035,46.79057243331556,28759.385439113918,1073.148786894781,17379.872797951346,14664.191631939833,3919.6735206149865,18583.86515255482,18995.048033553972,18995.048014558917,38709.99252254635,1417.0541611042772,lexicographic,0.9597159000113606,0.0,1,0
2025-06-01,False,2,0.95,10,0.9,14,2025-05-18;2025-05-11,2025-05-18;2025-05-11;2025-05-25;2025-05-04;2025-04-20;2025-04-27;2025-04-13;2025-04-06;2025-03-30;2025-03-23,2025-05-31;2025-05-25;2025-05-24;2025-05-18;2025-05-17;2025-05-11;2025-05-10;2025-05-04;2025-05-03;2025-04-27;2025-04-26;2025-04-20;2025-04-19;2025-04-13,2025-05-31,9600.0,10800.0,10800.0,55.94279036230955,69.75246868074797,87.8695130299942,154.17571722410457,61630.88253226605,13890.61710902437,635.0908386773709,36974.161469157276,54235.100697111906,91209.26216626918,42873.03979797504,42873.03975510197,34881.391209103276,1459.923090427789,lexicographic,1.3706491999910213,0.0,1,0
2025-06-02,False,2,0.95,10,0.9,14,2025-05-19;2025-05-12,2025-05-19;2025-05-12;2025-02-24;2025-05-27;2025-05-26;2025-02-17;2025-05-05;2025-05-06;2025-02-03;2025-01-28,2025-05-30;2025-05-29;2025-05-28;2025-05-27;2025-05-26;2025-05-23;2025-05-22;2025-05-21;2025-05-20;2025-05-19;2025-05-16;2025-05-15;2025-05-14;2025-05-13,2025-06-01,9600.0,10800.0,10800.0,58.10588974747972,71.0373126193076,68.8998216542853,112.76291731808755,60807.6539085306,13002.630128258284,1510.8061115064052,36523.17179367866,52885.207740212674,89408.37953389133,40901.49349706959,40901.49345616808,34853.650317164735,1439.4196315474549,lexicographic,1.206800399988424,1.778897785720386e-16,1,0
2025-06-03,False,2,0.95,10,0.9,14,2025-06-02;2025-05-06,2025-06-02;2025-05-06;2025-05-27;2025-05-13;2025-05-12;2025-05-20;2025-05-21;2025-05-14;2025-05-19;2025-05-26,2025-06-02;2025-05-30;2025-05-29;2025-05-28;2025-05-27;2025-05-26;2025-05-23;2025-05-22;2025-05-21;2025-05-20;2025-05-19;2025-05-16;2025-05-15;2025-05-14,2025-06-02,9600.0,10800.0,10800.0,24.18396944237769,31.121798326263278,42.81973407603507,76.50326666058274,71182.52868455884,3485.964214410874,2504.9448061074354,43779.04686225032,14839.850552038428,58618.897414288745,51018.52158971249,51018.52153869394,37830.72673551267,1545.9330210431983,lexicographic,1.0107214000017848,0.0,1,0
2025-06-04,False,2,0.95,10,0.9,14,2025-06-03;2025-06-02,2025-06-03;2025-06-02;2025-05-21;2025-05-14;2025-05-06;2025-05-28;2025-05-15;2025-01-22;2025-02-19;2025-05-07,2025-06-03;2025-06-02;2025-05-30;2025-05-29;2025-05-28;2025-05-27;2025-05-26;2025-05-23;2025-05-22;2025-05-21;2025-05-20;2025-05-19;2025-05-16;2025-05-15,2025-06-03,9600.0,10800.0,10800.0,25.40546333095916,32.523328276273894,31.648664191515095,69.30959019331378,76022.70984568105,2619.701429992188,4843.560842154356,47202.119881759376,8487.050625631848,55689.17050739122,54737.13594144961,54737.13588671245,39568.40635001329,1553.6888741252126,lexicographic,1.559784100012621,0.0,1,0
2025-06-05,False,2,0.95,10,0.9,14,2025-06-04;2025-06-03,2025-06-04;2025-06-03;2025-06-02;2025-01-30;2025-05-15;2025-05-23;2025-05-21;2025-02-27;2025-01-22;2025-01-31,2025-06-04;2025-06-03;2025-06-02;2025-05-30;2025-05-29;2025-05-28;2025-05-27;2025-05-26;2025-05-23;2025-05-22;2025-05-21;2025-05-20;2025-05-19;2025-05-16,2025-06-04,9600.0,10800.0,10800.0,23.34041139601139,30.931404408018523,32.289868422083096,54.23900270735724,78389.73484421181,1510.55674891885,4481.86000711692,48637.141113409525,5931.228621533955,54568.36973494348,56232.88460808245,56232.88455184961,40668.924002727494,1568.1921670051795,lexicographic,1.2585946000181139,0.0,1,0
2025-06-06,False,2,0.95,10,0.9,14,2025-06-05;2025-06-04,2025-06-05;2025-06-04;2025-06-02;2025-06-03;2025-05-23;2025-05-30;2025-05-09;2025-01-31;2025-02-21;2025-05-15,2025-06-05;2025-06-04;2025-06-03;2025-06-02;2025-05-30;2025-05-29;2025-05-28;2025-05-27;2025-05-26;2025-05-23;2025-05-22;2025-05-21;2025-05-20;2025-05-19,2025-06-05,9600.0,10800.0,10800.0,317.7041054872982,345.752974772969,61.647107386225834,101.80382723275332,79223.31828529105,0.0,44072.44251346022,49208.99630690553,0.0,49208.99630690553,56760.122262736346,56760.12220597627,40923.91301586213,1554.1426425889208,lexicographic,1.6755423999857157,2.563756853017254e-16,1,0
2025-06-07,False,2,0.95,10,0.9,14,2025-02-01;2025-01-25,2025-02-01;2025-01-25;2025-05-03;2025-01-18;2025-02-08;2025-02-15;2025-02-22;2025-05-24;2025-03-01;2025-01-11,2025-06-01;2025-05-31;2025-05-25;2025-05-24;2025-05-18;2025-05-17;2025-05-11;2025-05-10;2025-05-04;2025-05-03;2025-04-27;2025-04-26;2025-04-20;2025-04-19,2025-06-06,9600.0,10800.0,10800.0,88.22697445533612,102.00125569613313,128.27031567460003,208.35489801587175,29143.089799448935,10223.283573353172,4186.526872802107,13659.424855961568,45073.81469805686,58733.23955401843,19637.12895140086,19637.128931763727,38613.333333333336,1411.0993993178163,lexicographic,1.13416249997681,3.7052043806741604e-16,1,0
2025-06-08,False,2,0.95,10,0.9,14,2025-06-07;2025-01-26,2025-06-07;2025-01-26;2025-01-19;2025-01-12;2025-01-05;2025-02-02;2025-06-01;2025-02-16;2025-02-09;2025-02-23,2025-06-07;2025-06-01;2025-05-31;2025-05-25;2025-05-24;2025-05-18;2025-05-17;2025-05-11;2025-05-10;2025-05-04;2025-05-03;2025-04-27;2025-04-26;2025-04-20,2025-06-07,9600.0,10800.0,10800.0,313.0306707963468,344.8225197745137,69.43313645962778,125.77549448001365,45027.80539081309,25569.34388975012,2597.7137298067346,24780.303869730014,106057.99097739784,130838.29484712787,34770.44432876742,34770.444293997,26811.932811592436,1529.128493025959,lexicographic,0.862331299984362,2.0925696412339474e-16,1,0
2025-06-09,False,2,0.95,10,0.9,14,2025-06-02;2025-06-03,2025-06-02;2025-06-03;2025-06-04;2025-06-06;2025-06-05;2025-05-12;2025-05-26;2025-05-19;2025-05-06;2025-02-24,2025-06-06;2025-06-05;2025-06-04;2025-06-03;2025-06-02;2025-05-30;2025-05-29;2025-05-28;2025-05-27;2025-05-26;2025-05-23;2025-05-22;2025-05-21;2025-05-20,2025-06-08,9600.0,10800.0,10800.0,23.411401098053187,30.178574402077434,23.210278060525862,39.960134255724434,81059.85447309088,1341.488670375512,7133.324433353635,50645.7875055857,4936.381032692884,55582.16853827859,58085.587544686205,58085.587486600634,41299.493778793374,1553.6888753901912,lexicographic,0.35791719998815097,1.3727043055254806e-07,1,0
2025-06-10,False,2,0.95,10,0.9,14,2025-06-03;2025-06-04,2025-06-03;2025-06-04;2025-06-09;2025-06-02;2025-06-05;2025-06-06;2025-01-28;2025-01-21;2025-01-22;2025-01-14,2025-06-09;2025-06-06;2025-06-05;2025-06-04;2025-06-03;2025-06-02;2025-05-30;2025-05-29;2025-05-28;2025-05-27;2025-05-26;2025-05-23;2025-05-22;2025-05-21,2025-06-09,9600.0,10800.0,10800.0,23.7616918358262,29.101754548067234,23.989483870114718,41.66193054255861,82450.79620012979,847.7015930583406,7306.059451030149,51544.595503816825,2872.2295780657914,54416.82508188262,58863.581215937986,58863.581157074404,41668.04914196125,1568.1921665716263,lexicographic,0.3391498999844771,7.416427072047734e-16,1,0
2025-06-11,False,2,0.95,10,0.9,14,2025-06-04;2025-06-05,2025-06-04;2025-06-05;2025-06-03;2025-06-10;2025-06-06;2025-05-21;2025-06-02;2025-05-14;2025-05-27;2025-06-09,2025-06-10;2025-06-09;2025-06-06;2025-06-05;2025-06-04;2025-06-03;2025-06-02;2025-05-30;2025-05-29;2025-05-28;2025-05-27;2025-05-26;2025-05-23;2025-05-22,2025-06-10,9600.0,10800.0,10800.0,21.798072643637244,28.165013051203108,41.222396416268666,77.50541620476297,81880.90914678917,2438.018647063007,3880.254088376888,51049.80505065886,10803.82144202185,61853.62649268071,58349.55053269003,58349.5504743405,41479.745124966365,1554.1426520985358,lexicographic,1.4642779999994673,7.481762126736243e-16,1,0
2025-06-12,False,2,0.95,10,0.9,14,2025-06-05;2025-06-11,2025-06-05;2025-06-11;2025-06-04;2025-06-06;2025-06-10;2025-06-03;2025-01-30;2025-01-22;2025-01-23;2025-06-02,2025-06-11;2025-06-10;2025-06-09;2025-06-06;2025-06-05;2025-06-04;2025-06-03;2025-06-02;2025-05-30;2025-05-29;2025-05-28;2025-05-27;2025-05-26;2025-05-23,2025-06-11,9600.0,10800.0,10800.0,25.569544150073607,34.068304538350674,18.48415609139918,34.25392968451922,84937.94497176718,785.8226932354472,8711.377945328648,53495.600187203774,2742.7495604282694,56238.34974763204,60589.85521643472,60589.85515584487,43439.983675139905,1561.6204911335274,lexicographic,0.3403991999803111,8.250477567665085e-07,1,0
2025-06-13,False,2,0.95,10,0.9,14,2025-06-06;2025-06-12,2025-06-06;2025-06-12;2025-06-05;2025-06-11;2025-06-04;2025-06-02;2025-06-10;2025-06-03;2025-05-23;2025-05-30,2025-06-12;2025-06-11;2025-06-10;2025-06-09;2025-06-06;2025-06-05;2025-06-04;2025-06-03;2025-06-02;2025-05-30;2025-05-29;2025-05-28;2025-05-27;2025-05-26,2025-06-12,9600.0,10800.0,10800.0,186.47835816969297,202.9330105416514,32.708694010039686,57.17103384376016,64995.76540875024,37.294290780297615,32682.872275702786,38799.008595881314,79.7351936882763,38878.74378956959,45103.24048400168,45103.24043889843,38151.69179014859,1492.4846361929926,lexicographic,0.7397704000177328,3.226356928407483e-16,1,0
2025-06-14,False,2,0.95,10,0.9,14,2025-06-07;2025-05-24,2025-06-07;2025-05-24;2025-05-03;2025-06-08;2025-05-10;2025-01-25;2025-02-08;2025-02-01;2025-02-15;2025-02-22,2025-06-08;2025-06-07;2025-06-01;2025-05-31;2025-05-25;2025-05-24;2025-05-18;2025-05-17;2025-05-11;2025-05-10;2025-05-04;2025-05-03;2025-04-27;2025-04-26,2025-06-13,9600.0,10800.0,10800.0,26.31538448496086,33.27235467482559,30.898897463837656,60.395749035717216,40771.08607364257,1704.1180081984442,13185.458328204437,22559.997787267817,5802.987750268478,28362.985537536297,37439.030008161906,37439.0299707229,29497.31282411688,1485.0906563023527,lexicographic,1.6965405000082683,0.0,1,0
2025-06-15,False,2,0.95,10,0.9,14,2025-06-08;2025-06-07,2025-06-08;2025-06-07;2025-06-14;2025-06-01;2025-01-26;2025-05-18;2025-05-11;2025-01-19;2025-02-02;2025-02-16,2025-06-14;2025-06-08;2025-06-07;2025-06-01;2025-05-31;2025-05-25;2025-05-24;2025-05-18;2025-05-17;2025-05-11;2025-05-10;2025-05-04;2025-05-03;2025-04-27,2025-06-14,9600.0,10800.0,10800.0,146.69189658713202,165.32615460913954,26.345051548399592,44.01166861729941,67518.96899731159,9136.186537136507,2158.9967441633003,40347.753165793765,38505.17124862593,78852.92441441969,56428.531276437294,56428.531220008736,36859.07298464293,1525.1320807115244,lexicographic,2.6858517000218853,2.5788222577742647e-16,1,0
2025-06-16,False,2,0.95,10,0.9,14,2025-06-02;2025-06-09,2025-06-02;2025-06-09;2025-06-10;2025-06-03;2025-06-13;2025-06-11;2025-06-06;2025-06-04;2025-05-19;2025-06-12,2025-06-13;2025-06-12;2025-06-11;2025-06-10;2025-06-09;2025-06-06;2025-06-05;2025-06-04;2025-06-03;2025-06-02;2025-05-30;2025-05-29;2025-05-28;2025-05-27,2025-06-15,9600.0,10800.0,10800.0,24.118533623080072,30.924179628072118,17.488959896379892,32.57466387999326,84578.03530310547,672.622243442137,7996.60643474956,53292.30744610033,2085.840999559562,55378.14844565989,60279.85453979042,60279.85447951056,43439.98375888314,1548.6252531920477,lexicographic,0.30515469997772016,6.981313651070909e-07,1,0
2025-06-17,False,2,0.95,10,0.9,14,2025-06-03;2025-06-11,2025-06-03;2025-06-11;2025-06-10;2025-06-16;2025-06-02;2025-06-04;2025-06-09;2025-06-12;2025-06-05;2025-06-13,2025-06-16;2025-06-13;2025-06-12;2025-06-11;2025-06-10;2025-06-09;2025-06-06;2025-06-05;2025-06-04;2025-06-03;2025-06-02;2025-05-30;2025-05-29;2025-05-28,2025-06-16,9600.0,10800.0,10800.0,24.531798872493475,31.77098270725843,36.24391611893686,72.69261437911659,84686.51179860067,1474.4695492637245,6919.7790588387015,53279.58886290876,5999.788047092816,59279.37691000157,59915.28040045584,59915.2803405406,43860.97811036756,1547.1569252428262,lexicographic,0.33158530000946485,7.286245751830635e-16,1,0
2025-06-18,False,2,0.95,10,0.9,14,2025-06-11;2025-06-17,2025-06-11;2025-06-17;2025-06-12;2025-06-05;2025-06-04;2025-06-10;2025-06-13;2025-06-03;2025-06-06;2025-06-16,2025-06-17;2025-06-16;2025-06-13;2025-06-12;2025-06-11;2025-06-10;2025-06-09;2025-06-06;2025-06-05;2025-06-04;2025-06-03;2025-06-02;2025-05-30;2025-05-29,2025-06-17,9600.0,10800.0,10800.0,21.896403286301183,26.567983041654227,22.21540531103225,39.57467979662718,85453.73006552318,382.85991798904337,10250.722944395198,53872.15451651925,1127.152740774907,54999.30725729416,60560.29991658071,60560.2998560204,44368.58848316755,1568.9704868225374,lexicographic,0.3278021999867633,7.208640939508272e-16,1,0
2025-06-19,False,2,0.95,10,0.9,14,2025-06-18;2025-06-11,2025-06-18;2025-06-11;2025-06-12;2025-06-05;2025-06-13;2025-06-06;2025-06-04;2025-06-17;2025-06-10;2025-06-03,2025-06-18;2025-06-17;2025-06-16;2025-06-13;2025-06-12;2025-06-11;2025-06-10;2025-06-09;2025-06-06;2025-06-05;2025-06-04;2025-06-03;2025-06-02;2025-05-30,2025-06-18,9600.0,10800.0,10800.0,26.89296442305186,33.38583521185375,37.12900748094526,71.98949337793788,84557.05995286236,813.984341394153,12562.236468244748,53107.11855772324,3380.6743775966634,56487.7929353199,59823.92323619877,59823.92317637487,43338.10296358579,1553.5833228201743,lexicographic,0.6169631999800913,7.297372583939913e-16,1,0
2025-06-20,False,2,0.95,10,0.9,14,2025-06-13;2025-06-06,2025-06-13;2025-06-06;2025-06-05;2025-06-12;2025-06-19;2025-06-04;2025-06-11;2025-06-18;2025-06-10;2025-06-17,2025-06-19;2025-06-18;2025-06-17;2025-06-16;2025-06-13;2025-06-12;2025-06-11;2025-06-10;2025-06-09;2025-06-06;2025-06-05;2025-06-04;2025-06-03;2025-06-02,2025-06-19,9600.0,10800.0,10800.0,24.741614463950125,30.84745381242356,26.56134809459787,43.02537035723312,40179.9351523191,492.1370973649447,14893.226303839527,22624.74001079113,1461.292150842919,24086.03216163405,27750.83521201065,27750.83518425978,32182.420123571497,1381.165778460058,lexicographic,1.123266499984311,2.621887797564498e-16,1,0
2025-06-21,False,2,0.95,10,0.9,14,2025-06-14;2025-06-07,2025-06-14;2025-06-07;2025-06-15;2025-05-24;2025-05-03;2025-06-08;2025-05-10;2025-05-31;2025-02-08;2025-01-25,2025-06-15;2025-06-14;2025-06-08;2025-06-07;2025-06-01;2025-05-31;2025-05-25;2025-05-24;2025-05-18;2025-05-17;2025-05-11;2025-05-10;2025-05-04;2025-05-03,2025-06-20,9600.0,10800.0,10800.0,24.17551296194313,31.10295303296716,39.570033999131496,80.14958892374464,45646.0856103541,546.3466171058617,23975.19720052576,25933.045767731797,1843.854201821502,27776.8999695533,41834.23222453311,41834.232182698805,27459.554077636316,1505.0780262755743,lexicographic,1.999938299995847,0.0,1,0
2025-06-22,False,2,0.95,10,0.9,14,2025-06-15;2025-06-01,2025-06-15;2025-06-01;2025-06-08;2025-05-18;2025-05-11;2025-05-25;2025-06-21;2025-06-14;2025-05-04;2025-06-07,2025-06-21;2025-06-15;2025-06-14;2025-06-08;2025-06-07;2025-06-01;2025-05-31;2025-05-25;2025-05-24;2025-05-18;2025-05-17;2025-05-11;2025-05-10;2025-05-04,2025-06-21,9600.0,10800.0,10800.0,22.827908195681598,29.811547108998965,33.406972286011346,54.95972822738813,88411.90916775938,652.8676587425255,16889.148064077854,56448.38496975973,2025.9247959779652,58474.3097657377,73561.74489253656,73561.74481897477,44947.89825782924,1537.2078274917567,lexicographic,0.43211530000553466,1.97819060221819e-16,1,0
2025-06-23,False,2,0.95,10,0.9,14,2025-06-16;2025-06-09,2025-06-16;2025-06-09;2025-06-02;2025-06-17;2025-06-10;2025-06-03;2025-06-20;2025-06-13;2025-06-11;2025-06-18,2025-06-20;2025-06-19;2025-06-18;2025-06-17;2025-06-16;2025-06-13;2025-06-12;2025-06-11;2025-06-10;2025-06-09;2025-06-06;2025-06-05;2025-06-04;2025-06-03,2025-06-22,9600.0,10800.0,10800.0,25.186286187427232,31.176476490128117,32.91061047245127,55.58926211641908,82548.51225057169,538.7992005463702,11624.35991343894,51646.60706162945,1658.753073073143,53305.3601347026,56108.764309220474,56108.76425311173,41931.65591157472,1535.055400605259,lexicographic,0.35871199998655356,9.155235532885592e-09,1,0
2025-06-24,False,2,0.95,10,0.9,14,2025-06-17;2025-06-03,2025-06-17;2025-06-03;2025-06-11;2025-06-23;2025-06-16;2025-06-10;2025-06-18;2025-06-02;2025-06-04;2025-06-09,2025-06-23;2025-06-20;2025-06-19;2025-06-18;2025-06-17;2025-06-16;2025-06-13;2025-06-12;2025-06-11;2025-06-10;2025-06-09;2025-06-06;2025-06-05;2025-06-04,2025-06-23,9600.0,10800.0,10800.0,24.520190228806346,30.32865127639401,41.341143598308356,80.3206727016155,80776.79915118737,3777.1004494689428,3855.547910663836,50387.18537104878,15598.82771559093,65986.01308663971,54303.39286694328,54303.39281263995,42197.38203361256,1564.8690251830526,lexicographic,0.7835039999918081,4.0196149286402426e-16,1,0
2025-06-25,False,2,0.95,10,0.9,14,2025-06-18;2025-06-11,2025-06-18;2025-06-11;2025-06-19;2025-06-12;2025-06-17;2025-06-24;2025-06-05;2025-06-04;2025-06-10;2025-06-13,2025-06-24;2025-06-23;2025-06-20;2025-06-19;2025-06-18;2025-06-17;2025-06-16;2025-06-13;2025-06-12;2025-06-11;2025-06-10;2025-06-09;2025-06-06;2025-06-05,2025-06-24,9600.0,10800.0,10800.0,25.094178249861827,31.224888941117282,29.955037289035218,51.597186080485095,82812.4548833099,974.3641542620666,8841.58252291638,51634.15211358912,3070.2679237691386,54704.420037358264,55991.900095262405,55991.900039270564,42942.870620315385,1553.5833144903836,lexicographic,0.32424790001823567,6.497330514842637e-16,1,0
2025-06-26,False,2,0.95,10,0.9,14,2025-06-19;2025-06-18,2025-06-19;2025-06-18;2025-06-25;2025-06-12;2025-06-11;2025-06-13;2025-06-05;2025-06-06;2025-06-20;2025-06-17,2025-06-25;2025-06-24;2025-06-23;2025-06-20;2025-06-19;2025-06-18;2025-06-17;2025-06-16;2025-06-13;2025-06-12;2025-06-11;2025-06-10;2025-06-09;2025-06-06,2025-06-25,9600.0,10800.0,10800.0,22.893831822768277,29.08066044530064,31.283137476828173,60.89708891609295,80468.37845463431,798.4690217653504,9353.336878326867,50078.886840162464,3002.717877318084,53081.60471748055,54381.54159429559,54381.54153991408,41593.102337781136,1528.1322901070573,lexicographic,0.2992673999979161,4.013838560742051e-16,1,0
2025-06-27,False,2,0.95,10,0.9,14,2025-06-20;2025-06-13,2025-06-20;2025-06-13;2025-06-06;2025-06-26;2025-06-19;2025-06-05;2025-06-12;2025-06-11;2025-06-24;2025-06-04,2025-06-26;2025-06-25;2025-06-24;2025-06-23;2025-06-20;2025-06-19;2025-06-18;2025-06-17;2025-06-16;2025-06-13;2025-06-12;2025-06-11;2025-06-10;2025-06-09,2025-06-26,9600.0,10800.0,10800.0,24.826012689012366,32.363283910744485,27.75592683329732,53.515501626248934,36989.92767986539,538.8190212411009,14086.3659947562,20566.834126275906,1836.633753698131,22403.467879974036,23222.13921919997,23222.139195977805,34968.579262249215,1389.2657571872228,lexicographic,0.8204900000127964,4.699798037196112e-16,1,0
2025-06-28,False,2,0.95,10,0.9,14,2025-06-21;2025-06-14,2025-06-21;2025-06-14;2025-06-07;2025-05-24;2025-05-31;2025-06-22;2025-05-10;2025-05-03;2025-05-17;2025-06-15,2025-06-22;2025-06-21;2025-06-15;2025-06-14;2025-06-08;2025-06-07;2025-06-01;2025-05-31;2025-05-25;2025-05-24;2025-05-18;2025-05-17;2025-05-11;2025-05-10,2025-06-27,9600.0,10800.0,10800.0,23.71864281029582,30.77650829849128,34.460559027684326,61.72923810655964,43876.62719308086,604.4973796921472,19637.588675152343,24711.116795949863,2123.431939458347,26834.54873540821,39267.67621151763,39267.67617224993,29213.493176456457,1459.4528342863414,lexicographic,1.1298353000020143,1.8529127066921449e-16,1,0
2025-06-29,False,2,0.95,10,0.9,14,2025-06-22;2025-06-15,2025-06-22;2025-06-15;2025-06-01;2025-06-08;2025-05-18;2025-06-28;2025-05-25;2025-05-11;2025-06-21;2025-06-14,2025-06-28;2025-06-22;2025-06-21;2025-06-15;2025-06-14;2025-06-08;2025-06-07;2025-06-01;2025-05-31;2025-05-25;2025-05-24;2025-05-18;2025-05-17;2025-05-11,2025-06-28,9600.0,10800.0,10800.0,24.015972157115428,30.62187681446846,32.38999299209959,64.83750654241072,87266.82006736184,687.2402497960059,13968.00317344226,55685.33960367801,2033.9950982005676,57719.33470187858,72035.01692709961,72035.01685506455,44947.907288378294,1545.5808528879004,lexicographic,0.3524046999809798,2.0201168631147136e-16,1,0
2025-06-30,False,2,0.95,10,0.9,14,2025-06-23;2025-06-16,2025-06-23;2025-06-16;2025-06-24;2025-06-02;2025-06-17;2025-06-09;2025-06-03;2025-06-10;2025-06-27;2025-06-11,2025-06-27;2025-06-26;2025-06-25;2025-06-24;2025-06-23;2025-06-20;2025-06-19;2025-06-18;2025-06-17;2025-06-16;2025-06-13;2025-06-12;2025-06-11;2025-06-10,2025-06-29,9600.0,10800.0,10800.0,26.636811936431084,35.07183761465876,25.55903502491236,47.690487771016215,79630.14132747098,1560.5408055253945,6912.758683974812,49614.00419372398,5524.350200345814,55138.35439406979,54110.17808621234,54110.17803210222,41918.07069945098,1528.3437033937112,lexicographic,0.30295159999514,5.378624043607309e-16,1,0
2025-07-01,False,2,1.0,7,0.95,14,2025-06-24;2025-06-17,2025-06-24;2025-06-17;2025-06-30;2025-06-23;2025-06-18;2025-06-11;2025-06-25,2025-06-30;2025-06-27;2025-06-26;2025-06-25;2025-06-24;2025-06-23;2025-06-20;2025-06-19;2025-06-18;2025-06-17;2025-06-16;2025-06-13;2025-06-12;2025-06-11,2025-06-30,9600.0,10800.0,10800.0,99.60161753472221,106.31934851492882,54.225461115209974,90.66833282321792,80945.39047039769,7656.376243493879,5332.123318850872,50384.527713581876,26408.964067197827,76793.4917807797,54966.14536264801,54966.145307681894,41945.314972054315,1563.202912868635,lexicographic,0.9727296000055503,2.6474323689445844e-16,1,0
2025-07-02,False,2,1.0,7,0.95,14,2025-06-10;2025-06-04,2025-06-10;2025-06-04;2025-06-12;2025-06-05;2025-06-20;2025-06-09;2025-06-11,2025-07-01;2025-06-30;2025-06-27;2025-06-26;2025-06-25;2025-06-24;2025-06-23;2025-06-20;2025-06-19;2025-06-18;2025-06-17;2025-06-16;2025-06-13;2025-06-12,2025-07-01,9600.0,10800.0,10800.0,91.81590648148148,98.76018040706357,81.74367455402411,126.94076707886845,79409.3434550876,6646.5867818155975,8817.880266577746,49071.22653314879,23466.26585379301,72537.4923869418,54908.66637592075,54908.666321012126,41280.228013802065,1563.1648499077455,lexicographic,0.3541648000245914,3.975305594737659e-16,1,0
2025-07-03,False,2,1.0,7,0.95,14,2025-07-02;2025-06-05,2025-07-02;2025-06-05;2025-06-12;2025-06-04;2025-06-20;2025-06-10;2025-06-27,2025-07-02;2025-07-01;2025-06-30;2025-06-27;2025-06-26;2025-06-25;2025-06-24;2025-06-23;2025-06-20;2025-06-19;2025-06-18;2025-06-17;2025-06-16;2025-06-13,2025-07-02,9600.0,10800.0,10800.0,50.96233640046299,60.29750824800861,21.98707140160075,36.07578190622071,81518.69083227364,4847.764873649472,2357.5441885699124,50748.86324770011,18289.548386219885,69038.41163392,58072.78101977176,58072.78096169904,40472.481984610386,1616.346853351759,lexicographic,0.9005175000056624,0.0,1,0
2025-07-04,False,2,1.0,7,0.95,14,2025-07-03;2025-07-02,2025-07-03;2025-07-02;2025-06-20;2025-06-12;2025-06-05;2025-06-06;2025-06-27,2025-07-03;2025-07-02;2025-07-01;2025-06-30;2025-06-27;2025-06-26;2025-06-25;2025-06-24;2025-06-23;2025-06-20;2025-06-19;2025-06-18;2025-06-17;2025-06-16,2025-07-03,9600.0,10800.0,10800.0,316.5766157986111,346.4913525286801,40.6662836837438,83.14466621301811,88862.6796692734,0.0,55617.30515464818,56161.793785983944,0.0,56161.793785983944,64077.07764640798,64077.077582330945,41577.67240423689,1653.916120755643,lexicographic,0.6615056000009645,1.135500851273178e-16,1,0
2025-07-05,False,2,1.0,7,0.95,14,2025-06-07;2025-06-21,2025-06-07;2025-06-21;2025-06-14;2025-06-28;2025-06-22;2025-06-08;2025-06-15,2025-06-29;2025-06-28;2025-06-22;2025-06-21;2025-06-15;2025-06-14;2025-06-08;2025-06-07;2025-06-01;2025-05-31;2025-05-25;2025-05-24;2025-05-18;2025-05-17,2025-07-04,9600.0,10800.0,10800.0,94.43005295138889,101.56212752214277,58.87579438745044,105.19089021579165,44603.37868123704,6681.4331901613305,19429.55527797705,25262.10752546273,22197.317141758445,47459.424667221174,39343.11884833955,39343.11880899642,29199.84049697852,1484.28583238783,lexicographic,0.845727000007173,3.6987192853250176e-16,1,0
2025-07-06,False,2,1.0,7,0.95,14,2025-07-05;2025-06-22,2025-07-05;2025-06-22;2025-06-08;2025-06-15;2025-06-29;2025-06-07;2025-06-21,2025-07-05;2025-06-29;2025-06-28;2025-06-22;2025-06-21;2025-06-15;2025-06-14;2025-06-08;2025-06-07;2025-06-01;2025-05-31;2025-05-25;2025-05-24;2025-05-18,2025-07-05,9600.0,10800.0,10800.0,208.6001822337963,221.87465919325064,25.784842183664125,45.21041907268725,71105.5199614792,14469.72822230899,1693.4842568495299,42971.34343672281,57050.83483750961,100022.17827423243,58819.41341387865,58819.41335505922,38941.50580136315,1547.7807653650052,lexicographic,0.6785985000024084,0.0,1,0
2025-07-07,False,2,1.0,7,0.95,14,2025-07-02;2025-07-04,2025-07-02;2025-07-04;2025-07-03;2025-06-09;2025-06-10;2025-06-23;2025-06-16,2025-07-04;2025-07-03;2025-07-02;2025-07-01;2025-06-30;2025-06-27;2025-06-26;2025-06-25;2025-06-24;2025-06-23;2025-06-20;2025-06-19;2025-06-18;2025-06-17,2025-07-06,9600.0,10800.0,10800.0,159.71202893518517,176.0996782752223,38.482322291033135,61.95855203684867,64171.84414211207,13071.500958420706,338.5831748141958,39060.86985771939,52894.61177819184,91955.48163591123,46298.61235549984,46298.612309201235,33297.133041494635,1577.0734994446898,lexicographic,1.1726301000162493,1.5715282275830603e-16,1,0
2025-07-08,False,2,1.0,7,0.95,14,2025-07-02;2025-07-07,2025-07-02;2025-07-07;2025-07-03;2025-07-04;2025-06-10;2025-06-09;2025-06-03,2025-07-07;2025-07-04;2025-07-03;2025-07-02;2025-07-01;2025-06-30;2025-06-27;2025-06-26;2025-06-25;2025-06-24;2025-06-23;2025-06-20;2025-06-19;2025-06-18,2025-07-07,9600.0,10800.0,10800.0,25.447854513888913,32.21733969178392,33.6979531399393,59.149308029145516,86090.19247967588,1364.7523278289507,7620.248471861619,54125.0095233187,5413.772394769125,59538.78191808783,63972.600414204215,63972.60035023167,40613.63088077668,1658.934992536616,lexicographic,0.6439264999935403,0.0,1,0
2025-07-09,False,2,1.0,7,0.95,14,2025-07-02;2025-07-03,2025-07-02;2025-07-03;2025-07-08;2025-07-04;2025-07-07;2025-06-04;2025-06-10,2025-07-08;2025-07-07;2025-07-04;2025-07-03;2025-07-02;2025-07-01;2025-06-30;2025-06-27;2025-06-26;2025-06-25;2025-06-24;2025-06-23;2025-06-20;2025-06-19,2025-07-08,9600.0,10800.0,10800.0,26.98266649305557,33.60079742378306,23.042907536448336,43.43100104680681,85680.0133732194,1055.961334456023,8391.74100081589,54137.74203384759,3624.6271779735175,57762.36921182111,64166.70049134971,64166.700427182994,40825.10910131103,1653.9161078973648,lexicographic,0.9368943000154104,0.0,1,0
2025-07-10,False,2,1.0,7,0.95,14,2025-07-03;2025-07-02,2025-07-03;2025-07-02;2025-07-09;2025-07-04;2025-07-08;2025-07-07;2025-06-05,2025-07-09;2025-07-08;2025-07-07;2025-07-04;2025-07-03;2025-07-02;2025-07-01;2025-06-30;2025-06-27;2025-06-26;2025-06-25;2025-06-24;2025-06-23;2025-06-20,2025-07-09,9600.0,10800.0,10800.0,27.89387644675926,36.980476490080335,19.571491057610903,41.567540172169274,85263.5640635218,894.9916984313238,9027.336258243711,53826.20650193331,3185.121293571012,57011.32779550432,63747.42429468493,63747.4242309375,40749.731462530006,1653.9161079285068,lexicographic,0.8159846999915317,0.0,1,0
2025-07-11,False,2,1.0,7,0.95,14,2025-07-04;2025-07-10,2025-07-04;2025-07-10;2025-07-03;2025-07-09;2025-07-02;2025-07-08;2025-07-07,2025-07-10;2025-07-09;2025-07-08;2025-07-07;2025-07-04;2025-07-03;2025-07-02;2025-07-01;2025-06-30;2025-06-27;2025-06-26;2025-06-25;2025-06-24;2025-06-23,2025-07-10,9600.0,10800.0,10800.0,163.28958749999998,181.53898479401198,39.99090455131996,72.13954409980404,61826.237125884756,62.74250000000052,25894.80412203927,38146.08131631239,134.1434650000011,38280.22478131239,47378.983846692674,47378.983799313675,33107.74221294913,1568.840463742055,lexicographic,1.196601700008614,0.0,1,0
2025-07-12,False,2,1.0,7,0.95,14,2025-07-05;2025-07-06,2025-07-05;2025-07-06;2025-06-07;2025-06-21;2025-06-14;2025-06-28;2025-06-08,2025-07-06;2025-07-05;2025-06-29;2025-06-28;2025-06-22;2025-06-21;2025-06-15;2025-06-14;2025-06-08;2025-06-07;2025-06-01;2025-05-31;2025-05-25;2025-05-24,2025-07-11,9600.0,10800.0,10800.0,161.39120607638887,178.47858200588988,25.890263202002465,52.014217727579485,80018.27674547998,0.0,44556.34008664731,49677.4806818232,0.0,49677.4806818232,67701.32433503371,67701.32426733235,41703.289048177816,1619.5924764450556,lexicographic,0.43250879997503944,4.298856894115003e-16,1,0
2025-07-13,False,2,1.0,7,0.95,14,2025-07-06;2025-07-05,2025-07-06;2025-07-05;2025-07-12;2025-06-22;2025-06-29;2025-06-15;2025-06-08,2025-07-12;2025-07-06;2025-07-05;2025-06-29;2025-06-28;2025-06-22;2025-06-21;2025-06-15;2025-06-14;2025-06-08;2025-06-07;2025-06-01;2025-05-31;2025-05-25,2025-07-12,9600.0,10800.0,10800.0,148.4353706597222,167.2704248242835,59.735725387505596,110.53120551029237,79355.61173344808,6003.25606106747,11755.999646678765,49050.77879616313,24357.933961123996,73408.71275728712,66906.46868873015,66906.46862182366,41297.98643991882,1619.5924766712596,lexicographic,0.379547199991066,2.1749638754092432e-16,1,0
2025-07-14,False,2,1.0,7,0.95,14,2025-07-07;2025-07-08,2025-07-07;2025-07-08;2025-07-09;2025-07-11;2025-06-09;2025-07-02;2025-07-04,2025-07-11;2025-07-10;2025-07-09;2025-07-08;2025-07-07;2025-07-04;2025-07-03;2025-07-02;2025-07-01;2025-06-30;2025-06-27;2025-06-26;2025-06-25;2025-06-24,2025-07-13,9600.0,10800.0,10800.0,27.2501921875,35.912244754184904,26.481997142789957,45.97916528147217,85498.03049214484,627.2883105427613,10057.40721637413,53907.583239878106,2650.831343679629,56558.41458355774,63765.56352498777,63765.56346122221,40584.318889793285,1672.9066630707314,lexicographic,0.5765915999945719,0.0,1,0
2025-07-15,False,2,1.0,7,0.95,14,2025-07-08;2025-07-09,2025-07-08;2025-07-09;2025-07-14;2025-07-07;2025-07-02;2025-07-03;2025-07-10,2025-07-14;2025-07-11;2025-07-10;2025-07-09;2025-07-08;2025-07-07;2025-07-04;2025-07-03;2025-07-02;2025-07-01;2025-06-30;2025-06-27;2025-06-26;2025-06-25,2025-07-14,9600.0,10800.0,10800.0,30.58629490740742,39.101668800741564,35.33229923126592,65.79640427645317,82811.40352808661,2350.998571973242,8191.8477534376325,52260.75538359941,6991.6622613975505,59252.41764499696,61861.17797011957,61861.17790825842,40215.377955541466,1631.7803123979706,lexicographic,0.7926722000120208,0.0,1,0
2025-07-16,False,2,1.0,7,0.95,14,2025-07-02;2025-07-09,2025-07-02;2025-07-09;2025-07-03;2025-07-10;2025-07-15;2025-07-08;2025-07-11,2025-07-15;2025-07-14;2025-07-11;2025-07-10;2025-07-09;2025-07-08;2025-07-07;2025-07-04;2025-07-03;2025-07-02;2025-07-01;2025-06-30;2025-06-27;2025-06-26,2025-07-15,9600.0,10800.0,10800.0,30.61694577546296,37.929823929961614,26.342204292207864,48.393840428137715,84082.40231955521,940.0398106866608,8714.497439745228,52952.53209207141,3246.5197016877564,56199.051793759165,62777.19614788552,62777.196085108364,39756.9482419243,1643.322595872901,lexicographic,1.5000160000054166,0.0,1,0
2025-07-17,False,2,1.0,7,0.95,14,2025-07-10;2025-07-03,2025-07-10;2025-07-03;2025-07-09;2025-07-11;2025-07-16;2025-07-02;2025-07-04,2025-07-16;2025-07-15;2025-07-14;2025-07-11;2025-07-10;2025-07-09;2025-07-08;2025-07-07;2025-07-04;2025-07-03;2025-07-02;2025-07-01;2025-06-30;2025-06-27,2025-07-16,9600.0,10800.0,10800.0,29.514024247685185,36.59976611288359,23.280863668340032,40.458527097331626,83909.51760680627,1289.2006052871016,8271.81979921375,52987.832275352266,4574.284733327593,57562.11700867986,62717.06593166603,62717.06586894897,40072.27919287079,1653.790111954856,lexicographic,1.1254446000093594,0.0,1,0
2025-07-18,False,2,1.0,7,0.95,14,2025-07-11;2025-07-04,2025-07-11;2025-07-04;2025-07-17;2025-07-10;2025-07-03;2025-07-16;2025-07-09,2025-07-17;2025-07-16;2025-07-15;2025-07-14;2025-07-11;2025-07-10;2025-07-09;2025-07-08;2025-07-07;2025-07-04;2025-07-03;2025-07-02;2025-07-01;2025-06-30,2025-07-17,9600.0,10800.0,10800.0,24.19708350694444,30.913080068925513,30.523748344568258,57.69516509165123,45009.33605432952,494.86131088062757,10170.315475533649,26528.974778425683,1740.3246241489717,28269.299402574656,34492.84055474285,34492.840520250014,38673.35347007612,1484.971616382687,lexicographic,0.8182284999929834,0.0,1,0
2025-07-19,False,2,1.0,7,0.95,14,2025-07-12;2025-07-05,2025-07-12;2025-07-05;2025-07-13;2025-07-06;2025-06-21;2025-06-28;2025-06-07,2025-07-13;2025-07-12;2025-07-06;2025-07-05;2025-06-29;2025-06-28;2025-06-22;2025-06-21;2025-06-15;2025-06-14;2025-06-08;2025-06-07;2025-06-01;2025-05-31,2025-07-18,9600.0,10800.0,10800.0,25.253626967592588,31.788376988577607,26.447638806258013,44.53545279804888,54593.62762531278,635.5549250000006,24710.11681306172,32561.76299019284,2032.2733185833354,34594.03630877618,51007.378321531134,51007.37827052378,31782.139494339128,1601.1458321302634,lexicographic,1.092970099998638,2.852903976203014e-16,1,0
2025-07-20,False,2,1.0,7,0.95,14,2025-07-13;2025-07-06,2025-07-13;2025-07-06;2025-07-05;2025-06-22;2025-07-19;2025-06-29;2025-07-12,2025-07-19;2025-07-13;2025-07-12;2025-07-06;2025-07-05;2025-06-29;2025-06-28;2025-06-22;2025-06-21;2025-06-15;2025-06-14;2025-06-08;2025-06-07;2025-06-01,2025-07-19,9600.0,10800.0,10800.0,30.02037326388889,36.54297792086902,24.637846003661018,42.19404651009576,98830.24216024668,423.66437499999984,22445.647159237797,64684.59823541806,1246.3854980458336,65930.98373346389,84035.158389132,84035.1583050968,44947.83630741797,1643.0908328543528,lexicographic,0.38591359998099506,3.4632921557748207e-16,1,0
2025-07-21,False,2,1.0,7,0.95,14,2025-07-07;2025-07-14,2025-07-07;2025-07-14;2025-07-15;2025-07-08;2025-06-09;2025-07-16;2025-07-18,2025-07-18;2025-07-17;2025-07-16;2025-07-15;2025-07-14;2025-07-11;2025-07-10;2025-07-09;2025-07-08;2025-07-07;2025-07-04;2025-07-03;2025-07-02;2025-07-01,2025-07-20,9600.0,10800.0,10800.0,31.6516828125,40.029952810216116,25.162440963518335,41.38574793164666,84369.34933822029,610.9537427440046,6850.099169285126,53173.807260788926,2158.2407020120236,55332.04796280095,62840.218367402194,62840.21830456201,39443.277666522736,1687.8066296532982,lexicographic,1.8133570000063628,0.0,1,0
2025-07-22,False,2,1.0,7,0.95,14,2025-07-15;2025-07-08,2025-07-15;2025-07-08;2025-07-16;2025-07-21;2025-07-07;2025-07-09;2025-07-02,2025-07-21;2025-07-18;2025-07-17;2025-07-16;2025-07-15;2025-07-14;2025-07-11;2025-07-10;2025-07-09;2025-07-08;2025-07-07;2025-07-04;2025-07-03;2025-07-02,2025-07-21,9600.0,10800.0,10800.0,25.693783564814808,32.77440781248897,31.18200326021358,57.13141254957671,83491.181209459,1420.3838804871893,6895.836377235788,52612.64883408531,5103.205648667833,57715.854482753144,60623.84564620262,60623.845585578805,40206.616914942984,1636.5275,lexicographic,1.587219599983655,0.0,1,0
2025-07-23,False,2,1.0,7,0.95,14,2025-07-16;2025-07-09,2025-07-16;2025-07-09;2025-07-22;2025-07-17;2025-07-02;2025-07-15;2025-07-10,2025-07-22;2025-07-21;2025-07-18;2025-07-17;2025-07-16;2025-07-15;2025-07-14;2025-07-11;2025-07-10;2025-07-09;2025-07-08;2025-07-07;2025-07-04;2025-07-03,2025-07-22,9600.0,10800.0,10800.0,26.338135358796293,32.18682105153521,28.75717596065184,50.338384417688935,83198.64852432293,1155.5737177579333,5904.870521772322,52307.26855354868,4393.344856595295,56700.613410143975,59167.74334913769,59167.743289969956,40323.03332943049,1663.847496976416,lexicographic,1.0236934999993537,0.0,1,0
2025-07-24,False,2,1.0,7,0.95,14,2025-07-17;2025-07-10,2025-07-17;2025-07-10;2025-07-03;2025-07-23;2025-07-16;2025-07-18;2025-07-11,2025-07-23;2025-07-22;2025-07-21;2025-07-18;2025-07-17;2025-07-16;2025-07-15;2025-07-14;2025-07-11;2025-07-10;2025-07-09;2025-07-08;2025-07-07;2025-07-04,2025-07-23,9600.0,10800.0,10800.0,24.96773634259259,32.999051002607736,35.3104577671043,59.15091824710459,84443.23274315851,1356.530324220653,7949.570908688562,53226.80403646863,5276.131202360728,58502.93523882936,59532.02767550079,59532.027615968786,40331.75519594738,1652.187590617447,lexicographic,0.6960982999880798,0.0,1,0
2025-07-25,False,2,1.0,7,0.95,14,2025-07-18;2025-07-11,2025-07-18;2025-07-11;2025-07-24;2025-07-04;2025-07-10;2025-07-03;2025-07-17,2025-07-24;2025-07-23;2025-07-22;2025-07-21;2025-07-18;2025-07-17;2025-07-16;2025-07-15;2025-07-14;2025-07-11;2025-07-10;2025-07-09;2025-07-08;2025-07-07,2025-07-24,9600.0,10800.0,10800.0,25.35723981481482,31.492487462285307,20.498190107869032,33.9221335857162,44140.49850520204,552.9165505114055,14131.31735378371,25856.30255580548,2081.085095864931,27937.38765167041,30368.76686615974,30368.76683579099,38646.14960434822,1489.02666666658,lexicographic,1.0257151999976486,0.0,1,0
2025-07-26,False,2,1.0,7,0.95,14,2025-07-19;2025-07-05,2025-07-19;2025-07-05;2025-07-12;2025-06-28;2025-06-21;2025-07-20;2025-07-13,2025-07-20;2025-07-19;2025-07-13;2025-07-12;2025-07-06;2025-07-05;2025-06-29;2025-06-28;2025-06-22;2025-06-21;2025-06-15;2025-06-14;2025-06-08;2025-06-07,2025-07-25,9600.0,10800.0,10800.0,28.157961689814822,35.33765319707246,28.49929831458816,50.20003330806073,52305.92293548576,495.7452944735735,20726.812748548757,31378.28823427119,1511.8356256535756,32890.123859924766,48449.4260374013,48449.42598895191,34349.645714139326,1625.9116666666687,lexicographic,1.212610799993854,0.0,1,0
2025-07-27,False,2,1.0,7,0.95,14,2025-07-13;2025-07-20,2025-07-13;2025-07-20;2025-07-06;2025-06-22;2025-06-15;2025-07-26;2025-06-29,2025-07-26;2025-07-20;2025-07-19;2025-07-13;2025-07-12;2025-07-06;2025-07-05;2025-06-29;2025-06-28;2025-06-22;2025-06-21;2025-06-15;2025-06-14;2025-06-08,2025-07-26,9600.0,10800.0,10800.0,25.374271354166673,32.2405275085351,26.397246154957895,47.67758830322961,94252.2921122653,711.9518577201329,16644.034121069013,60940.82995014136,1869.9764911813754,62810.80644132273,78218.04841796934,78218.04833975129,44154.66467651969,1641.7030660818655,lexicographic,0.33295700000599027,1.8604293430025925e-16,1,0
2025-07-28,False,2,1.0,7,0.95,14,2025-07-21;2025-07-07,2025-07-21;2025-07-07;2025-07-14;2025-07-22;2025-07-15;2025-07-08;2025-06-09,2025-07-25;2025-07-24;2025-07-23;2025-07-22;2025-07-21;2025-07-18;2025-07-17;2025-07-16;2025-07-15;2025-07-14;2025-07-11;2025-07-10;2025-07-09;2025-07-08,2025-07-27,9600.0,10800.0,10800.0,30.023803993055544,35.68783940915701,41.26043471159872,70.76690411491086,82320.70125979782,2557.767451048477,2763.650716154396,51619.271953855205,9760.080593141516,61379.35254699672,55247.71529788844,55247.71524264076,39628.90935820526,1660.8024970299512,lexicographic,1.0958629999950062,0.0,1,0
2025-07-29,False,2,1.0,7,0.95,14,2025-07-22;2025-07-15,2025-07-22;2025-07-15;2025-07-08;2025-07-21;2025-07-16;2025-07-02;2025-07-07,2025-07-28;2025-07-25;2025-07-24;2025-07-23;2025-07-22;2025-07-21;2025-07-18;2025-07-17;2025-07-16;2025-07-15;2025-07-14;2025-07-11;2025-07-10;2025-07-09,2025-07-28,9600.0,10800.0,10800.0,28.577370081018525,35.56461851956699,34.641784407528384,69.86589637353383,82317.41467616089,2382.3661525960906,4448.838161232974,51604.146183197525,8738.95974674413,60343.10592994165,55023.09336347042,55023.09330844736,39836.1634669393,1628.9933294571088,lexicographic,1.0934964999905787,0.0,1,0
2025-07-30,False,2,1.0,7,0.95,14,2025-07-16;2025-07-23,2025-07-16;2025-07-23;2025-07-02;2025-07-29;2025-07-24;2025-07-22;2025-07-10,2025-07-29;2025-07-28;2025-07-25;2025-07-24;2025-07-23;2025-07-22;2025-07-21;2025-07-18;2025-07-17;2025-07-16;2025-07-15;2025-07-14;2025-07-11;2025-07-10,2025-07-29,9600.0,10800.0,10800.0,26.711405324074075,33.843961346814055,33.626226236188415,57.42268401559847,84153.40409206852,1205.457697885596,7013.559064107904,52875.80579386279,4937.842269420575,57813.64806328336,56456.381610068915,56456.38155361257,40411.09528042984,1655.8516505161,lexicographic,0.6324586999835446,0.0,1,0
2025-07-31,False,2,1.0,7,0.95,14,2025-07-24;2025-07-10,2025-07-24;2025-07-10;2025-07-17;2025-07-23;2025-07-03;2025-07-16;2025-07-30,2025-07-30;2025-07-29;2025-07-28;2025-07-25;2025-07-24;2025-07-23;2025-07-22;2025-07-21;2025-07-18;2025-07-17;2025-07-16;2025-07-15;2025-07-14;2025-07-11,2025-07-30,9600.0,10800.0,10800.0,29.63961296296298,37.3069634036995,24.785474851989477,44.47278191396255,83941.30364704483,1099.4523248519276,6158.314783146182,52860.274154188926,4450.131928127328,57310.40608231626,56301.07237610425,56301.07231980323,39890.92267879941,1668.3299465035102,lexicographic,1.3806192000047304,0.0,1,0
2025-08-01,False,2,1.0,10,0.9,14,2025-07-25;2025-07-18,2025-07-25;2025-07-18;2025-07-04;2025-07-11;2025-07-31;2025-07-24;2025-07-10;2025-07-17;2025-07-03;2025-07-30,2025-07-31;2025-07-30;2025-07-29;2025-07-28;2025-07-25;2025-07-24;2025-07-23;2025-07-22;2025-07-21;2025-07-18;2025-07-17;2025-07-16;2025-07-15;2025-07-14,2025-07-31,9600.0,10800.0,10800.0,26.54285711805555,33.83787695446631,50.41772034386212,81.11861119621446,43439.633571713304,849.9394025301119,18984.87997424342,25370.5534120541,2622.3097350594426,27992.863147113545,27588.274352323926,27588.274324735663,38613.33333333333,1465.6890613333508,lexicographic,1.1402856000058819,2.6373369818422454e-16,1,0
2025-08-02,False,2,1.0,10,0.9,14,2025-07-26;2025-07-05,2025-07-26;2025-07-05;2025-07-19;2025-07-12;2025-07-20;2025-07-13;2025-07-06;2025-07-27;2025-06-28;2025-06-21,2025-07-27;2025-07-26;2025-07-20;2025-07-19;2025-07-13;2025-07-12;2025-07-06;2025-07-05;2025-06-29;2025-06-28;2025-06-22;2025-06-21;2025-06-15;2025-06-14,2025-08-01,9600.0,10800.0,10800.0,29.648328124999995,38.758594630465545,39.189840536114204,68.7562902711059,48129.295728308876,279.5798166666676,23535.935720388796,28633.69003953591,879.928689437502,29513.618728973415,39748.845756070834,39748.845716321935,37590.031332466795,1607.8666660758481,lexicographic,1.1149995000159834,0.0,1,0
2025-08-03,False,2,1.0,10,0.9,14,2025-07-20;2025-07-06,2025-07-20;2025-07-06;2025-07-13;2025-07-27;2025-08-02;2025-06-22;2025-07-26;2025-06-29;2025-07-05;2025-07-19,2025-08-02;2025-07-27;2025-07-26;2025-07-20;2025-07-19;2025-07-13;2025-07-12;2025-07-06;2025-07-05;2025-06-29;2025-06-28;2025-06-22;2025-06-21;2025-06-15,2025-08-02,9600.0,10800.0,10800.0,28.154114988425924,34.413732406641415,55.81860132070327,93.23604222243175,88161.07891764285,570.9545750000004,21524.539117915032,56558.18034259483,2346.0924510291684,58904.272793624,69799.89926211194,69799.89919231209,41611.084465389584,1648.3456165376278,lexicographic,1.1986086999822874,0.0,1,0
2025-08-04,False,2,1.0,10,0.9,14,2025-07-14;2025-07-28,2025-07-14;2025-07-28;2025-07-21;2025-07-15;2025-07-22;2025-07-08;2025-07-07;2025-07-29;2025-07-23;2025-07-18,2025-08-01;2025-07-31;2025-07-30;2025-07-29;2025-07-28;2025-07-25;2025-07-24;2025-07-23;2025-07-22;2025-07-21;2025-07-18;2025-07-17;2025-07-16;2025-07-15,2025-08-03,9600.0,10800.0,10800.0,24.87789768518519,31.089001005607123,67.19527987815923,110.19247167637373,86112.65963713659,368.6115416666657,16811.01055238702,54355.66424740981,999.4622794833315,55355.126526893146,57875.007420480295,57875.007362605276,40530.715963052935,1631.268824804343,lexicographic,0.582559600006789,0.0,1,0
2025-08-05,False,2,1.0,10,0.9,14,2025-07-15;2025-07-22,2025-07-15;2025-07-22;2025-07-08;2025-07-23;2025-08-04;2025-07-14;2025-07-09;2025-07-16;2025-07-21;2025-07-29,2025-08-04;2025-08-01;2025-07-31;2025-07-30;2025-07-29;2025-07-28;2025-07-25;2025-07-24;2025-07-23;2025-07-22;2025-07-21;2025-07-18;2025-07-17;2025-07-16,2025-08-04,9600.0,10800.0,10800.0,32.89527494212963,40.965635497202335,31.194857534747307,55.37429546845355,81542.58839760034,450.589649824852,12686.864721678288,51155.62835958051,1144.6658394048025,52300.294198985306,54552.43862507168,54552.43857051922,39572.35001193978,1628.9933294840066,lexicographic,0.6075842999853194,0.0,1,0
2025-08-06,False,2,1.0,10,0.9,14,2025-07-23;2025-07-16,2025-07-23;2025-07-16;2025-07-24;2025-07-31;2025-07-30;2025-07-09;2025-08-05;2025-07-15;2025-07-22;2025-07-17,2025-08-05;2025-08-04;2025-08-01;2025-07-31;2025-07-30;2025-07-29;2025-07-28;2025-07-25;2025-07-24;2025-07-23;2025-07-22;2025-07-21;2025-07-18;2025-07-17,2025-08-05,9600.0,10800.0,10800.0,33.805448148148145,42.23877277971747,34.52315699434146,56.42551672596067,82745.20268117762,729.2209808091536,11180.599576524899,52051.00913357743,2358.3480199958253,54409.357153573255,55415.379940838946,55415.37988542354,39814.52064220701,1655.8516527714396,lexicographic,1.5754786000179593,0.0,1,0
2025-08-07,False,2,1.0,10,0.9,14,2025-07-24;2025-07-31,2025-07-24;2025-07-31;2025-07-17;2025-08-06;2025-07-23;2025-07-10;2025-07-03;2025-07-16;2025-07-25;2025-07-18,2025-08-06;2025-08-05;2025-08-04;2025-08-01;2025-07-31;2025-07-30;2025-07-29;2025-07-28;2025-07-25;2025-07-24;2025-07-23;2025-07-22;2025-07-21;2025-07-18,2025-08-06,9600.0,10800.0,10800.0,28.517797222222214,34.86231841064044,53.27571969588126,94.31359054059608,81756.92145122377,741.3426583253558,14856.583696221229,51341.00824205374,2409.976222631063,53750.9844646848,54605.53299176274,54605.532937157186,40522.0433980184,1618.9285989857876,lexicographic,0.6373344000021461,0.0,1,0
2025-08-08,False,2,1.0,10,0.9,14,2025-07-18;2025-07-25,2025-07-18;2025-07-25;2025-07-11;2025-08-07;2025-07-24;2025-08-01;2025-07-31;2025-07-17;2025-08-06;2025-07-03,2025-08-07;2025-08-06;2025-08-05;2025-08-04;2025-08-01;2025-07-31;2025-07-30;2025-07-29;2025-07-28;2025-07-25;2025-07-24;2025-07-23;2025-07-22;2025-07-21,2025-08-07,9600.0,10800.0,10800.0,26.201330960648157,32.872589778581215,49.93810747482683,87.96262995981424,42566.53473931692,301.25260229714866,23039.28275828073,24759.60397266611,1210.6609666723311,25970.26493933844,26899.818040866663,26899.818013966877,38613.33333333333,1465.6891151205782,lexicographic,1.0767314999829978,0.0,1,0
2025-08-09,False,2,1.0,10,0.9,14,2025-08-02;2025-07-26,2025-08-02;2025-07-26;2025-07-05;2025-07-19;2025-07-12;2025-08-03;2025-07-20;2025-06-28;2025-07-13;2025-07-27,2025-08-03;2025-08-02;2025-07-27;2025-07-26;2025-07-20;2025-07-19;2025-07-13;2025-07-12;2025-07-06;2025-07-05;2025-06-29;2025-06-28;2025-06-22;2025-06-21,2025-08-08,9600.0,10800.0,10800.0,26.62729311342592,33.250347468944504,30.00021107682537,48.12953450076369,43840.65859790842,486.6797833333321,21318.09613559425,25714.779570446037,1436.2527701374972,27151.032340583533,35034.61589623174,35034.61586119712,38937.03670853677,1629.0745252213055,lexicographic,2.2145143000234384,0.0,1,0
2025-08-10,False,2,1.0,10,0.9,14,2025-08-03;2025-07-20,2025-08-03;2025-07-20;2025-07-27;2025-07-13;2025-07-06;2025-06-22;2025-06-29;2025-08-02;2025-07-26;2025-08-09,2025-08-09;2025-08-03;2025-08-02;2025-07-27;2025-07-26;2025-07-20;2025-07-19;2025-07-13;2025-07-12;2025-07-06;2025-07-05;2025-06-29;2025-06-28;2025-06-22,2025-08-09,9600.0,10800.0,10800.0,26.023696817129622,32.68471371594477,24.597128864643445,44.718278584910685,80184.60458184431,393.35061343743695,11130.658705653668,50756.819107193616,998.1045679894823,51754.9236751831,62905.166521151084,62905.16645824589,39464.45350382544,1654.1122213110975,lexicographic,1.1952668000012636,2.3133100264548017e-16,1,0
2025-08-11,False,2,1.0,10,0.9,14,2025-08-04;2025-07-28,2025-08-04;2025-07-28;2025-07-14;2025-07-21;2025-08-05;2025-07-15;2025-07-22;2025-07-07;2025-07-08;2025-07-29,2025-08-08;2025-08-07;2025-08-06;2025-08-05;2025-08-04;2025-08-01;2025-07-31;2025-07-30;2025-07-29;2025-07-28;2025-07-25;2025-07-24;2025-07-23;2025-07-22,2025-08-10,9600.0,10800.0,10800.0,30.504111863425933,37.84748543914294,34.62240407570688,68.21447635031116,79358.42308319584,882.2292731449895,11598.36640098383,49597.15578808511,3394.113959861591,52991.2697479467,52908.72308859877,52908.723035690025,38877.20550454123,1651.6889398931462,lexicographic,0.9258808000013232,0.0,1,0
2025-08-12,False,2,1.0,10,0.9,14,2025-08-05;2025-08-06,2025-08-05;2025-08-06;2025-07-15;2025-07-22;2025-08-11;2025-07-08;2025-08-04;2025-07-23;2025-07-28;2025-07-16,2025-08-11;2025-08-08;2025-08-07;2025-08-06;2025-08-05;2025-08-04;2025-08-01;2025-07-31;2025-07-30;2025-07-29;2025-07-28;2025-07-25;2025-07-24;2025-07-23,2025-08-11,9600.0,10800.0,10800.0,24.426355266203707,30.77716926079629,23.362994500751356,39.54100141297555,75945.62868007248,1458.2484459791053,5625.527631824735,47613.336562512755,5965.081475424944,53578.4180379377,50777.85324721789,50777.85319644003,38274.88725289793,1635.3249925205323,lexicographic,0.7955797000031453,0.0,1,0
2025-08-13,False,2,1.0,10,0.9,14,2025-08-06;2025-07-23,2025-08-06;2025-07-23;2025-08-07;2025-07-16;2025-07-24;2025-07-31;2025-07-30;2025-08-12;2025-07-09;2025-08-05,2025-08-12;2025-08-11;2025-08-08;2025-08-07;2025-08-06;2025-08-05;2025-08-04;2025-08-01;2025-07-31;2025-07-30;2025-07-29;2025-07-28;2025-07-25;2025-07-24,2025-08-12,9600.0,10800.0,10800.0,27.05292876157406,34.75825722945625,21.636035694565393,42.303353295096905,78346.16346882141,727.3398692079694,8842.50176858226,49275.72182927615,2689.5329367125187,51965.25476598867,52560.50260731854,52560.502554758044,39153.368611575155,1637.0708234292852,lexicographic,0.8803594000055455,0.0,1,0
2025-08-14,False,2,1.0,10,0.9,14,2025-08-07;2025-07-17,2025-08-07;2025-07-17;2025-07-24;2025-07-31;2025-08-13;2025-07-10;2025-08-06;2025-07-23;2025-08-08;2025-07-03,2025-08-13;2025-08-12;2025-08-11;2025-08-08;2025-08-07;2025-08-06;2025-08-05;2025-08-04;2025-08-01;2025-07-31;2025-07-30;2025-07-29;2025-07-28;2025-07-25,2025-08-13,9600.0,10800.0,10800.0,29.72316568287037,38.51402488087307,30.186373042231,47.963830340312505,76381.66158497968,1098.5614935331012,7457.208719166376,48049.90651144649,4505.006313102456,52554.91282454895,51343.26497500769,51343.26492366444,39026.680582019355,1641.629609570323,lexicographic,0.859953500010306,0.0,1,0
2025-08-15,False,2,1.0,10,0.9,14,2025-08-08;2025-07-25,2025-08-08;2025-07-25;2025-07-18;2025-08-01;2025-07-11;2025-08-07;2025-08-14;2025-07-24;2025-07-31;2025-07-17,2025-08-14;2025-08-13;2025-08-12;2025-08-11;2025-08-08;2025-08-07;2025-08-06;2025-08-05;2025-08-04;2025-08-01;2025-07-31;2025-07-30;2025-07-29;2025-07-28,2025-08-14,9600.0,10800.0,10800.0,25.672990972222223,32.35630288035118,24.832042735513497,43.55386741203687,41766.47092931554,567.3074273284537,21117.11924436554,24190.03164408003,1924.976558890899,26115.00820297093,26443.738588464686,26443.738562020975,38647.61754942457,1462.6200035397424,lexicographic,1.0183713999867905,0.0,1,0
2025-08-16,False,2,1.0,10,0.9,14,2025-08-09;2025-08-02,2025-08-09;2025-08-02;2025-07-26;2025-07-05;2025-07-19;2025-07-12;2025-08-10;2025-08-03;2025-07-20;2025-06-28,2025-08-10;2025-08-09;2025-08-03;2025-08-02;2025-07-27;2025-07-26;2025-07-20;2025-07-19;2025-07-13;2025-07-12;2025-07-06;2025-07-05;2025-06-29;2025-06-28,2025-08-15,9600.0,10800.0,10800.0,25.41758981481481,32.37611929299455,26.367034725429136,51.6832776239505,42812.684541980045,763.1613707744682,22581.919831555773,25079.888940998295,2952.976190869499,28032.865131867795,34243.93802466354,34243.93799041956,38721.09864896345,1623.781558909206,lexicographic,1.7209097000013571,0.0,1,0
2025-08-17,False,2,1.0,10,0.9,14,2025-08-10;2025-08-03,2025-08-10;2025-08-03;2025-07-20;2025-07-13;2025-07-27;2025-07-06;2025-06-22;2025-08-16;2025-08-09;2025-08-02,2025-08-16;2025-08-10;2025-08-09;2025-08-03;2025-08-02;2025-07-27;2025-07-26;2025-07-20;2025-07-19;2025-07-13;2025-07-12;2025-07-06;2025-07-05;2025-06-29,2025-08-16,9600.0,10800.0,10800.0,29.31008136574075,36.211056597211325,30.061569845743755,50.68923622302265,77600.7031086258,686.1910141564979,11019.735378889964,49145.211502431266,2548.084076480238,51693.29557891151,61050.54261158635,61050.54255053582,39074.709896202505,1631.0132618134649,lexicographic,0.9727008000190835,4.767169830250471e-16,1,0
2025-08-18,False,2,1.0,10,0.9,14,2025-08-11;2025-08-04,2025-08-11;2025-08-04;2025-07-14;2025-07-28;2025-08-12;2025-08-05;2025-07-21;2025-07-15;2025-07-22;2025-07-07,2025-08-15;2025-08-14;2025-08-13;2025-08-12;2025-08-11;2025-08-08;2025-08-07;2025-08-06;2025-08-05;2025-08-04;2025-08-01;2025-07-31;2025-07-30;2025-07-29,2025-08-17,9600.0,10800.0,10800.0,29.811278124999994,37.609894359434186,32.4149697780551,56.116199899542345,75564.94133798321,1173.0647956398439,8330.221119660426,47457.99901609354,4716.128211668442,52174.12722776199,50678.29952557716,50678.29947489887,38235.48215318793,1626.7891591957023,lexicographic,1.2464474000153132,0.0,1,0
2025-08-19,False,2,1.0,10,0.9,14,2025-08-05;2025-08-12,2025-08-05;2025-08-12;2025-08-18;2025-08-13;2025-08-11;2025-08-04;2025-07-22;2025-07-15;2025-08-06;2025-07-14,2025-08-18;2025-08-15;2025-08-14;2025-08-13;2025-08-12;2025-08-11;2025-08-08;2025-08-07;2025-08-06;2025-08-05;2025-08-04;2025-08-01;2025-07-31;2025-07-30,2025-08-18,9600.0,10800.0,10800.0,28.666213715277777,35.6798381473948,19.816472704430787,34.794015136830744,73208.87752017681,1389.0028283074764,6351.722014852465,46233.26970176429,5136.605354366829,51369.875056131124,49346.45159021599,49346.45154086952,37424.11522828226,1646.2999955229602,lexicographic,1.151924700010568,0.0,1,0
2025-08-20,False,2,1.0,10,0.9,14,2025-08-06;2025-08-13,2025-08-06;2025-08-13;2025-07-23;2025-08-07;2025-08-12;2025-07-16;2025-07-31;2025-07-24;2025-07-30;2025-08-14,2025-08-19;2025-08-18;2025-08-15;2025-08-14;2025-08-13;2025-08-12;2025-08-11;2025-08-08;2025-08-07;2025-08-06;2025-08-05;2025-08-04;2025-08-01;2025-07-31,2025-08-19,9600.0,10800.0,10800.0,30.81587737268518,37.06103506290982,44.54811452387197,73.00422796302598,74314.2741818544,3514.9657994182035,3251.4503978374532,46752.507670130086,13703.494122080741,60456.00179221082,50031.30845915413,50031.30840912281,37410.78060711035,1623.7808204580615,lexicographic,0.9765370000095572,0.0,1,0
2025-08-21,False,2,1.0,10,0.9,14,2025-08-07;2025-07-31,2025-08-07;2025-07-31;2025-07-24;2025-08-14;2025-08-13;2025-08-20;2025-08-06;2025-08-15;2025-07-23;2025-07-30,2025-08-20;2025-08-19;2025-08-18;2025-08-15;2025-08-14;2025-08-13;2025-08-12;2025-08-11;2025-08-08;2025-08-07;2025-08-06;2025-08-05;2025-08-04;2025-08-01,2025-08-20,9600.0,10800.0,10800.0,26.981402256944452,34.45705253006969,27.82695434108304,48.223765147621506,75583.90384985678,1180.0528177157375,6804.715293975203,47554.196281251774,4464.108146354918,52018.304427606694,51443.06002652104,51443.05997507795,39199.102270409654,1645.1784076834078,lexicographic,0.964694900001632,0.0,1,0
2025-08-22,False,2,1.0,10,0.9,14,2025-08-15;2025-08-08,2025-08-15;2025-08-08;2025-07-25;2025-07-18;2025-08-01;2025-08-21;2025-08-07;2025-07-11;2025-07-31;2025-08-14,2025-08-21;2025-08-20;2025-08-19;2025-08-18;2025-08-15;2025-08-14;2025-08-13;2025-08-12;2025-08-11;2025-08-08;2025-08-07;2025-08-06;2025-08-05;2025-08-04,2025-08-21,9600.0,10800.0,10800.0,26.91294068287037,33.642542926007444,28.54091295288397,47.3899606247662,41141.72327545793,1889.294098167978,17747.11464029258,23652.162813766023,7592.030884108766,31244.19369787479,26154.44787444874,26154.447848294312,38613.33333333333,1434.5021701454139,lexicographic,1.5002492999774404,0.0,1,0
2025-08-23,False,2,1.0,10,0.9,14,2025-08-16;2025-08-02,2025-08-16;2025-08-02;2025-08-09;2025-07-26;2025-07-05;2025-07-19;2025-07-12;2025-08-10;2025-08-03;2025-08-17,2025-08-17;2025-08-16;2025-08-10;2025-08-09;2025-08-03;2025-08-02;2025-07-27;2025-07-26;2025-07-20;2025-07-19;2025-07-13;2025-07-12;2025-07-06;2025-07-05,2025-08-22,9600.0,10800.0,10800.0,23.59269317129629,30.61230972952016,34.61375743438865,64.84417949710476,43166.15473988023,738.2187345664524,17309.093868286855,25284.612653015283,2213.72796431616,27498.340617331443,34551.70716831083,34551.70713375908,38727.07871394357,1606.2974282999949,lexicographic,0.8952296000206843,0.0,1,0
2025-08-24,False,2,1.0,10,0.9,14,2025-08-10;2025-08-17,2025-08-10;2025-08-17;2025-08-03;2025-07-20;2025-07-27;2025-07-13;2025-07-06;2025-06-22;2025-06-29;2025-08-23,2025-08-23;2025-08-17;2025-08-16;2025-08-10;2025-08-09;2025-08-03;2025-08-02;2025-07-27;2025-07-26;2025-07-20;2025-07-19;2025-07-13;2025-07-12;2025-07-06,2025-08-23,9600.0,10800.0,10800.0,29.063375752314812,36.44855033597245,40.758323803765215,71.3391934209913,77311.91821725399,1370.2146855003646,10883.788572877305,48613.90680835175,5101.434118272495,53715.340926624245,60046.472690631665,60046.47263058522,38722.138274969104,1628.07154415573,lexicographic,0.9983562999987043,0.0,1,0
2025-08-25,False,2,1.0,10,0.9,14,2025-08-18;2025-08-11,2025-08-18;2025-08-11;2025-08-04;2025-07-14;2025-08-12;2025-07-28;2025-08-19;2025-08-05;2025-07-21;2025-07-15,2025-08-22;2025-08-21;2025-08-20;2025-08-19;2025-08-18;2025-08-15;2025-08-14;2025-08-13;2025-08-12;2025-08-11;2025-08-08;2025-08-07;2025-08-06;2025-08-05,2025-08-24,9600.0,10800.0,10800.0,23.71297002314816,30.210807157915248,51.357079574268205,80.9360903775855,73328.00671564628,4051.2975473115566,2633.663183768765,46436.18533288613,14886.465891764594,61322.65122465073,50332.97252978306,50332.97247945007,37843.80449034502,1604.8758307300195,lexicographic,1.0490948999940883,2.8911297130937577e-16,1,0
2025-08-26,False,2,1.0,10,0.9,14,2025-08-12;2025-07-22,2025-08-12;2025-07-22;2025-07-29;2025-07-15;2025-08-20;2025-08-05;2025-08-13;2025-07-08;2025-08-06;2025-07-28,2025-08-25;2025-08-22;2025-08-21;2025-08-20;2025-08-19;2025-08-18;2025-08-15;2025-08-14;2025-08-13;2025-08-12;2025-08-11;2025-08-08;2025-08-07;2025-08-06,2025-08-25,9600.0,10800.0,10800.0,35.63637621527778,44.04937453026014,36.29807421091074,65.31995137958734,80191.51196635384,586.9853073281013,11045.23823417328,50376.906739541446,2149.7909798429087,52526.697719384356,54571.634586308384,54571.63453173672,40052.82940882815,1642.0007669933784,lexicographic,0.8728965999907814,1.333285630275929e-16,1,0
2025-08-27,False,2,1.0,10,0.9,14,2025-08-20;2025-08-06,2025-08-20;2025-08-06;2025-08-13;2025-08-12;2025-08-07;2025-07-23;2025-08-21;2025-08-19;2025-08-14;2025-08-26,2025-08-26;2025-08-25;2025-08-22;2025-08-21;2025-08-20;2025-08-19;2025-08-18;2025-08-15;2025-08-14;2025-08-13;2025-08-12;2025-08-11;2025-08-08;2025-08-07,2025-08-26,9600.0,10800.0,10800.0,25.2170494212963,31.013481132153622,31.28996704732002,49.64126502449603,76211.57916166016,862.5398885209277,5048.548080479242,48093.86646461384,3830.1622849244577,51924.0287495383,52107.57930178179,52107.57924967422,39166.70529733518,1633.349985858682,lexicographic,0.7972456999996211,0.0,1,0
2025-08-28,False,2,1.0,10,0.9,14,2025-08-21;2025-08-07,2025-08-21;2025-08-07;2025-07-31;2025-08-20;2025-08-27;2025-07-24;2025-08-13;2025-08-06;2025-08-14;2025-08-22,2025-08-27;2025-08-26;2025-08-25;2025-08-22;2025-08-21;2025-08-20;2025-08-19;2025-08-18;2025-08-15;2025-08-14;2025-08-13;2025-08-12;2025-08-11;2025-08-08,2025-08-27,9600.0,10800.0,10800.0,31.508760648148154,38.67106451886882,35.274413623278946,73.50934828950689,77669.76515812894,3251.335653646816,5907.763906978626,49015.1215195854,12891.425596457471,61906.54711604287,53017.49919564791,53017.49914263041,40444.373041313076,1640.1216655659864,lexicographic,1.3820070000074338,0.0,1,0
2025-08-29,False,2,1.0,10,0.9,14,2025-08-22;2025-08-15,2025-08-22;2025-08-15;2025-07-25;2025-08-01;2025-08-08;2025-08-21;2025-07-18;2025-08-28;2025-08-07;2025-07-31,2025-08-28;2025-08-27;2025-08-26;2025-08-25;2025-08-22;2025-08-21;2025-08-20;2025-08-19;2025-08-18;2025-08-15;2025-08-14;2025-08-13;2025-08-12;2025-08-11,2025-08-28,9600.0,10800.0,10800.0,27.613400115740735,33.41137017515402,29.139941696184994,45.561849088477096,42548.14989684739,581.3201445900002,16516.072101411664,24780.814124995355,2481.598898259263,27262.41302325462,27541.799012735777,27541.79898519398,38659.48125235028,1444.8958303268178,lexicographic,0.9579669999948237,1.3208936747550262e-16,1,0
2025-08-30,False,2,1.0,10,0.9,14,2025-08-23;2025-08-16,2025-08-23;2025-08-16;2025-07-26;2025-08-02;2025-08-09;2025-07-19;2025-07-05;2025-07-12;2025-06-28;2025-08-24,2025-08-24;2025-08-23;2025-08-17;2025-08-16;2025-08-10;2025-08-09;2025-08-03;2025-08-02;2025-07-27;2025-07-26;2025-07-20;2025-07-19;2025-07-13;2025-07-12,2025-08-29,9600.0,10800.0,10800.0,27.978586979166664,34.70718956209482,31.30636464399901,55.8088966035726,41891.753258926816,1110.9959674988932,20418.0756151581,24295.25772420405,3851.5626667868733,28146.820390990924,28677.9083602989,28677.908331620958,38790.7175687423,1566.3190992970176,lexicographic,0.8896076999953948,0.0,1,0
2025-08-31,False,2,1.0,10,0.9,14,2025-08-17;2025-08-24,2025-08-17;2025-08-24;2025-08-03;2025-08-10;2025-07-20;2025-07-27;2025-07-13;2025-07-06;2025-06-22;2025-08-23,2025-08-30;2025-08-24;2025-08-23;2025-08-17;2025-08-16;2025-08-10;2025-08-09;2025-08-03;2025-08-02;2025-07-27;2025-07-26;2025-07-20;2025-07-19;2025-07-13,2025-08-30,9600.0,10800.0,10800.0,27.935138888888886,35.560611147648686,31.543272760164225,51.59847608723217,74796.67887594904,1223.7025375110684,5271.812739324009,47372.465657910405,4258.835560679496,51631.3012185899,53088.57651834728,53088.57646525874,39076.4290492263,1603.406652557269,lexicographic,0.8589603000145871,0.0,1,0
2025-09-01,False,4,0.9,10,0.95,14,2025-08-18;2025-07-28;2025-08-11;2025-08-25,2025-08-18;2025-07-28;2025-08-11;2025-08-25;2025-08-26;2025-08-04;2025-08-12;2025-07-21;2025-07-14;2025-07-22,2025-08-29;2025-08-28;2025-08-27;2025-08-26;2025-08-25;2025-08-22;2025-08-21;2025-08-20;2025-08-19;2025-08-18;2025-08-15;2025-08-14;2025-08-13;2025-08-12,2025-08-31,9600.0,10800.0,10800.0,97.0739993518209,108.32042667153384,32.34907636391237,50.731430846655165,77677.32709763595,133.62641878930458,20054.490724583062,48992.74919632444,311.3583151220306,49304.10751144647,53063.23170396576,53063.23165090254,39842.17972579483,1613.617153101368,lexicographic,0.9409088999964297,2.742372595039515e-16,1,0
2025-09-02,False,4,0.9,10,0.95,14,2025-06-24;2025-07-01;2025-09-01;2025-08-26,2025-06-24;2025-07-01;2025-09-01;2025-08-26;2025-05-27;2025-06-17;2025-05-13;2025-06-03;2025-06-30;2025-08-12,2025-09-01;2025-08-29;2025-08-28;2025-08-27;2025-08-26;2025-08-25;2025-08-22;2025-08-21;2025-08-20;2025-08-19;2025-08-18;2025-08-15;2025-08-14;2025-08-13,2025-09-01,9600.0,10800.0,10800.0,34.0247487111982,42.4449274780795,29.12450050361728,46.7278807033105,68782.2583691413,126.48110682552552,10816.017321386851,42545.54225029626,410.10462035886997,42955.64687065513,46134.0869260206,46134.08687988653,38438.36321731456,1529.0833106981204,lexicographic,1.0259972999920137,0.0,1,0
2025-09-03,False,4,0.9,10,0.95,14,2025-09-02;2025-08-20;2025-08-27;2025-05-28,2025-09-02;2025-08-20;2025-08-27;2025-05-28;2025-08-28;2025-08-06;2025-05-29;2025-05-21;2025-08-26;2025-05-22,2025-09-02;2025-09-01;2025-08-29;2025-08-28;2025-08-27;2025-08-26;2025-08-25;2025-08-22;2025-08-21;2025-08-20;2025-08-19;2025-08-18;2025-08-15;2025-08-14,2025-09-02,9600.0,10800.0,10800.0,41.766164672025894,49.84740436405106,33.02382432407163,53.82659956853071,70996.70863385845,130.04336012077033,11436.587806956139,44231.933650332125,409.89776256714765,44641.83141289927,47947.76161565843,47947.761567710666,39462.25766321985,1514.399838511285,lexicographic,0.8035213999974076,0.0,1,0
2025-09-04,False,4,0.9,10,0.95,14,2025-09-03;2025-08-28;2025-09-02;2025-05-29,2025-09-03;2025-08-28;2025-09-02;2025-05-29;2025-08-27;2025-08-20;2025-08-21;2025-05-22;2025-08-29;2025-06-27,2025-09-03;2025-09-02;2025-09-01;2025-08-29;2025-08-28;2025-08-27;2025-08-26;2025-08-25;2025-08-22;2025-08-21;2025-08-20;2025-08-19;2025-08-18;2025-08-15,2025-09-03,9600.0,10800.0,10800.0,29.599593696746258,38.397868168230644,35.28539725680654,66.63159639459987,68508.76567883407,362.76021993067377,10829.858428971369,42361.24421862482,1556.3685835323154,43917.612802157135,45919.945419762706,45919.945373842755,39211.28670961062,1514.0917755665946,lexicographic,0.9327424000075553,0.0,1,0
2025-09-05,False,4,0.9,10,0.95,14,2025-09-04;2025-09-03;2025-05-30;2025-06-27,2025-09-04;2025-09-03;2025-05-30;2025-06-27;2025-08-29;2025-09-02;2025-08-28;2025-05-23;2025-05-16;2025-08-22,2025-09-04;2025-09-03;2025-09-02;2025-09-01;2025-08-29;2025-08-28;2025-08-27;2025-08-26;2025-08-25;2025-08-22;2025-08-21;2025-08-20;2025-08-19;2025-08-18,2025-09-04,9600.0,10800.0,10800.0,320.05904364638275,350.69452936673616,24.403719632612667,44.78999184436145,65280.45880229314,0.0,54365.865823291526,40254.761127035905,0.0,40254.761127035905,43506.49260989146,43506.49256638495,38965.78776487503,1494.0621577660013,lexicographic,0.8474336999934167,0.0,1,0
2025-09-06,False,4,0.9,10,0.95,14,2025-06-28;2025-08-30;2025-05-31;2025-05-24,2025-06-28;2025-08-30;2025-05-31;2025-05-24;2025-05-17;2025-05-10;2025-06-21;2025-08-16;2025-04-26;2025-08-09,2025-08-31;2025-08-30;2025-08-24;2025-08-23;2025-08-17;2025-08-16;2025-08-10;2025-08-09;2025-08-03;2025-08-02;2025-07-27;2025-07-26;2025-07-20;2025-07-19,2025-09-05,9600.0,10800.0,10800.0,96.02710381024043,109.85188585444692,51.24893348214539,82.39048579965298,41466.10642053991,227.59751611479146,29918.350819516876,24097.585361354395,942.7991759317622,25040.384537286158,26213.337883252483,26213.33785703913,38622.250763260374,1571.9032532776946,lexicographic,0.6134196000057273,0.0,1,0
2025-09-07,False,4,0.9,10,0.95,14,2025-06-29;2025-08-24;2025-06-22;2025-06-01,2025-06-29;2025-08-24;2025-06-22;2025-06-01;2025-08-17;2025-08-31;2025-05-25;2025-08-10;2025-09-06;2025-05-04,2025-09-06;2025-08-31;2025-08-30;2025-08-24;2025-08-23;2025-08-17;2025-08-16;2025-08-10;2025-08-09;2025-08-03;2025-08-02;2025-07-27;2025-07-26;2025-07-20,2025-09-06,9600.0,10800.0,10800.0,101.16043593395608,114.87245139017986,24.849684585378004,48.908749503921506,75414.49591816755,293.46395995830926,16637.65599605222,47874.87663544022,968.971101174693,48843.84773661491,51241.15365707068,51241.15360582952,39146.68252835071,1612.1482979829138,lexicographic,1.0325310000043828,2.839888293754443e-16,1,0
2025-09-08,False,4,0.9,10,0.95,14,2025-09-02;2025-09-01;2025-06-30;2025-08-25,2025-09-02;2025-09-01;2025-06-30;2025-08-25;2025-06-23;2025-08-18;2025-08-26;2025-05-26;2025-08-11;2025-09-03,2025-09-05;2025-09-04;2025-09-03;2025-09-02;2025-09-01;2025-08-29;2025-08-28;2025-08-27;2025-08-26;2025-08-25;2025-08-22;2025-08-21;2025-08-20;2025-08-19,2025-09-07,9600.0,10800.0,10800.0,25.77551039476002,31.98041767791428,38.13939490123509,66.55751026045378,66981.89835566992,1313.5816072098232,4802.390395899471,41365.19933998071,5339.931851713691,46705.1311916944,44330.670364877886,44330.67032054722,39034.269794215594,1484.810999666602,lexicographic,0.8915602999913972,1.6412920358686806e-16,1,0
2025-09-09,False,4,0.9,10,0.95,14,2025-09-02;2025-09-03;2025-09-08;2025-09-04,2025-09-02;2025-09-03;2025-09-08;2025-09-04;2025-08-26;2025-09-01;2025-07-01;2025-06-24;2025-09-05;2025-06-03,2025-09-08;2025-09-05;2025-09-04;2025-09-03;2025-09-02;2025-09-01;2025-08-29;2025-08-28;2025-08-27;2025-08-26;2025-08-25;2025-08-22;2025-08-21;2025-08-20,2025-09-08,9600.0,10800.0,10800.0,18.764613727917737,23.48225754856264,31.68496906583933,55.89048183741991,65942.36773826042,711.9319643099489,9450.716898064042,40656.016223620354,2849.881813807982,43505.898037428335,43369.61367465704,43369.61363128744,39065.0255446832,1474.2248159809553,lexicographic,0.7236793999909423,1.6776625395008014e-16,1,0
2025-09-10,False,4,0.9,10,0.95,14,2025-09-03;2025-09-04;2025-09-09;2025-09-02,2025-09-03;2025-09-04;2025-09-09;2025-09-02;2025-09-05;2025-08-27;2025-08-20;2025-05-28;2025-08-28;2025-08-06,2025-09-09;2025-09-08;2025-09-05;2025-09-04;2025-09-03;2025-09-02;2025-09-01;2025-08-29;2025-08-28;2025-08-27;2025-08-26;2025-08-25;2025-08-22;2025-08-21,2025-09-09,9600.0,10800.0,10800.0,20.473870534431313,26.20002758608285,47.29352775355856,82.44773408692214,64631.12904062053,3273.746547415177,2548.86678533608,40048.08139484143,13411.872972545363,53459.95436738679,42799.96549406448,42799.96545126453,38486.41250729647,1470.5152299954684,lexicographic,0.7151625999831595,1.6999914690277997e-16,1,0
2025-09-11,False,4,0.9,10,0.95,14,2025-09-04;2025-09-03;2025-09-05;2025-09-10,2025-09-04;2025-09-03;2025-09-05;2025-09-10;2025-09-09;2025-09-02;2025-08-28;2025-05-29;2025-06-27;2025-05-22,2025-09-10;2025-09-09;2025-09-08;2025-09-05;2025-09-04;2025-09-03;2025-09-02;2025-09-01;2025-08-29;2025-08-28;2025-08-27;2025-08-26;2025-08-25;2025-08-22,2025-09-10,9600.0,10800.0,10800.0,71.65378393679474,81.86250627521439,26.345794654251147,51.13891940514524,56448.40875705515,4769.277268629279,3875.4968054247984,34360.39190863167,20716.259828688657,55076.651737320324,37015.76105597383,37015.76101895805,36639.19589914003,1443.6821825325083,lexicographic,1.0291560999758076,0.0,1,0
2025-09-12,False,4,0.9,10,0.95,14,2025-09-05;2025-09-04;2025-09-11;2025-09-10,2025-09-05;2025-09-04;2025-09-11;2025-09-10;2025-09-03;2025-08-29;2025-08-28;2025-05-30;2025-08-22;2025-09-09,2025-09-11;2025-09-10;2025-09-09;2025-09-08;2025-09-05;2025-09-04;2025-09-03;2025-09-02;2025-09-01;2025-08-29;2025-08-28;2025-08-27;2025-08-26;2025-08-25,2025-09-11,9600.0,10800.0,10800.0,256.55237599192986,282.8398792390668,22.17593141701765,36.874327774284914,58217.425527391344,0.0,42775.338228886714,35601.59491520887,0.0,35601.59491520887,39159.425180383885,39159.42514122449,37061.47520154407,1428.3195482756717,lexicographic,1.1818127000005916,0.0,1,0
2025-09-13,False,4,0.9,10,0.95,14,2025-09-06;2025-06-28;2025-08-30;2025-05-24,2025-09-06;2025-06-28;2025-08-30;2025-05-24;2025-05-31;2025-06-21;2025-05-10;2025-05-17;2025-09-07;2025-06-14,2025-09-07;2025-09-06;2025-08-31;2025-08-30;2025-08-24;2025-08-23;2025-08-17;2025-08-16;2025-08-10;2025-08-09;2025-08-03;2025-08-02;2025-07-27;2025-07-26,2025-09-12,9600.0,10800.0,10800.0,37.96506042286889,46.68686597297921,37.89455296271309,60.90014462110919,35838.6930988188,429.11896818199676,24207.377258016626,19825.47470398304,1866.584523524929,21692.05922750797,21813.797052269452,21813.797030455662,38613.333260147534,1482.724748742463,lexicographic,0.8949404000013601,0.0,1,0
2025-09-14,False,4,0.9,10,0.95,14,2025-09-07;2025-06-29;2025-05-25;2025-06-01,2025-09-07;2025-06-29;2025-05-25;2025-06-01;2025-06-22;2025-08-24;2025-09-06;2025-04-27;2025-08-17;2025-08-31,2025-09-13;2025-09-07;2025-09-06;2025-08-31;2025-08-30;2025-08-24;2025-08-23;2025-08-17;2025-08-16;2025-08-10;2025-08-09;2025-08-03;2025-08-02;2025-07-27,2025-09-13,9600.0,10800.0,10800.0,26.78184888322725,33.72872823596567,46.77986176498015,71.73726184490452,61861.499316099056,4072.203499783671,1768.806677931283,38073.93555233842,15492.4814580171,53566.41701035552,41313.43419891804,41313.43415760463,38729.91690627427,1460.5322453999001,lexicographic,1.0768003000121098,0.0,1,0
2025-09-15,False,4,0.9,10,0.95,14,2025-09-08;2025-09-09;2025-09-02;2025-09-01,2025-09-08;2025-09-09;2025-09-02;2025-09-01;2025-06-30;2025-06-23;2025-05-19;2025-05-26;2025-05-12;2025-09-03,2025-09-12;2025-09-11;2025-09-10;2025-09-09;2025-09-08;2025-09-05;2025-09-04;2025-09-03;2025-09-02;2025-09-01;2025-08-29;2025-08-28;2025-08-27;2025-08-26,2025-09-14,9600.0,10800.0,10800.0,21.977617431807044,27.274539223064075,38.00533659015071,66.07675996452033,65966.22714514064,1132.9636625762098,7886.315967965558,40757.02480154399,4388.240826880143,45145.26562842413,44460.01729507835,44460.01725061838,39494.62112429738,1459.9477231547176,lexicographic,0.8010107000009157,0.0,1,0
2025-09-16,False,4,0.9,10,0.95,14,2025-09-09;2025-09-02;2025-09-10;2025-09-03,2025-09-09;2025-09-02;2025-09-10;2025-09-03;2025-09-08;2025-09-15;2025-09-04;2025-09-11;2025-09-01;2025-09-12,2025-09-15;2025-09-12;2025-09-11;2025-09-10;2025-09-09;2025-09-08;2025-09-05;2025-09-04;2025-09-03;2025-09-02;2025-09-01;2025-08-29;2025-08-28;2025-08-27,2025-09-15,9600.0,10800.0,10800.0,21.094799226755374,25.629728874372372,23.67325754286746,43.53344311951698,66425.45102964256,2069.1868268279604,4867.300171744035,41258.714390817135,5941.286167906139,47200.00055872327,45316.853914122876,45316.85386880605,39396.72389221909,1477.8097939772347,lexicographic,0.5873114999849349,0.0,1,0
2025-09-17,False,4,0.9,10,0.95,14,2025-09-03;2025-09-11;2025-09-04;2025-09-10,2025-09-03;2025-09-11;2025-09-04;2025-09-10;2025-09-09;2025-09-02;2025-09-16;2025-09-05;2025-09-12;2025-08-20,2025-09-16;2025-09-15;2025-09-12;2025-09-11;2025-09-10;2025-09-09;2025-09-08;2025-09-05;2025-09-04;2025-09-03;2025-09-02;2025-09-01;2025-08-29;2025-08-28,2025-09-16,9600.0,10800.0,10800.0,18.443327496145344,24.001983429296036,32.06298006176808,56.53601974179706,66411.39887042031,1236.8222240795797,3601.5864991352564,41111.207011382496,4467.720595852104,45578.9276072346,45420.367924533995,45420.36787911365,38929.44375584204,1459.646283344985,lexicographic,0.7780742000031751,0.0,1,0
2025-09-18,False,4,0.9,10,0.95,14,2025-09-11;2025-09-04;2025-09-17;2025-09-03,2025-09-11;2025-09-04;2025-09-17;2025-09-03;2025-09-10;2025-09-05;2025-09-12;2025-09-09;2025-09-16;2025-09-02,2025-09-17;2025-09-16;2025-09-15;2025-09-12;2025-09-11;2025-09-10;2025-09-09;2025-09-08;2025-09-05;2025-09-04;2025-09-03;2025-09-02;2025-09-01;2025-08-29,2025-09-17,9600.0,10800.0,10800.0,19.42076945860338,26.458316201243534,25.07668736797912,44.02172333935986,66644.63351726066,1109.6431197859145,4713.924303460761,41272.439274583456,4696.7065311696615,45969.14580575312,45330.58219171782,45330.58214638725,38908.34317170367,1480.8601908542882,lexicographic,0.795054699992761,0.0,1,0
2025-09-19,False,4,0.9,10,0.95,14,2025-09-05;2025-09-12;2025-09-18;2025-09-04,2025-09-05;2025-09-12;2025-09-18;2025-09-04;2025-09-11;2025-09-03;2025-09-17;2025-09-10;2025-05-30;2025-06-27,2025-09-18;2025-09-17;2025-09-16;2025-09-15;2025-09-12;2025-09-11;2025-09-10;2025-09-09;2025-09-08;2025-09-05;2025-09-04;2025-09-03;2025-09-02;2025-09-01,2025-09-18,9600.0,10800.0,10800.0,193.61360988172842,213.4899935686612,32.464033373660584,53.1798800154428,50294.46019852547,0.0,30167.190743579486,30461.76059615164,0.0,30461.76059615164,34215.40342613922,34215.40339192379,38352.158001502925,1396.9725107625122,lexicographic,1.6704641999967862,0.0,1,0
2025-09-20,False,4,0.9,10,0.95,14,2025-09-13;2025-09-06;2025-06-28;2025-06-21,2025-09-13;2025-09-06;2025-06-28;2025-06-21;2025-06-14;2025-08-30;2025-05-24;2025-05-10;2025-05-03;2025-05-31,2025-09-14;2025-09-13;2025-09-07;2025-09-06;2025-08-31;2025-08-30;2025-08-24;2025-08-23;2025-08-17;2025-08-16;2025-08-10;2025-08-09;2025-08-03;2025-08-02,2025-09-19,9600.0,10800.0,10800.0,22.606105559927656,28.996679492033234,57.676141170596935,87.36058527783148,33173.172064169215,1367.1738909648448,14841.578888467397,17871.654311682207,5601.230873403332,23472.88518508554,20043.204053862028,20043.204033818824,38613.33333333333,1418.785067449895,lexicographic,0.9840018999821041,0.0,1,0
2025-09-21,False,4,0.9,10,0.95,14,2025-09-07;2025-09-14;2025-06-29;2025-06-22,2025-09-07;2025-09-14;2025-06-29;2025-06-22;2025-06-01;2025-08-24;2025-05-25;2025-05-18;2025-05-11;2025-09-13,2025-09-20;2025-09-14;2025-09-13;2025-09-07;2025-09-06;2025-08-31;2025-08-30;2025-08-24;2025-08-23;2025-08-17;2025-08-16;2025-08-10;2025-08-09;2025-08-03,2025-09-20,9600.0,10800.0,10800.0,19.927497862091272,24.676956846433157,29.779802334455503,54.71702922283454,67196.1843716295,1670.3620546163143,6491.2715836403695,41618.89784622798,5377.868243647639,46996.766089875615,45115.847920162545,45115.84787504672,38941.5532646448,1481.7107012616166,lexicographic,1.087872799980687,0.0,1,0
2025-09-22,False,4,0.9,10,0.95,14,2025-09-15;2025-09-08;2025-09-09;2025-09-02,2025-09-15;2025-09-08;2025-09-09;2025-09-02;2025-09-16;2025-09-01;2025-06-30;2025-09-17;2025-05-19;2025-05-12,2025-09-19;2025-09-18;2025-09-17;2025-09-16;2025-09-15;2025-09-12;2025-09-11;2025-09-10;2025-09-09;2025-09-08;2025-09-05;2025-09-04;2025-09-03;2025-09-02,2025-09-21,9600.0,10800.0,10800.0,21.602043412413227,26.509676680822782,26.52501187555255,42.243293713433715,66989.23512530248,1755.981655093261,4019.8280464842123,41558.420188796474,5793.912316185863,47352.33250498234,45763.786801084156,45763.786755320376,39166.19799761341,1458.346488915427,lexicographic,0.8692905999778304,0.0,1,0
2025-09-23,False,4,0.9,10,0.95,14,2025-09-09;2025-09-02;2025-09-16;2025-09-17,2025-09-09;2025-09-02;2025-09-16;2025-09-17;2025-09-22;2025-09-15;2025-09-08;2025-09-03;2025-09-10;2025-09-11,2025-09-22;2025-09-19;2025-09-18;2025-09-17;2025-09-16;2025-09-15;2025-09-12;2025-09-11;2025-09-10;2025-09-09;2025-09-08;2025-09-05;2025-09-04;2025-09-03,2025-09-22,9600.0,10800.0,10800.0,19.945238131881982,26.919985847850512,30.97500323337434,52.4829069048281,68401.92521801285,1456.325296230896,3627.76224120207,42439.80643160107,6124.443605717505,48564.250037318576,46799.829615711096,46799.829568911286,39190.050359853136,1482.780376318578,lexicographic,0.8434664999949746,0.0,1,0
2025-09-24,False,4,0.9,10,0.95,14,2025-09-17;2025-09-03;2025-09-11;2025-09-18,2025-09-17;2025-09-03;2025-09-11;2025-09-18;2025-09-23;2025-09-10;2025-09-04;2025-09-09;2025-09-02;2025-09-16,2025-09-23;2025-09-22;2025-09-19;2025-09-18;2025-09-17;2025-09-16;2025-09-15;2025-09-12;2025-09-11;2025-09-10;2025-09-09;2025-09-08;2025-09-05;2025-09-04,2025-09-23,9600.0,10800.0,10800.0,20.659773154155218,25.87749638322502,28.58392869551292,48.2696540144595,68762.73087550093,1476.0154185024821,5049.4112618172785,42785.95739395747,4168.664385620363,46954.621779577836,47209.3447028867,47209.34465567737,39306.626196088975,1456.334773254062,lexicographic,0.9478571999934502,0.0,1,0
2025-09-25,False,4,0.9,10,0.95,14,2025-09-11;2025-09-18;2025-09-04;2025-09-24,2025-09-11;2025-09-18;2025-09-04;2025-09-24;2025-09-17;2025-09-19;2025-09-03;2025-09-05;2025-09-10;2025-09-12,2025-09-24;2025-09-23;2025-09-22;2025-09-19;2025-09-18;2025-09-17;2025-09-16;2025-09-15;2025-09-12;2025-09-11;2025-09-10;2025-09-09;2025-09-08;2025-09-05,2025-09-24,9600.0,10800.0,10800.0,22.149034112035178,29.851755091747854,22.5230800667236,35.834217728223194,69548.22608749726,1089.8355337802195,6213.050263090848,43189.774172556456,4011.886462014222,47201.660634570675,47657.21039966967,47657.21035201248,38958.463417462226,1444.5801181805139,lexicographic,0.9224314999883063,0.0,1,0
2025-09-26,False,4,0.9,10,0.95,14,2025-09-19;2025-09-05;2025-09-25;2025-09-11,2025-09-19;2025-09-05;2025-09-25;2025-09-11;2025-09-12;2025-09-18;2025-09-04;2025-09-24;2025-09-17;2025-09-03,2025-09-25;2025-09-24;2025-09-23;2025-09-22;2025-09-19;2025-09-18;2025-09-17;2025-09-16;2025-09-15;2025-09-12;2025-09-11;2025-09-10;2025-09-09;2025-09-08,2025-09-25,9600.0,10800.0,10800.0,212.92038832472878,232.62664945970602,40.86019224573004,68.57580922617764,54010.87790589358,0.0,32329.59328631643,32519.46148866444,0.0,32519.46148866444,36951.91871975442,36951.918682802505,37981.81277070874,1409.1733550576869,lexicographic,1.3587170999962837,1.9690337805299594e-16,1,0
2025-09-27,False,4,0.9,10,0.95,14,2025-09-20;2025-09-13;2025-09-06;2025-06-28,2025-09-20;2025-09-13;2025-09-06;2025-06-28;2025-06-21;2025-06-14;2025-09-21;2025-05-03;2025-05-10;2025-05-24,2025-09-21;2025-09-20;2025-09-14;2025-09-13;2025-09-07;2025-09-06;2025-08-31;2025-08-30;2025-08-24;2025-08-23;2025-08-17;2025-08-16;2025-08-10;2025-08-09,2025-09-26,9600.0,10800.0,10800.0,25.305456084436827,30.940921861189217,45.63491720530384,78.11667492999923,34479.10064027099,2388.753966302244,15013.219030520922,18755.836041726012,8722.327390340368,27478.16343206638,21086.92067042277,21086.920649335854,38613.33326397196,1426.2740958070208,lexicographic,0.9913201999734156,0.0,1,0
2025-09-28,False,4,0.9,10,0.95,14,2025-09-21;2025-09-07;2025-09-14;2025-06-29,2025-09-21;2025-09-07;2025-09-14;2025-06-29;2025-06-22;2025-06-01;2025-05-18;2025-05-11;2025-09-20;2025-08-24,2025-09-27;2025-09-21;2025-09-20;2025-09-14;2025-09-13;2025-09-07;2025-09-06;2025-08-31;2025-08-30;2025-08-24;2025-08-23;2025-08-17;2025-08-16;2025-08-10,2025-09-27,9600.0,10800.0,10800.0,20.71928196460499,26.071967164605905,38.99369692107533,60.02023063287655,70609.75119230678,878.7732427324406,3865.414174323617,43837.74750431668,2988.2909250819225,46826.0384293986,47638.91529023944,47638.915242600546,39395.89884330837,1449.32740940953,lexicographic,0.887000300019281,0.0,1,0
2025-09-29,False,4,0.9,10,0.95,14,2025-09-15;2025-09-22;2025-09-08;2025-09-23,2025-09-15;2025-09-22;2025-09-08;2025-09-23;2025-09-09;2025-09-02;2025-09-16;2025-09-01;2025-06-30;2025-06-23,2025-09-26;2025-09-25;2025-09-24;2025-09-23;2025-09-22;2025-09-19;2025-09-18;2025-09-17;2025-09-16;2025-09-15;2025-09-12;2025-09-11;2025-09-10;2025-09-09,2025-09-28,9600.0,10800.0,10800.0,20.887925706430835,26.451678229325218,34.286757697234265,53.91479928761641,69014.14625811271,1231.99247184402,3350.827320219067,42976.02666534929,4410.135905450706,47386.16257079999,47613.47046100897,47613.47041339554,39395.31502960615,1457.6536520166594,lexicographic,0.9832438000012189,0.0,1,0
2025-09-30,False,4,0.9,10,0.95,14,2025-09-23;2025-09-09;2025-09-02;2025-09-16,2025-09-23;2025-09-09;2025-09-02;2025-09-16;2025-09-24;2025-09-17;2025-09-22;2025-09-15;2025-09-29;2025-09-03,2025-09-29;2025-09-26;2025-09-25;2025-09-24;2025-09-23;2025-09-22;2025-09-19;2025-09-18;2025-09-17;2025-09-16;2025-09-15;2025-09-12;2025-09-11;2025-09-10,2025-09-29,9600.0,10800.0,10800.0,19.56383392142034,24.487230657119667,44.408566361385205,68.06128400733844,70743.32937542189,1609.224307212633,2804.769199229015,44282.3737108872,6469.51105639406,50751.88476728126,48950.3407935535,48950.34074460321,39301.860985775435,1467.7740628438853,lexicographic,1.0188912999874447,0.0,1,0
2025-10-01,False,2,1.0,10,0.8,14,2025-09-24;2025-09-17,2025-09-24;2025-09-17;2025-09-18;2025-09-25;2025-09-03;2025-09-11;2025-09-30;2025-09-10;2025-09-23;2025-09-09,2025-09-30;2025-09-29;2025-09-26;2025-09-25;2025-09-24;2025-09-23;2025-09-22;2025-09-19;2025-09-18;2025-09-17;2025-09-16;2025-09-15;2025-09-12;2025-09-11,2025-09-30,9600.0,10800.0,10800.0,33.702646585648154,45.441582227838396,68.8286452822248,123.03389374733932,74076.23166639335,216.85440833333354,20358.883197884912,46391.94967018587,474.72351676666716,46866.67318695254,50865.67129430048,50865.67124343484,40702.911746054066,1488.4156631345475,lexicographic,0.9578233000065666,0.0,1,0
2025-10-02,False,2,1.0,10,0.8,14,2025-09-04;2025-09-18,2025-09-04;2025-09-18;2025-09-10;2025-09-12;2025-09-25;2025-09-03;2025-09-11;2025-09-19;2025-09-05;2025-10-01,2025-10-01;2025-09-30;2025-09-29;2025-09-26;2025-09-25;2025-09-24;2025-09-23;2025-09-22;2025-09-19;2025-09-18;2025-09-17;2025-09-16;2025-09-15;2025-09-12,2025-10-01,9600.0,10800.0,10800.0,35.93666585648148,50.18592588826592,26.563620285830943,48.05955198245525,66084.29172032155,479.1304413380825,10726.5805481037,41711.24863385693,1356.563243573401,43067.81187743033,44794.92874876305,44794.92870396813,39115.60989141886,1474.5222820841163,lexicographic,0.981182900024578,0.0,1,0
2025-10-03,False,2,1.0,10,0.8,14,2025-09-19;2025-09-12,2025-09-19;2025-09-12;2025-09-05;2025-09-26;2025-10-02;2025-09-18;2025-09-04;2025-09-25;2025-09-11;2025-09-10,2025-10-02;2025-10-01;2025-09-30;2025-09-29;2025-09-26;2025-09-25;2025-09-24;2025-09-23;2025-09-22;2025-09-19;2025-09-18;2025-09-17;2025-09-16;2025-09-15,2025-10-02,9600.0,10800.0,10800.0,36.02041452546296,48.86479611176224,18.403921933176832,35.6785441398805,35110.24551274852,176.03798333333322,23415.796470312434,19186.429836963296,458.18207564166636,19644.611912604963,21628.104531666475,21628.104510038378,38613.333261277054,1319.5942270407686,lexicographic,0.7513317000120878,3.364121719869808e-16,1,0
2025-10-04,False,2,1.0,10,0.8,14,2025-09-13;2025-09-06,2025-09-13;2025-09-06;2025-09-20;2025-09-27;2025-05-31;2025-05-24;2025-05-17;2025-09-21;2025-06-28;2025-09-14,2025-09-28;2025-09-27;2025-09-21;2025-09-20;2025-09-14;2025-09-13;2025-09-07;2025-09-06;2025-08-31;2025-08-30;2025-08-24;2025-08-23;2025-08-17;2025-08-16,2025-10-03,9600.0,10800.0,10800.0,34.69511174768518,46.18900694897306,24.176980177415366,42.69260971752791,35922.31922940191,304.3154000000001,19077.318862735243,19853.358846427738,967.9692992333336,20821.32814566107,22553.157774567604,22553.157752014467,38613.33333333333,1424.304215238686,lexicographic,1.8818815000122413,0.0,1,0
2025-10-05,False,2,1.0,10,0.8,14,2025-09-21;2025-09-28,2025-09-21;2025-09-28;2025-09-07;2025-09-14;2025-06-29;2025-06-01;2025-06-22;2025-05-11;2025-05-18;2025-04-06,2025-10-04;2025-09-28;2025-09-27;2025-09-21;2025-09-20;2025-09-14;2025-09-13;2025-09-07;2025-09-06;2025-08-31;2025-08-30;2025-08-24;2025-08-23;2025-08-17,2025-10-04,9600.0,10800.0,10800.0,34.076346643518505,44.59377319843678,38.00744220980809,68.93670971994106,74650.47892990486,408.2940916666663,16074.05443250739,46613.23405713917,893.2340039458326,47506.468061085005,50493.86620611451,50493.86615562064,40475.00587126018,1440.2849983131648,lexicographic,2.0709757000149693,0.0,1,0
2025-10-06,False,2,1.0,10,0.8,14,2025-09-22;2025-09-15,2025-09-22;2025-09-15;2025-09-08;2025-09-29;2025-09-30;2025-09-09;2025-09-16;2025-09-23;2025-09-02;2025-09-01,2025-10-03;2025-10-02;2025-10-01;2025-09-30;2025-09-29;2025-09-26;2025-09-25;2025-09-24;2025-09-23;2025-09-22;2025-09-19;2025-09-18;2025-09-17;2025-09-16,2025-10-05,9600.0,10800.0,10800.0,33.31538848379629,42.62830265394474,25.649587796870545,45.82056881556213,73935.06574419787,285.8170666666669,12199.540925901227,46363.15045600352,622.4895498791672,46985.640005882684,49532.066742637835,49532.06669310576,40851.0582593874,1469.385823116761,lexicographic,0.7396595999889541,2.9378776618647115e-16,1,0
2025-10-07,False,2,1.0,10,0.8,14,2025-09-30;2025-09-23,2025-09-30;2025-09-23;2025-09-09;2025-09-02;2025-09-16;2025-09-24;2025-10-01;2025-10-06;2025-09-17;2025-09-22,2025-10-06;2025-10-03;2025-10-02;2025-10-01;2025-09-30;2025-09-29;2025-09-26;2025-09-25;2025-09-24;2025-09-23;2025-09-22;2025-09-19;2025-09-18;2025-09-17,2025-10-06,9600.0,10800.0,10800.0,34.4854789351852,47.16996464479839,17.12442346345712,30.625558529812558,70531.94936634379,332.5144911710122,8951.78971412753,44362.52826007032,786.3502601140295,45148.87852018435,47174.20484291132,47174.20479573715,39449.532471215585,1460.2681971796048,lexicographic,0.9339393000118434,0.0,1,0
2025-10-08,False,2,1.0,10,0.8,14,2025-09-24;2025-10-01,2025-09-24;2025-10-01;2025-09-17;2025-09-25;2025-09-03;2025-10-07;2025-09-18;2025-09-11;2025-09-30;2025-09-23,2025-10-07;2025-10-06;2025-10-03;2025-10-02;2025-10-01;2025-09-30;2025-09-29;2025-09-26;2025-09-25;2025-09-24;2025-09-23;2025-09-22;2025-09-19;2025-09-18,2025-10-07,9600.0,10800.0,10800.0,20.935077314814812,26.562363496824656,21.43848161079305,42.265479249959895,68847.37159487738,380.1433410383682,8627.368523850013,42535.821389330056,934.4704195395896,43470.291808869646,45223.43978501356,45223.43973979013,39264.14657459115,1439.4408525790454,lexicographic,0.8628076999739278,1.6088908000029085e-16,1,0
2025-10-09,False,2,1.0,10,0.8,14,2025-09-25;2025-09-18,2025-09-25;2025-09-18;2025-09-11;2025-10-08;2025-09-04;2025-10-01;2025-09-24;2025-09-17;2025-10-02;2025-09-26,2025-10-08;2025-10-07;2025-10-06;2025-10-03;2025-10-02;2025-10-01;2025-09-30;2025-09-29;2025-09-26;2025-09-25;2025-09-24;2025-09-23;2025-09-22;2025-09-19,2025-10-08,9600.0,10800.0,10800.0,32.47064542824075,43.488627508777114,23.65008036638776,40.46720015990877,68444.45274424327,318.8723972510775,8942.623659648616,42941.83154945666,763.0039618987955,43704.83551135546,45369.72504742468,45369.72500205496,38683.69913319707,1469.1324172717455,lexicographic,1.5099134999909438,0.0,1,0
2025-10-10,False,2,1.0,10,0.8,14,2025-10-03;2025-09-19,2025-10-03;2025-09-19;2025-09-26;2025-09-12;2025-09-05;2025-10-09;2025-09-18;2025-10-02;2025-09-25;2025-09-04,2025-10-09;2025-10-08;2025-10-07;2025-10-06;2025-10-03;2025-10-02;2025-10-01;2025-09-30;2025-09-29;2025-09-26;2025-09-25;2025-09-24;2025-09-23;2025-09-22,2025-10-09,9600.0,10800.0,10800.0,21.65631527777777,27.069394392423753,19.985143346573423,36.4758563058388,33771.02433929002,402.333639421579,20776.413735166054,17829.23847994425,930.6420660746899,18759.88054601894,19580.506031151985,19580.506011571495,38613.33327184616,1280.891659994902,lexicographic,0.9054232999915257,3.715919093144759e-16,1,0
2025-10-11,False,2,1.0,10,0.8,14,2025-10-04;2025-09-13,2025-10-04;2025-09-13;2025-09-06;2025-09-20;2025-09-27;2025-05-31;2025-05-17;2025-04-12;2025-05-24;2025-09-14,2025-10-05;2025-10-04;2025-09-28;2025-09-27;2025-09-21;2025-09-20;2025-09-14;2025-09-13;2025-09-07;2025-09-06;2025-08-31;2025-08-30;2025-08-24;2025-08-23,2025-10-10,9600.0,10800.0,10800.0,23.223667997685183,30.844289059915262,23.015627904436883,39.46360545391784,34596.60503724057,298.19566647909534,16735.153787053,18447.101731812352,763.525844914225,19210.627576726576,20921.523169597775,20921.523148676253,38613.333333333336,1406.0177259212378,lexicographic,1.3333928000065498,0.0,1,0
2025-10-12,False,2,1.0,10,0.8,14,2025-10-05;2025-09-28,2025-10-05;2025-09-28;2025-09-21;2025-09-07;2025-09-14;2025-06-29;2025-03-09;2025-04-06;2025-05-11;2025-05-18,2025-10-11;2025-10-05;2025-10-04;2025-09-28;2025-09-27;2025-09-21;2025-09-20;2025-09-14;2025-09-13;2025-09-07;2025-09-06;2025-08-31;2025-08-30;2025-08-24,2025-10-11,9600.0,10800.0,10800.0,20.353015798611107,25.81985541864826,23.971943066947105,39.90792185330862,68960.91084693975,448.1382565416443,6768.414956686567,42448.079760211156,1366.456520729033,43814.53628094019,46080.956476306645,46080.956430225706,39302.51303087009,1429.7330985963126,lexicographic,1.168936300004134,0.0,1,0
2025-10-13,False,2,1.0,10,0.8,14,2025-10-06;2025-09-29,2025-10-06;2025-09-29;2025-09-22;2025-09-15;2025-09-08;2025-10-07;2025-09-30;2025-09-23;2025-09-09;2025-09-02,2025-10-10;2025-10-09;2025-10-08;2025-10-07;2025-10-06;2025-10-03;2025-10-02;2025-10-01;2025-09-30;2025-09-29;2025-09-26;2025-09-25;2025-09-24;2025-09-23,2025-10-12,9600.0,10800.0,10800.0,22.282774305555552,27.897660268749636,19.736871573044404,38.59984592846769,69773.97747639229,262.77721887084806,8872.244202835049,43271.333966755024,596.2051516544536,43867.53911840948,45727.67319478155,45727.6731490539,39411.465780499224,1437.2272646117399,lexicographic,1.2741581000154838,1.5911497596798154e-16,1,0
2025-10-14,False,2,1.0,10,0.8,14,2025-10-07;2025-09-30,2025-10-07;2025-09-30;2025-09-16;2025-09-09;2025-09-23;2025-10-08;2025-09-02;2025-10-06;2025-10-01;2025-09-24,2025-10-13;2025-10-10;2025-10-09;2025-10-08;2025-10-07;2025-10-06;2025-10-03;2025-10-02;2025-10-01;2025-09-30;2025-09-29;2025-09-26;2025-09-25;2025-09-24,2025-10-13,9600.0,10800.0,10800.0,20.28960590277777,26.081916737021036,25.121583394002357,40.68389033955715,67633.25241740717,757.9086858428607,3531.026672351889,41791.25022920773,2577.3739137598477,44368.62414296758,44125.88223550662,44125.88219138076,38927.43324785432,1428.8884634187561,lexicographic,1.5555236999935005,0.0,1,0
2025-10-15,False,2,1.0,10,0.8,14,2025-10-08;2025-10-01,2025-10-08;2025-10-01;2025-09-24;2025-09-17;2025-10-09;2025-09-25;2025-10-07;2025-09-18;2025-09-30;2025-10-14,2025-10-14;2025-10-13;2025-10-10;2025-10-09;2025-10-08;2025-10-07;2025-10-06;2025-10-03;2025-10-02;2025-10-01;2025-09-30;2025-09-29;2025-09-26;2025-09-25,2025-10-14,9600.0,10800.0,10800.0,16.225728703703687,20.0460725525907,26.505217900721,51.60129362666231,67153.71142972558,1699.8602374219404,2841.401573017633,41169.148716892756,6164.210436207873,47333.35915310063,43341.04387778594,43341.0438344449,38983.079283553176,1413.5614915600545,lexicographic,0.8954488000017591,0.0,1,0
2025-10-16,False,2,1.0,10,0.8,14,2025-10-09;2025-09-25,2025-10-09;2025-09-25;2025-09-11;2025-10-15;2025-09-18;2025-10-08;2025-10-01;2025-09-24;2025-09-17;2025-09-26,2025-10-15;2025-10-14;2025-10-13;2025-10-10;2025-10-09;2025-10-08;2025-10-07;2025-10-06;2025-10-03;2025-10-02;2025-10-01;2025-09-30;2025-09-29;2025-09-26,2025-10-15,9600.0,10800.0,10800.0,22.672464872685183,29.405363213299545,27.351275603420305,50.10278714121507,70425.39939935411,1374.5443014684906,4663.422196171452,43637.13380279827,4774.2730090808955,48411.40681187917,45826.20494213879,45826.204896312614,39725.19938904507,1451.4356667074874,lexicographic,0.7884498999919742,0.0,1,0
2025-10-17,False,2,1.0,10,0.8,14,2025-09-26;2025-10-10,2025-09-26;2025-10-10;2025-09-19;2025-10-16;2025-10-03;2025-09-25;2025-10-09;2025-09-05;2025-09-11;2025-09-18,2025-10-16;2025-10-15;2025-10-14;2025-10-13;2025-10-10;2025-10-09;2025-10-08;2025-10-07;2025-10-06;2025-10-03;2025-10-02;2025-10-01;2025-09-30;2025-09-29,2025-10-16,9600.0,10800.0,10800.0,19.251640162037035,24.627478071193934,18.897720544210927,36.81148401944166,34541.13176837877,381.0500081225013,14863.413416723979,18264.716199190647,854.6447884859789,19119.360987676624,19708.89398904145,19708.893969332566,38625.105094895975,1284.1955073204847,lexicographic,1.041664500022307,1.8458564000356797e-16,1,0
2025-10-18,False,2,1.0,10,0.8,14,2025-09-27;2025-09-20,2025-09-27;2025-09-20;2025-10-04;2025-09-13;2025-10-11;2025-09-06;2025-03-08;2025-03-15;2025-06-28;2025-03-22,2025-10-12;2025-10-11;2025-10-05;2025-10-04;2025-09-28;2025-09-27;2025-09-21;2025-09-20;2025-09-14;2025-09-13;2025-09-07;2025-09-06;2025-08-31;2025-08-30,2025-10-17,9600.0,10800.0,10800.0,33.520706770833335,44.25193204956144,27.70962394690163,47.557590767703395,36868.88943259617,251.3455666666665,16971.251675694617,20308.121754089792,553.2078004541663,20861.329554543958,22569.45383311582,22569.45381054638,38794.87369995681,1429.3515413139867,lexicographic,0.9978363999980502,0.0,1,0
2025-10-19,False,2,1.0,10,0.8,14,2025-10-12;2025-10-05,2025-10-12;2025-10-05;2025-09-28;2025-09-21;2025-09-07;2025-09-14;2025-03-09;2025-03-02;2025-03-23;2025-06-29,2025-10-18;2025-10-12;2025-10-11;2025-10-05;2025-10-04;2025-09-28;2025-09-27;2025-09-21;2025-09-20;2025-09-14;2025-09-13;2025-09-07;2025-09-06;2025-08-31,2025-10-18,9600.0,10800.0,10800.0,16.90502841435184,20.313549513849217,42.447265092054096,74.91291462514535,69668.86108499618,2089.3011387465654,3702.005839960434,42514.54783806077,8497.02826991716,51011.576107977926,45858.583936993964,45858.58389113541,39728.869838487764,1411.5298524984555,lexicographic,0.9319556999835186,0.0,1,0
2025-10-20,False,2,1.0,10,0.8,14,2025-10-13;2025-09-29,2025-10-13;2025-09-29;2025-10-06;2025-09-22;2025-09-15;2025-09-08;2025-10-07;2025-09-30;2025-10-14;2025-09-23,2025-10-17;2025-10-16;2025-10-15;2025-10-14;2025-10-13;2025-10-10;2025-10-09;2025-10-08;2025-10-07;2025-10-06;2025-10-03;2025-10-02;2025-10-01;2025-09-30,2025-10-19,9600.0,10800.0,10800.0,20.656107754629623,26.019710179205333,37.67940705453765,64.09623748162612,69640.72628739596,1653.4605878108075,2689.2283205958306,43379.12491477946,6352.394662573219,49731.51957735268,45450.27940103995,45450.27935558967,39669.257369363826,1435.8047630703622,lexicographic,0.8225245000212453,0.0,1,0
2025-10-21,False,2,1.0,10,0.8,14,2025-10-07;2025-09-30,2025-10-07;2025-09-30;2025-10-14;2025-09-23;2025-10-15;2025-10-20;2025-09-09;2025-10-08;2025-10-13;2025-10-01,2025-10-20;2025-10-17;2025-10-16;2025-10-15;2025-10-14;2025-10-13;2025-10-10;2025-10-09;2025-10-08;2025-10-07;2025-10-06;2025-10-03;2025-10-02;2025-10-01,2025-10-20,9600.0,10800.0,10800.0,22.186789467592593,27.689135810860453,29.837519862720733,53.3094263138845,72459.01278642933,1411.047922871931,3085.062435217742,44965.8351346684,4257.087974083517,49222.923108751915,47100.04082573495,47100.04077863491,41176.7085925852,1428.8886289654388,lexicographic,0.6867565999855287,1.544787964914858e-16,1,0
2025-10-22,False,2,1.0,10,0.8,14,2025-10-15;2025-10-08,2025-10-15;2025-10-08;2025-10-16;2025-09-24;2025-10-01;2025-10-21;2025-09-17;2025-09-25;2025-10-07;2025-09-30,2025-10-21;2025-10-20;2025-10-17;2025-10-16;2025-10-15;2025-10-14;2025-10-13;2025-10-10;2025-10-09;2025-10-08;2025-10-07;2025-10-06;2025-10-03;2025-10-02,2025-10-21,9600.0,10800.0,10800.0,17.967881307870357,21.745023814487332,22.058576404714287,42.700052153556236,73418.7942187129,1419.1007065106128,4826.230232476325,45025.1078048632,6225.777095007707,51250.88489987091,47207.87487823611,47207.874831028246,42456.579299328456,1405.083316251339,lexicographic,0.5255156999919564,0.0,1,0
2025-10-23,False,2,1.0,10,0.8,14,2025-10-16;2025-10-22,2025-10-16;2025-10-22;2025-10-09;2025-09-25;2025-10-15;2025-10-17;2025-09-11;2025-10-08;2025-10-01;2025-09-18,2025-10-22;2025-10-21;2025-10-20;2025-10-17;2025-10-16;2025-10-15;2025-10-14;2025-10-13;2025-10-10;2025-10-09;2025-10-08;2025-10-07;2025-10-06;2025-10-03,2025-10-22,9600.0,10800.0,10800.0,18.463975115740727,23.247536491679504,17.96772320204948,35.16840942670486,73167.50163629012,743.0680615968759,6139.377333098973,45115.98770454634,2790.759997688966,47906.74770223531,47389.76406257987,47389.764015190114,41836.676578594765,1398.4266562028292,lexicographic,1.0804739999875892,1.5353437109016246e-16,1,0
2025-10-24,False,2,1.0,10,0.8,14,2025-10-17;2025-09-26,2025-10-17;2025-09-26;2025-10-10;2025-10-16;2025-10-23;2025-09-19;2025-10-03;2025-09-25;2025-10-09;2025-09-11,2025-10-23;2025-10-22;2025-10-21;2025-10-20;2025-10-17;2025-10-16;2025-10-15;2025-10-14;2025-10-13;2025-10-10;2025-10-09;2025-10-08;2025-10-07;2025-10-06,2025-10-23,9600.0,10800.0,10800.0,19.4272802662037,25.22787925870569,16.19491758961756,26.422351438138787,34590.772082075884,488.02196890338183,12605.410007500439,18307.42777698388,1541.9527964074787,19849.38057339136,19718.33682159988,19718.336801881553,38613.33327121059,1281.513442843679,lexicographic,0.4558575999981258,0.0,1,0
2025-10-25,False,2,1.0,10,0.8,14,2025-10-18;2025-09-27,2025-10-18;2025-09-27;2025-09-20;2025-10-04;2025-09-13;2025-10-11;2025-09-06;2025-03-08;2025-03-15;2025-03-22,2025-10-19;2025-10-18;2025-10-12;2025-10-11;2025-10-05;2025-10-04;2025-09-28;2025-09-27;2025-09-21;2025-09-20;2025-09-14;2025-09-13;2025-09-07;2025-09-06,2025-10-24,9566.239989168856,10800.0,10766.239989168856,24.20341979166666,29.53549593965884,28.62148979472242,53.171157746595895,35874.922603840125,349.2700548629148,12809.937715182095,19258.227562746237,846.2704378497585,20104.498000595995,21577.678974131748,21577.678952554077,38575.822210187616,1411.4784879343988,lexicographic,0.8247559000155888,0.0,1,0
2025-10-26,False,2,1.0,10,0.8,14,2025-10-19;2025-10-12,2025-10-19;2025-10-12;2025-10-05;2025-09-28;2025-09-21;2025-09-07;2025-09-14;2025-03-09;2025-03-02;2025-03-23,2025-10-25;2025-10-19;2025-10-18;2025-10-12;2025-10-11;2025-10-05;2025-10-04;2025-09-28;2025-09-27;2025-09-21;2025-09-20;2025-09-14;2025-09-13;2025-09-07,2025-10-25,9529.710213933513,10766.239989168856,10729.710213933513,17.521161342592592,22.469094957023287,23.270096095459053,40.9796556813379,74413.27469755392,605.7183021219232,6042.137006359582,46061.42266831661,1965.3461447479597,48026.76881306457,49595.10574921634,49595.10569962127,42571.88522715472,1424.2533226855385,lexicographic,1.1482064999872819,0.0,1,0
2025-10-27,False,2,1.0,10,0.8,14,2025-10-20;2025-10-13,2025-10-20;2025-10-13;2025-09-29;2025-10-06;2025-09-22;2025-10-21;2025-09-15;2025-10-07;2025-09-30;2025-09-23,2025-10-24;2025-10-23;2025-10-22;2025-10-21;2025-10-20;2025-10-17;2025-10-16;2025-10-15;2025-10-14;2025-10-13;2025-10-10;2025-10-09;2025-10-08;2025-10-07,2025-10-26,9493.18043869817,10729.710213933513,10693.18043869817,15.686450289351834,19.445399466201934,36.86748683814346,66.85145899058038,74045.3081052325,1428.491595993,7505.355405662609,45690.95198919282,5234.068168360247,50925.02015755307,48190.03558866971,48190.035540479716,42412.97344066214,1403.9033160634954,lexicographic,1.0121309999958612,0.0,1,0
2025-10-28,False,2,1.0,10,0.8,14,2025-10-14;2025-10-21,2025-10-14;2025-10-21;2025-10-07;2025-09-30;2025-09-23;2025-10-15;2025-09-09;2025-09-16;2025-10-20;2025-10-01,2025-10-27;2025-10-24;2025-10-23;2025-10-22;2025-10-21;2025-10-20;2025-10-17;2025-10-16;2025-10-15;2025-10-14;2025-10-13;2025-10-10;2025-10-09;2025-10-08,2025-10-27,9456.650663462848,10693.18043869817,10656.650663462848,17.35790428240741,22.289674072043848,22.584308470615863,38.04489212176641,74346.70643155031,1053.5412797360555,5011.310386005105,45769.792766302155,3832.810524627325,49602.60329092948,48423.96925561342,48423.96920718948,42419.19409043518,1427.994156056424,lexicographic,0.7711511999950744,0.0,1,0
2025-10-29,False,2,1.0,10,0.8,14,2025-10-22;2025-10-15,2025-10-22;2025-10-15;2025-10-08;2025-10-23;2025-10-01;2025-10-16;2025-09-24;2025-10-21;2025-10-09;2025-09-17,2025-10-28;2025-10-27;2025-10-24;2025-10-23;2025-10-22;2025-10-21;2025-10-20;2025-10-17;2025-10-16;2025-10-15;2025-10-14;2025-10-13;2025-10-10;2025-10-09,2025-10-28,9420.120888227506,10656.650663462848,10620.120888227506,15.594403009259262,19.22788266071691,33.767472727085774,57.41598647033036,74198.27412380342,1561.3762412602557,2048.246785584294,45819.95216245364,5859.177185722396,51679.12934817604,48464.343157140465,48464.3431086762,42253.73298042796,1408.8841496660023,lexicographic,1.1251473000156693,0.0,1,0
2025-10-30,False,2,1.0,10,0.8,14,2025-10-23;2025-10-16,2025-10-23;2025-10-16;2025-10-22;2025-10-29;2025-10-24;2025-10-09;2025-09-25;2025-10-17;2025-10-15;2025-10-08,2025-10-29;2025-10-28;2025-10-27;2025-10-24;2025-10-23;2025-10-22;2025-10-21;2025-10-20;2025-10-17;2025-10-16;2025-10-15;2025-10-14;2025-10-13;2025-10-10,2025-10-29,9379.290822169622,10620.120888227506,10579.290822169622,18.33161394675927,22.638703692238725,18.731432773290333,35.70291180326472,76791.52375940612,667.6170161921663,8257.57201230861,47742.243254005225,2368.3755328410707,50110.618786846295,50353.48986239781,50353.48981204438,42433.598073465895,1390.3133208944953,lexicographic,1.3445021999941673,0.0,1,0
2025-10-31,False,2,1.0,10,0.8,14,2025-10-24;2025-10-17,2025-10-24;2025-10-17;2025-09-26;2025-10-23;2025-10-30;2025-10-16;2025-10-10;2025-09-19;2025-09-25;2025-10-09,2025-10-30;2025-10-29;2025-10-28;2025-10-27;2025-10-24;2025-10-23;2025-10-22;2025-10-21;2025-10-20;2025-10-17;2025-10-16;2025-10-15;2025-10-14;2025-10-13,2025-10-30,9338.460756111714,10579.290822169622,10538.460756111714,16.710057407407408,21.149111273614174,35.68689498202676,63.172957258760135,34848.20265247416,700.4591908793683,7682.997343182062,18341.96113434684,2495.596910161461,20837.5580445083,20190.960320245398,20190.960300054416,38124.095913410114,1270.322625370195,lexicographic,0.9926600999897346,0.0,1,0
2025-11-01,False,2,0.95,10,0.8,14,2025-10-25;2025-10-18,2025-10-25;2025-10-18;2025-09-27;2025-09-20;2025-09-13;2025-03-08;2025-02-15;2025-02-08;2025-02-22;2025-10-04,2025-10-26;2025-10-25;2025-10-19;2025-10-18;2025-10-12;2025-10-11;2025-10-05;2025-10-04;2025-09-28;2025-09-27;2025-09-21;2025-09-20;2025-09-14;2025-09-13,2025-10-31,9297.630690053807,10538.460756111714,10497.630690053807,18.131855679878786,23.801487797557378,26.86498853418618,45.009861243597534,34606.31692033266,682.0647121369567,8786.638179635656,18209.425586498517,2100.3719026838207,20309.79748918234,20774.93213139376,20774.932110618844,38089.15896947561,1391.7315786955162,lexicographic,1.0119224000081886,0.0,1,0
2025-11-02,False,2,0.95,10,0.8,14,2025-10-26;2025-10-19,2025-10-26;2025-10-19;2025-10-12;2025-09-28;2025-10-05;2025-09-21;2025-02-09;2025-02-16;2025-03-02;2025-02-23,2025-11-01;2025-10-26;2025-10-25;2025-10-19;2025-10-18;2025-10-12;2025-10-11;2025-10-05;2025-10-04;2025-09-28;2025-09-27;2025-09-21;2025-09-20;2025-09-14,2025-11-01,9256.800623995921,10497.630690053807,10456.800623995921,16.523071995519008,21.000056777102753,30.246773125562314,50.68893060646395,76065.78914705038,963.1003091725847,3804.4727542102337,47123.48782460191,3996.113995521397,51119.6018201233,50934.25995249329,50934.25990155907,42569.64963270478,1409.009350989399,lexicographic,1.48556460000691,0.0,1,0
2025-11-03,False,2,0.95,10,0.8,14,2025-10-27;2025-10-20,2025-10-27;2025-10-20;2025-10-13;2025-09-29;2025-10-21;2025-09-22;2025-10-06;2025-09-15;2025-10-07;2025-09-30,2025-10-31;2025-10-30;2025-10-29;2025-10-28;2025-10-27;2025-10-24;2025-10-23;2025-10-22;2025-10-21;2025-10-20;2025-10-17;2025-10-16;2025-10-15;2025-10-14,2025-11-02,9215.970557938013,10456.800623995921,10415.970557938013,15.983085606427968,20.878210414218444,39.209598269728936,83.47479301734948,74761.51052820243,2383.4762188465297,3172.964147261896,46442.11295582961,6756.722678201738,53198.83563403135,49128.554868453386,49128.55481932491,42941.74321939735,1411.2063440637894,lexicographic,1.1869233000034,0.0,1,0
2025-11-04,False,2,0.95,10,0.8,14,2025-10-21;2025-10-22,2025-10-21;2025-10-22;2025-11-03;2025-10-29;2025-10-27;2025-09-30;2025-10-07;2025-09-23;2025-10-28;2025-10-20,2025-11-03;2025-10-31;2025-10-30;2025-10-29;2025-10-28;2025-10-27;2025-10-24;2025-10-23;2025-10-22;2025-10-21;2025-10-20;2025-10-17;2025-10-16;2025-10-15,2025-11-03,9175.140491880129,10415.970557938013,10375.140491880129,20.26036611764007,24.231484176331108,15.163912920840025,31.780425611478684,78782.92366230398,915.0108761469787,7736.859545903785,48998.00291981021,3775.2551312792652,52773.25805108948,52030.41215679105,52030.412104760675,42121.62881621704,1424.6869031347217,lexicographic,1.2495269000064582,0.0,1,0
2025-11-05,False,2,0.95,10,0.8,14,2025-10-29;2025-10-22,2025-10-29;2025-10-22;2025-10-15;2025-10-23;2025-10-30;2025-10-08;2025-10-16;2025-10-01;2025-10-21;2025-09-24,2025-11-04;2025-11-03;2025-10-31;2025-10-30;2025-10-29;2025-10-28;2025-10-27;2025-10-24;2025-10-23;2025-10-22;2025-10-21;2025-10-20;2025-10-17;2025-10-16,2025-11-04,9134.310425822221,10375.140491880129,10334.310425822221,18.696824356549108,23.67950902386959,21.74862230535581,37.366653795276186,77138.47405157672,882.9475546397523,3931.6616406263042,47941.91237256033,2644.738487908786,50586.65086046911,51118.260171055816,51118.26011993764,42414.438610293626,1415.112514195375,lexicographic,1.137387900002068,0.0,1,0
2025-11-06,False,2,0.95,10,0.8,14,2025-10-30;2025-10-23,2025-10-30;2025-10-23;2025-10-16;2025-10-22;2025-11-05;2025-10-29;2025-10-31;2025-10-24;2025-10-09;2025-10-17,2025-11-05;2025-11-04;2025-11-03;2025-10-31;2025-10-30;2025-10-29;2025-10-28;2025-10-27;2025-10-24;2025-10-23;2025-10-22;2025-10-21;2025-10-20;2025-10-17,2025-11-05,9093.480359764313,10334.310425822221,10293.480359764313,18.701954044064756,22.885229623937885,27.485849610104935,50.03522654151188,78188.2222241566,1610.4245680477006,4058.890474053594,48627.43848266239,6661.319956870611,55288.758439533,51885.72097370165,51885.720921815984,42018.447469773804,1404.249514883635,lexicographic,0.78545630001463,0.0,1,0
2025-11-07,False,2,0.95,10,0.8,14,2025-10-31;2025-10-24,2025-10-31;2025-10-24;2025-11-06;2025-10-30;2025-10-17;2025-10-23;2025-10-16;2025-09-26;2025-02-14;2025-10-22,2025-11-06;2025-11-05;2025-11-04;2025-11-03;2025-10-31;2025-10-30;2025-10-29;2025-10-28;2025-10-27;2025-10-24;2025-10-23;2025-10-22;2025-10-21;2025-10-20,2025-11-06,9052.650293706429,10293.480359764313,10252.650293706429,19.42626751610652,23.069699824617395,20.480367946124733,37.24713816631967,35639.13092673417,833.1500358788142,9252.784532738973,18775.08272781953,2949.4069129593845,21724.489640778913,21445.582987243106,21445.582965797515,37549.29910075176,1253.9012795197723,lexicographic,0.8632038000214379,0.0,1,0
2025-11-08,False,2,0.95,10,0.8,14,2025-11-01;2025-10-25,2025-11-01;2025-10-25;2025-10-18;2025-09-27;2025-09-20;2025-09-13;2025-10-04;2025-03-08;2025-10-11;2025-02-08,2025-11-02;2025-11-01;2025-10-26;2025-10-25;2025-10-19;2025-10-18;2025-10-12;2025-10-11;2025-10-05;2025-10-04;2025-09-28;2025-09-27;2025-09-21;2025-09-20,2025-11-07,9011.82022764852,10252.650293706429,10211.82022764852,16.54698165874164,21.523811736626474,22.29636317524737,40.83063329087162,35387.05156180839,645.0615889211687,8338.12777883546,18640.619433515254,2489.683427288983,21130.302860804237,21367.265085138053,21367.26506377082,37565.90942648714,1396.059773876134,lexicographic,0.9270507000037469,0.0,1,0
2025-11-09,False,2,0.95,10,0.8,14,2025-11-02;2025-10-26,2025-11-02;2025-10-26;2025-10-19;2025-10-12;2025-09-28;2025-10-05;2025-09-21;2025-03-02;2025-02-16;2025-02-09,2025-11-08;2025-11-02;2025-11-01;2025-10-26;2025-10-25;2025-10-19;2025-10-18;2025-10-12;2025-10-11;2025-10-05;2025-10-04;2025-09-28;2025-09-27;2025-09-21,2025-11-08,8990.490060789003,10211.82022764852,10190.490060789003,18.73078967209476,23.299181686116995,25.90588200917655,46.21609967344668,78300.17260637615,1131.726819251252,3641.501909792116,48916.05335494988,3813.966746214336,52730.02010116421,52515.60117520501,52515.60112268942,42533.024748292984,1406.8943775618886,lexicographic,0.7800004000018816,0.0,1,0
2025-11-10,False,2,0.95,10,0.8,14,2025-11-03;2025-10-27,2025-11-03;2025-10-27;2025-11-04;2025-10-20;2025-10-13;2025-09-29;2025-10-21;2025-02-03;2025-02-17;2025-03-03,2025-11-07;2025-11-06;2025-11-05;2025-11-04;2025-11-03;2025-10-31;2025-10-30;2025-10-29;2025-10-28;2025-10-27;2025-10-24;2025-10-23;2025-10-22;2025-10-21,2025-11-09,8969.159893929473,10190.490060789003,10169.159893929473,18.436835111853924,22.662383357297724,35.951226380628974,60.99920559319494,78186.87012574545,2053.270551247919,1967.7274644847816,48539.45785509267,8611.117655931715,57150.575511024384,52236.882702040355,52236.882649803534,42250.94844204064,1416.8574191717526,lexicographic,0.5370684999797959,0.0,1,0
2025-11-11,False,2,0.95,10,0.8,14,2025-11-04;2025-11-10,2025-11-04;2025-11-10;2025-10-21;2025-10-22;2025-11-03;2025-11-05;2025-10-29;2025-10-27;2025-02-04;2025-03-04,2025-11-10;2025-11-07;2025-11-06;2025-11-05;2025-11-04;2025-11-03;2025-10-31;2025-10-30;2025-10-29;2025-10-28;2025-10-27;2025-10-24;2025-10-23;2025-10-22,2025-11-10,8947.829727069942,10169.159893929473,10147.829727069942,17.292164178441567,21.283279617275085,11.14337346353321,21.67036474610346,81629.66167844275,633.5079887027238,6307.134220201778,51200.09134397689,1800.3775589232544,53000.468902900146,54976.8763767928,54976.87632181596,42089.436119203005,1415.2133859001337,lexicographic,1.4387941999884788,0.0,1,0
2025-11-12,False,2,0.95,10,0.8,14,2025-10-22;2025-11-05,2025-10-22;2025-11-05;2025-10-29;2025-11-06;2025-10-30;2025-11-04;2025-10-23;2025-11-11;2025-10-15;2025-10-16,2025-11-11;2025-11-10;2025-11-07;2025-11-06;2025-11-05;2025-11-04;2025-11-03;2025-10-31;2025-10-30;2025-10-29;2025-10-28;2025-10-27;2025-10-24;2025-10-23,2025-11-11,8926.499560210423,10147.829727069942,10126.499560210423,18.30091009900748,23.401849124859837,13.57864187743788,26.551259566763658,80575.48956619081,728.0340522641943,5964.041545993388,50449.693695135495,3288.517482128961,53738.21117726446,54162.36815993386,54162.3681057715,41960.62644211932,1407.5710832440927,lexicographic,0.49751119999564253,0.0,1,0
2025-11-13,False,2,0.95,10,0.8,14,2025-10-30;2025-11-06,2025-10-30;2025-11-06;2025-10-23;2025-10-16;2025-11-12;2025-11-05;2025-10-29;2025-10-22;2025-11-07;2025-10-31,2025-11-12;2025-11-11;2025-11-10;2025-11-07;2025-11-06;2025-11-05;2025-11-04;2025-11-03;2025-10-31;2025-10-30;2025-10-29;2025-10-28;2025-10-27;2025-10-24,2025-11-12,8905.169393350894,10126.499560210423,10105.169393350894,19.620995314150782,24.04732429036811,24.863504485402533,50.115310573320656,80355.23027526928,1411.6568628243322,4956.631524120042,50443.70342972433,5433.91731547016,55877.620745194494,54107.13192685208,54107.131872745,42254.8940972244,1419.0851424784441,lexicographic,1.1935948000173084,0.0,1,0
2025-11-14,False,2,0.95,10,0.8,14,2025-11-07;2025-10-31,2025-11-07;2025-10-31;2025-10-24;2025-11-06;2025-11-13;2025-10-30;2025-10-17;2025-10-23;2025-10-16;2025-02-14,2025-11-13;2025-11-12;2025-11-11;2025-11-10;2025-11-07;2025-11-06;2025-11-05;2025-11-04;2025-11-03;2025-10-31;2025-10-30;2025-10-29;2025-10-28;2025-10-27,2025-11-13,8883.839226491375,10105.169393350894,10083.839226491375,15.293766331002558,19.17676580237672,16.99705282766264,31.516746840116866,36395.95213863235,501.9837314262266,5451.43509961002,19213.252214622706,1766.2538148774172,20979.506029500124,22435.657582592903,22435.65756015723,36859.77158873175,1244.2232210656034,lexicographic,1.1305373999930453,0.0,1,0
2025-11-15,False,2,0.95,10,0.8,14,2025-11-01;2025-11-08,2025-11-01;2025-11-08;2025-10-25;2025-10-18;2025-09-27;2025-02-15;2025-02-08;2025-09-20;2025-03-08;2025-02-22,2025-11-09;2025-11-08;2025-11-02;2025-11-01;2025-10-26;2025-10-25;2025-10-19;2025-10-18;2025-10-12;2025-10-11;2025-10-05;2025-10-04;2025-09-28;2025-09-27,2025-11-14,8862.509059631844,10083.839226491375,10062.509059631844,16.906341912106228,21.302250922550357,30.509918199995948,50.15582466590151,35208.85264270003,929.1340206013631,4038.477319571924,18494.834577513746,3710.009306906489,22204.843884420236,21082.92829995449,21082.928278871594,37236.794175425384,1280.955071261109,lexicographic,1.233705300022848,0.0,1,0
2025-11-16,False,2,0.95,10,0.8,14,2025-11-09;2025-11-02,2025-11-09;2025-11-02;2025-10-26;2025-10-19;2025-02-09;2025-02-02;2025-02-16;2025-10-12;2025-02-23;2025-03-02,2025-11-15;2025-11-09;2025-11-08;2025-11-02;2025-11-01;2025-10-26;2025-10-25;2025-10-19;2025-10-18;2025-10-12;2025-10-11;2025-10-05;2025-10-04;2025-09-28,2025-11-15,8841.178892772314,10062.509059631844,10041.178892772314,19.9140879597327,25.04674577223081,24.148827207714206,49.60862479677284,81153.65022987613,1607.8075163135013,3817.2662340004026,50941.80101598095,5993.36256428611,56935.16358026706,53992.30752238889,53992.30746839655,43162.39791355971,1413.2148562115271,lexicographic,0.6724646000075154,0.0,1,0
2025-11-17,False,2,0.95,10,0.8,14,2025-11-10;2025-11-03,2025-11-10;2025-11-03;2025-10-27;2025-11-11;2025-11-04;2025-10-20;2025-02-03;2025-09-29;2025-10-13;2025-02-17,2025-11-14;2025-11-13;2025-11-12;2025-11-11;2025-11-10;2025-11-07;2025-11-06;2025-11-05;2025-11-04;2025-11-03;2025-10-31;2025-10-30;2025-10-29;2025-10-28,2025-11-16,8819.848725912796,10041.178892772314,10019.848725912796,20.15017893609772,24.412462361196617,15.682608956643119,28.29632446772792,82279.6571197387,679.8244860792508,5800.608900589392,51613.619112371845,2129.9891365658705,53743.608248937715,55332.15900901749,55332.158953685306,42719.15028146055,1425.7711014814192,lexicographic,1.4924184999836143,0.0,1,0
2025-11-18,False,2,0.95,10,0.8,14,2025-11-04;2025-11-11,2025-11-04;2025-11-11;2025-10-21;2025-11-12;2025-11-17;2025-11-10;2025-11-05;2025-11-03;2025-10-22;2025-10-29,2025-11-17;2025-11-14;2025-11-13;2025-11-12;2025-11-11;2025-11-10;2025-11-07;2025-11-06;2025-11-05;2025-11-04;2025-11-03;2025-10-31;2025-10-30;2025-10-29,2025-11-17,8798.518559053264,10019.848725912796,9998.518559053264,19.150110029793446,23.988805399397265,24.35298989884206,50.89834273299078,82602.75583056493,994.6746681071004,4151.049029345464,51959.41387406093,3079.4633746393874,55038.877248700315,55767.3876584703,55767.38760270293,43602.34706049964,1427.9521932876398,lexicographic,1.493473799986532,0.0,1,0
2025-11-19,False,2,0.95,10,0.8,14,2025-11-12;2025-10-22,2025-11-12;2025-10-22;2025-11-11;2025-11-06;2025-11-05;2025-11-04;2025-11-13;2025-10-30;2025-11-18;2025-10-29,2025-11-18;2025-11-17;2025-11-14;2025-11-13;2025-11-12;2025-11-11;2025-11-10;2025-11-07;2025-11-06;2025-11-05;2025-11-04;2025-11-03;2025-10-31;2025-10-30,2025-11-18,8787.062416493332,9998.518559053264,9987.062416493332,18.887292595474158,24.076974489267027,19.763820957180855,37.46782680626132,82902.11620240354,1199.4693797285681,4201.23255674444,51991.86870526293,4314.770607630267,56306.639312893196,55837.49906247871,55837.49900664118,43282.18966610303,1415.2846435125648,lexicographic,1.5606803999980912,0.0,1,0
2025-11-20,False,2,0.95,10,0.8,14,2025-11-06;2025-11-13,2025-11-06;2025-11-13;2025-10-30;2025-11-19;2025-11-12;2025-10-23;2025-11-14;2025-11-07;2025-10-22;2025-11-05,2025-11-19;2025-11-18;2025-11-17;2025-11-14;2025-11-13;2025-11-12;2025-11-11;2025-11-10;2025-11-07;2025-11-06;2025-11-05;2025-11-04;2025-11-03;2025-10-31,2025-11-19,8775.606273933394,9987.062416493332,9975.606273933394,17.234814428847464,20.38812620561318,18.5833820930221,35.4994698694394,83793.02250529952,871.544532865269,5233.788964288178,52740.10412846267,3252.9756420148797,55993.07977047755,56610.037143145135,56610.037086535085,44288.74605258544,1424.4481172914113,lexicographic,1.4720981999998912,0.0,1,0
2025-11-21,False,2,0.95,10,0.8,14,2025-11-07;2025-11-14,2025-11-07;2025-11-14;2025-11-20;2025-11-06;2025-11-13;2025-10-31;2025-10-30;2025-10-24;2025-02-14;2025-02-07,2025-11-20;2025-11-19;2025-11-18;2025-11-17;2025-11-14;2025-11-13;2025-11-12;2025-11-11;2025-11-10;2025-11-07;2025-11-06;2025-11-05;2025-11-04;2025-11-03,2025-11-20,8764.150131373453,9975.606273933394,9964.150131373453,17.824692537266444,22.596512130559695,10.996189635230301,20.937875257993348,37810.19276948139,862.1135950506202,6214.432653719196,19928.235130028177,2560.841271669842,22489.076401698017,23334.03866608027,23334.03864274625,34341.24901322325,1248.6989497581235,lexicographic,1.1659116999944672,0.0,1,0
2025-11-22,False,2,0.95,10,0.8,14,2025-11-15;2025-11-01,2025-11-15;2025-11-01;2025-11-08;2025-10-25;2025-02-15;2025-02-08;2025-10-18;2025-09-27;2025-02-22;2025-01-25,2025-11-16;2025-11-15;2025-11-09;2025-11-08;2025-11-02;2025-11-01;2025-10-26;2025-10-25;2025-10-19;2025-10-18;2025-10-12;2025-10-11;2025-10-05;2025-10-04,2025-11-21,8752.693988813522,9964.150131373453,9952.693988813522,17.318088087372296,20.806868768225954,20.70961097790059,34.81578078535601,37501.84485113695,883.1177054090006,4490.8254695826,19686.1550050557,3159.369950337067,22845.524955392768,22386.32333593799,22386.32331355167,35111.14641672737,1264.9902864330256,lexicographic,1.029482599988114,0.0,1,0
2025-11-23,False,2,0.95,10,0.8,14,2025-11-16;2025-11-09,2025-11-16;2025-11-09;2025-11-02;2025-10-26;2025-10-19;2025-02-09;2025-02-16;2025-02-02;2025-03-02;2025-10-12,2025-11-22;2025-11-16;2025-11-15;2025-11-09;2025-11-08;2025-11-02;2025-11-01;2025-10-26;2025-10-25;2025-10-19;2025-10-18;2025-10-12;2025-10-11;2025-10-05,2025-11-22,8741.237846253583,9952.693988813522,9941.237846253583,16.91828485144527,21.159975342006415,21.787775714366163,38.23662818877694,84282.01175975507,815.1794359028343,5199.168603625347,53290.956750191894,3047.1214848554728,56338.07823504737,56516.715678923756,56516.715622407086,44557.619343965715,1433.5937239596296,lexicographic,0.9366976000019349,0.0,1,0
2025-11-24,False,2,0.95,10,0.8,14,2025-11-17;2025-11-10,2025-11-17;2025-11-10;2025-11-03;2025-10-27;2025-11-18;2025-11-11;2025-11-04;2025-02-03;2025-10-20;2025-02-17,2025-11-21;2025-11-20;2025-11-19;2025-11-18;2025-11-17;2025-11-14;2025-11-13;2025-11-12;2025-11-11;2025-11-10;2025-11-07;2025-11-06;2025-11-05;2025-11-04,2025-11-23,8729.78170369365,9941.237846253583,9929.78170369365,17.194117109402978,21.162593921633828,12.864769195122578,25.42391989474278,83157.8260592426,964.1363023783265,5419.147614814644,52217.75761694548,3617.557824873701,55835.31544181918,55953.66067158739,55953.66061563374,43366.30342803806,1424.7293253631847,lexicographic,0.8974112999858335,0.0,1,0
2025-11-25,False,2,0.95,10,0.8,14,2025-11-11;2025-11-18,2025-11-11;2025-11-18;2025-11-04;2025-11-19;2025-11-12;2025-11-24;2025-11-17;2025-11-10;2025-10-21;2025-11-03,2025-11-24;2025-11-21;2025-11-20;2025-11-19;2025-11-18;2025-11-17;2025-11-14;2025-11-13;2025-11-12;2025-11-11;2025-11-10;2025-11-07;2025-11-06;2025-11-05,2025-11-24,8718.325561133712,9929.78170369365,9918.325561133712,18.243181764647492,22.506871912383243,18.555094557285372,36.288561549395034,83685.4378271967,978.3378976864508,3862.8585860698868,52647.04537645575,3360.880699044199,56007.926075499956,56399.71339194771,56399.71333554799,44236.87175364862,1416.9389431855986,lexicographic,0.968271999998251,1.2900699638126505e-16,1,0
2025-11-26,False,2,0.95,10,0.8,14,2025-11-19;2025-11-12,2025-11-19;2025-11-12;2025-11-20;2025-11-25;2025-11-11;2025-10-22;2025-11-05;2025-11-06;2025-11-13;2025-11-04,2025-11-25;2025-11-24;2025-11-21;2025-11-20;2025-11-19;2025-11-18;2025-11-17;2025-11-14;2025-11-13;2025-11-12;2025-11-11;2025-11-10;2025-11-07;2025-11-06,2025-11-25,8706.869418573773,9918.325561133712,9906.869418573773,20.2518326282555,24.395146159301333,12.70964062874512,24.67844432543065,85095.42315175966,568.5855469631912,4222.40714485528,53657.937173743434,2019.2961047436693,55677.2332784871,57361.97151393461,57361.97145657265,44729.17268565726,1435.9736678492577,lexicographic,0.8489855000225361,0.0,1,0
2025-11-27,False,2,0.95,10,0.8,14,2025-11-20;2025-11-19,2025-11-20;2025-11-19;2025-11-06;2025-11-26;2025-11-21;2025-11-13;2025-10-30;2025-11-14;2025-02-06;2025-11-12,2025-11-26;2025-11-25;2025-11-24;2025-11-21;2025-11-20;2025-11-19;2025-11-18;2025-11-17;2025-11-14;2025-11-13;2025-11-12;2025-11-11;2025-11-10;2025-11-07,2025-11-26,8695.41327601384,9906.869418573773,9895.41327601384,16.506446961063624,22.227876935626195,12.646496522078316,24.321369146431863,85338.08191839718,544.312072232467,5395.932518655298,53742.23885590736,2116.5980587747013,55858.83691468206,57257.63879050772,57257.63873325008,44935.265650253226,1423.91722336134,lexicographic,0.5763331000052858,0.0,1,0
2025-11-28,False,2,0.95,10,0.8,14,2025-11-21;2025-11-14,2025-11-21;2025-11-14;2025-11-07;2025-11-27;2025-11-20;2025-11-06;2025-11-13;2025-10-31;2025-10-30;2025-02-14,2025-11-27;2025-11-26;2025-11-25;2025-11-24;2025-11-21;2025-11-20;2025-11-19;2025-11-18;2025-11-17;2025-11-14;2025-11-13;2025-11-12;2025-11-11;2025-11-10,2025-11-27,8683.957133453901,9895.41327601384,9883.957133453901,19.0616420457676,23.63800722997999,17.99396465839864,32.321118100951836,38533.17911788743,958.9096711539999,4973.581985224706,20380.228617899822,4193.334662461181,24573.563280361002,23504.979995278634,23504.979971773657,34377.245242190314,1252.939873391911,lexicographic,1.3334211999899708,1.5477480991093972e-16,1,0
2025-11-29,False,2,0.95,10,0.8,14,2025-11-15;2025-11-22,2025-11-15;2025-11-22;2025-11-01;2025-11-08;2025-10-25;2025-02-15;2025-02-08;2025-10-18;2025-09-27;2025-03-08,2025-11-23;2025-11-22;2025-11-16;2025-11-15;2025-11-09;2025-11-08;2025-11-02;2025-11-01;2025-10-26;2025-10-25;2025-10-19;2025-10-18;2025-10-12;2025-10-11,2025-11-28,8676.456451988683,9883.957133453901,9876.456451988683,18.88503900445401,23.39457603845849,39.582930589843414,77.09341100451928,39956.13849302234,2002.2751700542378,3256.8795910865697,20886.191757502154,5873.692947461615,26759.88470496377,23878.57649255258,23878.57646867401,36005.12218915428,1277.9903030381665,lexicographic,1.618719999998575,0.0,1,0
2025-11-30,False,2,0.95,10,0.8,14,2025-11-23;2025-11-16,2025-11-23;2025-11-16;2025-11-09;2025-02-02;2025-01-12;2025-01-19;2025-02-09;2025-11-02;2025-01-05;2025-02-16,2025-11-29;2025-11-23;2025-11-22;2025-11-16;2025-11-15;2025-11-09;2025-11-08;2025-11-02;2025-11-01;2025-10-26;2025-10-25;2025-10-19;2025-10-18;2025-10-12,2025-11-29,8668.955770523458,9876.456451988683,9868.955770523458,19.42644549496734,24.09877457291568,36.624997483680666,74.4408526988529,86186.89051278395,2077.5140725001056,3345.6761979831467,54724.672644206876,7045.252478901579,61769.925123108456,58160.814358412616,58160.81430025183,44596.10903413371,1493.5012920813213,lexicographic,0.49202360000344925,0.0,1,0
2025-12-01,False,2,1.0,10,0.8,14,2025-11-24;2025-11-17,2025-11-24;2025-11-17;2025-11-10;2025-02-10;2025-02-03;2025-01-13;2025-11-11;2025-11-25;2025-01-20;2025-01-06,2025-11-28;2025-11-27;2025-11-26;2025-11-25;2025-11-24;2025-11-21;2025-11-20;2025-11-19;2025-11-18;2025-11-17;2025-11-14;2025-11-13;2025-11-12;2025-11-11,2025-11-30,8661.455089058236,9868.955770523458,9861.455089058236,57.64646620370369,69.51540862551076,28.188327476270064,53.71449950364034,83662.26110304034,7783.827627906895,513.4624721985772,52622.236936521585,28805.088162603148,81427.32509912473,56004.96981307972,56004.969757074774,44213.13451389017,1445.542373853677,lexicographic,0.5783054000057746,0.0,1,0
2025-12-02,False,2,1.0,10,0.8,14,2025-01-07;2025-01-14,2025-01-07;2025-01-14;2025-01-21;2025-01-28;2025-02-04;2025-01-15;2025-01-22;2025-11-11;2025-11-25;2025-02-11,2025-12-01;2025-11-28;2025-11-27;2025-11-26;2025-11-25;2025-11-24;2025-11-21;2025-11-20;2025-11-19;2025-11-18;2025-11-17;2025-11-14;2025-11-13;2025-11-12,2025-12-01,8752.693988813522,9861.455089058236,9952.693988813522,21.918450231481476,27.3837736370486,35.05928826174244,63.161831883843654,95178.97868690548,1140.9219576620812,2830.453110430463,60743.624561734454,4962.192384889311,65705.81694662376,65378.60366223992,65378.60359686132,45353.86319857188,1550.5356850806686,lexicographic,0.6651695999898948,0.0,1,0
2025-12-03,False,2,1.0,10,0.8,14,2025-01-15;2025-01-08,2025-01-15;2025-01-08;2025-01-29;2025-01-09;2025-01-22;2025-12-02;2025-01-02;2025-01-16;2025-01-07;2025-01-23,2025-12-02;2025-12-01;2025-11-28;2025-11-27;2025-11-26;2025-11-25;2025-11-24;2025-11-21;2025-11-20;2025-11-19;2025-11-18;2025-11-17;2025-11-14;2025-11-13,2025-12-02,8741.237846253583,9952.693988813522,9941.237846253583,21.887151215277783,27.39567189737448,18.816780208333334,44.37781666004764,100172.17098708416,274.28112072747473,8419.768088814908,64663.7299437155,845.8491543123396,65509.57909802784,69227.18952379342,69227.18945456624,46443.91697539638,1588.8345769415414,lexicographic,0.747646400006488,0.0,1,0
2025-12-04,False,2,1.0,10,0.8,14,2025-01-09;2025-01-16,2025-01-09;2025-01-16;2025-12-03;2025-01-02;2025-01-23;2025-11-27;2025-01-30;2025-02-06;2025-01-15;2025-01-10,2025-12-03;2025-12-02;2025-12-01;2025-11-28;2025-11-27;2025-11-26;2025-11-25;2025-11-24;2025-11-21;2025-11-20;2025-11-19;2025-11-18;2025-11-17;2025-11-14,2025-12-03,8729.78170369365,9941.237846253583,9929.78170369365,24.129606423611133,29.0337874457735,17.40297397218982,34.74697293453625,98516.45647749017,699.0728630204546,7582.204577957962,63235.407154738336,2871.095304831826,66106.50245957015,67646.13171661133,67646.13164896524,46426.58441751677,1589.033282668932,lexicographic,0.8158169999951497,0.0,1,0
2025-12-05,False,2,1.0,10,0.8,14,2025-01-10;2025-01-17,2025-01-10;2025-01-17;2025-01-03;2025-01-24;2025-01-31;2025-12-04;2025-02-07;2025-01-09;2025-01-16;2025-11-21,2025-12-04;2025-12-03;2025-12-02;2025-12-01;2025-11-28;2025-11-27;2025-11-26;2025-11-25;2025-11-24;2025-11-21;2025-11-20;2025-11-19;2025-11-18;2025-11-17,2025-12-04,8718.325561133712,9929.78170369365,9918.325561133712,24.595145775462957,29.440348424678046,13.314607054168603,32.3118353473147,51736.460047192144,682.9338859818527,7017.0332410302735,27424.51382043933,2471.0994277732616,29895.61324821259,31692.702236071673,31692.70220437898,39078.14632923519,1398.0781429711562,lexicographic,0.665537900000345,0.0,1,0
2025-12-06,False,2,1.0,10,0.8,14,2025-01-04;2025-01-11,2025-01-04;2025-01-11;2025-01-18;2025-01-25;2025-02-01;2025-02-08;2025-11-22;2025-02-15;2025-11-29;2025-11-15,2025-11-30;2025-11-29;2025-11-23;2025-11-22;2025-11-16;2025-11-15;2025-11-09;2025-11-08;2025-11-02;2025-11-01;2025-10-26;2025-10-25;2025-10-19;2025-10-18,2025-12-05,8706.869418573773,9918.325561133712,9906.869418573773,24.269119791666657,30.34920406080534,21.403783465885866,39.0639676682503,54567.50518826733,415.777104540857,7201.136151653888,28845.179460995736,1511.4906478804128,30356.670108876147,32286.0510853425,32286.051053056453,39333.28312594998,1398.8487249999994,lexicographic,0.8790905000059865,0.0,1,0
2025-12-07,False,2,1.0,10,0.8,14,2025-01-12;2025-01-05,2025-01-12;2025-01-05;2025-01-19;2025-01-26;2025-11-30;2025-02-02;2025-02-09;2025-11-16;2025-11-23;2025-02-16,2025-12-06;2025-11-30;2025-11-29;2025-11-23;2025-11-22;2025-11-16;2025-11-15;2025-11-09;2025-11-08;2025-11-02;2025-11-01;2025-10-26;2025-10-25;2025-10-19,2025-12-06,8695.41327601384,9906.869418573773,9895.41327601384,22.65982430555555,28.54642304194062,15.690897392921894,29.824900664183424,99808.88312314279,444.68133333333344,7736.947720003691,64225.09723807033,1772.024160120835,65997.12139819117,67983.57675299661,67983.57668501306,46443.91730064734,1612.9048596624784,lexicographic,0.7746918000048026,0.0,1,0
2025-12-08,False,2,1.0,10,0.8,14,2025-01-06;2025-01-20,2025-01-06;2025-01-20;2025-01-13;2025-01-27;2025-12-01;2025-12-02;2025-02-03;2025-01-07;2025-02-10;2025-01-14,2025-12-05;2025-12-04;2025-12-03;2025-12-02;2025-12-01;2025-11-28;2025-11-27;2025-11-26;2025-11-25;2025-11-24;2025-11-21;2025-11-20;2025-11-19;2025-11-18,2025-12-07,8683.957133453901,9895.41327601384,9883.957133453901,21.68788125000001,26.22340315777663,17.080184825102883,33.78226595181557,98815.95265941558,259.2832429653666,6370.990315923862,63739.320061502716,890.943549137711,64630.263610640424,68191.7125044124,68191.71243622065,46378.1760364661,1567.2659658409336,lexicographic,0.2900399999925867,0.0,1,0
2025-12-09,False,2,1.0,10,0.8,14,2025-12-02;2025-01-07,2025-12-02;2025-01-07;2025-01-14;2025-01-21;2025-01-28;2025-12-03;2025-12-08;2025-02-04;2025-01-15;2025-01-08,2025-12-08;2025-12-05;2025-12-04;2025-12-03;2025-12-02;2025-12-01;2025-11-28;2025-11-27;2025-11-26;2025-11-25;2025-11-24;2025-11-21;2025-11-20;2025-11-19,2025-12-08,8676.456451988683,9883.957133453901,9876.456451988683,22.72583350694445,27.837074228664264,14.391055661693551,27.94425097520274,98932.55475900938,637.9098419540001,7313.6798949417625,63673.235861210094,2523.818686120125,66197.05454733022,68107.5168469387,68107.51677883117,46448.31222036772,1604.2235009609958,lexicographic,0.2417315999919083,0.0,1,0
2025-12-10,False,2,1.0,10,0.8,14,2025-12-03;2025-01-15,2025-12-03;2025-01-15;2025-01-08;2025-01-29;2025-12-04;2025-01-22;2025-01-09;2025-12-09;2025-01-16;2025-01-02,2025-12-09;2025-12-08;2025-12-05;2025-12-04;2025-12-03;2025-12-02;2025-12-01;2025-11-28;2025-11-27;2025-11-26;2025-11-25;2025-11-24;2025-11-21;2025-11-20,2025-12-09,8668.955770523458,9876.456451988683,9868.955770523458,20.56624328703702,26.925048094324634,19.62281876806863,38.60709556793537,97448.38859742886,709.240870612719,4901.680526827915,62671.21131515661,2614.750033172623,65285.961348329234,67141.19943516192,67141.19936802068,46448.312555618206,1588.5442882048965,lexicographic,0.2639989999879617,0.0,1,0
2025-12-11,False,2,1.0,10,0.8,14,2025-12-04;2025-01-09,2025-12-04;2025-01-09;2025-01-02;2025-01-16;2025-01-23;2025-12-10;2025-12-03;2025-01-15;2025-01-08;2025-12-05,2025-12-10;2025-12-09;2025-12-08;2025-12-05;2025-12-04;2025-12-03;2025-12-02;2025-12-01;2025-11-28;2025-11-27;2025-11-26;2025-11-25;2025-11-24;2025-11-21,2025-12-10,8661.455089058236,9868.955770523458,9861.455089058236,23.616707118055558,29.58034950816217,14.86930572296878,29.88804003626861,98561.62332952218,333.38696666666675,8071.044524216402,63380.044021089474,1229.394829395834,64609.438850485305,67860.65389195734,67860.65382409666,46394.78035214494,1596.2588540978331,lexicographic,0.24221029999898747,0.0,1,0
2025-12-12,False,2,1.0,10,0.8,14,2025-12-05;2025-01-10,2025-12-05;2025-01-10;2025-01-17;2025-01-24;2025-01-03;2025-02-07;2025-01-31;2025-12-11;2025-12-04;2025-11-21,2025-12-11;2025-12-10;2025-12-09;2025-12-08;2025-12-05;2025-12-04;2025-12-03;2025-12-02;2025-12-01;2025-11-28;2025-11-27;2025-11-26;2025-11-25;2025-11-24,2025-12-11,8653.954407593017,9861.455089058236,9853.954407593017,22.590965625,28.391080313386496,20.799805653606796,48.54060669963412,51117.75111745944,1080.834508870037,4410.687968618668,26845.000921004274,3650.4291981819088,30495.43011918618,30895.20391717484,30895.203886279633,38876.355696108614,1374.1606210906693,lexicographic,0.7060792999982368,0.0,1,0
2025-12-13,False,2,1.0,10,0.8,14,2025-01-11;2025-12-06,2025-01-11;2025-12-06;2025-01-04;2025-01-18;2025-02-01;2025-01-25;2025-02-08;2025-02-15;2025-11-22;2025-11-29,2025-12-07;2025-12-06;2025-11-30;2025-11-29;2025-11-23;2025-11-22;2025-11-16;2025-11-15;2025-11-09;2025-11-08;2025-11-02;2025-11-01;2025-10-26;2025-10-25,2025-12-12,8646.453726127793,9853.954407593017,9846.453726127793,19.9465620949074,24.66000597150379,15.564848021642392,34.66054175539695,54902.13760763637,405.347275,7398.574418672203,29066.502584393595,1789.0107860624996,30855.513370456094,32394.139585497927,32394.139553103807,39227.80917146949,1382.922256835069,lexicographic,0.5810518000216689,1.1230360976645062e-16,1,0
2025-12-14,False,2,1.0,10,0.8,14,2025-12-07;2025-01-12,2025-12-07;2025-01-12;2025-01-05;2025-01-19;2025-01-26;2025-02-02;2025-11-30;2025-02-09;2025-11-16;2025-02-16,2025-12-13;2025-12-07;2025-12-06;2025-11-30;2025-11-29;2025-11-23;2025-11-22;2025-11-16;2025-11-15;2025-11-09;2025-11-08;2025-11-02;2025-11-01;2025-10-26,2025-12-13,8638.953044662574,9846.453726127793,9838.953044662574,20.810150636574072,26.212766223754052,13.302244971919416,26.7062021528172,99210.19204212689,420.27059974774875,5983.41037920304,63802.67563982376,1773.38991210136,65576.06555192513,67364.27905965279,67364.27899228845,46448.31244248935,1678.550971938128,lexicographic,0.8736767999944277,0.0,1,0
2025-12-15,False,2,1.0,10,0.8,14,2025-12-08;2025-01-13,2025-12-08;2025-01-13;2025-01-06;2025-01-20;2025-01-27;2025-12-01;2025-12-09;2025-02-10;2025-01-07;2025-02-03,2025-12-12;2025-12-11;2025-12-10;2025-12-09;2025-12-08;2025-12-05;2025-12-04;2025-12-03;2025-12-02;2025-12-01;2025-11-28;2025-11-27;2025-11-26;2025-11-25,2025-12-14,8631.45236319735,9838.953044662574,9831.45236319735,20.559930150462964,25.03337164273063,21.16038525810902,45.73841814734307,97840.91954057684,915.7170170502549,4418.748117220173,62851.331673857036,3034.0363078855125,65885.36798174254,67166.94729427336,67166.9472271064,46448.31254793296,1594.8607047356707,lexicographic,0.25224600001820363,0.0,1,0
2025-12-16,False,2,1.0,10,0.8,14,2025-12-09;2025-01-07,2025-12-09;2025-01-07;2025-01-14;2025-12-02;2025-01-21;2025-12-10;2025-01-08;2025-12-03;2025-12-15;2025-01-13,2025-12-15;2025-12-12;2025-12-11;2025-12-10;2025-12-09;2025-12-08;2025-12-05;2025-12-04;2025-12-03;2025-12-02;2025-12-01;2025-11-28;2025-11-27;2025-11-26,2025-12-15,8623.951681732127,9831.45236319735,9823.951681732127,18.823614467592577,24.410524330878207,9.561785815653186,19.379427289737503,99546.50703732259,448.2314142100484,5708.316686895256,64103.94032286669,1496.2390738980234,65600.17939676471,68364.07663347208,68364.07656510796,46448.31214367239,1617.1494192422147,lexicographic,0.263594899995951,0.0,1,0
2025-12-17,False,2,1.0,10,0.8,14,2025-01-08;2025-12-10,2025-01-08;2025-12-10;2025-12-03;2025-01-15;2025-12-11;2025-01-29;2025-01-02;2025-12-16;2025-12-04;2025-01-09,2025-12-16;2025-12-15;2025-12-12;2025-12-11;2025-12-10;2025-12-09;2025-12-08;2025-12-05;2025-12-04;2025-12-03;2025-12-02;2025-12-01;2025-11-28;2025-11-27,2025-12-16,8616.451000266909,9823.951681732127,9816.451000266909,22.01757048611111,26.673239338143407,6.701114067172749,14.29143890561543,98664.21017019488,714.6590632392531,6392.963237921251,63260.98664030672,2647.6747299660165,65908.66137027273,67519.65304745953,67519.65297993983,45740.778357100295,1588.978928087374,lexicographic,0.3603198000055272,0.0,1,0
2025-12-18,False,2,1.0,10,0.8,14,2025-12-11;2025-01-02,2025-12-11;2025-01-02;2025-12-04;2025-01-09;2025-01-16;2025-01-23;2025-12-17;2025-12-10;2025-12-03;2025-01-08,2025-12-17;2025-12-16;2025-12-15;2025-12-12;2025-12-11;2025-12-10;2025-12-09;2025-12-08;2025-12-05;2025-12-04;2025-12-03;2025-12-02;2025-12-01;2025-11-28,2025-12-17,8608.950318801686,9816.451000266909,9808.950318801686,23.382370775462952,28.582157861501425,16.72700667609287,37.01367512526305,98061.34715809577,596.3713189160487,6470.528738293609,62954.66913427645,1690.1419268967925,64644.81106117325,67369.97923809776,67369.97917072773,45996.69181079309,1537.3361507949937,lexicographic,0.3043595000053756,0.0,1,0
2025-12-19,False,2,1.0,10,0.8,14,2025-12-12;2025-12-05,2025-12-12;2025-12-05;2025-01-10;2025-01-17;2025-01-24;2025-01-31;2025-01-03;2025-02-07;2025-12-04;2025-12-11,2025-12-18;2025-12-17;2025-12-16;2025-12-15;2025-12-12;2025-12-11;2025-12-10;2025-12-09;2025-12-08;2025-12-05;2025-12-04;2025-12-03;2025-12-02;2025-12-01,2025-12-18,8587.221445664749,9808.950318801686,9787.221445664749,20.65240844907408,25.08524572976471,13.30534397972478,26.89043096744422,50851.06205965896,1041.8993064163856,4930.792857524145,26394.419352434255,3965.039175149717,30359.45852758397,30321.067214578892,30321.067184257838,38823.414311179884,1364.369471118661,lexicographic,0.6277778999938164,0.0,1,0
2025-12-20,False,2,1.0,10,0.8,14,2025-12-13;2025-12-06,2025-12-13;2025-12-06;2025-01-11;2025-01-18;2025-01-04;2025-02-01;2025-01-25;2025-02-08;2025-11-22;2025-02-15,2025-12-14;2025-12-13;2025-12-07;2025-12-06;2025-11-30;2025-11-29;2025-11-23;2025-11-22;2025-11-16;2025-11-15;2025-11-09;2025-11-08;2025-11-02;2025-11-01,2025-12-19,8565.492572527799,9787.221445664749,9765.492572527799,18.018350925925922,22.22711108756598,12.964666584304922,26.155345135551066,54010.63157267703,776.7896666666659,7829.134359797517,28587.25587678179,2768.067207641665,31355.323084423457,32135.20133990911,32135.20130777394,39282.17711118479,1357.3826092552754,lexicographic,0.8307307999930345,0.0,1,0
2025-12-21,False,2,1.0,10,0.8,14,2025-12-14;2025-12-07,2025-12-14;2025-12-07;2025-01-12;2025-01-05;2025-01-19;2025-01-26;2025-02-02;2025-11-30;2025-02-09;2025-02-16,2025-12-20;2025-12-14;2025-12-13;2025-12-07;2025-12-06;2025-11-30;2025-11-29;2025-11-23;2025-11-22;2025-11-16;2025-11-15;2025-11-09;2025-11-08;2025-11-02,2025-12-20,8543.76369939085,9765.492572527799,9743.76369939085,21.695539583333332,27.169960246410824,9.407097643807209,21.741827493458523,99392.18957727702,773.5580652163555,6275.444424952051,64065.16815445554,2701.783384591672,66766.95153904721,67681.09425220397,67681.09418452282,46432.50324594551,1674.9300283546995,lexicographic,0.2521507999917958,0.0,1,0
2025-12-22,False,2,1.0,10,0.8,14,2025-12-15;2025-12-08,2025-12-15;2025-12-08;2025-01-13;2025-01-06;2025-01-20;2025-01-27;2025-12-01;2025-12-16;2025-12-09;2025-02-10,2025-12-19;2025-12-18;2025-12-17;2025-12-16;2025-12-15;2025-12-12;2025-12-11;2025-12-10;2025-12-09;2025-12-08;2025-12-05;2025-12-04;2025-12-03;2025-12-02,2025-12-21,8522.034826253916,9743.76369939085,9722.034826253916,19.724965682870355,24.464925142467365,8.765870515206343,17.907053873011968,96958.87696278676,1204.474268249044,4455.805563237594,62032.71559184508,4637.145161314248,66669.86075315933,64997.7037620513,64997.703697053534,45647.5084711995,1564.0931514179622,lexicographic,0.36763799999607727,0.0,1,0
2025-12-23,False,2,1.0,10,0.8,14,2025-12-09;2025-12-16,2025-12-09;2025-12-16;2025-01-07;2025-01-14;2025-12-02;2025-01-21;2025-01-28;2025-02-04;2025-12-15;2025-12-17,2025-12-22;2025-12-19;2025-12-18;2025-12-17;2025-12-16;2025-12-15;2025-12-12;2025-12-11;2025-12-10;2025-12-09;2025-12-08;2025-12-05;2025-12-04;2025-12-03,2025-12-22,8500.305953116966,9722.034826253916,9700.305953116966,17.804748842592588,22.31700989593094,11.331030623949232,24.06174745293032,96519.84681811777,516.4188313560842,5001.352554405899,61811.31509731208,1587.5359190756603,63398.851016387736,64826.998470621475,64826.99840579438,45711.35362308513,1565.1392453615472,lexicographic,0.32059109999681823,0.0,1,0
2025-12-24,False,2,1.0,10,0.8,14,2025-12-10;2025-12-17,2025-12-10;2025-12-17;2025-12-03;2025-01-15;2025-01-08;2025-01-29;2025-12-18;2025-12-11;2025-12-04;2025-01-22,2025-12-23;2025-12-22;2025-12-19;2025-12-18;2025-12-17;2025-12-16;2025-12-15;2025-12-12;2025-12-11;2025-12-10;2025-12-09;2025-12-08;2025-12-05;2025-12-04,2025-12-23,8478.577079980028,9700.305953116966,9678.577079980028,17.81412858796296,22.391528788349103,11.815311260197706,25.07735502583731,95151.215093362,921.9585405516586,3443.606860447683,60765.41259967109,3887.439272203621,64652.851871874715,63834.21703921739,63834.216975383046,45694.081412911786,1548.015963164015,lexicographic,0.2732325999822933,0.0,1,0
2025-12-25,False,2,1.0,10,0.8,14,2025-12-11;2025-12-04,2025-12-11;2025-12-04;2025-01-09;2025-12-18;2025-01-16;2025-01-23;2025-01-02;2025-12-24;2025-02-06;2025-01-30,2025-12-24;2025-12-23;2025-12-22;2025-12-19;2025-12-18;2025-12-17;2025-12-16;2025-12-15;2025-12-12;2025-12-11;2025-12-10;2025-12-09;2025-12-08;2025-12-05,2025-12-24,8456.84820684308,9678.577079980028,9656.84820684308,21.046116377314817,27.086051642550053,14.845989953976279,34.0014397722785,95654.01481362552,1229.4674538053055,4249.814311809759,61456.71676113152,3731.7865744435753,65188.5033355751,64610.05890208904,64610.05883747892,46134.31118940699,1530.9387500001292,lexicographic,0.26308920001611114,0.0,1,0
2025-12-26,False,2,1.0,10,0.8,14,2025-12-12;2025-12-19,2025-12-12;2025-12-19;2025-01-10;2025-01-24;2025-01-03;2025-01-17;2025-12-05;2025-02-07;2025-12-18;2025-01-31,2025-12-25;2025-12-24;2025-12-23;2025-12-22;2025-12-19;2025-12-18;2025-12-17;2025-12-16;2025-12-15;2025-12-12;2025-12-11;2025-12-10;2025-12-09;2025-12-08,2025-12-25,8435.119333706132,9656.84820684308,9635.119333706132,18.383229571759255,22.856137728082185,12.60958223410435,28.46233114327622,49785.29336815605,809.0817452769732,3545.782610274963,25903.168264848522,2715.1084171021375,28618.276681950658,28700.508393050404,28700.508364349935,38701.409463311895,1349.811697714958,lexicographic,0.8272254000185058,2.535131964150568e-16,1,0
2025-12-27,False,2,1.0,10,0.8,14,2025-12-20;2025-12-06,2025-12-20;2025-12-06;2025-12-13;2025-01-11;2025-01-18;2025-01-04;2025-01-25;2025-02-01;2025-02-08;2025-02-15,2025-12-21;2025-12-20;2025-12-14;2025-12-13;2025-12-07;2025-12-06;2025-11-30;2025-11-29;2025-11-23;2025-11-22;2025-11-16;2025-11-15;2025-11-09;2025-11-08,2025-12-26,8413.390460569195,9635.119333706132,9613.390460569195,22.47513113425926,27.309879200912242,11.099135590216898,22.962572908119622,53410.91895666972,706.9336430506601,6624.372825863709,28187.74932545205,2956.1301948092146,31143.879520261264,31628.767461767497,31628.767430138756,39784.55764031787,1366.9902950255246,lexicographic,1.0160109999997076,0.0,1,0
2025-12-28,False,2,1.0,10,0.8,14,2025-12-21;2025-12-14,2025-12-21;2025-12-14;2025-12-07;2025-01-12;2025-01-19;2025-01-05;2025-01-26;2025-02-02;2025-11-30;2025-02-09,2025-12-27;2025-12-21;2025-12-20;2025-12-14;2025-12-13;2025-12-07;2025-12-06;2025-11-30;2025-11-29;2025-11-23;2025-11-22;2025-11-16;2025-11-15;2025-11-09,2025-12-27,8391.661587432245,9613.390460569195,9591.661587432245,23.266688715277773,27.72935914782176,16.021824870416495,32.81288870011357,99364.93620171984,859.3315416666667,8562.491639463557,63932.24032700711,3192.4173088666676,67124.65763587378,67583.95961867453,67583.95955109056,46432.50327498453,1666.9339224032512,lexicographic,0.5811047999886796,0.0,1,0
2025-12-29,False,2,1.0,10,0.8,14,2025-12-22;2025-12-15,2025-12-22;2025-12-15;2025-01-13;2025-12-08;2025-01-06;2025-01-20;2025-01-27;2025-02-10;2025-02-03;2025-12-01,2025-12-26;2025-12-25;2025-12-24;2025-12-23;2025-12-22;2025-12-19;2025-12-18;2025-12-17;2025-12-16;2025-12-15;2025-12-12;2025-12-11;2025-12-10;2025-12-09,2025-12-28,8386.069421654118,9591.661587432245,9586.069421654118,20.341561689814814,25.742361359656126,10.654707610714103,21.932788286756825,96376.72650947748,786.685446257317,4814.074040622182,61540.40190733473,2711.4781095820726,64251.8800169168,64812.91456981506,64812.914505002096,46022.89780046209,1592.5484168199093,lexicographic,0.6179795999778435,0.0,1,0
2025-12-30,False,2,1.0,10,0.8,14,2025-12-23;2025-12-09,2025-12-23;2025-12-09;2025-12-16;2025-01-07;2025-01-14;2025-01-21;2025-01-28;2025-12-02;2025-02-04;2025-12-24,2025-12-29;2025-12-26;2025-12-25;2025-12-24;2025-12-23;2025-12-22;2025-12-19;2025-12-18;2025-12-17;2025-12-16;2025-12-15;2025-12-12;2025-12-11;2025-12-10,2025-12-29,8380.477255875989,9586.069421654118,9580.477255875989,19.358311979166672,23.85583381761642,16.061049579055634,34.05071918796653,95617.05396984586,754.0382064916087,5306.780285019928,61211.438715092394,2665.470554712446,63876.90926980484,64380.64291607571,64380.642851695,46159.482714133715,1544.251186190265,lexicographic,0.5584993000084069,0.0,1,0
2025-12-31,False,2,1.0,10,0.8,14,2025-12-24;2025-12-10,2025-12-24;2025-12-10;2025-01-15;2025-12-03;2025-12-17;2025-01-29;2025-01-08;2025-01-22;2025-02-05;2025-12-25,2025-12-30;2025-12-29;2025-12-26;2025-12-25;2025-12-24;2025-12-23;2025-12-22;2025-12-19;2025-12-18;2025-12-17;2025-12-16;2025-12-15;2025-12-12;2025-12-11,2025-12-30,8374.885090097858,9580.477255875989,9574.885090097858,22.535337037037042,28.47149613153722,9.76689073323345,21.725902412278398,95395.07699364584,1321.4274976359839,3258.878836436883,60806.389450409646,5250.499347710796,66056.88879812045,64025.55068676449,64025.55062273889,45886.014864929806,1549.8009643808264,lexicographic,0.5539562999911141,0.0,1,0
